ISO-10303-21;
HEADER;
/* Generated by software containing ST-Developer
 * from STEP Tools, Inc. (www.steptools.com) 
 */

FILE_DESCRIPTION(
/* description */ (''),
/* implementation_level */ '2;1');

FILE_NAME(
/* name */ '13. Handguard Rail Top Long.step',
/* time_stamp */ '2025-10-08T23:22:19+01:00',
/* author */ (''),
/* organization */ (''),
/* preprocessor_version */ 'ST-DEVELOPER v20.1',
/* originating_system */ 'Autodesk Translation Framework v14.10.0.0',
/* authorisation */ '');

FILE_SCHEMA (('AUTOMOTIVE_DESIGN { 1 0 10303 214 3 1 1 }'));
ENDSEC;

DATA;
#10=MECHANICAL_DESIGN_GEOMETRIC_PRESENTATION_REPRESENTATION('',(#13),#4486);
#11=SHAPE_REPRESENTATION_RELATIONSHIP('SRR','None',#4493,#12);
#12=ADVANCED_BREP_SHAPE_REPRESENTATION('',(#14),#4485);
#13=STYLED_ITEM('',(#4503),#14);
#14=MANIFOLD_SOLID_BREP('13. Handguard Rail Top Long',#2814);
#15=FACE_BOUND('',#303,.T.);
#16=FACE_BOUND('',#304,.T.);
#17=FACE_BOUND('',#305,.T.);
#18=FACE_BOUND('',#339,.T.);
#19=FACE_BOUND('',#352,.T.);
#20=FACE_BOUND('',#353,.T.);
#21=FACE_BOUND('',#354,.T.);
#22=FACE_BOUND('',#355,.T.);
#23=FACE_BOUND('',#356,.T.);
#24=FACE_BOUND('',#360,.T.);
#25=FACE_BOUND('',#362,.T.);
#26=FACE_BOUND('',#366,.T.);
#27=FACE_BOUND('',#367,.T.);
#28=FACE_BOUND('',#372,.T.);
#29=FACE_BOUND('',#376,.T.);
#30=FACE_BOUND('',#382,.T.);
#31=FACE_BOUND('',#422,.T.);
#32=PLANE('',#2831);
#33=PLANE('',#2834);
#34=PLANE('',#2835);
#35=PLANE('',#2836);
#36=PLANE('',#2837);
#37=PLANE('',#2838);
#38=PLANE('',#2839);
#39=PLANE('',#2840);
#40=PLANE('',#2841);
#41=PLANE('',#2842);
#42=PLANE('',#2843);
#43=PLANE('',#2844);
#44=PLANE('',#2845);
#45=PLANE('',#2846);
#46=PLANE('',#2847);
#47=PLANE('',#2848);
#48=PLANE('',#2849);
#49=PLANE('',#2850);
#50=PLANE('',#2851);
#51=PLANE('',#2852);
#52=PLANE('',#2856);
#53=PLANE('',#2860);
#54=PLANE('',#2861);
#55=PLANE('',#2862);
#56=PLANE('',#2863);
#57=PLANE('',#2864);
#58=PLANE('',#2865);
#59=PLANE('',#2866);
#60=PLANE('',#2867);
#61=PLANE('',#2873);
#62=PLANE('',#2874);
#63=PLANE('',#2875);
#64=PLANE('',#2876);
#65=PLANE('',#2877);
#66=PLANE('',#2878);
#67=PLANE('',#2879);
#68=PLANE('',#2880);
#69=PLANE('',#2881);
#70=PLANE('',#2882);
#71=PLANE('',#2883);
#72=PLANE('',#2884);
#73=PLANE('',#2885);
#74=PLANE('',#2887);
#75=PLANE('',#2888);
#76=PLANE('',#2889);
#77=PLANE('',#2890);
#78=PLANE('',#2895);
#79=PLANE('',#2905);
#80=PLANE('',#2906);
#81=PLANE('',#2910);
#82=PLANE('',#2911);
#83=PLANE('',#2912);
#84=PLANE('',#2913);
#85=PLANE('',#2914);
#86=PLANE('',#2915);
#87=PLANE('',#2916);
#88=PLANE('',#2917);
#89=PLANE('',#2918);
#90=PLANE('',#2919);
#91=PLANE('',#2920);
#92=PLANE('',#2921);
#93=PLANE('',#2922);
#94=PLANE('',#2923);
#95=PLANE('',#2924);
#96=PLANE('',#2925);
#97=PLANE('',#2926);
#98=PLANE('',#2927);
#99=PLANE('',#2928);
#100=PLANE('',#2929);
#101=PLANE('',#2930);
#102=PLANE('',#2931);
#103=PLANE('',#2932);
#104=PLANE('',#2933);
#105=PLANE('',#2934);
#106=PLANE('',#2935);
#107=PLANE('',#2936);
#108=PLANE('',#2937);
#109=PLANE('',#2938);
#110=PLANE('',#2939);
#111=PLANE('',#2940);
#112=PLANE('',#2941);
#113=PLANE('',#2942);
#114=PLANE('',#2943);
#115=PLANE('',#2944);
#116=PLANE('',#2945);
#117=PLANE('',#2946);
#118=PLANE('',#2947);
#119=PLANE('',#2948);
#120=PLANE('',#2949);
#121=PLANE('',#2950);
#122=PLANE('',#2951);
#123=PLANE('',#2952);
#124=PLANE('',#2953);
#125=PLANE('',#2954);
#126=PLANE('',#2955);
#127=PLANE('',#2956);
#128=PLANE('',#2957);
#129=PLANE('',#2958);
#130=PLANE('',#2959);
#131=PLANE('',#2960);
#132=PLANE('',#2961);
#133=PLANE('',#2962);
#134=PLANE('',#2963);
#135=PLANE('',#2964);
#136=PLANE('',#2965);
#137=PLANE('',#2966);
#138=PLANE('',#2967);
#139=PLANE('',#2968);
#140=PLANE('',#2969);
#141=PLANE('',#2970);
#142=PLANE('',#2971);
#143=PLANE('',#2972);
#144=PLANE('',#2973);
#145=PLANE('',#2974);
#146=PLANE('',#2975);
#147=PLANE('',#2976);
#148=PLANE('',#2977);
#149=PLANE('',#2978);
#150=PLANE('',#2979);
#151=PLANE('',#2980);
#152=PLANE('',#2981);
#153=PLANE('',#2982);
#154=PLANE('',#2983);
#155=PLANE('',#2984);
#156=PLANE('',#2985);
#157=PLANE('',#2986);
#158=PLANE('',#2987);
#159=PLANE('',#2988);
#160=PLANE('',#2989);
#161=FACE_OUTER_BOUND('',#301,.T.);
#162=FACE_OUTER_BOUND('',#302,.T.);
#163=FACE_OUTER_BOUND('',#306,.T.);
#164=FACE_OUTER_BOUND('',#307,.T.);
#165=FACE_OUTER_BOUND('',#308,.T.);
#166=FACE_OUTER_BOUND('',#309,.T.);
#167=FACE_OUTER_BOUND('',#310,.T.);
#168=FACE_OUTER_BOUND('',#311,.T.);
#169=FACE_OUTER_BOUND('',#312,.T.);
#170=FACE_OUTER_BOUND('',#313,.T.);
#171=FACE_OUTER_BOUND('',#314,.T.);
#172=FACE_OUTER_BOUND('',#315,.T.);
#173=FACE_OUTER_BOUND('',#316,.T.);
#174=FACE_OUTER_BOUND('',#317,.T.);
#175=FACE_OUTER_BOUND('',#318,.T.);
#176=FACE_OUTER_BOUND('',#319,.T.);
#177=FACE_OUTER_BOUND('',#320,.T.);
#178=FACE_OUTER_BOUND('',#321,.T.);
#179=FACE_OUTER_BOUND('',#322,.T.);
#180=FACE_OUTER_BOUND('',#323,.T.);
#181=FACE_OUTER_BOUND('',#324,.T.);
#182=FACE_OUTER_BOUND('',#325,.T.);
#183=FACE_OUTER_BOUND('',#326,.T.);
#184=FACE_OUTER_BOUND('',#327,.T.);
#185=FACE_OUTER_BOUND('',#328,.T.);
#186=FACE_OUTER_BOUND('',#329,.T.);
#187=FACE_OUTER_BOUND('',#330,.T.);
#188=FACE_OUTER_BOUND('',#331,.T.);
#189=FACE_OUTER_BOUND('',#332,.T.);
#190=FACE_OUTER_BOUND('',#333,.T.);
#191=FACE_OUTER_BOUND('',#334,.T.);
#192=FACE_OUTER_BOUND('',#335,.T.);
#193=FACE_OUTER_BOUND('',#336,.T.);
#194=FACE_OUTER_BOUND('',#337,.T.);
#195=FACE_OUTER_BOUND('',#338,.T.);
#196=FACE_OUTER_BOUND('',#340,.T.);
#197=FACE_OUTER_BOUND('',#341,.T.);
#198=FACE_OUTER_BOUND('',#342,.T.);
#199=FACE_OUTER_BOUND('',#343,.T.);
#200=FACE_OUTER_BOUND('',#344,.T.);
#201=FACE_OUTER_BOUND('',#345,.T.);
#202=FACE_OUTER_BOUND('',#346,.T.);
#203=FACE_OUTER_BOUND('',#347,.T.);
#204=FACE_OUTER_BOUND('',#348,.T.);
#205=FACE_OUTER_BOUND('',#349,.T.);
#206=FACE_OUTER_BOUND('',#350,.T.);
#207=FACE_OUTER_BOUND('',#351,.T.);
#208=FACE_OUTER_BOUND('',#357,.T.);
#209=FACE_OUTER_BOUND('',#358,.T.);
#210=FACE_OUTER_BOUND('',#359,.T.);
#211=FACE_OUTER_BOUND('',#361,.T.);
#212=FACE_OUTER_BOUND('',#363,.T.);
#213=FACE_OUTER_BOUND('',#364,.T.);
#214=FACE_OUTER_BOUND('',#365,.T.);
#215=FACE_OUTER_BOUND('',#368,.T.);
#216=FACE_OUTER_BOUND('',#369,.T.);
#217=FACE_OUTER_BOUND('',#370,.T.);
#218=FACE_OUTER_BOUND('',#371,.T.);
#219=FACE_OUTER_BOUND('',#373,.T.);
#220=FACE_OUTER_BOUND('',#374,.T.);
#221=FACE_OUTER_BOUND('',#375,.T.);
#222=FACE_OUTER_BOUND('',#377,.T.);
#223=FACE_OUTER_BOUND('',#378,.T.);
#224=FACE_OUTER_BOUND('',#379,.T.);
#225=FACE_OUTER_BOUND('',#380,.T.);
#226=FACE_OUTER_BOUND('',#381,.T.);
#227=FACE_OUTER_BOUND('',#383,.T.);
#228=FACE_OUTER_BOUND('',#384,.T.);
#229=FACE_OUTER_BOUND('',#385,.T.);
#230=FACE_OUTER_BOUND('',#386,.T.);
#231=FACE_OUTER_BOUND('',#387,.T.);
#232=FACE_OUTER_BOUND('',#388,.T.);
#233=FACE_OUTER_BOUND('',#389,.T.);
#234=FACE_OUTER_BOUND('',#390,.T.);
#235=FACE_OUTER_BOUND('',#391,.T.);
#236=FACE_OUTER_BOUND('',#392,.T.);
#237=FACE_OUTER_BOUND('',#393,.T.);
#238=FACE_OUTER_BOUND('',#394,.T.);
#239=FACE_OUTER_BOUND('',#395,.T.);
#240=FACE_OUTER_BOUND('',#396,.T.);
#241=FACE_OUTER_BOUND('',#397,.T.);
#242=FACE_OUTER_BOUND('',#398,.T.);
#243=FACE_OUTER_BOUND('',#399,.T.);
#244=FACE_OUTER_BOUND('',#400,.T.);
#245=FACE_OUTER_BOUND('',#401,.T.);
#246=FACE_OUTER_BOUND('',#402,.T.);
#247=FACE_OUTER_BOUND('',#403,.T.);
#248=FACE_OUTER_BOUND('',#404,.T.);
#249=FACE_OUTER_BOUND('',#405,.T.);
#250=FACE_OUTER_BOUND('',#406,.T.);
#251=FACE_OUTER_BOUND('',#407,.T.);
#252=FACE_OUTER_BOUND('',#408,.T.);
#253=FACE_OUTER_BOUND('',#409,.T.);
#254=FACE_OUTER_BOUND('',#410,.T.);
#255=FACE_OUTER_BOUND('',#411,.T.);
#256=FACE_OUTER_BOUND('',#412,.T.);
#257=FACE_OUTER_BOUND('',#413,.T.);
#258=FACE_OUTER_BOUND('',#414,.T.);
#259=FACE_OUTER_BOUND('',#415,.T.);
#260=FACE_OUTER_BOUND('',#416,.T.);
#261=FACE_OUTER_BOUND('',#417,.T.);
#262=FACE_OUTER_BOUND('',#418,.T.);
#263=FACE_OUTER_BOUND('',#419,.T.);
#264=FACE_OUTER_BOUND('',#420,.T.);
#265=FACE_OUTER_BOUND('',#421,.T.);
#266=FACE_OUTER_BOUND('',#423,.T.);
#267=FACE_OUTER_BOUND('',#424,.T.);
#268=FACE_OUTER_BOUND('',#425,.T.);
#269=FACE_OUTER_BOUND('',#426,.T.);
#270=FACE_OUTER_BOUND('',#427,.T.);
#271=FACE_OUTER_BOUND('',#428,.T.);
#272=FACE_OUTER_BOUND('',#429,.T.);
#273=FACE_OUTER_BOUND('',#430,.T.);
#274=FACE_OUTER_BOUND('',#431,.T.);
#275=FACE_OUTER_BOUND('',#432,.T.);
#276=FACE_OUTER_BOUND('',#433,.T.);
#277=FACE_OUTER_BOUND('',#434,.T.);
#278=FACE_OUTER_BOUND('',#435,.T.);
#279=FACE_OUTER_BOUND('',#436,.T.);
#280=FACE_OUTER_BOUND('',#437,.T.);
#281=FACE_OUTER_BOUND('',#438,.T.);
#282=FACE_OUTER_BOUND('',#439,.T.);
#283=FACE_OUTER_BOUND('',#440,.T.);
#284=FACE_OUTER_BOUND('',#441,.T.);
#285=FACE_OUTER_BOUND('',#442,.T.);
#286=FACE_OUTER_BOUND('',#443,.T.);
#287=FACE_OUTER_BOUND('',#444,.T.);
#288=FACE_OUTER_BOUND('',#445,.T.);
#289=FACE_OUTER_BOUND('',#446,.T.);
#290=FACE_OUTER_BOUND('',#447,.T.);
#291=FACE_OUTER_BOUND('',#448,.T.);
#292=FACE_OUTER_BOUND('',#449,.T.);
#293=FACE_OUTER_BOUND('',#450,.T.);
#294=FACE_OUTER_BOUND('',#451,.T.);
#295=FACE_OUTER_BOUND('',#452,.T.);
#296=FACE_OUTER_BOUND('',#453,.T.);
#297=FACE_OUTER_BOUND('',#454,.T.);
#298=FACE_OUTER_BOUND('',#455,.T.);
#299=FACE_OUTER_BOUND('',#456,.T.);
#300=FACE_OUTER_BOUND('',#457,.T.);
#301=EDGE_LOOP('',(#1877,#1878,#1879,#1880));
#302=EDGE_LOOP('',(#1881,#1882,#1883,#1884));
#303=EDGE_LOOP('',(#1885));
#304=EDGE_LOOP('',(#1886));
#305=EDGE_LOOP('',(#1887));
#306=EDGE_LOOP('',(#1888,#1889,#1890,#1891,#1892,#1893,#1894,#1895));
#307=EDGE_LOOP('',(#1896,#1897,#1898,#1899,#1900));
#308=EDGE_LOOP('',(#1901,#1902,#1903,#1904,#1905));
#309=EDGE_LOOP('',(#1906,#1907,#1908,#1909));
#310=EDGE_LOOP('',(#1910,#1911,#1912,#1913));
#311=EDGE_LOOP('',(#1914,#1915,#1916,#1917));
#312=EDGE_LOOP('',(#1918,#1919,#1920,#1921));
#313=EDGE_LOOP('',(#1922,#1923,#1924,#1925));
#314=EDGE_LOOP('',(#1926,#1927,#1928,#1929));
#315=EDGE_LOOP('',(#1930,#1931,#1932,#1933));
#316=EDGE_LOOP('',(#1934,#1935,#1936,#1937));
#317=EDGE_LOOP('',(#1938,#1939,#1940,#1941));
#318=EDGE_LOOP('',(#1942,#1943,#1944,#1945));
#319=EDGE_LOOP('',(#1946,#1947,#1948,#1949));
#320=EDGE_LOOP('',(#1950,#1951,#1952,#1953));
#321=EDGE_LOOP('',(#1954,#1955,#1956,#1957,#1958,#1959,#1960,#1961,#1962,
#1963,#1964,#1965));
#322=EDGE_LOOP('',(#1966,#1967,#1968,#1969));
#323=EDGE_LOOP('',(#1970,#1971,#1972,#1973));
#324=EDGE_LOOP('',(#1974,#1975,#1976,#1977));
#325=EDGE_LOOP('',(#1978,#1979,#1980,#1981));
#326=EDGE_LOOP('',(#1982,#1983,#1984,#1985));
#327=EDGE_LOOP('',(#1986,#1987,#1988,#1989));
#328=EDGE_LOOP('',(#1990,#1991,#1992,#1993));
#329=EDGE_LOOP('',(#1994,#1995,#1996,#1997,#1998,#1999,#2000));
#330=EDGE_LOOP('',(#2001,#2002,#2003,#2004));
#331=EDGE_LOOP('',(#2005,#2006,#2007,#2008));
#332=EDGE_LOOP('',(#2009,#2010,#2011,#2012));
#333=EDGE_LOOP('',(#2013,#2014,#2015,#2016));
#334=EDGE_LOOP('',(#2017,#2018,#2019,#2020));
#335=EDGE_LOOP('',(#2021,#2022,#2023,#2024,#2025,#2026));
#336=EDGE_LOOP('',(#2027,#2028,#2029,#2030));
#337=EDGE_LOOP('',(#2031,#2032,#2033,#2034));
#338=EDGE_LOOP('',(#2035,#2036,#2037,#2038));
#339=EDGE_LOOP('',(#2039));
#340=EDGE_LOOP('',(#2040,#2041,#2042,#2043));
#341=EDGE_LOOP('',(#2044,#2045,#2046,#2047,#2048,#2049));
#342=EDGE_LOOP('',(#2050,#2051,#2052,#2053));
#343=EDGE_LOOP('',(#2054,#2055,#2056,#2057,#2058,#2059));
#344=EDGE_LOOP('',(#2060,#2061,#2062,#2063));
#345=EDGE_LOOP('',(#2064,#2065,#2066,#2067));
#346=EDGE_LOOP('',(#2068,#2069,#2070,#2071));
#347=EDGE_LOOP('',(#2072,#2073,#2074,#2075,#2076,#2077));
#348=EDGE_LOOP('',(#2078,#2079,#2080,#2081));
#349=EDGE_LOOP('',(#2082,#2083,#2084,#2085,#2086,#2087));
#350=EDGE_LOOP('',(#2088,#2089,#2090,#2091));
#351=EDGE_LOOP('',(#2092,#2093,#2094,#2095));
#352=EDGE_LOOP('',(#2096,#2097,#2098,#2099,#2100,#2101,#2102,#2103,#2104,
#2105,#2106,#2107));
#353=EDGE_LOOP('',(#2108,#2109,#2110,#2111,#2112,#2113,#2114));
#354=EDGE_LOOP('',(#2115,#2116,#2117,#2118));
#355=EDGE_LOOP('',(#2119));
#356=EDGE_LOOP('',(#2120));
#357=EDGE_LOOP('',(#2121,#2122,#2123,#2124));
#358=EDGE_LOOP('',(#2125,#2126,#2127,#2128));
#359=EDGE_LOOP('',(#2129));
#360=EDGE_LOOP('',(#2130));
#361=EDGE_LOOP('',(#2131));
#362=EDGE_LOOP('',(#2132));
#363=EDGE_LOOP('',(#2133,#2134,#2135,#2136));
#364=EDGE_LOOP('',(#2137,#2138,#2139,#2140));
#365=EDGE_LOOP('',(#2141,#2142,#2143,#2144));
#366=EDGE_LOOP('',(#2145));
#367=EDGE_LOOP('',(#2146));
#368=EDGE_LOOP('',(#2147,#2148,#2149,#2150));
#369=EDGE_LOOP('',(#2151,#2152,#2153,#2154));
#370=EDGE_LOOP('',(#2155,#2156,#2157,#2158));
#371=EDGE_LOOP('',(#2159));
#372=EDGE_LOOP('',(#2160));
#373=EDGE_LOOP('',(#2161,#2162,#2163,#2164,#2165,#2166,#2167,#2168,#2169,
#2170,#2171,#2172,#2173,#2174,#2175,#2176,#2177,#2178,#2179,#2180,#2181,
#2182,#2183,#2184,#2185,#2186,#2187,#2188,#2189,#2190,#2191,#2192,#2193,
#2194,#2195,#2196,#2197,#2198,#2199,#2200,#2201,#2202,#2203,#2204,#2205,
#2206,#2207,#2208,#2209,#2210,#2211,#2212,#2213,#2214,#2215,#2216,#2217,
#2218,#2219,#2220,#2221,#2222,#2223,#2224));
#374=EDGE_LOOP('',(#2225,#2226,#2227,#2228));
#375=EDGE_LOOP('',(#2229));
#376=EDGE_LOOP('',(#2230));
#377=EDGE_LOOP('',(#2231,#2232,#2233,#2234));
#378=EDGE_LOOP('',(#2235,#2236,#2237,#2238));
#379=EDGE_LOOP('',(#2239,#2240,#2241,#2242,#2243,#2244,#2245,#2246,#2247,
#2248,#2249,#2250,#2251,#2252,#2253,#2254,#2255,#2256,#2257,#2258,#2259,
#2260,#2261,#2262,#2263,#2264,#2265,#2266,#2267,#2268,#2269,#2270,#2271,
#2272,#2273,#2274,#2275,#2276,#2277,#2278,#2279,#2280,#2281,#2282,#2283,
#2284,#2285,#2286,#2287,#2288,#2289,#2290,#2291,#2292,#2293,#2294,#2295,
#2296,#2297,#2298,#2299,#2300,#2301,#2302));
#380=EDGE_LOOP('',(#2303,#2304,#2305,#2306));
#381=EDGE_LOOP('',(#2307,#2308,#2309,#2310));
#382=EDGE_LOOP('',(#2311));
#383=EDGE_LOOP('',(#2312,#2313,#2314,#2315));
#384=EDGE_LOOP('',(#2316,#2317,#2318,#2319,#2320,#2321));
#385=EDGE_LOOP('',(#2322,#2323,#2324,#2325));
#386=EDGE_LOOP('',(#2326,#2327,#2328,#2329,#2330,#2331));
#387=EDGE_LOOP('',(#2332,#2333,#2334,#2335));
#388=EDGE_LOOP('',(#2336,#2337,#2338,#2339));
#389=EDGE_LOOP('',(#2340,#2341,#2342,#2343));
#390=EDGE_LOOP('',(#2344,#2345,#2346,#2347,#2348,#2349));
#391=EDGE_LOOP('',(#2350,#2351,#2352,#2353));
#392=EDGE_LOOP('',(#2354,#2355,#2356,#2357,#2358,#2359));
#393=EDGE_LOOP('',(#2360,#2361,#2362,#2363,#2364,#2365));
#394=EDGE_LOOP('',(#2366,#2367,#2368,#2369));
#395=EDGE_LOOP('',(#2370,#2371,#2372,#2373,#2374,#2375));
#396=EDGE_LOOP('',(#2376,#2377,#2378,#2379));
#397=EDGE_LOOP('',(#2380,#2381,#2382,#2383));
#398=EDGE_LOOP('',(#2384,#2385,#2386,#2387));
#399=EDGE_LOOP('',(#2388,#2389,#2390,#2391,#2392,#2393));
#400=EDGE_LOOP('',(#2394,#2395,#2396,#2397));
#401=EDGE_LOOP('',(#2398,#2399,#2400,#2401,#2402,#2403));
#402=EDGE_LOOP('',(#2404,#2405,#2406,#2407));
#403=EDGE_LOOP('',(#2408,#2409,#2410,#2411));
#404=EDGE_LOOP('',(#2412,#2413,#2414,#2415));
#405=EDGE_LOOP('',(#2416,#2417,#2418,#2419,#2420,#2421));
#406=EDGE_LOOP('',(#2422,#2423,#2424,#2425));
#407=EDGE_LOOP('',(#2426,#2427,#2428,#2429,#2430,#2431));
#408=EDGE_LOOP('',(#2432,#2433,#2434,#2435));
#409=EDGE_LOOP('',(#2436,#2437,#2438,#2439));
#410=EDGE_LOOP('',(#2440,#2441,#2442,#2443));
#411=EDGE_LOOP('',(#2444,#2445,#2446,#2447,#2448,#2449));
#412=EDGE_LOOP('',(#2450,#2451,#2452,#2453));
#413=EDGE_LOOP('',(#2454,#2455,#2456,#2457,#2458,#2459));
#414=EDGE_LOOP('',(#2460,#2461,#2462,#2463));
#415=EDGE_LOOP('',(#2464,#2465,#2466,#2467));
#416=EDGE_LOOP('',(#2468,#2469,#2470,#2471));
#417=EDGE_LOOP('',(#2472,#2473,#2474,#2475,#2476,#2477));
#418=EDGE_LOOP('',(#2478,#2479,#2480,#2481));
#419=EDGE_LOOP('',(#2482,#2483,#2484,#2485,#2486,#2487));
#420=EDGE_LOOP('',(#2488,#2489,#2490,#2491));
#421=EDGE_LOOP('',(#2492,#2493,#2494,#2495));
#422=EDGE_LOOP('',(#2496));
#423=EDGE_LOOP('',(#2497,#2498,#2499,#2500));
#424=EDGE_LOOP('',(#2501,#2502,#2503,#2504));
#425=EDGE_LOOP('',(#2505,#2506,#2507,#2508));
#426=EDGE_LOOP('',(#2509,#2510,#2511,#2512));
#427=EDGE_LOOP('',(#2513,#2514,#2515,#2516,#2517,#2518));
#428=EDGE_LOOP('',(#2519,#2520,#2521,#2522));
#429=EDGE_LOOP('',(#2523,#2524,#2525,#2526,#2527,#2528));
#430=EDGE_LOOP('',(#2529,#2530,#2531,#2532));
#431=EDGE_LOOP('',(#2533,#2534,#2535,#2536));
#432=EDGE_LOOP('',(#2537,#2538,#2539,#2540));
#433=EDGE_LOOP('',(#2541,#2542,#2543,#2544,#2545,#2546));
#434=EDGE_LOOP('',(#2547,#2548,#2549,#2550));
#435=EDGE_LOOP('',(#2551,#2552,#2553,#2554,#2555,#2556));
#436=EDGE_LOOP('',(#2557,#2558,#2559,#2560,#2561,#2562));
#437=EDGE_LOOP('',(#2563,#2564,#2565,#2566,#2567,#2568));
#438=EDGE_LOOP('',(#2569,#2570,#2571,#2572));
#439=EDGE_LOOP('',(#2573,#2574,#2575,#2576));
#440=EDGE_LOOP('',(#2577,#2578,#2579,#2580));
#441=EDGE_LOOP('',(#2581,#2582,#2583,#2584,#2585,#2586,#2587,#2588));
#442=EDGE_LOOP('',(#2589,#2590,#2591,#2592));
#443=EDGE_LOOP('',(#2593,#2594,#2595,#2596,#2597,#2598));
#444=EDGE_LOOP('',(#2599,#2600,#2601,#2602));
#445=EDGE_LOOP('',(#2603,#2604,#2605,#2606,#2607,#2608));
#446=EDGE_LOOP('',(#2609,#2610,#2611,#2612));
#447=EDGE_LOOP('',(#2613,#2614,#2615,#2616,#2617,#2618));
#448=EDGE_LOOP('',(#2619,#2620,#2621,#2622));
#449=EDGE_LOOP('',(#2623,#2624,#2625,#2626,#2627,#2628));
#450=EDGE_LOOP('',(#2629,#2630,#2631,#2632));
#451=EDGE_LOOP('',(#2633,#2634,#2635,#2636,#2637,#2638));
#452=EDGE_LOOP('',(#2639,#2640,#2641,#2642));
#453=EDGE_LOOP('',(#2643,#2644,#2645,#2646));
#454=EDGE_LOOP('',(#2647,#2648,#2649,#2650));
#455=EDGE_LOOP('',(#2651,#2652,#2653,#2654));
#456=EDGE_LOOP('',(#2655,#2656,#2657,#2658));
#457=EDGE_LOOP('',(#2659,#2660,#2661,#2662));
#458=LINE('',#3692,#829);
#459=LINE('',#3697,#830);
#460=LINE('',#3699,#831);
#461=LINE('',#3701,#832);
#462=LINE('',#3702,#833);
#463=LINE('',#3709,#834);
#464=LINE('',#3711,#835);
#465=LINE('',#3713,#836);
#466=LINE('',#3715,#837);
#467=LINE('',#3717,#838);
#468=LINE('',#3719,#839);
#469=LINE('',#3720,#840);
#470=LINE('',#3723,#841);
#471=LINE('',#3725,#842);
#472=LINE('',#3726,#843);
#473=LINE('',#3729,#844);
#474=LINE('',#3731,#845);
#475=LINE('',#3732,#846);
#476=LINE('',#3736,#847);
#477=LINE('',#3738,#848);
#478=LINE('',#3740,#849);
#479=LINE('',#3741,#850);
#480=LINE('',#3744,#851);
#481=LINE('',#3746,#852);
#482=LINE('',#3747,#853);
#483=LINE('',#3750,#854);
#484=LINE('',#3752,#855);
#485=LINE('',#3753,#856);
#486=LINE('',#3756,#857);
#487=LINE('',#3758,#858);
#488=LINE('',#3759,#859);
#489=LINE('',#3762,#860);
#490=LINE('',#3764,#861);
#491=LINE('',#3765,#862);
#492=LINE('',#3768,#863);
#493=LINE('',#3770,#864);
#494=LINE('',#3771,#865);
#495=LINE('',#3774,#866);
#496=LINE('',#3776,#867);
#497=LINE('',#3777,#868);
#498=LINE('',#3780,#869);
#499=LINE('',#3782,#870);
#500=LINE('',#3783,#871);
#501=LINE('',#3786,#872);
#502=LINE('',#3788,#873);
#503=LINE('',#3789,#874);
#504=LINE('',#3792,#875);
#505=LINE('',#3794,#876);
#506=LINE('',#3795,#877);
#507=LINE('',#3798,#878);
#508=LINE('',#3800,#879);
#509=LINE('',#3801,#880);
#510=LINE('',#3803,#881);
#511=LINE('',#3804,#882);
#512=LINE('',#3809,#883);
#513=LINE('',#3811,#884);
#514=LINE('',#3813,#885);
#515=LINE('',#3814,#886);
#516=LINE('',#3817,#887);
#517=LINE('',#3819,#888);
#518=LINE('',#3820,#889);
#519=LINE('',#3823,#890);
#520=LINE('',#3825,#891);
#521=LINE('',#3826,#892);
#522=LINE('',#3831,#893);
#523=LINE('',#3835,#894);
#524=LINE('',#3837,#895);
#525=LINE('',#3838,#896);
#526=LINE('',#3843,#897);
#527=LINE('',#3846,#898);
#528=LINE('',#3847,#899);
#529=LINE('',#3852,#900);
#530=LINE('',#3854,#901);
#531=LINE('',#3856,#902);
#532=LINE('',#3857,#903);
#533=LINE('',#3860,#904);
#534=LINE('',#3862,#905);
#535=LINE('',#3863,#906);
#536=LINE('',#3866,#907);
#537=LINE('',#3868,#908);
#538=LINE('',#3869,#909);
#539=LINE('',#3871,#910);
#540=LINE('',#3872,#911);
#541=LINE('',#3877,#912);
#542=LINE('',#3879,#913);
#543=LINE('',#3881,#914);
#544=LINE('',#3883,#915);
#545=LINE('',#3885,#916);
#546=LINE('',#3886,#917);
#547=LINE('',#3890,#918);
#548=LINE('',#3895,#919);
#549=LINE('',#3899,#920);
#550=LINE('',#3901,#921);
#551=LINE('',#3902,#922);
#552=LINE('',#3905,#923);
#553=LINE('',#3906,#924);
#554=LINE('',#3910,#925);
#555=LINE('',#3912,#926);
#556=LINE('',#3914,#927);
#557=LINE('',#3916,#928);
#558=LINE('',#3918,#929);
#559=LINE('',#3919,#930);
#560=LINE('',#3923,#931);
#561=LINE('',#3924,#932);
#562=LINE('',#3925,#933);
#563=LINE('',#3928,#934);
#564=LINE('',#3929,#935);
#565=LINE('',#3930,#936);
#566=LINE('',#3933,#937);
#567=LINE('',#3935,#938);
#568=LINE('',#3936,#939);
#569=LINE('',#3939,#940);
#570=LINE('',#3940,#941);
#571=LINE('',#3943,#942);
#572=LINE('',#3944,#943);
#573=LINE('',#3948,#944);
#574=LINE('',#3950,#945);
#575=LINE('',#3952,#946);
#576=LINE('',#3954,#947);
#577=LINE('',#3956,#948);
#578=LINE('',#3957,#949);
#579=LINE('',#3961,#950);
#580=LINE('',#3962,#951);
#581=LINE('',#3963,#952);
#582=LINE('',#3965,#953);
#583=LINE('',#3966,#954);
#584=LINE('',#3968,#955);
#585=LINE('',#3969,#956);
#586=LINE('',#3971,#957);
#587=LINE('',#3975,#958);
#588=LINE('',#3977,#959);
#589=LINE('',#3985,#960);
#590=LINE('',#3987,#961);
#591=LINE('',#3989,#962);
#592=LINE('',#3997,#963);
#593=LINE('',#4001,#964);
#594=LINE('',#4006,#965);
#595=LINE('',#4011,#966);
#596=LINE('',#4013,#967);
#597=LINE('',#4015,#968);
#598=LINE('',#4017,#969);
#599=LINE('',#4019,#970);
#600=LINE('',#4021,#971);
#601=LINE('',#4023,#972);
#602=LINE('',#4025,#973);
#603=LINE('',#4027,#974);
#604=LINE('',#4029,#975);
#605=LINE('',#4031,#976);
#606=LINE('',#4033,#977);
#607=LINE('',#4035,#978);
#608=LINE('',#4037,#979);
#609=LINE('',#4039,#980);
#610=LINE('',#4041,#981);
#611=LINE('',#4043,#982);
#612=LINE('',#4045,#983);
#613=LINE('',#4047,#984);
#614=LINE('',#4049,#985);
#615=LINE('',#4051,#986);
#616=LINE('',#4053,#987);
#617=LINE('',#4055,#988);
#618=LINE('',#4057,#989);
#619=LINE('',#4059,#990);
#620=LINE('',#4061,#991);
#621=LINE('',#4063,#992);
#622=LINE('',#4065,#993);
#623=LINE('',#4067,#994);
#624=LINE('',#4069,#995);
#625=LINE('',#4071,#996);
#626=LINE('',#4073,#997);
#627=LINE('',#4075,#998);
#628=LINE('',#4077,#999);
#629=LINE('',#4079,#1000);
#630=LINE('',#4081,#1001);
#631=LINE('',#4083,#1002);
#632=LINE('',#4085,#1003);
#633=LINE('',#4087,#1004);
#634=LINE('',#4089,#1005);
#635=LINE('',#4091,#1006);
#636=LINE('',#4093,#1007);
#637=LINE('',#4095,#1008);
#638=LINE('',#4097,#1009);
#639=LINE('',#4099,#1010);
#640=LINE('',#4101,#1011);
#641=LINE('',#4103,#1012);
#642=LINE('',#4105,#1013);
#643=LINE('',#4107,#1014);
#644=LINE('',#4109,#1015);
#645=LINE('',#4111,#1016);
#646=LINE('',#4112,#1017);
#647=LINE('',#4117,#1018);
#648=LINE('',#4123,#1019);
#649=LINE('',#4125,#1020);
#650=LINE('',#4127,#1021);
#651=LINE('',#4128,#1022);
#652=LINE('',#4131,#1023);
#653=LINE('',#4133,#1024);
#654=LINE('',#4134,#1025);
#655=LINE('',#4137,#1026);
#656=LINE('',#4139,#1027);
#657=LINE('',#4141,#1028);
#658=LINE('',#4143,#1029);
#659=LINE('',#4145,#1030);
#660=LINE('',#4147,#1031);
#661=LINE('',#4149,#1032);
#662=LINE('',#4151,#1033);
#663=LINE('',#4153,#1034);
#664=LINE('',#4155,#1035);
#665=LINE('',#4157,#1036);
#666=LINE('',#4158,#1037);
#667=LINE('',#4160,#1038);
#668=LINE('',#4162,#1039);
#669=LINE('',#4164,#1040);
#670=LINE('',#4166,#1041);
#671=LINE('',#4168,#1042);
#672=LINE('',#4170,#1043);
#673=LINE('',#4172,#1044);
#674=LINE('',#4174,#1045);
#675=LINE('',#4176,#1046);
#676=LINE('',#4178,#1047);
#677=LINE('',#4180,#1048);
#678=LINE('',#4182,#1049);
#679=LINE('',#4184,#1050);
#680=LINE('',#4186,#1051);
#681=LINE('',#4188,#1052);
#682=LINE('',#4190,#1053);
#683=LINE('',#4192,#1054);
#684=LINE('',#4194,#1055);
#685=LINE('',#4196,#1056);
#686=LINE('',#4198,#1057);
#687=LINE('',#4200,#1058);
#688=LINE('',#4202,#1059);
#689=LINE('',#4204,#1060);
#690=LINE('',#4206,#1061);
#691=LINE('',#4208,#1062);
#692=LINE('',#4210,#1063);
#693=LINE('',#4212,#1064);
#694=LINE('',#4214,#1065);
#695=LINE('',#4216,#1066);
#696=LINE('',#4218,#1067);
#697=LINE('',#4220,#1068);
#698=LINE('',#4222,#1069);
#699=LINE('',#4224,#1070);
#700=LINE('',#4226,#1071);
#701=LINE('',#4228,#1072);
#702=LINE('',#4230,#1073);
#703=LINE('',#4232,#1074);
#704=LINE('',#4234,#1075);
#705=LINE('',#4235,#1076);
#706=LINE('',#4239,#1077);
#707=LINE('',#4240,#1078);
#708=LINE('',#4241,#1079);
#709=LINE('',#4245,#1080);
#710=LINE('',#4246,#1081);
#711=LINE('',#4247,#1082);
#712=LINE('',#4249,#1083);
#713=LINE('',#4250,#1084);
#714=LINE('',#4252,#1085);
#715=LINE('',#4254,#1086);
#716=LINE('',#4257,#1087);
#717=LINE('',#4259,#1088);
#718=LINE('',#4260,#1089);
#719=LINE('',#4263,#1090);
#720=LINE('',#4264,#1091);
#721=LINE('',#4267,#1092);
#722=LINE('',#4268,#1093);
#723=LINE('',#4270,#1094);
#724=LINE('',#4272,#1095);
#725=LINE('',#4274,#1096);
#726=LINE('',#4277,#1097);
#727=LINE('',#4279,#1098);
#728=LINE('',#4280,#1099);
#729=LINE('',#4282,#1100);
#730=LINE('',#4284,#1101);
#731=LINE('',#4286,#1102);
#732=LINE('',#4287,#1103);
#733=LINE('',#4289,#1104);
#734=LINE('',#4292,#1105);
#735=LINE('',#4294,#1106);
#736=LINE('',#4295,#1107);
#737=LINE('',#4298,#1108);
#738=LINE('',#4299,#1109);
#739=LINE('',#4302,#1110);
#740=LINE('',#4303,#1111);
#741=LINE('',#4305,#1112);
#742=LINE('',#4307,#1113);
#743=LINE('',#4309,#1114);
#744=LINE('',#4312,#1115);
#745=LINE('',#4314,#1116);
#746=LINE('',#4315,#1117);
#747=LINE('',#4317,#1118);
#748=LINE('',#4319,#1119);
#749=LINE('',#4322,#1120);
#750=LINE('',#4324,#1121);
#751=LINE('',#4326,#1122);
#752=LINE('',#4327,#1123);
#753=LINE('',#4329,#1124);
#754=LINE('',#4332,#1125);
#755=LINE('',#4334,#1126);
#756=LINE('',#4335,#1127);
#757=LINE('',#4338,#1128);
#758=LINE('',#4339,#1129);
#759=LINE('',#4342,#1130);
#760=LINE('',#4343,#1131);
#761=LINE('',#4345,#1132);
#762=LINE('',#4347,#1133);
#763=LINE('',#4349,#1134);
#764=LINE('',#4352,#1135);
#765=LINE('',#4354,#1136);
#766=LINE('',#4355,#1137);
#767=LINE('',#4357,#1138);
#768=LINE('',#4359,#1139);
#769=LINE('',#4362,#1140);
#770=LINE('',#4364,#1141);
#771=LINE('',#4366,#1142);
#772=LINE('',#4367,#1143);
#773=LINE('',#4369,#1144);
#774=LINE('',#4372,#1145);
#775=LINE('',#4374,#1146);
#776=LINE('',#4375,#1147);
#777=LINE('',#4378,#1148);
#778=LINE('',#4379,#1149);
#779=LINE('',#4382,#1150);
#780=LINE('',#4383,#1151);
#781=LINE('',#4385,#1152);
#782=LINE('',#4387,#1153);
#783=LINE('',#4389,#1154);
#784=LINE('',#4392,#1155);
#785=LINE('',#4394,#1156);
#786=LINE('',#4397,#1157);
#787=LINE('',#4399,#1158);
#788=LINE('',#4400,#1159);
#789=LINE('',#4403,#1160);
#790=LINE('',#4404,#1161);
#791=LINE('',#4407,#1162);
#792=LINE('',#4408,#1163);
#793=LINE('',#4410,#1164);
#794=LINE('',#4412,#1165);
#795=LINE('',#4414,#1166);
#796=LINE('',#4417,#1167);
#797=LINE('',#4419,#1168);
#798=LINE('',#4420,#1169);
#799=LINE('',#4422,#1170);
#800=LINE('',#4423,#1171);
#801=LINE('',#4426,#1172);
#802=LINE('',#4428,#1173);
#803=LINE('',#4429,#1174);
#804=LINE('',#4431,#1175);
#805=LINE('',#4433,#1176);
#806=LINE('',#4435,#1177);
#807=LINE('',#4438,#1178);
#808=LINE('',#4440,#1179);
#809=LINE('',#4442,#1180);
#810=LINE('',#4445,#1181);
#811=LINE('',#4447,#1182);
#812=LINE('',#4448,#1183);
#813=LINE('',#4451,#1184);
#814=LINE('',#4453,#1185);
#815=LINE('',#4454,#1186);
#816=LINE('',#4456,#1187);
#817=LINE('',#4457,#1188);
#818=LINE('',#4458,#1189);
#819=LINE('',#4460,#1190);
#820=LINE('',#4463,#1191);
#821=LINE('',#4465,#1192);
#822=LINE('',#4466,#1193);
#823=LINE('',#4469,#1194);
#824=LINE('',#4471,#1195);
#825=LINE('',#4472,#1196);
#826=LINE('',#4474,#1197);
#827=LINE('',#4475,#1198);
#828=LINE('',#4476,#1199);
#829=VECTOR('',#2996,1.75);
#830=VECTOR('',#3001,10.);
#831=VECTOR('',#3002,10.);
#832=VECTOR('',#3003,10.);
#833=VECTOR('',#3004,10.);
#834=VECTOR('',#3011,10.);
#835=VECTOR('',#3012,10.);
#836=VECTOR('',#3013,10.);
#837=VECTOR('',#3014,10.);
#838=VECTOR('',#3015,10.);
#839=VECTOR('',#3016,10.);
#840=VECTOR('',#3017,10.);
#841=VECTOR('',#3020,10.);
#842=VECTOR('',#3021,10.);
#843=VECTOR('',#3022,10.);
#844=VECTOR('',#3025,10.);
#845=VECTOR('',#3026,10.);
#846=VECTOR('',#3027,10.);
#847=VECTOR('',#3030,10.);
#848=VECTOR('',#3031,10.);
#849=VECTOR('',#3032,10.);
#850=VECTOR('',#3033,10.);
#851=VECTOR('',#3036,10.);
#852=VECTOR('',#3037,10.);
#853=VECTOR('',#3038,10.);
#854=VECTOR('',#3041,10.);
#855=VECTOR('',#3042,10.);
#856=VECTOR('',#3043,10.);
#857=VECTOR('',#3046,10.);
#858=VECTOR('',#3047,10.);
#859=VECTOR('',#3048,10.);
#860=VECTOR('',#3051,10.);
#861=VECTOR('',#3052,10.);
#862=VECTOR('',#3053,10.);
#863=VECTOR('',#3056,10.);
#864=VECTOR('',#3057,10.);
#865=VECTOR('',#3058,10.);
#866=VECTOR('',#3061,10.);
#867=VECTOR('',#3062,10.);
#868=VECTOR('',#3063,10.);
#869=VECTOR('',#3066,10.);
#870=VECTOR('',#3067,10.);
#871=VECTOR('',#3068,10.);
#872=VECTOR('',#3071,10.);
#873=VECTOR('',#3072,10.);
#874=VECTOR('',#3073,10.);
#875=VECTOR('',#3076,10.);
#876=VECTOR('',#3077,10.);
#877=VECTOR('',#3078,10.);
#878=VECTOR('',#3081,10.);
#879=VECTOR('',#3082,10.);
#880=VECTOR('',#3083,10.);
#881=VECTOR('',#3086,10.);
#882=VECTOR('',#3087,10.);
#883=VECTOR('',#3092,10.);
#884=VECTOR('',#3093,10.);
#885=VECTOR('',#3094,10.);
#886=VECTOR('',#3095,10.);
#887=VECTOR('',#3098,10.);
#888=VECTOR('',#3099,10.);
#889=VECTOR('',#3100,10.);
#890=VECTOR('',#3103,10.);
#891=VECTOR('',#3104,10.);
#892=VECTOR('',#3105,10.);
#893=VECTOR('',#3110,10.);
#894=VECTOR('',#3115,10.);
#895=VECTOR('',#3116,10.);
#896=VECTOR('',#3117,10.);
#897=VECTOR('',#3122,10.);
#898=VECTOR('',#3127,10.);
#899=VECTOR('',#3128,10.);
#900=VECTOR('',#3133,10.);
#901=VECTOR('',#3134,10.);
#902=VECTOR('',#3135,10.);
#903=VECTOR('',#3136,10.);
#904=VECTOR('',#3139,10.);
#905=VECTOR('',#3140,10.);
#906=VECTOR('',#3141,10.);
#907=VECTOR('',#3144,10.);
#908=VECTOR('',#3145,10.);
#909=VECTOR('',#3146,10.);
#910=VECTOR('',#3149,10.);
#911=VECTOR('',#3150,10.);
#912=VECTOR('',#3155,10.);
#913=VECTOR('',#3156,10.);
#914=VECTOR('',#3157,10.);
#915=VECTOR('',#3158,10.);
#916=VECTOR('',#3159,10.);
#917=VECTOR('',#3160,10.);
#918=VECTOR('',#3165,1.65000000000001);
#919=VECTOR('',#3170,2.8);
#920=VECTOR('',#3175,10.);
#921=VECTOR('',#3176,10.);
#922=VECTOR('',#3177,10.);
#923=VECTOR('',#3180,10.);
#924=VECTOR('',#3181,10.);
#925=VECTOR('',#3184,10.);
#926=VECTOR('',#3185,10.);
#927=VECTOR('',#3186,10.);
#928=VECTOR('',#3187,10.);
#929=VECTOR('',#3188,10.);
#930=VECTOR('',#3189,10.);
#931=VECTOR('',#3192,10.);
#932=VECTOR('',#3193,10.);
#933=VECTOR('',#3194,10.);
#934=VECTOR('',#3197,10.);
#935=VECTOR('',#3198,10.);
#936=VECTOR('',#3199,10.);
#937=VECTOR('',#3202,10.);
#938=VECTOR('',#3203,10.);
#939=VECTOR('',#3204,10.);
#940=VECTOR('',#3207,10.);
#941=VECTOR('',#3208,10.);
#942=VECTOR('',#3211,10.);
#943=VECTOR('',#3212,10.);
#944=VECTOR('',#3215,10.);
#945=VECTOR('',#3216,10.);
#946=VECTOR('',#3217,10.);
#947=VECTOR('',#3218,10.);
#948=VECTOR('',#3219,10.);
#949=VECTOR('',#3220,10.);
#950=VECTOR('',#3223,10.);
#951=VECTOR('',#3224,10.);
#952=VECTOR('',#3225,10.);
#953=VECTOR('',#3228,10.);
#954=VECTOR('',#3229,10.);
#955=VECTOR('',#3232,10.);
#956=VECTOR('',#3233,10.);
#957=VECTOR('',#3236,10.);
#958=VECTOR('',#3241,10.);
#959=VECTOR('',#3244,10.);
#960=VECTOR('',#3255,2.79999999999999);
#961=VECTOR('',#3258,1.65);
#962=VECTOR('',#3261,10.);
#963=VECTOR('',#3270,1.65);
#964=VECTOR('',#3275,1.64999999999999);
#965=VECTOR('',#3280,2.80000000000001);
#966=VECTOR('',#3287,10.);
#967=VECTOR('',#3288,10.);
#968=VECTOR('',#3289,10.);
#969=VECTOR('',#3290,10.);
#970=VECTOR('',#3291,10.);
#971=VECTOR('',#3292,10.);
#972=VECTOR('',#3293,10.);
#973=VECTOR('',#3294,10.);
#974=VECTOR('',#3295,10.);
#975=VECTOR('',#3296,10.);
#976=VECTOR('',#3297,10.);
#977=VECTOR('',#3298,10.);
#978=VECTOR('',#3299,10.);
#979=VECTOR('',#3300,10.);
#980=VECTOR('',#3301,10.);
#981=VECTOR('',#3302,10.);
#982=VECTOR('',#3303,10.);
#983=VECTOR('',#3304,10.);
#984=VECTOR('',#3305,10.);
#985=VECTOR('',#3306,10.);
#986=VECTOR('',#3307,10.);
#987=VECTOR('',#3308,10.);
#988=VECTOR('',#3309,10.);
#989=VECTOR('',#3310,10.);
#990=VECTOR('',#3311,10.);
#991=VECTOR('',#3312,10.);
#992=VECTOR('',#3313,10.);
#993=VECTOR('',#3314,10.);
#994=VECTOR('',#3315,10.);
#995=VECTOR('',#3316,10.);
#996=VECTOR('',#3317,10.);
#997=VECTOR('',#3318,10.);
#998=VECTOR('',#3319,10.);
#999=VECTOR('',#3320,10.);
#1000=VECTOR('',#3321,10.);
#1001=VECTOR('',#3322,10.);
#1002=VECTOR('',#3323,10.);
#1003=VECTOR('',#3324,10.);
#1004=VECTOR('',#3325,10.);
#1005=VECTOR('',#3326,10.);
#1006=VECTOR('',#3327,10.);
#1007=VECTOR('',#3328,10.);
#1008=VECTOR('',#3329,10.);
#1009=VECTOR('',#3330,10.);
#1010=VECTOR('',#3331,10.);
#1011=VECTOR('',#3332,10.);
#1012=VECTOR('',#3333,10.);
#1013=VECTOR('',#3334,10.);
#1014=VECTOR('',#3335,10.);
#1015=VECTOR('',#3336,10.);
#1016=VECTOR('',#3337,10.);
#1017=VECTOR('',#3338,10.);
#1018=VECTOR('',#3343,2.8);
#1019=VECTOR('',#3350,10.);
#1020=VECTOR('',#3351,10.);
#1021=VECTOR('',#3352,10.);
#1022=VECTOR('',#3353,10.);
#1023=VECTOR('',#3356,10.);
#1024=VECTOR('',#3357,10.);
#1025=VECTOR('',#3358,10.);
#1026=VECTOR('',#3361,10.);
#1027=VECTOR('',#3362,10.);
#1028=VECTOR('',#3363,10.);
#1029=VECTOR('',#3364,10.);
#1030=VECTOR('',#3365,10.);
#1031=VECTOR('',#3366,10.);
#1032=VECTOR('',#3367,10.);
#1033=VECTOR('',#3368,10.);
#1034=VECTOR('',#3369,10.);
#1035=VECTOR('',#3370,10.);
#1036=VECTOR('',#3371,10.);
#1037=VECTOR('',#3372,10.);
#1038=VECTOR('',#3373,10.);
#1039=VECTOR('',#3374,10.);
#1040=VECTOR('',#3375,10.);
#1041=VECTOR('',#3376,10.);
#1042=VECTOR('',#3377,10.);
#1043=VECTOR('',#3378,10.);
#1044=VECTOR('',#3379,10.);
#1045=VECTOR('',#3380,10.);
#1046=VECTOR('',#3381,10.);
#1047=VECTOR('',#3382,10.);
#1048=VECTOR('',#3383,10.);
#1049=VECTOR('',#3384,10.);
#1050=VECTOR('',#3385,10.);
#1051=VECTOR('',#3386,10.);
#1052=VECTOR('',#3387,10.);
#1053=VECTOR('',#3388,10.);
#1054=VECTOR('',#3389,10.);
#1055=VECTOR('',#3390,10.);
#1056=VECTOR('',#3391,10.);
#1057=VECTOR('',#3392,10.);
#1058=VECTOR('',#3393,10.);
#1059=VECTOR('',#3394,10.);
#1060=VECTOR('',#3395,10.);
#1061=VECTOR('',#3396,10.);
#1062=VECTOR('',#3397,10.);
#1063=VECTOR('',#3398,10.);
#1064=VECTOR('',#3399,10.);
#1065=VECTOR('',#3400,10.);
#1066=VECTOR('',#3401,10.);
#1067=VECTOR('',#3402,10.);
#1068=VECTOR('',#3403,10.);
#1069=VECTOR('',#3404,10.);
#1070=VECTOR('',#3405,10.);
#1071=VECTOR('',#3406,10.);
#1072=VECTOR('',#3407,10.);
#1073=VECTOR('',#3408,10.);
#1074=VECTOR('',#3409,10.);
#1075=VECTOR('',#3410,10.);
#1076=VECTOR('',#3411,10.);
#1077=VECTOR('',#3414,10.);
#1078=VECTOR('',#3415,10.);
#1079=VECTOR('',#3416,10.);
#1080=VECTOR('',#3419,10.);
#1081=VECTOR('',#3420,10.);
#1082=VECTOR('',#3421,10.);
#1083=VECTOR('',#3424,10.);
#1084=VECTOR('',#3425,10.);
#1085=VECTOR('',#3428,10.);
#1086=VECTOR('',#3431,10.);
#1087=VECTOR('',#3434,10.);
#1088=VECTOR('',#3435,10.);
#1089=VECTOR('',#3436,10.);
#1090=VECTOR('',#3439,10.);
#1091=VECTOR('',#3440,10.);
#1092=VECTOR('',#3443,10.);
#1093=VECTOR('',#3444,10.);
#1094=VECTOR('',#3447,10.);
#1095=VECTOR('',#3450,10.);
#1096=VECTOR('',#3453,10.);
#1097=VECTOR('',#3456,10.);
#1098=VECTOR('',#3457,10.);
#1099=VECTOR('',#3458,10.);
#1100=VECTOR('',#3461,10.);
#1101=VECTOR('',#3462,10.);
#1102=VECTOR('',#3463,10.);
#1103=VECTOR('',#3464,10.);
#1104=VECTOR('',#3467,10.);
#1105=VECTOR('',#3470,10.);
#1106=VECTOR('',#3471,10.);
#1107=VECTOR('',#3472,10.);
#1108=VECTOR('',#3475,10.);
#1109=VECTOR('',#3476,10.);
#1110=VECTOR('',#3479,10.);
#1111=VECTOR('',#3480,10.);
#1112=VECTOR('',#3483,10.);
#1113=VECTOR('',#3486,10.);
#1114=VECTOR('',#3489,10.);
#1115=VECTOR('',#3492,10.);
#1116=VECTOR('',#3493,10.);
#1117=VECTOR('',#3494,10.);
#1118=VECTOR('',#3497,10.);
#1119=VECTOR('',#3500,10.);
#1120=VECTOR('',#3505,10.);
#1121=VECTOR('',#3506,10.);
#1122=VECTOR('',#3507,10.);
#1123=VECTOR('',#3508,10.);
#1124=VECTOR('',#3511,10.);
#1125=VECTOR('',#3514,10.);
#1126=VECTOR('',#3515,10.);
#1127=VECTOR('',#3516,10.);
#1128=VECTOR('',#3519,10.);
#1129=VECTOR('',#3520,10.);
#1130=VECTOR('',#3523,10.);
#1131=VECTOR('',#3524,10.);
#1132=VECTOR('',#3527,10.);
#1133=VECTOR('',#3530,10.);
#1134=VECTOR('',#3533,10.);
#1135=VECTOR('',#3536,10.);
#1136=VECTOR('',#3537,10.);
#1137=VECTOR('',#3538,10.);
#1138=VECTOR('',#3541,10.);
#1139=VECTOR('',#3544,10.);
#1140=VECTOR('',#3549,10.);
#1141=VECTOR('',#3550,10.);
#1142=VECTOR('',#3551,10.);
#1143=VECTOR('',#3552,10.);
#1144=VECTOR('',#3555,10.);
#1145=VECTOR('',#3558,10.);
#1146=VECTOR('',#3559,10.);
#1147=VECTOR('',#3560,10.);
#1148=VECTOR('',#3563,10.);
#1149=VECTOR('',#3564,10.);
#1150=VECTOR('',#3567,10.);
#1151=VECTOR('',#3568,10.);
#1152=VECTOR('',#3571,10.);
#1153=VECTOR('',#3574,10.);
#1154=VECTOR('',#3577,10.);
#1155=VECTOR('',#3582,10.);
#1156=VECTOR('',#3585,10.);
#1157=VECTOR('',#3588,10.);
#1158=VECTOR('',#3589,10.);
#1159=VECTOR('',#3590,10.);
#1160=VECTOR('',#3593,10.);
#1161=VECTOR('',#3594,10.);
#1162=VECTOR('',#3597,10.);
#1163=VECTOR('',#3598,10.);
#1164=VECTOR('',#3601,10.);
#1165=VECTOR('',#3604,10.);
#1166=VECTOR('',#3607,10.);
#1167=VECTOR('',#3610,10.);
#1168=VECTOR('',#3611,10.);
#1169=VECTOR('',#3612,10.);
#1170=VECTOR('',#3615,10.);
#1171=VECTOR('',#3616,10.);
#1172=VECTOR('',#3619,10.);
#1173=VECTOR('',#3620,10.);
#1174=VECTOR('',#3621,10.);
#1175=VECTOR('',#3624,10.);
#1176=VECTOR('',#3627,10.);
#1177=VECTOR('',#3630,10.);
#1178=VECTOR('',#3635,10.);
#1179=VECTOR('',#3638,10.);
#1180=VECTOR('',#3641,10.);
#1181=VECTOR('',#3644,10.);
#1182=VECTOR('',#3645,10.);
#1183=VECTOR('',#3646,10.);
#1184=VECTOR('',#3649,10.);
#1185=VECTOR('',#3650,10.);
#1186=VECTOR('',#3651,10.);
#1187=VECTOR('',#3654,10.);
#1188=VECTOR('',#3655,10.);
#1189=VECTOR('',#3656,10.);
#1190=VECTOR('',#3659,10.);
#1191=VECTOR('',#3662,10.);
#1192=VECTOR('',#3663,10.);
#1193=VECTOR('',#3664,10.);
#1194=VECTOR('',#3667,10.);
#1195=VECTOR('',#3668,10.);
#1196=VECTOR('',#3669,10.);
#1197=VECTOR('',#3672,10.);
#1198=VECTOR('',#3673,10.);
#1199=VECTOR('',#3674,10.);
#1200=CIRCLE('',#2829,1.75);
#1201=CIRCLE('',#2830,1.75);
#1202=CIRCLE('',#2832,1.65);
#1203=CIRCLE('',#2833,1.65000000000001);
#1204=CIRCLE('',#2854,6.00000001490116);
#1205=CIRCLE('',#2855,6.00000001490116);
#1206=CIRCLE('',#2858,5.);
#1207=CIRCLE('',#2859,5.);
#1208=CIRCLE('',#2869,1.65000000000001);
#1209=CIRCLE('',#2871,2.8);
#1210=CIRCLE('',#2872,2.8);
#1211=CIRCLE('',#2886,2.79999999999999);
#1212=CIRCLE('',#2891,2.79999999999999);
#1213=CIRCLE('',#2892,1.65);
#1214=CIRCLE('',#2896,1.64999999999999);
#1215=CIRCLE('',#2897,1.65);
#1216=CIRCLE('',#2899,1.65);
#1217=CIRCLE('',#2901,1.64999999999999);
#1218=CIRCLE('',#2903,2.80000000000001);
#1219=CIRCLE('',#2904,2.80000000000001);
#1220=CIRCLE('',#2908,2.8);
#1221=CIRCLE('',#2909,2.8);
#1222=VERTEX_POINT('',#3689);
#1223=VERTEX_POINT('',#3691);
#1224=VERTEX_POINT('',#3695);
#1225=VERTEX_POINT('',#3696);
#1226=VERTEX_POINT('',#3698);
#1227=VERTEX_POINT('',#3700);
#1228=VERTEX_POINT('',#3703);
#1229=VERTEX_POINT('',#3705);
#1230=VERTEX_POINT('',#3708);
#1231=VERTEX_POINT('',#3710);
#1232=VERTEX_POINT('',#3712);
#1233=VERTEX_POINT('',#3714);
#1234=VERTEX_POINT('',#3716);
#1235=VERTEX_POINT('',#3718);
#1236=VERTEX_POINT('',#3722);
#1237=VERTEX_POINT('',#3724);
#1238=VERTEX_POINT('',#3728);
#1239=VERTEX_POINT('',#3730);
#1240=VERTEX_POINT('',#3734);
#1241=VERTEX_POINT('',#3735);
#1242=VERTEX_POINT('',#3737);
#1243=VERTEX_POINT('',#3739);
#1244=VERTEX_POINT('',#3743);
#1245=VERTEX_POINT('',#3745);
#1246=VERTEX_POINT('',#3749);
#1247=VERTEX_POINT('',#3751);
#1248=VERTEX_POINT('',#3755);
#1249=VERTEX_POINT('',#3757);
#1250=VERTEX_POINT('',#3761);
#1251=VERTEX_POINT('',#3763);
#1252=VERTEX_POINT('',#3767);
#1253=VERTEX_POINT('',#3769);
#1254=VERTEX_POINT('',#3773);
#1255=VERTEX_POINT('',#3775);
#1256=VERTEX_POINT('',#3779);
#1257=VERTEX_POINT('',#3781);
#1258=VERTEX_POINT('',#3785);
#1259=VERTEX_POINT('',#3787);
#1260=VERTEX_POINT('',#3791);
#1261=VERTEX_POINT('',#3793);
#1262=VERTEX_POINT('',#3797);
#1263=VERTEX_POINT('',#3799);
#1264=VERTEX_POINT('',#3807);
#1265=VERTEX_POINT('',#3808);
#1266=VERTEX_POINT('',#3810);
#1267=VERTEX_POINT('',#3812);
#1268=VERTEX_POINT('',#3816);
#1269=VERTEX_POINT('',#3818);
#1270=VERTEX_POINT('',#3822);
#1271=VERTEX_POINT('',#3824);
#1272=VERTEX_POINT('',#3828);
#1273=VERTEX_POINT('',#3830);
#1274=VERTEX_POINT('',#3834);
#1275=VERTEX_POINT('',#3836);
#1276=VERTEX_POINT('',#3840);
#1277=VERTEX_POINT('',#3842);
#1278=VERTEX_POINT('',#3850);
#1279=VERTEX_POINT('',#3851);
#1280=VERTEX_POINT('',#3853);
#1281=VERTEX_POINT('',#3855);
#1282=VERTEX_POINT('',#3859);
#1283=VERTEX_POINT('',#3861);
#1284=VERTEX_POINT('',#3865);
#1285=VERTEX_POINT('',#3867);
#1286=VERTEX_POINT('',#3875);
#1287=VERTEX_POINT('',#3876);
#1288=VERTEX_POINT('',#3878);
#1289=VERTEX_POINT('',#3880);
#1290=VERTEX_POINT('',#3882);
#1291=VERTEX_POINT('',#3884);
#1292=VERTEX_POINT('',#3888);
#1293=VERTEX_POINT('',#3892);
#1294=VERTEX_POINT('',#3894);
#1295=VERTEX_POINT('',#3898);
#1296=VERTEX_POINT('',#3900);
#1297=VERTEX_POINT('',#3904);
#1298=VERTEX_POINT('',#3908);
#1299=VERTEX_POINT('',#3909);
#1300=VERTEX_POINT('',#3911);
#1301=VERTEX_POINT('',#3913);
#1302=VERTEX_POINT('',#3915);
#1303=VERTEX_POINT('',#3917);
#1304=VERTEX_POINT('',#3921);
#1305=VERTEX_POINT('',#3922);
#1306=VERTEX_POINT('',#3927);
#1307=VERTEX_POINT('',#3932);
#1308=VERTEX_POINT('',#3934);
#1309=VERTEX_POINT('',#3938);
#1310=VERTEX_POINT('',#3942);
#1311=VERTEX_POINT('',#3946);
#1312=VERTEX_POINT('',#3947);
#1313=VERTEX_POINT('',#3949);
#1314=VERTEX_POINT('',#3951);
#1315=VERTEX_POINT('',#3953);
#1316=VERTEX_POINT('',#3955);
#1317=VERTEX_POINT('',#3959);
#1318=VERTEX_POINT('',#3960);
#1319=VERTEX_POINT('',#3972);
#1320=VERTEX_POINT('',#3980);
#1321=VERTEX_POINT('',#3982);
#1322=VERTEX_POINT('',#3990);
#1323=VERTEX_POINT('',#3992);
#1324=VERTEX_POINT('',#3995);
#1325=VERTEX_POINT('',#3999);
#1326=VERTEX_POINT('',#4003);
#1327=VERTEX_POINT('',#4005);
#1328=VERTEX_POINT('',#4010);
#1329=VERTEX_POINT('',#4012);
#1330=VERTEX_POINT('',#4014);
#1331=VERTEX_POINT('',#4016);
#1332=VERTEX_POINT('',#4018);
#1333=VERTEX_POINT('',#4020);
#1334=VERTEX_POINT('',#4022);
#1335=VERTEX_POINT('',#4024);
#1336=VERTEX_POINT('',#4026);
#1337=VERTEX_POINT('',#4028);
#1338=VERTEX_POINT('',#4030);
#1339=VERTEX_POINT('',#4032);
#1340=VERTEX_POINT('',#4034);
#1341=VERTEX_POINT('',#4036);
#1342=VERTEX_POINT('',#4038);
#1343=VERTEX_POINT('',#4040);
#1344=VERTEX_POINT('',#4042);
#1345=VERTEX_POINT('',#4044);
#1346=VERTEX_POINT('',#4046);
#1347=VERTEX_POINT('',#4048);
#1348=VERTEX_POINT('',#4050);
#1349=VERTEX_POINT('',#4052);
#1350=VERTEX_POINT('',#4054);
#1351=VERTEX_POINT('',#4056);
#1352=VERTEX_POINT('',#4058);
#1353=VERTEX_POINT('',#4060);
#1354=VERTEX_POINT('',#4062);
#1355=VERTEX_POINT('',#4064);
#1356=VERTEX_POINT('',#4066);
#1357=VERTEX_POINT('',#4068);
#1358=VERTEX_POINT('',#4070);
#1359=VERTEX_POINT('',#4072);
#1360=VERTEX_POINT('',#4074);
#1361=VERTEX_POINT('',#4076);
#1362=VERTEX_POINT('',#4078);
#1363=VERTEX_POINT('',#4080);
#1364=VERTEX_POINT('',#4082);
#1365=VERTEX_POINT('',#4084);
#1366=VERTEX_POINT('',#4086);
#1367=VERTEX_POINT('',#4088);
#1368=VERTEX_POINT('',#4090);
#1369=VERTEX_POINT('',#4092);
#1370=VERTEX_POINT('',#4094);
#1371=VERTEX_POINT('',#4096);
#1372=VERTEX_POINT('',#4098);
#1373=VERTEX_POINT('',#4100);
#1374=VERTEX_POINT('',#4102);
#1375=VERTEX_POINT('',#4104);
#1376=VERTEX_POINT('',#4106);
#1377=VERTEX_POINT('',#4108);
#1378=VERTEX_POINT('',#4110);
#1379=VERTEX_POINT('',#4114);
#1380=VERTEX_POINT('',#4116);
#1381=VERTEX_POINT('',#4121);
#1382=VERTEX_POINT('',#4122);
#1383=VERTEX_POINT('',#4124);
#1384=VERTEX_POINT('',#4126);
#1385=VERTEX_POINT('',#4130);
#1386=VERTEX_POINT('',#4132);
#1387=VERTEX_POINT('',#4136);
#1388=VERTEX_POINT('',#4138);
#1389=VERTEX_POINT('',#4140);
#1390=VERTEX_POINT('',#4142);
#1391=VERTEX_POINT('',#4144);
#1392=VERTEX_POINT('',#4146);
#1393=VERTEX_POINT('',#4148);
#1394=VERTEX_POINT('',#4150);
#1395=VERTEX_POINT('',#4152);
#1396=VERTEX_POINT('',#4154);
#1397=VERTEX_POINT('',#4156);
#1398=VERTEX_POINT('',#4159);
#1399=VERTEX_POINT('',#4161);
#1400=VERTEX_POINT('',#4163);
#1401=VERTEX_POINT('',#4165);
#1402=VERTEX_POINT('',#4167);
#1403=VERTEX_POINT('',#4169);
#1404=VERTEX_POINT('',#4171);
#1405=VERTEX_POINT('',#4173);
#1406=VERTEX_POINT('',#4175);
#1407=VERTEX_POINT('',#4177);
#1408=VERTEX_POINT('',#4179);
#1409=VERTEX_POINT('',#4181);
#1410=VERTEX_POINT('',#4183);
#1411=VERTEX_POINT('',#4185);
#1412=VERTEX_POINT('',#4187);
#1413=VERTEX_POINT('',#4189);
#1414=VERTEX_POINT('',#4191);
#1415=VERTEX_POINT('',#4193);
#1416=VERTEX_POINT('',#4195);
#1417=VERTEX_POINT('',#4197);
#1418=VERTEX_POINT('',#4199);
#1419=VERTEX_POINT('',#4201);
#1420=VERTEX_POINT('',#4203);
#1421=VERTEX_POINT('',#4205);
#1422=VERTEX_POINT('',#4207);
#1423=VERTEX_POINT('',#4209);
#1424=VERTEX_POINT('',#4211);
#1425=VERTEX_POINT('',#4213);
#1426=VERTEX_POINT('',#4215);
#1427=VERTEX_POINT('',#4217);
#1428=VERTEX_POINT('',#4219);
#1429=VERTEX_POINT('',#4221);
#1430=VERTEX_POINT('',#4223);
#1431=VERTEX_POINT('',#4225);
#1432=VERTEX_POINT('',#4227);
#1433=VERTEX_POINT('',#4229);
#1434=VERTEX_POINT('',#4231);
#1435=VERTEX_POINT('',#4233);
#1436=VERTEX_POINT('',#4237);
#1437=VERTEX_POINT('',#4238);
#1438=VERTEX_POINT('',#4243);
#1439=VERTEX_POINT('',#4244);
#1440=VERTEX_POINT('',#4256);
#1441=VERTEX_POINT('',#4258);
#1442=VERTEX_POINT('',#4262);
#1443=VERTEX_POINT('',#4266);
#1444=VERTEX_POINT('',#4276);
#1445=VERTEX_POINT('',#4278);
#1446=VERTEX_POINT('',#4283);
#1447=VERTEX_POINT('',#4285);
#1448=VERTEX_POINT('',#4291);
#1449=VERTEX_POINT('',#4293);
#1450=VERTEX_POINT('',#4297);
#1451=VERTEX_POINT('',#4301);
#1452=VERTEX_POINT('',#4311);
#1453=VERTEX_POINT('',#4313);
#1454=VERTEX_POINT('',#4323);
#1455=VERTEX_POINT('',#4325);
#1456=VERTEX_POINT('',#4331);
#1457=VERTEX_POINT('',#4333);
#1458=VERTEX_POINT('',#4337);
#1459=VERTEX_POINT('',#4341);
#1460=VERTEX_POINT('',#4351);
#1461=VERTEX_POINT('',#4353);
#1462=VERTEX_POINT('',#4363);
#1463=VERTEX_POINT('',#4365);
#1464=VERTEX_POINT('',#4371);
#1465=VERTEX_POINT('',#4373);
#1466=VERTEX_POINT('',#4377);
#1467=VERTEX_POINT('',#4381);
#1468=VERTEX_POINT('',#4396);
#1469=VERTEX_POINT('',#4398);
#1470=VERTEX_POINT('',#4402);
#1471=VERTEX_POINT('',#4406);
#1472=VERTEX_POINT('',#4416);
#1473=VERTEX_POINT('',#4418);
#1474=VERTEX_POINT('',#4425);
#1475=VERTEX_POINT('',#4427);
#1476=VERTEX_POINT('',#4444);
#1477=VERTEX_POINT('',#4446);
#1478=VERTEX_POINT('',#4450);
#1479=VERTEX_POINT('',#4452);
#1480=VERTEX_POINT('',#4462);
#1481=VERTEX_POINT('',#4464);
#1482=VERTEX_POINT('',#4468);
#1483=VERTEX_POINT('',#4470);
#1484=EDGE_CURVE('',#1222,#1222,#1200,.T.);
#1485=EDGE_CURVE('',#1222,#1223,#458,.T.);
#1486=EDGE_CURVE('',#1223,#1223,#1201,.T.);
#1487=EDGE_CURVE('',#1224,#1225,#459,.T.);
#1488=EDGE_CURVE('',#1224,#1226,#460,.T.);
#1489=EDGE_CURVE('',#1227,#1226,#461,.T.);
#1490=EDGE_CURVE('',#1225,#1227,#462,.T.);
#1491=EDGE_CURVE('',#1228,#1228,#1202,.T.);
#1492=EDGE_CURVE('',#1229,#1229,#1203,.T.);
#1493=EDGE_CURVE('',#1227,#1230,#463,.T.);
#1494=EDGE_CURVE('',#1231,#1230,#464,.F.);
#1495=EDGE_CURVE('',#1231,#1232,#465,.T.);
#1496=EDGE_CURVE('',#1233,#1232,#466,.F.);
#1497=EDGE_CURVE('',#1234,#1233,#467,.F.);
#1498=EDGE_CURVE('',#1235,#1234,#468,.F.);
#1499=EDGE_CURVE('',#1225,#1235,#469,.F.);
#1500=EDGE_CURVE('',#1235,#1236,#470,.T.);
#1501=EDGE_CURVE('',#1236,#1237,#471,.T.);
#1502=EDGE_CURVE('',#1237,#1224,#472,.T.);
#1503=EDGE_CURVE('',#1238,#1226,#473,.T.);
#1504=EDGE_CURVE('',#1238,#1239,#474,.T.);
#1505=EDGE_CURVE('',#1230,#1239,#475,.T.);
#1506=EDGE_CURVE('',#1240,#1241,#476,.T.);
#1507=EDGE_CURVE('',#1240,#1242,#477,.T.);
#1508=EDGE_CURVE('',#1242,#1243,#478,.T.);
#1509=EDGE_CURVE('',#1241,#1243,#479,.T.);
#1510=EDGE_CURVE('',#1244,#1240,#480,.T.);
#1511=EDGE_CURVE('',#1244,#1245,#481,.T.);
#1512=EDGE_CURVE('',#1245,#1242,#482,.T.);
#1513=EDGE_CURVE('',#1246,#1244,#483,.T.);
#1514=EDGE_CURVE('',#1246,#1247,#484,.T.);
#1515=EDGE_CURVE('',#1247,#1245,#485,.T.);
#1516=EDGE_CURVE('',#1248,#1246,#486,.T.);
#1517=EDGE_CURVE('',#1248,#1249,#487,.T.);
#1518=EDGE_CURVE('',#1249,#1247,#488,.T.);
#1519=EDGE_CURVE('',#1250,#1248,#489,.T.);
#1520=EDGE_CURVE('',#1250,#1251,#490,.T.);
#1521=EDGE_CURVE('',#1251,#1249,#491,.T.);
#1522=EDGE_CURVE('',#1252,#1250,#492,.T.);
#1523=EDGE_CURVE('',#1252,#1253,#493,.T.);
#1524=EDGE_CURVE('',#1253,#1251,#494,.T.);
#1525=EDGE_CURVE('',#1254,#1252,#495,.T.);
#1526=EDGE_CURVE('',#1254,#1255,#496,.T.);
#1527=EDGE_CURVE('',#1255,#1253,#497,.T.);
#1528=EDGE_CURVE('',#1256,#1254,#498,.T.);
#1529=EDGE_CURVE('',#1256,#1257,#499,.T.);
#1530=EDGE_CURVE('',#1257,#1255,#500,.T.);
#1531=EDGE_CURVE('',#1258,#1256,#501,.T.);
#1532=EDGE_CURVE('',#1258,#1259,#502,.T.);
#1533=EDGE_CURVE('',#1259,#1257,#503,.T.);
#1534=EDGE_CURVE('',#1260,#1258,#504,.T.);
#1535=EDGE_CURVE('',#1260,#1261,#505,.T.);
#1536=EDGE_CURVE('',#1261,#1259,#506,.T.);
#1537=EDGE_CURVE('',#1262,#1260,#507,.T.);
#1538=EDGE_CURVE('',#1262,#1263,#508,.T.);
#1539=EDGE_CURVE('',#1263,#1261,#509,.T.);
#1540=EDGE_CURVE('',#1241,#1262,#510,.T.);
#1541=EDGE_CURVE('',#1243,#1263,#511,.T.);
#1542=EDGE_CURVE('',#1264,#1265,#512,.T.);
#1543=EDGE_CURVE('',#1264,#1266,#513,.T.);
#1544=EDGE_CURVE('',#1266,#1267,#514,.T.);
#1545=EDGE_CURVE('',#1265,#1267,#515,.T.);
#1546=EDGE_CURVE('',#1268,#1264,#516,.T.);
#1547=EDGE_CURVE('',#1268,#1269,#517,.T.);
#1548=EDGE_CURVE('',#1269,#1266,#518,.T.);
#1549=EDGE_CURVE('',#1270,#1268,#519,.T.);
#1550=EDGE_CURVE('',#1270,#1271,#520,.T.);
#1551=EDGE_CURVE('',#1271,#1269,#521,.T.);
#1552=EDGE_CURVE('',#1272,#1270,#1204,.T.);
#1553=EDGE_CURVE('',#1272,#1273,#522,.T.);
#1554=EDGE_CURVE('',#1273,#1271,#1205,.T.);
#1555=EDGE_CURVE('',#1274,#1272,#523,.T.);
#1556=EDGE_CURVE('',#1274,#1275,#524,.T.);
#1557=EDGE_CURVE('',#1275,#1273,#525,.T.);
#1558=EDGE_CURVE('',#1276,#1274,#1206,.T.);
#1559=EDGE_CURVE('',#1276,#1277,#526,.T.);
#1560=EDGE_CURVE('',#1277,#1275,#1207,.T.);
#1561=EDGE_CURVE('',#1265,#1276,#527,.T.);
#1562=EDGE_CURVE('',#1267,#1277,#528,.T.);
#1563=EDGE_CURVE('',#1278,#1279,#529,.T.);
#1564=EDGE_CURVE('',#1278,#1280,#530,.T.);
#1565=EDGE_CURVE('',#1280,#1281,#531,.T.);
#1566=EDGE_CURVE('',#1279,#1281,#532,.T.);
#1567=EDGE_CURVE('',#1282,#1278,#533,.T.);
#1568=EDGE_CURVE('',#1282,#1283,#534,.T.);
#1569=EDGE_CURVE('',#1283,#1280,#535,.T.);
#1570=EDGE_CURVE('',#1284,#1282,#536,.T.);
#1571=EDGE_CURVE('',#1284,#1285,#537,.T.);
#1572=EDGE_CURVE('',#1285,#1283,#538,.T.);
#1573=EDGE_CURVE('',#1279,#1284,#539,.T.);
#1574=EDGE_CURVE('',#1281,#1285,#540,.T.);
#1575=EDGE_CURVE('',#1286,#1287,#541,.T.);
#1576=EDGE_CURVE('',#1287,#1288,#542,.T.);
#1577=EDGE_CURVE('',#1288,#1289,#543,.T.);
#1578=EDGE_CURVE('',#1289,#1290,#544,.T.);
#1579=EDGE_CURVE('',#1290,#1291,#545,.T.);
#1580=EDGE_CURVE('',#1291,#1286,#546,.T.);
#1581=EDGE_CURVE('',#1292,#1292,#1208,.T.);
#1582=EDGE_CURVE('',#1292,#1229,#547,.T.);
#1583=EDGE_CURVE('',#1293,#1293,#1209,.T.);
#1584=EDGE_CURVE('',#1293,#1294,#548,.T.);
#1585=EDGE_CURVE('',#1294,#1294,#1210,.T.);
#1586=EDGE_CURVE('',#1295,#1290,#549,.T.);
#1587=EDGE_CURVE('',#1296,#1289,#550,.T.);
#1588=EDGE_CURVE('',#1295,#1296,#551,.T.);
#1589=EDGE_CURVE('',#1297,#1288,#552,.T.);
#1590=EDGE_CURVE('',#1296,#1297,#553,.T.);
#1591=EDGE_CURVE('',#1298,#1299,#554,.T.);
#1592=EDGE_CURVE('',#1299,#1300,#555,.T.);
#1593=EDGE_CURVE('',#1300,#1301,#556,.T.);
#1594=EDGE_CURVE('',#1301,#1302,#557,.T.);
#1595=EDGE_CURVE('',#1302,#1303,#558,.T.);
#1596=EDGE_CURVE('',#1303,#1298,#559,.T.);
#1597=EDGE_CURVE('',#1304,#1305,#560,.T.);
#1598=EDGE_CURVE('',#1304,#1298,#561,.T.);
#1599=EDGE_CURVE('',#1303,#1305,#562,.T.);
#1600=EDGE_CURVE('',#1305,#1306,#563,.T.);
#1601=EDGE_CURVE('',#1306,#1295,#564,.T.);
#1602=EDGE_CURVE('',#1297,#1304,#565,.T.);
#1603=EDGE_CURVE('',#1302,#1307,#566,.T.);
#1604=EDGE_CURVE('',#1308,#1301,#567,.T.);
#1605=EDGE_CURVE('',#1307,#1308,#568,.T.);
#1606=EDGE_CURVE('',#1308,#1309,#569,.T.);
#1607=EDGE_CURVE('',#1309,#1300,#570,.T.);
#1608=EDGE_CURVE('',#1310,#1299,#571,.T.);
#1609=EDGE_CURVE('',#1309,#1310,#572,.T.);
#1610=EDGE_CURVE('',#1311,#1312,#573,.T.);
#1611=EDGE_CURVE('',#1312,#1313,#574,.T.);
#1612=EDGE_CURVE('',#1313,#1314,#575,.T.);
#1613=EDGE_CURVE('',#1314,#1315,#576,.T.);
#1614=EDGE_CURVE('',#1315,#1316,#577,.T.);
#1615=EDGE_CURVE('',#1316,#1311,#578,.T.);
#1616=EDGE_CURVE('',#1317,#1318,#579,.T.);
#1617=EDGE_CURVE('',#1317,#1312,#580,.T.);
#1618=EDGE_CURVE('',#1311,#1318,#581,.T.);
#1619=EDGE_CURVE('',#1310,#1317,#582,.T.);
#1620=EDGE_CURVE('',#1318,#1307,#583,.T.);
#1621=EDGE_CURVE('',#1234,#1313,#584,.T.);
#1622=EDGE_CURVE('',#1233,#1314,#585,.T.);
#1623=EDGE_CURVE('',#1232,#1315,#586,.T.);
#1624=EDGE_CURVE('',#1319,#1319,#1211,.T.);
#1625=EDGE_CURVE('',#1316,#1231,#587,.T.);
#1626=EDGE_CURVE('',#1291,#1306,#588,.T.);
#1627=EDGE_CURVE('',#1320,#1320,#1212,.T.);
#1628=EDGE_CURVE('',#1321,#1321,#1213,.T.);
#1629=EDGE_CURVE('',#1319,#1320,#589,.T.);
#1630=EDGE_CURVE('',#1321,#1228,#590,.T.);
#1631=EDGE_CURVE('',#1237,#1238,#591,.T.);
#1632=EDGE_CURVE('',#1322,#1322,#1214,.T.);
#1633=EDGE_CURVE('',#1323,#1323,#1215,.T.);
#1634=EDGE_CURVE('',#1324,#1324,#1216,.T.);
#1635=EDGE_CURVE('',#1324,#1323,#592,.T.);
#1636=EDGE_CURVE('',#1325,#1325,#1217,.T.);
#1637=EDGE_CURVE('',#1325,#1322,#593,.T.);
#1638=EDGE_CURVE('',#1326,#1326,#1218,.T.);
#1639=EDGE_CURVE('',#1326,#1327,#594,.T.);
#1640=EDGE_CURVE('',#1327,#1327,#1219,.T.);
#1641=EDGE_CURVE('',#1239,#1328,#595,.T.);
#1642=EDGE_CURVE('',#1329,#1328,#596,.T.);
#1643=EDGE_CURVE('',#1330,#1329,#597,.T.);
#1644=EDGE_CURVE('',#1331,#1330,#598,.T.);
#1645=EDGE_CURVE('',#1332,#1331,#599,.T.);
#1646=EDGE_CURVE('',#1333,#1332,#600,.T.);
#1647=EDGE_CURVE('',#1334,#1333,#601,.T.);
#1648=EDGE_CURVE('',#1335,#1334,#602,.T.);
#1649=EDGE_CURVE('',#1336,#1335,#603,.T.);
#1650=EDGE_CURVE('',#1337,#1336,#604,.T.);
#1651=EDGE_CURVE('',#1338,#1337,#605,.T.);
#1652=EDGE_CURVE('',#1339,#1338,#606,.T.);
#1653=EDGE_CURVE('',#1340,#1339,#607,.T.);
#1654=EDGE_CURVE('',#1341,#1340,#608,.T.);
#1655=EDGE_CURVE('',#1342,#1341,#609,.T.);
#1656=EDGE_CURVE('',#1343,#1342,#610,.T.);
#1657=EDGE_CURVE('',#1344,#1343,#611,.T.);
#1658=EDGE_CURVE('',#1345,#1344,#612,.T.);
#1659=EDGE_CURVE('',#1346,#1345,#613,.T.);
#1660=EDGE_CURVE('',#1347,#1346,#614,.T.);
#1661=EDGE_CURVE('',#1348,#1347,#615,.T.);
#1662=EDGE_CURVE('',#1349,#1348,#616,.T.);
#1663=EDGE_CURVE('',#1350,#1349,#617,.T.);
#1664=EDGE_CURVE('',#1351,#1350,#618,.T.);
#1665=EDGE_CURVE('',#1352,#1351,#619,.T.);
#1666=EDGE_CURVE('',#1353,#1352,#620,.T.);
#1667=EDGE_CURVE('',#1354,#1353,#621,.T.);
#1668=EDGE_CURVE('',#1355,#1354,#622,.T.);
#1669=EDGE_CURVE('',#1356,#1355,#623,.T.);
#1670=EDGE_CURVE('',#1357,#1356,#624,.T.);
#1671=EDGE_CURVE('',#1358,#1357,#625,.T.);
#1672=EDGE_CURVE('',#1359,#1358,#626,.T.);
#1673=EDGE_CURVE('',#1360,#1359,#627,.T.);
#1674=EDGE_CURVE('',#1361,#1360,#628,.T.);
#1675=EDGE_CURVE('',#1362,#1361,#629,.T.);
#1676=EDGE_CURVE('',#1363,#1362,#630,.T.);
#1677=EDGE_CURVE('',#1364,#1363,#631,.T.);
#1678=EDGE_CURVE('',#1365,#1364,#632,.T.);
#1679=EDGE_CURVE('',#1366,#1365,#633,.T.);
#1680=EDGE_CURVE('',#1367,#1366,#634,.T.);
#1681=EDGE_CURVE('',#1368,#1367,#635,.T.);
#1682=EDGE_CURVE('',#1369,#1368,#636,.T.);
#1683=EDGE_CURVE('',#1370,#1369,#637,.T.);
#1684=EDGE_CURVE('',#1371,#1370,#638,.T.);
#1685=EDGE_CURVE('',#1372,#1371,#639,.T.);
#1686=EDGE_CURVE('',#1373,#1372,#640,.T.);
#1687=EDGE_CURVE('',#1374,#1373,#641,.T.);
#1688=EDGE_CURVE('',#1375,#1374,#642,.T.);
#1689=EDGE_CURVE('',#1376,#1375,#643,.T.);
#1690=EDGE_CURVE('',#1376,#1377,#644,.T.);
#1691=EDGE_CURVE('',#1378,#1377,#645,.T.);
#1692=EDGE_CURVE('',#1286,#1378,#646,.T.);
#1693=EDGE_CURVE('',#1379,#1379,#1220,.T.);
#1694=EDGE_CURVE('',#1379,#1380,#647,.T.);
#1695=EDGE_CURVE('',#1380,#1380,#1221,.T.);
#1696=EDGE_CURVE('',#1381,#1382,#648,.T.);
#1697=EDGE_CURVE('',#1383,#1381,#649,.T.);
#1698=EDGE_CURVE('',#1384,#1383,#650,.T.);
#1699=EDGE_CURVE('',#1384,#1382,#651,.T.);
#1700=EDGE_CURVE('',#1367,#1385,#652,.T.);
#1701=EDGE_CURVE('',#1386,#1366,#653,.T.);
#1702=EDGE_CURVE('',#1386,#1385,#654,.T.);
#1703=EDGE_CURVE('',#1387,#1287,#655,.T.);
#1704=EDGE_CURVE('',#1388,#1387,#656,.T.);
#1705=EDGE_CURVE('',#1388,#1389,#657,.T.);
#1706=EDGE_CURVE('',#1390,#1389,#658,.T.);
#1707=EDGE_CURVE('',#1391,#1390,#659,.T.);
#1708=EDGE_CURVE('',#1392,#1391,#660,.T.);
#1709=EDGE_CURVE('',#1393,#1392,#661,.T.);
#1710=EDGE_CURVE('',#1394,#1393,#662,.T.);
#1711=EDGE_CURVE('',#1395,#1394,#663,.T.);
#1712=EDGE_CURVE('',#1396,#1395,#664,.T.);
#1713=EDGE_CURVE('',#1397,#1396,#665,.T.);
#1714=EDGE_CURVE('',#1385,#1397,#666,.T.);
#1715=EDGE_CURVE('',#1398,#1386,#667,.T.);
#1716=EDGE_CURVE('',#1399,#1398,#668,.T.);
#1717=EDGE_CURVE('',#1400,#1399,#669,.T.);
#1718=EDGE_CURVE('',#1401,#1400,#670,.T.);
#1719=EDGE_CURVE('',#1402,#1401,#671,.T.);
#1720=EDGE_CURVE('',#1403,#1402,#672,.T.);
#1721=EDGE_CURVE('',#1404,#1403,#673,.T.);
#1722=EDGE_CURVE('',#1405,#1404,#674,.T.);
#1723=EDGE_CURVE('',#1406,#1405,#675,.T.);
#1724=EDGE_CURVE('',#1407,#1406,#676,.T.);
#1725=EDGE_CURVE('',#1408,#1407,#677,.T.);
#1726=EDGE_CURVE('',#1409,#1408,#678,.T.);
#1727=EDGE_CURVE('',#1410,#1409,#679,.T.);
#1728=EDGE_CURVE('',#1411,#1410,#680,.T.);
#1729=EDGE_CURVE('',#1412,#1411,#681,.T.);
#1730=EDGE_CURVE('',#1413,#1412,#682,.T.);
#1731=EDGE_CURVE('',#1414,#1413,#683,.T.);
#1732=EDGE_CURVE('',#1415,#1414,#684,.T.);
#1733=EDGE_CURVE('',#1416,#1415,#685,.T.);
#1734=EDGE_CURVE('',#1417,#1416,#686,.T.);
#1735=EDGE_CURVE('',#1418,#1417,#687,.T.);
#1736=EDGE_CURVE('',#1419,#1418,#688,.T.);
#1737=EDGE_CURVE('',#1420,#1419,#689,.T.);
#1738=EDGE_CURVE('',#1421,#1420,#690,.T.);
#1739=EDGE_CURVE('',#1422,#1421,#691,.T.);
#1740=EDGE_CURVE('',#1423,#1422,#692,.T.);
#1741=EDGE_CURVE('',#1424,#1423,#693,.T.);
#1742=EDGE_CURVE('',#1425,#1424,#694,.T.);
#1743=EDGE_CURVE('',#1426,#1425,#695,.T.);
#1744=EDGE_CURVE('',#1427,#1426,#696,.T.);
#1745=EDGE_CURVE('',#1428,#1427,#697,.T.);
#1746=EDGE_CURVE('',#1429,#1428,#698,.T.);
#1747=EDGE_CURVE('',#1430,#1429,#699,.T.);
#1748=EDGE_CURVE('',#1431,#1430,#700,.T.);
#1749=EDGE_CURVE('',#1432,#1431,#701,.T.);
#1750=EDGE_CURVE('',#1433,#1432,#702,.T.);
#1751=EDGE_CURVE('',#1434,#1433,#703,.T.);
#1752=EDGE_CURVE('',#1435,#1434,#704,.T.);
#1753=EDGE_CURVE('',#1435,#1236,#705,.T.);
#1754=EDGE_CURVE('',#1436,#1437,#706,.T.);
#1755=EDGE_CURVE('',#1437,#1435,#707,.T.);
#1756=EDGE_CURVE('',#1436,#1434,#708,.T.);
#1757=EDGE_CURVE('',#1438,#1439,#709,.T.);
#1758=EDGE_CURVE('',#1439,#1437,#710,.T.);
#1759=EDGE_CURVE('',#1438,#1436,#711,.T.);
#1760=EDGE_CURVE('',#1328,#1439,#712,.T.);
#1761=EDGE_CURVE('',#1329,#1438,#713,.T.);
#1762=EDGE_CURVE('',#1433,#1330,#714,.T.);
#1763=EDGE_CURVE('',#1331,#1432,#715,.T.);
#1764=EDGE_CURVE('',#1431,#1440,#716,.T.);
#1765=EDGE_CURVE('',#1440,#1441,#717,.T.);
#1766=EDGE_CURVE('',#1441,#1332,#718,.T.);
#1767=EDGE_CURVE('',#1442,#1441,#719,.T.);
#1768=EDGE_CURVE('',#1333,#1442,#720,.T.);
#1769=EDGE_CURVE('',#1443,#1440,#721,.T.);
#1770=EDGE_CURVE('',#1442,#1443,#722,.T.);
#1771=EDGE_CURVE('',#1443,#1430,#723,.T.);
#1772=EDGE_CURVE('',#1429,#1334,#724,.T.);
#1773=EDGE_CURVE('',#1335,#1428,#725,.T.);
#1774=EDGE_CURVE('',#1427,#1444,#726,.T.);
#1775=EDGE_CURVE('',#1444,#1445,#727,.T.);
#1776=EDGE_CURVE('',#1445,#1336,#728,.T.);
#1777=EDGE_CURVE('',#1425,#1338,#729,.T.);
#1778=EDGE_CURVE('',#1337,#1446,#730,.T.);
#1779=EDGE_CURVE('',#1446,#1447,#731,.T.);
#1780=EDGE_CURVE('',#1447,#1426,#732,.T.);
#1781=EDGE_CURVE('',#1339,#1424,#733,.T.);
#1782=EDGE_CURVE('',#1423,#1448,#734,.T.);
#1783=EDGE_CURVE('',#1448,#1449,#735,.T.);
#1784=EDGE_CURVE('',#1449,#1340,#736,.T.);
#1785=EDGE_CURVE('',#1450,#1449,#737,.T.);
#1786=EDGE_CURVE('',#1341,#1450,#738,.T.);
#1787=EDGE_CURVE('',#1451,#1448,#739,.T.);
#1788=EDGE_CURVE('',#1450,#1451,#740,.T.);
#1789=EDGE_CURVE('',#1451,#1422,#741,.T.);
#1790=EDGE_CURVE('',#1421,#1342,#742,.T.);
#1791=EDGE_CURVE('',#1343,#1420,#743,.T.);
#1792=EDGE_CURVE('',#1419,#1452,#744,.T.);
#1793=EDGE_CURVE('',#1452,#1453,#745,.T.);
#1794=EDGE_CURVE('',#1453,#1344,#746,.T.);
#1795=EDGE_CURVE('',#1447,#1444,#747,.T.);
#1796=EDGE_CURVE('',#1446,#1445,#748,.T.);
#1797=EDGE_CURVE('',#1417,#1346,#749,.T.);
#1798=EDGE_CURVE('',#1345,#1454,#750,.T.);
#1799=EDGE_CURVE('',#1454,#1455,#751,.T.);
#1800=EDGE_CURVE('',#1455,#1418,#752,.T.);
#1801=EDGE_CURVE('',#1347,#1416,#753,.T.);
#1802=EDGE_CURVE('',#1415,#1456,#754,.T.);
#1803=EDGE_CURVE('',#1456,#1457,#755,.T.);
#1804=EDGE_CURVE('',#1457,#1348,#756,.T.);
#1805=EDGE_CURVE('',#1458,#1457,#757,.T.);
#1806=EDGE_CURVE('',#1349,#1458,#758,.T.);
#1807=EDGE_CURVE('',#1459,#1456,#759,.T.);
#1808=EDGE_CURVE('',#1458,#1459,#760,.T.);
#1809=EDGE_CURVE('',#1459,#1414,#761,.T.);
#1810=EDGE_CURVE('',#1413,#1350,#762,.T.);
#1811=EDGE_CURVE('',#1351,#1412,#763,.T.);
#1812=EDGE_CURVE('',#1411,#1460,#764,.T.);
#1813=EDGE_CURVE('',#1460,#1461,#765,.T.);
#1814=EDGE_CURVE('',#1461,#1352,#766,.T.);
#1815=EDGE_CURVE('',#1455,#1452,#767,.T.);
#1816=EDGE_CURVE('',#1454,#1453,#768,.T.);
#1817=EDGE_CURVE('',#1409,#1354,#769,.T.);
#1818=EDGE_CURVE('',#1353,#1462,#770,.T.);
#1819=EDGE_CURVE('',#1462,#1463,#771,.T.);
#1820=EDGE_CURVE('',#1463,#1410,#772,.T.);
#1821=EDGE_CURVE('',#1355,#1408,#773,.T.);
#1822=EDGE_CURVE('',#1407,#1464,#774,.T.);
#1823=EDGE_CURVE('',#1464,#1465,#775,.T.);
#1824=EDGE_CURVE('',#1465,#1356,#776,.T.);
#1825=EDGE_CURVE('',#1466,#1465,#777,.T.);
#1826=EDGE_CURVE('',#1357,#1466,#778,.T.);
#1827=EDGE_CURVE('',#1467,#1464,#779,.T.);
#1828=EDGE_CURVE('',#1466,#1467,#780,.T.);
#1829=EDGE_CURVE('',#1467,#1406,#781,.T.);
#1830=EDGE_CURVE('',#1463,#1460,#782,.T.);
#1831=EDGE_CURVE('',#1462,#1461,#783,.T.);
#1832=EDGE_CURVE('',#1405,#1358,#784,.T.);
#1833=EDGE_CURVE('',#1359,#1404,#785,.T.);
#1834=EDGE_CURVE('',#1403,#1468,#786,.T.);
#1835=EDGE_CURVE('',#1468,#1469,#787,.T.);
#1836=EDGE_CURVE('',#1469,#1360,#788,.T.);
#1837=EDGE_CURVE('',#1470,#1469,#789,.T.);
#1838=EDGE_CURVE('',#1361,#1470,#790,.T.);
#1839=EDGE_CURVE('',#1471,#1468,#791,.T.);
#1840=EDGE_CURVE('',#1470,#1471,#792,.T.);
#1841=EDGE_CURVE('',#1471,#1402,#793,.T.);
#1842=EDGE_CURVE('',#1401,#1362,#794,.T.);
#1843=EDGE_CURVE('',#1363,#1400,#795,.T.);
#1844=EDGE_CURVE('',#1399,#1472,#796,.T.);
#1845=EDGE_CURVE('',#1472,#1473,#797,.T.);
#1846=EDGE_CURVE('',#1473,#1364,#798,.T.);
#1847=EDGE_CURVE('',#1397,#1381,#799,.T.);
#1848=EDGE_CURVE('',#1382,#1368,#800,.T.);
#1849=EDGE_CURVE('',#1365,#1474,#801,.T.);
#1850=EDGE_CURVE('',#1474,#1475,#802,.T.);
#1851=EDGE_CURVE('',#1475,#1398,#803,.T.);
#1852=EDGE_CURVE('',#1369,#1384,#804,.T.);
#1853=EDGE_CURVE('',#1474,#1473,#805,.T.);
#1854=EDGE_CURVE('',#1383,#1396,#806,.T.);
#1855=EDGE_CURVE('',#1475,#1472,#807,.T.);
#1856=EDGE_CURVE('',#1395,#1370,#808,.T.);
#1857=EDGE_CURVE('',#1371,#1394,#809,.T.);
#1858=EDGE_CURVE('',#1393,#1476,#810,.T.);
#1859=EDGE_CURVE('',#1476,#1477,#811,.T.);
#1860=EDGE_CURVE('',#1477,#1372,#812,.T.);
#1861=EDGE_CURVE('',#1478,#1476,#813,.T.);
#1862=EDGE_CURVE('',#1479,#1478,#814,.T.);
#1863=EDGE_CURVE('',#1479,#1477,#815,.T.);
#1864=EDGE_CURVE('',#1478,#1392,#816,.T.);
#1865=EDGE_CURVE('',#1391,#1374,#817,.T.);
#1866=EDGE_CURVE('',#1373,#1479,#818,.T.);
#1867=EDGE_CURVE('',#1375,#1390,#819,.T.);
#1868=EDGE_CURVE('',#1389,#1480,#820,.T.);
#1869=EDGE_CURVE('',#1480,#1481,#821,.T.);
#1870=EDGE_CURVE('',#1481,#1376,#822,.T.);
#1871=EDGE_CURVE('',#1482,#1480,#823,.T.);
#1872=EDGE_CURVE('',#1483,#1482,#824,.T.);
#1873=EDGE_CURVE('',#1483,#1481,#825,.T.);
#1874=EDGE_CURVE('',#1482,#1388,#826,.T.);
#1875=EDGE_CURVE('',#1387,#1378,#827,.T.);
#1876=EDGE_CURVE('',#1377,#1483,#828,.T.);
#1877=ORIENTED_EDGE('',*,*,#1484,.F.);
#1878=ORIENTED_EDGE('',*,*,#1485,.T.);
#1879=ORIENTED_EDGE('',*,*,#1486,.F.);
#1880=ORIENTED_EDGE('',*,*,#1485,.F.);
#1881=ORIENTED_EDGE('',*,*,#1487,.F.);
#1882=ORIENTED_EDGE('',*,*,#1488,.T.);
#1883=ORIENTED_EDGE('',*,*,#1489,.F.);
#1884=ORIENTED_EDGE('',*,*,#1490,.F.);
#1885=ORIENTED_EDGE('',*,*,#1484,.T.);
#1886=ORIENTED_EDGE('',*,*,#1491,.T.);
#1887=ORIENTED_EDGE('',*,*,#1492,.T.);
#1888=ORIENTED_EDGE('',*,*,#1490,.T.);
#1889=ORIENTED_EDGE('',*,*,#1493,.T.);
#1890=ORIENTED_EDGE('',*,*,#1494,.F.);
#1891=ORIENTED_EDGE('',*,*,#1495,.T.);
#1892=ORIENTED_EDGE('',*,*,#1496,.F.);
#1893=ORIENTED_EDGE('',*,*,#1497,.F.);
#1894=ORIENTED_EDGE('',*,*,#1498,.F.);
#1895=ORIENTED_EDGE('',*,*,#1499,.F.);
#1896=ORIENTED_EDGE('',*,*,#1487,.T.);
#1897=ORIENTED_EDGE('',*,*,#1499,.T.);
#1898=ORIENTED_EDGE('',*,*,#1500,.T.);
#1899=ORIENTED_EDGE('',*,*,#1501,.T.);
#1900=ORIENTED_EDGE('',*,*,#1502,.T.);
#1901=ORIENTED_EDGE('',*,*,#1489,.T.);
#1902=ORIENTED_EDGE('',*,*,#1503,.F.);
#1903=ORIENTED_EDGE('',*,*,#1504,.T.);
#1904=ORIENTED_EDGE('',*,*,#1505,.F.);
#1905=ORIENTED_EDGE('',*,*,#1493,.F.);
#1906=ORIENTED_EDGE('',*,*,#1506,.F.);
#1907=ORIENTED_EDGE('',*,*,#1507,.T.);
#1908=ORIENTED_EDGE('',*,*,#1508,.T.);
#1909=ORIENTED_EDGE('',*,*,#1509,.F.);
#1910=ORIENTED_EDGE('',*,*,#1510,.F.);
#1911=ORIENTED_EDGE('',*,*,#1511,.T.);
#1912=ORIENTED_EDGE('',*,*,#1512,.T.);
#1913=ORIENTED_EDGE('',*,*,#1507,.F.);
#1914=ORIENTED_EDGE('',*,*,#1513,.F.);
#1915=ORIENTED_EDGE('',*,*,#1514,.T.);
#1916=ORIENTED_EDGE('',*,*,#1515,.T.);
#1917=ORIENTED_EDGE('',*,*,#1511,.F.);
#1918=ORIENTED_EDGE('',*,*,#1516,.F.);
#1919=ORIENTED_EDGE('',*,*,#1517,.T.);
#1920=ORIENTED_EDGE('',*,*,#1518,.T.);
#1921=ORIENTED_EDGE('',*,*,#1514,.F.);
#1922=ORIENTED_EDGE('',*,*,#1519,.F.);
#1923=ORIENTED_EDGE('',*,*,#1520,.T.);
#1924=ORIENTED_EDGE('',*,*,#1521,.T.);
#1925=ORIENTED_EDGE('',*,*,#1517,.F.);
#1926=ORIENTED_EDGE('',*,*,#1522,.F.);
#1927=ORIENTED_EDGE('',*,*,#1523,.T.);
#1928=ORIENTED_EDGE('',*,*,#1524,.T.);
#1929=ORIENTED_EDGE('',*,*,#1520,.F.);
#1930=ORIENTED_EDGE('',*,*,#1525,.F.);
#1931=ORIENTED_EDGE('',*,*,#1526,.T.);
#1932=ORIENTED_EDGE('',*,*,#1527,.T.);
#1933=ORIENTED_EDGE('',*,*,#1523,.F.);
#1934=ORIENTED_EDGE('',*,*,#1528,.F.);
#1935=ORIENTED_EDGE('',*,*,#1529,.T.);
#1936=ORIENTED_EDGE('',*,*,#1530,.T.);
#1937=ORIENTED_EDGE('',*,*,#1526,.F.);
#1938=ORIENTED_EDGE('',*,*,#1531,.F.);
#1939=ORIENTED_EDGE('',*,*,#1532,.T.);
#1940=ORIENTED_EDGE('',*,*,#1533,.T.);
#1941=ORIENTED_EDGE('',*,*,#1529,.F.);
#1942=ORIENTED_EDGE('',*,*,#1534,.F.);
#1943=ORIENTED_EDGE('',*,*,#1535,.T.);
#1944=ORIENTED_EDGE('',*,*,#1536,.T.);
#1945=ORIENTED_EDGE('',*,*,#1532,.F.);
#1946=ORIENTED_EDGE('',*,*,#1537,.F.);
#1947=ORIENTED_EDGE('',*,*,#1538,.T.);
#1948=ORIENTED_EDGE('',*,*,#1539,.T.);
#1949=ORIENTED_EDGE('',*,*,#1535,.F.);
#1950=ORIENTED_EDGE('',*,*,#1540,.F.);
#1951=ORIENTED_EDGE('',*,*,#1509,.T.);
#1952=ORIENTED_EDGE('',*,*,#1541,.T.);
#1953=ORIENTED_EDGE('',*,*,#1538,.F.);
#1954=ORIENTED_EDGE('',*,*,#1541,.F.);
#1955=ORIENTED_EDGE('',*,*,#1508,.F.);
#1956=ORIENTED_EDGE('',*,*,#1512,.F.);
#1957=ORIENTED_EDGE('',*,*,#1515,.F.);
#1958=ORIENTED_EDGE('',*,*,#1518,.F.);
#1959=ORIENTED_EDGE('',*,*,#1521,.F.);
#1960=ORIENTED_EDGE('',*,*,#1524,.F.);
#1961=ORIENTED_EDGE('',*,*,#1527,.F.);
#1962=ORIENTED_EDGE('',*,*,#1530,.F.);
#1963=ORIENTED_EDGE('',*,*,#1533,.F.);
#1964=ORIENTED_EDGE('',*,*,#1536,.F.);
#1965=ORIENTED_EDGE('',*,*,#1539,.F.);
#1966=ORIENTED_EDGE('',*,*,#1542,.F.);
#1967=ORIENTED_EDGE('',*,*,#1543,.T.);
#1968=ORIENTED_EDGE('',*,*,#1544,.T.);
#1969=ORIENTED_EDGE('',*,*,#1545,.F.);
#1970=ORIENTED_EDGE('',*,*,#1546,.F.);
#1971=ORIENTED_EDGE('',*,*,#1547,.T.);
#1972=ORIENTED_EDGE('',*,*,#1548,.T.);
#1973=ORIENTED_EDGE('',*,*,#1543,.F.);
#1974=ORIENTED_EDGE('',*,*,#1549,.F.);
#1975=ORIENTED_EDGE('',*,*,#1550,.T.);
#1976=ORIENTED_EDGE('',*,*,#1551,.T.);
#1977=ORIENTED_EDGE('',*,*,#1547,.F.);
#1978=ORIENTED_EDGE('',*,*,#1552,.F.);
#1979=ORIENTED_EDGE('',*,*,#1553,.T.);
#1980=ORIENTED_EDGE('',*,*,#1554,.T.);
#1981=ORIENTED_EDGE('',*,*,#1550,.F.);
#1982=ORIENTED_EDGE('',*,*,#1555,.F.);
#1983=ORIENTED_EDGE('',*,*,#1556,.T.);
#1984=ORIENTED_EDGE('',*,*,#1557,.T.);
#1985=ORIENTED_EDGE('',*,*,#1553,.F.);
#1986=ORIENTED_EDGE('',*,*,#1558,.F.);
#1987=ORIENTED_EDGE('',*,*,#1559,.T.);
#1988=ORIENTED_EDGE('',*,*,#1560,.T.);
#1989=ORIENTED_EDGE('',*,*,#1556,.F.);
#1990=ORIENTED_EDGE('',*,*,#1561,.F.);
#1991=ORIENTED_EDGE('',*,*,#1545,.T.);
#1992=ORIENTED_EDGE('',*,*,#1562,.T.);
#1993=ORIENTED_EDGE('',*,*,#1559,.F.);
#1994=ORIENTED_EDGE('',*,*,#1562,.F.);
#1995=ORIENTED_EDGE('',*,*,#1544,.F.);
#1996=ORIENTED_EDGE('',*,*,#1548,.F.);
#1997=ORIENTED_EDGE('',*,*,#1551,.F.);
#1998=ORIENTED_EDGE('',*,*,#1554,.F.);
#1999=ORIENTED_EDGE('',*,*,#1557,.F.);
#2000=ORIENTED_EDGE('',*,*,#1560,.F.);
#2001=ORIENTED_EDGE('',*,*,#1563,.F.);
#2002=ORIENTED_EDGE('',*,*,#1564,.T.);
#2003=ORIENTED_EDGE('',*,*,#1565,.T.);
#2004=ORIENTED_EDGE('',*,*,#1566,.F.);
#2005=ORIENTED_EDGE('',*,*,#1567,.F.);
#2006=ORIENTED_EDGE('',*,*,#1568,.T.);
#2007=ORIENTED_EDGE('',*,*,#1569,.T.);
#2008=ORIENTED_EDGE('',*,*,#1564,.F.);
#2009=ORIENTED_EDGE('',*,*,#1570,.F.);
#2010=ORIENTED_EDGE('',*,*,#1571,.T.);
#2011=ORIENTED_EDGE('',*,*,#1572,.T.);
#2012=ORIENTED_EDGE('',*,*,#1568,.F.);
#2013=ORIENTED_EDGE('',*,*,#1573,.F.);
#2014=ORIENTED_EDGE('',*,*,#1566,.T.);
#2015=ORIENTED_EDGE('',*,*,#1574,.T.);
#2016=ORIENTED_EDGE('',*,*,#1571,.F.);
#2017=ORIENTED_EDGE('',*,*,#1574,.F.);
#2018=ORIENTED_EDGE('',*,*,#1565,.F.);
#2019=ORIENTED_EDGE('',*,*,#1569,.F.);
#2020=ORIENTED_EDGE('',*,*,#1572,.F.);
#2021=ORIENTED_EDGE('',*,*,#1575,.T.);
#2022=ORIENTED_EDGE('',*,*,#1576,.T.);
#2023=ORIENTED_EDGE('',*,*,#1577,.T.);
#2024=ORIENTED_EDGE('',*,*,#1578,.T.);
#2025=ORIENTED_EDGE('',*,*,#1579,.T.);
#2026=ORIENTED_EDGE('',*,*,#1580,.T.);
#2027=ORIENTED_EDGE('',*,*,#1581,.F.);
#2028=ORIENTED_EDGE('',*,*,#1582,.T.);
#2029=ORIENTED_EDGE('',*,*,#1492,.F.);
#2030=ORIENTED_EDGE('',*,*,#1582,.F.);
#2031=ORIENTED_EDGE('',*,*,#1583,.T.);
#2032=ORIENTED_EDGE('',*,*,#1584,.T.);
#2033=ORIENTED_EDGE('',*,*,#1585,.T.);
#2034=ORIENTED_EDGE('',*,*,#1584,.F.);
#2035=ORIENTED_EDGE('',*,*,#1586,.T.);
#2036=ORIENTED_EDGE('',*,*,#1578,.F.);
#2037=ORIENTED_EDGE('',*,*,#1587,.F.);
#2038=ORIENTED_EDGE('',*,*,#1588,.F.);
#2039=ORIENTED_EDGE('',*,*,#1583,.F.);
#2040=ORIENTED_EDGE('',*,*,#1589,.F.);
#2041=ORIENTED_EDGE('',*,*,#1590,.F.);
#2042=ORIENTED_EDGE('',*,*,#1587,.T.);
#2043=ORIENTED_EDGE('',*,*,#1577,.F.);
#2044=ORIENTED_EDGE('',*,*,#1591,.T.);
#2045=ORIENTED_EDGE('',*,*,#1592,.T.);
#2046=ORIENTED_EDGE('',*,*,#1593,.T.);
#2047=ORIENTED_EDGE('',*,*,#1594,.T.);
#2048=ORIENTED_EDGE('',*,*,#1595,.T.);
#2049=ORIENTED_EDGE('',*,*,#1596,.T.);
#2050=ORIENTED_EDGE('',*,*,#1597,.F.);
#2051=ORIENTED_EDGE('',*,*,#1598,.T.);
#2052=ORIENTED_EDGE('',*,*,#1596,.F.);
#2053=ORIENTED_EDGE('',*,*,#1599,.T.);
#2054=ORIENTED_EDGE('',*,*,#1600,.T.);
#2055=ORIENTED_EDGE('',*,*,#1601,.T.);
#2056=ORIENTED_EDGE('',*,*,#1588,.T.);
#2057=ORIENTED_EDGE('',*,*,#1590,.T.);
#2058=ORIENTED_EDGE('',*,*,#1602,.T.);
#2059=ORIENTED_EDGE('',*,*,#1597,.T.);
#2060=ORIENTED_EDGE('',*,*,#1603,.F.);
#2061=ORIENTED_EDGE('',*,*,#1594,.F.);
#2062=ORIENTED_EDGE('',*,*,#1604,.F.);
#2063=ORIENTED_EDGE('',*,*,#1605,.F.);
#2064=ORIENTED_EDGE('',*,*,#1606,.F.);
#2065=ORIENTED_EDGE('',*,*,#1604,.T.);
#2066=ORIENTED_EDGE('',*,*,#1593,.F.);
#2067=ORIENTED_EDGE('',*,*,#1607,.F.);
#2068=ORIENTED_EDGE('',*,*,#1608,.F.);
#2069=ORIENTED_EDGE('',*,*,#1609,.F.);
#2070=ORIENTED_EDGE('',*,*,#1607,.T.);
#2071=ORIENTED_EDGE('',*,*,#1592,.F.);
#2072=ORIENTED_EDGE('',*,*,#1610,.T.);
#2073=ORIENTED_EDGE('',*,*,#1611,.T.);
#2074=ORIENTED_EDGE('',*,*,#1612,.T.);
#2075=ORIENTED_EDGE('',*,*,#1613,.T.);
#2076=ORIENTED_EDGE('',*,*,#1614,.T.);
#2077=ORIENTED_EDGE('',*,*,#1615,.T.);
#2078=ORIENTED_EDGE('',*,*,#1616,.F.);
#2079=ORIENTED_EDGE('',*,*,#1617,.T.);
#2080=ORIENTED_EDGE('',*,*,#1610,.F.);
#2081=ORIENTED_EDGE('',*,*,#1618,.T.);
#2082=ORIENTED_EDGE('',*,*,#1606,.T.);
#2083=ORIENTED_EDGE('',*,*,#1609,.T.);
#2084=ORIENTED_EDGE('',*,*,#1619,.T.);
#2085=ORIENTED_EDGE('',*,*,#1616,.T.);
#2086=ORIENTED_EDGE('',*,*,#1620,.T.);
#2087=ORIENTED_EDGE('',*,*,#1605,.T.);
#2088=ORIENTED_EDGE('',*,*,#1621,.F.);
#2089=ORIENTED_EDGE('',*,*,#1497,.T.);
#2090=ORIENTED_EDGE('',*,*,#1622,.T.);
#2091=ORIENTED_EDGE('',*,*,#1612,.F.);
#2092=ORIENTED_EDGE('',*,*,#1622,.F.);
#2093=ORIENTED_EDGE('',*,*,#1496,.T.);
#2094=ORIENTED_EDGE('',*,*,#1623,.T.);
#2095=ORIENTED_EDGE('',*,*,#1613,.F.);
#2096=ORIENTED_EDGE('',*,*,#1506,.T.);
#2097=ORIENTED_EDGE('',*,*,#1540,.T.);
#2098=ORIENTED_EDGE('',*,*,#1537,.T.);
#2099=ORIENTED_EDGE('',*,*,#1534,.T.);
#2100=ORIENTED_EDGE('',*,*,#1531,.T.);
#2101=ORIENTED_EDGE('',*,*,#1528,.T.);
#2102=ORIENTED_EDGE('',*,*,#1525,.T.);
#2103=ORIENTED_EDGE('',*,*,#1522,.T.);
#2104=ORIENTED_EDGE('',*,*,#1519,.T.);
#2105=ORIENTED_EDGE('',*,*,#1516,.T.);
#2106=ORIENTED_EDGE('',*,*,#1513,.T.);
#2107=ORIENTED_EDGE('',*,*,#1510,.T.);
#2108=ORIENTED_EDGE('',*,*,#1542,.T.);
#2109=ORIENTED_EDGE('',*,*,#1561,.T.);
#2110=ORIENTED_EDGE('',*,*,#1558,.T.);
#2111=ORIENTED_EDGE('',*,*,#1555,.T.);
#2112=ORIENTED_EDGE('',*,*,#1552,.T.);
#2113=ORIENTED_EDGE('',*,*,#1549,.T.);
#2114=ORIENTED_EDGE('',*,*,#1546,.T.);
#2115=ORIENTED_EDGE('',*,*,#1563,.T.);
#2116=ORIENTED_EDGE('',*,*,#1573,.T.);
#2117=ORIENTED_EDGE('',*,*,#1570,.T.);
#2118=ORIENTED_EDGE('',*,*,#1567,.T.);
#2119=ORIENTED_EDGE('',*,*,#1624,.T.);
#2120=ORIENTED_EDGE('',*,*,#1486,.T.);
#2121=ORIENTED_EDGE('',*,*,#1623,.F.);
#2122=ORIENTED_EDGE('',*,*,#1495,.F.);
#2123=ORIENTED_EDGE('',*,*,#1625,.F.);
#2124=ORIENTED_EDGE('',*,*,#1614,.F.);
#2125=ORIENTED_EDGE('',*,*,#1579,.F.);
#2126=ORIENTED_EDGE('',*,*,#1586,.F.);
#2127=ORIENTED_EDGE('',*,*,#1601,.F.);
#2128=ORIENTED_EDGE('',*,*,#1626,.F.);
#2129=ORIENTED_EDGE('',*,*,#1585,.F.);
#2130=ORIENTED_EDGE('',*,*,#1581,.T.);
#2131=ORIENTED_EDGE('',*,*,#1627,.F.);
#2132=ORIENTED_EDGE('',*,*,#1628,.T.);
#2133=ORIENTED_EDGE('',*,*,#1624,.F.);
#2134=ORIENTED_EDGE('',*,*,#1629,.T.);
#2135=ORIENTED_EDGE('',*,*,#1627,.T.);
#2136=ORIENTED_EDGE('',*,*,#1629,.F.);
#2137=ORIENTED_EDGE('',*,*,#1628,.F.);
#2138=ORIENTED_EDGE('',*,*,#1630,.T.);
#2139=ORIENTED_EDGE('',*,*,#1491,.F.);
#2140=ORIENTED_EDGE('',*,*,#1630,.F.);
#2141=ORIENTED_EDGE('',*,*,#1502,.F.);
#2142=ORIENTED_EDGE('',*,*,#1631,.T.);
#2143=ORIENTED_EDGE('',*,*,#1503,.T.);
#2144=ORIENTED_EDGE('',*,*,#1488,.F.);
#2145=ORIENTED_EDGE('',*,*,#1632,.T.);
#2146=ORIENTED_EDGE('',*,*,#1633,.T.);
#2147=ORIENTED_EDGE('',*,*,#1634,.F.);
#2148=ORIENTED_EDGE('',*,*,#1635,.T.);
#2149=ORIENTED_EDGE('',*,*,#1633,.F.);
#2150=ORIENTED_EDGE('',*,*,#1635,.F.);
#2151=ORIENTED_EDGE('',*,*,#1636,.F.);
#2152=ORIENTED_EDGE('',*,*,#1637,.T.);
#2153=ORIENTED_EDGE('',*,*,#1632,.F.);
#2154=ORIENTED_EDGE('',*,*,#1637,.F.);
#2155=ORIENTED_EDGE('',*,*,#1638,.F.);
#2156=ORIENTED_EDGE('',*,*,#1639,.T.);
#2157=ORIENTED_EDGE('',*,*,#1640,.T.);
#2158=ORIENTED_EDGE('',*,*,#1639,.F.);
#2159=ORIENTED_EDGE('',*,*,#1640,.F.);
#2160=ORIENTED_EDGE('',*,*,#1634,.T.);
#2161=ORIENTED_EDGE('',*,*,#1505,.T.);
#2162=ORIENTED_EDGE('',*,*,#1641,.T.);
#2163=ORIENTED_EDGE('',*,*,#1642,.F.);
#2164=ORIENTED_EDGE('',*,*,#1643,.F.);
#2165=ORIENTED_EDGE('',*,*,#1644,.F.);
#2166=ORIENTED_EDGE('',*,*,#1645,.F.);
#2167=ORIENTED_EDGE('',*,*,#1646,.F.);
#2168=ORIENTED_EDGE('',*,*,#1647,.F.);
#2169=ORIENTED_EDGE('',*,*,#1648,.F.);
#2170=ORIENTED_EDGE('',*,*,#1649,.F.);
#2171=ORIENTED_EDGE('',*,*,#1650,.F.);
#2172=ORIENTED_EDGE('',*,*,#1651,.F.);
#2173=ORIENTED_EDGE('',*,*,#1652,.F.);
#2174=ORIENTED_EDGE('',*,*,#1653,.F.);
#2175=ORIENTED_EDGE('',*,*,#1654,.F.);
#2176=ORIENTED_EDGE('',*,*,#1655,.F.);
#2177=ORIENTED_EDGE('',*,*,#1656,.F.);
#2178=ORIENTED_EDGE('',*,*,#1657,.F.);
#2179=ORIENTED_EDGE('',*,*,#1658,.F.);
#2180=ORIENTED_EDGE('',*,*,#1659,.F.);
#2181=ORIENTED_EDGE('',*,*,#1660,.F.);
#2182=ORIENTED_EDGE('',*,*,#1661,.F.);
#2183=ORIENTED_EDGE('',*,*,#1662,.F.);
#2184=ORIENTED_EDGE('',*,*,#1663,.F.);
#2185=ORIENTED_EDGE('',*,*,#1664,.F.);
#2186=ORIENTED_EDGE('',*,*,#1665,.F.);
#2187=ORIENTED_EDGE('',*,*,#1666,.F.);
#2188=ORIENTED_EDGE('',*,*,#1667,.F.);
#2189=ORIENTED_EDGE('',*,*,#1668,.F.);
#2190=ORIENTED_EDGE('',*,*,#1669,.F.);
#2191=ORIENTED_EDGE('',*,*,#1670,.F.);
#2192=ORIENTED_EDGE('',*,*,#1671,.F.);
#2193=ORIENTED_EDGE('',*,*,#1672,.F.);
#2194=ORIENTED_EDGE('',*,*,#1673,.F.);
#2195=ORIENTED_EDGE('',*,*,#1674,.F.);
#2196=ORIENTED_EDGE('',*,*,#1675,.F.);
#2197=ORIENTED_EDGE('',*,*,#1676,.F.);
#2198=ORIENTED_EDGE('',*,*,#1677,.F.);
#2199=ORIENTED_EDGE('',*,*,#1678,.F.);
#2200=ORIENTED_EDGE('',*,*,#1679,.F.);
#2201=ORIENTED_EDGE('',*,*,#1680,.F.);
#2202=ORIENTED_EDGE('',*,*,#1681,.F.);
#2203=ORIENTED_EDGE('',*,*,#1682,.F.);
#2204=ORIENTED_EDGE('',*,*,#1683,.F.);
#2205=ORIENTED_EDGE('',*,*,#1684,.F.);
#2206=ORIENTED_EDGE('',*,*,#1685,.F.);
#2207=ORIENTED_EDGE('',*,*,#1686,.F.);
#2208=ORIENTED_EDGE('',*,*,#1687,.F.);
#2209=ORIENTED_EDGE('',*,*,#1688,.F.);
#2210=ORIENTED_EDGE('',*,*,#1689,.F.);
#2211=ORIENTED_EDGE('',*,*,#1690,.T.);
#2212=ORIENTED_EDGE('',*,*,#1691,.F.);
#2213=ORIENTED_EDGE('',*,*,#1692,.F.);
#2214=ORIENTED_EDGE('',*,*,#1580,.F.);
#2215=ORIENTED_EDGE('',*,*,#1626,.T.);
#2216=ORIENTED_EDGE('',*,*,#1600,.F.);
#2217=ORIENTED_EDGE('',*,*,#1599,.F.);
#2218=ORIENTED_EDGE('',*,*,#1595,.F.);
#2219=ORIENTED_EDGE('',*,*,#1603,.T.);
#2220=ORIENTED_EDGE('',*,*,#1620,.F.);
#2221=ORIENTED_EDGE('',*,*,#1618,.F.);
#2222=ORIENTED_EDGE('',*,*,#1615,.F.);
#2223=ORIENTED_EDGE('',*,*,#1625,.T.);
#2224=ORIENTED_EDGE('',*,*,#1494,.T.);
#2225=ORIENTED_EDGE('',*,*,#1693,.F.);
#2226=ORIENTED_EDGE('',*,*,#1694,.T.);
#2227=ORIENTED_EDGE('',*,*,#1695,.T.);
#2228=ORIENTED_EDGE('',*,*,#1694,.F.);
#2229=ORIENTED_EDGE('',*,*,#1695,.F.);
#2230=ORIENTED_EDGE('',*,*,#1636,.T.);
#2231=ORIENTED_EDGE('',*,*,#1696,.F.);
#2232=ORIENTED_EDGE('',*,*,#1697,.F.);
#2233=ORIENTED_EDGE('',*,*,#1698,.F.);
#2234=ORIENTED_EDGE('',*,*,#1699,.T.);
#2235=ORIENTED_EDGE('',*,*,#1700,.F.);
#2236=ORIENTED_EDGE('',*,*,#1680,.T.);
#2237=ORIENTED_EDGE('',*,*,#1701,.F.);
#2238=ORIENTED_EDGE('',*,*,#1702,.T.);
#2239=ORIENTED_EDGE('',*,*,#1703,.F.);
#2240=ORIENTED_EDGE('',*,*,#1704,.F.);
#2241=ORIENTED_EDGE('',*,*,#1705,.T.);
#2242=ORIENTED_EDGE('',*,*,#1706,.F.);
#2243=ORIENTED_EDGE('',*,*,#1707,.F.);
#2244=ORIENTED_EDGE('',*,*,#1708,.F.);
#2245=ORIENTED_EDGE('',*,*,#1709,.F.);
#2246=ORIENTED_EDGE('',*,*,#1710,.F.);
#2247=ORIENTED_EDGE('',*,*,#1711,.F.);
#2248=ORIENTED_EDGE('',*,*,#1712,.F.);
#2249=ORIENTED_EDGE('',*,*,#1713,.F.);
#2250=ORIENTED_EDGE('',*,*,#1714,.F.);
#2251=ORIENTED_EDGE('',*,*,#1702,.F.);
#2252=ORIENTED_EDGE('',*,*,#1715,.F.);
#2253=ORIENTED_EDGE('',*,*,#1716,.F.);
#2254=ORIENTED_EDGE('',*,*,#1717,.F.);
#2255=ORIENTED_EDGE('',*,*,#1718,.F.);
#2256=ORIENTED_EDGE('',*,*,#1719,.F.);
#2257=ORIENTED_EDGE('',*,*,#1720,.F.);
#2258=ORIENTED_EDGE('',*,*,#1721,.F.);
#2259=ORIENTED_EDGE('',*,*,#1722,.F.);
#2260=ORIENTED_EDGE('',*,*,#1723,.F.);
#2261=ORIENTED_EDGE('',*,*,#1724,.F.);
#2262=ORIENTED_EDGE('',*,*,#1725,.F.);
#2263=ORIENTED_EDGE('',*,*,#1726,.F.);
#2264=ORIENTED_EDGE('',*,*,#1727,.F.);
#2265=ORIENTED_EDGE('',*,*,#1728,.F.);
#2266=ORIENTED_EDGE('',*,*,#1729,.F.);
#2267=ORIENTED_EDGE('',*,*,#1730,.F.);
#2268=ORIENTED_EDGE('',*,*,#1731,.F.);
#2269=ORIENTED_EDGE('',*,*,#1732,.F.);
#2270=ORIENTED_EDGE('',*,*,#1733,.F.);
#2271=ORIENTED_EDGE('',*,*,#1734,.F.);
#2272=ORIENTED_EDGE('',*,*,#1735,.F.);
#2273=ORIENTED_EDGE('',*,*,#1736,.F.);
#2274=ORIENTED_EDGE('',*,*,#1737,.F.);
#2275=ORIENTED_EDGE('',*,*,#1738,.F.);
#2276=ORIENTED_EDGE('',*,*,#1739,.F.);
#2277=ORIENTED_EDGE('',*,*,#1740,.F.);
#2278=ORIENTED_EDGE('',*,*,#1741,.F.);
#2279=ORIENTED_EDGE('',*,*,#1742,.F.);
#2280=ORIENTED_EDGE('',*,*,#1743,.F.);
#2281=ORIENTED_EDGE('',*,*,#1744,.F.);
#2282=ORIENTED_EDGE('',*,*,#1745,.F.);
#2283=ORIENTED_EDGE('',*,*,#1746,.F.);
#2284=ORIENTED_EDGE('',*,*,#1747,.F.);
#2285=ORIENTED_EDGE('',*,*,#1748,.F.);
#2286=ORIENTED_EDGE('',*,*,#1749,.F.);
#2287=ORIENTED_EDGE('',*,*,#1750,.F.);
#2288=ORIENTED_EDGE('',*,*,#1751,.F.);
#2289=ORIENTED_EDGE('',*,*,#1752,.F.);
#2290=ORIENTED_EDGE('',*,*,#1753,.T.);
#2291=ORIENTED_EDGE('',*,*,#1500,.F.);
#2292=ORIENTED_EDGE('',*,*,#1498,.T.);
#2293=ORIENTED_EDGE('',*,*,#1621,.T.);
#2294=ORIENTED_EDGE('',*,*,#1611,.F.);
#2295=ORIENTED_EDGE('',*,*,#1617,.F.);
#2296=ORIENTED_EDGE('',*,*,#1619,.F.);
#2297=ORIENTED_EDGE('',*,*,#1608,.T.);
#2298=ORIENTED_EDGE('',*,*,#1591,.F.);
#2299=ORIENTED_EDGE('',*,*,#1598,.F.);
#2300=ORIENTED_EDGE('',*,*,#1602,.F.);
#2301=ORIENTED_EDGE('',*,*,#1589,.T.);
#2302=ORIENTED_EDGE('',*,*,#1576,.F.);
#2303=ORIENTED_EDGE('',*,*,#1754,.T.);
#2304=ORIENTED_EDGE('',*,*,#1755,.T.);
#2305=ORIENTED_EDGE('',*,*,#1752,.T.);
#2306=ORIENTED_EDGE('',*,*,#1756,.F.);
#2307=ORIENTED_EDGE('',*,*,#1757,.T.);
#2308=ORIENTED_EDGE('',*,*,#1758,.T.);
#2309=ORIENTED_EDGE('',*,*,#1754,.F.);
#2310=ORIENTED_EDGE('',*,*,#1759,.F.);
#2311=ORIENTED_EDGE('',*,*,#1693,.T.);
#2312=ORIENTED_EDGE('',*,*,#1642,.T.);
#2313=ORIENTED_EDGE('',*,*,#1760,.T.);
#2314=ORIENTED_EDGE('',*,*,#1757,.F.);
#2315=ORIENTED_EDGE('',*,*,#1761,.F.);
#2316=ORIENTED_EDGE('',*,*,#1762,.T.);
#2317=ORIENTED_EDGE('',*,*,#1643,.T.);
#2318=ORIENTED_EDGE('',*,*,#1761,.T.);
#2319=ORIENTED_EDGE('',*,*,#1759,.T.);
#2320=ORIENTED_EDGE('',*,*,#1756,.T.);
#2321=ORIENTED_EDGE('',*,*,#1751,.T.);
#2322=ORIENTED_EDGE('',*,*,#1762,.F.);
#2323=ORIENTED_EDGE('',*,*,#1750,.T.);
#2324=ORIENTED_EDGE('',*,*,#1763,.F.);
#2325=ORIENTED_EDGE('',*,*,#1644,.T.);
#2326=ORIENTED_EDGE('',*,*,#1763,.T.);
#2327=ORIENTED_EDGE('',*,*,#1749,.T.);
#2328=ORIENTED_EDGE('',*,*,#1764,.T.);
#2329=ORIENTED_EDGE('',*,*,#1765,.T.);
#2330=ORIENTED_EDGE('',*,*,#1766,.T.);
#2331=ORIENTED_EDGE('',*,*,#1645,.T.);
#2332=ORIENTED_EDGE('',*,*,#1766,.F.);
#2333=ORIENTED_EDGE('',*,*,#1767,.F.);
#2334=ORIENTED_EDGE('',*,*,#1768,.F.);
#2335=ORIENTED_EDGE('',*,*,#1646,.T.);
#2336=ORIENTED_EDGE('',*,*,#1765,.F.);
#2337=ORIENTED_EDGE('',*,*,#1769,.F.);
#2338=ORIENTED_EDGE('',*,*,#1770,.F.);
#2339=ORIENTED_EDGE('',*,*,#1767,.T.);
#2340=ORIENTED_EDGE('',*,*,#1764,.F.);
#2341=ORIENTED_EDGE('',*,*,#1748,.T.);
#2342=ORIENTED_EDGE('',*,*,#1771,.F.);
#2343=ORIENTED_EDGE('',*,*,#1769,.T.);
#2344=ORIENTED_EDGE('',*,*,#1772,.T.);
#2345=ORIENTED_EDGE('',*,*,#1647,.T.);
#2346=ORIENTED_EDGE('',*,*,#1768,.T.);
#2347=ORIENTED_EDGE('',*,*,#1770,.T.);
#2348=ORIENTED_EDGE('',*,*,#1771,.T.);
#2349=ORIENTED_EDGE('',*,*,#1747,.T.);
#2350=ORIENTED_EDGE('',*,*,#1772,.F.);
#2351=ORIENTED_EDGE('',*,*,#1746,.T.);
#2352=ORIENTED_EDGE('',*,*,#1773,.F.);
#2353=ORIENTED_EDGE('',*,*,#1648,.T.);
#2354=ORIENTED_EDGE('',*,*,#1773,.T.);
#2355=ORIENTED_EDGE('',*,*,#1745,.T.);
#2356=ORIENTED_EDGE('',*,*,#1774,.T.);
#2357=ORIENTED_EDGE('',*,*,#1775,.T.);
#2358=ORIENTED_EDGE('',*,*,#1776,.T.);
#2359=ORIENTED_EDGE('',*,*,#1649,.T.);
#2360=ORIENTED_EDGE('',*,*,#1777,.T.);
#2361=ORIENTED_EDGE('',*,*,#1651,.T.);
#2362=ORIENTED_EDGE('',*,*,#1778,.T.);
#2363=ORIENTED_EDGE('',*,*,#1779,.T.);
#2364=ORIENTED_EDGE('',*,*,#1780,.T.);
#2365=ORIENTED_EDGE('',*,*,#1743,.T.);
#2366=ORIENTED_EDGE('',*,*,#1777,.F.);
#2367=ORIENTED_EDGE('',*,*,#1742,.T.);
#2368=ORIENTED_EDGE('',*,*,#1781,.F.);
#2369=ORIENTED_EDGE('',*,*,#1652,.T.);
#2370=ORIENTED_EDGE('',*,*,#1781,.T.);
#2371=ORIENTED_EDGE('',*,*,#1741,.T.);
#2372=ORIENTED_EDGE('',*,*,#1782,.T.);
#2373=ORIENTED_EDGE('',*,*,#1783,.T.);
#2374=ORIENTED_EDGE('',*,*,#1784,.T.);
#2375=ORIENTED_EDGE('',*,*,#1653,.T.);
#2376=ORIENTED_EDGE('',*,*,#1784,.F.);
#2377=ORIENTED_EDGE('',*,*,#1785,.F.);
#2378=ORIENTED_EDGE('',*,*,#1786,.F.);
#2379=ORIENTED_EDGE('',*,*,#1654,.T.);
#2380=ORIENTED_EDGE('',*,*,#1783,.F.);
#2381=ORIENTED_EDGE('',*,*,#1787,.F.);
#2382=ORIENTED_EDGE('',*,*,#1788,.F.);
#2383=ORIENTED_EDGE('',*,*,#1785,.T.);
#2384=ORIENTED_EDGE('',*,*,#1782,.F.);
#2385=ORIENTED_EDGE('',*,*,#1740,.T.);
#2386=ORIENTED_EDGE('',*,*,#1789,.F.);
#2387=ORIENTED_EDGE('',*,*,#1787,.T.);
#2388=ORIENTED_EDGE('',*,*,#1790,.T.);
#2389=ORIENTED_EDGE('',*,*,#1655,.T.);
#2390=ORIENTED_EDGE('',*,*,#1786,.T.);
#2391=ORIENTED_EDGE('',*,*,#1788,.T.);
#2392=ORIENTED_EDGE('',*,*,#1789,.T.);
#2393=ORIENTED_EDGE('',*,*,#1739,.T.);
#2394=ORIENTED_EDGE('',*,*,#1790,.F.);
#2395=ORIENTED_EDGE('',*,*,#1738,.T.);
#2396=ORIENTED_EDGE('',*,*,#1791,.F.);
#2397=ORIENTED_EDGE('',*,*,#1656,.T.);
#2398=ORIENTED_EDGE('',*,*,#1791,.T.);
#2399=ORIENTED_EDGE('',*,*,#1737,.T.);
#2400=ORIENTED_EDGE('',*,*,#1792,.T.);
#2401=ORIENTED_EDGE('',*,*,#1793,.T.);
#2402=ORIENTED_EDGE('',*,*,#1794,.T.);
#2403=ORIENTED_EDGE('',*,*,#1657,.T.);
#2404=ORIENTED_EDGE('',*,*,#1774,.F.);
#2405=ORIENTED_EDGE('',*,*,#1744,.T.);
#2406=ORIENTED_EDGE('',*,*,#1780,.F.);
#2407=ORIENTED_EDGE('',*,*,#1795,.T.);
#2408=ORIENTED_EDGE('',*,*,#1775,.F.);
#2409=ORIENTED_EDGE('',*,*,#1795,.F.);
#2410=ORIENTED_EDGE('',*,*,#1779,.F.);
#2411=ORIENTED_EDGE('',*,*,#1796,.T.);
#2412=ORIENTED_EDGE('',*,*,#1776,.F.);
#2413=ORIENTED_EDGE('',*,*,#1796,.F.);
#2414=ORIENTED_EDGE('',*,*,#1778,.F.);
#2415=ORIENTED_EDGE('',*,*,#1650,.T.);
#2416=ORIENTED_EDGE('',*,*,#1797,.T.);
#2417=ORIENTED_EDGE('',*,*,#1659,.T.);
#2418=ORIENTED_EDGE('',*,*,#1798,.T.);
#2419=ORIENTED_EDGE('',*,*,#1799,.T.);
#2420=ORIENTED_EDGE('',*,*,#1800,.T.);
#2421=ORIENTED_EDGE('',*,*,#1735,.T.);
#2422=ORIENTED_EDGE('',*,*,#1797,.F.);
#2423=ORIENTED_EDGE('',*,*,#1734,.T.);
#2424=ORIENTED_EDGE('',*,*,#1801,.F.);
#2425=ORIENTED_EDGE('',*,*,#1660,.T.);
#2426=ORIENTED_EDGE('',*,*,#1801,.T.);
#2427=ORIENTED_EDGE('',*,*,#1733,.T.);
#2428=ORIENTED_EDGE('',*,*,#1802,.T.);
#2429=ORIENTED_EDGE('',*,*,#1803,.T.);
#2430=ORIENTED_EDGE('',*,*,#1804,.T.);
#2431=ORIENTED_EDGE('',*,*,#1661,.T.);
#2432=ORIENTED_EDGE('',*,*,#1804,.F.);
#2433=ORIENTED_EDGE('',*,*,#1805,.F.);
#2434=ORIENTED_EDGE('',*,*,#1806,.F.);
#2435=ORIENTED_EDGE('',*,*,#1662,.T.);
#2436=ORIENTED_EDGE('',*,*,#1803,.F.);
#2437=ORIENTED_EDGE('',*,*,#1807,.F.);
#2438=ORIENTED_EDGE('',*,*,#1808,.F.);
#2439=ORIENTED_EDGE('',*,*,#1805,.T.);
#2440=ORIENTED_EDGE('',*,*,#1802,.F.);
#2441=ORIENTED_EDGE('',*,*,#1732,.T.);
#2442=ORIENTED_EDGE('',*,*,#1809,.F.);
#2443=ORIENTED_EDGE('',*,*,#1807,.T.);
#2444=ORIENTED_EDGE('',*,*,#1810,.T.);
#2445=ORIENTED_EDGE('',*,*,#1663,.T.);
#2446=ORIENTED_EDGE('',*,*,#1806,.T.);
#2447=ORIENTED_EDGE('',*,*,#1808,.T.);
#2448=ORIENTED_EDGE('',*,*,#1809,.T.);
#2449=ORIENTED_EDGE('',*,*,#1731,.T.);
#2450=ORIENTED_EDGE('',*,*,#1810,.F.);
#2451=ORIENTED_EDGE('',*,*,#1730,.T.);
#2452=ORIENTED_EDGE('',*,*,#1811,.F.);
#2453=ORIENTED_EDGE('',*,*,#1664,.T.);
#2454=ORIENTED_EDGE('',*,*,#1811,.T.);
#2455=ORIENTED_EDGE('',*,*,#1729,.T.);
#2456=ORIENTED_EDGE('',*,*,#1812,.T.);
#2457=ORIENTED_EDGE('',*,*,#1813,.T.);
#2458=ORIENTED_EDGE('',*,*,#1814,.T.);
#2459=ORIENTED_EDGE('',*,*,#1665,.T.);
#2460=ORIENTED_EDGE('',*,*,#1792,.F.);
#2461=ORIENTED_EDGE('',*,*,#1736,.T.);
#2462=ORIENTED_EDGE('',*,*,#1800,.F.);
#2463=ORIENTED_EDGE('',*,*,#1815,.T.);
#2464=ORIENTED_EDGE('',*,*,#1793,.F.);
#2465=ORIENTED_EDGE('',*,*,#1815,.F.);
#2466=ORIENTED_EDGE('',*,*,#1799,.F.);
#2467=ORIENTED_EDGE('',*,*,#1816,.T.);
#2468=ORIENTED_EDGE('',*,*,#1794,.F.);
#2469=ORIENTED_EDGE('',*,*,#1816,.F.);
#2470=ORIENTED_EDGE('',*,*,#1798,.F.);
#2471=ORIENTED_EDGE('',*,*,#1658,.T.);
#2472=ORIENTED_EDGE('',*,*,#1817,.T.);
#2473=ORIENTED_EDGE('',*,*,#1667,.T.);
#2474=ORIENTED_EDGE('',*,*,#1818,.T.);
#2475=ORIENTED_EDGE('',*,*,#1819,.T.);
#2476=ORIENTED_EDGE('',*,*,#1820,.T.);
#2477=ORIENTED_EDGE('',*,*,#1727,.T.);
#2478=ORIENTED_EDGE('',*,*,#1817,.F.);
#2479=ORIENTED_EDGE('',*,*,#1726,.T.);
#2480=ORIENTED_EDGE('',*,*,#1821,.F.);
#2481=ORIENTED_EDGE('',*,*,#1668,.T.);
#2482=ORIENTED_EDGE('',*,*,#1821,.T.);
#2483=ORIENTED_EDGE('',*,*,#1725,.T.);
#2484=ORIENTED_EDGE('',*,*,#1822,.T.);
#2485=ORIENTED_EDGE('',*,*,#1823,.T.);
#2486=ORIENTED_EDGE('',*,*,#1824,.T.);
#2487=ORIENTED_EDGE('',*,*,#1669,.T.);
#2488=ORIENTED_EDGE('',*,*,#1824,.F.);
#2489=ORIENTED_EDGE('',*,*,#1825,.F.);
#2490=ORIENTED_EDGE('',*,*,#1826,.F.);
#2491=ORIENTED_EDGE('',*,*,#1670,.T.);
#2492=ORIENTED_EDGE('',*,*,#1823,.F.);
#2493=ORIENTED_EDGE('',*,*,#1827,.F.);
#2494=ORIENTED_EDGE('',*,*,#1828,.F.);
#2495=ORIENTED_EDGE('',*,*,#1825,.T.);
#2496=ORIENTED_EDGE('',*,*,#1638,.T.);
#2497=ORIENTED_EDGE('',*,*,#1822,.F.);
#2498=ORIENTED_EDGE('',*,*,#1724,.T.);
#2499=ORIENTED_EDGE('',*,*,#1829,.F.);
#2500=ORIENTED_EDGE('',*,*,#1827,.T.);
#2501=ORIENTED_EDGE('',*,*,#1812,.F.);
#2502=ORIENTED_EDGE('',*,*,#1728,.T.);
#2503=ORIENTED_EDGE('',*,*,#1820,.F.);
#2504=ORIENTED_EDGE('',*,*,#1830,.T.);
#2505=ORIENTED_EDGE('',*,*,#1813,.F.);
#2506=ORIENTED_EDGE('',*,*,#1830,.F.);
#2507=ORIENTED_EDGE('',*,*,#1819,.F.);
#2508=ORIENTED_EDGE('',*,*,#1831,.T.);
#2509=ORIENTED_EDGE('',*,*,#1814,.F.);
#2510=ORIENTED_EDGE('',*,*,#1831,.F.);
#2511=ORIENTED_EDGE('',*,*,#1818,.F.);
#2512=ORIENTED_EDGE('',*,*,#1666,.T.);
#2513=ORIENTED_EDGE('',*,*,#1832,.T.);
#2514=ORIENTED_EDGE('',*,*,#1671,.T.);
#2515=ORIENTED_EDGE('',*,*,#1826,.T.);
#2516=ORIENTED_EDGE('',*,*,#1828,.T.);
#2517=ORIENTED_EDGE('',*,*,#1829,.T.);
#2518=ORIENTED_EDGE('',*,*,#1723,.T.);
#2519=ORIENTED_EDGE('',*,*,#1832,.F.);
#2520=ORIENTED_EDGE('',*,*,#1722,.T.);
#2521=ORIENTED_EDGE('',*,*,#1833,.F.);
#2522=ORIENTED_EDGE('',*,*,#1672,.T.);
#2523=ORIENTED_EDGE('',*,*,#1833,.T.);
#2524=ORIENTED_EDGE('',*,*,#1721,.T.);
#2525=ORIENTED_EDGE('',*,*,#1834,.T.);
#2526=ORIENTED_EDGE('',*,*,#1835,.T.);
#2527=ORIENTED_EDGE('',*,*,#1836,.T.);
#2528=ORIENTED_EDGE('',*,*,#1673,.T.);
#2529=ORIENTED_EDGE('',*,*,#1836,.F.);
#2530=ORIENTED_EDGE('',*,*,#1837,.F.);
#2531=ORIENTED_EDGE('',*,*,#1838,.F.);
#2532=ORIENTED_EDGE('',*,*,#1674,.T.);
#2533=ORIENTED_EDGE('',*,*,#1835,.F.);
#2534=ORIENTED_EDGE('',*,*,#1839,.F.);
#2535=ORIENTED_EDGE('',*,*,#1840,.F.);
#2536=ORIENTED_EDGE('',*,*,#1837,.T.);
#2537=ORIENTED_EDGE('',*,*,#1834,.F.);
#2538=ORIENTED_EDGE('',*,*,#1720,.T.);
#2539=ORIENTED_EDGE('',*,*,#1841,.F.);
#2540=ORIENTED_EDGE('',*,*,#1839,.T.);
#2541=ORIENTED_EDGE('',*,*,#1842,.T.);
#2542=ORIENTED_EDGE('',*,*,#1675,.T.);
#2543=ORIENTED_EDGE('',*,*,#1838,.T.);
#2544=ORIENTED_EDGE('',*,*,#1840,.T.);
#2545=ORIENTED_EDGE('',*,*,#1841,.T.);
#2546=ORIENTED_EDGE('',*,*,#1719,.T.);
#2547=ORIENTED_EDGE('',*,*,#1842,.F.);
#2548=ORIENTED_EDGE('',*,*,#1718,.T.);
#2549=ORIENTED_EDGE('',*,*,#1843,.F.);
#2550=ORIENTED_EDGE('',*,*,#1676,.T.);
#2551=ORIENTED_EDGE('',*,*,#1843,.T.);
#2552=ORIENTED_EDGE('',*,*,#1717,.T.);
#2553=ORIENTED_EDGE('',*,*,#1844,.T.);
#2554=ORIENTED_EDGE('',*,*,#1845,.T.);
#2555=ORIENTED_EDGE('',*,*,#1846,.T.);
#2556=ORIENTED_EDGE('',*,*,#1677,.T.);
#2557=ORIENTED_EDGE('',*,*,#1700,.T.);
#2558=ORIENTED_EDGE('',*,*,#1714,.T.);
#2559=ORIENTED_EDGE('',*,*,#1847,.T.);
#2560=ORIENTED_EDGE('',*,*,#1696,.T.);
#2561=ORIENTED_EDGE('',*,*,#1848,.T.);
#2562=ORIENTED_EDGE('',*,*,#1681,.T.);
#2563=ORIENTED_EDGE('',*,*,#1701,.T.);
#2564=ORIENTED_EDGE('',*,*,#1679,.T.);
#2565=ORIENTED_EDGE('',*,*,#1849,.T.);
#2566=ORIENTED_EDGE('',*,*,#1850,.T.);
#2567=ORIENTED_EDGE('',*,*,#1851,.T.);
#2568=ORIENTED_EDGE('',*,*,#1715,.T.);
#2569=ORIENTED_EDGE('',*,*,#1848,.F.);
#2570=ORIENTED_EDGE('',*,*,#1699,.F.);
#2571=ORIENTED_EDGE('',*,*,#1852,.F.);
#2572=ORIENTED_EDGE('',*,*,#1682,.T.);
#2573=ORIENTED_EDGE('',*,*,#1846,.F.);
#2574=ORIENTED_EDGE('',*,*,#1853,.F.);
#2575=ORIENTED_EDGE('',*,*,#1849,.F.);
#2576=ORIENTED_EDGE('',*,*,#1678,.T.);
#2577=ORIENTED_EDGE('',*,*,#1847,.F.);
#2578=ORIENTED_EDGE('',*,*,#1713,.T.);
#2579=ORIENTED_EDGE('',*,*,#1854,.F.);
#2580=ORIENTED_EDGE('',*,*,#1697,.T.);
#2581=ORIENTED_EDGE('',*,*,#1641,.F.);
#2582=ORIENTED_EDGE('',*,*,#1504,.F.);
#2583=ORIENTED_EDGE('',*,*,#1631,.F.);
#2584=ORIENTED_EDGE('',*,*,#1501,.F.);
#2585=ORIENTED_EDGE('',*,*,#1753,.F.);
#2586=ORIENTED_EDGE('',*,*,#1755,.F.);
#2587=ORIENTED_EDGE('',*,*,#1758,.F.);
#2588=ORIENTED_EDGE('',*,*,#1760,.F.);
#2589=ORIENTED_EDGE('',*,*,#1844,.F.);
#2590=ORIENTED_EDGE('',*,*,#1716,.T.);
#2591=ORIENTED_EDGE('',*,*,#1851,.F.);
#2592=ORIENTED_EDGE('',*,*,#1855,.T.);
#2593=ORIENTED_EDGE('',*,*,#1856,.T.);
#2594=ORIENTED_EDGE('',*,*,#1683,.T.);
#2595=ORIENTED_EDGE('',*,*,#1852,.T.);
#2596=ORIENTED_EDGE('',*,*,#1698,.T.);
#2597=ORIENTED_EDGE('',*,*,#1854,.T.);
#2598=ORIENTED_EDGE('',*,*,#1712,.T.);
#2599=ORIENTED_EDGE('',*,*,#1856,.F.);
#2600=ORIENTED_EDGE('',*,*,#1711,.T.);
#2601=ORIENTED_EDGE('',*,*,#1857,.F.);
#2602=ORIENTED_EDGE('',*,*,#1684,.T.);
#2603=ORIENTED_EDGE('',*,*,#1857,.T.);
#2604=ORIENTED_EDGE('',*,*,#1710,.T.);
#2605=ORIENTED_EDGE('',*,*,#1858,.T.);
#2606=ORIENTED_EDGE('',*,*,#1859,.T.);
#2607=ORIENTED_EDGE('',*,*,#1860,.T.);
#2608=ORIENTED_EDGE('',*,*,#1685,.T.);
#2609=ORIENTED_EDGE('',*,*,#1859,.F.);
#2610=ORIENTED_EDGE('',*,*,#1861,.F.);
#2611=ORIENTED_EDGE('',*,*,#1862,.F.);
#2612=ORIENTED_EDGE('',*,*,#1863,.T.);
#2613=ORIENTED_EDGE('',*,*,#1862,.T.);
#2614=ORIENTED_EDGE('',*,*,#1864,.T.);
#2615=ORIENTED_EDGE('',*,*,#1708,.T.);
#2616=ORIENTED_EDGE('',*,*,#1865,.T.);
#2617=ORIENTED_EDGE('',*,*,#1687,.T.);
#2618=ORIENTED_EDGE('',*,*,#1866,.T.);
#2619=ORIENTED_EDGE('',*,*,#1865,.F.);
#2620=ORIENTED_EDGE('',*,*,#1707,.T.);
#2621=ORIENTED_EDGE('',*,*,#1867,.F.);
#2622=ORIENTED_EDGE('',*,*,#1688,.T.);
#2623=ORIENTED_EDGE('',*,*,#1867,.T.);
#2624=ORIENTED_EDGE('',*,*,#1706,.T.);
#2625=ORIENTED_EDGE('',*,*,#1868,.T.);
#2626=ORIENTED_EDGE('',*,*,#1869,.T.);
#2627=ORIENTED_EDGE('',*,*,#1870,.T.);
#2628=ORIENTED_EDGE('',*,*,#1689,.T.);
#2629=ORIENTED_EDGE('',*,*,#1869,.F.);
#2630=ORIENTED_EDGE('',*,*,#1871,.F.);
#2631=ORIENTED_EDGE('',*,*,#1872,.F.);
#2632=ORIENTED_EDGE('',*,*,#1873,.T.);
#2633=ORIENTED_EDGE('',*,*,#1872,.T.);
#2634=ORIENTED_EDGE('',*,*,#1874,.T.);
#2635=ORIENTED_EDGE('',*,*,#1704,.T.);
#2636=ORIENTED_EDGE('',*,*,#1875,.T.);
#2637=ORIENTED_EDGE('',*,*,#1691,.T.);
#2638=ORIENTED_EDGE('',*,*,#1876,.T.);
#2639=ORIENTED_EDGE('',*,*,#1875,.F.);
#2640=ORIENTED_EDGE('',*,*,#1703,.T.);
#2641=ORIENTED_EDGE('',*,*,#1575,.F.);
#2642=ORIENTED_EDGE('',*,*,#1692,.T.);
#2643=ORIENTED_EDGE('',*,*,#1860,.F.);
#2644=ORIENTED_EDGE('',*,*,#1863,.F.);
#2645=ORIENTED_EDGE('',*,*,#1866,.F.);
#2646=ORIENTED_EDGE('',*,*,#1686,.T.);
#2647=ORIENTED_EDGE('',*,*,#1870,.F.);
#2648=ORIENTED_EDGE('',*,*,#1873,.F.);
#2649=ORIENTED_EDGE('',*,*,#1876,.F.);
#2650=ORIENTED_EDGE('',*,*,#1690,.F.);
#2651=ORIENTED_EDGE('',*,*,#1845,.F.);
#2652=ORIENTED_EDGE('',*,*,#1855,.F.);
#2653=ORIENTED_EDGE('',*,*,#1850,.F.);
#2654=ORIENTED_EDGE('',*,*,#1853,.T.);
#2655=ORIENTED_EDGE('',*,*,#1858,.F.);
#2656=ORIENTED_EDGE('',*,*,#1709,.T.);
#2657=ORIENTED_EDGE('',*,*,#1864,.F.);
#2658=ORIENTED_EDGE('',*,*,#1861,.T.);
#2659=ORIENTED_EDGE('',*,*,#1868,.F.);
#2660=ORIENTED_EDGE('',*,*,#1705,.F.);
#2661=ORIENTED_EDGE('',*,*,#1874,.F.);
#2662=ORIENTED_EDGE('',*,*,#1871,.T.);
#2663=CYLINDRICAL_SURFACE('',#2828,1.75);
#2664=CYLINDRICAL_SURFACE('',#2853,6.00000001490116);
#2665=CYLINDRICAL_SURFACE('',#2857,5.);
#2666=CYLINDRICAL_SURFACE('',#2868,1.65000000000001);
#2667=CYLINDRICAL_SURFACE('',#2870,2.8);
#2668=CYLINDRICAL_SURFACE('',#2893,2.79999999999999);
#2669=CYLINDRICAL_SURFACE('',#2894,1.65);
#2670=CYLINDRICAL_SURFACE('',#2898,1.65);
#2671=CYLINDRICAL_SURFACE('',#2900,1.64999999999999);
#2672=CYLINDRICAL_SURFACE('',#2902,2.80000000000001);
#2673=CYLINDRICAL_SURFACE('',#2907,2.8);
#2674=ADVANCED_FACE('',(#161),#2663,.F.);
#2675=ADVANCED_FACE('',(#162,#15,#16,#17),#32,.F.);
#2676=ADVANCED_FACE('',(#163),#33,.T.);
#2677=ADVANCED_FACE('',(#164),#34,.T.);
#2678=ADVANCED_FACE('',(#165),#35,.T.);
#2679=ADVANCED_FACE('',(#166),#36,.F.);
#2680=ADVANCED_FACE('',(#167),#37,.F.);
#2681=ADVANCED_FACE('',(#168),#38,.F.);
#2682=ADVANCED_FACE('',(#169),#39,.F.);
#2683=ADVANCED_FACE('',(#170),#40,.F.);
#2684=ADVANCED_FACE('',(#171),#41,.F.);
#2685=ADVANCED_FACE('',(#172),#42,.F.);
#2686=ADVANCED_FACE('',(#173),#43,.F.);
#2687=ADVANCED_FACE('',(#174),#44,.F.);
#2688=ADVANCED_FACE('',(#175),#45,.F.);
#2689=ADVANCED_FACE('',(#176),#46,.F.);
#2690=ADVANCED_FACE('',(#177),#47,.F.);
#2691=ADVANCED_FACE('',(#178),#48,.F.);
#2692=ADVANCED_FACE('',(#179),#49,.F.);
#2693=ADVANCED_FACE('',(#180),#50,.F.);
#2694=ADVANCED_FACE('',(#181),#51,.F.);
#2695=ADVANCED_FACE('',(#182),#2664,.F.);
#2696=ADVANCED_FACE('',(#183),#52,.F.);
#2697=ADVANCED_FACE('',(#184),#2665,.T.);
#2698=ADVANCED_FACE('',(#185),#53,.F.);
#2699=ADVANCED_FACE('',(#186),#54,.T.);
#2700=ADVANCED_FACE('',(#187),#55,.F.);
#2701=ADVANCED_FACE('',(#188),#56,.F.);
#2702=ADVANCED_FACE('',(#189),#57,.F.);
#2703=ADVANCED_FACE('',(#190),#58,.F.);
#2704=ADVANCED_FACE('',(#191),#59,.F.);
#2705=ADVANCED_FACE('',(#192),#60,.F.);
#2706=ADVANCED_FACE('',(#193),#2666,.F.);
#2707=ADVANCED_FACE('',(#194),#2667,.F.);
#2708=ADVANCED_FACE('',(#195,#18),#61,.T.);
#2709=ADVANCED_FACE('',(#196),#62,.T.);
#2710=ADVANCED_FACE('',(#197),#63,.F.);
#2711=ADVANCED_FACE('',(#198),#64,.F.);
#2712=ADVANCED_FACE('',(#199),#65,.F.);
#2713=ADVANCED_FACE('',(#200),#66,.T.);
#2714=ADVANCED_FACE('',(#201),#67,.T.);
#2715=ADVANCED_FACE('',(#202),#68,.T.);
#2716=ADVANCED_FACE('',(#203),#69,.F.);
#2717=ADVANCED_FACE('',(#204),#70,.F.);
#2718=ADVANCED_FACE('',(#205),#71,.F.);
#2719=ADVANCED_FACE('',(#206),#72,.T.);
#2720=ADVANCED_FACE('',(#207,#19,#20,#21,#22,#23),#73,.T.);
#2721=ADVANCED_FACE('',(#208),#74,.T.);
#2722=ADVANCED_FACE('',(#209),#75,.T.);
#2723=ADVANCED_FACE('',(#210,#24),#76,.F.);
#2724=ADVANCED_FACE('',(#211,#25),#77,.T.);
#2725=ADVANCED_FACE('',(#212),#2668,.F.);
#2726=ADVANCED_FACE('',(#213),#2669,.F.);
#2727=ADVANCED_FACE('',(#214,#26,#27),#78,.F.);
#2728=ADVANCED_FACE('',(#215),#2670,.F.);
#2729=ADVANCED_FACE('',(#216),#2671,.F.);
#2730=ADVANCED_FACE('',(#217),#2672,.F.);
#2731=ADVANCED_FACE('',(#218,#28),#79,.T.);
#2732=ADVANCED_FACE('',(#219),#80,.T.);
#2733=ADVANCED_FACE('',(#220),#2673,.F.);
#2734=ADVANCED_FACE('',(#221,#29),#81,.T.);
#2735=ADVANCED_FACE('',(#222),#82,.T.);
#2736=ADVANCED_FACE('',(#223),#83,.F.);
#2737=ADVANCED_FACE('',(#224),#84,.T.);
#2738=ADVANCED_FACE('',(#225),#85,.T.);
#2739=ADVANCED_FACE('',(#226,#30),#86,.T.);
#2740=ADVANCED_FACE('',(#227),#87,.T.);
#2741=ADVANCED_FACE('',(#228),#88,.F.);
#2742=ADVANCED_FACE('',(#229),#89,.F.);
#2743=ADVANCED_FACE('',(#230),#90,.F.);
#2744=ADVANCED_FACE('',(#231),#91,.T.);
#2745=ADVANCED_FACE('',(#232),#92,.T.);
#2746=ADVANCED_FACE('',(#233),#93,.T.);
#2747=ADVANCED_FACE('',(#234),#94,.F.);
#2748=ADVANCED_FACE('',(#235),#95,.F.);
#2749=ADVANCED_FACE('',(#236),#96,.F.);
#2750=ADVANCED_FACE('',(#237),#97,.F.);
#2751=ADVANCED_FACE('',(#238),#98,.F.);
#2752=ADVANCED_FACE('',(#239),#99,.F.);
#2753=ADVANCED_FACE('',(#240),#100,.T.);
#2754=ADVANCED_FACE('',(#241),#101,.T.);
#2755=ADVANCED_FACE('',(#242),#102,.T.);
#2756=ADVANCED_FACE('',(#243),#103,.F.);
#2757=ADVANCED_FACE('',(#244),#104,.F.);
#2758=ADVANCED_FACE('',(#245),#105,.F.);
#2759=ADVANCED_FACE('',(#246),#106,.T.);
#2760=ADVANCED_FACE('',(#247),#107,.T.);
#2761=ADVANCED_FACE('',(#248),#108,.T.);
#2762=ADVANCED_FACE('',(#249),#109,.F.);
#2763=ADVANCED_FACE('',(#250),#110,.F.);
#2764=ADVANCED_FACE('',(#251),#111,.F.);
#2765=ADVANCED_FACE('',(#252),#112,.T.);
#2766=ADVANCED_FACE('',(#253),#113,.T.);
#2767=ADVANCED_FACE('',(#254),#114,.T.);
#2768=ADVANCED_FACE('',(#255),#115,.F.);
#2769=ADVANCED_FACE('',(#256),#116,.F.);
#2770=ADVANCED_FACE('',(#257),#117,.F.);
#2771=ADVANCED_FACE('',(#258),#118,.T.);
#2772=ADVANCED_FACE('',(#259),#119,.T.);
#2773=ADVANCED_FACE('',(#260),#120,.T.);
#2774=ADVANCED_FACE('',(#261),#121,.F.);
#2775=ADVANCED_FACE('',(#262),#122,.F.);
#2776=ADVANCED_FACE('',(#263),#123,.F.);
#2777=ADVANCED_FACE('',(#264),#124,.T.);
#2778=ADVANCED_FACE('',(#265,#31),#125,.T.);
#2779=ADVANCED_FACE('',(#266),#126,.T.);
#2780=ADVANCED_FACE('',(#267),#127,.T.);
#2781=ADVANCED_FACE('',(#268),#128,.T.);
#2782=ADVANCED_FACE('',(#269),#129,.T.);
#2783=ADVANCED_FACE('',(#270),#130,.F.);
#2784=ADVANCED_FACE('',(#271),#131,.F.);
#2785=ADVANCED_FACE('',(#272),#132,.F.);
#2786=ADVANCED_FACE('',(#273),#133,.T.);
#2787=ADVANCED_FACE('',(#274),#134,.T.);
#2788=ADVANCED_FACE('',(#275),#135,.T.);
#2789=ADVANCED_FACE('',(#276),#136,.F.);
#2790=ADVANCED_FACE('',(#277),#137,.F.);
#2791=ADVANCED_FACE('',(#278),#138,.F.);
#2792=ADVANCED_FACE('',(#279),#139,.F.);
#2793=ADVANCED_FACE('',(#280),#140,.F.);
#2794=ADVANCED_FACE('',(#281),#141,.T.);
#2795=ADVANCED_FACE('',(#282),#142,.T.);
#2796=ADVANCED_FACE('',(#283),#143,.T.);
#2797=ADVANCED_FACE('',(#284),#144,.F.);
#2798=ADVANCED_FACE('',(#285),#145,.T.);
#2799=ADVANCED_FACE('',(#286),#146,.F.);
#2800=ADVANCED_FACE('',(#287),#147,.F.);
#2801=ADVANCED_FACE('',(#288),#148,.F.);
#2802=ADVANCED_FACE('',(#289),#149,.T.);
#2803=ADVANCED_FACE('',(#290),#150,.F.);
#2804=ADVANCED_FACE('',(#291),#151,.F.);
#2805=ADVANCED_FACE('',(#292),#152,.F.);
#2806=ADVANCED_FACE('',(#293),#153,.T.);
#2807=ADVANCED_FACE('',(#294),#154,.F.);
#2808=ADVANCED_FACE('',(#295),#155,.F.);
#2809=ADVANCED_FACE('',(#296),#156,.T.);
#2810=ADVANCED_FACE('',(#297),#157,.T.);
#2811=ADVANCED_FACE('',(#298),#158,.T.);
#2812=ADVANCED_FACE('',(#299),#159,.T.);
#2813=ADVANCED_FACE('',(#300),#160,.T.);
#2814=CLOSED_SHELL('',(#2674,#2675,#2676,#2677,#2678,#2679,#2680,#2681,
#2682,#2683,#2684,#2685,#2686,#2687,#2688,#2689,#2690,#2691,#2692,#2693,
#2694,#2695,#2696,#2697,#2698,#2699,#2700,#2701,#2702,#2703,#2704,#2705,
#2706,#2707,#2708,#2709,#2710,#2711,#2712,#2713,#2714,#2715,#2716,#2717,
#2718,#2719,#2720,#2721,#2722,#2723,#2724,#2725,#2726,#2727,#2728,#2729,
#2730,#2731,#2732,#2733,#2734,#2735,#2736,#2737,#2738,#2739,#2740,#2741,
#2742,#2743,#2744,#2745,#2746,#2747,#2748,#2749,#2750,#2751,#2752,#2753,
#2754,#2755,#2756,#2757,#2758,#2759,#2760,#2761,#2762,#2763,#2764,#2765,
#2766,#2767,#2768,#2769,#2770,#2771,#2772,#2773,#2774,#2775,#2776,#2777,
#2778,#2779,#2780,#2781,#2782,#2783,#2784,#2785,#2786,#2787,#2788,#2789,
#2790,#2791,#2792,#2793,#2794,#2795,#2796,#2797,#2798,#2799,#2800,#2801,
#2802,#2803,#2804,#2805,#2806,#2807,#2808,#2809,#2810,#2811,#2812,#2813));
#2815=DERIVED_UNIT_ELEMENT(#2817,1.);
#2816=DERIVED_UNIT_ELEMENT(#4488,-3.);
#2817=(
MASS_UNIT()
NAMED_UNIT(*)
SI_UNIT(.KILO.,.GRAM.)
);
#2818=DERIVED_UNIT((#2815,#2816));
#2819=MEASURE_REPRESENTATION_ITEM('density measure',
POSITIVE_RATIO_MEASURE(7850.),#2818);
#2820=PROPERTY_DEFINITION_REPRESENTATION(#2825,#2822);
#2821=PROPERTY_DEFINITION_REPRESENTATION(#2826,#2823);
#2822=REPRESENTATION('material name',(#2824),#4485);
#2823=REPRESENTATION('density',(#2819),#4485);
#2824=DESCRIPTIVE_REPRESENTATION_ITEM('Steel','Steel');
#2825=PROPERTY_DEFINITION('material property','material name',#4495);
#2826=PROPERTY_DEFINITION('material property','density of part',#4495);
#2827=AXIS2_PLACEMENT_3D('',#3687,#2990,#2991);
#2828=AXIS2_PLACEMENT_3D('',#3688,#2992,#2993);
#2829=AXIS2_PLACEMENT_3D('',#3690,#2994,#2995);
#2830=AXIS2_PLACEMENT_3D('',#3693,#2997,#2998);
#2831=AXIS2_PLACEMENT_3D('',#3694,#2999,#3000);
#2832=AXIS2_PLACEMENT_3D('',#3704,#3005,#3006);
#2833=AXIS2_PLACEMENT_3D('',#3706,#3007,#3008);
#2834=AXIS2_PLACEMENT_3D('',#3707,#3009,#3010);
#2835=AXIS2_PLACEMENT_3D('',#3721,#3018,#3019);
#2836=AXIS2_PLACEMENT_3D('',#3727,#3023,#3024);
#2837=AXIS2_PLACEMENT_3D('',#3733,#3028,#3029);
#2838=AXIS2_PLACEMENT_3D('',#3742,#3034,#3035);
#2839=AXIS2_PLACEMENT_3D('',#3748,#3039,#3040);
#2840=AXIS2_PLACEMENT_3D('',#3754,#3044,#3045);
#2841=AXIS2_PLACEMENT_3D('',#3760,#3049,#3050);
#2842=AXIS2_PLACEMENT_3D('',#3766,#3054,#3055);
#2843=AXIS2_PLACEMENT_3D('',#3772,#3059,#3060);
#2844=AXIS2_PLACEMENT_3D('',#3778,#3064,#3065);
#2845=AXIS2_PLACEMENT_3D('',#3784,#3069,#3070);
#2846=AXIS2_PLACEMENT_3D('',#3790,#3074,#3075);
#2847=AXIS2_PLACEMENT_3D('',#3796,#3079,#3080);
#2848=AXIS2_PLACEMENT_3D('',#3802,#3084,#3085);
#2849=AXIS2_PLACEMENT_3D('',#3805,#3088,#3089);
#2850=AXIS2_PLACEMENT_3D('',#3806,#3090,#3091);
#2851=AXIS2_PLACEMENT_3D('',#3815,#3096,#3097);
#2852=AXIS2_PLACEMENT_3D('',#3821,#3101,#3102);
#2853=AXIS2_PLACEMENT_3D('',#3827,#3106,#3107);
#2854=AXIS2_PLACEMENT_3D('',#3829,#3108,#3109);
#2855=AXIS2_PLACEMENT_3D('',#3832,#3111,#3112);
#2856=AXIS2_PLACEMENT_3D('',#3833,#3113,#3114);
#2857=AXIS2_PLACEMENT_3D('',#3839,#3118,#3119);
#2858=AXIS2_PLACEMENT_3D('',#3841,#3120,#3121);
#2859=AXIS2_PLACEMENT_3D('',#3844,#3123,#3124);
#2860=AXIS2_PLACEMENT_3D('',#3845,#3125,#3126);
#2861=AXIS2_PLACEMENT_3D('',#3848,#3129,#3130);
#2862=AXIS2_PLACEMENT_3D('',#3849,#3131,#3132);
#2863=AXIS2_PLACEMENT_3D('',#3858,#3137,#3138);
#2864=AXIS2_PLACEMENT_3D('',#3864,#3142,#3143);
#2865=AXIS2_PLACEMENT_3D('',#3870,#3147,#3148);
#2866=AXIS2_PLACEMENT_3D('',#3873,#3151,#3152);
#2867=AXIS2_PLACEMENT_3D('',#3874,#3153,#3154);
#2868=AXIS2_PLACEMENT_3D('',#3887,#3161,#3162);
#2869=AXIS2_PLACEMENT_3D('',#3889,#3163,#3164);
#2870=AXIS2_PLACEMENT_3D('',#3891,#3166,#3167);
#2871=AXIS2_PLACEMENT_3D('',#3893,#3168,#3169);
#2872=AXIS2_PLACEMENT_3D('',#3896,#3171,#3172);
#2873=AXIS2_PLACEMENT_3D('',#3897,#3173,#3174);
#2874=AXIS2_PLACEMENT_3D('',#3903,#3178,#3179);
#2875=AXIS2_PLACEMENT_3D('',#3907,#3182,#3183);
#2876=AXIS2_PLACEMENT_3D('',#3920,#3190,#3191);
#2877=AXIS2_PLACEMENT_3D('',#3926,#3195,#3196);
#2878=AXIS2_PLACEMENT_3D('',#3931,#3200,#3201);
#2879=AXIS2_PLACEMENT_3D('',#3937,#3205,#3206);
#2880=AXIS2_PLACEMENT_3D('',#3941,#3209,#3210);
#2881=AXIS2_PLACEMENT_3D('',#3945,#3213,#3214);
#2882=AXIS2_PLACEMENT_3D('',#3958,#3221,#3222);
#2883=AXIS2_PLACEMENT_3D('',#3964,#3226,#3227);
#2884=AXIS2_PLACEMENT_3D('',#3967,#3230,#3231);
#2885=AXIS2_PLACEMENT_3D('',#3970,#3234,#3235);
#2886=AXIS2_PLACEMENT_3D('',#3973,#3237,#3238);
#2887=AXIS2_PLACEMENT_3D('',#3974,#3239,#3240);
#2888=AXIS2_PLACEMENT_3D('',#3976,#3242,#3243);
#2889=AXIS2_PLACEMENT_3D('',#3978,#3245,#3246);
#2890=AXIS2_PLACEMENT_3D('',#3979,#3247,#3248);
#2891=AXIS2_PLACEMENT_3D('',#3981,#3249,#3250);
#2892=AXIS2_PLACEMENT_3D('',#3983,#3251,#3252);
#2893=AXIS2_PLACEMENT_3D('',#3984,#3253,#3254);
#2894=AXIS2_PLACEMENT_3D('',#3986,#3256,#3257);
#2895=AXIS2_PLACEMENT_3D('',#3988,#3259,#3260);
#2896=AXIS2_PLACEMENT_3D('',#3991,#3262,#3263);
#2897=AXIS2_PLACEMENT_3D('',#3993,#3264,#3265);
#2898=AXIS2_PLACEMENT_3D('',#3994,#3266,#3267);
#2899=AXIS2_PLACEMENT_3D('',#3996,#3268,#3269);
#2900=AXIS2_PLACEMENT_3D('',#3998,#3271,#3272);
#2901=AXIS2_PLACEMENT_3D('',#4000,#3273,#3274);
#2902=AXIS2_PLACEMENT_3D('',#4002,#3276,#3277);
#2903=AXIS2_PLACEMENT_3D('',#4004,#3278,#3279);
#2904=AXIS2_PLACEMENT_3D('',#4007,#3281,#3282);
#2905=AXIS2_PLACEMENT_3D('',#4008,#3283,#3284);
#2906=AXIS2_PLACEMENT_3D('',#4009,#3285,#3286);
#2907=AXIS2_PLACEMENT_3D('',#4113,#3339,#3340);
#2908=AXIS2_PLACEMENT_3D('',#4115,#3341,#3342);
#2909=AXIS2_PLACEMENT_3D('',#4118,#3344,#3345);
#2910=AXIS2_PLACEMENT_3D('',#4119,#3346,#3347);
#2911=AXIS2_PLACEMENT_3D('',#4120,#3348,#3349);
#2912=AXIS2_PLACEMENT_3D('',#4129,#3354,#3355);
#2913=AXIS2_PLACEMENT_3D('',#4135,#3359,#3360);
#2914=AXIS2_PLACEMENT_3D('',#4236,#3412,#3413);
#2915=AXIS2_PLACEMENT_3D('',#4242,#3417,#3418);
#2916=AXIS2_PLACEMENT_3D('',#4248,#3422,#3423);
#2917=AXIS2_PLACEMENT_3D('',#4251,#3426,#3427);
#2918=AXIS2_PLACEMENT_3D('',#4253,#3429,#3430);
#2919=AXIS2_PLACEMENT_3D('',#4255,#3432,#3433);
#2920=AXIS2_PLACEMENT_3D('',#4261,#3437,#3438);
#2921=AXIS2_PLACEMENT_3D('',#4265,#3441,#3442);
#2922=AXIS2_PLACEMENT_3D('',#4269,#3445,#3446);
#2923=AXIS2_PLACEMENT_3D('',#4271,#3448,#3449);
#2924=AXIS2_PLACEMENT_3D('',#4273,#3451,#3452);
#2925=AXIS2_PLACEMENT_3D('',#4275,#3454,#3455);
#2926=AXIS2_PLACEMENT_3D('',#4281,#3459,#3460);
#2927=AXIS2_PLACEMENT_3D('',#4288,#3465,#3466);
#2928=AXIS2_PLACEMENT_3D('',#4290,#3468,#3469);
#2929=AXIS2_PLACEMENT_3D('',#4296,#3473,#3474);
#2930=AXIS2_PLACEMENT_3D('',#4300,#3477,#3478);
#2931=AXIS2_PLACEMENT_3D('',#4304,#3481,#3482);
#2932=AXIS2_PLACEMENT_3D('',#4306,#3484,#3485);
#2933=AXIS2_PLACEMENT_3D('',#4308,#3487,#3488);
#2934=AXIS2_PLACEMENT_3D('',#4310,#3490,#3491);
#2935=AXIS2_PLACEMENT_3D('',#4316,#3495,#3496);
#2936=AXIS2_PLACEMENT_3D('',#4318,#3498,#3499);
#2937=AXIS2_PLACEMENT_3D('',#4320,#3501,#3502);
#2938=AXIS2_PLACEMENT_3D('',#4321,#3503,#3504);
#2939=AXIS2_PLACEMENT_3D('',#4328,#3509,#3510);
#2940=AXIS2_PLACEMENT_3D('',#4330,#3512,#3513);
#2941=AXIS2_PLACEMENT_3D('',#4336,#3517,#3518);
#2942=AXIS2_PLACEMENT_3D('',#4340,#3521,#3522);
#2943=AXIS2_PLACEMENT_3D('',#4344,#3525,#3526);
#2944=AXIS2_PLACEMENT_3D('',#4346,#3528,#3529);
#2945=AXIS2_PLACEMENT_3D('',#4348,#3531,#3532);
#2946=AXIS2_PLACEMENT_3D('',#4350,#3534,#3535);
#2947=AXIS2_PLACEMENT_3D('',#4356,#3539,#3540);
#2948=AXIS2_PLACEMENT_3D('',#4358,#3542,#3543);
#2949=AXIS2_PLACEMENT_3D('',#4360,#3545,#3546);
#2950=AXIS2_PLACEMENT_3D('',#4361,#3547,#3548);
#2951=AXIS2_PLACEMENT_3D('',#4368,#3553,#3554);
#2952=AXIS2_PLACEMENT_3D('',#4370,#3556,#3557);
#2953=AXIS2_PLACEMENT_3D('',#4376,#3561,#3562);
#2954=AXIS2_PLACEMENT_3D('',#4380,#3565,#3566);
#2955=AXIS2_PLACEMENT_3D('',#4384,#3569,#3570);
#2956=AXIS2_PLACEMENT_3D('',#4386,#3572,#3573);
#2957=AXIS2_PLACEMENT_3D('',#4388,#3575,#3576);
#2958=AXIS2_PLACEMENT_3D('',#4390,#3578,#3579);
#2959=AXIS2_PLACEMENT_3D('',#4391,#3580,#3581);
#2960=AXIS2_PLACEMENT_3D('',#4393,#3583,#3584);
#2961=AXIS2_PLACEMENT_3D('',#4395,#3586,#3587);
#2962=AXIS2_PLACEMENT_3D('',#4401,#3591,#3592);
#2963=AXIS2_PLACEMENT_3D('',#4405,#3595,#3596);
#2964=AXIS2_PLACEMENT_3D('',#4409,#3599,#3600);
#2965=AXIS2_PLACEMENT_3D('',#4411,#3602,#3603);
#2966=AXIS2_PLACEMENT_3D('',#4413,#3605,#3606);
#2967=AXIS2_PLACEMENT_3D('',#4415,#3608,#3609);
#2968=AXIS2_PLACEMENT_3D('',#4421,#3613,#3614);
#2969=AXIS2_PLACEMENT_3D('',#4424,#3617,#3618);
#2970=AXIS2_PLACEMENT_3D('',#4430,#3622,#3623);
#2971=AXIS2_PLACEMENT_3D('',#4432,#3625,#3626);
#2972=AXIS2_PLACEMENT_3D('',#4434,#3628,#3629);
#2973=AXIS2_PLACEMENT_3D('',#4436,#3631,#3632);
#2974=AXIS2_PLACEMENT_3D('',#4437,#3633,#3634);
#2975=AXIS2_PLACEMENT_3D('',#4439,#3636,#3637);
#2976=AXIS2_PLACEMENT_3D('',#4441,#3639,#3640);
#2977=AXIS2_PLACEMENT_3D('',#4443,#3642,#3643);
#2978=AXIS2_PLACEMENT_3D('',#4449,#3647,#3648);
#2979=AXIS2_PLACEMENT_3D('',#4455,#3652,#3653);
#2980=AXIS2_PLACEMENT_3D('',#4459,#3657,#3658);
#2981=AXIS2_PLACEMENT_3D('',#4461,#3660,#3661);
#2982=AXIS2_PLACEMENT_3D('',#4467,#3665,#3666);
#2983=AXIS2_PLACEMENT_3D('',#4473,#3670,#3671);
#2984=AXIS2_PLACEMENT_3D('',#4477,#3675,#3676);
#2985=AXIS2_PLACEMENT_3D('',#4478,#3677,#3678);
#2986=AXIS2_PLACEMENT_3D('',#4479,#3679,#3680);
#2987=AXIS2_PLACEMENT_3D('',#4480,#3681,#3682);
#2988=AXIS2_PLACEMENT_3D('',#4481,#3683,#3684);
#2989=AXIS2_PLACEMENT_3D('',#4482,#3685,#3686);
#2990=DIRECTION('axis',(0.,0.,1.));
#2991=DIRECTION('refdir',(1.,0.,0.));
#2992=DIRECTION('center_axis',(5.10609363854969E-17,-4.85440875460088E-9,
1.));
#2993=DIRECTION('ref_axis',(1.,-2.06109478630755E-16,-5.10609373860365E-17));
#2994=DIRECTION('center_axis',(1.39322097646236E-15,-4.85440875460088E-9,
1.));
#2995=DIRECTION('ref_axis',(1.,-2.06109478630755E-16,-5.10609373860365E-17));
#2996=DIRECTION('',(5.10609363854969E-17,-4.85440875460088E-9,1.));
#2997=DIRECTION('center_axis',(1.13736984201755E-23,-2.02615701745937E-15,
-1.));
#2998=DIRECTION('ref_axis',(1.,-2.06109478878626E-16,1.13736988395055E-23));
#2999=DIRECTION('center_axis',(1.39322097646236E-15,-4.85440875460088E-9,
1.));
#3000=DIRECTION('ref_axis',(-1.,2.06109472115362E-16,1.3932209774629E-15));
#3001=DIRECTION('',(-2.06109478878626E-16,-1.,-4.85440875460088E-9));
#3002=DIRECTION('',(1.,4.26066429600393E-17,1.48892509823884E-23));
#3003=DIRECTION('',(2.06109478878626E-16,1.,4.85440875460088E-9));
#3004=DIRECTION('',(1.,3.00981495480783E-16,-1.39322097500127E-15));
#3005=DIRECTION('center_axis',(1.39322097646236E-15,-4.85440875460088E-9,
1.));
#3006=DIRECTION('ref_axis',(1.,-2.061094753864E-16,-1.3932209774629E-15));
#3007=DIRECTION('center_axis',(1.39322097646236E-15,-4.85440875460088E-9,
1.));
#3008=DIRECTION('ref_axis',(1.,-2.0610947887863E-16,-1.3932209774629E-15));
#3009=DIRECTION('center_axis',(-1.93679554112974E-16,-0.939692619125603,
-0.342020147887321));
#3010=DIRECTION('ref_axis',(1.83301805418674E-17,0.342020147887321,-0.939692619125603));
#3011=DIRECTION('',(-1.07319855289242E-23,-0.342020147887321,0.939692619125603));
#3012=DIRECTION('',(0.684791077486642,-0.249243573101231,0.684791078696572));
#3013=DIRECTION('',(-0.684791078129191,-0.24924357289472,0.684791078129187));
#3014=DIRECTION('',(-1.,2.06109480973928E-16,-1.13736988377857E-23));
#3015=DIRECTION('',(-0.684791078129189,0.249243572894721,-0.684791078129189));
#3016=DIRECTION('',(0.684791077486642,0.249243573101231,-0.684791078696572));
#3017=DIRECTION('',(1.07319855289242E-23,0.342020147887321,-0.939692619125603));
#3018=DIRECTION('center_axis',(-1.,1.29246980324903E-25,-1.13736984201755E-23));
#3019=DIRECTION('ref_axis',(-1.13736984201755E-23,2.02615701848456E-15,
1.));
#3020=DIRECTION('',(1.29246977640662E-25,1.,-2.02615701848456E-15));
#3021=DIRECTION('',(1.46824208697602E-23,-4.85441275418448E-9,-1.));
#3022=DIRECTION('',(-2.06795160067515E-25,-1.,2.02615701846898E-15));
#3023=DIRECTION('center_axis',(1.,-1.29246980324903E-25,1.13736984201755E-23));
#3024=DIRECTION('ref_axis',(1.13736984201755E-23,-2.02615701848456E-15,
-1.));
#3025=DIRECTION('',(-2.06795160067515E-25,-1.,2.02615701846898E-15));
#3026=DIRECTION('',(-1.46824208697602E-23,4.85441275418448E-9,1.));
#3027=DIRECTION('',(1.29247217230456E-25,1.,-2.02615701745937E-15));
#3028=DIRECTION('center_axis',(-1.,2.06109477676859E-16,-5.61690524174958E-24));
#3029=DIRECTION('ref_axis',(2.06109477676859E-16,1.,-1.44099651755748E-13));
#3030=DIRECTION('',(2.06109477676859E-16,1.,-2.02615701745937E-15));
#3031=DIRECTION('',(5.61690128112675E-24,-1.92161121452475E-14,-1.));
#3032=DIRECTION('',(2.06109477676859E-16,1.,-1.44099651755748E-13));
#3033=DIRECTION('',(5.61690128112675E-24,-1.92161121452475E-14,-1.));
#3034=DIRECTION('center_axis',(-2.06109477676918E-16,-1.,1.92161121452475E-14));
#3035=DIRECTION('ref_axis',(-1.,2.06109477676927E-16,4.71844808179757E-16));
#3036=DIRECTION('',(-1.,2.06109477676918E-16,-1.13736988377857E-23));
#3037=DIRECTION('',(5.61690128112675E-24,-1.92161121452475E-14,-1.));
#3038=DIRECTION('',(-1.,2.06109477676927E-16,4.71844808179757E-16));
#3039=DIRECTION('center_axis',(1.,-2.06109477676926E-16,5.61690524174958E-24));
#3040=DIRECTION('ref_axis',(-2.06109477676926E-16,-1.,1.86950968482124E-15));
#3041=DIRECTION('',(-2.06109477676926E-16,-1.,2.02615701745937E-15));
#3042=DIRECTION('',(5.61690128112675E-24,-1.92161121452475E-14,-1.));
#3043=DIRECTION('',(-2.06109477676926E-16,-1.,1.86950968482124E-15));
#3044=DIRECTION('center_axis',(-2.06109477676918E-16,-1.,1.92161121452475E-14));
#3045=DIRECTION('ref_axis',(-1.,2.06109477676927E-16,4.71844808179757E-16));
#3046=DIRECTION('',(-1.,2.06109477676918E-16,-1.13736988377857E-23));
#3047=DIRECTION('',(5.61690128112675E-24,-1.92161121452475E-14,-1.));
#3048=DIRECTION('',(-1.,2.06109477676927E-16,4.71844808179757E-16));
#3049=DIRECTION('center_axis',(1.,-2.06109477676926E-16,5.61690524174958E-24));
#3050=DIRECTION('ref_axis',(-2.06109477676926E-16,-1.,1.86950968482124E-15));
#3051=DIRECTION('',(-2.06109477676926E-16,-1.,2.02615701745937E-15));
#3052=DIRECTION('',(5.61690128112675E-24,-1.92161121452475E-14,-1.));
#3053=DIRECTION('',(-2.06109477676926E-16,-1.,1.86950968482124E-15));
#3054=DIRECTION('center_axis',(2.06109477676918E-16,1.,-1.92161121452475E-14));
#3055=DIRECTION('ref_axis',(1.,-2.06109477676927E-16,-4.71844808179757E-16));
#3056=DIRECTION('',(1.,-2.06109477676918E-16,1.13736988377857E-23));
#3057=DIRECTION('',(5.61690128112675E-24,-1.92161121452475E-14,-1.));
#3058=DIRECTION('',(1.,-2.06109477676927E-16,-4.71844808179757E-16));
#3059=DIRECTION('center_axis',(1.,-2.06109477676926E-16,5.61690524174958E-24));
#3060=DIRECTION('ref_axis',(-2.06109477676926E-16,-1.,1.86950968482124E-15));
#3061=DIRECTION('',(-2.06109477676926E-16,-1.,2.02615701745937E-15));
#3062=DIRECTION('',(5.61690128112675E-24,-1.92161121452475E-14,-1.));
#3063=DIRECTION('',(-2.06109477676926E-16,-1.,1.86950968482124E-15));
#3064=DIRECTION('center_axis',(2.0610947768432E-16,1.,-1.92161121452475E-14));
#3065=DIRECTION('ref_axis',(1.,-2.06109477676129E-16,4.26218581403772E-13));
#3066=DIRECTION('',(1.,-2.0610947768432E-16,1.13736988377857E-23));
#3067=DIRECTION('',(5.61690128112675E-24,-1.92161121452475E-14,-1.));
#3068=DIRECTION('',(1.,-2.06109477676129E-16,4.26218581403772E-13));
#3069=DIRECTION('center_axis',(-1.,2.06109477676859E-16,-5.61690524174958E-24));
#3070=DIRECTION('ref_axis',(2.06109477676859E-16,1.,-1.44099651755748E-13));
#3071=DIRECTION('',(2.06109477676859E-16,1.,-2.02615701745937E-15));
#3072=DIRECTION('',(5.61690128112675E-24,-1.92161121452475E-14,-1.));
#3073=DIRECTION('',(2.06109477676859E-16,1.,-1.44099651755748E-13));
#3074=DIRECTION('center_axis',(2.06109477676918E-16,1.,-1.92161121452475E-14));
#3075=DIRECTION('ref_axis',(1.,-2.06109477676927E-16,-4.71844808179757E-16));
#3076=DIRECTION('',(1.,-2.06109477676918E-16,1.13736988377857E-23));
#3077=DIRECTION('',(5.61690128112675E-24,-1.92161121452475E-14,-1.));
#3078=DIRECTION('',(1.,-2.06109477676927E-16,-4.71844808179757E-16));
#3079=DIRECTION('center_axis',(-1.,2.06109477676926E-16,-5.61690524174958E-24));
#3080=DIRECTION('ref_axis',(2.06109477676926E-16,1.,-1.86950968482124E-15));
#3081=DIRECTION('',(2.06109477676926E-16,1.,-2.02615701745937E-15));
#3082=DIRECTION('',(5.61690128112675E-24,-1.92161121452475E-14,-1.));
#3083=DIRECTION('',(2.06109477676926E-16,1.,-1.86950968482124E-15));
#3084=DIRECTION('center_axis',(-2.06109477676918E-16,-1.,1.92161121452475E-14));
#3085=DIRECTION('ref_axis',(-1.,2.06109477676927E-16,4.71844808179757E-16));
#3086=DIRECTION('',(-1.,2.06109477676918E-16,-1.13736988377857E-23));
#3087=DIRECTION('',(-1.,2.06109477676927E-16,4.71844808179757E-16));
#3088=DIRECTION('center_axis',(5.61690128112675E-24,-1.92161121452475E-14,
-1.));
#3089=DIRECTION('ref_axis',(1.,-2.06109478878626E-16,5.61690524174961E-24));
#3090=DIRECTION('center_axis',(0.0908361995728009,-0.995865846812296,1.91366697944914E-14));
#3091=DIRECTION('ref_axis',(-0.995865846812295,-0.0908361995728009,6.39713284317996E-16));
#3092=DIRECTION('',(-0.995865846812295,-0.0908361995728009,1.84048391877092E-16));
#3093=DIRECTION('',(5.61690128112675E-24,-1.92161121452475E-14,-1.));
#3094=DIRECTION('',(-0.995865846812295,-0.0908361995728009,6.39713284317996E-16));
#3095=DIRECTION('',(5.61690128112675E-24,-1.92161121452475E-14,-1.));
#3096=DIRECTION('center_axis',(0.995581185904932,0.0939047510626009,-1.80448422179278E-15));
#3097=DIRECTION('ref_axis',(0.0939047510626009,-0.995581185904932,1.81694020043363E-15));
#3098=DIRECTION('',(0.0939047510626009,-0.995581185904932,2.01720380733984E-15));
#3099=DIRECTION('',(5.61690128112675E-24,-1.92161121452475E-14,-1.));
#3100=DIRECTION('',(0.0939047510626009,-0.995581185904932,1.81694020043363E-15));
#3101=DIRECTION('center_axis',(-0.769399555046895,0.638767817515597,-1.22746340203324E-14));
#3102=DIRECTION('ref_axis',(0.638767817515597,0.769399555046895,-1.7397991984905E-15));
#3103=DIRECTION('',(0.638767817515597,0.769399555046895,-1.55892430042323E-15));
#3104=DIRECTION('',(5.61690128112675E-24,-1.92161121452475E-14,-1.));
#3105=DIRECTION('',(0.638767817515597,0.769399555046895,-1.7397991984905E-15));
#3106=DIRECTION('center_axis',(5.61690128112675E-24,-1.92161121452475E-14,
-1.));
#3107=DIRECTION('ref_axis',(0.819152044288992,0.573576436351046,-1.10219091202431E-14));
#3108=DIRECTION('center_axis',(1.13736984201755E-23,-2.02615701745937E-15,
-1.));
#3109=DIRECTION('ref_axis',(0.819152044288992,0.573576436351046,-1.10219091202431E-14));
#3110=DIRECTION('',(5.61690128112675E-24,-1.92161121452475E-14,-1.));
#3111=DIRECTION('center_axis',(-4.71844808179757E-16,-1.86950968482124E-15,
-1.));
#3112=DIRECTION('ref_axis',(0.819152044288992,0.573576436351046,-1.45881934186739E-15));
#3113=DIRECTION('center_axis',(-0.573576436351046,-0.819152044288992,1.57409175436968E-14));
#3114=DIRECTION('ref_axis',(-0.819152044288992,0.573576436351046,8.64494307420079E-15));
#3115=DIRECTION('',(-0.819152044288992,0.573576436351046,-1.1621559308788E-15));
#3116=DIRECTION('',(5.61690128112675E-24,-1.92161121452475E-14,-1.));
#3117=DIRECTION('',(-0.819152044288992,0.573576436351046,8.64494307420079E-15));
#3118=DIRECTION('center_axis',(5.61690128112675E-24,-1.92161121452475E-14,
-1.));
#3119=DIRECTION('ref_axis',(0.819152044288991,0.573576436351047,-1.10219091203193E-14));
#3120=DIRECTION('center_axis',(-1.13736984201755E-23,2.02615701745937E-15,
1.));
#3121=DIRECTION('ref_axis',(0.819152044288991,0.573576436351047,-1.10219091203193E-14));
#3122=DIRECTION('',(5.61690128112675E-24,-1.92161121452475E-14,-1.));
#3123=DIRECTION('center_axis',(4.71844808179757E-16,1.86950968482124E-15,
1.));
#3124=DIRECTION('ref_axis',(0.819152044288991,0.573576436351047,-1.45881934183703E-15));
#3125=DIRECTION('center_axis',(-0.769399555046895,0.638767817515597,-1.22746340203324E-14));
#3126=DIRECTION('ref_axis',(0.638767817515597,0.769399555046895,-1.7397991984905E-15));
#3127=DIRECTION('',(0.638767817515597,0.769399555046895,-1.55892430042323E-15));
#3128=DIRECTION('',(0.638767817515597,0.769399555046895,-1.7397991984905E-15));
#3129=DIRECTION('center_axis',(4.71844808179757E-16,1.86950968482124E-15,
1.));
#3130=DIRECTION('ref_axis',(1.,-2.06109477676927E-16,-4.71844808179757E-16));
#3131=DIRECTION('center_axis',(-1.,2.0610947767668E-16,-5.61690524174958E-24));
#3132=DIRECTION('ref_axis',(2.0610947767668E-16,1.,-5.24035629497886E-13));
#3133=DIRECTION('',(2.0610947767668E-16,1.,-2.02615701745937E-15));
#3134=DIRECTION('',(5.61690128112675E-24,-1.92161121452475E-14,-1.));
#3135=DIRECTION('',(2.0610947767668E-16,1.,-5.24035629497886E-13));
#3136=DIRECTION('',(5.61690128112675E-24,-1.92161121452475E-14,-1.));
#3137=DIRECTION('center_axis',(-2.06109477676918E-16,-1.,1.92161121452475E-14));
#3138=DIRECTION('ref_axis',(-1.,2.06109477676927E-16,4.71844808179757E-16));
#3139=DIRECTION('',(-1.,2.06109477676918E-16,-1.13736988377857E-23));
#3140=DIRECTION('',(5.61690128112675E-24,-1.92161121452475E-14,-1.));
#3141=DIRECTION('',(-1.,2.06109477676927E-16,4.71844808179757E-16));
#3142=DIRECTION('center_axis',(1.,-2.06109477676926E-16,5.61690524174958E-24));
#3143=DIRECTION('ref_axis',(-2.06109477676926E-16,-1.,1.86950968482124E-15));
#3144=DIRECTION('',(-2.06109477676926E-16,-1.,2.02615701745937E-15));
#3145=DIRECTION('',(5.61690128112675E-24,-1.92161121452475E-14,-1.));
#3146=DIRECTION('',(-2.06109477676926E-16,-1.,1.86950968482124E-15));
#3147=DIRECTION('center_axis',(2.06109477679937E-16,1.,-1.92161121452475E-14));
#3148=DIRECTION('ref_axis',(1.,-2.06109477676602E-16,1.73583528462842E-13));
#3149=DIRECTION('',(1.,-2.06109477679937E-16,1.13736988377857E-23));
#3150=DIRECTION('',(1.,-2.06109477676602E-16,1.73583528462842E-13));
#3151=DIRECTION('center_axis',(5.61690128112675E-24,-1.92161121452475E-14,
-1.));
#3152=DIRECTION('ref_axis',(1.,-2.06109478878626E-16,5.61690524174961E-24));
#3153=DIRECTION('center_axis',(4.26066429600392E-17,-1.,4.85441276065756E-9));
#3154=DIRECTION('ref_axis',(-1.,-4.26066429600393E-17,-1.13736983329309E-23));
#3155=DIRECTION('',(-1.,-4.26066429600395E-17,-1.13736983329309E-23));
#3156=DIRECTION('',(-0.707106781186548,3.43258815161202E-9,0.707106781186547));
#3157=DIRECTION('',(0.707106781186547,3.43258822754766E-9,0.707106781186548));
#3158=DIRECTION('',(1.,4.26066429600393E-17,1.1373698335242E-23));
#3159=DIRECTION('',(0.70710678118655,-3.43258815815872E-9,-0.707106781186545));
#3160=DIRECTION('',(-0.707106781186548,-3.43258821186691E-9,-0.707106781186547));
#3161=DIRECTION('center_axis',(5.61690464527452E-24,-2.89397217780927E-15,
-1.));
#3162=DIRECTION('ref_axis',(1.,-2.06109478878626E-16,5.61690524174961E-24));
#3163=DIRECTION('center_axis',(5.82373497168398E-24,-2.02615701580501E-15,
-1.));
#3164=DIRECTION('ref_axis',(1.,-2.06109478878626E-16,5.61690524174961E-24));
#3165=DIRECTION('',(5.61690464527452E-24,-2.89397217780927E-15,-1.));
#3166=DIRECTION('center_axis',(5.8237350683383E-24,-1.45254373552859E-15,
-1.));
#3167=DIRECTION('ref_axis',(1.,-2.06109478878626E-16,5.82373536772134E-24));
#3168=DIRECTION('center_axis',(-1.13736984201755E-23,2.02615701745937E-15,
1.));
#3169=DIRECTION('ref_axis',(1.,-2.06109478878626E-16,5.82373536772134E-24));
#3170=DIRECTION('',(5.8237350683383E-24,-1.45254373552859E-15,-1.));
#3171=DIRECTION('center_axis',(5.82373497168398E-24,-2.02615701580501E-15,
-1.));
#3172=DIRECTION('ref_axis',(1.,-2.06109478878626E-16,5.82373538929415E-24));
#3173=DIRECTION('center_axis',(-1.13736984201755E-23,2.02615701745937E-15,
1.));
#3174=DIRECTION('ref_axis',(1.,-1.29247208195459E-25,1.13736984201756E-23));
#3175=DIRECTION('',(1.29247217230456E-25,1.,-2.02615701745937E-15));
#3176=DIRECTION('',(1.29247217230456E-25,1.,-2.02615701745937E-15));
#3177=DIRECTION('',(-1.,-4.26066429600393E-17,-1.13736983338478E-23));
#3178=DIRECTION('center_axis',(-0.707106781186548,1.40165656734849E-15,
0.707106781186547));
#3179=DIRECTION('ref_axis',(0.707106781186547,1.41553435432912E-15,0.707106781186548));
#3180=DIRECTION('',(-2.42720540197304E-9,1.,-2.42720738421477E-9));
#3181=DIRECTION('',(-0.707106781186547,-3.43258821186692E-9,-0.707106781186548));
#3182=DIRECTION('center_axis',(4.26066429600392E-17,-1.,4.85441276065756E-9));
#3183=DIRECTION('ref_axis',(-1.,-4.26066429600393E-17,-1.13736983329309E-23));
#3184=DIRECTION('',(-0.707106781186548,3.43258815161202E-9,0.707106781186547));
#3185=DIRECTION('',(0.707106781186547,3.43258821186692E-9,0.707106781186548));
#3186=DIRECTION('',(1.,4.26066429600393E-17,1.13736983338478E-23));
#3187=DIRECTION('',(0.70710678118655,-3.43258815161202E-9,-0.707106781186545));
#3188=DIRECTION('',(-0.707106781186548,-3.43258821186691E-9,-0.707106781186547));
#3189=DIRECTION('',(-1.,-4.26066429600393E-17,-1.13736983329309E-23));
#3190=DIRECTION('center_axis',(1.15805285670261E-23,-4.85441276065756E-9,
-1.));
#3191=DIRECTION('ref_axis',(-1.,1.29247209199497E-25,-1.15805285678461E-23));
#3192=DIRECTION('',(1.,4.26066429600393E-17,1.13736983329309E-23));
#3193=DIRECTION('',(2.55302443301797E-17,-1.,4.85441276065756E-9));
#3194=DIRECTION('',(5.90408625701287E-18,1.,-4.85441276065756E-9));
#3195=DIRECTION('center_axis',(-4.26066429600392E-17,1.,-4.85441276065756E-9));
#3196=DIRECTION('ref_axis',(1.,4.26066429600393E-17,1.13736983329309E-23));
#3197=DIRECTION('',(0.707106781186548,3.43258821186691E-9,0.707106781186547));
#3198=DIRECTION('',(-0.70710678118655,3.43258815161202E-9,0.707106781186545));
#3199=DIRECTION('',(0.707106781186548,-3.43258815161202E-9,-0.707106781186547));
#3200=DIRECTION('center_axis',(0.707106781186545,1.42941214255053E-15,0.70710678118655));
#3201=DIRECTION('ref_axis',(0.70710678118655,-1.40165656734849E-15,-0.707106781186545));
#3202=DIRECTION('',(-2.42720537253382E-9,-1.,2.42720739402784E-9));
#3203=DIRECTION('',(1.29247217230456E-25,1.,-2.02615701745937E-15));
#3204=DIRECTION('',(-0.70710678118655,3.43258815161202E-9,0.707106781186545));
#3205=DIRECTION('center_axis',(-1.13736984201755E-23,2.02615701745937E-15,
1.));
#3206=DIRECTION('ref_axis',(1.,-1.29247208195459E-25,1.13736984201756E-23));
#3207=DIRECTION('',(-1.,-4.26066429600393E-17,-1.13736983338478E-23));
#3208=DIRECTION('',(1.29247217230456E-25,1.,-2.02615701745937E-15));
#3209=DIRECTION('center_axis',(-0.707106781186548,1.40165656734849E-15,
0.707106781186547));
#3210=DIRECTION('ref_axis',(0.707106781186547,1.41553435432912E-15,0.707106781186548));
#3211=DIRECTION('',(-2.42720540197304E-9,1.,-2.42720738421477E-9));
#3212=DIRECTION('',(-0.707106781186547,-3.43258821186692E-9,-0.707106781186548));
#3213=DIRECTION('center_axis',(4.26066429600392E-17,-1.,4.85441276065756E-9));
#3214=DIRECTION('ref_axis',(-1.,-4.26066429600393E-17,-1.13736983329309E-23));
#3215=DIRECTION('',(-1.,-4.26066429600393E-17,-1.13736983329309E-23));
#3216=DIRECTION('',(-0.707106781186548,3.43258815161202E-9,0.707106781186547));
#3217=DIRECTION('',(0.707106781186547,3.43258821186692E-9,0.707106781186548));
#3218=DIRECTION('',(1.,4.26066429600393E-17,1.13736983338478E-23));
#3219=DIRECTION('',(0.70710678118655,-3.43258815161202E-9,-0.707106781186545));
#3220=DIRECTION('',(-0.707106781186548,-3.43258821186691E-9,-0.707106781186547));
#3221=DIRECTION('center_axis',(1.15805285670261E-23,-4.85441276065756E-9,
-1.));
#3222=DIRECTION('ref_axis',(-1.,1.29247209199497E-25,-1.15805285678461E-23));
#3223=DIRECTION('',(1.,4.26066429600393E-17,1.13736983329309E-23));
#3224=DIRECTION('',(2.55302443301797E-17,-1.,4.85441276065756E-9));
#3225=DIRECTION('',(5.90408625701287E-18,1.,-4.85441276065756E-9));
#3226=DIRECTION('center_axis',(-4.26066429600392E-17,1.,-4.85441276065756E-9));
#3227=DIRECTION('ref_axis',(1.,4.26066429600393E-17,1.13736983329309E-23));
#3228=DIRECTION('',(0.707106781186548,-3.43258815161202E-9,-0.707106781186547));
#3229=DIRECTION('',(0.707106781186548,3.43258821186691E-9,0.707106781186547));
#3230=DIRECTION('center_axis',(-0.707106781186548,1.40165656734849E-15,
0.707106781186547));
#3231=DIRECTION('ref_axis',(0.707106781186547,1.41553435432912E-15,0.707106781186548));
#3232=DIRECTION('',(-2.42720540197304E-9,1.,-2.42720738421477E-9));
#3233=DIRECTION('',(1.29247217230456E-25,1.,-2.02615701745937E-15));
#3234=DIRECTION('center_axis',(-1.13736984201755E-23,2.02615701745937E-15,
1.));
#3235=DIRECTION('ref_axis',(1.,-1.29247208195459E-25,1.13736984201756E-23));
#3236=DIRECTION('',(1.29247217230456E-25,1.,-2.02615701745937E-15));
#3237=DIRECTION('center_axis',(1.13736984201755E-23,-2.02615701745937E-15,
-1.));
#3238=DIRECTION('ref_axis',(1.,-2.06109477676927E-16,-4.71844815141826E-16));
#3239=DIRECTION('center_axis',(0.707106781186545,1.42941214255053E-15,0.70710678118655));
#3240=DIRECTION('ref_axis',(0.70710678118655,-1.40165656734849E-15,-0.707106781186545));
#3241=DIRECTION('',(-2.42720537253382E-9,-1.,2.42720739402784E-9));
#3242=DIRECTION('center_axis',(0.707106781186545,1.42941214255053E-15,0.70710678118655));
#3243=DIRECTION('ref_axis',(0.70710678118655,-1.40165656734849E-15,-0.707106781186545));
#3244=DIRECTION('',(-2.42720537253382E-9,-1.,2.42720739402784E-9));
#3245=DIRECTION('center_axis',(1.15805285670261E-23,-4.85441276065756E-9,
-1.));
#3246=DIRECTION('ref_axis',(-1.,1.29247431066627E-25,-1.15805285678461E-23));
#3247=DIRECTION('center_axis',(4.71844808179757E-16,1.86950968482124E-15,
1.));
#3248=DIRECTION('ref_axis',(1.,-2.06109477676927E-16,-4.71844808179757E-16));
#3249=DIRECTION('center_axis',(-4.71844808179757E-16,-1.86950968482124E-15,
-1.));
#3250=DIRECTION('ref_axis',(1.,-2.06109477676927E-16,-4.71844808179757E-16));
#3251=DIRECTION('center_axis',(-4.71844808179757E-16,-1.86950968482124E-15,
-1.));
#3252=DIRECTION('ref_axis',(1.,-2.06109475386399E-16,-9.47661915271986E-16));
#3253=DIRECTION('center_axis',(-4.71844815141826E-16,-1.45254373552859E-15,
-1.));
#3254=DIRECTION('ref_axis',(1.,-2.06109477676927E-16,-4.71844815141826E-16));
#3255=DIRECTION('',(-4.71844815141826E-16,-1.45254373552859E-15,-1.));
#3256=DIRECTION('center_axis',(-9.47661915271986E-16,-1.36867295259476E-15,
-1.));
#3257=DIRECTION('ref_axis',(1.,-2.06109475386399E-16,-9.47661915271986E-16));
#3258=DIRECTION('',(-9.47661915271986E-16,-1.36867295259476E-15,-1.));
#3259=DIRECTION('center_axis',(-1.48892510178656E-23,8.32667266996933E-16,
1.));
#3260=DIRECTION('ref_axis',(1.,-8.47239761348414E-22,1.48892510181545E-23));
#3261=DIRECTION('',(1.,8.65116416552223E-17,1.81979733960423E-23));
#3262=DIRECTION('center_axis',(-1.48892510178656E-23,8.32667266996933E-16,
1.));
#3263=DIRECTION('ref_axis',(1.,-2.06109475386399E-16,-9.42875030133909E-16));
#3264=DIRECTION('center_axis',(-1.48892510178656E-23,8.32667266996933E-16,
1.));
#3265=DIRECTION('ref_axis',(1.,-2.06109475386399E-16,-9.42875030133909E-16));
#3266=DIRECTION('center_axis',(-9.42875030133909E-16,-1.53873560545922E-15,
-1.));
#3267=DIRECTION('ref_axis',(1.,-2.06109475386399E-16,-9.42875030133909E-16));
#3268=DIRECTION('center_axis',(-4.71844808179757E-16,-1.86950968564842E-15,
-1.));
#3269=DIRECTION('ref_axis',(1.,-2.06109475386399E-16,-9.42875030133909E-16));
#3270=DIRECTION('',(-9.42875030133909E-16,-1.53873560545922E-15,-1.));
#3271=DIRECTION('center_axis',(-9.42875030133909E-16,-1.53873560545922E-15,
-1.));
#3272=DIRECTION('ref_axis',(1.,-2.06109475386399E-16,-9.42875030133909E-16));
#3273=DIRECTION('center_axis',(-4.71844808179757E-16,-1.86950968564842E-15,
-1.));
#3274=DIRECTION('ref_axis',(1.,-2.06109475386399E-16,-9.42875030133909E-16));
#3275=DIRECTION('',(-9.42875030133909E-16,-1.53873560545922E-15,-1.));
#3276=DIRECTION('center_axis',(-4.71844815141828E-16,-7.373733201299E-15,
-1.));
#3277=DIRECTION('ref_axis',(1.,-2.06109477676927E-16,-4.71844815141826E-16));
#3278=DIRECTION('center_axis',(1.13736984201755E-23,-2.02615701848456E-15,
-1.));
#3279=DIRECTION('ref_axis',(1.,-2.06109477676927E-16,-4.71844815141826E-16));
#3280=DIRECTION('',(-4.71844815141828E-16,-7.373733201299E-15,-1.));
#3281=DIRECTION('center_axis',(-4.71844808179757E-16,-1.86950968564842E-15,
-1.));
#3282=DIRECTION('ref_axis',(1.,-2.06109477676927E-16,-4.71844808179757E-16));
#3283=DIRECTION('center_axis',(4.71844808179757E-16,1.86950968564842E-15,
1.));
#3284=DIRECTION('ref_axis',(1.,-2.06109477676927E-16,-4.71844808179757E-16));
#3285=DIRECTION('center_axis',(0.707106781186547,-3.4325881859143E-9,-0.707106781186548));
#3286=DIRECTION('ref_axis',(0.707106781186549,3.43258821366987E-9,0.707106781186546));
#3287=DIRECTION('',(0.707106781186548,3.43258823833527E-9,0.707106781186547));
#3288=DIRECTION('',(1.29246977640662E-25,1.,-2.02615701848456E-15));
#3289=DIRECTION('',(0.707106781186548,3.43258821186692E-9,0.707106781186547));
#3290=DIRECTION('',(5.90408625701264E-18,1.,-4.85441276065757E-9));
#3291=DIRECTION('',(-0.707106781186548,-3.43258821186692E-9,-0.707106781186547));
#3292=DIRECTION('',(1.29246977640662E-25,1.,-2.02615701848456E-15));
#3293=DIRECTION('',(0.707106781186548,3.43258821186692E-9,0.707106781186547));
#3294=DIRECTION('',(5.90408625701264E-18,1.,-4.85441276065757E-9));
#3295=DIRECTION('',(-0.707106781186548,-3.43258821186692E-9,-0.707106781186547));
#3296=DIRECTION('',(1.29246977640662E-25,1.,-2.02615701848456E-15));
#3297=DIRECTION('',(0.707106781186548,3.43258821186692E-9,0.707106781186547));
#3298=DIRECTION('',(5.90408625701264E-18,1.,-4.85441276065757E-9));
#3299=DIRECTION('',(-0.707106781186548,-3.43258821186692E-9,-0.707106781186547));
#3300=DIRECTION('',(1.29246977640662E-25,1.,-2.02615701848456E-15));
#3301=DIRECTION('',(0.707106781186548,3.43258821186692E-9,0.707106781186547));
#3302=DIRECTION('',(5.90408625701264E-18,1.,-4.85441276065757E-9));
#3303=DIRECTION('',(-0.707106781186548,-3.43258821186692E-9,-0.707106781186547));
#3304=DIRECTION('',(1.29246977640662E-25,1.,-2.02615701848456E-15));
#3305=DIRECTION('',(0.707106781186548,3.43258821186692E-9,0.707106781186547));
#3306=DIRECTION('',(5.90408625701264E-18,1.,-4.85441276065757E-9));
#3307=DIRECTION('',(-0.707106781186548,-3.43258821186692E-9,-0.707106781186547));
#3308=DIRECTION('',(1.29246977640662E-25,1.,-2.02615701848456E-15));
#3309=DIRECTION('',(0.707106781186548,3.43258821186692E-9,0.707106781186547));
#3310=DIRECTION('',(5.90408625701264E-18,1.,-4.85441276065757E-9));
#3311=DIRECTION('',(-0.707106781186548,-3.43258821186692E-9,-0.707106781186547));
#3312=DIRECTION('',(1.29246977640662E-25,1.,-2.02615701848456E-15));
#3313=DIRECTION('',(0.707106781186548,3.43258821186692E-9,0.707106781186547));
#3314=DIRECTION('',(5.90408625701264E-18,1.,-4.85441276065757E-9));
#3315=DIRECTION('',(-0.707106781186548,-3.43258821186692E-9,-0.707106781186547));
#3316=DIRECTION('',(1.29246977640662E-25,1.,-2.02615701848456E-15));
#3317=DIRECTION('',(0.707106781186548,3.43258821186692E-9,0.707106781186547));
#3318=DIRECTION('',(5.90408625701264E-18,1.,-4.85441276065757E-9));
#3319=DIRECTION('',(-0.707106781186548,-3.43258821186692E-9,-0.707106781186547));
#3320=DIRECTION('',(1.29246977640662E-25,1.,-2.02615701848456E-15));
#3321=DIRECTION('',(0.707106781186548,3.43258821186692E-9,0.707106781186547));
#3322=DIRECTION('',(5.90408625701264E-18,1.,-4.85441276065757E-9));
#3323=DIRECTION('',(-0.707106781186548,-3.43258821186692E-9,-0.707106781186547));
#3324=DIRECTION('',(1.29246977640662E-25,1.,-2.02615701848456E-15));
#3325=DIRECTION('',(0.707106781186548,3.43258821186692E-9,0.707106781186547));
#3326=DIRECTION('',(5.90408625701264E-18,1.,-4.85441276065757E-9));
#3327=DIRECTION('',(-0.707106781186548,-3.43258821186692E-9,-0.707106781186547));
#3328=DIRECTION('',(1.29246977640662E-25,1.,-2.02615701848456E-15));
#3329=DIRECTION('',(0.707106781186549,3.43258821366987E-9,0.707106781186546));
#3330=DIRECTION('',(-4.85441078075791E-9,1.,-4.85441276065757E-9));
#3331=DIRECTION('',(-0.707106781186549,-3.43258821366987E-9,-0.707106781186546));
#3332=DIRECTION('',(1.29246977640662E-25,1.,-2.02615701848456E-15));
#3333=DIRECTION('',(0.707106781186549,3.43258821366987E-9,0.707106781186546));
#3334=DIRECTION('',(-4.85441078075791E-9,1.,-4.85441276065757E-9));
#3335=DIRECTION('',(-0.707106781186549,-3.43258821366987E-9,-0.707106781186546));
#3336=DIRECTION('',(-2.42720537253382E-9,-1.,2.42720739402784E-9));
#3337=DIRECTION('',(0.707106781186549,3.43258821366987E-9,0.707106781186546));
#3338=DIRECTION('',(-4.85441078075791E-9,1.,-4.85441276065757E-9));
#3339=DIRECTION('center_axis',(-4.71844815141828E-16,-7.373733201299E-15,
-1.));
#3340=DIRECTION('ref_axis',(1.,-2.06109477676927E-16,-4.71844815141826E-16));
#3341=DIRECTION('center_axis',(1.13736984201755E-23,-2.02615701848456E-15,
-1.));
#3342=DIRECTION('ref_axis',(1.,-2.06109477676927E-16,-4.71844815141826E-16));
#3343=DIRECTION('',(-4.71844815141828E-16,-7.373733201299E-15,-1.));
#3344=DIRECTION('center_axis',(-4.71844808179757E-16,-1.86950968564842E-15,
-1.));
#3345=DIRECTION('ref_axis',(1.,-2.06109477676927E-16,-4.71844808179757E-16));
#3346=DIRECTION('center_axis',(4.71844808179757E-16,1.86950968564842E-15,
1.));
#3347=DIRECTION('ref_axis',(1.,-2.06109477676927E-16,-4.71844808179757E-16));
#3348=DIRECTION('center_axis',(-1.13736984201755E-23,2.02615701848456E-15,
1.));
#3349=DIRECTION('ref_axis',(1.,-1.29246980324903E-25,1.13736984201755E-23));
#3350=DIRECTION('',(1.,4.26066429600395E-17,1.13736983338478E-23));
#3351=DIRECTION('',(1.29246979181406E-25,1.,-2.02615701848456E-15));
#3352=DIRECTION('',(-1.,-4.26066429600395E-17,-1.1373698335242E-23));
#3353=DIRECTION('',(1.29246977640662E-25,1.,-2.02615701848456E-15));
#3354=DIRECTION('center_axis',(1.15805285670261E-23,-4.85441276065757E-9,
-1.));
#3355=DIRECTION('ref_axis',(-1.,1.29246979434161E-25,-1.15805285678461E-23));
#3356=DIRECTION('',(-1.,-4.26066429600395E-17,-1.13736983329309E-23));
#3357=DIRECTION('',(1.,4.26066429600395E-17,1.13736983329309E-23));
#3358=DIRECTION('',(2.55302443301799E-17,-1.,4.85441276065757E-9));
#3359=DIRECTION('center_axis',(-0.707106781186547,-3.43258819979209E-9,
-0.707106781186548));
#3360=DIRECTION('ref_axis',(0.707106781186548,-3.43258814428093E-9,-0.707106781186547));
#3361=DIRECTION('',(-4.8544107807579E-9,-1.,4.85441276065757E-9));
#3362=DIRECTION('',(0.707106781186548,-3.43258814428093E-9,-0.707106781186547));
#3363=DIRECTION('',(-2.42720540197304E-9,1.,-2.42720738421477E-9));
#3364=DIRECTION('',(-0.707106781186548,3.43258814428093E-9,0.707106781186547));
#3365=DIRECTION('',(-4.8544107807579E-9,-1.,4.85441276065757E-9));
#3366=DIRECTION('',(0.707106781186548,-3.43258814428093E-9,-0.707106781186547));
#3367=DIRECTION('',(-1.29246977640662E-25,-1.,2.02615701848456E-15));
#3368=DIRECTION('',(-0.707106781186548,3.43258814428093E-9,0.707106781186547));
#3369=DIRECTION('',(-4.8544107807579E-9,-1.,4.85441276065757E-9));
#3370=DIRECTION('',(0.707106781186548,-3.43258814428093E-9,-0.707106781186547));
#3371=DIRECTION('',(-1.29246977640662E-25,-1.,2.02615701848456E-15));
#3372=DIRECTION('',(-0.707106781186548,3.43258815161202E-9,0.707106781186547));
#3373=DIRECTION('',(0.707106781186548,-3.43258815161202E-9,-0.707106781186547));
#3374=DIRECTION('',(-1.29246977640662E-25,-1.,2.02615701848456E-15));
#3375=DIRECTION('',(-0.707106781186548,3.43258815161202E-9,0.707106781186547));
#3376=DIRECTION('',(2.55302443301799E-17,-1.,4.85441276065757E-9));
#3377=DIRECTION('',(0.707106781186548,-3.43258815161202E-9,-0.707106781186547));
#3378=DIRECTION('',(-1.29246977640662E-25,-1.,2.02615701848456E-15));
#3379=DIRECTION('',(-0.707106781186548,3.43258815161202E-9,0.707106781186547));
#3380=DIRECTION('',(2.55302443301799E-17,-1.,4.85441276065757E-9));
#3381=DIRECTION('',(0.707106781186548,-3.43258815161202E-9,-0.707106781186547));
#3382=DIRECTION('',(-1.29246977640662E-25,-1.,2.02615701848456E-15));
#3383=DIRECTION('',(-0.707106781186548,3.43258815161202E-9,0.707106781186547));
#3384=DIRECTION('',(2.55302443301799E-17,-1.,4.85441276065757E-9));
#3385=DIRECTION('',(0.707106781186548,-3.43258815161202E-9,-0.707106781186547));
#3386=DIRECTION('',(-1.29246977640662E-25,-1.,2.02615701848456E-15));
#3387=DIRECTION('',(-0.707106781186548,3.43258815161202E-9,0.707106781186547));
#3388=DIRECTION('',(2.55302443301799E-17,-1.,4.85441276065757E-9));
#3389=DIRECTION('',(0.707106781186548,-3.43258815161202E-9,-0.707106781186547));
#3390=DIRECTION('',(-1.29246977640662E-25,-1.,2.02615701848456E-15));
#3391=DIRECTION('',(-0.707106781186548,3.43258815161202E-9,0.707106781186547));
#3392=DIRECTION('',(2.55302443301799E-17,-1.,4.85441276065757E-9));
#3393=DIRECTION('',(0.707106781186548,-3.43258815161202E-9,-0.707106781186547));
#3394=DIRECTION('',(-1.29246977640662E-25,-1.,2.02615701848456E-15));
#3395=DIRECTION('',(-0.707106781186548,3.43258815161202E-9,0.707106781186547));
#3396=DIRECTION('',(2.55302443301799E-17,-1.,4.85441276065757E-9));
#3397=DIRECTION('',(0.707106781186548,-3.43258815161202E-9,-0.707106781186547));
#3398=DIRECTION('',(-1.29246977640662E-25,-1.,2.02615701848456E-15));
#3399=DIRECTION('',(-0.707106781186548,3.43258815161202E-9,0.707106781186547));
#3400=DIRECTION('',(2.55302443301799E-17,-1.,4.85441276065757E-9));
#3401=DIRECTION('',(0.707106781186548,-3.43258815161202E-9,-0.707106781186547));
#3402=DIRECTION('',(-1.29246977640662E-25,-1.,2.02615701848456E-15));
#3403=DIRECTION('',(-0.707106781186548,3.43258815161202E-9,0.707106781186547));
#3404=DIRECTION('',(2.55302443301799E-17,-1.,4.85441276065757E-9));
#3405=DIRECTION('',(0.707106781186548,-3.43258815161202E-9,-0.707106781186547));
#3406=DIRECTION('',(-1.29246977640662E-25,-1.,2.02615701848456E-15));
#3407=DIRECTION('',(-0.707106781186548,3.43258815161202E-9,0.707106781186547));
#3408=DIRECTION('',(2.55302443301799E-17,-1.,4.85441276065757E-9));
#3409=DIRECTION('',(0.707106781186548,-3.43258815161202E-9,-0.707106781186547));
#3410=DIRECTION('',(-1.29246977640662E-25,-1.,2.02615701848456E-15));
#3411=DIRECTION('',(0.707106781186548,-3.43258811598934E-9,-0.707106781186547));
#3412=DIRECTION('center_axis',(-0.707106781186548,1.40165656765086E-15,
0.707106781186547));
#3413=DIRECTION('ref_axis',(0.707106781186547,1.41553435527589E-15,0.707106781186548));
#3414=DIRECTION('',(1.29246979181406E-25,1.,-2.02615701848456E-15));
#3415=DIRECTION('',(-0.707106781186547,-3.43258823833528E-9,-0.707106781186548));
#3416=DIRECTION('',(-0.707106781186547,-3.43258821186692E-9,-0.707106781186548));
#3417=DIRECTION('center_axis',(-1.13736984201755E-23,2.02615701848456E-15,
1.));
#3418=DIRECTION('ref_axis',(1.,-1.29246980324903E-25,1.13736984201755E-23));
#3419=DIRECTION('',(1.29246977640662E-25,1.,-2.02615701848456E-15));
#3420=DIRECTION('',(-1.,-8.65116416552222E-17,-1.46824206951015E-23));
#3421=DIRECTION('',(-1.,-4.26066429600395E-17,-1.13736983338478E-23));
#3422=DIRECTION('center_axis',(0.707106781186545,1.4294121430837E-15,0.70710678118655));
#3423=DIRECTION('ref_axis',(0.70710678118655,-1.40165656765086E-15,-0.707106781186545));
#3424=DIRECTION('',(-0.70710678118655,3.43258811598933E-9,0.707106781186545));
#3425=DIRECTION('',(-0.70710678118655,3.43258815161202E-9,0.707106781186545));
#3426=DIRECTION('center_axis',(-4.26066429600395E-17,1.,-4.85441276065757E-9));
#3427=DIRECTION('ref_axis',(1.,4.26066429600395E-17,1.13736983329309E-23));
#3428=DIRECTION('',(1.,4.26066429600395E-17,1.13736983329309E-23));
#3429=DIRECTION('center_axis',(1.15805285670261E-23,-4.85441276065757E-9,
-1.));
#3430=DIRECTION('ref_axis',(-1.,1.29246979434161E-25,-1.15805285678461E-23));
#3431=DIRECTION('',(-1.,-4.26066429600395E-17,-1.13736983329309E-23));
#3432=DIRECTION('center_axis',(4.26066429600395E-17,-1.,4.85441276065757E-9));
#3433=DIRECTION('ref_axis',(-1.,-4.26066429600395E-17,-1.13736983329309E-23));
#3434=DIRECTION('',(0.707106781186547,3.43258821186692E-9,0.707106781186548));
#3435=DIRECTION('',(1.,4.26066429600395E-17,1.13736983338478E-23));
#3436=DIRECTION('',(0.70710678118655,-3.43258815161202E-9,-0.707106781186545));
#3437=DIRECTION('center_axis',(0.707106781186545,1.4294121430837E-15,0.70710678118655));
#3438=DIRECTION('ref_axis',(0.70710678118655,-1.40165656765086E-15,-0.707106781186545));
#3439=DIRECTION('',(1.29246977640662E-25,1.,-2.02615701848456E-15));
#3440=DIRECTION('',(-0.70710678118655,3.43258815161202E-9,0.707106781186545));
#3441=DIRECTION('center_axis',(-1.13736984201755E-23,2.02615701848456E-15,
1.));
#3442=DIRECTION('ref_axis',(1.,-1.29246980324903E-25,1.13736984201755E-23));
#3443=DIRECTION('',(1.29246979181406E-25,1.,-2.02615701848456E-15));
#3444=DIRECTION('',(-1.,-4.26066429600395E-17,-1.13736983338478E-23));
#3445=DIRECTION('center_axis',(-0.707106781186548,1.40165656765086E-15,
0.707106781186547));
#3446=DIRECTION('ref_axis',(0.707106781186547,1.41553435527589E-15,0.707106781186548));
#3447=DIRECTION('',(-0.707106781186547,-3.43258821186692E-9,-0.707106781186548));
#3448=DIRECTION('center_axis',(-4.26066429600395E-17,1.,-4.85441276065757E-9));
#3449=DIRECTION('ref_axis',(1.,4.26066429600395E-17,1.13736983329309E-23));
#3450=DIRECTION('',(1.,4.26066429600395E-17,1.13736983329309E-23));
#3451=DIRECTION('center_axis',(1.15805285670261E-23,-4.85441276065757E-9,
-1.));
#3452=DIRECTION('ref_axis',(-1.,1.29246979434161E-25,-1.15805285678461E-23));
#3453=DIRECTION('',(-1.,-4.26066429600395E-17,-1.13736983329309E-23));
#3454=DIRECTION('center_axis',(4.26066429600395E-17,-1.,4.85441276065757E-9));
#3455=DIRECTION('ref_axis',(-1.,-4.26066429600395E-17,-1.13736983329309E-23));
#3456=DIRECTION('',(0.707106781186547,3.43258821186692E-9,0.707106781186548));
#3457=DIRECTION('',(1.,4.26066429600395E-17,1.13736983338478E-23));
#3458=DIRECTION('',(0.70710678118655,-3.43258815161202E-9,-0.707106781186545));
#3459=DIRECTION('center_axis',(-4.26066429600395E-17,1.,-4.85441276065757E-9));
#3460=DIRECTION('ref_axis',(1.,4.26066429600395E-17,1.13736983329309E-23));
#3461=DIRECTION('',(1.,4.26066429600395E-17,1.13736983329309E-23));
#3462=DIRECTION('',(-0.70710678118655,3.43258815161202E-9,0.707106781186545));
#3463=DIRECTION('',(-1.,-4.26066429600395E-17,-1.13736983338478E-23));
#3464=DIRECTION('',(-0.707106781186547,-3.43258821186692E-9,-0.707106781186548));
#3465=DIRECTION('center_axis',(1.15805285670261E-23,-4.85441276065757E-9,
-1.));
#3466=DIRECTION('ref_axis',(-1.,1.29246979434161E-25,-1.15805285678461E-23));
#3467=DIRECTION('',(-1.,-4.26066429600395E-17,-1.13736983329309E-23));
#3468=DIRECTION('center_axis',(4.26066429600395E-17,-1.,4.85441276065757E-9));
#3469=DIRECTION('ref_axis',(-1.,-4.26066429600395E-17,-1.13736983329309E-23));
#3470=DIRECTION('',(0.707106781186547,3.43258821186692E-9,0.707106781186548));
#3471=DIRECTION('',(1.,4.26066429600395E-17,1.13736983338478E-23));
#3472=DIRECTION('',(0.70710678118655,-3.43258815161202E-9,-0.707106781186545));
#3473=DIRECTION('center_axis',(0.707106781186545,1.4294121430837E-15,0.70710678118655));
#3474=DIRECTION('ref_axis',(0.70710678118655,-1.40165656765086E-15,-0.707106781186545));
#3475=DIRECTION('',(1.29246977640662E-25,1.,-2.02615701848456E-15));
#3476=DIRECTION('',(-0.70710678118655,3.43258815161202E-9,0.707106781186545));
#3477=DIRECTION('center_axis',(-1.13736984201755E-23,2.02615701848456E-15,
1.));
#3478=DIRECTION('ref_axis',(1.,-1.29246980324903E-25,1.13736984201755E-23));
#3479=DIRECTION('',(1.29246979181406E-25,1.,-2.02615701848456E-15));
#3480=DIRECTION('',(-1.,-4.26066429600395E-17,-1.13736983338478E-23));
#3481=DIRECTION('center_axis',(-0.707106781186548,1.40165656765086E-15,
0.707106781186547));
#3482=DIRECTION('ref_axis',(0.707106781186547,1.41553435527589E-15,0.707106781186548));
#3483=DIRECTION('',(-0.707106781186547,-3.43258821186692E-9,-0.707106781186548));
#3484=DIRECTION('center_axis',(-4.26066429600395E-17,1.,-4.85441276065757E-9));
#3485=DIRECTION('ref_axis',(1.,4.26066429600395E-17,1.13736983329309E-23));
#3486=DIRECTION('',(1.,4.26066429600395E-17,1.13736983329309E-23));
#3487=DIRECTION('center_axis',(1.15805285670261E-23,-4.85441276065757E-9,
-1.));
#3488=DIRECTION('ref_axis',(-1.,1.29246979434161E-25,-1.15805285678461E-23));
#3489=DIRECTION('',(-1.,-4.26066429600395E-17,-1.13736983329309E-23));
#3490=DIRECTION('center_axis',(4.26066429600395E-17,-1.,4.85441276065757E-9));
#3491=DIRECTION('ref_axis',(-1.,-4.26066429600395E-17,-1.13736983329309E-23));
#3492=DIRECTION('',(0.707106781186547,3.43258821186692E-9,0.707106781186548));
#3493=DIRECTION('',(1.,4.26066429600395E-17,1.13736983338478E-23));
#3494=DIRECTION('',(0.70710678118655,-3.43258815161202E-9,-0.707106781186545));
#3495=DIRECTION('center_axis',(-0.707106781186548,1.40165656765086E-15,
0.707106781186547));
#3496=DIRECTION('ref_axis',(0.707106781186547,1.41553435527589E-15,0.707106781186548));
#3497=DIRECTION('',(1.29246979181406E-25,1.,-2.02615701848456E-15));
#3498=DIRECTION('center_axis',(-1.13736984201755E-23,2.02615701848456E-15,
1.));
#3499=DIRECTION('ref_axis',(1.,-1.29246980324903E-25,1.13736984201755E-23));
#3500=DIRECTION('',(1.29246977640662E-25,1.,-2.02615701848456E-15));
#3501=DIRECTION('center_axis',(0.707106781186545,1.4294121430837E-15,0.70710678118655));
#3502=DIRECTION('ref_axis',(0.70710678118655,-1.40165656765086E-15,-0.707106781186545));
#3503=DIRECTION('center_axis',(-4.26066429600395E-17,1.,-4.85441276065757E-9));
#3504=DIRECTION('ref_axis',(1.,4.26066429600395E-17,1.13736983329309E-23));
#3505=DIRECTION('',(1.,4.26066429600395E-17,1.13736983329309E-23));
#3506=DIRECTION('',(-0.70710678118655,3.43258815161202E-9,0.707106781186545));
#3507=DIRECTION('',(-1.,-4.26066429600395E-17,-1.13736983338478E-23));
#3508=DIRECTION('',(-0.707106781186547,-3.43258821186692E-9,-0.707106781186548));
#3509=DIRECTION('center_axis',(1.15805285670261E-23,-4.85441276065757E-9,
-1.));
#3510=DIRECTION('ref_axis',(-1.,1.29246979434161E-25,-1.15805285678461E-23));
#3511=DIRECTION('',(-1.,-4.26066429600395E-17,-1.13736983329309E-23));
#3512=DIRECTION('center_axis',(4.26066429600395E-17,-1.,4.85441276065757E-9));
#3513=DIRECTION('ref_axis',(-1.,-4.26066429600395E-17,-1.13736983329309E-23));
#3514=DIRECTION('',(0.707106781186547,3.43258821186692E-9,0.707106781186548));
#3515=DIRECTION('',(1.,4.26066429600395E-17,1.13736983338478E-23));
#3516=DIRECTION('',(0.70710678118655,-3.43258815161202E-9,-0.707106781186545));
#3517=DIRECTION('center_axis',(0.707106781186545,1.4294121430837E-15,0.70710678118655));
#3518=DIRECTION('ref_axis',(0.70710678118655,-1.40165656765086E-15,-0.707106781186545));
#3519=DIRECTION('',(1.29246977640662E-25,1.,-2.02615701848456E-15));
#3520=DIRECTION('',(-0.70710678118655,3.43258815161202E-9,0.707106781186545));
#3521=DIRECTION('center_axis',(-1.13736984201755E-23,2.02615701848456E-15,
1.));
#3522=DIRECTION('ref_axis',(1.,-1.29246980324903E-25,1.13736984201755E-23));
#3523=DIRECTION('',(1.29246979181406E-25,1.,-2.02615701848456E-15));
#3524=DIRECTION('',(-1.,-4.26066429600395E-17,-1.13736983338478E-23));
#3525=DIRECTION('center_axis',(-0.707106781186548,1.40165656765086E-15,
0.707106781186547));
#3526=DIRECTION('ref_axis',(0.707106781186547,1.41553435527589E-15,0.707106781186548));
#3527=DIRECTION('',(-0.707106781186547,-3.43258821186692E-9,-0.707106781186548));
#3528=DIRECTION('center_axis',(-4.26066429600395E-17,1.,-4.85441276065757E-9));
#3529=DIRECTION('ref_axis',(1.,4.26066429600395E-17,1.13736983329309E-23));
#3530=DIRECTION('',(1.,4.26066429600395E-17,1.13736983329309E-23));
#3531=DIRECTION('center_axis',(1.15805285670261E-23,-4.85441276065757E-9,
-1.));
#3532=DIRECTION('ref_axis',(-1.,1.29246979434161E-25,-1.15805285678461E-23));
#3533=DIRECTION('',(-1.,-4.26066429600395E-17,-1.13736983329309E-23));
#3534=DIRECTION('center_axis',(4.26066429600395E-17,-1.,4.85441276065757E-9));
#3535=DIRECTION('ref_axis',(-1.,-4.26066429600395E-17,-1.13736983329309E-23));
#3536=DIRECTION('',(0.707106781186547,3.43258821186692E-9,0.707106781186548));
#3537=DIRECTION('',(1.,4.26066429600395E-17,1.13736983338478E-23));
#3538=DIRECTION('',(0.70710678118655,-3.43258815161202E-9,-0.707106781186545));
#3539=DIRECTION('center_axis',(-0.707106781186548,1.40165656765086E-15,
0.707106781186547));
#3540=DIRECTION('ref_axis',(0.707106781186547,1.41553435527589E-15,0.707106781186548));
#3541=DIRECTION('',(1.29246979181406E-25,1.,-2.02615701848456E-15));
#3542=DIRECTION('center_axis',(-1.13736984201755E-23,2.02615701848456E-15,
1.));
#3543=DIRECTION('ref_axis',(1.,-1.29246980324903E-25,1.13736984201755E-23));
#3544=DIRECTION('',(1.29246977640662E-25,1.,-2.02615701848456E-15));
#3545=DIRECTION('center_axis',(0.707106781186545,1.4294121430837E-15,0.70710678118655));
#3546=DIRECTION('ref_axis',(0.70710678118655,-1.40165656765086E-15,-0.707106781186545));
#3547=DIRECTION('center_axis',(-4.26066429600395E-17,1.,-4.85441276065757E-9));
#3548=DIRECTION('ref_axis',(1.,4.26066429600395E-17,1.13736983329309E-23));
#3549=DIRECTION('',(1.,4.26066429600395E-17,1.13736983329309E-23));
#3550=DIRECTION('',(-0.70710678118655,3.43258815161202E-9,0.707106781186545));
#3551=DIRECTION('',(-1.,-4.26066429600395E-17,-1.13736983338478E-23));
#3552=DIRECTION('',(-0.707106781186547,-3.43258821186692E-9,-0.707106781186548));
#3553=DIRECTION('center_axis',(1.15805285670261E-23,-4.85441276065757E-9,
-1.));
#3554=DIRECTION('ref_axis',(-1.,1.29246979434161E-25,-1.15805285678461E-23));
#3555=DIRECTION('',(-1.,-4.26066429600395E-17,-1.13736983329309E-23));
#3556=DIRECTION('center_axis',(4.26066429600395E-17,-1.,4.85441276065757E-9));
#3557=DIRECTION('ref_axis',(-1.,-4.26066429600395E-17,-1.13736983329309E-23));
#3558=DIRECTION('',(0.707106781186547,3.43258821186692E-9,0.707106781186548));
#3559=DIRECTION('',(1.,4.26066429600395E-17,1.13736983338478E-23));
#3560=DIRECTION('',(0.70710678118655,-3.43258815161202E-9,-0.707106781186545));
#3561=DIRECTION('center_axis',(0.707106781186545,1.4294121430837E-15,0.70710678118655));
#3562=DIRECTION('ref_axis',(0.70710678118655,-1.40165656765086E-15,-0.707106781186545));
#3563=DIRECTION('',(1.29246977640662E-25,1.,-2.02615701848456E-15));
#3564=DIRECTION('',(-0.70710678118655,3.43258815161202E-9,0.707106781186545));
#3565=DIRECTION('center_axis',(-1.13736984201755E-23,2.02615701848456E-15,
1.));
#3566=DIRECTION('ref_axis',(1.,-1.29246980324903E-25,1.13736984201755E-23));
#3567=DIRECTION('',(1.29246979181406E-25,1.,-2.02615701848456E-15));
#3568=DIRECTION('',(-1.,-4.26066429600395E-17,-1.13736983338478E-23));
#3569=DIRECTION('center_axis',(-0.707106781186548,3.43258851064041E-9,0.707106781186547));
#3570=DIRECTION('ref_axis',(0.707106781186547,3.43258821186692E-9,0.707106781186548));
#3571=DIRECTION('',(-0.707106781186547,-3.43258821186692E-9,-0.707106781186548));
#3572=DIRECTION('center_axis',(-0.707106781186548,1.40165656765086E-15,
0.707106781186547));
#3573=DIRECTION('ref_axis',(0.707106781186547,1.41553435527589E-15,0.707106781186548));
#3574=DIRECTION('',(1.29246979181406E-25,1.,-2.02615701848456E-15));
#3575=DIRECTION('center_axis',(-1.13736984201755E-23,2.02615701848456E-15,
1.));
#3576=DIRECTION('ref_axis',(1.,-1.29246980324903E-25,1.13736984201755E-23));
#3577=DIRECTION('',(1.29246977640662E-25,1.,-2.02615701848456E-15));
#3578=DIRECTION('center_axis',(0.707106781186545,1.4294121430837E-15,0.70710678118655));
#3579=DIRECTION('ref_axis',(0.70710678118655,-1.40165656765086E-15,-0.707106781186545));
#3580=DIRECTION('center_axis',(-4.26066429600395E-17,1.,-4.85441276065757E-9));
#3581=DIRECTION('ref_axis',(1.,4.26066429600395E-17,1.13736983329309E-23));
#3582=DIRECTION('',(1.,4.26066429600395E-17,1.13736983329309E-23));
#3583=DIRECTION('center_axis',(1.15805285670261E-23,-4.85441276065757E-9,
-1.));
#3584=DIRECTION('ref_axis',(-1.,1.29246979434161E-25,-1.15805285678461E-23));
#3585=DIRECTION('',(-1.,-4.26066429600395E-17,-1.13736983329309E-23));
#3586=DIRECTION('center_axis',(4.26066429600395E-17,-1.,4.85441276065757E-9));
#3587=DIRECTION('ref_axis',(-1.,-4.26066429600395E-17,-1.13736983329309E-23));
#3588=DIRECTION('',(0.707106781186547,3.43258821186692E-9,0.707106781186548));
#3589=DIRECTION('',(1.,4.26066429600395E-17,1.13736983338478E-23));
#3590=DIRECTION('',(0.70710678118655,-3.43258815161202E-9,-0.707106781186545));
#3591=DIRECTION('center_axis',(0.707106781186545,1.4294121430837E-15,0.70710678118655));
#3592=DIRECTION('ref_axis',(0.70710678118655,-1.40165656765086E-15,-0.707106781186545));
#3593=DIRECTION('',(1.29246977640662E-25,1.,-2.02615701848456E-15));
#3594=DIRECTION('',(-0.70710678118655,3.43258815161202E-9,0.707106781186545));
#3595=DIRECTION('center_axis',(-1.13736984201755E-23,2.02615701848456E-15,
1.));
#3596=DIRECTION('ref_axis',(1.,-1.29246980324903E-25,1.13736984201755E-23));
#3597=DIRECTION('',(1.29246979181406E-25,1.,-2.02615701848456E-15));
#3598=DIRECTION('',(-1.,-4.26066429600395E-17,-1.13736983338478E-23));
#3599=DIRECTION('center_axis',(-0.707106781186548,1.40165656765086E-15,
0.707106781186547));
#3600=DIRECTION('ref_axis',(0.707106781186547,1.41553435527589E-15,0.707106781186548));
#3601=DIRECTION('',(-0.707106781186547,-3.43258821186692E-9,-0.707106781186548));
#3602=DIRECTION('center_axis',(-4.26066429600395E-17,1.,-4.85441276065757E-9));
#3603=DIRECTION('ref_axis',(1.,4.26066429600395E-17,1.13736983329309E-23));
#3604=DIRECTION('',(1.,4.26066429600395E-17,1.13736983329309E-23));
#3605=DIRECTION('center_axis',(1.15805285670261E-23,-4.85441276065757E-9,
-1.));
#3606=DIRECTION('ref_axis',(-1.,1.29246979434161E-25,-1.15805285678461E-23));
#3607=DIRECTION('',(-1.,-4.26066429600395E-17,-1.13736983329309E-23));
#3608=DIRECTION('center_axis',(4.26066429600395E-17,-1.,4.85441276065757E-9));
#3609=DIRECTION('ref_axis',(-1.,-4.26066429600395E-17,-1.13736983329309E-23));
#3610=DIRECTION('',(0.707106781186547,3.43258821186692E-9,0.707106781186548));
#3611=DIRECTION('',(1.,4.26066429600395E-17,1.13736983338478E-23));
#3612=DIRECTION('',(0.70710678118655,-3.43258815161202E-9,-0.707106781186545));
#3613=DIRECTION('center_axis',(4.26066429600395E-17,-1.,4.85441276065757E-9));
#3614=DIRECTION('ref_axis',(-1.,-4.26066429600395E-17,-1.13736983329309E-23));
#3615=DIRECTION('',(0.707106781186547,3.43258821186692E-9,0.707106781186548));
#3616=DIRECTION('',(0.70710678118655,-3.43258815161202E-9,-0.707106781186545));
#3617=DIRECTION('center_axis',(-4.26066429600395E-17,1.,-4.85441276065757E-9));
#3618=DIRECTION('ref_axis',(1.,4.26066429600395E-17,1.13736983329309E-23));
#3619=DIRECTION('',(-0.70710678118655,3.43258815161202E-9,0.707106781186545));
#3620=DIRECTION('',(-1.,-4.26066429600395E-17,-1.13736983338478E-23));
#3621=DIRECTION('',(-0.707106781186547,-3.43258821186692E-9,-0.707106781186548));
#3622=DIRECTION('center_axis',(0.707106781186545,1.4294121430837E-15,0.70710678118655));
#3623=DIRECTION('ref_axis',(0.70710678118655,-1.40165656765086E-15,-0.707106781186545));
#3624=DIRECTION('',(-0.70710678118655,3.43258815815872E-9,0.707106781186545));
#3625=DIRECTION('center_axis',(0.707106781186545,1.4294121430837E-15,0.70710678118655));
#3626=DIRECTION('ref_axis',(0.70710678118655,-1.40165656765086E-15,-0.707106781186545));
#3627=DIRECTION('',(1.29246977640662E-25,1.,-2.02615701848456E-15));
#3628=DIRECTION('center_axis',(-0.707106781186548,1.40165656765086E-15,
0.707106781186547));
#3629=DIRECTION('ref_axis',(0.707106781186547,1.41553435527589E-15,0.707106781186548));
#3630=DIRECTION('',(-0.707106781186547,-3.43258822754766E-9,-0.707106781186548));
#3631=DIRECTION('center_axis',(8.65116416552222E-17,-1.,4.85441275418448E-9));
#3632=DIRECTION('ref_axis',(2.79195565315651E-8,-4.85441275418447E-9,-1.));
#3633=DIRECTION('center_axis',(-0.707106781186548,1.40165656765086E-15,
0.707106781186547));
#3634=DIRECTION('ref_axis',(0.707106781186547,1.41553435527589E-15,0.707106781186548));
#3635=DIRECTION('',(1.29246979181406E-25,1.,-2.02615701848456E-15));
#3636=DIRECTION('center_axis',(-4.26066429600395E-17,1.,-4.85441276065757E-9));
#3637=DIRECTION('ref_axis',(1.,4.26066429600395E-17,1.13736983329309E-23));
#3638=DIRECTION('',(1.,4.26066429600395E-17,1.13736983329309E-23));
#3639=DIRECTION('center_axis',(1.15805285670261E-23,-4.85441276065757E-9,
-1.));
#3640=DIRECTION('ref_axis',(-1.,1.29246979434161E-25,-1.15805285678461E-23));
#3641=DIRECTION('',(-1.,-4.26066429600395E-17,-1.13736983329309E-23));
#3642=DIRECTION('center_axis',(4.26066429600395E-17,-1.,4.85441276065757E-9));
#3643=DIRECTION('ref_axis',(-1.,-4.26066429600395E-17,-1.13736983329309E-23));
#3644=DIRECTION('',(0.707106781186547,3.43258822754766E-9,0.707106781186548));
#3645=DIRECTION('',(1.,4.26066429600395E-17,1.1373698335242E-23));
#3646=DIRECTION('',(0.70710678118655,-3.43258815815872E-9,-0.707106781186545));
#3647=DIRECTION('center_axis',(-1.13736984201755E-23,2.02615701848456E-15,
1.));
#3648=DIRECTION('ref_axis',(1.,-1.29246980324903E-25,1.13736984201755E-23));
#3649=DIRECTION('',(1.29246979181406E-25,1.,-2.02615701848456E-15));
#3650=DIRECTION('',(-1.,-4.26066429600395E-17,-1.1373698335242E-23));
#3651=DIRECTION('',(1.29246977640662E-25,1.,-2.02615701848456E-15));
#3652=DIRECTION('center_axis',(-4.26066429600395E-17,1.,-4.85441276065757E-9));
#3653=DIRECTION('ref_axis',(1.,4.26066429600395E-17,1.13736983329309E-23));
#3654=DIRECTION('',(-0.707106781186547,-3.43258822754766E-9,-0.707106781186548));
#3655=DIRECTION('',(1.,4.26066429600395E-17,1.13736983329309E-23));
#3656=DIRECTION('',(-0.70710678118655,3.43258815815872E-9,0.707106781186545));
#3657=DIRECTION('center_axis',(1.15805285670261E-23,-4.85441276065757E-9,
-1.));
#3658=DIRECTION('ref_axis',(-1.,1.29246979434161E-25,-1.15805285678461E-23));
#3659=DIRECTION('',(-1.,-4.26066429600395E-17,-1.13736983329309E-23));
#3660=DIRECTION('center_axis',(4.26066429600395E-17,-1.,4.85441276065757E-9));
#3661=DIRECTION('ref_axis',(-1.,-4.26066429600395E-17,-1.13736983329309E-23));
#3662=DIRECTION('',(0.707106781186547,3.43258822754766E-9,0.707106781186548));
#3663=DIRECTION('',(1.,4.26066429600395E-17,1.1373698335242E-23));
#3664=DIRECTION('',(0.70710678118655,-3.43258815815872E-9,-0.707106781186545));
#3665=DIRECTION('center_axis',(-1.13736984201755E-23,2.02615701848456E-15,
1.));
#3666=DIRECTION('ref_axis',(1.,-1.29246980324903E-25,1.13736984201755E-23));
#3667=DIRECTION('',(1.29246979181406E-25,1.,-2.02615701848456E-15));
#3668=DIRECTION('',(-1.,-4.26066429600395E-17,-1.1373698335242E-23));
#3669=DIRECTION('',(1.29246977640662E-25,1.,-2.02615701848456E-15));
#3670=DIRECTION('center_axis',(-4.26066429600395E-17,1.,-4.85441276065757E-9));
#3671=DIRECTION('ref_axis',(1.,4.26066429600395E-17,1.13736983329309E-23));
#3672=DIRECTION('',(-0.707106781186547,-3.43258822754766E-9,-0.707106781186548));
#3673=DIRECTION('',(1.,4.26066429600395E-17,1.13736983329309E-23));
#3674=DIRECTION('',(-0.70710678118655,3.43258815815872E-9,0.707106781186545));
#3675=DIRECTION('center_axis',(1.15805285670261E-23,-4.85441276065757E-9,
-1.));
#3676=DIRECTION('ref_axis',(-1.,1.29246979434161E-25,-1.15805285678461E-23));
#3677=DIRECTION('center_axis',(0.707106781186545,1.4294121430837E-15,0.70710678118655));
#3678=DIRECTION('ref_axis',(0.70710678118655,-1.40165656765086E-15,-0.707106781186545));
#3679=DIRECTION('center_axis',(0.707106781186545,1.4294121430837E-15,0.70710678118655));
#3680=DIRECTION('ref_axis',(0.70710678118655,-1.40165656765086E-15,-0.707106781186545));
#3681=DIRECTION('center_axis',(-1.13736984201755E-23,2.02615701848456E-15,
1.));
#3682=DIRECTION('ref_axis',(1.,-1.29246980324903E-25,1.13736984201755E-23));
#3683=DIRECTION('center_axis',(-0.707106781186548,1.40165656765086E-15,
0.707106781186547));
#3684=DIRECTION('ref_axis',(0.707106781186547,1.41553435527589E-15,0.707106781186548));
#3685=DIRECTION('center_axis',(-0.707106781186548,1.40165656765086E-15,
0.707106781186547));
#3686=DIRECTION('ref_axis',(0.707106781186547,1.41553435527589E-15,0.707106781186548));
#3687=CARTESIAN_POINT('',(0.,0.,0.));
#3688=CARTESIAN_POINT('Origin',(-8.59435759666481E-7,-180.986435537206,
94.8211521898364));
#3689=CARTESIAN_POINT('',(-1.75000085943576,-180.986435547643,96.971149593666));
#3690=CARTESIAN_POINT('Origin',(-8.594357595567E-7,-180.986435547643,96.971149593666));
#3691=CARTESIAN_POINT('',(-1.75000085943576,-180.986435589672,105.629041591014));
#3692=CARTESIAN_POINT('',(-1.75000085943576,-180.986435537206,94.8211521898364));
#3693=CARTESIAN_POINT('Origin',(-8.59435759114621E-7,-180.986435589672,
105.629041591014));
#3694=CARTESIAN_POINT('Origin',(-8.5943574076389E-7,-143.26579228063,96.9711497719231));
#3695=CARTESIAN_POINT('',(-7.89999999814772,-136.395409593808,96.9711496496731));
#3696=CARTESIAN_POINT('',(-7.89999999814773,-183.184121762119,96.9711495781432));
#3697=CARTESIAN_POINT('',(-7.90000085943571,-139.614899119319,96.971149789646));
#3698=CARTESIAN_POINT('',(7.90000000185224,-136.395409593808,96.9711496447114));
#3699=CARTESIAN_POINT('',(-3.94999999814774,-136.395409593808,96.9711496496732));
#3700=CARTESIAN_POINT('',(7.90000000185222,-183.184121762119,96.9711495781432));
#3701=CARTESIAN_POINT('',(7.89999914056421,-129.614899119319,96.9711497896459));
#3702=CARTESIAN_POINT('',(-6.32500165278736,-183.184121762119,96.9711495781432));
#3703=CARTESIAN_POINT('',(-1.65000085943572,-167.011453417074,96.9711496566519));
#3704=CARTESIAN_POINT('Origin',(-8.59435715329142E-7,-167.011453417074,
96.9711496566519));
#3705=CARTESIAN_POINT('',(-1.65000085943575,-139.020801931723,96.9711497783551));
#3706=CARTESIAN_POINT('Origin',(-8.59435748764592E-7,-139.020801931723,
96.9711497783551));
#3707=CARTESIAN_POINT('Origin',(-12.650002446139,-186.929475362494,107.26142386762));
#3708=CARTESIAN_POINT('',(7.90000000185221,-184.333500475191,100.129041591014));
#3709=CARTESIAN_POINT('',(7.90000000185222,-184.043759431957,99.3329846292615));
#3710=CARTESIAN_POINT('',(10.6500001953706,-185.334418562301,102.879041392534));
#3711=CARTESIAN_POINT('',(12.9838770902067,-186.183880296794,105.212918291494));
#3712=CARTESIAN_POINT('',(7.90000000185221,-186.335336793892,105.629041591014));
#3713=CARTESIAN_POINT('',(3.01304740519948,-188.114042102209,110.515994187667));
#3714=CARTESIAN_POINT('',(-7.89999999814773,-186.335336793892,105.629041591014));
#3715=CARTESIAN_POINT('',(-10.2750012221433,-186.335336793892,105.629041591014));
#3716=CARTESIAN_POINT('',(-10.6500001916661,-185.334418562301,102.879041392534));
#3717=CARTESIAN_POINT('',(-10.2347063880073,-185.485573149397,103.294335201155));
#3718=CARTESIAN_POINT('',(-7.89999999814773,-184.333500475191,100.129041591014));
#3719=CARTESIAN_POINT('',(-19.1738766307376,-188.436855919027,111.402917846666));
#3720=CARTESIAN_POINT('',(-7.89999999814773,-182.517138841287,95.1386290916756));
#3721=CARTESIAN_POINT('Origin',(-7.89999999814773,-142.07656197879,96.1290415910144));
#3722=CARTESIAN_POINT('',(-7.89999999814778,13.8848364515776,100.129041078727));
#3723=CARTESIAN_POINT('',(-7.89999999814773,-147.460175447763,100.129041591014));
#3724=CARTESIAN_POINT('',(-7.89999999814777,13.8848364362478,96.9711491373859));
#3725=CARTESIAN_POINT('',(-7.89999999814773,13.8848364552184,100.879040942335));
#3726=CARTESIAN_POINT('',(-7.89999999814772,-182.14339366184,96.9711496496732));
#3727=CARTESIAN_POINT('Origin',(7.90000000185222,-142.07656197879,105.629041591014));
#3728=CARTESIAN_POINT('',(7.90000000185217,13.8848364362478,96.9711491373859));
#3729=CARTESIAN_POINT('',(7.90000000185224,-192.14339366184,96.9711496447115));
#3730=CARTESIAN_POINT('',(7.90000000185216,13.8848364515776,100.129041078727));
#3731=CARTESIAN_POINT('',(7.90000000185221,13.8848364782768,105.629040942335));
#3732=CARTESIAN_POINT('',(7.90000000185221,-147.460175447763,100.129041591014));
#3733=CARTESIAN_POINT('Origin',(4.99999914056427,-181.486435589672,105.629041591014));
#3734=CARTESIAN_POINT('',(4.99999914056427,-182.486435589672,105.629041591014));
#3735=CARTESIAN_POINT('',(4.99999914056427,-181.486435589672,105.629041591014));
#3736=CARTESIAN_POINT('',(4.99999914056427,-181.773305518718,105.629041591014));
#3737=CARTESIAN_POINT('',(4.99999914056427,-182.486435589672,105.129041591014));
#3738=CARTESIAN_POINT('',(4.99999914056427,-182.486435589672,105.629041591014));
#3739=CARTESIAN_POINT('',(4.99999914056427,-181.486435589672,105.129041591014));
#3740=CARTESIAN_POINT('',(4.99999914056427,-181.486435589672,105.129041591014));
#3741=CARTESIAN_POINT('',(4.99999914056427,-181.486435589672,105.629041591014));
#3742=CARTESIAN_POINT('Origin',(5.99999914056427,-182.486435589672,105.629041591014));
#3743=CARTESIAN_POINT('',(5.99999914056427,-182.486435589672,105.629041591014));
#3744=CARTESIAN_POINT('',(-0.950000428791727,-182.486435589672,105.629041591014));
#3745=CARTESIAN_POINT('',(5.99999914056427,-182.486435589672,105.129041591014));
#3746=CARTESIAN_POINT('',(5.99999914056427,-182.486435589672,105.629041591014));
#3747=CARTESIAN_POINT('',(5.99999914056427,-182.486435589672,105.129041591014));
#3748=CARTESIAN_POINT('Origin',(5.99999914056427,-180.486435589672,105.629041591014));
#3749=CARTESIAN_POINT('',(5.99999914056427,-181.486435589672,105.629041591014));
#3750=CARTESIAN_POINT('',(5.99999914056427,-181.273305518718,105.629041591014));
#3751=CARTESIAN_POINT('',(5.99999914056427,-181.486435589672,105.129041591014));
#3752=CARTESIAN_POINT('',(5.99999914056427,-181.486435589672,105.629041591014));
#3753=CARTESIAN_POINT('',(5.99999914056427,-178.486435589672,105.129041591014));
#3754=CARTESIAN_POINT('Origin',(6.99999914056427,-181.486435589672,105.629041591014));
#3755=CARTESIAN_POINT('',(6.99999914056427,-181.486435589672,105.629041591014));
#3756=CARTESIAN_POINT('',(-0.450000428791727,-181.486435589672,105.629041591014));
#3757=CARTESIAN_POINT('',(6.99999914056427,-181.486435589672,105.129041591014));
#3758=CARTESIAN_POINT('',(6.99999914056427,-181.486435589672,105.629041591014));
#3759=CARTESIAN_POINT('',(3.99999914056427,-181.486435589672,105.129041591014));
#3760=CARTESIAN_POINT('Origin',(6.99999914056427,-179.486435589672,105.629041591014));
#3761=CARTESIAN_POINT('',(6.99999914056427,-180.486435589672,105.629041591014));
#3762=CARTESIAN_POINT('',(6.99999914056427,-180.773305518718,105.629041591014));
#3763=CARTESIAN_POINT('',(6.99999914056427,-180.486435589672,105.129041591014));
#3764=CARTESIAN_POINT('',(6.99999914056427,-180.486435589672,105.629041591014));
#3765=CARTESIAN_POINT('',(6.99999914056427,-180.486435589672,105.129041591014));
#3766=CARTESIAN_POINT('Origin',(5.99999914056427,-180.486435589672,105.629041591014));
#3767=CARTESIAN_POINT('',(5.99999914056427,-180.486435589672,105.629041591014));
#3768=CARTESIAN_POINT('',(-0.950000428791727,-180.486435589672,105.629041591014));
#3769=CARTESIAN_POINT('',(5.99999914056427,-180.486435589672,105.129041591014));
#3770=CARTESIAN_POINT('',(5.99999914056427,-180.486435589672,105.629041591014));
#3771=CARTESIAN_POINT('',(6.99999914056427,-180.486435589672,105.129041591014));
#3772=CARTESIAN_POINT('Origin',(5.99999914056427,-178.486435589672,105.629041591014));
#3773=CARTESIAN_POINT('',(5.99999914056427,-179.486435589672,105.629041591014));
#3774=CARTESIAN_POINT('',(5.99999914056427,-180.273305518718,105.629041591014));
#3775=CARTESIAN_POINT('',(5.99999914056427,-179.486435589672,105.129041591014));
#3776=CARTESIAN_POINT('',(5.99999914056427,-179.486435589672,105.629041591014));
#3777=CARTESIAN_POINT('',(5.99999914056427,-178.486435589672,105.129041591014));
#3778=CARTESIAN_POINT('Origin',(4.99999914056427,-179.486435589672,105.629041591014));
#3779=CARTESIAN_POINT('',(4.99999914056427,-179.486435589672,105.629041591014));
#3780=CARTESIAN_POINT('',(-1.45000042879173,-179.486435589672,105.629041591014));
#3781=CARTESIAN_POINT('',(4.99999914056427,-179.486435589672,105.129041591014));
#3782=CARTESIAN_POINT('',(4.99999914056427,-179.486435589672,105.629041591014));
#3783=CARTESIAN_POINT('',(4.99999914056427,-179.486435589672,105.129041591014));
#3784=CARTESIAN_POINT('Origin',(4.99999914056427,-179.486435589672,105.629041591014));
#3785=CARTESIAN_POINT('',(4.99999914056427,-180.486435589672,105.629041591014));
#3786=CARTESIAN_POINT('',(4.99999914056427,-180.773305518718,105.629041591014));
#3787=CARTESIAN_POINT('',(4.99999914056427,-180.486435589672,105.129041591014));
#3788=CARTESIAN_POINT('',(4.99999914056427,-180.486435589672,105.629041591014));
#3789=CARTESIAN_POINT('',(4.99999914056427,-181.486435589672,105.129041591014));
#3790=CARTESIAN_POINT('Origin',(3.99999914056427,-180.486435589672,105.629041591014));
#3791=CARTESIAN_POINT('',(3.99999914056427,-180.486435589672,105.629041591014));
#3792=CARTESIAN_POINT('',(-1.95000042879173,-180.486435589672,105.629041591014));
#3793=CARTESIAN_POINT('',(3.99999914056427,-180.486435589672,105.129041591014));
#3794=CARTESIAN_POINT('',(3.99999914056427,-180.486435589672,105.629041591014));
#3795=CARTESIAN_POINT('',(6.99999914056427,-180.486435589672,105.129041591014));
#3796=CARTESIAN_POINT('Origin',(3.99999914056427,-180.486435589672,105.629041591014));
#3797=CARTESIAN_POINT('',(3.99999914056427,-181.486435589672,105.629041591014));
#3798=CARTESIAN_POINT('',(3.99999914056427,-181.273305518718,105.629041591014));
#3799=CARTESIAN_POINT('',(3.99999914056427,-181.486435589672,105.129041591014));
#3800=CARTESIAN_POINT('',(3.99999914056427,-181.486435589672,105.629041591014));
#3801=CARTESIAN_POINT('',(3.99999914056427,-179.486435589672,105.129041591014));
#3802=CARTESIAN_POINT('Origin',(4.99999914056427,-181.486435589672,105.629041591014));
#3803=CARTESIAN_POINT('',(-1.45000042879173,-181.486435589672,105.629041591014));
#3804=CARTESIAN_POINT('',(3.99999914056427,-181.486435589672,105.129041591014));
#3805=CARTESIAN_POINT('Origin',(1.85227532357125E-9,-174.096790950271,105.129041591014));
#3806=CARTESIAN_POINT('Origin',(4.67088358702148,-177.715847090156,105.629041591014));
#3807=CARTESIAN_POINT('',(4.67088358702148,-177.715847090156,105.629041591014));
#3808=CARTESIAN_POINT('',(2.55507041062667,-177.908837369484,105.629041591014));
#3809=CARTESIAN_POINT('',(-1.80442143178336,-178.306480960035,105.629041591014));
#3810=CARTESIAN_POINT('',(4.67088358702148,-177.715847090156,105.129041591014));
#3811=CARTESIAN_POINT('',(4.67088358702148,-177.715847090156,105.629041591014));
#3812=CARTESIAN_POINT('',(2.55507041062667,-177.908837369484,105.129041591014));
#3813=CARTESIAN_POINT('',(2.55507041062667,-177.908837369484,105.129041591014));
#3814=CARTESIAN_POINT('',(2.55507041062667,-177.908837369484,105.629041591014));
#3815=CARTESIAN_POINT('Origin',(4.47137387269184,-175.600638692879,105.629041591014));
#3816=CARTESIAN_POINT('',(4.47137387269184,-175.600638692879,105.629041591014));
#3817=CARTESIAN_POINT('',(4.76552316509984,-178.719218935676,105.629041591014));
#3818=CARTESIAN_POINT('',(4.47137387269184,-175.600638692879,105.129041591014));
#3819=CARTESIAN_POINT('',(4.47137387269184,-175.600638692879,105.629041591014));
#3820=CARTESIAN_POINT('',(4.47137387269184,-175.600638692879,105.129041591014));
#3821=CARTESIAN_POINT('Origin',(3.83260605517624,-176.370038247926,105.629041591014));
#3822=CARTESIAN_POINT('',(3.83260605517624,-176.370038247926,105.629041591014));
#3823=CARTESIAN_POINT('',(-0.204981361820999,-181.233335798173,105.629041591014));
#3824=CARTESIAN_POINT('',(3.83260605517624,-176.370038247926,105.129041591014));
#3825=CARTESIAN_POINT('',(3.83260605517624,-176.370038247926,105.629041591014));
#3826=CARTESIAN_POINT('',(-8.59435726150381E-7,-180.986435589672,105.129041591014));
#3827=CARTESIAN_POINT('Origin',(-8.59435726150381E-7,-180.986435589672,
105.629041591014));
#3828=CARTESIAN_POINT('',(-4.91491313737599,-177.544976963019,105.629041591014));
#3829=CARTESIAN_POINT('Origin',(-8.59435726150381E-7,-180.986435589672,
105.629041591014));
#3830=CARTESIAN_POINT('',(-4.91491313737599,-177.544976963019,105.129041591014));
#3831=CARTESIAN_POINT('',(-4.91491313737599,-177.544976963019,105.629041591014));
#3832=CARTESIAN_POINT('Origin',(-8.59435726150381E-7,-180.986435589672,
105.129041591014));
#3833=CARTESIAN_POINT('Origin',(-4.09576108088068,-178.118553407917,105.629041591014));
#3834=CARTESIAN_POINT('',(-4.09576108088068,-178.118553407917,105.629041591014));
#3835=CARTESIAN_POINT('',(-4.21120095374041,-178.03772153873,105.629041591014));
#3836=CARTESIAN_POINT('',(-4.09576108088068,-178.118553407917,105.129041591014));
#3837=CARTESIAN_POINT('',(-4.09576108088068,-178.118553407917,105.629041591014));
#3838=CARTESIAN_POINT('',(-8.59435726150381E-7,-180.986435589672,105.129041591014));
#3839=CARTESIAN_POINT('Origin',(-8.59435726150381E-7,-180.986435589672,
105.629041591014));
#3840=CARTESIAN_POINT('',(3.19383822814226,-177.139437814437,105.629041591014));
#3841=CARTESIAN_POINT('Origin',(-8.59435726150381E-7,-180.986435589672,
105.629041591014));
#3842=CARTESIAN_POINT('',(3.19383822814226,-177.139437814437,105.129041591014));
#3843=CARTESIAN_POINT('',(3.19383822814226,-177.139437814437,105.629041591014));
#3844=CARTESIAN_POINT('Origin',(-8.59435726150381E-7,-180.986435589672,
105.129041591014));
#3845=CARTESIAN_POINT('Origin',(2.55507041062666,-177.908837369484,105.629041591014));
#3846=CARTESIAN_POINT('',(-0.843749184095791,-182.002735358953,105.629041591014));
#3847=CARTESIAN_POINT('',(-8.59435726150381E-7,-180.986435589672,105.129041591014));
#3848=CARTESIAN_POINT('Origin',(1.85227537431805E-9,-174.096790950271,105.129041572131));
#3849=CARTESIAN_POINT('Origin',(-7.00000085943573,-180.486435589672,105.629041591014));
#3850=CARTESIAN_POINT('',(-7.00000085943573,-181.486435589672,105.629041591014));
#3851=CARTESIAN_POINT('',(-7.00000085943573,-180.486435589672,105.629041591014));
#3852=CARTESIAN_POINT('',(-7.00000085943573,-181.273305518718,105.629041591014));
#3853=CARTESIAN_POINT('',(-7.00000085943573,-181.486435589672,105.129041591014));
#3854=CARTESIAN_POINT('',(-7.00000085943573,-181.486435589672,105.629041591014));
#3855=CARTESIAN_POINT('',(-7.00000085943573,-180.486435589672,105.129041591014));
#3856=CARTESIAN_POINT('',(-7.00000085943573,-180.486435589672,105.129041591014));
#3857=CARTESIAN_POINT('',(-7.00000085943573,-180.486435589672,105.629041591014));
#3858=CARTESIAN_POINT('Origin',(-4.00000085943573,-181.486435589672,105.629041591014));
#3859=CARTESIAN_POINT('',(-4.00000085943573,-181.486435589672,105.629041591014));
#3860=CARTESIAN_POINT('',(-5.95000042879173,-181.486435589672,105.629041591014));
#3861=CARTESIAN_POINT('',(-4.00000085943573,-181.486435589672,105.129041591014));
#3862=CARTESIAN_POINT('',(-4.00000085943573,-181.486435589672,105.629041591014));
#3863=CARTESIAN_POINT('',(-4.00000085943573,-181.486435589672,105.129041591014));
#3864=CARTESIAN_POINT('Origin',(-4.00000085943572,-179.486435589672,105.629041591014));
#3865=CARTESIAN_POINT('',(-4.00000085943573,-180.486435589672,105.629041591014));
#3866=CARTESIAN_POINT('',(-4.00000085943572,-180.773305518718,105.629041591014));
#3867=CARTESIAN_POINT('',(-4.00000085943573,-180.486435589672,105.129041591014));
#3868=CARTESIAN_POINT('',(-4.00000085943573,-180.486435589672,105.629041591014));
#3869=CARTESIAN_POINT('',(-4.00000085943572,-179.486435589672,105.129041591014));
#3870=CARTESIAN_POINT('Origin',(-7.00000085943573,-180.486435589672,105.629041591014));
#3871=CARTESIAN_POINT('',(-7.45000042879173,-180.486435589672,105.629041591014));
#3872=CARTESIAN_POINT('',(-7.00000085943573,-180.486435589672,105.129041591014));
#3873=CARTESIAN_POINT('Origin',(1.85227532357125E-9,-174.096790950271,105.129041591014));
#3874=CARTESIAN_POINT('Origin',(7.90000000185221,-131.645409551779,105.629041553132));
#3875=CARTESIAN_POINT('',(10.0999872861296,-131.645409567798,102.329028860468));
#3876=CARTESIAN_POINT('',(-10.0999872824251,-131.645409567798,102.329028860468));
#3877=CARTESIAN_POINT('',(-7.89999999814773,-131.645409567798,102.329028860468));
#3878=CARTESIAN_POINT('',(-10.6500003244612,-131.645409565128,102.879041264701));
#3879=CARTESIAN_POINT('',(-7.59276364800533,-131.64540957997,99.8218045882448));
#3880=CARTESIAN_POINT('',(-7.89999999814773,-131.645409551779,105.629041553132));
#3881=CARTESIAN_POINT('',(-5.32500004528227,-131.645409539279,108.20404149684));
#3882=CARTESIAN_POINT('',(7.90000000185221,-131.645409551779,105.629041553132));
#3883=CARTESIAN_POINT('',(1.8522405406691E-9,-131.645409551779,105.629041543975));
#3884=CARTESIAN_POINT('',(10.6500000018522,-131.645409565128,102.87904157619));
#3885=CARTESIAN_POINT('',(7.90000004898673,-131.645409551779,105.62904149684));
#3886=CARTESIAN_POINT('',(7.31775728110571,-131.645409581305,99.5467982176407));
#3887=CARTESIAN_POINT('Origin',(-8.59435748764592E-7,-139.020801931723,
102.629041556852));
#3888=CARTESIAN_POINT('',(-1.65000085943575,-139.020801931723,102.629041591014));
#3889=CARTESIAN_POINT('Origin',(-8.59435748764592E-7,-139.020801931723,
102.629041591014));
#3890=CARTESIAN_POINT('',(-1.65000085943575,-139.020801931723,102.629041556852));
#3891=CARTESIAN_POINT('Origin',(-8.59435748764592E-7,-139.020801931723,
105.629041556852));
#3892=CARTESIAN_POINT('',(-2.80000085943575,-139.020801931723,105.629041591014));
#3893=CARTESIAN_POINT('Origin',(-8.59435748764592E-7,-139.020801931723,
105.629041591014));
#3894=CARTESIAN_POINT('',(-2.80000085943575,-139.020801931723,102.629041556852));
#3895=CARTESIAN_POINT('',(-2.80000085943575,-139.020801931723,105.629041556852));
#3896=CARTESIAN_POINT('Origin',(-8.59435748764592E-7,-139.020801931723,
102.629041556852));
#3897=CARTESIAN_POINT('Origin',(-7.89999999814773,-182.060175447763,105.629041591014));
#3898=CARTESIAN_POINT('',(7.90000000185221,-146.395409551779,105.629041541446));
#3899=CARTESIAN_POINT('',(7.90000000185221,-147.460175447763,105.629041591014));
#3900=CARTESIAN_POINT('',(-7.89999999814773,-146.395409551779,105.629041541446));
#3901=CARTESIAN_POINT('',(-7.89999999814773,-182.060175447763,105.629041591014));
#3902=CARTESIAN_POINT('',(-7.89999999814773,-146.395409551779,105.629041591014));
#3903=CARTESIAN_POINT('Origin',(-10.6499999981477,-182.060175447763,102.879041591014));
#3904=CARTESIAN_POINT('',(-10.6499999981477,-146.395409565128,102.87904158999));
#3905=CARTESIAN_POINT('',(-10.6500000855041,-229.072792506446,102.879041498696));
#3906=CARTESIAN_POINT('',(-9.27500005382268,-146.395409558454,104.254041535339));
#3907=CARTESIAN_POINT('Origin',(7.90000000185221,-151.645409551779,105.629041566932));
#3908=CARTESIAN_POINT('',(-10.0999872824251,-151.645409567798,102.329028874267));
#3909=CARTESIAN_POINT('',(-10.6499999981477,-151.645409565128,102.87904158999));
#3910=CARTESIAN_POINT('',(-6.70000013101174,-151.645409584303,98.9290411683395));
#3911=CARTESIAN_POINT('',(-7.89999999814773,-151.645409551779,105.629041566932));
#3912=CARTESIAN_POINT('',(-5.32500004107986,-151.645409539279,108.204041548082));
#3913=CARTESIAN_POINT('',(7.90000000185221,-151.645409551779,105.629041566932));
#3914=CARTESIAN_POINT('',(1.85224116969602E-9,-151.645409551779,105.629041591014));
#3915=CARTESIAN_POINT('',(10.6500000018522,-151.645409565128,102.87904158999));
#3916=CARTESIAN_POINT('',(7.90000004478432,-151.645409551779,105.629041548082));
#3917=CARTESIAN_POINT('',(10.0999872861296,-151.645409567798,102.329028874267));
#3918=CARTESIAN_POINT('',(10.3749937641121,-151.645409566463,102.604034797735));
#3919=CARTESIAN_POINT('',(-7.89999999814773,-151.645409567798,102.329028874267));
#3920=CARTESIAN_POINT('Origin',(1.85224485558398E-9,-125.76865162283,102.329028697629));
#3921=CARTESIAN_POINT('',(-10.0999872569395,-146.395409567798,102.329028848782));
#3922=CARTESIAN_POINT('',(10.099987260644,-146.395409567798,102.329028848782));
#3923=CARTESIAN_POINT('',(-7.89999999814773,-146.395409567798,102.329028848782));
#3924=CARTESIAN_POINT('',(-10.0999877859175,-195.927030595314,102.329029038207));
#3925=CARTESIAN_POINT('',(10.099987789622,-195.927030595314,102.329029038207));
#3926=CARTESIAN_POINT('Origin',(-7.89999999814773,-146.395409551779,105.629041541446));
#3927=CARTESIAN_POINT('',(10.6500000018522,-146.395409565128,102.87904158999));
#3928=CARTESIAN_POINT('',(6.42499376411212,-146.395409585638,98.6540347722497));
#3929=CARTESIAN_POINT('',(3.95000005752716,-146.395409532604,109.579041535339));
#3930=CARTESIAN_POINT('',(-10.6500001310117,-146.395409565128,102.879041142854));
#3931=CARTESIAN_POINT('Origin',(7.90000000185222,-182.060175447763,105.629041591014));
#3932=CARTESIAN_POINT('',(10.6500000018522,-156.395409565128,102.87904159689));
#3933=CARTESIAN_POINT('',(10.6500000892086,-229.072792514456,102.879041498696));
#3934=CARTESIAN_POINT('',(7.90000000185221,-156.395409551779,105.629041548346));
#3935=CARTESIAN_POINT('',(7.90000000185221,-147.460175447763,105.629041591014));
#3936=CARTESIAN_POINT('',(3.95000004366614,-156.395409532604,109.5790415492));
#3937=CARTESIAN_POINT('Origin',(-7.89999999814773,-182.060175447763,105.629041591014));
#3938=CARTESIAN_POINT('',(-7.89999999814773,-156.395409551779,105.629041548346));
#3939=CARTESIAN_POINT('',(-7.89999999814773,-156.395409551779,105.629041591014));
#3940=CARTESIAN_POINT('',(-7.89999999814773,-182.060175447763,105.629041591014));
#3941=CARTESIAN_POINT('Origin',(-10.6499999981477,-182.060175447763,102.879041591014));
#3942=CARTESIAN_POINT('',(-10.6499999981477,-156.395409565128,102.87904159689));
#3943=CARTESIAN_POINT('',(-10.6500000855041,-229.072792506446,102.879041498696));
#3944=CARTESIAN_POINT('',(-9.27500003996166,-156.395409558454,104.2540415492));
#3945=CARTESIAN_POINT('Origin',(7.90000000185221,-161.645409551779,105.629041573832));
#3946=CARTESIAN_POINT('',(10.0999872861296,-161.645409567798,102.329028881167));
#3947=CARTESIAN_POINT('',(-10.0999872824251,-161.645409567798,102.329028881167));
#3948=CARTESIAN_POINT('',(-7.89999999814773,-161.645409567798,102.329028881167));
#3949=CARTESIAN_POINT('',(-10.6499999981477,-161.645409565128,102.87904159689));
#3950=CARTESIAN_POINT('',(-6.7000001206007,-161.645409584303,98.9290412064726));
#3951=CARTESIAN_POINT('',(-7.89999999814773,-161.645409551779,105.629041573832));
#3952=CARTESIAN_POINT('',(-5.32500002721885,-161.645409539279,108.204041561943));
#3953=CARTESIAN_POINT('',(7.90000000185221,-161.645409551779,105.629041573832));
#3954=CARTESIAN_POINT('',(1.85224193784082E-9,-161.645409551779,105.629041591014));
#3955=CARTESIAN_POINT('',(10.6500000018522,-161.645409565128,102.87904159689));
#3956=CARTESIAN_POINT('',(7.90000003092332,-161.645409551779,105.629041561943));
#3957=CARTESIAN_POINT('',(10.3749937537011,-161.645409566463,102.604034835868));
#3958=CARTESIAN_POINT('Origin',(1.85224505780026E-9,-135.76865162283,102.329028704529));
#3959=CARTESIAN_POINT('',(-10.0999872569395,-156.395409567798,102.329028855682));
#3960=CARTESIAN_POINT('',(10.099987260644,-156.395409567798,102.329028855682));
#3961=CARTESIAN_POINT('',(-7.89999999814773,-156.395409567798,102.329028855682));
#3962=CARTESIAN_POINT('',(-10.0999877442733,-200.927030595314,102.329029020834));
#3963=CARTESIAN_POINT('',(10.0999877479778,-200.927030595314,102.329029020834));
#3964=CARTESIAN_POINT('Origin',(-7.89999999814773,-156.395409551779,105.629041548346));
#3965=CARTESIAN_POINT('',(-10.6500001206007,-156.395409565128,102.879041180987));
#3966=CARTESIAN_POINT('',(6.42499375370107,-156.395409585638,98.6540348103828));
#3967=CARTESIAN_POINT('Origin',(-10.6499999981477,-182.060175447763,102.879041591014));
#3968=CARTESIAN_POINT('',(-10.6500000855041,-229.072792506446,102.879041498696));
#3969=CARTESIAN_POINT('',(-7.89999999814773,-182.060175447763,105.629041591014));
#3970=CARTESIAN_POINT('Origin',(-7.89999999814773,-182.060175447763,105.629041591014));
#3971=CARTESIAN_POINT('',(7.90000000185221,-147.460175447763,105.629041591014));
#3972=CARTESIAN_POINT('',(-2.80000085943573,-167.011453417073,105.629041591014));
#3973=CARTESIAN_POINT('Origin',(-8.59435740125042E-7,-167.011453417073,
105.629041591014));
#3974=CARTESIAN_POINT('Origin',(7.90000000185222,-182.060175447763,105.629041591014));
#3975=CARTESIAN_POINT('',(10.6500000892086,-229.072792514456,102.879041498696));
#3976=CARTESIAN_POINT('Origin',(7.90000000185222,-182.060175447763,105.629041591014));
#3977=CARTESIAN_POINT('',(10.6500000892086,-229.072792514456,102.879041498696));
#3978=CARTESIAN_POINT('Origin',(1.8522450551996E-9,-115.768651621374,102.629041236949));
#3979=CARTESIAN_POINT('Origin',(1.85227297283657E-9,-174.096790950271,102.629041572131));
#3980=CARTESIAN_POINT('',(-2.80000085943573,-167.011453417073,102.629041572131));
#3981=CARTESIAN_POINT('Origin',(-8.59435741540577E-7,-167.011453417073,
102.629041572131));
#3982=CARTESIAN_POINT('',(-1.65000085943571,-167.011453417074,102.629041572131));
#3983=CARTESIAN_POINT('Origin',(-8.59435709967373E-7,-167.011453417074,
102.629041572131));
#3984=CARTESIAN_POINT('Origin',(-8.59435740125042E-7,-167.011453417073,
105.629041572131));
#3985=CARTESIAN_POINT('',(-2.80000085943573,-167.011453417073,105.629041572131));
#3986=CARTESIAN_POINT('Origin',(-8.59435709967373E-7,-167.011453417074,
102.62904157213));
#3987=CARTESIAN_POINT('',(-1.65000085943571,-167.011453417074,102.62904157213));
#3988=CARTESIAN_POINT('Origin',(1.85225141481743E-9,-127.576564392184,96.9711496496732));
#3989=CARTESIAN_POINT('',(3.9500000018522,13.8848364362478,96.9711491172411));
#3990=CARTESIAN_POINT('',(-1.65000056916533,8.74471346504968,96.971149649673));
#3991=CARTESIAN_POINT('Origin',(-5.69165333886765E-7,8.74471346504968,96.971149649673));
#3992=CARTESIAN_POINT('',(-1.64999999814772,-69.0204095517786,96.9711496496731));
#3993=CARTESIAN_POINT('Origin',(1.85228096130909E-9,-69.0204095517786,96.9711496496731));
#3994=CARTESIAN_POINT('Origin',(1.85228629599409E-9,-69.0204095517786,102.629041553247));
#3995=CARTESIAN_POINT('',(-1.64999999814771,-69.0204095517786,102.629041553247));
#3996=CARTESIAN_POINT('Origin',(1.85228629599411E-9,-69.0204095517786,102.62904157213));
#3997=CARTESIAN_POINT('',(-1.64999999814771,-69.0204095517786,102.629041553247));
#3998=CARTESIAN_POINT('Origin',(-5.6916532855208E-7,8.74471346504968,102.62904157213));
#3999=CARTESIAN_POINT('',(-1.65000056916532,8.74471346504968,102.62904157213));
#4000=CARTESIAN_POINT('Origin',(-5.6916532855208E-7,8.74471346504968,102.62904157213));
#4001=CARTESIAN_POINT('',(-1.65000056916532,8.74471346504968,102.62904157213));
#4002=CARTESIAN_POINT('Origin',(1.85225595330417E-9,-69.0204095517782,105.629041385104));
#4003=CARTESIAN_POINT('',(-2.79999999814775,-69.0204095517782,105.629041591013));
#4004=CARTESIAN_POINT('Origin',(1.85225595330427E-9,-69.0204095517782,105.629041591013));
#4005=CARTESIAN_POINT('',(-2.79999999814775,-69.0204095517782,102.629041385104));
#4006=CARTESIAN_POINT('',(-2.79999999814775,-69.0204095517782,105.629041385104));
#4007=CARTESIAN_POINT('Origin',(1.85225453776958E-9,-69.0204095517782,102.629041385104));
#4008=CARTESIAN_POINT('Origin',(1.85225453776971E-9,-69.0204095517782,102.62904157213));
#4009=CARTESIAN_POINT('Origin',(10.099987260644,-266.085409567798,102.329028849806));
#4010=CARTESIAN_POINT('',(10.6500000018522,13.8848364649272,102.879041073815));
#4011=CARTESIAN_POINT('',(10.3749938359564,13.8848364635922,102.604034066028));
#4012=CARTESIAN_POINT('',(10.6500000018522,3.60459043487229,102.879041140484));
#4013=CARTESIAN_POINT('',(10.6500000018522,-147.460175447763,102.879041591014));
#4014=CARTESIAN_POINT('',(10.0999872606439,3.60459043220233,102.329028399275));
#4015=CARTESIAN_POINT('',(6.42499383377601,3.60459041436237,98.6540341137517));
#4016=CARTESIAN_POINT('',(10.0999872861296,-1.64540956779767,102.329028424761));
#4017=CARTESIAN_POINT('',(10.0999879662332,-130.927030595313,102.329028899281));
#4018=CARTESIAN_POINT('',(10.6500000018522,-1.6454095651277,102.879041140484));
#4019=CARTESIAN_POINT('',(10.374993833776,-1.64540956646268,102.604034139237));
#4020=CARTESIAN_POINT('',(10.6500000018522,-6.39540956512773,102.879041180544));
#4021=CARTESIAN_POINT('',(10.6500000018522,-147.460175447763,102.879041591014));
#4022=CARTESIAN_POINT('',(10.0999872606439,-6.39540956779769,102.329028439336));
#4023=CARTESIAN_POINT('',(6.42499383165504,-6.39540958563763,98.6540341601749));
#4024=CARTESIAN_POINT('',(10.0999872861296,-11.6454095677977,102.329028464821));
#4025=CARTESIAN_POINT('',(10.0999879577493,-135.927030595313,102.329028915069));
#4026=CARTESIAN_POINT('',(10.6500000018522,-11.6454095651277,102.879041180544));
#4027=CARTESIAN_POINT('',(10.374993831655,-11.6454095664627,102.604034185661));
#4028=CARTESIAN_POINT('',(10.6500000018522,-16.3954095651277,102.879041220604));
#4029=CARTESIAN_POINT('',(10.6500000018522,-147.460175447763,102.879041591014));
#4030=CARTESIAN_POINT('',(10.0999872606439,-16.3954095677977,102.329028479396));
#4031=CARTESIAN_POINT('',(6.42499382953407,-16.3954095856377,98.654034206598));
#4032=CARTESIAN_POINT('',(10.0999872861296,-21.6454095677977,102.329028504882));
#4033=CARTESIAN_POINT('',(10.0999879492654,-140.927030595313,102.329028930857));
#4034=CARTESIAN_POINT('',(10.6500000018522,-21.6454095651277,102.879041220604));
#4035=CARTESIAN_POINT('',(10.3749938295341,-21.6454095664627,102.604034232084));
#4036=CARTESIAN_POINT('',(10.6500000018522,-26.3954095651278,102.879041260664));
#4037=CARTESIAN_POINT('',(10.6500000018522,-147.460175447763,102.879041591014));
#4038=CARTESIAN_POINT('',(10.099987260644,-26.3954095677977,102.329028519456));
#4039=CARTESIAN_POINT('',(6.4249938274131,-26.3954095856377,98.6540342530212));
#4040=CARTESIAN_POINT('',(10.0999872861296,-31.6454095677977,102.329028544942));
#4041=CARTESIAN_POINT('',(10.0999879407815,-145.927030595313,102.329028946645));
#4042=CARTESIAN_POINT('',(10.6500000018522,-31.6454095651278,102.879041260664));
#4043=CARTESIAN_POINT('',(10.3749938274131,-31.6454095664628,102.604034278507));
#4044=CARTESIAN_POINT('',(10.6500000018522,-36.3954095651278,102.879041300725));
#4045=CARTESIAN_POINT('',(10.6500000018522,-147.460175447763,102.879041591014));
#4046=CARTESIAN_POINT('',(10.099987260644,-36.3954095677977,102.329028559516));
#4047=CARTESIAN_POINT('',(6.42499382529212,-36.3954095856377,98.6540342994443));
#4048=CARTESIAN_POINT('',(10.0999872861296,-41.6454095677977,102.329028585002));
#4049=CARTESIAN_POINT('',(10.0999879322976,-150.927030595313,102.329028962434));
#4050=CARTESIAN_POINT('',(10.6500000018522,-41.6454095651278,102.879041300725));
#4051=CARTESIAN_POINT('',(10.3749938252921,-41.6454095664628,102.60403432493));
#4052=CARTESIAN_POINT('',(10.6500000018522,-46.3954095651278,102.879041340785));
#4053=CARTESIAN_POINT('',(10.6500000018522,-147.460175447763,102.879041591014));
#4054=CARTESIAN_POINT('',(10.099987260644,-46.3954095677978,102.329028599577));
#4055=CARTESIAN_POINT('',(6.42499382317115,-46.3954095856377,98.6540343458675));
#4056=CARTESIAN_POINT('',(10.0999872861296,-51.6454095677978,102.329028625062));
#4057=CARTESIAN_POINT('',(10.0999879238137,-155.927030595313,102.329028978222));
#4058=CARTESIAN_POINT('',(10.6500000018522,-51.6454095651278,102.879041340785));
#4059=CARTESIAN_POINT('',(10.3749938231711,-51.6454095664628,102.604034371353));
#4060=CARTESIAN_POINT('',(10.6500000018522,-56.3954095651278,102.879041380845));
#4061=CARTESIAN_POINT('',(10.6500000018522,-147.460175447763,102.879041591014));
#4062=CARTESIAN_POINT('',(10.099987260644,-56.3954095677978,102.329028639637));
#4063=CARTESIAN_POINT('',(6.42499382105017,-56.3954095856377,98.6540343922906));
#4064=CARTESIAN_POINT('',(10.0999872861296,-61.6454095677978,102.329028665123));
#4065=CARTESIAN_POINT('',(10.0999879153298,-160.927030595313,102.32902899401));
#4066=CARTESIAN_POINT('',(10.6500000018522,-61.6454095651278,102.879041380845));
#4067=CARTESIAN_POINT('',(10.3749938210502,-61.6454095664628,102.604034417776));
#4068=CARTESIAN_POINT('',(10.6500000018522,-76.3954095651278,102.879041460966));
#4069=CARTESIAN_POINT('',(10.6500000018522,-147.460175447763,102.879041591014));
#4070=CARTESIAN_POINT('',(10.099987260644,-76.3954095677978,102.329028719757));
#4071=CARTESIAN_POINT('',(6.42499381680823,-76.3954095856378,98.6540344851369));
#4072=CARTESIAN_POINT('',(10.0999872861296,-81.6454095677978,102.329028745243));
#4073=CARTESIAN_POINT('',(10.099987898362,-170.927030595313,102.329029025586));
#4074=CARTESIAN_POINT('',(10.6500000018522,-81.6454095651278,102.879041460966));
#4075=CARTESIAN_POINT('',(10.3749938168082,-81.6454095664628,102.604034510623));
#4076=CARTESIAN_POINT('',(10.6500000018522,-86.3954095651279,102.879041501026));
#4077=CARTESIAN_POINT('',(10.6500000018522,-147.460175447763,102.879041591014));
#4078=CARTESIAN_POINT('',(10.099987260644,-86.3954095677978,102.329028759818));
#4079=CARTESIAN_POINT('',(6.42499381468726,-86.3954095856378,98.6540345315601));
#4080=CARTESIAN_POINT('',(10.0999872861296,-91.6454095677978,102.329028785303));
#4081=CARTESIAN_POINT('',(10.0999878898781,-175.927030595313,102.329029041374));
#4082=CARTESIAN_POINT('',(10.6500000018522,-91.6454095651278,102.879041501026));
#4083=CARTESIAN_POINT('',(10.3749938146872,-91.6454095664628,102.604034557046));
#4084=CARTESIAN_POINT('',(10.6500000018522,-96.3954095651279,102.879041541086));
#4085=CARTESIAN_POINT('',(10.6500000018522,-147.460175447763,102.879041591014));
#4086=CARTESIAN_POINT('',(10.099987260644,-96.3954095677978,102.329028799878));
#4087=CARTESIAN_POINT('',(6.42499381256628,-96.3954095856378,98.6540345779833));
#4088=CARTESIAN_POINT('',(10.0999872861296,-101.645409567798,102.329028825363));
#4089=CARTESIAN_POINT('',(10.0999878813942,-180.927030595314,102.329029057163));
#4090=CARTESIAN_POINT('',(10.6500000018522,-101.645409565128,102.879041541086));
#4091=CARTESIAN_POINT('',(10.3749938125663,-101.645409566463,102.604034603469));
#4092=CARTESIAN_POINT('',(10.6500000018522,-106.395409565128,102.879041581146));
#4093=CARTESIAN_POINT('',(10.6500000018522,-147.460175447763,102.879041591014));
#4094=CARTESIAN_POINT('',(10.099987260644,-106.395409567798,102.329028839938));
#4095=CARTESIAN_POINT('',(6.69999991894186,-106.395409584303,98.9290414610646));
#4096=CARTESIAN_POINT('',(10.0999872861296,-111.645409567798,102.329028865424));
#4097=CARTESIAN_POINT('',(10.0999873600925,-128.914413513451,102.329028949255));
#4098=CARTESIAN_POINT('',(10.6500000018522,-111.645409565128,102.879041581146));
#4099=CARTESIAN_POINT('',(10.6499999316847,-111.645409565128,102.879041473807));
#4100=CARTESIAN_POINT('',(10.6500000018522,-116.395409565128,102.879041578668));
#4101=CARTESIAN_POINT('',(10.6500000018522,-147.460175447763,102.879041591014));
#4102=CARTESIAN_POINT('',(10.099987260644,-116.395409567798,102.32902883746));
#4103=CARTESIAN_POINT('',(6.69999993045836,-116.395409584303,98.9290414725811));
#4104=CARTESIAN_POINT('',(10.0999872861296,-121.645409567798,102.329028862946));
#4105=CARTESIAN_POINT('',(10.0999873333424,-133.914413513451,102.329028922504));
#4106=CARTESIAN_POINT('',(10.6500000018522,-121.645409565128,102.879041578668));
#4107=CARTESIAN_POINT('',(10.6499999432012,-121.645409565128,102.879041485324));
#4108=CARTESIAN_POINT('',(10.6500000018522,-126.395409565128,102.87904157619));
#4109=CARTESIAN_POINT('',(10.6500000892086,-229.072792514455,102.879041498696));
#4110=CARTESIAN_POINT('',(10.099987260644,-126.395409567798,102.329028834982));
#4111=CARTESIAN_POINT('',(6.69999994197487,-126.395409584303,98.9290414840976));
#4112=CARTESIAN_POINT('',(10.0999873065922,-138.914413513451,102.329028895754));
#4113=CARTESIAN_POINT('Origin',(-5.69165359041602E-7,8.74471346504979,105.62904157213));
#4114=CARTESIAN_POINT('',(-2.80000056916536,8.74471346504979,105.629041591013));
#4115=CARTESIAN_POINT('Origin',(-5.69165359041602E-7,8.74471346504979,105.629041591013));
#4116=CARTESIAN_POINT('',(-2.80000056916536,8.74471346504977,102.62904157213));
#4117=CARTESIAN_POINT('',(-2.80000056916536,8.74471346504979,105.62904157213));
#4118=CARTESIAN_POINT('Origin',(-5.69165360457136E-7,8.74471346504976,102.62904157213));
#4119=CARTESIAN_POINT('Origin',(1.85221949563962E-9,8.74471346324931,102.62904157213));
#4120=CARTESIAN_POINT('Origin',(-7.89999999814773,-182.060175447763,105.629041591014));
#4121=CARTESIAN_POINT('',(-7.89999999814773,-101.645409551778,105.629041518028));
#4122=CARTESIAN_POINT('',(7.90000000185221,-101.645409551778,105.629041518028));
#4123=CARTESIAN_POINT('',(1.85223775980782E-9,-101.645409551778,105.629041591014));
#4124=CARTESIAN_POINT('',(-7.89999999814773,-106.395409551778,105.629041532602));
#4125=CARTESIAN_POINT('',(-7.89999999814773,-182.060175447763,105.629041591014));
#4126=CARTESIAN_POINT('',(7.90000000185221,-106.395409551778,105.629041532602));
#4127=CARTESIAN_POINT('',(-7.89999999814773,-106.395409551778,105.629041543975));
#4128=CARTESIAN_POINT('',(7.90000000185222,-147.460175447763,105.629041591014));
#4129=CARTESIAN_POINT('Origin',(1.85223971172442E-9,-95.7686516228292,102.329028643769));
#4130=CARTESIAN_POINT('',(-10.0999872824251,-101.645409567798,102.329028825363));
#4131=CARTESIAN_POINT('',(-7.89999999814773,-101.645409567798,102.329028825363));
#4132=CARTESIAN_POINT('',(-10.0999872569395,-96.3954095677978,102.329028799878));
#4133=CARTESIAN_POINT('',(-7.89999999814773,-96.3954095677978,102.329028799878));
#4134=CARTESIAN_POINT('',(-10.0999878776897,-180.927030595314,102.329029057163));
#4135=CARTESIAN_POINT('Origin',(-10.6499999981477,-266.085409565128,102.879041591014));
#4136=CARTESIAN_POINT('',(-10.0999872569395,-126.395409567798,102.329028834982));
#4137=CARTESIAN_POINT('',(-10.0999873028877,-138.914413513451,102.329028895754));
#4138=CARTESIAN_POINT('',(-10.6499999981477,-126.395409565128,102.87904157619));
#4139=CARTESIAN_POINT('',(-10.6499999382704,-126.395409565128,102.879041484098));
#4140=CARTESIAN_POINT('',(-10.6499999981477,-121.645409565128,102.879041578668));
#4141=CARTESIAN_POINT('',(-10.6500000855041,-229.072792506445,102.879041498696));
#4142=CARTESIAN_POINT('',(-10.0999872824251,-121.645409567798,102.329028862946));
#4143=CARTESIAN_POINT('',(-6.69999993949669,-121.645409584303,98.9290414853239));
#4144=CARTESIAN_POINT('',(-10.0999872569395,-116.395409567798,102.32902883746));
#4145=CARTESIAN_POINT('',(-10.0999873296379,-133.914413513451,102.329028922504));
#4146=CARTESIAN_POINT('',(-10.6499999981477,-116.395409565128,102.879041578668));
#4147=CARTESIAN_POINT('',(-10.6499999267539,-116.395409565128,102.879041472581));
#4148=CARTESIAN_POINT('',(-10.6499999981477,-111.645409565128,102.879041581146));
#4149=CARTESIAN_POINT('',(-10.6499999981477,-182.143393661841,102.879041591014));
#4150=CARTESIAN_POINT('',(-10.0999872824251,-111.645409567798,102.329028865424));
#4151=CARTESIAN_POINT('',(-6.69999992798019,-111.645409584303,98.9290414738074));
#4152=CARTESIAN_POINT('',(-10.0999872569395,-106.395409567798,102.329028839938));
#4153=CARTESIAN_POINT('',(-10.099987356388,-128.914413513451,102.329028949255));
#4154=CARTESIAN_POINT('',(-10.6499999981477,-106.395409565128,102.879041581146));
#4155=CARTESIAN_POINT('',(-10.6499999152374,-106.395409565128,102.879041461065));
#4156=CARTESIAN_POINT('',(-10.6499999981477,-101.645409565128,102.879041541086));
#4157=CARTESIAN_POINT('',(-10.6499999981477,-182.143393661841,102.879041591014));
#4158=CARTESIAN_POINT('',(-6.7000001794659,-101.645409584303,98.929040974073));
#4159=CARTESIAN_POINT('',(-10.6499999981477,-96.3954095651279,102.879041541086));
#4160=CARTESIAN_POINT('',(-10.6500001794659,-96.3954095651279,102.879040948587));
#4161=CARTESIAN_POINT('',(-10.6499999981477,-91.6454095651278,102.879041501026));
#4162=CARTESIAN_POINT('',(-10.6499999981477,-182.143393661841,102.879041591014));
#4163=CARTESIAN_POINT('',(-10.0999872824251,-91.6454095677979,102.329028785303));
#4164=CARTESIAN_POINT('',(-6.70000018158687,-91.6454095843028,98.9290409276499));
#4165=CARTESIAN_POINT('',(-10.0999872569395,-86.3954095677978,102.329028759818));
#4166=CARTESIAN_POINT('',(-10.0999878861736,-175.927030595314,102.329029041374));
#4167=CARTESIAN_POINT('',(-10.6499999981477,-86.3954095651279,102.879041501026));
#4168=CARTESIAN_POINT('',(-10.6500001815869,-86.3954095651279,102.879040902164));
#4169=CARTESIAN_POINT('',(-10.6499999981477,-81.6454095651278,102.879041460966));
#4170=CARTESIAN_POINT('',(-10.6499999981477,-182.143393661841,102.879041591014));
#4171=CARTESIAN_POINT('',(-10.0999872824251,-81.6454095677979,102.329028745243));
#4172=CARTESIAN_POINT('',(-6.70000018370785,-81.6454095843028,98.9290408812267));
#4173=CARTESIAN_POINT('',(-10.0999872569395,-76.3954095677978,102.329028719757));
#4174=CARTESIAN_POINT('',(-10.0999878946575,-170.927030595314,102.329029025586));
#4175=CARTESIAN_POINT('',(-10.6499999981477,-76.3954095651278,102.879041460966));
#4176=CARTESIAN_POINT('',(-10.6500001837079,-76.3954095651278,102.879040855741));
#4177=CARTESIAN_POINT('',(-10.6499999981477,-61.6454095651278,102.879041380845));
#4178=CARTESIAN_POINT('',(-10.6499999981477,-182.143393661841,102.879041591014));
#4179=CARTESIAN_POINT('',(-10.0999872824252,-61.6454095677978,102.329028665123));
#4180=CARTESIAN_POINT('',(-6.70000018794981,-61.6454095843027,98.9290407883804));
#4181=CARTESIAN_POINT('',(-10.0999872569395,-56.3954095677978,102.329028639637));
#4182=CARTESIAN_POINT('',(-10.0999879116253,-160.927030595313,102.32902899401));
#4183=CARTESIAN_POINT('',(-10.6499999981477,-56.3954095651278,102.879041380845));
#4184=CARTESIAN_POINT('',(-10.6500001879498,-56.3954095651278,102.879040762895));
#4185=CARTESIAN_POINT('',(-10.6499999981477,-51.6454095651278,102.879041340785));
#4186=CARTESIAN_POINT('',(-10.6499999981477,-182.143393661841,102.879041591014));
#4187=CARTESIAN_POINT('',(-10.0999872824252,-51.6454095677978,102.329028625062));
#4188=CARTESIAN_POINT('',(-6.70000019007078,-51.6454095843027,98.9290407419573));
#4189=CARTESIAN_POINT('',(-10.0999872569395,-46.3954095677978,102.329028599577));
#4190=CARTESIAN_POINT('',(-10.0999879201092,-155.927030595313,102.329028978222));
#4191=CARTESIAN_POINT('',(-10.6499999981477,-46.3954095651278,102.879041340785));
#4192=CARTESIAN_POINT('',(-10.6500001900708,-46.3954095651278,102.879040716472));
#4193=CARTESIAN_POINT('',(-10.6499999981478,-41.6454095651278,102.879041300725));
#4194=CARTESIAN_POINT('',(-10.6499999981477,-182.143393661841,102.879041591014));
#4195=CARTESIAN_POINT('',(-10.0999872824252,-41.6454095677978,102.329028585002));
#4196=CARTESIAN_POINT('',(-6.70000019219176,-41.6454095843027,98.9290406955341));
#4197=CARTESIAN_POINT('',(-10.0999872569395,-36.3954095677977,102.329028559516));
#4198=CARTESIAN_POINT('',(-10.0999879285931,-150.927030595313,102.329028962434));
#4199=CARTESIAN_POINT('',(-10.6499999981478,-36.3954095651278,102.879041300725));
#4200=CARTESIAN_POINT('',(-10.6500001921918,-36.3954095651278,102.879040670048));
#4201=CARTESIAN_POINT('',(-10.6499999981478,-31.6454095651278,102.879041260664));
#4202=CARTESIAN_POINT('',(-10.6499999981477,-182.143393661841,102.879041591014));
#4203=CARTESIAN_POINT('',(-10.0999872824252,-31.6454095677978,102.329028544942));
#4204=CARTESIAN_POINT('',(-6.70000019431274,-31.6454095843027,98.929040649111));
#4205=CARTESIAN_POINT('',(-10.0999872569395,-26.3954095677977,102.329028519456));
#4206=CARTESIAN_POINT('',(-10.099987937077,-145.927030595313,102.329028946645));
#4207=CARTESIAN_POINT('',(-10.6499999981478,-26.3954095651278,102.879041260664));
#4208=CARTESIAN_POINT('',(-10.6500001943127,-26.3954095651277,102.879040623625));
#4209=CARTESIAN_POINT('',(-10.6499999981478,-21.6454095651277,102.879041220604));
#4210=CARTESIAN_POINT('',(-10.6499999981477,-182.143393661841,102.879041591014));
#4211=CARTESIAN_POINT('',(-10.0999872824252,-21.6454095677977,102.329028504882));
#4212=CARTESIAN_POINT('',(-6.70000019643371,-21.6454095843027,98.9290406026878));
#4213=CARTESIAN_POINT('',(-10.0999872569395,-16.3954095677977,102.329028479396));
#4214=CARTESIAN_POINT('',(-10.0999879455609,-140.927030595313,102.329028930857));
#4215=CARTESIAN_POINT('',(-10.6499999981478,-16.3954095651277,102.879041220604));
#4216=CARTESIAN_POINT('',(-10.6500001964337,-16.3954095651277,102.879040577202));
#4217=CARTESIAN_POINT('',(-10.6499999981478,-11.6454095651277,102.879041180544));
#4218=CARTESIAN_POINT('',(-10.6499999981477,-182.143393661841,102.879041591014));
#4219=CARTESIAN_POINT('',(-10.0999872824252,-11.6454095677977,102.329028464821));
#4220=CARTESIAN_POINT('',(-6.70000019855468,-11.6454095843027,98.9290405562647));
#4221=CARTESIAN_POINT('',(-10.0999872569395,-6.39540956779769,102.329028439336));
#4222=CARTESIAN_POINT('',(-10.0999879540448,-135.927030595313,102.329028915069));
#4223=CARTESIAN_POINT('',(-10.6499999981478,-6.39540956512773,102.879041180544));
#4224=CARTESIAN_POINT('',(-10.6500001985547,-6.39540956512775,102.879040530779));
#4225=CARTESIAN_POINT('',(-10.6499999981478,-1.6454095651277,102.879041140484));
#4226=CARTESIAN_POINT('',(-10.6499999981477,-182.143393661841,102.879041591014));
#4227=CARTESIAN_POINT('',(-10.0999872824252,-1.64540956779771,102.329028424761));
#4228=CARTESIAN_POINT('',(-6.70000020067565,-1.64540958430263,98.9290405098415));
#4229=CARTESIAN_POINT('',(-10.0999872569395,3.60459043220233,102.329028399275));
#4230=CARTESIAN_POINT('',(-10.0999879625287,-130.927030595313,102.329028899281));
#4231=CARTESIAN_POINT('',(-10.6499999981478,3.60459043487229,102.879041140484));
#4232=CARTESIAN_POINT('',(-10.6500002006757,3.60459043487229,102.879040484356));
#4233=CARTESIAN_POINT('',(-10.6499999981478,13.8848364649272,102.879041073815));
#4234=CARTESIAN_POINT('',(-10.6499999981477,-182.143393661841,102.879041591014));
#4235=CARTESIAN_POINT('',(-6.70000020285609,13.8848364457523,98.9290404366317));
#4236=CARTESIAN_POINT('Origin',(-10.6499999981477,-182.060175447763,102.879041591014));
#4237=CARTESIAN_POINT('',(-7.89999999814778,3.60459044822193,105.62904109194));
#4238=CARTESIAN_POINT('',(-7.89999999814778,13.8848364782768,105.629041050757));
#4239=CARTESIAN_POINT('',(-7.89999999814773,-182.060175447763,105.629041591014));
#4240=CARTESIAN_POINT('',(-5.32500010479557,13.884836490777,108.204040951934));
#4241=CARTESIAN_POINT('',(-9.27500034823959,3.60459044154711,104.254041240922));
#4242=CARTESIAN_POINT('Origin',(-7.89999999814773,-182.060175447763,105.629041591014));
#4243=CARTESIAN_POINT('',(7.90000000185216,3.60459044822193,105.62904109194));
#4244=CARTESIAN_POINT('',(7.90000000185216,13.8848364782768,105.629041050757));
#4245=CARTESIAN_POINT('',(7.90000000185222,-147.460175447763,105.629041591014));
#4246=CARTESIAN_POINT('',(1.85220876391971E-9,13.8848364782768,105.629041058582));
#4247=CARTESIAN_POINT('',(-7.89999999814776,3.60459044822193,105.629041591014));
#4248=CARTESIAN_POINT('Origin',(7.90000000185222,-182.060175447763,105.629041591014));
#4249=CARTESIAN_POINT('',(7.9000001085,13.8848364782768,105.629040951934));
#4250=CARTESIAN_POINT('',(3.95000035194404,3.60459046739686,109.579041240922));
#4251=CARTESIAN_POINT('Origin',(-7.89999999814778,3.60459044822193,105.62904109194));
#4252=CARTESIAN_POINT('',(-7.89999999814778,3.60459043220233,102.329028399275));
#4253=CARTESIAN_POINT('Origin',(1.85219356021321E-9,4.23134837717097,102.329028243166));
#4254=CARTESIAN_POINT('',(-7.89999999814778,-1.64540956779767,102.329028424761));
#4255=CARTESIAN_POINT('Origin',(7.90000000185216,-1.64540955177806,105.629041117425));
#4256=CARTESIAN_POINT('',(-7.89999999814778,-1.64540955177806,105.629041117425));
#4257=CARTESIAN_POINT('',(-5.32500033549679,-1.64540953927795,108.204041253665));
#4258=CARTESIAN_POINT('',(7.90000000185216,-1.64540955177806,105.629041117425));
#4259=CARTESIAN_POINT('',(1.85221231479215E-9,-1.64540955177806,105.629041591014));
#4260=CARTESIAN_POINT('',(7.90000033920122,-1.64540955177806,105.629041253665));
#4261=CARTESIAN_POINT('Origin',(7.90000000185222,-182.060175447763,105.629041591014));
#4262=CARTESIAN_POINT('',(7.90000000185216,-6.39540955177809,105.629041132));
#4263=CARTESIAN_POINT('',(7.90000000185222,-147.460175447763,105.629041591014));
#4264=CARTESIAN_POINT('',(3.95000032979296,-6.39540953260318,109.579041263073));
#4265=CARTESIAN_POINT('Origin',(-7.89999999814773,-182.060175447763,105.629041591014));
#4266=CARTESIAN_POINT('',(-7.89999999814777,-6.39540955177809,105.629041132));
#4267=CARTESIAN_POINT('',(-7.89999999814773,-182.060175447763,105.629041591014));
#4268=CARTESIAN_POINT('',(-7.89999999814775,-6.3954095517781,105.629041591014));
#4269=CARTESIAN_POINT('Origin',(-10.6499999981477,-182.060175447763,102.879041591014));
#4270=CARTESIAN_POINT('',(-9.27500032608851,-6.39540955845293,104.254041263073));
#4271=CARTESIAN_POINT('Origin',(-7.89999999814777,-6.39540955177809,105.629041132));
#4272=CARTESIAN_POINT('',(-7.89999999814777,-6.39540956779769,102.329028439336));
#4273=CARTESIAN_POINT('Origin',(1.85219817536433E-9,-5.76865162282905,102.329028283227));
#4274=CARTESIAN_POINT('',(-7.89999999814777,-11.6454095677977,102.329028464821));
#4275=CARTESIAN_POINT('Origin',(7.90000000185216,-11.6454095517781,105.629041157485));
#4276=CARTESIAN_POINT('',(-7.89999999814777,-11.6454095517781,105.629041157485));
#4277=CARTESIAN_POINT('',(-5.3250003133457,-11.645409539278,108.204041275816));
#4278=CARTESIAN_POINT('',(7.90000000185216,-11.6454095517781,105.629041157485));
#4279=CARTESIAN_POINT('',(1.85221474827142E-9,-11.6454095517781,105.629041591014));
#4280=CARTESIAN_POINT('',(7.90000031705014,-11.6454095517781,105.629041275816));
#4281=CARTESIAN_POINT('Origin',(-7.89999999814777,-16.3954095517781,105.62904117206));
#4282=CARTESIAN_POINT('',(-7.89999999814777,-16.3954095677977,102.329028479396));
#4283=CARTESIAN_POINT('',(7.90000000185217,-16.3954095517781,105.62904117206));
#4284=CARTESIAN_POINT('',(3.95000030764188,-16.3954095326032,109.579041285224));
#4285=CARTESIAN_POINT('',(-7.89999999814777,-16.3954095517781,105.62904117206));
#4286=CARTESIAN_POINT('',(-7.89999999814775,-16.3954095517781,105.629041591014));
#4287=CARTESIAN_POINT('',(-9.27500030393742,-16.3954095584529,104.254041285224));
#4288=CARTESIAN_POINT('Origin',(1.85220279051545E-9,-15.7686516228291,102.329028323287));
#4289=CARTESIAN_POINT('',(-7.89999999814777,-21.6454095677977,102.329028504882));
#4290=CARTESIAN_POINT('Origin',(7.90000000185217,-21.6454095517781,105.629041197546));
#4291=CARTESIAN_POINT('',(-7.89999999814777,-21.6454095517781,105.629041197546));
#4292=CARTESIAN_POINT('',(-5.32500029119462,-21.645409539278,108.204041297967));
#4293=CARTESIAN_POINT('',(7.90000000185217,-21.6454095517781,105.629041197546));
#4294=CARTESIAN_POINT('',(1.85221773686219E-9,-21.6454095517781,105.629041591014));
#4295=CARTESIAN_POINT('',(7.90000029489907,-21.6454095517781,105.629041297967));
#4296=CARTESIAN_POINT('Origin',(7.90000000185222,-182.060175447763,105.629041591014));
#4297=CARTESIAN_POINT('',(7.90000000185217,-26.3954095517781,105.62904121212));
#4298=CARTESIAN_POINT('',(7.90000000185222,-147.460175447763,105.629041591014));
#4299=CARTESIAN_POINT('',(3.9500002854908,-26.3954095326032,109.579041307375));
#4300=CARTESIAN_POINT('Origin',(-7.89999999814773,-182.060175447763,105.629041591014));
#4301=CARTESIAN_POINT('',(-7.89999999814776,-26.3954095517781,105.62904121212));
#4302=CARTESIAN_POINT('',(-7.89999999814773,-182.060175447763,105.629041591014));
#4303=CARTESIAN_POINT('',(-7.89999999814775,-26.3954095517781,105.629041591014));
#4304=CARTESIAN_POINT('Origin',(-10.6499999981477,-182.060175447763,102.879041591014));
#4305=CARTESIAN_POINT('',(-9.27500028178635,-26.3954095584529,104.254041307375));
#4306=CARTESIAN_POINT('Origin',(-7.89999999814776,-26.3954095517781,105.62904121212));
#4307=CARTESIAN_POINT('',(-7.89999999814776,-26.3954095677977,102.329028519456));
#4308=CARTESIAN_POINT('Origin',(1.85220740566657E-9,-25.7686516228291,102.329028363347));
#4309=CARTESIAN_POINT('',(-7.89999999814776,-31.6454095677977,102.329028544942));
#4310=CARTESIAN_POINT('Origin',(7.90000000185217,-31.6454095517781,105.629041237606));
#4311=CARTESIAN_POINT('',(-7.89999999814776,-31.6454095517781,105.629041237606));
#4312=CARTESIAN_POINT('',(-5.32500026904354,-31.645409539278,108.204041320118));
#4313=CARTESIAN_POINT('',(7.90000000185217,-31.6454095517781,105.629041237606));
#4314=CARTESIAN_POINT('',(1.85222017034146E-9,-31.6454095517781,105.629041591014));
#4315=CARTESIAN_POINT('',(7.90000027274799,-31.6454095517781,105.629041320118));
#4316=CARTESIAN_POINT('Origin',(-10.6499999981477,-182.060175447763,102.879041591014));
#4317=CARTESIAN_POINT('',(-7.89999999814773,-182.060175447763,105.629041591014));
#4318=CARTESIAN_POINT('Origin',(-7.89999999814773,-182.060175447763,105.629041591014));
#4319=CARTESIAN_POINT('',(7.90000000185222,-147.460175447763,105.629041591014));
#4320=CARTESIAN_POINT('Origin',(7.90000000185222,-182.060175447763,105.629041591014));
#4321=CARTESIAN_POINT('Origin',(-7.89999999814776,-36.3954095517781,105.629041252181));
#4322=CARTESIAN_POINT('',(-7.89999999814776,-36.3954095677977,102.329028559516));
#4323=CARTESIAN_POINT('',(7.90000000185218,-36.3954095517781,105.629041252181));
#4324=CARTESIAN_POINT('',(3.95000026333972,-36.3954095326032,109.579041329526));
#4325=CARTESIAN_POINT('',(-7.89999999814776,-36.3954095517781,105.629041252181));
#4326=CARTESIAN_POINT('',(-7.89999999814775,-36.3954095517781,105.629041591014));
#4327=CARTESIAN_POINT('',(-9.27500025963526,-36.395409558453,104.254041329527));
#4328=CARTESIAN_POINT('Origin',(1.85221202081769E-9,-35.7686516228291,102.329028403407));
#4329=CARTESIAN_POINT('',(-7.89999999814776,-41.6454095677977,102.329028585002));
#4330=CARTESIAN_POINT('Origin',(7.90000000185218,-41.6454095517781,105.629041277666));
#4331=CARTESIAN_POINT('',(-7.89999999814776,-41.6454095517781,105.629041277666));
#4332=CARTESIAN_POINT('',(-5.32500024689246,-41.645409539278,108.204041342269));
#4333=CARTESIAN_POINT('',(7.90000000185218,-41.6454095517781,105.629041277666));
#4334=CARTESIAN_POINT('',(1.85222260382072E-9,-41.6454095517781,105.629041591014));
#4335=CARTESIAN_POINT('',(7.90000025059691,-41.6454095517781,105.629041342269));
#4336=CARTESIAN_POINT('Origin',(7.90000000185222,-182.060175447763,105.629041591014));
#4337=CARTESIAN_POINT('',(7.90000000185218,-46.3954095517782,105.629041292241));
#4338=CARTESIAN_POINT('',(7.90000000185222,-147.460175447763,105.629041591014));
#4339=CARTESIAN_POINT('',(3.95000024118864,-46.3954095326032,109.579041351678));
#4340=CARTESIAN_POINT('Origin',(-7.89999999814773,-182.060175447763,105.629041591014));
#4341=CARTESIAN_POINT('',(-7.89999999814776,-46.3954095517782,105.629041292241));
#4342=CARTESIAN_POINT('',(-7.89999999814773,-182.060175447763,105.629041591014));
#4343=CARTESIAN_POINT('',(-7.89999999814775,-46.3954095517782,105.629041591014));
#4344=CARTESIAN_POINT('Origin',(-10.6499999981477,-182.060175447763,102.879041591014));
#4345=CARTESIAN_POINT('',(-9.27500023748418,-46.395409558453,104.254041351678));
#4346=CARTESIAN_POINT('Origin',(-7.89999999814776,-46.3954095517782,105.629041292241));
#4347=CARTESIAN_POINT('',(-7.89999999814776,-46.3954095677978,102.329028599577));
#4348=CARTESIAN_POINT('Origin',(1.85221663596881E-9,-45.7686516228291,102.329028443467));
#4349=CARTESIAN_POINT('',(-7.89999999814776,-51.6454095677978,102.329028625062));
#4350=CARTESIAN_POINT('Origin',(7.90000000185218,-51.6454095517781,105.629041317726));
#4351=CARTESIAN_POINT('',(-7.89999999814776,-51.6454095517781,105.629041317726));
#4352=CARTESIAN_POINT('',(-5.32500022474138,-51.645409539278,108.20404136442));
#4353=CARTESIAN_POINT('',(7.90000000185218,-51.6454095517781,105.629041317726));
#4354=CARTESIAN_POINT('',(1.85222503729999E-9,-51.6454095517782,105.629041591014));
#4355=CARTESIAN_POINT('',(7.90000022844583,-51.6454095517782,105.62904136442));
#4356=CARTESIAN_POINT('Origin',(-10.6499999981477,-182.060175447763,102.879041591014));
#4357=CARTESIAN_POINT('',(-7.89999999814773,-182.060175447763,105.629041591014));
#4358=CARTESIAN_POINT('Origin',(-7.89999999814773,-182.060175447763,105.629041591014));
#4359=CARTESIAN_POINT('',(7.90000000185222,-147.460175447763,105.629041591014));
#4360=CARTESIAN_POINT('Origin',(7.90000000185222,-182.060175447763,105.629041591014));
#4361=CARTESIAN_POINT('Origin',(-7.89999999814775,-56.3954095517782,105.629041332301));
#4362=CARTESIAN_POINT('',(-7.89999999814775,-56.3954095677978,102.329028639637));
#4363=CARTESIAN_POINT('',(7.90000000185219,-56.3954095517782,105.629041332301));
#4364=CARTESIAN_POINT('',(3.95000021903757,-56.3954095326033,109.579041373829));
#4365=CARTESIAN_POINT('',(-7.89999999814775,-56.3954095517782,105.629041332301));
#4366=CARTESIAN_POINT('',(-7.89999999814774,-56.3954095517782,105.629041591014));
#4367=CARTESIAN_POINT('',(-9.27500021533311,-56.395409558453,104.254041373829));
#4368=CARTESIAN_POINT('Origin',(1.85222125111994E-9,-55.7686516228291,102.329028483528));
#4369=CARTESIAN_POINT('',(-7.89999999814775,-61.6454095677978,102.329028665123));
#4370=CARTESIAN_POINT('Origin',(7.90000000185219,-61.6454095517782,105.629041357787));
#4371=CARTESIAN_POINT('',(-7.89999999814775,-61.6454095517782,105.629041357787));
#4372=CARTESIAN_POINT('',(-5.3250002025903,-61.6454095392781,108.204041386572));
#4373=CARTESIAN_POINT('',(7.90000000185219,-61.6454095517782,105.629041357787));
#4374=CARTESIAN_POINT('',(1.85222747077925E-9,-61.6454095517782,105.629041591014));
#4375=CARTESIAN_POINT('',(7.90000020629475,-61.6454095517782,105.629041386572));
#4376=CARTESIAN_POINT('Origin',(7.90000000185222,-182.060175447763,105.629041591014));
#4377=CARTESIAN_POINT('',(7.9000000018522,-76.3954095517782,105.629041412421));
#4378=CARTESIAN_POINT('',(7.90000000185222,-147.460175447763,105.629041591014));
#4379=CARTESIAN_POINT('',(3.95000017473542,-76.3954095326033,109.579041418131));
#4380=CARTESIAN_POINT('Origin',(-7.89999999814773,-182.060175447763,105.629041591014));
#4381=CARTESIAN_POINT('',(-7.89999999814774,-76.3954095517782,105.629041412421));
#4382=CARTESIAN_POINT('',(-7.89999999814773,-182.060175447763,105.629041591014));
#4383=CARTESIAN_POINT('',(-7.89999999814774,-76.3954095517782,105.629041591014));
#4384=CARTESIAN_POINT('Origin',(-10.6500000832021,-71.6454095651283,102.87904150596));
#4385=CARTESIAN_POINT('',(-9.27500017103095,-76.395409558453,104.254041418131));
#4386=CARTESIAN_POINT('Origin',(-10.6499999981477,-182.060175447763,102.879041591014));
#4387=CARTESIAN_POINT('',(-7.89999999814773,-182.060175447763,105.629041591014));
#4388=CARTESIAN_POINT('Origin',(-7.89999999814773,-182.060175447763,105.629041591014));
#4389=CARTESIAN_POINT('',(7.90000000185222,-147.460175447763,105.629041591014));
#4390=CARTESIAN_POINT('Origin',(7.90000000185222,-182.060175447763,105.629041591014));
#4391=CARTESIAN_POINT('Origin',(-7.89999999814774,-76.3954095517782,105.629041412421));
#4392=CARTESIAN_POINT('',(-7.89999999814774,-76.3954095677978,102.329028719757));
#4393=CARTESIAN_POINT('Origin',(1.85223048142218E-9,-75.7686516228292,102.329028563648));
#4394=CARTESIAN_POINT('',(-7.89999999814774,-81.6454095677978,102.329028745243));
#4395=CARTESIAN_POINT('Origin',(7.9000000018522,-81.6454095517782,105.629041437907));
#4396=CARTESIAN_POINT('',(-7.89999999814774,-81.6454095517782,105.629041437907));
#4397=CARTESIAN_POINT('',(-5.32500015828814,-81.6454095392781,108.204041430874));
#4398=CARTESIAN_POINT('',(7.9000000018522,-81.6454095517782,105.629041437907));
#4399=CARTESIAN_POINT('',(1.85223289284929E-9,-81.6454095517782,105.629041591014));
#4400=CARTESIAN_POINT('',(7.9000001619926,-81.6454095517782,105.629041430874));
#4401=CARTESIAN_POINT('Origin',(7.90000000185222,-182.060175447763,105.629041591014));
#4402=CARTESIAN_POINT('',(7.9000000018522,-86.3954095517782,105.629041452482));
#4403=CARTESIAN_POINT('',(7.90000000185222,-147.460175447763,105.629041591014));
#4404=CARTESIAN_POINT('',(3.95000015258433,-86.3954095326033,109.579041440282));
#4405=CARTESIAN_POINT('Origin',(-7.89999999814773,-182.060175447763,105.629041591014));
#4406=CARTESIAN_POINT('',(-7.89999999814774,-86.3954095517782,105.629041452482));
#4407=CARTESIAN_POINT('',(-7.89999999814773,-182.060175447763,105.629041591014));
#4408=CARTESIAN_POINT('',(-7.89999999814773,-86.3954095517782,105.629041591014));
#4409=CARTESIAN_POINT('Origin',(-10.6499999981477,-182.060175447763,102.879041591014));
#4410=CARTESIAN_POINT('',(-9.27500014887986,-86.395409558453,104.254041440282));
#4411=CARTESIAN_POINT('Origin',(-7.89999999814774,-86.3954095517782,105.629041452482));
#4412=CARTESIAN_POINT('',(-7.89999999814774,-86.3954095677978,102.329028759818));
#4413=CARTESIAN_POINT('Origin',(1.8522350965733E-9,-85.7686516228292,102.329028603708));
#4414=CARTESIAN_POINT('',(-7.89999999814774,-91.6454095677978,102.329028785303));
#4415=CARTESIAN_POINT('Origin',(7.9000000018522,-91.6454095517782,105.629041477967));
#4416=CARTESIAN_POINT('',(-7.89999999814774,-91.6454095517782,105.629041477967));
#4417=CARTESIAN_POINT('',(-5.32500013613706,-91.6454095392781,108.204041453025));
#4418=CARTESIAN_POINT('',(7.9000000018522,-91.6454095517782,105.629041477967));
#4419=CARTESIAN_POINT('',(1.85223532632856E-9,-91.6454095517782,105.629041591014));
#4420=CARTESIAN_POINT('',(7.90000013984152,-91.6454095517782,105.629041453025));
#4421=CARTESIAN_POINT('Origin',(7.90000000185221,-101.645409551778,105.629041518028));
#4422=CARTESIAN_POINT('',(-5.32500011398597,-101.645409539278,108.204041475176));
#4423=CARTESIAN_POINT('',(7.90000011769044,-101.645409551778,105.629041475176));
#4424=CARTESIAN_POINT('Origin',(-7.89999999814773,-96.3954095517782,105.629041492542));
#4425=CARTESIAN_POINT('',(7.90000000185221,-96.3954095517782,105.629041492542));
#4426=CARTESIAN_POINT('',(3.95000013043326,-96.3954095326033,109.579041462433));
#4427=CARTESIAN_POINT('',(-7.89999999814773,-96.3954095517782,105.629041492542));
#4428=CARTESIAN_POINT('',(-7.89999999814773,-96.3954095517782,105.629041591014));
#4429=CARTESIAN_POINT('',(-9.27500012672878,-96.3954095584531,104.254041462433));
#4430=CARTESIAN_POINT('Origin',(7.90000000185222,-182.060175447763,105.629041591014));
#4431=CARTESIAN_POINT('',(3.95000008476257,-106.395409532603,109.579041461065));
#4432=CARTESIAN_POINT('Origin',(7.90000000185222,-182.060175447763,105.629041591014));
#4433=CARTESIAN_POINT('',(7.90000000185222,-147.460175447763,105.629041591014));
#4434=CARTESIAN_POINT('Origin',(-10.6499999981477,-182.060175447763,102.879041591014));
#4435=CARTESIAN_POINT('',(-9.27500008105809,-106.395409558453,104.254041461065));
#4436=CARTESIAN_POINT('Origin',(7.90000000185216,13.8848364782768,105.629041050757));
#4437=CARTESIAN_POINT('Origin',(-10.6499999981477,-182.060175447763,102.879041591014));
#4438=CARTESIAN_POINT('',(-7.89999999814773,-182.060175447763,105.629041591014));
#4439=CARTESIAN_POINT('Origin',(-7.89999999814773,-106.395409551778,105.629041532602));
#4440=CARTESIAN_POINT('',(-7.89999999814773,-106.395409567798,102.329028839938));
#4441=CARTESIAN_POINT('Origin',(1.85224432687554E-9,-105.768651622829,102.329028683829));
#4442=CARTESIAN_POINT('',(-7.89999999814773,-111.645409567798,102.329028865424));
#4443=CARTESIAN_POINT('Origin',(7.90000000185221,-111.645409551778,105.629041558088));
#4444=CARTESIAN_POINT('',(-7.89999999814773,-111.645409551778,105.629041558088));
#4445=CARTESIAN_POINT('',(-5.32500006831528,-111.645409539278,108.204041473807));
#4446=CARTESIAN_POINT('',(7.90000000185221,-111.645409551778,105.629041558088));
#4447=CARTESIAN_POINT('',(1.85223999032673E-9,-111.645409551778,105.629041543975));
#4448=CARTESIAN_POINT('',(7.90000007201974,-111.645409551778,105.629041473807));
#4449=CARTESIAN_POINT('Origin',(-7.89999999814773,-182.060175447763,105.629041591014));
#4450=CARTESIAN_POINT('',(-7.89999999814773,-116.395409551778,105.629041530124));
#4451=CARTESIAN_POINT('',(-7.89999999814773,-182.060175447763,105.629041591014));
#4452=CARTESIAN_POINT('',(7.90000000185221,-116.395409551778,105.629041530124));
#4453=CARTESIAN_POINT('',(-7.89999999814773,-116.395409551778,105.629041543975));
#4454=CARTESIAN_POINT('',(7.90000000185222,-147.460175447763,105.629041591014));
#4455=CARTESIAN_POINT('Origin',(-7.89999999814773,-116.395409551778,105.629041530124));
#4456=CARTESIAN_POINT('',(-9.27500006954158,-116.395409558453,104.254041472581));
#4457=CARTESIAN_POINT('',(-7.89999999814773,-116.395409567798,102.32902883746));
#4458=CARTESIAN_POINT('',(3.95000007324606,-116.395409532603,109.579041472581));
#4459=CARTESIAN_POINT('Origin',(1.85224432687554E-9,-105.768651622829,102.329028683829));
#4460=CARTESIAN_POINT('',(-7.89999999814773,-121.645409567798,102.329028862946));
#4461=CARTESIAN_POINT('Origin',(7.90000000185221,-121.645409551778,105.62904155561));
#4462=CARTESIAN_POINT('',(-7.89999999814773,-121.645409551778,105.62904155561));
#4463=CARTESIAN_POINT('',(-5.32500005679878,-121.645409539278,108.204041485324));
#4464=CARTESIAN_POINT('',(7.90000000185221,-121.645409551778,105.62904155561));
#4465=CARTESIAN_POINT('',(1.85224020335994E-9,-121.645409551778,105.629041543975));
#4466=CARTESIAN_POINT('',(7.90000006050325,-121.645409551778,105.629041485324));
#4467=CARTESIAN_POINT('Origin',(-7.89999999814773,-182.060175447763,105.629041591014));
#4468=CARTESIAN_POINT('',(-7.89999999814773,-126.395409551778,105.629041527646));
#4469=CARTESIAN_POINT('',(-7.89999999814773,-182.060175447763,105.629041591014));
#4470=CARTESIAN_POINT('',(7.90000000185221,-126.395409551778,105.629041527646));
#4471=CARTESIAN_POINT('',(-7.89999999814773,-126.395409551778,105.629041543975));
#4472=CARTESIAN_POINT('',(7.90000000185222,-147.460175447763,105.629041591014));
#4473=CARTESIAN_POINT('Origin',(-7.89999999814773,-126.395409551778,105.629041527646));
#4474=CARTESIAN_POINT('',(-9.27500005802508,-126.395409558453,104.254041484098));
#4475=CARTESIAN_POINT('',(-7.89999999814773,-126.395409567798,102.329028834982));
#4476=CARTESIAN_POINT('',(3.95000006172956,-126.395409532603,109.579041484098));
#4477=CARTESIAN_POINT('Origin',(1.85224432687554E-9,-105.768651622829,102.329028683829));
#4478=CARTESIAN_POINT('Origin',(7.90000000185222,-182.060175447763,105.629041591014));
#4479=CARTESIAN_POINT('Origin',(7.90000000185222,-182.060175447763,105.629041591014));
#4480=CARTESIAN_POINT('Origin',(-7.89999999814773,-182.060175447763,105.629041591014));
#4481=CARTESIAN_POINT('Origin',(-10.6499999981477,-182.060175447763,102.879041591014));
#4482=CARTESIAN_POINT('Origin',(-10.6499999981477,-182.060175447763,102.879041591014));
#4483=UNCERTAINTY_MEASURE_WITH_UNIT(LENGTH_MEASURE(0.01),#4487,
'DISTANCE_ACCURACY_VALUE',
'Maximum model space distance between geometric entities at asserted c
onnectivities');
#4484=UNCERTAINTY_MEASURE_WITH_UNIT(LENGTH_MEASURE(0.01),#4487,
'DISTANCE_ACCURACY_VALUE',
'Maximum model space distance between geometric entities at asserted c
onnectivities');
#4485=(
GEOMETRIC_REPRESENTATION_CONTEXT(3)
GLOBAL_UNCERTAINTY_ASSIGNED_CONTEXT((#4483))
GLOBAL_UNIT_ASSIGNED_CONTEXT((#4487,#4489,#4490))
REPRESENTATION_CONTEXT('','3D')
);
#4486=(
GEOMETRIC_REPRESENTATION_CONTEXT(3)
GLOBAL_UNCERTAINTY_ASSIGNED_CONTEXT((#4484))
GLOBAL_UNIT_ASSIGNED_CONTEXT((#4487,#4489,#4490))
REPRESENTATION_CONTEXT('','3D')
);
#4487=(
LENGTH_UNIT()
NAMED_UNIT(*)
SI_UNIT(.MILLI.,.METRE.)
);
#4488=(
LENGTH_UNIT()
NAMED_UNIT(*)
SI_UNIT($,.METRE.)
);
#4489=(
NAMED_UNIT(*)
PLANE_ANGLE_UNIT()
SI_UNIT($,.RADIAN.)
);
#4490=(
NAMED_UNIT(*)
SI_UNIT($,.STERADIAN.)
SOLID_ANGLE_UNIT()
);
#4491=SHAPE_DEFINITION_REPRESENTATION(#4492,#4493);
#4492=PRODUCT_DEFINITION_SHAPE('',$,#4495);
#4493=SHAPE_REPRESENTATION('',(#2827),#4485);
#4494=PRODUCT_DEFINITION_CONTEXT('part definition',#4499,'design');
#4495=PRODUCT_DEFINITION('13. Handguard Rail Top Long',
'13. Handguard Rail Top Long',#4496,#4494);
#4496=PRODUCT_DEFINITION_FORMATION('',$,#4501);
#4497=PRODUCT_RELATED_PRODUCT_CATEGORY('13. Handguard Rail Top Long',
'13. Handguard Rail Top Long',(#4501));
#4498=APPLICATION_PROTOCOL_DEFINITION('international standard',
'automotive_design',2009,#4499);
#4499=APPLICATION_CONTEXT(
'Core Data for Automotive Mechanical Design Process');
#4500=PRODUCT_CONTEXT('part definition',#4499,'mechanical');
#4501=PRODUCT('13. Handguard Rail Top Long',
'13. Handguard Rail Top Long',$,(#4500));
#4502=PRESENTATION_STYLE_ASSIGNMENT((#4504));
#4503=PRESENTATION_STYLE_ASSIGNMENT((#4505));
#4504=SURFACE_STYLE_USAGE(.BOTH.,#4506);
#4505=SURFACE_STYLE_USAGE(.BOTH.,#4507);
#4506=SURFACE_SIDE_STYLE('',(#4508));
#4507=SURFACE_SIDE_STYLE('',(#4509));
#4508=SURFACE_STYLE_FILL_AREA(#4510);
#4509=SURFACE_STYLE_FILL_AREA(#4511);
#4510=FILL_AREA_STYLE('Steel - Satin',(#4512));
#4511=FILL_AREA_STYLE('Plastic - Matte (Black) (1)',(#4513));
#4512=FILL_AREA_STYLE_COLOUR('Steel - Satin',#4514);
#4513=FILL_AREA_STYLE_COLOUR('Plastic - Matte (Black) (1)',#4515);
#4514=COLOUR_RGB('Steel - Satin',0.627450980392157,0.627450980392157,0.627450980392157);
#4515=COLOUR_RGB('Plastic - Matte (Black) (1)',0.0980392156862745,0.0980392156862745,
0.0980392156862745);
ENDSEC;
END-ISO-10303-21;
