ISO-10303-21;
HEADER;
/* Generated by software containing ST-Developer
 * from STEP Tools, Inc. (www.steptools.com) 
 */

FILE_DESCRIPTION(
/* description */ (''),
/* implementation_level */ '2;1');

FILE_NAME(
/* name */ '16. Front Housing.step',
/* time_stamp */ '2025-10-08T23:22:59+01:00',
/* author */ (''),
/* organization */ (''),
/* preprocessor_version */ 'ST-DEVELOPER v20.1',
/* originating_system */ 'Autodesk Translation Framework v14.10.0.0',
/* authorisation */ '');

FILE_SCHEMA (('AUTOMOTIVE_DESIGN { 1 0 10303 214 3 1 1 }'));
ENDSEC;

DATA;
#10=MECHANICAL_DESIGN_GEOMETRIC_PRESENTATION_REPRESENTATION('',(#13),#10156);
#11=SHAPE_REPRESENTATION_RELATIONSHIP('SRR','None',#10162,#12);
#12=ADVANCED_BREP_SHAPE_REPRESENTATION('',(#14),#10155);
#13=STYLED_ITEM('',(#10172),#14);
#14=MANIFOLD_SOLID_BREP('16. Front Housing',#3663);
#15=B_SPLINE_SURFACE_WITH_KNOTS('',3,3,((#7192,#7193,#7194,#7195,#7196,
#7197,#7198),(#7199,#7200,#7201,#7202,#7203,#7204,#7205),(#7206,#7207,#7208,
#7209,#7210,#7211,#7212),(#7213,#7214,#7215,#7216,#7217,#7218,#7219),(#7220,
#7221,#7222,#7223,#7224,#7225,#7226),(#7227,#7228,#7229,#7230,#7231,#7232,
#7233),(#7234,#7235,#7236,#7237,#7238,#7239,#7240)),.UNSPECIFIED.,.F.,.F.,
 .F.,(4,1,1,1,4),(4,1,1,1,4),(0.,0.285714285714286,0.5,0.785714285714286,
1.),(0.294805719637291,0.699861499895906,1.50997306041314,2.32008462093037,
3.1301961814476),.UNSPECIFIED.);
#16=B_SPLINE_SURFACE_WITH_KNOTS('',3,3,((#7255,#7256,#7257,#7258,#7259,
#7260),(#7261,#7262,#7263,#7264,#7265,#7266),(#7267,#7268,#7269,#7270,#7271,
#7272),(#7273,#7274,#7275,#7276,#7277,#7278),(#7279,#7280,#7281,#7282,#7283,
#7284),(#7285,#7286,#7287,#7288,#7289,#7290),(#7291,#7292,#7293,#7294,#7295,
#7296)),.UNSPECIFIED.,.F.,.F.,.F.,(4,1,1,1,4),(4,1,1,4),(0.,0.285714285714286,
0.5,0.785714285714286,1.),(4.44496077018858,4.98692246534574,5.52888416050289,
6.34182670323863),.UNSPECIFIED.);
#17=B_SPLINE_SURFACE_WITH_KNOTS('',3,3,((#7308,#7309,#7310,#7311,#7312,
#7313,#7314,#7315),(#7316,#7317,#7318,#7319,#7320,#7321,#7322,#7323),(#7324,
#7325,#7326,#7327,#7328,#7329,#7330,#7331),(#7332,#7333,#7334,#7335,#7336,
#7337,#7338,#7339)),.UNSPECIFIED.,.F.,.F.,.F.,(4,4),(4,1,1,1,1,4),(0.00577271523379939,
0.0857778674809816),(9.815305602287,10.1534516965882,10.4915977908893,10.8297438851905,
11.5060360737928,12.1823282623951),.UNSPECIFIED.);
#18=B_SPLINE_SURFACE_WITH_KNOTS('',3,3,((#7356,#7357,#7358,#7359,#7360),
(#7361,#7362,#7363,#7364,#7365),(#7366,#7367,#7368,#7369,#7370),(#7371,
#7372,#7373,#7374,#7375)),.UNSPECIFIED.,.F.,.F.,.F.,(4,4),(4,1,4),(0.0496477914247944,
0.0857778641386119),(8.2169329315733,8.64933629861648,8.97363882389887),
 .UNSPECIFIED.);
#19=B_SPLINE_SURFACE_WITH_KNOTS('',3,3,((#7377,#7378,#7379,#7380,#7381,
#7382,#7383),(#7384,#7385,#7386,#7387,#7388,#7389,#7390),(#7391,#7392,#7393,
#7394,#7395,#7396,#7397),(#7398,#7399,#7400,#7401,#7402,#7403,#7404)),
 .UNSPECIFIED.,.F.,.F.,.F.,(4,4),(4,1,1,1,4),(0.00577271523986304,0.0857779256180583),
(41.2250076148678,41.5640429000943,42.2421134705474,42.9201840410004,43.5982546114535),
 .UNSPECIFIED.);
#20=B_SPLINE_SURFACE_WITH_KNOTS('',3,3,((#7425,#7426,#7427,#7428,#7429,
#7430,#7431),(#7432,#7433,#7434,#7435,#7436,#7437,#7438),(#7439,#7440,#7441,
#7442,#7443,#7444,#7445),(#7446,#7447,#7448,#7449,#7450,#7451,#7452)),
 .UNSPECIFIED.,.F.,.F.,.F.,(4,4),(4,1,1,1,4),(0.00577271523986304,0.0857779427000687),
(38.0834153006977,38.4224504636241,39.100520789477,39.7785911153298,40.4566614411826),
 .UNSPECIFIED.);
#21=B_SPLINE_SURFACE_WITH_KNOTS('',3,3,((#7507,#7508,#7509,#7510,#7511,
#7512,#7513,#7514),(#7515,#7516,#7517,#7518,#7519,#7520,#7521,#7522),(#7523,
#7524,#7525,#7526,#7527,#7528,#7529,#7530),(#7531,#7532,#7533,#7534,#7535,
#7536,#7537,#7538)),.UNSPECIFIED.,.F.,.F.,.F.,(4,4),(4,1,1,1,1,4),(0.0134166242847433,
0.0934218345096021),(41.2247475521519,41.5637827150783,41.9028178780047,
42.2418530409311,42.9199233667839,43.5979936926367),.UNSPECIFIED.);
#22=B_SPLINE_SURFACE_WITH_KNOTS('',3,3,((#7546,#7547,#7548,#7549,#7550,
#7551,#7552,#7553),(#7554,#7555,#7556,#7557,#7558,#7559,#7560,#7561),(#7562,
#7563,#7564,#7565,#7566,#7567,#7568,#7569),(#7570,#7571,#7572,#7573,#7574,
#7575,#7576,#7577)),.UNSPECIFIED.,.F.,.F.,.F.,(4,4),(4,1,1,1,1,4),(0.0134166068363127,
0.0934218345096021),(38.0831543844869,38.4221896774691,38.7612249704514,
39.1002602634336,39.7783308493981,40.4564014353625),.UNSPECIFIED.);
#23=B_SPLINE_SURFACE_WITH_KNOTS('',3,3,((#7585,#7586,#7587,#7588,#7589,
#7590,#7591),(#7592,#7593,#7594,#7595,#7596,#7597,#7598),(#7599,#7600,#7601,
#7602,#7603,#7604,#7605),(#7606,#7607,#7608,#7609,#7610,#7611,#7612),(#7613,
#7614,#7615,#7616,#7617,#7618,#7619),(#7620,#7621,#7622,#7623,#7624,#7625,
#7626),(#7627,#7628,#7629,#7630,#7631,#7632,#7633)),.UNSPECIFIED.,.F.,.F.,
 .F.,(4,1,1,1,4),(4,1,1,1,4),(0.,0.285714285714286,0.5,0.785714285714286,
1.),(0.294807286470865,1.10491519286853,1.91502309926619,2.32007705246502,
3.13018495886269),.UNSPECIFIED.);
#24=B_SPLINE_SURFACE_WITH_KNOTS('',3,3,((#7641,#7642,#7643,#7644,#7645,
#7646,#7647),(#7648,#7649,#7650,#7651,#7652,#7653,#7654),(#7655,#7656,#7657,
#7658,#7659,#7660,#7661),(#7662,#7663,#7664,#7665,#7666,#7667,#7668),(#7669,
#7670,#7671,#7672,#7673,#7674,#7675),(#7676,#7677,#7678,#7679,#7680,#7681,
#7682),(#7683,#7684,#7685,#7686,#7687,#7688,#7689)),.UNSPECIFIED.,.F.,.F.,
 .F.,(4,1,1,1,4),(4,1,1,1,4),(0.,0.285714285714286,0.5,0.785714285714286,
1.),(4.44496029857101,4.85001438083714,5.66012254536941,6.47023070990168,
7.28033887443394),.UNSPECIFIED.);
#25=B_SPLINE_SURFACE_WITH_KNOTS('',3,3,((#7697,#7698,#7699,#7700,#7701,
#7702,#7703),(#7704,#7705,#7706,#7707,#7708,#7709,#7710),(#7711,#7712,#7713,
#7714,#7715,#7716,#7717),(#7718,#7719,#7720,#7721,#7722,#7723,#7724),(#7725,
#7726,#7727,#7728,#7729,#7730,#7731),(#7732,#7733,#7734,#7735,#7736,#7737,
#7738),(#7739,#7740,#7741,#7742,#7743,#7744,#7745)),.UNSPECIFIED.,.F.,.F.,
 .F.,(4,1,1,1,4),(4,1,1,1,4),(0.,0.285714285714286,0.5,0.785714285714286,
1.),(0.294807286470849,1.10491519286852,1.50996914606735,2.32007705246502,
3.13018495886269),.UNSPECIFIED.);
#26=B_SPLINE_SURFACE_WITH_KNOTS('',3,3,((#7753,#7754,#7755,#7756,#7757,
#7758,#7759),(#7760,#7761,#7762,#7763,#7764,#7765,#7766),(#7767,#7768,#7769,
#7770,#7771,#7772,#7773),(#7774,#7775,#7776,#7777,#7778,#7779,#7780),(#7781,
#7782,#7783,#7784,#7785,#7786,#7787),(#7788,#7789,#7790,#7791,#7792,#7793,
#7794),(#7795,#7796,#7797,#7798,#7799,#7800,#7801)),.UNSPECIFIED.,.F.,.F.,
 .F.,(4,1,1,1,4),(4,1,1,1,4),(0.,0.285714285714286,0.5,0.785714285714286,
1.),(4.44496029857101,4.85001438083714,5.66012254536941,6.47023070990168,
7.28033887443394),.UNSPECIFIED.);
#27=B_SPLINE_SURFACE_WITH_KNOTS('',3,3,((#7809,#7810,#7811,#7812,#7813,
#7814,#7815),(#7816,#7817,#7818,#7819,#7820,#7821,#7822),(#7823,#7824,#7825,
#7826,#7827,#7828,#7829),(#7830,#7831,#7832,#7833,#7834,#7835,#7836)),
 .UNSPECIFIED.,.F.,.F.,.F.,(4,4),(4,1,1,1,4),(0.0134166242847443,0.0934218345096013),
(47.5079328593315,47.8469680222579,48.5250383481107,49.2031086739635,49.8811789998163),
 .UNSPECIFIED.);
#28=B_SPLINE_SURFACE_WITH_KNOTS('',3,3,((#7850,#7851,#7852,#7853,#7854,
#7855,#7856),(#7857,#7858,#7859,#7860,#7861,#7862,#7863),(#7864,#7865,#7866,
#7867,#7868,#7869,#7870),(#7871,#7872,#7873,#7874,#7875,#7876,#7877)),
 .UNSPECIFIED.,.F.,.F.,.F.,(4,4),(4,1,1,1,4),(0.0134166068363118,0.0934218345096013),
(44.3663396916665,44.7053749846487,45.3834455706132,46.0615161565776,46.7395867425421),
 .UNSPECIFIED.);
#29=B_SPLINE_SURFACE_WITH_KNOTS('',3,3,((#7891,#7892,#7893,#7894,#7895,
#7896,#7897),(#7898,#7899,#7900,#7901,#7902,#7903,#7904),(#7905,#7906,#7907,
#7908,#7909,#7910,#7911),(#7912,#7913,#7914,#7915,#7916,#7917,#7918)),
 .UNSPECIFIED.,.F.,.F.,.F.,(4,4),(4,1,1,1,4),(0.00577271523986393,0.0857779256180588),
(34.9418223076882,35.2808575929147,35.9589281633678,36.6369987338208,37.3150693042739),
 .UNSPECIFIED.);
#30=B_SPLINE_SURFACE_WITH_KNOTS('',3,3,((#7932,#7933,#7934,#7935,#7936,
#7937,#7938),(#7939,#7940,#7941,#7942,#7943,#7944,#7945),(#7946,#7947,#7948,
#7949,#7950,#7951,#7952),(#7953,#7954,#7955,#7956,#7957,#7958,#7959)),
 .UNSPECIFIED.,.F.,.F.,.F.,(4,4),(4,1,1,1,4),(0.00577271523986393,0.0857779427000678),
(31.8002299935181,32.1392651564446,32.8173354822974,33.4954058081502,34.173476134003),
 .UNSPECIFIED.);
#31=B_SPLINE_SURFACE_WITH_KNOTS('',3,3,((#8035,#8036,#8037,#8038,#8039,
#8040,#8041,#8042),(#8043,#8044,#8045,#8046,#8047,#8048,#8049,#8050),(#8051,
#8052,#8053,#8054,#8055,#8056,#8057,#8058),(#8059,#8060,#8061,#8062,#8063,
#8064,#8065,#8066)),.UNSPECIFIED.,.F.,.F.,.F.,(4,4),(4,1,1,1,1,4),(0.00577271523986338,
0.0857779256180575),(47.5081929220474,48.1862634925004,48.8643340629535,
49.20336934818,49.5424046334065,49.8814399186331),.UNSPECIFIED.);
#32=B_SPLINE_SURFACE_WITH_KNOTS('',3,3,((#8074,#8075,#8076,#8077,#8078,
#8079,#8080),(#8081,#8082,#8083,#8084,#8085,#8086,#8087),(#8088,#8089,#8090,
#8091,#8092,#8093,#8094),(#8095,#8096,#8097,#8098,#8099,#8100,#8101)),
 .UNSPECIFIED.,.F.,.F.,.F.,(4,4),(4,1,1,1,4),(0.00577271523986338,0.0857779427000665),
(44.3666006078773,44.7056357708037,45.3837060966565,46.0617764225094,46.7398467483622),
 .UNSPECIFIED.);
#33=B_SPLINE_SURFACE_WITH_KNOTS('',3,3,((#8109,#8110,#8111,#8112,#8113,
#8114,#8115,#8116),(#8117,#8118,#8119,#8120,#8121,#8122,#8123,#8124),(#8125,
#8126,#8127,#8128,#8129,#8130,#8131,#8132),(#8133,#8134,#8135,#8136,#8137,
#8138,#8139,#8140)),.UNSPECIFIED.,.F.,.F.,.F.,(4,4),(4,1,1,1,1,4),(0.0134166242847438,
0.0934218345096021),(34.9415622449723,35.6196325708251,36.2977028966779,
36.6367380596044,36.9757732225308,37.3148083854572),.UNSPECIFIED.);
#34=B_SPLINE_SURFACE_WITH_KNOTS('',3,3,((#8148,#8149,#8150,#8151,#8152,
#8153,#8154),(#8155,#8156,#8157,#8158,#8159,#8160,#8161),(#8162,#8163,#8164,
#8165,#8166,#8167,#8168),(#8169,#8170,#8171,#8172,#8173,#8174,#8175)),
 .UNSPECIFIED.,.F.,.F.,.F.,(4,4),(4,1,1,1,4),(0.0134166068363112,0.0934218345096021),
(31.7999690773073,32.1390043702896,32.817074956254,33.4951455422185,34.1732161281829),
 .UNSPECIFIED.);
#35=B_SPLINE_SURFACE_WITH_KNOTS('',3,3,((#8183,#8184,#8185,#8186,#8187,
#8188,#8189),(#8190,#8191,#8192,#8193,#8194,#8195,#8196),(#8197,#8198,#8199,
#8200,#8201,#8202,#8203),(#8204,#8205,#8206,#8207,#8208,#8209,#8210),(#8211,
#8212,#8213,#8214,#8215,#8216,#8217),(#8218,#8219,#8220,#8221,#8222,#8223,
#8224),(#8225,#8226,#8227,#8228,#8229,#8230,#8231)),.UNSPECIFIED.,.F.,.F.,
 .F.,(4,1,1,1,4),(4,1,1,1,4),(0.,0.285714285714286,0.5,0.785714285714286,
1.),(4.43606825157891,4.84112220477632,5.65123011117115,6.46133801756598,
7.2714459239608),.UNSPECIFIED.);
#36=B_SPLINE_SURFACE_WITH_KNOTS('',3,3,((#8239,#8240,#8241,#8242,#8243,
#8244,#8245),(#8246,#8247,#8248,#8249,#8250,#8251,#8252),(#8253,#8254,#8255,
#8256,#8257,#8258,#8259),(#8260,#8261,#8262,#8263,#8264,#8265,#8266),(#8267,
#8268,#8269,#8270,#8271,#8272,#8273),(#8274,#8275,#8276,#8277,#8278,#8279,
#8280),(#8281,#8282,#8283,#8284,#8285,#8286,#8287)),.UNSPECIFIED.,.F.,.F.,
 .F.,(4,1,1,1,4),(4,1,1,1,4),(0.,0.285714285714286,0.5,0.785714285714286,
1.),(0.285914336007628,1.0960225005399,1.50107658280604,2.31118474733831,
3.12129291187058),.UNSPECIFIED.);
#37=B_SPLINE_SURFACE_WITH_KNOTS('',3,3,((#8295,#8296,#8297,#8298,#8299,
#8300,#8301),(#8302,#8303,#8304,#8305,#8306,#8307,#8308),(#8309,#8310,#8311,
#8312,#8313,#8314,#8315),(#8316,#8317,#8318,#8319,#8320,#8321,#8322),(#8323,
#8324,#8325,#8326,#8327,#8328,#8329),(#8330,#8331,#8332,#8333,#8334,#8335,
#8336),(#8337,#8338,#8339,#8340,#8341,#8342,#8343)),.UNSPECIFIED.,.F.,.F.,
 .F.,(4,1,1,1,4),(4,1,1,1,4),(0.,0.285714285714286,0.5,0.785714285714286,
1.),(0.294807286470834,1.10491519286851,1.91502309926618,2.72513100566385,
3.13018495886269),.UNSPECIFIED.);
#38=B_SPLINE_SURFACE_WITH_KNOTS('',3,3,((#8351,#8352,#8353,#8354,#8355,
#8356,#8357),(#8358,#8359,#8360,#8361,#8362,#8363,#8364),(#8365,#8366,#8367,
#8368,#8369,#8370,#8371),(#8372,#8373,#8374,#8375,#8376,#8377,#8378),(#8379,
#8380,#8381,#8382,#8383,#8384,#8385),(#8386,#8387,#8388,#8389,#8390,#8391,
#8392),(#8393,#8394,#8395,#8396,#8397,#8398,#8399)),.UNSPECIFIED.,.F.,.F.,
 .F.,(4,1,1,1,4),(4,1,1,1,4),(0.,0.285714285714286,0.5,0.785714285714286,
1.),(4.44496029857101,5.25506846310328,6.06517662763555,6.47023070990168,
7.28033887443395),.UNSPECIFIED.);
#39=B_SPLINE_SURFACE_WITH_KNOTS('',3,3,((#8407,#8408,#8409,#8410,#8411,
#8412,#8413),(#8414,#8415,#8416,#8417,#8418,#8419,#8420),(#8421,#8422,#8423,
#8424,#8425,#8426,#8427),(#8428,#8429,#8430,#8431,#8432,#8433,#8434)),
 .UNSPECIFIED.,.F.,.F.,.F.,(4,4),(4,1,1,1,4),(0.0134166242847444,0.0934218345096015),
(53.7911181665111,54.1301533294375,54.8082236552903,55.4862939811431,56.1643643069959),
 .UNSPECIFIED.);
#40=B_SPLINE_SURFACE_WITH_KNOTS('',3,3,((#8448,#8449,#8450,#8451,#8452,
#8453,#8454,#8455),(#8456,#8457,#8458,#8459,#8460,#8461,#8462,#8463),(#8464,
#8465,#8466,#8467,#8468,#8469,#8470,#8471),(#8472,#8473,#8474,#8475,#8476,
#8477,#8478,#8479)),.UNSPECIFIED.,.F.,.F.,.F.,(4,4),(4,1,1,1,1,4),(0.0134166068363123,
0.0934218345096015),(50.6495249988461,50.9885602918283,51.3275955848105,
51.6666308777928,52.3447014637572,53.0227720497217),.UNSPECIFIED.);
#41=B_SPLINE_SURFACE_WITH_KNOTS('',3,3,((#8496,#8497,#8498,#8499,#8500,
#8501,#8502),(#8503,#8504,#8505,#8506,#8507,#8508,#8509),(#8510,#8511,#8512,
#8513,#8514,#8515,#8516),(#8517,#8518,#8519,#8520,#8521,#8522,#8523)),
 .UNSPECIFIED.,.F.,.F.,.F.,(4,4),(4,1,1,1,4),(0.00577271523986361,0.0857779256180584),
(28.6586370005086,28.9976722857352,29.6757428561882,30.3538134266412,31.0318839970943),
 .UNSPECIFIED.);
#42=B_SPLINE_SURFACE_WITH_KNOTS('',3,3,((#8537,#8538,#8539,#8540,#8541,
#8542,#8543,#8544),(#8545,#8546,#8547,#8548,#8549,#8550,#8551,#8552),(#8553,
#8554,#8555,#8556,#8557,#8558,#8559,#8560),(#8561,#8562,#8563,#8564,#8565,
#8566,#8567,#8568)),.UNSPECIFIED.,.F.,.F.,.F.,(4,4),(4,1,1,1,1,4),(0.00577271523986361,
0.085777942700067),(25.5170446863386,26.1951150121914,26.8731853380442,
27.2122205009706,27.551255663897,27.8902908268234),.UNSPECIFIED.);
#43=B_SPLINE_SURFACE_WITH_KNOTS('',3,3,((#8647,#8648,#8649,#8650,#8651,
#8652,#8653,#8654),(#8655,#8656,#8657,#8658,#8659,#8660,#8661,#8662),(#8663,
#8664,#8665,#8666,#8667,#8668,#8669,#8670),(#8671,#8672,#8673,#8674,#8675,
#8676,#8677,#8678)),.UNSPECIFIED.,.F.,.F.,.F.,(4,4),(4,1,1,1,1,4),(0.0057727152398635,
0.0857779256180592),(53.791378229227,54.46944879968,55.1475193701331,55.4865546553596,
55.8255899405861,56.1646252258126),.UNSPECIFIED.);
#44=B_SPLINE_SURFACE_WITH_KNOTS('',3,3,((#8686,#8687,#8688,#8689,#8690,
#8691,#8692),(#8693,#8694,#8695,#8696,#8697,#8698,#8699),(#8700,#8701,#8702,
#8703,#8704,#8705,#8706),(#8707,#8708,#8709,#8710,#8711,#8712,#8713)),
 .UNSPECIFIED.,.F.,.F.,.F.,(4,4),(4,1,1,1,4),(0.0057727152398635,0.0857779427000673),
(50.6497859150569,50.9888210779833,51.6668914038361,52.3449617296889,53.0230320555417),
 .UNSPECIFIED.);
#45=B_SPLINE_SURFACE_WITH_KNOTS('',3,3,((#8721,#8722,#8723,#8724,#8725,
#8726,#8727),(#8728,#8729,#8730,#8731,#8732,#8733,#8734),(#8735,#8736,#8737,
#8738,#8739,#8740,#8741),(#8742,#8743,#8744,#8745,#8746,#8747,#8748)),
 .UNSPECIFIED.,.F.,.F.,.F.,(4,4),(4,1,1,1,4),(0.013416624284744,0.0934218345096019),
(28.6583769377927,28.9974121007191,29.675482426572,30.3535527524248,31.0316230782776),
 .UNSPECIFIED.);
#46=B_SPLINE_SURFACE_WITH_KNOTS('',3,3,((#8756,#8757,#8758,#8759,#8760,
#8761,#8762,#8763),(#8764,#8765,#8766,#8767,#8768,#8769,#8770,#8771),(#8772,
#8773,#8774,#8775,#8776,#8777,#8778,#8779),(#8780,#8781,#8782,#8783,#8784,
#8785,#8786,#8787)),.UNSPECIFIED.,.F.,.F.,.F.,(4,4),(4,1,1,1,1,4),(0.0134166068363121,
0.0934218345096019),(25.5167837701278,25.85581906311,26.1948543560922,26.5338896490744,
27.2119602350389,27.8900308210033),.UNSPECIFIED.);
#47=B_SPLINE_SURFACE_WITH_KNOTS('',3,3,((#8795,#8796,#8797,#8798,#8799,
#8800,#8801),(#8802,#8803,#8804,#8805,#8806,#8807,#8808),(#8809,#8810,#8811,
#8812,#8813,#8814,#8815),(#8816,#8817,#8818,#8819,#8820,#8821,#8822),(#8823,
#8824,#8825,#8826,#8827,#8828,#8829),(#8830,#8831,#8832,#8833,#8834,#8835,
#8836),(#8837,#8838,#8839,#8840,#8841,#8842,#8843)),.UNSPECIFIED.,.F.,.F.,
 .F.,(4,1,1,1,4),(4,1,1,1,4),(0.,0.285714285714286,0.5,0.785714285714286,
1.),(0.294807286470899,0.699861239669726,1.50996914606738,2.32007705246503,
3.13018495886268),.UNSPECIFIED.);
#48=B_SPLINE_SURFACE_WITH_KNOTS('',3,3,((#8851,#8852,#8853,#8854,#8855,
#8856,#8857),(#8858,#8859,#8860,#8861,#8862,#8863,#8864),(#8865,#8866,#8867,
#8868,#8869,#8870,#8871),(#8872,#8873,#8874,#8875,#8876,#8877,#8878),(#8879,
#8880,#8881,#8882,#8883,#8884,#8885),(#8886,#8887,#8888,#8889,#8890,#8891,
#8892),(#8893,#8894,#8895,#8896,#8897,#8898,#8899)),.UNSPECIFIED.,.F.,.F.,
 .F.,(4,1,1,1,4),(4,1,1,1,4),(0.,0.285714285714286,0.5,0.785714285714286,
1.),(4.444960298571,4.85001438083714,5.66012254536941,6.47023070990167,
7.28033887443394),.UNSPECIFIED.);
#49=B_SPLINE_SURFACE_WITH_KNOTS('',3,3,((#8907,#8908,#8909,#8910,#8911,
#8912,#8913),(#8914,#8915,#8916,#8917,#8918,#8919,#8920),(#8921,#8922,#8923,
#8924,#8925,#8926,#8927),(#8928,#8929,#8930,#8931,#8932,#8933,#8934),(#8935,
#8936,#8937,#8938,#8939,#8940,#8941),(#8942,#8943,#8944,#8945,#8946,#8947,
#8948),(#8949,#8950,#8951,#8952,#8953,#8954,#8955)),.UNSPECIFIED.,.F.,.F.,
 .F.,(4,1,1,1,4),(4,1,1,1,4),(0.,0.285714285714286,0.5,0.785714285714286,
1.),(0.294807286470819,1.1049151928685,1.50996914606733,2.32007705246501,
3.13018495886269),.UNSPECIFIED.);
#50=B_SPLINE_SURFACE_WITH_KNOTS('',3,3,((#8963,#8964,#8965,#8966,#8967,
#8968,#8969),(#8970,#8971,#8972,#8973,#8974,#8975,#8976),(#8977,#8978,#8979,
#8980,#8981,#8982,#8983),(#8984,#8985,#8986,#8987,#8988,#8989,#8990),(#8991,
#8992,#8993,#8994,#8995,#8996,#8997),(#8998,#8999,#9000,#9001,#9002,#9003,
#9004),(#9005,#9006,#9007,#9008,#9009,#9010,#9011)),.UNSPECIFIED.,.F.,.F.,
 .F.,(4,1,1,1,4),(4,1,1,1,4),(0.,0.285714285714286,0.5,0.785714285714286,
1.),(4.444960298571,4.85001438083714,5.66012254536941,6.47023070990167,
7.28033887443394),.UNSPECIFIED.);
#51=B_SPLINE_SURFACE_WITH_KNOTS('',3,3,((#9019,#9020,#9021,#9022,#9023,
#9024,#9025,#9026),(#9027,#9028,#9029,#9030,#9031,#9032,#9033,#9034),(#9035,
#9036,#9037,#9038,#9039,#9040,#9041,#9042),(#9043,#9044,#9045,#9046,#9047,
#9048,#9049,#9050)),.UNSPECIFIED.,.F.,.F.,.F.,(4,4),(4,1,1,1,1,4),(0.0134166242847432,
0.0934218345096018),(60.0743034736907,60.7523737995435,61.4304441253963,
61.7694792883227,62.1085144512491,62.4475496141755),.UNSPECIFIED.);
#52=B_SPLINE_SURFACE_WITH_KNOTS('',3,3,((#9067,#9068,#9069,#9070,#9071,
#9072,#9073),(#9074,#9075,#9076,#9077,#9078,#9079,#9080),(#9081,#9082,#9083,
#9084,#9085,#9086,#9087),(#9088,#9089,#9090,#9091,#9092,#9093,#9094)),
 .UNSPECIFIED.,.F.,.F.,.F.,(4,4),(4,1,1,1,4),(0.013416606836312,0.0934218345096018),
(56.9327103060257,57.6107808919901,58.2888514779546,58.966922063919,59.3059573569013),
 .UNSPECIFIED.);
#53=B_SPLINE_SURFACE_WITH_KNOTS('',3,3,((#9108,#9109,#9110,#9111,#9112,
#9113,#9114),(#9115,#9116,#9117,#9118,#9119,#9120,#9121),(#9122,#9123,#9124,
#9125,#9126,#9127,#9128),(#9129,#9130,#9131,#9132,#9133,#9134,#9135)),
 .UNSPECIFIED.,.F.,.F.,.F.,(4,4),(4,1,1,1,4),(0.00577271523986349,0.085777925618058),
(22.375451693329,22.7144869785556,23.3925575490086,24.0706281194617,24.7486986899147),
 .UNSPECIFIED.);
#54=B_SPLINE_SURFACE_WITH_KNOTS('',3,3,((#9149,#9150,#9151,#9152,#9153,
#9154,#9155,#9156),(#9157,#9158,#9159,#9160,#9161,#9162,#9163,#9164),(#9165,
#9166,#9167,#9168,#9169,#9170,#9171,#9172),(#9173,#9174,#9175,#9176,#9177,
#9178,#9179,#9180)),.UNSPECIFIED.,.F.,.F.,.F.,(4,4),(4,1,1,1,1,4),(0.00577271523986349,
0.0857779427000682),(19.233859379159,19.9119297050118,20.5900000308646,
20.929035193791,21.2680703567174,21.6071055196438),.UNSPECIFIED.);
#55=B_SPLINE_SURFACE_WITH_KNOTS('',3,3,((#9253,#9254,#9255,#9256,#9257,
#9258,#9259),(#9260,#9261,#9262,#9263,#9264,#9265,#9266),(#9267,#9268,#9269,
#9270,#9271,#9272,#9273),(#9274,#9275,#9276,#9277,#9278,#9279,#9280)),
 .UNSPECIFIED.,.F.,.F.,.F.,(4,4),(4,1,1,1,4),(0.00577271523986323,0.0857779256180581),
(60.0745635364066,60.4135988216331,61.0916693920861,61.7697399625392,62.4478105329922),
 .UNSPECIFIED.);
#56=B_SPLINE_SURFACE_WITH_KNOTS('',3,3,((#9288,#9289,#9290,#9291,#9292,
#9293,#9294),(#9295,#9296,#9297,#9298,#9299,#9300,#9301),(#9302,#9303,#9304,
#9305,#9306,#9307,#9308),(#9309,#9310,#9311,#9312,#9313,#9314,#9315)),
 .UNSPECIFIED.,.F.,.F.,.F.,(4,4),(4,1,1,1,4),(0.00577271523986323,0.0857779427000668),
(56.9329712222365,57.2720063851629,57.9500767110157,58.6281470368685,59.3062173627213),
 .UNSPECIFIED.);
#57=B_SPLINE_SURFACE_WITH_KNOTS('',3,3,((#9323,#9324,#9325,#9326,#9327,
#9328,#9329),(#9330,#9331,#9332,#9333,#9334,#9335,#9336),(#9337,#9338,#9339,
#9340,#9341,#9342,#9343),(#9344,#9345,#9346,#9347,#9348,#9349,#9350)),
 .UNSPECIFIED.,.F.,.F.,.F.,(4,4),(4,1,1,1,4),(0.0134166242847439,0.0934218345096025),
(22.3751916306132,22.7142267935396,23.3922971193924,24.0703674452452,24.748437771098),
 .UNSPECIFIED.);
#58=B_SPLINE_SURFACE_WITH_KNOTS('',3,3,((#9358,#9359,#9360,#9361,#9362,
#9363,#9364),(#9365,#9366,#9367,#9368,#9369,#9370,#9371),(#9372,#9373,#9374,
#9375,#9376,#9377,#9378),(#9379,#9380,#9381,#9382,#9383,#9384,#9385)),
 .UNSPECIFIED.,.F.,.F.,.F.,(4,4),(4,1,1,1,4),(0.013416606836312,0.0934218345096025),
(19.2335984629482,19.5726337559304,20.2507043418948,20.9287749278593,21.6068455138237),
 .UNSPECIFIED.);
#59=B_SPLINE_SURFACE_WITH_KNOTS('',3,3,((#9393,#9394,#9395,#9396,#9397,
#9398,#9399),(#9400,#9401,#9402,#9403,#9404,#9405,#9406),(#9407,#9408,#9409,
#9410,#9411,#9412,#9413),(#9414,#9415,#9416,#9417,#9418,#9419,#9420),(#9421,
#9422,#9423,#9424,#9425,#9426,#9427),(#9428,#9429,#9430,#9431,#9432,#9433,
#9434),(#9435,#9436,#9437,#9438,#9439,#9440,#9441)),.UNSPECIFIED.,.F.,.F.,
 .F.,(4,1,1,1,4),(4,1,1,1,4),(0.,0.285714285714286,0.5,0.785714285714286,
1.),(0.294807286470921,1.10491519286857,1.91502309926622,2.32007705246505,
3.1301849588627),.UNSPECIFIED.);
#60=B_SPLINE_SURFACE_WITH_KNOTS('',3,3,((#9449,#9450,#9451,#9452,#9453,
#9454,#9455),(#9456,#9457,#9458,#9459,#9460,#9461,#9462),(#9463,#9464,#9465,
#9466,#9467,#9468,#9469),(#9470,#9471,#9472,#9473,#9474,#9475,#9476),(#9477,
#9478,#9479,#9480,#9481,#9482,#9483),(#9484,#9485,#9486,#9487,#9488,#9489,
#9490),(#9491,#9492,#9493,#9494,#9495,#9496,#9497)),.UNSPECIFIED.,.F.,.F.,
 .F.,(4,1,1,1,4),(4,1,1,1,4),(0.,0.285714285714286,0.5,0.785714285714286,
1.),(4.44496029857101,4.85001438083715,5.66012254536942,6.47023070990169,
7.28033887443395),.UNSPECIFIED.);
#61=B_SPLINE_SURFACE_WITH_KNOTS('',3,3,((#9505,#9506,#9507,#9508,#9509,
#9510,#9511),(#9512,#9513,#9514,#9515,#9516,#9517,#9518),(#9519,#9520,#9521,
#9522,#9523,#9524,#9525),(#9526,#9527,#9528,#9529,#9530,#9531,#9532),(#9533,
#9534,#9535,#9536,#9537,#9538,#9539),(#9540,#9541,#9542,#9543,#9544,#9545,
#9546),(#9547,#9548,#9549,#9550,#9551,#9552,#9553)),.UNSPECIFIED.,.F.,.F.,
 .F.,(4,1,1,1,4),(4,1,1,1,4),(0.,0.285714285714286,0.5,0.785714285714286,
1.),(0.294807286470802,1.10491519286848,1.91502309926616,2.320077052465,
3.13018495886268),.UNSPECIFIED.);
#62=B_SPLINE_SURFACE_WITH_KNOTS('',3,3,((#9561,#9562,#9563,#9564,#9565,
#9566,#9567),(#9568,#9569,#9570,#9571,#9572,#9573,#9574),(#9575,#9576,#9577,
#9578,#9579,#9580,#9581),(#9582,#9583,#9584,#9585,#9586,#9587,#9588),(#9589,
#9590,#9591,#9592,#9593,#9594,#9595),(#9596,#9597,#9598,#9599,#9600,#9601,
#9602),(#9603,#9604,#9605,#9606,#9607,#9608,#9609)),.UNSPECIFIED.,.F.,.F.,
 .F.,(4,1,1,1,4),(4,1,1,1,4),(0.,0.285714285714286,0.5,0.785714285714286,
1.),(4.444960298571,4.85001438083713,5.6601225453694,6.47023070990167,7.28033887443394),
 .UNSPECIFIED.);
#63=B_SPLINE_SURFACE_WITH_KNOTS('',3,3,((#9617,#9618,#9619,#9620,#9621,
#9622,#9623,#9624),(#9625,#9626,#9627,#9628,#9629,#9630,#9631,#9632),(#9633,
#9634,#9635,#9636,#9637,#9638,#9639,#9640),(#9641,#9642,#9643,#9644,#9645,
#9646,#9647,#9648)),.UNSPECIFIED.,.F.,.F.,.F.,(4,4),(4,1,1,1,1,4),(0.0134166242847442,
0.0934218345096025),(66.3574887808703,66.6965239437967,67.0355591067231,
67.3745942696495,68.0526645955023,68.7307349213551),.UNSPECIFIED.);
#64=B_SPLINE_SURFACE_WITH_KNOTS('',3,3,((#9665,#9666,#9667,#9668,#9669,
#9670,#9671),(#9672,#9673,#9674,#9675,#9676,#9677,#9678),(#9679,#9680,#9681,
#9682,#9683,#9684,#9685),(#9686,#9687,#9688,#9689,#9690,#9691,#9692)),
 .UNSPECIFIED.,.F.,.F.,.F.,(4,4),(4,1,1,1,4),(0.0134166068363135,0.0934218345096025),
(63.2158956132053,63.5549309061875,64.2330014921519,64.9110720781164,65.5891426640809),
 .UNSPECIFIED.);
#65=B_SPLINE_SURFACE_WITH_KNOTS('',3,3,((#9706,#9707,#9708,#9709,#9710,
#9711,#9712),(#9713,#9714,#9715,#9716,#9717,#9718,#9719),(#9720,#9721,#9722,
#9723,#9724,#9725,#9726),(#9727,#9728,#9729,#9730,#9731,#9732,#9733)),
 .UNSPECIFIED.,.F.,.F.,.F.,(4,4),(4,1,1,1,4),(0.00577271523986448,0.0857779256180595),
(16.0922663861495,16.431301671376,17.109372241829,17.7874428122821,18.4655133827351),
 .UNSPECIFIED.);
#66=B_SPLINE_SURFACE_WITH_KNOTS('',3,3,((#9747,#9748,#9749,#9750,#9751,
#9752,#9753,#9754),(#9755,#9756,#9757,#9758,#9759,#9760,#9761,#9762),(#9763,
#9764,#9765,#9766,#9767,#9768,#9769,#9770),(#9771,#9772,#9773,#9774,#9775,
#9776,#9777,#9778)),.UNSPECIFIED.,.F.,.F.,.F.,(4,4),(4,1,1,1,1,4),(0.00577271523986448,
0.0857779427000661),(12.9506740719794,13.2897092349058,13.6287443978322,
13.9677795607586,14.6458498866114,15.3239202124642),.UNSPECIFIED.);
#67=B_SPLINE_SURFACE_WITH_KNOTS('',3,3,((#9847,#9848,#9849,#9850,#9851,
#9852,#9853),(#9854,#9855,#9856,#9857,#9858,#9859,#9860),(#9861,#9862,#9863,
#9864,#9865,#9866,#9867),(#9868,#9869,#9870,#9871,#9872,#9873,#9874)),
 .UNSPECIFIED.,.F.,.F.,.F.,(4,4),(4,1,1,1,4),(0.,0.0815723442411575),(66.35761917819,
66.8135932986791,67.2695674191683,67.7255415396575,68.1815156601466),
 .UNSPECIFIED.);
#68=B_SPLINE_SURFACE_WITH_KNOTS('',3,3,((#9875,#9876,#9877,#9878,#9879,
#9880,#9881,#9882,#9883),(#9884,#9885,#9886,#9887,#9888,#9889,#9890,#9891,
#9892),(#9893,#9894,#9895,#9896,#9897,#9898,#9899,#9900,#9901),(#9902,#9903,
#9904,#9905,#9906,#9907,#9908,#9909,#9910)),.UNSPECIFIED.,.F.,.F.,.F.,(4,
4),(4,1,1,1,1,1,4),(0.,0.0991945497494697),(63.2160261320978,63.4797201477071,
64.0071081789256,64.4026492023395,64.7981902257534,65.3255782569719,65.5892722725812),
 .UNSPECIFIED.);
#69=B_SPLINE_SURFACE_WITH_KNOTS('',3,3,((#9930,#9931,#9932,#9933,#9934,
#9935,#9936,#9937),(#9938,#9939,#9940,#9941,#9942,#9943,#9944,#9945),(#9946,
#9947,#9948,#9949,#9950,#9951,#9952,#9953),(#9954,#9955,#9956,#9957,#9958,
#9959,#9960,#9961)),.UNSPECIFIED.,.F.,.F.,.F.,(4,4),(4,1,1,1,1,4),(0.0134166822772036,
0.0934218345095127),(16.0920056558262,16.431040928271,16.7700762007158,
17.1091114731606,17.7871820180502,18.4652525629398),.UNSPECIFIED.);
#70=B_SPLINE_SURFACE_WITH_KNOTS('',3,3,((#9962,#9963,#9964,#9965,#9966,
#9967,#9968,#9969),(#9970,#9971,#9972,#9973,#9974,#9975,#9976,#9977),(#9978,
#9979,#9980,#9981,#9982,#9983,#9984,#9985),(#9986,#9987,#9988,#9989,#9990,
#9991,#9992,#9993)),.UNSPECIFIED.,.F.,.F.,.F.,(4,4),(4,1,1,1,1,4),(0.0134166856574076,
0.0934218345095127),(12.9504128709417,13.2894482007473,13.6284835305529,
13.9675188603585,14.6455895199696,15.3236601795808),.UNSPECIFIED.);
#71=B_SPLINE_SURFACE_WITH_KNOTS('',3,3,((#10008,#10009,#10010,#10011),(#10012,
#10013,#10014,#10015),(#10016,#10017,#10018,#10019),(#10020,#10021,#10022,
#10023)),.UNSPECIFIED.,.F.,.F.,.F.,(4,4),(4,4),(0.0740300338836915,0.0991945497494697),
(11.6149723878394,12.1821975540571),.UNSPECIFIED.);
#72=B_SPLINE_SURFACE_WITH_KNOTS('',3,3,((#10029,#10030,#10031,#10032,#10033,
#10034,#10035),(#10036,#10037,#10038,#10039,#10040,#10041,#10042),(#10043,
#10044,#10045,#10046,#10047,#10048,#10049),(#10050,#10051,#10052,#10053,
#10054,#10055,#10056)),.UNSPECIFIED.,.F.,.F.,.F.,(4,4),(4,1,1,1,4),(0.,
0.0950977715087971),(69.5061170581232,70.0040472067151,70.501977355307,
70.999907503899,71.4978376524909),.UNSPECIFIED.);
#73=B_SPLINE_CURVE_WITH_KNOTS('',3,(#4946,#4947,#4948,#4949,#4950,#4951,
#4952,#4953,#4954,#4955,#4956,#4957,#4958,#4959,#4960,#4961,#4962,#4963,
#4964,#4965,#4966,#4967,#4968,#4969,#4970,#4971,#4972,#4973,#4974,#4975,
#4976),.UNSPECIFIED.,.F.,.F.,(4,3,3,3,3,3,3,3,3,3,4),(2.0403745726267,2.05477301248066,
2.14428440358074,2.23423235830062,2.32402925093167,2.37253243243126,2.38820214821101,
2.47752689653702,2.56650095451434,2.65423114618126,2.71045128117182),
 .UNSPECIFIED.);
#74=B_SPLINE_CURVE_WITH_KNOTS('',3,(#4980,#4981,#4982,#4983,#4984,#4985,
#4986),.UNSPECIFIED.,.F.,.F.,(4,3,4),(2.86555593943636,2.95476809101825,
2.96332989429758),.UNSPECIFIED.);
#75=B_SPLINE_CURVE_WITH_KNOTS('',3,(#4990,#4991,#4992,#4993,#4994,#4995,
#4996,#4997,#4998,#4999,#5000,#5001,#5002,#5003,#5004,#5005,#5006,#5007,
#5008,#5009,#5010,#5011,#5012,#5013,#5014,#5015,#5016,#5017,#5018,#5019,
#5020,#5021,#5022,#5023,#5024,#5025,#5026,#5027,#5028,#5029,#5030,#5031,
#5032,#5033,#5034,#5035,#5036,#5037,#5038),.UNSPECIFIED.,.F.,.F.,(4,3,3,
3,3,3,3,3,3,3,3,3,3,3,3,3,4),(0.789503686273848,0.882212396022949,0.974659419043496,
1.02300719878925,1.03797814806464,1.04915223085607,1.14080820656114,1.23267113629875,
1.32406523217986,1.36144165700955,1.45315121408886,1.53616469477732,1.55351357183704,
1.56333508567655,1.65393738330577,1.74484071963222,1.78520513684271),
 .UNSPECIFIED.);
#76=B_SPLINE_CURVE_WITH_KNOTS('',3,(#5040,#5041,#5042,#5043,#5044,#5045,
#5046,#5047),.UNSPECIFIED.,.F.,.F.,(4,2,2,4),(0.,0.282995027381778,0.408052015135215,
0.524540376056282),.UNSPECIFIED.);
#77=B_SPLINE_CURVE_WITH_KNOTS('',3,(#5049,#5050,#5051,#5052,#5053,#5054,
#5055,#5056,#5057,#5058,#5059,#5060,#5061,#5062,#5063,#5064,#5065,#5066,
#5067,#5068,#5069,#5070,#5071,#5072,#5073,#5074,#5075,#5076,#5077,#5078,
#5079,#5080,#5081,#5082,#5083,#5084,#5085,#5086,#5087,#5088,#5089,#5090,
#5091,#5092,#5093,#5094),.UNSPECIFIED.,.F.,.F.,(4,3,3,3,3,3,3,3,3,3,3,3,
3,3,3,4),(0.210860875690138,0.301853960666826,0.392671645382711,0.479134576979816,
0.494733694110108,0.504616473284314,0.514359405968181,0.56559750857692,
0.655894786421898,0.747538896317011,0.839429436296347,0.930835655176572,
1.01229701200313,1.02399945640028,1.11586400360581,1.20552079184981),
 .UNSPECIFIED.);
#78=B_SPLINE_CURVE_WITH_KNOTS('',3,(#5131,#5132,#5133,#5134,#5135,#5136,
#5137,#5138,#5139,#5140,#5141,#5142,#5143,#5144,#5145,#5146,#5147,#5148,
#5149,#5150,#5151,#5152,#5153,#5154,#5155,#5156,#5157,#5158,#5159,#5160,
#5161,#5162,#5163,#5164,#5165,#5166,#5167,#5168,#5169,#5170,#5171,#5172,
#5173,#5174,#5175,#5176,#5177,#5178,#5179,#5180,#5181,#5182,#5183,#5184,
#5185,#5186,#5187,#5188,#5189,#5190,#5191,#5192,#5193,#5194,#5195,#5196,
#5197,#5198,#5199,#5200,#5201,#5202,#5203,#5204,#5205,#5206,#5207,#5208,
#5209,#5210,#5211,#5212,#5213,#5214,#5215,#5216,#5217,#5218,#5219,#5220,
#5221,#5222,#5223,#5224,#5225,#5226,#5227,#5228,#5229,#5230,#5231,#5232,
#5233,#5234,#5235,#5236,#5237,#5238,#5239,#5240,#5241,#5242,#5243,#5244,
#5245,#5246,#5247,#5248,#5249,#5250,#5251,#5252,#5253,#5254,#5255,#5256,
#5257),.UNSPECIFIED.,.F.,.F.,(4,3,3,3,3,3,3,3,3,3,3,3,3,3,3,3,3,3,3,3,3,
3,3,3,3,3,3,3,3,3,3,3,3,3,3,3,3,3,3,3,3,3,4),(-2.60798791938558,-2.58554953680891,
-2.57384223481318,-2.56518324689796,-2.47681417861097,-2.38730515306617,
-2.29708982854701,-2.20688421123912,-2.11727574906316,-2.0777279982855,
-2.06813598799204,-1.97721258900281,-1.97101852013882,-1.88077409553225,
-1.78989919172949,-1.69896548957112,-1.67440100395017,-1.66493729810526,
-1.65480393353783,-1.56336360529183,-1.47148683075406,-1.3798221134338,
-1.32357449139806,-1.23181335447766,-1.1610545637904,-1.14910233965434,
-1.05794026918867,-0.965733013654038,-0.872937634507497,-0.780401659891842,
-0.688957144034049,-0.665743028979581,-0.643280035490675,-0.623785969926336,
-0.545812723685544,-0.525040515690712,-0.514944967898033,-0.423235607007116,
-0.330540610301067,-0.237344828582318,-0.144463906598434,-0.0528344110289982,
0.),.UNSPECIFIED.);
#79=B_SPLINE_CURVE_WITH_KNOTS('',3,(#5263,#5264,#5265,#5266,#5267,#5268,
#5269,#5270,#5271,#5272,#5273,#5274,#5275,#5276,#5277,#5278,#5279,#5280,
#5281,#5282,#5283,#5284,#5285,#5286,#5287,#5288,#5289,#5290,#5291,#5292,
#5293,#5294,#5295,#5296,#5297,#5298,#5299,#5300,#5301,#5302,#5303,#5304,
#5305,#5306,#5307,#5308,#5309,#5310,#5311,#5312,#5313,#5314,#5315,#5316,
#5317,#5318,#5319,#5320,#5321,#5322,#5323,#5324,#5325,#5326,#5327,#5328,
#5329,#5330,#5331,#5332,#5333,#5334,#5335,#5336,#5337,#5338,#5339,#5340,
#5341,#5342,#5343,#5344,#5345,#5346,#5347,#5348,#5349,#5350,#5351,#5352,
#5353,#5354,#5355,#5356,#5357,#5358,#5359,#5360,#5361,#5362,#5363,#5364,
#5365),.UNSPECIFIED.,.F.,.F.,(4,3,3,3,3,3,3,3,3,3,3,3,3,3,3,3,3,3,3,3,3,
3,3,3,3,3,3,3,3,3,3,3,3,3,4),(-2.21368573552868,-2.12119340490644,-2.0317172579328,
-2.0136518987905,-2.00461175469187,-1.9128944737928,-1.82118127061131,-1.76328881701187,
-1.67138348808463,-1.57974775792826,-1.52815079159897,-1.50112873760538,
-1.49241878902621,-1.40150359842492,-1.31047650555195,-1.22010388900772,
-1.16697202729394,-1.07600449434501,-1.01390123287251,-0.993583312349252,
-0.984658125326135,-0.895095380456898,-0.804846396489554,-0.714797422588068,
-0.625798524151378,-0.579178402564951,-0.506781102244332,-0.495361353891616,
-0.487039120794752,-0.398420820310119,-0.309124106519641,-0.219879910476254,
-0.13122538334426,-0.0440479989511316,0.),.UNSPECIFIED.);
#80=B_SPLINE_CURVE_WITH_KNOTS('',3,(#5372,#5373,#5374,#5375,#5376,#5377,
#5378),.UNSPECIFIED.,.F.,.F.,(4,3,4),(-0.102436939510907,-0.0926620307751718,
-0.0319128623311871),.UNSPECIFIED.);
#81=B_SPLINE_CURVE_WITH_KNOTS('',3,(#5380,#5381,#5382,#5383,#5384,#5385),
 .UNSPECIFIED.,.F.,.F.,(4,2,4),(-0.167578343661998,-0.0387121318027577,
-0.00868956809495386),.UNSPECIFIED.);
#82=B_SPLINE_CURVE_WITH_KNOTS('',3,(#5387,#5388,#5389,#5390,#5391,#5392,
#5393,#5394,#5395,#5396,#5397,#5398,#5399,#5400,#5401,#5402,#5403,#5404),
 .UNSPECIFIED.,.F.,.F.,(4,2,2,2,2,2,2,2,4),(-0.0289928162190675,-0.0244101143013295,
-0.0205296845068439,-0.0176118591094629,-0.0155240332845109,-0.0135059494516337,
-0.0111141982117275,-0.0073247380996542,0.),.UNSPECIFIED.);
#83=B_SPLINE_CURVE_WITH_KNOTS('',3,(#5406,#5407,#5408,#5409,#5410,#5411),
 .UNSPECIFIED.,.F.,.F.,(4,2,4),(-0.198205544537537,-0.0325000851206361,
-0.0319153310542687),.UNSPECIFIED.);
#84=B_SPLINE_CURVE_WITH_KNOTS('',3,(#5415,#5416,#5417,#5418,#5419,#5420),
 .UNSPECIFIED.,.F.,.F.,(4,2,4),(-0.167572058361962,-0.0302078211718146,
0.),.UNSPECIFIED.);
#85=B_SPLINE_CURVE_WITH_KNOTS('',3,(#5422,#5423,#5424,#5425,#5426,#5427,
#5428,#5429,#5430,#5431,#5432,#5433,#5434,#5435,#5436,#5437,#5438,#5439),
 .UNSPECIFIED.,.F.,.F.,(4,2,2,2,2,2,2,2,4),(-0.0289928170722187,-0.024410117874916,
-0.020529694405849,-0.0176118645842891,-0.0155240374667341,-0.0135059543424145,
-0.0111142047238969,-0.00732474695832862,0.),.UNSPECIFIED.);
#86=B_SPLINE_CURVE_WITH_KNOTS('',3,(#5441,#5442,#5443,#5444,#5445,#5446),
 .UNSPECIFIED.,.F.,.F.,(4,2,4),(-0.198205364530768,-0.0324316453252651,
-0.0319152373140657),.UNSPECIFIED.);
#87=B_SPLINE_CURVE_WITH_KNOTS('',3,(#5450,#5451,#5452,#5453,#5454,#5455),
 .UNSPECIFIED.,.F.,.F.,(4,2,4),(-0.167572058357384,-0.0302078211715122,
0.),.UNSPECIFIED.);
#88=B_SPLINE_CURVE_WITH_KNOTS('',3,(#5457,#5458,#5459,#5460,#5461,#5462,
#5463,#5464,#5465,#5466,#5467,#5468,#5469,#5470,#5471,#5472,#5473,#5474),
 .UNSPECIFIED.,.F.,.F.,(4,2,2,2,2,2,2,2,4),(-0.0289928170722655,-0.0244101178749585,
-0.0205296944058734,-0.0176118645843085,-0.0155240374667469,-0.0135059543424196,
-0.0111142047238913,-0.00732474695831936,0.),.UNSPECIFIED.);
#89=B_SPLINE_CURVE_WITH_KNOTS('',3,(#5476,#5477,#5478,#5479,#5480,#5481),
 .UNSPECIFIED.,.F.,.F.,(4,2,4),(-0.198205364517046,-0.0324316453236256,
-0.0319152373124683),.UNSPECIFIED.);
#90=B_SPLINE_CURVE_WITH_KNOTS('',3,(#5485,#5486,#5487,#5488,#5489,#5490),
 .UNSPECIFIED.,.F.,.F.,(4,2,4),(-0.167572058357441,-0.0302078211715135,
0.),.UNSPECIFIED.);
#91=B_SPLINE_CURVE_WITH_KNOTS('',3,(#5492,#5493,#5494,#5495,#5496,#5497,
#5498,#5499,#5500,#5501,#5502,#5503,#5504,#5505,#5506,#5507,#5508,#5509),
 .UNSPECIFIED.,.F.,.F.,(4,2,2,2,2,2,2,2,4),(-0.0289928170720899,-0.0244101178748197,
-0.0205296944057665,-0.0176118645842138,-0.0155240374666641,-0.013505954342351,
-0.0111142047238375,-0.0073247469582823,0.),.UNSPECIFIED.);
#92=B_SPLINE_CURVE_WITH_KNOTS('',3,(#5511,#5512,#5513,#5514,#5515,#5516),
 .UNSPECIFIED.,.F.,.F.,(4,2,4),(-0.198205364531312,-0.0324316453253294,
-0.0319152373141267),.UNSPECIFIED.);
#93=B_SPLINE_CURVE_WITH_KNOTS('',3,(#5520,#5521,#5522,#5523,#5524,#5525),
 .UNSPECIFIED.,.F.,.F.,(4,2,4),(-0.167572058357849,-0.0302078211715427,
0.),.UNSPECIFIED.);
#94=B_SPLINE_CURVE_WITH_KNOTS('',3,(#5527,#5528,#5529,#5530,#5531,#5532,
#5533,#5534,#5535,#5536,#5537,#5538,#5539,#5540,#5541,#5542,#5543,#5544),
 .UNSPECIFIED.,.F.,.F.,(4,2,2,2,2,2,2,2,4),(-0.0289928170721807,-0.0244101178749033,
-0.0205296944058401,-0.0176118645842894,-0.0155240374667299,-0.0135059543424036,
-0.0111142047238859,-0.00732474695831892,0.),.UNSPECIFIED.);
#95=B_SPLINE_CURVE_WITH_KNOTS('',3,(#5546,#5547,#5548,#5549,#5550,#5551),
 .UNSPECIFIED.,.F.,.F.,(4,2,4),(-0.198205364521233,-0.0324316453241183,
-0.0319152373129527),.UNSPECIFIED.);
#96=B_SPLINE_CURVE_WITH_KNOTS('',3,(#5555,#5556,#5557,#5558,#5559,#5560),
 .UNSPECIFIED.,.F.,.F.,(4,2,4),(-0.167572058357823,-0.0302078211715437,
0.),.UNSPECIFIED.);
#97=B_SPLINE_CURVE_WITH_KNOTS('',3,(#5562,#5563,#5564,#5565,#5566,#5567,
#5568,#5569,#5570,#5571,#5572,#5573,#5574,#5575,#5576,#5577,#5578,#5579),
 .UNSPECIFIED.,.F.,.F.,(4,2,2,2,2,2,2,2,4),(-0.0289928170720585,-0.0244101178747856,
-0.0205296944056944,-0.0176118645841225,-0.0155240374666117,-0.0135059543423431,
-0.0111142047238615,-0.00732474695832068,0.),.UNSPECIFIED.);
#98=B_SPLINE_CURVE_WITH_KNOTS('',3,(#5581,#5582,#5583,#5584,#5585,#5586),
 .UNSPECIFIED.,.F.,.F.,(4,2,4),(-0.198205364512336,-0.032431645323083,-0.0319152373119409),
 .UNSPECIFIED.);
#99=B_SPLINE_CURVE_WITH_KNOTS('',3,(#5590,#5591,#5592,#5593,#5594,#5595),
 .UNSPECIFIED.,.F.,.F.,(4,2,4),(-0.167572058357414,-0.0302078211715165,
0.),.UNSPECIFIED.);
#100=B_SPLINE_CURVE_WITH_KNOTS('',3,(#5597,#5598,#5599,#5600,#5601,#5602,
#5603,#5604,#5605,#5606,#5607,#5608,#5609,#5610,#5611,#5612,#5613,#5614,
#5615,#5616,#5617,#5618,#5619,#5620,#5621,#5622,#5623,#5624,#5625,#5626,
#5627,#5628,#5629,#5630,#5631,#5632,#5633,#5634,#5635,#5636,#5637,#5638,
#5639,#5640,#5641,#5642,#5643,#5644,#5645,#5646,#5647,#5648),
 .UNSPECIFIED.,.F.,.F.,(4,3,3,3,3,3,3,3,3,3,3,3,3,3,3,3,3,4),(-0.0289170302974192,
-0.0259208389634433,-0.023875421679997,-0.0215014903540885,-0.0197086178731624,
-0.017778399259145,-0.0170794830087265,-0.0150767431822964,-0.0145143709294971,
-0.0130615280679115,-0.0112006108693179,-0.0104862941925949,-0.00948113405487378,
-0.00728289825684821,-0.00620264412117908,-0.00331843214535928,-0.000205400041262733,
0.),.UNSPECIFIED.);
#101=B_SPLINE_CURVE_WITH_KNOTS('',3,(#5650,#5651,#5652,#5653,#5654,#5655),
 .UNSPECIFIED.,.F.,.F.,(4,2,4),(-0.198205364531252,-0.0324316453253232,
-0.0319152373141203),.UNSPECIFIED.);
#102=B_SPLINE_CURVE_WITH_KNOTS('',3,(#5659,#5660,#5661,#5662,#5663,#5664),
 .UNSPECIFIED.,.F.,.F.,(4,2,4),(-0.167572058357831,-0.0302078211715452,
0.),.UNSPECIFIED.);
#103=B_SPLINE_CURVE_WITH_KNOTS('',3,(#5666,#5667,#5668,#5669,#5670,#5671,
#5672,#5673,#5674,#5675,#5676,#5677,#5678,#5679,#5680,#5681,#5682,#5683),
 .UNSPECIFIED.,.F.,.F.,(4,2,2,2,2,2,2,2,4),(-0.0289928170723214,-0.0244101178750016,
-0.0205296944058871,-0.0176118645842989,-0.0155240374667309,-0.0135059543424,
-0.0111142047238786,-0.00732474695830833,0.),.UNSPECIFIED.);
#104=B_SPLINE_CURVE_WITH_KNOTS('',3,(#5685,#5686,#5687,#5688,#5689,#5690),
 .UNSPECIFIED.,.F.,.F.,(4,2,4),(-0.198205364501018,-0.0324316453217357,
-0.0319152373106227),.UNSPECIFIED.);
#105=B_SPLINE_CURVE_WITH_KNOTS('',3,(#5694,#5695,#5696,#5697,#5698,#5699),
 .UNSPECIFIED.,.F.,.F.,(4,2,4),(-0.167572058357425,-0.0302078211715184,
0.),.UNSPECIFIED.);
#106=B_SPLINE_CURVE_WITH_KNOTS('',3,(#5701,#5702,#5703,#5704,#5705,#5706,
#5707,#5708,#5709,#5710,#5711,#5712,#5713,#5714,#5715,#5716,#5717,#5718),
 .UNSPECIFIED.,.F.,.F.,(4,2,2,2,2,2,2,2,4),(-0.0289928170720718,-0.0244101178748468,
-0.0205296944058085,-0.0176118645842408,-0.0155240374666822,-0.0135059543423587,
-0.0111142047238381,-0.00732474695828918,0.),.UNSPECIFIED.);
#107=B_SPLINE_CURVE_WITH_KNOTS('',3,(#5720,#5721,#5722,#5723,#5724,#5725),
 .UNSPECIFIED.,.F.,.F.,(4,2,4),(-0.198205364530784,-0.0324316453252492,
-0.031915237314054),.UNSPECIFIED.);
#108=B_SPLINE_CURVE_WITH_KNOTS('',3,(#5728,#5729,#5730,#5731,#5732,#5733),
 .UNSPECIFIED.,.F.,.F.,(4,2,4),(-0.170527637111435,-0.0346597704512633,
0.),.UNSPECIFIED.);
#109=B_SPLINE_CURVE_WITH_KNOTS('',3,(#5737,#5738,#5739,#5740,#5741,#5742,
#5743,#5744,#5745,#5746,#5747,#5748,#5749),.UNSPECIFIED.,.F.,.F.,(4,3,3,
3,4),(-0.201600514184333,-0.143621154569401,-0.0941718750995742,-0.034613916247876,
0.),.UNSPECIFIED.);
#110=B_SPLINE_CURVE_WITH_KNOTS('',3,(#5753,#5754,#5755,#5756,#5757,#5758,
#5759,#5760,#5761,#5762,#5763,#5764,#5765),.UNSPECIFIED.,.F.,.F.,(4,3,3,
3,4),(-0.167617101923848,-0.109469179662696,-0.106235457093669,-0.0494883588594221,
0.),.UNSPECIFIED.);
#111=B_SPLINE_CURVE_WITH_KNOTS('',3,(#5767,#5768,#5769,#5770,#5771,#5772,
#5773,#5774,#5775,#5776,#5777,#5778,#5779,#5780,#5781,#5782,#5783,#5784,
#5785,#5786,#5787,#5788,#5789,#5790,#5791,#5792,#5793,#5794,#5795,#5796,
#5797,#5798,#5799,#5800,#5801,#5802,#5803,#5804,#5805,#5806,#5807,#5808,
#5809,#5810,#5811,#5812,#5813,#5814,#5815,#5816,#5817,#5818),
 .UNSPECIFIED.,.F.,.F.,(4,3,3,3,3,3,3,3,3,3,3,3,3,3,3,3,3,4),(-0.0289170302982248,
-0.0259208705285684,-0.0238754216894731,-0.0215014903544293,-0.0197086178883751,
-0.0177783865363509,-0.0170794830188931,-0.015076743191239,-0.0145143709295039,
-0.0130615280776367,-0.0112006199736748,-0.0104862942067485,-0.00948113405478981,
-0.00728292693359274,-0.00620264414627003,-0.00331847728121702,-0.000205504615927451,
0.),.UNSPECIFIED.);
#112=B_SPLINE_CURVE_WITH_KNOTS('',3,(#5820,#5821,#5822,#5823,#5824,#5825,
#5826,#5827,#5828,#5829),.UNSPECIFIED.,.F.,.F.,(4,3,3,4),(-0.198227996702644,
-0.141199812159577,-0.092688453326033,-0.0319131414501074),
 .UNSPECIFIED.);
#113=B_SPLINE_CURVE_WITH_KNOTS('',3,(#5833,#5834,#5835,#5836,#5837,#5838,
#5839,#5840,#5841,#5842),.UNSPECIFIED.,.F.,.F.,(4,3,3,4),(-0.167617101923852,
-0.10623545709367,-0.0487384756924497,0.),.UNSPECIFIED.);
#114=B_SPLINE_CURVE_WITH_KNOTS('',3,(#5844,#5845,#5846,#5847,#5848,#5849,
#5850,#5851,#5852,#5853,#5854,#5855,#5856,#5857,#5858,#5859,#5860,#5861,
#5862,#5863,#5864,#5865,#5866,#5867,#5868,#5869,#5870,#5871,#5872,#5873,
#5874,#5875,#5876,#5877,#5878,#5879,#5880,#5881,#5882,#5883,#5884,#5885,
#5886,#5887,#5888,#5889,#5890,#5891,#5892,#5893,#5894,#5895),
 .UNSPECIFIED.,.F.,.F.,(4,3,3,3,3,3,3,3,3,3,3,3,3,3,3,3,3,4),(-0.0289170302979756,
-0.0259208749962647,-0.023875421689289,-0.0215014903542773,-0.0197086178882426,
-0.0177783846364712,-0.0170794830188041,-0.0150767431911586,-0.0145143709294228,
-0.0130615280775532,-0.0112006213332691,-0.0104862942066628,-0.00948113405471228,
-0.00728293122489834,-0.00620264414622143,-0.00331848402367651,-0.000205520201331097,
0.),.UNSPECIFIED.);
#115=B_SPLINE_CURVE_WITH_KNOTS('',3,(#5897,#5898,#5899,#5900,#5901,#5902,
#5903,#5904,#5905,#5906),.UNSPECIFIED.,.F.,.F.,(4,3,3,4),(-0.198227996702901,
-0.14119973924757,-0.0926884533260301,-0.0319131414501101),
 .UNSPECIFIED.);
#116=B_SPLINE_CURVE_WITH_KNOTS('',3,(#5910,#5911,#5912,#5913,#5914,#5915,
#5916,#5917,#5918,#5919,#5920,#5921,#5922),.UNSPECIFIED.,.F.,.F.,(4,3,3,
3,4),(-0.167617101923881,-0.109415267346488,-0.106235457093679,-0.0494356494668453,
0.),.UNSPECIFIED.);
#117=B_SPLINE_CURVE_WITH_KNOTS('',3,(#5924,#5925,#5926,#5927,#5928,#5929,
#5930,#5931,#5932,#5933,#5934,#5935,#5936,#5937,#5938,#5939),
 .UNSPECIFIED.,.F.,.F.,(4,2,2,2,2,2,2,4),(-0.0288687822078398,-0.0210846618837362,
-0.0179555078499872,-0.0157951013473256,-0.0138032824409039,-0.0115101612588257,
-0.00800669580299394,0.),.UNSPECIFIED.);
#118=B_SPLINE_CURVE_WITH_KNOTS('',3,(#5941,#5942,#5943,#5944,#5945,#5946,
#5947,#5948,#5949,#5950),.UNSPECIFIED.,.F.,.F.,(4,3,3,4),(-0.198227996703192,
-0.141199664836705,-0.0926884533260511,-0.0319131414501141),
 .UNSPECIFIED.);
#119=B_SPLINE_CURVE_WITH_KNOTS('',3,(#5954,#5955,#5956,#5957,#5958,#5959,
#5960,#5961,#5962,#5963,#5964,#5965,#5966),.UNSPECIFIED.,.F.,.F.,(4,3,3,
3,4),(-0.167617101923775,-0.109469114195195,-0.106235457093664,-0.0494882250792385,
0.),.UNSPECIFIED.);
#120=B_SPLINE_CURVE_WITH_KNOTS('',3,(#5968,#5969,#5970,#5971,#5972,#5973,
#5974,#5975,#5976,#5977,#5978,#5979,#5980,#5981,#5982,#5983,#5984,#5985,
#5986,#5987,#5988,#5989,#5990,#5991,#5992,#5993,#5994,#5995,#5996,#5997,
#5998,#5999,#6000,#6001,#6002,#6003,#6004,#6005,#6006,#6007,#6008,#6009,
#6010,#6011,#6012,#6013,#6014,#6015,#6016,#6017,#6018,#6019),
 .UNSPECIFIED.,.F.,.F.,(4,3,3,3,3,3,3,3,3,3,3,3,3,3,3,3,3,4),(-0.028917030298036,
-0.0259208841762052,-0.0238754216893328,-0.0215014903543062,-0.0197086178882565,
-0.0177783807014316,-0.0170794830187951,-0.0150767431911461,-0.014514370929411,
-0.0130615280775463,-0.0112006241617872,-0.0104862942066658,-0.00948113405471394,
-0.00728294020098341,-0.00620264414622036,-0.00331849812191197,-0.000205552787970728,
0.),.UNSPECIFIED.);
#121=B_SPLINE_CURVE_WITH_KNOTS('',3,(#6021,#6022,#6023,#6024,#6025,#6026,
#6027,#6028,#6029,#6030),.UNSPECIFIED.,.F.,.F.,(4,3,3,4),(-0.198227996702215,
-0.141199588881279,-0.0926884533256737,-0.0319131414500532),
 .UNSPECIFIED.);
#122=B_SPLINE_CURVE_WITH_KNOTS('',3,(#6034,#6035,#6036,#6037,#6038,#6039,
#6040,#6041,#6042,#6043,#6044,#6045,#6046),.UNSPECIFIED.,.F.,.F.,(4,3,3,
3,4),(-0.167617101923904,-0.109415284587735,-0.106235457093673,-0.0494356146783995,
0.),.UNSPECIFIED.);
#123=B_SPLINE_CURVE_WITH_KNOTS('',3,(#6048,#6049,#6050,#6051,#6052,#6053,
#6054,#6055,#6056,#6057,#6058,#6059,#6060,#6061,#6062,#6063,#6064,#6065,
#6066,#6067,#6068,#6069,#6070,#6071,#6072,#6073,#6074,#6075,#6076,#6077,
#6078,#6079,#6080,#6081,#6082,#6083,#6084,#6085,#6086,#6087,#6088,#6089,
#6090,#6091,#6092,#6093,#6094,#6095,#6096,#6097,#6098,#6099),
 .UNSPECIFIED.,.F.,.F.,(4,3,3,3,3,3,3,3,3,3,3,3,3,3,3,3,3,4),(-0.028917030297879,
-0.025920888890562,-0.0238754216892445,-0.0215014903542497,-0.0197086178882215,
-0.0177783786630402,-0.0170794830187922,-0.0150767431911542,-0.0145143709294205,
-0.0130615280775534,-0.0112006256336704,-0.0104862942066606,-0.00948113405470913,
-0.00728294489788932,-0.00620264414621739,-0.00331850549652367,-0.000205569832589717,
0.),.UNSPECIFIED.);
#124=B_SPLINE_CURVE_WITH_KNOTS('',3,(#6101,#6102,#6103,#6104,#6105,#6106,
#6107,#6108,#6109,#6110),.UNSPECIFIED.,.F.,.F.,(4,3,3,4),(-0.198227996702222,
-0.14119951132627,-0.0926884533256711,-0.0319131414500536),
 .UNSPECIFIED.);
#125=B_SPLINE_CURVE_WITH_KNOTS('',3,(#6114,#6115,#6116,#6117,#6118,#6119,
#6120,#6121,#6122,#6123,#6124,#6125,#6126),.UNSPECIFIED.,.F.,.F.,(4,3,3,
3,4),(-0.167617101924276,-0.109469067830988,-0.106235457093811,-0.0494881309244709,
0.),.UNSPECIFIED.);
#126=B_SPLINE_CURVE_WITH_KNOTS('',3,(#6128,#6129,#6130,#6131,#6132,#6133,
#6134,#6135,#6136,#6137,#6138,#6139,#6140,#6141,#6142,#6143,#6144,#6145,
#6146,#6147,#6148,#6149,#6150,#6151,#6152,#6153,#6154,#6155,#6156,#6157,
#6158,#6159,#6160,#6161,#6162,#6163,#6164,#6165,#6166,#6167,#6168,#6169,
#6170,#6171,#6172,#6173,#6174,#6175,#6176,#6177,#6178,#6179),
 .UNSPECIFIED.,.F.,.F.,(4,3,3,3,3,3,3,3,3,3,3,3,3,3,3,3,3,4),(-0.0289170302978086,
-0.0259198651258249,-0.0238754216891629,-0.0215014903541636,-0.0197086178881351,
-0.0177782756378554,-0.0170794830187061,-0.0150767431910824,-0.0145143709293544,
-0.013061528077505,-0.0112006134426966,-0.0104862942066473,-0.00948113405469861,
-0.00728248596322031,-0.00620264414621368,-0.00331775288554429,-0.000203407753621892,
0.),.UNSPECIFIED.);
#127=B_SPLINE_CURVE_WITH_KNOTS('',3,(#6181,#6182,#6183,#6184,#6185,#6186,
#6187,#6188,#6189,#6190),.UNSPECIFIED.,.F.,.F.,(4,3,3,4),(-0.198227996701614,
-0.140545591813235,-0.0926884533254459,-0.0319131414500127),
 .UNSPECIFIED.);
#128=B_SPLINE_CURVE_WITH_KNOTS('',3,(#6194,#6195,#6196,#6197,#6198,#6199,
#6200,#6201,#6202,#6203,#6204,#6205,#6206),.UNSPECIFIED.,.F.,.F.,(4,3,3,
3,4),(-0.16761710192393,-0.109415303851582,-0.106235457093675,-0.0494355798826592,
0.),.UNSPECIFIED.);
#129=B_SPLINE_CURVE_WITH_KNOTS('',3,(#6208,#6209,#6210,#6211,#6212,#6213,
#6214,#6215,#6216,#6217,#6218,#6219,#6220,#6221,#6222,#6223,#6224,#6225,
#6226,#6227,#6228,#6229,#6230,#6231,#6232,#6233,#6234,#6235,#6236,#6237,
#6238,#6239,#6240,#6241,#6242,#6243,#6244,#6245,#6246,#6247,#6248,#6249,
#6250,#6251,#6252,#6253,#6254,#6255,#6256,#6257,#6258,#6259),
 .UNSPECIFIED.,.F.,.F.,(4,3,3,3,3,3,3,3,3,3,3,3,3,3,3,3,3,4),(-0.0289170302980204,
-0.0259208985746439,-0.023875421689324,-0.0215014903543003,-0.0197086178882514,
-0.0177783744362827,-0.0170794830187914,-0.0150767431911435,-0.0145143709294087,
-0.0130615280775417,-0.0112006287005571,-0.0104862942066554,-0.00948113405470639,
-0.00728295474291192,-0.00620264414621903,-0.00331852094815545,-0.000205605543092527,
0.),.UNSPECIFIED.);
#130=B_SPLINE_CURVE_WITH_KNOTS('',3,(#6261,#6262,#6263,#6264,#6265,#6266,
#6267,#6268,#6269,#6270),.UNSPECIFIED.,.F.,.F.,(4,3,3,4),(-0.198227996701646,
-0.140545611930748,-0.0926884533254988,-0.0319131414500233),
 .UNSPECIFIED.);
#131=B_SPLINE_CURVE_WITH_KNOTS('',3,(#6274,#6275,#6276,#6277,#6278,#6279,
#6280,#6281,#6282,#6283,#6284,#6285,#6286),.UNSPECIFIED.,.F.,.F.,(4,3,3,
3,4),(-0.167617101923934,-0.10946901907587,-0.106235457093676,-0.0494880324431452,
0.),.UNSPECIFIED.);
#132=B_SPLINE_CURVE_WITH_KNOTS('',3,(#6288,#6289,#6290,#6291,#6292,#6293,
#6294,#6295,#6296,#6297,#6298,#6299,#6300,#6301,#6302,#6303,#6304,#6305,
#6306,#6307,#6308,#6309,#6310,#6311,#6312,#6313,#6314,#6315,#6316,#6317,
#6318,#6319,#6320,#6321,#6322,#6323,#6324,#6325,#6326,#6327,#6328,#6329,
#6330,#6331,#6332,#6333,#6334,#6335,#6336,#6337,#6338,#6339),
 .UNSPECIFIED.,.F.,.F.,(4,3,3,3,3,3,3,3,3,3,3,3,3,3,3,3,3,4),(-0.0289170302978709,
-0.0259209035460921,-0.0238754216892265,-0.0215014903542244,-0.0197086178881917,
-0.0177783722443192,-0.0170794830187618,-0.0150767431911247,-0.0145143709293912,
-0.0130615280775309,-0.0112006302990463,-0.0104862942066587,-0.00948113405470975,
-0.0072829599057043,-0.00620264414622189,-0.00331852904787007,-0.000205624261122846,
0.),.UNSPECIFIED.);
#133=B_SPLINE_CURVE_WITH_KNOTS('',3,(#6341,#6342,#6343,#6344,#6345,#6346,
#6347,#6348,#6349,#6350),.UNSPECIFIED.,.F.,.F.,(4,3,3,4),(-0.1982279967024,
-0.141145291151096,-0.092688453325704,-0.031913141450057),.UNSPECIFIED.);
#134=B_SPLINE_CURVE_WITH_KNOTS('',3,(#6354,#6355,#6356,#6357,#6358,#6359,
#6360,#6361,#6362,#6363,#6364,#6365,#6366),.UNSPECIFIED.,.F.,.F.,(4,3,3,
3,4),(-0.16761749741083,-0.109394860360423,-0.106235204686791,-0.0494352943893735,
0.),.UNSPECIFIED.);
#135=B_SPLINE_CURVE_WITH_KNOTS('',3,(#6367,#6368,#6369,#6370,#6371,#6372,
#6373,#6374,#6375,#6376,#6377,#6378,#6379,#6380,#6381,#6382),
 .UNSPECIFIED.,.F.,.F.,(4,2,2,2,2,2,2,4),(-0.0288687850005598,-0.021084674245117,
-0.0179555162712538,-0.0157951081302389,-0.0138032895657191,-0.0115101705938071,
-0.00800671340160133,0.),.UNSPECIFIED.);
#136=B_SPLINE_CURVE_WITH_KNOTS('',3,(#6385,#6386,#6387,#6388,#6389,#6390,
#6391),.UNSPECIFIED.,.F.,.F.,(4,3,4),(-0.198228222640367,-0.140615092729681,
-0.10243645209263),.UNSPECIFIED.);
#137=B_SPLINE_CURVE_WITH_KNOTS('',3,(#6395,#6396,#6397,#6398,#6399,#6400,
#6401,#6402,#6403,#6404),.UNSPECIFIED.,.F.,.F.,(4,3,3,4),(-0.167617759984018,
-0.106235536988248,-0.0489536660430257,0.),.UNSPECIFIED.);
#138=B_SPLINE_CURVE_WITH_KNOTS('',3,(#6406,#6407,#6408,#6409,#6410,#6411,
#6412,#6413,#6414,#6415,#6416,#6417,#6418,#6419,#6420,#6421,#6422,#6423),
 .UNSPECIFIED.,.F.,.F.,(4,2,2,2,2,2,2,2,4),(-0.0289926550043198,-0.0244100037270413,
-0.0205296219440611,-0.017611828547577,-0.0155240272964893,-0.0135059686375003,
-0.0111142475131568,-0.00732483368087498,-1.69958331158737E-7),
 .UNSPECIFIED.);
#139=B_SPLINE_CURVE_WITH_KNOTS('',3,(#6425,#6426,#6427,#6428,#6429,#6430,
#6431,#6432,#6433,#6434),.UNSPECIFIED.,.F.,.F.,(4,3,3,4),(-0.198228125627108,
-0.140259107604951,-0.0926885022402082,-0.0319125810504929),
 .UNSPECIFIED.);
#140=B_SPLINE_CURVE_WITH_KNOTS('',3,(#6438,#6439,#6440,#6441,#6442,#6443,
#6444,#6445,#6446,#6447,#6448,#6449,#6450),.UNSPECIFIED.,.F.,.F.,(4,3,3,
3,4),(-0.167617759983968,-0.109387281270248,-0.106235536988233,-0.0494356583784137,
0.),.UNSPECIFIED.);
#141=B_SPLINE_CURVE_WITH_KNOTS('',3,(#6452,#6453,#6454,#6455,#6456,#6457,
#6458,#6459,#6460,#6461,#6462,#6463,#6464,#6465,#6466,#6467,#6468,#6469),
 .UNSPECIFIED.,.F.,.F.,(4,2,2,2,2,2,2,2,4),(-0.0289926550043494,-0.0244100037271017,
-0.0205296219441038,-0.0176118285475935,-0.0155240272964993,-0.0135059686375088,
-0.0111142475131615,-0.00732483368086076,-1.69958332438963E-7),
 .UNSPECIFIED.);
#142=B_SPLINE_CURVE_WITH_KNOTS('',3,(#6471,#6472,#6473,#6474,#6475,#6476,
#6477,#6478,#6479,#6480),.UNSPECIFIED.,.F.,.F.,(4,3,3,4),(-0.198228125625554,
-0.140545736774455,-0.0926885022396624,-0.0319125810504055),
 .UNSPECIFIED.);
#143=B_SPLINE_CURVE_WITH_KNOTS('',3,(#6484,#6485,#6486,#6487,#6488,#6489,
#6490,#6491,#6492,#6493,#6494,#6495,#6496),.UNSPECIFIED.,.F.,.F.,(4,3,3,
3,4),(-0.167617759983563,-0.109387270029105,-0.106235536988101,-0.0494356757574294,
0.),.UNSPECIFIED.);
#144=B_SPLINE_CURVE_WITH_KNOTS('',3,(#6498,#6499,#6500,#6501,#6502,#6503,
#6504,#6505,#6506,#6507,#6508,#6509,#6510,#6511,#6512,#6513,#6514,#6515),
 .UNSPECIFIED.,.F.,.F.,(4,2,2,2,2,2,2,2,4),(-0.0289926550042942,-0.0244100037269902,
-0.0205296219440411,-0.0176118285475538,-0.0155240272964531,-0.0135059686374602,
-0.0111142475131356,-0.00732483368083287,-1.69958331585479E-7),
 .UNSPECIFIED.);
#145=B_SPLINE_CURVE_WITH_KNOTS('',3,(#6517,#6518,#6519,#6520,#6521,#6522,
#6523,#6524,#6525,#6526),.UNSPECIFIED.,.F.,.F.,(4,3,3,4),(-0.198228125626292,
-0.140259210621225,-0.0926885022398845,-0.0319125810504424),
 .UNSPECIFIED.);
#146=B_SPLINE_CURVE_WITH_KNOTS('',3,(#6530,#6531,#6532,#6533,#6534,#6535,
#6536,#6537,#6538,#6539),.UNSPECIFIED.,.F.,.F.,(4,3,3,4),(-0.167617759983803,
-0.106235536988163,-0.048738331191568,0.),.UNSPECIFIED.);
#147=B_SPLINE_CURVE_WITH_KNOTS('',3,(#6541,#6542,#6543,#6544,#6545,#6546,
#6547,#6548,#6549,#6550,#6551,#6552,#6553,#6554,#6555,#6556,#6557,#6558),
 .UNSPECIFIED.,.F.,.F.,(4,2,2,2,2,2,2,2,4),(-0.0289926550043933,-0.0244100037271303,
-0.0205296219441049,-0.0176118285475852,-0.0155240272964829,-0.0135059686374938,
-0.0111142475131693,-0.0073248336808866,-1.69958330662606E-7),
 .UNSPECIFIED.);
#148=B_SPLINE_CURVE_WITH_KNOTS('',3,(#6560,#6561,#6562,#6563,#6564,#6565,
#6566,#6567,#6568,#6569),.UNSPECIFIED.,.F.,.F.,(4,3,3,4),(-0.198228125624297,
-0.140545697933991,-0.0926885022391169,-0.0319125810503178),
 .UNSPECIFIED.);
#149=B_SPLINE_CURVE_WITH_KNOTS('',3,(#6573,#6574,#6575,#6576,#6577,#6578,
#6579,#6580,#6581,#6582),.UNSPECIFIED.,.F.,.F.,(4,3,3,4),(-0.167617759984167,
-0.106235536988309,-0.0487384020606778,0.),.UNSPECIFIED.);
#150=B_SPLINE_CURVE_WITH_KNOTS('',3,(#6584,#6585,#6586,#6587,#6588,#6589,
#6590,#6591,#6592,#6593,#6594,#6595,#6596,#6597,#6598,#6599,#6600,#6601),
 .UNSPECIFIED.,.F.,.F.,(4,2,2,2,2,2,2,2,4),(-0.0289926550043226,-0.0244100037270832,
-0.0205296219440893,-0.0176118285476027,-0.0155240272965024,-0.013505968637506,
-0.0111142475131648,-0.00732483368086272,-1.69958332438963E-7),
 .UNSPECIFIED.);
#151=B_SPLINE_CURVE_WITH_KNOTS('',3,(#6603,#6604,#6605,#6606,#6607,#6608,
#6609,#6610,#6611,#6612),.UNSPECIFIED.,.F.,.F.,(4,3,3,4),(-0.198228125625267,
-0.14025931811956,-0.0926885022394893,-0.0319125810503771),
 .UNSPECIFIED.);
#152=B_SPLINE_CURVE_WITH_KNOTS('',3,(#6616,#6617,#6618,#6619,#6620,#6621,
#6622,#6623,#6624,#6625),.UNSPECIFIED.,.F.,.F.,(4,3,3,4),(-0.167617759983818,
-0.106235536988172,-0.0487384734976646,0.),.UNSPECIFIED.);
#153=B_SPLINE_CURVE_WITH_KNOTS('',3,(#6627,#6628,#6629,#6630,#6631,#6632,
#6633,#6634,#6635,#6636,#6637,#6638,#6639,#6640,#6641,#6642,#6643,#6644),
 .UNSPECIFIED.,.F.,.F.,(4,2,2,2,2,2,2,2,4),(-0.0289926550043338,-0.0244100037270899,
-0.0205296219441081,-0.0176118285476138,-0.0155240272965099,-0.0135059686375083,
-0.011114247513159,-0.00732483368084179,-1.69958331585479E-7),
 .UNSPECIFIED.);
#154=B_SPLINE_CURVE_WITH_KNOTS('',3,(#6646,#6647,#6648,#6649,#6650,#6651,
#6652,#6653,#6654,#6655),.UNSPECIFIED.,.F.,.F.,(4,3,3,4),(-0.198228125625405,
-0.140545663591642,-0.0926885022394405,-0.0319125810503687),
 .UNSPECIFIED.);
#155=B_SPLINE_CURVE_WITH_KNOTS('',3,(#6659,#6660,#6661,#6662,#6663,#6664,
#6665,#6666,#6667,#6668),.UNSPECIFIED.,.F.,.F.,(4,3,3,4),(-0.167617759984171,
-0.106235536988311,-0.0487385454882745,0.),.UNSPECIFIED.);
#156=B_SPLINE_CURVE_WITH_KNOTS('',3,(#6670,#6671,#6672,#6673,#6674,#6675,
#6676,#6677,#6678,#6679,#6680,#6681,#6682,#6683,#6684,#6685,#6686,#6687),
 .UNSPECIFIED.,.F.,.F.,(4,2,2,2,2,2,2,2,4),(-0.0289926550042396,-0.0244100037270244,
-0.0205296219440622,-0.017611828547568,-0.015524027296482,-0.013505968637496,
-0.0111142475131564,-0.00732483368087525,-1.69958332438963E-7),
 .UNSPECIFIED.);
#157=B_SPLINE_CURVE_WITH_KNOTS('',3,(#6689,#6690,#6691,#6692,#6693,#6694,
#6695,#6696,#6697,#6698),.UNSPECIFIED.,.F.,.F.,(4,3,3,4),(-0.198228125625149,
-0.141199876253749,-0.0926885022394396,-0.0319125810503684),
 .UNSPECIFIED.);
#158=B_SPLINE_CURVE_WITH_KNOTS('',3,(#6702,#6703,#6704,#6705,#6706,#6707,
#6708,#6709,#6710,#6711),.UNSPECIFIED.,.F.,.F.,(4,3,3,4),(-0.167617759983805,
-0.106235536988175,-0.0487386179455137,0.),.UNSPECIFIED.);
#159=B_SPLINE_CURVE_WITH_KNOTS('',3,(#6713,#6714,#6715,#6716,#6717,#6718,
#6719,#6720,#6721,#6722,#6723,#6724,#6725,#6726,#6727,#6728,#6729,#6730),
 .UNSPECIFIED.,.F.,.F.,(4,2,2,2,2,2,2,2,4),(-0.0289926550043839,-0.0244100037270571,
-0.0205296219440724,-0.0176118285475608,-0.0155240272964585,-0.0135059686374632,
-0.0111142475131249,-0.00732483368082316,-1.69958331585479E-7),
 .UNSPECIFIED.);
#160=B_SPLINE_CURVE_WITH_KNOTS('',3,(#6732,#6733,#6734,#6735,#6736,#6737,
#6738,#6739,#6740,#6741),.UNSPECIFIED.,.F.,.F.,(4,3,3,4),(-0.198228125626636,
-0.140259486525761,-0.0926885022399062,-0.0319125810504515),
 .UNSPECIFIED.);
#161=B_SPLINE_CURVE_WITH_KNOTS('',3,(#6745,#6746,#6747,#6748,#6749,#6750,
#6751,#6752,#6753,#6754,#6755,#6756,#6757),.UNSPECIFIED.,.F.,.F.,(4,3,3,
3,4),(-0.203195083760868,-0.144202309531052,-0.108101084695202,-0.0506138067969145,
0.),.UNSPECIFIED.);
#162=B_SPLINE_CURVE_WITH_KNOTS('',3,(#6760,#6761,#6762,#6763,#6764,#6765,
#6766,#6767,#6768,#6769,#6770,#6771,#6772),.UNSPECIFIED.,.F.,.F.,(4,3,3,
3,4),(-0.192028676988432,-0.134715200284229,-0.0939172201985381,-0.0349183139676738,
0.),.UNSPECIFIED.);
#163=B_SPLINE_CURVE_WITH_KNOTS('',3,(#6777,#6778,#6779,#6780,#6781,#6782,
#6783,#6784,#6785,#6786,#6787,#6788,#6789),.UNSPECIFIED.,.F.,.F.,(4,3,3,
3,4),(-0.167617727424741,-0.109388846586192,-0.10623553698954,-0.0494359006794114,
0.),.UNSPECIFIED.);
#164=B_SPLINE_CURVE_WITH_KNOTS('',3,(#6791,#6792,#6793,#6794,#6795,#6796,
#6797,#6798,#6799,#6800,#6801,#6802,#6803,#6804,#6805,#6806,#6807,#6808),
 .UNSPECIFIED.,.F.,.F.,(4,2,2,2,2,2,2,2,4),(-0.0289926877071015,-0.0244100261143994,
-0.0205296355971193,-0.0176118356322253,-0.0155240296813362,-0.0135059664797048,
-0.0111142399716443,-0.00732481760897511,-1.37394869884067E-7),
 .UNSPECIFIED.);
#165=B_SPLINE_CURVE_WITH_KNOTS('',3,(#6810,#6811,#6812,#6813,#6814,#6815,
#6816,#6817,#6818,#6819),.UNSPECIFIED.,.F.,.F.,(4,3,3,4),(-0.19822812562316,
-0.141200476803253,-0.0926885022384086,-0.0319126134555312),
 .UNSPECIFIED.);
#166=B_SPLINE_CURVE_WITH_KNOTS('',3,(#6823,#6824,#6825,#6826,#6827,#6828,
#6829,#6830,#6831,#6832),.UNSPECIFIED.,.F.,.F.,(4,3,3,4),(-0.167617727424748,
-0.106235536989541,-0.0489536039826346,0.),.UNSPECIFIED.);
#167=B_SPLINE_CURVE_WITH_KNOTS('',3,(#6834,#6835,#6836,#6837,#6838,#6839,
#6840,#6841,#6842,#6843,#6844,#6845,#6846,#6847,#6848,#6849,#6850,#6851),
 .UNSPECIFIED.,.F.,.F.,(4,2,2,2,2,2,2,2,4),(-0.0289926877071802,-0.0244100261144561,
-0.0205296355971584,-0.0176118356322519,-0.0155240296813473,-0.0135059664797027,
-0.0111142399716369,-0.00732481760898012,-1.37394869457325E-7),
 .UNSPECIFIED.);
#168=B_SPLINE_CURVE_WITH_KNOTS('',3,(#6853,#6854,#6855,#6856,#6857,#6858,
#6859,#6860,#6861,#6862),.UNSPECIFIED.,.F.,.F.,(4,3,3,4),(-0.198228125623194,
-0.140545564868614,-0.0926885022384286,-0.0319126134555327),
 .UNSPECIFIED.);
#169=B_SPLINE_CURVE_WITH_KNOTS('',3,(#6866,#6867,#6868,#6869,#6870,#6871,
#6872,#6873,#6874,#6875,#6876,#6877,#6878),.UNSPECIFIED.,.F.,.F.,(4,3,3,
3,4),(-0.167617727424815,-0.10944307484343,-0.106235536989538,-0.0494886843646678,
0.),.UNSPECIFIED.);
#170=B_SPLINE_CURVE_WITH_KNOTS('',3,(#6880,#6881,#6882,#6883,#6884,#6885,
#6886,#6887,#6888,#6889,#6890,#6891,#6892,#6893,#6894,#6895,#6896,#6897),
 .UNSPECIFIED.,.F.,.F.,(4,2,2,2,2,2,2,2,4),(-0.0289926877072125,-0.0244100261144856,
-0.0205296355971869,-0.0176118356322858,-0.0155240296813791,-0.0135059664797294,
-0.011114239971664,-0.00732481760898503,-1.37394869457325E-7),
 .UNSPECIFIED.);
#171=B_SPLINE_CURVE_WITH_KNOTS('',3,(#6899,#6900,#6901,#6902,#6903,#6904,
#6905,#6906,#6907,#6908),.UNSPECIFIED.,.F.,.F.,(4,3,3,4),(-0.198228125622856,
-0.14054557165091,-0.0926885022384027,-0.0319126134555274),
 .UNSPECIFIED.);
#172=B_SPLINE_CURVE_WITH_KNOTS('',3,(#6912,#6913,#6914,#6915,#6916,#6917,
#6918,#6919,#6920,#6921,#6922,#6923,#6924),.UNSPECIFIED.,.F.,.F.,(4,3,3,
3,4),(-0.167617727423895,-0.109443057168157,-0.106235536989241,-0.0494886457803023,
0.),.UNSPECIFIED.);
#173=B_SPLINE_CURVE_WITH_KNOTS('',3,(#6926,#6927,#6928,#6929,#6930,#6931,
#6932,#6933,#6934,#6935,#6936,#6937,#6938,#6939,#6940,#6941,#6942,#6943),
 .UNSPECIFIED.,.F.,.F.,(4,2,2,2,2,2,2,2,4),(-0.0289926877070935,-0.0244100261143734,
-0.0205296355970841,-0.0176118356321861,-0.015524029681287,-0.0135059664796508,
-0.0111142399716045,-0.00732481760894649,-1.37394869457325E-7),
 .UNSPECIFIED.);
#174=B_SPLINE_CURVE_WITH_KNOTS('',3,(#6945,#6946,#6947,#6948,#6949,#6950,
#6951,#6952,#6953,#6954),.UNSPECIFIED.,.F.,.F.,(4,3,3,4),(-0.198228125623976,
-0.141200286040012,-0.0926885022388249,-0.0319126134556029),
 .UNSPECIFIED.);
#175=B_SPLINE_CURVE_WITH_KNOTS('',3,(#6958,#6959,#6960,#6961,#6962,#6963,
#6964,#6965,#6966,#6967,#6968,#6969,#6970),.UNSPECIFIED.,.F.,.F.,(4,3,3,
3,4),(-0.167617727423967,-0.109388871854623,-0.106235536989246,-0.0494358337761111,
0.),.UNSPECIFIED.);
#176=B_SPLINE_CURVE_WITH_KNOTS('',3,(#6972,#6973,#6974,#6975,#6976,#6977,
#6978,#6979,#6980,#6981,#6982,#6983,#6984,#6985,#6986,#6987,#6988,#6989),
 .UNSPECIFIED.,.F.,.F.,(4,2,2,2,2,2,2,2,4),(-0.0289926877072673,-0.0244100261145314,
-0.0205296355972177,-0.0176118356322975,-0.0155240296813899,-0.0135059664797449,
-0.0111142399716803,-0.00732481760899333,-1.37394870380197E-7),
 .UNSPECIFIED.);
#177=B_SPLINE_CURVE_WITH_KNOTS('',3,(#6991,#6992,#6993,#6994,#6995,#6996,
#6997,#6998,#6999,#7000),.UNSPECIFIED.,.F.,.F.,(4,3,3,4),(-0.198228125623735,
-0.14120022001264,-0.0926885022387295,-0.0319126134555788),
 .UNSPECIFIED.);
#178=B_SPLINE_CURVE_WITH_KNOTS('',3,(#7004,#7005,#7006,#7007,#7008,#7009,
#7010,#7011,#7012,#7013),.UNSPECIFIED.,.F.,.F.,(4,3,3,4),(-0.167617727424336,
-0.106235536989388,-0.0489535969766912,0.),.UNSPECIFIED.);
#179=B_SPLINE_CURVE_WITH_KNOTS('',3,(#7015,#7016,#7017,#7018,#7019,#7020,
#7021,#7022,#7023,#7024,#7025,#7026,#7027,#7028,#7029,#7030,#7031,#7032),
 .UNSPECIFIED.,.F.,.F.,(4,2,2,2,2,2,2,2,4),(-0.0289926877070767,-0.0244100261144159,
-0.0205296355971718,-0.0176118356322741,-0.0155240296813768,-0.0135059664797421,
-0.0111142399716875,-0.00732481760899715,-1.37394869457325E-7),
 .UNSPECIFIED.);
#180=B_SPLINE_CURVE_WITH_KNOTS('',3,(#7034,#7035,#7036,#7037,#7038,#7039,
#7040,#7041,#7042,#7043),.UNSPECIFIED.,.F.,.F.,(4,3,3,4),(-0.198228125623769,
-0.141200152705003,-0.0926885022387489,-0.0319126134555811),
 .UNSPECIFIED.);
#181=B_SPLINE_CURVE_WITH_KNOTS('',3,(#7047,#7048,#7049,#7050,#7051,#7052,
#7053,#7054,#7055,#7056,#7057,#7058,#7059),.UNSPECIFIED.,.F.,.F.,(4,3,3,
3,4),(-0.167617727424549,-0.109443001607673,-0.106235536989467,-0.0494885253358677,
0.),.UNSPECIFIED.);
#182=B_SPLINE_CURVE_WITH_KNOTS('',3,(#7061,#7062,#7063,#7064,#7065,#7066,
#7067,#7068,#7069,#7070,#7071,#7072,#7073,#7074,#7075,#7076,#7077,#7078),
 .UNSPECIFIED.,.F.,.F.,(4,2,2,2,2,2,2,2,4),(-0.0289926877072181,-0.0244100261145087,
-0.0205296355972267,-0.0176118356323031,-0.0155240296813934,-0.0135059664797489,
-0.0111142399716919,-0.00732481760899891,-1.37394869884067E-7),
 .UNSPECIFIED.);
#183=B_SPLINE_CURVE_WITH_KNOTS('',3,(#7080,#7081,#7082,#7083,#7084,#7085,
#7086,#7087,#7088,#7089),.UNSPECIFIED.,.F.,.F.,(4,3,3,4),(-0.198228125623488,
-0.141200084075665,-0.092688502238641,-0.0319126134555684),
 .UNSPECIFIED.);
#184=B_SPLINE_CURVE_WITH_KNOTS('',3,(#7093,#7094,#7095,#7096,#7097,#7098,
#7099,#7100,#7101,#7102,#7103,#7104,#7105),.UNSPECIFIED.,.F.,.F.,(4,3,3,
3,4),(-0.167617727424217,-0.109442982220857,-0.106235536989335,-0.0494884835046675,
0.),.UNSPECIFIED.);
#185=B_SPLINE_CURVE_WITH_KNOTS('',3,(#7107,#7108,#7109,#7110,#7111,#7112,
#7113,#7114,#7115,#7116,#7117,#7118,#7119,#7120,#7121,#7122,#7123,#7124),
 .UNSPECIFIED.,.F.,.F.,(4,2,2,2,2,2,2,2,4),(-0.0289926877071766,-0.0244100261144605,
-0.0205296355971693,-0.0176118356322674,-0.0155240296813661,-0.0135059664797265,
-0.0111142399716755,-0.00732481760899022,-1.37394869884067E-7),
 .UNSPECIFIED.);
#186=B_SPLINE_CURVE_WITH_KNOTS('',3,(#7126,#7127,#7128,#7129,#7130,#7131,
#7132,#7133,#7134,#7135),.UNSPECIFIED.,.F.,.F.,(4,3,3,4),(-0.198228125623651,
-0.141200014084658,-0.0926885022386995,-0.031912613455572),
 .UNSPECIFIED.);
#187=B_SPLINE_CURVE_WITH_KNOTS('',3,(#7139,#7140,#7141,#7142,#7143,#7144,
#7145,#7146,#7147,#7148,#7149,#7150,#7151),.UNSPECIFIED.,.F.,.F.,(4,3,3,
3,4),(-0.167617617783748,-0.109394566242024,-0.106235284581731,-0.0494355142625261,
0.),.UNSPECIFIED.);
#188=B_SPLINE_CURVE_WITH_KNOTS('',3,(#7153,#7154,#7155,#7156,#7157,#7158,
#7159,#7160,#7161,#7162,#7163,#7164,#7165,#7166,#7167,#7168,#7169,#7170),
 .UNSPECIFIED.,.F.,.F.,(4,2,2,2,2,2,2,2,4),(-0.0289928246879527,-0.0244101168680449,
-0.0205296831838113,-0.0176118599452453,-0.015524035467057,-0.0135059523980808,
-0.0111142015621131,-0.00732474087855101,0.),.UNSPECIFIED.);
#189=B_SPLINE_CURVE_WITH_KNOTS('',3,(#7172,#7173,#7174,#7175,#7176,#7177,
#7178,#7179,#7180,#7181),.UNSPECIFIED.,.F.,.F.,(4,3,3,4),(-0.198228281650197,
-0.141142932752851,-0.0926620796357886,-0.031912871274691),
 .UNSPECIFIED.);
#190=B_SPLINE_CURVE_WITH_KNOTS('',3,(#7184,#7185,#7186,#7187,#7188,#7189,
#7190),.UNSPECIFIED.,.F.,.F.,(4,3,4),(-0.0570256127536135,-0.036311750270354,
0.),.UNSPECIFIED.);
#191=B_SPLINE_CURVE_WITH_KNOTS('',3,(#7241,#7242,#7243,#7244,#7245,#7246,
#7247),.UNSPECIFIED.,.F.,.F.,(4,1,1,1,4),(-3.1301961814476,-2.32008462093037,
-1.50997306041314,-0.699861499895906,-0.295117625161685),.UNSPECIFIED.);
#192=B_SPLINE_CURVE_WITH_KNOTS('',3,(#7248,#7249,#7250,#7251,#7252,#7253,
#7254),.UNSPECIFIED.,.F.,.F.,(4,1,1,1,4),(0.294805748587866,0.699861499895906,
1.50997306041314,2.32008462093037,3.12988432682916),.UNSPECIFIED.);
#193=B_SPLINE_CURVE_WITH_KNOTS('',3,(#7297,#7298,#7299,#7300,#7301,#7302),
 .UNSPECIFIED.,.F.,.F.,(4,1,1,4),(4.44496079249494,4.98692246534574,5.52888416050289,
6.34182670323863),.UNSPECIFIED.);
#194=B_SPLINE_CURVE_WITH_KNOTS('',3,(#7303,#7304,#7305,#7306,#7307),
 .UNSPECIFIED.,.F.,.F.,(4,1,4),(-5.38347426928466,-4.98692246534574,-4.44527266928029),
 .UNSPECIFIED.);
#195=B_SPLINE_CURVE_WITH_KNOTS('',3,(#7340,#7341,#7342,#7343,#7344,#7345,
#7346,#7347,#7348,#7349,#7350,#7351,#7352,#7353,#7354,#7355),
 .UNSPECIFIED.,.F.,.F.,(4,3,3,3,3,4),(0.239416625749916,1.09204733044908,
1.94467803514824,2.37099338749783,2.79730873984741,3.12622418841019),
 .UNSPECIFIED.);
#196=B_SPLINE_CURVE_WITH_KNOTS('',3,(#7405,#7406,#7407,#7408,#7409,#7410,
#7411,#7412,#7413,#7414,#7415,#7416,#7417),.UNSPECIFIED.,.F.,.F.,(4,3,3,
3,4),(0.283225907578423,1.1381405286732,1.99305514976795,2.84796977086271,
3.27542708141009),.UNSPECIFIED.);
#197=B_SPLINE_CURVE_WITH_KNOTS('',3,(#7418,#7419,#7420,#7421,#7422,#7423,
#7424),.UNSPECIFIED.,.F.,.F.,(4,1,1,1,4),(-3.13018495886269,-2.32007705246502,
-1.91502309926619,-1.10491519286853,-0.295119175701132),.UNSPECIFIED.);
#198=B_SPLINE_CURVE_WITH_KNOTS('',3,(#7453,#7454,#7455,#7456,#7457,#7458,
#7459),.UNSPECIFIED.,.F.,.F.,(4,1,1,1,4),(-7.28033884128511,-6.47023070990168,
-5.66012254536941,-4.85001438083714,-4.44527212148084),.UNSPECIFIED.);
#199=B_SPLINE_CURVE_WITH_KNOTS('',3,(#7460,#7461,#7462,#7463,#7464,#7465,
#7466,#7467,#7468,#7469,#7470,#7471,#7472),.UNSPECIFIED.,.F.,.F.,(4,3,3,
3,4),(4.24412810824423,5.09879919712173,5.95347028600126,6.80814137488078,
7.23547691188365),.UNSPECIFIED.);
#200=B_SPLINE_CURVE_WITH_KNOTS('',3,(#7474,#7475,#7476,#7477,#7478,#7479,
#7480,#7481,#7482,#7483,#7484,#7485,#7486,#7487,#7488,#7489),
 .UNSPECIFIED.,.F.,.F.,(4,3,3,3,3,4),(4.23564041274084,4.66298021166096,
5.09032001058322,5.51765980950548,6.37233940735,7.22701899911738),
 .UNSPECIFIED.);
#201=B_SPLINE_CURVE_WITH_KNOTS('',3,(#7491,#7492,#7493,#7494,#7495,#7496,
#7497,#7498,#7499,#7500,#7501,#7502,#7503,#7504,#7505,#7506),
 .UNSPECIFIED.,.F.,.F.,(4,3,3,3,3,4),(0.274736113862632,0.702193916069476,
1.12965171827632,1.55710952048316,2.41202512489686,3.26694072931055),
 .UNSPECIFIED.);
#202=B_SPLINE_CURVE_WITH_KNOTS('',3,(#7539,#7540,#7541,#7542,#7543,#7544,
#7545),.UNSPECIFIED.,.F.,.F.,(4,1,1,1,4),(0.294807313267976,1.10491519286852,
1.50996914606735,2.32007705246502,3.12987309495725),.UNSPECIFIED.);
#203=B_SPLINE_CURVE_WITH_KNOTS('',3,(#7578,#7579,#7580,#7581,#7582,#7583,
#7584),.UNSPECIFIED.,.F.,.F.,(4,1,1,1,4),(4.44496029857101,4.85001438083714,
5.66012254536941,6.47023070990168,7.28002697321486),.UNSPECIFIED.);
#204=B_SPLINE_CURVE_WITH_KNOTS('',3,(#7634,#7635,#7636,#7637,#7638,#7639,
#7640),.UNSPECIFIED.,.F.,.F.,(4,1,1,1,4),(0.294807313267991,1.10491519286853,
1.91502309926619,2.32007705246502,3.12987309455844),.UNSPECIFIED.);
#205=B_SPLINE_CURVE_WITH_KNOTS('',3,(#7690,#7691,#7692,#7693,#7694,#7695,
#7696),.UNSPECIFIED.,.F.,.F.,(4,1,1,1,4),(4.44496029857101,4.85001438083714,
5.66012254536941,6.47023070990168,7.28002697321485),.UNSPECIFIED.);
#206=B_SPLINE_CURVE_WITH_KNOTS('',3,(#7746,#7747,#7748,#7749,#7750,#7751,
#7752),.UNSPECIFIED.,.F.,.F.,(4,1,1,1,4),(-3.13018495886269,-2.32007705246502,
-1.50996914606735,-1.10491519286852,-0.29511917609942),.UNSPECIFIED.);
#207=B_SPLINE_CURVE_WITH_KNOTS('',3,(#7802,#7803,#7804,#7805,#7806,#7807,
#7808),.UNSPECIFIED.,.F.,.F.,(4,1,1,1,4),(-7.28033884128511,-6.47023070990168,
-5.66012254536941,-4.85001438083714,-4.44527212148084),.UNSPECIFIED.);
#208=B_SPLINE_CURVE_WITH_KNOTS('',3,(#7837,#7838,#7839,#7840,#7841,#7842,
#7843,#7844,#7845,#7846,#7847,#7848,#7849),.UNSPECIFIED.,.F.,.F.,(4,3,3,
3,4),(4.23564041274084,4.66298021166096,5.51765980950548,6.37233940735001,
7.22701899911738),.UNSPECIFIED.);
#209=B_SPLINE_CURVE_WITH_KNOTS('',3,(#7878,#7879,#7880,#7881,#7882,#7883,
#7884,#7885,#7886,#7887,#7888,#7889,#7890),.UNSPECIFIED.,.F.,.F.,(4,3,3,
3,4),(0.274736113862632,0.702193916069464,1.55710952048316,2.41202512489686,
3.26694072931055),.UNSPECIFIED.);
#210=B_SPLINE_CURVE_WITH_KNOTS('',3,(#7919,#7920,#7921,#7922,#7923,#7924,
#7925,#7926,#7927,#7928,#7929,#7930,#7931),.UNSPECIFIED.,.F.,.F.,(4,3,3,
3,4),(0.283225907578592,1.13814052867336,1.99305514976812,2.84796977086288,
3.27542708141026),.UNSPECIFIED.);
#211=B_SPLINE_CURVE_WITH_KNOTS('',3,(#7960,#7961,#7962,#7963,#7964,#7965,
#7966,#7967,#7968,#7969,#7970,#7971,#7972),.UNSPECIFIED.,.F.,.F.,(4,3,3,
3,4),(4.2441281082444,5.09879919712192,5.95347028600144,6.80814137488096,
7.23547691188383),.UNSPECIFIED.);
#212=B_SPLINE_CURVE_WITH_KNOTS('',3,(#7974,#7975,#7976,#7977,#7978,#7979,
#7980,#7981,#7982,#7983,#7984,#7985,#7986,#7987,#7988,#7989),
 .UNSPECIFIED.,.F.,.F.,(4,3,3,3,3,4),(0.28322590757854,0.710683218125934,
1.13814052867329,1.56559783922068,2.42051246031544,3.2754270814102),
 .UNSPECIFIED.);
#213=B_SPLINE_CURVE_WITH_KNOTS('',3,(#7991,#7992,#7993,#7994,#7995,#7996,
#7997,#7998,#7999,#8000,#8001,#8002,#8003),.UNSPECIFIED.,.F.,.F.,(4,3,3,
3,4),(4.24412810824435,5.09879919712185,5.95347028600138,6.80814137488091,
7.23547691188377),.UNSPECIFIED.);
#214=B_SPLINE_CURVE_WITH_KNOTS('',3,(#8005,#8006,#8007,#8008,#8009,#8010,
#8011,#8012,#8013,#8014,#8015,#8016,#8017,#8018,#8019,#8020),
 .UNSPECIFIED.,.F.,.F.,(4,3,3,3,3,4),(4.23564041274084,5.09032001058324,
5.94499960842775,6.37233940735001,6.79967920627227,7.22701899911739),
 .UNSPECIFIED.);
#215=B_SPLINE_CURVE_WITH_KNOTS('',3,(#8022,#8023,#8024,#8025,#8026,#8027,
#8028,#8029,#8030,#8031,#8032,#8033,#8034),.UNSPECIFIED.,.F.,.F.,(4,3,3,
3,4),(0.274736113862636,0.70219391606948,1.55710952048317,2.41202512489686,
3.26694072931055),.UNSPECIFIED.);
#216=B_SPLINE_CURVE_WITH_KNOTS('',3,(#8067,#8068,#8069,#8070,#8071,#8072,
#8073),.UNSPECIFIED.,.F.,.F.,(4,1,1,1,4),(4.43606825157891,4.84112220477632,
5.65123011117115,6.46133801756598,7.27113403461341),.UNSPECIFIED.);
#217=B_SPLINE_CURVE_WITH_KNOTS('',3,(#8102,#8103,#8104,#8105,#8106,#8107,
#8108),.UNSPECIFIED.,.F.,.F.,(4,1,1,1,4),(0.285914369156464,1.0960225005399,
1.50107658280604,2.31118474733831,3.12098108890198),.UNSPECIFIED.);
#218=B_SPLINE_CURVE_WITH_KNOTS('',3,(#8141,#8142,#8143,#8144,#8145,#8146,
#8147),.UNSPECIFIED.,.F.,.F.,(4,1,1,1,4),(0.29480731326796,1.10491519286851,
1.91502309926618,2.72513100566385,3.12987309501829),.UNSPECIFIED.);
#219=B_SPLINE_CURVE_WITH_KNOTS('',3,(#8176,#8177,#8178,#8179,#8180,#8181,
#8182),.UNSPECIFIED.,.F.,.F.,(4,1,1,1,4),(4.44496029857101,5.25506846310328,
6.06517662763555,6.47023070990168,7.28002697293878),.UNSPECIFIED.);
#220=B_SPLINE_CURVE_WITH_KNOTS('',3,(#8232,#8233,#8234,#8235,#8236,#8237,
#8238),.UNSPECIFIED.,.F.,.F.,(4,1,1,1,4),(-7.27144589716368,-6.46133801756598,
-5.65123011117115,-4.84112220477632,-4.43638011542331),.UNSPECIFIED.);
#221=B_SPLINE_CURVE_WITH_KNOTS('',3,(#8288,#8289,#8290,#8291,#8292,#8293,
#8294),.UNSPECIFIED.,.F.,.F.,(4,1,1,1,4),(-3.12129291187058,-2.31118474733831,
-1.50107658280604,-1.0960225005399,-0.286226237504213),.UNSPECIFIED.);
#222=B_SPLINE_CURVE_WITH_KNOTS('',3,(#8344,#8345,#8346,#8347,#8348,#8349,
#8350),.UNSPECIFIED.,.F.,.F.,(4,1,1,1,4),(-3.13018495886269,-2.72513100566385,
-1.91502309926618,-1.10491519286851,-0.29511917581821),.UNSPECIFIED.);
#223=B_SPLINE_CURVE_WITH_KNOTS('',3,(#8400,#8401,#8402,#8403,#8404,#8405,
#8406),.UNSPECIFIED.,.F.,.F.,(4,1,1,1,4),(-7.28033884128512,-6.47023070990168,
-6.06517662763555,-5.25506846310328,-4.44527212153896),.UNSPECIFIED.);
#224=B_SPLINE_CURVE_WITH_KNOTS('',3,(#8435,#8436,#8437,#8438,#8439,#8440,
#8441,#8442,#8443,#8444,#8445,#8446,#8447),.UNSPECIFIED.,.F.,.F.,(4,3,3,
3,4),(4.23564041274084,4.66298021166096,5.51765980950548,6.37233940735,
7.22701899911738),.UNSPECIFIED.);
#225=B_SPLINE_CURVE_WITH_KNOTS('',3,(#8480,#8481,#8482,#8483,#8484,#8485,
#8486,#8487,#8488,#8489,#8490,#8491,#8492,#8493,#8494,#8495),
 .UNSPECIFIED.,.F.,.F.,(4,3,3,3,3,4),(0.274736113862632,0.702193916069476,
1.12965171827631,1.55710952048316,2.41202512489686,3.26694072931055),
 .UNSPECIFIED.);
#226=B_SPLINE_CURVE_WITH_KNOTS('',3,(#8524,#8525,#8526,#8527,#8528,#8529,
#8530,#8531,#8532,#8533,#8534,#8535,#8536),.UNSPECIFIED.,.F.,.F.,(4,3,3,
3,4),(0.283225907578499,1.13814052867326,1.99305514976802,2.84796977086279,
3.27542708141016),.UNSPECIFIED.);
#227=B_SPLINE_CURVE_WITH_KNOTS('',3,(#8569,#8570,#8571,#8572,#8573,#8574,
#8575,#8576,#8577,#8578,#8579,#8580,#8581,#8582,#8583,#8584),
 .UNSPECIFIED.,.F.,.F.,(4,3,3,3,3,4),(4.24412810824431,4.67146365268206,
5.09879919712182,5.52613474156158,6.38080583044111,7.23547691188373),
 .UNSPECIFIED.);
#228=B_SPLINE_CURVE_WITH_KNOTS('',3,(#8586,#8587,#8588,#8589,#8590,#8591,
#8592,#8593,#8594,#8595,#8596,#8597,#8598,#8599,#8600,#8601),
 .UNSPECIFIED.,.F.,.F.,(4,3,3,3,3,4),(0.283225907578549,0.710683218125928,
1.13814052867331,1.56559783922069,2.42051246031545,3.27542708141022),
 .UNSPECIFIED.);
#229=B_SPLINE_CURVE_WITH_KNOTS('',3,(#8603,#8604,#8605,#8606,#8607,#8608,
#8609,#8610,#8611,#8612,#8613,#8614,#8615),.UNSPECIFIED.,.F.,.F.,(4,3,3,
3,4),(4.24412810824436,5.09879919712185,5.95347028600138,6.80814137488091,
7.23547691188378),.UNSPECIFIED.);
#230=B_SPLINE_CURVE_WITH_KNOTS('',3,(#8617,#8618,#8619,#8620,#8621,#8622,
#8623,#8624,#8625,#8626,#8627,#8628,#8629),.UNSPECIFIED.,.F.,.F.,(4,3,3,
3,4),(4.23564041274085,4.66298021166097,5.51765980950549,6.37233940735002,
7.22701899911739),.UNSPECIFIED.);
#231=B_SPLINE_CURVE_WITH_KNOTS('',3,(#8631,#8632,#8633,#8634,#8635,#8636,
#8637,#8638,#8639,#8640,#8641,#8642,#8643,#8644,#8645,#8646),
 .UNSPECIFIED.,.F.,.F.,(4,3,3,3,3,4),(0.274736113862638,0.702193916069482,
1.12965171827633,1.55710952048317,2.41202512489686,3.26694072931055),
 .UNSPECIFIED.);
#232=B_SPLINE_CURVE_WITH_KNOTS('',3,(#8679,#8680,#8681,#8682,#8683,#8684,
#8685),.UNSPECIFIED.,.F.,.F.,(4,1,1,1,4),(-3.13018495886268,-2.32007705246503,
-1.50996914606738,-0.699861239669726,-0.295119175642081),.UNSPECIFIED.);
#233=B_SPLINE_CURVE_WITH_KNOTS('',3,(#8714,#8715,#8716,#8717,#8718,#8719,
#8720),.UNSPECIFIED.,.F.,.F.,(4,1,1,1,4),(-7.2803388412851,-6.47023070990167,
-5.66012254536941,-4.85001438083714,-4.44527212148084),.UNSPECIFIED.);
#234=B_SPLINE_CURVE_WITH_KNOTS('',3,(#8749,#8750,#8751,#8752,#8753,#8754,
#8755),.UNSPECIFIED.,.F.,.F.,(4,1,1,1,4),(0.294807313267945,1.1049151928685,
1.50996914606733,2.32007705246501,3.12987309495769),.UNSPECIFIED.);
#235=B_SPLINE_CURVE_WITH_KNOTS('',3,(#8788,#8789,#8790,#8791,#8792,#8793,
#8794),.UNSPECIFIED.,.F.,.F.,(4,1,1,1,4),(4.444960298571,4.85001438083714,
5.66012254536941,6.47023070990167,7.28002697321488),.UNSPECIFIED.);
#236=B_SPLINE_CURVE_WITH_KNOTS('',3,(#8844,#8845,#8846,#8847,#8848,#8849,
#8850),.UNSPECIFIED.,.F.,.F.,(4,1,1,1,4),(0.294807313268025,0.699861239669726,
1.50996914606738,2.32007705246503,3.12987309483991),.UNSPECIFIED.);
#237=B_SPLINE_CURVE_WITH_KNOTS('',3,(#8900,#8901,#8902,#8903,#8904,#8905,
#8906),.UNSPECIFIED.,.F.,.F.,(4,1,1,1,4),(4.444960298571,4.85001438083714,
5.66012254536941,6.47023070990167,7.28002697321484),.UNSPECIFIED.);
#238=B_SPLINE_CURVE_WITH_KNOTS('',3,(#8956,#8957,#8958,#8959,#8960,#8961,
#8962),.UNSPECIFIED.,.F.,.F.,(4,1,1,1,4),(-3.13018495886269,-2.32007705246501,
-1.50996914606733,-1.1049151928685,-0.295119176098512),.UNSPECIFIED.);
#239=B_SPLINE_CURVE_WITH_KNOTS('',3,(#9012,#9013,#9014,#9015,#9016,#9017,
#9018),.UNSPECIFIED.,.F.,.F.,(4,1,1,1,4),(-7.28033884128511,-6.47023070990167,
-5.66012254536941,-4.85001438083714,-4.44527212148084),.UNSPECIFIED.);
#240=B_SPLINE_CURVE_WITH_KNOTS('',3,(#9051,#9052,#9053,#9054,#9055,#9056,
#9057,#9058,#9059,#9060,#9061,#9062,#9063,#9064,#9065,#9066),
 .UNSPECIFIED.,.F.,.F.,(4,3,3,3,3,4),(4.23564041274085,5.09032001058324,
5.94499960842775,6.37233940735002,6.79967920627227,7.22701899911739),
 .UNSPECIFIED.);
#241=B_SPLINE_CURVE_WITH_KNOTS('',3,(#9095,#9096,#9097,#9098,#9099,#9100,
#9101,#9102,#9103,#9104,#9105,#9106,#9107),.UNSPECIFIED.,.F.,.F.,(4,3,3,
3,4),(0.274736113862639,1.12965171827633,1.98456732269002,2.83948292710369,
3.26694072931055),.UNSPECIFIED.);
#242=B_SPLINE_CURVE_WITH_KNOTS('',3,(#9136,#9137,#9138,#9139,#9140,#9141,
#9142,#9143,#9144,#9145,#9146,#9147,#9148),.UNSPECIFIED.,.F.,.F.,(4,3,3,
3,4),(0.28322590757858,1.13814052867334,1.9930551497681,2.84796977086287,
3.27542708141025),.UNSPECIFIED.);
#243=B_SPLINE_CURVE_WITH_KNOTS('',3,(#9181,#9182,#9183,#9184,#9185,#9186,
#9187,#9188,#9189,#9190,#9191,#9192,#9193,#9194,#9195,#9196),
 .UNSPECIFIED.,.F.,.F.,(4,3,3,3,3,4),(4.24412810824439,4.67146365268215,
5.09879919712191,5.52613474156167,6.38080583044119,7.23547691188382),
 .UNSPECIFIED.);
#244=B_SPLINE_CURVE_WITH_KNOTS('',3,(#9198,#9199,#9200,#9201,#9202,#9203,
#9204,#9205,#9206,#9207,#9208,#9209,#9210),.UNSPECIFIED.,.F.,.F.,(4,3,3,
3,4),(0.283225907578476,1.13814052867324,1.993055149768,2.84796977086277,
3.27542708141014),.UNSPECIFIED.);
#245=B_SPLINE_CURVE_WITH_KNOTS('',3,(#9212,#9213,#9214,#9215,#9216,#9217,
#9218,#9219,#9220,#9221,#9222,#9223,#9224),.UNSPECIFIED.,.F.,.F.,(4,3,3,
3,4),(4.24412810824429,5.09879919712179,5.95347028600132,6.80814137488085,
7.23547691188372),.UNSPECIFIED.);
#246=B_SPLINE_CURVE_WITH_KNOTS('',3,(#9226,#9227,#9228,#9229,#9230,#9231,
#9232,#9233,#9234,#9235,#9236,#9237,#9238),.UNSPECIFIED.,.F.,.F.,(4,3,3,
3,4),(4.23564041274084,4.66298021166096,5.51765980950548,6.37233940735001,
7.22701899911738),.UNSPECIFIED.);
#247=B_SPLINE_CURVE_WITH_KNOTS('',3,(#9240,#9241,#9242,#9243,#9244,#9245,
#9246,#9247,#9248,#9249,#9250,#9251,#9252),.UNSPECIFIED.,.F.,.F.,(4,3,3,
3,4),(0.274736113862633,0.70219391606948,1.55710952048317,2.41202512489687,
3.26694072931055),.UNSPECIFIED.);
#248=B_SPLINE_CURVE_WITH_KNOTS('',3,(#9281,#9282,#9283,#9284,#9285,#9286,
#9287),.UNSPECIFIED.,.F.,.F.,(4,1,1,1,4),(-3.1301849588627,-2.32007705246505,
-1.91502309926622,-1.10491519286857,-0.295119175701852),.UNSPECIFIED.);
#249=B_SPLINE_CURVE_WITH_KNOTS('',3,(#9316,#9317,#9318,#9319,#9320,#9321,
#9322),.UNSPECIFIED.,.F.,.F.,(4,1,1,1,4),(-7.28033884128512,-6.47023070990169,
-5.66012254536942,-4.85001438083715,-4.44527212148085),.UNSPECIFIED.);
#250=B_SPLINE_CURVE_WITH_KNOTS('',3,(#9351,#9352,#9353,#9354,#9355,#9356,
#9357),.UNSPECIFIED.,.F.,.F.,(4,1,1,1,4),(0.294807313267928,1.10491519286848,
1.91502309926616,2.320077052465,3.12987309456019),.UNSPECIFIED.);
#251=B_SPLINE_CURVE_WITH_KNOTS('',3,(#9386,#9387,#9388,#9389,#9390,#9391,
#9392),.UNSPECIFIED.,.F.,.F.,(4,1,1,1,4),(4.444960298571,4.85001438083713,
5.6601225453694,6.47023070990167,7.28002697321488),.UNSPECIFIED.);
#252=B_SPLINE_CURVE_WITH_KNOTS('',3,(#9442,#9443,#9444,#9445,#9446,#9447,
#9448),.UNSPECIFIED.,.F.,.F.,(4,1,1,1,4),(0.294807313268048,1.10491519286857,
1.91502309926622,2.32007705246505,3.12987309455717),.UNSPECIFIED.);
#253=B_SPLINE_CURVE_WITH_KNOTS('',3,(#9498,#9499,#9500,#9501,#9502,#9503,
#9504),.UNSPECIFIED.,.F.,.F.,(4,1,1,1,4),(4.44496029857101,4.85001438083715,
5.66012254536942,6.47023070990169,7.28002697321485),.UNSPECIFIED.);
#254=B_SPLINE_CURVE_WITH_KNOTS('',3,(#9554,#9555,#9556,#9557,#9558,#9559,
#9560),.UNSPECIFIED.,.F.,.F.,(4,1,1,1,4),(-3.13018495886268,-2.320077052465,
-1.91502309926616,-1.10491519286848,-0.295119175700176),.UNSPECIFIED.);
#255=B_SPLINE_CURVE_WITH_KNOTS('',3,(#9610,#9611,#9612,#9613,#9614,#9615,
#9616),.UNSPECIFIED.,.F.,.F.,(4,1,1,1,4),(-7.2803388412851,-6.47023070990167,
-5.6601225453694,-4.85001438083713,-4.44527212148084),.UNSPECIFIED.);
#256=B_SPLINE_CURVE_WITH_KNOTS('',3,(#9649,#9650,#9651,#9652,#9653,#9654,
#9655,#9656,#9657,#9658,#9659,#9660,#9661,#9662,#9663,#9664),
 .UNSPECIFIED.,.F.,.F.,(4,3,3,3,3,4),(4.23564041274084,4.66298021166094,
5.0903200105832,5.51765980950547,6.37233940734998,7.22701899911737),
 .UNSPECIFIED.);
#257=B_SPLINE_CURVE_WITH_KNOTS('',3,(#9693,#9694,#9695,#9696,#9697,#9698,
#9699,#9700,#9701,#9702,#9703,#9704,#9705),.UNSPECIFIED.,.F.,.F.,(4,3,3,
3,4),(0.274736113862635,0.702193916069479,1.55710952048317,2.41202512489687,
3.26694072931056),.UNSPECIFIED.);
#258=B_SPLINE_CURVE_WITH_KNOTS('',3,(#9734,#9735,#9736,#9737,#9738,#9739,
#9740,#9741,#9742,#9743,#9744,#9745,#9746),.UNSPECIFIED.,.F.,.F.,(4,3,3,
3,4),(0.283225907578559,1.13814052867332,1.99305514976808,2.84796977086285,
3.27542708141023),.UNSPECIFIED.);
#259=B_SPLINE_CURVE_WITH_KNOTS('',3,(#9779,#9780,#9781,#9782,#9783,#9784,
#9785,#9786,#9787,#9788,#9789,#9790,#9791,#9792,#9793,#9794),
 .UNSPECIFIED.,.F.,.F.,(4,3,3,3,3,4),(4.24412810824437,5.09879919712188,
5.95347028600141,6.38080583044117,6.80814137488093,7.2354769118838),
 .UNSPECIFIED.);
#260=B_SPLINE_CURVE_WITH_KNOTS('',3,(#9796,#9797,#9798,#9799,#9800,#9801,
#9802),.UNSPECIFIED.,.F.,.F.,(4,1,1,1,4),(66.35761917819,66.8135932986791,
67.2695674191683,67.7255415396575,68.1815156601466),.UNSPECIFIED.);
#261=B_SPLINE_CURVE_WITH_KNOTS('',3,(#9804,#9805,#9806,#9807,#9808,#9809,
#9810,#9811,#9812),.UNSPECIFIED.,.F.,.F.,(4,1,1,1,1,1,4),(63.2160261320978,
63.4797201477071,64.0071081789256,64.4026492023395,64.7981902257534,65.3255782569719,
65.5892722725812),.UNSPECIFIED.);
#262=B_SPLINE_CURVE_WITH_KNOTS('',3,(#9814,#9815,#9816,#9817,#9818,#9819,
#9820,#9821,#9822,#9823,#9824,#9825,#9826,#9827,#9828,#9829),
 .UNSPECIFIED.,.F.,.F.,(4,3,3,3,3,4),(4.08133990509163,4.50879461980007,
4.93624933450852,5.36370404921697,6.21861347863386,7.07352290805075),
 .UNSPECIFIED.);
#263=B_SPLINE_CURVE_WITH_KNOTS('',3,(#9831,#9832,#9833,#9834,#9835,#9836,
#9837,#9838,#9839,#9840,#9841,#9842,#9843,#9844,#9845,#9846),
 .UNSPECIFIED.,.F.,.F.,(4,3,3,3,3,4),(0.120460484054033,0.547914446886408,
0.975368409718784,1.40282237255116,2.25773029821591,3.11263822388066),
 .UNSPECIFIED.);
#264=B_SPLINE_CURVE_WITH_KNOTS('',3,(#9911,#9912,#9913,#9914,#9915,#9916,
#9917,#9918,#9919,#9920,#9921,#9922,#9923,#9924,#9925,#9926,#9927,#9928,
#9929),.UNSPECIFIED.,.F.,.F.,(4,3,3,3,3,3,4),(55.0532733045992,55.181069752212,
55.7084577834305,56.1039988068444,56.4995398302583,57.0269278614768,57.1547244245094),
 .UNSPECIFIED.);
#265=B_SPLINE_CURVE_WITH_KNOTS('',3,(#9995,#9996,#9997,#9998,#9999,#10000,
#10001,#10002,#10003,#10004,#10005,#10006,#10007),.UNSPECIFIED.,.F.,.F.,
(4,3,3,3,4),(-59.8828652646515,-59.3849351160596,-58.8870049674677,-58.3890748188757,
-58.0201366194345),.UNSPECIFIED.);
#266=B_SPLINE_CURVE_WITH_KNOTS('',3,(#10024,#10025,#10026,#10027),
 .UNSPECIFIED.,.F.,.F.,(4,4),(11.6149723878394,12.1821975540571),
 .UNSPECIFIED.);
#267=CYLINDRICAL_SURFACE('',#3702,2.8);
#268=CYLINDRICAL_SURFACE('',#3727,1.70000000000002);
#269=CYLINDRICAL_SURFACE('',#3728,1.70000000000002);
#270=CYLINDRICAL_SURFACE('',#3729,1.7);
#271=CYLINDRICAL_SURFACE('',#3730,1.7);
#272=CYLINDRICAL_SURFACE('',#3731,6.);
#273=CYLINDRICAL_SURFACE('',#3757,1.5);
#274=CYLINDRICAL_SURFACE('',#3758,1.5);
#275=CYLINDRICAL_SURFACE('',#3768,12.56595);
#276=CYLINDRICAL_SURFACE('',#3769,12.56595);
#277=CYLINDRICAL_SURFACE('',#3770,12.56595);
#278=CYLINDRICAL_SURFACE('',#3771,12.56595);
#279=CYLINDRICAL_SURFACE('',#3772,12.56595);
#280=CYLINDRICAL_SURFACE('',#3773,12.56595);
#281=CYLINDRICAL_SURFACE('',#3774,12.56595);
#282=CYLINDRICAL_SURFACE('',#3775,12.56595);
#283=CYLINDRICAL_SURFACE('',#3776,12.56595);
#284=CYLINDRICAL_SURFACE('',#3777,12.56595);
#285=CYLINDRICAL_SURFACE('',#3778,12.56595);
#286=CYLINDRICAL_SURFACE('',#3779,12.56595);
#287=CYLINDRICAL_SURFACE('',#3780,12.56595);
#288=CYLINDRICAL_SURFACE('',#3781,12.56595);
#289=CYLINDRICAL_SURFACE('',#3782,12.56595);
#290=CYLINDRICAL_SURFACE('',#3783,12.56595);
#291=CYLINDRICAL_SURFACE('',#3784,12.56595);
#292=CYLINDRICAL_SURFACE('',#3785,12.56595);
#293=CYLINDRICAL_SURFACE('',#3786,13.425);
#294=CYLINDRICAL_SURFACE('',#3787,12.56595);
#295=CYLINDRICAL_SURFACE('',#3792,1.65);
#296=CYLINDRICAL_SURFACE('',#3805,1.75);
#297=CYLINDRICAL_SURFACE('',#3808,1.65);
#298=CYLINDRICAL_SURFACE('',#3809,1.65);
#299=CYLINDRICAL_SURFACE('',#3810,4.45);
#300=ELLIPSE('',#3683,3.95979797464467,2.80000000000001);
#301=FACE_BOUND('',#542,.T.);
#302=FACE_BOUND('',#543,.T.);
#303=FACE_BOUND('',#545,.T.);
#304=FACE_BOUND('',#546,.T.);
#305=FACE_BOUND('',#557,.T.);
#306=FACE_BOUND('',#558,.T.);
#307=FACE_BOUND('',#561,.T.);
#308=FACE_BOUND('',#568,.T.);
#309=FACE_BOUND('',#572,.T.);
#310=FACE_BOUND('',#573,.T.);
#311=FACE_BOUND('',#578,.T.);
#312=FACE_BOUND('',#579,.T.);
#313=FACE_BOUND('',#606,.T.);
#314=FACE_BOUND('',#608,.T.);
#315=FACE_BOUND('',#614,.T.);
#316=FACE_BOUND('',#615,.T.);
#317=FACE_BOUND('',#616,.T.);
#318=FACE_BOUND('',#709,.T.);
#319=FACE_BOUND('',#712,.T.);
#320=FACE_BOUND('',#735,.T.);
#321=CIRCLE('',#3671,1.7);
#322=CIRCLE('',#3672,1.70000000000002);
#323=CIRCLE('',#3674,1.7);
#324=CIRCLE('',#3675,1.70000000000002);
#325=CIRCLE('',#3687,6.);
#326=CIRCLE('',#3688,2.8);
#327=CIRCLE('',#3689,2.8);
#328=CIRCLE('',#3690,1.70000000000002);
#329=CIRCLE('',#3691,1.7);
#330=CIRCLE('',#3694,1.65);
#331=CIRCLE('',#3701,1.65);
#332=CIRCLE('',#3703,2.8);
#333=CIRCLE('',#3706,1.7);
#334=CIRCLE('',#3707,1.70000000000002);
#335=CIRCLE('',#3712,1.65000000000002);
#336=CIRCLE('',#3713,1.75000000000002);
#337=CIRCLE('',#3732,6.);
#338=CIRCLE('',#3741,1.65);
#339=CIRCLE('',#3743,1.65);
#340=CIRCLE('',#3749,12.56595);
#341=CIRCLE('',#3750,4.45);
#342=CIRCLE('',#3751,1.5);
#343=CIRCLE('',#3752,1.5);
#344=CIRCLE('',#3754,1.5);
#345=CIRCLE('',#3756,1.5);
#346=CIRCLE('',#3762,13.425);
#347=CIRCLE('',#3763,12.56595);
#348=CIRCLE('',#3791,1.65);
#349=CIRCLE('',#3794,4.45);
#350=CIRCLE('',#3806,1.75);
#351=FACE_OUTER_BOUND('',#536,.T.);
#352=FACE_OUTER_BOUND('',#537,.T.);
#353=FACE_OUTER_BOUND('',#538,.T.);
#354=FACE_OUTER_BOUND('',#539,.T.);
#355=FACE_OUTER_BOUND('',#540,.T.);
#356=FACE_OUTER_BOUND('',#541,.T.);
#357=FACE_OUTER_BOUND('',#544,.T.);
#358=FACE_OUTER_BOUND('',#547,.T.);
#359=FACE_OUTER_BOUND('',#548,.T.);
#360=FACE_OUTER_BOUND('',#549,.T.);
#361=FACE_OUTER_BOUND('',#550,.T.);
#362=FACE_OUTER_BOUND('',#551,.T.);
#363=FACE_OUTER_BOUND('',#552,.T.);
#364=FACE_OUTER_BOUND('',#553,.T.);
#365=FACE_OUTER_BOUND('',#554,.T.);
#366=FACE_OUTER_BOUND('',#555,.T.);
#367=FACE_OUTER_BOUND('',#556,.T.);
#368=FACE_OUTER_BOUND('',#559,.T.);
#369=FACE_OUTER_BOUND('',#560,.T.);
#370=FACE_OUTER_BOUND('',#562,.T.);
#371=FACE_OUTER_BOUND('',#563,.T.);
#372=FACE_OUTER_BOUND('',#564,.T.);
#373=FACE_OUTER_BOUND('',#565,.T.);
#374=FACE_OUTER_BOUND('',#566,.T.);
#375=FACE_OUTER_BOUND('',#567,.T.);
#376=FACE_OUTER_BOUND('',#569,.T.);
#377=FACE_OUTER_BOUND('',#570,.T.);
#378=FACE_OUTER_BOUND('',#571,.T.);
#379=FACE_OUTER_BOUND('',#574,.T.);
#380=FACE_OUTER_BOUND('',#575,.T.);
#381=FACE_OUTER_BOUND('',#576,.T.);
#382=FACE_OUTER_BOUND('',#577,.T.);
#383=FACE_OUTER_BOUND('',#580,.T.);
#384=FACE_OUTER_BOUND('',#581,.T.);
#385=FACE_OUTER_BOUND('',#582,.T.);
#386=FACE_OUTER_BOUND('',#583,.T.);
#387=FACE_OUTER_BOUND('',#584,.T.);
#388=FACE_OUTER_BOUND('',#585,.T.);
#389=FACE_OUTER_BOUND('',#586,.T.);
#390=FACE_OUTER_BOUND('',#587,.T.);
#391=FACE_OUTER_BOUND('',#588,.T.);
#392=FACE_OUTER_BOUND('',#589,.T.);
#393=FACE_OUTER_BOUND('',#590,.T.);
#394=FACE_OUTER_BOUND('',#591,.T.);
#395=FACE_OUTER_BOUND('',#592,.T.);
#396=FACE_OUTER_BOUND('',#593,.T.);
#397=FACE_OUTER_BOUND('',#594,.T.);
#398=FACE_OUTER_BOUND('',#595,.T.);
#399=FACE_OUTER_BOUND('',#596,.T.);
#400=FACE_OUTER_BOUND('',#597,.T.);
#401=FACE_OUTER_BOUND('',#598,.T.);
#402=FACE_OUTER_BOUND('',#599,.T.);
#403=FACE_OUTER_BOUND('',#600,.T.);
#404=FACE_OUTER_BOUND('',#601,.T.);
#405=FACE_OUTER_BOUND('',#602,.T.);
#406=FACE_OUTER_BOUND('',#603,.T.);
#407=FACE_OUTER_BOUND('',#604,.T.);
#408=FACE_OUTER_BOUND('',#605,.T.);
#409=FACE_OUTER_BOUND('',#607,.T.);
#410=FACE_OUTER_BOUND('',#609,.T.);
#411=FACE_OUTER_BOUND('',#610,.T.);
#412=FACE_OUTER_BOUND('',#611,.T.);
#413=FACE_OUTER_BOUND('',#612,.T.);
#414=FACE_OUTER_BOUND('',#613,.T.);
#415=FACE_OUTER_BOUND('',#617,.T.);
#416=FACE_OUTER_BOUND('',#618,.T.);
#417=FACE_OUTER_BOUND('',#619,.T.);
#418=FACE_OUTER_BOUND('',#620,.T.);
#419=FACE_OUTER_BOUND('',#621,.T.);
#420=FACE_OUTER_BOUND('',#622,.T.);
#421=FACE_OUTER_BOUND('',#623,.T.);
#422=FACE_OUTER_BOUND('',#624,.T.);
#423=FACE_OUTER_BOUND('',#625,.T.);
#424=FACE_OUTER_BOUND('',#626,.T.);
#425=FACE_OUTER_BOUND('',#627,.T.);
#426=FACE_OUTER_BOUND('',#628,.T.);
#427=FACE_OUTER_BOUND('',#629,.T.);
#428=FACE_OUTER_BOUND('',#630,.T.);
#429=FACE_OUTER_BOUND('',#631,.T.);
#430=FACE_OUTER_BOUND('',#632,.T.);
#431=FACE_OUTER_BOUND('',#633,.T.);
#432=FACE_OUTER_BOUND('',#634,.T.);
#433=FACE_OUTER_BOUND('',#635,.T.);
#434=FACE_OUTER_BOUND('',#636,.T.);
#435=FACE_OUTER_BOUND('',#637,.T.);
#436=FACE_OUTER_BOUND('',#638,.T.);
#437=FACE_OUTER_BOUND('',#639,.T.);
#438=FACE_OUTER_BOUND('',#640,.T.);
#439=FACE_OUTER_BOUND('',#641,.T.);
#440=FACE_OUTER_BOUND('',#642,.T.);
#441=FACE_OUTER_BOUND('',#643,.T.);
#442=FACE_OUTER_BOUND('',#644,.T.);
#443=FACE_OUTER_BOUND('',#645,.T.);
#444=FACE_OUTER_BOUND('',#646,.T.);
#445=FACE_OUTER_BOUND('',#647,.T.);
#446=FACE_OUTER_BOUND('',#648,.T.);
#447=FACE_OUTER_BOUND('',#649,.T.);
#448=FACE_OUTER_BOUND('',#650,.T.);
#449=FACE_OUTER_BOUND('',#651,.T.);
#450=FACE_OUTER_BOUND('',#652,.T.);
#451=FACE_OUTER_BOUND('',#653,.T.);
#452=FACE_OUTER_BOUND('',#654,.T.);
#453=FACE_OUTER_BOUND('',#655,.T.);
#454=FACE_OUTER_BOUND('',#656,.T.);
#455=FACE_OUTER_BOUND('',#657,.T.);
#456=FACE_OUTER_BOUND('',#658,.T.);
#457=FACE_OUTER_BOUND('',#659,.T.);
#458=FACE_OUTER_BOUND('',#660,.T.);
#459=FACE_OUTER_BOUND('',#661,.T.);
#460=FACE_OUTER_BOUND('',#662,.T.);
#461=FACE_OUTER_BOUND('',#663,.T.);
#462=FACE_OUTER_BOUND('',#664,.T.);
#463=FACE_OUTER_BOUND('',#665,.T.);
#464=FACE_OUTER_BOUND('',#666,.T.);
#465=FACE_OUTER_BOUND('',#667,.T.);
#466=FACE_OUTER_BOUND('',#668,.T.);
#467=FACE_OUTER_BOUND('',#669,.T.);
#468=FACE_OUTER_BOUND('',#670,.T.);
#469=FACE_OUTER_BOUND('',#671,.T.);
#470=FACE_OUTER_BOUND('',#672,.T.);
#471=FACE_OUTER_BOUND('',#673,.T.);
#472=FACE_OUTER_BOUND('',#674,.T.);
#473=FACE_OUTER_BOUND('',#675,.T.);
#474=FACE_OUTER_BOUND('',#676,.T.);
#475=FACE_OUTER_BOUND('',#677,.T.);
#476=FACE_OUTER_BOUND('',#678,.T.);
#477=FACE_OUTER_BOUND('',#679,.T.);
#478=FACE_OUTER_BOUND('',#680,.T.);
#479=FACE_OUTER_BOUND('',#681,.T.);
#480=FACE_OUTER_BOUND('',#682,.T.);
#481=FACE_OUTER_BOUND('',#683,.T.);
#482=FACE_OUTER_BOUND('',#684,.T.);
#483=FACE_OUTER_BOUND('',#685,.T.);
#484=FACE_OUTER_BOUND('',#686,.T.);
#485=FACE_OUTER_BOUND('',#687,.T.);
#486=FACE_OUTER_BOUND('',#688,.T.);
#487=FACE_OUTER_BOUND('',#689,.T.);
#488=FACE_OUTER_BOUND('',#690,.T.);
#489=FACE_OUTER_BOUND('',#691,.T.);
#490=FACE_OUTER_BOUND('',#692,.T.);
#491=FACE_OUTER_BOUND('',#693,.T.);
#492=FACE_OUTER_BOUND('',#694,.T.);
#493=FACE_OUTER_BOUND('',#695,.T.);
#494=FACE_OUTER_BOUND('',#696,.T.);
#495=FACE_OUTER_BOUND('',#697,.T.);
#496=FACE_OUTER_BOUND('',#698,.T.);
#497=FACE_OUTER_BOUND('',#699,.T.);
#498=FACE_OUTER_BOUND('',#700,.T.);
#499=FACE_OUTER_BOUND('',#701,.T.);
#500=FACE_OUTER_BOUND('',#702,.T.);
#501=FACE_OUTER_BOUND('',#703,.T.);
#502=FACE_OUTER_BOUND('',#704,.T.);
#503=FACE_OUTER_BOUND('',#705,.T.);
#504=FACE_OUTER_BOUND('',#706,.T.);
#505=FACE_OUTER_BOUND('',#707,.T.);
#506=FACE_OUTER_BOUND('',#708,.T.);
#507=FACE_OUTER_BOUND('',#710,.T.);
#508=FACE_OUTER_BOUND('',#711,.T.);
#509=FACE_OUTER_BOUND('',#713,.T.);
#510=FACE_OUTER_BOUND('',#714,.T.);
#511=FACE_OUTER_BOUND('',#715,.T.);
#512=FACE_OUTER_BOUND('',#716,.T.);
#513=FACE_OUTER_BOUND('',#717,.T.);
#514=FACE_OUTER_BOUND('',#718,.T.);
#515=FACE_OUTER_BOUND('',#719,.T.);
#516=FACE_OUTER_BOUND('',#720,.T.);
#517=FACE_OUTER_BOUND('',#721,.T.);
#518=FACE_OUTER_BOUND('',#722,.T.);
#519=FACE_OUTER_BOUND('',#723,.T.);
#520=FACE_OUTER_BOUND('',#724,.T.);
#521=FACE_OUTER_BOUND('',#725,.T.);
#522=FACE_OUTER_BOUND('',#726,.T.);
#523=FACE_OUTER_BOUND('',#727,.T.);
#524=FACE_OUTER_BOUND('',#728,.T.);
#525=FACE_OUTER_BOUND('',#729,.T.);
#526=FACE_OUTER_BOUND('',#730,.T.);
#527=FACE_OUTER_BOUND('',#731,.T.);
#528=FACE_OUTER_BOUND('',#732,.T.);
#529=FACE_OUTER_BOUND('',#733,.T.);
#530=FACE_OUTER_BOUND('',#734,.T.);
#531=FACE_OUTER_BOUND('',#736,.T.);
#532=FACE_OUTER_BOUND('',#737,.T.);
#533=FACE_OUTER_BOUND('',#738,.T.);
#534=FACE_OUTER_BOUND('',#739,.T.);
#535=FACE_OUTER_BOUND('',#740,.T.);
#536=EDGE_LOOP('',(#2292,#2293,#2294,#2295));
#537=EDGE_LOOP('',(#2296,#2297,#2298,#2299));
#538=EDGE_LOOP('',(#2300,#2301,#2302,#2303));
#539=EDGE_LOOP('',(#2304,#2305,#2306,#2307));
#540=EDGE_LOOP('',(#2308,#2309,#2310,#2311,#2312,#2313,#2314,#2315,#2316,
#2317,#2318));
#541=EDGE_LOOP('',(#2319,#2320,#2321,#2322,#2323,#2324,#2325,#2326,#2327,
#2328,#2329));
#542=EDGE_LOOP('',(#2330,#2331,#2332,#2333));
#543=EDGE_LOOP('',(#2334,#2335,#2336,#2337));
#544=EDGE_LOOP('',(#2338,#2339,#2340,#2341,#2342,#2343,#2344,#2345,#2346,
#2347,#2348));
#545=EDGE_LOOP('',(#2349,#2350,#2351,#2352));
#546=EDGE_LOOP('',(#2353,#2354,#2355,#2356));
#547=EDGE_LOOP('',(#2357,#2358,#2359,#2360));
#548=EDGE_LOOP('',(#2361,#2362,#2363,#2364,#2365,#2366,#2367));
#549=EDGE_LOOP('',(#2368,#2369,#2370,#2371,#2372,#2373,#2374,#2375,#2376,
#2377,#2378));
#550=EDGE_LOOP('',(#2379,#2380,#2381,#2382,#2383));
#551=EDGE_LOOP('',(#2384,#2385,#2386,#2387,#2388));
#552=EDGE_LOOP('',(#2389,#2390,#2391,#2392,#2393,#2394,#2395));
#553=EDGE_LOOP('',(#2396,#2397,#2398,#2399,#2400,#2401,#2402));
#554=EDGE_LOOP('',(#2403,#2404,#2405,#2406));
#555=EDGE_LOOP('',(#2407,#2408,#2409,#2410,#2411,#2412,#2413,#2414));
#556=EDGE_LOOP('',(#2415,#2416,#2417,#2418,#2419,#2420,#2421,#2422,#2423,
#2424,#2425,#2426));
#557=EDGE_LOOP('',(#2427,#2428,#2429,#2430));
#558=EDGE_LOOP('',(#2431,#2432,#2433,#2434));
#559=EDGE_LOOP('',(#2435,#2436,#2437,#2438,#2439,#2440,#2441,#2442));
#560=EDGE_LOOP('',(#2443,#2444,#2445,#2446,#2447));
#561=EDGE_LOOP('',(#2448));
#562=EDGE_LOOP('',(#2449,#2450,#2451,#2452,#2453,#2454,#2455,#2456,#2457));
#563=EDGE_LOOP('',(#2458,#2459,#2460,#2461));
#564=EDGE_LOOP('',(#2462,#2463,#2464,#2465));
#565=EDGE_LOOP('',(#2466,#2467,#2468,#2469,#2470));
#566=EDGE_LOOP('',(#2471,#2472,#2473,#2474,#2475,#2476,#2477));
#567=EDGE_LOOP('',(#2478,#2479,#2480,#2481,#2482));
#568=EDGE_LOOP('',(#2483));
#569=EDGE_LOOP('',(#2484,#2485,#2486,#2487,#2488,#2489));
#570=EDGE_LOOP('',(#2490,#2491,#2492,#2493,#2494));
#571=EDGE_LOOP('',(#2495,#2496,#2497,#2498,#2499,#2500,#2501,#2502,#2503,
#2504,#2505,#2506,#2507,#2508,#2509));
#572=EDGE_LOOP('',(#2510,#2511,#2512,#2513));
#573=EDGE_LOOP('',(#2514,#2515,#2516,#2517));
#574=EDGE_LOOP('',(#2518,#2519,#2520,#2521,#2522,#2523));
#575=EDGE_LOOP('',(#2524,#2525,#2526,#2527));
#576=EDGE_LOOP('',(#2528,#2529,#2530,#2531));
#577=EDGE_LOOP('',(#2532,#2533,#2534,#2535));
#578=EDGE_LOOP('',(#2536));
#579=EDGE_LOOP('',(#2537));
#580=EDGE_LOOP('',(#2538,#2539,#2540,#2541));
#581=EDGE_LOOP('',(#2542,#2543,#2544,#2545));
#582=EDGE_LOOP('',(#2546,#2547,#2548,#2549));
#583=EDGE_LOOP('',(#2550,#2551,#2552,#2553));
#584=EDGE_LOOP('',(#2554,#2555,#2556,#2557));
#585=EDGE_LOOP('',(#2558,#2559,#2560,#2561));
#586=EDGE_LOOP('',(#2562,#2563,#2564,#2565));
#587=EDGE_LOOP('',(#2566,#2567,#2568,#2569));
#588=EDGE_LOOP('',(#2570,#2571,#2572,#2573));
#589=EDGE_LOOP('',(#2574,#2575,#2576,#2577));
#590=EDGE_LOOP('',(#2578,#2579,#2580,#2581));
#591=EDGE_LOOP('',(#2582,#2583,#2584,#2585));
#592=EDGE_LOOP('',(#2586,#2587,#2588,#2589));
#593=EDGE_LOOP('',(#2590,#2591,#2592,#2593));
#594=EDGE_LOOP('',(#2594,#2595,#2596,#2597));
#595=EDGE_LOOP('',(#2598,#2599,#2600,#2601));
#596=EDGE_LOOP('',(#2602,#2603,#2604,#2605));
#597=EDGE_LOOP('',(#2606,#2607,#2608,#2609));
#598=EDGE_LOOP('',(#2610,#2611,#2612,#2613));
#599=EDGE_LOOP('',(#2614,#2615,#2616,#2617,#2618,#2619));
#600=EDGE_LOOP('',(#2620,#2621,#2622,#2623,#2624,#2625,#2626,#2627,#2628,
#2629,#2630,#2631));
#601=EDGE_LOOP('',(#2632,#2633,#2634,#2635,#2636,#2637,#2638,#2639,#2640,
#2641,#2642));
#602=EDGE_LOOP('',(#2643,#2644,#2645,#2646));
#603=EDGE_LOOP('',(#2647,#2648,#2649,#2650));
#604=EDGE_LOOP('',(#2651,#2652,#2653,#2654));
#605=EDGE_LOOP('',(#2655,#2656,#2657,#2658,#2659,#2660));
#606=EDGE_LOOP('',(#2661));
#607=EDGE_LOOP('',(#2662));
#608=EDGE_LOOP('',(#2663));
#609=EDGE_LOOP('',(#2664,#2665,#2666,#2667,#2668,#2669,#2670,#2671));
#610=EDGE_LOOP('',(#2672,#2673,#2674,#2675,#2676,#2677,#2678,#2679));
#611=EDGE_LOOP('',(#2680,#2681,#2682,#2683));
#612=EDGE_LOOP('',(#2684,#2685,#2686,#2687));
#613=EDGE_LOOP('',(#2688,#2689,#2690,#2691,#2692,#2693,#2694,#2695,#2696,
#2697,#2698,#2699));
#614=EDGE_LOOP('',(#2700));
#615=EDGE_LOOP('',(#2701));
#616=EDGE_LOOP('',(#2702));
#617=EDGE_LOOP('',(#2703));
#618=EDGE_LOOP('',(#2704));
#619=EDGE_LOOP('',(#2705,#2706,#2707,#2708));
#620=EDGE_LOOP('',(#2709,#2710,#2711,#2712));
#621=EDGE_LOOP('',(#2713,#2714,#2715,#2716,#2717));
#622=EDGE_LOOP('',(#2718,#2719,#2720,#2721,#2722,#2723,#2724,#2725,#2726,
#2727,#2728,#2729,#2730,#2731));
#623=EDGE_LOOP('',(#2732,#2733,#2734,#2735,#2736,#2737,#2738,#2739,#2740,
#2741,#2742,#2743,#2744,#2745,#2746,#2747));
#624=EDGE_LOOP('',(#2748,#2749,#2750,#2751,#2752,#2753,#2754,#2755,#2756,
#2757,#2758,#2759,#2760,#2761,#2762,#2763,#2764,#2765,#2766,#2767,#2768,
#2769,#2770,#2771,#2772,#2773,#2774,#2775,#2776,#2777,#2778,#2779,#2780,
#2781,#2782,#2783,#2784,#2785,#2786,#2787,#2788,#2789,#2790,#2791,#2792,
#2793,#2794,#2795,#2796,#2797,#2798,#2799,#2800,#2801,#2802,#2803,#2804,
#2805,#2806,#2807,#2808,#2809,#2810,#2811,#2812,#2813,#2814,#2815,#2816,
#2817,#2818,#2819,#2820,#2821,#2822,#2823,#2824));
#625=EDGE_LOOP('',(#2825,#2826,#2827,#2828,#2829,#2830,#2831,#2832,#2833,
#2834,#2835,#2836,#2837,#2838,#2839,#2840,#2841,#2842,#2843,#2844,#2845,
#2846,#2847,#2848,#2849,#2850,#2851,#2852,#2853,#2854,#2855,#2856,#2857,
#2858,#2859,#2860,#2861,#2862,#2863,#2864));
#626=EDGE_LOOP('',(#2865,#2866,#2867,#2868,#2869,#2870,#2871,#2872,#2873,
#2874,#2875,#2876,#2877,#2878,#2879,#2880,#2881,#2882,#2883,#2884,#2885,
#2886,#2887,#2888,#2889,#2890,#2891,#2892,#2893,#2894,#2895,#2896,#2897,
#2898,#2899,#2900,#2901,#2902,#2903,#2904,#2905));
#627=EDGE_LOOP('',(#2906,#2907,#2908,#2909));
#628=EDGE_LOOP('',(#2910,#2911,#2912,#2913));
#629=EDGE_LOOP('',(#2914,#2915,#2916,#2917,#2918));
#630=EDGE_LOOP('',(#2919,#2920,#2921));
#631=EDGE_LOOP('',(#2922,#2923,#2924,#2925,#2926));
#632=EDGE_LOOP('',(#2927,#2928,#2929,#2930));
#633=EDGE_LOOP('',(#2931,#2932,#2933,#2934));
#634=EDGE_LOOP('',(#2935,#2936,#2937,#2938));
#635=EDGE_LOOP('',(#2939,#2940,#2941,#2942));
#636=EDGE_LOOP('',(#2943,#2944,#2945,#2946));
#637=EDGE_LOOP('',(#2947,#2948,#2949,#2950));
#638=EDGE_LOOP('',(#2951,#2952,#2953,#2954));
#639=EDGE_LOOP('',(#2955,#2956,#2957,#2958));
#640=EDGE_LOOP('',(#2959,#2960,#2961,#2962));
#641=EDGE_LOOP('',(#2963,#2964,#2965,#2966));
#642=EDGE_LOOP('',(#2967,#2968,#2969,#2970));
#643=EDGE_LOOP('',(#2971,#2972,#2973,#2974));
#644=EDGE_LOOP('',(#2975,#2976,#2977,#2978));
#645=EDGE_LOOP('',(#2979,#2980,#2981,#2982));
#646=EDGE_LOOP('',(#2983,#2984,#2985,#2986));
#647=EDGE_LOOP('',(#2987,#2988,#2989,#2990));
#648=EDGE_LOOP('',(#2991,#2992,#2993,#2994));
#649=EDGE_LOOP('',(#2995,#2996,#2997,#2998));
#650=EDGE_LOOP('',(#2999,#3000,#3001,#3002));
#651=EDGE_LOOP('',(#3003,#3004,#3005,#3006));
#652=EDGE_LOOP('',(#3007,#3008,#3009,#3010));
#653=EDGE_LOOP('',(#3011,#3012,#3013,#3014));
#654=EDGE_LOOP('',(#3015,#3016,#3017,#3018));
#655=EDGE_LOOP('',(#3019,#3020,#3021,#3022));
#656=EDGE_LOOP('',(#3023,#3024,#3025,#3026));
#657=EDGE_LOOP('',(#3027,#3028,#3029,#3030));
#658=EDGE_LOOP('',(#3031,#3032,#3033,#3034));
#659=EDGE_LOOP('',(#3035,#3036,#3037,#3038));
#660=EDGE_LOOP('',(#3039,#3040,#3041,#3042));
#661=EDGE_LOOP('',(#3043,#3044,#3045,#3046));
#662=EDGE_LOOP('',(#3047,#3048,#3049,#3050));
#663=EDGE_LOOP('',(#3051,#3052,#3053,#3054));
#664=EDGE_LOOP('',(#3055,#3056,#3057,#3058));
#665=EDGE_LOOP('',(#3059,#3060,#3061,#3062));
#666=EDGE_LOOP('',(#3063,#3064,#3065,#3066));
#667=EDGE_LOOP('',(#3067,#3068,#3069,#3070));
#668=EDGE_LOOP('',(#3071,#3072,#3073,#3074));
#669=EDGE_LOOP('',(#3075,#3076,#3077,#3078));
#670=EDGE_LOOP('',(#3079,#3080,#3081,#3082));
#671=EDGE_LOOP('',(#3083,#3084,#3085,#3086));
#672=EDGE_LOOP('',(#3087,#3088,#3089,#3090));
#673=EDGE_LOOP('',(#3091,#3092,#3093,#3094));
#674=EDGE_LOOP('',(#3095,#3096,#3097,#3098));
#675=EDGE_LOOP('',(#3099,#3100,#3101,#3102));
#676=EDGE_LOOP('',(#3103,#3104,#3105,#3106));
#677=EDGE_LOOP('',(#3107,#3108,#3109,#3110));
#678=EDGE_LOOP('',(#3111,#3112,#3113,#3114));
#679=EDGE_LOOP('',(#3115,#3116,#3117,#3118));
#680=EDGE_LOOP('',(#3119,#3120,#3121,#3122));
#681=EDGE_LOOP('',(#3123,#3124,#3125,#3126));
#682=EDGE_LOOP('',(#3127,#3128,#3129,#3130));
#683=EDGE_LOOP('',(#3131,#3132,#3133,#3134));
#684=EDGE_LOOP('',(#3135,#3136,#3137,#3138));
#685=EDGE_LOOP('',(#3139,#3140,#3141,#3142));
#686=EDGE_LOOP('',(#3143,#3144,#3145,#3146));
#687=EDGE_LOOP('',(#3147,#3148,#3149,#3150));
#688=EDGE_LOOP('',(#3151,#3152,#3153,#3154));
#689=EDGE_LOOP('',(#3155,#3156,#3157,#3158));
#690=EDGE_LOOP('',(#3159,#3160,#3161,#3162));
#691=EDGE_LOOP('',(#3163,#3164,#3165,#3166));
#692=EDGE_LOOP('',(#3167,#3168,#3169,#3170));
#693=EDGE_LOOP('',(#3171,#3172,#3173,#3174));
#694=EDGE_LOOP('',(#3175,#3176,#3177,#3178,#3179));
#695=EDGE_LOOP('',(#3180,#3181,#3182,#3183));
#696=EDGE_LOOP('',(#3184,#3185,#3186,#3187));
#697=EDGE_LOOP('',(#3188,#3189,#3190,#3191));
#698=EDGE_LOOP('',(#3192,#3193,#3194));
#699=EDGE_LOOP('',(#3195,#3196,#3197,#3198));
#700=EDGE_LOOP('',(#3199,#3200,#3201,#3202));
#701=EDGE_LOOP('',(#3203,#3204,#3205,#3206,#3207));
#702=EDGE_LOOP('',(#3208,#3209,#3210,#3211,#3212));
#703=EDGE_LOOP('',(#3213,#3214,#3215));
#704=EDGE_LOOP('',(#3216,#3217,#3218,#3219));
#705=EDGE_LOOP('',(#3220,#3221,#3222));
#706=EDGE_LOOP('',(#3223,#3224,#3225,#3226));
#707=EDGE_LOOP('',(#3227,#3228,#3229,#3230));
#708=EDGE_LOOP('',(#3231,#3232,#3233,#3234,#3235,#3236));
#709=EDGE_LOOP('',(#3237));
#710=EDGE_LOOP('',(#3238,#3239,#3240,#3241));
#711=EDGE_LOOP('',(#3242,#3243,#3244,#3245));
#712=EDGE_LOOP('',(#3246));
#713=EDGE_LOOP('',(#3247,#3248,#3249,#3250,#3251,#3252));
#714=EDGE_LOOP('',(#3253,#3254,#3255,#3256));
#715=EDGE_LOOP('',(#3257,#3258,#3259,#3260,#3261,#3262,#3263,#3264));
#716=EDGE_LOOP('',(#3265,#3266,#3267,#3268));
#717=EDGE_LOOP('',(#3269,#3270,#3271,#3272,#3273,#3274));
#718=EDGE_LOOP('',(#3275,#3276,#3277,#3278));
#719=EDGE_LOOP('',(#3279,#3280,#3281,#3282));
#720=EDGE_LOOP('',(#3283,#3284,#3285,#3286));
#721=EDGE_LOOP('',(#3287,#3288,#3289,#3290));
#722=EDGE_LOOP('',(#3291,#3292,#3293,#3294));
#723=EDGE_LOOP('',(#3295,#3296,#3297,#3298));
#724=EDGE_LOOP('',(#3299,#3300,#3301,#3302));
#725=EDGE_LOOP('',(#3303,#3304,#3305,#3306));
#726=EDGE_LOOP('',(#3307,#3308,#3309,#3310));
#727=EDGE_LOOP('',(#3311,#3312,#3313,#3314));
#728=EDGE_LOOP('',(#3315,#3316,#3317,#3318,#3319,#3320));
#729=EDGE_LOOP('',(#3321,#3322,#3323,#3324,#3325,#3326));
#730=EDGE_LOOP('',(#3327,#3328,#3329,#3330,#3331,#3332,#3333,#3334));
#731=EDGE_LOOP('',(#3335,#3336,#3337,#3338));
#732=EDGE_LOOP('',(#3339,#3340,#3341,#3342,#3343,#3344));
#733=EDGE_LOOP('',(#3345,#3346,#3347,#3348));
#734=EDGE_LOOP('',(#3349,#3350,#3351,#3352,#3353,#3354,#3355,#3356));
#735=EDGE_LOOP('',(#3357));
#736=EDGE_LOOP('',(#3358,#3359,#3360,#3361,#3362,#3363));
#737=EDGE_LOOP('',(#3364,#3365,#3366,#3367,#3368,#3369));
#738=EDGE_LOOP('',(#3370,#3371,#3372,#3373,#3374,#3375));
#739=EDGE_LOOP('',(#3376,#3377,#3378,#3379));
#740=EDGE_LOOP('',(#3380,#3381,#3382,#3383));
#741=LINE('',#4466,#1062);
#742=LINE('',#4468,#1063);
#743=LINE('',#4470,#1064);
#744=LINE('',#4471,#1065);
#745=LINE('',#4474,#1066);
#746=LINE('',#4476,#1067);
#747=LINE('',#4477,#1068);
#748=LINE('',#4480,#1069);
#749=LINE('',#4481,#1070);
#750=LINE('',#4484,#1071);
#751=LINE('',#4485,#1072);
#752=LINE('',#4488,#1073);
#753=LINE('',#4490,#1074);
#754=LINE('',#4492,#1075);
#755=LINE('',#4494,#1076);
#756=LINE('',#4496,#1077);
#757=LINE('',#4498,#1078);
#758=LINE('',#4500,#1079);
#759=LINE('',#4502,#1080);
#760=LINE('',#4504,#1081);
#761=LINE('',#4505,#1082);
#762=LINE('',#4508,#1083);
#763=LINE('',#4510,#1084);
#764=LINE('',#4512,#1085);
#765=LINE('',#4514,#1086);
#766=LINE('',#4516,#1087);
#767=LINE('',#4518,#1088);
#768=LINE('',#4520,#1089);
#769=LINE('',#4522,#1090);
#770=LINE('',#4524,#1091);
#771=LINE('',#4525,#1092);
#772=LINE('',#4528,#1093);
#773=LINE('',#4530,#1094);
#774=LINE('',#4532,#1095);
#775=LINE('',#4536,#1096);
#776=LINE('',#4540,#1097);
#777=LINE('',#4541,#1098);
#778=LINE('',#4544,#1099);
#779=LINE('',#4546,#1100);
#780=LINE('',#4548,#1101);
#781=LINE('',#4550,#1102);
#782=LINE('',#4552,#1103);
#783=LINE('',#4554,#1104);
#784=LINE('',#4556,#1105);
#785=LINE('',#4558,#1106);
#786=LINE('',#4560,#1107);
#787=LINE('',#4561,#1108);
#788=LINE('',#4564,#1109);
#789=LINE('',#4568,#1110);
#790=LINE('',#4569,#1111);
#791=LINE('',#4572,#1112);
#792=LINE('',#4574,#1113);
#793=LINE('',#4576,#1114);
#794=LINE('',#4580,#1115);
#795=LINE('',#4581,#1116);
#796=LINE('',#4585,#1117);
#797=LINE('',#4586,#1118);
#798=LINE('',#4587,#1119);
#799=LINE('',#4589,#1120);
#800=LINE('',#4590,#1121);
#801=LINE('',#4593,#1122);
#802=LINE('',#4595,#1123);
#803=LINE('',#4597,#1124);
#804=LINE('',#4599,#1125);
#805=LINE('',#4601,#1126);
#806=LINE('',#4602,#1127);
#807=LINE('',#4603,#1128);
#808=LINE('',#4606,#1129);
#809=LINE('',#4608,#1130);
#810=LINE('',#4609,#1131);
#811=LINE('',#4612,#1132);
#812=LINE('',#4613,#1133);
#813=LINE('',#4616,#1134);
#814=LINE('',#4618,#1135);
#815=LINE('',#4620,#1136);
#816=LINE('',#4621,#1137);
#817=LINE('',#4627,#1138);
#818=LINE('',#4629,#1139);
#819=LINE('',#4631,#1140);
#820=LINE('',#4633,#1141);
#821=LINE('',#4635,#1142);
#822=LINE('',#4636,#1143);
#823=LINE('',#4639,#1144);
#824=LINE('',#4641,#1145);
#825=LINE('',#4642,#1146);
#826=LINE('',#4645,#1147);
#827=LINE('',#4647,#1148);
#828=LINE('',#4649,#1149);
#829=LINE('',#4651,#1150);
#830=LINE('',#4653,#1151);
#831=LINE('',#4655,#1152);
#832=LINE('',#4656,#1153);
#833=LINE('',#4659,#1154);
#834=LINE('',#4661,#1155);
#835=LINE('',#4663,#1156);
#836=LINE('',#4665,#1157);
#837=LINE('',#4669,#1158);
#838=LINE('',#4670,#1159);
#839=LINE('',#4676,#1160);
#840=LINE('',#4678,#1161);
#841=LINE('',#4680,#1162);
#842=LINE('',#4684,#1163);
#843=LINE('',#4686,#1164);
#844=LINE('',#4688,#1165);
#845=LINE('',#4692,#1166);
#846=LINE('',#4694,#1167);
#847=LINE('',#4696,#1168);
#848=LINE('',#4698,#1169);
#849=LINE('',#4699,#1170);
#850=LINE('',#4702,#1171);
#851=LINE('',#4704,#1172);
#852=LINE('',#4705,#1173);
#853=LINE('',#4711,#1174);
#854=LINE('',#4712,#1175);
#855=LINE('',#4714,#1176);
#856=LINE('',#4716,#1177);
#857=LINE('',#4718,#1178);
#858=LINE('',#4720,#1179);
#859=LINE('',#4721,#1180);
#860=LINE('',#4724,#1181);
#861=LINE('',#4725,#1182);
#862=LINE('',#4728,#1183);
#863=LINE('',#4730,#1184);
#864=LINE('',#4731,#1185);
#865=LINE('',#4734,#1186);
#866=LINE('',#4736,#1187);
#867=LINE('',#4737,#1188);
#868=LINE('',#4740,#1189);
#869=LINE('',#4741,#1190);
#870=LINE('',#4743,#1191);
#871=LINE('',#4744,#1192);
#872=LINE('',#4747,#1193);
#873=LINE('',#4748,#1194);
#874=LINE('',#4753,#1195);
#875=LINE('',#4757,#1196);
#876=LINE('',#4759,#1197);
#877=LINE('',#4760,#1198);
#878=LINE('',#4763,#1199);
#879=LINE('',#4765,#1200);
#880=LINE('',#4766,#1201);
#881=LINE('',#4767,#1202);
#882=LINE('',#4769,#1203);
#883=LINE('',#4771,#1204);
#884=LINE('',#4772,#1205);
#885=LINE('',#4775,#1206);
#886=LINE('',#4779,#1207);
#887=LINE('',#4780,#1208);
#888=LINE('',#4783,#1209);
#889=LINE('',#4787,#1210);
#890=LINE('',#4788,#1211);
#891=LINE('',#4791,#1212);
#892=LINE('',#4793,#1213);
#893=LINE('',#4794,#1214);
#894=LINE('',#4798,#1215);
#895=LINE('',#4799,#1216);
#896=LINE('',#4802,#1217);
#897=LINE('',#4803,#1218);
#898=LINE('',#4809,#1219);
#899=LINE('',#4811,#1220);
#900=LINE('',#4812,#1221);
#901=LINE('',#4814,#1222);
#902=LINE('',#4816,#1223);
#903=LINE('',#4817,#1224);
#904=LINE('',#4819,#1225);
#905=LINE('',#4821,#1226);
#906=LINE('',#4823,#1227);
#907=LINE('',#4825,#1228);
#908=LINE('',#4826,#1229);
#909=LINE('',#4828,#1230);
#910=LINE('',#4830,#1231);
#911=LINE('',#4831,#1232);
#912=LINE('',#4833,#1233);
#913=LINE('',#4835,#1234);
#914=LINE('',#4836,#1235);
#915=LINE('',#4844,#1236);
#916=LINE('',#4847,#1237);
#917=LINE('',#4850,#1238);
#918=LINE('',#4851,#1239);
#919=LINE('',#4854,#1240);
#920=LINE('',#4856,#1241);
#921=LINE('',#4858,#1242);
#922=LINE('',#4859,#1243);
#923=LINE('',#4862,#1244);
#924=LINE('',#4864,#1245);
#925=LINE('',#4866,#1246);
#926=LINE('',#4868,#1247);
#927=LINE('',#4869,#1248);
#928=LINE('',#4871,#1249);
#929=LINE('',#4872,#1250);
#930=LINE('',#4874,#1251);
#931=LINE('',#4875,#1252);
#932=LINE('',#4878,#1253);
#933=LINE('',#4879,#1254);
#934=LINE('',#4882,#1255);
#935=LINE('',#4883,#1256);
#936=LINE('',#4885,#1257);
#937=LINE('',#4895,#1258);
#938=LINE('',#4897,#1259);
#939=LINE('',#4899,#1260);
#940=LINE('',#4901,#1261);
#941=LINE('',#4903,#1262);
#942=LINE('',#4905,#1263);
#943=LINE('',#4907,#1264);
#944=LINE('',#4908,#1265);
#945=LINE('',#4912,#1266);
#946=LINE('',#4914,#1267);
#947=LINE('',#4916,#1268);
#948=LINE('',#4918,#1269);
#949=LINE('',#4920,#1270);
#950=LINE('',#4922,#1271);
#951=LINE('',#4924,#1272);
#952=LINE('',#4925,#1273);
#953=LINE('',#4927,#1274);
#954=LINE('',#4928,#1275);
#955=LINE('',#4932,#1276);
#956=LINE('',#4934,#1277);
#957=LINE('',#4936,#1278);
#958=LINE('',#4937,#1279);
#959=LINE('',#4940,#1280);
#960=LINE('',#4942,#1281);
#961=LINE('',#4944,#1282);
#962=LINE('',#4988,#1283);
#963=LINE('',#5095,#1284);
#964=LINE('',#5109,#1285);
#965=LINE('',#5111,#1286);
#966=LINE('',#5114,#1287);
#967=LINE('',#5115,#1288);
#968=LINE('',#5116,#1289);
#969=LINE('',#5119,#1290);
#970=LINE('',#5120,#1291);
#971=LINE('',#5122,#1292);
#972=LINE('',#5123,#1293);
#973=LINE('',#5125,#1294);
#974=LINE('',#5126,#1295);
#975=LINE('',#5129,#1296);
#976=LINE('',#5261,#1297);
#977=LINE('',#5368,#1298);
#978=LINE('',#5369,#1299);
#979=LINE('',#5413,#1300);
#980=LINE('',#5448,#1301);
#981=LINE('',#5483,#1302);
#982=LINE('',#5518,#1303);
#983=LINE('',#5553,#1304);
#984=LINE('',#5588,#1305);
#985=LINE('',#5657,#1306);
#986=LINE('',#5692,#1307);
#987=LINE('',#5727,#1308);
#988=LINE('',#5735,#1309);
#989=LINE('',#5751,#1310);
#990=LINE('',#5831,#1311);
#991=LINE('',#5908,#1312);
#992=LINE('',#5952,#1313);
#993=LINE('',#6032,#1314);
#994=LINE('',#6112,#1315);
#995=LINE('',#6192,#1316);
#996=LINE('',#6272,#1317);
#997=LINE('',#6352,#1318);
#998=LINE('',#6393,#1319);
#999=LINE('',#6436,#1320);
#1000=LINE('',#6482,#1321);
#1001=LINE('',#6528,#1322);
#1002=LINE('',#6571,#1323);
#1003=LINE('',#6614,#1324);
#1004=LINE('',#6657,#1325);
#1005=LINE('',#6700,#1326);
#1006=LINE('',#6743,#1327);
#1007=LINE('',#6759,#1328);
#1008=LINE('',#6775,#1329);
#1009=LINE('',#6821,#1330);
#1010=LINE('',#6864,#1331);
#1011=LINE('',#6910,#1332);
#1012=LINE('',#6956,#1333);
#1013=LINE('',#7002,#1334);
#1014=LINE('',#7045,#1335);
#1015=LINE('',#7091,#1336);
#1016=LINE('',#7137,#1337);
#1017=LINE('',#7183,#1338);
#1018=LINE('',#7191,#1339);
#1019=LINE('',#10058,#1340);
#1020=LINE('',#10059,#1341);
#1021=LINE('',#10061,#1342);
#1022=LINE('',#10064,#1343);
#1023=LINE('',#10066,#1344);
#1024=LINE('',#10068,#1345);
#1025=LINE('',#10069,#1346);
#1026=LINE('',#10073,#1347);
#1027=LINE('',#10079,#1348);
#1028=LINE('',#10081,#1349);
#1029=LINE('',#10083,#1350);
#1030=LINE('',#10085,#1351);
#1031=LINE('',#10086,#1352);
#1032=LINE('',#10088,#1353);
#1033=LINE('',#10092,#1354);
#1034=LINE('',#10094,#1355);
#1035=LINE('',#10095,#1356);
#1036=LINE('',#10096,#1357);
#1037=LINE('',#10098,#1358);
#1038=LINE('',#10099,#1359);
#1039=LINE('',#10101,#1360);
#1040=LINE('',#10103,#1361);
#1041=LINE('',#10105,#1362);
#1042=LINE('',#10107,#1363);
#1043=LINE('',#10109,#1364);
#1044=LINE('',#10114,#1365);
#1045=LINE('',#10116,#1366);
#1046=LINE('',#10118,#1367);
#1047=LINE('',#10120,#1368);
#1048=LINE('',#10122,#1369);
#1049=LINE('',#10125,#1370);
#1050=LINE('',#10126,#1371);
#1051=LINE('',#10129,#1372);
#1052=LINE('',#10131,#1373);
#1053=LINE('',#10133,#1374);
#1054=LINE('',#10134,#1375);
#1055=LINE('',#10137,#1376);
#1056=LINE('',#10138,#1377);
#1057=LINE('',#10140,#1378);
#1058=LINE('',#10141,#1379);
#1059=LINE('',#10144,#1380);
#1060=LINE('',#10148,#1381);
#1061=LINE('',#10151,#1382);
#1062=VECTOR('',#3827,10.);
#1063=VECTOR('',#3828,10.);
#1064=VECTOR('',#3829,10.);
#1065=VECTOR('',#3830,10.);
#1066=VECTOR('',#3833,10.);
#1067=VECTOR('',#3834,10.);
#1068=VECTOR('',#3835,10.);
#1069=VECTOR('',#3838,10.);
#1070=VECTOR('',#3839,10.);
#1071=VECTOR('',#3842,10.);
#1072=VECTOR('',#3843,10.);
#1073=VECTOR('',#3846,10.);
#1074=VECTOR('',#3847,10.);
#1075=VECTOR('',#3848,10.);
#1076=VECTOR('',#3849,10.);
#1077=VECTOR('',#3850,10.);
#1078=VECTOR('',#3851,10.);
#1079=VECTOR('',#3852,10.);
#1080=VECTOR('',#3853,10.);
#1081=VECTOR('',#3854,10.);
#1082=VECTOR('',#3855,10.);
#1083=VECTOR('',#3858,10.);
#1084=VECTOR('',#3859,10.);
#1085=VECTOR('',#3860,10.);
#1086=VECTOR('',#3861,10.);
#1087=VECTOR('',#3862,10.);
#1088=VECTOR('',#3863,10.);
#1089=VECTOR('',#3864,10.);
#1090=VECTOR('',#3865,10.);
#1091=VECTOR('',#3866,10.);
#1092=VECTOR('',#3867,10.);
#1093=VECTOR('',#3868,10.);
#1094=VECTOR('',#3869,10.);
#1095=VECTOR('',#3870,10.);
#1096=VECTOR('',#3873,10.);
#1097=VECTOR('',#3876,10.);
#1098=VECTOR('',#3877,10.);
#1099=VECTOR('',#3880,10.);
#1100=VECTOR('',#3881,10.);
#1101=VECTOR('',#3882,10.);
#1102=VECTOR('',#3883,10.);
#1103=VECTOR('',#3884,10.);
#1104=VECTOR('',#3885,10.);
#1105=VECTOR('',#3886,10.);
#1106=VECTOR('',#3887,10.);
#1107=VECTOR('',#3888,10.);
#1108=VECTOR('',#3889,10.);
#1109=VECTOR('',#3890,10.);
#1110=VECTOR('',#3893,10.);
#1111=VECTOR('',#3894,10.);
#1112=VECTOR('',#3895,10.);
#1113=VECTOR('',#3896,10.);
#1114=VECTOR('',#3897,10.);
#1115=VECTOR('',#3902,10.);
#1116=VECTOR('',#3903,10.);
#1117=VECTOR('',#3906,10.);
#1118=VECTOR('',#3907,10.);
#1119=VECTOR('',#3908,10.);
#1120=VECTOR('',#3909,10.);
#1121=VECTOR('',#3910,10.);
#1122=VECTOR('',#3913,10.);
#1123=VECTOR('',#3914,10.);
#1124=VECTOR('',#3915,10.);
#1125=VECTOR('',#3916,10.);
#1126=VECTOR('',#3917,10.);
#1127=VECTOR('',#3918,10.);
#1128=VECTOR('',#3919,10.);
#1129=VECTOR('',#3922,10.);
#1130=VECTOR('',#3923,10.);
#1131=VECTOR('',#3924,10.);
#1132=VECTOR('',#3927,10.);
#1133=VECTOR('',#3928,10.);
#1134=VECTOR('',#3931,10.);
#1135=VECTOR('',#3932,10.);
#1136=VECTOR('',#3933,10.);
#1137=VECTOR('',#3934,10.);
#1138=VECTOR('',#3939,10.);
#1139=VECTOR('',#3940,10.);
#1140=VECTOR('',#3941,10.);
#1141=VECTOR('',#3942,10.);
#1142=VECTOR('',#3943,10.);
#1143=VECTOR('',#3944,10.);
#1144=VECTOR('',#3947,10.);
#1145=VECTOR('',#3948,10.);
#1146=VECTOR('',#3949,10.);
#1147=VECTOR('',#3952,10.);
#1148=VECTOR('',#3953,10.);
#1149=VECTOR('',#3954,10.);
#1150=VECTOR('',#3955,10.);
#1151=VECTOR('',#3956,10.);
#1152=VECTOR('',#3957,10.);
#1153=VECTOR('',#3958,10.);
#1154=VECTOR('',#3961,10.);
#1155=VECTOR('',#3962,10.);
#1156=VECTOR('',#3963,10.);
#1157=VECTOR('',#3964,10.);
#1158=VECTOR('',#3967,10.);
#1159=VECTOR('',#3968,10.);
#1160=VECTOR('',#3973,10.);
#1161=VECTOR('',#3974,10.);
#1162=VECTOR('',#3975,10.);
#1163=VECTOR('',#3978,10.);
#1164=VECTOR('',#3979,10.);
#1165=VECTOR('',#3980,10.);
#1166=VECTOR('',#3985,10.);
#1167=VECTOR('',#3986,10.);
#1168=VECTOR('',#3987,10.);
#1169=VECTOR('',#3988,10.);
#1170=VECTOR('',#3989,10.);
#1171=VECTOR('',#3992,10.);
#1172=VECTOR('',#3993,10.);
#1173=VECTOR('',#3994,10.);
#1174=VECTOR('',#3999,10.);
#1175=VECTOR('',#4000,10.);
#1176=VECTOR('',#4001,10.);
#1177=VECTOR('',#4002,10.);
#1178=VECTOR('',#4003,10.);
#1179=VECTOR('',#4004,10.);
#1180=VECTOR('',#4005,10.);
#1181=VECTOR('',#4008,10.);
#1182=VECTOR('',#4009,10.);
#1183=VECTOR('',#4012,10.);
#1184=VECTOR('',#4013,10.);
#1185=VECTOR('',#4014,10.);
#1186=VECTOR('',#4017,10.);
#1187=VECTOR('',#4018,10.);
#1188=VECTOR('',#4019,10.);
#1189=VECTOR('',#4022,10.);
#1190=VECTOR('',#4023,10.);
#1191=VECTOR('',#4024,10.);
#1192=VECTOR('',#4025,10.);
#1193=VECTOR('',#4028,10.);
#1194=VECTOR('',#4029,10.);
#1195=VECTOR('',#4034,2.8);
#1196=VECTOR('',#4039,10.);
#1197=VECTOR('',#4040,10.);
#1198=VECTOR('',#4041,10.);
#1199=VECTOR('',#4044,10.);
#1200=VECTOR('',#4045,10.);
#1201=VECTOR('',#4046,10.);
#1202=VECTOR('',#4047,10.);
#1203=VECTOR('',#4048,10.);
#1204=VECTOR('',#4049,10.);
#1205=VECTOR('',#4050,10.);
#1206=VECTOR('',#4051,10.);
#1207=VECTOR('',#4054,10.);
#1208=VECTOR('',#4055,10.);
#1209=VECTOR('',#4056,10.);
#1210=VECTOR('',#4059,10.);
#1211=VECTOR('',#4060,10.);
#1212=VECTOR('',#4063,10.);
#1213=VECTOR('',#4064,10.);
#1214=VECTOR('',#4065,10.);
#1215=VECTOR('',#4070,10.);
#1216=VECTOR('',#4071,10.);
#1217=VECTOR('',#4074,10.);
#1218=VECTOR('',#4075,10.);
#1219=VECTOR('',#4082,10.);
#1220=VECTOR('',#4085,10.);
#1221=VECTOR('',#4086,10.);
#1222=VECTOR('',#4089,10.);
#1223=VECTOR('',#4092,10.);
#1224=VECTOR('',#4093,10.);
#1225=VECTOR('',#4096,10.);
#1226=VECTOR('',#4099,10.);
#1227=VECTOR('',#4102,10.);
#1228=VECTOR('',#4105,10.);
#1229=VECTOR('',#4106,10.);
#1230=VECTOR('',#4109,10.);
#1231=VECTOR('',#4112,10.);
#1232=VECTOR('',#4113,10.);
#1233=VECTOR('',#4116,10.);
#1234=VECTOR('',#4119,10.);
#1235=VECTOR('',#4120,10.);
#1236=VECTOR('',#4133,10.);
#1237=VECTOR('',#4136,10.);
#1238=VECTOR('',#4139,10.);
#1239=VECTOR('',#4140,10.);
#1240=VECTOR('',#4143,10.);
#1241=VECTOR('',#4144,10.);
#1242=VECTOR('',#4145,10.);
#1243=VECTOR('',#4146,10.);
#1244=VECTOR('',#4149,10.);
#1245=VECTOR('',#4150,10.);
#1246=VECTOR('',#4151,10.);
#1247=VECTOR('',#4152,10.);
#1248=VECTOR('',#4153,10.);
#1249=VECTOR('',#4154,10.);
#1250=VECTOR('',#4155,10.);
#1251=VECTOR('',#4158,10.);
#1252=VECTOR('',#4159,10.);
#1253=VECTOR('',#4162,10.);
#1254=VECTOR('',#4163,10.);
#1255=VECTOR('',#4166,10.);
#1256=VECTOR('',#4167,10.);
#1257=VECTOR('',#4170,10.);
#1258=VECTOR('',#4181,10.);
#1259=VECTOR('',#4182,10.);
#1260=VECTOR('',#4183,10.);
#1261=VECTOR('',#4184,10.);
#1262=VECTOR('',#4185,10.);
#1263=VECTOR('',#4186,10.);
#1264=VECTOR('',#4187,10.);
#1265=VECTOR('',#4188,10.);
#1266=VECTOR('',#4191,10.);
#1267=VECTOR('',#4192,10.);
#1268=VECTOR('',#4193,10.);
#1269=VECTOR('',#4194,10.);
#1270=VECTOR('',#4195,10.);
#1271=VECTOR('',#4196,10.);
#1272=VECTOR('',#4197,10.);
#1273=VECTOR('',#4198,10.);
#1274=VECTOR('',#4201,10.);
#1275=VECTOR('',#4202,10.);
#1276=VECTOR('',#4205,10.);
#1277=VECTOR('',#4206,10.);
#1278=VECTOR('',#4207,10.);
#1279=VECTOR('',#4208,10.);
#1280=VECTOR('',#4211,10.);
#1281=VECTOR('',#4212,10.);
#1282=VECTOR('',#4213,10.);
#1283=VECTOR('',#4216,10.);
#1284=VECTOR('',#4217,10.);
#1285=VECTOR('',#4234,1.5);
#1286=VECTOR('',#4237,1.5);
#1287=VECTOR('',#4240,10.);
#1288=VECTOR('',#4241,10.);
#1289=VECTOR('',#4242,10.);
#1290=VECTOR('',#4245,10.);
#1291=VECTOR('',#4246,10.);
#1292=VECTOR('',#4247,10.);
#1293=VECTOR('',#4248,10.);
#1294=VECTOR('',#4249,10.);
#1295=VECTOR('',#4250,10.);
#1296=VECTOR('',#4253,10.);
#1297=VECTOR('',#4256,10.);
#1298=VECTOR('',#4259,10.);
#1299=VECTOR('',#4260,10.);
#1300=VECTOR('',#4263,10.);
#1301=VECTOR('',#4264,10.);
#1302=VECTOR('',#4265,10.);
#1303=VECTOR('',#4266,10.);
#1304=VECTOR('',#4267,10.);
#1305=VECTOR('',#4268,10.);
#1306=VECTOR('',#4269,10.);
#1307=VECTOR('',#4270,10.);
#1308=VECTOR('',#4271,10.);
#1309=VECTOR('',#4272,10.);
#1310=VECTOR('',#4273,10.);
#1311=VECTOR('',#4274,10.);
#1312=VECTOR('',#4275,10.);
#1313=VECTOR('',#4276,10.);
#1314=VECTOR('',#4277,10.);
#1315=VECTOR('',#4278,10.);
#1316=VECTOR('',#4279,10.);
#1317=VECTOR('',#4280,10.);
#1318=VECTOR('',#4281,10.);
#1319=VECTOR('',#4284,10.);
#1320=VECTOR('',#4285,10.);
#1321=VECTOR('',#4286,10.);
#1322=VECTOR('',#4287,10.);
#1323=VECTOR('',#4288,10.);
#1324=VECTOR('',#4289,10.);
#1325=VECTOR('',#4290,10.);
#1326=VECTOR('',#4291,10.);
#1327=VECTOR('',#4292,10.);
#1328=VECTOR('',#4293,10.);
#1329=VECTOR('',#4296,10.);
#1330=VECTOR('',#4297,10.);
#1331=VECTOR('',#4298,10.);
#1332=VECTOR('',#4299,10.);
#1333=VECTOR('',#4300,10.);
#1334=VECTOR('',#4301,10.);
#1335=VECTOR('',#4302,10.);
#1336=VECTOR('',#4303,10.);
#1337=VECTOR('',#4304,10.);
#1338=VECTOR('',#4305,10.);
#1339=VECTOR('',#4306,10.);
#1340=VECTOR('',#4351,10.);
#1341=VECTOR('',#4352,10.);
#1342=VECTOR('',#4355,10.);
#1343=VECTOR('',#4358,10.);
#1344=VECTOR('',#4359,10.);
#1345=VECTOR('',#4360,10.);
#1346=VECTOR('',#4361,10.);
#1347=VECTOR('',#4366,1.65);
#1348=VECTOR('',#4373,10.);
#1349=VECTOR('',#4374,10.);
#1350=VECTOR('',#4375,10.);
#1351=VECTOR('',#4376,10.);
#1352=VECTOR('',#4377,10.);
#1353=VECTOR('',#4380,10.);
#1354=VECTOR('',#4383,10.);
#1355=VECTOR('',#4384,10.);
#1356=VECTOR('',#4385,10.);
#1357=VECTOR('',#4386,10.);
#1358=VECTOR('',#4389,10.);
#1359=VECTOR('',#4390,10.);
#1360=VECTOR('',#4393,10.);
#1361=VECTOR('',#4396,10.);
#1362=VECTOR('',#4399,10.);
#1363=VECTOR('',#4402,10.);
#1364=VECTOR('',#4405,10.);
#1365=VECTOR('',#4412,1.75);
#1366=VECTOR('',#4415,10.);
#1367=VECTOR('',#4418,1.5);
#1368=VECTOR('',#4421,1.5);
#1369=VECTOR('',#4424,4.45);
#1370=VECTOR('',#4427,10.);
#1371=VECTOR('',#4428,10.);
#1372=VECTOR('',#4431,10.);
#1373=VECTOR('',#4432,10.);
#1374=VECTOR('',#4433,10.);
#1375=VECTOR('',#4434,10.);
#1376=VECTOR('',#4437,10.);
#1377=VECTOR('',#4438,10.);
#1378=VECTOR('',#4441,10.);
#1379=VECTOR('',#4442,10.);
#1380=VECTOR('',#4447,10.);
#1381=VECTOR('',#4454,10.);
#1382=VECTOR('',#4459,10.);
#1383=VERTEX_POINT('',#4464);
#1384=VERTEX_POINT('',#4465);
#1385=VERTEX_POINT('',#4467);
#1386=VERTEX_POINT('',#4469);
#1387=VERTEX_POINT('',#4473);
#1388=VERTEX_POINT('',#4475);
#1389=VERTEX_POINT('',#4479);
#1390=VERTEX_POINT('',#4483);
#1391=VERTEX_POINT('',#4487);
#1392=VERTEX_POINT('',#4489);
#1393=VERTEX_POINT('',#4491);
#1394=VERTEX_POINT('',#4493);
#1395=VERTEX_POINT('',#4495);
#1396=VERTEX_POINT('',#4497);
#1397=VERTEX_POINT('',#4499);
#1398=VERTEX_POINT('',#4501);
#1399=VERTEX_POINT('',#4503);
#1400=VERTEX_POINT('',#4507);
#1401=VERTEX_POINT('',#4509);
#1402=VERTEX_POINT('',#4511);
#1403=VERTEX_POINT('',#4513);
#1404=VERTEX_POINT('',#4515);
#1405=VERTEX_POINT('',#4517);
#1406=VERTEX_POINT('',#4519);
#1407=VERTEX_POINT('',#4521);
#1408=VERTEX_POINT('',#4523);
#1409=VERTEX_POINT('',#4526);
#1410=VERTEX_POINT('',#4527);
#1411=VERTEX_POINT('',#4529);
#1412=VERTEX_POINT('',#4531);
#1413=VERTEX_POINT('',#4534);
#1414=VERTEX_POINT('',#4535);
#1415=VERTEX_POINT('',#4537);
#1416=VERTEX_POINT('',#4539);
#1417=VERTEX_POINT('',#4543);
#1418=VERTEX_POINT('',#4545);
#1419=VERTEX_POINT('',#4547);
#1420=VERTEX_POINT('',#4549);
#1421=VERTEX_POINT('',#4551);
#1422=VERTEX_POINT('',#4553);
#1423=VERTEX_POINT('',#4555);
#1424=VERTEX_POINT('',#4557);
#1425=VERTEX_POINT('',#4559);
#1426=VERTEX_POINT('',#4562);
#1427=VERTEX_POINT('',#4563);
#1428=VERTEX_POINT('',#4565);
#1429=VERTEX_POINT('',#4567);
#1430=VERTEX_POINT('',#4570);
#1431=VERTEX_POINT('',#4571);
#1432=VERTEX_POINT('',#4573);
#1433=VERTEX_POINT('',#4575);
#1434=VERTEX_POINT('',#4579);
#1435=VERTEX_POINT('',#4583);
#1436=VERTEX_POINT('',#4584);
#1437=VERTEX_POINT('',#4588);
#1438=VERTEX_POINT('',#4592);
#1439=VERTEX_POINT('',#4594);
#1440=VERTEX_POINT('',#4596);
#1441=VERTEX_POINT('',#4598);
#1442=VERTEX_POINT('',#4600);
#1443=VERTEX_POINT('',#4605);
#1444=VERTEX_POINT('',#4607);
#1445=VERTEX_POINT('',#4611);
#1446=VERTEX_POINT('',#4615);
#1447=VERTEX_POINT('',#4617);
#1448=VERTEX_POINT('',#4619);
#1449=VERTEX_POINT('',#4623);
#1450=VERTEX_POINT('',#4624);
#1451=VERTEX_POINT('',#4626);
#1452=VERTEX_POINT('',#4628);
#1453=VERTEX_POINT('',#4630);
#1454=VERTEX_POINT('',#4632);
#1455=VERTEX_POINT('',#4634);
#1456=VERTEX_POINT('',#4638);
#1457=VERTEX_POINT('',#4640);
#1458=VERTEX_POINT('',#4644);
#1459=VERTEX_POINT('',#4646);
#1460=VERTEX_POINT('',#4648);
#1461=VERTEX_POINT('',#4650);
#1462=VERTEX_POINT('',#4652);
#1463=VERTEX_POINT('',#4654);
#1464=VERTEX_POINT('',#4658);
#1465=VERTEX_POINT('',#4660);
#1466=VERTEX_POINT('',#4662);
#1467=VERTEX_POINT('',#4664);
#1468=VERTEX_POINT('',#4666);
#1469=VERTEX_POINT('',#4668);
#1470=VERTEX_POINT('',#4671);
#1471=VERTEX_POINT('',#4674);
#1472=VERTEX_POINT('',#4675);
#1473=VERTEX_POINT('',#4677);
#1474=VERTEX_POINT('',#4679);
#1475=VERTEX_POINT('',#4682);
#1476=VERTEX_POINT('',#4683);
#1477=VERTEX_POINT('',#4685);
#1478=VERTEX_POINT('',#4687);
#1479=VERTEX_POINT('',#4691);
#1480=VERTEX_POINT('',#4693);
#1481=VERTEX_POINT('',#4695);
#1482=VERTEX_POINT('',#4697);
#1483=VERTEX_POINT('',#4701);
#1484=VERTEX_POINT('',#4703);
#1485=VERTEX_POINT('',#4706);
#1486=VERTEX_POINT('',#4709);
#1487=VERTEX_POINT('',#4710);
#1488=VERTEX_POINT('',#4713);
#1489=VERTEX_POINT('',#4715);
#1490=VERTEX_POINT('',#4717);
#1491=VERTEX_POINT('',#4719);
#1492=VERTEX_POINT('',#4723);
#1493=VERTEX_POINT('',#4727);
#1494=VERTEX_POINT('',#4729);
#1495=VERTEX_POINT('',#4733);
#1496=VERTEX_POINT('',#4735);
#1497=VERTEX_POINT('',#4739);
#1498=VERTEX_POINT('',#4742);
#1499=VERTEX_POINT('',#4746);
#1500=VERTEX_POINT('',#4749);
#1501=VERTEX_POINT('',#4752);
#1502=VERTEX_POINT('',#4756);
#1503=VERTEX_POINT('',#4758);
#1504=VERTEX_POINT('',#4762);
#1505=VERTEX_POINT('',#4764);
#1506=VERTEX_POINT('',#4768);
#1507=VERTEX_POINT('',#4770);
#1508=VERTEX_POINT('',#4773);
#1509=VERTEX_POINT('',#4774);
#1510=VERTEX_POINT('',#4776);
#1511=VERTEX_POINT('',#4778);
#1512=VERTEX_POINT('',#4781);
#1513=VERTEX_POINT('',#4782);
#1514=VERTEX_POINT('',#4784);
#1515=VERTEX_POINT('',#4786);
#1516=VERTEX_POINT('',#4790);
#1517=VERTEX_POINT('',#4792);
#1518=VERTEX_POINT('',#4797);
#1519=VERTEX_POINT('',#4801);
#1520=VERTEX_POINT('',#4804);
#1521=VERTEX_POINT('',#4806);
#1522=VERTEX_POINT('',#4843);
#1523=VERTEX_POINT('',#4845);
#1524=VERTEX_POINT('',#4849);
#1525=VERTEX_POINT('',#4853);
#1526=VERTEX_POINT('',#4855);
#1527=VERTEX_POINT('',#4857);
#1528=VERTEX_POINT('',#4861);
#1529=VERTEX_POINT('',#4863);
#1530=VERTEX_POINT('',#4865);
#1531=VERTEX_POINT('',#4867);
#1532=VERTEX_POINT('',#4870);
#1533=VERTEX_POINT('',#4877);
#1534=VERTEX_POINT('',#4881);
#1535=VERTEX_POINT('',#4887);
#1536=VERTEX_POINT('',#4890);
#1537=VERTEX_POINT('',#4893);
#1538=VERTEX_POINT('',#4894);
#1539=VERTEX_POINT('',#4896);
#1540=VERTEX_POINT('',#4898);
#1541=VERTEX_POINT('',#4900);
#1542=VERTEX_POINT('',#4902);
#1543=VERTEX_POINT('',#4904);
#1544=VERTEX_POINT('',#4906);
#1545=VERTEX_POINT('',#4910);
#1546=VERTEX_POINT('',#4911);
#1547=VERTEX_POINT('',#4913);
#1548=VERTEX_POINT('',#4915);
#1549=VERTEX_POINT('',#4917);
#1550=VERTEX_POINT('',#4919);
#1551=VERTEX_POINT('',#4921);
#1552=VERTEX_POINT('',#4923);
#1553=VERTEX_POINT('',#4930);
#1554=VERTEX_POINT('',#4931);
#1555=VERTEX_POINT('',#4933);
#1556=VERTEX_POINT('',#4935);
#1557=VERTEX_POINT('',#4939);
#1558=VERTEX_POINT('',#4941);
#1559=VERTEX_POINT('',#4943);
#1560=VERTEX_POINT('',#4945);
#1561=VERTEX_POINT('',#4977);
#1562=VERTEX_POINT('',#4979);
#1563=VERTEX_POINT('',#4987);
#1564=VERTEX_POINT('',#4989);
#1565=VERTEX_POINT('',#5039);
#1566=VERTEX_POINT('',#5048);
#1567=VERTEX_POINT('',#5096);
#1568=VERTEX_POINT('',#5098);
#1569=VERTEX_POINT('',#5100);
#1570=VERTEX_POINT('',#5103);
#1571=VERTEX_POINT('',#5106);
#1572=VERTEX_POINT('',#5113);
#1573=VERTEX_POINT('',#5118);
#1574=VERTEX_POINT('',#5121);
#1575=VERTEX_POINT('',#5124);
#1576=VERTEX_POINT('',#5128);
#1577=VERTEX_POINT('',#5130);
#1578=VERTEX_POINT('',#5258);
#1579=VERTEX_POINT('',#5260);
#1580=VERTEX_POINT('',#5262);
#1581=VERTEX_POINT('',#5366);
#1582=VERTEX_POINT('',#5371);
#1583=VERTEX_POINT('',#5379);
#1584=VERTEX_POINT('',#5386);
#1585=VERTEX_POINT('',#5405);
#1586=VERTEX_POINT('',#5412);
#1587=VERTEX_POINT('',#5414);
#1588=VERTEX_POINT('',#5421);
#1589=VERTEX_POINT('',#5440);
#1590=VERTEX_POINT('',#5447);
#1591=VERTEX_POINT('',#5449);
#1592=VERTEX_POINT('',#5456);
#1593=VERTEX_POINT('',#5475);
#1594=VERTEX_POINT('',#5482);
#1595=VERTEX_POINT('',#5484);
#1596=VERTEX_POINT('',#5491);
#1597=VERTEX_POINT('',#5510);
#1598=VERTEX_POINT('',#5517);
#1599=VERTEX_POINT('',#5519);
#1600=VERTEX_POINT('',#5526);
#1601=VERTEX_POINT('',#5545);
#1602=VERTEX_POINT('',#5552);
#1603=VERTEX_POINT('',#5554);
#1604=VERTEX_POINT('',#5561);
#1605=VERTEX_POINT('',#5580);
#1606=VERTEX_POINT('',#5587);
#1607=VERTEX_POINT('',#5589);
#1608=VERTEX_POINT('',#5596);
#1609=VERTEX_POINT('',#5649);
#1610=VERTEX_POINT('',#5656);
#1611=VERTEX_POINT('',#5658);
#1612=VERTEX_POINT('',#5665);
#1613=VERTEX_POINT('',#5684);
#1614=VERTEX_POINT('',#5691);
#1615=VERTEX_POINT('',#5693);
#1616=VERTEX_POINT('',#5700);
#1617=VERTEX_POINT('',#5719);
#1618=VERTEX_POINT('',#5726);
#1619=VERTEX_POINT('',#5734);
#1620=VERTEX_POINT('',#5736);
#1621=VERTEX_POINT('',#5750);
#1622=VERTEX_POINT('',#5752);
#1623=VERTEX_POINT('',#5766);
#1624=VERTEX_POINT('',#5819);
#1625=VERTEX_POINT('',#5830);
#1626=VERTEX_POINT('',#5832);
#1627=VERTEX_POINT('',#5843);
#1628=VERTEX_POINT('',#5896);
#1629=VERTEX_POINT('',#5907);
#1630=VERTEX_POINT('',#5909);
#1631=VERTEX_POINT('',#5923);
#1632=VERTEX_POINT('',#5940);
#1633=VERTEX_POINT('',#5951);
#1634=VERTEX_POINT('',#5953);
#1635=VERTEX_POINT('',#5967);
#1636=VERTEX_POINT('',#6020);
#1637=VERTEX_POINT('',#6031);
#1638=VERTEX_POINT('',#6033);
#1639=VERTEX_POINT('',#6047);
#1640=VERTEX_POINT('',#6100);
#1641=VERTEX_POINT('',#6111);
#1642=VERTEX_POINT('',#6113);
#1643=VERTEX_POINT('',#6127);
#1644=VERTEX_POINT('',#6180);
#1645=VERTEX_POINT('',#6191);
#1646=VERTEX_POINT('',#6193);
#1647=VERTEX_POINT('',#6207);
#1648=VERTEX_POINT('',#6260);
#1649=VERTEX_POINT('',#6271);
#1650=VERTEX_POINT('',#6273);
#1651=VERTEX_POINT('',#6287);
#1652=VERTEX_POINT('',#6340);
#1653=VERTEX_POINT('',#6351);
#1654=VERTEX_POINT('',#6353);
#1655=VERTEX_POINT('',#6384);
#1656=VERTEX_POINT('',#6392);
#1657=VERTEX_POINT('',#6394);
#1658=VERTEX_POINT('',#6405);
#1659=VERTEX_POINT('',#6424);
#1660=VERTEX_POINT('',#6435);
#1661=VERTEX_POINT('',#6437);
#1662=VERTEX_POINT('',#6451);
#1663=VERTEX_POINT('',#6470);
#1664=VERTEX_POINT('',#6481);
#1665=VERTEX_POINT('',#6483);
#1666=VERTEX_POINT('',#6497);
#1667=VERTEX_POINT('',#6516);
#1668=VERTEX_POINT('',#6527);
#1669=VERTEX_POINT('',#6529);
#1670=VERTEX_POINT('',#6540);
#1671=VERTEX_POINT('',#6559);
#1672=VERTEX_POINT('',#6570);
#1673=VERTEX_POINT('',#6572);
#1674=VERTEX_POINT('',#6583);
#1675=VERTEX_POINT('',#6602);
#1676=VERTEX_POINT('',#6613);
#1677=VERTEX_POINT('',#6615);
#1678=VERTEX_POINT('',#6626);
#1679=VERTEX_POINT('',#6645);
#1680=VERTEX_POINT('',#6656);
#1681=VERTEX_POINT('',#6658);
#1682=VERTEX_POINT('',#6669);
#1683=VERTEX_POINT('',#6688);
#1684=VERTEX_POINT('',#6699);
#1685=VERTEX_POINT('',#6701);
#1686=VERTEX_POINT('',#6712);
#1687=VERTEX_POINT('',#6731);
#1688=VERTEX_POINT('',#6742);
#1689=VERTEX_POINT('',#6744);
#1690=VERTEX_POINT('',#6758);
#1691=VERTEX_POINT('',#6774);
#1692=VERTEX_POINT('',#6776);
#1693=VERTEX_POINT('',#6790);
#1694=VERTEX_POINT('',#6809);
#1695=VERTEX_POINT('',#6820);
#1696=VERTEX_POINT('',#6822);
#1697=VERTEX_POINT('',#6833);
#1698=VERTEX_POINT('',#6852);
#1699=VERTEX_POINT('',#6863);
#1700=VERTEX_POINT('',#6865);
#1701=VERTEX_POINT('',#6879);
#1702=VERTEX_POINT('',#6898);
#1703=VERTEX_POINT('',#6909);
#1704=VERTEX_POINT('',#6911);
#1705=VERTEX_POINT('',#6925);
#1706=VERTEX_POINT('',#6944);
#1707=VERTEX_POINT('',#6955);
#1708=VERTEX_POINT('',#6957);
#1709=VERTEX_POINT('',#6971);
#1710=VERTEX_POINT('',#6990);
#1711=VERTEX_POINT('',#7001);
#1712=VERTEX_POINT('',#7003);
#1713=VERTEX_POINT('',#7014);
#1714=VERTEX_POINT('',#7033);
#1715=VERTEX_POINT('',#7044);
#1716=VERTEX_POINT('',#7046);
#1717=VERTEX_POINT('',#7060);
#1718=VERTEX_POINT('',#7079);
#1719=VERTEX_POINT('',#7090);
#1720=VERTEX_POINT('',#7092);
#1721=VERTEX_POINT('',#7106);
#1722=VERTEX_POINT('',#7125);
#1723=VERTEX_POINT('',#7136);
#1724=VERTEX_POINT('',#7138);
#1725=VERTEX_POINT('',#7152);
#1726=VERTEX_POINT('',#7171);
#1727=VERTEX_POINT('',#7182);
#1728=VERTEX_POINT('',#10063);
#1729=VERTEX_POINT('',#10065);
#1730=VERTEX_POINT('',#10067);
#1731=VERTEX_POINT('',#10070);
#1732=VERTEX_POINT('',#10075);
#1733=VERTEX_POINT('',#10078);
#1734=VERTEX_POINT('',#10080);
#1735=VERTEX_POINT('',#10082);
#1736=VERTEX_POINT('',#10084);
#1737=VERTEX_POINT('',#10090);
#1738=VERTEX_POINT('',#10091);
#1739=VERTEX_POINT('',#10093);
#1740=VERTEX_POINT('',#10112);
#1741=VERTEX_POINT('',#10124);
#1742=VERTEX_POINT('',#10128);
#1743=VERTEX_POINT('',#10130);
#1744=VERTEX_POINT('',#10132);
#1745=VERTEX_POINT('',#10136);
#1746=EDGE_CURVE('',#1383,#1384,#741,.T.);
#1747=EDGE_CURVE('',#1384,#1385,#742,.T.);
#1748=EDGE_CURVE('',#1385,#1386,#743,.T.);
#1749=EDGE_CURVE('',#1386,#1383,#744,.T.);
#1750=EDGE_CURVE('',#1383,#1387,#745,.T.);
#1751=EDGE_CURVE('',#1387,#1388,#746,.T.);
#1752=EDGE_CURVE('',#1388,#1384,#747,.T.);
#1753=EDGE_CURVE('',#1389,#1386,#748,.T.);
#1754=EDGE_CURVE('',#1389,#1387,#749,.T.);
#1755=EDGE_CURVE('',#1390,#1385,#750,.T.);
#1756=EDGE_CURVE('',#1390,#1389,#751,.T.);
#1757=EDGE_CURVE('',#1391,#1384,#752,.T.);
#1758=EDGE_CURVE('',#1391,#1392,#753,.T.);
#1759=EDGE_CURVE('',#1393,#1392,#754,.F.);
#1760=EDGE_CURVE('',#1393,#1394,#755,.F.);
#1761=EDGE_CURVE('',#1394,#1395,#756,.T.);
#1762=EDGE_CURVE('',#1395,#1396,#757,.F.);
#1763=EDGE_CURVE('',#1396,#1397,#758,.F.);
#1764=EDGE_CURVE('',#1398,#1397,#759,.F.);
#1765=EDGE_CURVE('',#1398,#1399,#760,.T.);
#1766=EDGE_CURVE('',#1399,#1385,#761,.T.);
#1767=EDGE_CURVE('',#1400,#1392,#762,.T.);
#1768=EDGE_CURVE('',#1401,#1400,#763,.F.);
#1769=EDGE_CURVE('',#1402,#1401,#764,.T.);
#1770=EDGE_CURVE('',#1402,#1403,#765,.T.);
#1771=EDGE_CURVE('',#1403,#1404,#766,.T.);
#1772=EDGE_CURVE('',#1404,#1405,#767,.T.);
#1773=EDGE_CURVE('',#1405,#1406,#768,.F.);
#1774=EDGE_CURVE('',#1407,#1406,#769,.F.);
#1775=EDGE_CURVE('',#1407,#1408,#770,.T.);
#1776=EDGE_CURVE('',#1393,#1408,#771,.F.);
#1777=EDGE_CURVE('',#1409,#1410,#772,.T.);
#1778=EDGE_CURVE('',#1410,#1411,#773,.T.);
#1779=EDGE_CURVE('',#1411,#1412,#774,.T.);
#1780=EDGE_CURVE('',#1412,#1409,#321,.T.);
#1781=EDGE_CURVE('',#1413,#1414,#775,.T.);
#1782=EDGE_CURVE('',#1414,#1415,#322,.T.);
#1783=EDGE_CURVE('',#1415,#1416,#776,.T.);
#1784=EDGE_CURVE('',#1416,#1413,#777,.T.);
#1785=EDGE_CURVE('',#1397,#1417,#778,.F.);
#1786=EDGE_CURVE('',#1417,#1418,#779,.T.);
#1787=EDGE_CURVE('',#1419,#1418,#780,.T.);
#1788=EDGE_CURVE('',#1419,#1420,#781,.F.);
#1789=EDGE_CURVE('',#1420,#1421,#782,.T.);
#1790=EDGE_CURVE('',#1421,#1422,#783,.T.);
#1791=EDGE_CURVE('',#1422,#1423,#784,.T.);
#1792=EDGE_CURVE('',#1423,#1424,#785,.T.);
#1793=EDGE_CURVE('',#1425,#1424,#786,.T.);
#1794=EDGE_CURVE('',#1398,#1425,#787,.T.);
#1795=EDGE_CURVE('',#1426,#1427,#788,.T.);
#1796=EDGE_CURVE('',#1427,#1428,#323,.T.);
#1797=EDGE_CURVE('',#1428,#1429,#789,.T.);
#1798=EDGE_CURVE('',#1429,#1426,#790,.T.);
#1799=EDGE_CURVE('',#1430,#1431,#791,.T.);
#1800=EDGE_CURVE('',#1431,#1432,#792,.T.);
#1801=EDGE_CURVE('',#1432,#1433,#793,.T.);
#1802=EDGE_CURVE('',#1433,#1430,#324,.T.);
#1803=EDGE_CURVE('',#1425,#1434,#794,.T.);
#1804=EDGE_CURVE('',#1399,#1434,#795,.T.);
#1805=EDGE_CURVE('',#1435,#1436,#796,.F.);
#1806=EDGE_CURVE('',#1435,#1421,#797,.T.);
#1807=EDGE_CURVE('',#1420,#1405,#798,.T.);
#1808=EDGE_CURVE('',#1404,#1437,#799,.T.);
#1809=EDGE_CURVE('',#1436,#1437,#800,.F.);
#1810=EDGE_CURVE('',#1435,#1438,#801,.T.);
#1811=EDGE_CURVE('',#1438,#1439,#802,.T.);
#1812=EDGE_CURVE('',#1439,#1440,#803,.T.);
#1813=EDGE_CURVE('',#1440,#1441,#804,.T.);
#1814=EDGE_CURVE('',#1441,#1442,#805,.T.);
#1815=EDGE_CURVE('',#1442,#1437,#806,.T.);
#1816=EDGE_CURVE('',#1422,#1403,#807,.T.);
#1817=EDGE_CURVE('',#1443,#1436,#808,.T.);
#1818=EDGE_CURVE('',#1444,#1443,#809,.T.);
#1819=EDGE_CURVE('',#1444,#1438,#810,.T.);
#1820=EDGE_CURVE('',#1445,#1442,#811,.T.);
#1821=EDGE_CURVE('',#1443,#1445,#812,.T.);
#1822=EDGE_CURVE('',#1446,#1419,#813,.T.);
#1823=EDGE_CURVE('',#1446,#1447,#814,.F.);
#1824=EDGE_CURVE('',#1447,#1448,#815,.F.);
#1825=EDGE_CURVE('',#1448,#1406,#816,.F.);
#1826=EDGE_CURVE('',#1449,#1450,#300,.T.);
#1827=EDGE_CURVE('',#1450,#1451,#817,.T.);
#1828=EDGE_CURVE('',#1451,#1452,#818,.T.);
#1829=EDGE_CURVE('',#1452,#1453,#819,.T.);
#1830=EDGE_CURVE('',#1453,#1454,#820,.T.);
#1831=EDGE_CURVE('',#1454,#1455,#821,.T.);
#1832=EDGE_CURVE('',#1455,#1449,#822,.T.);
#1833=EDGE_CURVE('',#1452,#1456,#823,.T.);
#1834=EDGE_CURVE('',#1456,#1457,#824,.T.);
#1835=EDGE_CURVE('',#1457,#1453,#825,.T.);
#1836=EDGE_CURVE('',#1454,#1458,#826,.T.);
#1837=EDGE_CURVE('',#1459,#1458,#827,.T.);
#1838=EDGE_CURVE('',#1459,#1460,#828,.T.);
#1839=EDGE_CURVE('',#1461,#1460,#829,.T.);
#1840=EDGE_CURVE('',#1461,#1462,#830,.T.);
#1841=EDGE_CURVE('',#1463,#1462,#831,.T.);
#1842=EDGE_CURVE('',#1455,#1463,#832,.T.);
#1843=EDGE_CURVE('',#1463,#1464,#833,.T.);
#1844=EDGE_CURVE('',#1464,#1465,#834,.T.);
#1845=EDGE_CURVE('',#1465,#1466,#835,.T.);
#1846=EDGE_CURVE('',#1466,#1467,#836,.T.);
#1847=EDGE_CURVE('',#1468,#1467,#325,.T.);
#1848=EDGE_CURVE('',#1468,#1469,#837,.T.);
#1849=EDGE_CURVE('',#1469,#1451,#838,.T.);
#1850=EDGE_CURVE('',#1450,#1470,#326,.T.);
#1851=EDGE_CURVE('',#1470,#1449,#327,.T.);
#1852=EDGE_CURVE('',#1471,#1472,#839,.T.);
#1853=EDGE_CURVE('',#1472,#1473,#840,.T.);
#1854=EDGE_CURVE('',#1473,#1474,#841,.T.);
#1855=EDGE_CURVE('',#1474,#1471,#328,.T.);
#1856=EDGE_CURVE('',#1475,#1476,#842,.T.);
#1857=EDGE_CURVE('',#1476,#1477,#843,.T.);
#1858=EDGE_CURVE('',#1477,#1478,#844,.T.);
#1859=EDGE_CURVE('',#1478,#1475,#329,.T.);
#1860=EDGE_CURVE('',#1479,#1457,#845,.T.);
#1861=EDGE_CURVE('',#1480,#1479,#846,.F.);
#1862=EDGE_CURVE('',#1480,#1481,#847,.F.);
#1863=EDGE_CURVE('',#1482,#1481,#848,.T.);
#1864=EDGE_CURVE('',#1458,#1482,#849,.T.);
#1865=EDGE_CURVE('',#1483,#1456,#850,.T.);
#1866=EDGE_CURVE('',#1484,#1483,#851,.F.);
#1867=EDGE_CURVE('',#1484,#1479,#852,.T.);
#1868=EDGE_CURVE('',#1485,#1485,#330,.T.);
#1869=EDGE_CURVE('',#1486,#1487,#853,.T.);
#1870=EDGE_CURVE('',#1487,#1459,#854,.T.);
#1871=EDGE_CURVE('',#1482,#1488,#855,.T.);
#1872=EDGE_CURVE('',#1488,#1489,#856,.T.);
#1873=EDGE_CURVE('',#1489,#1490,#857,.T.);
#1874=EDGE_CURVE('',#1490,#1491,#858,.T.);
#1875=EDGE_CURVE('',#1491,#1486,#859,.T.);
#1876=EDGE_CURVE('',#1481,#1492,#860,.T.);
#1877=EDGE_CURVE('',#1492,#1488,#861,.T.);
#1878=EDGE_CURVE('',#1491,#1493,#862,.T.);
#1879=EDGE_CURVE('',#1493,#1494,#863,.F.);
#1880=EDGE_CURVE('',#1486,#1494,#864,.T.);
#1881=EDGE_CURVE('',#1495,#1490,#865,.T.);
#1882=EDGE_CURVE('',#1495,#1496,#866,.T.);
#1883=EDGE_CURVE('',#1496,#1493,#867,.F.);
#1884=EDGE_CURVE('',#1492,#1497,#868,.T.);
#1885=EDGE_CURVE('',#1497,#1401,#869,.T.);
#1886=EDGE_CURVE('',#1498,#1400,#870,.T.);
#1887=EDGE_CURVE('',#1489,#1498,#871,.T.);
#1888=EDGE_CURVE('',#1480,#1499,#872,.T.);
#1889=EDGE_CURVE('',#1497,#1499,#873,.F.);
#1890=EDGE_CURVE('',#1500,#1500,#331,.T.);
#1891=EDGE_CURVE('',#1470,#1501,#874,.T.);
#1892=EDGE_CURVE('',#1501,#1501,#332,.F.);
#1893=EDGE_CURVE('',#1494,#1502,#875,.F.);
#1894=EDGE_CURVE('',#1503,#1502,#876,.T.);
#1895=EDGE_CURVE('',#1487,#1503,#877,.T.);
#1896=EDGE_CURVE('',#1503,#1504,#878,.T.);
#1897=EDGE_CURVE('',#1504,#1505,#879,.T.);
#1898=EDGE_CURVE('',#1505,#1495,#880,.T.);
#1899=EDGE_CURVE('',#1498,#1391,#881,.T.);
#1900=EDGE_CURVE('',#1388,#1506,#882,.T.);
#1901=EDGE_CURVE('',#1506,#1507,#883,.T.);
#1902=EDGE_CURVE('',#1507,#1460,#884,.T.);
#1903=EDGE_CURVE('',#1508,#1509,#885,.T.);
#1904=EDGE_CURVE('',#1509,#1510,#333,.T.);
#1905=EDGE_CURVE('',#1510,#1511,#886,.T.);
#1906=EDGE_CURVE('',#1511,#1508,#887,.T.);
#1907=EDGE_CURVE('',#1512,#1513,#888,.T.);
#1908=EDGE_CURVE('',#1513,#1514,#334,.T.);
#1909=EDGE_CURVE('',#1514,#1515,#889,.T.);
#1910=EDGE_CURVE('',#1515,#1512,#890,.T.);
#1911=EDGE_CURVE('',#1434,#1516,#891,.T.);
#1912=EDGE_CURVE('',#1516,#1517,#892,.T.);
#1913=EDGE_CURVE('',#1517,#1390,#893,.T.);
#1914=EDGE_CURVE('',#1518,#1507,#894,.T.);
#1915=EDGE_CURVE('',#1461,#1518,#895,.T.);
#1916=EDGE_CURVE('',#1519,#1518,#896,.F.);
#1917=EDGE_CURVE('',#1519,#1462,#897,.T.);
#1918=EDGE_CURVE('',#1520,#1520,#335,.T.);
#1919=EDGE_CURVE('',#1521,#1521,#336,.T.);
#1920=EDGE_CURVE('',#1464,#1519,#898,.T.);
#1921=EDGE_CURVE('',#1416,#1512,#899,.T.);
#1922=EDGE_CURVE('',#1413,#1515,#900,.T.);
#1923=EDGE_CURVE('',#1513,#1415,#901,.T.);
#1924=EDGE_CURVE('',#1472,#1432,#902,.T.);
#1925=EDGE_CURVE('',#1433,#1471,#903,.T.);
#1926=EDGE_CURVE('',#1514,#1414,#904,.T.);
#1927=EDGE_CURVE('',#1473,#1431,#905,.T.);
#1928=EDGE_CURVE('',#1430,#1474,#906,.T.);
#1929=EDGE_CURVE('',#1410,#1508,#907,.T.);
#1930=EDGE_CURVE('',#1411,#1511,#908,.T.);
#1931=EDGE_CURVE('',#1509,#1409,#909,.T.);
#1932=EDGE_CURVE('',#1476,#1426,#910,.T.);
#1933=EDGE_CURVE('',#1427,#1475,#911,.T.);
#1934=EDGE_CURVE('',#1510,#1412,#912,.T.);
#1935=EDGE_CURVE('',#1428,#1478,#913,.T.);
#1936=EDGE_CURVE('',#1477,#1429,#914,.T.);
#1937=EDGE_CURVE('',#1467,#1522,#915,.T.);
#1938=EDGE_CURVE('',#1522,#1523,#337,.F.);
#1939=EDGE_CURVE('',#1523,#1468,#916,.T.);
#1940=EDGE_CURVE('',#1523,#1524,#917,.T.);
#1941=EDGE_CURVE('',#1469,#1524,#918,.T.);
#1942=EDGE_CURVE('',#1525,#1522,#919,.T.);
#1943=EDGE_CURVE('',#1526,#1525,#920,.T.);
#1944=EDGE_CURVE('',#1527,#1526,#921,.T.);
#1945=EDGE_CURVE('',#1524,#1527,#922,.T.);
#1946=EDGE_CURVE('',#1466,#1528,#923,.T.);
#1947=EDGE_CURVE('',#1528,#1529,#924,.T.);
#1948=EDGE_CURVE('',#1529,#1530,#925,.T.);
#1949=EDGE_CURVE('',#1530,#1531,#926,.T.);
#1950=EDGE_CURVE('',#1446,#1531,#927,.T.);
#1951=EDGE_CURVE('',#1418,#1532,#928,.T.);
#1952=EDGE_CURVE('',#1525,#1532,#929,.F.);
#1953=EDGE_CURVE('',#1516,#1527,#930,.T.);
#1954=EDGE_CURVE('',#1424,#1483,#931,.T.);
#1955=EDGE_CURVE('',#1502,#1533,#932,.F.);
#1956=EDGE_CURVE('',#1504,#1533,#933,.T.);
#1957=EDGE_CURVE('',#1505,#1534,#934,.T.);
#1958=EDGE_CURVE('',#1534,#1496,#935,.F.);
#1959=EDGE_CURVE('',#1533,#1534,#936,.F.);
#1960=EDGE_CURVE('',#1535,#1535,#338,.F.);
#1961=EDGE_CURVE('',#1536,#1536,#339,.F.);
#1962=EDGE_CURVE('',#1537,#1538,#937,.T.);
#1963=EDGE_CURVE('',#1539,#1538,#938,.F.);
#1964=EDGE_CURVE('',#1539,#1540,#939,.F.);
#1965=EDGE_CURVE('',#1541,#1540,#940,.T.);
#1966=EDGE_CURVE('',#1542,#1541,#941,.F.);
#1967=EDGE_CURVE('',#1542,#1543,#942,.F.);
#1968=EDGE_CURVE('',#1543,#1544,#943,.F.);
#1969=EDGE_CURVE('',#1544,#1537,#944,.F.);
#1970=EDGE_CURVE('',#1545,#1546,#945,.T.);
#1971=EDGE_CURVE('',#1547,#1546,#946,.T.);
#1972=EDGE_CURVE('',#1547,#1548,#947,.F.);
#1973=EDGE_CURVE('',#1549,#1548,#948,.T.);
#1974=EDGE_CURVE('',#1550,#1549,#949,.F.);
#1975=EDGE_CURVE('',#1550,#1551,#950,.F.);
#1976=EDGE_CURVE('',#1551,#1552,#951,.F.);
#1977=EDGE_CURVE('',#1552,#1545,#952,.T.);
#1978=EDGE_CURVE('',#1538,#1545,#953,.T.);
#1979=EDGE_CURVE('',#1539,#1552,#954,.F.);
#1980=EDGE_CURVE('',#1553,#1554,#955,.F.);
#1981=EDGE_CURVE('',#1554,#1555,#956,.F.);
#1982=EDGE_CURVE('',#1555,#1556,#957,.F.);
#1983=EDGE_CURVE('',#1556,#1553,#958,.F.);
#1984=EDGE_CURVE('',#1557,#1555,#959,.T.);
#1985=EDGE_CURVE('',#1554,#1558,#960,.T.);
#1986=EDGE_CURVE('',#1558,#1559,#961,.T.);
#1987=EDGE_CURVE('',#1559,#1560,#73,.T.);
#1988=EDGE_CURVE('',#1560,#1561,#340,.T.);
#1989=EDGE_CURVE('',#1561,#1562,#74,.F.);
#1990=EDGE_CURVE('',#1562,#1563,#962,.T.);
#1991=EDGE_CURVE('',#1563,#1564,#75,.F.);
#1992=EDGE_CURVE('',#1565,#1564,#76,.T.);
#1993=EDGE_CURVE('',#1565,#1566,#77,.F.);
#1994=EDGE_CURVE('',#1566,#1557,#963,.T.);
#1995=EDGE_CURVE('',#1567,#1567,#341,.F.);
#1996=EDGE_CURVE('',#1568,#1568,#342,.T.);
#1997=EDGE_CURVE('',#1569,#1569,#343,.T.);
#1998=EDGE_CURVE('',#1570,#1570,#344,.T.);
#1999=EDGE_CURVE('',#1571,#1571,#345,.T.);
#2000=EDGE_CURVE('',#1569,#1570,#964,.T.);
#2001=EDGE_CURVE('',#1568,#1571,#965,.T.);
#2002=EDGE_CURVE('',#1572,#1556,#966,.T.);
#2003=EDGE_CURVE('',#1530,#1572,#967,.T.);
#2004=EDGE_CURVE('',#1529,#1553,#968,.T.);
#2005=EDGE_CURVE('',#1557,#1573,#969,.T.);
#2006=EDGE_CURVE('',#1573,#1517,#970,.T.);
#2007=EDGE_CURVE('',#1574,#1526,#971,.F.);
#2008=EDGE_CURVE('',#1574,#1417,#972,.T.);
#2009=EDGE_CURVE('',#1575,#1396,#973,.F.);
#2010=EDGE_CURVE('',#1575,#1572,#974,.T.);
#2011=EDGE_CURVE('',#1576,#1573,#975,.T.);
#2012=EDGE_CURVE('',#1576,#1577,#78,.T.);
#2013=EDGE_CURVE('',#1577,#1578,#346,.T.);
#2014=EDGE_CURVE('',#1579,#1578,#976,.T.);
#2015=EDGE_CURVE('',#1579,#1580,#79,.T.);
#2016=EDGE_CURVE('',#1580,#1581,#347,.T.);
#2017=EDGE_CURVE('',#1528,#1581,#977,.T.);
#2018=EDGE_CURVE('',#1465,#1506,#978,.F.);
#2019=EDGE_CURVE('',#1563,#1582,#80,.T.);
#2020=EDGE_CURVE('',#1583,#1562,#81,.T.);
#2021=EDGE_CURVE('',#1584,#1583,#82,.T.);
#2022=EDGE_CURVE('',#1585,#1584,#83,.T.);
#2023=EDGE_CURVE('',#1586,#1585,#979,.T.);
#2024=EDGE_CURVE('',#1587,#1586,#84,.T.);
#2025=EDGE_CURVE('',#1588,#1587,#85,.T.);
#2026=EDGE_CURVE('',#1589,#1588,#86,.T.);
#2027=EDGE_CURVE('',#1590,#1589,#980,.T.);
#2028=EDGE_CURVE('',#1591,#1590,#87,.T.);
#2029=EDGE_CURVE('',#1592,#1591,#88,.T.);
#2030=EDGE_CURVE('',#1593,#1592,#89,.T.);
#2031=EDGE_CURVE('',#1594,#1593,#981,.T.);
#2032=EDGE_CURVE('',#1595,#1594,#90,.T.);
#2033=EDGE_CURVE('',#1596,#1595,#91,.T.);
#2034=EDGE_CURVE('',#1597,#1596,#92,.T.);
#2035=EDGE_CURVE('',#1598,#1597,#982,.T.);
#2036=EDGE_CURVE('',#1599,#1598,#93,.T.);
#2037=EDGE_CURVE('',#1600,#1599,#94,.T.);
#2038=EDGE_CURVE('',#1601,#1600,#95,.T.);
#2039=EDGE_CURVE('',#1602,#1601,#983,.T.);
#2040=EDGE_CURVE('',#1603,#1602,#96,.T.);
#2041=EDGE_CURVE('',#1604,#1603,#97,.T.);
#2042=EDGE_CURVE('',#1605,#1604,#98,.T.);
#2043=EDGE_CURVE('',#1606,#1605,#984,.T.);
#2044=EDGE_CURVE('',#1607,#1606,#99,.T.);
#2045=EDGE_CURVE('',#1608,#1607,#100,.T.);
#2046=EDGE_CURVE('',#1609,#1608,#101,.T.);
#2047=EDGE_CURVE('',#1610,#1609,#985,.T.);
#2048=EDGE_CURVE('',#1611,#1610,#102,.T.);
#2049=EDGE_CURVE('',#1612,#1611,#103,.T.);
#2050=EDGE_CURVE('',#1613,#1612,#104,.T.);
#2051=EDGE_CURVE('',#1614,#1613,#986,.T.);
#2052=EDGE_CURVE('',#1615,#1614,#105,.T.);
#2053=EDGE_CURVE('',#1616,#1615,#106,.T.);
#2054=EDGE_CURVE('',#1617,#1616,#107,.T.);
#2055=EDGE_CURVE('',#1618,#1617,#987,.T.);
#2056=EDGE_CURVE('',#1579,#1618,#108,.T.);
#2057=EDGE_CURVE('',#1619,#1578,#988,.T.);
#2058=EDGE_CURVE('',#1620,#1619,#109,.T.);
#2059=EDGE_CURVE('',#1621,#1620,#989,.T.);
#2060=EDGE_CURVE('',#1622,#1621,#110,.T.);
#2061=EDGE_CURVE('',#1623,#1622,#111,.T.);
#2062=EDGE_CURVE('',#1624,#1623,#112,.T.);
#2063=EDGE_CURVE('',#1625,#1624,#990,.T.);
#2064=EDGE_CURVE('',#1626,#1625,#113,.T.);
#2065=EDGE_CURVE('',#1627,#1626,#114,.T.);
#2066=EDGE_CURVE('',#1628,#1627,#115,.T.);
#2067=EDGE_CURVE('',#1629,#1628,#991,.T.);
#2068=EDGE_CURVE('',#1630,#1629,#116,.T.);
#2069=EDGE_CURVE('',#1631,#1630,#117,.T.);
#2070=EDGE_CURVE('',#1632,#1631,#118,.T.);
#2071=EDGE_CURVE('',#1633,#1632,#992,.T.);
#2072=EDGE_CURVE('',#1634,#1633,#119,.T.);
#2073=EDGE_CURVE('',#1635,#1634,#120,.T.);
#2074=EDGE_CURVE('',#1636,#1635,#121,.T.);
#2075=EDGE_CURVE('',#1637,#1636,#993,.T.);
#2076=EDGE_CURVE('',#1638,#1637,#122,.T.);
#2077=EDGE_CURVE('',#1639,#1638,#123,.T.);
#2078=EDGE_CURVE('',#1640,#1639,#124,.T.);
#2079=EDGE_CURVE('',#1641,#1640,#994,.T.);
#2080=EDGE_CURVE('',#1642,#1641,#125,.T.);
#2081=EDGE_CURVE('',#1643,#1642,#126,.T.);
#2082=EDGE_CURVE('',#1644,#1643,#127,.T.);
#2083=EDGE_CURVE('',#1645,#1644,#995,.T.);
#2084=EDGE_CURVE('',#1646,#1645,#128,.T.);
#2085=EDGE_CURVE('',#1647,#1646,#129,.T.);
#2086=EDGE_CURVE('',#1648,#1647,#130,.T.);
#2087=EDGE_CURVE('',#1649,#1648,#996,.T.);
#2088=EDGE_CURVE('',#1650,#1649,#131,.T.);
#2089=EDGE_CURVE('',#1651,#1650,#132,.T.);
#2090=EDGE_CURVE('',#1652,#1651,#133,.T.);
#2091=EDGE_CURVE('',#1653,#1652,#997,.T.);
#2092=EDGE_CURVE('',#1654,#1653,#134,.T.);
#2093=EDGE_CURVE('',#1582,#1654,#135,.T.);
#2094=EDGE_CURVE('',#1655,#1566,#136,.T.);
#2095=EDGE_CURVE('',#1656,#1655,#998,.T.);
#2096=EDGE_CURVE('',#1657,#1656,#137,.T.);
#2097=EDGE_CURVE('',#1658,#1657,#138,.T.);
#2098=EDGE_CURVE('',#1659,#1658,#139,.T.);
#2099=EDGE_CURVE('',#1660,#1659,#999,.T.);
#2100=EDGE_CURVE('',#1661,#1660,#140,.T.);
#2101=EDGE_CURVE('',#1662,#1661,#141,.T.);
#2102=EDGE_CURVE('',#1663,#1662,#142,.T.);
#2103=EDGE_CURVE('',#1664,#1663,#1000,.T.);
#2104=EDGE_CURVE('',#1665,#1664,#143,.T.);
#2105=EDGE_CURVE('',#1666,#1665,#144,.T.);
#2106=EDGE_CURVE('',#1667,#1666,#145,.T.);
#2107=EDGE_CURVE('',#1668,#1667,#1001,.T.);
#2108=EDGE_CURVE('',#1669,#1668,#146,.T.);
#2109=EDGE_CURVE('',#1670,#1669,#147,.T.);
#2110=EDGE_CURVE('',#1671,#1670,#148,.T.);
#2111=EDGE_CURVE('',#1672,#1671,#1002,.T.);
#2112=EDGE_CURVE('',#1673,#1672,#149,.T.);
#2113=EDGE_CURVE('',#1674,#1673,#150,.T.);
#2114=EDGE_CURVE('',#1675,#1674,#151,.T.);
#2115=EDGE_CURVE('',#1676,#1675,#1003,.T.);
#2116=EDGE_CURVE('',#1677,#1676,#152,.T.);
#2117=EDGE_CURVE('',#1678,#1677,#153,.T.);
#2118=EDGE_CURVE('',#1679,#1678,#154,.T.);
#2119=EDGE_CURVE('',#1680,#1679,#1004,.T.);
#2120=EDGE_CURVE('',#1681,#1680,#155,.T.);
#2121=EDGE_CURVE('',#1682,#1681,#156,.T.);
#2122=EDGE_CURVE('',#1683,#1682,#157,.T.);
#2123=EDGE_CURVE('',#1684,#1683,#1005,.T.);
#2124=EDGE_CURVE('',#1685,#1684,#158,.T.);
#2125=EDGE_CURVE('',#1686,#1685,#159,.T.);
#2126=EDGE_CURVE('',#1687,#1686,#160,.T.);
#2127=EDGE_CURVE('',#1688,#1687,#1006,.T.);
#2128=EDGE_CURVE('',#1689,#1688,#161,.T.);
#2129=EDGE_CURVE('',#1690,#1689,#1007,.T.);
#2130=EDGE_CURVE('',#1576,#1690,#162,.T.);
#2131=EDGE_CURVE('',#1691,#1581,#1008,.T.);
#2132=EDGE_CURVE('',#1692,#1691,#163,.T.);
#2133=EDGE_CURVE('',#1693,#1692,#164,.T.);
#2134=EDGE_CURVE('',#1694,#1693,#165,.T.);
#2135=EDGE_CURVE('',#1695,#1694,#1009,.T.);
#2136=EDGE_CURVE('',#1696,#1695,#166,.T.);
#2137=EDGE_CURVE('',#1697,#1696,#167,.T.);
#2138=EDGE_CURVE('',#1698,#1697,#168,.T.);
#2139=EDGE_CURVE('',#1699,#1698,#1010,.T.);
#2140=EDGE_CURVE('',#1700,#1699,#169,.T.);
#2141=EDGE_CURVE('',#1701,#1700,#170,.T.);
#2142=EDGE_CURVE('',#1702,#1701,#171,.T.);
#2143=EDGE_CURVE('',#1703,#1702,#1011,.T.);
#2144=EDGE_CURVE('',#1704,#1703,#172,.T.);
#2145=EDGE_CURVE('',#1705,#1704,#173,.T.);
#2146=EDGE_CURVE('',#1706,#1705,#174,.T.);
#2147=EDGE_CURVE('',#1707,#1706,#1012,.T.);
#2148=EDGE_CURVE('',#1708,#1707,#175,.T.);
#2149=EDGE_CURVE('',#1709,#1708,#176,.T.);
#2150=EDGE_CURVE('',#1710,#1709,#177,.T.);
#2151=EDGE_CURVE('',#1711,#1710,#1013,.T.);
#2152=EDGE_CURVE('',#1712,#1711,#178,.T.);
#2153=EDGE_CURVE('',#1713,#1712,#179,.T.);
#2154=EDGE_CURVE('',#1714,#1713,#180,.T.);
#2155=EDGE_CURVE('',#1715,#1714,#1014,.T.);
#2156=EDGE_CURVE('',#1716,#1715,#181,.T.);
#2157=EDGE_CURVE('',#1717,#1716,#182,.T.);
#2158=EDGE_CURVE('',#1718,#1717,#183,.T.);
#2159=EDGE_CURVE('',#1719,#1718,#1015,.T.);
#2160=EDGE_CURVE('',#1720,#1719,#184,.T.);
#2161=EDGE_CURVE('',#1721,#1720,#185,.T.);
#2162=EDGE_CURVE('',#1722,#1721,#186,.T.);
#2163=EDGE_CURVE('',#1723,#1722,#1016,.T.);
#2164=EDGE_CURVE('',#1724,#1723,#187,.T.);
#2165=EDGE_CURVE('',#1725,#1724,#188,.T.);
#2166=EDGE_CURVE('',#1726,#1725,#189,.T.);
#2167=EDGE_CURVE('',#1727,#1726,#1017,.T.);
#2168=EDGE_CURVE('',#1559,#1727,#190,.T.);
#2169=EDGE_CURVE('',#1528,#1558,#1018,.T.);
#2170=EDGE_CURVE('',#1583,#1725,#191,.T.);
#2171=EDGE_CURVE('',#1724,#1584,#192,.T.);
#2172=EDGE_CURVE('',#1654,#1565,#193,.T.);
#2173=EDGE_CURVE('',#1564,#1582,#194,.T.);
#2174=EDGE_CURVE('',#1561,#1726,#195,.F.);
#2175=EDGE_CURVE('',#1602,#1706,#196,.F.);
#2176=EDGE_CURVE('',#1603,#1705,#197,.T.);
#2177=EDGE_CURVE('',#1673,#1635,#198,.T.);
#2178=EDGE_CURVE('',#1672,#1636,#199,.F.);
#2179=EDGE_CURVE('',#1601,#1707,#200,.T.);
#2180=EDGE_CURVE('',#1671,#1637,#201,.T.);
#2181=EDGE_CURVE('',#1708,#1600,#202,.T.);
#2182=EDGE_CURVE('',#1638,#1670,#203,.T.);
#2183=EDGE_CURVE('',#1704,#1604,#204,.T.);
#2184=EDGE_CURVE('',#1634,#1674,#205,.T.);
#2185=EDGE_CURVE('',#1599,#1709,#206,.T.);
#2186=EDGE_CURVE('',#1669,#1639,#207,.T.);
#2187=EDGE_CURVE('',#1605,#1703,#208,.T.);
#2188=EDGE_CURVE('',#1675,#1633,#209,.T.);
#2189=EDGE_CURVE('',#1598,#1710,#210,.F.);
#2190=EDGE_CURVE('',#1668,#1640,#211,.F.);
#2191=EDGE_CURVE('',#1606,#1702,#212,.F.);
#2192=EDGE_CURVE('',#1676,#1632,#213,.F.);
#2193=EDGE_CURVE('',#1597,#1711,#214,.T.);
#2194=EDGE_CURVE('',#1667,#1641,#215,.T.);
#2195=EDGE_CURVE('',#1607,#1701,#216,.T.);
#2196=EDGE_CURVE('',#1677,#1631,#217,.T.);
#2197=EDGE_CURVE('',#1712,#1596,#218,.T.);
#2198=EDGE_CURVE('',#1642,#1666,#219,.T.);
#2199=EDGE_CURVE('',#1700,#1608,#220,.T.);
#2200=EDGE_CURVE('',#1630,#1678,#221,.T.);
#2201=EDGE_CURVE('',#1595,#1713,#222,.T.);
#2202=EDGE_CURVE('',#1665,#1643,#223,.T.);
#2203=EDGE_CURVE('',#1609,#1699,#224,.T.);
#2204=EDGE_CURVE('',#1679,#1629,#225,.T.);
#2205=EDGE_CURVE('',#1594,#1714,#226,.F.);
#2206=EDGE_CURVE('',#1664,#1644,#227,.F.);
#2207=EDGE_CURVE('',#1610,#1698,#228,.F.);
#2208=EDGE_CURVE('',#1680,#1628,#229,.F.);
#2209=EDGE_CURVE('',#1593,#1715,#230,.T.);
#2210=EDGE_CURVE('',#1663,#1645,#231,.T.);
#2211=EDGE_CURVE('',#1611,#1697,#232,.T.);
#2212=EDGE_CURVE('',#1681,#1627,#233,.T.);
#2213=EDGE_CURVE('',#1716,#1592,#234,.T.);
#2214=EDGE_CURVE('',#1646,#1662,#235,.T.);
#2215=EDGE_CURVE('',#1696,#1612,#236,.T.);
#2216=EDGE_CURVE('',#1626,#1682,#237,.T.);
#2217=EDGE_CURVE('',#1591,#1717,#238,.T.);
#2218=EDGE_CURVE('',#1661,#1647,#239,.T.);
#2219=EDGE_CURVE('',#1613,#1695,#240,.T.);
#2220=EDGE_CURVE('',#1683,#1625,#241,.T.);
#2221=EDGE_CURVE('',#1590,#1718,#242,.F.);
#2222=EDGE_CURVE('',#1660,#1648,#243,.F.);
#2223=EDGE_CURVE('',#1614,#1694,#244,.F.);
#2224=EDGE_CURVE('',#1684,#1624,#245,.F.);
#2225=EDGE_CURVE('',#1589,#1719,#246,.T.);
#2226=EDGE_CURVE('',#1659,#1649,#247,.T.);
#2227=EDGE_CURVE('',#1615,#1693,#248,.T.);
#2228=EDGE_CURVE('',#1685,#1623,#249,.T.);
#2229=EDGE_CURVE('',#1720,#1588,#250,.T.);
#2230=EDGE_CURVE('',#1650,#1658,#251,.T.);
#2231=EDGE_CURVE('',#1692,#1616,#252,.T.);
#2232=EDGE_CURVE('',#1622,#1686,#253,.T.);
#2233=EDGE_CURVE('',#1587,#1721,#254,.T.);
#2234=EDGE_CURVE('',#1657,#1651,#255,.T.);
#2235=EDGE_CURVE('',#1617,#1691,#256,.T.);
#2236=EDGE_CURVE('',#1687,#1621,#257,.T.);
#2237=EDGE_CURVE('',#1586,#1722,#258,.F.);
#2238=EDGE_CURVE('',#1656,#1652,#259,.F.);
#2239=EDGE_CURVE('',#1618,#1580,#260,.T.);
#2240=EDGE_CURVE('',#1688,#1620,#261,.T.);
#2241=EDGE_CURVE('',#1585,#1723,#262,.T.);
#2242=EDGE_CURVE('',#1655,#1653,#263,.T.);
#2243=EDGE_CURVE('',#1689,#1619,#264,.T.);
#2244=EDGE_CURVE('',#1577,#1690,#265,.T.);
#2245=EDGE_CURVE('',#1560,#1727,#266,.T.);
#2246=EDGE_CURVE('',#1546,#1537,#1019,.T.);
#2247=EDGE_CURVE('',#1547,#1544,#1020,.F.);
#2248=EDGE_CURVE('',#1548,#1543,#1021,.T.);
#2249=EDGE_CURVE('',#1445,#1728,#1022,.T.);
#2250=EDGE_CURVE('',#1728,#1729,#1023,.T.);
#2251=EDGE_CURVE('',#1729,#1730,#1024,.T.);
#2252=EDGE_CURVE('',#1730,#1444,#1025,.T.);
#2253=EDGE_CURVE('',#1731,#1731,#348,.T.);
#2254=EDGE_CURVE('',#1520,#1731,#1026,.T.);
#2255=EDGE_CURVE('',#1732,#1732,#349,.T.);
#2256=EDGE_CURVE('',#1733,#1549,#1027,.T.);
#2257=EDGE_CURVE('',#1734,#1733,#1028,.T.);
#2258=EDGE_CURVE('',#1735,#1734,#1029,.T.);
#2259=EDGE_CURVE('',#1735,#1736,#1030,.T.);
#2260=EDGE_CURVE('',#1550,#1736,#1031,.T.);
#2261=EDGE_CURVE('',#1540,#1551,#1032,.T.);
#2262=EDGE_CURVE('',#1737,#1738,#1033,.T.);
#2263=EDGE_CURVE('',#1739,#1738,#1034,.T.);
#2264=EDGE_CURVE('',#1733,#1739,#1035,.T.);
#2265=EDGE_CURVE('',#1542,#1737,#1036,.T.);
#2266=EDGE_CURVE('',#1408,#1738,#1037,.T.);
#2267=EDGE_CURVE('',#1739,#1407,#1038,.T.);
#2268=EDGE_CURVE('',#1448,#1734,#1039,.F.);
#2269=EDGE_CURVE('',#1447,#1735,#1040,.T.);
#2270=EDGE_CURVE('',#1728,#1441,#1041,.T.);
#2271=EDGE_CURVE('',#1729,#1440,#1042,.T.);
#2272=EDGE_CURVE('',#1730,#1439,#1043,.T.);
#2273=EDGE_CURVE('',#1740,#1740,#350,.T.);
#2274=EDGE_CURVE('',#1740,#1521,#1044,.T.);
#2275=EDGE_CURVE('',#1499,#1484,#1045,.T.);
#2276=EDGE_CURVE('',#1500,#1535,#1046,.T.);
#2277=EDGE_CURVE('',#1536,#1485,#1047,.T.);
#2278=EDGE_CURVE('',#1732,#1567,#1048,.T.);
#2279=EDGE_CURVE('',#1531,#1741,#1049,.T.);
#2280=EDGE_CURVE('',#1736,#1741,#1050,.T.);
#2281=EDGE_CURVE('',#1742,#1541,#1051,.T.);
#2282=EDGE_CURVE('',#1743,#1742,#1052,.T.);
#2283=EDGE_CURVE('',#1744,#1743,#1053,.T.);
#2284=EDGE_CURVE('',#1744,#1737,#1054,.T.);
#2285=EDGE_CURVE('',#1745,#1742,#1055,.T.);
#2286=EDGE_CURVE('',#1745,#1741,#1056,.T.);
#2287=EDGE_CURVE('',#1743,#1395,#1057,.T.);
#2288=EDGE_CURVE('',#1744,#1394,#1058,.F.);
#2289=EDGE_CURVE('',#1402,#1423,#1059,.T.);
#2290=EDGE_CURVE('',#1745,#1575,#1060,.T.);
#2291=EDGE_CURVE('',#1532,#1574,#1061,.T.);
#2292=ORIENTED_EDGE('',*,*,#1746,.T.);
#2293=ORIENTED_EDGE('',*,*,#1747,.T.);
#2294=ORIENTED_EDGE('',*,*,#1748,.T.);
#2295=ORIENTED_EDGE('',*,*,#1749,.T.);
#2296=ORIENTED_EDGE('',*,*,#1746,.F.);
#2297=ORIENTED_EDGE('',*,*,#1750,.T.);
#2298=ORIENTED_EDGE('',*,*,#1751,.T.);
#2299=ORIENTED_EDGE('',*,*,#1752,.T.);
#2300=ORIENTED_EDGE('',*,*,#1749,.F.);
#2301=ORIENTED_EDGE('',*,*,#1753,.F.);
#2302=ORIENTED_EDGE('',*,*,#1754,.T.);
#2303=ORIENTED_EDGE('',*,*,#1750,.F.);
#2304=ORIENTED_EDGE('',*,*,#1748,.F.);
#2305=ORIENTED_EDGE('',*,*,#1755,.F.);
#2306=ORIENTED_EDGE('',*,*,#1756,.T.);
#2307=ORIENTED_EDGE('',*,*,#1753,.T.);
#2308=ORIENTED_EDGE('',*,*,#1747,.F.);
#2309=ORIENTED_EDGE('',*,*,#1757,.F.);
#2310=ORIENTED_EDGE('',*,*,#1758,.T.);
#2311=ORIENTED_EDGE('',*,*,#1759,.F.);
#2312=ORIENTED_EDGE('',*,*,#1760,.T.);
#2313=ORIENTED_EDGE('',*,*,#1761,.T.);
#2314=ORIENTED_EDGE('',*,*,#1762,.T.);
#2315=ORIENTED_EDGE('',*,*,#1763,.T.);
#2316=ORIENTED_EDGE('',*,*,#1764,.F.);
#2317=ORIENTED_EDGE('',*,*,#1765,.T.);
#2318=ORIENTED_EDGE('',*,*,#1766,.T.);
#2319=ORIENTED_EDGE('',*,*,#1759,.T.);
#2320=ORIENTED_EDGE('',*,*,#1767,.F.);
#2321=ORIENTED_EDGE('',*,*,#1768,.F.);
#2322=ORIENTED_EDGE('',*,*,#1769,.F.);
#2323=ORIENTED_EDGE('',*,*,#1770,.T.);
#2324=ORIENTED_EDGE('',*,*,#1771,.T.);
#2325=ORIENTED_EDGE('',*,*,#1772,.T.);
#2326=ORIENTED_EDGE('',*,*,#1773,.T.);
#2327=ORIENTED_EDGE('',*,*,#1774,.F.);
#2328=ORIENTED_EDGE('',*,*,#1775,.T.);
#2329=ORIENTED_EDGE('',*,*,#1776,.F.);
#2330=ORIENTED_EDGE('',*,*,#1777,.T.);
#2331=ORIENTED_EDGE('',*,*,#1778,.T.);
#2332=ORIENTED_EDGE('',*,*,#1779,.T.);
#2333=ORIENTED_EDGE('',*,*,#1780,.T.);
#2334=ORIENTED_EDGE('',*,*,#1781,.T.);
#2335=ORIENTED_EDGE('',*,*,#1782,.T.);
#2336=ORIENTED_EDGE('',*,*,#1783,.T.);
#2337=ORIENTED_EDGE('',*,*,#1784,.T.);
#2338=ORIENTED_EDGE('',*,*,#1764,.T.);
#2339=ORIENTED_EDGE('',*,*,#1785,.T.);
#2340=ORIENTED_EDGE('',*,*,#1786,.T.);
#2341=ORIENTED_EDGE('',*,*,#1787,.F.);
#2342=ORIENTED_EDGE('',*,*,#1788,.T.);
#2343=ORIENTED_EDGE('',*,*,#1789,.T.);
#2344=ORIENTED_EDGE('',*,*,#1790,.T.);
#2345=ORIENTED_EDGE('',*,*,#1791,.T.);
#2346=ORIENTED_EDGE('',*,*,#1792,.T.);
#2347=ORIENTED_EDGE('',*,*,#1793,.F.);
#2348=ORIENTED_EDGE('',*,*,#1794,.F.);
#2349=ORIENTED_EDGE('',*,*,#1795,.T.);
#2350=ORIENTED_EDGE('',*,*,#1796,.T.);
#2351=ORIENTED_EDGE('',*,*,#1797,.T.);
#2352=ORIENTED_EDGE('',*,*,#1798,.T.);
#2353=ORIENTED_EDGE('',*,*,#1799,.T.);
#2354=ORIENTED_EDGE('',*,*,#1800,.T.);
#2355=ORIENTED_EDGE('',*,*,#1801,.T.);
#2356=ORIENTED_EDGE('',*,*,#1802,.T.);
#2357=ORIENTED_EDGE('',*,*,#1765,.F.);
#2358=ORIENTED_EDGE('',*,*,#1794,.T.);
#2359=ORIENTED_EDGE('',*,*,#1803,.T.);
#2360=ORIENTED_EDGE('',*,*,#1804,.F.);
#2361=ORIENTED_EDGE('',*,*,#1805,.F.);
#2362=ORIENTED_EDGE('',*,*,#1806,.T.);
#2363=ORIENTED_EDGE('',*,*,#1789,.F.);
#2364=ORIENTED_EDGE('',*,*,#1807,.T.);
#2365=ORIENTED_EDGE('',*,*,#1772,.F.);
#2366=ORIENTED_EDGE('',*,*,#1808,.T.);
#2367=ORIENTED_EDGE('',*,*,#1809,.F.);
#2368=ORIENTED_EDGE('',*,*,#1806,.F.);
#2369=ORIENTED_EDGE('',*,*,#1810,.T.);
#2370=ORIENTED_EDGE('',*,*,#1811,.T.);
#2371=ORIENTED_EDGE('',*,*,#1812,.T.);
#2372=ORIENTED_EDGE('',*,*,#1813,.T.);
#2373=ORIENTED_EDGE('',*,*,#1814,.T.);
#2374=ORIENTED_EDGE('',*,*,#1815,.T.);
#2375=ORIENTED_EDGE('',*,*,#1808,.F.);
#2376=ORIENTED_EDGE('',*,*,#1771,.F.);
#2377=ORIENTED_EDGE('',*,*,#1816,.F.);
#2378=ORIENTED_EDGE('',*,*,#1790,.F.);
#2379=ORIENTED_EDGE('',*,*,#1817,.F.);
#2380=ORIENTED_EDGE('',*,*,#1818,.F.);
#2381=ORIENTED_EDGE('',*,*,#1819,.T.);
#2382=ORIENTED_EDGE('',*,*,#1810,.F.);
#2383=ORIENTED_EDGE('',*,*,#1805,.T.);
#2384=ORIENTED_EDGE('',*,*,#1815,.F.);
#2385=ORIENTED_EDGE('',*,*,#1820,.F.);
#2386=ORIENTED_EDGE('',*,*,#1821,.F.);
#2387=ORIENTED_EDGE('',*,*,#1817,.T.);
#2388=ORIENTED_EDGE('',*,*,#1809,.T.);
#2389=ORIENTED_EDGE('',*,*,#1807,.F.);
#2390=ORIENTED_EDGE('',*,*,#1788,.F.);
#2391=ORIENTED_EDGE('',*,*,#1822,.F.);
#2392=ORIENTED_EDGE('',*,*,#1823,.T.);
#2393=ORIENTED_EDGE('',*,*,#1824,.T.);
#2394=ORIENTED_EDGE('',*,*,#1825,.T.);
#2395=ORIENTED_EDGE('',*,*,#1773,.F.);
#2396=ORIENTED_EDGE('',*,*,#1826,.T.);
#2397=ORIENTED_EDGE('',*,*,#1827,.T.);
#2398=ORIENTED_EDGE('',*,*,#1828,.T.);
#2399=ORIENTED_EDGE('',*,*,#1829,.T.);
#2400=ORIENTED_EDGE('',*,*,#1830,.T.);
#2401=ORIENTED_EDGE('',*,*,#1831,.T.);
#2402=ORIENTED_EDGE('',*,*,#1832,.T.);
#2403=ORIENTED_EDGE('',*,*,#1833,.T.);
#2404=ORIENTED_EDGE('',*,*,#1834,.T.);
#2405=ORIENTED_EDGE('',*,*,#1835,.T.);
#2406=ORIENTED_EDGE('',*,*,#1829,.F.);
#2407=ORIENTED_EDGE('',*,*,#1831,.F.);
#2408=ORIENTED_EDGE('',*,*,#1836,.T.);
#2409=ORIENTED_EDGE('',*,*,#1837,.F.);
#2410=ORIENTED_EDGE('',*,*,#1838,.T.);
#2411=ORIENTED_EDGE('',*,*,#1839,.F.);
#2412=ORIENTED_EDGE('',*,*,#1840,.T.);
#2413=ORIENTED_EDGE('',*,*,#1841,.F.);
#2414=ORIENTED_EDGE('',*,*,#1842,.F.);
#2415=ORIENTED_EDGE('',*,*,#1832,.F.);
#2416=ORIENTED_EDGE('',*,*,#1842,.T.);
#2417=ORIENTED_EDGE('',*,*,#1843,.T.);
#2418=ORIENTED_EDGE('',*,*,#1844,.T.);
#2419=ORIENTED_EDGE('',*,*,#1845,.T.);
#2420=ORIENTED_EDGE('',*,*,#1846,.T.);
#2421=ORIENTED_EDGE('',*,*,#1847,.F.);
#2422=ORIENTED_EDGE('',*,*,#1848,.T.);
#2423=ORIENTED_EDGE('',*,*,#1849,.T.);
#2424=ORIENTED_EDGE('',*,*,#1827,.F.);
#2425=ORIENTED_EDGE('',*,*,#1850,.T.);
#2426=ORIENTED_EDGE('',*,*,#1851,.T.);
#2427=ORIENTED_EDGE('',*,*,#1852,.T.);
#2428=ORIENTED_EDGE('',*,*,#1853,.T.);
#2429=ORIENTED_EDGE('',*,*,#1854,.T.);
#2430=ORIENTED_EDGE('',*,*,#1855,.T.);
#2431=ORIENTED_EDGE('',*,*,#1856,.T.);
#2432=ORIENTED_EDGE('',*,*,#1857,.T.);
#2433=ORIENTED_EDGE('',*,*,#1858,.T.);
#2434=ORIENTED_EDGE('',*,*,#1859,.T.);
#2435=ORIENTED_EDGE('',*,*,#1830,.F.);
#2436=ORIENTED_EDGE('',*,*,#1835,.F.);
#2437=ORIENTED_EDGE('',*,*,#1860,.F.);
#2438=ORIENTED_EDGE('',*,*,#1861,.F.);
#2439=ORIENTED_EDGE('',*,*,#1862,.T.);
#2440=ORIENTED_EDGE('',*,*,#1863,.F.);
#2441=ORIENTED_EDGE('',*,*,#1864,.F.);
#2442=ORIENTED_EDGE('',*,*,#1836,.F.);
#2443=ORIENTED_EDGE('',*,*,#1834,.F.);
#2444=ORIENTED_EDGE('',*,*,#1865,.F.);
#2445=ORIENTED_EDGE('',*,*,#1866,.F.);
#2446=ORIENTED_EDGE('',*,*,#1867,.T.);
#2447=ORIENTED_EDGE('',*,*,#1860,.T.);
#2448=ORIENTED_EDGE('',*,*,#1868,.F.);
#2449=ORIENTED_EDGE('',*,*,#1869,.T.);
#2450=ORIENTED_EDGE('',*,*,#1870,.T.);
#2451=ORIENTED_EDGE('',*,*,#1837,.T.);
#2452=ORIENTED_EDGE('',*,*,#1864,.T.);
#2453=ORIENTED_EDGE('',*,*,#1871,.T.);
#2454=ORIENTED_EDGE('',*,*,#1872,.T.);
#2455=ORIENTED_EDGE('',*,*,#1873,.T.);
#2456=ORIENTED_EDGE('',*,*,#1874,.T.);
#2457=ORIENTED_EDGE('',*,*,#1875,.T.);
#2458=ORIENTED_EDGE('',*,*,#1863,.T.);
#2459=ORIENTED_EDGE('',*,*,#1876,.T.);
#2460=ORIENTED_EDGE('',*,*,#1877,.T.);
#2461=ORIENTED_EDGE('',*,*,#1871,.F.);
#2462=ORIENTED_EDGE('',*,*,#1875,.F.);
#2463=ORIENTED_EDGE('',*,*,#1878,.T.);
#2464=ORIENTED_EDGE('',*,*,#1879,.T.);
#2465=ORIENTED_EDGE('',*,*,#1880,.F.);
#2466=ORIENTED_EDGE('',*,*,#1874,.F.);
#2467=ORIENTED_EDGE('',*,*,#1881,.F.);
#2468=ORIENTED_EDGE('',*,*,#1882,.T.);
#2469=ORIENTED_EDGE('',*,*,#1883,.T.);
#2470=ORIENTED_EDGE('',*,*,#1878,.F.);
#2471=ORIENTED_EDGE('',*,*,#1872,.F.);
#2472=ORIENTED_EDGE('',*,*,#1877,.F.);
#2473=ORIENTED_EDGE('',*,*,#1884,.T.);
#2474=ORIENTED_EDGE('',*,*,#1885,.T.);
#2475=ORIENTED_EDGE('',*,*,#1768,.T.);
#2476=ORIENTED_EDGE('',*,*,#1886,.F.);
#2477=ORIENTED_EDGE('',*,*,#1887,.F.);
#2478=ORIENTED_EDGE('',*,*,#1876,.F.);
#2479=ORIENTED_EDGE('',*,*,#1862,.F.);
#2480=ORIENTED_EDGE('',*,*,#1888,.T.);
#2481=ORIENTED_EDGE('',*,*,#1889,.F.);
#2482=ORIENTED_EDGE('',*,*,#1884,.F.);
#2483=ORIENTED_EDGE('',*,*,#1890,.F.);
#2484=ORIENTED_EDGE('',*,*,#1826,.F.);
#2485=ORIENTED_EDGE('',*,*,#1851,.F.);
#2486=ORIENTED_EDGE('',*,*,#1891,.T.);
#2487=ORIENTED_EDGE('',*,*,#1892,.T.);
#2488=ORIENTED_EDGE('',*,*,#1891,.F.);
#2489=ORIENTED_EDGE('',*,*,#1850,.F.);
#2490=ORIENTED_EDGE('',*,*,#1869,.F.);
#2491=ORIENTED_EDGE('',*,*,#1880,.T.);
#2492=ORIENTED_EDGE('',*,*,#1893,.T.);
#2493=ORIENTED_EDGE('',*,*,#1894,.F.);
#2494=ORIENTED_EDGE('',*,*,#1895,.F.);
#2495=ORIENTED_EDGE('',*,*,#1870,.F.);
#2496=ORIENTED_EDGE('',*,*,#1895,.T.);
#2497=ORIENTED_EDGE('',*,*,#1896,.T.);
#2498=ORIENTED_EDGE('',*,*,#1897,.T.);
#2499=ORIENTED_EDGE('',*,*,#1898,.T.);
#2500=ORIENTED_EDGE('',*,*,#1881,.T.);
#2501=ORIENTED_EDGE('',*,*,#1873,.F.);
#2502=ORIENTED_EDGE('',*,*,#1887,.T.);
#2503=ORIENTED_EDGE('',*,*,#1899,.T.);
#2504=ORIENTED_EDGE('',*,*,#1757,.T.);
#2505=ORIENTED_EDGE('',*,*,#1752,.F.);
#2506=ORIENTED_EDGE('',*,*,#1900,.T.);
#2507=ORIENTED_EDGE('',*,*,#1901,.T.);
#2508=ORIENTED_EDGE('',*,*,#1902,.T.);
#2509=ORIENTED_EDGE('',*,*,#1838,.F.);
#2510=ORIENTED_EDGE('',*,*,#1903,.T.);
#2511=ORIENTED_EDGE('',*,*,#1904,.T.);
#2512=ORIENTED_EDGE('',*,*,#1905,.T.);
#2513=ORIENTED_EDGE('',*,*,#1906,.T.);
#2514=ORIENTED_EDGE('',*,*,#1907,.T.);
#2515=ORIENTED_EDGE('',*,*,#1908,.T.);
#2516=ORIENTED_EDGE('',*,*,#1909,.T.);
#2517=ORIENTED_EDGE('',*,*,#1910,.T.);
#2518=ORIENTED_EDGE('',*,*,#1755,.T.);
#2519=ORIENTED_EDGE('',*,*,#1766,.F.);
#2520=ORIENTED_EDGE('',*,*,#1804,.T.);
#2521=ORIENTED_EDGE('',*,*,#1911,.T.);
#2522=ORIENTED_EDGE('',*,*,#1912,.T.);
#2523=ORIENTED_EDGE('',*,*,#1913,.T.);
#2524=ORIENTED_EDGE('',*,*,#1758,.F.);
#2525=ORIENTED_EDGE('',*,*,#1899,.F.);
#2526=ORIENTED_EDGE('',*,*,#1886,.T.);
#2527=ORIENTED_EDGE('',*,*,#1767,.T.);
#2528=ORIENTED_EDGE('',*,*,#1839,.T.);
#2529=ORIENTED_EDGE('',*,*,#1902,.F.);
#2530=ORIENTED_EDGE('',*,*,#1914,.F.);
#2531=ORIENTED_EDGE('',*,*,#1915,.F.);
#2532=ORIENTED_EDGE('',*,*,#1915,.T.);
#2533=ORIENTED_EDGE('',*,*,#1916,.F.);
#2534=ORIENTED_EDGE('',*,*,#1917,.T.);
#2535=ORIENTED_EDGE('',*,*,#1840,.F.);
#2536=ORIENTED_EDGE('',*,*,#1918,.T.);
#2537=ORIENTED_EDGE('',*,*,#1919,.T.);
#2538=ORIENTED_EDGE('',*,*,#1843,.F.);
#2539=ORIENTED_EDGE('',*,*,#1841,.T.);
#2540=ORIENTED_EDGE('',*,*,#1917,.F.);
#2541=ORIENTED_EDGE('',*,*,#1920,.F.);
#2542=ORIENTED_EDGE('',*,*,#1784,.F.);
#2543=ORIENTED_EDGE('',*,*,#1921,.T.);
#2544=ORIENTED_EDGE('',*,*,#1910,.F.);
#2545=ORIENTED_EDGE('',*,*,#1922,.F.);
#2546=ORIENTED_EDGE('',*,*,#1783,.F.);
#2547=ORIENTED_EDGE('',*,*,#1923,.F.);
#2548=ORIENTED_EDGE('',*,*,#1907,.F.);
#2549=ORIENTED_EDGE('',*,*,#1921,.F.);
#2550=ORIENTED_EDGE('',*,*,#1801,.F.);
#2551=ORIENTED_EDGE('',*,*,#1924,.F.);
#2552=ORIENTED_EDGE('',*,*,#1852,.F.);
#2553=ORIENTED_EDGE('',*,*,#1925,.F.);
#2554=ORIENTED_EDGE('',*,*,#1781,.F.);
#2555=ORIENTED_EDGE('',*,*,#1922,.T.);
#2556=ORIENTED_EDGE('',*,*,#1909,.F.);
#2557=ORIENTED_EDGE('',*,*,#1926,.T.);
#2558=ORIENTED_EDGE('',*,*,#1800,.F.);
#2559=ORIENTED_EDGE('',*,*,#1927,.F.);
#2560=ORIENTED_EDGE('',*,*,#1853,.F.);
#2561=ORIENTED_EDGE('',*,*,#1924,.T.);
#2562=ORIENTED_EDGE('',*,*,#1799,.F.);
#2563=ORIENTED_EDGE('',*,*,#1928,.T.);
#2564=ORIENTED_EDGE('',*,*,#1854,.F.);
#2565=ORIENTED_EDGE('',*,*,#1927,.T.);
#2566=ORIENTED_EDGE('',*,*,#1778,.F.);
#2567=ORIENTED_EDGE('',*,*,#1929,.T.);
#2568=ORIENTED_EDGE('',*,*,#1906,.F.);
#2569=ORIENTED_EDGE('',*,*,#1930,.F.);
#2570=ORIENTED_EDGE('',*,*,#1777,.F.);
#2571=ORIENTED_EDGE('',*,*,#1931,.F.);
#2572=ORIENTED_EDGE('',*,*,#1903,.F.);
#2573=ORIENTED_EDGE('',*,*,#1929,.F.);
#2574=ORIENTED_EDGE('',*,*,#1795,.F.);
#2575=ORIENTED_EDGE('',*,*,#1932,.F.);
#2576=ORIENTED_EDGE('',*,*,#1856,.F.);
#2577=ORIENTED_EDGE('',*,*,#1933,.F.);
#2578=ORIENTED_EDGE('',*,*,#1779,.F.);
#2579=ORIENTED_EDGE('',*,*,#1930,.T.);
#2580=ORIENTED_EDGE('',*,*,#1905,.F.);
#2581=ORIENTED_EDGE('',*,*,#1934,.T.);
#2582=ORIENTED_EDGE('',*,*,#1797,.F.);
#2583=ORIENTED_EDGE('',*,*,#1935,.T.);
#2584=ORIENTED_EDGE('',*,*,#1858,.F.);
#2585=ORIENTED_EDGE('',*,*,#1936,.T.);
#2586=ORIENTED_EDGE('',*,*,#1798,.F.);
#2587=ORIENTED_EDGE('',*,*,#1936,.F.);
#2588=ORIENTED_EDGE('',*,*,#1857,.F.);
#2589=ORIENTED_EDGE('',*,*,#1932,.T.);
#2590=ORIENTED_EDGE('',*,*,#1925,.T.);
#2591=ORIENTED_EDGE('',*,*,#1855,.F.);
#2592=ORIENTED_EDGE('',*,*,#1928,.F.);
#2593=ORIENTED_EDGE('',*,*,#1802,.F.);
#2594=ORIENTED_EDGE('',*,*,#1923,.T.);
#2595=ORIENTED_EDGE('',*,*,#1782,.F.);
#2596=ORIENTED_EDGE('',*,*,#1926,.F.);
#2597=ORIENTED_EDGE('',*,*,#1908,.F.);
#2598=ORIENTED_EDGE('',*,*,#1933,.T.);
#2599=ORIENTED_EDGE('',*,*,#1859,.F.);
#2600=ORIENTED_EDGE('',*,*,#1935,.F.);
#2601=ORIENTED_EDGE('',*,*,#1796,.F.);
#2602=ORIENTED_EDGE('',*,*,#1931,.T.);
#2603=ORIENTED_EDGE('',*,*,#1780,.F.);
#2604=ORIENTED_EDGE('',*,*,#1934,.F.);
#2605=ORIENTED_EDGE('',*,*,#1904,.F.);
#2606=ORIENTED_EDGE('',*,*,#1847,.T.);
#2607=ORIENTED_EDGE('',*,*,#1937,.T.);
#2608=ORIENTED_EDGE('',*,*,#1938,.T.);
#2609=ORIENTED_EDGE('',*,*,#1939,.T.);
#2610=ORIENTED_EDGE('',*,*,#1939,.F.);
#2611=ORIENTED_EDGE('',*,*,#1940,.T.);
#2612=ORIENTED_EDGE('',*,*,#1941,.F.);
#2613=ORIENTED_EDGE('',*,*,#1848,.F.);
#2614=ORIENTED_EDGE('',*,*,#1942,.F.);
#2615=ORIENTED_EDGE('',*,*,#1943,.F.);
#2616=ORIENTED_EDGE('',*,*,#1944,.F.);
#2617=ORIENTED_EDGE('',*,*,#1945,.F.);
#2618=ORIENTED_EDGE('',*,*,#1940,.F.);
#2619=ORIENTED_EDGE('',*,*,#1938,.F.);
#2620=ORIENTED_EDGE('',*,*,#1937,.F.);
#2621=ORIENTED_EDGE('',*,*,#1846,.F.);
#2622=ORIENTED_EDGE('',*,*,#1946,.T.);
#2623=ORIENTED_EDGE('',*,*,#1947,.T.);
#2624=ORIENTED_EDGE('',*,*,#1948,.T.);
#2625=ORIENTED_EDGE('',*,*,#1949,.T.);
#2626=ORIENTED_EDGE('',*,*,#1950,.F.);
#2627=ORIENTED_EDGE('',*,*,#1822,.T.);
#2628=ORIENTED_EDGE('',*,*,#1787,.T.);
#2629=ORIENTED_EDGE('',*,*,#1951,.T.);
#2630=ORIENTED_EDGE('',*,*,#1952,.F.);
#2631=ORIENTED_EDGE('',*,*,#1942,.T.);
#2632=ORIENTED_EDGE('',*,*,#1828,.F.);
#2633=ORIENTED_EDGE('',*,*,#1849,.F.);
#2634=ORIENTED_EDGE('',*,*,#1941,.T.);
#2635=ORIENTED_EDGE('',*,*,#1945,.T.);
#2636=ORIENTED_EDGE('',*,*,#1953,.F.);
#2637=ORIENTED_EDGE('',*,*,#1911,.F.);
#2638=ORIENTED_EDGE('',*,*,#1803,.F.);
#2639=ORIENTED_EDGE('',*,*,#1793,.T.);
#2640=ORIENTED_EDGE('',*,*,#1954,.T.);
#2641=ORIENTED_EDGE('',*,*,#1865,.T.);
#2642=ORIENTED_EDGE('',*,*,#1833,.F.);
#2643=ORIENTED_EDGE('',*,*,#1896,.F.);
#2644=ORIENTED_EDGE('',*,*,#1894,.T.);
#2645=ORIENTED_EDGE('',*,*,#1955,.T.);
#2646=ORIENTED_EDGE('',*,*,#1956,.F.);
#2647=ORIENTED_EDGE('',*,*,#1898,.F.);
#2648=ORIENTED_EDGE('',*,*,#1957,.T.);
#2649=ORIENTED_EDGE('',*,*,#1958,.T.);
#2650=ORIENTED_EDGE('',*,*,#1882,.F.);
#2651=ORIENTED_EDGE('',*,*,#1897,.F.);
#2652=ORIENTED_EDGE('',*,*,#1956,.T.);
#2653=ORIENTED_EDGE('',*,*,#1959,.T.);
#2654=ORIENTED_EDGE('',*,*,#1957,.F.);
#2655=ORIENTED_EDGE('',*,*,#1959,.F.);
#2656=ORIENTED_EDGE('',*,*,#1955,.F.);
#2657=ORIENTED_EDGE('',*,*,#1893,.F.);
#2658=ORIENTED_EDGE('',*,*,#1879,.F.);
#2659=ORIENTED_EDGE('',*,*,#1883,.F.);
#2660=ORIENTED_EDGE('',*,*,#1958,.F.);
#2661=ORIENTED_EDGE('',*,*,#1960,.F.);
#2662=ORIENTED_EDGE('',*,*,#1892,.F.);
#2663=ORIENTED_EDGE('',*,*,#1961,.F.);
#2664=ORIENTED_EDGE('',*,*,#1962,.T.);
#2665=ORIENTED_EDGE('',*,*,#1963,.F.);
#2666=ORIENTED_EDGE('',*,*,#1964,.T.);
#2667=ORIENTED_EDGE('',*,*,#1965,.F.);
#2668=ORIENTED_EDGE('',*,*,#1966,.F.);
#2669=ORIENTED_EDGE('',*,*,#1967,.T.);
#2670=ORIENTED_EDGE('',*,*,#1968,.T.);
#2671=ORIENTED_EDGE('',*,*,#1969,.T.);
#2672=ORIENTED_EDGE('',*,*,#1970,.T.);
#2673=ORIENTED_EDGE('',*,*,#1971,.F.);
#2674=ORIENTED_EDGE('',*,*,#1972,.T.);
#2675=ORIENTED_EDGE('',*,*,#1973,.F.);
#2676=ORIENTED_EDGE('',*,*,#1974,.F.);
#2677=ORIENTED_EDGE('',*,*,#1975,.T.);
#2678=ORIENTED_EDGE('',*,*,#1976,.T.);
#2679=ORIENTED_EDGE('',*,*,#1977,.T.);
#2680=ORIENTED_EDGE('',*,*,#1978,.T.);
#2681=ORIENTED_EDGE('',*,*,#1977,.F.);
#2682=ORIENTED_EDGE('',*,*,#1979,.F.);
#2683=ORIENTED_EDGE('',*,*,#1963,.T.);
#2684=ORIENTED_EDGE('',*,*,#1980,.T.);
#2685=ORIENTED_EDGE('',*,*,#1981,.T.);
#2686=ORIENTED_EDGE('',*,*,#1982,.T.);
#2687=ORIENTED_EDGE('',*,*,#1983,.T.);
#2688=ORIENTED_EDGE('',*,*,#1984,.T.);
#2689=ORIENTED_EDGE('',*,*,#1981,.F.);
#2690=ORIENTED_EDGE('',*,*,#1985,.T.);
#2691=ORIENTED_EDGE('',*,*,#1986,.T.);
#2692=ORIENTED_EDGE('',*,*,#1987,.T.);
#2693=ORIENTED_EDGE('',*,*,#1988,.T.);
#2694=ORIENTED_EDGE('',*,*,#1989,.T.);
#2695=ORIENTED_EDGE('',*,*,#1990,.T.);
#2696=ORIENTED_EDGE('',*,*,#1991,.T.);
#2697=ORIENTED_EDGE('',*,*,#1992,.F.);
#2698=ORIENTED_EDGE('',*,*,#1993,.T.);
#2699=ORIENTED_EDGE('',*,*,#1994,.T.);
#2700=ORIENTED_EDGE('',*,*,#1995,.F.);
#2701=ORIENTED_EDGE('',*,*,#1996,.T.);
#2702=ORIENTED_EDGE('',*,*,#1997,.T.);
#2703=ORIENTED_EDGE('',*,*,#1998,.F.);
#2704=ORIENTED_EDGE('',*,*,#1999,.F.);
#2705=ORIENTED_EDGE('',*,*,#1997,.F.);
#2706=ORIENTED_EDGE('',*,*,#2000,.T.);
#2707=ORIENTED_EDGE('',*,*,#1998,.T.);
#2708=ORIENTED_EDGE('',*,*,#2000,.F.);
#2709=ORIENTED_EDGE('',*,*,#1996,.F.);
#2710=ORIENTED_EDGE('',*,*,#2001,.T.);
#2711=ORIENTED_EDGE('',*,*,#1999,.T.);
#2712=ORIENTED_EDGE('',*,*,#2001,.F.);
#2713=ORIENTED_EDGE('',*,*,#1983,.F.);
#2714=ORIENTED_EDGE('',*,*,#2002,.F.);
#2715=ORIENTED_EDGE('',*,*,#2003,.F.);
#2716=ORIENTED_EDGE('',*,*,#1948,.F.);
#2717=ORIENTED_EDGE('',*,*,#2004,.T.);
#2718=ORIENTED_EDGE('',*,*,#2002,.T.);
#2719=ORIENTED_EDGE('',*,*,#1982,.F.);
#2720=ORIENTED_EDGE('',*,*,#1984,.F.);
#2721=ORIENTED_EDGE('',*,*,#2005,.T.);
#2722=ORIENTED_EDGE('',*,*,#2006,.T.);
#2723=ORIENTED_EDGE('',*,*,#1912,.F.);
#2724=ORIENTED_EDGE('',*,*,#1953,.T.);
#2725=ORIENTED_EDGE('',*,*,#1944,.T.);
#2726=ORIENTED_EDGE('',*,*,#2007,.F.);
#2727=ORIENTED_EDGE('',*,*,#2008,.T.);
#2728=ORIENTED_EDGE('',*,*,#1785,.F.);
#2729=ORIENTED_EDGE('',*,*,#1763,.F.);
#2730=ORIENTED_EDGE('',*,*,#2009,.F.);
#2731=ORIENTED_EDGE('',*,*,#2010,.T.);
#2732=ORIENTED_EDGE('',*,*,#1756,.F.);
#2733=ORIENTED_EDGE('',*,*,#1913,.F.);
#2734=ORIENTED_EDGE('',*,*,#2006,.F.);
#2735=ORIENTED_EDGE('',*,*,#2011,.F.);
#2736=ORIENTED_EDGE('',*,*,#2012,.T.);
#2737=ORIENTED_EDGE('',*,*,#2013,.T.);
#2738=ORIENTED_EDGE('',*,*,#2014,.F.);
#2739=ORIENTED_EDGE('',*,*,#2015,.T.);
#2740=ORIENTED_EDGE('',*,*,#2016,.T.);
#2741=ORIENTED_EDGE('',*,*,#2017,.F.);
#2742=ORIENTED_EDGE('',*,*,#1946,.F.);
#2743=ORIENTED_EDGE('',*,*,#1845,.F.);
#2744=ORIENTED_EDGE('',*,*,#2018,.T.);
#2745=ORIENTED_EDGE('',*,*,#1900,.F.);
#2746=ORIENTED_EDGE('',*,*,#1751,.F.);
#2747=ORIENTED_EDGE('',*,*,#1754,.F.);
#2748=ORIENTED_EDGE('',*,*,#2019,.F.);
#2749=ORIENTED_EDGE('',*,*,#1990,.F.);
#2750=ORIENTED_EDGE('',*,*,#2020,.F.);
#2751=ORIENTED_EDGE('',*,*,#2021,.F.);
#2752=ORIENTED_EDGE('',*,*,#2022,.F.);
#2753=ORIENTED_EDGE('',*,*,#2023,.F.);
#2754=ORIENTED_EDGE('',*,*,#2024,.F.);
#2755=ORIENTED_EDGE('',*,*,#2025,.F.);
#2756=ORIENTED_EDGE('',*,*,#2026,.F.);
#2757=ORIENTED_EDGE('',*,*,#2027,.F.);
#2758=ORIENTED_EDGE('',*,*,#2028,.F.);
#2759=ORIENTED_EDGE('',*,*,#2029,.F.);
#2760=ORIENTED_EDGE('',*,*,#2030,.F.);
#2761=ORIENTED_EDGE('',*,*,#2031,.F.);
#2762=ORIENTED_EDGE('',*,*,#2032,.F.);
#2763=ORIENTED_EDGE('',*,*,#2033,.F.);
#2764=ORIENTED_EDGE('',*,*,#2034,.F.);
#2765=ORIENTED_EDGE('',*,*,#2035,.F.);
#2766=ORIENTED_EDGE('',*,*,#2036,.F.);
#2767=ORIENTED_EDGE('',*,*,#2037,.F.);
#2768=ORIENTED_EDGE('',*,*,#2038,.F.);
#2769=ORIENTED_EDGE('',*,*,#2039,.F.);
#2770=ORIENTED_EDGE('',*,*,#2040,.F.);
#2771=ORIENTED_EDGE('',*,*,#2041,.F.);
#2772=ORIENTED_EDGE('',*,*,#2042,.F.);
#2773=ORIENTED_EDGE('',*,*,#2043,.F.);
#2774=ORIENTED_EDGE('',*,*,#2044,.F.);
#2775=ORIENTED_EDGE('',*,*,#2045,.F.);
#2776=ORIENTED_EDGE('',*,*,#2046,.F.);
#2777=ORIENTED_EDGE('',*,*,#2047,.F.);
#2778=ORIENTED_EDGE('',*,*,#2048,.F.);
#2779=ORIENTED_EDGE('',*,*,#2049,.F.);
#2780=ORIENTED_EDGE('',*,*,#2050,.F.);
#2781=ORIENTED_EDGE('',*,*,#2051,.F.);
#2782=ORIENTED_EDGE('',*,*,#2052,.F.);
#2783=ORIENTED_EDGE('',*,*,#2053,.F.);
#2784=ORIENTED_EDGE('',*,*,#2054,.F.);
#2785=ORIENTED_EDGE('',*,*,#2055,.F.);
#2786=ORIENTED_EDGE('',*,*,#2056,.F.);
#2787=ORIENTED_EDGE('',*,*,#2014,.T.);
#2788=ORIENTED_EDGE('',*,*,#2057,.F.);
#2789=ORIENTED_EDGE('',*,*,#2058,.F.);
#2790=ORIENTED_EDGE('',*,*,#2059,.F.);
#2791=ORIENTED_EDGE('',*,*,#2060,.F.);
#2792=ORIENTED_EDGE('',*,*,#2061,.F.);
#2793=ORIENTED_EDGE('',*,*,#2062,.F.);
#2794=ORIENTED_EDGE('',*,*,#2063,.F.);
#2795=ORIENTED_EDGE('',*,*,#2064,.F.);
#2796=ORIENTED_EDGE('',*,*,#2065,.F.);
#2797=ORIENTED_EDGE('',*,*,#2066,.F.);
#2798=ORIENTED_EDGE('',*,*,#2067,.F.);
#2799=ORIENTED_EDGE('',*,*,#2068,.F.);
#2800=ORIENTED_EDGE('',*,*,#2069,.F.);
#2801=ORIENTED_EDGE('',*,*,#2070,.F.);
#2802=ORIENTED_EDGE('',*,*,#2071,.F.);
#2803=ORIENTED_EDGE('',*,*,#2072,.F.);
#2804=ORIENTED_EDGE('',*,*,#2073,.F.);
#2805=ORIENTED_EDGE('',*,*,#2074,.F.);
#2806=ORIENTED_EDGE('',*,*,#2075,.F.);
#2807=ORIENTED_EDGE('',*,*,#2076,.F.);
#2808=ORIENTED_EDGE('',*,*,#2077,.F.);
#2809=ORIENTED_EDGE('',*,*,#2078,.F.);
#2810=ORIENTED_EDGE('',*,*,#2079,.F.);
#2811=ORIENTED_EDGE('',*,*,#2080,.F.);
#2812=ORIENTED_EDGE('',*,*,#2081,.F.);
#2813=ORIENTED_EDGE('',*,*,#2082,.F.);
#2814=ORIENTED_EDGE('',*,*,#2083,.F.);
#2815=ORIENTED_EDGE('',*,*,#2084,.F.);
#2816=ORIENTED_EDGE('',*,*,#2085,.F.);
#2817=ORIENTED_EDGE('',*,*,#2086,.F.);
#2818=ORIENTED_EDGE('',*,*,#2087,.F.);
#2819=ORIENTED_EDGE('',*,*,#2088,.F.);
#2820=ORIENTED_EDGE('',*,*,#2089,.F.);
#2821=ORIENTED_EDGE('',*,*,#2090,.F.);
#2822=ORIENTED_EDGE('',*,*,#2091,.F.);
#2823=ORIENTED_EDGE('',*,*,#2092,.F.);
#2824=ORIENTED_EDGE('',*,*,#2093,.F.);
#2825=ORIENTED_EDGE('',*,*,#2094,.F.);
#2826=ORIENTED_EDGE('',*,*,#2095,.F.);
#2827=ORIENTED_EDGE('',*,*,#2096,.F.);
#2828=ORIENTED_EDGE('',*,*,#2097,.F.);
#2829=ORIENTED_EDGE('',*,*,#2098,.F.);
#2830=ORIENTED_EDGE('',*,*,#2099,.F.);
#2831=ORIENTED_EDGE('',*,*,#2100,.F.);
#2832=ORIENTED_EDGE('',*,*,#2101,.F.);
#2833=ORIENTED_EDGE('',*,*,#2102,.F.);
#2834=ORIENTED_EDGE('',*,*,#2103,.F.);
#2835=ORIENTED_EDGE('',*,*,#2104,.F.);
#2836=ORIENTED_EDGE('',*,*,#2105,.F.);
#2837=ORIENTED_EDGE('',*,*,#2106,.F.);
#2838=ORIENTED_EDGE('',*,*,#2107,.F.);
#2839=ORIENTED_EDGE('',*,*,#2108,.F.);
#2840=ORIENTED_EDGE('',*,*,#2109,.F.);
#2841=ORIENTED_EDGE('',*,*,#2110,.F.);
#2842=ORIENTED_EDGE('',*,*,#2111,.F.);
#2843=ORIENTED_EDGE('',*,*,#2112,.F.);
#2844=ORIENTED_EDGE('',*,*,#2113,.F.);
#2845=ORIENTED_EDGE('',*,*,#2114,.F.);
#2846=ORIENTED_EDGE('',*,*,#2115,.F.);
#2847=ORIENTED_EDGE('',*,*,#2116,.F.);
#2848=ORIENTED_EDGE('',*,*,#2117,.F.);
#2849=ORIENTED_EDGE('',*,*,#2118,.F.);
#2850=ORIENTED_EDGE('',*,*,#2119,.F.);
#2851=ORIENTED_EDGE('',*,*,#2120,.F.);
#2852=ORIENTED_EDGE('',*,*,#2121,.F.);
#2853=ORIENTED_EDGE('',*,*,#2122,.F.);
#2854=ORIENTED_EDGE('',*,*,#2123,.F.);
#2855=ORIENTED_EDGE('',*,*,#2124,.F.);
#2856=ORIENTED_EDGE('',*,*,#2125,.F.);
#2857=ORIENTED_EDGE('',*,*,#2126,.F.);
#2858=ORIENTED_EDGE('',*,*,#2127,.F.);
#2859=ORIENTED_EDGE('',*,*,#2128,.F.);
#2860=ORIENTED_EDGE('',*,*,#2129,.F.);
#2861=ORIENTED_EDGE('',*,*,#2130,.F.);
#2862=ORIENTED_EDGE('',*,*,#2011,.T.);
#2863=ORIENTED_EDGE('',*,*,#2005,.F.);
#2864=ORIENTED_EDGE('',*,*,#1994,.F.);
#2865=ORIENTED_EDGE('',*,*,#2131,.F.);
#2866=ORIENTED_EDGE('',*,*,#2132,.F.);
#2867=ORIENTED_EDGE('',*,*,#2133,.F.);
#2868=ORIENTED_EDGE('',*,*,#2134,.F.);
#2869=ORIENTED_EDGE('',*,*,#2135,.F.);
#2870=ORIENTED_EDGE('',*,*,#2136,.F.);
#2871=ORIENTED_EDGE('',*,*,#2137,.F.);
#2872=ORIENTED_EDGE('',*,*,#2138,.F.);
#2873=ORIENTED_EDGE('',*,*,#2139,.F.);
#2874=ORIENTED_EDGE('',*,*,#2140,.F.);
#2875=ORIENTED_EDGE('',*,*,#2141,.F.);
#2876=ORIENTED_EDGE('',*,*,#2142,.F.);
#2877=ORIENTED_EDGE('',*,*,#2143,.F.);
#2878=ORIENTED_EDGE('',*,*,#2144,.F.);
#2879=ORIENTED_EDGE('',*,*,#2145,.F.);
#2880=ORIENTED_EDGE('',*,*,#2146,.F.);
#2881=ORIENTED_EDGE('',*,*,#2147,.F.);
#2882=ORIENTED_EDGE('',*,*,#2148,.F.);
#2883=ORIENTED_EDGE('',*,*,#2149,.F.);
#2884=ORIENTED_EDGE('',*,*,#2150,.F.);
#2885=ORIENTED_EDGE('',*,*,#2151,.F.);
#2886=ORIENTED_EDGE('',*,*,#2152,.F.);
#2887=ORIENTED_EDGE('',*,*,#2153,.F.);
#2888=ORIENTED_EDGE('',*,*,#2154,.F.);
#2889=ORIENTED_EDGE('',*,*,#2155,.F.);
#2890=ORIENTED_EDGE('',*,*,#2156,.F.);
#2891=ORIENTED_EDGE('',*,*,#2157,.F.);
#2892=ORIENTED_EDGE('',*,*,#2158,.F.);
#2893=ORIENTED_EDGE('',*,*,#2159,.F.);
#2894=ORIENTED_EDGE('',*,*,#2160,.F.);
#2895=ORIENTED_EDGE('',*,*,#2161,.F.);
#2896=ORIENTED_EDGE('',*,*,#2162,.F.);
#2897=ORIENTED_EDGE('',*,*,#2163,.F.);
#2898=ORIENTED_EDGE('',*,*,#2164,.F.);
#2899=ORIENTED_EDGE('',*,*,#2165,.F.);
#2900=ORIENTED_EDGE('',*,*,#2166,.F.);
#2901=ORIENTED_EDGE('',*,*,#2167,.F.);
#2902=ORIENTED_EDGE('',*,*,#2168,.F.);
#2903=ORIENTED_EDGE('',*,*,#1986,.F.);
#2904=ORIENTED_EDGE('',*,*,#2169,.F.);
#2905=ORIENTED_EDGE('',*,*,#2017,.T.);
#2906=ORIENTED_EDGE('',*,*,#2021,.T.);
#2907=ORIENTED_EDGE('',*,*,#2170,.T.);
#2908=ORIENTED_EDGE('',*,*,#2165,.T.);
#2909=ORIENTED_EDGE('',*,*,#2171,.T.);
#2910=ORIENTED_EDGE('',*,*,#2093,.T.);
#2911=ORIENTED_EDGE('',*,*,#2172,.T.);
#2912=ORIENTED_EDGE('',*,*,#1992,.T.);
#2913=ORIENTED_EDGE('',*,*,#2173,.T.);
#2914=ORIENTED_EDGE('',*,*,#2020,.T.);
#2915=ORIENTED_EDGE('',*,*,#1989,.F.);
#2916=ORIENTED_EDGE('',*,*,#2174,.T.);
#2917=ORIENTED_EDGE('',*,*,#2166,.T.);
#2918=ORIENTED_EDGE('',*,*,#2170,.F.);
#2919=ORIENTED_EDGE('',*,*,#2019,.T.);
#2920=ORIENTED_EDGE('',*,*,#2173,.F.);
#2921=ORIENTED_EDGE('',*,*,#1991,.F.);
#2922=ORIENTED_EDGE('',*,*,#2004,.F.);
#2923=ORIENTED_EDGE('',*,*,#1947,.F.);
#2924=ORIENTED_EDGE('',*,*,#2169,.T.);
#2925=ORIENTED_EDGE('',*,*,#1985,.F.);
#2926=ORIENTED_EDGE('',*,*,#1980,.F.);
#2927=ORIENTED_EDGE('',*,*,#2040,.T.);
#2928=ORIENTED_EDGE('',*,*,#2175,.T.);
#2929=ORIENTED_EDGE('',*,*,#2146,.T.);
#2930=ORIENTED_EDGE('',*,*,#2176,.F.);
#2931=ORIENTED_EDGE('',*,*,#2074,.T.);
#2932=ORIENTED_EDGE('',*,*,#2177,.F.);
#2933=ORIENTED_EDGE('',*,*,#2112,.T.);
#2934=ORIENTED_EDGE('',*,*,#2178,.T.);
#2935=ORIENTED_EDGE('',*,*,#2039,.T.);
#2936=ORIENTED_EDGE('',*,*,#2179,.T.);
#2937=ORIENTED_EDGE('',*,*,#2147,.T.);
#2938=ORIENTED_EDGE('',*,*,#2175,.F.);
#2939=ORIENTED_EDGE('',*,*,#2075,.T.);
#2940=ORIENTED_EDGE('',*,*,#2178,.F.);
#2941=ORIENTED_EDGE('',*,*,#2111,.T.);
#2942=ORIENTED_EDGE('',*,*,#2180,.T.);
#2943=ORIENTED_EDGE('',*,*,#2038,.T.);
#2944=ORIENTED_EDGE('',*,*,#2181,.F.);
#2945=ORIENTED_EDGE('',*,*,#2148,.T.);
#2946=ORIENTED_EDGE('',*,*,#2179,.F.);
#2947=ORIENTED_EDGE('',*,*,#2076,.T.);
#2948=ORIENTED_EDGE('',*,*,#2180,.F.);
#2949=ORIENTED_EDGE('',*,*,#2110,.T.);
#2950=ORIENTED_EDGE('',*,*,#2182,.F.);
#2951=ORIENTED_EDGE('',*,*,#2041,.T.);
#2952=ORIENTED_EDGE('',*,*,#2176,.T.);
#2953=ORIENTED_EDGE('',*,*,#2145,.T.);
#2954=ORIENTED_EDGE('',*,*,#2183,.T.);
#2955=ORIENTED_EDGE('',*,*,#2073,.T.);
#2956=ORIENTED_EDGE('',*,*,#2184,.T.);
#2957=ORIENTED_EDGE('',*,*,#2113,.T.);
#2958=ORIENTED_EDGE('',*,*,#2177,.T.);
#2959=ORIENTED_EDGE('',*,*,#2037,.T.);
#2960=ORIENTED_EDGE('',*,*,#2185,.T.);
#2961=ORIENTED_EDGE('',*,*,#2149,.T.);
#2962=ORIENTED_EDGE('',*,*,#2181,.T.);
#2963=ORIENTED_EDGE('',*,*,#2077,.T.);
#2964=ORIENTED_EDGE('',*,*,#2182,.T.);
#2965=ORIENTED_EDGE('',*,*,#2109,.T.);
#2966=ORIENTED_EDGE('',*,*,#2186,.T.);
#2967=ORIENTED_EDGE('',*,*,#2042,.T.);
#2968=ORIENTED_EDGE('',*,*,#2183,.F.);
#2969=ORIENTED_EDGE('',*,*,#2144,.T.);
#2970=ORIENTED_EDGE('',*,*,#2187,.F.);
#2971=ORIENTED_EDGE('',*,*,#2072,.T.);
#2972=ORIENTED_EDGE('',*,*,#2188,.F.);
#2973=ORIENTED_EDGE('',*,*,#2114,.T.);
#2974=ORIENTED_EDGE('',*,*,#2184,.F.);
#2975=ORIENTED_EDGE('',*,*,#2036,.T.);
#2976=ORIENTED_EDGE('',*,*,#2189,.T.);
#2977=ORIENTED_EDGE('',*,*,#2150,.T.);
#2978=ORIENTED_EDGE('',*,*,#2185,.F.);
#2979=ORIENTED_EDGE('',*,*,#2078,.T.);
#2980=ORIENTED_EDGE('',*,*,#2186,.F.);
#2981=ORIENTED_EDGE('',*,*,#2108,.T.);
#2982=ORIENTED_EDGE('',*,*,#2190,.T.);
#2983=ORIENTED_EDGE('',*,*,#2043,.T.);
#2984=ORIENTED_EDGE('',*,*,#2187,.T.);
#2985=ORIENTED_EDGE('',*,*,#2143,.T.);
#2986=ORIENTED_EDGE('',*,*,#2191,.F.);
#2987=ORIENTED_EDGE('',*,*,#2071,.T.);
#2988=ORIENTED_EDGE('',*,*,#2192,.F.);
#2989=ORIENTED_EDGE('',*,*,#2115,.T.);
#2990=ORIENTED_EDGE('',*,*,#2188,.T.);
#2991=ORIENTED_EDGE('',*,*,#2035,.T.);
#2992=ORIENTED_EDGE('',*,*,#2193,.T.);
#2993=ORIENTED_EDGE('',*,*,#2151,.T.);
#2994=ORIENTED_EDGE('',*,*,#2189,.F.);
#2995=ORIENTED_EDGE('',*,*,#2079,.T.);
#2996=ORIENTED_EDGE('',*,*,#2190,.F.);
#2997=ORIENTED_EDGE('',*,*,#2107,.T.);
#2998=ORIENTED_EDGE('',*,*,#2194,.T.);
#2999=ORIENTED_EDGE('',*,*,#2044,.T.);
#3000=ORIENTED_EDGE('',*,*,#2191,.T.);
#3001=ORIENTED_EDGE('',*,*,#2142,.T.);
#3002=ORIENTED_EDGE('',*,*,#2195,.F.);
#3003=ORIENTED_EDGE('',*,*,#2070,.T.);
#3004=ORIENTED_EDGE('',*,*,#2196,.F.);
#3005=ORIENTED_EDGE('',*,*,#2116,.T.);
#3006=ORIENTED_EDGE('',*,*,#2192,.T.);
#3007=ORIENTED_EDGE('',*,*,#2034,.T.);
#3008=ORIENTED_EDGE('',*,*,#2197,.F.);
#3009=ORIENTED_EDGE('',*,*,#2152,.T.);
#3010=ORIENTED_EDGE('',*,*,#2193,.F.);
#3011=ORIENTED_EDGE('',*,*,#2080,.T.);
#3012=ORIENTED_EDGE('',*,*,#2194,.F.);
#3013=ORIENTED_EDGE('',*,*,#2106,.T.);
#3014=ORIENTED_EDGE('',*,*,#2198,.F.);
#3015=ORIENTED_EDGE('',*,*,#2045,.T.);
#3016=ORIENTED_EDGE('',*,*,#2195,.T.);
#3017=ORIENTED_EDGE('',*,*,#2141,.T.);
#3018=ORIENTED_EDGE('',*,*,#2199,.T.);
#3019=ORIENTED_EDGE('',*,*,#2069,.T.);
#3020=ORIENTED_EDGE('',*,*,#2200,.T.);
#3021=ORIENTED_EDGE('',*,*,#2117,.T.);
#3022=ORIENTED_EDGE('',*,*,#2196,.T.);
#3023=ORIENTED_EDGE('',*,*,#2033,.T.);
#3024=ORIENTED_EDGE('',*,*,#2201,.T.);
#3025=ORIENTED_EDGE('',*,*,#2153,.T.);
#3026=ORIENTED_EDGE('',*,*,#2197,.T.);
#3027=ORIENTED_EDGE('',*,*,#2081,.T.);
#3028=ORIENTED_EDGE('',*,*,#2198,.T.);
#3029=ORIENTED_EDGE('',*,*,#2105,.T.);
#3030=ORIENTED_EDGE('',*,*,#2202,.T.);
#3031=ORIENTED_EDGE('',*,*,#2046,.T.);
#3032=ORIENTED_EDGE('',*,*,#2199,.F.);
#3033=ORIENTED_EDGE('',*,*,#2140,.T.);
#3034=ORIENTED_EDGE('',*,*,#2203,.F.);
#3035=ORIENTED_EDGE('',*,*,#2068,.T.);
#3036=ORIENTED_EDGE('',*,*,#2204,.F.);
#3037=ORIENTED_EDGE('',*,*,#2118,.T.);
#3038=ORIENTED_EDGE('',*,*,#2200,.F.);
#3039=ORIENTED_EDGE('',*,*,#2032,.T.);
#3040=ORIENTED_EDGE('',*,*,#2205,.T.);
#3041=ORIENTED_EDGE('',*,*,#2154,.T.);
#3042=ORIENTED_EDGE('',*,*,#2201,.F.);
#3043=ORIENTED_EDGE('',*,*,#2082,.T.);
#3044=ORIENTED_EDGE('',*,*,#2202,.F.);
#3045=ORIENTED_EDGE('',*,*,#2104,.T.);
#3046=ORIENTED_EDGE('',*,*,#2206,.T.);
#3047=ORIENTED_EDGE('',*,*,#2047,.T.);
#3048=ORIENTED_EDGE('',*,*,#2203,.T.);
#3049=ORIENTED_EDGE('',*,*,#2139,.T.);
#3050=ORIENTED_EDGE('',*,*,#2207,.F.);
#3051=ORIENTED_EDGE('',*,*,#2067,.T.);
#3052=ORIENTED_EDGE('',*,*,#2208,.F.);
#3053=ORIENTED_EDGE('',*,*,#2119,.T.);
#3054=ORIENTED_EDGE('',*,*,#2204,.T.);
#3055=ORIENTED_EDGE('',*,*,#2031,.T.);
#3056=ORIENTED_EDGE('',*,*,#2209,.T.);
#3057=ORIENTED_EDGE('',*,*,#2155,.T.);
#3058=ORIENTED_EDGE('',*,*,#2205,.F.);
#3059=ORIENTED_EDGE('',*,*,#2083,.T.);
#3060=ORIENTED_EDGE('',*,*,#2206,.F.);
#3061=ORIENTED_EDGE('',*,*,#2103,.T.);
#3062=ORIENTED_EDGE('',*,*,#2210,.T.);
#3063=ORIENTED_EDGE('',*,*,#2048,.T.);
#3064=ORIENTED_EDGE('',*,*,#2207,.T.);
#3065=ORIENTED_EDGE('',*,*,#2138,.T.);
#3066=ORIENTED_EDGE('',*,*,#2211,.F.);
#3067=ORIENTED_EDGE('',*,*,#2066,.T.);
#3068=ORIENTED_EDGE('',*,*,#2212,.F.);
#3069=ORIENTED_EDGE('',*,*,#2120,.T.);
#3070=ORIENTED_EDGE('',*,*,#2208,.T.);
#3071=ORIENTED_EDGE('',*,*,#2030,.T.);
#3072=ORIENTED_EDGE('',*,*,#2213,.F.);
#3073=ORIENTED_EDGE('',*,*,#2156,.T.);
#3074=ORIENTED_EDGE('',*,*,#2209,.F.);
#3075=ORIENTED_EDGE('',*,*,#2084,.T.);
#3076=ORIENTED_EDGE('',*,*,#2210,.F.);
#3077=ORIENTED_EDGE('',*,*,#2102,.T.);
#3078=ORIENTED_EDGE('',*,*,#2214,.F.);
#3079=ORIENTED_EDGE('',*,*,#2049,.T.);
#3080=ORIENTED_EDGE('',*,*,#2211,.T.);
#3081=ORIENTED_EDGE('',*,*,#2137,.T.);
#3082=ORIENTED_EDGE('',*,*,#2215,.T.);
#3083=ORIENTED_EDGE('',*,*,#2065,.T.);
#3084=ORIENTED_EDGE('',*,*,#2216,.T.);
#3085=ORIENTED_EDGE('',*,*,#2121,.T.);
#3086=ORIENTED_EDGE('',*,*,#2212,.T.);
#3087=ORIENTED_EDGE('',*,*,#2029,.T.);
#3088=ORIENTED_EDGE('',*,*,#2217,.T.);
#3089=ORIENTED_EDGE('',*,*,#2157,.T.);
#3090=ORIENTED_EDGE('',*,*,#2213,.T.);
#3091=ORIENTED_EDGE('',*,*,#2085,.T.);
#3092=ORIENTED_EDGE('',*,*,#2214,.T.);
#3093=ORIENTED_EDGE('',*,*,#2101,.T.);
#3094=ORIENTED_EDGE('',*,*,#2218,.T.);
#3095=ORIENTED_EDGE('',*,*,#2050,.T.);
#3096=ORIENTED_EDGE('',*,*,#2215,.F.);
#3097=ORIENTED_EDGE('',*,*,#2136,.T.);
#3098=ORIENTED_EDGE('',*,*,#2219,.F.);
#3099=ORIENTED_EDGE('',*,*,#2064,.T.);
#3100=ORIENTED_EDGE('',*,*,#2220,.F.);
#3101=ORIENTED_EDGE('',*,*,#2122,.T.);
#3102=ORIENTED_EDGE('',*,*,#2216,.F.);
#3103=ORIENTED_EDGE('',*,*,#2028,.T.);
#3104=ORIENTED_EDGE('',*,*,#2221,.T.);
#3105=ORIENTED_EDGE('',*,*,#2158,.T.);
#3106=ORIENTED_EDGE('',*,*,#2217,.F.);
#3107=ORIENTED_EDGE('',*,*,#2086,.T.);
#3108=ORIENTED_EDGE('',*,*,#2218,.F.);
#3109=ORIENTED_EDGE('',*,*,#2100,.T.);
#3110=ORIENTED_EDGE('',*,*,#2222,.T.);
#3111=ORIENTED_EDGE('',*,*,#2051,.T.);
#3112=ORIENTED_EDGE('',*,*,#2219,.T.);
#3113=ORIENTED_EDGE('',*,*,#2135,.T.);
#3114=ORIENTED_EDGE('',*,*,#2223,.F.);
#3115=ORIENTED_EDGE('',*,*,#2063,.T.);
#3116=ORIENTED_EDGE('',*,*,#2224,.F.);
#3117=ORIENTED_EDGE('',*,*,#2123,.T.);
#3118=ORIENTED_EDGE('',*,*,#2220,.T.);
#3119=ORIENTED_EDGE('',*,*,#2027,.T.);
#3120=ORIENTED_EDGE('',*,*,#2225,.T.);
#3121=ORIENTED_EDGE('',*,*,#2159,.T.);
#3122=ORIENTED_EDGE('',*,*,#2221,.F.);
#3123=ORIENTED_EDGE('',*,*,#2087,.T.);
#3124=ORIENTED_EDGE('',*,*,#2222,.F.);
#3125=ORIENTED_EDGE('',*,*,#2099,.T.);
#3126=ORIENTED_EDGE('',*,*,#2226,.T.);
#3127=ORIENTED_EDGE('',*,*,#2052,.T.);
#3128=ORIENTED_EDGE('',*,*,#2223,.T.);
#3129=ORIENTED_EDGE('',*,*,#2134,.T.);
#3130=ORIENTED_EDGE('',*,*,#2227,.F.);
#3131=ORIENTED_EDGE('',*,*,#2062,.T.);
#3132=ORIENTED_EDGE('',*,*,#2228,.F.);
#3133=ORIENTED_EDGE('',*,*,#2124,.T.);
#3134=ORIENTED_EDGE('',*,*,#2224,.T.);
#3135=ORIENTED_EDGE('',*,*,#2026,.T.);
#3136=ORIENTED_EDGE('',*,*,#2229,.F.);
#3137=ORIENTED_EDGE('',*,*,#2160,.T.);
#3138=ORIENTED_EDGE('',*,*,#2225,.F.);
#3139=ORIENTED_EDGE('',*,*,#2088,.T.);
#3140=ORIENTED_EDGE('',*,*,#2226,.F.);
#3141=ORIENTED_EDGE('',*,*,#2098,.T.);
#3142=ORIENTED_EDGE('',*,*,#2230,.F.);
#3143=ORIENTED_EDGE('',*,*,#2053,.T.);
#3144=ORIENTED_EDGE('',*,*,#2227,.T.);
#3145=ORIENTED_EDGE('',*,*,#2133,.T.);
#3146=ORIENTED_EDGE('',*,*,#2231,.T.);
#3147=ORIENTED_EDGE('',*,*,#2061,.T.);
#3148=ORIENTED_EDGE('',*,*,#2232,.T.);
#3149=ORIENTED_EDGE('',*,*,#2125,.T.);
#3150=ORIENTED_EDGE('',*,*,#2228,.T.);
#3151=ORIENTED_EDGE('',*,*,#2025,.T.);
#3152=ORIENTED_EDGE('',*,*,#2233,.T.);
#3153=ORIENTED_EDGE('',*,*,#2161,.T.);
#3154=ORIENTED_EDGE('',*,*,#2229,.T.);
#3155=ORIENTED_EDGE('',*,*,#2089,.T.);
#3156=ORIENTED_EDGE('',*,*,#2230,.T.);
#3157=ORIENTED_EDGE('',*,*,#2097,.T.);
#3158=ORIENTED_EDGE('',*,*,#2234,.T.);
#3159=ORIENTED_EDGE('',*,*,#2054,.T.);
#3160=ORIENTED_EDGE('',*,*,#2231,.F.);
#3161=ORIENTED_EDGE('',*,*,#2132,.T.);
#3162=ORIENTED_EDGE('',*,*,#2235,.F.);
#3163=ORIENTED_EDGE('',*,*,#2060,.T.);
#3164=ORIENTED_EDGE('',*,*,#2236,.F.);
#3165=ORIENTED_EDGE('',*,*,#2126,.T.);
#3166=ORIENTED_EDGE('',*,*,#2232,.F.);
#3167=ORIENTED_EDGE('',*,*,#2024,.T.);
#3168=ORIENTED_EDGE('',*,*,#2237,.T.);
#3169=ORIENTED_EDGE('',*,*,#2162,.T.);
#3170=ORIENTED_EDGE('',*,*,#2233,.F.);
#3171=ORIENTED_EDGE('',*,*,#2090,.T.);
#3172=ORIENTED_EDGE('',*,*,#2234,.F.);
#3173=ORIENTED_EDGE('',*,*,#2096,.T.);
#3174=ORIENTED_EDGE('',*,*,#2238,.T.);
#3175=ORIENTED_EDGE('',*,*,#2055,.T.);
#3176=ORIENTED_EDGE('',*,*,#2235,.T.);
#3177=ORIENTED_EDGE('',*,*,#2131,.T.);
#3178=ORIENTED_EDGE('',*,*,#2016,.F.);
#3179=ORIENTED_EDGE('',*,*,#2239,.F.);
#3180=ORIENTED_EDGE('',*,*,#2059,.T.);
#3181=ORIENTED_EDGE('',*,*,#2240,.F.);
#3182=ORIENTED_EDGE('',*,*,#2127,.T.);
#3183=ORIENTED_EDGE('',*,*,#2236,.T.);
#3184=ORIENTED_EDGE('',*,*,#2023,.T.);
#3185=ORIENTED_EDGE('',*,*,#2241,.T.);
#3186=ORIENTED_EDGE('',*,*,#2163,.T.);
#3187=ORIENTED_EDGE('',*,*,#2237,.F.);
#3188=ORIENTED_EDGE('',*,*,#2091,.T.);
#3189=ORIENTED_EDGE('',*,*,#2238,.F.);
#3190=ORIENTED_EDGE('',*,*,#2095,.T.);
#3191=ORIENTED_EDGE('',*,*,#2242,.T.);
#3192=ORIENTED_EDGE('',*,*,#2056,.T.);
#3193=ORIENTED_EDGE('',*,*,#2239,.T.);
#3194=ORIENTED_EDGE('',*,*,#2015,.F.);
#3195=ORIENTED_EDGE('',*,*,#2058,.T.);
#3196=ORIENTED_EDGE('',*,*,#2243,.F.);
#3197=ORIENTED_EDGE('',*,*,#2128,.T.);
#3198=ORIENTED_EDGE('',*,*,#2240,.T.);
#3199=ORIENTED_EDGE('',*,*,#2022,.T.);
#3200=ORIENTED_EDGE('',*,*,#2171,.F.);
#3201=ORIENTED_EDGE('',*,*,#2164,.T.);
#3202=ORIENTED_EDGE('',*,*,#2241,.F.);
#3203=ORIENTED_EDGE('',*,*,#2092,.T.);
#3204=ORIENTED_EDGE('',*,*,#2242,.F.);
#3205=ORIENTED_EDGE('',*,*,#2094,.T.);
#3206=ORIENTED_EDGE('',*,*,#1993,.F.);
#3207=ORIENTED_EDGE('',*,*,#2172,.F.);
#3208=ORIENTED_EDGE('',*,*,#2057,.T.);
#3209=ORIENTED_EDGE('',*,*,#2013,.F.);
#3210=ORIENTED_EDGE('',*,*,#2244,.T.);
#3211=ORIENTED_EDGE('',*,*,#2129,.T.);
#3212=ORIENTED_EDGE('',*,*,#2243,.T.);
#3213=ORIENTED_EDGE('',*,*,#2168,.T.);
#3214=ORIENTED_EDGE('',*,*,#2245,.F.);
#3215=ORIENTED_EDGE('',*,*,#1987,.F.);
#3216=ORIENTED_EDGE('',*,*,#2167,.T.);
#3217=ORIENTED_EDGE('',*,*,#2174,.F.);
#3218=ORIENTED_EDGE('',*,*,#1988,.F.);
#3219=ORIENTED_EDGE('',*,*,#2245,.T.);
#3220=ORIENTED_EDGE('',*,*,#2130,.T.);
#3221=ORIENTED_EDGE('',*,*,#2244,.F.);
#3222=ORIENTED_EDGE('',*,*,#2012,.F.);
#3223=ORIENTED_EDGE('',*,*,#2246,.T.);
#3224=ORIENTED_EDGE('',*,*,#1969,.F.);
#3225=ORIENTED_EDGE('',*,*,#2247,.F.);
#3226=ORIENTED_EDGE('',*,*,#1971,.T.);
#3227=ORIENTED_EDGE('',*,*,#2247,.T.);
#3228=ORIENTED_EDGE('',*,*,#1968,.F.);
#3229=ORIENTED_EDGE('',*,*,#2248,.F.);
#3230=ORIENTED_EDGE('',*,*,#1972,.F.);
#3231=ORIENTED_EDGE('',*,*,#2249,.T.);
#3232=ORIENTED_EDGE('',*,*,#2250,.T.);
#3233=ORIENTED_EDGE('',*,*,#2251,.T.);
#3234=ORIENTED_EDGE('',*,*,#2252,.T.);
#3235=ORIENTED_EDGE('',*,*,#1818,.T.);
#3236=ORIENTED_EDGE('',*,*,#1821,.T.);
#3237=ORIENTED_EDGE('',*,*,#2253,.T.);
#3238=ORIENTED_EDGE('',*,*,#1918,.F.);
#3239=ORIENTED_EDGE('',*,*,#2254,.T.);
#3240=ORIENTED_EDGE('',*,*,#2253,.F.);
#3241=ORIENTED_EDGE('',*,*,#2254,.F.);
#3242=ORIENTED_EDGE('',*,*,#1962,.F.);
#3243=ORIENTED_EDGE('',*,*,#2246,.F.);
#3244=ORIENTED_EDGE('',*,*,#1970,.F.);
#3245=ORIENTED_EDGE('',*,*,#1978,.F.);
#3246=ORIENTED_EDGE('',*,*,#2255,.F.);
#3247=ORIENTED_EDGE('',*,*,#1974,.T.);
#3248=ORIENTED_EDGE('',*,*,#2256,.F.);
#3249=ORIENTED_EDGE('',*,*,#2257,.F.);
#3250=ORIENTED_EDGE('',*,*,#2258,.F.);
#3251=ORIENTED_EDGE('',*,*,#2259,.T.);
#3252=ORIENTED_EDGE('',*,*,#2260,.F.);
#3253=ORIENTED_EDGE('',*,*,#1979,.T.);
#3254=ORIENTED_EDGE('',*,*,#1976,.F.);
#3255=ORIENTED_EDGE('',*,*,#2261,.F.);
#3256=ORIENTED_EDGE('',*,*,#1964,.F.);
#3257=ORIENTED_EDGE('',*,*,#2262,.T.);
#3258=ORIENTED_EDGE('',*,*,#2263,.F.);
#3259=ORIENTED_EDGE('',*,*,#2264,.F.);
#3260=ORIENTED_EDGE('',*,*,#2256,.T.);
#3261=ORIENTED_EDGE('',*,*,#1973,.T.);
#3262=ORIENTED_EDGE('',*,*,#2248,.T.);
#3263=ORIENTED_EDGE('',*,*,#1967,.F.);
#3264=ORIENTED_EDGE('',*,*,#2265,.T.);
#3265=ORIENTED_EDGE('',*,*,#2263,.T.);
#3266=ORIENTED_EDGE('',*,*,#2266,.F.);
#3267=ORIENTED_EDGE('',*,*,#1775,.F.);
#3268=ORIENTED_EDGE('',*,*,#2267,.F.);
#3269=ORIENTED_EDGE('',*,*,#2267,.T.);
#3270=ORIENTED_EDGE('',*,*,#1774,.T.);
#3271=ORIENTED_EDGE('',*,*,#1825,.F.);
#3272=ORIENTED_EDGE('',*,*,#2268,.T.);
#3273=ORIENTED_EDGE('',*,*,#2257,.T.);
#3274=ORIENTED_EDGE('',*,*,#2264,.T.);
#3275=ORIENTED_EDGE('',*,*,#2268,.F.);
#3276=ORIENTED_EDGE('',*,*,#1824,.F.);
#3277=ORIENTED_EDGE('',*,*,#2269,.T.);
#3278=ORIENTED_EDGE('',*,*,#2258,.T.);
#3279=ORIENTED_EDGE('',*,*,#2249,.F.);
#3280=ORIENTED_EDGE('',*,*,#1820,.T.);
#3281=ORIENTED_EDGE('',*,*,#1814,.F.);
#3282=ORIENTED_EDGE('',*,*,#2270,.F.);
#3283=ORIENTED_EDGE('',*,*,#2250,.F.);
#3284=ORIENTED_EDGE('',*,*,#2270,.T.);
#3285=ORIENTED_EDGE('',*,*,#1813,.F.);
#3286=ORIENTED_EDGE('',*,*,#2271,.F.);
#3287=ORIENTED_EDGE('',*,*,#2251,.F.);
#3288=ORIENTED_EDGE('',*,*,#2271,.T.);
#3289=ORIENTED_EDGE('',*,*,#1812,.F.);
#3290=ORIENTED_EDGE('',*,*,#2272,.F.);
#3291=ORIENTED_EDGE('',*,*,#2252,.F.);
#3292=ORIENTED_EDGE('',*,*,#2272,.T.);
#3293=ORIENTED_EDGE('',*,*,#1811,.F.);
#3294=ORIENTED_EDGE('',*,*,#1819,.F.);
#3295=ORIENTED_EDGE('',*,*,#2273,.T.);
#3296=ORIENTED_EDGE('',*,*,#2274,.T.);
#3297=ORIENTED_EDGE('',*,*,#1919,.F.);
#3298=ORIENTED_EDGE('',*,*,#2274,.F.);
#3299=ORIENTED_EDGE('',*,*,#1861,.T.);
#3300=ORIENTED_EDGE('',*,*,#1867,.F.);
#3301=ORIENTED_EDGE('',*,*,#2275,.F.);
#3302=ORIENTED_EDGE('',*,*,#1888,.F.);
#3303=ORIENTED_EDGE('',*,*,#1890,.T.);
#3304=ORIENTED_EDGE('',*,*,#2276,.T.);
#3305=ORIENTED_EDGE('',*,*,#1960,.T.);
#3306=ORIENTED_EDGE('',*,*,#2276,.F.);
#3307=ORIENTED_EDGE('',*,*,#1961,.T.);
#3308=ORIENTED_EDGE('',*,*,#2277,.T.);
#3309=ORIENTED_EDGE('',*,*,#1868,.T.);
#3310=ORIENTED_EDGE('',*,*,#2277,.F.);
#3311=ORIENTED_EDGE('',*,*,#2255,.T.);
#3312=ORIENTED_EDGE('',*,*,#2278,.T.);
#3313=ORIENTED_EDGE('',*,*,#1995,.T.);
#3314=ORIENTED_EDGE('',*,*,#2278,.F.);
#3315=ORIENTED_EDGE('',*,*,#2269,.F.);
#3316=ORIENTED_EDGE('',*,*,#1823,.F.);
#3317=ORIENTED_EDGE('',*,*,#1950,.T.);
#3318=ORIENTED_EDGE('',*,*,#2279,.T.);
#3319=ORIENTED_EDGE('',*,*,#2280,.F.);
#3320=ORIENTED_EDGE('',*,*,#2259,.F.);
#3321=ORIENTED_EDGE('',*,*,#1966,.T.);
#3322=ORIENTED_EDGE('',*,*,#2281,.F.);
#3323=ORIENTED_EDGE('',*,*,#2282,.F.);
#3324=ORIENTED_EDGE('',*,*,#2283,.F.);
#3325=ORIENTED_EDGE('',*,*,#2284,.T.);
#3326=ORIENTED_EDGE('',*,*,#2265,.F.);
#3327=ORIENTED_EDGE('',*,*,#2285,.T.);
#3328=ORIENTED_EDGE('',*,*,#2281,.T.);
#3329=ORIENTED_EDGE('',*,*,#1965,.T.);
#3330=ORIENTED_EDGE('',*,*,#2261,.T.);
#3331=ORIENTED_EDGE('',*,*,#1975,.F.);
#3332=ORIENTED_EDGE('',*,*,#2260,.T.);
#3333=ORIENTED_EDGE('',*,*,#2280,.T.);
#3334=ORIENTED_EDGE('',*,*,#2286,.F.);
#3335=ORIENTED_EDGE('',*,*,#2287,.T.);
#3336=ORIENTED_EDGE('',*,*,#1761,.F.);
#3337=ORIENTED_EDGE('',*,*,#2288,.F.);
#3338=ORIENTED_EDGE('',*,*,#2283,.T.);
#3339=ORIENTED_EDGE('',*,*,#2288,.T.);
#3340=ORIENTED_EDGE('',*,*,#1760,.F.);
#3341=ORIENTED_EDGE('',*,*,#1776,.T.);
#3342=ORIENTED_EDGE('',*,*,#2266,.T.);
#3343=ORIENTED_EDGE('',*,*,#2262,.F.);
#3344=ORIENTED_EDGE('',*,*,#2284,.F.);
#3345=ORIENTED_EDGE('',*,*,#1770,.F.);
#3346=ORIENTED_EDGE('',*,*,#2289,.T.);
#3347=ORIENTED_EDGE('',*,*,#1791,.F.);
#3348=ORIENTED_EDGE('',*,*,#1816,.T.);
#3349=ORIENTED_EDGE('',*,*,#2289,.F.);
#3350=ORIENTED_EDGE('',*,*,#1769,.T.);
#3351=ORIENTED_EDGE('',*,*,#1885,.F.);
#3352=ORIENTED_EDGE('',*,*,#1889,.T.);
#3353=ORIENTED_EDGE('',*,*,#2275,.T.);
#3354=ORIENTED_EDGE('',*,*,#1866,.T.);
#3355=ORIENTED_EDGE('',*,*,#1954,.F.);
#3356=ORIENTED_EDGE('',*,*,#1792,.F.);
#3357=ORIENTED_EDGE('',*,*,#2273,.F.);
#3358=ORIENTED_EDGE('',*,*,#1920,.T.);
#3359=ORIENTED_EDGE('',*,*,#1916,.T.);
#3360=ORIENTED_EDGE('',*,*,#1914,.T.);
#3361=ORIENTED_EDGE('',*,*,#1901,.F.);
#3362=ORIENTED_EDGE('',*,*,#2018,.F.);
#3363=ORIENTED_EDGE('',*,*,#1844,.F.);
#3364=ORIENTED_EDGE('',*,*,#2286,.T.);
#3365=ORIENTED_EDGE('',*,*,#2279,.F.);
#3366=ORIENTED_EDGE('',*,*,#1949,.F.);
#3367=ORIENTED_EDGE('',*,*,#2003,.T.);
#3368=ORIENTED_EDGE('',*,*,#2010,.F.);
#3369=ORIENTED_EDGE('',*,*,#2290,.F.);
#3370=ORIENTED_EDGE('',*,*,#2285,.F.);
#3371=ORIENTED_EDGE('',*,*,#2290,.T.);
#3372=ORIENTED_EDGE('',*,*,#2009,.T.);
#3373=ORIENTED_EDGE('',*,*,#1762,.F.);
#3374=ORIENTED_EDGE('',*,*,#2287,.F.);
#3375=ORIENTED_EDGE('',*,*,#2282,.T.);
#3376=ORIENTED_EDGE('',*,*,#2291,.F.);
#3377=ORIENTED_EDGE('',*,*,#1951,.F.);
#3378=ORIENTED_EDGE('',*,*,#1786,.F.);
#3379=ORIENTED_EDGE('',*,*,#2008,.F.);
#3380=ORIENTED_EDGE('',*,*,#1952,.T.);
#3381=ORIENTED_EDGE('',*,*,#2291,.T.);
#3382=ORIENTED_EDGE('',*,*,#2007,.T.);
#3383=ORIENTED_EDGE('',*,*,#1943,.T.);
#3384=PLANE('',#3665);
#3385=PLANE('',#3666);
#3386=PLANE('',#3667);
#3387=PLANE('',#3668);
#3388=PLANE('',#3669);
#3389=PLANE('',#3670);
#3390=PLANE('',#3673);
#3391=PLANE('',#3676);
#3392=PLANE('',#3677);
#3393=PLANE('',#3678);
#3394=PLANE('',#3679);
#3395=PLANE('',#3680);
#3396=PLANE('',#3681);
#3397=PLANE('',#3682);
#3398=PLANE('',#3684);
#3399=PLANE('',#3685);
#3400=PLANE('',#3686);
#3401=PLANE('',#3692);
#3402=PLANE('',#3693);
#3403=PLANE('',#3695);
#3404=PLANE('',#3696);
#3405=PLANE('',#3697);
#3406=PLANE('',#3698);
#3407=PLANE('',#3699);
#3408=PLANE('',#3700);
#3409=PLANE('',#3704);
#3410=PLANE('',#3705);
#3411=PLANE('',#3708);
#3412=PLANE('',#3709);
#3413=PLANE('',#3710);
#3414=PLANE('',#3711);
#3415=PLANE('',#3714);
#3416=PLANE('',#3715);
#3417=PLANE('',#3716);
#3418=PLANE('',#3717);
#3419=PLANE('',#3718);
#3420=PLANE('',#3719);
#3421=PLANE('',#3720);
#3422=PLANE('',#3721);
#3423=PLANE('',#3722);
#3424=PLANE('',#3723);
#3425=PLANE('',#3724);
#3426=PLANE('',#3725);
#3427=PLANE('',#3726);
#3428=PLANE('',#3733);
#3429=PLANE('',#3734);
#3430=PLANE('',#3735);
#3431=PLANE('',#3736);
#3432=PLANE('',#3737);
#3433=PLANE('',#3738);
#3434=PLANE('',#3739);
#3435=PLANE('',#3740);
#3436=PLANE('',#3742);
#3437=PLANE('',#3744);
#3438=PLANE('',#3745);
#3439=PLANE('',#3746);
#3440=PLANE('',#3747);
#3441=PLANE('',#3748);
#3442=PLANE('',#3753);
#3443=PLANE('',#3755);
#3444=PLANE('',#3759);
#3445=PLANE('',#3760);
#3446=PLANE('',#3761);
#3447=PLANE('',#3764);
#3448=PLANE('',#3765);
#3449=PLANE('',#3766);
#3450=PLANE('',#3767);
#3451=PLANE('',#3788);
#3452=PLANE('',#3789);
#3453=PLANE('',#3790);
#3454=PLANE('',#3793);
#3455=PLANE('',#3795);
#3456=PLANE('',#3796);
#3457=PLANE('',#3797);
#3458=PLANE('',#3798);
#3459=PLANE('',#3799);
#3460=PLANE('',#3800);
#3461=PLANE('',#3801);
#3462=PLANE('',#3802);
#3463=PLANE('',#3803);
#3464=PLANE('',#3804);
#3465=PLANE('',#3807);
#3466=PLANE('',#3811);
#3467=PLANE('',#3812);
#3468=PLANE('',#3813);
#3469=PLANE('',#3814);
#3470=PLANE('',#3815);
#3471=PLANE('',#3816);
#3472=PLANE('',#3817);
#3473=PLANE('',#3818);
#3474=PLANE('',#3819);
#3475=PLANE('',#3820);
#3476=PLANE('',#3821);
#3477=PLANE('',#3822);
#3478=ADVANCED_FACE('',(#351),#3384,.T.);
#3479=ADVANCED_FACE('',(#352),#3385,.T.);
#3480=ADVANCED_FACE('',(#353),#3386,.T.);
#3481=ADVANCED_FACE('',(#354),#3387,.T.);
#3482=ADVANCED_FACE('',(#355),#3388,.T.);
#3483=ADVANCED_FACE('',(#356,#301,#302),#3389,.T.);
#3484=ADVANCED_FACE('',(#357,#303,#304),#3390,.T.);
#3485=ADVANCED_FACE('',(#358),#3391,.T.);
#3486=ADVANCED_FACE('',(#359),#3392,.T.);
#3487=ADVANCED_FACE('',(#360),#3393,.T.);
#3488=ADVANCED_FACE('',(#361),#3394,.T.);
#3489=ADVANCED_FACE('',(#362),#3395,.T.);
#3490=ADVANCED_FACE('',(#363),#3396,.T.);
#3491=ADVANCED_FACE('',(#364),#3397,.T.);
#3492=ADVANCED_FACE('',(#365),#3398,.T.);
#3493=ADVANCED_FACE('',(#366),#3399,.F.);
#3494=ADVANCED_FACE('',(#367,#305,#306),#3400,.T.);
#3495=ADVANCED_FACE('',(#368),#3401,.F.);
#3496=ADVANCED_FACE('',(#369,#307),#3402,.F.);
#3497=ADVANCED_FACE('',(#370),#3403,.T.);
#3498=ADVANCED_FACE('',(#371),#3404,.T.);
#3499=ADVANCED_FACE('',(#372),#3405,.F.);
#3500=ADVANCED_FACE('',(#373),#3406,.F.);
#3501=ADVANCED_FACE('',(#374),#3407,.T.);
#3502=ADVANCED_FACE('',(#375,#308),#3408,.F.);
#3503=ADVANCED_FACE('',(#376),#267,.F.);
#3504=ADVANCED_FACE('',(#377),#3409,.F.);
#3505=ADVANCED_FACE('',(#378,#309,#310),#3410,.T.);
#3506=ADVANCED_FACE('',(#379),#3411,.T.);
#3507=ADVANCED_FACE('',(#380),#3412,.T.);
#3508=ADVANCED_FACE('',(#381),#3413,.F.);
#3509=ADVANCED_FACE('',(#382,#311,#312),#3414,.F.);
#3510=ADVANCED_FACE('',(#383),#3415,.F.);
#3511=ADVANCED_FACE('',(#384),#3416,.F.);
#3512=ADVANCED_FACE('',(#385),#3417,.F.);
#3513=ADVANCED_FACE('',(#386),#3418,.F.);
#3514=ADVANCED_FACE('',(#387),#3419,.F.);
#3515=ADVANCED_FACE('',(#388),#3420,.F.);
#3516=ADVANCED_FACE('',(#389),#3421,.F.);
#3517=ADVANCED_FACE('',(#390),#3422,.F.);
#3518=ADVANCED_FACE('',(#391),#3423,.F.);
#3519=ADVANCED_FACE('',(#392),#3424,.F.);
#3520=ADVANCED_FACE('',(#393),#3425,.F.);
#3521=ADVANCED_FACE('',(#394),#3426,.F.);
#3522=ADVANCED_FACE('',(#395),#3427,.F.);
#3523=ADVANCED_FACE('',(#396),#268,.F.);
#3524=ADVANCED_FACE('',(#397),#269,.F.);
#3525=ADVANCED_FACE('',(#398),#270,.F.);
#3526=ADVANCED_FACE('',(#399),#271,.F.);
#3527=ADVANCED_FACE('',(#400),#272,.T.);
#3528=ADVANCED_FACE('',(#401),#3428,.F.);
#3529=ADVANCED_FACE('',(#402),#3429,.F.);
#3530=ADVANCED_FACE('',(#403),#3430,.F.);
#3531=ADVANCED_FACE('',(#404),#3431,.T.);
#3532=ADVANCED_FACE('',(#405),#3432,.F.);
#3533=ADVANCED_FACE('',(#406),#3433,.F.);
#3534=ADVANCED_FACE('',(#407),#3434,.F.);
#3535=ADVANCED_FACE('',(#408,#313),#3435,.T.);
#3536=ADVANCED_FACE('',(#409,#314),#3436,.T.);
#3537=ADVANCED_FACE('',(#410),#3437,.F.);
#3538=ADVANCED_FACE('',(#411),#3438,.F.);
#3539=ADVANCED_FACE('',(#412),#3439,.T.);
#3540=ADVANCED_FACE('',(#413),#3440,.T.);
#3541=ADVANCED_FACE('',(#414,#315,#316,#317),#3441,.F.);
#3542=ADVANCED_FACE('',(#415),#3442,.T.);
#3543=ADVANCED_FACE('',(#416),#3443,.T.);
#3544=ADVANCED_FACE('',(#417),#273,.F.);
#3545=ADVANCED_FACE('',(#418),#274,.F.);
#3546=ADVANCED_FACE('',(#419),#3444,.F.);
#3547=ADVANCED_FACE('',(#420),#3445,.F.);
#3548=ADVANCED_FACE('',(#421),#3446,.T.);
#3549=ADVANCED_FACE('',(#422),#3447,.F.);
#3550=ADVANCED_FACE('',(#423),#3448,.F.);
#3551=ADVANCED_FACE('',(#424),#3449,.F.);
#3552=ADVANCED_FACE('',(#425),#15,.F.);
#3553=ADVANCED_FACE('',(#426),#16,.F.);
#3554=ADVANCED_FACE('',(#427),#17,.F.);
#3555=ADVANCED_FACE('',(#428),#18,.F.);
#3556=ADVANCED_FACE('',(#429),#3450,.F.);
#3557=ADVANCED_FACE('',(#430),#19,.F.);
#3558=ADVANCED_FACE('',(#431),#20,.F.);
#3559=ADVANCED_FACE('',(#432),#275,.T.);
#3560=ADVANCED_FACE('',(#433),#276,.T.);
#3561=ADVANCED_FACE('',(#434),#21,.F.);
#3562=ADVANCED_FACE('',(#435),#22,.F.);
#3563=ADVANCED_FACE('',(#436),#23,.F.);
#3564=ADVANCED_FACE('',(#437),#24,.F.);
#3565=ADVANCED_FACE('',(#438),#25,.F.);
#3566=ADVANCED_FACE('',(#439),#26,.F.);
#3567=ADVANCED_FACE('',(#440),#27,.F.);
#3568=ADVANCED_FACE('',(#441),#28,.F.);
#3569=ADVANCED_FACE('',(#442),#29,.F.);
#3570=ADVANCED_FACE('',(#443),#30,.F.);
#3571=ADVANCED_FACE('',(#444),#277,.T.);
#3572=ADVANCED_FACE('',(#445),#278,.T.);
#3573=ADVANCED_FACE('',(#446),#279,.T.);
#3574=ADVANCED_FACE('',(#447),#280,.T.);
#3575=ADVANCED_FACE('',(#448),#31,.F.);
#3576=ADVANCED_FACE('',(#449),#32,.F.);
#3577=ADVANCED_FACE('',(#450),#33,.F.);
#3578=ADVANCED_FACE('',(#451),#34,.F.);
#3579=ADVANCED_FACE('',(#452),#35,.F.);
#3580=ADVANCED_FACE('',(#453),#36,.F.);
#3581=ADVANCED_FACE('',(#454),#37,.F.);
#3582=ADVANCED_FACE('',(#455),#38,.F.);
#3583=ADVANCED_FACE('',(#456),#39,.F.);
#3584=ADVANCED_FACE('',(#457),#40,.F.);
#3585=ADVANCED_FACE('',(#458),#41,.F.);
#3586=ADVANCED_FACE('',(#459),#42,.F.);
#3587=ADVANCED_FACE('',(#460),#281,.T.);
#3588=ADVANCED_FACE('',(#461),#282,.T.);
#3589=ADVANCED_FACE('',(#462),#283,.T.);
#3590=ADVANCED_FACE('',(#463),#284,.T.);
#3591=ADVANCED_FACE('',(#464),#43,.F.);
#3592=ADVANCED_FACE('',(#465),#44,.F.);
#3593=ADVANCED_FACE('',(#466),#45,.F.);
#3594=ADVANCED_FACE('',(#467),#46,.F.);
#3595=ADVANCED_FACE('',(#468),#47,.F.);
#3596=ADVANCED_FACE('',(#469),#48,.F.);
#3597=ADVANCED_FACE('',(#470),#49,.F.);
#3598=ADVANCED_FACE('',(#471),#50,.F.);
#3599=ADVANCED_FACE('',(#472),#51,.F.);
#3600=ADVANCED_FACE('',(#473),#52,.F.);
#3601=ADVANCED_FACE('',(#474),#53,.F.);
#3602=ADVANCED_FACE('',(#475),#54,.F.);
#3603=ADVANCED_FACE('',(#476),#285,.T.);
#3604=ADVANCED_FACE('',(#477),#286,.T.);
#3605=ADVANCED_FACE('',(#478),#287,.T.);
#3606=ADVANCED_FACE('',(#479),#288,.T.);
#3607=ADVANCED_FACE('',(#480),#55,.F.);
#3608=ADVANCED_FACE('',(#481),#56,.F.);
#3609=ADVANCED_FACE('',(#482),#57,.F.);
#3610=ADVANCED_FACE('',(#483),#58,.F.);
#3611=ADVANCED_FACE('',(#484),#59,.F.);
#3612=ADVANCED_FACE('',(#485),#60,.F.);
#3613=ADVANCED_FACE('',(#486),#61,.F.);
#3614=ADVANCED_FACE('',(#487),#62,.F.);
#3615=ADVANCED_FACE('',(#488),#63,.F.);
#3616=ADVANCED_FACE('',(#489),#64,.F.);
#3617=ADVANCED_FACE('',(#490),#65,.F.);
#3618=ADVANCED_FACE('',(#491),#66,.F.);
#3619=ADVANCED_FACE('',(#492),#289,.T.);
#3620=ADVANCED_FACE('',(#493),#290,.T.);
#3621=ADVANCED_FACE('',(#494),#291,.T.);
#3622=ADVANCED_FACE('',(#495),#292,.T.);
#3623=ADVANCED_FACE('',(#496),#67,.F.);
#3624=ADVANCED_FACE('',(#497),#68,.F.);
#3625=ADVANCED_FACE('',(#498),#69,.F.);
#3626=ADVANCED_FACE('',(#499),#70,.F.);
#3627=ADVANCED_FACE('',(#500),#293,.T.);
#3628=ADVANCED_FACE('',(#501),#71,.F.);
#3629=ADVANCED_FACE('',(#502),#294,.T.);
#3630=ADVANCED_FACE('',(#503),#72,.F.);
#3631=ADVANCED_FACE('',(#504),#3451,.T.);
#3632=ADVANCED_FACE('',(#505),#3452,.F.);
#3633=ADVANCED_FACE('',(#506,#318),#3453,.F.);
#3634=ADVANCED_FACE('',(#507),#295,.F.);
#3635=ADVANCED_FACE('',(#508,#319),#3454,.T.);
#3636=ADVANCED_FACE('',(#509),#3455,.F.);
#3637=ADVANCED_FACE('',(#510),#3456,.F.);
#3638=ADVANCED_FACE('',(#511),#3457,.F.);
#3639=ADVANCED_FACE('',(#512),#3458,.F.);
#3640=ADVANCED_FACE('',(#513),#3459,.T.);
#3641=ADVANCED_FACE('',(#514),#3460,.F.);
#3642=ADVANCED_FACE('',(#515),#3461,.T.);
#3643=ADVANCED_FACE('',(#516),#3462,.T.);
#3644=ADVANCED_FACE('',(#517),#3463,.T.);
#3645=ADVANCED_FACE('',(#518),#3464,.T.);
#3646=ADVANCED_FACE('',(#519),#296,.F.);
#3647=ADVANCED_FACE('',(#520),#3465,.T.);
#3648=ADVANCED_FACE('',(#521),#297,.F.);
#3649=ADVANCED_FACE('',(#522),#298,.F.);
#3650=ADVANCED_FACE('',(#523),#299,.F.);
#3651=ADVANCED_FACE('',(#524),#3466,.F.);
#3652=ADVANCED_FACE('',(#525),#3467,.F.);
#3653=ADVANCED_FACE('',(#526),#3468,.F.);
#3654=ADVANCED_FACE('',(#527),#3469,.F.);
#3655=ADVANCED_FACE('',(#528),#3470,.T.);
#3656=ADVANCED_FACE('',(#529),#3471,.T.);
#3657=ADVANCED_FACE('',(#530,#320),#3472,.F.);
#3658=ADVANCED_FACE('',(#531),#3473,.F.);
#3659=ADVANCED_FACE('',(#532),#3474,.F.);
#3660=ADVANCED_FACE('',(#533),#3475,.F.);
#3661=ADVANCED_FACE('',(#534),#3476,.F.);
#3662=ADVANCED_FACE('',(#535),#3477,.T.);
#3663=CLOSED_SHELL('',(#3478,#3479,#3480,#3481,#3482,#3483,#3484,#3485,
#3486,#3487,#3488,#3489,#3490,#3491,#3492,#3493,#3494,#3495,#3496,#3497,
#3498,#3499,#3500,#3501,#3502,#3503,#3504,#3505,#3506,#3507,#3508,#3509,
#3510,#3511,#3512,#3513,#3514,#3515,#3516,#3517,#3518,#3519,#3520,#3521,
#3522,#3523,#3524,#3525,#3526,#3527,#3528,#3529,#3530,#3531,#3532,#3533,
#3534,#3535,#3536,#3537,#3538,#3539,#3540,#3541,#3542,#3543,#3544,#3545,
#3546,#3547,#3548,#3549,#3550,#3551,#3552,#3553,#3554,#3555,#3556,#3557,
#3558,#3559,#3560,#3561,#3562,#3563,#3564,#3565,#3566,#3567,#3568,#3569,
#3570,#3571,#3572,#3573,#3574,#3575,#3576,#3577,#3578,#3579,#3580,#3581,
#3582,#3583,#3584,#3585,#3586,#3587,#3588,#3589,#3590,#3591,#3592,#3593,
#3594,#3595,#3596,#3597,#3598,#3599,#3600,#3601,#3602,#3603,#3604,#3605,
#3606,#3607,#3608,#3609,#3610,#3611,#3612,#3613,#3614,#3615,#3616,#3617,
#3618,#3619,#3620,#3621,#3622,#3623,#3624,#3625,#3626,#3627,#3628,#3629,
#3630,#3631,#3632,#3633,#3634,#3635,#3636,#3637,#3638,#3639,#3640,#3641,
#3642,#3643,#3644,#3645,#3646,#3647,#3648,#3649,#3650,#3651,#3652,#3653,
#3654,#3655,#3656,#3657,#3658,#3659,#3660,#3661,#3662));
#3664=AXIS2_PLACEMENT_3D('',#4462,#3823,#3824);
#3665=AXIS2_PLACEMENT_3D('',#4463,#3825,#3826);
#3666=AXIS2_PLACEMENT_3D('',#4472,#3831,#3832);
#3667=AXIS2_PLACEMENT_3D('',#4478,#3836,#3837);
#3668=AXIS2_PLACEMENT_3D('',#4482,#3840,#3841);
#3669=AXIS2_PLACEMENT_3D('',#4486,#3844,#3845);
#3670=AXIS2_PLACEMENT_3D('',#4506,#3856,#3857);
#3671=AXIS2_PLACEMENT_3D('',#4533,#3871,#3872);
#3672=AXIS2_PLACEMENT_3D('',#4538,#3874,#3875);
#3673=AXIS2_PLACEMENT_3D('',#4542,#3878,#3879);
#3674=AXIS2_PLACEMENT_3D('',#4566,#3891,#3892);
#3675=AXIS2_PLACEMENT_3D('',#4577,#3898,#3899);
#3676=AXIS2_PLACEMENT_3D('',#4578,#3900,#3901);
#3677=AXIS2_PLACEMENT_3D('',#4582,#3904,#3905);
#3678=AXIS2_PLACEMENT_3D('',#4591,#3911,#3912);
#3679=AXIS2_PLACEMENT_3D('',#4604,#3920,#3921);
#3680=AXIS2_PLACEMENT_3D('',#4610,#3925,#3926);
#3681=AXIS2_PLACEMENT_3D('',#4614,#3929,#3930);
#3682=AXIS2_PLACEMENT_3D('',#4622,#3935,#3936);
#3683=AXIS2_PLACEMENT_3D('',#4625,#3937,#3938);
#3684=AXIS2_PLACEMENT_3D('',#4637,#3945,#3946);
#3685=AXIS2_PLACEMENT_3D('',#4643,#3950,#3951);
#3686=AXIS2_PLACEMENT_3D('',#4657,#3959,#3960);
#3687=AXIS2_PLACEMENT_3D('',#4667,#3965,#3966);
#3688=AXIS2_PLACEMENT_3D('',#4672,#3969,#3970);
#3689=AXIS2_PLACEMENT_3D('',#4673,#3971,#3972);
#3690=AXIS2_PLACEMENT_3D('',#4681,#3976,#3977);
#3691=AXIS2_PLACEMENT_3D('',#4689,#3981,#3982);
#3692=AXIS2_PLACEMENT_3D('',#4690,#3983,#3984);
#3693=AXIS2_PLACEMENT_3D('',#4700,#3990,#3991);
#3694=AXIS2_PLACEMENT_3D('',#4707,#3995,#3996);
#3695=AXIS2_PLACEMENT_3D('',#4708,#3997,#3998);
#3696=AXIS2_PLACEMENT_3D('',#4722,#4006,#4007);
#3697=AXIS2_PLACEMENT_3D('',#4726,#4010,#4011);
#3698=AXIS2_PLACEMENT_3D('',#4732,#4015,#4016);
#3699=AXIS2_PLACEMENT_3D('',#4738,#4020,#4021);
#3700=AXIS2_PLACEMENT_3D('',#4745,#4026,#4027);
#3701=AXIS2_PLACEMENT_3D('',#4750,#4030,#4031);
#3702=AXIS2_PLACEMENT_3D('',#4751,#4032,#4033);
#3703=AXIS2_PLACEMENT_3D('',#4754,#4035,#4036);
#3704=AXIS2_PLACEMENT_3D('',#4755,#4037,#4038);
#3705=AXIS2_PLACEMENT_3D('',#4761,#4042,#4043);
#3706=AXIS2_PLACEMENT_3D('',#4777,#4052,#4053);
#3707=AXIS2_PLACEMENT_3D('',#4785,#4057,#4058);
#3708=AXIS2_PLACEMENT_3D('',#4789,#4061,#4062);
#3709=AXIS2_PLACEMENT_3D('',#4795,#4066,#4067);
#3710=AXIS2_PLACEMENT_3D('',#4796,#4068,#4069);
#3711=AXIS2_PLACEMENT_3D('',#4800,#4072,#4073);
#3712=AXIS2_PLACEMENT_3D('',#4805,#4076,#4077);
#3713=AXIS2_PLACEMENT_3D('',#4807,#4078,#4079);
#3714=AXIS2_PLACEMENT_3D('',#4808,#4080,#4081);
#3715=AXIS2_PLACEMENT_3D('',#4810,#4083,#4084);
#3716=AXIS2_PLACEMENT_3D('',#4813,#4087,#4088);
#3717=AXIS2_PLACEMENT_3D('',#4815,#4090,#4091);
#3718=AXIS2_PLACEMENT_3D('',#4818,#4094,#4095);
#3719=AXIS2_PLACEMENT_3D('',#4820,#4097,#4098);
#3720=AXIS2_PLACEMENT_3D('',#4822,#4100,#4101);
#3721=AXIS2_PLACEMENT_3D('',#4824,#4103,#4104);
#3722=AXIS2_PLACEMENT_3D('',#4827,#4107,#4108);
#3723=AXIS2_PLACEMENT_3D('',#4829,#4110,#4111);
#3724=AXIS2_PLACEMENT_3D('',#4832,#4114,#4115);
#3725=AXIS2_PLACEMENT_3D('',#4834,#4117,#4118);
#3726=AXIS2_PLACEMENT_3D('',#4837,#4121,#4122);
#3727=AXIS2_PLACEMENT_3D('',#4838,#4123,#4124);
#3728=AXIS2_PLACEMENT_3D('',#4839,#4125,#4126);
#3729=AXIS2_PLACEMENT_3D('',#4840,#4127,#4128);
#3730=AXIS2_PLACEMENT_3D('',#4841,#4129,#4130);
#3731=AXIS2_PLACEMENT_3D('',#4842,#4131,#4132);
#3732=AXIS2_PLACEMENT_3D('',#4846,#4134,#4135);
#3733=AXIS2_PLACEMENT_3D('',#4848,#4137,#4138);
#3734=AXIS2_PLACEMENT_3D('',#4852,#4141,#4142);
#3735=AXIS2_PLACEMENT_3D('',#4860,#4147,#4148);
#3736=AXIS2_PLACEMENT_3D('',#4873,#4156,#4157);
#3737=AXIS2_PLACEMENT_3D('',#4876,#4160,#4161);
#3738=AXIS2_PLACEMENT_3D('',#4880,#4164,#4165);
#3739=AXIS2_PLACEMENT_3D('',#4884,#4168,#4169);
#3740=AXIS2_PLACEMENT_3D('',#4886,#4171,#4172);
#3741=AXIS2_PLACEMENT_3D('',#4888,#4173,#4174);
#3742=AXIS2_PLACEMENT_3D('',#4889,#4175,#4176);
#3743=AXIS2_PLACEMENT_3D('',#4891,#4177,#4178);
#3744=AXIS2_PLACEMENT_3D('',#4892,#4179,#4180);
#3745=AXIS2_PLACEMENT_3D('',#4909,#4189,#4190);
#3746=AXIS2_PLACEMENT_3D('',#4926,#4199,#4200);
#3747=AXIS2_PLACEMENT_3D('',#4929,#4203,#4204);
#3748=AXIS2_PLACEMENT_3D('',#4938,#4209,#4210);
#3749=AXIS2_PLACEMENT_3D('',#4978,#4214,#4215);
#3750=AXIS2_PLACEMENT_3D('',#5097,#4218,#4219);
#3751=AXIS2_PLACEMENT_3D('',#5099,#4220,#4221);
#3752=AXIS2_PLACEMENT_3D('',#5101,#4222,#4223);
#3753=AXIS2_PLACEMENT_3D('',#5102,#4224,#4225);
#3754=AXIS2_PLACEMENT_3D('',#5104,#4226,#4227);
#3755=AXIS2_PLACEMENT_3D('',#5105,#4228,#4229);
#3756=AXIS2_PLACEMENT_3D('',#5107,#4230,#4231);
#3757=AXIS2_PLACEMENT_3D('',#5108,#4232,#4233);
#3758=AXIS2_PLACEMENT_3D('',#5110,#4235,#4236);
#3759=AXIS2_PLACEMENT_3D('',#5112,#4238,#4239);
#3760=AXIS2_PLACEMENT_3D('',#5117,#4243,#4244);
#3761=AXIS2_PLACEMENT_3D('',#5127,#4251,#4252);
#3762=AXIS2_PLACEMENT_3D('',#5259,#4254,#4255);
#3763=AXIS2_PLACEMENT_3D('',#5367,#4257,#4258);
#3764=AXIS2_PLACEMENT_3D('',#5370,#4261,#4262);
#3765=AXIS2_PLACEMENT_3D('',#6383,#4282,#4283);
#3766=AXIS2_PLACEMENT_3D('',#6773,#4294,#4295);
#3767=AXIS2_PLACEMENT_3D('',#7376,#4307,#4308);
#3768=AXIS2_PLACEMENT_3D('',#7473,#4309,#4310);
#3769=AXIS2_PLACEMENT_3D('',#7490,#4311,#4312);
#3770=AXIS2_PLACEMENT_3D('',#7973,#4313,#4314);
#3771=AXIS2_PLACEMENT_3D('',#7990,#4315,#4316);
#3772=AXIS2_PLACEMENT_3D('',#8004,#4317,#4318);
#3773=AXIS2_PLACEMENT_3D('',#8021,#4319,#4320);
#3774=AXIS2_PLACEMENT_3D('',#8585,#4321,#4322);
#3775=AXIS2_PLACEMENT_3D('',#8602,#4323,#4324);
#3776=AXIS2_PLACEMENT_3D('',#8616,#4325,#4326);
#3777=AXIS2_PLACEMENT_3D('',#8630,#4327,#4328);
#3778=AXIS2_PLACEMENT_3D('',#9197,#4329,#4330);
#3779=AXIS2_PLACEMENT_3D('',#9211,#4331,#4332);
#3780=AXIS2_PLACEMENT_3D('',#9225,#4333,#4334);
#3781=AXIS2_PLACEMENT_3D('',#9239,#4335,#4336);
#3782=AXIS2_PLACEMENT_3D('',#9795,#4337,#4338);
#3783=AXIS2_PLACEMENT_3D('',#9803,#4339,#4340);
#3784=AXIS2_PLACEMENT_3D('',#9813,#4341,#4342);
#3785=AXIS2_PLACEMENT_3D('',#9830,#4343,#4344);
#3786=AXIS2_PLACEMENT_3D('',#9994,#4345,#4346);
#3787=AXIS2_PLACEMENT_3D('',#10028,#4347,#4348);
#3788=AXIS2_PLACEMENT_3D('',#10057,#4349,#4350);
#3789=AXIS2_PLACEMENT_3D('',#10060,#4353,#4354);
#3790=AXIS2_PLACEMENT_3D('',#10062,#4356,#4357);
#3791=AXIS2_PLACEMENT_3D('',#10071,#4362,#4363);
#3792=AXIS2_PLACEMENT_3D('',#10072,#4364,#4365);
#3793=AXIS2_PLACEMENT_3D('',#10074,#4367,#4368);
#3794=AXIS2_PLACEMENT_3D('',#10076,#4369,#4370);
#3795=AXIS2_PLACEMENT_3D('',#10077,#4371,#4372);
#3796=AXIS2_PLACEMENT_3D('',#10087,#4378,#4379);
#3797=AXIS2_PLACEMENT_3D('',#10089,#4381,#4382);
#3798=AXIS2_PLACEMENT_3D('',#10097,#4387,#4388);
#3799=AXIS2_PLACEMENT_3D('',#10100,#4391,#4392);
#3800=AXIS2_PLACEMENT_3D('',#10102,#4394,#4395);
#3801=AXIS2_PLACEMENT_3D('',#10104,#4397,#4398);
#3802=AXIS2_PLACEMENT_3D('',#10106,#4400,#4401);
#3803=AXIS2_PLACEMENT_3D('',#10108,#4403,#4404);
#3804=AXIS2_PLACEMENT_3D('',#10110,#4406,#4407);
#3805=AXIS2_PLACEMENT_3D('',#10111,#4408,#4409);
#3806=AXIS2_PLACEMENT_3D('',#10113,#4410,#4411);
#3807=AXIS2_PLACEMENT_3D('',#10115,#4413,#4414);
#3808=AXIS2_PLACEMENT_3D('',#10117,#4416,#4417);
#3809=AXIS2_PLACEMENT_3D('',#10119,#4419,#4420);
#3810=AXIS2_PLACEMENT_3D('',#10121,#4422,#4423);
#3811=AXIS2_PLACEMENT_3D('',#10123,#4425,#4426);
#3812=AXIS2_PLACEMENT_3D('',#10127,#4429,#4430);
#3813=AXIS2_PLACEMENT_3D('',#10135,#4435,#4436);
#3814=AXIS2_PLACEMENT_3D('',#10139,#4439,#4440);
#3815=AXIS2_PLACEMENT_3D('',#10142,#4443,#4444);
#3816=AXIS2_PLACEMENT_3D('',#10143,#4445,#4446);
#3817=AXIS2_PLACEMENT_3D('',#10145,#4448,#4449);
#3818=AXIS2_PLACEMENT_3D('',#10146,#4450,#4451);
#3819=AXIS2_PLACEMENT_3D('',#10147,#4452,#4453);
#3820=AXIS2_PLACEMENT_3D('',#10149,#4455,#4456);
#3821=AXIS2_PLACEMENT_3D('',#10150,#4457,#4458);
#3822=AXIS2_PLACEMENT_3D('',#10152,#4460,#4461);
#3823=DIRECTION('axis',(0.,0.,1.));
#3824=DIRECTION('refdir',(1.,0.,0.));
#3825=DIRECTION('center_axis',(-4.8452296716949E-17,0.707106781186544,-0.707106781186551));
#3826=DIRECTION('ref_axis',(-1.,0.,6.85218951452343E-17));
#3827=DIRECTION('',(-0.577350268851407,0.577350269358738,0.577350269358732));
#3828=DIRECTION('',(1.,9.54097932466763E-18,-5.89809158205667E-17));
#3829=DIRECTION('',(-0.577350269527841,-0.577350269020521,-0.577350269020515));
#3830=DIRECTION('',(-1.,-9.54097932466763E-18,5.89809158205667E-17));
#3831=DIRECTION('center_axis',(-0.707106781186547,6.21343954811292E-10,
-0.707106781186548));
#3832=DIRECTION('ref_axis',(-0.707106781186548,-1.46223817260505E-25,0.707106781186547));
#3833=DIRECTION('',(-8.78712925327985E-10,-1.,-1.22464679862906E-16));
#3834=DIRECTION('',(-0.707106781186548,-9.33421005818052E-17,0.707106781186547));
#3835=DIRECTION('',(8.78712925327985E-10,1.,1.22464679862906E-16));
#3836=DIRECTION('center_axis',(-5.89809158205667E-17,1.22464679914733E-16,
-1.));
#3837=DIRECTION('ref_axis',(-1.,-9.54097932466729E-18,5.89809158205667E-17));
#3838=DIRECTION('',(8.78712925327985E-10,1.,1.22464679862906E-16));
#3839=DIRECTION('',(-1.,-3.88627529190362E-15,6.95037324612483E-13));
#3840=DIRECTION('center_axis',(0.707106781186548,-6.21343781620081E-10,
-0.707106781186548));
#3841=DIRECTION('ref_axis',(-0.707106781186548,-1.46228279731669E-25,-0.707106781186548));
#3842=DIRECTION('',(8.78712925327985E-10,1.,1.22464679585221E-16));
#3843=DIRECTION('',(-0.707106781186547,7.98491182225395E-17,-0.707106781186547));
#3844=DIRECTION('center_axis',(-9.54097932466763E-18,1.,1.22464679914734E-16));
#3845=DIRECTION('ref_axis',(3.46976458930889E-18,-1.22464679914734E-16,
1.));
#3846=DIRECTION('',(-5.90635953029064E-17,1.22464679914734E-16,-1.));
#3847=DIRECTION('',(1.,9.54097932466767E-18,-3.74994977258429E-16));
#3848=DIRECTION('',(5.90635953029061E-17,-1.22464679914734E-16,1.));
#3849=DIRECTION('',(-0.707106781186545,-9.33420968031814E-17,0.707106781186549));
#3850=DIRECTION('',(1.,9.54097932466882E-18,-1.75843121310082E-16));
#3851=DIRECTION('',(-0.707106781186546,7.98491144439152E-17,-0.707106781186549));
#3852=DIRECTION('',(-1.,-9.54097932466763E-18,3.46976458930895E-18));
#3853=DIRECTION('',(-5.90635953029063E-17,1.22464679914734E-16,-1.));
#3854=DIRECTION('',(1.,9.54097932466767E-18,-3.74994977258429E-16));
#3855=DIRECTION('',(-5.90635953029064E-17,1.22464679914734E-16,-1.));
#3856=DIRECTION('center_axis',(1.,-8.78712925327985E-10,-5.90635954105174E-17));
#3857=DIRECTION('ref_axis',(-3.46976519294111E-18,6.32673409200456E-8,-0.999999999999998));
#3858=DIRECTION('',(9.54097932466763E-18,-1.,-1.22464679914734E-16));
#3859=DIRECTION('',(3.46976458930872E-18,-1.22464679914734E-16,1.));
#3860=DIRECTION('',(-9.54097932466762E-18,1.,-1.03873054004616E-16));
#3861=DIRECTION('',(-6.21343909979954E-10,-0.707106781186546,-0.707106781186549));
#3862=DIRECTION('',(-8.78712925327985E-10,-1.,-1.22464679862903E-16));
#3863=DIRECTION('',(-6.21343909979957E-10,-0.70710678118655,-0.707106781186545));
#3864=DIRECTION('',(3.46976458930869E-18,-1.22464679914734E-16,1.));
#3865=DIRECTION('',(9.54097611143703E-18,-0.999999999999571,-9.26064700601865E-7));
#3866=DIRECTION('',(-3.46976458930872E-18,1.22464679914734E-16,-1.));
#3867=DIRECTION('',(-9.54097966008007E-18,0.999999999999995,-9.66672191068315E-8));
#3868=DIRECTION('',(-6.21343826451479E-10,-0.707106781186618,0.707106781186477));
#3869=DIRECTION('',(5.90635144669097E-17,-9.21161000763979E-14,1.));
#3870=DIRECTION('',(6.21343909979958E-10,0.707106781186551,0.707106781186544));
#3871=DIRECTION('center_axis',(-1.,8.78712925327985E-10,5.90635954105174E-17));
#3872=DIRECTION('ref_axis',(8.78712925327985E-10,1.,1.22464679862903E-16));
#3873=DIRECTION('',(6.21343909979953E-10,0.707106781186545,0.70710678118655));
#3874=DIRECTION('center_axis',(-1.,8.78712925327985E-10,5.90635954105174E-17));
#3875=DIRECTION('ref_axis',(8.78712925327985E-10,1.,1.22464679862903E-16));
#3876=DIRECTION('',(-6.2134382645142E-10,-0.70710678118655,0.707106781186545));
#3877=DIRECTION('',(5.90635552543646E-17,-4.56988303198185E-14,1.));
#3878=DIRECTION('center_axis',(-1.,8.78712925327985E-10,5.90635954105176E-17));
#3879=DIRECTION('ref_axis',(3.46976519294125E-18,-6.32673409200456E-8,0.999999999999998));
#3880=DIRECTION('',(9.54097932466763E-18,-1.,-1.22464685258514E-16));
#3881=DIRECTION('',(3.46976458930889E-18,-1.22464679914734E-16,1.));
#3882=DIRECTION('',(-9.54097932466763E-18,1.,1.22464685258514E-16));
#3883=DIRECTION('',(-3.46976458930882E-18,1.22464679914734E-16,-1.));
#3884=DIRECTION('',(6.21343909979957E-10,0.70710678118655,0.707106781186545));
#3885=DIRECTION('',(8.78712925327985E-10,1.,1.22464679862903E-16));
#3886=DIRECTION('',(6.21343909979954E-10,0.707106781186546,0.707106781186549));
#3887=DIRECTION('',(-9.54097932466763E-18,1.,-1.03873054004616E-16));
#3888=DIRECTION('',(3.46976458930886E-18,-1.22464679914734E-16,1.));
#3889=DIRECTION('',(-9.54097932466763E-18,1.,1.22464679914734E-16));
#3890=DIRECTION('',(6.21343826451479E-10,0.707106781186618,-0.707106781186477));
#3891=DIRECTION('center_axis',(1.,-8.78712925327985E-10,-5.90635954105176E-17));
#3892=DIRECTION('ref_axis',(8.78712925327985E-10,1.,1.22464679862903E-16));
#3893=DIRECTION('',(-6.21343909979958E-10,-0.707106781186551,-0.707106781186544));
#3894=DIRECTION('',(-5.90635144669098E-17,9.21161000763979E-14,-1.));
#3895=DIRECTION('',(-6.21343909979953E-10,-0.707106781186545,-0.70710678118655));
#3896=DIRECTION('',(-5.90635552543647E-17,4.56988303198185E-14,-1.));
#3897=DIRECTION('',(6.2134382645142E-10,0.70710678118655,-0.707106781186545));
#3898=DIRECTION('center_axis',(1.,-8.78712925327985E-10,-5.90635954105176E-17));
#3899=DIRECTION('ref_axis',(8.78712925327985E-10,1.,1.22464679862903E-16));
#3900=DIRECTION('center_axis',(-3.74994977258429E-16,1.22464679914734E-16,
-1.));
#3901=DIRECTION('ref_axis',(-1.,-9.54097932466762E-18,3.74994977258429E-16));
#3902=DIRECTION('',(1.,-1.74174891156602E-10,-3.7499497727976E-16));
#3903=DIRECTION('',(-9.54097932466763E-18,1.,1.18309085590429E-16));
#3904=DIRECTION('center_axis',(-4.84522967169489E-17,0.707106781186546,
-0.70710678118655));
#3905=DIRECTION('ref_axis',(-1.,0.,6.85218951452343E-17));
#3906=DIRECTION('',(0.774596669241484,0.447213595499958,0.447213595499956));
#3907=DIRECTION('',(1.,9.54097932466763E-18,-5.89809158205667E-17));
#3908=DIRECTION('',(-1.,-9.54097932466763E-18,5.89809158205667E-17));
#3909=DIRECTION('',(1.,9.54097932466763E-18,-5.89809158205667E-17));
#3910=DIRECTION('',(0.774596669241484,-0.447213595499958,-0.447213595499956));
#3911=DIRECTION('center_axis',(-5.89809158205667E-17,1.2246467991473E-16,
-1.));
#3912=DIRECTION('ref_axis',(-1.,-9.54097932466763E-18,5.89809158205667E-17));
#3913=DIRECTION('',(0.866025403784439,0.5,-5.49414286099097E-17));
#3914=DIRECTION('',(-9.54097932466765E-18,1.,-1.03873048660834E-16));
#3915=DIRECTION('',(-0.866025403784439,0.5,-4.89316200509248E-17));
#3916=DIRECTION('',(-0.866025403784438,-0.5,5.49414286099097E-17));
#3917=DIRECTION('',(-8.48924505667994E-16,-1.,1.03873048660834E-16));
#3918=DIRECTION('',(0.866025403784439,-0.5,4.89316200509248E-17));
#3919=DIRECTION('',(-1.,4.59701719065909E-17,5.89809158205667E-17));
#3920=DIRECTION('center_axis',(-0.5,0.866025403784439,1.35547981782772E-16));
#3921=DIRECTION('ref_axis',(0.866025403784439,0.5,-5.49414286099081E-17));
#3922=DIRECTION('',(-5.89809158205667E-17,1.22464679914733E-16,-1.));
#3923=DIRECTION('',(-0.866025403784439,-0.5,5.4941431281799E-17));
#3924=DIRECTION('',(-5.89809158205667E-17,1.22464679914733E-16,-1.));
#3925=DIRECTION('center_axis',(0.5,0.866025403784439,7.65670659622055E-17));
#3926=DIRECTION('ref_axis',(0.866025403784439,-0.5,4.89316200509232E-17));
#3927=DIRECTION('',(-5.89809158205667E-17,1.22464679914733E-16,-1.));
#3928=DIRECTION('',(-0.866025403784439,0.5,-4.89316227228142E-17));
#3929=DIRECTION('center_axis',(-9.54097932466763E-18,1.,1.22464679914734E-16));
#3930=DIRECTION('ref_axis',(3.46976458930888E-18,-1.22464679914734E-16,
1.));
#3931=DIRECTION('',(1.,9.54097932466763E-18,-3.46976458930889E-18));
#3932=DIRECTION('',(0.707106781186396,9.33420968031983E-17,-0.707106781186699));
#3933=DIRECTION('',(1.,9.54097932466767E-18,-3.70863807642237E-16));
#3934=DIRECTION('',(0.707106781186396,-7.98491144439349E-17,0.707106781186699));
#3935=DIRECTION('center_axis',(0.707106781186546,-4.5291572039596E-8,0.707106781186547));
#3936=DIRECTION('ref_axis',(0.707106781186548,0.,-0.707106781186547));
#3937=DIRECTION('center_axis',(-0.707106781186546,4.5291572039596E-8,-0.707106781186547));
#3938=DIRECTION('ref_axis',(0.707106781186548,-6.21344109344194E-10,-0.707106781186547));
#3939=DIRECTION('',(8.78712925327987E-10,0.999999999999998,6.31732425142665E-8));
#3940=DIRECTION('',(-0.707106781186548,1.23160157115172E-10,0.707106781186547));
#3941=DIRECTION('',(-0.577350281719051,-0.577350281111187,0.577350244738638));
#3942=DIRECTION('',(-8.78712925327987E-10,-0.999999999999998,-6.31732425142665E-8));
#3943=DIRECTION('',(0.68479107029359,-0.249243572088777,-0.684791086258127));
#3944=DIRECTION('',(8.78712925327987E-10,0.999999999999998,6.31732425142665E-8));
#3945=DIRECTION('center_axis',(1.23160252992973E-10,0.707106758851433,0.707106803521661));
#3946=DIRECTION('ref_axis',(1.,0.,-1.74174894626368E-10));
#3947=DIRECTION('',(-1.,1.74174891156602E-10,1.44729578309756E-17));
#3948=DIRECTION('',(9.1999853854557E-18,-0.707106803521661,0.707106758851433));
#3949=DIRECTION('',(1.,-1.74174891156602E-10,-1.44729578309756E-17));
#3950=DIRECTION('center_axis',(-2.91382491488905E-17,0.939692620785909,
-0.342020143325668));
#3951=DIRECTION('ref_axis',(2.69493565209113E-21,-0.342020143325668,-0.939692620785909));
#3952=DIRECTION('',(-1.,-2.97453865072587E-17,3.46976331293104E-18));
#3953=DIRECTION('',(0.684791070526209,0.249243572014015,0.68479108605272));
#3954=DIRECTION('',(2.69493565218958E-21,-0.342020143325668,-0.939692620785909));
#3955=DIRECTION('',(-0.684791074306489,-0.249243570799057,-0.684791082714648));
#3956=DIRECTION('',(0.99999999999999,-4.78323177333847E-8,-1.31418212977848E-7));
#3957=DIRECTION('',(-0.684791074352598,0.249243570784237,0.684791082673933));
#3958=DIRECTION('',(2.69493565219205E-21,-0.342020143325668,-0.939692620785909));
#3959=DIRECTION('center_axis',(1.,-8.78712925327985E-10,-5.90635954105177E-17));
#3960=DIRECTION('ref_axis',(-3.46976519294132E-18,6.32673409200456E-8,-0.999999999999998));
#3961=DIRECTION('',(-8.78712925327985E-10,-1.,1.05288581657652E-9));
#3962=DIRECTION('',(2.69493565219594E-21,-0.342020143325669,-0.939692620785908));
#3963=DIRECTION('',(-3.46976458930894E-18,1.22464679914734E-16,-1.));
#3964=DIRECTION('',(-9.54097932466763E-18,1.,1.22464685258514E-16));
#3965=DIRECTION('center_axis',(-1.,8.78712925327985E-10,5.90635954105177E-17));
#3966=DIRECTION('ref_axis',(3.0053746516117E-10,0.342020143325668,-0.939692620785909));
#3967=DIRECTION('',(-8.35018084177189E-18,0.766044443118979,0.642787609686538));
#3968=DIRECTION('',(3.46976458930893E-18,-1.22464679914734E-16,1.));
#3969=DIRECTION('center_axis',(-1.,8.78712925327985E-10,5.90635954105177E-17));
#3970=DIRECTION('ref_axis',(8.78713388799874E-10,1.,1.22464685206683E-16));
#3971=DIRECTION('center_axis',(-1.,8.78712925327985E-10,5.90635954105177E-17));
#3972=DIRECTION('ref_axis',(8.78713388799874E-10,1.,1.22464685206683E-16));
#3973=DIRECTION('',(-6.2134382645142E-10,-0.70710678118655,0.707106781186545));
#3974=DIRECTION('',(5.90635552543648E-17,-4.56988303198185E-14,1.));
#3975=DIRECTION('',(6.21343909979953E-10,0.707106781186545,0.70710678118655));
#3976=DIRECTION('center_axis',(-1.,8.78712925327985E-10,5.90635954105177E-17));
#3977=DIRECTION('ref_axis',(8.78712925327985E-10,1.,1.22464679862903E-16));
#3978=DIRECTION('',(-6.21343826451479E-10,-0.707106781186618,0.707106781186477));
#3979=DIRECTION('',(5.90635144669099E-17,-9.21161000763979E-14,1.));
#3980=DIRECTION('',(6.21343909979958E-10,0.707106781186551,0.707106781186544));
#3981=DIRECTION('center_axis',(-1.,8.78712925327985E-10,5.90635954105177E-17));
#3982=DIRECTION('ref_axis',(8.78712925327985E-10,1.,1.22464679862903E-16));
#3983=DIRECTION('center_axis',(-3.46976519204354E-18,6.31732425142665E-8,
-0.999999999999998));
#3984=DIRECTION('ref_axis',(-2.06795225812497E-25,0.999999999999998,6.31732425142665E-8));
#3985=DIRECTION('',(-9.54097910547132E-18,0.999999999999998,6.31732425142665E-8));
#3986=DIRECTION('',(-1.,-9.54097932466764E-18,3.46976458930895E-18));
#3987=DIRECTION('',(9.54097910547132E-18,-0.999999999999998,-6.31732425142665E-8));
#3988=DIRECTION('',(1.,-1.74174891156602E-10,-1.44729578309756E-17));
#3989=DIRECTION('',(8.78712925327987E-10,0.999999999999998,6.31732425142665E-8));
#3990=DIRECTION('center_axis',(1.,9.54097932466762E-18,-3.46976458930895E-18));
#3991=DIRECTION('ref_axis',(-3.46976458930895E-18,1.22464679914734E-16,
-1.));
#3992=DIRECTION('',(3.46976458930895E-18,-1.26620325688771E-16,1.));
#3993=DIRECTION('',(9.54097932466761E-18,-1.,1.03873054004616E-16));
#3994=DIRECTION('',(3.46976458930895E-18,-1.22464679914733E-16,1.));
#3995=DIRECTION('center_axis',(-1.,-9.54097942806519E-18,3.46976458930895E-18));
#3996=DIRECTION('ref_axis',(-9.5409794280652E-18,1.,1.22464672023621E-16));
#3997=DIRECTION('center_axis',(-0.707106781186547,-4.40488843031645E-8,
0.707106781186547));
#3998=DIRECTION('ref_axis',(0.707106781186548,0.,0.707106781186547));
#3999=DIRECTION('',(-0.654653657395961,-0.377964478342059,-0.654653680941081));
#4000=DIRECTION('',(-8.78712925327987E-10,-0.999999999999998,-6.31732425142665E-8));
#4001=DIRECTION('',(-0.577350280975597,0.577350281583453,-0.577350245009827));
#4002=DIRECTION('',(-0.707106781186548,1.23160336183353E-10,-0.707106781186547));
#4003=DIRECTION('',(-8.78712925327987E-10,-0.999999999999998,-6.31732425142665E-8));
#4004=DIRECTION('',(0.654653684019992,-0.377964467676396,0.654653660474873));
#4005=DIRECTION('',(6.22945294664739E-8,-0.999999999999998,-1.22464688932699E-16));
#4006=DIRECTION('center_axis',(1.23160252992973E-10,0.707106758851433,0.707106803521661));
#4007=DIRECTION('ref_axis',(1.,0.,-1.74174894626368E-10));
#4008=DIRECTION('',(-9.1999853854557E-18,0.707106803521661,-0.707106758851433));
#4009=DIRECTION('',(-1.,1.74174891156602E-10,1.44729578309756E-17));
#4010=DIRECTION('center_axis',(5.89809158205667E-17,-1.2246468525851E-16,
1.));
#4011=DIRECTION('ref_axis',(-8.78712925327985E-10,-1.,-1.22464685206683E-16));
#4012=DIRECTION('',(1.,-8.78713980918821E-10,-5.89809159281781E-17));
#4013=DIRECTION('',(8.78712925327985E-10,1.,1.22464685206683E-16));
#4014=DIRECTION('',(1.,-8.78713980918821E-10,-5.89809159281781E-17));
#4015=DIRECTION('center_axis',(7.60988659626711E-10,0.866025403784438,0.5));
#4016=DIRECTION('ref_axis',(-4.39356411513419E-10,-0.5,0.866025403784438));
#4017=DIRECTION('',(-4.39356411513419E-10,-0.5,0.866025403784438));
#4018=DIRECTION('',(1.,-8.78713980918821E-10,-5.89809159281781E-17));
#4019=DIRECTION('',(4.39356411513419E-10,0.5,-0.866025403784438));
#4020=DIRECTION('center_axis',(1.74174891156602E-10,1.,1.26620325688167E-16));
#4021=DIRECTION('ref_axis',(-2.38590391427784E-8,-1.22464680142372E-16,
1.));
#4022=DIRECTION('',(-3.46976458930895E-18,1.26620325688771E-16,-1.));
#4023=DIRECTION('',(-1.,-9.54097932466762E-18,3.46976458930793E-18));
#4024=DIRECTION('',(1.,9.54097932466762E-18,-3.70863804333515E-16));
#4025=DIRECTION('',(-3.46976458930893E-18,1.22464679914734E-16,-1.));
#4026=DIRECTION('center_axis',(-1.,-9.54097932466762E-18,3.46976458930895E-18));
#4027=DIRECTION('ref_axis',(3.46976458930895E-18,-1.22464679914734E-16,
1.));
#4028=DIRECTION('',(-3.46976458930895E-18,1.22464679914733E-16,-1.));
#4029=DIRECTION('',(-9.54097932466761E-18,1.,-1.03873054004616E-16));
#4030=DIRECTION('center_axis',(1.,9.54097942806519E-18,-3.46976458930895E-18));
#4031=DIRECTION('ref_axis',(-9.5409794280652E-18,1.,1.22464672023621E-16));
#4032=DIRECTION('center_axis',(-1.,8.78713388799875E-10,5.89809159281781E-17));
#4033=DIRECTION('ref_axis',(8.78713388799874E-10,1.,1.22464685206683E-16));
#4034=DIRECTION('',(-1.,8.78713388799875E-10,5.89809159281781E-17));
#4035=DIRECTION('center_axis',(1.,-8.78712925327985E-10,-5.90635954105178E-17));
#4036=DIRECTION('ref_axis',(8.78713388799874E-10,1.,1.22464685206683E-16));
#4037=DIRECTION('center_axis',(-7.60988600645796E-10,-0.866025403784439,
0.5));
#4038=DIRECTION('ref_axis',(-4.39356513814567E-10,-0.5,-0.866025403784439));
#4039=DIRECTION('',(4.39356513814567E-10,0.5,0.866025403784439));
#4040=DIRECTION('',(1.,-8.78713980918821E-10,-5.89809159281781E-17));
#4041=DIRECTION('',(-4.39356513814567E-10,-0.5,-0.866025403784439));
#4042=DIRECTION('center_axis',(-1.,8.78712925327985E-10,5.90635954105177E-17));
#4043=DIRECTION('ref_axis',(3.46976519294132E-18,-6.32673409200456E-8,0.999999999999998));
#4044=DIRECTION('',(4.39356411513419E-10,0.5,-0.866025403784438));
#4045=DIRECTION('',(8.78712925327985E-10,1.,1.22464685206683E-16));
#4046=DIRECTION('',(4.39356513814567E-10,0.5,0.866025403784439));
#4047=DIRECTION('',(9.54097932466758E-18,-1.,-1.22464679914734E-16));
#4048=DIRECTION('',(3.46976458930894E-18,-1.22464679914734E-16,1.));
#4049=DIRECTION('',(-2.69493565219594E-21,0.342020143325669,0.939692620785908));
#4050=DIRECTION('',(8.78712925327985E-10,1.,1.05288606150588E-9));
#4051=DIRECTION('',(6.21343826451479E-10,0.707106781186618,-0.707106781186477));
#4052=DIRECTION('center_axis',(1.,-8.78712925327985E-10,-5.90635954105177E-17));
#4053=DIRECTION('ref_axis',(8.78712925327985E-10,1.,1.22464679862903E-16));
#4054=DIRECTION('',(-6.21343909979958E-10,-0.707106781186551,-0.707106781186544));
#4055=DIRECTION('',(-5.90635144669099E-17,9.21161000763979E-14,-1.));
#4056=DIRECTION('',(6.2134382645142E-10,0.70710678118655,-0.707106781186545));
#4057=DIRECTION('center_axis',(1.,-8.78712925327985E-10,-5.90635954105177E-17));
#4058=DIRECTION('ref_axis',(8.78712925327985E-10,1.,1.22464679862903E-16));
#4059=DIRECTION('',(-6.21343909979953E-10,-0.707106781186545,-0.70710678118655));
#4060=DIRECTION('',(-5.90635552543648E-17,4.56988303198185E-14,-1.));
#4061=DIRECTION('center_axis',(1.,-8.78712925327985E-10,-5.90635954105177E-17));
#4062=DIRECTION('ref_axis',(-3.46976519294132E-18,6.32673409200456E-8,-0.999999999999998));
#4063=DIRECTION('',(3.46976458930895E-18,-1.26620325688771E-16,1.));
#4064=DIRECTION('',(9.54097932466763E-18,-1.,-1.22464685258514E-16));
#4065=DIRECTION('',(-3.46976458930894E-18,1.22464679914734E-16,-1.));
#4066=DIRECTION('center_axis',(-3.74994977258429E-16,1.22464679914734E-16,
-1.));
#4067=DIRECTION('ref_axis',(-1.,-9.54097932466762E-18,3.74994977258429E-16));
#4068=DIRECTION('center_axis',(0.707106785505215,1.23158997349985E-10,-0.70710677686788));
#4069=DIRECTION('ref_axis',(-0.70710677686788,-1.23158820761648E-10,-0.707106785505215));
#4070=DIRECTION('',(-0.684791074306489,-0.249243570799057,-0.684791082714648));
#4071=DIRECTION('',(1.74172977962701E-10,-1.,-1.45354155713064E-16));
#4072=DIRECTION('center_axis',(-1.31418212977848E-7,1.22464654200175E-16,
-0.999999999999991));
#4073=DIRECTION('ref_axis',(-0.99999999999999,4.78323137536817E-8,1.31418212977848E-7));
#4074=DIRECTION('',(0.99999999999999,-4.78323177333848E-8,-1.31418212977848E-7));
#4075=DIRECTION('',(-1.74173023741658E-10,1.,1.45354161729253E-16));
#4076=DIRECTION('center_axis',(-1.31418212977848E-7,1.22464654200175E-16,
-0.999999999999991));
#4077=DIRECTION('ref_axis',(-0.999999999999991,-6.4749890208689E-16,1.31418212977848E-7));
#4078=DIRECTION('center_axis',(-1.31418212977848E-7,1.22464654200175E-16,
-0.999999999999991));
#4079=DIRECTION('ref_axis',(-0.999999999999991,-9.54099541875693E-18,1.31418212977848E-7));
#4080=DIRECTION('center_axis',(-0.707106785505214,-1.23158824158775E-10,
-0.707106776867881));
#4081=DIRECTION('ref_axis',(-0.707106776867881,-1.23161619770172E-10,0.707106785505214));
#4082=DIRECTION('',(-0.684791074352598,0.249243570784238,0.684791082673933));
#4083=DIRECTION('center_axis',(-8.78713138705329E-10,-1.,-4.56988303197666E-14));
#4084=DIRECTION('ref_axis',(5.90635552543649E-17,-4.56988303198185E-14,
1.));
#4085=DIRECTION('',(-1.,8.78713138705329E-10,5.8980915928178E-17));
#4086=DIRECTION('',(-1.,8.78713138705329E-10,5.8980915928178E-17));
#4087=DIRECTION('center_axis',(-6.21344060802057E-10,-0.707106781186545,
-0.70710678118655));
#4088=DIRECTION('ref_axis',(-6.2134382645142E-10,-0.70710678118655,0.707106781186545));
#4089=DIRECTION('',(1.,-4.39356564582172E-10,-4.3935663310407E-10));
#4090=DIRECTION('center_axis',(-6.21344060802057E-10,-0.707106781186545,
-0.70710678118655));
#4091=DIRECTION('ref_axis',(-6.2134382645142E-10,-0.70710678118655,0.707106781186545));
#4092=DIRECTION('',(-1.,8.78713138705329E-10,5.8980915928178E-17));
#4093=DIRECTION('',(1.,-4.39356564582172E-10,-4.3935663310407E-10));
#4094=DIRECTION('center_axis',(-6.2134397739045E-10,-0.70710678118655,0.707106781186545));
#4095=DIRECTION('ref_axis',(6.21343909979953E-10,0.707106781186545,0.70710678118655));
#4096=DIRECTION('',(1.,-4.39356564582178E-10,4.39356515142239E-10));
#4097=DIRECTION('center_axis',(-8.78713138705329E-10,-1.,-4.56988303197666E-14));
#4098=DIRECTION('ref_axis',(5.90635552543649E-17,-4.56988303198185E-14,
1.));
#4099=DIRECTION('',(-1.,8.78713138705329E-10,5.8980915928178E-17));
#4100=DIRECTION('center_axis',(-6.2134397739045E-10,-0.70710678118655,0.707106781186545));
#4101=DIRECTION('ref_axis',(6.21343909979953E-10,0.707106781186545,0.70710678118655));
#4102=DIRECTION('',(1.,-4.39356564582178E-10,4.39356515142239E-10));
#4103=DIRECTION('center_axis',(-8.78713138705329E-10,-1.,-9.21161000763461E-14));
#4104=DIRECTION('ref_axis',(5.906351446691E-17,-9.21161000763979E-14,1.));
#4105=DIRECTION('',(-1.,8.78713138705329E-10,5.8980915928178E-17));
#4106=DIRECTION('',(-1.,8.78713138705329E-10,5.8980915928178E-17));
#4107=DIRECTION('center_axis',(-6.21344060801998E-10,-0.707106781186477,
-0.707106781186618));
#4108=DIRECTION('ref_axis',(-6.21358137300936E-10,-0.707106781186618,0.707106781186477));
#4109=DIRECTION('',(1.,-4.39356564582088E-10,-4.3935663310407E-10));
#4110=DIRECTION('center_axis',(-6.21344060801998E-10,-0.707106781186477,
-0.707106781186618));
#4111=DIRECTION('ref_axis',(-6.21358137300936E-10,-0.707106781186618,0.707106781186477));
#4112=DIRECTION('',(-1.,8.78713138705329E-10,5.8980915928178E-17));
#4113=DIRECTION('',(1.,-4.39356564582088E-10,-4.3935663310407E-10));
#4114=DIRECTION('center_axis',(-6.21343977390445E-10,-0.707106781186544,
0.707106781186551));
#4115=DIRECTION('ref_axis',(6.21343909979958E-10,0.707106781186551,0.707106781186544));
#4116=DIRECTION('',(1.,-4.39356564582171E-10,4.39356515142238E-10));
#4117=DIRECTION('center_axis',(-6.21343977390445E-10,-0.707106781186544,
0.707106781186551));
#4118=DIRECTION('ref_axis',(6.21343909979958E-10,0.707106781186551,0.707106781186544));
#4119=DIRECTION('',(1.,-4.39356564582171E-10,4.39356515142238E-10));
#4120=DIRECTION('',(-1.,8.78713138705329E-10,5.8980915928178E-17));
#4121=DIRECTION('center_axis',(-8.78713138705329E-10,-1.,-9.21161000763461E-14));
#4122=DIRECTION('ref_axis',(5.906351446691E-17,-9.21161000763979E-14,1.));
#4123=DIRECTION('center_axis',(1.,9.54097942806521E-18,-5.89809158205667E-17));
#4124=DIRECTION('ref_axis',(-9.5409794280652E-18,1.,1.2246467991473E-16));
#4125=DIRECTION('center_axis',(1.,9.54097942806521E-18,-5.89809158205667E-17));
#4126=DIRECTION('ref_axis',(-9.5409794280652E-18,1.,1.2246467991473E-16));
#4127=DIRECTION('center_axis',(1.,9.54097942806521E-18,-5.89809158205667E-17));
#4128=DIRECTION('ref_axis',(-9.5409794280652E-18,1.,1.2246467991473E-16));
#4129=DIRECTION('center_axis',(1.,9.54097942806521E-18,-5.89809158205667E-17));
#4130=DIRECTION('ref_axis',(-9.5409794280652E-18,1.,1.2246467991473E-16));
#4131=DIRECTION('center_axis',(1.,6.50521344323351E-17,-3.46976458930894E-18));
#4132=DIRECTION('ref_axis',(-7.07281735794549E-26,0.342020143325668,-0.939692620785909));
#4133=DIRECTION('',(-1.,-6.50521344323351E-17,3.46976458930894E-18));
#4134=DIRECTION('center_axis',(-1.,-9.54097932466763E-18,3.46976458930895E-18));
#4135=DIRECTION('ref_axis',(-7.07281735794549E-26,0.342020143325668,-0.939692620785909));
#4136=DIRECTION('',(1.,6.50521344323351E-17,-3.46976458930894E-18));
#4137=DIRECTION('center_axis',(4.44726998793391E-17,-0.642787609686538,
0.766044443118979));
#4138=DIRECTION('ref_axis',(6.46799493963479E-8,0.766044443118978,0.642787609686537));
#4139=DIRECTION('',(6.46799493963479E-8,0.766044443118977,0.642787609686537));
#4140=DIRECTION('',(-1.,1.74174891156602E-10,1.46150144984834E-10));
#4141=DIRECTION('center_axis',(-1.,-9.54097932466763E-18,3.46976458930895E-18));
#4142=DIRECTION('ref_axis',(3.46976458930895E-18,-1.22464679914734E-16,
1.));
#4143=DIRECTION('',(-9.54097932466763E-18,1.,1.22464685258514E-16));
#4144=DIRECTION('',(3.46976458930895E-18,-1.22464679914734E-16,1.));
#4145=DIRECTION('',(9.54097932466762E-18,-1.,-1.22464679914734E-16));
#4146=DIRECTION('',(-5.89809158205667E-17,1.2662032569844E-16,-1.));
#4147=DIRECTION('center_axis',(3.46976458930895E-18,-1.22464685258514E-16,
1.));
#4148=DIRECTION('ref_axis',(-9.54097932466763E-18,1.,1.22464685258514E-16));
#4149=DIRECTION('',(-1.,-9.54097932466764E-18,3.46976458930895E-18));
#4150=DIRECTION('',(-1.,-9.54097932466764E-18,3.46976458930895E-18));
#4151=DIRECTION('',(-9.54097932466761E-18,1.,1.22464685258514E-16));
#4152=DIRECTION('',(-1.,-9.54097932466761E-18,3.46976458930893E-18));
#4153=DIRECTION('',(-9.26064701064226E-7,-0.999999999999571,4.72297444267313E-16));
#4154=DIRECTION('',(1.,9.5409793246676E-18,-3.46976458930895E-18));
#4155=DIRECTION('',(0.707106781186548,0.707106781186548,8.41421153319501E-17));
#4156=DIRECTION('center_axis',(1.74174891156602E-10,1.,1.26620325688167E-16));
#4157=DIRECTION('ref_axis',(-2.38590391427784E-8,-1.22464680142372E-16,
1.));
#4158=DIRECTION('',(-1.,1.74174891156602E-10,3.46976461063923E-18));
#4159=DIRECTION('',(-1.,-9.54097932466762E-18,3.46976458930793E-18));
#4160=DIRECTION('center_axis',(-7.60988659626711E-10,-0.866025403784438,
-0.5));
#4161=DIRECTION('ref_axis',(4.39356411513419E-10,0.5,-0.866025403784438));
#4162=DIRECTION('',(-4.39356411513419E-10,-0.5,0.866025403784438));
#4163=DIRECTION('',(1.,-8.78713980918821E-10,-5.89809159281781E-17));
#4164=DIRECTION('center_axis',(7.60988600645796E-10,0.866025403784439,-0.5));
#4165=DIRECTION('ref_axis',(4.39356513814567E-10,0.5,0.866025403784439));
#4166=DIRECTION('',(1.,-8.78713980918821E-10,-5.89809159281781E-17));
#4167=DIRECTION('',(-4.39356513814567E-10,-0.5,-0.866025403784439));
#4168=DIRECTION('center_axis',(-5.89809158205667E-17,1.2246468525851E-16,
-1.));
#4169=DIRECTION('ref_axis',(8.78712925327985E-10,1.,1.22464685206683E-16));
#4170=DIRECTION('',(-8.78712925327985E-10,-1.,-1.22464685206683E-16));
#4171=DIRECTION('center_axis',(-1.,8.78712925327985E-10,5.90635953988983E-17));
#4172=DIRECTION('ref_axis',(-8.78712925327985E-10,-1.,-1.22464685206759E-16));
#4173=DIRECTION('center_axis',(1.,-8.78712925327985E-10,-5.90635953988983E-17));
#4174=DIRECTION('ref_axis',(8.78712925327985E-10,1.,1.22464672020572E-16));
#4175=DIRECTION('center_axis',(1.,-8.78712925327985E-10,-5.90635954105178E-17));
#4176=DIRECTION('ref_axis',(8.78712925327985E-10,1.,1.22464685206686E-16));
#4177=DIRECTION('center_axis',(-1.,8.78712925327985E-10,5.90635954105178E-17));
#4178=DIRECTION('ref_axis',(8.78712925327985E-10,1.,1.22464672020572E-16));
#4179=DIRECTION('center_axis',(-5.89809158205667E-17,1.22464679914733E-16,
-1.));
#4180=DIRECTION('ref_axis',(1.,9.54097932466768E-18,-5.89809158205667E-17));
#4181=DIRECTION('',(1.,9.54097932466768E-18,-5.89809158205667E-17));
#4182=DIRECTION('',(9.54097932466763E-18,-1.,-1.22464679914733E-16));
#4183=DIRECTION('',(-1.,-9.54097932466764E-18,5.89809158205667E-17));
#4184=DIRECTION('',(9.54097932466763E-18,-1.,-1.22464679914733E-16));
#4185=DIRECTION('',(-1.,-9.54097932466764E-18,5.89809158205667E-17));
#4186=DIRECTION('',(-9.54097932466763E-18,1.,1.22464679914733E-16));
#4187=DIRECTION('',(-1.,-9.54097932466764E-18,5.89809158205667E-17));
#4188=DIRECTION('',(9.54097932466763E-18,-1.,-1.22464679914733E-16));
#4189=DIRECTION('center_axis',(5.89809158205667E-17,-1.22464679914733E-16,
1.));
#4190=DIRECTION('ref_axis',(-1.,-9.54097932466768E-18,5.89809158205667E-17));
#4191=DIRECTION('',(-1.,-9.54097932466768E-18,5.89809158205667E-17));
#4192=DIRECTION('',(-9.54097932466763E-18,1.,1.22464679914733E-16));
#4193=DIRECTION('',(1.,9.54097932466764E-18,-5.89809158205667E-17));
#4194=DIRECTION('',(9.54097932466763E-18,-1.,-1.22464679914733E-16));
#4195=DIRECTION('',(1.,9.54097932466764E-18,-5.89809158205667E-17));
#4196=DIRECTION('',(-9.54097932466763E-18,1.,1.22464679914733E-16));
#4197=DIRECTION('',(1.,9.54097932466764E-18,-5.89809158205667E-17));
#4198=DIRECTION('',(-9.54097932466763E-18,1.,1.22464679914733E-16));
#4199=DIRECTION('center_axis',(1.,9.54097932466764E-18,-5.89809158205667E-17));
#4200=DIRECTION('ref_axis',(5.89809158205667E-17,-1.22464685258515E-16,
1.));
#4201=DIRECTION('',(5.89809158205667E-17,-1.22464685258515E-16,1.));
#4202=DIRECTION('',(-5.89809158205667E-17,1.22464679914733E-16,-1.));
#4203=DIRECTION('center_axis',(0.866025403784439,-0.5,-6.42372442368601E-17));
#4204=DIRECTION('ref_axis',(-7.41747805043036E-17,-3.15544362089939E-30,
-1.));
#4205=DIRECTION('',(0.5,0.866025403784438,2.97628393213949E-8));
#4206=DIRECTION('',(3.46976458930887E-18,-1.22464679914734E-16,1.));
#4207=DIRECTION('',(-0.5,-0.866025403784439,-1.04322646205684E-16));
#4208=DIRECTION('',(-3.46976458930887E-18,1.22464679914734E-16,-1.));
#4209=DIRECTION('center_axis',(-9.54097932466761E-18,1.,1.22464679914734E-16));
#4210=DIRECTION('ref_axis',(-1.,-9.54097932466761E-18,7.58973284475386E-18));
#4211=DIRECTION('',(-1.,-9.54097932466662E-18,-8.04496916622499E-15));
#4212=DIRECTION('',(0.999999999999998,9.54097203487444E-18,5.95256784306747E-8));
#4213=DIRECTION('',(5.89809158205667E-17,-1.22464679914734E-16,1.));
#4214=DIRECTION('center_axis',(9.54097932466761E-18,-1.,-1.22464679914734E-16));
#4215=DIRECTION('ref_axis',(1.,9.54097932467608E-18,-6.89733056750009E-14));
#4216=DIRECTION('',(-2.43077212728686E-18,1.22464679914734E-16,-1.));
#4217=DIRECTION('',(5.89809158205667E-17,-1.22464679914734E-16,1.));
#4218=DIRECTION('center_axis',(-9.54097932466761E-18,1.,1.22464679914734E-16));
#4219=DIRECTION('ref_axis',(6.4205203396723E-18,-1.22464679914734E-16,1.));
#4220=DIRECTION('center_axis',(-9.54097932466761E-18,1.,1.22464679914734E-16));
#4221=DIRECTION('ref_axis',(1.,9.5409793246677E-18,-5.89809158205667E-17));
#4222=DIRECTION('center_axis',(-9.54097932466761E-18,1.,1.22464679914734E-16));
#4223=DIRECTION('ref_axis',(1.,9.5409793246677E-18,-5.89809158205667E-17));
#4224=DIRECTION('center_axis',(9.54097932466764E-18,-1.,-1.22464685258516E-16));
#4225=DIRECTION('ref_axis',(1.,9.54097932466765E-18,-5.89809158205667E-17));
#4226=DIRECTION('center_axis',(-9.54097932466764E-18,1.,1.22464685258516E-16));
#4227=DIRECTION('ref_axis',(1.,9.54097932466765E-18,-5.89809158205667E-17));
#4228=DIRECTION('center_axis',(9.54097932466764E-18,-1.,-1.22464685258516E-16));
#4229=DIRECTION('ref_axis',(1.,9.54097932466765E-18,-5.89809158205667E-17));
#4230=DIRECTION('center_axis',(-9.54097932466764E-18,1.,1.22464685258516E-16));
#4231=DIRECTION('ref_axis',(1.,9.54097932466765E-18,-5.89809158205667E-17));
#4232=DIRECTION('center_axis',(-9.54097932466769E-18,1.,1.22464679914733E-16));
#4233=DIRECTION('ref_axis',(1.,9.5409793246677E-18,-5.89809158205667E-17));
#4234=DIRECTION('',(-9.54097932466769E-18,1.,1.22464679914733E-16));
#4235=DIRECTION('center_axis',(-9.54097932466769E-18,1.,1.22464679914733E-16));
#4236=DIRECTION('ref_axis',(1.,9.5409793246677E-18,-5.89809158205667E-17));
#4237=DIRECTION('',(-9.54097932466769E-18,1.,1.22464679914733E-16));
#4238=DIRECTION('center_axis',(-1.,-9.54097932466761E-18,3.46976458930887E-18));
#4239=DIRECTION('ref_axis',(-3.46976458930887E-18,1.22464690602298E-16,
-1.));
#4240=DIRECTION('',(9.54097932466761E-18,-1.,-1.22464685258514E-16));
#4241=DIRECTION('',(-3.46976458930882E-18,1.22464679914734E-16,-1.));
#4242=DIRECTION('',(9.54097932466761E-18,-1.,-1.22464679914734E-16));
#4243=DIRECTION('center_axis',(-3.46976458930895E-18,1.22464685258514E-16,
-1.));
#4244=DIRECTION('ref_axis',(9.54097932466763E-18,-1.,-1.22464685258514E-16));
#4245=DIRECTION('',(-9.54097932466763E-18,1.,1.22464685258514E-16));
#4246=DIRECTION('',(1.,9.54097932466763E-18,-3.46976458930895E-18));
#4247=DIRECTION('',(-0.707106781186547,-0.707106781186547,-8.414211533195E-17));
#4248=DIRECTION('',(-1.,-9.5409793246676E-18,3.46976458930895E-18));
#4249=DIRECTION('',(-9.66672192197547E-8,-0.999999999999995,-1.22464684923101E-16));
#4250=DIRECTION('',(1.,9.54097932466761E-18,-3.46976458930893E-18));
#4251=DIRECTION('center_axis',(9.54097932466764E-18,-1.,-1.22464685258515E-16));
#4252=DIRECTION('ref_axis',(1.,9.54097932466764E-18,-3.46976458930887E-18));
#4253=DIRECTION('',(5.89809158205667E-17,-1.22464685258516E-16,1.));
#4254=DIRECTION('center_axis',(-9.54097932466764E-18,1.,1.22464685258515E-16));
#4255=DIRECTION('ref_axis',(1.,9.54097932467184E-18,-3.45599533254622E-14));
#4256=DIRECTION('',(-2.43077212728686E-18,1.22464685258516E-16,-1.));
#4257=DIRECTION('center_axis',(-9.54097932466763E-18,1.,1.22464679914733E-16));
#4258=DIRECTION('ref_axis',(1.,9.54097932467608E-18,-6.89733056750009E-14));
#4259=DIRECTION('',(5.89809158205667E-17,-1.22464685258516E-16,1.));
#4260=DIRECTION('',(1.,9.54097932466765E-18,-5.89809158205666E-17));
#4261=DIRECTION('center_axis',(1.,9.54097932466763E-18,-2.43077212728686E-18));
#4262=DIRECTION('ref_axis',(-2.43077212728686E-18,1.22464685258516E-16,
-1.));
#4263=DIRECTION('',(9.54097932466765E-18,-1.,-1.22464679914734E-16));
#4264=DIRECTION('',(9.54097932466765E-18,-1.,-1.22464679914734E-16));
#4265=DIRECTION('',(9.54097932466765E-18,-1.,-1.22464679914734E-16));
#4266=DIRECTION('',(9.54097932466765E-18,-1.,-1.22464679914734E-16));
#4267=DIRECTION('',(9.54097932466765E-18,-1.,-1.22464679914734E-16));
#4268=DIRECTION('',(9.54097932466765E-18,-1.,-1.22464679914734E-16));
#4269=DIRECTION('',(9.54097932466765E-18,-1.,-1.22464679914734E-16));
#4270=DIRECTION('',(9.54097932466765E-18,-1.,-1.22464679914734E-16));
#4271=DIRECTION('',(9.54097932466765E-18,-1.,-1.22464679914734E-16));
#4272=DIRECTION('',(-9.54097932466762E-18,1.,1.22464679914734E-16));
#4273=DIRECTION('',(-9.54097932466765E-18,1.,1.22464679914734E-16));
#4274=DIRECTION('',(-9.54097932466765E-18,1.,1.22464679914734E-16));
#4275=DIRECTION('',(-9.54097932466765E-18,1.,1.22464679914734E-16));
#4276=DIRECTION('',(-9.54097932466765E-18,1.,1.22464679914734E-16));
#4277=DIRECTION('',(-9.54097932466765E-18,1.,1.22464679914734E-16));
#4278=DIRECTION('',(-9.54097932466765E-18,1.,1.22464679914734E-16));
#4279=DIRECTION('',(-9.54097932466765E-18,1.,1.22464679914734E-16));
#4280=DIRECTION('',(-9.54097932466765E-18,1.,1.22464679914734E-16));
#4281=DIRECTION('',(-9.54097932466765E-18,1.,1.22464679914734E-16));
#4282=DIRECTION('center_axis',(-1.,-9.54097932466764E-18,5.89809158205667E-17));
#4283=DIRECTION('ref_axis',(5.89809158205667E-17,-1.22464685258516E-16,
1.));
#4284=DIRECTION('',(9.54097932466763E-18,-1.,-1.22464679914734E-16));
#4285=DIRECTION('',(9.54097932466763E-18,-1.,-1.22464679914734E-16));
#4286=DIRECTION('',(9.54097932466763E-18,-1.,-1.22464679914734E-16));
#4287=DIRECTION('',(9.54097932466763E-18,-1.,-1.22464679914734E-16));
#4288=DIRECTION('',(9.54097932466763E-18,-1.,-1.22464679914734E-16));
#4289=DIRECTION('',(9.54097932466763E-18,-1.,-1.22464679914734E-16));
#4290=DIRECTION('',(9.54097932466763E-18,-1.,-1.22464679914734E-16));
#4291=DIRECTION('',(9.54097932466763E-18,-1.,-1.22464679914734E-16));
#4292=DIRECTION('',(9.54097932466763E-18,-1.,-1.22464679914734E-16));
#4293=DIRECTION('',(9.54097932466761E-18,-1.,-1.22464679914734E-16));
#4294=DIRECTION('center_axis',(-1.,-9.54097932466764E-18,5.89809158205667E-17));
#4295=DIRECTION('ref_axis',(5.89809158205667E-17,-1.22464685258516E-16,
1.));
#4296=DIRECTION('',(-9.54097932466763E-18,1.,1.22464679914734E-16));
#4297=DIRECTION('',(-9.54097932466763E-18,1.,1.22464679914734E-16));
#4298=DIRECTION('',(-9.54097932466763E-18,1.,1.22464679914734E-16));
#4299=DIRECTION('',(-9.54097932466763E-18,1.,1.22464679914734E-16));
#4300=DIRECTION('',(-9.54097932466763E-18,1.,1.22464679914734E-16));
#4301=DIRECTION('',(-9.54097932466763E-18,1.,1.22464679914734E-16));
#4302=DIRECTION('',(-9.54097932466763E-18,1.,1.22464679914734E-16));
#4303=DIRECTION('',(-9.54097932466763E-18,1.,1.22464679914734E-16));
#4304=DIRECTION('',(-9.54097932466763E-18,1.,1.22464679914734E-16));
#4305=DIRECTION('',(-9.54097932466763E-18,1.,1.22464679914734E-16));
#4306=DIRECTION('',(9.54097932466763E-18,-1.,-1.22464679914734E-16));
#4307=DIRECTION('center_axis',(-5.95256784306747E-8,-1.22464680482667E-16,
0.999999999999998));
#4308=DIRECTION('ref_axis',(-0.999999999999973,2.24809797997243E-7,-5.95256784306731E-8));
#4309=DIRECTION('center_axis',(-9.54097932466764E-18,1.,1.22464679914734E-16));
#4310=DIRECTION('ref_axis',(1.,9.54097932467608E-18,-6.89733056750009E-14));
#4311=DIRECTION('center_axis',(-9.54097932466764E-18,1.,1.22464679914734E-16));
#4312=DIRECTION('ref_axis',(1.,9.54097932467608E-18,-6.89733056750009E-14));
#4313=DIRECTION('center_axis',(-9.54097932466764E-18,1.,1.22464679914734E-16));
#4314=DIRECTION('ref_axis',(1.,9.54097932467608E-18,-6.89733056750009E-14));
#4315=DIRECTION('center_axis',(-9.54097932466764E-18,1.,1.22464679914734E-16));
#4316=DIRECTION('ref_axis',(1.,9.54097932467608E-18,-6.89733056750009E-14));
#4317=DIRECTION('center_axis',(-9.54097932466764E-18,1.,1.22464679914734E-16));
#4318=DIRECTION('ref_axis',(1.,9.54097932467608E-18,-6.89733056750009E-14));
#4319=DIRECTION('center_axis',(-9.54097932466764E-18,1.,1.22464679914734E-16));
#4320=DIRECTION('ref_axis',(1.,9.54097932467608E-18,-6.89733056750009E-14));
#4321=DIRECTION('center_axis',(-9.54097932466764E-18,1.,1.22464679914734E-16));
#4322=DIRECTION('ref_axis',(1.,9.54097932467608E-18,-6.89733056750009E-14));
#4323=DIRECTION('center_axis',(-9.54097932466764E-18,1.,1.22464679914734E-16));
#4324=DIRECTION('ref_axis',(1.,9.54097932467608E-18,-6.89733056750009E-14));
#4325=DIRECTION('center_axis',(-9.54097932466764E-18,1.,1.22464679914734E-16));
#4326=DIRECTION('ref_axis',(1.,9.54097932467608E-18,-6.89733056750009E-14));
#4327=DIRECTION('center_axis',(-9.54097932466764E-18,1.,1.22464679914734E-16));
#4328=DIRECTION('ref_axis',(1.,9.54097932467608E-18,-6.89733056750009E-14));
#4329=DIRECTION('center_axis',(-9.54097932466764E-18,1.,1.22464679914734E-16));
#4330=DIRECTION('ref_axis',(1.,9.54097932467608E-18,-6.89733056750009E-14));
#4331=DIRECTION('center_axis',(-9.54097932466764E-18,1.,1.22464679914734E-16));
#4332=DIRECTION('ref_axis',(1.,9.54097932467608E-18,-6.89733056750009E-14));
#4333=DIRECTION('center_axis',(-9.54097932466764E-18,1.,1.22464679914734E-16));
#4334=DIRECTION('ref_axis',(1.,9.54097932467608E-18,-6.89733056750009E-14));
#4335=DIRECTION('center_axis',(-9.54097932466764E-18,1.,1.22464679914734E-16));
#4336=DIRECTION('ref_axis',(1.,9.54097932467608E-18,-6.89733056750009E-14));
#4337=DIRECTION('center_axis',(-9.54097932466764E-18,1.,1.22464679914734E-16));
#4338=DIRECTION('ref_axis',(1.,9.54097932467608E-18,-6.89733056750009E-14));
#4339=DIRECTION('center_axis',(-9.54097932466764E-18,1.,1.22464679914734E-16));
#4340=DIRECTION('ref_axis',(1.,9.54097932467608E-18,-6.89733056750009E-14));
#4341=DIRECTION('center_axis',(-9.54097932466764E-18,1.,1.22464679914734E-16));
#4342=DIRECTION('ref_axis',(1.,9.54097932467608E-18,-6.89733056750009E-14));
#4343=DIRECTION('center_axis',(-9.54097932466764E-18,1.,1.22464679914734E-16));
#4344=DIRECTION('ref_axis',(1.,9.54097932467608E-18,-6.89733056750009E-14));
#4345=DIRECTION('center_axis',(-9.54097932466761E-18,1.,1.22464679914734E-16));
#4346=DIRECTION('ref_axis',(1.,9.54097932467184E-18,-3.45599533254622E-14));
#4347=DIRECTION('center_axis',(-9.54097932466764E-18,1.,1.22464679914734E-16));
#4348=DIRECTION('ref_axis',(1.,9.54097932467608E-18,-6.89733056750009E-14));
#4349=DIRECTION('center_axis',(-1.,-9.54097932466764E-18,5.89809158205667E-17));
#4350=DIRECTION('ref_axis',(-5.89809158205667E-17,1.22464685258515E-16,
-1.));
#4351=DIRECTION('',(-5.89809158205667E-17,1.22464685258515E-16,-1.));
#4352=DIRECTION('',(5.89809158205667E-17,-1.22464679914733E-16,1.));
#4353=DIRECTION('center_axis',(9.54097932466763E-18,-1.,-1.22464679914733E-16));
#4354=DIRECTION('ref_axis',(-5.89809158205667E-17,1.22464679914733E-16,
-1.));
#4355=DIRECTION('',(-5.89809158205667E-17,1.22464685258515E-16,-1.));
#4356=DIRECTION('center_axis',(3.46976458930795E-18,1.03873054004613E-16,
1.));
#4357=DIRECTION('ref_axis',(1.,8.98274825804588E-15,-3.46976458930888E-18));
#4358=DIRECTION('',(8.48924505667994E-16,1.,-1.03873054004613E-16));
#4359=DIRECTION('',(0.866025403784438,0.5,-5.4941431281799E-17));
#4360=DIRECTION('',(0.866025403784439,-0.5,4.89316227228142E-17));
#4361=DIRECTION('',(9.54097932466765E-18,-1.,1.03873054004613E-16));
#4362=DIRECTION('center_axis',(3.46976458930795E-18,1.03873054004613E-16,
1.));
#4363=DIRECTION('ref_axis',(-1.,-9.54098254742157E-18,3.46976458930799E-18));
#4364=DIRECTION('center_axis',(8.88681005022009E-16,4.85441024573851E-9,
-1.));
#4365=DIRECTION('ref_axis',(-1.,-9.54097821655574E-18,-8.88681005068324E-16));
#4366=DIRECTION('',(8.88681005022009E-16,4.85441024573851E-9,-1.));
#4367=DIRECTION('center_axis',(-9.54097932466768E-18,1.,1.22464685258515E-16));
#4368=DIRECTION('ref_axis',(-1.,-9.54097932466768E-18,5.89809158205667E-17));
#4369=DIRECTION('center_axis',(-9.54097932466768E-18,1.,1.22464685258515E-16));
#4370=DIRECTION('ref_axis',(6.42052033967228E-18,-1.22464679914734E-16,
1.));
#4371=DIRECTION('center_axis',(9.54097932466763E-18,-1.,-1.22464679914733E-16));
#4372=DIRECTION('ref_axis',(-5.89809158205667E-17,1.22464679914733E-16,
-1.));
#4373=DIRECTION('',(-5.89809158205667E-17,1.22464685258516E-16,-1.));
#4374=DIRECTION('',(-0.707106781186396,7.98491144439347E-17,-0.707106781186699));
#4375=DIRECTION('',(-1.,-9.54097932466767E-18,3.70863807642237E-16));
#4376=DIRECTION('',(0.707106781186396,9.3342096803198E-17,-0.707106781186699));
#4377=DIRECTION('',(5.89809158205667E-17,-1.22464685258516E-16,1.));
#4378=DIRECTION('center_axis',(9.54097932466763E-18,-1.,-1.22464679914733E-16));
#4379=DIRECTION('ref_axis',(-5.89809158205667E-17,1.22464679914733E-16,
-1.));
#4380=DIRECTION('',(5.89809158205667E-17,-1.22464685258515E-16,1.));
#4381=DIRECTION('center_axis',(-1.,-9.54097932466764E-18,5.89809158205667E-17));
#4382=DIRECTION('ref_axis',(-5.89809158205667E-17,1.22464685258516E-16,
-1.));
#4383=DIRECTION('',(-9.5409850261887E-18,0.999999999999995,-9.66672191068315E-8));
#4384=DIRECTION('',(-5.89809158205667E-17,1.22464679914734E-16,-1.));
#4385=DIRECTION('',(-9.54092470451939E-18,0.999999999999571,9.26064700601865E-7));
#4386=DIRECTION('',(-5.89809158205667E-17,1.22464685258516E-16,-1.));
#4387=DIRECTION('center_axis',(9.54097932466761E-18,-1.,-1.22464679914734E-16));
#4388=DIRECTION('ref_axis',(1.,9.54097932466761E-18,-3.46976458930887E-18));
#4389=DIRECTION('',(0.707106781186545,9.33420968031816E-17,-0.707106781186549));
#4390=DIRECTION('',(-0.707106781186396,7.98491144439351E-17,-0.707106781186699));
#4391=DIRECTION('center_axis',(0.707106781186547,6.54826629619816E-7,-0.707106781186245));
#4392=DIRECTION('ref_axis',(-0.707106781186396,7.98491144439349E-17,-0.707106781186699));
#4393=DIRECTION('',(-9.54055891966776E-18,0.999999999999571,9.26064700601866E-7));
#4394=DIRECTION('center_axis',(3.70863816477642E-16,-9.26064700601866E-7,
0.999999999999571));
#4395=DIRECTION('ref_axis',(-9.54080599610906E-18,0.999999999999571,9.26064700601866E-7));
#4396=DIRECTION('',(9.54115786240866E-18,-0.999999999999571,-9.26064700601866E-7));
#4397=DIRECTION('center_axis',(1.,-8.48924505667994E-16,-5.89809158205668E-17));
#4398=DIRECTION('ref_axis',(-8.48924505667994E-16,-1.,1.03873048660831E-16));
#4399=DIRECTION('',(-5.89809158205667E-17,1.22464679914733E-16,-1.));
#4400=DIRECTION('center_axis',(0.5,-0.866025403784438,-1.35547981782772E-16));
#4401=DIRECTION('ref_axis',(-0.866025403784438,-0.5,5.49414286099081E-17));
#4402=DIRECTION('',(-5.89809158205667E-17,1.22464679914733E-16,-1.));
#4403=DIRECTION('center_axis',(-0.5,-0.866025403784439,-7.65670659622055E-17));
#4404=DIRECTION('ref_axis',(-0.866025403784439,0.5,-4.89316200509232E-17));
#4405=DIRECTION('',(-5.89809158205667E-17,1.22464679914733E-16,-1.));
#4406=DIRECTION('center_axis',(-1.,-9.54097932466765E-18,5.89809158205667E-17));
#4407=DIRECTION('ref_axis',(-9.54097932466765E-18,1.,-1.03873048660831E-16));
#4408=DIRECTION('center_axis',(4.25434172366846E-16,-1.22464679914733E-16,
1.));
#4409=DIRECTION('ref_axis',(-1.,-9.54097932466768E-18,4.25434172366846E-16));
#4410=DIRECTION('center_axis',(-3.46976458930795E-18,-1.03873054004616E-16,
-1.));
#4411=DIRECTION('ref_axis',(-1.,-9.54097932466768E-18,4.25434172366846E-16));
#4412=DIRECTION('',(4.25434172366846E-16,-1.22464679914733E-16,1.));
#4413=DIRECTION('center_axis',(-9.54097932466764E-18,1.,1.22464679914733E-16));
#4414=DIRECTION('ref_axis',(3.46976458930894E-18,-1.22464679914733E-16,
1.));
#4415=DIRECTION('',(1.,9.5409793246676E-18,-3.46976458930794E-18));
#4416=DIRECTION('center_axis',(-1.,-9.5409794280652E-18,3.46976458930895E-18));
#4417=DIRECTION('ref_axis',(-9.5409794280652E-18,1.,1.22464672023621E-16));
#4418=DIRECTION('',(-1.,-9.5409794280652E-18,3.46976458930895E-18));
#4419=DIRECTION('center_axis',(-1.,-9.5409794280652E-18,3.46976458930895E-18));
#4420=DIRECTION('ref_axis',(-9.5409794280652E-18,1.,1.22464672023621E-16));
#4421=DIRECTION('',(-1.,-9.5409794280652E-18,3.46976458930895E-18));
#4422=DIRECTION('center_axis',(-9.54097932466761E-18,1.,1.22464679914734E-16));
#4423=DIRECTION('ref_axis',(6.4205203396723E-18,-1.22464679914734E-16,1.));
#4424=DIRECTION('',(9.54097932466761E-18,-1.,-1.22464679914734E-16));
#4425=DIRECTION('center_axis',(0.707106781186547,-6.54826629606323E-7,0.707106781186245));
#4426=DIRECTION('ref_axis',(0.707106781186396,9.33420968031983E-17,-0.707106781186699));
#4427=DIRECTION('',(-0.707106781186396,-9.33420968031984E-17,0.707106781186699));
#4428=DIRECTION('',(-9.5409247045194E-18,0.999999999999571,9.26064700601865E-7));
#4429=DIRECTION('center_axis',(9.54097932466763E-18,-1.,-1.22464679914733E-16));
#4430=DIRECTION('ref_axis',(-5.89809158205667E-17,1.22464679914733E-16,
-1.));
#4431=DIRECTION('',(5.89809158205667E-17,-1.22464685258516E-16,1.));
#4432=DIRECTION('',(0.707106781186546,-7.9849114443915E-17,0.707106781186549));
#4433=DIRECTION('',(1.,9.54097932466882E-18,-1.75843121310082E-16));
#4434=DIRECTION('',(-0.707106781186545,-9.33420968031812E-17,0.707106781186549));
#4435=DIRECTION('center_axis',(1.,9.54097932466764E-18,-5.89809158205667E-17));
#4436=DIRECTION('ref_axis',(5.89809158205667E-17,-1.22464685258516E-16,
1.));
#4437=DIRECTION('',(9.5409850261887E-18,-0.999999999999995,9.66672191068314E-8));
#4438=DIRECTION('',(5.89809158205667E-17,-1.22464679914734E-16,1.));
#4439=DIRECTION('center_axis',(-1.75843120387781E-16,-9.66672191068314E-8,
-0.999999999999995));
#4440=DIRECTION('ref_axis',(9.54099741756198E-18,-0.999999999999995,9.66672191068314E-8));
#4441=DIRECTION('',(-9.54097069280212E-18,0.999999999999995,-9.66672191068314E-8));
#4442=DIRECTION('',(9.54100812672343E-18,-0.999999999999995,9.66672191068314E-8));
#4443=DIRECTION('center_axis',(0.707106781186548,6.83540461556328E-8,0.707106781186544));
#4444=DIRECTION('ref_axis',(0.707106781186545,9.33420968031814E-17,-0.707106781186549));
#4445=DIRECTION('center_axis',(-9.19998524985376E-18,0.707106781186549,
-0.707106781186546));
#4446=DIRECTION('ref_axis',(-1.,-2.06795211493755E-25,1.30107437071804E-17));
#4447=DIRECTION('',(1.,9.54097932466765E-18,-3.46976458930795E-18));
#4448=DIRECTION('center_axis',(3.46976458930795E-18,1.03873054004616E-16,
1.));
#4449=DIRECTION('ref_axis',(1.,8.98274825804588E-15,-3.46976458930888E-18));
#4450=DIRECTION('center_axis',(-2.91382491488905E-17,0.939692620785908,
-0.342020143325669));
#4451=DIRECTION('ref_axis',(2.69493565210162E-21,-0.342020143325669,-0.939692620785908));
#4452=DIRECTION('center_axis',(9.54097932466761E-18,-1.,-1.22464679914734E-16));
#4453=DIRECTION('ref_axis',(1.,9.54097932466761E-18,-3.46976458930887E-18));
#4454=DIRECTION('',(0.707106781186546,-7.98491144439154E-17,0.707106781186549));
#4455=DIRECTION('center_axis',(0.707106781186548,-6.83540461421398E-8,-0.707106781186544));
#4456=DIRECTION('ref_axis',(-0.707106781186546,7.98491144439152E-17,-0.707106781186549));
#4457=DIRECTION('center_axis',(-9.54097932466763E-18,1.,1.22464679914734E-16));
#4458=DIRECTION('ref_axis',(3.46976458930895E-18,-1.22464679914734E-16,
1.));
#4459=DIRECTION('',(-3.46976458930895E-18,1.22464679914734E-16,-1.));
#4460=DIRECTION('center_axis',(0.707106781186548,-0.707106781186548,-8.90490996937694E-17));
#4461=DIRECTION('ref_axis',(-1.25934444504045E-16,-2.90892458802852E-30,
-1.));
#4462=CARTESIAN_POINT('',(0.,0.,0.));
#4463=CARTESIAN_POINT('Origin',(8.85611676276527E-7,70.8417810017758,14.2277825696459));
#4464=CARTESIAN_POINT('',(-11.1499993180068,70.0917810017758,13.4777825696459));
#4465=CARTESIAN_POINT('',(-12.6499993166888,71.5917810017758,14.9777825696459));
#4466=CARTESIAN_POINT('',(-12.4240532719268,71.3658349568153,14.7518365246854));
#4467=CARTESIAN_POINT('',(12.650001482505,71.5917810017758,14.9777825696459));
#4468=CARTESIAN_POINT('',(8.85611676313607E-7,71.5917810017758,14.9777825696459));
#4469=CARTESIAN_POINT('',(11.1500014811869,70.0917810017758,13.4777825696459));
#4470=CARTESIAN_POINT('',(12.4240551709111,71.3658346903805,14.7518362582506));
#4471=CARTESIAN_POINT('',(8.85611676239447E-7,70.0917810017758,13.4777825696459));
#4472=CARTESIAN_POINT('Origin',(-11.8999993041282,85.8861049358933,14.2277825696459));
#4473=CARTESIAN_POINT('',(-11.1499993255998,61.4507810017756,13.4777825696624));
#4474=CARTESIAN_POINT('',(-11.1499993041282,85.8861049352342,13.4777825696459));
#4475=CARTESIAN_POINT('',(-12.6499993056091,61.4507825379505,14.9777825696459));
#4476=CARTESIAN_POINT('',(-12.2374603520999,61.4507810017757,14.565243596146));
#4477=CARTESIAN_POINT('',(-12.6499993041282,85.8861049365523,14.9777825696459));
#4478=CARTESIAN_POINT('Origin',(6.7723555477059E-7,87.5714243995776,13.4777825696459));
#4479=CARTESIAN_POINT('',(11.1500014735939,61.4507810017757,13.4777825696469));
#4480=CARTESIAN_POINT('',(11.1500014950656,85.8861037293763,13.4777825696459));
#4481=CARTESIAN_POINT('',(12.6500014935846,61.4507810017757,13.4777825696459));
#4482=CARTESIAN_POINT('Origin',(11.9000014950656,85.8861037287173,14.2277825696459));
#4483=CARTESIAN_POINT('',(12.6500014935846,61.4507825379505,14.9777825696459));
#4484=CARTESIAN_POINT('',(12.6500014938444,84.4964257467841,14.9777825696459));
#4485=CARTESIAN_POINT('',(12.2374620586903,61.4507810017757,14.5652431547422));
#4486=CARTESIAN_POINT('Origin',(1.09398780002702E-6,71.5917810017758,55.8609467501257));
#4487=CARTESIAN_POINT('',(-12.6499993056091,71.5917810017758,15.1777825696459));
#4488=CARTESIAN_POINT('',(-12.6499993166888,71.5917810017758,35.5193646598858));
#4489=CARTESIAN_POINT('',(-8.5499989060122,71.5917810017758,15.1777825696459));
#4490=CARTESIAN_POINT('',(5.46374672964092E-7,71.5917810017758,15.1777825696459));
#4491=CARTESIAN_POINT('',(-8.5499989060122,71.5917810017758,25.1533601651425));
#4492=CARTESIAN_POINT('',(-8.54999891709189,71.5917810017758,53.1943655658791));
#4493=CARTESIAN_POINT('',(-3.47426389899409,71.5917810017758,20.0776251581244));
#4494=CARTESIAN_POINT('',(-12.8454614926444,71.5917810017758,29.4488227517747));
#4495=CARTESIAN_POINT('',(3.47426423842972,71.5917810017757,20.0776251581244));
#4496=CARTESIAN_POINT('',(6.31852804657586E-7,71.5917810017757,20.0776251581244));
#4497=CARTESIAN_POINT('',(7.35467947839657,71.5917810017758,23.9580403980912));
#4498=CARTESIAN_POINT('',(12.845462294215,71.5917810017758,29.4488232139097));
#4499=CARTESIAN_POINT('',(8.55000037873204,71.5917810017758,23.9580403980912));
#4500=CARTESIAN_POINT('',(6.32500106394542,71.5917810017758,23.9580403980912));
#4501=CARTESIAN_POINT('',(8.55000037873203,71.5917810017758,15.1777825696459));
#4502=CARTESIAN_POINT('',(8.55000036765234,71.5917810017758,35.5193646598858));
#4503=CARTESIAN_POINT('',(12.650001482505,71.5917810017758,15.1777825696459));
#4504=CARTESIAN_POINT('',(5.46374672964092E-7,71.5917810017758,15.1777825696459));
#4505=CARTESIAN_POINT('',(12.650001482505,71.5917810017758,54.2693649119418));
#4506=CARTESIAN_POINT('Origin',(-8.5499989060122,84.2007832223081,50.5277843816324));
#4507=CARTESIAN_POINT('',(-8.54999890514133,113.6920677969,15.1777825696459));
#4508=CARTESIAN_POINT('',(-8.5499989060122,77.1214247194025,15.1777825696459));
#4509=CARTESIAN_POINT('',(-8.54999890514133,113.692067796901,50.4781383177695));
#4510=CARTESIAN_POINT('',(-8.54999890514133,113.6920677969,27.3691274482292));
#4511=CARTESIAN_POINT('',(-8.54999890188337,88.8995035709223,50.4781383177695));
#4512=CARTESIAN_POINT('',(-8.5499989060122,69.4507810017757,50.4781383177695));
#4513=CARTESIAN_POINT('',(-8.54999890439083,86.3995035709222,47.9781383177694));
#4514=CARTESIAN_POINT('',(-8.54999890396381,86.8854583044983,48.4640930513455));
#4515=CARTESIAN_POINT('',(-8.54999891170052,77.7273149077084,47.9781383177694));
#4516=CARTESIAN_POINT('',(-8.54999890142482,89.421354110281,47.9781383177694));
#4517=CARTESIAN_POINT('',(-8.5499989060122,71.5917810017758,41.8426044118368));
#4518=CARTESIAN_POINT('',(-8.54999891106618,78.4492100277192,48.7000334377802));
#4519=CARTESIAN_POINT('',(-8.5499989060122,71.5917810017758,30.2019067050665));
#4520=CARTESIAN_POINT('',(-8.5499989060122,71.5917810017758,46.9607874275301));
#4521=CARTESIAN_POINT('',(-8.5499989060122,66.5920697703989,30.2018957231326));
#4522=CARTESIAN_POINT('',(-8.5499989060122,77.6714270402469,30.2019067241861));
#4523=CARTESIAN_POINT('',(-8.5499989060122,66.5920697703988,25.1533607257844));
#4524=CARTESIAN_POINT('',(-8.5499989060122,66.5920697703988,32.8691271486851));
#4525=CARTESIAN_POINT('',(-8.5499989060122,81.6714222382156,25.1533591907716));
#4526=CARTESIAN_POINT('',(-8.54999889229178,99.814996179337,34.6006588564399));
#4527=CARTESIAN_POINT('',(-8.54999889281718,99.2170777166684,35.1985773191084));
#4528=CARTESIAN_POINT('',(-8.54999889915483,92.004661563438,42.4109934723373));
#4529=CARTESIAN_POINT('',(-8.54999889281719,99.2170777166684,36.4069034311771));
#4530=CARTESIAN_POINT('',(-8.54999889281719,99.2170777166677,42.7131808503711));
#4531=CARTESIAN_POINT('',(-8.54999889229178,99.8149961886512,37.00482190316));
#4532=CARTESIAN_POINT('',(-8.54999889307979,98.9182243306921,36.1080500452009));
#4533=CARTESIAN_POINT('Origin',(-8.5499988912355,101.01707769804,35.8027403751428));
#4534=CARTESIAN_POINT('',(-8.5499989083704,81.5170777166684,36.4069034311771));
#4535=CARTESIAN_POINT('',(-8.54999890784501,82.1149961886513,37.00482190316));
#4536=CARTESIAN_POINT('',(-8.54999890474471,85.6432243306921,40.5330500452009));
#4537=CARTESIAN_POINT('',(-8.549998907845,82.1149961793369,34.6006588564401));
#4538=CARTESIAN_POINT('Origin',(-8.54999890678872,83.3170776980397,35.8027403751429));
#4539=CARTESIAN_POINT('',(-8.5499989083704,81.5170777166684,35.1985773191086));
#4540=CARTESIAN_POINT('',(-8.54999891081974,78.7296615634389,37.9859934723381));
#4541=CARTESIAN_POINT('',(-8.5499989083704,81.5170777166681,42.7131808503705));
#4542=CARTESIAN_POINT('Origin',(8.55000037873203,84.2007854437827,15.1777825696459));
#4543=CARTESIAN_POINT('',(8.55000037873204,76.6917815931785,23.9580403980912));
#4544=CARTESIAN_POINT('',(8.55000037873204,77.1348000473952,23.9580403980912));
#4545=CARTESIAN_POINT('',(8.55000037873204,76.6917815931785,31.3103943242815));
#4546=CARTESIAN_POINT('',(8.55000037873204,76.6917815931785,37.185511214608));
#4547=CARTESIAN_POINT('',(8.55000037873204,71.5917810017758,31.3103944808746));
#4548=CARTESIAN_POINT('',(8.55000037873204,80.81334817119,31.3103944808746));
#4549=CARTESIAN_POINT('',(8.55000037873204,71.5917810017758,41.8426044118368));
#4550=CARTESIAN_POINT('',(8.55000037873204,71.5917810017758,49.4607874275301));
#4551=CARTESIAN_POINT('',(8.55000037304371,77.7273149077084,47.9781383177694));
#4552=CARTESIAN_POINT('',(8.55000036591243,69.6117101263347,39.8625335363957));
#4553=CARTESIAN_POINT('',(8.55000038066408,86.3995035709222,47.9781383177694));
#4554=CARTESIAN_POINT('',(8.55000038331942,89.4213552135054,47.9781383177694));
#4555=CARTESIAN_POINT('',(8.55000038255019,88.8995035709223,50.4781383177695));
#4556=CARTESIAN_POINT('',(8.55000037301479,78.0479584031138,39.626593149961));
#4557=CARTESIAN_POINT('',(8.55000037960291,113.692068979706,50.4781383177695));
#4558=CARTESIAN_POINT('',(8.55000037873204,69.4507810017758,50.4781383177695));
#4559=CARTESIAN_POINT('',(8.55000037873204,113.692067797379,15.1777825696459));
#4560=CARTESIAN_POINT('',(8.55000037960291,113.6920677969,29.8691274482292));
#4561=CARTESIAN_POINT('',(8.55000037873203,77.1214247194025,15.1777825696459));
#4562=CARTESIAN_POINT('',(8.55000039192704,99.2170777016424,35.1990413502275));
#4563=CARTESIAN_POINT('',(8.55000039245244,99.8149961718239,34.601122880046));
#4564=CARTESIAN_POINT('',(8.55000039335503,100.842162560534,33.5739564913364));
#4565=CARTESIAN_POINT('',(8.55000039245244,99.8149961736252,37.0052859342791));
#4566=CARTESIAN_POINT('Origin',(8.55000039350873,101.01707769804,35.8032044062619));
#4567=CARTESIAN_POINT('',(8.55000039192704,99.2170777016423,36.4073674622962));
#4568=CARTESIAN_POINT('',(8.55000038389881,90.0807244217946,27.2710141824485));
#4569=CARTESIAN_POINT('',(8.55000039192704,99.2170777016433,25.0386439754969));
#4570=CARTESIAN_POINT('',(8.55000037689922,82.1149961736252,37.0052859342791));
#4571=CARTESIAN_POINT('',(8.55000037637383,81.5170777016423,36.4073674622962));
#4572=CARTESIAN_POINT('',(8.5500003722339,76.8057244217946,31.6960141824485));
#4573=CARTESIAN_POINT('',(8.55000037637383,81.5170777016424,35.1990413502276));
#4574=CARTESIAN_POINT('',(8.55000037637383,81.5170777016428,25.0386439754963));
#4575=CARTESIAN_POINT('',(8.55000037689923,82.1149961718239,34.6011228800462));
#4576=CARTESIAN_POINT('',(8.55000038169011,87.5671625605346,29.1489564913355));
#4577=CARTESIAN_POINT('Origin',(8.55000037795551,83.3170776980396,35.803204406262));
#4578=CARTESIAN_POINT('Origin',(-1.23843896879538E-9,84.7920684370293,15.1777825696459));
#4579=CARTESIAN_POINT('',(12.6500014935846,113.692067796665,15.1777825696459));
#4580=CARTESIAN_POINT('',(5.6499998844913,113.692067797885,15.1777825696459));
#4581=CARTESIAN_POINT('',(12.6500014935846,58.8381955440788,15.1777826018557));
#4582=CARTESIAN_POINT('Origin',(9.15391576279544E-7,74.6595479547421,44.9103713648031));
#4583=CARTESIAN_POINT('',(1.0277970207435,77.7273149077084,47.9781383177694));
#4584=CARTESIAN_POINT('',(1.69717780801326E-7,77.1339161190964,47.3847395291574));
#4585=CARTESIAN_POINT('',(-0.286712478892433,76.9683824942413,47.2192059043023));
#4586=CARTESIAN_POINT('',(9.15391576431214E-7,77.7273149077084,47.9781383177694));
#4587=CARTESIAN_POINT('',(9.15391576127874E-7,71.5917810017758,41.8426044118368));
#4588=CARTESIAN_POINT('',(-1.02779668130794,77.7273149077084,47.9781383177694));
#4589=CARTESIAN_POINT('',(9.15391576431214E-7,77.7273149077084,47.9781383177694));
#4590=CARTESIAN_POINT('',(-0.833286734267729,77.6150145374247,47.8658379474857));
#4591=CARTESIAN_POINT('Origin',(7.36795353752615E-7,94.641924990741,47.9781383177694));
#4592=CARTESIAN_POINT('',(2.80000016971779,78.7504968728274,47.9781383177694));
#4593=CARTESIAN_POINT('',(2.80000016971779,78.7504968728274,47.9781383177694));
#4594=CARTESIAN_POINT('',(2.80000016971779,82.2836583802893,47.9781383177694));
#4595=CARTESIAN_POINT('',(2.80000016971779,82.2836583802893,47.9781383177694));
#4596=CARTESIAN_POINT('',(1.6971778339817E-7,83.9002391340203,47.9781383177694));
#4597=CARTESIAN_POINT('',(1.69717783692321E-7,83.9002391340203,47.9781383177694));
#4598=CARTESIAN_POINT('',(-2.79999983028222,82.2836583802893,47.9781383177694));
#4599=CARTESIAN_POINT('',(-2.79999983028222,82.2836583802893,47.9781383177694));
#4600=CARTESIAN_POINT('',(-2.79999983028222,78.7504968728274,47.9781383177694));
#4601=CARTESIAN_POINT('',(-2.79999983028222,79.0504968728274,47.9781383177694));
#4602=CARTESIAN_POINT('',(1.69717782646656E-7,77.1339161190965,47.9781383177694));
#4603=CARTESIAN_POINT('',(-4.13749908455584,86.3995035709222,47.9781383177694));
#4604=CARTESIAN_POINT('Origin',(1.6971778376006E-7,77.1339161190964,50.6781383177695));
#4605=CARTESIAN_POINT('',(1.69717783926896E-7,77.1339161190964,50.4781383177695));
#4606=CARTESIAN_POINT('',(1.69717783776655E-7,77.1339161190964,50.6781383177695));
#4607=CARTESIAN_POINT('',(2.80000016971779,78.7504968728274,50.4781383177695));
#4608=CARTESIAN_POINT('',(-4.663447031758,74.4414736219728,50.4781383177695));
#4609=CARTESIAN_POINT('',(2.80000016971779,78.7504968728274,50.6781383177695));
#4610=CARTESIAN_POINT('Origin',(-2.79999983028222,78.7504968728274,50.6781383177695));
#4611=CARTESIAN_POINT('',(-2.79999983028222,78.7504968728274,50.4781383177695));
#4612=CARTESIAN_POINT('',(-2.79999983028222,78.7504968728274,50.6781383177695));
#4613=CARTESIAN_POINT('',(-2.73655193560392,78.7138652137554,50.4781383177695));
#4614=CARTESIAN_POINT('Origin',(1.09398779947191E-6,71.5917810017758,55.8609467501257));
#4615=CARTESIAN_POINT('',(7.44151162623324,71.5917810017758,31.3103943242815));
#4616=CARTESIAN_POINT('',(6.32500066149882,71.5917810017758,31.3103944808746));
#4617=CARTESIAN_POINT('',(3.4742698494559,71.5917810017758,35.2776361010606));
#4618=CARTESIAN_POINT('',(-1.2461957323583,71.5917810017758,39.9981016828768));
#4619=CARTESIAN_POINT('',(-3.47426951002026,71.5917810017758,35.2776361010606));
#4620=CARTESIAN_POINT('',(6.31852804592784E-7,71.5917810017758,35.2776361010606));
#4621=CARTESIAN_POINT('',(1.24619653392893,71.5917810017758,39.9981021450118));
#4622=CARTESIAN_POINT('Origin',(11.6500014963568,87.3555724775363,60.035679138027));
#4623=CARTESIAN_POINT('',(12.6500015139974,107.431075815818,59.0356804062616));
#4624=CARTESIAN_POINT('',(12.6500015162134,109.952953504893,59.0356805655768));
#4625=CARTESIAN_POINT('Origin',(15.1500081810785,108.692014776609,56.5356738199462));
#4626=CARTESIAN_POINT('',(12.6500014944555,113.692069072807,59.0356808017889));
#4627=CARTESIAN_POINT('',(12.6500014963568,87.3555725398309,59.035679138027));
#4628=CARTESIAN_POINT('',(11.0242704405095,113.692067796949,60.6614118807783));
#4629=CARTESIAN_POINT('',(22.7769760514515,113.692067794901,48.9087062698364));
#4630=CARTESIAN_POINT('',(10.6500015191702,113.317798876003,61.035680778145));
#4631=CARTESIAN_POINT('',(11.0242704405095,113.692067796949,60.6614118807783));
#4632=CARTESIAN_POINT('',(10.6500015077374,100.306959808165,61.0356799562081));
#4633=CARTESIAN_POINT('',(10.6500014963568,87.3555724152418,61.035679138027));
#4634=CARTESIAN_POINT('',(12.6500017564211,99.5790193228951,59.0356799102218));
#4635=CARTESIAN_POINT('',(12.5226747607804,99.625362469661,59.1630066595074));
#4636=CARTESIAN_POINT('',(12.6500014963568,87.3555725398309,59.035679138027));
#4637=CARTESIAN_POINT('Origin',(1.65000010085707,113.504933338076,60.8485463294616));
#4638=CARTESIAN_POINT('',(5.35000098142787,113.692067797475,60.6614118807783));
#4639=CARTESIAN_POINT('',(1.65000010088967,113.692067798581,60.6614118807783));
#4640=CARTESIAN_POINT('',(5.35000098142787,113.317798876926,61.035680778145));
#4641=CARTESIAN_POINT('',(5.35000098142787,113.429935171063,60.9235444910921));
#4642=CARTESIAN_POINT('',(1.65000010082448,113.317798877571,61.035680778145));
#4643=CARTESIAN_POINT('Origin',(12.650001756421,100.540634048953,61.6776946562799));
#4644=CARTESIAN_POINT('',(-10.6499992914564,100.306959808165,61.0356799562081));
#4645=CARTESIAN_POINT('',(2.32500109448765,100.306959808165,61.0356799562081));
#4646=CARTESIAN_POINT('',(-12.6499990427726,99.5790193228951,59.0356799102218));
#4647=CARTESIAN_POINT('',(-6.59059629451257,101.784461701444,65.0950830451922));
#4648=CARTESIAN_POINT('',(-12.6499992946146,96.7127512778838,51.1606731784488));
#4649=CARTESIAN_POINT('',(-12.6499990427726,93.2210318514377,41.5672528992172));
#4650=CARTESIAN_POINT('',(-11.6328862205805,97.0829501662607,52.1777862649716));
#4651=CARTESIAN_POINT('',(-20.0209057540287,94.0299606941562,43.7897666285316));
#4652=CARTESIAN_POINT('',(11.6328895870364,97.0829490534047,52.1777832074249));
#4653=CARTESIAN_POINT('',(12.6500017271018,97.0829490047539,52.1777830737578));
#4654=CARTESIAN_POINT('',(12.6500015045791,96.7127505860033,51.1606712775227));
#4655=CARTESIAN_POINT('',(26.6644148421177,91.6119212184525,37.1462577696859));
#4656=CARTESIAN_POINT('',(12.6500017564211,93.2210318514377,41.5672528992172));
#4657=CARTESIAN_POINT('Origin',(12.6500014935846,84.2007830676546,52.6777830737578));
#4658=CARTESIAN_POINT('',(12.6500014935846,62.5233313660864,51.160671294472));
#4659=CARTESIAN_POINT('',(12.6500014125541,-8.0142144365643,51.1606713877882));
#4660=CARTESIAN_POINT('',(12.6500014935846,61.4507810017757,48.2138633873004));
#4661=CARTESIAN_POINT('',(12.6500014935846,62.2284538963172,50.3505021047753));
#4662=CARTESIAN_POINT('',(12.6500008612972,61.4507811041904,31.3103943634299));
#4663=CARTESIAN_POINT('',(12.6500014935846,61.4507825379505,30.9694828199305));
#4664=CARTESIAN_POINT('',(12.6500014935846,98.9980971103837,31.3103943242816));
#4665=CARTESIAN_POINT('',(12.6500014935846,56.571425488502,31.3103943242816));
#4666=CARTESIAN_POINT('',(12.6500014935846,102.854822768503,32.7141278221607));
#4667=CARTESIAN_POINT('Origin',(12.6500015065872,98.9980971103837,37.3103944808746));
#4668=CARTESIAN_POINT('',(12.6500014935846,113.692067796665,41.8076561282696));
#4669=CARTESIAN_POINT('',(12.6500014935846,86.0267691297484,18.5937142204504));
#4670=CARTESIAN_POINT('',(12.6500014944555,113.692069072807,27.4705194112492));
#4671=CARTESIAN_POINT('',(12.650001512645,105.892014778806,56.5356738199462));
#4672=CARTESIAN_POINT('Origin',(12.6500015151054,108.692014778806,56.5356738199462));
#4673=CARTESIAN_POINT('Origin',(12.6500015151054,108.692014778806,56.5356738199462));
#4674=CARTESIAN_POINT('',(12.6500014917518,82.1149961700226,34.6011228782447));
#4675=CARTESIAN_POINT('',(12.6500014912264,81.5170776980397,35.1990413502276));
#4676=CARTESIAN_POINT('',(12.6500014883048,78.1921618377726,38.5239572104947));
#4677=CARTESIAN_POINT('',(12.6500014912264,81.5170776980396,36.4073674622962));
#4678=CARTESIAN_POINT('',(12.6500014912264,81.5170776980393,43.7886442275522));
#4679=CARTESIAN_POINT('',(12.6500014917518,82.1149961700225,37.0052859342791));
#4680=CARTESIAN_POINT('',(12.6500014953244,86.1807239510885,41.0710137153452));
#4681=CARTESIAN_POINT('Origin',(12.6500014928081,83.3170776980396,35.803204406262));
#4682=CARTESIAN_POINT('',(12.650001507305,99.8149961700226,34.6011228782447));
#4683=CARTESIAN_POINT('',(12.6500015067796,99.2170776980397,35.1990413502275));
#4684=CARTESIAN_POINT('',(12.6500014999697,91.4671618377718,42.9489572104939));
#4685=CARTESIAN_POINT('',(12.6500015067796,99.2170776980396,36.4073674622962));
#4686=CARTESIAN_POINT('',(12.6500015067797,99.2170776980389,43.7886442275529));
#4687=CARTESIAN_POINT('',(12.650001507305,99.8149961700225,37.0052859342791));
#4688=CARTESIAN_POINT('',(12.6500015069894,99.4557239510885,36.6460137153451));
#4689=CARTESIAN_POINT('Origin',(12.6500015083613,101.01707769804,35.8032044062619));
#4690=CARTESIAN_POINT('Origin',(-7.99999956744572,90.5103623054549,61.0356793373253));
#4691=CARTESIAN_POINT('',(5.35000098142787,103.771359903897,61.0356801750655));
#4692=CARTESIAN_POINT('',(5.35000098142787,99.6012152371914,61.0356799116239));
#4693=CARTESIAN_POINT('',(-5.3499999855452,103.771359903897,61.0356801750655));
#4694=CARTESIAN_POINT('',(-0.947934854881762,103.771359903897,61.0356801750655));
#4695=CARTESIAN_POINT('',(-5.3499999855452,113.31779887879,61.035680778145));
#4696=CARTESIAN_POINT('',(-5.3499999855452,96.7571617396743,61.0356797319559));
#4697=CARTESIAN_POINT('',(-10.6499992800236,113.317798879713,61.035680778145));
#4698=CARTESIAN_POINT('',(1.65000010082448,113.317798877571,61.035680778145));
#4699=CARTESIAN_POINT('',(-10.6499993028369,87.3555724357227,61.035679138027));
#4700=CARTESIAN_POINT('Origin',(5.35000098142787,108.692068465843,56.3356738199463));
#4701=CARTESIAN_POINT('',(5.35000098142787,113.692067796901,50.4781383177695));
#4702=CARTESIAN_POINT('',(5.35000098142787,113.692067797475,35.7567281924102));
#4703=CARTESIAN_POINT('',(5.35000098142787,103.771360617745,50.4781383177695));
#4704=CARTESIAN_POINT('',(5.35000098142787,89.0714247338091,50.4781383177696));
#4705=CARTESIAN_POINT('',(5.35000098142787,103.771359903897,56.3356738199463));
#4706=CARTESIAN_POINT('',(5.35000098142787,107.042014778806,56.5356738199462));
#4707=CARTESIAN_POINT('Origin',(5.35000098142787,108.692014778806,56.5356738199462));
#4708=CARTESIAN_POINT('Origin',(-11.6499993028369,87.3555724997747,60.035679138027));
#4709=CARTESIAN_POINT('',(-12.3500058493571,107.075434024811,59.3356738199463));
#4710=CARTESIAN_POINT('',(-12.649999285661,106.90223272764,59.0356803728529));
#4711=CARTESIAN_POINT('',(-14.5539877522028,105.802964436085,57.1316918378327));
#4712=CARTESIAN_POINT('',(-12.6499993028369,87.3555725638266,59.035679138027));
#4713=CARTESIAN_POINT('',(-11.0242682007052,113.692067800789,60.6614118807783));
#4714=CARTESIAN_POINT('',(-10.6499992800236,113.317798879713,61.035680778145));
#4715=CARTESIAN_POINT('',(-12.6499993047382,113.692069072807,59.0356808017889));
#4716=CARTESIAN_POINT('',(-17.1269744982821,113.692067801852,54.5587055832014));
#4717=CARTESIAN_POINT('',(-12.6499992825156,110.481796699413,59.0356805989856));
#4718=CARTESIAN_POINT('',(-12.6499993028369,87.3555725638266,59.035679138027));
#4719=CARTESIAN_POINT('',(-12.3500060507654,110.308595532273,59.3356738199463));
#4720=CARTESIAN_POINT('',(-10.0745875625555,108.994882100835,61.6110922263191));
#4721=CARTESIAN_POINT('',(-12.3500053358415,98.8320840036964,59.3356738199463));
#4722=CARTESIAN_POINT('Origin',(1.65000010085707,113.504933338076,60.8485463294616));
#4723=CARTESIAN_POINT('',(-5.3499999855452,113.692067800262,60.6614118807783));
#4724=CARTESIAN_POINT('',(-5.3499999855452,112.007908333402,62.3455712407825));
#4725=CARTESIAN_POINT('',(1.65000010088967,113.692067798581,60.6614118807783));
#4726=CARTESIAN_POINT('Origin',(-12.6499992826678,110.308595532537,59.3356738199463));
#4727=CARTESIAN_POINT('',(-8.74999928266775,110.30859552911,59.3356738199463));
#4728=CARTESIAN_POINT('',(-12.6499992826678,110.308595532537,59.3356738199463));
#4729=CARTESIAN_POINT('',(-8.74999928550877,107.075434021648,59.3356738199463));
#4730=CARTESIAN_POINT('',(-8.74999929265747,98.9400099635533,59.3356738199463));
#4731=CARTESIAN_POINT('',(-12.6499992855088,107.075434025075,59.3356738199463));
#4732=CARTESIAN_POINT('Origin',(-12.6499992812473,111.925176286268,56.5356738199462));
#4733=CARTESIAN_POINT('',(-12.6499992812473,111.925176286268,56.5356738199462));
#4734=CARTESIAN_POINT('',(-12.6499992763672,117.478825455998,46.9164712905605));
#4735=CARTESIAN_POINT('',(-8.74999928124724,111.925176282841,56.5356738199462));
#4736=CARTESIAN_POINT('',(-12.6499992812473,111.925176286268,56.5356738199462));
#4737=CARTESIAN_POINT('',(-8.74999928038764,112.90341686405,54.8413114312666));
#4738=CARTESIAN_POINT('Origin',(11.2999997651874,113.6920677969,15.1777825648741));
#4739=CARTESIAN_POINT('',(-5.3499999855452,113.692067796901,50.4781383177695));
#4740=CARTESIAN_POINT('',(-5.3499999855452,113.692067800262,35.7567281924102));
#4741=CARTESIAN_POINT('',(1.50000063272368,113.692067796901,50.4781383177695));
#4742=CARTESIAN_POINT('',(-12.6500001391135,113.692067796665,15.1777826018556));
#4743=CARTESIAN_POINT('',(5.50000008511057,113.6920677969,15.1777825696459));
#4744=CARTESIAN_POINT('',(-12.6499993047382,113.692069072807,27.4705194112492));
#4745=CARTESIAN_POINT('Origin',(-5.3499999855452,103.003961470808,56.3356738199462));
#4746=CARTESIAN_POINT('',(-5.3499999855452,103.771360617745,50.4781383177695));
#4747=CARTESIAN_POINT('',(-5.3499999855452,103.771359903897,56.3356738199463));
#4748=CARTESIAN_POINT('',(-5.3499999855452,86.227371236292,50.4781383177695));
#4749=CARTESIAN_POINT('',(-5.3499999855452,107.042014778806,56.5356738199462));
#4750=CARTESIAN_POINT('Origin',(-5.3499999855452,108.692014778806,56.5356738199462));
#4751=CARTESIAN_POINT('Origin',(12.6500015151054,108.692014778806,56.5356738199462));
#4752=CARTESIAN_POINT('',(8.75000151264498,105.892014782233,56.5356738199462));
#4753=CARTESIAN_POINT('',(12.650001512645,105.892014778806,56.5356738199462));
#4754=CARTESIAN_POINT('Origin',(8.75000151510538,108.692014782233,56.5356738199462));
#4755=CARTESIAN_POINT('Origin',(-12.6499992855088,107.075434025075,59.3356738199463));
#4756=CARTESIAN_POINT('',(-8.74999928692928,105.458853267917,56.5356738199462));
#4757=CARTESIAN_POINT('',(-8.74999929171835,100.008755469228,47.0958275263978));
#4758=CARTESIAN_POINT('',(-12.6499992869293,105.458853271344,56.5356738199462));
#4759=CARTESIAN_POINT('',(-12.6499992869293,105.458853271344,56.5356738199462));
#4760=CARTESIAN_POINT('',(-12.6499992964793,94.5906871493802,37.7114579116068));
#4761=CARTESIAN_POINT('Origin',(-12.6499993056091,84.2007854624114,15.1777825696459));
#4762=CARTESIAN_POINT('',(-12.6499992855088,107.075434025075,53.7356738199461));
#4763=CARTESIAN_POINT('',(-12.649999281339,111.820792817939,45.5164712905605));
#4764=CARTESIAN_POINT('',(-12.6499992826678,110.308595532537,53.7356738199461));
#4765=CARTESIAN_POINT('',(-12.6499992955589,95.638109743743,53.7356738199461));
#4766=CARTESIAN_POINT('',(-12.649999292928,98.6321390337078,33.5114579116066));
#4767=CARTESIAN_POINT('',(-12.6499993056091,64.2420691037141,15.1777825696459));
#4768=CARTESIAN_POINT('',(-12.6499993056091,61.4507810017757,48.2138633873004));
#4769=CARTESIAN_POINT('',(-12.6499993056091,61.4507825379505,30.9694828199305));
#4770=CARTESIAN_POINT('',(-12.6499995658716,62.523331950901,51.1606729012369));
#4771=CARTESIAN_POINT('',(-12.6499993056091,62.2284538963172,50.3505021047753));
#4772=CARTESIAN_POINT('',(-12.6499993866396,-8.01421325793619,51.1606730681833));
#4773=CARTESIAN_POINT('',(-12.6499992924141,99.2170777202712,35.1985773191084));
#4774=CARTESIAN_POINT('',(-12.6499992918887,99.8149961922541,34.6006588471256));
#4775=CARTESIAN_POINT('',(-12.6499992909861,100.842162579163,33.5734924602173));
#4776=CARTESIAN_POINT('',(-12.6499992918887,99.814996192254,37.00482190316));
#4777=CARTESIAN_POINT('Origin',(-12.6499992908324,101.01707769804,35.8027403751428));
#4778=CARTESIAN_POINT('',(-12.6499992924141,99.2170777202711,36.4069034311771));
#4779=CARTESIAN_POINT('',(-12.6499993004423,90.0807244404233,27.2705501513295));
#4780=CARTESIAN_POINT('',(-12.6499992924141,99.2170777202721,25.0381799443779));
#4781=CARTESIAN_POINT('',(-12.6499993079673,81.5170777202711,35.1985773191086));
#4782=CARTESIAN_POINT('',(-12.6499993074419,82.1149961922541,34.6006588471256));
#4783=CARTESIAN_POINT('',(-12.649999302651,87.5671625791633,29.1484924602164));
#4784=CARTESIAN_POINT('',(-12.6499993074419,82.114996192254,37.00482190316));
#4785=CARTESIAN_POINT('Origin',(-12.6499993063856,83.3170776980397,35.8027403751429));
#4786=CARTESIAN_POINT('',(-12.6499993079673,81.5170777202711,36.4069034311771));
#4787=CARTESIAN_POINT('',(-12.6499993121072,76.8057244404233,31.6955501513294));
#4788=CARTESIAN_POINT('',(-12.6499993079673,81.5170777202716,25.0381799443772));
#4789=CARTESIAN_POINT('Origin',(12.6500014935846,84.2007830676546,52.6777830737578));
#4790=CARTESIAN_POINT('',(12.6500014935846,113.692067796665,23.9580403980912));
#4791=CARTESIAN_POINT('',(12.6500014935846,113.692067796665,23.4987721905204));
#4792=CARTESIAN_POINT('',(12.650001033903,61.4507810762326,23.9580403980912));
#4793=CARTESIAN_POINT('',(12.6500014935846,64.2554444317067,23.9580403980912));
#4794=CARTESIAN_POINT('',(12.6500014935846,61.4507825379505,30.9694828199305));
#4795=CARTESIAN_POINT('Origin',(-1.23843896879538E-9,84.7920684370293,15.1777825696459));
#4796=CARTESIAN_POINT('Origin',(-11.132890671831,-100.229211943328,52.677781785462));
#4797=CARTESIAN_POINT('',(-11.6328862146256,62.8935309401748,52.1777862649716));
#4798=CARTESIAN_POINT('',(-14.1606697588847,61.9734929600999,49.6500026896752));
#4799=CARTESIAN_POINT('',(-11.6328862010495,-15.0525424752883,52.1777862649716));
#4800=CARTESIAN_POINT('Origin',(12.6500018221301,70.1241269970681,52.1777830737578));
#4801=CARTESIAN_POINT('',(11.6328895929913,62.8935298273188,52.1777832074249));
#4802=CARTESIAN_POINT('',(12.6999986931711,62.8935297762765,52.1777830671873));
#4803=CARTESIAN_POINT('',(11.6328896065674,-15.0525424712361,52.1777832074249));
#4804=CARTESIAN_POINT('',(1.65000016971779,80.6670776185486,52.1777845193584));
#4805=CARTESIAN_POINT('Origin',(1.69717783100421E-7,80.6670776185486,52.1777847361984));
#4806=CARTESIAN_POINT('',(1.75000016971782,94.6420597466906,52.1777845062166));
#4807=CARTESIAN_POINT('Origin',(1.69717823446534E-7,94.6420597466906,52.1777847361984));
#4808=CARTESIAN_POINT('Origin',(12.6500015219317,-100.229211939186,51.160671294472));
#4809=CARTESIAN_POINT('',(20.8510714234659,59.538385986202,42.9596012649342));
#4810=CARTESIAN_POINT('Origin',(12.6500014912264,81.5170776980397,35.1985773191086));
#4811=CARTESIAN_POINT('',(12.6500014912264,81.5170776980397,35.1985773191086));
#4812=CARTESIAN_POINT('',(12.6500014912264,81.5170776980396,36.4069034311771));
#4813=CARTESIAN_POINT('Origin',(12.6500014917518,82.1149961700226,34.6006588471256));
#4814=CARTESIAN_POINT('',(8.34999975142901,82.1149961719118,34.600658849015));
#4815=CARTESIAN_POINT('Origin',(12.6500014917518,82.1149961700226,34.6011228782447));
#4816=CARTESIAN_POINT('',(12.6500014912264,81.5170776980397,35.1990413502276));
#4817=CARTESIAN_POINT('',(8.34999975142901,82.1149961719117,34.601122880134));
#4818=CARTESIAN_POINT('Origin',(12.6500014912264,81.5170776980396,36.4069034311771));
#4819=CARTESIAN_POINT('',(8.34999975142901,82.1149961719118,37.0048219012708));
#4820=CARTESIAN_POINT('Origin',(12.6500014912264,81.5170776980397,35.1990413502276));
#4821=CARTESIAN_POINT('',(12.6500014912264,81.5170776980396,36.4073674622962));
#4822=CARTESIAN_POINT('Origin',(12.6500014912264,81.5170776980396,36.4073674622962));
#4823=CARTESIAN_POINT('',(8.34999975142901,82.1149961719117,37.0052859323899));
#4824=CARTESIAN_POINT('Origin',(12.6500015067796,99.2170776980397,35.1985773191084));
#4825=CARTESIAN_POINT('',(12.6500015067796,99.2170776980397,35.1985773191084));
#4826=CARTESIAN_POINT('',(12.6500015067796,99.2170776980397,36.4069034311771));
#4827=CARTESIAN_POINT('Origin',(12.650001507305,99.8149961700226,34.6006588471256));
#4828=CARTESIAN_POINT('',(8.34999975142901,99.8149961719119,34.6006588490148));
#4829=CARTESIAN_POINT('Origin',(12.650001507305,99.8149961700226,34.6011228782447));
#4830=CARTESIAN_POINT('',(12.6500015067796,99.2170776980397,35.1990413502275));
#4831=CARTESIAN_POINT('',(8.34999975142901,99.8149961719118,34.6011228801339));
#4832=CARTESIAN_POINT('Origin',(12.6500015067796,99.2170776980397,36.4069034311771));
#4833=CARTESIAN_POINT('',(8.34999975142901,99.8149961719118,37.0048219012708));
#4834=CARTESIAN_POINT('Origin',(12.6500015067796,99.2170776980396,36.4073674622962));
#4835=CARTESIAN_POINT('',(8.34999975142901,99.8149961719117,37.0052859323898));
#4836=CARTESIAN_POINT('',(12.6500015067796,99.2170776980396,36.4073674622962));
#4837=CARTESIAN_POINT('Origin',(12.6500015067796,99.2170776980397,35.1990413502275));
#4838=CARTESIAN_POINT('Origin',(8.34999975248529,83.3170776980396,35.803204406262));
#4839=CARTESIAN_POINT('Origin',(8.3499997524853,83.3170776980397,35.8027403751429));
#4840=CARTESIAN_POINT('Origin',(8.34999975248529,101.01707769804,35.8032044062619));
#4841=CARTESIAN_POINT('Origin',(8.3499997524853,101.01707769804,35.8027403751428));
#4842=CARTESIAN_POINT('Origin',(12.6500002293495,98.9980971103837,37.3103944808746));
#4843=CARTESIAN_POINT('',(10.1500002290098,98.9980971103837,31.3103944808746));
#4844=CARTESIAN_POINT('',(12.6500002293495,98.9980971103837,31.3103944808746));
#4845=CARTESIAN_POINT('',(10.1499997980997,102.854822768503,32.7141278221607));
#4846=CARTESIAN_POINT('Origin',(10.1500002290098,98.9980971103837,37.3103944808746));
#4847=CARTESIAN_POINT('',(12.6500002293495,102.854822768503,32.7141278221607));
#4848=CARTESIAN_POINT('Origin',(12.6500002296892,101.736534593361,31.7757726268494));
#4849=CARTESIAN_POINT('',(10.1500007131282,113.692067797101,41.807656128635));
#4850=CARTESIAN_POINT('',(10.1499997036785,101.736534593361,31.7757726268494));
#4851=CARTESIAN_POINT('',(11.9750000011585,113.692067796783,41.8076561283683));
#4852=CARTESIAN_POINT('Origin',(10.1500002290098,89.0714243992205,35.7567281947961));
#4853=CARTESIAN_POINT('',(10.1500006314564,77.3988883743651,31.3103944808746));
#4854=CARTESIAN_POINT('',(10.1500002290098,90.6236698699123,31.3103944808746));
#4855=CARTESIAN_POINT('',(10.1500008038461,77.3988883743651,23.9580403980912));
#4856=CARTESIAN_POINT('',(10.1500002290098,77.3988883743651,33.5335612595388));
#4857=CARTESIAN_POINT('',(10.1500002298807,113.692067797188,23.9580403980912));
#4858=CARTESIAN_POINT('',(10.1500008038461,69.4507810762326,23.9580403980912));
#4859=CARTESIAN_POINT('',(10.1499997036785,113.692067797101,30.2504086846099));
#4860=CARTESIAN_POINT('Origin',(12.6500002290098,92.1759153406042,31.3103944808746));
#4861=CARTESIAN_POINT('',(11.6500014935846,61.4507815931784,31.3103945207163));
#4862=CARTESIAN_POINT('',(6.32500019936383,61.4507810017757,31.3103944808746));
#4863=CARTESIAN_POINT('',(8.35000047006008,61.4507815931784,31.3103944025781));
#4864=CARTESIAN_POINT('',(6.32500019936383,61.4507810017757,31.3103944808746));
#4865=CARTESIAN_POINT('',(8.35000047006008,66.5920697703988,31.3103944808746));
#4866=CARTESIAN_POINT('',(8.35000047006009,76.8133484668913,31.3103944808746));
#4867=CARTESIAN_POINT('',(7.44150064429936,66.5920697703988,31.3103943242815));
#4868=CARTESIAN_POINT('',(6.32500019936383,66.5920697703988,31.3103944808746));
#4869=CARTESIAN_POINT('',(7.44150525549867,70.7714187292072,31.3103943242816));
#4870=CARTESIAN_POINT('',(9.44289344782326,76.6917815931785,31.3103943242815));
#4871=CARTESIAN_POINT('',(10.1500006006732,76.6917815931785,31.3103943242815));
#4872=CARTESIAN_POINT('',(14.292480275273,81.5413684206282,31.3103944808746));
#4873=CARTESIAN_POINT('Origin',(11.2999997651874,113.6920677969,15.1777825648741));
#4874=CARTESIAN_POINT('',(11.9750004020597,113.692067796783,23.9580403980912));
#4875=CARTESIAN_POINT('',(1.50000063272368,113.692067796901,50.4781383177695));
#4876=CARTESIAN_POINT('Origin',(-12.6499992869293,105.458853271344,56.5356738199462));
#4877=CARTESIAN_POINT('',(-8.74999928550877,107.075434021648,53.7356738199461));
#4878=CARTESIAN_POINT('',(-8.74999928535943,107.245384225991,53.4413114312666));
#4879=CARTESIAN_POINT('',(-12.6499992855088,107.075434025075,53.7356738199461));
#4880=CARTESIAN_POINT('Origin',(-12.6499992826678,110.308595532537,53.7356738199461));
#4881=CARTESIAN_POINT('',(-8.74999928266775,110.30859552911,53.7356738199461));
#4882=CARTESIAN_POINT('',(-12.6499992826678,110.308595532537,53.7356738199461));
#4883=CARTESIAN_POINT('',(-8.74999928816707,104.050207353555,42.8958275263976));
#4884=CARTESIAN_POINT('Origin',(-12.6499992855088,107.075434025075,53.7356738199461));
#4885=CARTESIAN_POINT('',(-8.74999929407798,97.3234292098223,53.7356738199461));
#4886=CARTESIAN_POINT('Origin',(-8.7499993026472,87.5714243979969,38.2567289103088));
#4887=CARTESIAN_POINT('',(-8.74999928553813,107.042014778806,56.5356738199462));
#4888=CARTESIAN_POINT('Origin',(-8.74999928408826,108.692014778806,56.5356738199462));
#4889=CARTESIAN_POINT('Origin',(8.75000149654643,87.5714244026475,46.3230347876266));
#4890=CARTESIAN_POINT('',(8.7500015136555,107.042014778806,56.5356738199462));
#4891=CARTESIAN_POINT('Origin',(8.75000151510537,108.692014778806,56.5356738199462));
#4892=CARTESIAN_POINT('Origin',(-4.99999983028218,65.2920697703988,23.1776261924357));
#4893=CARTESIAN_POINT('',(-4.49999983028218,65.6920691789961,23.1776261924357));
#4894=CARTESIAN_POINT('',(4.50000016971782,65.6920691789961,23.1776261924357));
#4895=CARTESIAN_POINT('',(-2.49999983028218,65.6920691789961,23.1776261924357));
#4896=CARTESIAN_POINT('',(4.50000016971782,64.9920697703989,23.1776261924357));
#4897=CARTESIAN_POINT('',(4.50000016971782,65.1420697703988,23.1776261924357));
#4898=CARTESIAN_POINT('',(5.00000016971782,64.9920697703988,23.1776261924357));
#4899=CARTESIAN_POINT('',(-2.49999983028218,64.9920697703988,23.1776261924357));
#4900=CARTESIAN_POINT('',(5.00000016971782,66.2920697703988,23.1776261924357));
#4901=CARTESIAN_POINT('',(5.00000016971782,65.4420697703988,23.1776261924357));
#4902=CARTESIAN_POINT('',(-4.99999983028218,66.2920697703988,23.1776261924357));
#4903=CARTESIAN_POINT('',(-2.54999952412912,66.2920697703988,23.1776261924357));
#4904=CARTESIAN_POINT('',(-4.99999983028218,64.9920697703988,23.1776261924357));
#4905=CARTESIAN_POINT('',(-4.99999983028218,66.4420697703988,23.1776261924357));
#4906=CARTESIAN_POINT('',(-4.49999983028218,64.9920697703989,23.1776261924357));
#4907=CARTESIAN_POINT('',(-2.49999983028218,64.9920697703988,23.1776261924357));
#4908=CARTESIAN_POINT('',(-4.49999983028218,65.1420697703988,23.1776261924357));
#4909=CARTESIAN_POINT('Origin',(5.00000016971782,65.2920697703988,32.1776261924357));
#4910=CARTESIAN_POINT('',(4.50000016971782,65.6920691789961,32.1776261924357));
#4911=CARTESIAN_POINT('',(-4.49999983028218,65.6920691789961,32.1776261924357));
#4912=CARTESIAN_POINT('',(2.50000016971782,65.6920691789961,32.1776261924357));
#4913=CARTESIAN_POINT('',(-4.49999983028218,64.9920697703989,32.1776261924357));
#4914=CARTESIAN_POINT('',(-4.49999983028218,65.1420697703988,32.1776261924357));
#4915=CARTESIAN_POINT('',(-4.99999983028218,64.9920697703988,32.1776261924357));
#4916=CARTESIAN_POINT('',(2.50000016971782,64.9920697703988,32.1776261924357));
#4917=CARTESIAN_POINT('',(-4.99999983028218,66.2920697703988,32.1776261924357));
#4918=CARTESIAN_POINT('',(-4.99999983028218,66.4420697703988,32.1776261924357));
#4919=CARTESIAN_POINT('',(5.00000016971782,66.2920697703988,32.1776261924357));
#4920=CARTESIAN_POINT('',(2.45000047587088,66.2920697703988,32.1776261924357));
#4921=CARTESIAN_POINT('',(5.00000016971782,64.9920697703988,32.1776261924357));
#4922=CARTESIAN_POINT('',(5.00000016971782,65.4420697703988,32.1776261924357));
#4923=CARTESIAN_POINT('',(4.50000016971782,64.9920697703989,32.1776261924357));
#4924=CARTESIAN_POINT('',(2.50000016971782,64.9920697703988,32.1776261924357));
#4925=CARTESIAN_POINT('',(4.50000016971782,65.1420697703988,32.1776261924357));
#4926=CARTESIAN_POINT('Origin',(4.50000016971782,64.9920697703988,22.9776261924357));
#4927=CARTESIAN_POINT('',(4.50000016971782,65.6920691789961,25.3276261924357));
#4928=CARTESIAN_POINT('',(4.50000016971782,64.9920697703988,25.3276272205311));
#4929=CARTESIAN_POINT('Origin',(7.28301517767453,49.2667969762403,29.4940102583586));
#4930=CARTESIAN_POINT('',(8.35000047006008,51.1148697135808,31.3103943242815));
#4931=CARTESIAN_POINT('',(6.35000314435638,47.6507727304601,31.3103942052303));
#4932=CARTESIAN_POINT('',(10.3831333079881,54.6363590874089,31.3103944572674));
#4933=CARTESIAN_POINT('',(6.35000314435638,47.6507727304601,23.9580403980912));
#4934=CARTESIAN_POINT('',(6.35000314435638,47.6507727304601,28.5858182253972));
#4935=CARTESIAN_POINT('',(8.35000047006008,51.1148697135808,23.9580403980912));
#4936=CARTESIAN_POINT('',(15.6511269869613,63.7607917933421,23.9580403980912));
#4937=CARTESIAN_POINT('',(8.35000047006008,51.1148697135808,30.4022022913201));
#4938=CARTESIAN_POINT('Origin',(1.69713088138232E-7,47.6507727304601,27.6776261924357));
#4939=CARTESIAN_POINT('',(11.6500014935846,47.6507727304601,23.9580403980912));
#4940=CARTESIAN_POINT('',(4.1750003198866,47.6507727304601,23.9580403980912));
#4941=CARTESIAN_POINT('',(11.6500014935846,47.6507721390574,31.3103945207163));
#4942=CARTESIAN_POINT('',(5.49034045547012,47.6507727304601,31.3103941540583));
#4943=CARTESIAN_POINT('',(11.6500014935846,47.6507721390574,32.9411882122413));
#4944=CARTESIAN_POINT('',(11.6500014935846,47.6507727304601,18.3132036128402));
#4945=CARTESIAN_POINT('',(7.29510190070346,47.6507727304601,37.9091749577531));
#4946=CARTESIAN_POINT('Ctrl Pts',(11.6498071925885,47.6507727304601,32.9410499847598));
#4947=CARTESIAN_POINT('Ctrl Pts',(11.6286371499695,47.6507727304601,32.9840454825709));
#4948=CARTESIAN_POINT('Ctrl Pts',(11.6072134691274,47.6507727304601,33.0269356064035));
#4949=CARTESIAN_POINT('Ctrl Pts',(11.5855522037253,47.6507727304601,33.0696894195662));
#4950=CARTESIAN_POINT('Ctrl Pts',(11.4508896973148,47.6507727304601,33.3354788613279));
#4951=CARTESIAN_POINT('Ctrl Pts',(11.3069619993387,47.6507727304601,33.5961843212834));
#4952=CARTESIAN_POINT('Ctrl Pts',(11.1541715197135,47.6507727304601,33.8514243900012));
#4953=CARTESIAN_POINT('Ctrl Pts',(11.000635852643,47.6507727304601,34.1079093117702));
#4954=CARTESIAN_POINT('Ctrl Pts',(10.8381503572591,47.6507727304601,34.3588758796193));
#4955=CARTESIAN_POINT('Ctrl Pts',(10.6670783671843,47.6507727304601,34.6039093287121));
#4956=CARTESIAN_POINT('Ctrl Pts',(10.4962936820542,47.6507727304601,34.8485312591132));
#4957=CARTESIAN_POINT('Ctrl Pts',(10.3169508973573,47.6507727304601,35.0872404325952));
#4958=CARTESIAN_POINT('Ctrl Pts',(10.129372911518,47.6507727304601,35.3195896613424));
#4959=CARTESIAN_POINT('Ctrl Pts',(10.0280539368195,47.6507727304601,35.4450915187342));
#4960=CARTESIAN_POINT('Ctrl Pts',(9.92433167622102,47.6507727304601,35.5687371978544));
#4961=CARTESIAN_POINT('Ctrl Pts',(9.81825297197506,47.6507727304601,35.6904513189376));
#4962=CARTESIAN_POINT('Ctrl Pts',(9.78398257786015,47.6507727304601,35.7297729804202));
#4963=CARTESIAN_POINT('Ctrl Pts',(9.74946260898085,47.6507727304601,35.7688969589354));
#4964=CARTESIAN_POINT('Ctrl Pts',(9.71471577201038,47.6507727304601,35.8077971970654));
#4965=CARTESIAN_POINT('Ctrl Pts',(9.51664246224918,47.6507727304601,36.0295468464929));
#4966=CARTESIAN_POINT('Ctrl Pts',(9.31109097175145,47.6507727304601,36.2441572540154));
#4967=CARTESIAN_POINT('Ctrl Pts',(9.09842034918411,47.6507727304601,36.4512243012881));
#4968=CARTESIAN_POINT('Ctrl Pts',(8.88658467478268,47.6507727304601,36.6574784001184));
#4969=CARTESIAN_POINT('Ctrl Pts',(8.66768522436647,47.6507727304601,36.8562486711731));
#4970=CARTESIAN_POINT('Ctrl Pts',(8.44204159203416,47.6507727304601,37.0470982313796));
#4971=CARTESIAN_POINT('Ctrl Pts',(8.21955248045536,47.6507727304601,37.2352796954725));
#4972=CARTESIAN_POINT('Ctrl Pts',(7.99050599201804,47.6507727304601,37.4157606895821));
#4973=CARTESIAN_POINT('Ctrl Pts',(7.75518076507941,47.6507727304601,37.5880804712943));
#4974=CARTESIAN_POINT('Ctrl Pts',(7.60437730991992,47.6507727304601,37.698508149672));
#4975=CARTESIAN_POINT('Ctrl Pts',(7.45099487041808,47.6507727304601,37.8055834624017));
#4976=CARTESIAN_POINT('Ctrl Pts',(7.29510190070344,47.6507727304601,37.9091749577531));
#4977=CARTESIAN_POINT('',(-11.2167270503695,47.6507727304601,33.3422647398322));
#4978=CARTESIAN_POINT('Origin',(1.69717819908763E-7,47.6507727304601,27.6776261924356));
#4979=CARTESIAN_POINT('',(-11.649999305609,47.6507721390574,32.4718355435596));
#4980=CARTESIAN_POINT('Ctrl Pts',(-11.6500002390687,47.650772730461,32.4718359640415));
#4981=CARTESIAN_POINT('Ctrl Pts',(-11.5286045237727,47.65077273045,32.7413484903109));
#4982=CARTESIAN_POINT('Ctrl Pts',(-11.397587982758,47.6507727304325,33.0067054426043));
#4983=CARTESIAN_POINT('Ctrl Pts',(-11.2572205266856,47.6507727304283,33.2674010622287));
#4984=CARTESIAN_POINT('Ctrl Pts',(-11.243749283986,47.6507727304279,33.2924203513214));
#4985=CARTESIAN_POINT('Ctrl Pts',(-11.2301918844556,47.6507727304276,33.3173966817539));
#4986=CARTESIAN_POINT('Ctrl Pts',(-11.2165485476706,47.6507727304275,33.3423295896916));
#4987=CARTESIAN_POINT('',(-11.649999305609,47.6507721390574,22.0318907535713));
#4988=CARTESIAN_POINT('',(-11.649999305609,47.6507727304601,37.945744789868));
#4989=CARTESIAN_POINT('',(-4.70588819389887,47.6507727304601,15.2820315499015));
#4990=CARTESIAN_POINT('Ctrl Pts',(-4.70588819389888,47.6507727304601,15.2820315499015));
#4991=CARTESIAN_POINT('Ctrl Pts',(-4.98976035789319,47.6507727304597,15.4000517034415));
#4992=CARTESIAN_POINT('Ctrl Pts',(-5.26944444845703,47.6507727304595,15.5281064412835));
#4993=CARTESIAN_POINT('Ctrl Pts',(-5.54448216791435,47.6507727304595,15.6658792974785));
#4994=CARTESIAN_POINT('Ctrl Pts',(-5.81874354476882,47.6507727304596,15.8032632654222));
#4995=CARTESIAN_POINT('Ctrl Pts',(-6.08838521945577,47.6507727304599,15.9503109471021));
#4996=CARTESIAN_POINT('Ctrl Pts',(-6.35292077516601,47.6507727304602,16.106749088348));
#4997=CARTESIAN_POINT('Ctrl Pts',(-6.49126710979657,47.6507727304603,16.188562829339));
#4998=CARTESIAN_POINT('Ctrl Pts',(-6.62821631526883,47.6507727304605,16.2729455565094));
#4999=CARTESIAN_POINT('Ctrl Pts',(-6.76369464753446,47.6507727304606,16.3598620933925));
#5000=CARTESIAN_POINT('Ctrl Pts',(-6.80564567922462,47.6507727304607,16.3867759056029));
#5001=CARTESIAN_POINT('Ctrl Pts',(-6.84745565548119,47.6507727304607,16.4139326874932));
#5002=CARTESIAN_POINT('Ctrl Pts',(-6.88912232509601,47.6507727304607,16.4413314425532));
#5003=CARTESIAN_POINT('Ctrl Pts',(-6.92022167673729,47.6507727304607,16.4617814455418));
#5004=CARTESIAN_POINT('Ctrl Pts',(-6.95124313587285,47.6507727304607,16.482367603168));
#5005=CARTESIAN_POINT('Ctrl Pts',(-6.98216702283493,47.6507727304607,16.5030768068893));
#5006=CARTESIAN_POINT('Ctrl Pts',(-7.23582175987312,47.6507727304607,16.6729450912556));
#5007=CARTESIAN_POINT('Ctrl Pts',(-7.48318982097566,47.6507727304601,16.8512680928242));
#5008=CARTESIAN_POINT('Ctrl Pts',(-7.72386545259627,47.6507727304595,17.0376775303485));
#5009=CARTESIAN_POINT('Ctrl Pts',(-7.96508451624207,47.6507727304588,17.2245078698871));
#5010=CARTESIAN_POINT('Ctrl Pts',(-8.19958137922578,47.6507727304581,17.4194615735167));
#5011=CARTESIAN_POINT('Ctrl Pts',(-8.42691919748337,47.6507727304576,17.6222119012153));
#5012=CARTESIAN_POINT('Ctrl Pts',(-8.65309676898671,47.6507727304572,17.8239274674676));
#5013=CARTESIAN_POINT('Ctrl Pts',(-8.87218862155646,47.650772730457,18.0333606790606));
#5014=CARTESIAN_POINT('Ctrl Pts',(-9.08372970321507,47.6507727304572,18.2502274839005));
#5015=CARTESIAN_POINT('Ctrl Pts',(-9.17024130181211,47.6507727304573,18.3389170841532));
#5016=CARTESIAN_POINT('Ctrl Pts',(-9.25548961095278,47.6507727304574,18.4288503387355));
#5017=CARTESIAN_POINT('Ctrl Pts',(-9.3394408694923,47.6507727304576,18.5200094163044));
#5018=CARTESIAN_POINT('Ctrl Pts',(-9.54542987919536,47.650772730458,18.7436840632428));
#5019=CARTESIAN_POINT('Ctrl Pts',(-9.74361315192018,47.6507727304587,18.9747371187944));
#5020=CARTESIAN_POINT('Ctrl Pts',(-9.93365208573715,47.6507727304593,19.2127163589853));
#5021=CARTESIAN_POINT('Ctrl Pts',(-10.1056711627547,47.6507727304599,19.4281299504256));
#5022=CARTESIAN_POINT('Ctrl Pts',(-10.2710168364253,47.6507727304605,19.6492191221017));
#5023=CARTESIAN_POINT('Ctrl Pts',(-10.4294038850743,47.6507727304606,19.8756631895155));
#5024=CARTESIAN_POINT('Ctrl Pts',(-10.462504983981,47.6507727304607,19.9229874343716));
#5025=CARTESIAN_POINT('Ctrl Pts',(-10.4953020369285,47.6507727304607,19.9705455995666));
#5026=CARTESIAN_POINT('Ctrl Pts',(-10.5277922483368,47.6507727304607,20.0183348140822));
#5027=CARTESIAN_POINT('Ctrl Pts',(-10.5461855460642,47.6507727304607,20.0453891548404));
#5028=CARTESIAN_POINT('Ctrl Pts',(-10.5644762768953,47.6507727304606,20.0725113584399));
#5029=CARTESIAN_POINT('Ctrl Pts',(-10.5826604028636,47.6507727304606,20.0996952486806));
#5030=CARTESIAN_POINT('Ctrl Pts',(-10.7504068032695,47.6507727304605,20.3504634046452));
#5031=CARTESIAN_POINT('Ctrl Pts',(-10.9091870797663,47.6507727304601,20.6066288541125));
#5032=CARTESIAN_POINT('Ctrl Pts',(-11.0587578733177,47.6507727304599,20.8676966189392));
#5033=CARTESIAN_POINT('Ctrl Pts',(-11.2088256365708,47.6507727304597,21.1296318176155));
#5034=CARTESIAN_POINT('Ctrl Pts',(-11.3496229376721,47.6507727304596,21.3965024860508));
#5035=CARTESIAN_POINT('Ctrl Pts',(-11.4808610210384,47.6507727304598,21.6678384289287));
#5036=CARTESIAN_POINT('Ctrl Pts',(-11.5391355460997,47.6507727304598,21.788321544787));
#5037=CARTESIAN_POINT('Ctrl Pts',(-11.5955246989185,47.65077273046,21.9096854163867));
#5038=CARTESIAN_POINT('Ctrl Pts',(-11.6500002407258,47.6507727304601,22.0318903367175));
#5039=CARTESIAN_POINT('',(4.70588853333351,47.6507727304601,15.2820315499012));
#5040=CARTESIAN_POINT('Ctrl Pts',(4.70588853333318,47.6507727304601,15.282031549901));
#5041=CARTESIAN_POINT('Ctrl Pts',(3.83485172286714,47.6507727304601,14.9198970712578));
#5042=CARTESIAN_POINT('Ctrl Pts',(2.19845298076566,47.6507727304601,14.3807633955095));
#5043=CARTESIAN_POINT('Ctrl Pts',(-0.869785486047415,47.6507727304601,14.3638027762198));
#5044=CARTESIAN_POINT('Ctrl Pts',(-1.8100025503676,47.6507727304601,14.4625362552932));
#5045=CARTESIAN_POINT('Ctrl Pts',(-3.58135418269796,47.6507727304601,14.8526047132171));
#5046=CARTESIAN_POINT('Ctrl Pts',(-4.25394004270722,47.6507727304601,15.0941336262558));
#5047=CARTESIAN_POINT('Ctrl Pts',(-4.70588819389877,47.6507727304601,15.2820315499015));
#5048=CARTESIAN_POINT('',(11.6500014935846,47.6507721390574,22.0318898711985));
#5049=CARTESIAN_POINT('Ctrl Pts',(11.6498479147555,47.6507727304326,22.0318421311747));
#5050=CARTESIAN_POINT('Ctrl Pts',(11.5268289913482,47.6507727304337,21.756011041086));
#5051=CARTESIAN_POINT('Ctrl Pts',(11.3941913614475,47.6507727304346,21.4845268301338));
#5052=CARTESIAN_POINT('Ctrl Pts',(11.2522391589679,47.6507727304353,21.2178768482276));
#5053=CARTESIAN_POINT('Ctrl Pts',(11.1105605866586,47.6507727304361,20.9517408666586));
#5054=CARTESIAN_POINT('Ctrl Pts',(10.9596030222658,47.6507727304366,20.6904199430136));
#5055=CARTESIAN_POINT('Ctrl Pts',(10.7996222872827,47.650772730437,20.4344212547713));
#5056=CARTESIAN_POINT('Ctrl Pts',(10.647312708053,47.6507727304375,20.1906978308622));
#5057=CARTESIAN_POINT('Ctrl Pts',(10.4868240120862,47.6507727304379,19.9517982110567));
#5058=CARTESIAN_POINT('Ctrl Pts',(10.3183412243277,47.6507727304386,19.7181861222016));
#5059=CARTESIAN_POINT('Ctrl Pts',(10.2879445827597,47.6507727304387,19.6760392475838));
#5060=CARTESIAN_POINT('Ctrl Pts',(10.2572876535864,47.6507727304388,19.6340645550634));
#5061=CARTESIAN_POINT('Ctrl Pts',(10.2263714110577,47.650772730439,19.5922648738639));
#5062=CARTESIAN_POINT('Ctrl Pts',(10.2067845078212,47.6507727304391,19.5657827970004));
#5063=CARTESIAN_POINT('Ctrl Pts',(10.1870935201424,47.6507727304392,19.5393709672606));
#5064=CARTESIAN_POINT('Ctrl Pts',(10.1672986889237,47.6507727304393,19.5130301114472));
#5065=CARTESIAN_POINT('Ctrl Pts',(10.1477839649122,47.6507727304394,19.48706199251));
#5066=CARTESIAN_POINT('Ctrl Pts',(10.128173020217,47.6507727304395,19.4611691383627));
#5067=CARTESIAN_POINT('Ctrl Pts',(10.1084698328225,47.6507727304396,19.4353568012229));
#5068=CARTESIAN_POINT('Ctrl Pts',(10.0048507306286,47.6507727304403,19.2996096682134));
#5069=CARTESIAN_POINT('Ctrl Pts',(9.89864944072625,47.6507727304411,19.1660474456521));
#5070=CARTESIAN_POINT('Ctrl Pts',(9.78992815888108,47.6507727304421,19.0347513474249));
#5071=CARTESIAN_POINT('Ctrl Pts',(9.59832785959989,47.6507727304437,18.8033672863853));
#5072=CARTESIAN_POINT('Ctrl Pts',(9.39890381001904,47.6507727304457,18.5790196071359));
#5073=CARTESIAN_POINT('Ctrl Pts',(9.19214360687502,47.6507727304475,18.3619495414844));
#5074=CARTESIAN_POINT('Ctrl Pts',(8.98229946504611,47.6507727304493,18.141641760051));
#5075=CARTESIAN_POINT('Ctrl Pts',(8.76489835848507,47.650772730451,17.9288298781187));
#5076=CARTESIAN_POINT('Ctrl Pts',(8.54040459076926,47.6507727304522,17.7237947869119));
#5077=CARTESIAN_POINT('Ctrl Pts',(8.31530716158357,47.6507727304535,17.5182083584195));
#5078=CARTESIAN_POINT('Ctrl Pts',(8.08307844114828,47.6507727304544,17.3204402045286));
#5079=CARTESIAN_POINT('Ctrl Pts',(7.84414709009713,47.650772730455,17.1308083063039));
#5080=CARTESIAN_POINT('Ctrl Pts',(7.60647505795497,47.6507727304556,16.9421758877796));
#5081=CARTESIAN_POINT('Ctrl Pts',(7.3621703925445,47.6507727304559,16.7615938350451));
#5082=CARTESIAN_POINT('Ctrl Pts',(7.11162292448163,47.6507727304562,16.5894150328778));
#5083=CARTESIAN_POINT('Ctrl Pts',(6.88833465210923,47.6507727304565,16.4359690309191));
#5084=CARTESIAN_POINT('Ctrl Pts',(6.6600874519517,47.6507727304567,16.2891975811588));
#5085=CARTESIAN_POINT('Ctrl Pts',(6.4271401041577,47.6507727304573,16.1493808762769));
#5086=CARTESIAN_POINT('Ctrl Pts',(6.39367572925381,47.6507727304574,16.1292953132761));
#5087=CARTESIAN_POINT('Ctrl Pts',(6.36011166871683,47.6507727304575,16.1093518132613));
#5088=CARTESIAN_POINT('Ctrl Pts',(6.32647007150292,47.6507727304576,16.0895633300551));
#5089=CARTESIAN_POINT('Ctrl Pts',(6.06238250223589,47.6507727304584,15.9342231303556));
#5090=CARTESIAN_POINT('Ctrl Pts',(5.79325696661518,47.6507727304592,15.7882725776805));
#5091=CARTESIAN_POINT('Ctrl Pts',(5.51967177100918,47.6507727304596,15.6518810020722));
#5092=CARTESIAN_POINT('Ctrl Pts',(5.25266158377924,47.6507727304601,15.5187672929802));
#5093=CARTESIAN_POINT('Ctrl Pts',(4.98140288289571,47.6507727304602,15.3947585166176));
#5094=CARTESIAN_POINT('Ctrl Pts',(4.70640149772959,47.6507727304601,15.280047878119));
#5095=CARTESIAN_POINT('',(11.6500014935846,47.6507727304601,18.3132036128402));
#5096=CARTESIAN_POINT('',(1.69717819335224E-7,47.6507727304601,23.2276261924357));
#5097=CARTESIAN_POINT('Origin',(1.69717819908763E-7,47.6507727304601,27.6776261924357));
#5098=CARTESIAN_POINT('',(-1.49999983028218,47.6507727304601,36.1776261924356));
#5099=CARTESIAN_POINT('Origin',(1.69717820410101E-7,47.6507727304601,36.1776261924356));
#5100=CARTESIAN_POINT('',(-1.49999983028218,47.6507727304601,19.1776261924356));
#5101=CARTESIAN_POINT('Origin',(1.69717819407425E-7,47.6507727304601,19.1776261924356));
#5102=CARTESIAN_POINT('Origin',(6.26429400820321E-7,56.9507721390574,27.3036894843277));
#5103=CARTESIAN_POINT('',(-1.49999983028218,56.9507727304601,19.1776261924356));
#5104=CARTESIAN_POINT('Origin',(1.69717819318694E-7,56.9507727304601,19.1776261924355));
#5105=CARTESIAN_POINT('Origin',(6.26429400820321E-7,56.9507721390574,27.3036894843277));
#5106=CARTESIAN_POINT('',(-1.49999983028218,56.9507727304601,36.1776261924356));
#5107=CARTESIAN_POINT('Origin',(1.6971782032137E-7,56.9507727304601,36.1776261924356));
#5108=CARTESIAN_POINT('Origin',(1.69717819407425E-7,47.6507727304601,19.1776261924356));
#5109=CARTESIAN_POINT('',(-1.49999983028218,47.6507727304601,19.1776261924356));
#5110=CARTESIAN_POINT('Origin',(1.69717820410101E-7,47.6507727304601,36.1776261924356));
#5111=CARTESIAN_POINT('',(-1.49999983028218,47.6507727304601,36.1776261924356));
#5112=CARTESIAN_POINT('Origin',(8.35000047006008,61.4507815931784,31.3103943242815));
#5113=CARTESIAN_POINT('',(8.35000047006008,66.5920697703988,23.9580403980912));
#5114=CARTESIAN_POINT('',(8.35000047006008,73.1348003430965,23.9580403980912));
#5115=CARTESIAN_POINT('',(8.35000047006008,66.5920697703988,29.4940102583586));
#5116=CARTESIAN_POINT('',(8.35000047006008,61.4507815931784,31.3103943242815));
#5117=CARTESIAN_POINT('Origin',(12.650001033903,84.8188190930147,23.9580403980912));
#5118=CARTESIAN_POINT('',(11.6500014935846,61.4507815931784,23.9580403980912));
#5119=CARTESIAN_POINT('',(11.6500014935846,66.234795616036,23.9580403980912));
#5120=CARTESIAN_POINT('',(6.32500060181043,61.4507810017756,23.9580403980912));
#5121=CARTESIAN_POINT('',(9.44289344782326,76.6917815931785,23.9580403980912));
#5122=CARTESIAN_POINT('',(12.4532064145989,79.7020945599541,23.9580403980912));
#5123=CARTESIAN_POINT('',(11.4000008172881,76.6917815931785,23.9580403980912));
#5124=CARTESIAN_POINT('',(7.35467891775461,66.5920697703988,23.9580403980912));
#5125=CARTESIAN_POINT('',(7.35468119556028,89.3554419809107,23.9580403980912));
#5126=CARTESIAN_POINT('',(6.32500060181042,66.5920697703988,23.9580403980912));
#5127=CARTESIAN_POINT('Origin',(1.6971782072381E-7,61.4507810017757,27.6776261924357));
#5128=CARTESIAN_POINT('',(11.6500014935846,61.4507815931784,22.8741393826351));
#5129=CARTESIAN_POINT('',(11.6500014935846,61.4507815931784,48.2138633873003));
#5130=CARTESIAN_POINT('',(-9.74207593864585,61.4507810017756,18.4406040478887));
#5131=CARTESIAN_POINT('Ctrl Pts',(11.6500024523651,61.4507810017757,22.8741390236324));
#5132=CARTESIAN_POINT('Ctrl Pts',(11.6239037888438,61.4507810017757,22.8044379402624));
#5133=CARTESIAN_POINT('Ctrl Pts',(11.5971650140164,61.4507810017757,22.7349506440228));
#5134=CARTESIAN_POINT('Ctrl Pts',(11.5697907215079,61.4507810017756,22.6656842915106));
#5135=CARTESIAN_POINT('Ctrl Pts',(11.555508091812,61.4507810017756,22.6295443378293));
#5136=CARTESIAN_POINT('Ctrl Pts',(11.5410524543783,61.4507810017756,22.5934645325835));
#5137=CARTESIAN_POINT('Ctrl Pts',(11.5264244427558,61.4507810017756,22.5574459036488));
#5138=CARTESIAN_POINT('Ctrl Pts',(11.5156052313004,61.4507810017756,22.5308057031326));
#5139=CARTESIAN_POINT('Ctrl Pts',(11.5046929957194,61.4507810017756,22.5042021528012));
#5140=CARTESIAN_POINT('Ctrl Pts',(11.493691337288,61.4507810017756,22.4776434175262));
#5141=CARTESIAN_POINT('Ctrl Pts',(11.3814142080542,61.4507810017756,22.2065989589689));
#5142=CARTESIAN_POINT('Ctrl Pts',(11.2597304497651,61.4507810017756,21.9399808754044));
#5143=CARTESIAN_POINT('Ctrl Pts',(11.1290736129856,61.4507810017756,21.6781672806808));
#5144=CARTESIAN_POINT('Ctrl Pts',(10.9967313085164,61.4507810017756,21.4129763016157));
#5145=CARTESIAN_POINT('Ctrl Pts',(10.8551827051676,61.4507810017756,21.152714065767));
#5146=CARTESIAN_POINT('Ctrl Pts',(10.7048254963965,61.4507810017756,20.8977842443132));
#5147=CARTESIAN_POINT('Ctrl Pts',(10.5532818470212,61.4507810017756,20.6408428193331));
#5148=CARTESIAN_POINT('Ctrl Pts',(10.3927897534171,61.4507810017756,20.3893177678053));
#5149=CARTESIAN_POINT('Ctrl Pts',(10.2237068985339,61.4507810017756,20.1436410081151));
#5150=CARTESIAN_POINT('Ctrl Pts',(10.0546422370452,61.4507810017756,19.8979906833596));
#5151=CARTESIAN_POINT('Ctrl Pts',(9.87698832484482,61.4507810017756,19.6581868771933));
#5152=CARTESIAN_POINT('Ctrl Pts',(9.69105815437841,61.4507810017756,19.4246877067041));
#5153=CARTESIAN_POINT('Ctrl Pts',(9.50635882916076,61.4507810017756,19.192734285051));
#5154=CARTESIAN_POINT('Ctrl Pts',(9.31349209172623,61.4507810017756,18.9670018257099));
#5155=CARTESIAN_POINT('Ctrl Pts',(9.1127261063157,61.4507810017756,18.7479727511871));
#5156=CARTESIAN_POINT('Ctrl Pts',(9.02412015367635,61.4507810017756,18.6513065765653));
#5157=CARTESIAN_POINT('Ctrl Pts',(8.93397510699882,61.4507810017756,18.5559465712735));
#5158=CARTESIAN_POINT('Ctrl Pts',(8.84231188083303,61.4507810017756,18.4619366641394));
#5159=CARTESIAN_POINT('Ctrl Pts',(8.82007965291552,61.4507810017756,18.439135266356));
#5160=CARTESIAN_POINT('Ctrl Pts',(8.79775854769987,61.4507810017756,18.4164137949706));
#5161=CARTESIAN_POINT('Ctrl Pts',(8.77535825439706,61.4507810017756,18.3937822275346));
#5162=CARTESIAN_POINT('Ctrl Pts',(8.5630241614243,61.4507810017756,18.1792558693696));
#5163=CARTESIAN_POINT('Ctrl Pts',(8.34336239684451,61.4507810017756,17.9725829152904));
#5164=CARTESIAN_POINT('Ctrl Pts',(8.11674347741629,61.4507810017756,17.7741912406857));
#5165=CARTESIAN_POINT('Ctrl Pts',(8.10130528209554,61.4507810017756,17.7606759991945));
#5166=CARTESIAN_POINT('Ctrl Pts',(8.08583478238301,61.4507810017756,17.7471992007286));
#5167=CARTESIAN_POINT('Ctrl Pts',(8.07033208805637,61.4507810017756,17.7337609853574));
#5168=CARTESIAN_POINT('Ctrl Pts',(7.84446573750726,61.4507810017756,17.5379730403821));
#5169=CARTESIAN_POINT('Ctrl Pts',(7.61176877207017,61.4507810017756,17.3503722077567));
#5170=CARTESIAN_POINT('Ctrl Pts',(7.3727844848924,61.4507810017756,17.1711460341364));
#5171=CARTESIAN_POINT('Ctrl Pts',(7.13213056968009,61.4507810017756,16.9906677236182));
#5172=CARTESIAN_POINT('Ctrl Pts',(6.88510068465711,61.4507810017756,16.8186811559608));
#5173=CARTESIAN_POINT('Ctrl Pts',(6.63221317776929,61.4507810017756,16.6554165808513));
#5174=CARTESIAN_POINT('Ctrl Pts',(6.379162046284,61.4507810017756,16.4920463694424));
#5175=CARTESIAN_POINT('Ctrl Pts',(6.12024517634569,61.4507810017756,16.3374091254712));
#5176=CARTESIAN_POINT('Ctrl Pts',(5.85595335459996,61.4507810017756,16.1917790868535));
#5177=CARTESIAN_POINT('Ctrl Pts',(5.78455856365983,61.4507810017756,16.1524391402254));
#5178=CARTESIAN_POINT('Ctrl Pts',(5.71277140764455,61.4507810017756,16.1137567419056));
#5179=CARTESIAN_POINT('Ctrl Pts',(5.64060128248027,61.4507810017756,16.0757378893895));
#5180=CARTESIAN_POINT('Ctrl Pts',(5.61279704322674,61.4507810017756,16.0610907584736));
#5181=CARTESIAN_POINT('Ctrl Pts',(5.58493596068154,61.4507810017756,16.0465421171035));
#5182=CARTESIAN_POINT('Ctrl Pts',(5.55701856817596,61.4507810017756,16.032092318643));
#5183=CARTESIAN_POINT('Ctrl Pts',(5.52712572063115,61.4507810017756,16.0166200419128));
#5184=CARTESIAN_POINT('Ctrl Pts',(5.49717690808885,61.4507810017756,16.0012655483196));
#5185=CARTESIAN_POINT('Ctrl Pts',(5.46717529548721,61.4507810017756,15.9860302795878));
#5186=CARTESIAN_POINT('Ctrl Pts',(5.1964500801898,61.4507810017756,15.8485519559289));
#5187=CARTESIAN_POINT('Ctrl Pts',(4.92136548254616,61.4507810017756,15.7207459448904));
#5188=CARTESIAN_POINT('Ctrl Pts',(4.64248017982707,61.4507810017756,15.6027885750428));
#5189=CARTESIAN_POINT('Ctrl Pts',(4.3622637526628,61.4507810017756,15.4842681925984));
#5190=CARTESIAN_POINT('Ctrl Pts',(4.07820972304328,61.4507810017756,15.3756903684045));
#5191=CARTESIAN_POINT('Ctrl Pts',(3.79085172189307,61.4507810017756,15.2772751421442));
#5192=CARTESIAN_POINT('Ctrl Pts',(3.50415696059279,61.4507810017756,15.1790870642481));
#5193=CARTESIAN_POINT('Ctrl Pts',(3.21417290324088,61.4507810017756,15.0910144464371));
#5194=CARTESIAN_POINT('Ctrl Pts',(2.92140485470181,61.4507810017756,15.0133211430607));
#5195=CARTESIAN_POINT('Ctrl Pts',(2.74175550847808,61.4507810017756,14.9656467085479));
#5196=CARTESIAN_POINT('Ctrl Pts',(2.56105744801397,61.4507810017756,14.9218813399));
#5197=CARTESIAN_POINT('Ctrl Pts',(2.37942418720919,61.4507810017756,14.8820951859969));
#5198=CARTESIAN_POINT('Ctrl Pts',(2.08311166926108,61.4507810017756,14.8171889271417));
#5199=CARTESIAN_POINT('Ctrl Pts',(1.78431042680327,61.4507810017756,14.762870216862));
#5200=CARTESIAN_POINT('Ctrl Pts',(1.48357611807718,61.4507810017756,14.7191035195645));
#5201=CARTESIAN_POINT('Ctrl Pts',(1.25167406544581,61.4507810017756,14.6853541712339));
#5202=CARTESIAN_POINT('Ctrl Pts',(1.0186222546077,61.4507810017756,14.6578803554741));
#5203=CARTESIAN_POINT('Ctrl Pts',(0.784674365555558,61.4507810017756,14.636686909728));
#5204=CARTESIAN_POINT('Ctrl Pts',(0.745157047933948,61.4507810017756,14.6331070179392));
#5205=CARTESIAN_POINT('Ctrl Pts',(0.705610747099582,61.4507810017756,14.6297061313246));
#5206=CARTESIAN_POINT('Ctrl Pts',(0.666062495850315,61.4507810017756,14.6264862837364));
#5207=CARTESIAN_POINT('Ctrl Pts',(0.364419853766458,61.4507810017756,14.6019278442874));
#5208=CARTESIAN_POINT('Ctrl Pts',(0.0623732832979506,61.4507810017756,14.5878688241274));
#5209=CARTESIAN_POINT('Ctrl Pts',(-0.239512981117872,61.4507810017756,14.5841615980053));
#5210=CARTESIAN_POINT('Ctrl Pts',(-0.544860411065368,61.4507810017756,14.5804118680506));
#5211=CARTESIAN_POINT('Ctrl Pts',(-0.850044407495944,61.4507810017756,14.5872525914002));
#5212=CARTESIAN_POINT('Ctrl Pts',(-1.15449620742679,61.4507810017756,14.6045819930583));
#5213=CARTESIAN_POINT('Ctrl Pts',(-1.4608898859136,61.4507810017756,14.622021926477));
#5214=CARTESIAN_POINT('Ctrl Pts',(-1.76654261044214,61.4507810017756,14.6500847262542));
#5215=CARTESIAN_POINT('Ctrl Pts',(-2.07088090479387,61.4507810017756,14.6887187629763));
#5216=CARTESIAN_POINT('Ctrl Pts',(-2.37436843768308,61.4507810017756,14.7272448003102));
#5217=CARTESIAN_POINT('Ctrl Pts',(-2.67654949889663,61.4507810017756,14.7762830858532));
#5218=CARTESIAN_POINT('Ctrl Pts',(-2.97685233372625,61.4507810017756,14.8358340027437));
#5219=CARTESIAN_POINT('Ctrl Pts',(-3.2736131065584,61.4507810017756,14.8946825185406));
#5220=CARTESIAN_POINT('Ctrl Pts',(-3.56854027611932,61.4507810017756,14.9637972317057));
#5221=CARTESIAN_POINT('Ctrl Pts',(-3.86107020742285,61.4507810017756,15.0432278929195));
#5222=CARTESIAN_POINT('Ctrl Pts',(-3.93533188860138,61.4507810017756,15.0633921694862));
#5223=CARTESIAN_POINT('Ctrl Pts',(-4.00943899517071,61.4507810017756,15.0842215036878));
#5224=CARTESIAN_POINT('Ctrl Pts',(-4.08338211376293,61.4507810017756,15.1057172135857));
#5225=CARTESIAN_POINT('Ctrl Pts',(-4.154932710785,61.4507810017756,15.1265174030541));
#5226=CARTESIAN_POINT('Ctrl Pts',(-4.22632975979173,61.4507810017756,15.1479415455078));
#5227=CARTESIAN_POINT('Ctrl Pts',(-4.29756633188783,61.4507810017756,15.169986245645));
#5228=CARTESIAN_POINT('Ctrl Pts',(-4.35938758503941,61.4507810017756,15.1891173035796));
#5229=CARTESIAN_POINT('Ctrl Pts',(-4.42108317454005,61.4507810017756,15.2087142786153));
#5230=CARTESIAN_POINT('Ctrl Pts',(-4.48264117194275,61.4507810017756,15.2287722973268));
#5231=CARTESIAN_POINT('Ctrl Pts',(-4.72886363763257,61.4507810017756,15.3090012689042));
#5232=CARTESIAN_POINT('Ctrl Pts',(-4.97292208015,61.4507810017756,15.3966157567341));
#5233=CARTESIAN_POINT('Ctrl Pts',(-5.21452362506879,61.4507810017756,15.4914656457489));
#5234=CARTESIAN_POINT('Ctrl Pts',(-5.27888669554335,61.4507810017756,15.5167338206408));
#5235=CARTESIAN_POINT('Ctrl Pts',(-5.34307533435881,61.4507810017756,15.5425156174897));
#5236=CARTESIAN_POINT('Ctrl Pts',(-5.40708385158931,61.4507810017756,15.5688084691217));
#5237=CARTESIAN_POINT('Ctrl Pts',(-5.43819277583077,61.4507810017756,15.5815871174157));
#5238=CARTESIAN_POINT('Ctrl Pts',(-5.46926025606312,61.4507810017756,15.5944869838978));
#5239=CARTESIAN_POINT('Ctrl Pts',(-5.50026944325786,61.4507810017756,15.607500873758));
#5240=CARTESIAN_POINT('Ctrl Pts',(-5.78196121449968,61.4507810017756,15.7257208600629));
#5241=CARTESIAN_POINT('Ctrl Pts',(-6.05915004990141,61.4507810017756,15.8534707568248));
#5242=CARTESIAN_POINT('Ctrl Pts',(-6.33141217775344,61.4507810017756,15.9903678552388));
#5243=CARTESIAN_POINT('Ctrl Pts',(-6.60660041153085,61.4507810017756,16.128736239483));
#5244=CARTESIAN_POINT('Ctrl Pts',(-6.87675600181724,61.4507810017756,16.2764496993109));
#5245=CARTESIAN_POINT('Ctrl Pts',(-7.14143091245132,61.4507810017756,16.4331652270536));
#5246=CARTESIAN_POINT('Ctrl Pts',(-7.40753573012669,61.4507810017756,16.5907274109304));
#5247=CARTESIAN_POINT('Ctrl Pts',(-7.66810103940719,61.4507810017756,16.7573894424366));
#5248=CARTESIAN_POINT('Ctrl Pts',(-7.9226528264438,61.4507810017756,16.9328517099373));
#5249=CARTESIAN_POINT('Ctrl Pts',(-8.17634461631426,61.4507810017756,17.1077211823351));
#5250=CARTESIAN_POINT('Ctrl Pts',(-8.42406397118263,61.4507810017756,17.2913318381207));
#5251=CARTESIAN_POINT('Ctrl Pts',(-8.66531516630534,61.4507810017756,17.4834313166978));
#5252=CARTESIAN_POINT('Ctrl Pts',(-8.90331587562703,61.4507810017756,17.672942552646));
#5253=CARTESIAN_POINT('Ctrl Pts',(-9.1350219936416,61.4507810017756,17.8707157568072));
#5254=CARTESIAN_POINT('Ctrl Pts',(-9.35992463158077,61.4507810017756,18.0765467353952));
#5255=CARTESIAN_POINT('Ctrl Pts',(-9.48960556391091,61.4507810017756,18.1952307732984));
#5256=CARTESIAN_POINT('Ctrl Pts',(-9.61702384219194,61.4507810017756,18.3165945243165));
#5257=CARTESIAN_POINT('Ctrl Pts',(-9.74207593864611,61.4507810017756,18.4406040478889));
#5258=CARTESIAN_POINT('',(-11.649999305609,61.4507815931784,21.0061842774607));
#5259=CARTESIAN_POINT('Origin',(1.69717819777097E-7,61.4507810017757,27.6776261924356));
#5260=CARTESIAN_POINT('',(-11.649999305609,61.4507815931784,34.036381954204));
#5261=CARTESIAN_POINT('',(-11.649999305609,61.4507815931784,48.2138633873003));
#5262=CARTESIAN_POINT('',(7.47682080469898,61.4507810017756,37.7771436360969));
#5263=CARTESIAN_POINT('Ctrl Pts',(-11.6491420582496,61.4507810017756,34.0358784832182));
#5264=CARTESIAN_POINT('Ctrl Pts',(-11.4929927252999,61.4507810017756,34.3013689332055));
#5265=CARTESIAN_POINT('Ctrl Pts',(-11.3276409052712,61.4507810017756,34.5613877968357));
#5266=CARTESIAN_POINT('Ctrl Pts',(-11.1534166416335,61.4507810017756,34.815480453669));
#5267=CARTESIAN_POINT('Ctrl Pts',(-10.9848738477094,61.4507810017756,35.0612871249333));
#5268=CARTESIAN_POINT('Ctrl Pts',(-10.8080273069577,61.4507810017756,35.3015480427241));
#5269=CARTESIAN_POINT('Ctrl Pts',(-10.6231422099545,61.4507810017756,35.5358193437167));
#5270=CARTESIAN_POINT('Ctrl Pts',(-10.5858136504402,61.4507810017756,35.5831190468477));
#5271=CARTESIAN_POINT('Ctrl Pts',(-10.5481573074569,61.4507810017756,35.630174472965));
#5272=CARTESIAN_POINT('Ctrl Pts',(-10.5101752186268,61.4507810017756,35.6769817884867));
#5273=CARTESIAN_POINT('Ctrl Pts',(-10.4911684801786,61.4507810017756,35.7004047868258));
#5274=CARTESIAN_POINT('Ctrl Pts',(-10.4720814358222,61.4507810017756,35.7237640614571));
#5275=CARTESIAN_POINT('Ctrl Pts',(-10.4529201443537,61.4507810017756,35.747052229096));
#5276=CARTESIAN_POINT('Ctrl Pts',(-10.2585182042044,61.4507810017756,35.9833236192041));
#5277=CARTESIAN_POINT('Ctrl Pts',(-10.0563114758957,61.4507810017756,36.2124832088416));
#5278=CARTESIAN_POINT('Ctrl Pts',(-9.84667023717104,61.4507810017756,36.4341312568138));
#5279=CARTESIAN_POINT('Ctrl Pts',(-9.63703831902106,61.4507810017756,36.6557694503928));
#5280=CARTESIAN_POINT('Ctrl Pts',(-9.41997215351152,61.4507810017756,36.8698972276731));
#5281=CARTESIAN_POINT('Ctrl Pts',(-9.19580133359,61.4507810017756,37.0760826412637));
#5282=CARTESIAN_POINT('Ctrl Pts',(-9.05429718434584,61.4507810017756,37.2062337980775));
#5283=CARTESIAN_POINT('Ctrl Pts',(-8.90996135338242,61.4507810017756,37.3332196065188));
#5284=CARTESIAN_POINT('Ctrl Pts',(-8.76286947729067,61.4507810017756,37.4569235531074));
#5285=CARTESIAN_POINT('Ctrl Pts',(-8.52935843372227,61.4507810017756,37.6533058308303));
#5286=CARTESIAN_POINT('Ctrl Pts',(-8.28890274933489,61.4507810017756,37.8414194436516));
#5287=CARTESIAN_POINT('Ctrl Pts',(-8.042000528503,61.4507810017756,38.0209967499541));
#5288=CARTESIAN_POINT('Ctrl Pts',(-7.79582258052926,61.4507810017756,38.2000472769979));
#5289=CARTESIAN_POINT('Ctrl Pts',(-7.54323529889255,61.4507810017756,38.3706117611339));
#5290=CARTESIAN_POINT('Ctrl Pts',(-7.28471043005072,61.4507810017756,38.5323782164867));
#5291=CARTESIAN_POINT('Ctrl Pts',(-7.13914385978219,61.4507810017756,38.6234634114843));
#5292=CARTESIAN_POINT('Ctrl Pts',(-6.99169446707437,61.4507810017756,38.7117583857261));
#5293=CARTESIAN_POINT('Ctrl Pts',(-6.84244440142176,61.4507810017756,38.7972004283457));
#5294=CARTESIAN_POINT('Ctrl Pts',(-6.76428005147002,61.4507810017756,38.841947622866));
#5295=CARTESIAN_POINT('Ctrl Pts',(-6.68562179945991,61.4507810017756,38.8859122394136));
#5296=CARTESIAN_POINT('Ctrl Pts',(-6.60648133817014,61.4507810017756,38.9290846876723));
#5297=CARTESIAN_POINT('Ctrl Pts',(-6.58097219854184,61.4507810017756,38.9430003509472));
#5298=CARTESIAN_POINT('Ctrl Pts',(-6.55541609432204,61.4507810017756,38.9568319775445));
#5299=CARTESIAN_POINT('Ctrl Pts',(-6.52982084230914,61.4507810017756,38.9705753932503));
#5300=CARTESIAN_POINT('Ctrl Pts',(-6.26265540567203,61.4507810017756,39.114030345601));
#5301=CARTESIAN_POINT('Ctrl Pts',(-5.99098956959654,61.4507810017756,39.2480078414649));
#5302=CARTESIAN_POINT('Ctrl Pts',(-5.71533934520477,61.4507810017756,39.372303769711));
#5303=CARTESIAN_POINT('Ctrl Pts',(-5.43934983882839,61.4507810017756,39.4967526866562));
#5304=CARTESIAN_POINT('Ctrl Pts',(-5.15936556912886,61.4507810017756,39.6114964515742));
#5305=CARTESIAN_POINT('Ctrl Pts',(-4.87587894621455,61.4507810017756,39.7162845934137));
#5306=CARTESIAN_POINT('Ctrl Pts',(-4.59443056574387,61.4507810017756,39.8203193182627));
#5307=CARTESIAN_POINT('Ctrl Pts',(-4.30952945205351,61.4507810017756,39.9145412609548));
#5308=CARTESIAN_POINT('Ctrl Pts',(-4.02164076777088,61.4507810017756,39.9986570667059));
#5309=CARTESIAN_POINT('Ctrl Pts',(-3.85238527482204,61.4507810017756,40.0481104247031));
#5310=CARTESIAN_POINT('Ctrl Pts',(-3.68209685558796,61.4507810017756,40.0940696734965));
#5311=CARTESIAN_POINT('Ctrl Pts',(-3.51086848652687,61.4507810017756,40.1364669025373));
#5312=CARTESIAN_POINT('Ctrl Pts',(-3.2177068731006,61.4507810017756,40.2090555754223));
#5313=CARTESIAN_POINT('Ctrl Pts',(-2.92178973915851,61.4507810017756,40.2712056132645));
#5314=CARTESIAN_POINT('Ctrl Pts',(-2.62367836125971,61.4507810017756,40.3228761646196));
#5315=CARTESIAN_POINT('Ctrl Pts',(-2.420158619112,61.4507810017756,40.3581514948084));
#5316=CARTESIAN_POINT('Ctrl Pts',(-2.21561613351732,61.4507810017756,40.3885415195687));
#5317=CARTESIAN_POINT('Ctrl Pts',(-2.01023095667028,61.4507810017756,40.4140193391978));
#5318=CARTESIAN_POINT('Ctrl Pts',(-1.94303642290686,61.4507810017756,40.4223547518969));
#5319=CARTESIAN_POINT('Ctrl Pts',(-1.87575170782757,61.4507810017756,40.4301642921559));
#5320=CARTESIAN_POINT('Ctrl Pts',(-1.80838317451761,61.4507810017756,40.4374467557412));
#5321=CARTESIAN_POINT('Ctrl Pts',(-1.77878975433584,61.4507810017756,40.4406457715762));
#5322=CARTESIAN_POINT('Ctrl Pts',(-1.74919005194321,61.4507810017756,40.4437420093794));
#5323=CARTESIAN_POINT('Ctrl Pts',(-1.71958478154064,61.4507810017756,40.4467355499991));
#5324=CARTESIAN_POINT('Ctrl Pts',(-1.42250089153551,61.4507810017756,40.4767752246953));
#5325=CARTESIAN_POINT('Ctrl Pts',(-1.12485174673229,61.4507810017756,40.4964783405611));
#5326=CARTESIAN_POINT('Ctrl Pts',(-0.827185857518541,61.4507810017756,40.5059163297755));
#5327=CARTESIAN_POINT('Ctrl Pts',(-0.527239221196728,61.4507810017756,40.5154266338482));
#5328=CARTESIAN_POINT('Ctrl Pts',(-0.227274968703493,61.4507810017756,40.5145139339371));
#5329=CARTESIAN_POINT('Ctrl Pts',(0.0721518475978096,61.4507810017756,40.5031990112575));
#5330=CARTESIAN_POINT('Ctrl Pts',(0.370915073301018,61.4507810017756,40.4919091647432));
#5331=CARTESIAN_POINT('Ctrl Pts',(0.669143857406006,61.4507810017756,40.4702631063846));
#5332=CARTESIAN_POINT('Ctrl Pts',(0.966283697106027,61.4507810017756,40.4382298430702));
#5333=CARTESIAN_POINT('Ctrl Pts',(1.25995854168436,61.4507810017756,40.4065701247548));
#5334=CARTESIAN_POINT('Ctrl Pts',(1.55257025422324,61.4507810017756,40.3647639309502));
#5335=CARTESIAN_POINT('Ctrl Pts',(1.8435717082576,61.4507810017756,40.3127321309294));
#5336=CARTESIAN_POINT('Ctrl Pts',(1.99600643955441,61.4507810017756,40.2854764133201));
#5337=CARTESIAN_POINT('Ctrl Pts',(2.1479990745522,61.4507810017756,40.2554140216208));
#5338=CARTESIAN_POINT('Ctrl Pts',(2.29946887098027,61.4507810017756,40.2225282400338));
#5339=CARTESIAN_POINT('Ctrl Pts',(2.53468928586437,61.4507810017756,40.171459265419));
#5340=CARTESIAN_POINT('Ctrl Pts',(2.76864945987962,61.4507810017756,40.1135823207146));
#5341=CARTESIAN_POINT('Ctrl Pts',(3.0010719815525,61.4507810017756,40.0489822085101));
#5342=CARTESIAN_POINT('Ctrl Pts',(3.03773366226785,61.4507810017756,40.0387923668769));
#5343=CARTESIAN_POINT('Ctrl Pts',(3.07435706009965,61.4507810017756,40.0284352090686));
#5344=CARTESIAN_POINT('Ctrl Pts',(3.11094105772306,61.4507810017756,40.0179110269629));
#5345=CARTESIAN_POINT('Ctrl Pts',(3.13760193906944,61.4507810017756,40.010241444943));
#5346=CARTESIAN_POINT('Ctrl Pts',(3.1642391471003,61.4507810017756,40.0024839293836));
#5347=CARTESIAN_POINT('Ctrl Pts',(3.19084416187141,61.4507810017756,39.994641089286));
#5348=CARTESIAN_POINT('Ctrl Pts',(3.4741444691258,61.4507810017756,39.911127547628));
#5349=CARTESIAN_POINT('Ctrl Pts',(3.75406473748422,61.4507810017756,39.8178662642405));
#5350=CARTESIAN_POINT('Ctrl Pts',(4.0301469764745,61.4507810017756,39.7151584307937));
#5351=CARTESIAN_POINT('Ctrl Pts',(4.30834275029239,61.4507810017756,39.6116643222722));
#5352=CARTESIAN_POINT('Ctrl Pts',(4.58264206793699,61.4507810017756,39.4985782464401));
#5353=CARTESIAN_POINT('Ctrl Pts',(4.85256221817876,61.4507810017756,39.3761574776092));
#5354=CARTESIAN_POINT('Ctrl Pts',(5.12232362127761,61.4507810017756,39.2538087076537));
#5355=CARTESIAN_POINT('Ctrl Pts',(5.38771154994611,61.4507810017756,39.1221359344274));
#5356=CARTESIAN_POINT('Ctrl Pts',(5.64822181197247,61.4507810017756,38.9813493235677));
#5357=CARTESIAN_POINT('Ctrl Pts',(5.90701078780403,61.4507810017756,38.8414929411289));
#5358=CARTESIAN_POINT('Ctrl Pts',(6.16098684199229,61.4507810017756,38.6926424486608));
#5359=CARTESIAN_POINT('Ctrl Pts',(6.4096259160719,61.4507810017756,38.5349623499435));
#5360=CARTESIAN_POINT('Ctrl Pts',(6.65412221916445,61.4507810017756,38.3799094832516));
#5361=CARTESIAN_POINT('Ctrl Pts',(6.89345831126047,61.4507810017756,38.216318452766));
#5362=CARTESIAN_POINT('Ctrl Pts',(7.12710040468332,61.4507810017756,38.0443103003598));
#5363=CARTESIAN_POINT('Ctrl Pts',(7.24515242881404,61.4507810017756,37.9573999741379));
#5364=CARTESIAN_POINT('Ctrl Pts',(7.36175019158798,61.4507810017756,37.8683402534469));
#5365=CARTESIAN_POINT('Ctrl Pts',(7.47682080469884,61.4507810017756,37.777143636097));
#5366=CARTESIAN_POINT('',(11.6500014935846,61.4507815931784,32.3872512896595));
#5367=CARTESIAN_POINT('Origin',(1.69717819777097E-7,61.4507810017756,27.6776261924356));
#5368=CARTESIAN_POINT('',(11.6500014935846,61.4507815931784,48.2138633873003));
#5369=CARTESIAN_POINT('',(6.37499956487554,61.4507810017757,48.2138633873004));
#5370=CARTESIAN_POINT('Origin',(-11.649999305609,47.6507721390574,48.2138633873003));
#5371=CARTESIAN_POINT('',(-11.6499992453425,47.8203242429799,21.3472496739221));
#5372=CARTESIAN_POINT('Ctrl Pts',(-11.649999305609,47.6507721390573,22.0318907535713));
#5373=CARTESIAN_POINT('Ctrl Pts',(-11.6499991932373,47.6582321516497,22.0001710866901));
#5374=CARTESIAN_POINT('Ctrl Pts',(-11.6499986520758,47.6657454665919,21.9684644438263));
#5375=CARTESIAN_POINT('Ctrl Pts',(-11.6499974337197,47.6733112408527,21.9367708370433));
#5376=CARTESIAN_POINT('Ctrl Pts',(-11.6499898617742,47.7203316703739,21.7397986630615));
#5377=CARTESIAN_POINT('Ctrl Pts',(-11.6499628050405,47.7693915684788,21.5432875471836));
#5378=CARTESIAN_POINT('Ctrl Pts',(-11.6499274076551,47.8203242662922,21.3472717229123));
#5379=CARTESIAN_POINT('',(-11.6499993055613,48.0579806695094,34.0080024893035));
#5380=CARTESIAN_POINT('Ctrl Pts',(-11.649999305609,48.0579806695532,34.0080024892908));
#5381=CARTESIAN_POINT('Ctrl Pts',(-11.649999305609,47.9377534393297,33.5955219801848));
#5382=CARTESIAN_POINT('Ctrl Pts',(-11.6499993056098,47.8250727327693,33.1804895212345));
#5383=CARTESIAN_POINT('Ctrl Pts',(-11.6499993056098,47.6974866813393,32.6664597344052));
#5384=CARTESIAN_POINT('Ctrl Pts',(-11.649999305609,47.6738726523243,32.5692083850069));
#5385=CARTESIAN_POINT('Ctrl Pts',(-11.649999305609,47.6507721390574,32.4718355435596));
#5386=CARTESIAN_POINT('',(-11.6499993055607,48.2312212133984,34.0080024893057));
#5387=CARTESIAN_POINT('Ctrl Pts',(-11.649999305609,48.2312212133947,34.0080024891279));
#5388=CARTESIAN_POINT('Ctrl Pts',(-11.649999305609,48.2274143486516,34.0226537344654));
#5389=CARTESIAN_POINT('Ctrl Pts',(-11.6499993056091,48.222456379521,34.037342778428));
#5390=CARTESIAN_POINT('Ctrl Pts',(-11.6499993056091,48.210741610103,34.0626575526029));
#5391=CARTESIAN_POINT('Ctrl Pts',(-11.649999305609,48.2041175774249,34.0741134575734));
#5392=CARTESIAN_POINT('Ctrl Pts',(-11.649999305609,48.1900202995851,34.0914494919615));
#5393=CARTESIAN_POINT('Ctrl Pts',(-11.649999305609,48.1829407535128,34.0982776035645));
#5394=CARTESIAN_POINT('Ctrl Pts',(-11.649999305609,48.1690316616712,34.1069974344987));
#5395=CARTESIAN_POINT('Ctrl Pts',(-11.649999305609,48.1627482637018,34.1097096855421));
#5396=CARTESIAN_POINT('Ctrl Pts',(-11.649999305609,48.1495687328113,34.1124079667102));
#5397=CARTESIAN_POINT('Ctrl Pts',(-11.6499993056092,48.143040229953,34.1124108887678));
#5398=CARTESIAN_POINT('Ctrl Pts',(-11.6499993056092,48.1288719703105,34.1095733497854));
#5399=CARTESIAN_POINT('Ctrl Pts',(-11.649999305616,48.1217097572877,34.1063017256032));
#5400=CARTESIAN_POINT('Ctrl Pts',(-11.649999305616,48.1048254430455,34.0950619169535));
#5401=CARTESIAN_POINT('Ctrl Pts',(-11.6499993057514,48.0960248670614,34.0854659558847));
#5402=CARTESIAN_POINT('Ctrl Pts',(-11.6499993057514,48.0747834877735,34.0556342760557));
#5403=CARTESIAN_POINT('Ctrl Pts',(-11.649999305609,48.0648129235589,34.0314428663619));
#5404=CARTESIAN_POINT('Ctrl Pts',(-11.649999305609,48.0579806695058,34.0080024891279));
#5405=CARTESIAN_POINT('',(-11.6500008777012,48.6041312030954,32.3872480846772));
#5406=CARTESIAN_POINT('Ctrl Pts',(-11.649999305609,48.6041313624767,32.3872558623042));
#5407=CARTESIAN_POINT('Ctrl Pts',(-11.649999305609,48.4964130129952,32.9291740295917));
#5408=CARTESIAN_POINT('Ctrl Pts',(-11.649999305609,48.3714993196325,33.4677157686116));
#5409=CARTESIAN_POINT('Ctrl Pts',(-11.649999305609,48.2322014093566,34.0042293552949));
#5410=CARTESIAN_POINT('Ctrl Pts',(-11.649999305609,48.2317113984651,34.0061159441072));
#5411=CARTESIAN_POINT('Ctrl Pts',(-11.649999305609,48.2312212133517,34.0080024892936));
#5412=CARTESIAN_POINT('',(-11.6500010291503,49.130843235767,32.3872473354101));
#5413=CARTESIAN_POINT('',(-11.649999305609,44.8779023263593,32.3872558623124));
#5414=CARTESIAN_POINT('',(-11.6499993055791,49.557980669508,34.0080024892381));
#5415=CARTESIAN_POINT('Ctrl Pts',(-11.649999305609,49.5579806695356,34.0080024892301));
#5416=CARTESIAN_POINT('Ctrl Pts',(-11.649999305609,49.4298277614157,33.5683302395513));
#5417=CARTESIAN_POINT('Ctrl Pts',(-11.6499993056091,49.3102416334117,33.1257319735502));
#5418=CARTESIAN_POINT('Ctrl Pts',(-11.6499993056091,49.1772535982195,32.5832217505536));
#5419=CARTESIAN_POINT('Ctrl Pts',(-11.649999305609,49.1537857131147,32.4853001282406));
#5420=CARTESIAN_POINT('Ctrl Pts',(-11.649999305609,49.1308434104983,32.3872558623021));
#5421=CARTESIAN_POINT('',(-11.6499993055803,49.7312212133969,34.0080024892339));
#5422=CARTESIAN_POINT('Ctrl Pts',(-11.649999305609,49.7312212133948,34.0080024891279));
#5423=CARTESIAN_POINT('Ctrl Pts',(-11.649999305609,49.727414351135,34.0226537249079));
#5424=CARTESIAN_POINT('Ctrl Pts',(-11.6499993056091,49.7224563860619,34.0373427589852));
#5425=CARTESIAN_POINT('Ctrl Pts',(-11.6499993056091,49.7107416335321,34.0626575064693));
#5426=CARTESIAN_POINT('Ctrl Pts',(-11.649999305609,49.7041176166147,34.0741133926536));
#5427=CARTESIAN_POINT('Ctrl Pts',(-11.649999305609,49.6900203575714,34.0914494332305));
#5428=CARTESIAN_POINT('Ctrl Pts',(-11.649999305609,49.6829408062959,34.0982775616439));
#5429=CARTESIAN_POINT('Ctrl Pts',(-11.649999305609,49.6690317059865,34.106997413035));
#5430=CARTESIAN_POINT('Ctrl Pts',(-11.649999305609,49.6627483064186,34.1097096711178));
#5431=CARTESIAN_POINT('Ctrl Pts',(-11.649999305609,49.6495687764471,34.1124079632656));
#5432=CARTESIAN_POINT('Ctrl Pts',(-11.6499993056092,49.6430402761455,34.1124108916123));
#5433=CARTESIAN_POINT('Ctrl Pts',(-11.6499993056092,49.6288720219804,34.1095733677265));
#5434=CARTESIAN_POINT('Ctrl Pts',(-11.6499993056159,49.6217098114642,34.1063017532606));
#5435=CARTESIAN_POINT('Ctrl Pts',(-11.6499993056159,49.604825498917,34.095061967468));
#5436=CARTESIAN_POINT('Ctrl Pts',(-11.6499993057498,49.5960249222341,34.0854660197368));
#5437=CARTESIAN_POINT('Ctrl Pts',(-11.6499993057498,49.5747835127373,34.0556343374754));
#5438=CARTESIAN_POINT('Ctrl Pts',(-11.649999305609,49.564812931822,34.0314428947111));
#5439=CARTESIAN_POINT('Ctrl Pts',(-11.649999305609,49.5579806695058,34.0080024891279));
#5440=CARTESIAN_POINT('',(-11.6499993056068,50.1041313624753,32.3872558623234));
#5441=CARTESIAN_POINT('Ctrl Pts',(-11.649999305609,50.1041313624771,32.3872558623022));
#5442=CARTESIAN_POINT('Ctrl Pts',(-11.649999305609,49.9963686013047,32.9293974595094));
#5443=CARTESIAN_POINT('Ctrl Pts',(-11.649999305609,49.871396261216,33.46816006643));
#5444=CARTESIAN_POINT('Ctrl Pts',(-11.649999305609,49.7320868618666,34.0046703643308));
#5445=CARTESIAN_POINT('Ctrl Pts',(-11.649999305609,49.7316541055561,34.0063364437892));
#5446=CARTESIAN_POINT('Ctrl Pts',(-11.649999305609,49.7312212133691,34.0080024892267));
#5447=CARTESIAN_POINT('',(-11.6500010291503,50.630843235767,32.3872473354101));
#5448=CARTESIAN_POINT('',(-11.649999305609,44.8779023263593,32.3872558623124));
#5449=CARTESIAN_POINT('',(-11.6499993055791,51.057980669508,34.0080024892381));
#5450=CARTESIAN_POINT('Ctrl Pts',(-11.649999305609,51.0579806695355,34.0080024892301));
#5451=CARTESIAN_POINT('Ctrl Pts',(-11.649999305609,50.9298277614157,33.5683302395513));
#5452=CARTESIAN_POINT('Ctrl Pts',(-11.6499993056091,50.8102416334117,33.1257319735502));
#5453=CARTESIAN_POINT('Ctrl Pts',(-11.6499993056091,50.677253598219,32.5832217505516));
#5454=CARTESIAN_POINT('Ctrl Pts',(-11.649999305609,50.6537857131145,32.4853001282396));
#5455=CARTESIAN_POINT('Ctrl Pts',(-11.649999305609,50.6308434104983,32.3872558623021));
#5456=CARTESIAN_POINT('',(-11.6499993055802,51.2312212133969,34.0080024892339));
#5457=CARTESIAN_POINT('Ctrl Pts',(-11.649999305609,51.2312212133948,34.0080024891279));
#5458=CARTESIAN_POINT('Ctrl Pts',(-11.649999305609,51.227414351135,34.0226537249078));
#5459=CARTESIAN_POINT('Ctrl Pts',(-11.6499993056091,51.2224563860619,34.0373427589852));
#5460=CARTESIAN_POINT('Ctrl Pts',(-11.6499993056091,51.2107416335321,34.0626575064694));
#5461=CARTESIAN_POINT('Ctrl Pts',(-11.649999305609,51.2041176166147,34.0741133926536));
#5462=CARTESIAN_POINT('Ctrl Pts',(-11.649999305609,51.1900203575714,34.0914494332304));
#5463=CARTESIAN_POINT('Ctrl Pts',(-11.649999305609,51.1829408062959,34.0982775616439));
#5464=CARTESIAN_POINT('Ctrl Pts',(-11.649999305609,51.1690317059865,34.106997413035));
#5465=CARTESIAN_POINT('Ctrl Pts',(-11.649999305609,51.1627483064186,34.1097096711178));
#5466=CARTESIAN_POINT('Ctrl Pts',(-11.649999305609,51.1495687764471,34.1124079632656));
#5467=CARTESIAN_POINT('Ctrl Pts',(-11.6499993056092,51.1430402761455,34.1124108916123));
#5468=CARTESIAN_POINT('Ctrl Pts',(-11.6499993056092,51.1288720219804,34.1095733677265));
#5469=CARTESIAN_POINT('Ctrl Pts',(-11.6499993056159,51.1217098114642,34.1063017532606));
#5470=CARTESIAN_POINT('Ctrl Pts',(-11.6499993056159,51.104825498917,34.095061967468));
#5471=CARTESIAN_POINT('Ctrl Pts',(-11.6499993057498,51.0960249222342,34.0854660197368));
#5472=CARTESIAN_POINT('Ctrl Pts',(-11.6499993057498,51.0747835127373,34.0556343374754));
#5473=CARTESIAN_POINT('Ctrl Pts',(-11.649999305609,51.064812931822,34.0314428947111));
#5474=CARTESIAN_POINT('Ctrl Pts',(-11.649999305609,51.0579806695058,34.0080024891279));
#5475=CARTESIAN_POINT('',(-11.6499993056068,51.6041313624753,32.3872558623234));
#5476=CARTESIAN_POINT('Ctrl Pts',(-11.649999305609,51.6041313624771,32.3872558623022));
#5477=CARTESIAN_POINT('Ctrl Pts',(-11.649999305609,51.4963686013048,32.929397459509));
#5478=CARTESIAN_POINT('Ctrl Pts',(-11.649999305609,51.3713962612162,33.468160066429));
#5479=CARTESIAN_POINT('Ctrl Pts',(-11.649999305609,51.2320868618666,34.0046703643308));
#5480=CARTESIAN_POINT('Ctrl Pts',(-11.649999305609,51.2316541055561,34.0063364437892));
#5481=CARTESIAN_POINT('Ctrl Pts',(-11.649999305609,51.2312212133691,34.0080024892267));
#5482=CARTESIAN_POINT('',(-11.6500010291503,52.130843235767,32.3872473354102));
#5483=CARTESIAN_POINT('',(-11.649999305609,44.8779023263593,32.3872558623124));
#5484=CARTESIAN_POINT('',(-11.6499993055791,52.557980669508,34.0080024892381));
#5485=CARTESIAN_POINT('Ctrl Pts',(-11.649999305609,52.5579806695356,34.0080024892301));
#5486=CARTESIAN_POINT('Ctrl Pts',(-11.649999305609,52.4298277614158,33.5683302395516));
#5487=CARTESIAN_POINT('Ctrl Pts',(-11.6499993056091,52.3102416334117,33.1257319735503));
#5488=CARTESIAN_POINT('Ctrl Pts',(-11.6499993056091,52.177253598219,32.5832217505516));
#5489=CARTESIAN_POINT('Ctrl Pts',(-11.649999305609,52.1537857131145,32.4853001282396));
#5490=CARTESIAN_POINT('Ctrl Pts',(-11.649999305609,52.1308434104983,32.387255862302));
#5491=CARTESIAN_POINT('',(-11.6499993055802,52.7312212133969,34.0080024892339));
#5492=CARTESIAN_POINT('Ctrl Pts',(-11.649999305609,52.7312212133948,34.0080024891279));
#5493=CARTESIAN_POINT('Ctrl Pts',(-11.649999305609,52.727414351135,34.0226537249079));
#5494=CARTESIAN_POINT('Ctrl Pts',(-11.6499993056091,52.7224563860619,34.0373427589852));
#5495=CARTESIAN_POINT('Ctrl Pts',(-11.6499993056091,52.7107416335321,34.0626575064694));
#5496=CARTESIAN_POINT('Ctrl Pts',(-11.649999305609,52.7041176166147,34.0741133926536));
#5497=CARTESIAN_POINT('Ctrl Pts',(-11.649999305609,52.6900203575714,34.0914494332305));
#5498=CARTESIAN_POINT('Ctrl Pts',(-11.649999305609,52.6829408062959,34.0982775616439));
#5499=CARTESIAN_POINT('Ctrl Pts',(-11.649999305609,52.6690317059865,34.106997413035));
#5500=CARTESIAN_POINT('Ctrl Pts',(-11.649999305609,52.6627483064186,34.1097096711178));
#5501=CARTESIAN_POINT('Ctrl Pts',(-11.649999305609,52.6495687764471,34.1124079632656));
#5502=CARTESIAN_POINT('Ctrl Pts',(-11.6499993056092,52.6430402761455,34.1124108916123));
#5503=CARTESIAN_POINT('Ctrl Pts',(-11.6499993056092,52.6288720219804,34.1095733677265));
#5504=CARTESIAN_POINT('Ctrl Pts',(-11.6499993056159,52.6217098114642,34.1063017532606));
#5505=CARTESIAN_POINT('Ctrl Pts',(-11.6499993056159,52.604825498917,34.095061967468));
#5506=CARTESIAN_POINT('Ctrl Pts',(-11.6499993057498,52.5960249222342,34.0854660197369));
#5507=CARTESIAN_POINT('Ctrl Pts',(-11.6499993057498,52.5747835127372,34.0556343374754));
#5508=CARTESIAN_POINT('Ctrl Pts',(-11.649999305609,52.5648129318219,34.031442894711));
#5509=CARTESIAN_POINT('Ctrl Pts',(-11.649999305609,52.5579806695058,34.0080024891279));
#5510=CARTESIAN_POINT('',(-11.6499993056068,53.1041313624753,32.3872558623233));
#5511=CARTESIAN_POINT('Ctrl Pts',(-11.649999305609,53.1041313624771,32.3872558623022));
#5512=CARTESIAN_POINT('Ctrl Pts',(-11.649999305609,52.9963686013047,32.9293974595094));
#5513=CARTESIAN_POINT('Ctrl Pts',(-11.649999305609,52.8713962612159,33.46816006643));
#5514=CARTESIAN_POINT('Ctrl Pts',(-11.649999305609,52.7320868618666,34.0046703643308));
#5515=CARTESIAN_POINT('Ctrl Pts',(-11.6499993056091,52.7316541055561,34.0063364437892));
#5516=CARTESIAN_POINT('Ctrl Pts',(-11.6499993056091,52.7312212133691,34.0080024892267));
#5517=CARTESIAN_POINT('',(-11.6500010291503,53.630843235767,32.3872473354101));
#5518=CARTESIAN_POINT('',(-11.649999305609,44.8779023263593,32.3872558623124));
#5519=CARTESIAN_POINT('',(-11.6499993055791,54.057980669508,34.0080024892381));
#5520=CARTESIAN_POINT('Ctrl Pts',(-11.649999305609,54.0579806695355,34.0080024892301));
#5521=CARTESIAN_POINT('Ctrl Pts',(-11.649999305609,53.9298277614157,33.5683302395513));
#5522=CARTESIAN_POINT('Ctrl Pts',(-11.6499993056091,53.8102416334117,33.1257319735502));
#5523=CARTESIAN_POINT('Ctrl Pts',(-11.6499993056091,53.6772535982191,32.5832217505517));
#5524=CARTESIAN_POINT('Ctrl Pts',(-11.649999305609,53.6537857131145,32.4853001282396));
#5525=CARTESIAN_POINT('Ctrl Pts',(-11.649999305609,53.6308434104983,32.387255862302));
#5526=CARTESIAN_POINT('',(-11.6499993055803,54.2312212133969,34.0080024892339));
#5527=CARTESIAN_POINT('Ctrl Pts',(-11.649999305609,54.2312212133948,34.0080024891279));
#5528=CARTESIAN_POINT('Ctrl Pts',(-11.649999305609,54.227414351135,34.0226537249078));
#5529=CARTESIAN_POINT('Ctrl Pts',(-11.6499993056091,54.2224563860619,34.0373427589852));
#5530=CARTESIAN_POINT('Ctrl Pts',(-11.6499993056091,54.2107416335321,34.0626575064694));
#5531=CARTESIAN_POINT('Ctrl Pts',(-11.649999305609,54.2041176166147,34.0741133926536));
#5532=CARTESIAN_POINT('Ctrl Pts',(-11.649999305609,54.1900203575714,34.0914494332304));
#5533=CARTESIAN_POINT('Ctrl Pts',(-11.649999305609,54.1829408062959,34.0982775616439));
#5534=CARTESIAN_POINT('Ctrl Pts',(-11.649999305609,54.1690317059865,34.106997413035));
#5535=CARTESIAN_POINT('Ctrl Pts',(-11.649999305609,54.1627483064186,34.1097096711178));
#5536=CARTESIAN_POINT('Ctrl Pts',(-11.649999305609,54.1495687764471,34.1124079632656));
#5537=CARTESIAN_POINT('Ctrl Pts',(-11.6499993056092,54.1430402761455,34.1124108916123));
#5538=CARTESIAN_POINT('Ctrl Pts',(-11.6499993056092,54.1288720219804,34.1095733677265));
#5539=CARTESIAN_POINT('Ctrl Pts',(-11.6499993056159,54.1217098114642,34.1063017532606));
#5540=CARTESIAN_POINT('Ctrl Pts',(-11.6499993056159,54.104825498917,34.095061967468));
#5541=CARTESIAN_POINT('Ctrl Pts',(-11.6499993057498,54.0960249222342,34.0854660197368));
#5542=CARTESIAN_POINT('Ctrl Pts',(-11.6499993057498,54.0747835127372,34.0556343374754));
#5543=CARTESIAN_POINT('Ctrl Pts',(-11.649999305609,54.064812931822,34.0314428947111));
#5544=CARTESIAN_POINT('Ctrl Pts',(-11.649999305609,54.0579806695058,34.0080024891279));
#5545=CARTESIAN_POINT('',(-11.6499993056068,54.6041313624753,32.3872558623234));
#5546=CARTESIAN_POINT('Ctrl Pts',(-11.649999305609,54.6041313624771,32.3872558623022));
#5547=CARTESIAN_POINT('Ctrl Pts',(-11.649999305609,54.4963686013048,32.9293974595091));
#5548=CARTESIAN_POINT('Ctrl Pts',(-11.649999305609,54.3713962612161,33.4681600664293));
#5549=CARTESIAN_POINT('Ctrl Pts',(-11.649999305609,54.2320868618666,34.0046703643308));
#5550=CARTESIAN_POINT('Ctrl Pts',(-11.6499993056091,54.2316541055561,34.0063364437892));
#5551=CARTESIAN_POINT('Ctrl Pts',(-11.6499993056091,54.2312212133691,34.0080024892266));
#5552=CARTESIAN_POINT('',(-11.6500010291503,55.130843235767,32.3872473354101));
#5553=CARTESIAN_POINT('',(-11.649999305609,44.8779023263593,32.3872558623124));
#5554=CARTESIAN_POINT('',(-11.6499993055791,55.557980669508,34.0080024892381));
#5555=CARTESIAN_POINT('Ctrl Pts',(-11.649999305609,55.5579806695356,34.0080024892301));
#5556=CARTESIAN_POINT('Ctrl Pts',(-11.649999305609,55.4298277614156,33.568330239551));
#5557=CARTESIAN_POINT('Ctrl Pts',(-11.6499993056091,55.3102416334116,33.12573197355));
#5558=CARTESIAN_POINT('Ctrl Pts',(-11.6499993056091,55.1772535982191,32.5832217505517));
#5559=CARTESIAN_POINT('Ctrl Pts',(-11.649999305609,55.1537857131145,32.4853001282396));
#5560=CARTESIAN_POINT('Ctrl Pts',(-11.649999305609,55.1308434104983,32.387255862302));
#5561=CARTESIAN_POINT('',(-11.6499993055802,55.7312212133969,34.0080024892339));
#5562=CARTESIAN_POINT('Ctrl Pts',(-11.649999305609,55.7312212133947,34.0080024891279));
#5563=CARTESIAN_POINT('Ctrl Pts',(-11.649999305609,55.727414351135,34.0226537249078));
#5564=CARTESIAN_POINT('Ctrl Pts',(-11.649999305609,55.7224563860619,34.0373427589852));
#5565=CARTESIAN_POINT('Ctrl Pts',(-11.649999305609,55.710741633532,34.0626575064695));
#5566=CARTESIAN_POINT('Ctrl Pts',(-11.649999305609,55.7041176166146,34.0741133926536));
#5567=CARTESIAN_POINT('Ctrl Pts',(-11.649999305609,55.6900203575714,34.0914494332304));
#5568=CARTESIAN_POINT('Ctrl Pts',(-11.649999305609,55.6829408062959,34.0982775616439));
#5569=CARTESIAN_POINT('Ctrl Pts',(-11.649999305609,55.6690317059866,34.1069974130349));
#5570=CARTESIAN_POINT('Ctrl Pts',(-11.649999305609,55.6627483064186,34.1097096711178));
#5571=CARTESIAN_POINT('Ctrl Pts',(-11.649999305609,55.6495687764471,34.1124079632656));
#5572=CARTESIAN_POINT('Ctrl Pts',(-11.6499993056092,55.6430402761455,34.1124108916123));
#5573=CARTESIAN_POINT('Ctrl Pts',(-11.6499993056092,55.6288720219804,34.1095733677265));
#5574=CARTESIAN_POINT('Ctrl Pts',(-11.6499993056159,55.6217098114641,34.1063017532606));
#5575=CARTESIAN_POINT('Ctrl Pts',(-11.6499993056159,55.604825498917,34.095061967468));
#5576=CARTESIAN_POINT('Ctrl Pts',(-11.6499993057498,55.5960249222341,34.0854660197367));
#5577=CARTESIAN_POINT('Ctrl Pts',(-11.6499993057498,55.5747835127372,34.0556343374754));
#5578=CARTESIAN_POINT('Ctrl Pts',(-11.649999305609,55.564812931822,34.0314428947111));
#5579=CARTESIAN_POINT('Ctrl Pts',(-11.649999305609,55.5579806695058,34.0080024891279));
#5580=CARTESIAN_POINT('',(-11.6499993056068,56.1041313624753,32.3872558623234));
#5581=CARTESIAN_POINT('Ctrl Pts',(-11.649999305609,56.1041313624771,32.3872558623022));
#5582=CARTESIAN_POINT('Ctrl Pts',(-11.649999305609,55.9963686013048,32.9293974595092));
#5583=CARTESIAN_POINT('Ctrl Pts',(-11.649999305609,55.8713962612162,33.4681600664293));
#5584=CARTESIAN_POINT('Ctrl Pts',(-11.649999305609,55.7320868618666,34.0046703643308));
#5585=CARTESIAN_POINT('Ctrl Pts',(-11.6499993056091,55.7316541055561,34.0063364437892));
#5586=CARTESIAN_POINT('Ctrl Pts',(-11.6499993056091,55.7312212133691,34.0080024892266));
#5587=CARTESIAN_POINT('',(-11.6500010291503,56.630843235767,32.3872473354101));
#5588=CARTESIAN_POINT('',(-11.649999305609,44.8779023263593,32.3872558623124));
#5589=CARTESIAN_POINT('',(-11.6499993055791,57.057980669508,34.0080024892381));
#5590=CARTESIAN_POINT('Ctrl Pts',(-11.649999305609,57.0579806695356,34.0080024892301));
#5591=CARTESIAN_POINT('Ctrl Pts',(-11.649999305609,56.9298277614156,33.568330239551));
#5592=CARTESIAN_POINT('Ctrl Pts',(-11.6499993056091,56.8102416334117,33.1257319735501));
#5593=CARTESIAN_POINT('Ctrl Pts',(-11.6499993056091,56.677253598219,32.5832217505516));
#5594=CARTESIAN_POINT('Ctrl Pts',(-11.649999305609,56.6537857131145,32.4853001282395));
#5595=CARTESIAN_POINT('Ctrl Pts',(-11.649999305609,56.6308434104983,32.387255862302));
#5596=CARTESIAN_POINT('',(-11.6499993055803,57.2312212133969,34.0080024892339));
#5597=CARTESIAN_POINT('Ctrl Pts',(-11.6499993074716,57.2312212133904,34.0080024922977));
#5598=CARTESIAN_POINT('Ctrl Pts',(-11.6499993201803,57.2287194051469,34.0176310592061));
#5599=CARTESIAN_POINT('Ctrl Pts',(-11.6499947633627,57.2257144203928,34.0272932904171));
#5600=CARTESIAN_POINT('Ctrl Pts',(-11.6499999072169,57.2221374490711,34.0366952488196));
#5601=CARTESIAN_POINT('Ctrl Pts',(-11.6500034187845,57.2196955492896,34.0431137068122));
#5602=CARTESIAN_POINT('Ctrl Pts',(-11.6500107729234,57.2169872762944,34.0494104463516));
#5603=CARTESIAN_POINT('Ctrl Pts',(-11.6500150599428,57.213995342702,34.0554849450843));
#5604=CARTESIAN_POINT('Ctrl Pts',(-11.6500200354995,57.2105228752807,34.0625350677891));
#5605=CARTESIAN_POINT('Ctrl Pts',(-11.6500208055035,57.2065530597636,34.0695241223742));
#5606=CARTESIAN_POINT('Ctrl Pts',(-11.6500175201781,57.20202571873,34.0760796681509));
#5607=CARTESIAN_POINT('Ctrl Pts',(-11.6500150389902,57.1986065190833,34.0810306359788));
#5608=CARTESIAN_POINT('Ctrl Pts',(-11.6500087688308,57.194869112285,34.0857334751057));
#5609=CARTESIAN_POINT('Ctrl Pts',(-11.649999193934,57.190809937886,34.0900268060451));
#5610=CARTESIAN_POINT('Ctrl Pts',(-11.6499888855354,57.1864398033304,34.0946490351125));
#5611=CARTESIAN_POINT('Ctrl Pts',(-11.6499776179205,57.1816009833461,34.098892968186));
#5612=CARTESIAN_POINT('Ctrl Pts',(-11.6499753753052,57.1762982208256,34.102405467533));
#5613=CARTESIAN_POINT('Ctrl Pts',(-11.6499745632727,57.1743781342246,34.1036773145949));
#5614=CARTESIAN_POINT('Ctrl Pts',(-11.6499747080045,57.1723976111149,34.1048531223497));
#5615=CARTESIAN_POINT('Ctrl Pts',(-11.6499754767414,57.1703583392154,34.105915633073));
#5616=CARTESIAN_POINT('Ctrl Pts',(-11.649977679552,57.1645148192693,34.108960250422));
#5617=CARTESIAN_POINT('Ctrl Pts',(-11.6499893755567,57.1582910117684,34.1110176839246));
#5618=CARTESIAN_POINT('Ctrl Pts',(-11.6499975390864,57.1517520448522,34.1117689014843));
#5619=CARTESIAN_POINT('Ctrl Pts',(-11.6499998314174,57.1499158934425,34.1119798444665));
#5620=CARTESIAN_POINT('Ctrl Pts',(-11.6500016235792,57.1480842520356,34.112084260314));
#5621=CARTESIAN_POINT('Ctrl Pts',(-11.6500023311212,57.1462592375133,34.1120846657232));
#5622=CARTESIAN_POINT('Ctrl Pts',(-11.6500041589982,57.1415444612991,34.1120857130649));
#5623=CARTESIAN_POINT('Ctrl Pts',(-11.6499993318833,57.1368743177373,34.1113928645513));
#5624=CARTESIAN_POINT('Ctrl Pts',(-11.6499949365353,57.1322834736647,34.1100594451102));
#5625=CARTESIAN_POINT('Ctrl Pts',(-11.6499893066225,57.1264031538333,34.1083514949688));
#5626=CARTESIAN_POINT('Ctrl Pts',(-11.6499838910229,57.1208746838754,34.1056598755813));
#5627=CARTESIAN_POINT('Ctrl Pts',(-11.649982623013,57.1157497445198,34.1023142333319));
#5628=CARTESIAN_POINT('Ctrl Pts',(-11.6499821362849,57.1137825266061,34.1010300020642));
#5629=CARTESIAN_POINT('Ctrl Pts',(-11.6499819984132,57.111874276056,34.0996492717694));
#5630=CARTESIAN_POINT('Ctrl Pts',(-11.6499815017675,57.110026242995,34.0981901996199));
#5631=CARTESIAN_POINT('Ctrl Pts',(-11.649980802906,57.1074257588868,34.0961370469911));
#5632=CARTESIAN_POINT('Ctrl Pts',(-11.6499784687412,57.104927706096,34.0939171324062));
#5633=CARTESIAN_POINT('Ctrl Pts',(-11.6499751999986,57.102534959967,34.0915649605965));
#5634=CARTESIAN_POINT('Ctrl Pts',(-11.6499680514195,57.0973021418328,34.0864208765035));
#5635=CARTESIAN_POINT('Ctrl Pts',(-11.6499594536245,57.0925745976659,34.0806459748011));
#5636=CARTESIAN_POINT('Ctrl Pts',(-11.6499588400654,57.0883324271856,34.0746023934466));
#5637=CARTESIAN_POINT('Ctrl Pts',(-11.649958538551,57.086247745365,34.0716324646709));
#5638=CARTESIAN_POINT('Ctrl Pts',(-11.649959531363,57.0842798141303,34.0685972891998));
#5639=CARTESIAN_POINT('Ctrl Pts',(-11.6499595831609,57.0824240102461,34.0655378997692));
#5640=CARTESIAN_POINT('Ctrl Pts',(-11.6499597214582,57.0774691282319,34.0573695185123));
#5641=CARTESIAN_POINT('Ctrl Pts',(-11.6499574836595,57.0730822551339,34.0486427203776));
#5642=CARTESIAN_POINT('Ctrl Pts',(-11.6499658318912,57.069230654854,34.0396536753859));
#5643=CARTESIAN_POINT('Ctrl Pts',(-11.6499748424333,57.0650734863018,34.0299514808596));
#5644=CARTESIAN_POINT('Ctrl Pts',(-11.6499959450833,57.0615394019939,34.0199436809849));
#5645=CARTESIAN_POINT('Ctrl Pts',(-11.6499989962847,57.0585626552569,34.0099751082771));
#5646=CARTESIAN_POINT('Ctrl Pts',(-11.6499991976051,57.0583662474198,34.0093173748594));
#5647=CARTESIAN_POINT('Ctrl Pts',(-11.6499993056091,57.0581722593272,34.0086598033398));
#5648=CARTESIAN_POINT('Ctrl Pts',(-11.6499993056091,57.0579806695058,34.0080024891279));
#5649=CARTESIAN_POINT('',(-11.6499993056068,57.6041313624753,32.3872558623234));
#5650=CARTESIAN_POINT('Ctrl Pts',(-11.649999305609,57.6041313624771,32.3872558623022));
#5651=CARTESIAN_POINT('Ctrl Pts',(-11.649999305609,57.4963686013047,32.9293974595094));
#5652=CARTESIAN_POINT('Ctrl Pts',(-11.649999305609,57.371396261216,33.46816006643));
#5653=CARTESIAN_POINT('Ctrl Pts',(-11.649999305609,57.2320868618666,34.0046703643308));
#5654=CARTESIAN_POINT('Ctrl Pts',(-11.6499993056091,57.2316541055561,34.0063364437891));
#5655=CARTESIAN_POINT('Ctrl Pts',(-11.6499993056091,57.2312212133691,34.0080024892266));
#5656=CARTESIAN_POINT('',(-11.6500010291503,58.130843235767,32.3872473354101));
#5657=CARTESIAN_POINT('',(-11.649999305609,44.8779023263593,32.3872558623124));
#5658=CARTESIAN_POINT('',(-11.6499993055791,58.557980669508,34.0080024892381));
#5659=CARTESIAN_POINT('Ctrl Pts',(-11.6499993056091,58.5579806695355,34.0080024892301));
#5660=CARTESIAN_POINT('Ctrl Pts',(-11.6499993056091,58.4298277614156,33.5683302395509));
#5661=CARTESIAN_POINT('Ctrl Pts',(-11.6499993056091,58.3102416334116,33.12573197355));
#5662=CARTESIAN_POINT('Ctrl Pts',(-11.6499993056091,58.1772535982191,32.5832217505518));
#5663=CARTESIAN_POINT('Ctrl Pts',(-11.649999305609,58.1537857131145,32.4853001282396));
#5664=CARTESIAN_POINT('Ctrl Pts',(-11.649999305609,58.1308434104983,32.387255862302));
#5665=CARTESIAN_POINT('',(-11.6499993055803,58.7312212133969,34.0080024892339));
#5666=CARTESIAN_POINT('Ctrl Pts',(-11.649999305609,58.7312212133948,34.0080024891279));
#5667=CARTESIAN_POINT('Ctrl Pts',(-11.649999305609,58.727414351135,34.0226537249079));
#5668=CARTESIAN_POINT('Ctrl Pts',(-11.6499993056091,58.7224563860619,34.0373427589852));
#5669=CARTESIAN_POINT('Ctrl Pts',(-11.6499993056091,58.7107416335321,34.0626575064695));
#5670=CARTESIAN_POINT('Ctrl Pts',(-11.649999305609,58.7041176166147,34.0741133926536));
#5671=CARTESIAN_POINT('Ctrl Pts',(-11.649999305609,58.6900203575714,34.0914494332304));
#5672=CARTESIAN_POINT('Ctrl Pts',(-11.649999305609,58.682940806296,34.0982775616439));
#5673=CARTESIAN_POINT('Ctrl Pts',(-11.649999305609,58.6690317059865,34.106997413035));
#5674=CARTESIAN_POINT('Ctrl Pts',(-11.649999305609,58.6627483064186,34.1097096711178));
#5675=CARTESIAN_POINT('Ctrl Pts',(-11.649999305609,58.6495687764472,34.1124079632656));
#5676=CARTESIAN_POINT('Ctrl Pts',(-11.6499993056092,58.6430402761456,34.1124108916123));
#5677=CARTESIAN_POINT('Ctrl Pts',(-11.6499993056092,58.6288720219804,34.1095733677265));
#5678=CARTESIAN_POINT('Ctrl Pts',(-11.6499993056159,58.6217098114642,34.1063017532606));
#5679=CARTESIAN_POINT('Ctrl Pts',(-11.6499993056159,58.604825498917,34.095061967468));
#5680=CARTESIAN_POINT('Ctrl Pts',(-11.6499993057498,58.5960249222342,34.0854660197369));
#5681=CARTESIAN_POINT('Ctrl Pts',(-11.6499993057498,58.5747835127373,34.0556343374754));
#5682=CARTESIAN_POINT('Ctrl Pts',(-11.649999305609,58.5648129318219,34.031442894711));
#5683=CARTESIAN_POINT('Ctrl Pts',(-11.649999305609,58.5579806695058,34.0080024891279));
#5684=CARTESIAN_POINT('',(-11.6499993056068,59.1041313624753,32.3872558623234));
#5685=CARTESIAN_POINT('Ctrl Pts',(-11.649999305609,59.1041313624771,32.3872558623022));
#5686=CARTESIAN_POINT('Ctrl Pts',(-11.649999305609,58.9963686013048,32.9293974595089));
#5687=CARTESIAN_POINT('Ctrl Pts',(-11.649999305609,58.8713962612163,33.4681600664288));
#5688=CARTESIAN_POINT('Ctrl Pts',(-11.649999305609,58.7320868618666,34.0046703643308));
#5689=CARTESIAN_POINT('Ctrl Pts',(-11.649999305609,58.7316541055561,34.0063364437893));
#5690=CARTESIAN_POINT('Ctrl Pts',(-11.649999305609,58.7312212133691,34.0080024892267));
#5691=CARTESIAN_POINT('',(-11.6500010291503,59.630843235767,32.3872473354102));
#5692=CARTESIAN_POINT('',(-11.649999305609,44.8779023263593,32.3872558623124));
#5693=CARTESIAN_POINT('',(-11.6499993055791,60.057980669508,34.0080024892381));
#5694=CARTESIAN_POINT('Ctrl Pts',(-11.649999305609,60.0579806695356,34.0080024892301));
#5695=CARTESIAN_POINT('Ctrl Pts',(-11.649999305609,59.9298277614156,33.5683302395509));
#5696=CARTESIAN_POINT('Ctrl Pts',(-11.6499993056091,59.8102416334116,33.12573197355));
#5697=CARTESIAN_POINT('Ctrl Pts',(-11.6499993056091,59.677253598219,32.5832217505516));
#5698=CARTESIAN_POINT('Ctrl Pts',(-11.649999305609,59.6537857131145,32.4853001282396));
#5699=CARTESIAN_POINT('Ctrl Pts',(-11.649999305609,59.6308434104983,32.387255862302));
#5700=CARTESIAN_POINT('',(-11.6499993055802,60.2312212133969,34.0080024892339));
#5701=CARTESIAN_POINT('Ctrl Pts',(-11.649999305609,60.2312212133948,34.0080024891279));
#5702=CARTESIAN_POINT('Ctrl Pts',(-11.649999305609,60.2274143511351,34.0226537249076));
#5703=CARTESIAN_POINT('Ctrl Pts',(-11.649999305609,60.2224563860619,34.0373427589851));
#5704=CARTESIAN_POINT('Ctrl Pts',(-11.649999305609,60.210741633532,34.0626575064695));
#5705=CARTESIAN_POINT('Ctrl Pts',(-11.649999305609,60.2041176166147,34.0741133926536));
#5706=CARTESIAN_POINT('Ctrl Pts',(-11.649999305609,60.1900203575714,34.0914494332305));
#5707=CARTESIAN_POINT('Ctrl Pts',(-11.649999305609,60.1829408062959,34.0982775616439));
#5708=CARTESIAN_POINT('Ctrl Pts',(-11.649999305609,60.1690317059865,34.106997413035));
#5709=CARTESIAN_POINT('Ctrl Pts',(-11.649999305609,60.1627483064186,34.1097096711178));
#5710=CARTESIAN_POINT('Ctrl Pts',(-11.649999305609,60.1495687764471,34.1124079632656));
#5711=CARTESIAN_POINT('Ctrl Pts',(-11.6499993056092,60.1430402761455,34.1124108916123));
#5712=CARTESIAN_POINT('Ctrl Pts',(-11.6499993056092,60.1288720219804,34.1095733677264));
#5713=CARTESIAN_POINT('Ctrl Pts',(-11.6499993056159,60.1217098114642,34.1063017532606));
#5714=CARTESIAN_POINT('Ctrl Pts',(-11.6499993056159,60.104825498917,34.095061967468));
#5715=CARTESIAN_POINT('Ctrl Pts',(-11.6499993057498,60.0960249222342,34.0854660197368));
#5716=CARTESIAN_POINT('Ctrl Pts',(-11.6499993057498,60.0747835127372,34.0556343374754));
#5717=CARTESIAN_POINT('Ctrl Pts',(-11.649999305609,60.0648129318219,34.031442894711));
#5718=CARTESIAN_POINT('Ctrl Pts',(-11.649999305609,60.0579806695058,34.0080024891279));
#5719=CARTESIAN_POINT('',(-11.6499993056068,60.6041313624753,32.3872558623234));
#5720=CARTESIAN_POINT('Ctrl Pts',(-11.649999305609,60.6041313624771,32.3872558623021));
#5721=CARTESIAN_POINT('Ctrl Pts',(-11.649999305609,60.4963686013048,32.9293974595092));
#5722=CARTESIAN_POINT('Ctrl Pts',(-11.6499993056091,60.3713962612161,33.4681600664295));
#5723=CARTESIAN_POINT('Ctrl Pts',(-11.6499993056091,60.2320868618666,34.0046703643307));
#5724=CARTESIAN_POINT('Ctrl Pts',(-11.649999305609,60.2316541055561,34.0063364437893));
#5725=CARTESIAN_POINT('Ctrl Pts',(-11.649999305609,60.2312212133691,34.0080024892267));
#5726=CARTESIAN_POINT('',(-11.6499993056091,61.0153577905887,32.3872558623123));
#5727=CARTESIAN_POINT('',(-11.649999305609,44.8779023263593,32.3872558623124));
#5728=CARTESIAN_POINT('Ctrl Pts',(-11.649999305609,61.4507815931784,34.036381954204));
#5729=CARTESIAN_POINT('Ctrl Pts',(-11.649999305609,61.3236531600759,33.6015987533309));
#5730=CARTESIAN_POINT('Ctrl Pts',(-11.6499993056093,61.2048699509482,33.1639538926154));
#5731=CARTESIAN_POINT('Ctrl Pts',(-11.6499993056093,61.0686969086411,32.6120820926957));
#5732=CARTESIAN_POINT('Ctrl Pts',(-11.649999305609,61.0416813682887,32.4997496113174));
#5733=CARTESIAN_POINT('Ctrl Pts',(-11.649999305609,61.0153577905886,32.3872558623123));
#5734=CARTESIAN_POINT('',(-11.649999305609,61.2954581002837,21.0061842774608));
#5735=CARTESIAN_POINT('',(-11.649999305609,44.8779600613862,21.0061842774607));
#5736=CARTESIAN_POINT('',(-11.6499993056091,60.8319284785332,22.9679965225588));
#5737=CARTESIAN_POINT('Ctrl Pts',(-11.6499993056091,60.8319284785332,22.9679965225588));
#5738=CARTESIAN_POINT('Ctrl Pts',(-11.649999305609,60.8696124087693,22.7784140483943));
#5739=CARTESIAN_POINT('Ctrl Pts',(-11.6500237228967,60.9093969887309,22.5892387321867));
#5740=CARTESIAN_POINT('Ctrl Pts',(-11.6500645566342,60.9511444449164,22.4004656833679));
#5741=CARTESIAN_POINT('Ctrl Pts',(-11.6500993828019,60.9867499024754,22.2394654358763));
#5742=CARTESIAN_POINT('Ctrl Pts',(-11.6501461276995,61.0237831555765,22.0787588039587));
#5743=CARTESIAN_POINT('Ctrl Pts',(-11.6502089353917,61.0621587319263,21.9183712673894));
#5744=CARTESIAN_POINT('Ctrl Pts',(-11.6502845825596,61.1083792435628,21.7251964748396));
#5745=CARTESIAN_POINT('Ctrl Pts',(-11.6503815222034,61.1565562854037,21.532440762046));
#5746=CARTESIAN_POINT('Ctrl Pts',(-11.6504848410463,61.2065319393061,21.3401533793112));
#5747=CARTESIAN_POINT('Ctrl Pts',(-11.6505448879291,61.2355768080686,21.2283997280808));
#5748=CARTESIAN_POINT('Ctrl Pts',(-11.6506074317132,61.2652291951357,21.1168052106541));
#5749=CARTESIAN_POINT('Ctrl Pts',(-11.6506729177658,61.2954581002837,21.0053868053937));
#5750=CARTESIAN_POINT('',(-11.6500011631292,60.4207022387361,22.9680057122975));
#5751=CARTESIAN_POINT('',(-11.649999305609,44.8779023263593,22.9679965225588));
#5752=CARTESIAN_POINT('',(-11.6500003582409,59.9935648708086,21.3472537701307));
#5753=CARTESIAN_POINT('Ctrl Pts',(-11.6479972184707,59.9935652644217,21.348397313813));
#5754=CARTESIAN_POINT('Ctrl Pts',(-11.648362222457,60.0478104904944,21.5343034505727));
#5755=CARTESIAN_POINT('Ctrl Pts',(-11.6487061441417,60.1005070038175,21.7206857873877));
#5756=CARTESIAN_POINT('Ctrl Pts',(-11.649007891043,60.1515027454821,21.9075004508023));
#5757=CARTESIAN_POINT('Ctrl Pts',(-11.6490246717934,60.1543387209449,21.9178895888801));
#5758=CARTESIAN_POINT('Ctrl Pts',(-11.6490413261086,60.1571694364394,21.9282800768672));
#5759=CARTESIAN_POINT('Ctrl Pts',(-11.649057851709,60.1599948658128,21.9386719118214));
#5760=CARTESIAN_POINT('Ctrl Pts',(-11.6493478502517,60.2095767498668,22.1210324268851));
#5761=CARTESIAN_POINT('Ctrl Pts',(-11.6495993148529,60.2575551124493,22.3038974953407));
#5762=CARTESIAN_POINT('Ctrl Pts',(-11.6497678765755,60.3037931055881,22.4872370392271));
#5763=CARTESIAN_POINT('Ctrl Pts',(-11.6499148769205,60.3441166193641,22.6471249176085));
#5764=CARTESIAN_POINT('Ctrl Pts',(-11.6499993016652,60.3831165225387,22.8073742214734));
#5765=CARTESIAN_POINT('Ctrl Pts',(-11.6499993056089,60.420702050422,22.967996522569));
#5766=CARTESIAN_POINT('',(-11.650000453421,59.8203243340985,21.3472541204572));
#5767=CARTESIAN_POINT('Ctrl Pts',(-11.649999307481,59.8203242475305,21.3472498925841));
#5768=CARTESIAN_POINT('Ctrl Pts',(-11.6499993202306,59.8228260294208,21.3376214271959));
#5769=CARTESIAN_POINT('Ctrl Pts',(-11.6499947675446,59.8258309891722,21.3279592962144));
#5770=CARTESIAN_POINT('Ctrl Pts',(-11.6499999187903,59.8294079308422,21.3185574276996));
#5771=CARTESIAN_POINT('Ctrl Pts',(-11.6500034354952,59.8318498737787,21.3121388644328));
#5772=CARTESIAN_POINT('Ctrl Pts',(-11.6500107965482,59.8345582015639,21.3058420210777));
#5773=CARTESIAN_POINT('Ctrl Pts',(-11.6500150915609,59.8375502001197,21.2997674247964));
#5774=CARTESIAN_POINT('Ctrl Pts',(-11.6500200763177,59.8410226893799,21.2927172976143));
#5775=CARTESIAN_POINT('Ctrl Pts',(-11.6500208574233,59.8449925295999,21.2857282375991));
#5776=CARTESIAN_POINT('Ctrl Pts',(-11.6500175840173,59.8495198919126,21.2791726861213));
#5777=CARTESIAN_POINT('Ctrl Pts',(-11.6500151118314,59.8529391075885,21.2742217140477));
#5778=CARTESIAN_POINT('Ctrl Pts',(-11.6500088510771,59.8566765281986,21.2695188705453));
#5779=CARTESIAN_POINT('Ctrl Pts',(-11.6499992862638,59.8607357145766,21.2652255348231));
#5780=CARTESIAN_POINT('Ctrl Pts',(-11.6499889886533,59.8651058909048,21.2606032700649));
#5781=CARTESIAN_POINT('Ctrl Pts',(-11.6499777328545,59.8699447570011,21.2563593057287));
#5782=CARTESIAN_POINT('Ctrl Pts',(-11.6499755038765,59.8752475707977,21.2528467860898));
#5783=CARTESIAN_POINT('Ctrl Pts',(-11.6499746968019,59.8771676283135,21.2515749632442));
#5784=CARTESIAN_POINT('Ctrl Pts',(-11.649974846678,59.8791481200132,21.2503991763792));
#5785=CARTESIAN_POINT('Ctrl Pts',(-11.6499756208037,59.8811873583576,21.2493366822453));
#5786=CARTESIAN_POINT('Ctrl Pts',(-11.6499778390961,59.8870308886136,21.2462920569635));
#5787=CARTESIAN_POINT('Ctrl Pts',(-11.6499895524825,59.8932547061226,21.2442346142728));
#5788=CARTESIAN_POINT('Ctrl Pts',(-11.6499977365546,59.8997936861128,21.243483385419));
#5789=CARTESIAN_POINT('Ctrl Pts',(-11.6500000346539,59.9016298412217,21.2432724392622));
#5790=CARTESIAN_POINT('Ctrl Pts',(-11.6500018327457,59.9034614865218,21.2431680201269));
#5791=CARTESIAN_POINT('Ctrl Pts',(-11.650002546394,59.9052865052019,21.243167611306));
#5792=CARTESIAN_POINT('Ctrl Pts',(-11.6500043900462,59.9100012920509,21.2431665551507));
#5793=CARTESIAN_POINT('Ctrl Pts',(-11.6499995798411,59.9146714479702,21.2438593940113));
#5794=CARTESIAN_POINT('Ctrl Pts',(-11.64999519906,59.9192623024436,21.2451928049599));
#5795=CARTESIAN_POINT('Ctrl Pts',(-11.6499895878329,59.9251426068983,21.2469007358878));
#5796=CARTESIAN_POINT('Ctrl Pts',(-11.6499841861001,59.9306710609789,21.2495923289169));
#5797=CARTESIAN_POINT('Ctrl Pts',(-11.6499829229354,59.9357959800016,21.2529379449554));
#5798=CARTESIAN_POINT('Ctrl Pts',(-11.6499824380586,59.9377632247589,21.254222188781));
#5799=CARTESIAN_POINT('Ctrl Pts',(-11.649982300766,59.9396714994477,21.2556029350297));
#5800=CARTESIAN_POINT('Ctrl Pts',(-11.6499818032968,59.9415195537674,21.2570620258995));
#5801=CARTESIAN_POINT('Ctrl Pts',(-11.6499811032854,59.9441200347341,21.2591151787723));
#5802=CARTESIAN_POINT('Ctrl Pts',(-11.6499787651928,59.9466180816899,21.2613350951344));
#5803=CARTESIAN_POINT('Ctrl Pts',(-11.6499754895283,59.9490108190367,21.2636872704003));
#5804=CARTESIAN_POINT('Ctrl Pts',(-11.6499683259047,59.9542435496265,21.2688312948722));
#5805=CARTESIAN_POINT('Ctrl Pts',(-11.6499596993208,59.9589710060545,21.2746061282161));
#5806=CARTESIAN_POINT('Ctrl Pts',(-11.6499590548114,59.9632130995668,21.2806496400319));
#5807=CARTESIAN_POINT('Ctrl Pts',(-11.6499587380749,59.9652978260511,21.2836196521507));
#5808=CARTESIAN_POINT('Ctrl Pts',(-11.6499597151898,59.9672657951769,21.2866549158714));
#5809=CARTESIAN_POINT('Ctrl Pts',(-11.6499597515313,59.9691216314143,21.2897143946846));
#5810=CARTESIAN_POINT('Ctrl Pts',(-11.6499598485567,59.9740763908956,21.2978826701779));
#5811=CARTESIAN_POINT('Ctrl Pts',(-11.6499575698676,59.9784631604819,21.306609344964));
#5812=CARTESIAN_POINT('Ctrl Pts',(-11.6499658873991,59.9823146847761,21.3155982573578));
#5813=CARTESIAN_POINT('Ctrl Pts',(-11.6499748647743,59.9864717569597,21.3253002752652));
#5814=CARTESIAN_POINT('Ctrl Pts',(-11.6499959459915,59.9900057811742,21.3353078856802));
#5815=CARTESIAN_POINT('Ctrl Pts',(-11.6499989962126,59.9929825059196,21.3452762718528));
#5816=CARTESIAN_POINT('Ctrl Pts',(-11.6499991975746,59.9931790160536,21.3459343403911));
#5817=CARTESIAN_POINT('Ctrl Pts',(-11.6499993056097,59.9933731040495,21.3465922468732));
#5818=CARTESIAN_POINT('Ctrl Pts',(-11.6499993056091,59.9935647914144,21.3472498957432));
#5819=CARTESIAN_POINT('',(-11.6499993056071,59.447414098445,22.967996522549));
#5820=CARTESIAN_POINT('Ctrl Pts',(-11.649999305609,59.4474140984431,22.967996522569));
#5821=CARTESIAN_POINT('Ctrl Pts',(-11.649999305609,59.4844793853698,22.7815254852946));
#5822=CARTESIAN_POINT('Ctrl Pts',(-11.6498843762573,59.5235768682202,22.5955482451745));
#5823=CARTESIAN_POINT('Ctrl Pts',(-11.6496912474364,59.5645755647325,22.4100255150781));
#5824=CARTESIAN_POINT('Ctrl Pts',(-11.6495269612749,59.5994513457897,22.2522095192929));
#5825=CARTESIAN_POINT('Ctrl Pts',(-11.64930595286,59.6357028742872,22.0947234546994));
#5826=CARTESIAN_POINT('Ctrl Pts',(-11.6490558134551,59.6732495244763,21.9375723537198));
#5827=CARTESIAN_POINT('Ctrl Pts',(-11.6487424356569,59.7202884409068,21.7406914743676));
#5828=CARTESIAN_POINT('Ctrl Pts',(-11.6483810795606,59.7693690633335,21.5442929197701));
#5829=CARTESIAN_POINT('Ctrl Pts',(-11.6479967672312,59.820323890097,21.3483979490916));
#5830=CARTESIAN_POINT('',(-11.6500011631291,58.9207022387361,22.9680057122973));
#5831=CARTESIAN_POINT('',(-11.649999305609,44.8779023263593,22.9679965225588));
#5832=CARTESIAN_POINT('',(-11.6500003582409,58.4935648708086,21.3472537701307));
#5833=CARTESIAN_POINT('Ctrl Pts',(-11.6506716048466,58.4935652644217,21.3464124861738));
#5834=CARTESIAN_POINT('Ctrl Pts',(-11.6505126665545,58.5508271763018,21.5430519280695));
#5835=CARTESIAN_POINT('Ctrl Pts',(-11.6503737973862,58.6063633316941,21.7401953991967));
#5836=CARTESIAN_POINT('Ctrl Pts',(-11.6502684692085,58.6599948658128,21.9377617905258));
#5837=CARTESIAN_POINT('Ctrl Pts',(-11.6501698074705,58.710231948483,22.1228237936392));
#5838=CARTESIAN_POINT('Ctrl Pts',(-11.6501028871072,58.7588228502794,22.3083535876186));
#5839=CARTESIAN_POINT('Ctrl Pts',(-11.6500582935397,58.8056252261001,22.4942899313275));
#5840=CARTESIAN_POINT('Ctrl Pts',(-11.650020492903,58.8452982037191,22.6519026224175));
#5841=CARTESIAN_POINT('Ctrl Pts',(-11.6499993063803,58.8836860454595,22.8098080824104));
#5842=CARTESIAN_POINT('Ctrl Pts',(-11.6499993056091,58.920702050422,22.9679965225689));
#5843=CARTESIAN_POINT('',(-11.650000453421,58.3203243340985,21.3472541204572));
#5844=CARTESIAN_POINT('Ctrl Pts',(-11.6499993074777,58.3203242475305,21.347249892584));
#5845=CARTESIAN_POINT('Ctrl Pts',(-11.6499993202097,58.3228260256901,21.3376214415535));
#5846=CARTESIAN_POINT('Ctrl Pts',(-11.6499947680136,58.32583098199,21.3279593246834));
#5847=CARTESIAN_POINT('Ctrl Pts',(-11.6499999201536,58.329407919611,21.3185574687554));
#5848=CARTESIAN_POINT('Ctrl Pts',(-11.6500034374819,58.3318498687588,21.3121388904898));
#5849=CARTESIAN_POINT('Ctrl Pts',(-11.6500107993842,58.3345582044302,21.3058420323152));
#5850=CARTESIAN_POINT('Ctrl Pts',(-11.6500150953868,58.3375502123243,21.2997674220851));
#5851=CARTESIAN_POINT('Ctrl Pts',(-11.6500200812816,58.3410227048375,21.2927172941139));
#5852=CARTESIAN_POINT('Ctrl Pts',(-11.6500208637719,58.3449925487381,21.2857282331474));
#5853=CARTESIAN_POINT('Ctrl Pts',(-11.6500175918681,58.3495199142241,21.2791726806561));
#5854=CARTESIAN_POINT('Ctrl Pts',(-11.6500151208168,58.3529391322967,21.2742217078171));
#5855=CARTESIAN_POINT('Ctrl Pts',(-11.6500088612558,58.3566765549759,21.2695188635191));
#5856=CARTESIAN_POINT('Ctrl Pts',(-11.6499992977542,58.3607357431537,21.2652255269449));
#5857=CARTESIAN_POINT('Ctrl Pts',(-11.6499890015456,58.3651059257208,21.26060325672));
#5858=CARTESIAN_POINT('Ctrl Pts',(-11.649977747316,58.3699447987072,21.2563592875756));
#5859=CARTESIAN_POINT('Ctrl Pts',(-11.6499755202213,58.3752476201694,21.2528467647783));
#5860=CARTESIAN_POINT('Ctrl Pts',(-11.6499747138316,58.3771676733519,21.251574945498));
#5861=CARTESIAN_POINT('Ctrl Pts',(-11.649974864426,58.3791481603721,21.2503991617039));
#5862=CARTESIAN_POINT('Ctrl Pts',(-11.6499756393137,58.3811873937177,21.2493366700021));
#5863=CARTESIAN_POINT('Ctrl Pts',(-11.6499778597957,58.3870309255336,21.246292043414));
#5864=CARTESIAN_POINT('Ctrl Pts',(-11.6499895757165,58.3932547445632,21.2442345992554));
#5865=CARTESIAN_POINT('Ctrl Pts',(-11.6499977628794,58.3997937265381,21.2434833686622));
#5866=CARTESIAN_POINT('Ctrl Pts',(-11.6500000618466,58.4016298822044,21.243272422017));
#5867=CARTESIAN_POINT('Ctrl Pts',(-11.6500018608369,58.4034615280912,21.2431680023793));
#5868=CARTESIAN_POINT('Ctrl Pts',(-11.6500025754162,58.4052865473978,21.2431675930407));
#5869=CARTESIAN_POINT('Ctrl Pts',(-11.6500044214735,58.4100013358653,21.2431665355481));
#5870=CARTESIAN_POINT('Ctrl Pts',(-11.6499996138853,58.4146714936625,21.2438593729726));
#5871=CARTESIAN_POINT('Ctrl Pts',(-11.6499952354014,58.4192623497189,21.2451927826835));
#5872=CARTESIAN_POINT('Ctrl Pts',(-11.649989627121,58.4251426519047,21.2469007107782));
#5873=CARTESIAN_POINT('Ctrl Pts',(-11.6499842276591,58.4306711036368,21.2495922999445));
#5874=CARTESIAN_POINT('Ctrl Pts',(-11.6499829654267,58.435796019635,21.2529379121675));
#5875=CARTESIAN_POINT('Ctrl Pts',(-11.6499824809065,58.4377632684132,21.2542221579113));
#5876=CARTESIAN_POINT('Ctrl Pts',(-11.649982343782,58.439671546717,21.2556029065899));
#5877=CARTESIAN_POINT('Ctrl Pts',(-11.6499818462711,58.4415196042195,21.2570620003063));
#5878=CARTESIAN_POINT('Ctrl Pts',(-11.6499811462022,58.4441200847148,21.2591151532765));
#5879=CARTESIAN_POINT('Ctrl Pts',(-11.6499788076381,58.4466181307941,21.2613350699718));
#5880=CARTESIAN_POINT('Ctrl Pts',(-11.6499755310512,58.4490108668207,21.2636872458257));
#5881=CARTESIAN_POINT('Ctrl Pts',(-11.6499683654242,58.4542435843081,21.268831261541));
#5882=CARTESIAN_POINT('Ctrl Pts',(-11.6499597347666,58.4589710275911,21.2746060848378));
#5883=CARTESIAN_POINT('Ctrl Pts',(-11.649959085833,58.463213109567,21.2806495864188));
#5884=CARTESIAN_POINT('Ctrl Pts',(-11.6499587669204,58.4652978427331,21.2836196111041));
#5885=CARTESIAN_POINT('Ctrl Pts',(-11.6499597417818,58.4672658175254,21.2866548881238));
#5886=CARTESIAN_POINT('Ctrl Pts',(-11.6499597758994,58.4691216585999,21.2897143804029));
#5887=CARTESIAN_POINT('Ctrl Pts',(-11.6499598669869,58.4740763997299,21.2978826403043));
#5888=CARTESIAN_POINT('Ctrl Pts',(-11.649957582381,58.4784631538067,21.306609296857));
#5889=CARTESIAN_POINT('Ctrl Pts',(-11.6499658954601,58.4823146667145,21.3155981895747));
#5890=CARTESIAN_POINT('Ctrl Pts',(-11.6499748680252,58.4864717245178,21.3253001813657));
#5891=CARTESIAN_POINT('Ctrl Pts',(-11.6499959461171,58.4900057397678,21.3353077636818));
#5892=CARTESIAN_POINT('Ctrl Pts',(-11.6499989962008,58.4929824612471,21.3452761221098));
#5893=CARTESIAN_POINT('Ctrl Pts',(-11.6499991975696,58.4931789866269,21.3459342405936));
#5894=CARTESIAN_POINT('Ctrl Pts',(-11.6499993056097,58.493373089512,21.3465921969974));
#5895=CARTESIAN_POINT('Ctrl Pts',(-11.6499993056091,58.4935647914144,21.3472498957432));
#5896=CARTESIAN_POINT('',(-11.6499993056071,57.947414098445,22.967996522549));
#5897=CARTESIAN_POINT('Ctrl Pts',(-11.649999305609,57.9474140984431,22.967996522569));
#5898=CARTESIAN_POINT('Ctrl Pts',(-11.649999305609,57.9844794327587,22.7815252468864));
#5899=CARTESIAN_POINT('Ctrl Pts',(-11.6498844410498,58.0235769681946,22.5955477440449));
#5900=CARTESIAN_POINT('Ctrl Pts',(-11.6496914314816,58.0645757219863,22.4100247309842));
#5901=CARTESIAN_POINT('Ctrl Pts',(-11.6495272472199,58.099451454761,22.2522089334619));
#5902=CARTESIAN_POINT('Ctrl Pts',(-11.6493063804565,58.1357029307194,22.0947230506544));
#5903=CARTESIAN_POINT('Ctrl Pts',(-11.6490564165275,58.1732495244763,21.9375721172993));
#5904=CARTESIAN_POINT('Ctrl Pts',(-11.648743258097,58.2202884409068,21.7406911520395));
#5905=CARTESIAN_POINT('Ctrl Pts',(-11.6483821743288,58.2693690633335,21.5442924908739));
#5906=CARTESIAN_POINT('Ctrl Pts',(-11.6479981771776,58.320323890097,21.3483973969983));
#5907=CARTESIAN_POINT('',(-11.6500011631292,57.4207022387361,22.9680057122974));
#5908=CARTESIAN_POINT('',(-11.649999305609,44.8779023263593,22.9679965225588));
#5909=CARTESIAN_POINT('',(-11.6500003582409,56.9935648708086,21.3472537701307));
#5910=CARTESIAN_POINT('Ctrl Pts',(-11.6478564950325,56.9935652644217,21.348250827911));
#5911=CARTESIAN_POINT('Ctrl Pts',(-11.6482508573087,57.0478607843943,21.5343595800358));
#5912=CARTESIAN_POINT('Ctrl Pts',(-11.6486208028035,57.1006047184829,21.7209419520713));
#5913=CARTESIAN_POINT('Ctrl Pts',(-11.6489440616649,57.1516445844384,21.9079528125867));
#5914=CARTESIAN_POINT('Ctrl Pts',(-11.6489617226519,57.1544331063165,21.9181699999996));
#5915=CARTESIAN_POINT('Ctrl Pts',(-11.6489792481195,57.1572165417301,21.928388478822));
#5916=CARTESIAN_POINT('Ctrl Pts',(-11.6489966357041,57.1599948658128,21.938608246058));
#5917=CARTESIAN_POINT('Ctrl Pts',(-11.6493072222111,57.2096228038691,22.1211592949089));
#5918=CARTESIAN_POINT('Ctrl Pts',(-11.649574940362,57.257644240217,22.3042113786249));
#5919=CARTESIAN_POINT('Ctrl Pts',(-11.6497540849796,57.3039219451975,22.4877331035407));
#5920=CARTESIAN_POINT('Ctrl Pts',(-11.6499100032985,57.3441996943155,22.6474610329396));
#5921=CARTESIAN_POINT('Ctrl Pts',(-11.6499993014445,57.3831565543844,22.8075452979156));
#5922=CARTESIAN_POINT('Ctrl Pts',(-11.6499993056089,57.4207020504219,22.967996522569));
#5923=CARTESIAN_POINT('',(-11.650000453421,56.8203243340985,21.3472541204572));
#5924=CARTESIAN_POINT('Ctrl Pts',(-11.649999305609,56.8203242475255,21.3472498957432));
#5925=CARTESIAN_POINT('Ctrl Pts',(-11.649999305609,56.8268371227774,21.3221841948034));
#5926=CARTESIAN_POINT('Ctrl Pts',(-11.649999305609,56.837006793785,21.2959009648457));
#5927=CARTESIAN_POINT('Ctrl Pts',(-11.649999305609,56.8583308644917,21.2672094272227));
#5928=CARTESIAN_POINT('Ctrl Pts',(-11.649999305609,56.865575790833,21.2595333569133));
#5929=CARTESIAN_POINT('Ctrl Pts',(-11.649999305609,56.8797716737126,21.2496742131491));
#5930=CARTESIAN_POINT('Ctrl Pts',(-11.649999305609,56.8861137068401,21.2465339859259));
#5931=CARTESIAN_POINT('Ctrl Pts',(-11.649999305609,56.8992328600988,21.2431326368626));
#5932=CARTESIAN_POINT('Ctrl Pts',(-11.6499993056091,56.9056427638117,21.2427440981019));
#5933=CARTESIAN_POINT('Ctrl Pts',(-11.6499993056091,56.9194921788092,21.2446827948621));
#5934=CARTESIAN_POINT('Ctrl Pts',(-11.649999305613,56.9264816713215,21.247363081919));
#5935=CARTESIAN_POINT('Ctrl Pts',(-11.649999305613,56.9428173990558,21.256949746464));
#5936=CARTESIAN_POINT('Ctrl Pts',(-11.6499993056096,56.9513466902438,21.2652591541999));
#5937=CARTESIAN_POINT('Ctrl Pts',(-11.6499993056096,56.9747984267654,21.2948333629723));
#5938=CARTESIAN_POINT('Ctrl Pts',(-11.649999305609,56.9860964315758,21.3216271407086));
#5939=CARTESIAN_POINT('Ctrl Pts',(-11.649999305609,56.9935647914145,21.3472498957432));
#5940=CARTESIAN_POINT('',(-11.6499993056071,56.447414098445,22.967996522549));
#5941=CARTESIAN_POINT('Ctrl Pts',(-11.6499993056091,56.4474140984431,22.9679965225691));
#5942=CARTESIAN_POINT('Ctrl Pts',(-11.6499993056091,56.4844794811219,22.7815250035772));
#5943=CARTESIAN_POINT('Ctrl Pts',(-11.6498845069877,56.5235770702242,22.5955472326506));
#5944=CARTESIAN_POINT('Ctrl Pts',(-11.6496916187747,56.5645758824729,22.4100239308782));
#5945=CARTESIAN_POINT('Ctrl Pts',(-11.6495275382099,56.5994515659725,22.2522083357543));
#5946=CARTESIAN_POINT('Ctrl Pts',(-11.6493068155945,56.6357029883117,22.0947226385536));
#5947=CARTESIAN_POINT('Ctrl Pts',(-11.6490570302288,56.6732495244763,21.9375718763742));
#5948=CARTESIAN_POINT('Ctrl Pts',(-11.6487440950251,56.7202884409068,21.7406908235723));
#5949=CARTESIAN_POINT('Ctrl Pts',(-11.6483832883691,56.7693690633335,21.5442920538131));
#5950=CARTESIAN_POINT('Ctrl Pts',(-11.6479996119219,56.820323890097,21.3483968344022));
#5951=CARTESIAN_POINT('',(-11.6500011631292,55.9207022387361,22.9680057122974));
#5952=CARTESIAN_POINT('',(-11.649999305609,44.8779023263593,22.9679965225588));
#5953=CARTESIAN_POINT('',(-11.6500003582409,55.4935648708086,21.3472537701307));
#5954=CARTESIAN_POINT('Ctrl Pts',(-11.6480015119978,55.4935652644217,21.3483956303568));
#5955=CARTESIAN_POINT('Ctrl Pts',(-11.6483656056227,55.5478105515681,21.5343023329206));
#5956=CARTESIAN_POINT('Ctrl Pts',(-11.6487087343094,55.6005071224773,21.7206851909644));
#5957=CARTESIAN_POINT('Ctrl Pts',(-11.6490098319048,55.6515029177271,21.9075003203819));
#5958=CARTESIAN_POINT('Ctrl Pts',(-11.6490265761881,55.6543388355619,21.9178892623473));
#5959=CARTESIAN_POINT('Ctrl Pts',(-11.6490431944868,55.6571694936409,21.928279553993));
#5960=CARTESIAN_POINT('Ctrl Pts',(-11.6490596845262,55.6599948658128,21.9386711923756));
#5961=CARTESIAN_POINT('Ctrl Pts',(-11.6493490655702,55.7095768667551,22.1210323797622));
#5962=CARTESIAN_POINT('Ctrl Pts',(-11.6496000506032,55.7575553386654,22.3038980689403));
#5963=CARTESIAN_POINT('Ctrl Pts',(-11.6497682985607,55.8037934326036,22.4872381705411));
#5964=CARTESIAN_POINT('Ctrl Pts',(-11.649915024533,55.8441168302183,22.647125726145));
#5965=CARTESIAN_POINT('Ctrl Pts',(-11.6499993016718,55.8831166241424,22.8073746556756));
#5966=CARTESIAN_POINT('Ctrl Pts',(-11.6499993056089,55.9207020504219,22.967996522569));
#5967=CARTESIAN_POINT('',(-11.650000453421,55.3203243340985,21.3472541204572));
#5968=CARTESIAN_POINT('Ctrl Pts',(-11.649999307471,55.3203242475305,21.3472498925839));
#5969=CARTESIAN_POINT('Ctrl Pts',(-11.6499993201673,55.3228260180249,21.3376214710531));
#5970=CARTESIAN_POINT('Ctrl Pts',(-11.6499947689775,55.3258309672726,21.3279593831788));
#5971=CARTESIAN_POINT('Ctrl Pts',(-11.6499999229603,55.3294078966414,21.3185575531124));
#5972=CARTESIAN_POINT('Ctrl Pts',(-11.6500034415733,55.3318498585968,21.3121389440303));
#5973=CARTESIAN_POINT('Ctrl Pts',(-11.6500108052268,55.3345582105301,21.3058420554063));
#5974=CARTESIAN_POINT('Ctrl Pts',(-11.6500151032749,55.3375502376755,21.2997674165139));
#5975=CARTESIAN_POINT('Ctrl Pts',(-11.6500200915215,55.3410227369471,21.2927172869182));
#5976=CARTESIAN_POINT('Ctrl Pts',(-11.6500208768779,55.3449925884959,21.2857282239903));
#5977=CARTESIAN_POINT('Ctrl Pts',(-11.6500176080976,55.3495199605802,21.2791726694022));
#5978=CARTESIAN_POINT('Ctrl Pts',(-11.6500151394051,55.352939183636,21.2742216949796));
#5979=CARTESIAN_POINT('Ctrl Pts',(-11.6500088823332,55.3566766106202,21.2695188490313));
#5980=CARTESIAN_POINT('Ctrl Pts',(-11.6499993215739,55.3607358025465,21.2652255106851));
#5981=CARTESIAN_POINT('Ctrl Pts',(-11.6499890282968,55.3651059980583,21.2606032291295));
#5982=CARTESIAN_POINT('Ctrl Pts',(-11.6499777773555,55.3699448853398,21.2563592500125));
#5983=CARTESIAN_POINT('Ctrl Pts',(-11.6499755542098,55.3752477227068,21.2528467206531));
#5984=CARTESIAN_POINT('Ctrl Pts',(-11.6499747492562,55.3771677669233,21.2515749087503));
#5985=CARTESIAN_POINT('Ctrl Pts',(-11.6499749013573,55.379148244261,21.2503991313087));
#5986=CARTESIAN_POINT('Ctrl Pts',(-11.6499756778434,55.3811874672633,21.2493366446358));
#5987=CARTESIAN_POINT('Ctrl Pts',(-11.6499779029181,55.3870310023411,21.2462920153157));
#5988=CARTESIAN_POINT('Ctrl Pts',(-11.6499896241555,55.3932548245553,21.2442345680835));
#5989=CARTESIAN_POINT('Ctrl Pts',(-11.6499978177941,55.3997938106839,21.2434833338478));
#5990=CARTESIAN_POINT('Ctrl Pts',(-11.6500001185797,55.4016299675165,21.2432723861798));
#5991=CARTESIAN_POINT('Ctrl Pts',(-11.6500019194518,55.4034616146308,21.2431679654901));
#5992=CARTESIAN_POINT('Ctrl Pts',(-11.6500026359805,55.405286635248,21.2431675550676));
#5993=CARTESIAN_POINT('Ctrl Pts',(-11.6500044870739,55.4100014271013,21.2431664947743));
#5994=CARTESIAN_POINT('Ctrl Pts',(-11.6499996849606,55.4146715888244,21.2438593291919));
#5995=CARTESIAN_POINT('Ctrl Pts',(-11.649995311282,55.4192624481913,21.2451927363102));
#5996=CARTESIAN_POINT('Ctrl Pts',(-11.6499897091651,55.4251427456794,21.2469006584881));
#5997=CARTESIAN_POINT('Ctrl Pts',(-11.6499843144508,55.4306711925439,21.2495922395989));
#5998=CARTESIAN_POINT('Ctrl Pts',(-11.6499830541689,55.4357961022603,21.2529378438712));
#5999=CARTESIAN_POINT('Ctrl Pts',(-11.6499825703948,55.4377633594071,21.2542220936002));
#6000=CARTESIAN_POINT('Ctrl Pts',(-11.649982433622,55.4396716452339,21.2556028473291));
#6001=CARTESIAN_POINT('Ctrl Pts',(-11.6499819360246,55.4415197093591,21.2570619469638));
#6002=CARTESIAN_POINT('Ctrl Pts',(-11.6499812358368,55.4441201888763,21.2591151001319));
#6003=CARTESIAN_POINT('Ctrl Pts',(-11.6499788962883,55.4466182331321,21.2613350175177));
#6004=CARTESIAN_POINT('Ctrl Pts',(-11.6499756177753,55.4490109664101,21.2636871945938));
#6005=CARTESIAN_POINT('Ctrl Pts',(-11.6499684479654,55.4542436565193,21.2688311919773));
#6006=CARTESIAN_POINT('Ctrl Pts',(-11.6499598087998,55.4589710723464,21.2746059942393));
#6007=CARTESIAN_POINT('Ctrl Pts',(-11.6499591506261,55.4632131302313,21.2806494743934));
#6008=CARTESIAN_POINT('Ctrl Pts',(-11.6499588271685,55.4652978773928,21.2836195253543));
#6009=CARTESIAN_POINT('Ctrl Pts',(-11.6499597973233,55.4672658640571,21.2866548301818));
#6010=CARTESIAN_POINT('Ctrl Pts',(-11.6499598267961,55.4691217152679,21.2897143506183));
#6011=CARTESIAN_POINT('Ctrl Pts',(-11.6499599054816,55.4740764180715,21.2978825778967));
#6012=CARTESIAN_POINT('Ctrl Pts',(-11.6499576085176,55.4784631397612,21.3066091963053));
#6013=CARTESIAN_POINT('Ctrl Pts',(-11.649965912297,55.4823146288919,21.3155980478673));
#6014=CARTESIAN_POINT('Ctrl Pts',(-11.6499748748152,55.4864716566627,21.325299985041));
#6015=CARTESIAN_POINT('Ctrl Pts',(-11.649995946379,55.4900056531904,21.3353075086009));
#6016=CARTESIAN_POINT('Ctrl Pts',(-11.6499989961762,55.4929823678432,21.3452758090207));
#6017=CARTESIAN_POINT('Ctrl Pts',(-11.6499991975592,55.4931789251001,21.3459340319327));
#6018=CARTESIAN_POINT('Ctrl Pts',(-11.6499993056097,55.4933730591164,21.3465920927147));
#6019=CARTESIAN_POINT('Ctrl Pts',(-11.6499993056091,55.4935647914144,21.3472498957432));
#6020=CARTESIAN_POINT('',(-11.6499993056071,54.947414098445,22.967996522549));
#6021=CARTESIAN_POINT('Ctrl Pts',(-11.649999305609,54.9474140984431,22.967996522569));
#6022=CARTESIAN_POINT('Ctrl Pts',(-11.649999305609,54.9844795304884,22.7815247552199));
#6023=CARTESIAN_POINT('Ctrl Pts',(-11.6498845741049,55.0235771743706,22.5955467106827));
#6024=CARTESIAN_POINT('Ctrl Pts',(-11.6496918094121,55.0645760462891,22.4100231142783));
#6025=CARTESIAN_POINT('Ctrl Pts',(-11.6495278343951,55.0994516794913,22.252207725811));
#6026=CARTESIAN_POINT('Ctrl Pts',(-11.6493072584983,55.1357030470989,22.0947222181508));
#6027=CARTESIAN_POINT('Ctrl Pts',(-11.6490576548749,55.1732495244762,21.9375716308032));
#6028=CARTESIAN_POINT('Ctrl Pts',(-11.6487449468713,55.2202884409068,21.7406904887733));
#6029=CARTESIAN_POINT('Ctrl Pts',(-11.6483844222536,55.2693690633335,21.5442916083314));
#6030=CARTESIAN_POINT('Ctrl Pts',(-11.6480010721998,55.320323890097,21.3483962609749));
#6031=CARTESIAN_POINT('',(-11.6500011631292,54.4207022387361,22.9680057122974));
#6032=CARTESIAN_POINT('',(-11.649999305609,44.8779023263593,22.9679965225588));
#6033=CARTESIAN_POINT('',(-11.6500003582409,53.9935648708086,21.3472537701307));
#6034=CARTESIAN_POINT('Ctrl Pts',(-11.6478597492865,53.9935652644217,21.3482497964703));
#6035=CARTESIAN_POINT('Ctrl Pts',(-11.6482534222755,54.0478607683101,21.534358712827));
#6036=CARTESIAN_POINT('Ctrl Pts',(-11.6486227664883,54.100604687234,21.7209412203194));
#6037=CARTESIAN_POINT('Ctrl Pts',(-11.6489455326865,54.1516445390794,21.9079521813005));
#6038=CARTESIAN_POINT('Ctrl Pts',(-11.648963166858,54.1544330761324,21.9181694326276));
#6039=CARTESIAN_POINT('Ctrl Pts',(-11.6489806658334,54.1572165266658,21.9283879752742));
#6040=CARTESIAN_POINT('Ctrl Pts',(-11.6489980272526,54.1599948658128,21.9386078062435));
#6041=CARTESIAN_POINT('Ctrl Pts',(-11.6493081448879,54.2096228342649,22.1211591155306));
#6042=CARTESIAN_POINT('Ctrl Pts',(-11.6495754984221,54.2576442990409,22.304211426933));
#6043=CARTESIAN_POINT('Ctrl Pts',(-11.649754404619,54.3039220302293,22.4877333400812));
#6044=CARTESIAN_POINT('Ctrl Pts',(-11.6499101152238,54.3441997491443,22.6474612230761));
#6045=CARTESIAN_POINT('Ctrl Pts',(-11.6499993014495,54.3831565808056,22.8075454108255));
#6046=CARTESIAN_POINT('Ctrl Pts',(-11.6499993056089,54.4207020504219,22.967996522569));
#6047=CARTESIAN_POINT('',(-11.650000453421,53.8203243340985,21.3472541204572));
#6048=CARTESIAN_POINT('Ctrl Pts',(-11.6499993074677,53.8203242475305,21.3472498925839));
#6049=CARTESIAN_POINT('Ctrl Pts',(-11.6499993201457,53.8228260140883,21.3376214862033));
#6050=CARTESIAN_POINT('Ctrl Pts',(-11.6499947694726,53.8258309597358,21.3279594132213));
#6051=CARTESIAN_POINT('Ctrl Pts',(-11.6499999244047,53.8294078849035,21.3185575964366));
#6052=CARTESIAN_POINT('Ctrl Pts',(-11.6500034436794,53.8318498534616,21.3121389715282));
#6053=CARTESIAN_POINT('Ctrl Pts',(-11.6500108082355,53.8345582137787,21.3058420672662));
#6054=CARTESIAN_POINT('Ctrl Pts',(-11.6500151073405,53.8375502508463,21.2997674136521));
#6055=CARTESIAN_POINT('Ctrl Pts',(-11.6500200968021,53.8410227536298,21.2927172832201));
#6056=CARTESIAN_POINT('Ctrl Pts',(-11.6500208836417,53.8449926091537,21.2857282192811));
#6057=CARTESIAN_POINT('Ctrl Pts',(-11.6500176164855,53.8495199846696,21.279172663608));
#6058=CARTESIAN_POINT('Ctrl Pts',(-11.6500151490196,53.8529392103171,21.2742216883659));
#6059=CARTESIAN_POINT('Ctrl Pts',(-11.6500088932461,53.8566766395418,21.2695188415614));
#6060=CARTESIAN_POINT('Ctrl Pts',(-11.649999333921,53.8607358334208,21.2652255022935));
#6061=CARTESIAN_POINT('Ctrl Pts',(-11.649989042177,53.86510603565,21.2606032148642));
#6062=CARTESIAN_POINT('Ctrl Pts',(-11.6499777929593,53.8699449303491,21.2563592305739));
#6063=CARTESIAN_POINT('Ctrl Pts',(-11.6499755718852,53.8752477759695,21.2528466978044));
#6064=CARTESIAN_POINT('Ctrl Pts',(-11.6499747676849,53.8771678155469,21.2515748897192));
#6065=CARTESIAN_POINT('Ctrl Pts',(-11.6499749205766,53.8791482878744,21.2503991155639));
#6066=CARTESIAN_POINT('Ctrl Pts',(-11.6499756979014,53.8811875055247,21.249336631491));
#6067=CARTESIAN_POINT('Ctrl Pts',(-11.6499779253862,53.8870310423089,21.2462920007417));
#6068=CARTESIAN_POINT('Ctrl Pts',(-11.6499896494138,53.8932548661917,21.2442345518994));
#6069=CARTESIAN_POINT('Ctrl Pts',(-11.6499978464468,53.899793854495,21.2434833157554));
#6070=CARTESIAN_POINT('Ctrl Pts',(-11.6500001481856,53.9016300119383,21.2432723675515));
#6071=CARTESIAN_POINT('Ctrl Pts',(-11.6500019500437,53.9034616596952,21.2431679463106));
#6072=CARTESIAN_POINT('Ctrl Pts',(-11.6500026675936,53.9052866809982,21.2431675353202));
#6073=CARTESIAN_POINT('Ctrl Pts',(-11.6500045213251,53.9100014746234,21.2431664735598));
#6074=CARTESIAN_POINT('Ctrl Pts',(-11.6499997220776,53.9146716383997,21.2438593064024));
#6075=CARTESIAN_POINT('Ctrl Pts',(-11.6499953509136,53.9192624994985,21.2451927121619));
#6076=CARTESIAN_POINT('Ctrl Pts',(-11.649989752022,53.9251427945539,21.2469006312485));
#6077=CARTESIAN_POINT('Ctrl Pts',(-11.6499843597912,53.930671238895,21.2495922081569));
#6078=CARTESIAN_POINT('Ctrl Pts',(-11.6499831005302,53.9357961453482,21.2529378082845));
#6079=CARTESIAN_POINT('Ctrl Pts',(-11.6499826171465,53.9377634068519,21.2542220600847));
#6080=CARTESIAN_POINT('Ctrl Pts',(-11.6499824805581,53.939671696595,21.2556028164393));
#6081=CARTESIAN_POINT('Ctrl Pts',(-11.6499819829159,53.9415197641673,21.2570619191519));
#6082=CARTESIAN_POINT('Ctrl Pts',(-11.6499812826666,53.9441202431769,21.2591150724206));
#6083=CARTESIAN_POINT('Ctrl Pts',(-11.6499789426043,53.946618286484,21.2613349901641));
#6084=CARTESIAN_POINT('Ctrl Pts',(-11.6499756630853,53.9490110183303,21.2636871678759));
#6085=CARTESIAN_POINT('Ctrl Pts',(-11.6499684910908,53.954243694128,21.2688311556583));
#6086=CARTESIAN_POINT('Ctrl Pts',(-11.6499598474804,53.9589710956094,21.2746059469029));
#6087=CARTESIAN_POINT('Ctrl Pts',(-11.6499591844793,53.9632131409092,21.2806494158349));
#6088=CARTESIAN_POINT('Ctrl Pts',(-11.6499588586471,53.9652978954044,21.2836194805401));
#6089=CARTESIAN_POINT('Ctrl Pts',(-11.6499598263429,53.9672658882914,21.2866547999138));
#6090=CARTESIAN_POINT('Ctrl Pts',(-11.6499598533888,53.9691217448161,21.2897143350795));
#6091=CARTESIAN_POINT('Ctrl Pts',(-11.6499599255947,53.9740764275959,21.2978825452821));
#6092=CARTESIAN_POINT('Ctrl Pts',(-11.6499576221739,53.9784631323672,21.306609143728));
#6093=CARTESIAN_POINT('Ctrl Pts',(-11.6499659210942,53.9823146090771,21.3155979737549));
#6094=CARTESIAN_POINT('Ctrl Pts',(-11.6499748783629,53.9864716211577,21.3252998823545));
#6095=CARTESIAN_POINT('Ctrl Pts',(-11.6499959465157,53.9900056079038,21.3353073751785));
#6096=CARTESIAN_POINT('Ctrl Pts',(-11.6499989961633,53.9929823189876,21.3452756452579));
#6097=CARTESIAN_POINT('Ctrl Pts',(-11.6499991975537,53.9931788929182,21.3459339227916));
#6098=CARTESIAN_POINT('Ctrl Pts',(-11.6499993056097,53.9933730432177,21.3465920381691));
#6099=CARTESIAN_POINT('Ctrl Pts',(-11.6499993056091,53.9935647914144,21.3472498957432));
#6100=CARTESIAN_POINT('',(-11.6499993056071,53.447414098445,22.967996522549));
#6101=CARTESIAN_POINT('Ctrl Pts',(-11.649999305609,53.4474140984431,22.967996522569));
#6102=CARTESIAN_POINT('Ctrl Pts',(-11.649999305609,53.4844795808951,22.7815245016301));
#6103=CARTESIAN_POINT('Ctrl Pts',(-11.6498846424373,53.5235772807112,22.5955461777576));
#6104=CARTESIAN_POINT('Ctrl Pts',(-11.6496920034948,53.5645762135567,22.4100222805884));
#6105=CARTESIAN_POINT('Ctrl Pts',(-11.6495281359319,53.5994517954019,22.2522071031952));
#6106=CARTESIAN_POINT('Ctrl Pts',(-11.6493077094019,53.6357031071246,22.0947217891584));
#6107=CARTESIAN_POINT('Ctrl Pts',(-11.6490582907955,53.6732495244763,21.9375713804385));
#6108=CARTESIAN_POINT('Ctrl Pts',(-11.6487458140852,53.7202884409068,21.7406901474417));
#6109=CARTESIAN_POINT('Ctrl Pts',(-11.6483855765796,53.7693690633336,21.544291154162));
#6110=CARTESIAN_POINT('Ctrl Pts',(-11.6480025587789,53.820323890097,21.3483956763724));
#6111=CARTESIAN_POINT('',(-11.6500011631292,52.9207022387361,22.9680057122974));
#6112=CARTESIAN_POINT('',(-11.649999305609,44.8779023263593,22.9679965225588));
#6113=CARTESIAN_POINT('',(-11.6500003582409,52.4935648708086,21.3472537701307));
#6114=CARTESIAN_POINT('Ctrl Pts',(-11.6480045040852,52.4935652644217,21.3483944529638));
#6115=CARTESIAN_POINT('Ctrl Pts',(-11.6483679633871,52.5478105948205,21.5343015530608));
#6116=CARTESIAN_POINT('Ctrl Pts',(-11.6487105394806,52.6005072065126,21.7206847774918));
#6117=CARTESIAN_POINT('Ctrl Pts',(-11.6490111845872,52.6515030397118,21.9075002346904));
#6118=CARTESIAN_POINT('Ctrl Pts',(-11.6490279034541,52.6543389167342,21.9178890376429));
#6119=CARTESIAN_POINT('Ctrl Pts',(-11.6490444966505,52.6571695341512,21.9282791901155));
#6120=CARTESIAN_POINT('Ctrl Pts',(-11.6490609619049,52.6599948658128,21.9386706891631));
#6121=CARTESIAN_POINT('Ctrl Pts',(-11.6493499126233,52.7095769490212,22.1210323486641));
#6122=CARTESIAN_POINT('Ctrl Pts',(-11.6496005634233,52.7575554978767,22.3038984738878));
#6123=CARTESIAN_POINT('Ctrl Pts',(-11.6497685926927,52.8037936627578,22.4872389674759));
#6124=CARTESIAN_POINT('Ctrl Pts',(-11.6499151274292,52.8441169786179,22.6471262954422));
#6125=CARTESIAN_POINT('Ctrl Pts',(-11.6499993016763,52.8831166956513,22.8073749612679));
#6126=CARTESIAN_POINT('Ctrl Pts',(-11.6499993056089,52.9207020504219,22.967996522569));
#6127=CARTESIAN_POINT('',(-11.650000453421,52.3203243340985,21.3472541204572));
#6128=CARTESIAN_POINT('Ctrl Pts',(-11.6499992955128,52.3203242475302,21.3472499018966));
#6129=CARTESIAN_POINT('Ctrl Pts',(-11.6499992440136,52.3228268689259,21.3376182555417));
#6130=CARTESIAN_POINT('Ctrl Pts',(-11.649994365198,52.3258330161375,21.3279531233126));
#6131=CARTESIAN_POINT('Ctrl Pts',(-11.6499989698293,52.3294115570096,21.3185487067665));
#6132=CARTESIAN_POINT('Ctrl Pts',(-11.6500021107668,52.3318525717616,21.3121337124035));
#6133=CARTESIAN_POINT('Ctrl Pts',(-11.65000898615,52.3345597216708,21.3058404479655));
#6134=CARTESIAN_POINT('Ctrl Pts',(-11.6500127196977,52.3375502643016,21.2997692732237));
#6135=CARTESIAN_POINT('Ctrl Pts',(-11.6500170549538,52.3410227706731,21.2927196519423));
#6136=CARTESIAN_POINT('Ctrl Pts',(-11.6500170563042,52.3449926302574,21.285731198984));
#6137=CARTESIAN_POINT('Ctrl Pts',(-11.6500129441092,52.3495200092759,21.2791763003039));
#6138=CARTESIAN_POINT('Ctrl Pts',(-11.6500098384419,52.3529392375685,21.2742258212451));
#6139=CARTESIAN_POINT('Ctrl Pts',(-11.6500029119043,52.3566766690781,21.2695234958067));
#6140=CARTESIAN_POINT('Ctrl Pts',(-11.6499926976986,52.3607358649479,21.2652306655213));
#6141=CARTESIAN_POINT('Ctrl Pts',(-11.6499817003114,52.365106302577,21.2606086793899));
#6142=CARTESIAN_POINT('Ctrl Pts',(-11.6499697487983,52.3699454827828,21.2563650340905));
#6143=CARTESIAN_POINT('Ctrl Pts',(-11.6499669266989,52.3752486623072,21.2528528597808));
#6144=CARTESIAN_POINT('Ctrl Pts',(-11.6499659050862,52.3771684372637,21.2515814368067));
#6145=CARTESIAN_POINT('Ctrl Pts',(-11.64996585358,52.3791486269341,21.250406011646));
#6146=CARTESIAN_POINT('Ctrl Pts',(-11.6499664446466,52.3811875445899,21.2493438289555));
#6147=CARTESIAN_POINT('Ctrl Pts',(-11.6499681386436,52.38703108312,21.2462996130892));
#6148=CARTESIAN_POINT('Ctrl Pts',(-11.6499794925082,52.3932549087158,21.2442424524438));
#6149=CARTESIAN_POINT('Ctrl Pts',(-11.6499875749698,52.3997938992601,21.2434913061912));
#6150=CARTESIAN_POINT('Ctrl Pts',(-11.6499898445368,52.4016300573327,21.243280383229));
#6151=CARTESIAN_POINT('Ctrl Pts',(-11.6499916347038,52.4034617057523,21.2431759713338));
#6152=CARTESIAN_POINT('Ctrl Pts',(-11.6499923605981,52.405286727763,21.243175554136));
#6153=CARTESIAN_POINT('Ctrl Pts',(-11.6499942358867,52.4100015232165,21.2431744763394));
#6154=CARTESIAN_POINT('Ctrl Pts',(-11.6499895928556,52.4146716891141,21.2438671886124));
#6155=CARTESIAN_POINT('Ctrl Pts',(-11.6499854941915,52.4192625520062,21.2452003833749));
#6156=CARTESIAN_POINT('Ctrl Pts',(-11.6499802443022,52.4251428878811,21.2469080433887));
#6157=CARTESIAN_POINT('Ctrl Pts',(-11.6499753767444,52.4306713677134,21.2495992374498));
#6158=CARTESIAN_POINT('Ctrl Pts',(-11.6499747221206,52.4357963026849,21.2529443986304));
#6159=CARTESIAN_POINT('Ctrl Pts',(-11.6499744708408,52.4377635286742,21.2542284516086));
#6160=CARTESIAN_POINT('Ctrl Pts',(-11.6499745780977,52.4396717846834,21.2556089963359));
#6161=CARTESIAN_POINT('Ctrl Pts',(-11.6499743309066,52.4415198203527,21.2570678795566));
#6162=CARTESIAN_POINT('Ctrl Pts',(-11.6499739830697,52.4441202988508,21.2591207590057));
#6163=CARTESIAN_POINT('Ctrl Pts',(-11.6499720103793,52.4466183411925,21.261340391173));
#6164=CARTESIAN_POINT('Ctrl Pts',(-11.6499691022496,52.4490110715768,21.2636922800442));
#6165=CARTESIAN_POINT('Ctrl Pts',(-11.64996274112,52.4542448366466,21.2688367099821));
#6166=CARTESIAN_POINT('Ctrl Pts',(-11.6499549259143,52.4589731131439,21.2746121923348));
#6167=CARTESIAN_POINT('Ctrl Pts',(-11.6499550207334,52.4632158366432,21.2806564472061));
#6168=CARTESIAN_POINT('Ctrl Pts',(-11.6499550673028,52.4652996036045,21.2836250164773));
#6169=CARTESIAN_POINT('Ctrl Pts',(-11.6499563885487,52.4672667098458,21.2866587806393));
#6170=CARTESIAN_POINT('Ctrl Pts',(-11.6499567457207,52.4691217751388,21.2897167588129));
#6171=CARTESIAN_POINT('Ctrl Pts',(-11.6499576999366,52.4740777432883,21.2978864132653));
#6172=CARTESIAN_POINT('Ctrl Pts',(-11.6499561468445,52.4784654361689,21.306614848975));
#6173=CARTESIAN_POINT('Ctrl Pts',(-11.6499649861619,52.4823176340593,21.3156057455794));
#6174=CARTESIAN_POINT('Ctrl Pts',(-11.6499745285268,52.4864762219099,21.325311745751));
#6175=CARTESIAN_POINT('Ctrl Pts',(-11.6499959409012,52.4900112344713,21.335323715357));
#6176=CARTESIAN_POINT('Ctrl Pts',(-11.6499989988804,52.492988520618,21.3452964183079));
#6177=CARTESIAN_POINT('Ctrl Pts',(-11.6499991986067,52.4931829766148,21.3459477671529));
#6178=CARTESIAN_POINT('Ctrl Pts',(-11.6499993056042,52.4933750599278,21.3465989571848));
#6179=CARTESIAN_POINT('Ctrl Pts',(-11.6499993056091,52.4935647914144,21.3472498957432));
#6180=CARTESIAN_POINT('',(-11.6499993056071,51.947414098445,22.967996522549));
#6181=CARTESIAN_POINT('Ctrl Pts',(-11.649999305609,51.9474140984431,22.9679965225691));
#6182=CARTESIAN_POINT('Ctrl Pts',(-11.649999305609,51.9849045937998,22.7793863124033));
#6183=CARTESIAN_POINT('Ctrl Pts',(-11.6499738185986,52.0244741787303,22.5912070868782));
#6184=CARTESIAN_POINT('Ctrl Pts',(-11.6499350149332,52.0659873112251,22.4034416497069));
#6185=CARTESIAN_POINT('Ctrl Pts',(-11.6499028208458,52.1004293518215,22.2476590233182));
#6186=CARTESIAN_POINT('Ctrl Pts',(-11.6498614250347,52.1362092254397,22.0921622993188));
#6187=CARTESIAN_POINT('Ctrl Pts',(-11.6498243891851,52.1732495244763,21.936968033366));
#6188=CARTESIAN_POINT('Ctrl Pts',(-11.6497773559192,52.2202884409068,21.739880798745));
#6189=CARTESIAN_POINT('Ctrl Pts',(-11.6497350233048,52.2693690633336,21.5432379046586));
#6190=CARTESIAN_POINT('Ctrl Pts',(-11.6496995320165,52.320323890097,21.347080919735));
#6191=CARTESIAN_POINT('',(-11.6500011631291,51.4207022387361,22.9680057122974));
#6192=CARTESIAN_POINT('',(-11.649999305609,44.8779023263593,22.9679965225588));
#6193=CARTESIAN_POINT('',(-11.6500003582409,50.9935648708086,21.3472537701307));
#6194=CARTESIAN_POINT('Ctrl Pts',(-11.6478631265173,50.9935652644217,21.3482487291957));
#6195=CARTESIAN_POINT('Ctrl Pts',(-11.6482560842537,51.0478607503392,21.5343578109565));
#6196=CARTESIAN_POINT('Ctrl Pts',(-11.6486248044858,51.1006046523192,21.7209404540427));
#6197=CARTESIAN_POINT('Ctrl Pts',(-11.6489470593971,51.1516444883994,21.9079515143841));
#6198=CARTESIAN_POINT('Ctrl Pts',(-11.6489646657472,51.1544330424073,21.918168836419));
#6199=CARTESIAN_POINT('Ctrl Pts',(-11.6489821372365,51.1572165098342,21.9283874496818));
#6200=CARTESIAN_POINT('Ctrl Pts',(-11.6489994715085,51.1599948658128,21.938607351174));
#6201=CARTESIAN_POINT('Ctrl Pts',(-11.6493091025418,51.2096228646671,22.1211589260837));
#6202=CARTESIAN_POINT('Ctrl Pts',(-11.649576077642,51.257644357877,22.304211469194));
#6203=CARTESIAN_POINT('Ctrl Pts',(-11.649754736377,51.3039221152789,22.4877335732062));
#6204=CARTESIAN_POINT('Ctrl Pts',(-11.6499102313992,51.3441998039846,22.6474614120433));
#6205=CARTESIAN_POINT('Ctrl Pts',(-11.6499993014547,51.3831566072324,22.8075455237589));
#6206=CARTESIAN_POINT('Ctrl Pts',(-11.6499993056089,51.420702050422,22.9679965225691));
#6207=CARTESIAN_POINT('',(-11.650000453421,50.8203243340986,21.3472541204572));
#6208=CARTESIAN_POINT('Ctrl Pts',(-11.6499993074608,50.8203242475305,21.3472498925838));
#6209=CARTESIAN_POINT('Ctrl Pts',(-11.6499993201019,50.8228260060023,21.3376215173236));
#6210=CARTESIAN_POINT('Ctrl Pts',(-11.6499947704897,50.8258309443036,21.3279594749339));
#6211=CARTESIAN_POINT('Ctrl Pts',(-11.6499999273774,50.8294078609253,21.3185576854311));
#6212=CARTESIAN_POINT('Ctrl Pts',(-11.6500034480153,50.8318498431029,21.312139028014));
#6213=CARTESIAN_POINT('Ctrl Pts',(-11.6500108144327,50.8345582207142,21.3058420916289));
#6214=CARTESIAN_POINT('Ctrl Pts',(-11.6500151157222,50.8375502782432,21.2997674077709));
#6215=CARTESIAN_POINT('Ctrl Pts',(-11.6500201076955,50.8410227883339,21.2927172756163));
#6216=CARTESIAN_POINT('Ctrl Pts',(-11.650020897607,50.8449926521299,21.2857282095916));
#6217=CARTESIAN_POINT('Ctrl Pts',(-11.6500176338311,50.849520034792,21.2791726516709));
#6218=CARTESIAN_POINT('Ctrl Pts',(-11.6500151689183,50.8529392658365,21.2742216747315));
#6219=CARTESIAN_POINT('Ctrl Pts',(-11.6500089158569,50.8566766997305,21.2695188261484));
#6220=CARTESIAN_POINT('Ctrl Pts',(-11.6499993595354,50.8607358976832,21.2652254849601));
#6221=CARTESIAN_POINT('Ctrl Pts',(-11.6499890710028,50.8651061138679,21.2606031853416));
#6222=CARTESIAN_POINT('Ctrl Pts',(-11.6499778254039,50.8699450239768,21.2563591903075));
#6223=CARTESIAN_POINT('Ctrl Pts',(-11.6499756086829,50.875247886744,21.252846650442));
#6224=CARTESIAN_POINT('Ctrl Pts',(-11.6499748060653,50.8771679167134,21.251574850264));
#6225=CARTESIAN_POINT('Ctrl Pts',(-11.6499749606188,50.8791483786644,21.2503990829131));
#6226=CARTESIAN_POINT('Ctrl Pts',(-11.649975739707,50.8811875852298,21.2493366042204));
#6227=CARTESIAN_POINT('Ctrl Pts',(-11.649977972258,50.8870311255897,21.2462919704755));
#6228=CARTESIAN_POINT('Ctrl Pts',(-11.6499897021521,50.8932549529749,21.2442345182542));
#6229=CARTESIAN_POINT('Ctrl Pts',(-11.6499979063129,50.8997939458392,21.243483278105));
#6230=CARTESIAN_POINT('Ctrl Pts',(-11.6500002100532,50.9016301045633,21.2432723287764));
#6231=CARTESIAN_POINT('Ctrl Pts',(-11.6500020139814,50.9034617536677,21.2431679063787));
#6232=CARTESIAN_POINT('Ctrl Pts',(-11.6500027336743,50.9052867764084,21.2431674941964));
#6233=CARTESIAN_POINT('Ctrl Pts',(-11.650004592942,50.9100015737479,21.243166429357));
#6234=CARTESIAN_POINT('Ctrl Pts',(-11.6499997997035,50.9146717418258,21.2438592588946));
#6235=CARTESIAN_POINT('Ctrl Pts',(-11.6499954338111,50.9192626065542,21.2451926618015));
#6236=CARTESIAN_POINT('Ctrl Pts',(-11.6499898416809,50.9251428965676,21.2469005744196));
#6237=CARTESIAN_POINT('Ctrl Pts',(-11.6499844546541,50.9306713356722,21.249592142548));
#6238=CARTESIAN_POINT('Ctrl Pts',(-11.6499831975341,50.9357962353383,21.2529377340237));
#6239=CARTESIAN_POINT('Ctrl Pts',(-11.6499827149695,50.937763505925,21.2542219901329));
#6240=CARTESIAN_POINT('Ctrl Pts',(-11.6499825787683,50.9396718038319,21.2556027519538));
#6241=CARTESIAN_POINT('Ctrl Pts',(-11.6499820810337,50.9415198785889,21.2570618610757));
#6242=CARTESIAN_POINT('Ctrl Pts',(-11.6499813806573,50.9441203565436,21.2591150145484));
#6243=CARTESIAN_POINT('Ctrl Pts',(-11.6499790395209,50.9466183978737,21.2613349330342));
#6244=CARTESIAN_POINT('Ctrl Pts',(-11.6499757578979,50.9490111267344,21.26368711207));
#6245=CARTESIAN_POINT('Ctrl Pts',(-11.6499685813343,50.9542437725669,21.2688310797093));
#6246=CARTESIAN_POINT('Ctrl Pts',(-11.6499599284242,50.9589711440249,21.274605847838));
#6247=CARTESIAN_POINT('Ctrl Pts',(-11.6499592553216,50.9632131629921,21.2806492932257));
#6248=CARTESIAN_POINT('Ctrl Pts',(-11.6499589245206,50.965297932882,21.2836193867289));
#6249=CARTESIAN_POINT('Ctrl Pts',(-11.6499598870706,50.9672659388349,21.2866547365816));
#6250=CARTESIAN_POINT('Ctrl Pts',(-11.6499599090382,50.9691218065203,21.2897143026107));
#6251=CARTESIAN_POINT('Ctrl Pts',(-11.6499599676852,50.9740764473988,21.2978824770113));
#6252=CARTESIAN_POINT('Ctrl Pts',(-11.6499576507524,50.9784631167718,21.306609033609));
#6253=CARTESIAN_POINT('Ctrl Pts',(-11.6499659395041,50.9823145674936,21.3155978184989));
#6254=CARTESIAN_POINT('Ctrl Pts',(-11.6499748857873,50.9864715467419,21.3252996672185));
#6255=CARTESIAN_POINT('Ctrl Pts',(-11.6499959468013,50.9900055130192,21.3353070956408));
#6256=CARTESIAN_POINT('Ctrl Pts',(-11.6499989961361,50.9929822166286,21.3452753021552));
#6257=CARTESIAN_POINT('Ctrl Pts',(-11.6499991975422,50.9931788254929,21.3459336941277));
#6258=CARTESIAN_POINT('Ctrl Pts',(-11.6499993056097,50.9933730099083,21.3465919238896));
#6259=CARTESIAN_POINT('Ctrl Pts',(-11.6499993056091,50.9935647914144,21.3472498957432));
#6260=CARTESIAN_POINT('',(-11.6499993056071,50.447414098445,22.967996522549));
#6261=CARTESIAN_POINT('Ctrl Pts',(-11.649999305609,50.4474140984431,22.9679965225691));
#6262=CARTESIAN_POINT('Ctrl Pts',(-11.649999305609,50.4849045807245,22.7793863781834));
#6263=CARTESIAN_POINT('Ctrl Pts',(-11.6499737990569,50.5244741511296,22.5912072301978));
#6264=CARTESIAN_POINT('Ctrl Pts',(-11.6499349591756,50.5659872677904,22.4034418807709));
#6265=CARTESIAN_POINT('Ctrl Pts',(-11.6499027350161,50.6004293217403,22.247659207364));
#6266=CARTESIAN_POINT('Ctrl Pts',(-11.649861297633,50.6362092098693,22.0921624438101));
#6267=CARTESIAN_POINT('Ctrl Pts',(-11.6498242102183,50.6732495244763,21.9369681449659));
#6268=CARTESIAN_POINT('Ctrl Pts',(-11.6497771114878,50.7202884409068,21.7398809514233));
#6269=CARTESIAN_POINT('Ctrl Pts',(-11.6497346972831,50.7693690633336,21.5432381087576));
#6270=CARTESIAN_POINT('Ctrl Pts',(-11.6496991110025,50.820323890097,21.347081184092));
#6271=CARTESIAN_POINT('',(-11.6500011631292,49.9207022387361,22.9680057122974));
#6272=CARTESIAN_POINT('',(-11.649999305609,44.8779023263593,22.9679965225588));
#6273=CARTESIAN_POINT('',(-11.6500003582409,49.4935648708086,21.3472537701307));
#6274=CARTESIAN_POINT('Ctrl Pts',(-11.6480076074944,49.4935652644217,21.3483932281223));
#6275=CARTESIAN_POINT('Ctrl Pts',(-11.6483704089545,49.547810640303,21.5343007434173));
#6276=CARTESIAN_POINT('Ctrl Pts',(-11.6487124119255,49.6005072948808,21.7206843506701));
#6277=CARTESIAN_POINT('Ctrl Pts',(-11.6490125877095,49.6515031679861,21.9075001505451));
#6278=CARTESIAN_POINT('Ctrl Pts',(-11.6490292802118,49.6543390020918,21.9178888072052));
#6279=CARTESIAN_POINT('Ctrl Pts',(-11.649045847369,49.6571695767503,21.928278813218));
#6280=CARTESIAN_POINT('Ctrl Pts',(-11.6490622869134,49.6599948658128,21.9386701656374));
#6281=CARTESIAN_POINT('Ctrl Pts',(-11.649350791295,49.7095770350679,22.1210323179914));
#6282=CARTESIAN_POINT('Ctrl Pts',(-11.6496010954003,49.7575556644041,22.3038988985621));
#6283=CARTESIAN_POINT('Ctrl Pts',(-11.6497688978186,49.8037939034878,22.4872398016708));
#6284=CARTESIAN_POINT('Ctrl Pts',(-11.6499152341778,49.8441171338367,22.6471268911216));
#6285=CARTESIAN_POINT('Ctrl Pts',(-11.6499993016811,49.8831167704461,22.8073752809028));
#6286=CARTESIAN_POINT('Ctrl Pts',(-11.6499993056089,49.920702050422,22.9679965225691));
#6287=CARTESIAN_POINT('',(-11.650000453421,49.3203243340985,21.3472541204572));
#6288=CARTESIAN_POINT('Ctrl Pts',(-11.6499993074573,49.3203242475305,21.3472498925839));
#6289=CARTESIAN_POINT('Ctrl Pts',(-11.6499993200797,49.322826001851,21.3376215333003));
#6290=CARTESIAN_POINT('Ctrl Pts',(-11.6499947710116,49.3258309364079,21.3279595066173));
#6291=CARTESIAN_POINT('Ctrl Pts',(-11.6499999289065,49.3294078486884,21.3185577311204));
#6292=CARTESIAN_POINT('Ctrl Pts',(-11.6500034502463,49.3318498378896,21.3121390570139));
#6293=CARTESIAN_POINT('Ctrl Pts',(-11.6500108176229,49.3345582244196,21.3058421041367));
#6294=CARTESIAN_POINT('Ctrl Pts',(-11.6500151200413,49.3375502924975,21.2997674047497));
#6295=CARTESIAN_POINT('Ctrl Pts',(-11.6500201133126,49.3410228063908,21.2927172717079));
#6296=CARTESIAN_POINT('Ctrl Pts',(-11.6500209048146,49.3449926744927,21.2857282046073));
#6297=CARTESIAN_POINT('Ctrl Pts',(-11.6500176427985,49.3495200608772,21.2791726455224));
#6298=CARTESIAN_POINT('Ctrl Pts',(-11.6500151792146,49.3529392947329,21.2742216677037));
#6299=CARTESIAN_POINT('Ctrl Pts',(-11.65000892757,49.356676731061,21.2695188181963));
#6300=CARTESIAN_POINT('Ctrl Pts',(-11.6499993728222,49.3607359311395,21.2652254760072));
#6301=CARTESIAN_POINT('Ctrl Pts',(-11.6499890859722,49.3651061545758,21.2606031700622));
#6302=CARTESIAN_POINT('Ctrl Pts',(-11.649977842274,49.3699450726914,21.2563591694475));
#6303=CARTESIAN_POINT('Ctrl Pts',(-11.6499756278414,49.3752479443683,21.2528466258885));
#6304=CARTESIAN_POINT('Ctrl Pts',(-11.6499748260559,49.3771679693616,21.2515748298063));
#6305=CARTESIAN_POINT('Ctrl Pts',(-11.6499749814833,49.3791484259382,21.2503990659784));
#6306=CARTESIAN_POINT('Ctrl Pts',(-11.6499757614988,49.3811876267623,21.2493365900698));
#6307=CARTESIAN_POINT('Ctrl Pts',(-11.6499779967144,49.3870311689969,21.246291954754));
#6308=CARTESIAN_POINT('Ctrl Pts',(-11.6499897296945,49.3932549982214,21.2442345007584));
#6309=CARTESIAN_POINT('Ctrl Pts',(-11.6499979376001,49.3997939934792,21.2434832585059));
#6310=CARTESIAN_POINT('Ctrl Pts',(-11.650000242392,49.4016301528753,21.2432723085868));
#6311=CARTESIAN_POINT('Ctrl Pts',(-11.6500020474075,49.4034618026866,21.2431678855816));
#6312=CARTESIAN_POINT('Ctrl Pts',(-11.6500027682255,49.4052868261814,21.2431674727734));
#6313=CARTESIAN_POINT('Ctrl Pts',(-11.6500046304001,49.410001625469,21.2431664063172));
#6314=CARTESIAN_POINT('Ctrl Pts',(-11.6499998403141,49.4146717958015,21.2438592341198));
#6315=CARTESIAN_POINT('Ctrl Pts',(-11.6499954771867,49.419262662433,21.2451926355283));
#6316=CARTESIAN_POINT('Ctrl Pts',(-11.6499898886028,49.4251429498328,21.24690054476));
#6317=CARTESIAN_POINT('Ctrl Pts',(-11.6499845043046,49.4306713862198,21.2495921082997));
#6318=CARTESIAN_POINT('Ctrl Pts',(-11.6499832483084,49.4357962823552,21.2529376952573));
#6319=CARTESIAN_POINT('Ctrl Pts',(-11.6499827661736,49.4377635576787,21.2542219536092));
#6320=CARTESIAN_POINT('Ctrl Pts',(-11.6499826301761,49.4396718598424,21.2556027182763));
#6321=CARTESIAN_POINT('Ctrl Pts',(-11.6499821323938,49.4415199383453,21.2570618307369));
#6322=CARTESIAN_POINT('Ctrl Pts',(-11.649981431952,49.4441204157517,21.2591149843129));
#6323=CARTESIAN_POINT('Ctrl Pts',(-11.6499790902541,49.4466184560515,21.261334903184));
#6324=CARTESIAN_POINT('Ctrl Pts',(-11.6499758075303,49.4490111833544,21.2636870829095));
#6325=CARTESIAN_POINT('Ctrl Pts',(-11.6499686285762,49.4542438134906,21.2688310399758));
#6326=CARTESIAN_POINT('Ctrl Pts',(-11.6499599707985,49.458971169229,21.2746057959702));
#6327=CARTESIAN_POINT('Ctrl Pts',(-11.6499592924082,49.4632131744123,21.2806492289995));
#6328=CARTESIAN_POINT('Ctrl Pts',(-11.6499589590061,49.4652979523874,21.2836193375988));
#6329=CARTESIAN_POINT('Ctrl Pts',(-11.6499599188625,49.4672659652046,21.2866547034292));
#6330=CARTESIAN_POINT('Ctrl Pts',(-11.6499599381715,49.4691218387545,21.2897142856379));
#6331=CARTESIAN_POINT('Ctrl Pts',(-11.6499599897207,49.4740764576971,21.2978824412584));
#6332=CARTESIAN_POINT('Ctrl Pts',(-11.6499576657142,49.4784631085413,21.306608975908));
#6333=CARTESIAN_POINT('Ctrl Pts',(-11.6499659491423,49.48231454566,21.3155977371288));
#6334=CARTESIAN_POINT('Ctrl Pts',(-11.6499748896743,49.4864715077207,21.3252995544547));
#6335=CARTESIAN_POINT('Ctrl Pts',(-11.6499959469505,49.4900054632823,21.335306949117));
#6336=CARTESIAN_POINT('Ctrl Pts',(-11.6499989961219,49.4929821629758,21.3452751223144));
#6337=CARTESIAN_POINT('Ctrl Pts',(-11.6499991975362,49.4931787901511,21.3459335742713));
#6338=CARTESIAN_POINT('Ctrl Pts',(-11.6499993056097,49.4933729924487,21.3465918639888));
#6339=CARTESIAN_POINT('Ctrl Pts',(-11.6499993056091,49.4935647914144,21.3472498957432));
#6340=CARTESIAN_POINT('',(-11.6499993056071,48.947414098445,22.967996522549));
#6341=CARTESIAN_POINT('Ctrl Pts',(-11.649999305609,48.9474140984431,22.967996522569));
#6342=CARTESIAN_POINT('Ctrl Pts',(-11.649999305609,48.9845148211253,22.7813472122354));
#6343=CARTESIAN_POINT('Ctrl Pts',(-11.6498777089492,49.0236516272944,22.5951854115997));
#6344=CARTESIAN_POINT('Ctrl Pts',(-11.6496726918762,49.0646931586579,22.4094732078168));
#6345=CARTESIAN_POINT('Ctrl Pts',(-11.6494986552926,49.099532832254,22.2518243007794));
#6346=CARTESIAN_POINT('Ctrl Pts',(-11.6492643678324,49.1357450722644,22.0945004237826));
#6347=CARTESIAN_POINT('Ctrl Pts',(-11.6489980583023,49.1732495244763,21.9375074020579));
#6348=CARTESIAN_POINT('Ctrl Pts',(-11.6486640469785,49.2202884409068,21.7406032695201));
#6349=CARTESIAN_POINT('Ctrl Pts',(-11.6482774054557,49.2693690633335,21.5441761757006));
#6350=CARTESIAN_POINT('Ctrl Pts',(-11.6478644073912,49.320323890097,21.3482487505707));
#6351=CARTESIAN_POINT('',(-11.6500010994,48.4207022322752,22.9680053970089));
#6352=CARTESIAN_POINT('',(-11.649999305609,44.8779023263593,22.9679965225588));
#6353=CARTESIAN_POINT('',(-11.6499992452929,47.9935647868651,21.3472496737398));
#6354=CARTESIAN_POINT('Ctrl Pts',(-11.6478653048967,47.9935647643113,21.3482436534465));
#6355=CARTESIAN_POINT('Ctrl Pts',(-11.6482580834918,48.0478795198573,21.5344196439653));
#6356=CARTESIAN_POINT('Ctrl Pts',(-11.6486270898253,48.1006414240232,21.7210696671508));
#6357=CARTESIAN_POINT('Ctrl Pts',(-11.6489489785036,48.1516982784117,21.9081480940028));
#6358=CARTESIAN_POINT('Ctrl Pts',(-11.6489664469221,48.154469057748,21.9183005612005));
#6359=CARTESIAN_POINT('Ctrl Pts',(-11.6489837803915,48.1572348155916,21.9284543023185));
#6360=CARTESIAN_POINT('Ctrl Pts',(-11.649000976434,48.1599955276174,21.938609314336));
#6361=CARTESIAN_POINT('Ctrl Pts',(-11.6493101015514,48.2096235410475,22.1211611589594));
#6362=CARTESIAN_POINT('Ctrl Pts',(-11.6495766828658,48.2576450463546,22.304213936504));
#6363=CARTESIAN_POINT('Ctrl Pts',(-11.6497550836768,48.303922813148,22.4877362326945));
#6364=CARTESIAN_POINT('Ctrl Pts',(-11.6499103532285,48.3442002539597,22.6474632233128));
#6365=CARTESIAN_POINT('Ctrl Pts',(-11.6499993016024,48.3831568240589,22.8075464502985));
#6366=CARTESIAN_POINT('Ctrl Pts',(-11.6499993056089,48.4207020504215,22.967996522567));
#6367=CARTESIAN_POINT('Ctrl Pts',(-11.649999305609,47.8203242475255,21.3472498957432));
#6368=CARTESIAN_POINT('Ctrl Pts',(-11.649999305609,47.8268371134959,21.3221842305246));
#6369=CARTESIAN_POINT('Ctrl Pts',(-11.649999305609,47.8370067636376,21.2959010442294));
#6370=CARTESIAN_POINT('Ctrl Pts',(-11.649999305609,47.8583307949817,21.2672095051429));
#6371=CARTESIAN_POINT('Ctrl Pts',(-11.649999305609,47.8655757224284,21.2595334181516));
#6372=CARTESIAN_POINT('Ctrl Pts',(-11.649999305609,47.8797716078078,21.2496742494407));
#6373=CARTESIAN_POINT('Ctrl Pts',(-11.649999305609,47.8861136416014,21.2465340120706));
#6374=CARTESIAN_POINT('Ctrl Pts',(-11.649999305609,47.8992327931362,21.2431326457136));
#6375=CARTESIAN_POINT('Ctrl Pts',(-11.6499993056091,47.905642694539,21.2427440977095));
#6376=CARTESIAN_POINT('Ctrl Pts',(-11.6499993056091,47.9194921023847,21.2446827734518));
#6377=CARTESIAN_POINT('Ctrl Pts',(-11.6499993056129,47.9264815907031,21.2473630466884));
#6378=CARTESIAN_POINT('Ctrl Pts',(-11.6499993056129,47.9428173002117,21.2569496700002));
#6379=CARTESIAN_POINT('Ctrl Pts',(-11.6499993056096,47.9513465810023,21.2652590425737));
#6380=CARTESIAN_POINT('Ctrl Pts',(-11.6499993056096,47.9747983749916,21.2948332379553));
#6381=CARTESIAN_POINT('Ctrl Pts',(-11.649999305609,47.9860964151604,21.3216270843902));
#6382=CARTESIAN_POINT('Ctrl Pts',(-11.649999305609,47.9935647914145,21.3472498957432));
#6383=CARTESIAN_POINT('Origin',(11.6500014935846,47.6507721390574,8.94878103324467));
#6384=CARTESIAN_POINT('',(11.650002450581,47.8541311717511,22.9680058297777));
#6385=CARTESIAN_POINT('Ctrl Pts',(11.6500014935846,47.8541312687736,22.9680010952197));
#6386=CARTESIAN_POINT('Ctrl Pts',(11.6500014929971,47.8166858046726,22.7796172301066));
#6387=CARTESIAN_POINT('Ctrl Pts',(11.6499759232495,47.7771662801804,22.5916633317332));
#6388=CARTESIAN_POINT('Ctrl Pts',(11.6499369853261,47.7357077140831,22.4041222574262));
#6389=CARTESIAN_POINT('Ctrl Pts',(11.6499111822324,47.708234259702,22.2798439324722));
#6390=CARTESIAN_POINT('Ctrl Pts',(11.6498796338806,47.6799093044194,22.1557480099418));
#6391=CARTESIAN_POINT('Ctrl Pts',(11.6498488498694,47.6507721390299,22.0318417143229));
#6392=CARTESIAN_POINT('',(11.6500014796925,48.380843318206,22.968001026483));
#6393=CARTESIAN_POINT('',(11.6500014935846,44.8779023263593,22.9680010952116));
#6394=CARTESIAN_POINT('',(11.6500010154651,48.8079806358551,21.3472515378743));
#6395=CARTESIAN_POINT('Ctrl Pts',(11.6496990009124,48.807980814639,21.3470791396703));
#6396=CARTESIAN_POINT('Ctrl Pts',(11.6497357627811,48.7507186374831,21.5435881012739));
#6397=CARTESIAN_POINT('Ctrl Pts',(11.6497792923461,48.6951824889793,21.7406097387142));
#6398=CARTESIAN_POINT('Ctrl Pts',(11.6498265405273,48.6415505178084,21.9380729166309));
#6399=CARTESIAN_POINT('Ctrl Pts',(11.6498706323094,48.591501412702,22.1223446323712));
#6400=CARTESIAN_POINT('Ctrl Pts',(11.6499213808316,48.5430861948748,22.3070972395472));
#6401=CARTESIAN_POINT('Ctrl Pts',(11.6499552932169,48.4964456176684,22.4922803778519));
#6402=CARTESIAN_POINT('Ctrl Pts',(11.6499842750842,48.4565861088406,22.6505397600923));
#6403=CARTESIAN_POINT('Ctrl Pts',(11.6500014935846,48.4180227237725,22.8091142147144));
#6404=CARTESIAN_POINT('Ctrl Pts',(11.6500014935846,48.3808433167952,22.9680010952219));
#6405=CARTESIAN_POINT('',(11.6500010166823,48.9812211796523,21.3472515423543));
#6406=CARTESIAN_POINT('Ctrl Pts',(11.6500014935846,48.9812207187093,21.3472516621233));
#6407=CARTESIAN_POINT('Ctrl Pts',(11.6500014935846,48.9774137740284,21.3326004275293));
#6408=CARTESIAN_POINT('Ctrl Pts',(11.6500014935846,48.9724563085462,21.3179129877962));
#6409=CARTESIAN_POINT('Ctrl Pts',(11.6500014935846,48.9607415430704,21.29259821079));
#6410=CARTESIAN_POINT('Ctrl Pts',(11.6500014935846,48.9541175184552,21.2811423120921));
#6411=CARTESIAN_POINT('Ctrl Pts',(11.6500014935846,48.9400202510843,21.2638062712512));
#6412=CARTESIAN_POINT('Ctrl Pts',(11.6500014935846,48.9329407032516,21.2569781499514));
#6413=CARTESIAN_POINT('Ctrl Pts',(11.6500014935846,48.9190316103182,21.2482583086335));
#6414=CARTESIAN_POINT('Ctrl Pts',(11.6500014935846,48.9127482141318,21.2455460542388));
#6415=CARTESIAN_POINT('Ctrl Pts',(11.6500014935846,48.8995686901977,21.2428477674314));
#6416=CARTESIAN_POINT('Ctrl Pts',(11.6500014935847,48.8930401924599,21.2428448413764));
#6417=CARTESIAN_POINT('Ctrl Pts',(11.6500014935847,48.8788719430824,21.2456823693547));
#6418=CARTESIAN_POINT('Ctrl Pts',(11.6500014935915,48.8717097348106,21.2489539860241));
#6419=CARTESIAN_POINT('Ctrl Pts',(11.6500014935915,48.8548254255271,21.2601937775661));
#6420=CARTESIAN_POINT('Ctrl Pts',(11.650001493725,48.846024850049,21.2697897301731));
#6421=CARTESIAN_POINT('Ctrl Pts',(11.650001493725,48.8247834419753,21.2996214268911));
#6422=CARTESIAN_POINT('Ctrl Pts',(11.6500014935846,48.8148134620302,21.3238112869747));
#6423=CARTESIAN_POINT('Ctrl Pts',(11.6500014935846,48.8079810753913,21.3472516659873));
#6424=CARTESIAN_POINT('',(11.6500017798676,49.3541312397485,22.968002511544));
#6425=CARTESIAN_POINT('Ctrl Pts',(11.6500014935846,49.3541312687741,22.9680010952219));
#6426=CARTESIAN_POINT('Ctrl Pts',(11.6500014937255,49.3164545289359,22.7784537080368));
#6427=CARTESIAN_POINT('Ctrl Pts',(11.6500303104541,49.2766779860791,22.5893032652845));
#6428=CARTESIAN_POINT('Ctrl Pts',(11.6500835085518,49.2349392126182,22.4005447230193));
#6429=CARTESIAN_POINT('Ctrl Pts',(11.6501271640387,49.2006874900868,22.2456454607981));
#6430=CARTESIAN_POINT('Ctrl Pts',(11.6501872668798,49.1651143638677,22.0910111871551));
#6431=CARTESIAN_POINT('Ctrl Pts',(11.6502690294801,49.1282958594387,21.9366641583135));
#6432=CARTESIAN_POINT('Ctrl Pts',(11.650373489374,49.081256540071,21.7394704021916));
#6433=CARTESIAN_POINT('Ctrl Pts',(11.6505096278709,49.032176026642,21.5427015601922));
#6434=CARTESIAN_POINT('Ctrl Pts',(11.6506669519013,48.9812209951753,21.3464105729295));
#6435=CARTESIAN_POINT('',(11.6500014796925,49.880843318206,22.9680010264829));
#6436=CARTESIAN_POINT('',(11.6500014935846,44.8779023263593,22.9680010952116));
#6437=CARTESIAN_POINT('',(11.6500010154651,50.3079806358551,21.3472515378743));
#6438=CARTESIAN_POINT('Ctrl Pts',(11.6478637270971,50.307980814639,21.3482465911079));
#6439=CARTESIAN_POINT('Ctrl Pts',(11.6482574127998,50.2536588330417,21.5344474572898));
#6440=CARTESIAN_POINT('Ctrl Pts',(11.6486273762241,50.2008901806105,21.7211225736375));
#6441=CARTESIAN_POINT('Ctrl Pts',(11.6489498224982,50.1498269491597,21.9082261379043));
#6442=CARTESIAN_POINT('Ctrl Pts',(11.6489672750114,50.1470631345509,21.9183531813676));
#6443=CARTESIAN_POINT('Ctrl Pts',(11.648984592127,50.1443043160617,21.9284814921648));
#6444=CARTESIAN_POINT('Ctrl Pts',(11.6490017713187,50.1415505178084,21.9386110672697));
#6445=CARTESIAN_POINT('Ctrl Pts',(11.6493113685976,50.0919225456828,22.1211626649919));
#6446=CARTESIAN_POINT('Ctrl Pts',(11.6495783164791,50.0439010801705,22.3042152287613));
#6447=CARTESIAN_POINT('Ctrl Pts',(11.6497569558887,49.9976233513627,22.4877373510835));
#6448=CARTESIAN_POINT('Ctrl Pts',(11.6499124343342,49.9573456245812,22.6474654555451));
#6449=CARTESIAN_POINT('Ctrl Pts',(11.6500014935846,49.9183887880665,22.8075498322117));
#6450=CARTESIAN_POINT('Ctrl Pts',(11.6500014935846,49.8808433167952,22.9680010952219));
#6451=CARTESIAN_POINT('',(11.6500010166823,50.4812211796523,21.3472515423543));
#6452=CARTESIAN_POINT('Ctrl Pts',(11.6500014935846,50.4812207187093,21.3472516621233));
#6453=CARTESIAN_POINT('Ctrl Pts',(11.6500014935846,50.4774137740284,21.3326004275293));
#6454=CARTESIAN_POINT('Ctrl Pts',(11.6500014935846,50.4724563085462,21.3179129877962));
#6455=CARTESIAN_POINT('Ctrl Pts',(11.6500014935846,50.4607415430704,21.2925982107899));
#6456=CARTESIAN_POINT('Ctrl Pts',(11.6500014935846,50.4541175184552,21.2811423120921));
#6457=CARTESIAN_POINT('Ctrl Pts',(11.6500014935846,50.4400202510843,21.2638062712512));
#6458=CARTESIAN_POINT('Ctrl Pts',(11.6500014935846,50.4329407032516,21.2569781499514));
#6459=CARTESIAN_POINT('Ctrl Pts',(11.6500014935846,50.4190316103183,21.2482583086336));
#6460=CARTESIAN_POINT('Ctrl Pts',(11.6500014935846,50.4127482141318,21.2455460542388));
#6461=CARTESIAN_POINT('Ctrl Pts',(11.6500014935846,50.3995686901977,21.2428477674315));
#6462=CARTESIAN_POINT('Ctrl Pts',(11.6500014935847,50.3930401924599,21.2428448413764));
#6463=CARTESIAN_POINT('Ctrl Pts',(11.6500014935847,50.3788719430824,21.2456823693547));
#6464=CARTESIAN_POINT('Ctrl Pts',(11.6500014935915,50.3717097348106,21.2489539860241));
#6465=CARTESIAN_POINT('Ctrl Pts',(11.6500014935915,50.3548254255272,21.2601937775661));
#6466=CARTESIAN_POINT('Ctrl Pts',(11.650001493725,50.346024850049,21.269789730173));
#6467=CARTESIAN_POINT('Ctrl Pts',(11.650001493725,50.3247834419753,21.2996214268911));
#6468=CARTESIAN_POINT('Ctrl Pts',(11.6500014935846,50.3148134620302,21.3238112869748));
#6469=CARTESIAN_POINT('Ctrl Pts',(11.6500014935846,50.3079810753913,21.3472516659873));
#6470=CARTESIAN_POINT('',(11.6500017798676,50.8541312397485,22.9680025115439));
#6471=CARTESIAN_POINT('Ctrl Pts',(11.6500014935846,50.8541312687741,22.9680010952218));
#6472=CARTESIAN_POINT('Ctrl Pts',(11.6500014934089,50.8166408224605,22.7793909297641));
#6473=CARTESIAN_POINT('Ctrl Pts',(11.6499759891672,50.7770712868423,22.5912117592257));
#6474=CARTESIAN_POINT('Ctrl Pts',(11.6499371537272,50.7355582037176,22.4034463857187));
#6475=CARTESIAN_POINT('Ctrl Pts',(11.6499049332037,50.7011161253827,22.2476634561899));
#6476=CARTESIAN_POINT('Ctrl Pts',(11.6498635008936,50.6653362079519,22.0921664363236));
#6477=CARTESIAN_POINT('Ctrl Pts',(11.6498264198612,50.6282958594387,21.9369718810419));
#6478=CARTESIAN_POINT('Ctrl Pts',(11.6497793288755,50.5812565400709,21.7398828539924));
#6479=CARTESIAN_POINT('Ctrl Pts',(11.6497356320977,50.5321760266419,21.5432376931136));
#6480=CARTESIAN_POINT('Ctrl Pts',(11.6496994009467,50.4812209951753,21.3470787326808));
#6481=CARTESIAN_POINT('',(11.6500014796925,51.380843318206,22.9680010264829));
#6482=CARTESIAN_POINT('',(11.6500014935846,44.8779023263593,22.9680010952116));
#6483=CARTESIAN_POINT('',(11.6500010154651,51.8079806358551,21.3472515378743));
#6484=CARTESIAN_POINT('Ctrl Pts',(11.6478620185417,51.807980814639,21.3482471305133));
#6485=CARTESIAN_POINT('Ctrl Pts',(11.648256066269,51.7536588225551,21.5344479178517));
#6486=CARTESIAN_POINT('Ctrl Pts',(11.6486263455061,51.7008901602372,21.7211229704628));
#6487=CARTESIAN_POINT('Ctrl Pts',(11.6489490505193,51.6498269195874,21.9082264893482));
#6488=CARTESIAN_POINT('Ctrl Pts',(11.6489665169712,51.6470631148717,21.9183534922812));
#6489=CARTESIAN_POINT('Ctrl Pts',(11.648983847859,51.64430430624,21.9284817625925));
#6490=CARTESIAN_POINT('Ctrl Pts',(11.6490010406545,51.6415505178084,21.9386112972564));
#6491=CARTESIAN_POINT('Ctrl Pts',(11.6493108841084,51.5919225608673,22.1211627613976));
#6492=CARTESIAN_POINT('Ctrl Pts',(11.6495780234461,51.5439011095566,22.3042152087308));
#6493=CARTESIAN_POINT('Ctrl Pts',(11.6497567880508,51.4976233938414,22.4877372352627));
#6494=CARTESIAN_POINT('Ctrl Pts',(11.6499123755619,51.4573456519716,22.647465361378));
#6495=CARTESIAN_POINT('Ctrl Pts',(11.6500014935846,51.4183888012655,22.8075497758054));
#6496=CARTESIAN_POINT('Ctrl Pts',(11.6500014935846,51.3808433167952,22.9680010952219));
#6497=CARTESIAN_POINT('',(11.6500010166823,51.9812211796523,21.3472515423543));
#6498=CARTESIAN_POINT('Ctrl Pts',(11.6500014935846,51.9812207187093,21.3472516621233));
#6499=CARTESIAN_POINT('Ctrl Pts',(11.6500014935846,51.9774137740283,21.3326004275292));
#6500=CARTESIAN_POINT('Ctrl Pts',(11.6500014935846,51.9724563085461,21.3179129877962));
#6501=CARTESIAN_POINT('Ctrl Pts',(11.6500014935846,51.9607415430705,21.2925982107902));
#6502=CARTESIAN_POINT('Ctrl Pts',(11.6500014935846,51.9541175184553,21.2811423120921));
#6503=CARTESIAN_POINT('Ctrl Pts',(11.6500014935846,51.9400202510842,21.2638062712511));
#6504=CARTESIAN_POINT('Ctrl Pts',(11.6500014935846,51.9329407032516,21.2569781499514));
#6505=CARTESIAN_POINT('Ctrl Pts',(11.6500014935846,51.9190316103182,21.2482583086335));
#6506=CARTESIAN_POINT('Ctrl Pts',(11.6500014935846,51.9127482141318,21.2455460542388));
#6507=CARTESIAN_POINT('Ctrl Pts',(11.6500014935846,51.8995686901977,21.2428477674315));
#6508=CARTESIAN_POINT('Ctrl Pts',(11.6500014935847,51.89304019246,21.2428448413764));
#6509=CARTESIAN_POINT('Ctrl Pts',(11.6500014935847,51.8788719430824,21.2456823693547));
#6510=CARTESIAN_POINT('Ctrl Pts',(11.6500014935915,51.8717097348105,21.2489539860242));
#6511=CARTESIAN_POINT('Ctrl Pts',(11.6500014935915,51.8548254255272,21.2601937775661));
#6512=CARTESIAN_POINT('Ctrl Pts',(11.650001493725,51.8460248500491,21.2697897301729));
#6513=CARTESIAN_POINT('Ctrl Pts',(11.650001493725,51.8247834419753,21.2996214268911));
#6514=CARTESIAN_POINT('Ctrl Pts',(11.6500014935846,51.8148134620301,21.3238112869749));
#6515=CARTESIAN_POINT('Ctrl Pts',(11.6500014935846,51.8079810753913,21.3472516659873));
#6516=CARTESIAN_POINT('',(11.6500017798676,52.3541312397485,22.968002511544));
#6517=CARTESIAN_POINT('Ctrl Pts',(11.6500014935846,52.3541312687741,22.9680010952218));
#6518=CARTESIAN_POINT('Ctrl Pts',(11.650001493726,52.3164545958913,22.7784540448816));
#6519=CARTESIAN_POINT('Ctrl Pts',(11.6500304025367,52.276678127453,22.5893039275934));
#6520=CARTESIAN_POINT('Ctrl Pts',(11.6500837648369,52.2349394351403,22.4005457020731));
#6521=CARTESIAN_POINT('Ctrl Pts',(11.6501275552447,52.200687644158,22.2456460890646));
#6522=CARTESIAN_POINT('Ctrl Pts',(11.6501878417545,52.1651144436003,22.0910114608227));
#6523=CARTESIAN_POINT('Ctrl Pts',(11.6502698270045,52.1282958594387,21.9366640749936));
#6524=CARTESIAN_POINT('Ctrl Pts',(11.6503745711288,52.081256540071,21.7394702898186));
#6525=CARTESIAN_POINT('Ctrl Pts',(11.6505110573181,52.032176026642,21.5427014128546));
#6526=CARTESIAN_POINT('Ctrl Pts',(11.6506687746925,51.9812209951753,21.3464103870617));
#6527=CARTESIAN_POINT('',(11.6500014796925,52.880843318206,22.968001026483));
#6528=CARTESIAN_POINT('',(11.6500014935846,44.8779023263593,22.9680010952116));
#6529=CARTESIAN_POINT('',(11.6500010154651,53.3079806358552,21.3472515378743));
#6530=CARTESIAN_POINT('Ctrl Pts',(11.6506692231664,53.307980814639,21.3464106522466));
#6531=CARTESIAN_POINT('Ctrl Pts',(11.6505114907477,53.2507186374832,21.5430519618143));
#6532=CARTESIAN_POINT('Ctrl Pts',(11.6503743500606,53.1951824889793,21.7401975695991));
#6533=CARTESIAN_POINT('Ctrl Pts',(11.6502694513521,53.1415505178084,21.9377656536033));
#6534=CARTESIAN_POINT('Ctrl Pts',(11.6501711923738,53.0913132673702,22.1228283521769));
#6535=CARTESIAN_POINT('Ctrl Pts',(11.6501045906987,53.0427222115668,22.3083588510862));
#6536=CARTESIAN_POINT('Ctrl Pts',(11.6500602057907,52.9959196970812,22.4942959117336));
#6537=CARTESIAN_POINT('Ctrl Pts',(11.6500225822868,52.9562468743762,22.6519081281372));
#6538=CARTESIAN_POINT('Ctrl Pts',(11.6500014935846,52.9178591809222,22.8098131180975));
#6539=CARTESIAN_POINT('Ctrl Pts',(11.6500014935846,52.8808433167952,22.9680010952219));
#6540=CARTESIAN_POINT('',(11.6500010166823,53.4812211796523,21.3472515423543));
#6541=CARTESIAN_POINT('Ctrl Pts',(11.6500014935846,53.4812207187093,21.3472516621233));
#6542=CARTESIAN_POINT('Ctrl Pts',(11.6500014935846,53.4774137740284,21.3326004275293));
#6543=CARTESIAN_POINT('Ctrl Pts',(11.6500014935846,53.4724563085462,21.3179129877962));
#6544=CARTESIAN_POINT('Ctrl Pts',(11.6500014935846,53.4607415430704,21.2925982107898));
#6545=CARTESIAN_POINT('Ctrl Pts',(11.6500014935846,53.4541175184552,21.2811423120921));
#6546=CARTESIAN_POINT('Ctrl Pts',(11.6500014935846,53.4400202510843,21.2638062712513));
#6547=CARTESIAN_POINT('Ctrl Pts',(11.6500014935846,53.4329407032516,21.2569781499514));
#6548=CARTESIAN_POINT('Ctrl Pts',(11.6500014935846,53.4190316103183,21.2482583086336));
#6549=CARTESIAN_POINT('Ctrl Pts',(11.6500014935846,53.4127482141319,21.2455460542388));
#6550=CARTESIAN_POINT('Ctrl Pts',(11.6500014935846,53.3995686901977,21.2428477674315));
#6551=CARTESIAN_POINT('Ctrl Pts',(11.6500014935847,53.39304019246,21.2428448413764));
#6552=CARTESIAN_POINT('Ctrl Pts',(11.6500014935847,53.3788719430824,21.2456823693547));
#6553=CARTESIAN_POINT('Ctrl Pts',(11.6500014935915,53.3717097348106,21.2489539860242));
#6554=CARTESIAN_POINT('Ctrl Pts',(11.6500014935915,53.3548254255271,21.2601937775661));
#6555=CARTESIAN_POINT('Ctrl Pts',(11.650001493725,53.346024850049,21.2697897301731));
#6556=CARTESIAN_POINT('Ctrl Pts',(11.650001493725,53.3247834419753,21.2996214268911));
#6557=CARTESIAN_POINT('Ctrl Pts',(11.6500014935846,53.3148134620302,21.3238112869747));
#6558=CARTESIAN_POINT('Ctrl Pts',(11.6500014935846,53.3079810753913,21.3472516659873));
#6559=CARTESIAN_POINT('',(11.6500017798676,53.8541312397485,22.968002511544));
#6560=CARTESIAN_POINT('Ctrl Pts',(11.6500014935846,53.8541312687741,22.9680010952218));
#6561=CARTESIAN_POINT('Ctrl Pts',(11.6500014934091,53.8166407972169,22.7793908027662));
#6562=CARTESIAN_POINT('Ctrl Pts',(11.6499760287337,53.7770712335552,22.5912114820073));
#6563=CARTESIAN_POINT('Ctrl Pts',(11.6499372665301,53.735558119861,22.4034459381505));
#6564=CARTESIAN_POINT('Ctrl Pts',(11.6499051068163,53.7011160673068,22.2476630986113));
#6565=CARTESIAN_POINT('Ctrl Pts',(11.6498637585366,53.6653361778911,22.0921661540303));
#6566=CARTESIAN_POINT('Ctrl Pts',(11.6498267816625,53.6282958594387,21.9369716609225));
#6567=CARTESIAN_POINT('Ctrl Pts',(11.6497798229142,53.5812565400709,21.7398825528788));
#6568=CARTESIAN_POINT('Ctrl Pts',(11.649736290855,53.5321760266418,21.5432372906383));
#6569=CARTESIAN_POINT('Ctrl Pts',(11.6497002513142,53.4812209951753,21.3470782114689));
#6570=CARTESIAN_POINT('',(11.6500014796925,54.380843318206,22.9680010264829));
#6571=CARTESIAN_POINT('',(11.6500014935846,44.8779023263593,22.9680010952116));
#6572=CARTESIAN_POINT('',(11.6500010154651,54.8079806358551,21.3472515378743));
#6573=CARTESIAN_POINT('Ctrl Pts',(11.6506701120951,54.807980814639,21.3464105737002));
#6574=CARTESIAN_POINT('Ctrl Pts',(11.6505121874047,54.750718637483,21.5430518994806));
#6575=CARTESIAN_POINT('Ctrl Pts',(11.6503748768394,54.6951824889792,21.7401975220357));
#6576=CARTESIAN_POINT('Ctrl Pts',(11.6502698393779,54.6415505178084,21.9377656183355));
#6577=CARTESIAN_POINT('Ctrl Pts',(11.6501714505504,54.591313329291,22.1228281003244));
#6578=CARTESIAN_POINT('Ctrl Pts',(11.6501047461988,54.5427223313503,22.3083583793401));
#6579=CARTESIAN_POINT('Ctrl Pts',(11.6500602941614,54.4959198701428,22.4942952159827));
#6580=CARTESIAN_POINT('Ctrl Pts',(11.6500226136531,54.4562469860133,22.6519076659523));
#6581=CARTESIAN_POINT('Ctrl Pts',(11.6500014935846,54.4178592347459,22.8098128880805));
#6582=CARTESIAN_POINT('Ctrl Pts',(11.6500014935846,54.3808433167952,22.9680010952218));
#6583=CARTESIAN_POINT('',(11.6500010166823,54.9812211796523,21.3472515423543));
#6584=CARTESIAN_POINT('Ctrl Pts',(11.6500014935846,54.9812207187093,21.3472516621233));
#6585=CARTESIAN_POINT('Ctrl Pts',(11.6500014935846,54.9774137740284,21.3326004275293));
#6586=CARTESIAN_POINT('Ctrl Pts',(11.6500014935846,54.9724563085462,21.3179129877962));
#6587=CARTESIAN_POINT('Ctrl Pts',(11.6500014935846,54.9607415430704,21.2925982107898));
#6588=CARTESIAN_POINT('Ctrl Pts',(11.6500014935846,54.9541175184552,21.2811423120921));
#6589=CARTESIAN_POINT('Ctrl Pts',(11.6500014935846,54.9400202510843,21.2638062712513));
#6590=CARTESIAN_POINT('Ctrl Pts',(11.6500014935846,54.9329407032516,21.2569781499514));
#6591=CARTESIAN_POINT('Ctrl Pts',(11.6500014935846,54.9190316103182,21.2482583086335));
#6592=CARTESIAN_POINT('Ctrl Pts',(11.6500014935846,54.9127482141318,21.2455460542388));
#6593=CARTESIAN_POINT('Ctrl Pts',(11.6500014935846,54.8995686901977,21.2428477674315));
#6594=CARTESIAN_POINT('Ctrl Pts',(11.6500014935847,54.8930401924599,21.2428448413764));
#6595=CARTESIAN_POINT('Ctrl Pts',(11.6500014935847,54.8788719430824,21.2456823693547));
#6596=CARTESIAN_POINT('Ctrl Pts',(11.6500014935915,54.8717097348106,21.2489539860242));
#6597=CARTESIAN_POINT('Ctrl Pts',(11.6500014935915,54.8548254255272,21.2601937775661));
#6598=CARTESIAN_POINT('Ctrl Pts',(11.650001493725,54.846024850049,21.269789730173));
#6599=CARTESIAN_POINT('Ctrl Pts',(11.650001493725,54.8247834419753,21.2996214268911));
#6600=CARTESIAN_POINT('Ctrl Pts',(11.6500014935846,54.8148134620302,21.3238112869748));
#6601=CARTESIAN_POINT('Ctrl Pts',(11.6500014935846,54.8079810753913,21.3472516659873));
#6602=CARTESIAN_POINT('',(11.6500017798676,55.3541312397485,22.968002511544));
#6603=CARTESIAN_POINT('Ctrl Pts',(11.6500014935846,55.3541312687741,22.9680010952218));
#6604=CARTESIAN_POINT('Ctrl Pts',(11.6500014937266,55.3164546657599,22.7784543963824));
#6605=CARTESIAN_POINT('Ctrl Pts',(11.6500304926619,55.276678274978,22.5893046203987));
#6606=CARTESIAN_POINT('Ctrl Pts',(11.6500840157322,55.2349396673442,22.4005467283675));
#6607=CARTESIAN_POINT('Ctrl Pts',(11.6501279382525,55.2006878049327,22.2456467517406));
#6608=CARTESIAN_POINT('Ctrl Pts',(11.6501884046339,55.1651145268019,22.0910117567674));
#6609=CARTESIAN_POINT('Ctrl Pts',(11.6502706079833,55.1282958594387,21.9366640023858));
#6610=CARTESIAN_POINT('Ctrl Pts',(11.6503756305134,55.0812565400709,21.7394701919625));
#6611=CARTESIAN_POINT('Ctrl Pts',(11.6505124573347,55.0321760266419,21.5427012846764));
#6612=CARTESIAN_POINT('Ctrl Pts',(11.6506705601809,54.9812209951753,21.3464102255847));
#6613=CARTESIAN_POINT('',(11.6500014796925,55.880843318206,22.9680010264829));
#6614=CARTESIAN_POINT('',(11.6500014935846,44.8779023263593,22.9680010952116));
#6615=CARTESIAN_POINT('',(11.6500010154651,56.3079806358551,21.3472515378743));
#6616=CARTESIAN_POINT('Ctrl Pts',(11.6506709919718,56.307980814639,21.3464105007248));
#6617=CARTESIAN_POINT('Ctrl Pts',(11.6505128769274,56.2507186374832,21.5430518415203));
#6618=CARTESIAN_POINT('Ctrl Pts',(11.6503753982013,56.1951824889793,21.7401974777843));
#6619=CARTESIAN_POINT('Ctrl Pts',(11.6502702234015,56.1415505178084,21.9377655855104));
#6620=CARTESIAN_POINT('Ctrl Pts',(11.6501717060513,56.0913133917078,22.1228278482726));
#6621=CARTESIAN_POINT('Ctrl Pts',(11.6501049000841,56.0427224520934,22.3083579049107));
#6622=CARTESIAN_POINT('Ctrl Pts',(11.650060381614,55.9959200445911,22.4942945152798));
#6623=CARTESIAN_POINT('Ctrl Pts',(11.6500226446908,55.9562470985449,22.6519072002862));
#6624=CARTESIAN_POINT('Ctrl Pts',(11.6500014935846,55.917859289001,22.8098126562206));
#6625=CARTESIAN_POINT('Ctrl Pts',(11.6500014935846,55.8808433167952,22.9680010952219));
#6626=CARTESIAN_POINT('',(11.6500010166823,56.4812211796523,21.3472515423543));
#6627=CARTESIAN_POINT('Ctrl Pts',(11.6500014935846,56.4812207187093,21.3472516621233));
#6628=CARTESIAN_POINT('Ctrl Pts',(11.6500014935846,56.4774137740284,21.3326004275294));
#6629=CARTESIAN_POINT('Ctrl Pts',(11.6500014935846,56.4724563085462,21.3179129877962));
#6630=CARTESIAN_POINT('Ctrl Pts',(11.6500014935846,56.4607415430704,21.2925982107899));
#6631=CARTESIAN_POINT('Ctrl Pts',(11.6500014935846,56.4541175184552,21.2811423120921));
#6632=CARTESIAN_POINT('Ctrl Pts',(11.6500014935846,56.4400202510843,21.2638062712512));
#6633=CARTESIAN_POINT('Ctrl Pts',(11.6500014935846,56.4329407032516,21.2569781499514));
#6634=CARTESIAN_POINT('Ctrl Pts',(11.6500014935846,56.4190316103182,21.2482583086335));
#6635=CARTESIAN_POINT('Ctrl Pts',(11.6500014935846,56.4127482141318,21.2455460542388));
#6636=CARTESIAN_POINT('Ctrl Pts',(11.6500014935846,56.3995686901977,21.2428477674315));
#6637=CARTESIAN_POINT('Ctrl Pts',(11.6500014935847,56.3930401924599,21.2428448413764));
#6638=CARTESIAN_POINT('Ctrl Pts',(11.6500014935847,56.3788719430824,21.2456823693547));
#6639=CARTESIAN_POINT('Ctrl Pts',(11.6500014935915,56.3717097348106,21.2489539860242));
#6640=CARTESIAN_POINT('Ctrl Pts',(11.6500014935915,56.3548254255272,21.2601937775661));
#6641=CARTESIAN_POINT('Ctrl Pts',(11.650001493725,56.3460248500491,21.2697897301729));
#6642=CARTESIAN_POINT('Ctrl Pts',(11.650001493725,56.3247834419753,21.2996214268911));
#6643=CARTESIAN_POINT('Ctrl Pts',(11.6500014935846,56.3148134620302,21.3238112869749));
#6644=CARTESIAN_POINT('Ctrl Pts',(11.6500014935846,56.3079810753913,21.3472516659873));
#6645=CARTESIAN_POINT('',(11.6500017798676,56.8541312397485,22.968002511544));
#6646=CARTESIAN_POINT('Ctrl Pts',(11.6500014935847,56.8541312687741,22.9680010952219));
#6647=CARTESIAN_POINT('Ctrl Pts',(11.6500014934094,56.8166407748958,22.7793906904713));
#6648=CARTESIAN_POINT('Ctrl Pts',(11.6499760697199,56.7770711864373,22.5912112351267));
#6649=CARTESIAN_POINT('Ctrl Pts',(11.6499373831118,56.7355580457127,22.4034455374288));
#6650=CARTESIAN_POINT('Ctrl Pts',(11.6499052861593,56.7011160159545,22.247662774795));
#6651=CARTESIAN_POINT('Ctrl Pts',(11.6498640245063,56.6653361513105,22.0921658931146));
#6652=CARTESIAN_POINT('Ctrl Pts',(11.6498271547974,56.6282958594387,21.9369714504647));
#6653=CARTESIAN_POINT('Ctrl Pts',(11.6497803321097,56.5812565400709,21.7398822650664));
#6654=CARTESIAN_POINT('Ctrl Pts',(11.649736969252,56.5321760266419,21.5432369060923));
#6655=CARTESIAN_POINT('Ctrl Pts',(11.649701126048,56.4812209951753,21.3470777137339));
#6656=CARTESIAN_POINT('',(11.6500014796925,57.380843318206,22.9680010264829));
#6657=CARTESIAN_POINT('',(11.6500014935846,44.8779023263593,22.9680010952116));
#6658=CARTESIAN_POINT('',(11.6500010154651,57.8079806358551,21.3472515378743));
#6659=CARTESIAN_POINT('Ctrl Pts',(11.650671862933,57.807980814639,21.3464104330626));
#6660=CARTESIAN_POINT('Ctrl Pts',(11.650513559425,57.7507186374831,21.5430517877335));
#6661=CARTESIAN_POINT('Ctrl Pts',(11.6503759142304,57.6951824889793,21.7401974366931));
#6662=CARTESIAN_POINT('Ctrl Pts',(11.6502706034856,57.6415505178084,21.9377655550153));
#6663=CARTESIAN_POINT('Ctrl Pts',(11.6501719589192,57.5913134546086,22.1228275959909));
#6664=CARTESIAN_POINT('Ctrl Pts',(11.6501050523806,57.5427225737725,22.3083574278438));
#6665=CARTESIAN_POINT('Ctrl Pts',(11.6500604681634,57.4959202203915,22.4942938097377));
#6666=CARTESIAN_POINT('Ctrl Pts',(11.6500226754052,57.4562472119486,22.6519067312216));
#6667=CARTESIAN_POINT('Ctrl Pts',(11.6500014935846,57.4178593436766,22.8098124225635));
#6668=CARTESIAN_POINT('Ctrl Pts',(11.6500014935846,57.3808433167952,22.9680010952218));
#6669=CARTESIAN_POINT('',(11.6500010166823,57.9812211796523,21.3472515423543));
#6670=CARTESIAN_POINT('Ctrl Pts',(11.6500014935846,57.9812207187093,21.3472516621233));
#6671=CARTESIAN_POINT('Ctrl Pts',(11.6500014935846,57.9774137740284,21.3326004275294));
#6672=CARTESIAN_POINT('Ctrl Pts',(11.6500014935846,57.9724563085462,21.3179129877962));
#6673=CARTESIAN_POINT('Ctrl Pts',(11.6500014935846,57.9607415430704,21.2925982107898));
#6674=CARTESIAN_POINT('Ctrl Pts',(11.6500014935846,57.9541175184552,21.2811423120921));
#6675=CARTESIAN_POINT('Ctrl Pts',(11.6500014935846,57.9400202510842,21.2638062712512));
#6676=CARTESIAN_POINT('Ctrl Pts',(11.6500014935846,57.9329407032516,21.2569781499514));
#6677=CARTESIAN_POINT('Ctrl Pts',(11.6500014935846,57.9190316103183,21.2482583086336));
#6678=CARTESIAN_POINT('Ctrl Pts',(11.6500014935846,57.9127482141318,21.2455460542388));
#6679=CARTESIAN_POINT('Ctrl Pts',(11.6500014935846,57.8995686901976,21.2428477674314));
#6680=CARTESIAN_POINT('Ctrl Pts',(11.6500014935847,57.8930401924599,21.2428448413764));
#6681=CARTESIAN_POINT('Ctrl Pts',(11.6500014935847,57.8788719430824,21.2456823693547));
#6682=CARTESIAN_POINT('Ctrl Pts',(11.6500014935915,57.8717097348106,21.2489539860241));
#6683=CARTESIAN_POINT('Ctrl Pts',(11.6500014935915,57.8548254255271,21.2601937775661));
#6684=CARTESIAN_POINT('Ctrl Pts',(11.650001493725,57.846024850049,21.2697897301731));
#6685=CARTESIAN_POINT('Ctrl Pts',(11.650001493725,57.8247834419753,21.2996214268911));
#6686=CARTESIAN_POINT('Ctrl Pts',(11.6500014935846,57.8148134620302,21.3238112869747));
#6687=CARTESIAN_POINT('Ctrl Pts',(11.6500014935846,57.8079810753913,21.3472516659873));
#6688=CARTESIAN_POINT('',(11.6500017798675,58.3541312397485,22.9680025115439));
#6689=CARTESIAN_POINT('Ctrl Pts',(11.6500014935846,58.3541312687741,22.9680010952218));
#6690=CARTESIAN_POINT('Ctrl Pts',(11.6500014928792,58.3170659778941,22.7815298387559));
#6691=CARTESIAN_POINT('Ctrl Pts',(11.6498866192872,58.2779684856031,22.5955523582525));
#6692=CARTESIAN_POINT('Ctrl Pts',(11.6496935937087,58.2369697745147,22.4100293698863));
#6693=CARTESIAN_POINT('Ctrl Pts',(11.6495293955062,58.2020940097905,22.2522132844184));
#6694=CARTESIAN_POINT('Ctrl Pts',(11.6493085095251,58.1658424961765,22.0947271166543));
#6695=CARTESIAN_POINT('Ctrl Pts',(11.6490585219999,58.1282958594387,21.9375759009344));
#6696=CARTESIAN_POINT('Ctrl Pts',(11.6487453316836,58.0812565400709,21.7406931208087));
#6697=CARTESIAN_POINT('Ctrl Pts',(11.6483829142028,58.0321760266419,21.5442921660135));
#6698=CARTESIAN_POINT('Ctrl Pts',(11.6479982141848,57.9812209951753,21.348395063773));
#6699=CARTESIAN_POINT('',(11.6500014796925,58.880843318206,22.968001026483));
#6700=CARTESIAN_POINT('',(11.6500014935846,44.8779023263593,22.9680010952116));
#6701=CARTESIAN_POINT('',(11.6500010154651,59.3079806358551,21.3472515378743));
#6702=CARTESIAN_POINT('Ctrl Pts',(11.6506727251109,59.307980814639,21.3464103704692));
#6703=CARTESIAN_POINT('Ctrl Pts',(11.6505142350039,59.2507186374831,21.5430517379269));
#6704=CARTESIAN_POINT('Ctrl Pts',(11.6503764250082,59.1951824889793,21.7401973986164));
#6705=CARTESIAN_POINT('Ctrl Pts',(11.6502709796911,59.1415505178084,21.9377655267435));
#6706=CARTESIAN_POINT('Ctrl Pts',(11.6501722091953,59.0913135179168,22.1228273436898));
#6707=CARTESIAN_POINT('Ctrl Pts',(11.6501052031132,59.0427226962401,22.3083569486591));
#6708=CARTESIAN_POINT('Ctrl Pts',(11.6500605538238,58.9959203973313,22.494293100176));
#6709=CARTESIAN_POINT('Ctrl Pts',(11.6500227058018,58.9562473260874,22.6519062593144));
#6710=CARTESIAN_POINT('Ctrl Pts',(11.6500014935846,58.9178593987065,22.8098121873922));
#6711=CARTESIAN_POINT('Ctrl Pts',(11.6500014935846,58.8808433167952,22.9680010952219));
#6712=CARTESIAN_POINT('',(11.6500010166823,59.4812211796523,21.3472515423543));
#6713=CARTESIAN_POINT('Ctrl Pts',(11.6500014935846,59.4812207187093,21.3472516621233));
#6714=CARTESIAN_POINT('Ctrl Pts',(11.6500014935846,59.4774137740283,21.3326004275292));
#6715=CARTESIAN_POINT('Ctrl Pts',(11.6500014935846,59.4724563085461,21.3179129877962));
#6716=CARTESIAN_POINT('Ctrl Pts',(11.6500014935846,59.4607415430705,21.2925982107901));
#6717=CARTESIAN_POINT('Ctrl Pts',(11.6500014935846,59.4541175184553,21.2811423120921));
#6718=CARTESIAN_POINT('Ctrl Pts',(11.6500014935846,59.4400202510842,21.2638062712512));
#6719=CARTESIAN_POINT('Ctrl Pts',(11.6500014935846,59.4329407032516,21.2569781499514));
#6720=CARTESIAN_POINT('Ctrl Pts',(11.6500014935846,59.4190316103183,21.2482583086336));
#6721=CARTESIAN_POINT('Ctrl Pts',(11.6500014935846,59.4127482141318,21.2455460542388));
#6722=CARTESIAN_POINT('Ctrl Pts',(11.6500014935846,59.3995686901977,21.2428477674315));
#6723=CARTESIAN_POINT('Ctrl Pts',(11.6500014935847,59.3930401924599,21.2428448413764));
#6724=CARTESIAN_POINT('Ctrl Pts',(11.6500014935847,59.3788719430824,21.2456823693547));
#6725=CARTESIAN_POINT('Ctrl Pts',(11.6500014935915,59.3717097348106,21.2489539860242));
#6726=CARTESIAN_POINT('Ctrl Pts',(11.6500014935915,59.3548254255272,21.2601937775661));
#6727=CARTESIAN_POINT('Ctrl Pts',(11.650001493725,59.3460248500491,21.2697897301729));
#6728=CARTESIAN_POINT('Ctrl Pts',(11.650001493725,59.3247834419753,21.2996214268911));
#6729=CARTESIAN_POINT('Ctrl Pts',(11.6500014935846,59.3148134620301,21.3238112869749));
#6730=CARTESIAN_POINT('Ctrl Pts',(11.6500014935846,59.3079810753913,21.3472516659873));
#6731=CARTESIAN_POINT('',(11.6500017798676,59.8541312397485,22.9680025115439));
#6732=CARTESIAN_POINT('Ctrl Pts',(11.6500014935846,59.8541312687741,22.9680010952219));
#6733=CARTESIAN_POINT('Ctrl Pts',(11.6500014937273,59.8164547752143,22.7784549470353));
#6734=CARTESIAN_POINT('Ctrl Pts',(11.6500306243243,59.7766785060871,22.589305708406));
#6735=CARTESIAN_POINT('Ctrl Pts',(11.6500843823553,59.7349400311091,22.4005483435269));
#6736=CARTESIAN_POINT('Ctrl Pts',(11.6501284979753,59.7006880567986,22.245647801134));
#6737=CARTESIAN_POINT('Ctrl Pts',(11.6501892273056,59.6651146571437,22.0910122368951));
#6738=CARTESIAN_POINT('Ctrl Pts',(11.6502717495748,59.6282958594387,21.9366639114623));
#6739=CARTESIAN_POINT('Ctrl Pts',(11.6503771791819,59.581256540071,21.7394700695534));
#6740=CARTESIAN_POINT('Ctrl Pts',(11.6505145041723,59.532176026642,21.5427011245756));
#6741=CARTESIAN_POINT('Ctrl Pts',(11.6506731709548,59.4812209951753,21.3464100243101));
#6742=CARTESIAN_POINT('',(11.6500014935846,60.2653576968856,22.9680010952116));
#6743=CARTESIAN_POINT('',(11.6500014935846,44.8779023263593,22.9680010952116));
#6744=CARTESIAN_POINT('',(11.6500014935846,60.7937736001841,21.0061875054731));
#6745=CARTESIAN_POINT('Ctrl Pts',(11.6506751070601,60.7937736001842,21.0053900326169));
#6746=CARTESIAN_POINT('Ctrl Pts',(11.6505644246386,60.7368733505569,21.19370567995));
#6747=CARTESIAN_POINT('Ctrl Pts',(11.6504615890658,60.6814721035403,21.3825596124514));
#6748=CARTESIAN_POINT('Ctrl Pts',(11.6503674309733,60.627729013977,21.5718522532796));
#6749=CARTESIAN_POINT('Ctrl Pts',(11.6503098099763,60.5948403867675,21.6876917993177));
#6750=CARTESIAN_POINT('Ctrl Pts',(11.6502559768624,60.5625727315335,21.803696471297));
#6751=CARTESIAN_POINT('Ctrl Pts',(11.6502105460461,60.5309625227634,21.9198520480797));
#6752=CARTESIAN_POINT('Ctrl Pts',(11.6501382024076,60.4806266999692,22.1048171829833));
#6753=CARTESIAN_POINT('Ctrl Pts',(11.6500877983196,60.4319319074084,22.2902620079221));
#6754=CARTESIAN_POINT('Ctrl Pts',(11.6500521796065,60.3850205163589,22.4761238156192));
#6755=CARTESIAN_POINT('Ctrl Pts',(11.6500208196478,60.3437180896314,22.6397630410206));
#6756=CARTESIAN_POINT('Ctrl Pts',(11.6500014935846,60.3037980944861,22.8037259985872));
#6757=CARTESIAN_POINT('Ctrl Pts',(11.6500014935846,60.2653576968856,22.9680010952116));
#6758=CARTESIAN_POINT('',(11.6500014935846,61.0060872944879,21.0061875054728));
#6759=CARTESIAN_POINT('',(11.6500014935846,44.8779600613863,21.006187505473));
#6760=CARTESIAN_POINT('Ctrl Pts',(11.6500014935846,61.4507815931784,22.874139382635));
#6761=CARTESIAN_POINT('Ctrl Pts',(11.6500029575779,61.4128485525584,22.6868781428393));
#6762=CARTESIAN_POINT('Ctrl Pts',(11.6499372661008,61.3728850319174,22.5000818352163));
#6763=CARTESIAN_POINT('Ctrl Pts',(11.649831029872,61.3310241680778,22.3137266971286));
#6764=CARTESIAN_POINT('Ctrl Pts',(11.6497554067585,61.3012259637547,22.1810718025074));
#6765=CARTESIAN_POINT('Ctrl Pts',(11.6496593217186,61.2704663470522,22.0486416156441));
#6766=CARTESIAN_POINT('Ctrl Pts',(11.649555859663,61.2387933403757,21.9164432209916));
#6767=CARTESIAN_POINT('Ctrl Pts',(11.64940624066,61.1929902326342,21.7252678969895));
#6768=CARTESIAN_POINT('Ctrl Pts',(11.6492390662061,61.1452677841446,21.5345331820558));
#6769=CARTESIAN_POINT('Ctrl Pts',(11.6490666779695,61.0957795108089,21.3442646508794));
#6770=CARTESIAN_POINT('Ctrl Pts',(11.648964650543,61.0664900345042,21.2316548292025));
#6771=CARTESIAN_POINT('Ctrl Pts',(11.6488610395059,61.0365820204161,21.1192093075741));
#6772=CARTESIAN_POINT('Ctrl Pts',(11.6487611031151,61.0060872944879,21.0069414995824));
#6773=CARTESIAN_POINT('Origin',(11.6500014935846,47.6507721390574,8.94878103324467));
#6774=CARTESIAN_POINT('',(11.650001482233,61.1707021429718,32.3872513458198));
#6775=CARTESIAN_POINT('',(11.6500014935846,44.8779023263593,32.3872512896595));
#6776=CARTESIAN_POINT('',(11.6500011070714,60.7435648319744,34.0080005098247));
#6777=CARTESIAN_POINT('Ctrl Pts',(11.6478422860683,60.7435646874451,34.0069986106565));
#6778=CARTESIAN_POINT('Ctrl Pts',(11.6482404931068,60.797885192479,33.8208043156997));
#6779=CARTESIAN_POINT('Ctrl Pts',(11.6486143633756,60.8506524664524,33.6341356205146));
#6780=CARTESIAN_POINT('Ctrl Pts',(11.6489400595324,60.9017143932344,33.4470382464952));
#6781=CARTESIAN_POINT('Ctrl Pts',(11.6489576971858,60.9044795857201,33.4369062306209));
#6782=CARTESIAN_POINT('Ctrl Pts',(11.6489751973666,60.9072397770641,33.4267729454047));
#6783=CARTESIAN_POINT('Ctrl Pts',(11.6489925575359,60.9099949431086,33.4166383938639));
#6784=CARTESIAN_POINT('Ctrl Pts',(11.6493052596768,60.9596227035288,33.2340885628525));
#6785=CARTESIAN_POINT('Ctrl Pts',(11.6495746217248,61.0076439710419,33.0510375483434));
#6786=CARTESIAN_POINT('Ctrl Pts',(11.6497548396638,61.0539215173129,32.8675167131955));
#6787=CARTESIAN_POINT('Ctrl Pts',(11.649911693417,61.0941994544575,32.7077882647695));
#6788=CARTESIAN_POINT('Ctrl Pts',(11.6500014935846,61.1331564888306,32.5477033390858));
#6789=CARTESIAN_POINT('Ctrl Pts',(11.6500014935846,61.170702144125,32.3872512896493));
#6790=CARTESIAN_POINT('',(11.6500011081555,60.5703242881672,34.0080005058345));
#6791=CARTESIAN_POINT('Ctrl Pts',(11.6500014935846,60.5703246606976,34.0080004090384));
#6792=CARTESIAN_POINT('Ctrl Pts',(11.6500014935846,60.5741315901171,34.022651647597));
#6793=CARTESIAN_POINT('Ctrl Pts',(11.6500014935846,60.5790891523735,34.0373393970733));
#6794=CARTESIAN_POINT('Ctrl Pts',(11.6500014935846,60.5908039178478,34.0626541740772));
#6795=CARTESIAN_POINT('Ctrl Pts',(11.6500014935846,60.5974279424617,34.0741100727735));
#6796=CARTESIAN_POINT('Ctrl Pts',(11.6500014935846,60.6115252098311,34.0914461136149));
#6797=CARTESIAN_POINT('Ctrl Pts',(11.6500014935846,60.6186047576641,34.0982742349162));
#6798=CARTESIAN_POINT('Ctrl Pts',(11.6500014935846,60.6325138505982,34.1069940762357));
#6799=CARTESIAN_POINT('Ctrl Pts',(11.6500014935846,60.6387972467848,34.1097063306311));
#6800=CARTESIAN_POINT('Ctrl Pts',(11.6500014935846,60.6519767707189,34.1124046174394));
#6801=CARTESIAN_POINT('Ctrl Pts',(11.6500014935847,60.6585052684564,34.112407543495));
#6802=CARTESIAN_POINT('Ctrl Pts',(11.6500014935847,60.6726735178335,34.1095700155179));
#6803=CARTESIAN_POINT('Ctrl Pts',(11.6500014935915,60.6798357261053,34.1062983988491));
#6804=CARTESIAN_POINT('Ctrl Pts',(11.6500014935915,60.6967200353893,34.0950586073087));
#6805=CARTESIAN_POINT('Ctrl Pts',(11.6500014937255,60.7055206108686,34.0854626546997));
#6806=CARTESIAN_POINT('Ctrl Pts',(11.6500014937255,60.7267620189424,34.055630957985));
#6807=CARTESIAN_POINT('Ctrl Pts',(11.6500014935846,60.7367321139378,34.0314407922486));
#6808=CARTESIAN_POINT('Ctrl Pts',(11.6500014935846,60.7435644766528,34.0080004062579));
#6809=CARTESIAN_POINT('',(11.650001786004,60.1974142217939,32.3872498429683));
#6810=CARTESIAN_POINT('Ctrl Pts',(11.6500014935846,60.1974141921461,32.3872512896492));
#6811=CARTESIAN_POINT('Ctrl Pts',(11.6500014928609,60.2344790926998,32.573720582418));
#6812=CARTESIAN_POINT('Ctrl Pts',(11.6498860797189,60.2735761518634,32.7596958977885));
#6813=CARTESIAN_POINT('Ctrl Pts',(11.6496920609286,60.3145743911614,32.9452165532455));
#6814=CARTESIAN_POINT('Ctrl Pts',(11.6495270140643,60.3494505535701,33.1030342698273));
#6815=CARTESIAN_POINT('Ctrl Pts',(11.6493049482978,60.3857024999293,33.2605219322327));
#6816=CARTESIAN_POINT('Ctrl Pts',(11.6490534991218,60.4232496014787,33.41767452527));
#6817=CARTESIAN_POINT('Ctrl Pts',(11.6487384816684,60.4702888978528,33.6145564973742));
#6818=CARTESIAN_POINT('Ctrl Pts',(11.6483738686119,60.5193694172863,33.8109564457651));
#6819=CARTESIAN_POINT('Ctrl Pts',(11.6479865798962,60.5703244372602,34.0068524196236));
#6820=CARTESIAN_POINT('',(11.6500014822329,59.6707021429717,32.3872513458198));
#6821=CARTESIAN_POINT('',(11.6500014935846,44.8779023263593,32.3872512896595));
#6822=CARTESIAN_POINT('',(11.6500011070714,59.2435648319744,34.0080005098247));
#6823=CARTESIAN_POINT('Ctrl Pts',(11.6497054645929,59.2435646874451,34.0081762205088));
#6824=CARTESIAN_POINT('Ctrl Pts',(11.6497407667615,59.3008268490478,33.8116666153005));
#6825=CARTESIAN_POINT('Ctrl Pts',(11.6497829948111,59.3563629981187,33.6146444587154));
#6826=CARTESIAN_POINT('Ctrl Pts',(11.6498292532531,59.4099949431086,33.4171808633796));
#6827=CARTESIAN_POINT('Ctrl Pts',(11.6498724214829,59.4600441024403,33.2329084685033));
#6828=CARTESIAN_POINT('Ctrl Pts',(11.6499224547655,59.5084593709526,33.0481552929883));
#6829=CARTESIAN_POINT('Ctrl Pts',(11.6499559030565,59.555099994846,32.8629717157175));
#6830=CARTESIAN_POINT('Ctrl Pts',(11.6499844882369,59.5949594498561,32.7047123304291));
#6831=CARTESIAN_POINT('Ctrl Pts',(11.6500014935846,59.6335227842814,32.54613796873));
#6832=CARTESIAN_POINT('Ctrl Pts',(11.6500014935846,59.670702144125,32.3872512896493));
#6833=CARTESIAN_POINT('',(11.6500011081555,59.0703242881672,34.0080005058345));
#6834=CARTESIAN_POINT('Ctrl Pts',(11.6500014935846,59.0703246606976,34.0080004090384));
#6835=CARTESIAN_POINT('Ctrl Pts',(11.6500014935846,59.0741315901171,34.022651647597));
#6836=CARTESIAN_POINT('Ctrl Pts',(11.6500014935846,59.0790891523735,34.0373393970733));
#6837=CARTESIAN_POINT('Ctrl Pts',(11.6500014935846,59.0908039178478,34.0626541740773));
#6838=CARTESIAN_POINT('Ctrl Pts',(11.6500014935846,59.0974279424617,34.0741100727735));
#6839=CARTESIAN_POINT('Ctrl Pts',(11.6500014935846,59.1115252098311,34.0914461136149));
#6840=CARTESIAN_POINT('Ctrl Pts',(11.6500014935846,59.1186047576641,34.0982742349162));
#6841=CARTESIAN_POINT('Ctrl Pts',(11.6500014935846,59.1325138505982,34.1069940762358));
#6842=CARTESIAN_POINT('Ctrl Pts',(11.6500014935846,59.1387972467848,34.1097063306311));
#6843=CARTESIAN_POINT('Ctrl Pts',(11.6500014935846,59.1519767707189,34.1124046174394));
#6844=CARTESIAN_POINT('Ctrl Pts',(11.6500014935847,59.1585052684564,34.112407543495));
#6845=CARTESIAN_POINT('Ctrl Pts',(11.6500014935847,59.1726735178335,34.1095700155179));
#6846=CARTESIAN_POINT('Ctrl Pts',(11.6500014935915,59.1798357261052,34.1062983988492));
#6847=CARTESIAN_POINT('Ctrl Pts',(11.6500014935915,59.1967200353893,34.0950586073087));
#6848=CARTESIAN_POINT('Ctrl Pts',(11.6500014937255,59.2055206108686,34.0854626546997));
#6849=CARTESIAN_POINT('Ctrl Pts',(11.6500014937255,59.2267620189424,34.055630957985));
#6850=CARTESIAN_POINT('Ctrl Pts',(11.6500014935846,59.2367321139378,34.0314407922486));
#6851=CARTESIAN_POINT('Ctrl Pts',(11.6500014935846,59.2435644766528,34.0080004062579));
#6852=CARTESIAN_POINT('',(11.650001786004,58.6974142217939,32.3872498429683));
#6853=CARTESIAN_POINT('Ctrl Pts',(11.6500014935846,58.6974141921462,32.3872512896492));
#6854=CARTESIAN_POINT('Ctrl Pts',(11.6500014934068,58.7349047501876,32.5758620171983));
#6855=CARTESIAN_POINT('Ctrl Pts',(11.6499762650502,58.7744744099258,32.7640418841686));
#6856=CARTESIAN_POINT('Ctrl Pts',(11.6499379361976,58.8159876283508,32.9518080696985));
#6857=CARTESIAN_POINT('Ctrl Pts',(11.6499061361826,58.8504295925798,33.1075906490982));
#6858=CARTESIAN_POINT('Ctrl Pts',(11.6498652834293,58.8862093860154,33.2630874021687));
#6859=CARTESIAN_POINT('Ctrl Pts',(11.6498289175792,58.9232496014787,33.4182817643342));
#6860=CARTESIAN_POINT('Ctrl Pts',(11.6497827346945,58.9702888978528,33.6153711577461));
#6861=CARTESIAN_POINT('Ctrl Pts',(11.6497402376016,59.0193694172863,33.8120167731322));
#6862=CARTESIAN_POINT('Ctrl Pts',(11.6497053469098,59.0703244372602,34.0081763014344));
#6863=CARTESIAN_POINT('',(11.650001482233,58.1707021429718,32.3872513458198));
#6864=CARTESIAN_POINT('',(11.6500014935846,44.8779023263593,32.3872512896595));
#6865=CARTESIAN_POINT('',(11.6500011070714,57.7435648319744,34.0080005098247));
#6866=CARTESIAN_POINT('Ctrl Pts',(11.6479897167113,57.7435646874451,34.0068536994321));
#6867=CARTESIAN_POINT('Ctrl Pts',(11.6483571304045,57.7978346040719,33.8208627066011));
#6868=CARTESIAN_POINT('Ctrl Pts',(11.6487037236858,57.8505541813235,33.6343947811159));
#6869=CARTESIAN_POINT('Ctrl Pts',(11.6490068864333,57.9015717276679,33.4474943913417));
#6870=CARTESIAN_POINT('Ctrl Pts',(11.6490236017198,57.9043846488261,33.4371893865242));
#6871=CARTESIAN_POINT('Ctrl Pts',(11.6490401889456,57.9071923957816,33.4268830543839));
#6872=CARTESIAN_POINT('Ctrl Pts',(11.6490566456472,57.9099949431086,33.4165753978937));
#6873=CARTESIAN_POINT('Ctrl Pts',(11.6493477915889,57.9595765846404,33.2342161120427));
#6874=CARTESIAN_POINT('Ctrl Pts',(11.649600146247,58.0075547176932,33.0513521771875));
#6875=CARTESIAN_POINT('Ctrl Pts',(11.6497692888066,58.0537924961539,32.868013649978));
#6876=CARTESIAN_POINT('Ctrl Pts',(11.6499167973003,58.0941162624621,32.7081249145633));
#6877=CARTESIAN_POINT('Ctrl Pts',(11.6500014935846,58.1331164005946,32.5478746569006));
#6878=CARTESIAN_POINT('Ctrl Pts',(11.6500014935846,58.170702144125,32.3872512896494));
#6879=CARTESIAN_POINT('',(11.6500011081555,57.5703242881672,34.0080005058345));
#6880=CARTESIAN_POINT('Ctrl Pts',(11.6500014935846,57.5703246606976,34.0080004090384));
#6881=CARTESIAN_POINT('Ctrl Pts',(11.6500014935846,57.5741315901171,34.022651647597));
#6882=CARTESIAN_POINT('Ctrl Pts',(11.6500014935846,57.5790891523735,34.0373393970733));
#6883=CARTESIAN_POINT('Ctrl Pts',(11.6500014935846,57.5908039178478,34.0626541740772));
#6884=CARTESIAN_POINT('Ctrl Pts',(11.6500014935846,57.5974279424617,34.0741100727735));
#6885=CARTESIAN_POINT('Ctrl Pts',(11.6500014935846,57.611525209831,34.0914461136149));
#6886=CARTESIAN_POINT('Ctrl Pts',(11.6500014935846,57.6186047576641,34.0982742349162));
#6887=CARTESIAN_POINT('Ctrl Pts',(11.6500014935846,57.6325138505982,34.1069940762358));
#6888=CARTESIAN_POINT('Ctrl Pts',(11.6500014935846,57.6387972467848,34.1097063306311));
#6889=CARTESIAN_POINT('Ctrl Pts',(11.6500014935846,57.6519767707189,34.1124046174394));
#6890=CARTESIAN_POINT('Ctrl Pts',(11.6500014935847,57.6585052684564,34.112407543495));
#6891=CARTESIAN_POINT('Ctrl Pts',(11.6500014935847,57.6726735178335,34.1095700155179));
#6892=CARTESIAN_POINT('Ctrl Pts',(11.6500014935915,57.6798357261052,34.1062983988491));
#6893=CARTESIAN_POINT('Ctrl Pts',(11.6500014935915,57.6967200353893,34.0950586073087));
#6894=CARTESIAN_POINT('Ctrl Pts',(11.6500014937255,57.7055206108686,34.0854626546997));
#6895=CARTESIAN_POINT('Ctrl Pts',(11.6500014937255,57.7267620189424,34.055630957985));
#6896=CARTESIAN_POINT('Ctrl Pts',(11.6500014935846,57.7367321139378,34.0314407922487));
#6897=CARTESIAN_POINT('Ctrl Pts',(11.6500014935846,57.7435644766528,34.0080004062579));
#6898=CARTESIAN_POINT('',(11.650001786004,57.1974142217939,32.3872498429683));
#6899=CARTESIAN_POINT('Ctrl Pts',(11.6500014935846,57.1974141921461,32.3872512896493));
#6900=CARTESIAN_POINT('Ctrl Pts',(11.6500014934066,57.2349047457794,32.5758619950212));
#6901=CARTESIAN_POINT('Ctrl Pts',(11.6499762423861,57.2744744006205,32.7640418306684));
#6902=CARTESIAN_POINT('Ctrl Pts',(11.6499378721864,57.3159876137072,32.9518079770606));
#6903=CARTESIAN_POINT('Ctrl Pts',(11.649906037859,57.3504295824382,33.1075905643847));
#6904=CARTESIAN_POINT('Ctrl Pts',(11.6498651379174,57.386209380766,33.2630873198498));
#6905=CARTESIAN_POINT('Ctrl Pts',(11.6498287140485,57.4232496014787,33.4182816795675));
#6906=CARTESIAN_POINT('Ctrl Pts',(11.6497824574893,57.4702888978528,33.6153710419389));
#6907=CARTESIAN_POINT('Ctrl Pts',(11.6497398692511,57.5193694172863,33.8120166186093));
#6908=CARTESIAN_POINT('Ctrl Pts',(11.6497048736284,57.5703244372602,34.0081761017858));
#6909=CARTESIAN_POINT('',(11.650001482233,56.6707021429718,32.3872513458198));
#6910=CARTESIAN_POINT('',(11.6500014935846,44.8779023263593,32.3872512896595));
#6911=CARTESIAN_POINT('',(11.6500011070714,56.2435648319744,34.0080005098247));
#6912=CARTESIAN_POINT('Ctrl Pts',(11.6479909879379,56.2435646874451,34.0068541931611));
#6913=CARTESIAN_POINT('Ctrl Pts',(11.6483581318599,56.2978346205605,33.8208630391867));
#6914=CARTESIAN_POINT('Ctrl Pts',(11.6487044902154,56.3505542133586,33.6343949656887));
#6915=CARTESIAN_POINT('Ctrl Pts',(11.6490074606612,56.4015717741692,33.4474944441493));
#6916=CARTESIAN_POINT('Ctrl Pts',(11.6490241652478,56.4043846797699,33.4371894919828));
#6917=CARTESIAN_POINT('Ctrl Pts',(11.649040741905,56.4071924112248,33.4268832125583));
#6918=CARTESIAN_POINT('Ctrl Pts',(11.6490571881707,56.4099949431086,33.4165756088494));
#6919=CARTESIAN_POINT('Ctrl Pts',(11.6493481512853,56.4595766183531,33.2342161279115));
#6920=CARTESIAN_POINT('Ctrl Pts',(11.6496003639864,56.5075547829377,33.0513520131253));
#6921=CARTESIAN_POINT('Ctrl Pts',(11.649769413681,56.5537925904704,32.8680133244743));
#6922=CARTESIAN_POINT('Ctrl Pts',(11.6499168409723,56.5941163232758,32.7081246816398));
#6923=CARTESIAN_POINT('Ctrl Pts',(11.6500014935847,56.6331164298987,32.5478745316688));
#6924=CARTESIAN_POINT('Ctrl Pts',(11.6500014935847,56.670702144125,32.3872512896492));
#6925=CARTESIAN_POINT('',(11.6500011081555,56.0703242881672,34.0080005058345));
#6926=CARTESIAN_POINT('Ctrl Pts',(11.6500014935846,56.0703246606976,34.0080004090384));
#6927=CARTESIAN_POINT('Ctrl Pts',(11.6500014935846,56.0741315901171,34.022651647597));
#6928=CARTESIAN_POINT('Ctrl Pts',(11.6500014935846,56.0790891523735,34.0373393970733));
#6929=CARTESIAN_POINT('Ctrl Pts',(11.6500014935846,56.0908039178478,34.0626541740772));
#6930=CARTESIAN_POINT('Ctrl Pts',(11.6500014935846,56.0974279424617,34.0741100727735));
#6931=CARTESIAN_POINT('Ctrl Pts',(11.6500014935846,56.1115252098311,34.0914461136149));
#6932=CARTESIAN_POINT('Ctrl Pts',(11.6500014935846,56.1186047576641,34.0982742349162));
#6933=CARTESIAN_POINT('Ctrl Pts',(11.6500014935846,56.1325138505982,34.1069940762357));
#6934=CARTESIAN_POINT('Ctrl Pts',(11.6500014935846,56.1387972467848,34.1097063306311));
#6935=CARTESIAN_POINT('Ctrl Pts',(11.6500014935846,56.1519767707188,34.1124046174394));
#6936=CARTESIAN_POINT('Ctrl Pts',(11.6500014935847,56.1585052684564,34.112407543495));
#6937=CARTESIAN_POINT('Ctrl Pts',(11.6500014935847,56.1726735178335,34.1095700155179));
#6938=CARTESIAN_POINT('Ctrl Pts',(11.6500014935915,56.1798357261053,34.1062983988491));
#6939=CARTESIAN_POINT('Ctrl Pts',(11.6500014935915,56.1967200353893,34.0950586073086));
#6940=CARTESIAN_POINT('Ctrl Pts',(11.6500014937255,56.2055206108686,34.0854626546997));
#6941=CARTESIAN_POINT('Ctrl Pts',(11.6500014937255,56.2267620189424,34.0556309579849));
#6942=CARTESIAN_POINT('Ctrl Pts',(11.6500014935846,56.2367321139378,34.0314407922485));
#6943=CARTESIAN_POINT('Ctrl Pts',(11.6500014935846,56.2435644766528,34.0080004062579));
#6944=CARTESIAN_POINT('',(11.650001786004,55.6974142217939,32.3872498429683));
#6945=CARTESIAN_POINT('Ctrl Pts',(11.6500014935846,55.6974141921462,32.3872512896492));
#6946=CARTESIAN_POINT('Ctrl Pts',(11.6500014928619,55.7344792166861,32.5737212061792));
#6947=CARTESIAN_POINT('Ctrl Pts',(11.6498862524968,55.7735764134316,32.7596972095737));
#6948=CARTESIAN_POINT('Ctrl Pts',(11.6496925518006,55.8145748025926,32.9452186065937));
#6949=CARTESIAN_POINT('Ctrl Pts',(11.6495277767299,55.8494508386776,33.1030358054985));
#6950=CARTESIAN_POINT('Ctrl Pts',(11.6493060888188,55.885702647576,33.2605229937559));
#6951=CARTESIAN_POINT('Ctrl Pts',(11.6490551078098,55.9232496014787,33.4176751500736));
#6952=CARTESIAN_POINT('Ctrl Pts',(11.6487406756431,55.9702888978527,33.6145573492534));
#6953=CARTESIAN_POINT('Ctrl Pts',(11.6483767892867,56.0193694172862,33.8109575793683));
#6954=CARTESIAN_POINT('Ctrl Pts',(11.6479903418037,56.0703244372602,34.0068538789739));
#6955=CARTESIAN_POINT('',(11.650001482233,55.1707021429718,32.3872513458198));
#6956=CARTESIAN_POINT('',(11.6500014935846,44.8779023263593,32.3872512896595));
#6957=CARTESIAN_POINT('',(11.6500011070714,54.7435648319744,34.0080005098247));
#6958=CARTESIAN_POINT('Ctrl Pts',(11.6478478503083,54.7435646874451,34.007000390125));
#6959=CARTESIAN_POINT('Ctrl Pts',(11.6482448776487,54.7978851689061,33.820805797444));
#6960=CARTESIAN_POINT('Ctrl Pts',(11.6486177192249,54.850652420655,33.6341368540833));
#6961=CARTESIAN_POINT('Ctrl Pts',(11.6489425728125,54.9017143267585,33.4470392922179));
#6962=CARTESIAN_POINT('Ctrl Pts',(11.6489601649862,54.904479541483,33.436907180582));
#6963=CARTESIAN_POINT('Ctrl Pts',(11.6489776202318,54.9072397549859,33.4267737997602));
#6964=CARTESIAN_POINT('Ctrl Pts',(11.6489949360163,54.9099949431086,33.4166391527714));
#6965=CARTESIAN_POINT('Ctrl Pts',(11.6493068365388,54.9596227619846,33.2340888503166));
#6966=CARTESIAN_POINT('Ctrl Pts',(11.6495755754089,55.0076440841688,33.0510374207118));
#6967=CARTESIAN_POINT('Ctrl Pts',(11.6497553859016,55.0539216808413,32.8675162384255));
#6968=CARTESIAN_POINT('Ctrl Pts',(11.6499118846353,55.0941995599013,32.7077878921725));
#6969=CARTESIAN_POINT('Ctrl Pts',(11.6500014935846,55.1331565396424,32.5477031219405));
#6970=CARTESIAN_POINT('Ctrl Pts',(11.6500014935846,55.170702144125,32.3872512896493));
#6971=CARTESIAN_POINT('',(11.6500011081555,54.5703242881672,34.0080005058345));
#6972=CARTESIAN_POINT('Ctrl Pts',(11.6500014935846,54.5703246606976,34.0080004090384));
#6973=CARTESIAN_POINT('Ctrl Pts',(11.6500014935846,54.5741315901171,34.022651647597));
#6974=CARTESIAN_POINT('Ctrl Pts',(11.6500014935846,54.5790891523735,34.0373393970733));
#6975=CARTESIAN_POINT('Ctrl Pts',(11.6500014935846,54.5908039178478,34.0626541740773));
#6976=CARTESIAN_POINT('Ctrl Pts',(11.6500014935846,54.5974279424617,34.0741100727735));
#6977=CARTESIAN_POINT('Ctrl Pts',(11.6500014935846,54.6115252098311,34.0914461136149));
#6978=CARTESIAN_POINT('Ctrl Pts',(11.6500014935846,54.6186047576641,34.0982742349162));
#6979=CARTESIAN_POINT('Ctrl Pts',(11.6500014935846,54.6325138505982,34.1069940762357));
#6980=CARTESIAN_POINT('Ctrl Pts',(11.6500014935846,54.6387972467848,34.1097063306311));
#6981=CARTESIAN_POINT('Ctrl Pts',(11.6500014935846,54.6519767707189,34.1124046174394));
#6982=CARTESIAN_POINT('Ctrl Pts',(11.6500014935847,54.6585052684564,34.112407543495));
#6983=CARTESIAN_POINT('Ctrl Pts',(11.6500014935847,54.6726735178335,34.1095700155179));
#6984=CARTESIAN_POINT('Ctrl Pts',(11.6500014935915,54.6798357261053,34.1062983988491));
#6985=CARTESIAN_POINT('Ctrl Pts',(11.6500014935915,54.6967200353893,34.0950586073086));
#6986=CARTESIAN_POINT('Ctrl Pts',(11.6500014937255,54.7055206108686,34.0854626546997));
#6987=CARTESIAN_POINT('Ctrl Pts',(11.6500014937255,54.7267620189424,34.055630957985));
#6988=CARTESIAN_POINT('Ctrl Pts',(11.6500014935846,54.7367321139377,34.0314407922487));
#6989=CARTESIAN_POINT('Ctrl Pts',(11.6500014935846,54.7435644766528,34.0080004062579));
#6990=CARTESIAN_POINT('',(11.650001786004,54.1974142217939,32.3872498429683));
#6991=CARTESIAN_POINT('Ctrl Pts',(11.6500014935846,54.1974141921462,32.3872512896492));
#6992=CARTESIAN_POINT('Ctrl Pts',(11.6500014928622,54.2344792596002,32.5737214220755));
#6993=CARTESIAN_POINT('Ctrl Pts',(11.6498863119892,54.2735765039656,32.759697663547));
#6994=CARTESIAN_POINT('Ctrl Pts',(11.6496927208131,54.3145749449973,32.9452193171204));
#6995=CARTESIAN_POINT('Ctrl Pts',(11.6495280393225,54.349450937359,33.1030363367472));
#6996=CARTESIAN_POINT('Ctrl Pts',(11.6493064815061,54.3857026986795,33.2605233607532));
#6997=CARTESIAN_POINT('Ctrl Pts',(11.6490556616781,54.4232496014787,33.4176753657384));
#6998=CARTESIAN_POINT('Ctrl Pts',(11.6487414310133,54.4702888978527,33.6145576432946));
#6999=CARTESIAN_POINT('Ctrl Pts',(11.6483777948345,54.5193694172862,33.8109579706448));
#7000=CARTESIAN_POINT('Ctrl Pts',(11.6479916369413,54.5703244372602,34.0068543826741));
#7001=CARTESIAN_POINT('',(11.650001482233,53.6707021429718,32.3872513458197));
#7002=CARTESIAN_POINT('',(11.6500014935846,44.8779023263593,32.3872512896595));
#7003=CARTESIAN_POINT('',(11.6500011070714,53.2435648319744,34.0080005098247));
#7004=CARTESIAN_POINT('Ctrl Pts',(11.6497035868127,53.2435646874451,34.0081753955627));
#7005=CARTESIAN_POINT('Ctrl Pts',(11.6497393066263,53.3008268490477,33.8116659772901));
#7006=CARTESIAN_POINT('Ctrl Pts',(11.6497818970756,53.3563629981186,33.6146439809814));
#7007=CARTESIAN_POINT('Ctrl Pts',(11.6498284480934,53.4099949431086,33.4171805140213));
#7008=CARTESIAN_POINT('Ctrl Pts',(11.6498718893596,53.4600441085618,33.2329082164068));
#7009=CARTESIAN_POINT('Ctrl Pts',(11.6499221350075,53.5084593827956,33.0481551103169));
#7010=CARTESIAN_POINT('Ctrl Pts',(11.6499557213638,53.5551000119593,32.8629715698142));
#7011=CARTESIAN_POINT('Ctrl Pts',(11.6499844245284,53.594959460894,32.7047122579529));
#7012=CARTESIAN_POINT('Ctrl Pts',(11.6500014935846,53.6335227896023,32.546137945991));
#7013=CARTESIAN_POINT('Ctrl Pts',(11.6500014935846,53.670702144125,32.3872512896493));
#7014=CARTESIAN_POINT('',(11.6500011081555,53.0703242881672,34.0080005058345));
#7015=CARTESIAN_POINT('Ctrl Pts',(11.6500014935846,53.0703246606976,34.0080004090384));
#7016=CARTESIAN_POINT('Ctrl Pts',(11.6500014935846,53.0741315901171,34.022651647597));
#7017=CARTESIAN_POINT('Ctrl Pts',(11.6500014935846,53.0790891523735,34.0373393970733));
#7018=CARTESIAN_POINT('Ctrl Pts',(11.6500014935846,53.0908039178478,34.0626541740773));
#7019=CARTESIAN_POINT('Ctrl Pts',(11.6500014935846,53.0974279424617,34.0741100727735));
#7020=CARTESIAN_POINT('Ctrl Pts',(11.6500014935846,53.1115252098311,34.091446113615));
#7021=CARTESIAN_POINT('Ctrl Pts',(11.6500014935846,53.1186047576642,34.0982742349162));
#7022=CARTESIAN_POINT('Ctrl Pts',(11.6500014935846,53.1325138505982,34.1069940762357));
#7023=CARTESIAN_POINT('Ctrl Pts',(11.6500014935846,53.1387972467848,34.1097063306311));
#7024=CARTESIAN_POINT('Ctrl Pts',(11.6500014935846,53.1519767707189,34.1124046174394));
#7025=CARTESIAN_POINT('Ctrl Pts',(11.6500014935847,53.1585052684564,34.112407543495));
#7026=CARTESIAN_POINT('Ctrl Pts',(11.6500014935847,53.1726735178335,34.1095700155179));
#7027=CARTESIAN_POINT('Ctrl Pts',(11.6500014935915,53.1798357261053,34.1062983988491));
#7028=CARTESIAN_POINT('Ctrl Pts',(11.6500014935915,53.1967200353893,34.0950586073087));
#7029=CARTESIAN_POINT('Ctrl Pts',(11.6500014937255,53.2055206108686,34.0854626546998));
#7030=CARTESIAN_POINT('Ctrl Pts',(11.6500014937255,53.2267620189423,34.055630957985));
#7031=CARTESIAN_POINT('Ctrl Pts',(11.6500014935846,53.2367321139377,34.0314407922487));
#7032=CARTESIAN_POINT('Ctrl Pts',(11.6500014935846,53.2435644766528,34.0080004062579));
#7033=CARTESIAN_POINT('',(11.650001786004,52.6974142217939,32.3872498429683));
#7034=CARTESIAN_POINT('Ctrl Pts',(11.6500014935846,52.6974141921461,32.3872512896492));
#7035=CARTESIAN_POINT('Ctrl Pts',(11.6500014928626,52.7344793033466,32.5737216421586));
#7036=CARTESIAN_POINT('Ctrl Pts',(11.6498863724748,52.7735765962553,32.7596981262923));
#7037=CARTESIAN_POINT('Ctrl Pts',(11.649692892643,52.8145750901635,32.9452200413344));
#7038=CARTESIAN_POINT('Ctrl Pts',(11.649528306292,52.8494510379542,33.1030368781554));
#7039=CARTESIAN_POINT('Ctrl Pts',(11.6493068807365,52.885702750774,33.260523734653));
#7040=CARTESIAN_POINT('Ctrl Pts',(11.649056224769,52.9232496014787,33.4176755852807));
#7041=CARTESIAN_POINT('Ctrl Pts',(11.6487421989554,52.9702888978527,33.6145579426204));
#7042=CARTESIAN_POINT('Ctrl Pts',(11.6483788171074,53.0193694172862,33.8109583689501));
#7043=CARTESIAN_POINT('Ctrl Pts',(11.6479929536022,53.0703244372602,34.0068548954163));
#7044=CARTESIAN_POINT('',(11.6500014822329,52.1707021429717,32.3872513458198));
#7045=CARTESIAN_POINT('',(11.6500014935846,44.8779023263593,32.3872512896595));
#7046=CARTESIAN_POINT('',(11.6500011070714,51.7435648319744,34.0080005098247));
#7047=CARTESIAN_POINT('Ctrl Pts',(11.6479949291742,51.7435646874451,34.0068557279027));
#7048=CARTESIAN_POINT('Ctrl Pts',(11.6483612367984,51.797834672392,33.8208640710677));
#7049=CARTESIAN_POINT('Ctrl Pts',(11.6487068668352,51.8505543140601,33.6343955354975));
#7050=CARTESIAN_POINT('Ctrl Pts',(11.6490092410825,51.9015719203449,33.4474946023719));
#7051=CARTESIAN_POINT('Ctrl Pts',(11.6490259124924,51.9043847770411,33.4371898158569));
#7052=CARTESIAN_POINT('Ctrl Pts',(11.6490424563798,51.9071924597704,33.4268837022862));
#7053=CARTESIAN_POINT('Ctrl Pts',(11.6490588702872,51.9099949431086,33.4165762646349));
#7054=CARTESIAN_POINT('Ctrl Pts',(11.6493492665742,51.9595767235893,33.23421617565));
#7055=CARTESIAN_POINT('Ctrl Pts',(11.6496010391329,52.0075549866035,33.0513514999076));
#7056=CARTESIAN_POINT('Ctrl Pts',(11.6497698008864,52.0537928848876,32.8680123077649));
#7057=CARTESIAN_POINT('Ctrl Pts',(11.6499169763952,52.0941165131111,32.7081239543342));
#7058=CARTESIAN_POINT('Ctrl Pts',(11.6500014935846,52.1331165213741,32.5478741407473));
#7059=CARTESIAN_POINT('Ctrl Pts',(11.6500014935846,52.170702144125,32.3872512896493));
#7060=CARTESIAN_POINT('',(11.6500011081555,51.5703242881672,34.0080005058345));
#7061=CARTESIAN_POINT('Ctrl Pts',(11.6500014935846,51.5703246606976,34.0080004090384));
#7062=CARTESIAN_POINT('Ctrl Pts',(11.6500014935846,51.5741315901171,34.022651647597));
#7063=CARTESIAN_POINT('Ctrl Pts',(11.6500014935846,51.5790891523735,34.0373393970733));
#7064=CARTESIAN_POINT('Ctrl Pts',(11.6500014935846,51.5908039178478,34.0626541740772));
#7065=CARTESIAN_POINT('Ctrl Pts',(11.6500014935846,51.5974279424617,34.0741100727735));
#7066=CARTESIAN_POINT('Ctrl Pts',(11.6500014935846,51.6115252098311,34.091446113615));
#7067=CARTESIAN_POINT('Ctrl Pts',(11.6500014935846,51.6186047576642,34.0982742349162));
#7068=CARTESIAN_POINT('Ctrl Pts',(11.6500014935846,51.6325138505982,34.1069940762357));
#7069=CARTESIAN_POINT('Ctrl Pts',(11.6500014935846,51.6387972467847,34.1097063306311));
#7070=CARTESIAN_POINT('Ctrl Pts',(11.6500014935846,51.6519767707188,34.1124046174394));
#7071=CARTESIAN_POINT('Ctrl Pts',(11.6500014935847,51.6585052684564,34.112407543495));
#7072=CARTESIAN_POINT('Ctrl Pts',(11.6500014935847,51.6726735178336,34.1095700155179));
#7073=CARTESIAN_POINT('Ctrl Pts',(11.6500014935915,51.6798357261053,34.1062983988491));
#7074=CARTESIAN_POINT('Ctrl Pts',(11.6500014935915,51.6967200353893,34.0950586073086));
#7075=CARTESIAN_POINT('Ctrl Pts',(11.6500014937255,51.7055206108686,34.0854626546997));
#7076=CARTESIAN_POINT('Ctrl Pts',(11.6500014937255,51.7267620189424,34.055630957985));
#7077=CARTESIAN_POINT('Ctrl Pts',(11.6500014935846,51.7367321139377,34.0314407922487));
#7078=CARTESIAN_POINT('Ctrl Pts',(11.6500014935846,51.7435644766528,34.0080004062579));
#7079=CARTESIAN_POINT('',(11.650001786004,51.1974142217939,32.3872498429683));
#7080=CARTESIAN_POINT('Ctrl Pts',(11.6500014935846,51.1974141921462,32.3872512896492));
#7081=CARTESIAN_POINT('Ctrl Pts',(11.650001492863,51.2344793479518,32.5737218665626));
#7082=CARTESIAN_POINT('Ctrl Pts',(11.6498864339816,51.273576690357,32.7596985980898));
#7083=CARTESIAN_POINT('Ctrl Pts',(11.649693067369,51.31457523818,32.9452207796715));
#7084=CARTESIAN_POINT('Ctrl Pts',(11.6495285777602,51.3494511405244,33.103037430044));
#7085=CARTESIAN_POINT('Ctrl Pts',(11.6493072866921,51.3857028038913,33.2605241156692));
#7086=CARTESIAN_POINT('Ctrl Pts',(11.6490567973392,51.4232496014787,33.4176758088147));
#7087=CARTESIAN_POINT('Ctrl Pts',(11.6487429798191,51.4702888978528,33.6145582473865));
#7088=CARTESIAN_POINT('Ctrl Pts',(11.6483798565702,51.5193694172863,33.8109587744908));
#7089=CARTESIAN_POINT('Ctrl Pts',(11.6479942923841,51.5703244372602,34.0068554174664));
#7090=CARTESIAN_POINT('',(11.650001482233,50.6707021429717,32.3872513458197));
#7091=CARTESIAN_POINT('',(11.6500014935846,44.8779023263593,32.3872512896595));
#7092=CARTESIAN_POINT('',(11.6500011070714,50.2435648319744,34.0080005098247));
#7093=CARTESIAN_POINT('Ctrl Pts',(11.6479962874217,50.2435646874451,34.006856258217));
#7094=CARTESIAN_POINT('Ctrl Pts',(11.6483623068668,50.2978346904773,33.8208644270315));
#7095=CARTESIAN_POINT('Ctrl Pts',(11.6487076859178,50.3505543491977,33.6343957311953));
#7096=CARTESIAN_POINT('Ctrl Pts',(11.6490098547009,50.4015719713496,33.4474946552425));
#7097=CARTESIAN_POINT('Ctrl Pts',(11.6490265146763,50.4043848109817,33.4371899265714));
#7098=CARTESIAN_POINT('Ctrl Pts',(11.6490430472694,50.4071924767092,33.4268838709144));
#7099=CARTESIAN_POINT('Ctrl Pts',(11.6490594500244,50.4099949431086,33.4165764912475));
#7100=CARTESIAN_POINT('Ctrl Pts',(11.6493496509683,50.4595767601387,33.2342161914732));
#7101=CARTESIAN_POINT('Ctrl Pts',(11.6496012718336,50.5075550573381,33.0513513212069));
#7102=CARTESIAN_POINT('Ctrl Pts',(11.6497699343456,50.5537929871408,32.8680119543937));
#7103=CARTESIAN_POINT('Ctrl Pts',(11.6499170230741,50.5941165790422,32.7081237016452));
#7104=CARTESIAN_POINT('Ctrl Pts',(11.6500014935846,50.6331165531441,32.5478740049775));
#7105=CARTESIAN_POINT('Ctrl Pts',(11.6500014935846,50.670702144125,32.3872512896493));
#7106=CARTESIAN_POINT('',(11.6500011081555,50.0703242881672,34.0080005058345));
#7107=CARTESIAN_POINT('Ctrl Pts',(11.6500014935846,50.0703246606976,34.0080004090384));
#7108=CARTESIAN_POINT('Ctrl Pts',(11.6500014935846,50.0741315901171,34.022651647597));
#7109=CARTESIAN_POINT('Ctrl Pts',(11.6500014935846,50.0790891523735,34.0373393970733));
#7110=CARTESIAN_POINT('Ctrl Pts',(11.6500014935846,50.0908039178478,34.0626541740773));
#7111=CARTESIAN_POINT('Ctrl Pts',(11.6500014935846,50.0974279424617,34.0741100727735));
#7112=CARTESIAN_POINT('Ctrl Pts',(11.6500014935846,50.1115252098311,34.0914461136149));
#7113=CARTESIAN_POINT('Ctrl Pts',(11.6500014935846,50.1186047576641,34.0982742349162));
#7114=CARTESIAN_POINT('Ctrl Pts',(11.6500014935846,50.1325138505982,34.1069940762358));
#7115=CARTESIAN_POINT('Ctrl Pts',(11.6500014935846,50.1387972467848,34.1097063306311));
#7116=CARTESIAN_POINT('Ctrl Pts',(11.6500014935846,50.1519767707188,34.1124046174394));
#7117=CARTESIAN_POINT('Ctrl Pts',(11.6500014935847,50.1585052684564,34.112407543495));
#7118=CARTESIAN_POINT('Ctrl Pts',(11.6500014935847,50.1726735178335,34.1095700155179));
#7119=CARTESIAN_POINT('Ctrl Pts',(11.6500014935915,50.1798357261053,34.1062983988491));
#7120=CARTESIAN_POINT('Ctrl Pts',(11.6500014935915,50.1967200353893,34.0950586073087));
#7121=CARTESIAN_POINT('Ctrl Pts',(11.6500014937255,50.2055206108686,34.0854626546997));
#7122=CARTESIAN_POINT('Ctrl Pts',(11.6500014937255,50.2267620189424,34.055630957985));
#7123=CARTESIAN_POINT('Ctrl Pts',(11.6500014935846,50.2367321139377,34.0314407922487));
#7124=CARTESIAN_POINT('Ctrl Pts',(11.6500014935846,50.2435644766528,34.0080004062579));
#7125=CARTESIAN_POINT('',(11.650001786004,49.6974142217939,32.3872498429683));
#7126=CARTESIAN_POINT('Ctrl Pts',(11.6500014935846,49.6974141921462,32.3872512896492));
#7127=CARTESIAN_POINT('Ctrl Pts',(11.6500014928634,49.7344793934423,32.5737220954201));
#7128=CARTESIAN_POINT('Ctrl Pts',(11.6498864965383,49.7735767863261,32.7596990792162));
#7129=CARTESIAN_POINT('Ctrl Pts',(11.6496932450728,49.8145753891338,32.945221532563));
#7130=CARTESIAN_POINT('Ctrl Pts',(11.649528853854,49.8494512451301,33.1030379927324));
#7131=CARTESIAN_POINT('Ctrl Pts',(11.6493076995624,49.8857028580628,33.2605245040177));
#7132=CARTESIAN_POINT('Ctrl Pts',(11.6490573796557,49.9232496014787,33.4176760364593));
#7133=CARTESIAN_POINT('Ctrl Pts',(11.6487437739682,49.9702888978527,33.6145585577549));
#7134=CARTESIAN_POINT('Ctrl Pts',(11.6483809137067,50.0193694172862,33.8109591874825));
#7135=CARTESIAN_POINT('Ctrl Pts',(11.6479956539089,50.0703244372602,34.0068559491014));
#7136=CARTESIAN_POINT('',(11.6500017267633,49.1707021677624,32.387250136051));
#7137=CARTESIAN_POINT('',(11.6500014935846,44.8779023263593,32.3872512896595));
#7138=CARTESIAN_POINT('',(11.6500014153027,48.7435648552226,34.0079993753278));
#7139=CARTESIAN_POINT('Ctrl Pts',(11.6478541671186,48.7435648259508,34.0070011860268));
#7140=CARTESIAN_POINT('Ctrl Pts',(11.6482497766442,48.7978799403643,33.8208247590042));
#7141=CARTESIAN_POINT('Ctrl Pts',(11.648621259154,48.8506421779764,33.6341741732328));
#7142=CARTESIAN_POINT('Ctrl Pts',(11.6489451661716,48.9016993444224,33.4470950398037));
#7143=CARTESIAN_POINT('Ctrl Pts',(11.6489627419164,48.9044697929872,33.4369438082963));
#7144=CARTESIAN_POINT('Ctrl Pts',(11.6489801813962,48.9072352212565,33.4267913027638));
#7145=CARTESIAN_POINT('Ctrl Pts',(11.6489974821168,48.909995604915,33.4166375262227));
#7146=CARTESIAN_POINT('Ctrl Pts',(11.6493085250369,48.9596234680906,33.2340867306681));
#7147=CARTESIAN_POINT('Ctrl Pts',(11.6495765969905,49.0076448301716,33.0510348682939));
#7148=CARTESIAN_POINT('Ctrl Pts',(11.6497559712657,49.0539224618643,32.8675133257521));
#7149=CARTESIAN_POINT('Ctrl Pts',(11.6499120891425,49.0942000634942,32.7077858870175));
#7150=CARTESIAN_POINT('Ctrl Pts',(11.6500014930612,49.1331567823066,32.5477020846525));
#7151=CARTESIAN_POINT('Ctrl Pts',(11.6500014935846,49.1707021441245,32.3872512896514));
#7152=CARTESIAN_POINT('',(11.6500014156404,48.5703243113591,34.0079993740848));
#7153=CARTESIAN_POINT('Ctrl Pts',(11.6500014935846,48.570324317238,34.007999087198));
#7154=CARTESIAN_POINT('Ctrl Pts',(11.6500014935846,48.5741311848385,34.0226503520272));
#7155=CARTESIAN_POINT('Ctrl Pts',(11.6500014935846,48.5790891589176,34.0373394165258));
#7156=CARTESIAN_POINT('Ctrl Pts',(11.6500014935846,48.5908039412885,34.0626542202336));
#7157=CARTESIAN_POINT('Ctrl Pts',(11.6500014935846,48.5974279816709,34.0741101377257));
#7158=CARTESIAN_POINT('Ctrl Pts',(11.6500014935846,48.6115252678463,34.0914461723753));
#7159=CARTESIAN_POINT('Ctrl Pts',(11.6500014935846,48.6186048104737,34.0982742768578));
#7160=CARTESIAN_POINT('Ctrl Pts',(11.6500014935846,48.6325138949358,34.1069940977103));
#7161=CARTESIAN_POINT('Ctrl Pts',(11.6500014935846,48.638797289523,34.1097063450626));
#7162=CARTESIAN_POINT('Ctrl Pts',(11.6500014935846,48.6519768143766,34.1124046208857));
#7163=CARTESIAN_POINT('Ctrl Pts',(11.6500014935847,48.658505314672,34.1124075406491));
#7164=CARTESIAN_POINT('Ctrl Pts',(11.6500014935847,48.6726735695291,34.1095699975679));
#7165=CARTESIAN_POINT('Ctrl Pts',(11.6500014935915,48.6798357803083,34.1062983711783));
#7166=CARTESIAN_POINT('Ctrl Pts',(11.6500014935915,48.6967200912858,34.095058556771));
#7167=CARTESIAN_POINT('Ctrl Pts',(11.6500014937255,48.7055206660624,34.0854625908278));
#7168=CARTESIAN_POINT('Ctrl Pts',(11.6500014937255,48.7267620439202,34.0556308965351));
#7169=CARTESIAN_POINT('Ctrl Pts',(11.6500014935846,48.736732607628,34.0314394742419));
#7170=CARTESIAN_POINT('Ctrl Pts',(11.6500014935846,48.743564861127,34.007999087198));
#7171=CARTESIAN_POINT('',(11.6500022259758,48.1974142663985,32.3872476662874));
#7172=CARTESIAN_POINT('Ctrl Pts',(11.6500014935846,48.1974141921183,32.3872512895091));
#7173=CARTESIAN_POINT('Ctrl Pts',(11.6500014916821,48.2345165950924,32.5739092521719));
#7174=CARTESIAN_POINT('Ctrl Pts',(11.6498800159708,48.2736552719236,32.7600798817763));
#7175=CARTESIAN_POINT('Ctrl Pts',(11.6496751874845,48.3146988445104,32.9458010237644));
#7176=CARTESIAN_POINT('Ctrl Pts',(11.6495012328719,48.3495559042011,33.1035283492406));
#7177=CARTESIAN_POINT('Ctrl Pts',(11.6492670216413,48.3857868869177,33.2609304332385));
#7178=CARTESIAN_POINT('Ctrl Pts',(11.6490007935399,48.4233113179617,33.4180013961505));
#7179=CARTESIAN_POINT('Ctrl Pts',(11.6486671932948,48.4703317464142,33.6148210085495));
#7180=CARTESIAN_POINT('Ctrl Pts',(11.6482800856651,48.5193916409492,33.8111644714219));
#7181=CARTESIAN_POINT('Ctrl Pts',(11.6478671139631,48.5703243415096,34.0070085341634));
#7182=CARTESIAN_POINT('',(11.6500014935846,47.7861877640346,32.3872512896595));
#7183=CARTESIAN_POINT('',(11.6500014935846,44.8779023263593,32.3872512896595));
#7184=CARTESIAN_POINT('Ctrl Pts',(11.6498081114314,47.6507721390574,32.9410504362101));
#7185=CARTESIAN_POINT('Ctrl Pts',(11.6498508407904,47.6678163311726,32.8741710548277));
#7186=CARTESIAN_POINT('Ctrl Pts',(11.6498879094408,47.6846309723712,32.8072288991068));
#7187=CARTESIAN_POINT('Ctrl Pts',(11.6499179247699,47.7012094644614,32.7402241341065));
#7188=CARTESIAN_POINT('Ctrl Pts',(11.6499705421279,47.730271829592,32.6227636958875));
#7189=CARTESIAN_POINT('Ctrl Pts',(11.6500014935846,47.7586095555122,32.5051068050171));
#7190=CARTESIAN_POINT('Ctrl Pts',(11.6500014935846,47.7861877640346,32.3872512896595));
#7191=CARTESIAN_POINT('',(11.6500014935846,54.5507765704165,31.3103945207163));
#7192=CARTESIAN_POINT('Ctrl Pts',(11.6500014935847,48.743564861127,34.007999087198));
#7193=CARTESIAN_POINT('Ctrl Pts',(11.0030214844399,48.7191658087531,35.1986584825217));
#7194=CARTESIAN_POINT('Ctrl Pts',(8.51725517780929,48.6459644452226,38.4789993043045));
#7195=CARTESIAN_POINT('Ctrl Pts',(2.15654210103804,48.523965627112,41.6324868810429));
#7196=CARTESIAN_POINT('Ctrl Pts',(-6.26812525546652,48.3775650377744,40.3263271305974));
#7197=CARTESIAN_POINT('Ctrl Pts',(-10.3580026581547,48.2799664402162,36.3870457421145));
#7198=CARTESIAN_POINT('Ctrl Pts',(-11.6514934276587,48.2311648545224,34.0052520333917));
#7199=CARTESIAN_POINT('Ctrl Pts',(11.6652684435903,48.733593752321,34.0160874134906));
#7200=CARTESIAN_POINT('Ctrl Pts',(11.0174580997101,48.7091946999471,35.2083136992441));
#7201=CARTESIAN_POINT('Ctrl Pts',(8.52850636200022,48.6359933364166,38.4929642368976));
#7202=CARTESIAN_POINT('Ctrl Pts',(2.15954731196602,48.5139945183061,41.6506590236688));
#7203=CARTESIAN_POINT('Ctrl Pts',(-6.27612990809278,48.3675939289685,40.3429023095915));
#7204=CARTESIAN_POINT('Ctrl Pts',(-10.3713723916365,48.2699953314102,36.3985498215523));
#7205=CARTESIAN_POINT('Ctrl Pts',(-11.6665883266419,48.2211937457165,34.0136570800529));
#7206=CARTESIAN_POINT('Ctrl Pts',(11.6872259005346,48.7068320156784,34.0274648473071));
#7207=CARTESIAN_POINT('Ctrl Pts',(11.0382555395645,48.6824329633045,35.2219303180555));
#7208=CARTESIAN_POINT('Ctrl Pts',(8.54478236702117,48.609231599774,38.512788348484));
#7209=CARTESIAN_POINT('Ctrl Pts',(2.16407849984937,48.4872327816634,41.676589161017));
#7210=CARTESIAN_POINT('Ctrl Pts',(-6.2873462092302,48.3408321923259,40.3667140631517));
#7211=CARTESIAN_POINT('Ctrl Pts',(-10.3903737688479,48.2432335947676,36.4151614123526));
#7212=CARTESIAN_POINT('Ctrl Pts',(-11.688084014072,48.1944320090739,34.0258845629344));
#7213=CARTESIAN_POINT('Ctrl Pts',(11.6987643643463,48.6519489358562,34.0326039978316));
#7214=CARTESIAN_POINT('Ctrl Pts',(11.0492694730032,48.6275498834824,35.2282473540392));
#7215=CARTESIAN_POINT('Ctrl Pts',(8.55367958253447,48.5543485199519,38.5224068206431));
#7216=CARTESIAN_POINT('Ctrl Pts',(2.16717132832229,48.4323497018412,41.6896769025609));
#7217=CARTESIAN_POINT('Ctrl Pts',(-6.29234918889842,48.2859491125037,40.3791946596887));
#7218=CARTESIAN_POINT('Ctrl Pts',(-10.399559876811,48.1883505149455,36.4242062642314));
#7219=CARTESIAN_POINT('Ctrl Pts',(-11.6986754843733,48.1395489292517,34.0327669878053));
#7220=CARTESIAN_POINT('Ctrl Pts',(11.6857355128716,48.6021860636695,34.0245028405205));
#7221=CARTESIAN_POINT('Ctrl Pts',(11.0370678022546,48.5777870112956,35.2188161786498));
#7222=CARTESIAN_POINT('Ctrl Pts',(8.54457336144332,48.5045856477651,38.5093548636558));
#7223=CARTESIAN_POINT('Ctrl Pts',(2.16562593516704,48.3825868296545,41.6734153384813));
#7224=CARTESIAN_POINT('Ctrl Pts',(-6.28425482084417,48.2361862403169,40.3650098841893));
#7225=CARTESIAN_POINT('Ctrl Pts',(-10.3870035304234,48.1385876427587,36.4148498703004));
#7226=CARTESIAN_POINT('Ctrl Pts',(-11.6847879909882,48.0897860570649,34.0262464626726));
#7227=CARTESIAN_POINT('Ctrl Pts',(11.6628167909093,48.5778590077148,34.0115524127154));
#7228=CARTESIAN_POINT('Ctrl Pts',(11.0154769138673,48.5534599553409,35.2035154742684));
#7229=CARTESIAN_POINT('Ctrl Pts',(8.52801504463172,48.4802585918104,38.487622656008));
#7230=CARTESIAN_POINT('Ctrl Pts',(2.16179986409447,48.3582597736998,41.6456194664954));
#7231=CARTESIAN_POINT('Ctrl Pts',(-6.27138190836942,48.2118591843623,40.3400970013506));
#7232=CARTESIAN_POINT('Ctrl Pts',(-10.366163074508,48.114260586804,36.3978855145894));
#7233=CARTESIAN_POINT('Ctrl Pts',(-11.6614495163419,48.0654590011103,34.014068737191));
#7234=CARTESIAN_POINT('Ctrl Pts',(11.6514956148311,48.5703806761103,34.0052486310255));
#7235=CARTESIAN_POINT('Ctrl Pts',(11.0047967092152,48.5459816237364,35.1960607292932));
#7236=CARTESIAN_POINT('Ctrl Pts',(8.51980487991946,48.472780260206,38.4769882881656));
#7237=CARTESIAN_POINT('Ctrl Pts',(2.15983644151969,48.3507814420953,41.6319773854861));
#7238=CARTESIAN_POINT('Ctrl Pts',(-6.26513903252776,48.2043808527578,40.3278065289124));
#7239=CARTESIAN_POINT('Ctrl Pts',(-10.3559462890324,48.1067822551995,36.3894907700128));
#7240=CARTESIAN_POINT('Ctrl Pts',(-11.6499993056091,48.0579806695058,34.0080024891279));
#7241=CARTESIAN_POINT('Ctrl Pts',(-11.6499993055245,48.057980669509,34.0080024892835));
#7242=CARTESIAN_POINT('Ctrl Pts',(-10.3559462890324,48.1067822551995,36.3894907700128));
#7243=CARTESIAN_POINT('Ctrl Pts',(-6.26513903252776,48.2043808527578,40.3278065289124));
#7244=CARTESIAN_POINT('Ctrl Pts',(2.15983644151969,48.3507814420953,41.6319773854861));
#7245=CARTESIAN_POINT('Ctrl Pts',(8.51882540529518,48.4727614716306,38.4774741760738));
#7246=CARTESIAN_POINT('Ctrl Pts',(11.003520940961,48.5459440455218,35.197744915229));
#7247=CARTESIAN_POINT('Ctrl Pts',(11.6500013570564,48.5703243120247,34.0079993449913));
#7248=CARTESIAN_POINT('Ctrl Pts',(11.6500013548597,48.7435648558953,34.0079993424982));
#7249=CARTESIAN_POINT('Ctrl Pts',(11.0030213659964,48.7191658052651,35.1986586388257));
#7250=CARTESIAN_POINT('Ctrl Pts',(8.51725508688537,48.6459644434787,38.4789993493824));
#7251=CARTESIAN_POINT('Ctrl Pts',(2.15654210103804,48.523965627112,41.6324868810429));
#7252=CARTESIAN_POINT('Ctrl Pts',(-6.26704422270018,48.377583823541,40.3264947338307));
#7253=CARTESIAN_POINT('Ctrl Pts',(-10.356428192322,48.2800040110582,36.3885620653731));
#7254=CARTESIAN_POINT('Ctrl Pts',(-11.6499992953868,48.2312212134254,34.0080024837752));
#7255=CARTESIAN_POINT('Ctrl Pts',(-11.6499993056091,47.9935647914144,21.3472498957432));
#7256=CARTESIAN_POINT('Ctrl Pts',(-10.7843445583063,47.960919046773,19.7541570242876));
#7257=CARTESIAN_POINT('Ctrl Pts',(-8.39078115215285,47.8956223950007,16.9324093383833));
#7258=CARTESIAN_POINT('Ctrl Pts',(-2.57600611585712,47.7813599238151,14.0604419031933));
#7259=CARTESIAN_POINT('Ctrl Pts',(2.1633108552549,47.6997413944086,14.3167622704587));
#7260=CARTESIAN_POINT('Ctrl Pts',(4.70588853333352,47.6507727304601,15.2820315499011));
#7261=CARTESIAN_POINT('Ctrl Pts',(-11.6652662532528,47.9835936826085,21.3391615649924));
#7262=CARTESIAN_POINT('Ctrl Pts',(-10.7985005238404,47.950947937967,19.7439722065032));
#7263=CARTESIAN_POINT('Ctrl Pts',(-8.4018753591922,47.8856512861948,16.9185186086673));
#7264=CARTESIAN_POINT('Ctrl Pts',(-2.57953600752746,47.7713888150091,14.0427189947605));
#7265=CARTESIAN_POINT('Ctrl Pts',(2.16593192759424,47.6897702856026,14.2993177891733));
#7266=CARTESIAN_POINT('Ctrl Pts',(4.71184990999403,47.6408016216541,15.265815422959));
#7267=CARTESIAN_POINT('Ctrl Pts',(-11.6872243437588,47.9568326204879,21.3277837649177));
#7268=CARTESIAN_POINT('Ctrl Pts',(-10.8189065195165,47.9241868758464,19.7295983945601));
#7269=CARTESIAN_POINT('Ctrl Pts',(-8.41790731837923,47.8588902240742,16.898791969961));
#7270=CARTESIAN_POINT('Ctrl Pts',(-2.58485022645098,47.7446277528886,14.0174306986794));
#7271=CARTESIAN_POINT('Ctrl Pts',(2.16948657219206,47.6630092234821,14.2743263484283));
#7272=CARTESIAN_POINT('Ctrl Pts',(4.72017088348312,47.6140405595336,15.2425265098586));
#7273=CARTESIAN_POINT('Ctrl Pts',(-11.6987624391404,47.901949239482,21.3226448165447));
#7274=CARTESIAN_POINT('Ctrl Pts',(-10.8297427968283,47.8693034948405,19.7228834446962));
#7275=CARTESIAN_POINT('Ctrl Pts',(-8.42667828937909,47.8040068430683,16.8892170346627));
#7276=CARTESIAN_POINT('Ctrl Pts',(-2.58831952806696,47.6897443718826,14.0046948510849));
#7277=CARTESIAN_POINT('Ctrl Pts',(2.1705427918389,47.6081258424762,14.2614766966878));
#7278=CARTESIAN_POINT('Ctrl Pts',(4.72371122175453,47.5591571785277,15.230402053568));
#7279=CARTESIAN_POINT('Ctrl Pts',(-11.6857334238563,47.8521863213175,21.3307460688768));
#7280=CARTESIAN_POINT('Ctrl Pts',(-10.817820543521,47.819540576676,19.7327642506766));
#7281=CARTESIAN_POINT('Ctrl Pts',(-8.41771623323457,47.7542439249038,16.902196442778));
#7282=CARTESIAN_POINT('Ctrl Pts',(-2.58626263244085,47.6399814537181,14.0205955095348));
#7283=CARTESIAN_POINT('Ctrl Pts',(2.16713597373938,47.5583629243117,14.2767629897168));
#7284=CARTESIAN_POINT('Ctrl Pts',(4.7174360314,47.5093942603632,15.2444023219453));
#7285=CARTESIAN_POINT('Ctrl Pts',(-11.6628146018961,47.8278589380023,21.3436965664835));
#7286=CARTESIAN_POINT('Ctrl Pts',(-10.7966783536019,47.7952131933608,19.7488593997686));
#7287=CARTESIAN_POINT('Ctrl Pts',(-8.40139688470596,47.7299165415886,16.9238096106018));
#7288=CARTESIAN_POINT('Ctrl Pts',(-2.58161336273062,47.6156540704029,14.0477311602706));
#7289=CARTESIAN_POINT('Ctrl Pts',(2.16241837936883,47.5340355409964,14.3032217218487));
#7290=CARTESIAN_POINT('Ctrl Pts',(4.70768587293014,47.4850668770479,15.2688547696371));
#7291=CARTESIAN_POINT('Ctrl Pts',(-11.6514934276587,47.8203806063978,21.3500003514794));
#7292=CARTESIAN_POINT('Ctrl Pts',(-10.7862147946583,47.7877348617563,19.756703164548));
#7293=CARTESIAN_POINT('Ctrl Pts',(-8.39331760067124,47.7224382099841,16.9343904956199));
#7294=CARTESIAN_POINT('Ctrl Pts',(-2.5792207275286,47.6081757387984,14.0610504145935));
#7295=CARTESIAN_POINT('Ctrl Pts',(2.16015662247478,47.526557209392,14.31625193814));
#7296=CARTESIAN_POINT('Ctrl Pts',(4.70296210612056,47.4775885454435,15.280920950413));
#7297=CARTESIAN_POINT('Ctrl Pts',(-11.6499991987218,47.9935647873835,21.347249699035));
#7298=CARTESIAN_POINT('Ctrl Pts',(-10.7843444597907,47.9609190440855,19.7541569081486));
#7299=CARTESIAN_POINT('Ctrl Pts',(-8.3907810837735,47.8956223936571,16.9324093046102));
#7300=CARTESIAN_POINT('Ctrl Pts',(-2.57600611585712,47.7813599238151,14.0604419031933));
#7301=CARTESIAN_POINT('Ctrl Pts',(2.1633108552549,47.6997413944086,14.3167622704587));
#7302=CARTESIAN_POINT('Ctrl Pts',(4.70588853333352,47.6507727304601,15.2820315499011));
#7303=CARTESIAN_POINT('Ctrl Pts',(-4.70565124097988,47.6507761991807,15.2826550294432));
#7304=CARTESIAN_POINT('Ctrl Pts',(-5.94564341452345,47.6746636960011,15.7542539838288));
#7305=CARTESIAN_POINT('Ctrl Pts',(-8.7134080961227,47.7311790621316,17.3124897984849));
#7306=CARTESIAN_POINT('Ctrl Pts',(-10.784837604764,47.7876972835171,19.7550790206356));
#7307=CARTESIAN_POINT('Ctrl Pts',(-11.6499991944145,47.8203242434925,21.3472497036823));
#7308=CARTESIAN_POINT('Ctrl Pts',(-11.6204621081705,47.6323292312159,32.4596713458461));
#7309=CARTESIAN_POINT('Ctrl Pts',(-11.0814521443714,47.6592380424135,33.76947599026));
#7310=CARTESIAN_POINT('Ctrl Pts',(-9.55661047364347,47.7130556648087,36.2072227371243));
#7311=CARTESIAN_POINT('Ctrl Pts',(-6.1868696901184,47.7937820984016,38.889467611067));
#7312=CARTESIAN_POINT('Ctrl Pts',(-0.760114173538499,47.9014173431921,40.7942360499102));
#7313=CARTESIAN_POINT('Ctrl Pts',(6.62108564101596,48.0359613991802,39.5146921704865));
#7314=CARTESIAN_POINT('Ctrl Pts',(10.5883095536396,48.1435966439707,35.013516293974));
#7315=CARTESIAN_POINT('Ctrl Pts',(11.6500029583147,48.197414266366,32.3872476662663));
#7316=CARTESIAN_POINT('Ctrl Pts',(-11.8340164592715,47.765671577234,32.5476180896196));
#7317=CARTESIAN_POINT('Ctrl Pts',(-11.2850935462661,47.7925803884316,33.8814935906583));
#7318=CARTESIAN_POINT('Ctrl Pts',(-9.7322145273716,47.8463980108269,36.3640373873356));
#7319=CARTESIAN_POINT('Ctrl Pts',(-6.30052707180502,47.9271244444198,39.095564218052));
#7320=CARTESIAN_POINT('Ctrl Pts',(-0.774021887612636,48.0347596892102,41.0353152175026));
#7321=CARTESIAN_POINT('Ctrl Pts',(6.74283389412607,48.1693037451984,39.7322187733367));
#7322=CARTESIAN_POINT('Ctrl Pts',(10.7829515062654,48.2769389899888,35.1482949703142));
#7323=CARTESIAN_POINT('Ctrl Pts',(11.8641456462726,48.3307566123841,32.473752000312));
#7324=CARTESIAN_POINT('Ctrl Pts',(-12.0475714540141,47.8990138883552,32.6355633228373));
#7325=CARTESIAN_POINT('Ctrl Pts',(-11.488735761963,47.9259226995528,33.9935097530044));
#7326=CARTESIAN_POINT('Ctrl Pts',(-9.90781971098818,47.9797403219481,36.5208508028703));
#7327=CARTESIAN_POINT('Ctrl Pts',(-6.41418592823089,48.0604667555409,39.3016600348178));
#7328=CARTESIAN_POINT('Ctrl Pts',(-0.787931316445787,48.1681020003314,41.2763943070042));
#7329=CARTESIAN_POINT('Ctrl Pts',(6.86458061147871,48.3026460563196,39.9497462602716));
#7330=CARTESIAN_POINT('Ctrl Pts',(10.9775925177654,48.41028130111,35.2830750420667));
#7331=CARTESIAN_POINT('Ctrl Pts',(12.0782877377592,48.4640989235053,32.5602578641537));
#7332=CARTESIAN_POINT('Ctrl Pts',(-12.2611269960602,48.0323561713167,32.7235072692977));
#7333=CARTESIAN_POINT('Ctrl Pts',(-11.6923786699105,48.0592649825143,34.1055246902436));
#7334=CARTESIAN_POINT('Ctrl Pts',(-10.0834258561505,48.1130826049096,36.6776631663272));
#7335=CARTESIAN_POINT('Ctrl Pts',(-6.52784604012021,48.1938090385024,39.5077551778161));
#7336=CARTESIAN_POINT('Ctrl Pts',(-0.801842205534266,48.3014442832929,41.517473329062));
#7337=CARTESIAN_POINT('Ctrl Pts',(6.98632602048392,48.435988339281,40.1672744992543));
#7338=CARTESIAN_POINT('Ctrl Pts',(11.1722327270345,48.5436235840715,35.4178563016526));
#7339=CARTESIAN_POINT('Ctrl Pts',(12.2924293204461,48.5974412064668,32.6467650304577));
#7340=CARTESIAN_POINT('Ctrl Pts',(11.650002958367,48.1974142663985,32.3872476662874));
#7341=CARTESIAN_POINT('Ctrl Pts',(10.5883095536871,48.1435966440033,35.0135162940069));
#7342=CARTESIAN_POINT('Ctrl Pts',(8.60469759736639,48.089779021608,37.2641042322733));
#7343=CARTESIAN_POINT('Ctrl Pts',(6.13665165628851,48.0359613992128,38.6453069772923));
#7344=CARTESIAN_POINT('Ctrl Pts',(3.66860571521064,47.9821437768175,40.0265097223114));
#7345=CARTESIAN_POINT('Ctrl Pts',(0.71612578937562,47.9283261544223,40.5383272740832));
#7346=CARTESIAN_POINT('Ctrl Pts',(-2.07695269143746,47.8745085320271,40.0740103117232));
#7347=CARTESIAN_POINT('Ctrl Pts',(-3.47349193184402,47.8475997208294,39.8418518305432));
#7348=CARTESIAN_POINT('Ctrl Pts',(-4.83018081099509,47.8206909096318,39.3656597208302));
#7349=CARTESIAN_POINT('Ctrl Pts',(-6.07014871449399,47.7937820984342,38.680522853648));
#7350=CARTESIAN_POINT('Ctrl Pts',(-7.31011661799288,47.7668732872365,37.9953859864657));
#7351=CARTESIAN_POINT('Ctrl Pts',(-8.43336354583961,47.7399644760389,37.1013043618141));
#7352=CARTESIAN_POINT('Ctrl Pts',(-9.37619742744665,47.7130556648413,36.0448268627695));
#7353=CARTESIAN_POINT('Ctrl Pts',(-10.1036228588317,47.6922946867142,35.229721873987));
#7354=CARTESIAN_POINT('Ctrl Pts',(-10.7236556453579,47.6715337085872,34.3179491395577));
#7355=CARTESIAN_POINT('Ctrl Pts',(-11.2165485477183,47.6507727304601,33.3423295897221));
#7356=CARTESIAN_POINT('Ctrl Pts',(-4.59476454956663,47.4701219148098,15.5745293327396));
#7357=CARTESIAN_POINT('Ctrl Pts',(-6.33923782749408,47.5045314814471,16.2367932445362));
#7358=CARTESIAN_POINT('Ctrl Pts',(-9.13548234295041,47.5647482230622,18.0661799184991));
#7359=CARTESIAN_POINT('Ctrl Pts',(-11.0396905696062,47.6249649646774,20.7725160314298));
#7360=CARTESIAN_POINT('Ctrl Pts',(-11.6499993197514,47.6507721396554,22.0318907827543));
#7361=CARTESIAN_POINT('Ctrl Pts',(-4.63180605517031,47.5303388785021,15.477030150855));
#7362=CARTESIAN_POINT('Ctrl Pts',(-6.39033232460999,47.5647484451394,16.1446330198945));
#7363=CARTESIAN_POINT('Ctrl Pts',(-9.2091010910705,47.6249651867546,17.9887636209045));
#7364=CARTESIAN_POINT('Ctrl Pts',(-11.1286451707944,47.6851819283698,20.716907016969));
#7365=CARTESIAN_POINT('Ctrl Pts',(-11.7438683680435,47.7109891033477,21.9864290914275));
#7366=CARTESIAN_POINT('Ctrl Pts',(-4.66884727507991,47.5905558358516,15.3795308565534));
#7367=CARTESIAN_POINT('Ctrl Pts',(-6.44142655223302,47.6249654024888,16.0524726416624));
#7368=CARTESIAN_POINT('Ctrl Pts',(-9.2827196138841,47.685182144104,17.9113471039282));
#7369=CARTESIAN_POINT('Ctrl Pts',(-11.2175996113967,47.7453988857192,20.661297738743));
#7370=CARTESIAN_POINT('Ctrl Pts',(-11.8377372857847,47.7712060606971,21.9409671222245));
#7371=CARTESIAN_POINT('Ctrl Pts',(-4.70588822894503,47.6507727874342,15.2820314576529));
#7372=CARTESIAN_POINT('Ctrl Pts',(-6.49252052888598,47.6851823540714,15.96031212049));
#7373=CARTESIAN_POINT('Ctrl Pts',(-9.3563379268533,47.7453990956866,17.8339303827405));
#7374=CARTESIAN_POINT('Ctrl Pts',(-11.3065539024055,47.8056158373018,20.6056882149623));
#7375=CARTESIAN_POINT('Ctrl Pts',(-11.9316060818948,47.8314230122797,21.89550489432));
#7376=CARTESIAN_POINT('Origin',(10.9806809574701,61.4507810017757,31.3103944808746));
#7377=CARTESIAN_POINT('Ctrl Pts',(-11.650002752688,55.1308432357647,32.3872473354086));
#7378=CARTESIAN_POINT('Ctrl Pts',(-11.1177601701824,55.1578228065279,33.7038346899712));
#7379=CARTESIAN_POINT('Ctrl Pts',(-8.85634222836958,55.2387615188175,37.3910969490798));
#7380=CARTESIAN_POINT('Ctrl Pts',(-2.29252716055693,55.3736593726334,41.0550595622673));
#7381=CARTESIAN_POINT('Ctrl Pts',(6.60623884465212,55.5355367972125,39.5273680210566));
#7382=CARTESIAN_POINT('Ctrl Pts',(10.5855163466414,55.6434550802653,35.0204243229711));
#7383=CARTESIAN_POINT('Ctrl Pts',(11.6500020784198,55.6974142217916,32.3872498429669));
#7384=CARTESIAN_POINT('Ctrl Pts',(-11.8641005453374,55.2641856786682,32.473863172933));
#7385=CARTESIAN_POINT('Ctrl Pts',(-11.3220693545372,55.2911652494314,33.8146460962703));
#7386=CARTESIAN_POINT('Ctrl Pts',(-9.01907022160716,55.372103961721,37.5696672874895));
#7387=CARTESIAN_POINT('Ctrl Pts',(-2.33459850212405,55.5070018155369,41.3009400200448));
#7388=CARTESIAN_POINT('Ctrl Pts',(6.72771437128868,55.668879240116,39.7451278277675));
#7389=CARTESIAN_POINT('Ctrl Pts',(10.7801071362029,55.7767975231687,35.1553300761795));
#7390=CARTESIAN_POINT('Ctrl Pts',(11.8641449058093,55.8307566646951,32.4737542798763));
#7391=CARTESIAN_POINT('Ctrl Pts',(-12.0781989722145,55.3975280866747,32.5604774959222));
#7392=CARTESIAN_POINT('Ctrl Pts',(-11.5263793441771,55.4245076574378,33.9254560596653));
#7393=CARTESIAN_POINT('Ctrl Pts',(-9.18179949819795,55.5054463697274,37.748236484574));
#7394=CARTESIAN_POINT('Ctrl Pts',(-2.37667159495102,55.6403442235433,41.546820200015));
#7395=CARTESIAN_POINT('Ctrl Pts',(6.84918836051597,55.8022216481224,39.9628885166569));
#7396=CARTESIAN_POINT('Ctrl Pts',(10.9746969837307,55.9101399311752,35.2902372244487));
#7397=CARTESIAN_POINT('Ctrl Pts',(12.0782871367264,55.9640990727016,32.5602602465837));
#7398=CARTESIAN_POINT('Ctrl Pts',(-12.2922979383757,55.5308704665214,32.6470905287708));
#7399=CARTESIAN_POINT('Ctrl Pts',(-11.7306900188116,55.5578500372846,34.0362647938264));
#7400=CARTESIAN_POINT('Ctrl Pts',(-9.34452986707516,55.6387887495741,37.9268047089938));
#7401=CARTESIAN_POINT('Ctrl Pts',(-2.41874617900625,55.7736866033901,41.7927001424432));
#7402=CARTESIAN_POINT('Ctrl Pts',(6.97066103999123,55.9355640279692,40.1806499559699));
#7403=CARTESIAN_POINT('Ctrl Pts',(11.1692860282546,56.0434823110219,35.4251455602512));
#7404=CARTESIAN_POINT('Ctrl Pts',(12.2924288588429,56.0974414525483,32.646767515755));
#7405=CARTESIAN_POINT('Ctrl Pts',(11.6500020784233,55.6974142217939,32.3872498429683));
#7406=CARTESIAN_POINT('Ctrl Pts',(10.5855163466447,55.6434550802675,35.0204243229734));
#7407=CARTESIAN_POINT('Ctrl Pts',(8.59587759564938,55.5894959387411,37.2738961720168));
#7408=CARTESIAN_POINT('Ctrl Pts',(6.11793055261641,55.5355367972148,38.6552473534071));
#7409=CARTESIAN_POINT('Ctrl Pts',(3.6399835095835,55.4815776556884,40.0365985347973));
#7410=CARTESIAN_POINT('Ctrl Pts',(0.673728174512936,55.427618514162,40.5458290485343));
#7411=CARTESIAN_POINT('Ctrl Pts',(-2.12216250658527,55.3736593726356,40.0676517827651));
#7412=CARTESIAN_POINT('Ctrl Pts',(-4.9180531876835,55.3197002311093,39.5894745169959));
#7413=CARTESIAN_POINT('Ctrl Pts',(-7.54357921480938,55.2657410895829,38.1238894717205));
#7414=CARTESIAN_POINT('Ctrl Pts',(-9.42382919799068,55.2117819480565,35.9965778970244));
#7415=CARTESIAN_POINT('Ctrl Pts',(-10.3639541895813,55.1848023772933,34.9329221096763));
#7416=CARTESIAN_POINT('Ctrl Pts',(-11.1177601701858,55.1578228065301,33.703834689973));
#7417=CARTESIAN_POINT('Ctrl Pts',(-11.6500027526916,55.130843235767,32.3872473354101));
#7418=CARTESIAN_POINT('Ctrl Pts',(-11.649999305556,55.5579806695078,34.0080024892256));
#7419=CARTESIAN_POINT('Ctrl Pts',(-10.3559911986419,55.6067805615594,36.3894081213829));
#7420=CARTESIAN_POINT('Ctrl Pts',(-7.286565868753,55.6799812567843,39.3315994206191));
#7421=CARTESIAN_POINT('Ctrl Pts',(-0.746165360706035,55.8019795954734,41.4067179905058));
#7422=CARTESIAN_POINT('Ctrl Pts',(6.26337130229464,55.9239625967284,40.3304417956185));
#7423=CARTESIAN_POINT('Ctrl Pts',(10.3564691836481,56.0215430215195,36.3884871246861));
#7424=CARTESIAN_POINT('Ctrl Pts',(11.6500008001363,56.0703242914732,34.0080003385293));
#7425=CARTESIAN_POINT('Ctrl Pts',(11.6500014935846,54.3808433167952,22.9680010952218));
#7426=CARTESIAN_POINT('Ctrl Pts',(11.1177586561992,54.4078228778261,21.6514143962451));
#7427=CARTESIAN_POINT('Ctrl Pts',(8.85627282954552,54.4887615609186,17.9641590469318));
#7428=CARTESIAN_POINT('Ctrl Pts',(2.29245643601834,54.6236593660729,14.3001818099026));
#7429=CARTESIAN_POINT('Ctrl Pts',(-6.60651081897761,54.785536732258,15.8277750571272));
#7430=CARTESIAN_POINT('Ctrl Pts',(-10.5855125973116,54.8934549763814,20.3348235424291));
#7431=CARTESIAN_POINT('Ctrl Pts',(-11.649999305609,54.9474140984431,22.967996522569));
#7432=CARTESIAN_POINT('Ctrl Pts',(11.8640993025472,54.5141857881688,22.881385166535));
#7433=CARTESIAN_POINT('Ctrl Pts',(11.3220678500958,54.5411653491996,21.5406029056681));
#7434=CARTESIAN_POINT('Ctrl Pts',(9.01899957578198,54.6221040322922,17.7855887370976));
#7435=CARTESIAN_POINT('Ctrl Pts',(2.33452648038296,54.7570018374465,14.0543010975589));
#7436=CARTESIAN_POINT('Ctrl Pts',(-6.72799137706426,54.9188792036315,15.6100131962352));
#7437=CARTESIAN_POINT('Ctrl Pts',(-10.7801033657701,55.026797447755,20.1999176773352));
#7438=CARTESIAN_POINT('Ctrl Pts',(-11.8641421340253,55.0807565698167,22.8814919565464));
#7439=CARTESIAN_POINT('Ctrl Pts',(12.0781977457381,54.6475282246453,22.7947707523837));
#7440=CARTESIAN_POINT('Ctrl Pts',(11.5263778492781,54.6745077856762,21.4297928579954));
#7441=CARTESIAN_POINT('Ctrl Pts',(9.18172760538565,54.7554464687687,17.6070195685821));
#7442=CARTESIAN_POINT('Ctrl Pts',(2.37659827602771,54.890344273923,13.8084206630141));
#7443=CARTESIAN_POINT('Ctrl Pts',(-6.84947039770601,55.0522216401081,15.3922504531237));
#7444=CARTESIAN_POINT('Ctrl Pts',(-10.9746931921938,55.1601398842315,20.0650104171804));
#7445=CARTESIAN_POINT('Ctrl Pts',(-12.0782843659679,55.2140990062932,22.7949858607255));
#7446=CARTESIAN_POINT('Ctrl Pts',(12.2922967282139,54.7808706329622,22.7081576283734));
#7447=CARTESIAN_POINT('Ctrl Pts',(11.7306885334558,54.807850193993,21.3189840395569));
#7448=CARTESIAN_POINT('Ctrl Pts',(9.34445672728801,54.8887888770856,17.4284513727257));
#7449=CARTESIAN_POINT('Ctrl Pts',(2.41867156291847,55.0236866822398,13.5625404660041));
#7450=CARTESIAN_POINT('Ctrl Pts',(-6.97094810856481,55.185564048425,15.1744869595534));
#7451=CARTESIAN_POINT('Ctrl Pts',(-11.169282215613,55.2934822925483,19.9301019694921));
#7452=CARTESIAN_POINT('Ctrl Pts',(-12.2924260891092,55.34744141461,22.7084784624403));
#7453=CARTESIAN_POINT('Ctrl Pts',(11.6500006463002,54.8079806317462,21.3472517383869));
#7454=CARTESIAN_POINT('Ctrl Pts',(10.3560112708188,54.8567798315333,18.9658796849231));
#7455=CARTESIAN_POINT('Ctrl Pts',(6.2652533103721,54.9543803793001,15.0274568800006));
#7456=CARTESIAN_POINT('Ctrl Pts',(-2.15977061200757,55.1007803401404,13.7232708048238));
#7457=CARTESIAN_POINT('Ctrl Pts',(-8.51880188934197,55.222761939715,16.8778190112093));
#7458=CARTESIAN_POINT('Ctrl Pts',(-11.0034851855483,55.2959427071456,20.1574421177644));
#7459=CARTESIAN_POINT('Ctrl Pts',(-11.6500013415252,55.3203243242393,21.34725363594));
#7460=CARTESIAN_POINT('Ctrl Pts',(-11.6499993056051,54.947414098445,22.967996522549));
#7461=CARTESIAN_POINT('Ctrl Pts',(-10.5855125973054,54.8934549763834,20.3348235424162));
#7462=CARTESIAN_POINT('Ctrl Pts',(-8.59601170814139,54.8394958543218,18.0812992997719));
#7463=CARTESIAN_POINT('Ctrl Pts',(-6.11810005439701,54.7855367322602,16.6999383039119));
#7464=CARTESIAN_POINT('Ctrl Pts',(-3.64018840064676,54.7315776101985,15.3185773080485));
#7465=CARTESIAN_POINT('Ctrl Pts',(-0.67386598231384,54.6776184881368,14.8093795589735));
#7466=CARTESIAN_POINT('Ctrl Pts',(2.12205850555846,54.6236593660751,15.2875761318421));
#7467=CARTESIAN_POINT('Ctrl Pts',(4.91798299343074,54.5697002440134,15.7657727047106));
#7468=CARTESIAN_POINT('Ctrl Pts',(7.5435095508424,54.5157411219517,17.2313635995227));
#7469=CARTESIAN_POINT('Ctrl Pts',(9.42378988182601,54.46178199989,19.3586740530443));
#7470=CARTESIAN_POINT('Ctrl Pts',(10.3639300309566,54.4348024393287,20.4223292612944));
#7471=CARTESIAN_POINT('Ctrl Pts',(11.117758629965,54.4078228787673,21.6514143534639));
#7472=CARTESIAN_POINT('Ctrl Pts',(11.6500014658004,54.380843318206,22.968001026483));
#7473=CARTESIAN_POINT('Origin',(1.69717819935219E-7,44.8779023263593,27.6776261924356));
#7474=CARTESIAN_POINT('Ctrl Pts',(-11.6499993056046,54.6041313624753,32.3872558623234));
#7475=CARTESIAN_POINT('Ctrl Pts',(-11.1177559514561,54.631110923506,33.7038423523863));
#7476=CARTESIAN_POINT('Ctrl Pts',(-10.3603521784755,54.6580904845367,34.9304227641084));
#7477=CARTESIAN_POINT('Ctrl Pts',(-9.4207117458802,54.6850700455674,35.9947064262336));
#7478=CARTESIAN_POINT('Ctrl Pts',(-8.48107131328021,54.7120496065983,37.0589900883641));
#7479=CARTESIAN_POINT('Ctrl Pts',(-7.35919422106367,54.7390291676292,37.9609770008962));
#7480=CARTESIAN_POINT('Ctrl Pts',(-6.11903622266264,54.76600872866,38.6534411184984));
#7481=CARTESIAN_POINT('Ctrl Pts',(-4.87887822426159,54.7929882896908,39.3459052361006));
#7482=CARTESIAN_POINT('Ctrl Pts',(-3.52043931967603,54.8199678507217,39.828846558773));
#7483=CARTESIAN_POINT('Ctrl Pts',(-2.1210770501721,54.8469474117525,40.0665716288218));
#7484=CARTESIAN_POINT('Ctrl Pts',(0.677647488835754,54.9009065338143,40.5420217689194));
#7485=CARTESIAN_POINT('Ctrl Pts',(3.64006548751715,54.954865655876,40.0366068985228));
#7486=CARTESIAN_POINT('Ctrl Pts',(6.11703257001249,55.0088247779377,38.6562076281942));
#7487=CARTESIAN_POINT('Ctrl Pts',(8.59399963489551,55.0627838996157,37.2758083676808));
#7488=CARTESIAN_POINT('Ctrl Pts',(10.585515790496,55.1167430212937,35.0204247196784));
#7489=CARTESIAN_POINT('Ctrl Pts',(11.6500014708813,55.1707021429718,32.3872513458198));
#7490=CARTESIAN_POINT('Origin',(1.69717819935219E-7,44.8779023263593,27.6776261924356));
#7491=CARTESIAN_POINT('Ctrl Pts',(11.6500020661505,53.8541312397485,22.968002511544));
#7492=CARTESIAN_POINT('Ctrl Pts',(11.1177591846548,53.8811108111288,21.6514152428104));
#7493=CARTESIAN_POINT('Ctrl Pts',(10.3603443483024,53.9080903825092,20.4248396679246));
#7494=CARTESIAN_POINT('Ctrl Pts',(9.42069132106146,53.9350699538896,19.3605628657732));
#7495=CARTESIAN_POINT('Ctrl Pts',(8.48103829382054,53.9620495252699,18.2962860636218));
#7496=CARTESIAN_POINT('Ctrl Pts',(7.35914707569112,53.9890290966503,17.3943080342049));
#7497=CARTESIAN_POINT('Ctrl Pts',(6.11898199126438,54.0160086680307,16.7018371910973));
#7498=CARTESIAN_POINT('Ctrl Pts',(4.87881690683764,54.042988239411,16.0093663479897));
#7499=CARTESIAN_POINT('Ctrl Pts',(3.52037795611359,54.0699678107914,15.5264026911914));
#7500=CARTESIAN_POINT('Ctrl Pts',(2.1209989315057,54.0969473821718,15.2886593909627));
#7501=CARTESIAN_POINT('Ctrl Pts',(-0.677759117710099,54.1509065249325,14.8131727905052));
#7502=CARTESIAN_POINT('Ctrl Pts',(-3.64027746246124,54.2048656676932,15.3185676163262));
#7503=CARTESIAN_POINT('Ctrl Pts',(-6.11721717830958,54.258824810454,16.6989821392926));
#7504=CARTESIAN_POINT('Ctrl Pts',(-8.5941568941579,54.3127839532147,18.079396662259));
#7505=CARTESIAN_POINT('Ctrl Pts',(-10.5855179811034,54.3667430959754,20.3348308823707));
#7506=CARTESIAN_POINT('Ctrl Pts',(-11.6500030206493,54.4207022387361,22.9680057122974));
#7507=CARTESIAN_POINT('Ctrl Pts',(-12.292425950713,54.2041041324871,32.6467738665226));
#7508=CARTESIAN_POINT('Ctrl Pts',(-11.7308540202832,54.231083693518,34.0359620973563));
#7509=CARTESIAN_POINT('Ctrl Pts',(-10.1325568937114,54.2850428155797,36.6244071374257));
#7510=CARTESIAN_POINT('Ctrl Pts',(-6.58138835070389,54.3659814986722,39.4796169101623));
#7511=CARTESIAN_POINT('Ctrl Pts',(-0.848051846352797,54.4738997427956,41.5179723439016));
#7512=CARTESIAN_POINT('Ctrl Pts',(6.96636732116043,54.6087975479499,40.1848694262038));
#7513=CARTESIAN_POINT('Ctrl Pts',(11.1690802129811,54.7167157920733,35.4254418468796));
#7514=CARTESIAN_POINT('Ctrl Pts',(12.2922965898454,54.770674914135,32.6470947005212));
#7515=CARTESIAN_POINT('Ctrl Pts',(-12.0782842737036,54.3374465120783,32.5602664868741));
#7516=CARTESIAN_POINT('Ctrl Pts',(-11.5264886910286,54.3644260731092,33.9252541982197));
#7517=CARTESIAN_POINT('Ctrl Pts',(-9.95602171566228,54.4183851951708,36.4686046744735));
#7518=CARTESIAN_POINT('Ctrl Pts',(-6.46669925129952,54.4993238782634,39.2740651611004));
#7519=CARTESIAN_POINT('Ctrl Pts',(-0.833223277335135,54.6072421223868,41.2768911841556));
#7520=CARTESIAN_POINT('Ctrl Pts',(6.84507130475112,54.7421399275411,39.9669777205897));
#7521=CARTESIAN_POINT('Ctrl Pts',(10.9745578690075,54.8500581716645,35.2904373630961));
#7522=CARTESIAN_POINT('Ctrl Pts',(12.0781976534927,54.9040172937262,32.5604815951692));
#7523=CARTESIAN_POINT('Ctrl Pts',(-11.864142087893,54.4707889198292,32.4737604096893));
#7524=CARTESIAN_POINT('Ctrl Pts',(-11.3221227058714,54.49776848086,33.8145475440814));
#7525=CARTESIAN_POINT('Ctrl Pts',(-9.77948560671994,54.5517276029217,36.3128032910064));
#7526=CARTESIAN_POINT('Ctrl Pts',(-6.35200891564133,54.6326662860143,39.0685141207152));
#7527=CARTESIAN_POINT('Ctrl Pts',(-0.818393250060617,54.7405845301377,41.0358101310014));
#7528=CARTESIAN_POINT('Ctrl Pts',(6.72377661581156,54.875482335292,39.7490852959905));
#7529=CARTESIAN_POINT('Ctrl Pts',(10.7800363557393,54.9834005794154,35.1554317109857));
#7530=CARTESIAN_POINT('Ctrl Pts',(11.8640992564246,55.0373597014771,32.4738671996767));
#7531=CARTESIAN_POINT('Ctrl Pts',(-11.649999305609,54.6041313624771,32.3872558623022));
#7532=CARTESIAN_POINT('Ctrl Pts',(-11.1177559514603,54.6311109235079,33.7038423523722));
#7533=CARTESIAN_POINT('Ctrl Pts',(-9.60294840549385,54.6850700455697,36.1570031758295));
#7534=CARTESIAN_POINT('Ctrl Pts',(-6.23731712884521,54.7660087286622,38.8629639134248));
#7535=CARTESIAN_POINT('Ctrl Pts',(-0.803561510504719,54.8739269727856,40.7947292041137));
#7536=CARTESIAN_POINT('Ctrl Pts',(6.60248348619655,55.0088247779399,39.5311920281226));
#7537=CARTESIAN_POINT('Ctrl Pts',(10.5855158188139,55.1167430220633,35.0204246876027));
#7538=CARTESIAN_POINT('Ctrl Pts',(11.6500014935846,55.170702144125,32.3872512896493));
#7539=CARTESIAN_POINT('Ctrl Pts',(11.6500008086373,54.7435648352961,34.0080003477298));
#7540=CARTESIAN_POINT('Ctrl Pts',(10.3559887755104,54.6947647787256,36.389414244628));
#7541=CARTESIAN_POINT('Ctrl Pts',(7.28658365831834,54.6215643346033,39.3316182503401));
#7542=CARTESIAN_POINT('Ctrl Pts',(0.746172123298784,54.4995658832008,41.4067349141768));
#7543=CARTESIAN_POINT('Ctrl Pts',(-6.26337978591973,54.3775830223446,40.3304657171988));
#7544=CARTESIAN_POINT('Ctrl Pts',(-10.3564716003208,54.2800023190496,36.3884810188536));
#7545=CARTESIAN_POINT('Ctrl Pts',(-11.6499992951394,54.231221213403,34.0080024835588));
#7546=CARTESIAN_POINT('Ctrl Pts',(12.2924289847699,53.4541039225183,22.7084847809812));
#7547=CARTESIAN_POINT('Ctrl Pts',(11.730857546669,53.4810834938987,21.3192957127231));
#7548=CARTESIAN_POINT('Ctrl Pts',(10.1325370549852,53.5350426366594,18.730860849917));
#7549=CARTESIAN_POINT('Ctrl Pts',(6.58132375676669,53.6159813508005,15.8756791627831));
#7550=CARTESIAN_POINT('Ctrl Pts',(0.847986993598036,53.723899636322,13.8372294434301));
#7551=CARTESIAN_POINT('Ctrl Pts',(-6.96669695972658,53.8587974932238,15.1702794982961));
#7552=CARTESIAN_POINT('Ctrl Pts',(-11.1690826405234,53.9667157787453,19.9298138103524));
#7553=CARTESIAN_POINT('Ctrl Pts',(-12.2922983599657,54.020674921506,22.7081624993099));
#7554=CARTESIAN_POINT('Ctrl Pts',(12.078287216587,53.5874463311903,22.7949920694118));
#7555=CARTESIAN_POINT('Ctrl Pts',(11.5264921196826,53.6144259025706,21.4300035402289));
#7556=CARTESIAN_POINT('Ctrl Pts',(9.95600219200447,53.6683850453314,18.8866630733791));
#7557=CARTESIAN_POINT('Ctrl Pts',(6.46663576492195,53.7493237594725,16.0812301935951));
#7558=CARTESIAN_POINT('Ctrl Pts',(0.833159556908777,53.8572420449939,14.0783115346269));
#7559=CARTESIAN_POINT('Ctrl Pts',(-6.84539517076805,53.9921399018957,15.3881730524579));
#7560=CARTESIAN_POINT('Ctrl Pts',(-10.9745602081312,54.1000581874172,20.0648182650496));
#7561=CARTESIAN_POINT('Ctrl Pts',(-12.0781993425935,54.1540173301779,22.7947755387001));
#7562=CARTESIAN_POINT('Ctrl Pts',(11.8641449396034,53.720788768022,22.8814980553779));
#7563=CARTESIAN_POINT('Ctrl Pts',(11.3221260367937,53.7477683394023,21.5407101227356));
#7564=CARTESIAN_POINT('Ctrl Pts',(9.77946639812228,53.8017274821631,19.0424642173556));
#7565=CARTESIAN_POINT('Ctrl Pts',(6.3519465368147,53.8826661963042,16.2867805157369));
#7566=CARTESIAN_POINT('Ctrl Pts',(0.818330661940434,53.9905844818256,14.3193935192409));
#7567=CARTESIAN_POINT('Ctrl Pts',(-6.72409470930949,54.1254823387275,15.606067325646));
#7568=CARTESIAN_POINT('Ctrl Pts',(-10.7800386064443,54.2334006242489,20.1998238880745));
#7569=CARTESIAN_POINT('Ctrl Pts',(-11.8641008645057,54.2873597670096,22.8813898682315));
#7570=CARTESIAN_POINT('Ctrl Pts',(11.650002066147,53.8541312397507,22.9680025115454));
#7571=CARTESIAN_POINT('Ctrl Pts',(11.1177591846514,53.8811108111311,21.6514152428123));
#7572=CARTESIAN_POINT('Ctrl Pts',(9.60292951194702,53.9350699538918,19.1982640930413));
#7573=CARTESIAN_POINT('Ctrl Pts',(6.23725585755979,54.0160086680329,16.4923300047914));
#7574=CARTESIAN_POINT('Ctrl Pts',(0.803500054665209,54.1239269535543,14.5604753775988));
#7575=CARTESIAN_POINT('Ctrl Pts',(-6.60279580721033,54.2588248104562,15.8239624421508));
#7576=CARTESIAN_POINT('Ctrl Pts',(-10.5855179811002,54.3667430959776,20.334830882373));
#7577=CARTESIAN_POINT('Ctrl Pts',(-11.6500030206457,54.4207022387384,22.9680057122988));
#7578=CARTESIAN_POINT('Ctrl Pts',(-11.6500011709978,53.9935648617624,21.3472533286806));
#7579=CARTESIAN_POINT('Ctrl Pts',(-11.0029853745689,53.969164459651,20.1565280652417));
#7580=CARTESIAN_POINT('Ctrl Pts',(-8.51722572676548,53.8959649079811,16.8762937046252));
#7581=CARTESIAN_POINT('Ctrl Pts',(-2.15647117759895,53.773964526016,13.7227602092578));
#7582=CARTESIAN_POINT('Ctrl Pts',(6.26718322540124,53.6275833593413,15.0287548760106));
#7583=CARTESIAN_POINT('Ctrl Pts',(10.3564931002097,53.5300015899248,18.9668082865105));
#7584=CARTESIAN_POINT('Ctrl Pts',(11.6500006383095,53.4812211755815,21.3472517478726));
#7585=CARTESIAN_POINT('Ctrl Pts',(11.6500009370491,56.2435648401388,34.0080001114092));
#7586=CARTESIAN_POINT('Ctrl Pts',(10.3559889108856,56.1947647819541,36.3894141148628));
#7587=CARTESIAN_POINT('Ctrl Pts',(6.26146377412077,56.0971655698813,40.3317545554919));
#7588=CARTESIAN_POINT('Ctrl Pts',(-0.749406441987511,55.97516378049,41.4065414565401));
#7589=CARTESIAN_POINT('Ctrl Pts',(-7.2893168831476,55.853165441801,39.3298789162233));
#7590=CARTESIAN_POINT('Ctrl Pts',(-10.3580475482517,55.779964746576,36.3869630828848));
#7591=CARTESIAN_POINT('Ctrl Pts',(-11.6514934276587,55.7311648545224,34.0052520333917));
#7592=CARTESIAN_POINT('Ctrl Pts',(11.6652678863437,56.2335937313328,34.016088439044));
#7593=CARTESIAN_POINT('Ctrl Pts',(10.3695951239554,56.1847936731482,36.4006363486595));
#7594=CARTESIAN_POINT('Ctrl Pts',(6.26980500462185,56.0871944610753,40.3481637291637));
#7595=CARTESIAN_POINT('Ctrl Pts',(-0.75018904615891,55.9651926716841,41.4244600360299));
#7596=CARTESIAN_POINT('Ctrl Pts',(-7.29866853511237,55.843194332995,39.345165821387));
#7597=CARTESIAN_POINT('Ctrl Pts',(-10.3714173416047,55.7699936377701,36.3984670547719));
#7598=CARTESIAN_POINT('Ctrl Pts',(-11.6665883266419,55.7211937457165,34.0136570800529));
#7599=CARTESIAN_POINT('Ctrl Pts',(11.6872250662133,56.2068317007583,34.0274657187742));
#7600=CARTESIAN_POINT('Ctrl Pts',(10.3892321763782,56.1580316425737,36.4164921774491));
#7601=CARTESIAN_POINT('Ctrl Pts',(6.28193935010785,56.0604324305008,40.3715260733805));
#7602=CARTESIAN_POINT('Ctrl Pts',(-0.751086471605231,55.9384306411096,41.450074552492));
#7603=CARTESIAN_POINT('Ctrl Pts',(-7.31182361328088,55.8164323024205,39.3671595642917));
#7604=CARTESIAN_POINT('Ctrl Pts',(-10.3904185242341,55.7432316071956,36.4150783467429));
#7605=CARTESIAN_POINT('Ctrl Pts',(-11.6880837329259,55.694431715142,34.0258844162539));
#7606=CARTESIAN_POINT('Ctrl Pts',(11.6987636868506,56.1519487509304,34.0326049584242));
#7607=CARTESIAN_POINT('Ctrl Pts',(10.3997216940674,56.1031486927458,36.423987282229));
#7608=CARTESIAN_POINT('Ctrl Pts',(6.28883230684382,56.005549480673,40.3830735196385));
#7609=CARTESIAN_POINT('Ctrl Pts',(-0.750770776919513,55.8835476912817,41.4631654096794));
#7610=CARTESIAN_POINT('Ctrl Pts',(-7.3178705765746,55.7615493525927,39.3787712684969));
#7611=CARTESIAN_POINT('Ctrl Pts',(-10.3996048404901,55.6883486573677,36.4241232075576));
#7612=CARTESIAN_POINT('Ctrl Pts',(-11.6986753627476,55.6395487653141,34.0327669251069));
#7613=CARTESIAN_POINT('Ctrl Pts',(11.6857349060999,56.1021858974143,34.0245038383839));
#7614=CARTESIAN_POINT('Ctrl Pts',(10.3883473412284,56.0533858392296,36.4132260196938));
#7615=CARTESIAN_POINT('Ctrl Pts',(6.28245818576931,55.9557866271567,40.368033894734));
#7616=CARTESIAN_POINT('Ctrl Pts',(-0.748974281620147,55.8337848377655,41.4473618203646));
#7617=CARTESIAN_POINT('Ctrl Pts',(-7.30866474227209,55.7117864990765,39.3658058488988));
#7618=CARTESIAN_POINT('Ctrl Pts',(-10.3870485182394,55.6385858038515,36.4147669498676));
#7619=CARTESIAN_POINT('Ctrl Pts',(-11.6847879396964,55.5897859117979,34.0262464377974));
#7620=CARTESIAN_POINT('Ctrl Pts',(11.6628162340614,56.0778589867266,34.0115534380533));
#7621=CARTESIAN_POINT('Ctrl Pts',(10.3680844430623,56.029058928542,36.3955748782763));
#7622=CARTESIAN_POINT('Ctrl Pts',(6.27043440270948,55.9314597164691,40.3426991517632));
#7623=CARTESIAN_POINT('Ctrl Pts',(-0.747041111615142,55.8094579270778,41.4201091779408));
#7624=CARTESIAN_POINT('Ctrl Pts',(-7.29379413237369,55.6874595883888,39.3429094008848));
#7625=CARTESIAN_POINT('Ctrl Pts',(-10.3662080269231,55.6142588931639,36.3978027851499));
#7626=CARTESIAN_POINT('Ctrl Pts',(-11.6614495163419,55.5654590011103,34.014068737191));
#7627=CARTESIAN_POINT('Ctrl Pts',(11.6514950585373,56.0703806551221,34.0052496553681));
#7628=CARTESIAN_POINT('Ctrl Pts',(10.3580452619104,56.0215805969375,36.3869690769848));
#7629=CARTESIAN_POINT('Ctrl Pts',(6.26445092919425,55.9239813848646,40.3302760247855));
#7630=CARTESIAN_POINT('Ctrl Pts',(-0.746165360706035,55.8019795954734,41.4067179905058));
#7631=CARTESIAN_POINT('Ctrl Pts',(-7.286565868753,55.6799812567843,39.3315994206191));
#7632=CARTESIAN_POINT('Ctrl Pts',(-10.3559911986419,55.6067805615594,36.3894081213829));
#7633=CARTESIAN_POINT('Ctrl Pts',(-11.6499993056091,55.5579806695058,34.0080024891279));
#7634=CARTESIAN_POINT('Ctrl Pts',(11.6500008086373,56.2435648352961,34.0080003477298));
#7635=CARTESIAN_POINT('Ctrl Pts',(10.355988775445,56.1947647787257,36.3894142452693));
#7636=CARTESIAN_POINT('Ctrl Pts',(6.26146368135724,56.097165568267,40.3317545697129));
#7637=CARTESIAN_POINT('Ctrl Pts',(-0.749406441987511,55.97516378049,41.4065414565401));
#7638=CARTESIAN_POINT('Ctrl Pts',(-7.28830982490094,55.8531842279043,39.3301986943236));
#7639=CARTESIAN_POINT('Ctrl Pts',(-10.356472347761,55.780002319651,36.3884735359696));
#7640=CARTESIAN_POINT('Ctrl Pts',(-11.6499992936611,55.7312212134754,34.0080024827538));
#7641=CARTESIAN_POINT('Ctrl Pts',(-11.6500011709978,55.4935648617624,21.3472533286806));
#7642=CARTESIAN_POINT('Ctrl Pts',(-11.0029853745689,55.469164459651,20.1565280652417));
#7643=CARTESIAN_POINT('Ctrl Pts',(-8.51723142260844,55.3959649086502,16.8762937687561));
#7644=CARTESIAN_POINT('Ctrl Pts',(-2.15647627053751,55.273964525157,13.7227613247277));
#7645=CARTESIAN_POINT('Ctrl Pts',(6.26823964561556,55.1275645623199,15.0289363230291));
#7646=CARTESIAN_POINT('Ctrl Pts',(10.3580677794177,55.0299640125563,18.9683248892745));
#7647=CARTESIAN_POINT('Ctrl Pts',(11.6514949266921,54.9811648107724,21.3500024867271));
#7648=CARTESIAN_POINT('Ctrl Pts',(-11.665268121025,55.4835937529564,21.3391650024286));
#7649=CARTESIAN_POINT('Ctrl Pts',(-11.0174219439313,55.4591933508451,20.1468727618785));
#7650=CARTESIAN_POINT('Ctrl Pts',(-8.52848250891951,55.3859937998443,16.8623293869406));
#7651=CARTESIAN_POINT('Ctrl Pts',(-2.15948136985821,55.2639934163511,13.7045898033463));
#7652=CARTESIAN_POINT('Ctrl Pts',(6.27624428370764,55.117593453514,15.0123618984701));
#7653=CARTESIAN_POINT('Ctrl Pts',(10.3714375992803,55.0199929037503,18.9568209636716));
#7654=CARTESIAN_POINT('Ctrl Pts',(11.6665898272156,54.9711937019665,21.3415974428323));
#7655=CARTESIAN_POINT('Ctrl Pts',(-11.6872258549437,55.4568323102384,21.3277874121816));
#7656=CARTESIAN_POINT('Ctrl Pts',(-11.0382195965947,55.4324319081271,20.1332558627635));
#7657=CARTESIAN_POINT('Ctrl Pts',(-8.54475869758022,55.3592323571262,16.8425047455307));
#7658=CARTESIAN_POINT('Ctrl Pts',(-2.16401248566337,55.2372319736331,13.6786589267037));
#7659=CARTESIAN_POINT('Ctrl Pts',(6.28746103029066,55.090832010796,14.9885493344103));
#7660=CARTESIAN_POINT('Ctrl Pts',(10.3904393833962,54.9932314610323,18.94020944336));
#7661=CARTESIAN_POINT('Ctrl Pts',(11.6880857989022,54.9444322592485,21.3293698167371));
#7662=CARTESIAN_POINT('Ctrl Pts',(-11.6987641599214,55.4019490996731,21.3226483506672));
#7663=CARTESIAN_POINT('Ctrl Pts',(-11.0492333421859,55.3775486975618,20.1269388506288));
#7664=CARTESIAN_POINT('Ctrl Pts',(-8.55365580191268,55.304349146561,16.8328863404665));
#7665=CARTESIAN_POINT('Ctrl Pts',(-2.16710524383697,55.1823487630678,13.6655711955003));
#7666=CARTESIAN_POINT('Ctrl Pts',(6.29246408558195,55.0359488002307,14.9760687418344));
#7667=CARTESIAN_POINT('Ctrl Pts',(10.3996254005638,54.938348250467,18.9311647836236));
#7668=CARTESIAN_POINT('Ctrl Pts',(11.6986771093612,54.8895490486832,21.3224874786338));
#7669=CARTESIAN_POINT('Ctrl Pts',(-11.6857352369673,55.3521862079933,21.3307495471624));
#7670=CARTESIAN_POINT('Ctrl Pts',(-11.0370316457134,55.3277858058819,20.1363701387801));
#7671=CARTESIAN_POINT('Ctrl Pts',(-8.54454953707388,55.2545862548811,16.8459384219532));
#7672=CARTESIAN_POINT('Ctrl Pts',(-2.16555990433428,55.1325858713879,13.6818329709288));
#7673=CARTESIAN_POINT('Ctrl Pts',(6.2843695305014,54.9861859085508,14.9902537400705));
#7674=CARTESIAN_POINT('Ctrl Pts',(10.3870689156421,54.8885853587871,18.9405210753238));
#7675=CARTESIAN_POINT('Ctrl Pts',(11.6847895429869,54.8397861570033,21.3290080398211));
#7676=CARTESIAN_POINT('Ctrl Pts',(-11.6628164683319,55.3278590083502,21.3437000031972));
#7677=CARTESIAN_POINT('Ctrl Pts',(-11.0154407841015,55.3034586062389,20.1516710014103));
#7678=CARTESIAN_POINT('Ctrl Pts',(-8.52799132604298,55.230259055238,16.8676699949526));
#7679=CARTESIAN_POINT('Ctrl Pts',(-2.16173400394556,55.1082586717449,13.7096281442576));
#7680=CARTESIAN_POINT('Ctrl Pts',(6.2714965515854,54.9618587089077,15.0151657536849));
#7681=CARTESIAN_POINT('Ctrl Pts',(10.3662282854742,54.8642581591441,18.95748521712));
#7682=CARTESIAN_POINT('Ctrl Pts',(11.6614510169911,54.8154589573603,21.3411857847524));
#7683=CARTESIAN_POINT('Ctrl Pts',(-11.6514952922369,55.3203806767457,21.350003784857));
#7684=CARTESIAN_POINT('Ctrl Pts',(-11.0047606148877,55.2959802746344,20.1591258100275));
#7685=CARTESIAN_POINT('Ctrl Pts',(-8.51978111511378,55.2227807236336,16.878304779366));
#7686=CARTESIAN_POINT('Ctrl Pts',(-2.15977061200757,55.1007803401404,13.7232708048238));
#7687=CARTESIAN_POINT('Ctrl Pts',(6.26525342528669,54.9543803773033,15.0274568977893));
#7688=CARTESIAN_POINT('Ctrl Pts',(10.3560114382086,54.8567798275396,18.9658798460795));
#7689=CARTESIAN_POINT('Ctrl Pts',(11.6500008051465,54.8079806257558,21.3472520307171));
#7690=CARTESIAN_POINT('Ctrl Pts',(-11.6500011709978,55.4935648617624,21.3472533286806));
#7691=CARTESIAN_POINT('Ctrl Pts',(-11.0029853745689,55.469164459651,20.1565280652417));
#7692=CARTESIAN_POINT('Ctrl Pts',(-8.51723142260844,55.3959649086502,16.8762937687561));
#7693=CARTESIAN_POINT('Ctrl Pts',(-2.15647627053751,55.273964525157,13.7227613247277));
#7694=CARTESIAN_POINT('Ctrl Pts',(6.26715844054536,55.127583350892,15.0287686920912));
#7695=CARTESIAN_POINT('Ctrl Pts',(10.3564930906677,55.0300015899216,18.9668082918296));
#7696=CARTESIAN_POINT('Ctrl Pts',(11.6500006383039,54.9812211755814,21.3472517478757));
#7697=CARTESIAN_POINT('Ctrl Pts',(11.6500009370491,54.7435648401388,34.0080001114092));
#7698=CARTESIAN_POINT('Ctrl Pts',(10.3559889108854,54.6947647819541,36.3894141148632));
#7699=CARTESIAN_POINT('Ctrl Pts',(7.28658374485706,54.6215643362175,39.3316182228834));
#7700=CARTESIAN_POINT('Ctrl Pts',(0.746172123298784,54.4995658832008,41.4067349141768));
#7701=CARTESIAN_POINT('Ctrl Pts',(-6.26445932749021,54.3775642357558,40.330299960906));
#7702=CARTESIAN_POINT('Ctrl Pts',(-10.3580475482517,54.279964746576,36.3869630828849));
#7703=CARTESIAN_POINT('Ctrl Pts',(-11.6514934276587,54.2311648545224,34.0052520333918));
#7704=CARTESIAN_POINT('Ctrl Pts',(11.6652678863437,54.7335937313328,34.016088439044));
#7705=CARTESIAN_POINT('Ctrl Pts',(10.3695951239552,54.6847936731482,36.40063634866));
#7706=CARTESIAN_POINT('Ctrl Pts',(7.29625205502192,54.6115932274115,39.3467072861893));
#7707=CARTESIAN_POINT('Ctrl Pts',(0.74732741741273,54.4895947743949,41.4246329231723));
#7708=CARTESIAN_POINT('Ctrl Pts',(-6.27245674964431,54.3675931269498,40.3468790199779));
#7709=CARTESIAN_POINT('Ctrl Pts',(-10.3714173416047,54.2699936377701,36.3984670547719));
#7710=CARTESIAN_POINT('Ctrl Pts',(-11.6665883266419,54.2211937457165,34.0136570800529));
#7711=CARTESIAN_POINT('Ctrl Pts',(11.6872251185772,54.7068317565802,34.0274657483678));
#7712=CARTESIAN_POINT('Ctrl Pts',(10.3892322287418,54.6580316983955,36.4164922070431));
#7713=CARTESIAN_POINT('Ctrl Pts',(7.31025754109239,54.5848312526589,39.3681691185187));
#7714=CARTESIAN_POINT('Ctrl Pts',(0.749227042705792,54.4628327996422,41.4501931837391));
#7715=CARTESIAN_POINT('Ctrl Pts',(-6.28366777809311,54.3408311521972,40.370698756334));
#7716=CARTESIAN_POINT('Ctrl Pts',(-10.3904185775611,54.2432316630174,36.4150783745635));
#7717=CARTESIAN_POINT('Ctrl Pts',(-11.688083786253,54.1944317709638,34.0258844440744));
#7718=CARTESIAN_POINT('Ctrl Pts',(11.6987637094648,54.6519487821217,34.0326049713504));
#7719=CARTESIAN_POINT('Ctrl Pts',(10.3997217166814,54.603148723937,36.4239872951556));
#7720=CARTESIAN_POINT('Ctrl Pts',(7.31804809923234,54.5299482782004,39.3786905020693));
#7721=CARTESIAN_POINT('Ctrl Pts',(0.750965387233154,54.4079498251837,41.4631721108368));
#7722=CARTESIAN_POINT('Ctrl Pts',(-6.28866751361886,54.2859481777387,40.3831832509099));
#7723=CARTESIAN_POINT('Ctrl Pts',(-10.3996048636425,54.1883486885589,36.4241232194931));
#7724=CARTESIAN_POINT('Ctrl Pts',(-11.6986753859,54.1395487965053,34.0327669370423));
#7725=CARTESIAN_POINT('Ctrl Pts',(11.6857349155282,54.6021859251224,34.0245038440756));
#7726=CARTESIAN_POINT('Ctrl Pts',(10.3883473506565,54.5533858669377,36.4132260253859));
#7727=CARTESIAN_POINT('Ctrl Pts',(7.31042325481554,54.4801854212011,39.3647360459628));
#7728=CARTESIAN_POINT('Ctrl Pts',(0.751031796646878,54.3581869681845,41.4472671029694));
#7729=CARTESIAN_POINT('Ctrl Pts',(-6.28057659350217,54.2361853207394,40.3689933778697));
#7730=CARTESIAN_POINT('Ctrl Pts',(-10.3870485281458,54.1385858315597,36.4147669546791));
#7731=CARTESIAN_POINT('Ctrl Pts',(-11.6847879496028,54.0897859395061,34.0262464426089));
#7732=CARTESIAN_POINT('Ctrl Pts',(11.6628162340614,54.5778589867266,34.0115534380533));
#7733=CARTESIAN_POINT('Ctrl Pts',(10.368084443062,54.5290589285419,36.3955748782767));
#7734=CARTESIAN_POINT('Ctrl Pts',(7.29632547591596,54.4558584828053,39.3413564753936));
#7735=CARTESIAN_POINT('Ctrl Pts',(0.750008974300403,54.3338600297886,41.4199649124281));
#7736=CARTESIAN_POINT('Ctrl Pts',(-6.2677136857414,54.2118583823436,40.3440740654759));
#7737=CARTESIAN_POINT('Ctrl Pts',(-10.3662080269231,54.1142588931639,36.39780278515));
#7738=CARTESIAN_POINT('Ctrl Pts',(-11.6614495163419,54.0654590011103,34.014068737191));
#7739=CARTESIAN_POINT('Ctrl Pts',(11.6514950585373,54.5703806551221,34.0052496553681));
#7740=CARTESIAN_POINT('Ctrl Pts',(10.3580452619102,54.5215805969375,36.3869690769852));
#7741=CARTESIAN_POINT('Ctrl Pts',(7.28933476368991,54.4483801512008,39.3298977143472));
#7742=CARTESIAN_POINT('Ctrl Pts',(0.749413208575345,54.3263816981842,41.4065583786944));
#7743=CARTESIAN_POINT('Ctrl Pts',(-6.26147216676575,54.2043800507391,40.3317784936745));
#7744=CARTESIAN_POINT('Ctrl Pts',(-10.3559911986419,54.1067805615594,36.3894081213829));
#7745=CARTESIAN_POINT('Ctrl Pts',(-11.6499993056091,54.0579806695058,34.0080024891279));
#7746=CARTESIAN_POINT('Ctrl Pts',(-11.649999305556,54.0579806695078,34.0080024892256));
#7747=CARTESIAN_POINT('Ctrl Pts',(-10.3559911986419,54.1067805615594,36.3894081213829));
#7748=CARTESIAN_POINT('Ctrl Pts',(-6.26147216676575,54.2043800507391,40.3317784936745));
#7749=CARTESIAN_POINT('Ctrl Pts',(0.749413208575345,54.3263816981842,41.4065583786944));
#7750=CARTESIAN_POINT('Ctrl Pts',(7.28832762195553,54.4483613635544,39.3302175181255));
#7751=CARTESIAN_POINT('Ctrl Pts',(10.3564699438544,54.5215430209395,36.3884796592861));
#7752=CARTESIAN_POINT('Ctrl Pts',(11.6500007986677,54.570324291401,34.0080003377296));
#7753=CARTESIAN_POINT('Ctrl Pts',(-11.6500011709978,53.9935648617624,21.3472533286806));
#7754=CARTESIAN_POINT('Ctrl Pts',(-11.0029853745689,53.969164459651,20.1565280652417));
#7755=CARTESIAN_POINT('Ctrl Pts',(-8.51722572676548,53.8959649079811,16.8762937046252));
#7756=CARTESIAN_POINT('Ctrl Pts',(-2.15647117759895,53.773964526016,13.7227602092578));
#7757=CARTESIAN_POINT('Ctrl Pts',(6.26826443299895,53.6275645707702,15.0289225053184));
#7758=CARTESIAN_POINT('Ctrl Pts',(10.3580677794177,53.5299640125563,18.9683248892745));
#7759=CARTESIAN_POINT('Ctrl Pts',(11.6514949266921,53.4811648107724,21.3500024867271));
#7760=CARTESIAN_POINT('Ctrl Pts',(-11.665268121025,53.9835937529564,21.3391650024286));
#7761=CARTESIAN_POINT('Ctrl Pts',(-11.0174219439313,53.9591933508451,20.1468727618785));
#7762=CARTESIAN_POINT('Ctrl Pts',(-8.52847678935772,53.8859937991751,16.8623294399147));
#7763=CARTESIAN_POINT('Ctrl Pts',(-2.15947626377228,53.76399341721,13.7045888331094));
#7764=CARTESIAN_POINT('Ctrl Pts',(6.27626906397,53.6175934619643,15.0123482362772));
#7765=CARTESIAN_POINT('Ctrl Pts',(10.3714375992803,53.5199929037503,18.9568209636716));
#7766=CARTESIAN_POINT('Ctrl Pts',(11.6665898272156,53.4711937019665,21.3415974428323));
#7767=CARTESIAN_POINT('Ctrl Pts',(-11.6872259226901,53.9568323819953,21.327787373904));
#7768=CARTESIAN_POINT('Ctrl Pts',(-11.0382196643411,53.932431979884,20.1332558244859));
#7769=CARTESIAN_POINT('Ctrl Pts',(-8.54475302343287,53.8592324282141,16.8425046530262));
#7770=CARTESIAN_POINT('Ctrl Pts',(-2.16400738244347,53.7372320462489,13.6786577801386));
#7771=CARTESIAN_POINT('Ctrl Pts',(6.28748591276311,53.5908320910032,14.9885354479769));
#7772=CARTESIAN_POINT('Ctrl Pts',(10.3904394523808,53.4932315327892,18.9402094073616));
#7773=CARTESIAN_POINT('Ctrl Pts',(11.6880858678868,53.4444323310054,21.3293697807388));
#7774=CARTESIAN_POINT('Ctrl Pts',(-11.6987641886449,53.9019491393952,21.3226483342468));
#7775=CARTESIAN_POINT('Ctrl Pts',(-11.0492333709095,53.8775487372838,20.1269388342084));
#7776=CARTESIAN_POINT('Ctrl Pts',(-8.55365010114544,53.8043491856139,16.8328862562967));
#7777=CARTESIAN_POINT('Ctrl Pts',(-2.16710013372887,53.6823488036488,13.6655700541856));
#7778=CARTESIAN_POINT('Ctrl Pts',(6.29248898208962,53.5359488484031,14.976054843156));
#7779=CARTESIAN_POINT('Ctrl Pts',(10.3996254299728,53.4383482901891,18.931164768465));
#7780=CARTESIAN_POINT('Ctrl Pts',(11.6986771387701,53.3895490884052,21.3224874634751));
#7781=CARTESIAN_POINT('Ctrl Pts',(-11.6857352480231,53.85218624283,21.33074954044));
#7782=CARTESIAN_POINT('Ctrl Pts',(-11.0370316567692,53.8277858407186,20.1363701320577));
#7783=CARTESIAN_POINT('Ctrl Pts',(-8.54454382616273,53.7545862890487,16.84593837907));
#7784=CARTESIAN_POINT('Ctrl Pts',(-2.16555479475873,53.6325859070836,13.6818318809709));
#7785=CARTESIAN_POINT('Ctrl Pts',(6.28439438368973,53.4861859518378,14.9902399138471));
#7786=CARTESIAN_POINT('Ctrl Pts',(10.3870689272991,53.3885853936238,18.9405210697079));
#7787=CARTESIAN_POINT('Ctrl Pts',(11.6847895546438,53.33978619184,21.3290080342053));
#7788=CARTESIAN_POINT('Ctrl Pts',(-11.6628164683319,53.8278590083502,21.3437000031972));
#7789=CARTESIAN_POINT('Ctrl Pts',(-11.0154407841015,53.8034586062389,20.1516710014102));
#7790=CARTESIAN_POINT('Ctrl Pts',(-8.52798564134282,53.7302590545689,16.8676698219869));
#7791=CARTESIAN_POINT('Ctrl Pts',(-2.16172891443349,53.6082586726038,13.7096268918285));
#7792=CARTESIAN_POINT('Ctrl Pts',(6.27152139355158,53.4618587173581,15.0151517565781));
#7793=CARTESIAN_POINT('Ctrl Pts',(10.3662282854743,53.3642581591441,18.95748521712));
#7794=CARTESIAN_POINT('Ctrl Pts',(11.6614510169911,53.3154589573603,21.3411857847524));
#7795=CARTESIAN_POINT('Ctrl Pts',(-11.6514952922369,53.8203806767457,21.350003784857));
#7796=CARTESIAN_POINT('Ctrl Pts',(-11.0047606148877,53.7959802746344,20.1591258100275));
#7797=CARTESIAN_POINT('Ctrl Pts',(-8.51977541928611,53.7227807229645,16.8783047138905));
#7798=CARTESIAN_POINT('Ctrl Pts',(-2.15976551933248,53.6007803409993,13.7232696881517));
#7799=CARTESIAN_POINT('Ctrl Pts',(6.26527820940738,53.4543803857536,15.0274430742272));
#7800=CARTESIAN_POINT('Ctrl Pts',(10.3560114382086,53.3567798275396,18.9658798460795));
#7801=CARTESIAN_POINT('Ctrl Pts',(11.6500008051465,53.3079806257558,21.3472520307171));
#7802=CARTESIAN_POINT('Ctrl Pts',(11.6500006463002,53.3079806317463,21.3472517383869));
#7803=CARTESIAN_POINT('Ctrl Pts',(10.3560112708198,53.3567798315333,18.9658796849226));
#7804=CARTESIAN_POINT('Ctrl Pts',(6.26527809449252,53.4543803877504,15.0274430564387));
#7805=CARTESIAN_POINT('Ctrl Pts',(-2.15976551933248,53.6007803409993,13.7232696881517));
#7806=CARTESIAN_POINT('Ctrl Pts',(-8.51879619360717,53.7227619390461,16.8778189455719));
#7807=CARTESIAN_POINT('Ctrl Pts',(-11.0034851826255,53.7959427071453,20.1574421177307));
#7808=CARTESIAN_POINT('Ctrl Pts',(-11.6500013415219,53.8203243242393,21.3472536359399));
#7809=CARTESIAN_POINT('Ctrl Pts',(-12.292425950713,55.7041041324871,32.6467738665226));
#7810=CARTESIAN_POINT('Ctrl Pts',(-11.7308540202832,55.731083693518,34.0359620973563));
#7811=CARTESIAN_POINT('Ctrl Pts',(-9.34479618835514,55.8120223766105,37.9265622207091));
#7812=CARTESIAN_POINT('Ctrl Pts',(-2.41911591258922,55.9469201817648,41.7926359626196));
#7813=CARTESIAN_POINT('Ctrl Pts',(6.97032701436031,56.1087975479499,40.1808315695131));
#7814=CARTESIAN_POINT('Ctrl Pts',(11.1690802129811,56.2167157920733,35.4254418468795));
#7815=CARTESIAN_POINT('Ctrl Pts',(12.2922965898454,56.270674914135,32.6470947005211));
#7816=CARTESIAN_POINT('Ctrl Pts',(-12.0782842737036,55.8374465120783,32.5602664868741));
#7817=CARTESIAN_POINT('Ctrl Pts',(-11.5264886910286,55.8644260731092,33.9252541982197));
#7818=CARTESIAN_POINT('Ctrl Pts',(-9.18197768871085,55.9453647562017,37.7480743449867));
#7819=CARTESIAN_POINT('Ctrl Pts',(-2.37691990245185,56.080262561356,41.5467768440025));
#7820=CARTESIAN_POINT('Ctrl Pts',(6.84896200773404,56.2421399275411,39.9630101831017));
#7821=CARTESIAN_POINT('Ctrl Pts',(10.9745578690075,56.3500581716645,35.2904373630961));
#7822=CARTESIAN_POINT('Ctrl Pts',(12.0781976534927,56.4040172937262,32.5604815951691));
#7823=CARTESIAN_POINT('Ctrl Pts',(-11.864142087893,55.9707889198292,32.4737604096893));
#7824=CARTESIAN_POINT('Ctrl Pts',(-11.3221227058714,55.99776848086,33.8145475440814));
#7825=CARTESIAN_POINT('Ctrl Pts',(-9.01915811995059,56.0787071639526,37.5695874673402));
#7826=CARTESIAN_POINT('Ctrl Pts',(-2.33472240708312,56.2136049691069,41.3009179979198));
#7827=CARTESIAN_POINT('Ctrl Pts',(6.7275983281392,56.375482335292,39.7451880772683));
#7828=CARTESIAN_POINT('Ctrl Pts',(10.7800363557393,56.4834005794154,35.1554317109856));
#7829=CARTESIAN_POINT('Ctrl Pts',(11.8640992564246,56.5373597014771,32.4738671996766));
#7830=CARTESIAN_POINT('Ctrl Pts',(-11.649999305609,56.1041313624771,32.3872558623022));
#7831=CARTESIAN_POINT('Ctrl Pts',(-11.1177559514603,56.1311109235079,33.7038423523722));
#7832=CARTESIAN_POINT('Ctrl Pts',(-8.85633729653465,56.2120496066005,37.3911017624921));
#7833=CARTESIAN_POINT('Ctrl Pts',(-2.29252316788201,56.3469474117547,41.0550594729843));
#7834=CARTESIAN_POINT('Ctrl Pts',(6.60623620735524,56.5088247779399,39.5273651276533));
#7835=CARTESIAN_POINT('Ctrl Pts',(10.5855158188139,56.6167430220633,35.0204246876026));
#7836=CARTESIAN_POINT('Ctrl Pts',(11.6500014935847,56.670702144125,32.3872512896492));
#7837=CARTESIAN_POINT('Ctrl Pts',(-11.6499993056046,56.1041313624753,32.3872558623234));
#7838=CARTESIAN_POINT('Ctrl Pts',(-11.1177559514561,56.131110923506,33.7038423523863));
#7839=CARTESIAN_POINT('Ctrl Pts',(-10.3639497331502,56.1580904845367,34.9329288224197));
#7840=CARTESIAN_POINT('Ctrl Pts',(-9.42382464570538,56.1850700455674,35.9965836498075));
#7841=CARTESIAN_POINT('Ctrl Pts',(-7.5435744708064,56.2390291676292,38.1238933045937));
#7842=CARTESIAN_POINT('Ctrl Pts',(-4.91804881934457,56.2929882896908,39.589476388791));
#7843=CARTESIAN_POINT('Ctrl Pts',(-2.12215943107367,56.3469474117526,40.0676522066678));
#7844=CARTESIAN_POINT('Ctrl Pts',(0.673729957197262,56.4009065338143,40.5458280245445));
#7845=CARTESIAN_POINT('Ctrl Pts',(3.63998308227727,56.454865655876,40.0365965761007));
#7846=CARTESIAN_POINT('Ctrl Pts',(6.11792954768224,56.5088247779377,38.6552457418658));
#7847=CARTESIAN_POINT('Ctrl Pts',(8.5958759954679,56.5627838996157,37.2738949174529));
#7848=CARTESIAN_POINT('Ctrl Pts',(10.5855157905227,56.6167430212937,35.0204247196512));
#7849=CARTESIAN_POINT('Ctrl Pts',(11.6500014708813,56.6707021429718,32.3872513458198));
#7850=CARTESIAN_POINT('Ctrl Pts',(12.2924289847699,54.9541039225183,22.7084847809812));
#7851=CARTESIAN_POINT('Ctrl Pts',(11.730857546669,54.9810834938987,21.3192957127231));
#7852=CARTESIAN_POINT('Ctrl Pts',(9.34472927737965,55.0620222080398,17.4286980356379));
#7853=CARTESIAN_POINT('Ctrl Pts',(2.41904305075509,55.1969200649416,13.5626032421994));
#7854=CARTESIAN_POINT('Ctrl Pts',(-6.97061896845561,55.3587974932238,15.1743071697861));
#7855=CARTESIAN_POINT('Ctrl Pts',(-11.1690826405235,55.4667157787453,19.9298138103525));
#7856=CARTESIAN_POINT('Ctrl Pts',(-12.2922983599657,55.520674921506,22.7081624993101));
#7857=CARTESIAN_POINT('Ctrl Pts',(12.078287216587,55.0874463311903,22.7949920694118));
#7858=CARTESIAN_POINT('Ctrl Pts',(11.5264921196826,55.1144259025706,21.4300035402289));
#7859=CARTESIAN_POINT('Ctrl Pts',(9.1819119155608,55.1953646167117,17.6071858114169));
#7860=CARTESIAN_POINT('Ctrl Pts',(2.37684830695153,55.3302624736136,13.808462641517));
#7861=CARTESIAN_POINT('Ctrl Pts',(-6.8492488457319,55.4921399018957,15.3921305819956));
#7862=CARTESIAN_POINT('Ctrl Pts',(-10.9745602081313,55.6000581874172,20.0648182650497));
#7863=CARTESIAN_POINT('Ctrl Pts',(-12.0781993425936,55.6540173301779,22.7947755387003));
#7864=CARTESIAN_POINT('Ctrl Pts',(11.8641449396034,55.220788768022,22.8814980553779));
#7865=CARTESIAN_POINT('Ctrl Pts',(11.3221260367938,55.2477683394023,21.5407101227356));
#7866=CARTESIAN_POINT('Ctrl Pts',(9.01909348461407,55.3287070535434,17.7856725891244));
#7867=CARTESIAN_POINT('Ctrl Pts',(2.33465207789859,55.4636049104453,14.0543217683065));
#7868=CARTESIAN_POINT('Ctrl Pts',(-6.72788005007122,55.6254823387275,15.6099547136617));
#7869=CARTESIAN_POINT('Ctrl Pts',(-10.7800386064444,55.7334006242489,20.1998238880747));
#7870=CARTESIAN_POINT('Ctrl Pts',(-11.8641008645058,55.7873597670096,22.8813898682317));
#7871=CARTESIAN_POINT('Ctrl Pts',(11.650002066147,55.3541312397507,22.9680025115454));
#7872=CARTESIAN_POINT('Ctrl Pts',(11.1177591846514,55.3811108111311,21.6514152428123));
#7873=CARTESIAN_POINT('Ctrl Pts',(8.85627379899814,55.4620495252721,17.9641581940388));
#7874=CARTESIAN_POINT('Ctrl Pts',(2.29245410499269,55.596947382174,14.3001805739562));
#7875=CARTESIAN_POINT('Ctrl Pts',(-6.60651281325784,55.7588248104561,15.8277796891499));
#7876=CARTESIAN_POINT('Ctrl Pts',(-10.5855179811003,55.8667430959776,20.3348308823731));
#7877=CARTESIAN_POINT('Ctrl Pts',(-11.6500030206458,55.9207022387384,22.968005712299));
#7878=CARTESIAN_POINT('Ctrl Pts',(11.6500020661505,55.3541312397485,22.968002511544));
#7879=CARTESIAN_POINT('Ctrl Pts',(11.1177591846548,55.3811108111288,21.6514152428105));
#7880=CARTESIAN_POINT('Ctrl Pts',(10.3639307227702,55.4080903825092,20.4223295598856));
#7881=CARTESIAN_POINT('Ctrl Pts',(9.42379043524662,55.4350699538896,19.3586739299301));
#7882=CARTESIAN_POINT('Ctrl Pts',(7.54350986019941,55.4890290966503,17.2313626700191));
#7883=CARTESIAN_POINT('Ctrl Pts',(4.9179819825964,55.542988239411,15.7657716219856));
#7884=CARTESIAN_POINT('Ctrl Pts',(2.12205689075267,55.5969473821718,15.2875759505012));
#7885=CARTESIAN_POINT('Ctrl Pts',(-0.673868201091024,55.6509065249325,14.8093802790168));
#7886=CARTESIAN_POINT('Ctrl Pts',(-3.64019050717544,55.7048656676932,15.3185799840816));
#7887=CARTESIAN_POINT('Ctrl Pts',(-6.11810295217856,55.758824810454,16.6999426349201));
#7888=CARTESIAN_POINT('Ctrl Pts',(-8.59601539718169,55.8127839532147,18.0813052857586));
#7889=CARTESIAN_POINT('Ctrl Pts',(-10.5855179811035,55.8667430959754,20.3348308823709));
#7890=CARTESIAN_POINT('Ctrl Pts',(-11.6500030206493,55.9207022387362,22.9680057122975));
#7891=CARTESIAN_POINT('Ctrl Pts',(-11.650002752688,53.6308432357647,32.3872473354087));
#7892=CARTESIAN_POINT('Ctrl Pts',(-11.1177601701824,53.6578228065279,33.7038346899713));
#7893=CARTESIAN_POINT('Ctrl Pts',(-8.8563341112728,53.7387615188175,37.3910964962352));
#7894=CARTESIAN_POINT('Ctrl Pts',(-2.29251830413856,53.8736593726334,41.0550611076781));
#7895=CARTESIAN_POINT('Ctrl Pts',(6.60627114814746,54.0355367972125,39.5273806242848));
#7896=CARTESIAN_POINT('Ctrl Pts',(10.5855163466414,54.1434550802653,35.0204243229711));
#7897=CARTESIAN_POINT('Ctrl Pts',(11.6500020784198,54.1974142217916,32.3872498429669));
#7898=CARTESIAN_POINT('Ctrl Pts',(-11.8641005453374,53.7641856786682,32.4738631729331));
#7899=CARTESIAN_POINT('Ctrl Pts',(-11.3220693545372,53.7911652494314,33.8146460962704));
#7900=CARTESIAN_POINT('Ctrl Pts',(-9.01906195532339,53.8721039617209,37.5696668262832));
#7901=CARTESIAN_POINT('Ctrl Pts',(-2.33458948292036,54.0070018155369,41.3009415938171));
#7902=CARTESIAN_POINT('Ctrl Pts',(6.72774726856628,54.168879240116,39.7451406624807));
#7903=CARTESIAN_POINT('Ctrl Pts',(10.7801071362029,54.2767975231687,35.1553300761795));
#7904=CARTESIAN_POINT('Ctrl Pts',(11.8641449058094,54.3307566646951,32.4737542798763));
#7905=CARTESIAN_POINT('Ctrl Pts',(-12.0781989722144,53.8975280866747,32.5604774959223));
#7906=CARTESIAN_POINT('Ctrl Pts',(-11.526379344177,53.9245076574379,33.9254560596654));
#7907=CARTESIAN_POINT('Ctrl Pts',(-9.1817910827288,54.0054463697274,37.7482360150069));
#7908=CARTESIAN_POINT('Ctrl Pts',(-2.37666241296437,54.1403442235434,41.5468218021499));
#7909=CARTESIAN_POINT('Ctrl Pts',(6.84922185157174,54.3022216481225,39.9629015828598));
#7910=CARTESIAN_POINT('Ctrl Pts',(10.9746969837307,54.4101399311752,35.2902372244487));
#7911=CARTESIAN_POINT('Ctrl Pts',(12.0782871367264,54.4640990727016,32.5602602465837));
#7912=CARTESIAN_POINT('Ctrl Pts',(-12.2922979383757,54.0308704665214,32.6470905287709));
#7913=CARTESIAN_POINT('Ctrl Pts',(-11.7306900188115,54.0578500372846,34.0362647938265));
#7914=CARTESIAN_POINT('Ctrl Pts',(-9.34452130242202,54.1387887495741,37.9268042310666));
#7915=CARTESIAN_POINT('Ctrl Pts',(-2.4187368342387,54.2736866033901,41.7927017729416));
#7916=CARTESIAN_POINT('Ctrl Pts',(6.97069512482158,54.4355640279692,40.1806632536668));
#7917=CARTESIAN_POINT('Ctrl Pts',(11.1692860282546,54.5434823110219,35.4251455602512));
#7918=CARTESIAN_POINT('Ctrl Pts',(12.2924288588429,54.5974414525483,32.646767515755));
#7919=CARTESIAN_POINT('Ctrl Pts',(11.6500020784234,54.1974142217939,32.3872498429683));
#7920=CARTESIAN_POINT('Ctrl Pts',(10.5855163466447,54.1434550802675,35.0204243229734));
#7921=CARTESIAN_POINT('Ctrl Pts',(8.59589374739709,54.0894959387411,37.2739024736309));
#7922=CARTESIAN_POINT('Ctrl Pts',(6.11795087239182,54.0355367972148,38.6552549628586));
#7923=CARTESIAN_POINT('Ctrl Pts',(3.64000799738657,53.9815776556884,40.0366074520863));
#7924=CARTESIAN_POINT('Ctrl Pts',(0.673744846623666,53.927618514162,40.5458342798843));
#7925=CARTESIAN_POINT('Ctrl Pts',(-2.12214989018503,53.8736593726356,40.0676547714944));
#7926=CARTESIAN_POINT('Ctrl Pts',(-4.91804462699376,53.8197002311093,39.5894752631046));
#7927=CARTESIAN_POINT('Ctrl Pts',(-7.54357094984828,53.7657410895829,38.123889418527));
#7928=CARTESIAN_POINT('Ctrl Pts',(-9.42382463920435,53.7117819480565,35.9965777786611));
#7929=CARTESIAN_POINT('Ctrl Pts',(-10.3639514838824,53.6848023772933,34.9329219587281));
#7930=CARTESIAN_POINT('Ctrl Pts',(-11.1177601701858,53.6578228065301,33.7038346899731));
#7931=CARTESIAN_POINT('Ctrl Pts',(-11.6500027526916,53.630843235767,32.3872473354102));
#7932=CARTESIAN_POINT('Ctrl Pts',(11.6500014935846,52.8808433167952,22.9680010952219));
#7933=CARTESIAN_POINT('Ctrl Pts',(11.1177586561993,52.9078228778261,21.6514143962452));
#7934=CARTESIAN_POINT('Ctrl Pts',(8.85626400705549,52.9887615609186,17.9641598837601));
#7935=CARTESIAN_POINT('Ctrl Pts',(2.29244760711511,53.1236593660729,14.3001804600304));
#7936=CARTESIAN_POINT('Ctrl Pts',(-6.60654792553069,53.285536732258,15.8277604202695));
#7937=CARTESIAN_POINT('Ctrl Pts',(-10.5855125973115,53.3934549763814,20.334823542429));
#7938=CARTESIAN_POINT('Ctrl Pts',(-11.649999305609,53.4474140984431,22.967996522569));
#7939=CARTESIAN_POINT('Ctrl Pts',(11.8640993025472,53.0141857881688,22.881385166535));
#7940=CARTESIAN_POINT('Ctrl Pts',(11.3220678500958,53.0411653491996,21.5406029056682));
#7941=CARTESIAN_POINT('Ctrl Pts',(9.01899059114186,53.1221040322922,17.7855895893482));
#7942=CARTESIAN_POINT('Ctrl Pts',(2.3345174892008,53.2570018374464,14.0542997229189));
#7943=CARTESIAN_POINT('Ctrl Pts',(-6.72802916568716,53.4188792036316,15.6099982905386));
#7944=CARTESIAN_POINT('Ctrl Pts',(-10.7801033657701,53.526797447755,20.1999176773352));
#7945=CARTESIAN_POINT('Ctrl Pts',(-11.8641421340253,53.5807565698167,22.8814919565464));
#7946=CARTESIAN_POINT('Ctrl Pts',(12.0781977457382,53.1475282246453,22.7947707523838));
#7947=CARTESIAN_POINT('Ctrl Pts',(11.5263778492782,53.1745077856762,21.4297928579954));
#7948=CARTESIAN_POINT('Ctrl Pts',(9.18171845859717,53.2554464687688,17.6070204362542));
#7949=CARTESIAN_POINT('Ctrl Pts',(2.37658912256918,53.390344273923,13.8084192636053));
#7950=CARTESIAN_POINT('Ctrl Pts',(-6.8495088683941,53.5522216401081,15.3922352785827));
#7951=CARTESIAN_POINT('Ctrl Pts',(-10.9746931921938,53.6601398842315,20.0650104171804));
#7952=CARTESIAN_POINT('Ctrl Pts',(-12.0782843659679,53.7140990062932,22.7949858607255));
#7953=CARTESIAN_POINT('Ctrl Pts',(12.292296728214,53.2808706329622,22.7081576283735));
#7954=CARTESIAN_POINT('Ctrl Pts',(11.7306885334558,53.307850193993,21.318984039557));
#7955=CARTESIAN_POINT('Ctrl Pts',(9.34444741835271,53.3887888770856,17.4284522558186));
#7956=CARTESIAN_POINT('Ctrl Pts',(2.41866224718581,53.5236866822398,13.5625390418256));
#7957=CARTESIAN_POINT('Ctrl Pts',(-6.97098726131405,53.6855640484249,15.1744715161632));
#7958=CARTESIAN_POINT('Ctrl Pts',(-11.169282215613,53.7934822925483,19.9301019694921));
#7959=CARTESIAN_POINT('Ctrl Pts',(-12.2924260891092,53.84744141461,22.7084784624403));
#7960=CARTESIAN_POINT('Ctrl Pts',(-11.6499993056051,53.447414098445,22.967996522549));
#7961=CARTESIAN_POINT('Ctrl Pts',(-10.5855125973054,53.3934549763834,20.3348235424162));
#7962=CARTESIAN_POINT('Ctrl Pts',(-8.5960302614179,53.3394958543218,18.0812919813431));
#7963=CARTESIAN_POINT('Ctrl Pts',(-6.11812317137013,53.2855367322602,16.6999295407662));
#7964=CARTESIAN_POINT('Ctrl Pts',(-3.64021608131654,53.2315776101985,15.318567100186));
#7965=CARTESIAN_POINT('Ctrl Pts',(-0.673884237100379,53.1776184881368,14.8093737801061));
#7966=CARTESIAN_POINT('Ctrl Pts',(2.12204496499617,53.1236593660751,15.2875730048124));
#7967=CARTESIAN_POINT('Ctrl Pts',(4.91797416709275,53.0697002440134,15.7657722295186));
#7968=CARTESIAN_POINT('Ctrl Pts',(7.54350072706972,53.0157411219517,17.2313639990109));
#7969=CARTESIAN_POINT('Ctrl Pts',(9.42378498001514,52.96178199989,19.3586743721689));
#7970=CARTESIAN_POINT('Ctrl Pts',(10.3639270901266,52.9348024393287,20.4223295402372));
#7971=CARTESIAN_POINT('Ctrl Pts',(11.1177586299649,52.9078228787673,21.651414353464));
#7972=CARTESIAN_POINT('Ctrl Pts',(11.6500014658004,52.880843318206,22.968001026483));
#7973=CARTESIAN_POINT('Origin',(1.69717819935219E-7,44.8779023263593,27.6776261924356));
#7974=CARTESIAN_POINT('Ctrl Pts',(11.6500020784233,57.1974142217939,32.3872498429683));
#7975=CARTESIAN_POINT('Ctrl Pts',(11.117759212534,57.1704346510307,33.7038370829709));
#7976=CARTESIAN_POINT('Ctrl Pts',(10.3603585214647,57.1434550802675,34.9304194897473));
#7977=CARTESIAN_POINT('Ctrl Pts',(9.42072105907227,57.1164755095043,35.9947054555578));
#7978=CARTESIAN_POINT('Ctrl Pts',(8.48108359667993,57.0894959387411,37.0589914213681));
#7979=CARTESIAN_POINT('Ctrl Pts',(7.35920936296443,57.0625163679779,37.9609809462125));
#7980=CARTESIAN_POINT('Ctrl Pts',(6.11905264441667,57.0355367972147,38.6534443331919));
#7981=CARTESIAN_POINT('Ctrl Pts',(4.87889592586881,57.0085572264516,39.3459077201712));
#7982=CARTESIAN_POINT('Ctrl Pts',(3.52045672248868,56.9815776556884,39.8288449692855));
#7983=CARTESIAN_POINT('Ctrl Pts',(2.12109753085807,56.9545980849252,40.0665665542065));
#7984=CARTESIAN_POINT('Ctrl Pts',(-0.677620852403024,56.9006389433988,40.5420097240485));
#7985=CARTESIAN_POINT('Ctrl Pts',(-3.64001918866567,56.8466798018724,40.0365902371173));
#7986=CARTESIAN_POINT('Ctrl Pts',(-6.11699337248492,56.7927206603461,38.6561933172392));
#7987=CARTESIAN_POINT('Ctrl Pts',(-8.59396755630423,56.7387615188197,37.275796397361));
#7988=CARTESIAN_POINT('Ctrl Pts',(-10.5855175876801,56.6848023772933,35.020422044536));
#7989=CARTESIAN_POINT('Ctrl Pts',(-11.6500027526916,56.630843235767,32.38724733541));
#7990=CARTESIAN_POINT('Origin',(1.69717819935219E-7,44.8779023263593,27.6776261924356));
#7991=CARTESIAN_POINT('Ctrl Pts',(-11.6499993056051,56.447414098445,22.967996522549));
#7992=CARTESIAN_POINT('Ctrl Pts',(-10.5855125973054,56.3934549763834,20.3348235424162));
#7993=CARTESIAN_POINT('Ctrl Pts',(-8.59599348494768,56.3394958543218,18.0813064777059));
#7994=CARTESIAN_POINT('Ctrl Pts',(-6.11807731914067,56.2855367322602,16.6999469084472));
#7995=CARTESIAN_POINT('Ctrl Pts',(-3.6401611533278,56.2315776101985,15.3185873391853));
#7996=CARTESIAN_POINT('Ctrl Pts',(-0.673847934063329,56.1776184881368,14.8093852653791));
#7997=CARTESIAN_POINT('Ctrl Pts',(2.12207193037451,56.1236593660751,15.2875792433663));
#7998=CARTESIAN_POINT('Ctrl Pts',(4.91799179481234,56.0697002440134,15.7657732213534));
#7999=CARTESIAN_POINT('Ctrl Pts',(7.54351830442355,56.0157411219517,17.2313632511338));
#8000=CARTESIAN_POINT('Ctrl Pts',(9.42379473961551,55.96178199989,19.3586737633803));
#8001=CARTESIAN_POINT('Ctrl Pts',(10.3639329408503,55.9348024393287,20.4223290009928));
#8002=CARTESIAN_POINT('Ctrl Pts',(11.1177586299651,55.9078228787673,21.6514143534639));
#8003=CARTESIAN_POINT('Ctrl Pts',(11.6500014658004,55.880843318206,22.9680010264829));
#8004=CARTESIAN_POINT('Origin',(1.69717819935219E-7,44.8779023263593,27.6776261924356));
#8005=CARTESIAN_POINT('Ctrl Pts',(-11.6499993056047,53.1041313624753,32.3872558623232));
#8006=CARTESIAN_POINT('Ctrl Pts',(-10.5855125973049,53.1580904845369,35.0204288424556));
#8007=CARTESIAN_POINT('Ctrl Pts',(-8.59401358079702,53.2120496065984,37.2758174511403));
#8008=CARTESIAN_POINT('Ctrl Pts',(-6.11704932730729,53.26600872866,38.6562174086125));
#8009=CARTESIAN_POINT('Ctrl Pts',(-3.6400850738114,53.3199678507217,40.0366173660881));
#8010=CARTESIAN_POINT('Ctrl Pts',(-0.677655583331232,53.3739269727834,40.5420286723469));
#8011=CARTESIAN_POINT('Ctrl Pts',(2.12107257166433,53.4278860948451,40.0665733419187));
#8012=CARTESIAN_POINT('Ctrl Pts',(3.52043664916213,53.454865655876,39.8288456767046));
#8013=CARTESIAN_POINT('Ctrl Pts',(4.87887539278878,53.4818452169068,39.3459013523187));
#8014=CARTESIAN_POINT('Ctrl Pts',(6.1190339359741,53.5088247779377,38.6534360376979));
#8015=CARTESIAN_POINT('Ctrl Pts',(7.35919247915938,53.5358043389685,37.9609707230772));
#8016=CARTESIAN_POINT('Ctrl Pts',(8.48107082190335,53.5627838999994,37.0589844182216));
#8017=CARTESIAN_POINT('Ctrl Pts',(9.42071236616415,53.5897634610302,35.9947012346092));
#8018=CARTESIAN_POINT('Ctrl Pts',(10.3603538970625,53.6167430216774,34.9304180661319));
#8019=CARTESIAN_POINT('Ctrl Pts',(11.1177586346607,53.6437225823246,33.7038380235139));
#8020=CARTESIAN_POINT('Ctrl Pts',(11.6500014708813,53.6707021429718,32.3872513458198));
#8021=CARTESIAN_POINT('Origin',(1.69717819935219E-7,44.8779023263593,27.6776261924356));
#8022=CARTESIAN_POINT('Ctrl Pts',(11.6500020661505,52.3541312397485,22.968002511544));
#8023=CARTESIAN_POINT('Ctrl Pts',(11.1177591846548,52.3811108111288,21.6514152428104));
#8024=CARTESIAN_POINT('Ctrl Pts',(10.3639248176113,52.4080903825092,20.4223301323724));
#8025=CARTESIAN_POINT('Ctrl Pts',(9.42378059847007,52.4350699538896,19.358674591307));
#8026=CARTESIAN_POINT('Ctrl Pts',(7.54349216018766,52.4890290966503,17.2313635091762));
#8027=CARTESIAN_POINT('Ctrl Pts',(4.91796431351457,52.542988239411,15.7657707045358));
#8028=CARTESIAN_POINT('Ctrl Pts',(2.12202972328223,52.5969473821718,15.2875696853764));
#8029=CARTESIAN_POINT('Ctrl Pts',(-0.673904866950133,52.6509065249325,14.8093686662169));
#8030=CARTESIAN_POINT('Ctrl Pts',(-3.64024620074175,52.7048656676932,15.3185594325385));
#8031=CARTESIAN_POINT('Ctrl Pts',(-6.11814947928008,52.758824810454,16.6999249865769));
#8032=CARTESIAN_POINT('Ctrl Pts',(-8.59605275781839,52.8127839532147,18.0812905406154));
#8033=CARTESIAN_POINT('Ctrl Pts',(-10.5855179811034,52.8667430959754,20.3348308823707));
#8034=CARTESIAN_POINT('Ctrl Pts',(-11.6500030206493,52.9207022387361,22.9680057122974));
#8035=CARTESIAN_POINT('Ctrl Pts',(-11.650002752688,56.6308432357647,32.3872473354085));
#8036=CARTESIAN_POINT('Ctrl Pts',(-10.5855175876769,56.6848023772911,35.0204220445337));
#8037=CARTESIAN_POINT('Ctrl Pts',(-6.60241752492638,56.7927206603439,39.5311707501824));
#8038=CARTESIAN_POINT('Ctrl Pts',(0.803578315728052,56.9276185141597,40.7947194675101));
#8039=CARTESIAN_POINT('Ctrl Pts',(6.23733512924708,57.0355367972125,38.8629704710535));
#8040=CARTESIAN_POINT('Ctrl Pts',(9.6029578303925,57.1164755095021,36.1570018965211));
#8041=CARTESIAN_POINT('Ctrl Pts',(11.1177592125306,57.1704346510284,33.703837082969));
#8042=CARTESIAN_POINT('Ctrl Pts',(11.6500020784198,57.1974142217916,32.3872498429669));
#8043=CARTESIAN_POINT('Ctrl Pts',(-11.8641005453375,56.7641856786682,32.4738631729329));
#8044=CARTESIAN_POINT('Ctrl Pts',(-10.7800381637371,56.8181448201946,35.1554290196075));
#8045=CARTESIAN_POINT('Ctrl Pts',(-6.72370944878871,56.9260631032473,39.7490636270763));
#8046=CARTESIAN_POINT('Ctrl Pts',(0.818410357893505,57.0609609570632,41.0358002158275));
#8047=CARTESIAN_POINT('Ctrl Pts',(6.35202724088963,57.168879240116,39.0685207991788));
#8048=CARTESIAN_POINT('Ctrl Pts',(9.77949519893405,57.2498179524055,36.3128019884407));
#8049=CARTESIAN_POINT('Ctrl Pts',(11.3221260210061,57.3037770939319,33.8145421780279));
#8050=CARTESIAN_POINT('Ctrl Pts',(11.8641449058093,57.3307566646951,32.4737542798763));
#8051=CARTESIAN_POINT('Ctrl Pts',(-12.0781989722145,56.8975280866747,32.5604774959222));
#8052=CARTESIAN_POINT('Ctrl Pts',(-10.9745597161397,56.951487228201,35.2904346234084));
#8053=CARTESIAN_POINT('Ctrl Pts',(-6.84500293196807,57.0594055112538,39.9669556607116));
#8054=CARTESIAN_POINT('Ctrl Pts',(0.833240687782977,57.1943033650697,41.276881090414));
#8055=CARTESIAN_POINT('Ctrl Pts',(6.46671790139664,57.3022216481224,39.2740719604012));
#8056=CARTESIAN_POINT('Ctrl Pts',(9.95603147519444,57.383160360412,36.4686033486512));
#8057=CARTESIAN_POINT('Ctrl Pts',(11.5264920602285,57.4371195019384,33.9252487355162));
#8058=CARTESIAN_POINT('Ctrl Pts',(12.0782871367264,57.4640990727016,32.5602602465837));
#8059=CARTESIAN_POINT('Ctrl Pts',(-12.2922979383757,57.0308704665214,32.6470905287707));
#8060=CARTESIAN_POINT('Ctrl Pts',(-11.1690820992474,57.0848296080478,35.425439058882));
#8061=CARTESIAN_POINT('Ctrl Pts',(-6.96629774261066,57.1927478911005,40.1848469753703));
#8062=CARTESIAN_POINT('Ctrl Pts',(0.84806955942031,57.3276457449164,41.5179620715945));
#8063=CARTESIAN_POINT('Ctrl Pts',(6.58140732565194,57.4355640279692,39.4796238303023));
#8064=CARTESIAN_POINT('Ctrl Pts',(10.1325668205639,57.5165027402587,36.6244057883473));
#8065=CARTESIAN_POINT('Ctrl Pts',(11.7308574435487,57.5704618817851,34.0359565380031));
#8066=CARTESIAN_POINT('Ctrl Pts',(12.2924288588429,57.5974414525483,32.646767515755));
#8067=CARTESIAN_POINT('Ctrl Pts',(-11.649999305556,57.0579806695078,34.0080024892255));
#8068=CARTESIAN_POINT('Ctrl Pts',(-11.0029952521278,57.0823806155325,35.1987053052512));
#8069=CARTESIAN_POINT('Ctrl Pts',(-8.51727492620777,57.1555809293108,38.4789707116081));
#8070=CARTESIAN_POINT('Ctrl Pts',(-2.1565370319358,57.2775806321753,41.6324756842688));
#8071=CARTESIAN_POINT('Ctrl Pts',(6.26692808747718,57.4239623225659,40.3263566269246));
#8072=CARTESIAN_POINT('Ctrl Pts',(10.3564705526699,57.5215430214036,36.388485552083));
#8073=CARTESIAN_POINT('Ctrl Pts',(11.6500008003659,57.570324291452,34.0080003386536));
#8074=CARTESIAN_POINT('Ctrl Pts',(11.6500014935846,55.8808433167952,22.9680010952219));
#8075=CARTESIAN_POINT('Ctrl Pts',(11.1177586561992,55.9078228778261,21.6514143962452));
#8076=CARTESIAN_POINT('Ctrl Pts',(8.85628155922643,55.9887615609186,17.964158266027));
#8077=CARTESIAN_POINT('Ctrl Pts',(2.29246528520043,56.1236593660729,14.3001831915771));
#8078=CARTESIAN_POINT('Ctrl Pts',(-6.60647437259023,56.285536732258,15.8277894129951));
#8079=CARTESIAN_POINT('Ctrl Pts',(-10.5855125973116,56.3934549763814,20.3348235424291));
#8080=CARTESIAN_POINT('Ctrl Pts',(-11.6499993056091,56.4474140984431,22.9679965225691));
#8081=CARTESIAN_POINT('Ctrl Pts',(11.8640993025472,56.0141857881688,22.881385166535));
#8082=CARTESIAN_POINT('Ctrl Pts',(11.3220678500958,56.0411653491996,21.5406029056682));
#8083=CARTESIAN_POINT('Ctrl Pts',(9.01900846590743,56.1221040322922,17.7855879417988));
#8084=CARTESIAN_POINT('Ctrl Pts',(2.33453549221681,56.2570018374465,14.0543025045855));
#8085=CARTESIAN_POINT('Ctrl Pts',(-6.72795426074189,56.4188792036316,15.6100278157807));
#8086=CARTESIAN_POINT('Ctrl Pts',(-10.7801033657701,56.526797447755,20.1999176773353));
#8087=CARTESIAN_POINT('Ctrl Pts',(-11.8641421340253,56.5807565698167,22.8814919565465));
#8088=CARTESIAN_POINT('Ctrl Pts',(12.0781977457382,56.1475282246453,22.7947707523838));
#8089=CARTESIAN_POINT('Ctrl Pts',(11.5263778492782,56.1745077856762,21.4297928579955));
#8090=CARTESIAN_POINT('Ctrl Pts',(9.18173665595392,56.2554464687688,17.60701875889));
#8091=CARTESIAN_POINT('Ctrl Pts',(2.3766074505108,56.390344273923,13.8084220953939));
#8092=CARTESIAN_POINT('Ctrl Pts',(-6.84943261145323,56.5522216401081,15.3922653363523));
#8093=CARTESIAN_POINT('Ctrl Pts',(-10.9746931921939,56.6601398842315,20.0650104171805));
#8094=CARTESIAN_POINT('Ctrl Pts',(-12.0782843659679,56.7140990062932,22.7949858607256));
#8095=CARTESIAN_POINT('Ctrl Pts',(12.2922967282139,56.2808706329621,22.7081576283735));
#8096=CARTESIAN_POINT('Ctrl Pts',(11.7306885334558,56.307850193993,21.318984039557));
#8097=CARTESIAN_POINT('Ctrl Pts',(9.34446593829759,56.3887888770856,17.4284505486411));
#8098=CARTESIAN_POINT('Ctrl Pts',(2.41868090004857,56.5236866822398,13.562541923738));
#8099=CARTESIAN_POINT('Ctrl Pts',(-6.97090965238558,56.685564048425,15.1745021064698));
#8100=CARTESIAN_POINT('Ctrl Pts',(-11.169282215613,56.7934822925483,19.9301019694922));
#8101=CARTESIAN_POINT('Ctrl Pts',(-12.2924260891092,56.84744141461,22.7084784624404));
#8102=CARTESIAN_POINT('Ctrl Pts',(11.6500006463002,56.3079806317462,21.3472517383869));
#8103=CARTESIAN_POINT('Ctrl Pts',(10.3560112707489,56.3567798315334,18.9658796855442));
#8104=CARTESIAN_POINT('Ctrl Pts',(7.28666711589212,56.429981172619,16.0234571628142));
#8105=CARTESIAN_POINT('Ctrl Pts',(0.746195650419034,56.5519793786466,13.9483922652977));
#8106=CARTESIAN_POINT('Ctrl Pts',(-6.26352192158059,56.6739624768653,15.0246205975154));
#8107=CARTESIAN_POINT('Ctrl Pts',(-10.3564502599566,56.7715423053312,18.966730050983));
#8108=CARTESIAN_POINT('Ctrl Pts',(-11.6500013293039,56.8203243242284,21.3472536447242));
#8109=CARTESIAN_POINT('Ctrl Pts',(-12.292425950713,52.7041041324871,32.6467738665226));
#8110=CARTESIAN_POINT('Ctrl Pts',(-11.1692820898534,52.7580632545488,35.42515032819));
#8111=CARTESIAN_POINT('Ctrl Pts',(-6.96673148091237,52.8659814986723,40.1846996683546));
#8112=CARTESIAN_POINT('Ctrl Pts',(0.847682679977107,53.0008793038265,41.5180002100009));
#8113=CARTESIAN_POINT('Ctrl Pts',(6.58107250484329,53.1087975479499,39.4797840000793));
#8114=CARTESIAN_POINT('Ctrl Pts',(10.1323206474514,53.1897362310425,36.6246702322595));
#8115=CARTESIAN_POINT('Ctrl Pts',(11.7306884014132,53.2436953531042,34.0362682737004));
#8116=CARTESIAN_POINT('Ctrl Pts',(12.2922965898453,53.270674914135,32.6470947005212));
#8117=CARTESIAN_POINT('Ctrl Pts',(-12.0782842737036,52.8374465120783,32.5602664868741));
#8118=CARTESIAN_POINT('Ctrl Pts',(-10.9746931083537,52.89140563414,35.2902419095653));
#8119=CARTESIAN_POINT('Ctrl Pts',(-6.84532722815374,52.9993238782634,39.9668676716163));
#8120=CARTESIAN_POINT('Ctrl Pts',(0.832973295415894,53.1342216834177,41.2769116579321));
#8121=CARTESIAN_POINT('Ctrl Pts',(6.4664850565315,53.2421399275411,39.274175727924));
#8122=CARTESIAN_POINT('Ctrl Pts',(9.95586247470515,53.3230786106336,36.4687806444316));
#8123=CARTESIAN_POINT('Ctrl Pts',(11.5263777612501,53.3770377326953,33.9254594791327));
#8124=CARTESIAN_POINT('Ctrl Pts',(12.0781976534927,53.4040172937262,32.5604815951692));
#8125=CARTESIAN_POINT('Ctrl Pts',(-11.864142087893,52.9707889198292,32.4737604096893));
#8126=CARTESIAN_POINT('Ctrl Pts',(-10.7801033238498,53.0247480418909,35.1553346784735));
#8127=CARTESIAN_POINT('Ctrl Pts',(-6.7239216651913,53.1326662860143,39.7490364248793));
#8128=CARTESIAN_POINT('Ctrl Pts',(0.818265371217547,53.2675640911686,41.0358230335856));
#8129=CARTESIAN_POINT('Ctrl Pts',(6.35189886079579,53.375482335292,39.0685667763534));
#8130=CARTESIAN_POINT('Ctrl Pts',(9.77940525797503,53.4564210183845,36.3128899993038));
#8131=CARTESIAN_POINT('Ctrl Pts',(11.3220678060819,53.5103801404462,33.8146494553312));
#8132=CARTESIAN_POINT('Ctrl Pts',(11.8640992564246,53.5373597014771,32.4738671996767));
#8133=CARTESIAN_POINT('Ctrl Pts',(-11.649999305609,53.1041313624771,32.3872558623022));
#8134=CARTESIAN_POINT('Ctrl Pts',(-10.5855125973115,53.1580904845388,35.0204288424421));
#8135=CARTESIAN_POINT('Ctrl Pts',(-6.60251456428956,53.2660087286622,39.5312060598257));
#8136=CARTESIAN_POINT('Ctrl Pts',(0.803559161908623,53.4009065338165,40.7947343254723));
#8137=CARTESIAN_POINT('Ctrl Pts',(6.2373141364135,53.5088247779399,38.8629570279294));
#8138=CARTESIAN_POINT('Ctrl Pts',(9.6029491646444,53.5897634610324,36.1569981133633));
#8139=CARTESIAN_POINT('Ctrl Pts',(11.1177586561992,53.6437225830941,33.703837988626));
#8140=CARTESIAN_POINT('Ctrl Pts',(11.6500014935846,53.670702144125,32.3872512896493));
#8141=CARTESIAN_POINT('Ctrl Pts',(11.6500008086373,53.2435648352961,34.0080003477298));
#8142=CARTESIAN_POINT('Ctrl Pts',(10.3559887755644,53.1947647787257,36.3894142451361));
#8143=CARTESIAN_POINT('Ctrl Pts',(6.26508657405905,53.0971652817557,40.327702939405));
#8144=CARTESIAN_POINT('Ctrl Pts',(-2.15981546237287,52.9507648168503,41.6319703497643));
#8145=CARTESIAN_POINT('Ctrl Pts',(-8.51882963285243,52.828783905178,38.4774464241779));
#8146=CARTESIAN_POINT('Ctrl Pts',(-11.0034949000027,52.7556023733754,35.1977914883785));
#8147=CARTESIAN_POINT('Ctrl Pts',(-11.6499993074113,52.7312212133923,34.0080024923922));
#8148=CARTESIAN_POINT('Ctrl Pts',(12.2924289847699,51.9541039225183,22.7084847809812));
#8149=CARTESIAN_POINT('Ctrl Pts',(11.730857546669,51.9810834938987,21.3192957127231));
#8150=CARTESIAN_POINT('Ctrl Pts',(9.34471058507808,52.0620222080398,17.4286998475486));
#8151=CARTESIAN_POINT('Ctrl Pts',(2.41902444010313,52.1969200649416,13.5626004204533));
#8152=CARTESIAN_POINT('Ctrl Pts',(-6.97069780931959,52.3587974932238,15.1742760524117));
#8153=CARTESIAN_POINT('Ctrl Pts',(-11.1690826405234,52.4667157787453,19.9298138103524));
#8154=CARTESIAN_POINT('Ctrl Pts',(-12.2922983599657,52.520674921506,22.7081624993099));
#8155=CARTESIAN_POINT('Ctrl Pts',(12.078287216587,52.0874463311903,22.7949920694118));
#8156=CARTESIAN_POINT('Ctrl Pts',(11.5264921196826,52.1144259025706,21.4300035402289));
#8157=CARTESIAN_POINT('Ctrl Pts',(9.18189354887078,52.1953646167117,17.6071875918429));
#8158=CARTESIAN_POINT('Ctrl Pts',(2.37683002047099,52.3302624736136,13.8084598689989));
#8159=CARTESIAN_POINT('Ctrl Pts',(-6.84932631339028,52.4921399018957,15.3921000069741));
#8160=CARTESIAN_POINT('Ctrl Pts',(-10.9745602081312,52.6000581874172,20.0648182650496));
#8161=CARTESIAN_POINT('Ctrl Pts',(-12.0781993425935,52.6540173301779,22.7947755387001));
#8162=CARTESIAN_POINT('Ctrl Pts',(11.8641449396034,52.220788768022,22.8814980553779));
#8163=CARTESIAN_POINT('Ctrl Pts',(11.3221260367938,52.2477683394023,21.5407101227356));
#8164=CARTESIAN_POINT('Ctrl Pts',(9.01907544353251,52.3287070535434,17.7856743380669));
#8165=CARTESIAN_POINT('Ctrl Pts',(2.33463411558494,52.4636049104453,14.0543190450182));
#8166=CARTESIAN_POINT('Ctrl Pts',(-6.72795614453234,52.6254823387274,15.6099246810024));
#8167=CARTESIAN_POINT('Ctrl Pts',(-10.7800386064443,52.7334006242489,20.1998238880745));
#8168=CARTESIAN_POINT('Ctrl Pts',(-11.8641008645057,52.7873597670096,22.8813898682315));
#8169=CARTESIAN_POINT('Ctrl Pts',(11.650002066147,52.3541312397507,22.9680025115454));
#8170=CARTESIAN_POINT('Ctrl Pts',(11.1177591846514,52.3811108111311,21.6514152428123));
#8171=CARTESIAN_POINT('Ctrl Pts',(8.85625608352151,52.4620495252721,17.9641599114993));
#8172=CARTESIAN_POINT('Ctrl Pts',(2.29243646684075,52.596947382174,14.3001778998995));
#8173=CARTESIAN_POINT('Ctrl Pts',(-6.60658753453132,52.7588248104562,15.8277501988636));
#8174=CARTESIAN_POINT('Ctrl Pts',(-10.5855179811002,52.8667430959776,20.334830882373));
#8175=CARTESIAN_POINT('Ctrl Pts',(-11.6500030206457,52.9207022387384,22.9680057122988));
#8176=CARTESIAN_POINT('Ctrl Pts',(-11.6500011709978,52.4935648617624,21.3472533286806));
#8177=CARTESIAN_POINT('Ctrl Pts',(-10.35596957814,52.4447640575397,18.9658028018028));
#8178=CARTESIAN_POINT('Ctrl Pts',(-6.26167696043211,52.347165451054,15.0232397585379));
#8179=CARTESIAN_POINT('Ctrl Pts',(0.74944565244771,52.2251635803631,13.9485146288721));
#8180=CARTESIAN_POINT('Ctrl Pts',(7.2884494558752,52.1031841637661,16.0247824375631));
#8181=CARTESIAN_POINT('Ctrl Pts',(10.3564924529255,52.0300015904427,18.9668140990779));
#8182=CARTESIAN_POINT('Ctrl Pts',(11.6500006366134,51.9812211756316,21.3472517487955));
#8183=CARTESIAN_POINT('Ctrl Pts',(-11.6499993056091,57.0579806695058,34.0080024891279));
#8184=CARTESIAN_POINT('Ctrl Pts',(-11.0029952521278,57.0823806155325,35.1987053052512));
#8185=CARTESIAN_POINT('Ctrl Pts',(-8.51727492620777,57.1555809293108,38.4789707116081));
#8186=CARTESIAN_POINT('Ctrl Pts',(-2.1565370319358,57.2775806321753,41.6324756842688));
#8187=CARTESIAN_POINT('Ctrl Pts',(6.26800922996656,57.423981110495,40.3261889879792));
#8188=CARTESIAN_POINT('Ctrl Pts',(10.3580452620115,57.5215805969413,36.3869690767986));
#8189=CARTESIAN_POINT('Ctrl Pts',(11.6514950585374,57.5703806551221,34.0052496553681));
#8190=CARTESIAN_POINT('Ctrl Pts',(-11.6652662532528,57.0679517783118,34.0160908198787));
#8191=CARTESIAN_POINT('Ctrl Pts',(-11.0174318341662,57.0923517243385,35.2083605835791));
#8192=CARTESIAN_POINT('Ctrl Pts',(-8.52852621604949,57.1655520381167,38.4929362383967));
#8193=CARTESIAN_POINT('Ctrl Pts',(-2.15954226612612,57.2875517409812,41.6506486192072));
#8194=CARTESIAN_POINT('Ctrl Pts',(6.27601393338435,57.433952219301,40.3427649328295));
#8195=CARTESIAN_POINT('Ctrl Pts',(10.3714150518397,57.5315517057473,36.3984730565064));
#8196=CARTESIAN_POINT('Ctrl Pts',(11.6665899592361,57.5803517639281,34.0136546989484));
#8197=CARTESIAN_POINT('Ctrl Pts',(-11.687223379754,57.0947138633356,34.0274680752405));
#8198=CARTESIAN_POINT('Ctrl Pts',(-11.0382289004361,57.1191138093623,35.2219771056106));
#8199=CARTESIAN_POINT('Ctrl Pts',(-8.54480198736259,57.1923141231406,38.5127595546561));
#8200=CARTESIAN_POINT('Ctrl Pts',(-2.16407338743155,57.314313826005,41.6765778327583));
#8201=CARTESIAN_POINT('Ctrl Pts',(6.28722974408387,57.4607143043248,40.3665754026638));
#8202=CARTESIAN_POINT('Ctrl Pts',(10.3904161773825,57.5583137907711,36.4150843324033));
#8203=CARTESIAN_POINT('Ctrl Pts',(11.6880853160297,57.6071138489519,34.025882003642));
#8204=CARTESIAN_POINT('Ctrl Pts',(-11.6987620283069,57.1495967891639,34.0326073334734));
#8205=CARTESIAN_POINT('Ctrl Pts',(-11.0492429990603,57.1739967351907,35.2282942922914));
#8206=CARTESIAN_POINT('Ctrl Pts',(-8.55369931939689,57.2471970489689,38.5223780205455));
#8207=CARTESIAN_POINT('Ctrl Pts',(-2.16716621997342,57.3691967518334,41.689665567851));
#8208=CARTESIAN_POINT('Ctrl Pts',(6.29223266060767,57.5155972301531,40.3790558406887));
#8209=CARTESIAN_POINT('Ctrl Pts',(10.3996025200791,57.6131967165995,36.4241292141699));
#8210=CARTESIAN_POINT('Ctrl Pts',(11.6986769766347,57.6619967747803,34.032764525799));
#8211=CARTESIAN_POINT('Ctrl Pts',(-11.6857332620217,57.1993596393109,34.0245062178032));
#8212=CARTESIAN_POINT('Ctrl Pts',(-11.0370414441864,57.2237595853376,35.2188631100705));
#8213=CARTESIAN_POINT('Ctrl Pts',(-8.5445931530226,57.2969598991158,38.5093263069563));
#8214=CARTESIAN_POINT('Ctrl Pts',(-2.16562085796576,57.4189596019804,41.6734042780873));
#8215=CARTESIAN_POINT('Ctrl Pts',(6.28413850239995,57.5653600803001,40.3648715171295));
#8216=CARTESIAN_POINT('Ctrl Pts',(10.3870462133206,57.6629595667464,36.414772956311));
#8217=CARTESIAN_POINT('Ctrl Pts',(11.6847895651229,57.7117596249272,34.026244048246));
#8218=CARTESIAN_POINT('Ctrl Pts',(-11.6628146018961,57.223686522918,34.0115558183876));
#8219=CARTESIAN_POINT('Ctrl Pts',(-11.0154506669561,57.2480864689447,35.2035623483839));
#8220=CARTESIAN_POINT('Ctrl Pts',(-8.52803472354866,57.3212867827229,38.4875934516828));
#8221=CARTESIAN_POINT('Ctrl Pts',(-2.16179474881553,57.4432864855874,41.6456075191027));
#8222=CARTESIAN_POINT('Ctrl Pts',(6.2712656300938,57.5896869639072,40.3399578241366));
#8223=CARTESIAN_POINT('Ctrl Pts',(10.3662057367825,57.6872864503535,36.397808784285));
#8224=CARTESIAN_POINT('Ctrl Pts',(11.6614511490201,57.7360865085343,34.0140663571353));
#8225=CARTESIAN_POINT('Ctrl Pts',(-11.6514934276587,57.2311648545224,34.0052520333918));
#8226=CARTESIAN_POINT('Ctrl Pts',(-11.0047704879574,57.2555648005492,35.1961075581341));
#8227=CARTESIAN_POINT('Ctrl Pts',(-8.51982462156734,57.3287651143274,38.4769596907277));
#8228=CARTESIAN_POINT('Ctrl Pts',(-2.1598313697743,57.4507648171919,41.6319661898288));
#8229=CARTESIAN_POINT('Ctrl Pts',(6.26502303964314,57.5971652955116,40.3276683588271));
#8230=CARTESIAN_POINT('Ctrl Pts',(10.3559889109868,57.694764781958,36.3894141146766));
#8231=CARTESIAN_POINT('Ctrl Pts',(11.6500009370491,57.7435648401388,34.0080001114092));
#8232=CARTESIAN_POINT('Ctrl Pts',(11.6500008086373,57.7435648352961,34.0080003477298));
#8233=CARTESIAN_POINT('Ctrl Pts',(10.3559887756639,57.6947647787295,36.389414244948));
#8234=CARTESIAN_POINT('Ctrl Pts',(6.26502294674938,57.5971652938974,40.3276683732085));
#8235=CARTESIAN_POINT('Ctrl Pts',(-2.1598313697743,57.4507648171919,41.6319661898288));
#8236=CARTESIAN_POINT('Ctrl Pts',(-8.51884526959203,57.3287839006131,38.4774455185776));
#8237=CARTESIAN_POINT('Ctrl Pts',(-11.0034949080301,57.255602373373,35.1977914879096));
#8238=CARTESIAN_POINT('Ctrl Pts',(-11.6499993074206,57.2312212133923,34.0080024923916));
#8239=CARTESIAN_POINT('Ctrl Pts',(11.6500008051465,56.3079806257558,21.3472520307171));
#8240=CARTESIAN_POINT('Ctrl Pts',(10.3560114382083,56.3567798275396,18.965879846079));
#8241=CARTESIAN_POINT('Ctrl Pts',(7.28666722294401,56.4299811706222,16.023457196778));
#8242=CARTESIAN_POINT('Ctrl Pts',(0.746195650419034,56.5519793786466,13.9483922652977));
#8243=CARTESIAN_POINT('Ctrl Pts',(-6.26460134658954,56.6739812610183,15.0247863257013));
#8244=CARTESIAN_POINT('Ctrl Pts',(-10.3580259375384,56.771579872523,18.9682478351979));
#8245=CARTESIAN_POINT('Ctrl Pts',(-11.6514952922369,56.8203806767457,21.350003784857));
#8246=CARTESIAN_POINT('Ctrl Pts',(11.6652677542726,56.3179517345618,21.3391637027642));
#8247=CARTESIAN_POINT('Ctrl Pts',(10.3696176801888,56.3667509363456,18.9546576669962));
#8248=CARTESIAN_POINT('Ctrl Pts',(7.29633536887003,56.4399522794282,16.008368918292));
#8249=CARTESIAN_POINT('Ctrl Pts',(0.747351041949613,56.5619504874526,13.9304949810574));
#8250=CARTESIAN_POINT('Ctrl Pts',(-6.27259866186207,56.6839523698242,15.0082082831784));
#8251=CARTESIAN_POINT('Ctrl Pts',(-10.3713957020356,56.781550981329,18.9567438093254));
#8252=CARTESIAN_POINT('Ctrl Pts',(-11.6665901936969,56.8303517855517,21.3415987426439));
#8253=CARTESIAN_POINT('Ctrl Pts',(11.6872254211148,56.3447132470384,21.3277861472548));
#8254=CARTESIAN_POINT('Ctrl Pts',(10.3892552602072,56.3935124488222,18.9388016410705));
#8255=CARTESIAN_POINT('Ctrl Pts',(7.31034139649481,56.4667137919048,15.9869055780405));
#8256=CARTESIAN_POINT('Ctrl Pts',(0.749250722772643,56.5887119999292,13.9049334316219));
#8257=CARTESIAN_POINT('Ctrl Pts',(-6.28381035503549,56.7107138823008,14.9843868729666));
#8258=CARTESIAN_POINT('Ctrl Pts',(-10.3903973390872,56.8083124938056,18.9401321821432));
#8259=CARTESIAN_POINT('Ctrl Pts',(-11.6880860997333,56.8571132980283,21.3293711539119));
#8260=CARTESIAN_POINT('Ctrl Pts',(11.6987637633643,56.3995964265048,21.3226470632572));
#8261=CARTESIAN_POINT('Ctrl Pts',(10.3997445178705,56.4483956282887,18.9313067333083));
#8262=CARTESIAN_POINT('Ctrl Pts',(7.31813201069975,56.5215969713713,15.9763840656361));
#8263=CARTESIAN_POINT('Ctrl Pts',(0.750989058647997,56.6435951793956,13.8919544274645));
#8264=CARTESIAN_POINT('Ctrl Pts',(-6.28881015784536,56.7655970617673,14.9719022019354));
#8265=CARTESIAN_POINT('Ctrl Pts',(-10.3995833494973,56.8631956732721,18.9310874322154));
#8266=CARTESIAN_POINT('Ctrl Pts',(-11.69867744934,56.9119964774948,21.3224887967786));
#8267=CARTESIAN_POINT('Ctrl Pts',(11.6857348584045,56.4493593134832,21.3307482518226));
#8268=CARTESIAN_POINT('Ctrl Pts',(10.388370011844,56.498158515267,18.9420680176509));
#8269=CARTESIAN_POINT('Ctrl Pts',(7.31050696056284,56.5713598583496,15.9903390692334));
#8270=CARTESIAN_POINT('Ctrl Pts',(0.751055438181156,56.6933580663739,13.907859886642));
#8271=CARTESIAN_POINT('Ctrl Pts',(-6.28071896391745,56.8153599487456,14.9860926568691));
#8272=CARTESIAN_POINT('Ctrl Pts',(-10.3870269244152,56.9129585602504,18.9404438064026));
#8273=CARTESIAN_POINT('Ctrl Pts',(-11.6847898994121,56.9617593644731,21.3290093471867));
#8274=CARTESIAN_POINT('Ctrl Pts',(11.6628161020848,56.473686479168,21.343698703806));
#8275=CARTESIAN_POINT('Ctrl Pts',(10.3681069828879,56.5224856809518,18.9597191281718));
#8276=CARTESIAN_POINT('Ctrl Pts',(7.29640934350144,56.5956870240344,16.013717862523));
#8277=CARTESIAN_POINT('Ctrl Pts',(0.750032505999112,56.7176852320587,13.9351613337069));
#8278=CARTESIAN_POINT('Ctrl Pts',(-6.26785605402532,56.8396871144304,15.0110108880312));
#8279=CARTESIAN_POINT('Ctrl Pts',(-10.3661863858404,56.9372857259352,18.9574080975235));
#8280=CARTESIAN_POINT('Ctrl Pts',(-11.6614513835182,56.9860865301579,21.3411870839916));
#8281=CARTESIAN_POINT('Ctrl Pts',(11.6514949266921,56.4811648107724,21.3500024867271));
#8282=CARTESIAN_POINT('Ctrl Pts',(10.3580677794173,56.5299640125563,18.9683248892739));
#8283=CARTESIAN_POINT('Ctrl Pts',(7.28941828355168,56.6031653556389,16.0251777250263));
#8284=CARTESIAN_POINT('Ctrl Pts',(0.749436765252867,56.7251635636632,13.9485688063378));
#8285=CARTESIAN_POINT('Ctrl Pts',(-6.2616141466494,56.8471654460349,15.0233077594102));
#8286=CARTESIAN_POINT('Ctrl Pts',(-10.35596957814,56.9447640575397,18.9658028018028));
#8287=CARTESIAN_POINT('Ctrl Pts',(-11.6500011709978,56.9935648617624,21.3472533286805));
#8288=CARTESIAN_POINT('Ctrl Pts',(-11.6500011709978,56.9935648617624,21.3472533286805));
#8289=CARTESIAN_POINT('Ctrl Pts',(-10.35596957814,56.9447640575397,18.9658028018028));
#8290=CARTESIAN_POINT('Ctrl Pts',(-6.2616141466494,56.8471654460349,15.0233077594102));
#8291=CARTESIAN_POINT('Ctrl Pts',(0.749436765252867,56.7251635636632,13.9485688063378));
#8292=CARTESIAN_POINT('Ctrl Pts',(7.28841109457989,56.6031841439564,16.0248579171498));
#8293=CARTESIAN_POINT('Ctrl Pts',(10.3564924332266,56.5300015904327,18.9668141378138));
#8294=CARTESIAN_POINT('Ctrl Pts',(11.6500006365953,56.4812211756319,21.3472517488054));
#8295=CARTESIAN_POINT('Ctrl Pts',(11.6500009370491,53.2435648401388,34.0080001114092));
#8296=CARTESIAN_POINT('Ctrl Pts',(10.3559889108852,53.1947647819541,36.3894141148635));
#8297=CARTESIAN_POINT('Ctrl Pts',(6.26508666695333,53.0971652833699,40.327702925024));
#8298=CARTESIAN_POINT('Ctrl Pts',(-2.15981546237287,52.9507648168503,41.6319703497643));
#8299=CARTESIAN_POINT('Ctrl Pts',(-8.51980898486944,52.8287651188931,38.4769605958268));
#8300=CARTESIAN_POINT('Ctrl Pts',(-11.0047704879552,52.7555648005492,35.1961075581383));
#8301=CARTESIAN_POINT('Ctrl Pts',(-11.6514934276587,52.7311648545224,34.0052520333918));
#8302=CARTESIAN_POINT('Ctrl Pts',(11.6652678863437,53.2335937313328,34.016088439044));
#8303=CARTESIAN_POINT('Ctrl Pts',(10.369595123955,53.1847936731482,36.4006363486603));
#8304=CARTESIAN_POINT('Ctrl Pts',(6.27343498456634,53.087194174564,40.3441084074724));
#8305=CARTESIAN_POINT('Ctrl Pts',(-2.16244184278579,52.9407937080443,41.650201459749));
#8306=CARTESIAN_POINT('Ctrl Pts',(-8.53076684153169,52.8187940100872,38.4911572485605));
#8307=CARTESIAN_POINT('Ctrl Pts',(-11.0190028341233,52.7455936917433,35.2060620674124));
#8308=CARTESIAN_POINT('Ctrl Pts',(-11.6665883266419,52.7211937457165,34.0136570800529));
#8309=CARTESIAN_POINT('Ctrl Pts',(11.6872251723103,53.2068318138273,34.0274657787346));
#8310=CARTESIAN_POINT('Ctrl Pts',(10.3892322824748,53.1580317556427,36.4164922374102));
#8311=CARTESIAN_POINT('Ctrl Pts',(6.28557417111077,53.0604322570585,40.3674619375318));
#8312=CARTESIAN_POINT('Ctrl Pts',(-2.16595433118866,52.9140317905389,41.6762886784721));
#8313=CARTESIAN_POINT('Ctrl Pts',(-8.54625450192311,52.7920320925817,38.5116025729597));
#8314=CARTESIAN_POINT('Ctrl Pts',(-11.039251236628,52.7188317742378,35.2204814378673));
#8315=CARTESIAN_POINT('Ctrl Pts',(-11.6880838409739,52.694431828211,34.0258844726228));
#8316=CARTESIAN_POINT('Ctrl Pts',(11.6987637326307,53.1519488140816,34.0326049845921));
#8317=CARTESIAN_POINT('Ctrl Pts',(10.3997217398471,53.1031487558969,36.4239873083977));
#8318=CARTESIAN_POINT('Ctrl Pts',(6.29246972869851,53.0055492573128,40.3790048855952));
#8319=CARTESIAN_POINT('Ctrl Pts',(-2.16695934663355,52.8591487907931,41.6896993032033));
#8320=CARTESIAN_POINT('Ctrl Pts',(-8.55353582786565,52.7371490928359,38.5224955874269));
#8321=CARTESIAN_POINT('Ctrl Pts',(-11.0491401484886,52.663948774492,35.2284450904943));
#8322=CARTESIAN_POINT('Ctrl Pts',(-11.6986754096174,52.6395488284653,34.0327669492689));
#8323=CARTESIAN_POINT('Ctrl Pts',(11.685734925118,53.1021859534798,34.0245038498683));
#8324=CARTESIAN_POINT('Ctrl Pts',(10.3883473602462,53.0533858952952,36.4132260311789));
#8325=CARTESIAN_POINT('Ctrl Pts',(6.28609171561952,52.955786396711,40.3639700194132));
#8326=CARTESIAN_POINT('Ctrl Pts',(-2.16352047954331,52.8093859301914,41.673730739041));
#8327=CARTESIAN_POINT('Ctrl Pts',(-8.54296424418465,52.6873862322342,38.5105995466592));
#8328=CARTESIAN_POINT('Ctrl Pts',(-11.0359182489534,52.6141859138903,35.220506703536));
#8329=CARTESIAN_POINT('Ctrl Pts',(-11.6847879596819,52.5897859678635,34.0262464475009));
#8330=CARTESIAN_POINT('Ctrl Pts',(11.6628162340614,53.0778589867266,34.0115534380533));
#8331=CARTESIAN_POINT('Ctrl Pts',(10.3680844430618,53.0290589285419,36.395574878277));
#8332=CARTESIAN_POINT('Ctrl Pts',(6.27405767112673,52.9314594299578,40.3386412742022));
#8333=CARTESIAN_POINT('Ctrl Pts',(-2.15876908921456,52.7850589634381,41.64607752184));
#8334=CARTESIAN_POINT('Ctrl Pts',(-8.52568964661669,52.663059265481,38.4894319619477));
#8335=CARTESIAN_POINT('Ctrl Pts',(-11.0138287716325,52.5898589471371,35.2059357611705));
#8336=CARTESIAN_POINT('Ctrl Pts',(-11.6614495163419,52.5654590011103,34.014068737191));
#8337=CARTESIAN_POINT('Ctrl Pts',(11.6514950585373,53.0703806551221,34.0052496553681));
#8338=CARTESIAN_POINT('Ctrl Pts',(10.35804526191,53.0215805969375,36.3869690769855));
#8339=CARTESIAN_POINT('Ctrl Pts',(6.2680728654352,52.9239810983533,40.3262235391543));
#8340=CARTESIAN_POINT('Ctrl Pts',(-2.15652112355275,52.7775806318336,41.6324798404488));
#8341=CARTESIAN_POINT('Ctrl Pts',(-8.51725928929662,52.6555809338765,38.4789716130157));
#8342=CARTESIAN_POINT('Ctrl Pts',(-11.0029952521255,52.5823806155326,35.1987053052554));
#8343=CARTESIAN_POINT('Ctrl Pts',(-11.6499993056091,52.5579806695058,34.0080024891279));
#8344=CARTESIAN_POINT('Ctrl Pts',(-11.649999305556,52.5579806695078,34.0080024892256));
#8345=CARTESIAN_POINT('Ctrl Pts',(-11.0029952521255,52.5823806155326,35.1987053052554));
#8346=CARTESIAN_POINT('Ctrl Pts',(-8.51725928929662,52.6555809338765,38.4789716130157));
#8347=CARTESIAN_POINT('Ctrl Pts',(-2.15652112355275,52.7775806318336,41.6324798404488));
#8348=CARTESIAN_POINT('Ctrl Pts',(6.26699171682098,52.9239623104257,40.326391174199));
#8349=CARTESIAN_POINT('Ctrl Pts',(10.3564705770644,53.0215430213951,36.3884855655699));
#8350=CARTESIAN_POINT('Ctrl Pts',(11.6500008003801,53.070324291452,34.0080003386614));
#8351=CARTESIAN_POINT('Ctrl Pts',(-11.6500011709978,52.4935648617624,21.3472533286806));
#8352=CARTESIAN_POINT('Ctrl Pts',(-10.35596957814,52.4447640575397,18.9658028018028));
#8353=CARTESIAN_POINT('Ctrl Pts',(-6.26167696043211,52.347165451054,15.0232397585379));
#8354=CARTESIAN_POINT('Ctrl Pts',(0.74944565244771,52.2251635803631,13.9485146288721));
#8355=CARTESIAN_POINT('Ctrl Pts',(7.28945664938228,52.1031653754491,16.025102242157));
#8356=CARTESIAN_POINT('Ctrl Pts',(10.3580677794177,52.0299640125563,18.9683248892745));
#8357=CARTESIAN_POINT('Ctrl Pts',(11.6514949266921,51.9811648107724,21.3500024867271));
#8358=CARTESIAN_POINT('Ctrl Pts',(-11.665268121025,52.4835937529564,21.3391650024286));
#8359=CARTESIAN_POINT('Ctrl Pts',(-10.3695757668375,52.4347929487337,18.9545805213284));
#8360=CARTESIAN_POINT('Ctrl Pts',(-6.27001807045159,52.337194342248,15.0068321891074));
#8361=CARTESIAN_POINT('Ctrl Pts',(0.750228369789081,52.2151924715571,13.9305971772852));
#8362=CARTESIAN_POINT('Ctrl Pts',(7.29880800031514,52.0931942666431,16.0098165468349));
#8363=CARTESIAN_POINT('Ctrl Pts',(10.3714375992803,52.0199929037503,18.9568209636716));
#8364=CARTESIAN_POINT('Ctrl Pts',(11.6665898272157,51.9711937019665,21.3415974428323));
#8365=CARTESIAN_POINT('Ctrl Pts',(-11.6872259924615,52.4568324558379,21.3277873344835));
#8366=CARTESIAN_POINT('Ctrl Pts',(-10.3892134757636,52.4080316516152,18.9387242356473));
#8367=CARTESIAN_POINT('Ctrl Pts',(-6.28215339260692,52.3104330451295,14.9834672151649));
#8368=CARTESIAN_POINT('Ctrl Pts',(0.751125928083723,52.1884311744386,13.9049806349085));
#8369=CARTESIAN_POINT('Ctrl Pts',(7.31196399367513,52.0664329695246,15.9878204603854));
#8370=CARTESIAN_POINT('Ctrl Pts',(10.3904395234263,51.9932316066318,18.9402093702866));
#8371=CARTESIAN_POINT('Ctrl Pts',(11.6880859389323,51.9444324048479,21.3293697436638));
#8372=CARTESIAN_POINT('Ctrl Pts',(-11.6987642181587,52.4019491802237,21.3226483173743));
#8373=CARTESIAN_POINT('Ctrl Pts',(-10.3997025826878,52.3531483760011,18.9312293172975));
#8374=CARTESIAN_POINT('Ctrl Pts',(-6.28904651208647,52.2555497695153,14.9719195459825));
#8375=CARTESIAN_POINT('Ctrl Pts',(0.750810168182982,52.1335478988244,13.8918896594237));
#8376=CARTESIAN_POINT('Ctrl Pts',(7.31801098399927,52.0115496939104,15.9762085410005));
#8377=CARTESIAN_POINT('Ctrl Pts',(10.3996254601911,51.9383483310176,18.9311647528893));
#8378=CARTESIAN_POINT('Ctrl Pts',(11.6986771689884,51.8895491292338,21.3224874478995));
#8379=CARTESIAN_POINT('Ctrl Pts',(-11.6857352592639,52.352186278579,21.3307495335985));
#8380=CARTESIAN_POINT('Ctrl Pts',(-10.3883280767561,52.3033854743563,18.9419907168338));
#8381=CARTESIAN_POINT('Ctrl Pts',(-6.28267197475318,52.2057868678706,14.9869601052758));
#8382=CARTESIAN_POINT('Ctrl Pts',(0.749013618888734,52.0837849971797,13.9076939508679));
#8383=CARTESIAN_POINT('Ctrl Pts',(7.30880480259192,51.9617867922657,15.9891748013801));
#8384=CARTESIAN_POINT('Ctrl Pts',(10.3870689391567,51.8885854293729,18.9405210640019));
#8385=CARTESIAN_POINT('Ctrl Pts',(11.6847895665014,51.8397862275891,21.3290080284992));
#8386=CARTESIAN_POINT('Ctrl Pts',(-11.6628164683319,52.3278590083502,21.3437000031972));
#8387=CARTESIAN_POINT('Ctrl Pts',(-10.3680650998712,52.2790582041275,18.9596419996233));
#8388=CARTESIAN_POINT('Ctrl Pts',(-6.27064825398825,52.1814595976418,15.0122931843374));
#8389=CARTESIAN_POINT('Ctrl Pts',(0.74708023545189,52.0594577269509,13.9349454362422));
#8390=CARTESIAN_POINT('Ctrl Pts',(7.29393439057081,51.9374595220369,16.0120700161006));
#8391=CARTESIAN_POINT('Ctrl Pts',(10.3662282854743,51.8642581591441,18.95748521712));
#8392=CARTESIAN_POINT('Ctrl Pts',(11.6614510169911,51.8154589573603,21.3411857847525));
#8393=CARTESIAN_POINT('Ctrl Pts',(-11.6514952922369,52.3203806767457,21.350003784857));
#8394=CARTESIAN_POINT('Ctrl Pts',(-10.3580259375385,52.2715798725231,18.9682478351979));
#8395=CARTESIAN_POINT('Ctrl Pts',(-6.26466417642385,52.1739812660373,15.0247183396597));
#8396=CARTESIAN_POINT('Ctrl Pts',(0.746204524823661,52.0519793953464,13.9483380857355));
#8397=CARTESIAN_POINT('Ctrl Pts',(7.28670557095388,51.9299811904324,16.0233817048536));
#8398=CARTESIAN_POINT('Ctrl Pts',(10.3560114382086,51.8567798275396,18.9658798460795));
#8399=CARTESIAN_POINT('Ctrl Pts',(11.6500008051465,51.8079806257558,21.3472520307171));
#8400=CARTESIAN_POINT('Ctrl Pts',(11.6500006463002,51.8079806317462,21.3472517383869));
#8401=CARTESIAN_POINT('Ctrl Pts',(10.3560112707513,51.8567798315334,18.9658796855407));
#8402=CARTESIAN_POINT('Ctrl Pts',(7.28670546390151,51.9299811924292,16.0233816708901));
#8403=CARTESIAN_POINT('Ctrl Pts',(0.746204524823661,52.0519793953464,13.9483380857355));
#8404=CARTESIAN_POINT('Ctrl Pts',(-6.26358474037713,52.1739624818862,15.0245526135998));
#8405=CARTESIAN_POINT('Ctrl Pts',(-10.3564502841396,52.2715423053332,18.9667300248202));
#8406=CARTESIAN_POINT('Ctrl Pts',(-11.650001329321,52.3203243242285,21.3472536447149));
#8407=CARTESIAN_POINT('Ctrl Pts',(-12.292425950713,57.2041041324871,32.6467738665226));
#8408=CARTESIAN_POINT('Ctrl Pts',(-11.7308540202832,57.231083693518,34.0359620973563));
#8409=CARTESIAN_POINT('Ctrl Pts',(-9.34480465688356,57.3120223766105,37.9265626531025));
#8410=CARTESIAN_POINT('Ctrl Pts',(-2.41912524026557,57.4469201817648,41.7926343129358));
#8411=CARTESIAN_POINT('Ctrl Pts',(6.9702935471305,57.6087975479499,40.1808185303438));
#8412=CARTESIAN_POINT('Ctrl Pts',(11.169080212981,57.7167157920733,35.4254418468797));
#8413=CARTESIAN_POINT('Ctrl Pts',(12.2922965898453,57.770674914135,32.6470947005213));
#8414=CARTESIAN_POINT('Ctrl Pts',(-12.0782842737036,57.3374465120783,32.5602664868741));
#8415=CARTESIAN_POINT('Ctrl Pts',(-11.5264886910287,57.3644260731092,33.9252541982197));
#8416=CARTESIAN_POINT('Ctrl Pts',(-9.18198600972295,57.4453647562017,37.7480747698829));
#8417=CARTESIAN_POINT('Ctrl Pts',(-2.37692906765442,57.580262561356,41.5467752230927));
#8418=CARTESIAN_POINT('Ctrl Pts',(6.84892912341819,57.7421399275411,39.9629973711973));
#8419=CARTESIAN_POINT('Ctrl Pts',(10.9745578690074,57.8500581716645,35.2904373630962));
#8420=CARTESIAN_POINT('Ctrl Pts',(12.0781976534926,57.9040172937262,32.5604815951693));
#8421=CARTESIAN_POINT('Ctrl Pts',(-11.864142087893,57.4707889198292,32.4737604096893));
#8422=CARTESIAN_POINT('Ctrl Pts',(-11.3221227058714,57.49776848086,33.8145475440814));
#8423=CARTESIAN_POINT('Ctrl Pts',(-9.01916629344777,57.5787071639526,37.56958788474));
#8424=CARTESIAN_POINT('Ctrl Pts',(-2.33473140981396,57.7136049691068,41.3009164057847));
#8425=CARTESIAN_POINT('Ctrl Pts',(6.72756602673369,57.875482335292,39.7451754926326));
#8426=CARTESIAN_POINT('Ctrl Pts',(10.7800363557392,57.9834005794154,35.1554317109858));
#8427=CARTESIAN_POINT('Ctrl Pts',(11.8640992564246,58.0373597014771,32.4738671996768));
#8428=CARTESIAN_POINT('Ctrl Pts',(-11.649999305609,57.6041313624771,32.3872558623022));
#8429=CARTESIAN_POINT('Ctrl Pts',(-11.1177559514603,57.6311109235079,33.7038423523721));
#8430=CARTESIAN_POINT('Ctrl Pts',(-8.85634532251848,57.7120496066005,37.3911021723962));
#8431=CARTESIAN_POINT('Ctrl Pts',(-2.29253200814349,57.8469474117548,41.055057909625));
#8432=CARTESIAN_POINT('Ctrl Pts',(6.6062044888559,58.0088247779399,39.527352770291));
#8433=CARTESIAN_POINT('Ctrl Pts',(10.5855158188138,58.1167430220633,35.0204246876027));
#8434=CARTESIAN_POINT('Ctrl Pts',(11.6500014935846,58.170702144125,32.3872512896494));
#8435=CARTESIAN_POINT('Ctrl Pts',(-11.6499993056046,57.6041313624753,32.3872558623233));
#8436=CARTESIAN_POINT('Ctrl Pts',(-11.1177559514562,57.631110923506,33.7038423523862));
#8437=CARTESIAN_POINT('Ctrl Pts',(-10.3639524084782,57.6580904845367,34.9329289590543));
#8438=CARTESIAN_POINT('Ctrl Pts',(-9.4238291588705,57.6850700455674,35.996583745981));
#8439=CARTESIAN_POINT('Ctrl Pts',(-7.54358265964578,57.7390291676292,38.1238933198451));
#8440=CARTESIAN_POINT('Ctrl Pts',(-4.91805733389499,57.7929882896909,39.5894756147371));
#8441=CARTESIAN_POINT('Ctrl Pts',(-2.12217192151924,57.8469474117526,40.0676492389606));
#8442=CARTESIAN_POINT('Ctrl Pts',(0.67371349085651,57.9009065338143,40.5458228631842));
#8443=CARTESIAN_POINT('Ctrl Pts',(3.63995898985721,57.954865655876,40.0365878167394));
#8444=CARTESIAN_POINT('Ctrl Pts',(6.11790957184733,58.0088247779377,38.6552382728446));
#8445=CARTESIAN_POINT('Ctrl Pts',(8.59586013621819,58.0627838996157,37.2738887387718));
#8446=CARTESIAN_POINT('Ctrl Pts',(10.5855157905224,58.1167430212937,35.0204247196511));
#8447=CARTESIAN_POINT('Ctrl Pts',(11.6500014708813,58.1707021429718,32.3872513458198));
#8448=CARTESIAN_POINT('Ctrl Pts',(12.2924289847699,56.4541039225183,22.7084847809812));
#8449=CARTESIAN_POINT('Ctrl Pts',(11.730857546669,56.4810834938987,21.3192957127231));
#8450=CARTESIAN_POINT('Ctrl Pts',(10.132542771381,56.5350426366594,18.7308576736442));
#8451=CARTESIAN_POINT('Ctrl Pts',(6.58134120164892,56.6159813508005,15.8756676035308));
#8452=CARTESIAN_POINT('Ctrl Pts',(0.848003387878186,56.723899636322,13.8372427326998));
#8453=CARTESIAN_POINT('Ctrl Pts',(-6.96661084200571,56.8587974932238,15.1703065912763));
#8454=CARTESIAN_POINT('Ctrl Pts',(-11.1690826405234,56.9667157787453,19.9298138103524));
#8455=CARTESIAN_POINT('Ctrl Pts',(-12.2922983599657,57.020674921506,22.7081624993099));
#8456=CARTESIAN_POINT('Ctrl Pts',(12.078287216587,56.5874463311903,22.7949920694118));
#8457=CARTESIAN_POINT('Ctrl Pts',(11.5264921196826,56.6144259025706,21.4300035402289));
#8458=CARTESIAN_POINT('Ctrl Pts',(9.95600780881099,56.6683850453314,18.8866599524098));
#8459=CARTESIAN_POINT('Ctrl Pts',(6.46665290588167,56.7493237594725,16.0812188356219));
#8460=CARTESIAN_POINT('Ctrl Pts',(0.8331756656671,56.857242044994,14.0783245923449));
#8461=CARTESIAN_POINT('Ctrl Pts',(-6.84531055302433,56.9921399018957,15.388199673157));
#8462=CARTESIAN_POINT('Ctrl Pts',(-10.9745602081312,57.1000581874172,20.0648182650496));
#8463=CARTESIAN_POINT('Ctrl Pts',(-12.0781993425935,57.154017330178,22.7947755387001));
#8464=CARTESIAN_POINT('Ctrl Pts',(11.8641449396034,56.720788768022,22.8814980553779));
#8465=CARTESIAN_POINT('Ctrl Pts',(11.3221260367938,56.7477683394023,21.5407101227356));
#8466=CARTESIAN_POINT('Ctrl Pts',(9.77947191534166,56.8017274821631,19.0424611516898));
#8467=CARTESIAN_POINT('Ctrl Pts',(6.351963373854,56.8826661963042,16.2867693590411));
#8468=CARTESIAN_POINT('Ctrl Pts',(0.818346485182544,56.9905844818257,14.3194063454049));
#8469=CARTESIAN_POINT('Ctrl Pts',(-6.72401159153523,57.1254823387274,15.6060934740533));
#8470=CARTESIAN_POINT('Ctrl Pts',(-10.7800386064443,57.2334006242489,20.1998238880745));
#8471=CARTESIAN_POINT('Ctrl Pts',(-11.8641008645057,57.2873597670096,22.8813898682315));
#8472=CARTESIAN_POINT('Ctrl Pts',(11.650002066147,56.8541312397507,22.9680025115454));
#8473=CARTESIAN_POINT('Ctrl Pts',(11.1177591846514,56.8811108111311,21.6514152428123));
#8474=CARTESIAN_POINT('Ctrl Pts',(9.60293492958164,56.9350699538918,19.198261082679));
#8475=CARTESIAN_POINT('Ctrl Pts',(6.237272390681,57.0160086680329,16.4923190493711));
#8476=CARTESIAN_POINT('Ctrl Pts',(0.803515592397521,57.1239269535544,14.5604879722062));
#8477=CARTESIAN_POINT('Ctrl Pts',(-6.60271418939664,57.2588248104561,15.823988118254));
#8478=CARTESIAN_POINT('Ctrl Pts',(-10.5855179811002,57.3667430959776,20.334830882373));
#8479=CARTESIAN_POINT('Ctrl Pts',(-11.6500030206457,57.4207022387384,22.9680057122988));
#8480=CARTESIAN_POINT('Ctrl Pts',(11.6500020661505,56.8541312397485,22.968002511544));
#8481=CARTESIAN_POINT('Ctrl Pts',(11.1177591846548,56.8811108111288,21.6514152428105));
#8482=CARTESIAN_POINT('Ctrl Pts',(10.3603470571197,56.9080903825092,20.4248381627434));
#8483=CARTESIAN_POINT('Ctrl Pts',(9.42069723686852,56.9350699538896,19.3605592838251));
#8484=CARTESIAN_POINT('Ctrl Pts',(8.48104741661736,56.9620495252699,18.2962804049068));
#8485=CARTESIAN_POINT('Ctrl Pts',(7.35915990365017,56.9890290966503,17.3942997271373));
#8486=CARTESIAN_POINT('Ctrl Pts',(6.11899654738095,57.0160086680307,16.7018305036068));
#8487=CARTESIAN_POINT('Ctrl Pts',(4.87883319111168,57.042988239411,16.0093612800763));
#8488=CARTESIAN_POINT('Ctrl Pts',(3.52039399154037,57.0699678107914,15.5264035107849));
#8489=CARTESIAN_POINT('Ctrl Pts',(2.12101920637307,57.0969473821718,15.2886650076606));
#8490=CARTESIAN_POINT('Ctrl Pts',(-0.677730363961511,57.1509065249325,14.8131880014119));
#8491=CARTESIAN_POINT('Ctrl Pts',(-3.6402222766801,57.2048656676932,15.3185880598311));
#8492=CARTESIAN_POINT('Ctrl Pts',(-6.11716918096559,57.2588248104539,16.6989987800708));
#8493=CARTESIAN_POINT('Ctrl Pts',(-8.59411608525105,57.3127839532147,18.0794095003106));
#8494=CARTESIAN_POINT('Ctrl Pts',(-10.5855179811034,57.3667430959754,20.3348308823707));
#8495=CARTESIAN_POINT('Ctrl Pts',(-11.6500030206493,57.4207022387361,22.9680057122974));
#8496=CARTESIAN_POINT('Ctrl Pts',(-11.650002752688,52.1308432357647,32.3872473354087));
#8497=CARTESIAN_POINT('Ctrl Pts',(-11.1177601701824,52.1578228065279,33.7038346899713));
#8498=CARTESIAN_POINT('Ctrl Pts',(-8.8563259112015,52.2387615188175,37.3910960030042));
#8499=CARTESIAN_POINT('Ctrl Pts',(-2.29250943666286,52.3736593726334,41.0550626353667));
#8500=CARTESIAN_POINT('Ctrl Pts',(6.60630399130438,52.5355367972125,39.5273934546996));
#8501=CARTESIAN_POINT('Ctrl Pts',(10.5855163466414,52.6434550802653,35.0204243229711));
#8502=CARTESIAN_POINT('Ctrl Pts',(11.6500020784198,52.6974142217916,32.3872498429669));
#8503=CARTESIAN_POINT('Ctrl Pts',(-11.8641005453374,52.2641856786682,32.4738631729331));
#8504=CARTESIAN_POINT('Ctrl Pts',(-11.3220693545372,52.2911652494314,33.8146460962704));
#8505=CARTESIAN_POINT('Ctrl Pts',(-9.01905360454026,52.372103961721,37.569666323948));
#8506=CARTESIAN_POINT('Ctrl Pts',(-2.33458045245616,52.5070018155369,41.3009431495414));
#8507=CARTESIAN_POINT('Ctrl Pts',(6.72778071542526,52.668879240116,39.7451537285535));
#8508=CARTESIAN_POINT('Ctrl Pts',(10.7801071362029,52.7767975231687,35.1553300761795));
#8509=CARTESIAN_POINT('Ctrl Pts',(11.8641449058093,52.8307566646951,32.4737542798763));
#8510=CARTESIAN_POINT('Ctrl Pts',(-12.0781989722144,52.3975280866747,32.5604774959223));
#8511=CARTESIAN_POINT('Ctrl Pts',(-11.526379344177,52.4245076574379,33.9254560596654));
#8512=CARTESIAN_POINT('Ctrl Pts',(-9.18178258123547,52.5054463697274,37.7482355035682));
#8513=CARTESIAN_POINT('Ctrl Pts',(-2.37665321951405,52.6403442235433,41.5468233859109));
#8514=CARTESIAN_POINT('Ctrl Pts',(6.84925590212858,52.8022216481225,39.9629148845955));
#8515=CARTESIAN_POINT('Ctrl Pts',(10.9746969837307,52.9101399311752,35.2902372244486));
#8516=CARTESIAN_POINT('Ctrl Pts',(12.0782871367264,52.9640990727016,32.5602602465836));
#8517=CARTESIAN_POINT('Ctrl Pts',(-12.2922979383757,52.5308704665214,32.6470905287709));
#8518=CARTESIAN_POINT('Ctrl Pts',(-11.7306900188115,52.5578500372846,34.0362647938265));
#8519=CARTESIAN_POINT('Ctrl Pts',(-9.34451265021987,52.6387887495741,37.9268037105251));
#8520=CARTESIAN_POINT('Ctrl Pts',(-2.41872747780437,52.77368660339,41.7927033847403));
#8521=CARTESIAN_POINT('Ctrl Pts',(6.97072977907269,52.9355640279692,40.1806767910695));
#8522=CARTESIAN_POINT('Ctrl Pts',(11.1692860282546,53.0434823110219,35.4251455602512));
#8523=CARTESIAN_POINT('Ctrl Pts',(12.2924288588429,53.0974414525483,32.646767515755));
#8524=CARTESIAN_POINT('Ctrl Pts',(11.6500020784233,52.6974142217939,32.3872498429683));
#8525=CARTESIAN_POINT('Ctrl Pts',(10.5855163466447,52.6434550802675,35.0204243229733));
#8526=CARTESIAN_POINT('Ctrl Pts',(8.59591016897555,52.5894959387411,37.2739088888383));
#8527=CARTESIAN_POINT('Ctrl Pts',(6.11797150881265,52.5355367972148,38.655262701882));
#8528=CARTESIAN_POINT('Ctrl Pts',(3.64003284864975,52.4815776556884,40.0366165149258));
#8529=CARTESIAN_POINT('Ctrl Pts',(0.673761705993095,52.427618514162,40.5458395751483));
#8530=CARTESIAN_POINT('Ctrl Pts',(-2.12213716024336,52.3736593726356,40.0676577787868));
#8531=CARTESIAN_POINT('Ctrl Pts',(-4.91803602647984,52.3197002311093,39.5894759824253));
#8532=CARTESIAN_POINT('Ctrl Pts',(-7.54356261629611,52.2657410895829,38.1238893294799));
#8533=CARTESIAN_POINT('Ctrl Pts',(-9.42382003911556,52.2117819480565,35.9965776393718));
#8534=CARTESIAN_POINT('Ctrl Pts',(-10.3639487505253,52.1848023772933,34.9329217943178));
#8535=CARTESIAN_POINT('Ctrl Pts',(-11.1177601701858,52.1578228065302,33.7038346899731));
#8536=CARTESIAN_POINT('Ctrl Pts',(-11.6500027526915,52.130843235767,32.3872473354102));
#8537=CARTESIAN_POINT('Ctrl Pts',(11.6500014935846,51.3808433167952,22.9680010952219));
#8538=CARTESIAN_POINT('Ctrl Pts',(10.5855158188139,51.4348024388569,20.3348276972685));
#8539=CARTESIAN_POINT('Ctrl Pts',(6.60284149116962,51.5427206829803,15.8239473891667));
#8540=CARTESIAN_POINT('Ctrl Pts',(-0.803489878706789,51.6776184881346,14.5604684076084));
#8541=CARTESIAN_POINT('Ctrl Pts',(-6.23724312914356,51.785536732258,16.4923350738677));
#8542=CARTESIAN_POINT('Ctrl Pts',(-9.60292280391059,51.8664754153505,19.1982622879235));
#8543=CARTESIAN_POINT('Ctrl Pts',(-11.1177559514603,51.9204345374123,21.6514100324991));
#8544=CARTESIAN_POINT('Ctrl Pts',(-11.649999305609,51.9474140984431,22.9679965225691));
#8545=CARTESIAN_POINT('Ctrl Pts',(11.8640993025472,51.5141857881688,22.881385166535));
#8546=CARTESIAN_POINT('Ctrl Pts',(10.7800363976444,51.5681449102305,20.1998206448012));
#8547=CARTESIAN_POINT('Ctrl Pts',(6.72414122627706,51.6760631543539,15.6060519963591));
#8548=CARTESIAN_POINT('Ctrl Pts',(-0.818320305188807,51.8109609595082,14.3193864217408));
#8549=CARTESIAN_POINT('Ctrl Pts',(-6.35193358036845,51.9188792036315,16.2867856784681));
#8550=CARTESIAN_POINT('Ctrl Pts',(-9.77945957257458,51.9998178867241,19.0424623794456));
#8551=CARTESIAN_POINT('Ctrl Pts',(-11.3221227498977,52.0537770087858,21.5407048169408));
#8552=CARTESIAN_POINT('Ctrl Pts',(-11.8641421340253,52.0807565698167,22.8814919565464));
#8553=CARTESIAN_POINT('Ctrl Pts',(12.0781977457381,51.6475282246453,22.7947707523837));
#8554=CARTESIAN_POINT('Ctrl Pts',(10.9745579528182,51.701487346707,20.0648149636071));
#8555=CARTESIAN_POINT('Ctrl Pts',(6.84544252074903,51.8094055908304,15.3881574468752));
#8556=CARTESIAN_POINT('Ctrl Pts',(-0.833149019360307,51.9443033959847,14.0783043096187));
#8557=CARTESIAN_POINT('Ctrl Pts',(-6.46662258044418,52.0522216401081,16.0812354499828));
#8558=CARTESIAN_POINT('Ctrl Pts',(-9.95599524894367,52.1331603232007,18.8866612026774));
#8559=CARTESIAN_POINT('Ctrl Pts',(-11.5264887790809,52.1871194452624,21.4299981389529));
#8560=CARTESIAN_POINT('Ctrl Pts',(-12.0782843659679,52.2140990062932,22.7949858607255));
#8561=CARTESIAN_POINT('Ctrl Pts',(12.2922967282139,51.7808706329621,22.7081576283734));
#8562=CARTESIAN_POINT('Ctrl Pts',(11.1690803386976,51.8348297550239,19.9298104507405));
#8563=CARTESIAN_POINT('Ctrl Pts',(6.96674514272543,51.9427479991472,15.1702636164236));
#8564=CARTESIAN_POINT('Ctrl Pts',(-0.847976275249546,52.0776458043015,13.8372220909153));
#8565=CARTESIAN_POINT('Ctrl Pts',(-6.58131034425608,52.1855640484249,15.8756845128288));
#8566=CARTESIAN_POINT('Ctrl Pts',(-10.1325299944097,52.2665027315175,18.730858946424));
#8567=CARTESIAN_POINT('Ctrl Pts',(-11.7308541523611,52.3204618535792,21.3192902159662));
#8568=CARTESIAN_POINT('Ctrl Pts',(-12.2924260891092,52.34744141461,22.7084784624403));
#8569=CARTESIAN_POINT('Ctrl Pts',(-11.6499993056051,51.947414098445,22.967996522549));
#8570=CARTESIAN_POINT('Ctrl Pts',(-11.1177559514566,51.9204345374142,21.6514100324857));
#8571=CARTESIAN_POINT('Ctrl Pts',(-10.3603393776842,51.8934549763835,20.424836160204));
#8572=CARTESIAN_POINT('Ctrl Pts',(-9.42068447833973,51.8664754153528,19.3605613550555));
#8573=CARTESIAN_POINT('Ctrl Pts',(-8.48102957899085,51.8394958543219,18.296286549902));
#8574=CARTESIAN_POINT('Ctrl Pts',(-7.35913635406818,51.8125162932911,17.3943108118832));
#8575=CARTESIAN_POINT('Ctrl Pts',(-6.11897058530203,51.7855367322602,16.7018396095912));
#8576=CARTESIAN_POINT('Ctrl Pts',(-4.87880481653589,51.7585571712294,16.0093684072993));
#8577=CARTESIAN_POINT('Ctrl Pts',(-3.52036650392629,51.7315776101985,15.5264017407343));
#8578=CARTESIAN_POINT('Ctrl Pts',(-2.12098553752798,51.7045980491677,15.2886558951283));
#8579=CARTESIAN_POINT('Ctrl Pts',(0.677776395268676,51.650638927106,14.8131642039161));
#8580=CARTESIAN_POINT('Ctrl Pts',(3.64030894322016,51.5966798050443,15.3185557965396));
#8581=CARTESIAN_POINT('Ctrl Pts',(6.11724379910728,51.5427206829826,16.6989716698771));
#8582=CARTESIAN_POINT('Ctrl Pts',(8.59417863344139,51.4887615613904,18.079387531203));
#8583=CARTESIAN_POINT('Ctrl Pts',(10.585515784162,51.4348024397982,20.3348276580149));
#8584=CARTESIAN_POINT('Ctrl Pts',(11.6500014658004,51.380843318206,22.9680010264829));
#8585=CARTESIAN_POINT('Origin',(1.69717819935219E-7,44.8779023263593,27.6776261924356));
#8586=CARTESIAN_POINT('Ctrl Pts',(11.6500020784233,58.6974142217939,32.3872498429683));
#8587=CARTESIAN_POINT('Ctrl Pts',(11.117759212534,58.6704346510307,33.7038370829708));
#8588=CARTESIAN_POINT('Ctrl Pts',(10.3603600190292,58.6434550802675,34.9304201002824));
#8589=CARTESIAN_POINT('Ctrl Pts',(9.42072406971994,58.6164755095043,35.9947068519631));
#8590=CARTESIAN_POINT('Ctrl Pts',(8.48108812041067,58.5894959387411,37.0589936036438));
#8591=CARTESIAN_POINT('Ctrl Pts',(7.35921541529694,58.5625163679779,37.9609840896938));
#8592=CARTESIAN_POINT('Ctrl Pts',(6.11905950048719,58.5355367972147,38.6534467973624));
#8593=CARTESIAN_POINT('Ctrl Pts',(4.87890358567741,58.5085572264516,39.3459095050311));
#8594=CARTESIAN_POINT('Ctrl Pts',(3.5204644611716,58.4815776556884,39.8288444343186));
#8595=CARTESIAN_POINT('Ctrl Pts',(2.12110710379605,58.4545980849252,40.0665640837355));
#8596=CARTESIAN_POINT('Ctrl Pts',(-0.677607610954988,58.4006389433988,40.5420033825693));
#8597=CARTESIAN_POINT('Ctrl Pts',(-3.63999525718499,58.3466798018725,40.0365815619211));
#8598=CARTESIAN_POINT('Ctrl Pts',(-6.11697275136624,58.2927206603461,38.6561862274128));
#8599=CARTESIAN_POINT('Ctrl Pts',(-8.59395024554752,58.2387615188197,37.2757908929045));
#8600=CARTESIAN_POINT('Ctrl Pts',(-10.58551758768,58.1848023772933,35.0204220445361));
#8601=CARTESIAN_POINT('Ctrl Pts',(-11.6500027526915,58.130843235767,32.3872473354102));
#8602=CARTESIAN_POINT('Origin',(1.69717819935219E-7,44.8779023263593,27.6776261924356));
#8603=CARTESIAN_POINT('Ctrl Pts',(-11.649999305605,57.947414098445,22.9679965225488));
#8604=CARTESIAN_POINT('Ctrl Pts',(-10.5855125973053,57.8934549763834,20.3348235424161));
#8605=CARTESIAN_POINT('Ctrl Pts',(-8.59597558215019,57.8394958543218,18.0813135194819));
#8606=CARTESIAN_POINT('Ctrl Pts',(-6.11805495522191,57.7855367322602,16.6999553590323));
#8607=CARTESIAN_POINT('Ctrl Pts',(-3.64013432828775,57.7315776101985,15.3185971985794));
#8608=CARTESIAN_POINT('Ctrl Pts',(-0.673830089578149,57.6776184881368,14.8093909006153));
#8609=CARTESIAN_POINT('Ctrl Pts',(2.12208523947845,57.6236593660751,15.2875823387992));
#8610=CARTESIAN_POINT('Ctrl Pts',(4.91800056853508,57.5697002440134,15.7657737769831));
#8611=CARTESIAN_POINT('Ctrl Pts',(7.54352698793869,57.5157411219517,17.2313629513151));
#8612=CARTESIAN_POINT('Ctrl Pts',(9.42379955376751,57.46178199989,19.3586735017645));
#8613=CARTESIAN_POINT('Ctrl Pts',(10.3639358203208,57.4348024393287,20.4223287584785));
#8614=CARTESIAN_POINT('Ctrl Pts',(11.1177586299651,57.4078228787673,21.6514143534639));
#8615=CARTESIAN_POINT('Ctrl Pts',(11.6500014658004,57.380843318206,22.9680010264829));
#8616=CARTESIAN_POINT('Origin',(1.69717819935219E-7,44.8779023263593,27.6776261924356));
#8617=CARTESIAN_POINT('Ctrl Pts',(-11.6499993056046,51.6041313624753,32.3872558623234));
#8618=CARTESIAN_POINT('Ctrl Pts',(-11.1177559514561,51.631110923506,33.7038423523863));
#8619=CARTESIAN_POINT('Ctrl Pts',(-10.3639415423175,51.6580904845367,34.9329283333265));
#8620=CARTESIAN_POINT('Ctrl Pts',(-9.42381085944262,51.6850700455674,35.9965832383253));
#8621=CARTESIAN_POINT('Ctrl Pts',(-7.54354949368351,51.7390291676291,38.1238930483337));
#8622=CARTESIAN_POINT('Ctrl Pts',(-4.91802303297235,51.7929882896909,39.5894785545702));
#8623=CARTESIAN_POINT('Ctrl Pts',(-2.12212128017735,51.8469474117526,40.0676612218508));
#8624=CARTESIAN_POINT('Ctrl Pts',(0.673780472617669,51.9009065338143,40.5458438891314));
#8625=CARTESIAN_POINT('Ctrl Pts',(3.64005751749655,51.954865655876,40.036623717456));
#8626=CARTESIAN_POINT('Ctrl Pts',(6.11799135404642,52.0088247779377,38.6552689170744));
#8627=CARTESIAN_POINT('Ctrl Pts',(8.59592517297705,52.0627838996157,37.2739141265148));
#8628=CARTESIAN_POINT('Ctrl Pts',(10.5855157905234,52.1167430212937,35.0204247196515));
#8629=CARTESIAN_POINT('Ctrl Pts',(11.6500014708813,52.1707021429718,32.3872513458198));
#8630=CARTESIAN_POINT('Origin',(1.69717819935219E-7,44.8779023263593,27.6776261924356));
#8631=CARTESIAN_POINT('Ctrl Pts',(11.6500020661505,50.8541312397485,22.968002511544));
#8632=CARTESIAN_POINT('Ctrl Pts',(11.1177591846548,50.8811108111288,21.6514152428104));
#8633=CARTESIAN_POINT('Ctrl Pts',(10.360341733205,50.9080903825092,20.4248412389473));
#8634=CARTESIAN_POINT('Ctrl Pts',(9.42068546129932,50.9350699538896,19.3605666473327));
#8635=CARTESIAN_POINT('Ctrl Pts',(8.48102918939368,50.96204952527,18.2962920557181));
#8636=CARTESIAN_POINT('Ctrl Pts',(7.35913409703224,50.9890290966503,17.3943168763519));
#8637=CARTESIAN_POINT('Ctrl Pts',(6.11896726100796,51.0160086680307,16.7018443483731));
#8638=CARTESIAN_POINT('Ctrl Pts',(4.87880042498367,51.042988239411,16.0093718203944));
#8639=CARTESIAN_POINT('Ctrl Pts',(3.52036184529653,51.0699678107914,15.526401943803));
#8640=CARTESIAN_POINT('Ctrl Pts',(2.12097844456261,51.0969473821718,15.2886536052265));
#8641=CARTESIAN_POINT('Ctrl Pts',(-0.677788356905193,51.1509065249325,14.8131569280736));
#8642=CARTESIAN_POINT('Ctrl Pts',(-3.64033444256009,51.2048656676932,15.3185464029803));
#8643=CARTESIAN_POINT('Ctrl Pts',(-6.11726684860964,51.258824810454,16.6989648915546));
#8644=CARTESIAN_POINT('Ctrl Pts',(-8.59419925465921,51.3127839532147,18.0793833801289));
#8645=CARTESIAN_POINT('Ctrl Pts',(-10.5855179811034,51.3667430959754,20.3348308823707));
#8646=CARTESIAN_POINT('Ctrl Pts',(-11.6500030206493,51.4207022387362,22.9680057122974));
#8647=CARTESIAN_POINT('Ctrl Pts',(-11.650002752688,58.1308432357647,32.3872473354087));
#8648=CARTESIAN_POINT('Ctrl Pts',(-10.5855175876768,58.1848023772911,35.0204220445338));
#8649=CARTESIAN_POINT('Ctrl Pts',(-6.60238290341299,58.2927206603438,39.5311597412693));
#8650=CARTESIAN_POINT('Ctrl Pts',(0.803586212159763,58.4276185141598,40.7947142928894));
#8651=CARTESIAN_POINT('Ctrl Pts',(6.23734271018125,58.5355367972125,38.8629745757403));
#8652=CARTESIAN_POINT('Ctrl Pts',(9.60296082552143,58.6164755095021,36.1570031175913));
#8653=CARTESIAN_POINT('Ctrl Pts',(11.1177592125306,58.6704346510285,33.703837082969));
#8654=CARTESIAN_POINT('Ctrl Pts',(11.6500020784198,58.6974142217916,32.3872498429669));
#8655=CARTESIAN_POINT('Ctrl Pts',(-11.8641005453374,58.2641856786682,32.4738631729331));
#8656=CARTESIAN_POINT('Ctrl Pts',(-10.780038163737,58.3181448201946,35.1554290196076));
#8657=CARTESIAN_POINT('Ctrl Pts',(-6.72367419100689,58.4260631032473,39.7490524156594));
#8658=CARTESIAN_POINT('Ctrl Pts',(0.818418399430261,58.5609609570632,41.0357949460622));
#8659=CARTESIAN_POINT('Ctrl Pts',(6.35203496117503,58.668879240116,39.0685249792711));
#8660=CARTESIAN_POINT('Ctrl Pts',(9.77949824911636,58.7498179524055,36.3128032319395));
#8661=CARTESIAN_POINT('Ctrl Pts',(11.3221260210061,58.8037770939319,33.8145421780279));
#8662=CARTESIAN_POINT('Ctrl Pts',(11.8641449058093,58.8307566646951,32.4737542798763));
#8663=CARTESIAN_POINT('Ctrl Pts',(-12.0781989722144,58.3975280866747,32.5604774959223));
#8664=CARTESIAN_POINT('Ctrl Pts',(-10.9745597161396,58.451487228201,35.2904346234085));
#8665=CARTESIAN_POINT('Ctrl Pts',(-6.84496703791392,58.5594055112538,39.9669442467961));
#8666=CARTESIAN_POINT('Ctrl Pts',(0.833248874427608,58.6943033650697,41.2768757255054));
#8667=CARTESIAN_POINT('Ctrl Pts',(6.4667257610344,58.8022216481224,39.2740762159001));
#8668=CARTESIAN_POINT('Ctrl Pts',(9.95603458043122,58.883160360412,36.4686046145786));
#8669=CARTESIAN_POINT('Ctrl Pts',(11.5264920602285,58.9371195019384,33.9252487355162));
#8670=CARTESIAN_POINT('Ctrl Pts',(12.0782871367264,58.9640990727016,32.5602602465837));
#8671=CARTESIAN_POINT('Ctrl Pts',(-12.2922979383757,58.5308704665214,32.6470905287709));
#8672=CARTESIAN_POINT('Ctrl Pts',(-11.1690820992473,58.5848296080478,35.4254390588822));
#8673=CARTESIAN_POINT('Ctrl Pts',(-6.96626121228078,58.6927478911005,40.1848353589609));
#8674=CARTESIAN_POINT('Ctrl Pts',(0.848077891175284,58.8276457449164,41.5179566115438));
#8675=CARTESIAN_POINT('Ctrl Pts',(6.58141532464309,58.9355640279692,39.4796281612085));
#8676=CARTESIAN_POINT('Ctrl Pts',(10.1325699808561,59.0165027402587,36.6244070767034));
#8677=CARTESIAN_POINT('Ctrl Pts',(11.7308574435488,59.0704618817851,34.0359565380031));
#8678=CARTESIAN_POINT('Ctrl Pts',(12.2924288588429,59.0974414525483,32.646767515755));
#8679=CARTESIAN_POINT('Ctrl Pts',(-11.649999305556,58.5579806695078,34.0080024892256));
#8680=CARTESIAN_POINT('Ctrl Pts',(-10.3559911986419,58.6067805615594,36.3894081213828));
#8681=CARTESIAN_POINT('Ctrl Pts',(-6.26499384466533,58.7043803274138,40.327659395534));
#8682=CARTESIAN_POINT('Ctrl Pts',(2.15984079494128,58.8507806542177,41.6319640277811));
#8683=CARTESIAN_POINT('Ctrl Pts',(8.51885997890305,58.972761787296,38.4774371199316));
#8684=CARTESIAN_POINT('Ctrl Pts',(11.0034944844574,59.0459430502896,35.1977934274386));
#8685=CARTESIAN_POINT('Ctrl Pts',(11.6500008124221,59.0703242914838,34.0080003473777));
#8686=CARTESIAN_POINT('Ctrl Pts',(11.6500014935846,57.3808433167952,22.9680010952218));
#8687=CARTESIAN_POINT('Ctrl Pts',(11.1177586561992,57.4078228778261,21.6514143962452));
#8688=CARTESIAN_POINT('Ctrl Pts',(8.8562901976378,57.4887615609186,17.9641575384841));
#8689=CARTESIAN_POINT('Ctrl Pts',(2.29247414913081,57.6236593660729,14.3001846026552));
#8690=CARTESIAN_POINT('Ctrl Pts',(-6.6064385669953,57.785536732258,15.8278034965471));
#8691=CARTESIAN_POINT('Ctrl Pts',(-10.5855125973116,57.8934549763814,20.3348235424291));
#8692=CARTESIAN_POINT('Ctrl Pts',(-11.649999305609,57.9474140984431,22.967996522569));
#8693=CARTESIAN_POINT('Ctrl Pts',(11.8640993025472,57.5141857881688,22.881385166535));
#8694=CARTESIAN_POINT('Ctrl Pts',(11.3220678500958,57.5411653491997,21.5406029056681));
#8695=CARTESIAN_POINT('Ctrl Pts',(9.01901726308609,57.6221040322922,17.785587200843));
#8696=CARTESIAN_POINT('Ctrl Pts',(2.33454451907014,57.7570018374465,14.0543039415562));
#8697=CARTESIAN_POINT('Ctrl Pts',(-6.72791779699072,57.9188792036316,15.6100421580085));
#8698=CARTESIAN_POINT('Ctrl Pts',(-10.7801033657701,58.026797447755,20.1999176773352));
#8699=CARTESIAN_POINT('Ctrl Pts',(-11.8641421340253,58.0807565698167,22.8814919565464));
#8700=CARTESIAN_POINT('Ctrl Pts',(12.0781977457381,57.6475282246454,22.7947707523837));
#8701=CARTESIAN_POINT('Ctrl Pts',(11.5263778492781,57.6745077856762,21.4297928579954));
#8702=CARTESIAN_POINT('Ctrl Pts',(9.18174561189819,57.7554464687688,17.6070180045222));
#8703=CARTESIAN_POINT('Ctrl Pts',(2.37661664028456,57.890344273923,13.8084235582581));
#8704=CARTESIAN_POINT('Ctrl Pts',(-6.84939548955031,58.0522216401081,15.3922799372611));
#8705=CARTESIAN_POINT('Ctrl Pts',(-10.9746931921938,58.1601398842315,20.0650104171804));
#8706=CARTESIAN_POINT('Ctrl Pts',(-12.0782843659679,58.2140990062932,22.7949858607255));
#8707=CARTESIAN_POINT('Ctrl Pts',(12.2922967282139,57.7808706329622,22.7081576283734));
#8708=CARTESIAN_POINT('Ctrl Pts',(11.7306885334558,57.807850193993,21.3189840395569));
#8709=CARTESIAN_POINT('Ctrl Pts',(9.34447505300596,57.8887888770856,17.428449780862));
#8710=CARTESIAN_POINT('Ctrl Pts',(2.41869025274057,58.0236866822398,13.5625434124967));
#8711=CARTESIAN_POINT('Ctrl Pts',(-6.97087187233481,58.1855640484249,15.1745169660643));
#8712=CARTESIAN_POINT('Ctrl Pts',(-11.169282215613,58.2934822925483,19.9301019694921));
#8713=CARTESIAN_POINT('Ctrl Pts',(-12.2924260891092,58.34744141461,22.7084784624403));
#8714=CARTESIAN_POINT('Ctrl Pts',(11.6500006463002,57.8079806317463,21.3472517383869));
#8715=CARTESIAN_POINT('Ctrl Pts',(10.3560112708168,57.8567798315333,18.9658796849242));
#8716=CARTESIAN_POINT('Ctrl Pts',(6.26520504237173,57.9543803628717,15.0274837532236));
#8717=CARTESIAN_POINT('Ctrl Pts',(-2.15978090061888,58.1007803383723,13.7232731552497));
#8718=CARTESIAN_POINT('Ctrl Pts',(-8.51881310557043,58.2227619409415,16.8778192374311));
#8719=CARTESIAN_POINT('Ctrl Pts',(-11.003485191304,58.2959427071463,20.1574421178804));
#8720=CARTESIAN_POINT('Ctrl Pts',(-11.6500013415319,58.3203243242393,21.3472536359401));
#8721=CARTESIAN_POINT('Ctrl Pts',(-12.292425950713,51.2041041324871,32.6467738665226));
#8722=CARTESIAN_POINT('Ctrl Pts',(-11.7308540202832,51.231083693518,34.0359620973563));
#8723=CARTESIAN_POINT('Ctrl Pts',(-9.34477026095129,51.3120223766106,37.9265606728698));
#8724=CARTESIAN_POINT('Ctrl Pts',(-2.41908785059525,51.4469201817648,41.792640803774));
#8725=CARTESIAN_POINT('Ctrl Pts',(6.97043079196703,51.6087975479499,40.1808721073203));
#8726=CARTESIAN_POINT('Ctrl Pts',(11.1690802129811,51.7167157920733,35.4254418468796));
#8727=CARTESIAN_POINT('Ctrl Pts',(12.2922965898453,51.770674914135,32.6470947005212));
#8728=CARTESIAN_POINT('Ctrl Pts',(-12.0782842737036,51.3374465120783,32.5602664868741));
#8729=CARTESIAN_POINT('Ctrl Pts',(-11.5264886910286,51.3644260731092,33.9252541982197));
#8730=CARTESIAN_POINT('Ctrl Pts',(-9.18195221294666,51.4453647562017,37.7480728240027));
#8731=CARTESIAN_POINT('Ctrl Pts',(-2.37689232925532,51.580262561356,41.5467816007143));
#8732=CARTESIAN_POINT('Ctrl Pts',(6.84906397779948,51.7421399275411,39.9630500143607));
#8733=CARTESIAN_POINT('Ctrl Pts',(10.9745578690075,51.8500581716645,35.2904373630961));
#8734=CARTESIAN_POINT('Ctrl Pts',(12.0781976534927,51.9040172937262,32.5604815951692));
#8735=CARTESIAN_POINT('Ctrl Pts',(-11.864142087893,51.4707889198292,32.4737604096893));
#8736=CARTESIAN_POINT('Ctrl Pts',(-11.3221227058714,51.4977684808601,33.8145475440814));
#8737=CARTESIAN_POINT('Ctrl Pts',(-9.01913309582177,51.5787071639526,37.5695859732096));
#8738=CARTESIAN_POINT('Ctrl Pts',(-2.3346953226777,51.7136049691069,41.3009226701863));
#8739=CARTESIAN_POINT('Ctrl Pts',(6.72769849067454,51.875482335292,39.7452272019668));
#8740=CARTESIAN_POINT('Ctrl Pts',(10.7800363557393,51.9834005794154,35.1554317109857));
#8741=CARTESIAN_POINT('Ctrl Pts',(11.8640992564246,52.0373597014771,32.4738671996767));
#8742=CARTESIAN_POINT('Ctrl Pts',(-11.649999305609,51.6041313624771,32.3872558623022));
#8743=CARTESIAN_POINT('Ctrl Pts',(-11.1177559514603,51.631110923508,33.7038423523722));
#8744=CARTESIAN_POINT('Ctrl Pts',(-8.85631272403635,51.7120496066005,37.3911002952126));
#8745=CARTESIAN_POINT('Ctrl Pts',(-2.29249657226049,51.8469474117548,41.0550640608026));
#8746=CARTESIAN_POINT('Ctrl Pts',(6.60633456237335,52.0088247779399,39.527403545777));
#8747=CARTESIAN_POINT('Ctrl Pts',(10.5855158188139,52.1167430220633,35.0204246876026));
#8748=CARTESIAN_POINT('Ctrl Pts',(11.6500014935846,52.170702144125,32.3872512896493));
#8749=CARTESIAN_POINT('Ctrl Pts',(11.6500008086373,51.7435648352961,34.0080003477297));
#8750=CARTESIAN_POINT('Ctrl Pts',(10.355988775511,51.6947647787257,36.3894142446306));
#8751=CARTESIAN_POINT('Ctrl Pts',(7.28660548014961,51.6215643305377,39.331663903099));
#8752=CARTESIAN_POINT('Ctrl Pts',(0.746177220112538,51.4995658772661,41.4067682852023));
#8753=CARTESIAN_POINT('Ctrl Pts',(-6.26341459981817,51.3775830286724,40.3305076651765));
#8754=CARTESIAN_POINT('Ctrl Pts',(-10.3564716137251,51.280002319052,36.3884810349987));
#8755=CARTESIAN_POINT('Ctrl Pts',(-11.6499992951493,51.2312212134029,34.0080024835642));
#8756=CARTESIAN_POINT('Ctrl Pts',(12.2924289847699,50.4541039225183,22.7084847809812));
#8757=CARTESIAN_POINT('Ctrl Pts',(11.730857546669,50.4810834938987,21.3192957127231));
#8758=CARTESIAN_POINT('Ctrl Pts',(10.1325315363625,50.5350426366594,18.7308641651364));
#8759=CARTESIAN_POINT('Ctrl Pts',(6.5813059744729,50.6159813508005,15.875691499433));
#8760=CARTESIAN_POINT('Ctrl Pts',(0.847970777633069,50.723899636322,13.8372155291336));
#8761=CARTESIAN_POINT('Ctrl Pts',(-6.9667863517286,50.8587974932238,15.1702514681442));
#8762=CARTESIAN_POINT('Ctrl Pts',(-11.1690826405234,50.9667157787453,19.9298138103524));
#8763=CARTESIAN_POINT('Ctrl Pts',(-12.2922983599657,51.020674921506,22.7081624993099));
#8764=CARTESIAN_POINT('Ctrl Pts',(12.078287216587,50.5874463311903,22.7949920694118));
#8765=CARTESIAN_POINT('Ctrl Pts',(11.5264921196826,50.6144259025706,21.4300035402289));
#8766=CARTESIAN_POINT('Ctrl Pts',(9.95599676952662,50.6683850453314,18.8866663308739));
#8767=CARTESIAN_POINT('Ctrl Pts',(6.46661829243127,50.7493237594725,16.0812423154256));
#8768=CARTESIAN_POINT('Ctrl Pts',(0.833143623357111,50.8572420449939,14.0782978627686));
#8769=CARTESIAN_POINT('Ctrl Pts',(-6.84548300576197,50.9921399018958,15.3881455109249));
#8770=CARTESIAN_POINT('Ctrl Pts',(-10.9745602081312,51.1000581874172,20.0648182650496));
#8771=CARTESIAN_POINT('Ctrl Pts',(-12.0781993425935,51.1540173301779,22.7947755387001));
#8772=CARTESIAN_POINT('Ctrl Pts',(11.8641449396034,50.720788768022,22.8814980553779));
#8773=CARTESIAN_POINT('Ctrl Pts',(11.3221260367937,50.7477683394023,21.5407101227356));
#8774=CARTESIAN_POINT('Ctrl Pts',(9.77946107178714,50.8017274821631,19.0424674171258));
#8775=CARTESIAN_POINT('Ctrl Pts',(6.35192937412507,50.8826661963042,16.2867924227499));
#8776=CARTESIAN_POINT('Ctrl Pts',(0.818315010796317,50.9905844818256,14.3193800898232));
#8777=CARTESIAN_POINT('Ctrl Pts',(-6.72418098730326,51.1254823387274,15.6060402727429));
#8778=CARTESIAN_POINT('Ctrl Pts',(-10.7800386064443,51.2334006242489,20.1998238880745));
#8779=CARTESIAN_POINT('Ctrl Pts',(-11.8641008645057,51.2873597670096,22.8813898682315));
#8780=CARTESIAN_POINT('Ctrl Pts',(11.650002066147,50.8541312397507,22.9680025115454));
#8781=CARTESIAN_POINT('Ctrl Pts',(11.1177591846514,50.8811108111311,21.6514152428123));
#8782=CARTESIAN_POINT('Ctrl Pts',(9.60292428175219,50.9350699538918,19.1982672350868));
#8783=CARTESIAN_POINT('Ctrl Pts',(6.23723900466888,51.0160086680329,16.4923416969891));
#8784=CARTESIAN_POINT('Ctrl Pts',(0.803484685922029,51.1239269535543,14.5604621906242));
#8785=CARTESIAN_POINT('Ctrl Pts',(-6.60288052821307,51.2588248104562,15.8239358778907));
#8786=CARTESIAN_POINT('Ctrl Pts',(-10.5855179811002,51.3667430959776,20.334830882373));
#8787=CARTESIAN_POINT('Ctrl Pts',(-11.6500030206457,51.4207022387384,22.9680057122988));
#8788=CARTESIAN_POINT('Ctrl Pts',(-11.6500011709978,50.9935648617624,21.3472533286806));
#8789=CARTESIAN_POINT('Ctrl Pts',(-11.0029853745689,50.969164459651,20.1565280652417));
#8790=CARTESIAN_POINT('Ctrl Pts',(-8.51721415415831,50.8959649065231,16.8762936796967));
#8791=CARTESIAN_POINT('Ctrl Pts',(-2.1564611189835,50.7739645276767,13.7227581098977));
#8792=CARTESIAN_POINT('Ctrl Pts',(6.26723416276935,50.6275833767374,15.0287264285058));
#8793=CARTESIAN_POINT('Ctrl Pts',(10.3564931198204,50.5300015899315,18.9668082755583));
#8794=CARTESIAN_POINT('Ctrl Pts',(11.6500006383208,50.4812211755815,21.3472517478664));
#8795=CARTESIAN_POINT('Ctrl Pts',(11.6500009370491,59.2435648401388,34.0080001114092));
#8796=CARTESIAN_POINT('Ctrl Pts',(11.0029949239675,59.2191648110465,35.1987071131357));
#8797=CARTESIAN_POINT('Ctrl Pts',(8.51728971787095,59.1459647601575,38.4789622759524));
#8798=CARTESIAN_POINT('Ctrl Pts',(2.15654645761293,59.0239648392343,41.632473524366));
#8799=CARTESIAN_POINT('Ctrl Pts',(-6.26798003287354,58.8775645124304,40.3261800314985));
#8800=CARTESIAN_POINT('Ctrl Pts',(-10.3580475482517,58.779964746576,36.3869630828848));
#8801=CARTESIAN_POINT('Ctrl Pts',(-11.6514934276587,58.7311648545224,34.0052520333917));
#8802=CARTESIAN_POINT('Ctrl Pts',(11.6652678863437,59.2335937313328,34.016088439044));
#8803=CARTESIAN_POINT('Ctrl Pts',(11.0174315051497,59.2091937022405,35.2083623938515));
#8804=CARTESIAN_POINT('Ctrl Pts',(8.52854103864001,59.1359936513516,38.4929278919941));
#8805=CARTESIAN_POINT('Ctrl Pts',(2.15955170798526,59.0139937304283,41.6506465856197));
#8806=CARTESIAN_POINT('Ctrl Pts',(-6.2759847299611,58.8675934036245,40.3427561156562));
#8807=CARTESIAN_POINT('Ctrl Pts',(-10.3714173416047,58.7699936377701,36.3984670547718));
#8808=CARTESIAN_POINT('Ctrl Pts',(-11.6665883266419,58.7211937457165,34.0136570800529));
#8809=CARTESIAN_POINT('Ctrl Pts',(11.6872249653885,59.2068315931821,34.0274656617908));
#8810=CARTESIAN_POINT('Ctrl Pts',(11.0382285204711,59.1824315640897,35.2219788911279));
#8811=CARTESIAN_POINT('Ctrl Pts',(8.54481679552782,59.1092315132008,38.5127510765431));
#8812=CARTESIAN_POINT('Ctrl Pts',(2.16408283756717,58.9872315922776,41.6765756532813));
#8813=CARTESIAN_POINT('Ctrl Pts',(-6.28720044448284,58.8408312654737,40.3665664077199));
#8814=CARTESIAN_POINT('Ctrl Pts',(-10.3904184215531,58.7432314996193,36.4150782931764));
#8815=CARTESIAN_POINT('Ctrl Pts',(-11.688083630245,58.6944316075657,34.0258843626874));
#8816=CARTESIAN_POINT('Ctrl Pts',(11.6987636432007,59.151948690746,34.0326049334745));
#8817=CARTESIAN_POINT('Ctrl Pts',(11.0492426468093,59.1275486616537,35.2282960953766));
#8818=CARTESIAN_POINT('Ctrl Pts',(8.55371415563805,59.0543486107647,38.5223695354229));
#8819=CARTESIAN_POINT('Ctrl Pts',(2.16717567995158,58.9323486898416,41.6896633843483));
#8820=CARTESIAN_POINT('Ctrl Pts',(-6.29220333967844,58.7859483630377,40.3790468301383));
#8821=CARTESIAN_POINT('Ctrl Pts',(-10.3996047958017,58.6883485971833,36.4241231845195));
#8822=CARTESIAN_POINT('Ctrl Pts',(-11.6986753180592,58.6395487051297,34.0327669020688));
#8823=CARTESIAN_POINT('Ctrl Pts',(11.685734887716,59.1021858438598,34.0245038272958));
#8824=CARTESIAN_POINT('Ctrl Pts',(11.0370411052805,59.0777858147675,35.2188649179504));
#8825=CARTESIAN_POINT('Ctrl Pts',(8.54460798409684,59.0045857638786,38.5093178635477));
#8826=CARTESIAN_POINT('Ctrl Pts',(2.16563031134426,58.8825858429554,41.6734021373656));
#8827=CARTESIAN_POINT('Ctrl Pts',(-6.28410922543069,58.7361855161515,40.3648625619681));
#8828=CARTESIAN_POINT('Ctrl Pts',(-10.3870484989316,58.6385857502971,36.4147669404805));
#8829=CARTESIAN_POINT('Ctrl Pts',(-11.6847879203885,58.5897858582435,34.0262464284103));
#8830=CARTESIAN_POINT('Ctrl Pts',(11.6628162340614,59.0778589867266,34.0115534380533));
#8831=CARTESIAN_POINT('Ctrl Pts',(11.015450338562,59.0534589576343,35.2035641581645));
#8832=CARTESIAN_POINT('Ctrl Pts',(8.52804951473465,58.9802589067453,38.487584912427));
#8833=CARTESIAN_POINT('Ctrl Pts',(2.16180417696855,58.8582589858221,41.6456052363636));
#8834=CARTESIAN_POINT('Ctrl Pts',(-6.27123638043475,58.7118586590182,40.3399487128679));
#8835=CARTESIAN_POINT('Ctrl Pts',(-10.3662080269231,58.6142588931638,36.3978027851499));
#8836=CARTESIAN_POINT('Ctrl Pts',(-11.6614495163419,58.5654590011103,34.014068737191));
#8837=CARTESIAN_POINT('Ctrl Pts',(11.6514950585373,59.0703806551221,34.0052496553681));
#8838=CARTESIAN_POINT('Ctrl Pts',(11.004770160224,59.0459806260298,35.1961093661761));
#8839=CARTESIAN_POINT('Ctrl Pts',(8.51983941123867,58.9727805751409,38.4769512516605));
#8840=CARTESIAN_POINT('Ctrl Pts',(2.15984079494128,58.8507806542177,41.6319640277811));
#8841=CARTESIAN_POINT('Ctrl Pts',(-6.26499384466533,58.7043803274138,40.327659395534));
#8842=CARTESIAN_POINT('Ctrl Pts',(-10.3559911986419,58.6067805615594,36.3894081213828));
#8843=CARTESIAN_POINT('Ctrl Pts',(-11.6499993056091,58.5579806695058,34.0080024891279));
#8844=CARTESIAN_POINT('Ctrl Pts',(11.6500008086373,59.2435648352961,34.0080003477298));
#8845=CARTESIAN_POINT('Ctrl Pts',(11.0029948143364,59.219164807818,35.1987072578101));
#8846=CARTESIAN_POINT('Ctrl Pts',(8.5172896337095,59.1459647585433,38.4789623176777));
#8847=CARTESIAN_POINT('Ctrl Pts',(2.15654645761293,59.0239648392343,41.632473524366));
#8848=CARTESIAN_POINT('Ctrl Pts',(-6.26689898070731,58.8775832988145,40.3263476577041));
#8849=CARTESIAN_POINT('Ctrl Pts',(-10.3564729546587,58.7800023191702,36.3884794339043));
#8850=CARTESIAN_POINT('Ctrl Pts',(-11.6499992953595,58.7312212134242,34.008002483678));
#8851=CARTESIAN_POINT('Ctrl Pts',(-11.6500011709978,58.4935648617624,21.3472533286805));
#8852=CARTESIAN_POINT('Ctrl Pts',(-11.0029853745689,58.469164459651,20.1565280652417));
#8853=CARTESIAN_POINT('Ctrl Pts',(-8.51724263903276,58.3959649098773,16.8762939920029));
#8854=CARTESIAN_POINT('Ctrl Pts',(-2.15648655970341,58.2739645233889,13.7227636727246));
#8855=CARTESIAN_POINT('Ctrl Pts',(6.26819137127191,58.1275645458915,15.0289631848568));
#8856=CARTESIAN_POINT('Ctrl Pts',(10.3580677794177,58.0299640125563,18.9683248892745));
#8857=CARTESIAN_POINT('Ctrl Pts',(11.6514949266921,57.9811648107724,21.3500024867271));
#8858=CARTESIAN_POINT('Ctrl Pts',(-11.665268121025,58.4835937529564,21.3391650024286));
#8859=CARTESIAN_POINT('Ctrl Pts',(-11.0174219439313,58.4591933508451,20.1468727618785));
#8860=CARTESIAN_POINT('Ctrl Pts',(-8.52849377127051,58.3859938010713,16.8623293810189));
#8861=CARTESIAN_POINT('Ctrl Pts',(-2.15949168476986,58.2639934145829,13.7045918659693));
#8862=CARTESIAN_POINT('Ctrl Pts',(6.27619602282388,58.1175934370855,15.0123884547078));
#8863=CARTESIAN_POINT('Ctrl Pts',(10.3714375992803,58.0199929037503,18.9568209636716));
#8864=CARTESIAN_POINT('Ctrl Pts',(11.6665898272156,57.9711937019665,21.3415974428323));
#8865=CARTESIAN_POINT('Ctrl Pts',(-11.6872257251812,58.4568321726367,21.3277874855023));
#8866=CARTESIAN_POINT('Ctrl Pts',(-11.0382194668322,58.4324317705253,20.1332559360842));
#8867=CARTESIAN_POINT('Ctrl Pts',(-8.54476987354648,58.3592322207516,16.842505021535));
#8868=CARTESIAN_POINT('Ctrl Pts',(-2.16402279622887,58.2372318342632,13.6786613322471));
#8869=CARTESIAN_POINT('Ctrl Pts',(6.2874125717307,58.0908318567658,14.9885763261019));
#8870=CARTESIAN_POINT('Ctrl Pts',(10.3904392512594,57.9932313234305,18.94020951231));
#8871=CARTESIAN_POINT('Ctrl Pts',(11.6880856667654,57.9444321216467,21.3293698856872));
#8872=CARTESIAN_POINT('Ctrl Pts',(-11.698764104722,58.4019490233738,21.3226483822223));
#8873=CARTESIAN_POINT('Ctrl Pts',(-11.0492332869865,58.3775486212625,20.1269388821839));
#8874=CARTESIAN_POINT('Ctrl Pts',(-8.55366702891718,58.3043490714887,16.8328866021871));
#8875=CARTESIAN_POINT('Ctrl Pts',(-2.16711556801028,58.1823486850004,13.6655735934146));
#8876=CARTESIAN_POINT('Ctrl Pts',(6.29241559910238,58.0359487075029,14.9760957598637));
#8877=CARTESIAN_POINT('Ctrl Pts',(10.3996253440479,57.9383481741677,18.9311648127552));
#8878=CARTESIAN_POINT('Ctrl Pts',(11.6986770528453,57.8895489723839,21.3224875077654));
#8879=CARTESIAN_POINT('Ctrl Pts',(-11.6857352154028,58.352186140923,21.3307495602563));
#8880=CARTESIAN_POINT('Ctrl Pts',(-11.0370316241489,58.3277857388116,20.136370151874));
#8881=CARTESIAN_POINT('Ctrl Pts',(-8.54456078306652,58.2545861890379,16.8459386036865));
#8882=CARTESIAN_POINT('Ctrl Pts',(-2.16557022687546,58.1325858025495,13.6818352689429));
#8883=CARTESIAN_POINT('Ctrl Pts',(6.28432112790984,57.9861858250521,14.9902806174611));
#8884=CARTESIAN_POINT('Ctrl Pts',(10.3870688929204,57.8885852917169,18.9405210862873));
#8885=CARTESIAN_POINT('Ctrl Pts',(11.6847895202651,57.8397860899331,21.3290080507847));
#8886=CARTESIAN_POINT('Ctrl Pts',(-11.6628164683319,58.3278590083502,21.3437000031972));
#8887=CARTESIAN_POINT('Ctrl Pts',(-11.0154407841015,58.3034586062389,20.1516710014103));
#8888=CARTESIAN_POINT('Ctrl Pts',(-8.52800252123829,58.2302590564651,16.867670431421));
#8889=CARTESIAN_POINT('Ctrl Pts',(-2.16174428703196,58.1082586699767,13.7096307617846));
#8890=CARTESIAN_POINT('Ctrl Pts',(6.27144817134241,57.9618586924793,15.0151929672735));
#8891=CARTESIAN_POINT('Ctrl Pts',(10.3662282854742,57.8642581591441,18.95748521712));
#8892=CARTESIAN_POINT('Ctrl Pts',(11.6614510169911,57.8154589573603,21.3411857847524));
#8893=CARTESIAN_POINT('Ctrl Pts',(-11.6514952922369,58.3203806767457,21.350003784857));
#8894=CARTESIAN_POINT('Ctrl Pts',(-11.0047606148877,58.2959802746344,20.1591258100275));
#8895=CARTESIAN_POINT('Ctrl Pts',(-8.51979233148508,58.2227807248606,16.8783050052607));
#8896=CARTESIAN_POINT('Ctrl Pts',(-2.15978090061888,58.1007803383723,13.7232731552497));
#8897=CARTESIAN_POINT('Ctrl Pts',(6.26520515728581,57.9543803608748,15.0274837710127));
#8898=CARTESIAN_POINT('Ctrl Pts',(10.3560114382086,57.8567798275396,18.9658798460795));
#8899=CARTESIAN_POINT('Ctrl Pts',(11.6500008051465,57.8079806257558,21.3472520307171));
#8900=CARTESIAN_POINT('Ctrl Pts',(-11.6500011709978,58.4935648617624,21.3472533286805));
#8901=CARTESIAN_POINT('Ctrl Pts',(-11.0029853745689,58.469164459651,20.1565280652417));
#8902=CARTESIAN_POINT('Ctrl Pts',(-8.51724263903276,58.3959649098773,16.8762939920029));
#8903=CARTESIAN_POINT('Ctrl Pts',(-2.15648655970341,58.2739645233889,13.7227636727246));
#8904=CARTESIAN_POINT('Ctrl Pts',(6.26711017107658,58.1275833344654,15.0287955507729));
#8905=CARTESIAN_POINT('Ctrl Pts',(10.3564930720841,58.0300015899152,18.9668083021701));
#8906=CARTESIAN_POINT('Ctrl Pts',(11.6500006382931,57.9812211755814,21.3472517478815));
#8907=CARTESIAN_POINT('Ctrl Pts',(11.6500009370491,51.7435648401388,34.0080001114092));
#8908=CARTESIAN_POINT('Ctrl Pts',(10.355988910885,51.6947647819541,36.3894141148638));
#8909=CARTESIAN_POINT('Ctrl Pts',(7.28660556668854,51.6215643321519,39.3316638756425));
#8910=CARTESIAN_POINT('Ctrl Pts',(0.746177220112538,51.4995658772661,41.4067682852023));
#8911=CARTESIAN_POINT('Ctrl Pts',(-6.26449414753376,51.3775642420856,40.3303419102048));
#8912=CARTESIAN_POINT('Ctrl Pts',(-10.3580475482517,51.279964746576,36.3869630828849));
#8913=CARTESIAN_POINT('Ctrl Pts',(-11.6514934276587,51.2311648545224,34.0052520333917));
#8914=CARTESIAN_POINT('Ctrl Pts',(11.6652678863437,51.7335937313328,34.016088439044));
#8915=CARTESIAN_POINT('Ctrl Pts',(10.3695951239548,51.6847936731482,36.4006363486606));
#8916=CARTESIAN_POINT('Ctrl Pts',(7.29627383629044,51.6115932233459,39.3467527318756));
#8917=CARTESIAN_POINT('Ctrl Pts',(0.747332537528983,51.4895947684601,41.4246661050619));
#8918=CARTESIAN_POINT('Ctrl Pts',(-6.27249154045421,51.3675931332796,40.3469207020015));
#8919=CARTESIAN_POINT('Ctrl Pts',(-10.3714173416046,51.2699936377701,36.3984670547719));
#8920=CARTESIAN_POINT('Ctrl Pts',(-11.6665883266419,51.2211937457165,34.0136570800529));
#8921=CARTESIAN_POINT('Ctrl Pts',(11.6872252274675,51.7068318725553,34.0274658099053));
#8922=CARTESIAN_POINT('Ctrl Pts',(10.3892323376318,51.6580318143706,36.4164922685813));
#8923=CARTESIAN_POINT('Ctrl Pts',(7.31027945983868,51.5848313645684,39.3682149521749));
#8924=CARTESIAN_POINT('Ctrl Pts',(0.749232175438895,51.4628329096826,41.4502266987474));
#8925=CARTESIAN_POINT('Ctrl Pts',(-6.28370273474347,51.3408312745021,40.3707408664392));
#8926=CARTESIAN_POINT('Ctrl Pts',(-10.3904186884525,51.2432317789925,36.4150784324173));
#8927=CARTESIAN_POINT('Ctrl Pts',(-11.6880838971444,51.1944318869389,34.0258845019282));
#8928=CARTESIAN_POINT('Ctrl Pts',(11.6987637563688,51.6519488468389,34.032604998161));
#8929=CARTESIAN_POINT('Ctrl Pts',(10.399721763585,51.6031487886543,36.4239873219669));
#8930=CARTESIAN_POINT('Ctrl Pts',(7.31807003352301,51.529948338852,39.3787363726886));
#8931=CARTESIAN_POINT('Ctrl Pts',(0.7509705172834,51.4079498839662,41.4632056501));
#8932=CARTESIAN_POINT('Ctrl Pts',(-6.28870248690211,51.2859482487857,40.3832254093502));
#8933=CARTESIAN_POINT('Ctrl Pts',(-10.3996049116631,51.1883487532762,36.4241232442481));
#8934=CARTESIAN_POINT('Ctrl Pts',(-11.6986754339206,51.1395488612226,34.0327669617973));
#8935=CARTESIAN_POINT('Ctrl Pts',(11.6857349348722,51.6021859825094,34.0245038557641));
#8936=CARTESIAN_POINT('Ctrl Pts',(10.3883473700002,51.5533859243247,36.413226037075));
#8937=CARTESIAN_POINT('Ctrl Pts',(7.31044513653796,51.4801854745225,39.3647817756444));
#8938=CARTESIAN_POINT('Ctrl Pts',(0.751036920152751,51.3581870196367,41.4473005251053));
#8939=CARTESIAN_POINT('Ctrl Pts',(-6.28061149906863,51.2361853844562,40.3690353877553));
#8940=CARTESIAN_POINT('Ctrl Pts',(-10.38704854848,51.1385858889466,36.4147669645449));
#8941=CARTESIAN_POINT('Ctrl Pts',(-11.684787969937,51.089785996893,34.0262464524746));
#8942=CARTESIAN_POINT('Ctrl Pts',(11.6628162340614,51.5778589867266,34.0115534380533));
#8943=CARTESIAN_POINT('Ctrl Pts',(10.3680844430617,51.5290589285419,36.3955748782773));
#8944=CARTESIAN_POINT('Ctrl Pts',(7.29634739725952,51.4558584787397,39.3414024114026));
#8945=CARTESIAN_POINT('Ctrl Pts',(0.750014072168582,51.3338600238539,41.4199985287752));
#8946=CARTESIAN_POINT('Ctrl Pts',(-6.26774859359875,51.2118583886734,40.3441163609023));
#8947=CARTESIAN_POINT('Ctrl Pts',(-10.366208026923,51.1142588931639,36.39780278515));
#8948=CARTESIAN_POINT('Ctrl Pts',(-11.6614495163419,51.0654590011103,34.014068737191));
#8949=CARTESIAN_POINT('Ctrl Pts',(11.6514950585373,51.5703806551221,34.0052496553681));
#8950=CARTESIAN_POINT('Ctrl Pts',(10.3580452619098,51.5215805969375,36.3869690769858));
#8951=CARTESIAN_POINT('Ctrl Pts',(7.28935659629828,51.4483801471352,39.3299433619534));
#8952=CARTESIAN_POINT('Ctrl Pts',(0.749418313267037,51.3263816922494,41.4065917485157));
#8953=CARTESIAN_POINT('Ctrl Pts',(-6.26150697690513,51.2043800570689,40.3318204511923));
#8954=CARTESIAN_POINT('Ctrl Pts',(-10.3559911986419,51.1067805615594,36.3894081213829));
#8955=CARTESIAN_POINT('Ctrl Pts',(-11.6499993056091,51.0579806695058,34.0080024891279));
#8956=CARTESIAN_POINT('Ctrl Pts',(-11.649999305556,51.0579806695078,34.0080024892255));
#8957=CARTESIAN_POINT('Ctrl Pts',(-10.3559911986419,51.1067805615594,36.3894081213829));
#8958=CARTESIAN_POINT('Ctrl Pts',(-6.26150697690513,51.2043800570689,40.3318204511923));
#8959=CARTESIAN_POINT('Ctrl Pts',(0.749418313267037,51.3263816922494,41.4065917485157));
#8960=CARTESIAN_POINT('Ctrl Pts',(7.28834945199065,51.4483613594886,39.33026316384));
#8961=CARTESIAN_POINT('Ctrl Pts',(10.3564699550637,51.5215430209375,36.3884796827112));
#8962=CARTESIAN_POINT('Ctrl Pts',(11.6500007986784,51.5703242914011,34.0080003377354));
#8963=CARTESIAN_POINT('Ctrl Pts',(-11.6500011709978,50.9935648617624,21.3472533286806));
#8964=CARTESIAN_POINT('Ctrl Pts',(-11.0029853745689,50.969164459651,20.1565280652417));
#8965=CARTESIAN_POINT('Ctrl Pts',(-8.51721415415831,50.8959649065231,16.8762936796967));
#8966=CARTESIAN_POINT('Ctrl Pts',(-2.1564611189835,50.7739645276767,13.7227581098977));
#8967=CARTESIAN_POINT('Ctrl Pts',(6.26831537561395,50.6275645881684,15.0288940544317));
#8968=CARTESIAN_POINT('Ctrl Pts',(10.3580677794176,50.5299640125563,18.9683248892745));
#8969=CARTESIAN_POINT('Ctrl Pts',(11.6514949266921,50.4811648107724,21.3500024867271));
#8970=CARTESIAN_POINT('Ctrl Pts',(-11.665268121025,50.9835937529564,21.3391650024286));
#8971=CARTESIAN_POINT('Ctrl Pts',(-11.0174219439313,50.9591933508451,20.1468727618785));
#8972=CARTESIAN_POINT('Ctrl Pts',(-8.52846516771078,50.8859937977171,16.8623296544505));
#8973=CARTESIAN_POINT('Ctrl Pts',(-2.15946617829464,50.7639934188708,13.7045870294472));
#8974=CARTESIAN_POINT('Ctrl Pts',(6.27631999150519,50.6175934793624,15.0123201020323));
#8975=CARTESIAN_POINT('Ctrl Pts',(10.3714375992803,50.5199929037503,18.9568209636716));
#8976=CARTESIAN_POINT('Ctrl Pts',(11.6665898272156,50.4711937019665,21.3415974428323));
#8977=CARTESIAN_POINT('Ctrl Pts',(-11.6872260643508,50.9568325318589,21.3277872938677));
#8978=CARTESIAN_POINT('Ctrl Pts',(-11.0382198060018,50.9324321297476,20.1332557444496));
#8979=CARTESIAN_POINT('Ctrl Pts',(-8.54474149740963,50.8592325766196,16.8425045669906));
#8980=CARTESIAN_POINT('Ctrl Pts',(-2.16399730422213,50.7372321977732,13.6786556135184));
#8981=CARTESIAN_POINT('Ctrl Pts',(6.28753705189723,50.5908322582649,14.9885068514371));
#8982=CARTESIAN_POINT('Ctrl Pts',(10.3904395966273,50.4932316826528,18.9402093320855));
#8983=CARTESIAN_POINT('Ctrl Pts',(11.6880860121333,50.444432480869,21.3293697054627));
#8984=CARTESIAN_POINT('Ctrl Pts',(-11.6987642484956,50.9019492222056,21.322648300031));
#8985=CARTESIAN_POINT('Ctrl Pts',(-11.0492334307602,50.8775488200943,20.1269387999926));
#8986=CARTESIAN_POINT('Ctrl Pts',(-8.55363851950101,50.8043492669663,16.8328861895652));
#8987=CARTESIAN_POINT('Ctrl Pts',(-2.16709004155773,50.6823488881199,13.6655679012477));
#8988=CARTESIAN_POINT('Ctrl Pts',(6.29254014940602,50.5359489486116,14.9760262242286));
#8989=CARTESIAN_POINT('Ctrl Pts',(10.3996254912523,50.4383483729995,18.9311647368795));
#8990=CARTESIAN_POINT('Ctrl Pts',(11.6986772000497,50.3895491712157,21.3224874318896));
#8991=CARTESIAN_POINT('Ctrl Pts',(-11.685735270691,50.852186315276,21.3307495266362));
#8992=CARTESIAN_POINT('Ctrl Pts',(-11.0370316794371,50.8277859131646,20.1363701182539));
#8993=CARTESIAN_POINT('Ctrl Pts',(-8.54453222281446,50.7545863600367,16.8459383976779));
#8994=CARTESIAN_POINT('Ctrl Pts',(-2.16554470302369,50.6325859811903,13.681829833736));
#8995=CARTESIAN_POINT('Ctrl Pts',(6.28444546144134,50.4861860416819,14.9902114443736));
#8996=CARTESIAN_POINT('Ctrl Pts',(10.387068951217,50.3885854660698,18.9405210582052));
#8997=CARTESIAN_POINT('Ctrl Pts',(11.6847895785617,50.339786264286,21.3290080227026));
#8998=CARTESIAN_POINT('Ctrl Pts',(-11.6628164683319,50.8278590083502,21.3437000031972));
#8999=CARTESIAN_POINT('Ctrl Pts',(-11.0154407841015,50.8034586062389,20.1516710014103));
#9000=CARTESIAN_POINT('Ctrl Pts',(-8.5279740921502,50.7302590531109,16.8676695747638));
#9001=CARTESIAN_POINT('Ctrl Pts',(-2.16171886351191,50.6082586742645,13.7096245140709));
#9002=CARTESIAN_POINT('Ctrl Pts',(6.27157244878281,50.4618587347562,15.0151229396119));
#9003=CARTESIAN_POINT('Ctrl Pts',(10.3662282854742,50.3642581591441,18.95748521712));
#9004=CARTESIAN_POINT('Ctrl Pts',(11.6614510169911,50.3154589573603,21.3411857847524));
#9005=CARTESIAN_POINT('Ctrl Pts',(-11.6514952922369,50.8203806767457,21.350003784857));
#9006=CARTESIAN_POINT('Ctrl Pts',(-11.0047606148877,50.7959802746344,20.1591258100275));
#9007=CARTESIAN_POINT('Ctrl Pts',(-8.51976384668514,50.7227807215064,16.8783046862299));
#9008=CARTESIAN_POINT('Ctrl Pts',(-2.15975546121292,50.6007803426601,13.723267586417));
#9009=CARTESIAN_POINT('Ctrl Pts',(6.2653291453044,50.4543804031517,15.027414611315));
#9010=CARTESIAN_POINT('Ctrl Pts',(10.3560114382086,50.3567798275396,18.9658798460795));
#9011=CARTESIAN_POINT('Ctrl Pts',(11.6500008051465,50.3079806257558,21.3472520307171));
#9012=CARTESIAN_POINT('Ctrl Pts',(11.6500006463002,50.3079806317462,21.3472517383869));
#9013=CARTESIAN_POINT('Ctrl Pts',(10.3560112708219,50.3567798315333,18.9658796849214));
#9014=CARTESIAN_POINT('Ctrl Pts',(6.26532903038898,50.4543804051485,15.0274145935269));
#9015=CARTESIAN_POINT('Ctrl Pts',(-2.15975546121292,50.6007803426601,13.723267586417));
#9016=CARTESIAN_POINT('Ctrl Pts',(-8.51878462123937,50.7227619375885,16.877818917592));
#9017=CARTESIAN_POINT('Ctrl Pts',(-11.003485176687,50.7959427071446,20.1574421177165));
#9018=CARTESIAN_POINT('Ctrl Pts',(-11.650001341515,50.8203243242393,21.3472536359399));
#9019=CARTESIAN_POINT('Ctrl Pts',(-12.292425950713,58.7041041324871,32.6467738665226));
#9020=CARTESIAN_POINT('Ctrl Pts',(-11.1692820898534,58.7580632545488,35.42515032819));
#9021=CARTESIAN_POINT('Ctrl Pts',(-6.96658190408131,58.8659814986722,40.1846521660771));
#9022=CARTESIAN_POINT('Ctrl Pts',(0.847716012299451,59.0008793038265,41.5179777635616));
#9023=CARTESIAN_POINT('Ctrl Pts',(6.58110490258654,59.1087975479499,39.4798020567369));
#9024=CARTESIAN_POINT('Ctrl Pts',(10.1323331613713,59.1897362310425,36.624675550943));
#9025=CARTESIAN_POINT('Ctrl Pts',(11.7306884014132,59.2436953531042,34.0362682737004));
#9026=CARTESIAN_POINT('Ctrl Pts',(12.2922965898453,59.270674914135,32.6470947005212));
#9027=CARTESIAN_POINT('Ctrl Pts',(-12.0782842737036,58.8374465120783,32.5602664868741));
#9028=CARTESIAN_POINT('Ctrl Pts',(-10.9746931083537,58.89140563414,35.2902419095653));
#9029=CARTESIAN_POINT('Ctrl Pts',(-6.84518025698204,58.9993238782634,39.9668209961737));
#9030=CARTESIAN_POINT('Ctrl Pts',(0.833006047039934,59.1342216834177,41.2768896023523));
#9031=CARTESIAN_POINT('Ctrl Pts',(6.46651689001912,59.2421399275411,39.2741934699215));
#9032=CARTESIAN_POINT('Ctrl Pts',(9.95587477067178,59.3230786106336,36.4687858704173));
#9033=CARTESIAN_POINT('Ctrl Pts',(11.5263777612501,59.3770377326953,33.9254594791327));
#9034=CARTESIAN_POINT('Ctrl Pts',(12.0781976534927,59.4040172937262,32.5604815951692));
#9035=CARTESIAN_POINT('Ctrl Pts',(-11.864142087893,58.9707889198292,32.4737604096893));
#9036=CARTESIAN_POINT('Ctrl Pts',(-10.7801033238498,59.0247480418909,35.1553346784735));
#9037=CARTESIAN_POINT('Ctrl Pts',(-6.72377729969229,59.1326662860143,39.7489905762527));
#9038=CARTESIAN_POINT('Ctrl Pts',(0.818297542133349,59.2675640911686,41.0358013688605));
#9039=CARTESIAN_POINT('Ctrl Pts',(6.35193013002377,59.375482335292,39.0685842036871));
#9040=CARTESIAN_POINT('Ctrl Pts',(9.77941733598446,59.4564210183845,36.3128951325913));
#9041=CARTESIAN_POINT('Ctrl Pts',(11.3220678060819,59.5103801404462,33.8146494553312));
#9042=CARTESIAN_POINT('Ctrl Pts',(11.8640992564246,59.5373597014771,32.4738671996767));
#9043=CARTESIAN_POINT('Ctrl Pts',(-11.649999305609,59.1041313624771,32.3872558623022));
#9044=CARTESIAN_POINT('Ctrl Pts',(-10.5855125973115,59.1580904845388,35.0204288424421));
#9045=CARTESIAN_POINT('Ctrl Pts',(-6.60237280447853,59.2660087286622,39.5311610379929));
#9046=CARTESIAN_POINT('Ctrl Pts',(0.803590752104849,59.4009065338165,40.7947130515962));
#9047=CARTESIAN_POINT('Ctrl Pts',(6.23734484137733,59.5088247779399,38.8629741405951));
#9048=CARTESIAN_POINT('Ctrl Pts',(9.6029610246922,59.5897634610324,36.1570031539518));
#9049=CARTESIAN_POINT('Ctrl Pts',(11.1177586561992,59.6437225830941,33.703837988626));
#9050=CARTESIAN_POINT('Ctrl Pts',(11.6500014935846,59.670702144125,32.3872512896493));
#9051=CARTESIAN_POINT('Ctrl Pts',(-11.6499993056046,59.1041313624753,32.3872558623234));
#9052=CARTESIAN_POINT('Ctrl Pts',(-10.5855125973048,59.1580904845369,35.0204288424557));
#9053=CARTESIAN_POINT('Ctrl Pts',(-8.59394270089141,59.2120496065984,37.2757949402239));
#9054=CARTESIAN_POINT('Ctrl Pts',(-6.1169650413719,59.26600872866,38.6561883918293));
#9055=CARTESIAN_POINT('Ctrl Pts',(-3.63998738184624,59.3199678507217,40.036581843438));
#9056=CARTESIAN_POINT('Ctrl Pts',(-0.67760195921202,59.3739269727834,40.5420026488795));
#9057=CARTESIAN_POINT('Ctrl Pts',(2.12111121142408,59.4278860948451,40.0665632803594));
#9058=CARTESIAN_POINT('Ctrl Pts',(3.52046779674216,59.454865655876,39.8288435960994));
#9059=CARTESIAN_POINT('Ctrl Pts',(4.87890631906063,59.4818452169068,39.345908868349));
#9060=CARTESIAN_POINT('Ctrl Pts',(6.11906161077256,59.5088247779377,38.6534463400331));
#9061=CARTESIAN_POINT('Ctrl Pts',(7.35921690248446,59.5358043389685,37.9609838117172));
#9062=CARTESIAN_POINT('Ctrl Pts',(8.48108896358982,59.5627838999994,37.0589934828357));
#9063=CARTESIAN_POINT('Ctrl Pts',(9.42072440201933,59.5897634610302,35.9947070270634));
#9064=CARTESIAN_POINT('Ctrl Pts',(10.3603598270864,59.6167430216774,34.9304205864262));
#9065=CARTESIAN_POINT('Ctrl Pts',(11.1177586346609,59.6437225823246,33.703838023514));
#9066=CARTESIAN_POINT('Ctrl Pts',(11.6500014708813,59.6707021429718,32.3872513458199));
#9067=CARTESIAN_POINT('Ctrl Pts',(12.2924289847698,57.9541039225183,22.7084847809811));
#9068=CARTESIAN_POINT('Ctrl Pts',(11.1692861085681,58.008063065279,19.9301066444649));
#9069=CARTESIAN_POINT('Ctrl Pts',(6.9708710529403,58.1159813508005,15.1745198637813));
#9070=CARTESIAN_POINT('Ctrl Pts',(-2.41869133597461,58.2778587790827,13.5625427788149));
#9071=CARTESIAN_POINT('Ctrl Pts',(-9.34447852926074,58.4127566359845,17.4284514610602));
#9072=CARTESIAN_POINT('Ctrl Pts',(-11.7306905002445,58.4936953501256,21.3189881548311));
#9073=CARTESIAN_POINT('Ctrl Pts',(-12.2922983599657,58.520674921506,22.7081624993099));
#9074=CARTESIAN_POINT('Ctrl Pts',(12.0782872165869,58.0874463311903,22.7949920694117));
#9075=CARTESIAN_POINT('Ctrl Pts',(10.9746970227782,58.141405473951,20.065015011046));
#9076=CARTESIAN_POINT('Ctrl Pts',(6.84939469004628,58.2493237594725,15.3922827850572));
#9077=CARTESIAN_POINT('Ctrl Pts',(-2.37661769863379,58.4112011877547,13.8084229362409));
#9078=CARTESIAN_POINT('Ctrl Pts',(-9.18174902127016,58.5460990446565,17.6070196559193));
#9079=CARTESIAN_POINT('Ctrl Pts',(-11.5263797753624,58.6270377587976,21.4297969018748));
#9080=CARTESIAN_POINT('Ctrl Pts',(-12.0781993425935,58.6540173301779,22.7947755387001));
#9081=CARTESIAN_POINT('Ctrl Pts',(11.8641449396033,58.220788768022,22.8814980553778));
#9082=CARTESIAN_POINT('Ctrl Pts',(10.7801071339841,58.2747479107827,20.1999221900932));
#9083=CARTESIAN_POINT('Ctrl Pts',(6.72791701737779,58.3826661963042,15.6100449558838));
#9084=CARTESIAN_POINT('Ctrl Pts',(-2.3345455525344,58.5445436245864,14.0543033312036));
#9085=CARTESIAN_POINT('Ctrl Pts',(-9.01902060557486,58.6794414814882,17.7855888234395));
#9086=CARTESIAN_POINT('Ctrl Pts',(-11.322069735475,58.7603801956293,21.540606878153));
#9087=CARTESIAN_POINT('Ctrl Pts',(-11.8641008645057,58.7873597670096,22.8813898682315));
#9088=CARTESIAN_POINT('Ctrl Pts',(11.6500020661469,58.3541312397507,22.9680025115453));
#9089=CARTESIAN_POINT('Ctrl Pts',(10.5855163031558,58.4080903825114,20.3348279740791));
#9090=CARTESIAN_POINT('Ctrl Pts',(6.60643780727415,58.5160086680329,15.8278062445019));
#9091=CARTESIAN_POINT('Ctrl Pts',(-2.29247515770988,58.677886096315,14.3001840039675));
#9092=CARTESIAN_POINT('Ctrl Pts',(-8.85629347324295,58.8127839532169,17.9641591322804));
#9093=CARTESIAN_POINT('Ctrl Pts',(-11.117760500873,58.893722667358,21.6514182973359));
#9094=CARTESIAN_POINT('Ctrl Pts',(-11.6500030206457,58.9207022387384,22.9680057122988));
#9095=CARTESIAN_POINT('Ctrl Pts',(11.6500020661505,58.3541312397485,22.9680025115439));
#9096=CARTESIAN_POINT('Ctrl Pts',(10.585516303159,58.4080903825092,20.3348279740769));
#9097=CARTESIAN_POINT('Ctrl Pts',(8.5959770552176,58.4620495252699,18.0813171092876));
#9098=CARTESIAN_POINT('Ctrl Pts',(6.11805527041576,58.5160086680307,16.6999579701371));
#9099=CARTESIAN_POINT('Ctrl Pts',(3.64013348561391,58.5699678107914,15.3185988309867));
#9100=CARTESIAN_POINT('Ctrl Pts',(0.673829163951671,58.6239269535521,14.8093914174751));
#9101=CARTESIAN_POINT('Ctrl Pts',(-2.12208665998647,58.6778860963128,15.2875827363821));
#9102=CARTESIAN_POINT('Ctrl Pts',(-4.91800248392457,58.7318452390736,15.765774055289));
#9103=CARTESIAN_POINT('Ctrl Pts',(-7.54352981013858,58.7858043818343,17.2313641066146));
#9104=CARTESIAN_POINT('Ctrl Pts',(-9.423802042268,58.8397635245951,19.3586759748594));
#9105=CARTESIAN_POINT('Ctrl Pts',(-10.3639381583327,58.8667430959754,20.4223319089818));
#9106=CARTESIAN_POINT('Ctrl Pts',(-11.1177605008763,58.8937226673558,21.651418297334));
#9107=CARTESIAN_POINT('Ctrl Pts',(-11.6500030206492,58.9207022387362,22.9680057122974));
#9108=CARTESIAN_POINT('Ctrl Pts',(-11.650002752688,50.6308432357647,32.3872473354087));
#9109=CARTESIAN_POINT('Ctrl Pts',(-11.1177601701824,50.6578228065279,33.7038346899713));
#9110=CARTESIAN_POINT('Ctrl Pts',(-8.85631762688451,50.7387615188175,37.3910954675016));
#9111=CARTESIAN_POINT('Ctrl Pts',(-2.29250056162822,50.8736593726334,41.0550641436887));
#9112=CARTESIAN_POINT('Ctrl Pts',(6.60633738918433,51.0355367972125,39.5274065190035));
#9113=CARTESIAN_POINT('Ctrl Pts',(10.5855163466415,51.1434550802653,35.0204243229711));
#9114=CARTESIAN_POINT('Ctrl Pts',(11.6500020784198,51.1974142217916,32.3872498429669));
#9115=CARTESIAN_POINT('Ctrl Pts',(-11.8641005453374,50.7641856786682,32.4738631729331));
#9116=CARTESIAN_POINT('Ctrl Pts',(-11.3220693545372,50.7911652494314,33.8146460962704));
#9117=CARTESIAN_POINT('Ctrl Pts',(-9.01904516796324,50.872103961721,37.5696657785638));
#9118=CARTESIAN_POINT('Ctrl Pts',(-2.33457141429417,51.0070018155369,41.3009446855432));
#9119=CARTESIAN_POINT('Ctrl Pts',(6.7278147272039,51.168879240116,39.7451670328114));
#9120=CARTESIAN_POINT('Ctrl Pts',(10.7801071362029,51.2767975231687,35.1553300761795));
#9121=CARTESIAN_POINT('Ctrl Pts',(11.8641449058093,51.3307566646951,32.4737542798763));
#9122=CARTESIAN_POINT('Ctrl Pts',(-12.0781989722144,50.8975280866747,32.5604774959223));
#9123=CARTESIAN_POINT('Ctrl Pts',(-11.526379344177,50.9245076574379,33.9254560596654));
#9124=CARTESIAN_POINT('Ctrl Pts',(-9.18177399240001,51.0054463697274,37.7482349483032));
#9125=CARTESIAN_POINT('Ctrl Pts',(-2.37664401822711,51.1403442235433,41.5468249495935));
#9126=CARTESIAN_POINT('Ctrl Pts',(6.84929052780168,51.3022216481225,39.9629284288125));
#9127=CARTESIAN_POINT('Ctrl Pts',(10.9746969837307,51.4101399311752,35.2902372244486));
#9128=CARTESIAN_POINT('Ctrl Pts',(12.0782871367264,51.4640990727016,32.5602602465836));
#9129=CARTESIAN_POINT('Ctrl Pts',(-12.2922979383757,51.0308704665214,32.6470905287709));
#9130=CARTESIAN_POINT('Ctrl Pts',(-11.7306900188115,51.0578500372846,34.0362647938265));
#9131=CARTESIAN_POINT('Ctrl Pts',(-9.34450390912744,51.1387887495741,37.9268031453801));
#9132=CARTESIAN_POINT('Ctrl Pts',(-2.41871811339459,51.2736866033901,41.7927049761046));
#9133=CARTESIAN_POINT('Ctrl Pts',(6.97076501863657,51.4355640279692,40.1806905752497));
#9134=CARTESIAN_POINT('Ctrl Pts',(11.1692860282546,51.5434823110219,35.4251455602512));
#9135=CARTESIAN_POINT('Ctrl Pts',(12.2924288588429,51.5974414525483,32.646767515755));
#9136=CARTESIAN_POINT('Ctrl Pts',(11.6500020784234,51.1974142217939,32.3872498429683));
#9137=CARTESIAN_POINT('Ctrl Pts',(10.5855163466447,51.1434550802675,35.0204243229734));
#9138=CARTESIAN_POINT('Ctrl Pts',(8.59592686791554,51.0894959387411,37.2739154209903));
#9139=CARTESIAN_POINT('Ctrl Pts',(6.11799247008174,51.0355367972148,38.655270574113));
#9140=CARTESIAN_POINT('Ctrl Pts',(3.64005807224793,50.9815776556884,40.0366257272357));
#9141=CARTESIAN_POINT('Ctrl Pts',(0.673778755309502,50.927618514162,40.5458449354643));
#9142=CARTESIAN_POINT('Ctrl Pts',(-2.12212431621137,50.8736593726356,40.0676608043409));
#9143=CARTESIAN_POINT('Ctrl Pts',(-4.91802738773225,50.8197002311093,39.5894766732176));
#9144=CARTESIAN_POINT('Ctrl Pts',(-7.54355421383557,50.7657410895829,38.1238892027423));
#9145=CARTESIAN_POINT('Ctrl Pts',(-9.42381539733604,50.7117819480565,35.9965774781254));
#9146=CARTESIAN_POINT('Ctrl Pts',(-10.3639459890863,50.6848023772933,34.932921615817));
#9147=CARTESIAN_POINT('Ctrl Pts',(-11.1177601701858,50.6578228065301,33.7038346899731));
#9148=CARTESIAN_POINT('Ctrl Pts',(-11.6500027526916,50.630843235767,32.3872473354102));
#9149=CARTESIAN_POINT('Ctrl Pts',(11.6500014935846,49.8808433167952,22.9680010952219));
#9150=CARTESIAN_POINT('Ctrl Pts',(10.5855158188138,49.9348024388569,20.3348276972685));
#9151=CARTESIAN_POINT('Ctrl Pts',(6.60288435507935,50.0427206829803,15.8239339640675));
#9152=CARTESIAN_POINT('Ctrl Pts',(-0.803482225409568,50.1776184881346,14.5604617169117));
#9153=CARTESIAN_POINT('Ctrl Pts',(-6.23723465154469,50.285536732258,16.4923410411959));
#9154=CARTESIAN_POINT('Ctrl Pts',(-9.60292022069033,50.3664754153505,19.1982638798425));
#9155=CARTESIAN_POINT('Ctrl Pts',(-11.1177559514603,50.4204345374123,21.6514100324991));
#9156=CARTESIAN_POINT('Ctrl Pts',(-11.649999305609,50.4474140984431,22.9679965225691));
#9157=CARTESIAN_POINT('Ctrl Pts',(11.8640993025472,50.0141857881688,22.881385166535));
#9158=CARTESIAN_POINT('Ctrl Pts',(10.7800363976444,50.0681449102305,20.1998206448012));
#9159=CARTESIAN_POINT('Ctrl Pts',(6.72418487793395,50.1760631543539,15.6060383243083));
#9160=CARTESIAN_POINT('Ctrl Pts',(-0.818312511262726,50.3109609595082,14.319379608036));
#9161=CARTESIAN_POINT('Ctrl Pts',(-6.35192494692949,50.4188792036316,16.2867917554318));
#9162=CARTESIAN_POINT('Ctrl Pts',(-9.77945694186996,50.4998178867241,19.0424640006111));
#9163=CARTESIAN_POINT('Ctrl Pts',(-11.3221227498977,50.5537770087858,21.5407048169408));
#9164=CARTESIAN_POINT('Ctrl Pts',(-11.8641421340253,50.5807565698167,22.8814919565464));
#9165=CARTESIAN_POINT('Ctrl Pts',(12.0781977457381,50.1475282246453,22.7947707523837));
#9166=CARTESIAN_POINT('Ctrl Pts',(10.9745579528182,50.201487346707,20.0648149636071));
#9167=CARTESIAN_POINT('Ctrl Pts',(6.84548696015771,50.3094055908305,15.3881435278795));
#9168=CARTESIAN_POINT('Ctrl Pts',(-0.833141084802038,50.4443033959847,14.0782973729072));
#9169=CARTESIAN_POINT('Ctrl Pts',(-6.46661379116397,50.5522216401081,16.0812416365832));
#9170=CARTESIAN_POINT('Ctrl Pts',(-9.95599257075348,50.6331603232007,18.8866628530895));
#9171=CARTESIAN_POINT('Ctrl Pts',(-11.5264887790809,50.6871194452624,21.4299981389529));
#9172=CARTESIAN_POINT('Ctrl Pts',(-12.0782843659679,50.7140990062932,22.7949858607255));
#9173=CARTESIAN_POINT('Ctrl Pts',(12.2922967282139,50.2808706329622,22.7081576283734));
#9174=CARTESIAN_POINT('Ctrl Pts',(11.1690803386976,50.3348297550239,19.9298104507405));
#9175=CARTESIAN_POINT('Ctrl Pts',(6.96679036988988,50.4427479991473,15.1702494504884));
#9176=CARTESIAN_POINT('Ctrl Pts',(-0.847968200056176,50.5776458043015,13.8372150311981));
#9177=CARTESIAN_POINT('Ctrl Pts',(-6.58130139913357,50.6855640484249,15.8756908090667));
#9178=CARTESIAN_POINT('Ctrl Pts',(-10.1325272687329,50.7665027315175,18.7308606260825));
#9179=CARTESIAN_POINT('Ctrl Pts',(-11.7308541523611,50.8204618535792,21.3192902159662));
#9180=CARTESIAN_POINT('Ctrl Pts',(-12.2924260891092,50.84744141461,22.7084784624403));
#9181=CARTESIAN_POINT('Ctrl Pts',(-11.6499993056051,50.447414098445,22.967996522549));
#9182=CARTESIAN_POINT('Ctrl Pts',(-11.1177559514566,50.4204345374142,21.6514100324857));
#9183=CARTESIAN_POINT('Ctrl Pts',(-10.3603380860741,50.3934549763835,20.4248369561635));
#9184=CARTESIAN_POINT('Ctrl Pts',(-9.4206815585281,50.3664754153528,19.3605632782296));
#9185=CARTESIAN_POINT('Ctrl Pts',(-8.48102503097772,50.3394958543219,18.2962896002907));
#9186=CARTESIAN_POINT('Ctrl Pts',(-7.35912984126217,50.3125162932911,17.3943153207416));
#9187=CARTESIAN_POINT('Ctrl Pts',(-6.1189631931373,50.2855367322602,16.7018432654314));
#9188=CARTESIAN_POINT('Ctrl Pts',(-4.87879654501242,50.2585571712294,16.0093712101213));
#9189=CARTESIAN_POINT('Ctrl Pts',(-3.52035843847821,50.2315776101985,15.5264013790501));
#9190=CARTESIAN_POINT('Ctrl Pts',(-2.12097526208933,50.2045980491677,15.288652974813));
#9191=CARTESIAN_POINT('Ctrl Pts',(0.677791090688429,50.150638927106,14.8131561663389));
#9192=CARTESIAN_POINT('Ctrl Pts',(3.6403377228849,50.0966798050443,15.3185450652014));
#9193=CARTESIAN_POINT('Ctrl Pts',(6.11726890491707,50.0427206829826,16.6989629479332));
#9194=CARTESIAN_POINT('Ctrl Pts',(8.59420006539628,49.9887615613904,18.0793808186534));
#9195=CARTESIAN_POINT('Ctrl Pts',(10.5855157841623,49.9348024397982,20.3348276580148));
#9196=CARTESIAN_POINT('Ctrl Pts',(11.6500014658004,49.880843318206,22.9680010264829));
#9197=CARTESIAN_POINT('Origin',(1.69717819935219E-7,44.8779023263593,27.6776261924356));
#9198=CARTESIAN_POINT('Ctrl Pts',(11.6500020784233,60.1974142217939,32.3872498429683));
#9199=CARTESIAN_POINT('Ctrl Pts',(10.5855163466447,60.1434550802675,35.0204243229734));
#9200=CARTESIAN_POINT('Ctrl Pts',(8.59583068839221,60.0894959387411,37.2738779171923));
#9201=CARTESIAN_POINT('Ctrl Pts',(6.11787141553603,60.0355367972147,38.6552252681855));
#9202=CARTESIAN_POINT('Ctrl Pts',(3.63991214267988,59.9815776556884,40.0365726191787));
#9203=CARTESIAN_POINT('Ctrl Pts',(0.673679255220037,59.927618514162,40.5458137269461));
#9204=CARTESIAN_POINT('Ctrl Pts',(-2.12219968086712,59.8736593726357,40.0676429304513));
#9205=CARTESIAN_POINT('Ctrl Pts',(-4.9180786169543,59.8197002311093,39.5894721339564));
#9206=CARTESIAN_POINT('Ctrl Pts',(-7.54360360166879,59.7657410895829,38.1238894331992));
#9207=CARTESIAN_POINT('Ctrl Pts',(-9.42384263042241,59.7117819480565,35.9965781361257));
#9208=CARTESIAN_POINT('Ctrl Pts',(-10.3639621447992,59.6848023772933,34.932922487589));
#9209=CARTESIAN_POINT('Ctrl Pts',(-11.1177601701858,59.6578228065301,33.7038346899732));
#9210=CARTESIAN_POINT('Ctrl Pts',(-11.6500027526915,59.630843235767,32.3872473354102));
#9211=CARTESIAN_POINT('Origin',(1.69717819935219E-7,44.8779023263593,27.6776261924356));
#9212=CARTESIAN_POINT('Ctrl Pts',(-11.649999305605,59.447414098445,22.9679965225489));
#9213=CARTESIAN_POINT('Ctrl Pts',(-10.5855125973054,59.3934549763834,20.3348235424161));
#9214=CARTESIAN_POINT('Ctrl Pts',(-8.59595799047175,59.3394958543218,18.0813204292499));
#9215=CARTESIAN_POINT('Ctrl Pts',(-6.11803295267183,59.2855367322602,16.6999636601334));
#9216=CARTESIAN_POINT('Ctrl Pts',(-3.64010791486601,59.2315776101985,15.3186068910136));
#9217=CARTESIAN_POINT('Ctrl Pts',(-0.673812446091572,59.1776184881368,14.8093964659476));
#9218=CARTESIAN_POINT('Ctrl Pts',(2.12209843301282,59.1236593660751,15.2875854176119));
#9219=CARTESIAN_POINT('Ctrl Pts',(4.91800931211721,59.0697002440134,15.7657743692761));
#9220=CARTESIAN_POINT('Ctrl Pts',(7.54353560155157,59.0157411219517,17.2313626976706));
#9221=CARTESIAN_POINT('Ctrl Pts',(9.42380432466699,58.96178199989,19.3586732668579));
#9222=CARTESIAN_POINT('Ctrl Pts',(10.3639386698636,58.9348024393287,20.4223285329408));
#9223=CARTESIAN_POINT('Ctrl Pts',(11.1177586299653,58.9078228787673,21.6514143534639));
#9224=CARTESIAN_POINT('Ctrl Pts',(11.6500014658004,58.880843318206,22.968001026483));
#9225=CARTESIAN_POINT('Origin',(1.69717819935219E-7,44.8779023263593,27.6776261924356));
#9226=CARTESIAN_POINT('Ctrl Pts',(-11.6499993056046,50.1041313624753,32.3872558623234));
#9227=CARTESIAN_POINT('Ctrl Pts',(-11.1177559514561,50.131110923506,33.7038423523863));
#9228=CARTESIAN_POINT('Ctrl Pts',(-10.3639387556815,50.1580904845367,34.9329281418143));
#9229=CARTESIAN_POINT('Ctrl Pts',(-9.42380618047158,50.1850700455674,35.9965830567567));
#9230=CARTESIAN_POINT('Ctrl Pts',(-7.54354103004233,50.2390291676291,38.1238928866522));
#9231=CARTESIAN_POINT('Ctrl Pts',(-4.91801436186439,50.2929882896909,39.5894792185984));
#9232=CARTESIAN_POINT('Ctrl Pts',(-2.12210833484538,50.3469474117526,40.0676642632726));
#9233=CARTESIAN_POINT('Ctrl Pts',(0.673797692173669,50.4009065338143,40.5458493079468));
#9234=CARTESIAN_POINT('Ctrl Pts',(3.64008307803379,50.454865655876,40.0366330653489));
#9235=CARTESIAN_POINT('Ctrl Pts',(6.11801260969465,50.5088247779377,38.6552769102634));
#9236=CARTESIAN_POINT('Ctrl Pts',(8.59594212373634,50.5627838996157,37.273920765));
#9237=CARTESIAN_POINT('Ctrl Pts',(10.5855157905236,50.6167430212937,35.0204247196515));
#9238=CARTESIAN_POINT('Ctrl Pts',(11.6500014708813,50.6707021429718,32.3872513458197));
#9239=CARTESIAN_POINT('Origin',(1.69717819935219E-7,44.8779023263593,27.6776261924356));
#9240=CARTESIAN_POINT('Ctrl Pts',(11.6500020661505,49.3541312397485,22.968002511544));
#9241=CARTESIAN_POINT('Ctrl Pts',(11.1177591846548,49.3811108111288,21.6514152428105));
#9242=CARTESIAN_POINT('Ctrl Pts',(10.363918784623,49.4080903825092,20.4223307863725));
#9243=CARTESIAN_POINT('Ctrl Pts',(9.4237705827335,49.4350699538896,19.3586753820431));
#9244=CARTESIAN_POINT('Ctrl Pts',(7.54347417895445,49.4890290966503,17.2313645733844));
#9245=CARTESIAN_POINT('Ctrl Pts',(4.91794656774443,49.542988239411,15.7657699731603));
#9246=CARTESIAN_POINT('Ctrl Pts',(2.1220020940341,49.5969473821718,15.287563363366));
#9247=CARTESIAN_POINT('Ctrl Pts',(-0.673942379676251,49.6509065249325,14.8093567535717));
#9248=CARTESIAN_POINT('Ctrl Pts',(-3.64030371588691,49.7048656676932,15.3185381342071));
#9249=CARTESIAN_POINT('Ctrl Pts',(-6.11819761624373,49.7588248104539,16.6999066664069));
#9250=CARTESIAN_POINT('Ctrl Pts',(-8.59609151660052,49.8127839532147,18.0812751986067));
#9251=CARTESIAN_POINT('Ctrl Pts',(-10.5855179811035,49.8667430959754,20.3348308823708));
#9252=CARTESIAN_POINT('Ctrl Pts',(-11.6500030206493,49.9207022387361,22.9680057122975));
#9253=CARTESIAN_POINT('Ctrl Pts',(-11.650002752688,59.6308432357647,32.3872473354087));
#9254=CARTESIAN_POINT('Ctrl Pts',(-11.1177601701824,59.6578228065279,33.7038346899713));
#9255=CARTESIAN_POINT('Ctrl Pts',(-8.85636609402331,59.7387615188175,37.3910980828176));
#9256=CARTESIAN_POINT('Ctrl Pts',(-2.29255363223913,59.8736593726334,41.0550548347095));
#9257=CARTESIAN_POINT('Ctrl Pts',(6.60614503013772,60.0355367972125,39.5273315114076));
#9258=CARTESIAN_POINT('Ctrl Pts',(10.5855163466414,60.1434550802653,35.0204243229711));
#9259=CARTESIAN_POINT('Ctrl Pts',(11.6500020784198,60.1974142217916,32.3872498429669));
#9260=CARTESIAN_POINT('Ctrl Pts',(-11.8641005453374,59.7641856786682,32.4738631729331));
#9261=CARTESIAN_POINT('Ctrl Pts',(-11.3220693545372,59.7911652494314,33.8146460962703));
#9262=CARTESIAN_POINT('Ctrl Pts',(-9.01909452589703,59.872103961721,37.5696684421782));
#9263=CARTESIAN_POINT('Ctrl Pts',(-2.3346254603692,60.0070018155369,41.3009352057236));
#9264=CARTESIAN_POINT('Ctrl Pts',(6.72761883233604,60.168879240116,39.7450906475426));
#9265=CARTESIAN_POINT('Ctrl Pts',(10.7801071362029,60.2767975231687,35.1553300761795));
#9266=CARTESIAN_POINT('Ctrl Pts',(11.8641449058093,60.3307566646951,32.4737542798763));
#9267=CARTESIAN_POINT('Ctrl Pts',(-12.0781989722144,59.8975280866747,32.5604774959223));
#9268=CARTESIAN_POINT('Ctrl Pts',(-11.526379344177,59.9245076574378,33.9254560596654));
#9269=CARTESIAN_POINT('Ctrl Pts',(-9.18182424111931,60.0054463697274,37.7482376602112));
#9270=CARTESIAN_POINT('Ctrl Pts',(-2.37669903975218,60.1403442235433,41.5468152989272));
#9271=CARTESIAN_POINT('Ctrl Pts',(6.84909109713706,60.3022216481224,39.9628506658421));
#9272=CARTESIAN_POINT('Ctrl Pts',(10.9746969837306,60.4101399311752,35.2902372244487));
#9273=CARTESIAN_POINT('Ctrl Pts',(12.0782871367264,60.4640990727016,32.5602602465837));
#9274=CARTESIAN_POINT('Ctrl Pts',(-12.2922979383757,60.0308704665214,32.6470905287709));
#9275=CARTESIAN_POINT('Ctrl Pts',(-11.7306900188115,60.0578500372846,34.0362647938265));
#9276=CARTESIAN_POINT('Ctrl Pts',(-9.3445550486239,60.1387887495741,37.9268059055775));
#9277=CARTESIAN_POINT('Ctrl Pts',(-2.4187741103573,60.2736866033901,41.7926951545861));
#9278=CARTESIAN_POINT('Ctrl Pts',(6.97056205219648,60.4355640279692,40.1806114345532));
#9279=CARTESIAN_POINT('Ctrl Pts',(11.1692860282546,60.5434823110219,35.4251455602512));
#9280=CARTESIAN_POINT('Ctrl Pts',(12.2924288588429,60.5974414525483,32.646767515755));
#9281=CARTESIAN_POINT('Ctrl Pts',(-11.649999305556,60.0579806695078,34.0080024892256));
#9282=CARTESIAN_POINT('Ctrl Pts',(-10.3559911986419,60.1067805615594,36.3894081213828));
#9283=CARTESIAN_POINT('Ctrl Pts',(-7.28653542823316,60.1799812479313,39.3315335608623));
#9284=CARTESIAN_POINT('Ctrl Pts',(-0.746158271541336,60.3019795855213,41.4066696017401));
#9285=CARTESIAN_POINT('Ctrl Pts',(6.26332269246999,60.4239626018568,40.3303812443455));
#9286=CARTESIAN_POINT('Ctrl Pts',(10.3564691649308,60.5215430215214,36.3884871013781));
#9287=CARTESIAN_POINT('Ctrl Pts',(11.6500008001223,60.5703242914731,34.0080003385217));
#9288=CARTESIAN_POINT('Ctrl Pts',(11.6500014935846,58.8808433167952,22.9680010952219));
#9289=CARTESIAN_POINT('Ctrl Pts',(11.1177586561993,58.9078228778261,21.6514143962452));
#9290=CARTESIAN_POINT('Ctrl Pts',(8.85629874626604,58.9887615609186,17.9641568618708));
#9291=CARTESIAN_POINT('Ctrl Pts',(2.29248302268223,59.1236593660729,14.3001860408858));
#9292=CARTESIAN_POINT('Ctrl Pts',(-6.6064033836383,59.285536732258,15.8278173160832));
#9293=CARTESIAN_POINT('Ctrl Pts',(-10.5855125973115,59.3934549763814,20.334823542429));
#9294=CARTESIAN_POINT('Ctrl Pts',(-11.649999305609,59.4474140984431,22.967996522569));
#9295=CARTESIAN_POINT('Ctrl Pts',(11.8640993025472,59.0141857881688,22.8813851665351));
#9296=CARTESIAN_POINT('Ctrl Pts',(11.3220678500958,59.0411653491996,21.5406029056682));
#9297=CARTESIAN_POINT('Ctrl Pts',(9.01902596883169,59.1221040322922,17.7855865117533));
#9298=CARTESIAN_POINT('Ctrl Pts',(2.33455355572142,59.2570018374465,14.0543054061782));
#9299=CARTESIAN_POINT('Ctrl Pts',(-6.72788196691514,59.4188792036316,15.6100562313708));
#9300=CARTESIAN_POINT('Ctrl Pts',(-10.78010336577,59.526797447755,20.1999176773351));
#9301=CARTESIAN_POINT('Ctrl Pts',(-11.8641421340252,59.5807565698167,22.8814919565463));
#9302=CARTESIAN_POINT('Ctrl Pts',(12.0781977457382,59.1475282246453,22.7947707523838));
#9303=CARTESIAN_POINT('Ctrl Pts',(11.5263778492782,59.1745077856762,21.4297928579955));
#9304=CARTESIAN_POINT('Ctrl Pts',(9.18175447475945,59.2554464687688,17.607017302957));
#9305=CARTESIAN_POINT('Ctrl Pts',(2.37662584003324,59.390344273923,13.8084250492728));
#9306=CARTESIAN_POINT('Ctrl Pts',(-6.84935901276059,59.5522216401081,15.3922942644549));
#9307=CARTESIAN_POINT('Ctrl Pts',(-10.9746931921938,59.6601398842315,20.0650104171803));
#9308=CARTESIAN_POINT('Ctrl Pts',(-12.0782843659679,59.7140990062932,22.7949858607254));
#9309=CARTESIAN_POINT('Ctrl Pts',(12.2922967282139,59.2808706329621,22.7081576283735));
#9310=CARTESIAN_POINT('Ctrl Pts',(11.7306885334558,59.307850193993,21.318984039557));
#9311=CARTESIAN_POINT('Ctrl Pts',(9.34448407298141,59.3887888770856,17.428449066822));
#9312=CARTESIAN_POINT('Ctrl Pts',(2.41869961558447,59.5236866822398,13.5625449299048));
#9313=CARTESIAN_POINT('Ctrl Pts',(-6.97083474883479,59.685564048425,15.174531547094));
#9314=CARTESIAN_POINT('Ctrl Pts',(-11.1692822156129,59.7934822925483,19.930101969492));
#9315=CARTESIAN_POINT('Ctrl Pts',(-12.2924260891091,59.84744141461,22.7084784624402));
#9316=CARTESIAN_POINT('Ctrl Pts',(11.6500006463002,59.3079806317462,21.3472517383869));
#9317=CARTESIAN_POINT('Ctrl Pts',(10.3560112708158,59.3567798315333,18.9658796849247));
#9318=CARTESIAN_POINT('Ctrl Pts',(6.26518153325548,59.454380354884,15.0274968185494));
#9319=CARTESIAN_POINT('Ctrl Pts',(-2.1597860879353,59.6007803374657,13.7232743837156));
#9320=CARTESIAN_POINT('Ctrl Pts',(-8.51881862817422,59.7227619415025,16.8778193949157));
#9321=CARTESIAN_POINT('Ctrl Pts',(-11.003485194138,59.7959427071466,20.1574421179611));
#9322=CARTESIAN_POINT('Ctrl Pts',(-11.6500013415351,59.8203243242393,21.3472536359402));
#9323=CARTESIAN_POINT('Ctrl Pts',(-12.292425950713,49.7041041324871,32.6467738665226));
#9324=CARTESIAN_POINT('Ctrl Pts',(-11.7308540202832,49.731083693518,34.0359620973563));
#9325=CARTESIAN_POINT('Ctrl Pts',(-9.34476144008466,49.8120223766105,37.9265600667713));
#9326=CARTESIAN_POINT('Ctrl Pts',(-2.41907848249202,49.9469201817648,41.7926423757777));
#9327=CARTESIAN_POINT('Ctrl Pts',(6.97046656257109,50.1087975479499,40.1808861168337));
#9328=CARTESIAN_POINT('Ctrl Pts',(11.1690802129811,50.2167157920733,35.4254418468796));
#9329=CARTESIAN_POINT('Ctrl Pts',(12.2922965898453,50.270674914135,32.6470947005212));
#9330=CARTESIAN_POINT('Ctrl Pts',(-12.0782842737036,49.8374465120783,32.5602664868741));
#9331=CARTESIAN_POINT('Ctrl Pts',(-11.5264886910286,49.8644260731092,33.9252541982197));
#9332=CARTESIAN_POINT('Ctrl Pts',(-9.18194354573451,49.9453647562017,37.7480722284255));
#9333=CARTESIAN_POINT('Ctrl Pts',(-2.37688312433048,50.080262561356,41.5467831452969));
#9334=CARTESIAN_POINT('Ctrl Pts',(6.849099125371,50.2421399275411,39.9630637796974));
#9335=CARTESIAN_POINT('Ctrl Pts',(10.9745578690075,50.3500581716645,35.2904373630961));
#9336=CARTESIAN_POINT('Ctrl Pts',(12.0781976534927,50.4040172937262,32.5604815951692));
#9337=CARTESIAN_POINT('Ctrl Pts',(-11.864142087893,49.9707889198292,32.4737604096893));
#9338=CARTESIAN_POINT('Ctrl Pts',(-11.3221227058714,49.9977684808601,33.8145475440814));
#9339=CARTESIAN_POINT('Ctrl Pts',(-9.01912458226265,50.0787071639526,37.5695853881532));
#9340=CARTESIAN_POINT('Ctrl Pts',(-2.33468628092911,50.2136049691068,41.3009241873471));
#9341=CARTESIAN_POINT('Ctrl Pts',(6.72773301521736,50.375482335292,39.7452407231228));
#9342=CARTESIAN_POINT('Ctrl Pts',(10.7800363557393,50.4834005794154,35.1554317109857));
#9343=CARTESIAN_POINT('Ctrl Pts',(11.8640992564246,50.5373597014771,32.4738671996767));
#9344=CARTESIAN_POINT('Ctrl Pts',(-11.649999305609,50.1041313624771,32.3872558623022));
#9345=CARTESIAN_POINT('Ctrl Pts',(-11.1177559514603,50.131110923508,33.7038423523722));
#9346=CARTESIAN_POINT('Ctrl Pts',(-8.8563043641286,50.2120496066005,37.3910997206761));
#9347=CARTESIAN_POINT('Ctrl Pts',(-2.29248769368569,50.3469474117548,41.0550655505406));
#9348=CARTESIAN_POINT('Ctrl Pts',(6.60636846389188,50.5088247779399,39.5274168227474));
#9349=CARTESIAN_POINT('Ctrl Pts',(10.5855158188139,50.6167430220633,35.0204246876026));
#9350=CARTESIAN_POINT('Ctrl Pts',(11.6500014935846,50.670702144125,32.3872512896493));
#9351=CARTESIAN_POINT('Ctrl Pts',(11.6500008086373,50.2435648352961,34.0080003477298));
#9352=CARTESIAN_POINT('Ctrl Pts',(10.3559887754465,50.1947647787257,36.3894142452735));
#9353=CARTESIAN_POINT('Ctrl Pts',(6.26153346826888,50.0971655604963,40.3318383653698));
#9354=CARTESIAN_POINT('Ctrl Pts',(-0.749416588344054,49.9751637945928,41.4066082269255));
#9355=CARTESIAN_POINT('Ctrl Pts',(-7.28835337658991,49.8531842401807,39.3302900862416));
#9356=CARTESIAN_POINT('Ctrl Pts',(-10.3564723701229,49.7800023196571,36.3884735828666));
#9357=CARTESIAN_POINT('Ctrl Pts',(-11.6499992936824,49.7312212134751,34.0080024827654));
#9358=CARTESIAN_POINT('Ctrl Pts',(12.2924289847699,48.9541039225183,22.7084847809812));
#9359=CARTESIAN_POINT('Ctrl Pts',(11.730857546669,48.9810834938987,21.3192957127231));
#9360=CARTESIAN_POINT('Ctrl Pts',(9.34469148814009,49.0620222080398,17.4287019174771));
#9361=CARTESIAN_POINT('Ctrl Pts',(2.41900596434313,49.1969200649416,13.5625977539172));
#9362=CARTESIAN_POINT('Ctrl Pts',(-6.97077960064024,49.3587974932238,15.1742436754468));
#9363=CARTESIAN_POINT('Ctrl Pts',(-11.1690826405235,49.4667157787453,19.9298138103525));
#9364=CARTESIAN_POINT('Ctrl Pts',(-12.2922983599657,49.520674921506,22.70816249931));
#9365=CARTESIAN_POINT('Ctrl Pts',(12.078287216587,49.0874463311903,22.7949920694118));
#9366=CARTESIAN_POINT('Ctrl Pts',(11.5264921196826,49.1144259025706,21.4300035402289));
#9367=CARTESIAN_POINT('Ctrl Pts',(9.18187478459385,49.1953646167117,17.6071896257938));
#9368=CARTESIAN_POINT('Ctrl Pts',(2.37681186653348,49.3302624736136,13.8084572489869));
#9369=CARTESIAN_POINT('Ctrl Pts',(-6.84940668011637,49.4921399018957,15.3920681943148));
#9370=CARTESIAN_POINT('Ctrl Pts',(-10.9745602081312,49.6000581874172,20.0648182650497));
#9371=CARTESIAN_POINT('Ctrl Pts',(-12.0781993425936,49.6540173301779,22.7947755387002));
#9372=CARTESIAN_POINT('Ctrl Pts',(11.8641449396034,49.220788768022,22.8814980553779));
#9373=CARTESIAN_POINT('Ctrl Pts',(11.3221260367938,49.2477683394023,21.5407101227356));
#9374=CARTESIAN_POINT('Ctrl Pts',(9.01905701191347,49.3287070535434,17.7856763360416));
#9375=CARTESIAN_POINT('Ctrl Pts',(2.33461628346529,49.4636049104453,14.0543164715317));
#9376=CARTESIAN_POINT('Ctrl Pts',(-6.72803508667251,49.6254823387274,15.6098934326584));
#9377=CARTESIAN_POINT('Ctrl Pts',(-10.7800386064443,49.7334006242489,20.1998238880746));
#9378=CARTESIAN_POINT('Ctrl Pts',(-11.8641008645058,49.7873597670096,22.8813898682316));
#9379=CARTESIAN_POINT('Ctrl Pts',(11.650002066147,49.3541312397507,22.9680025115454));
#9380=CARTESIAN_POINT('Ctrl Pts',(11.1177591846514,49.3811108111311,21.6514152428123));
#9381=CARTESIAN_POINT('Ctrl Pts',(8.85623798455677,49.4620495252721,17.9641618734994));
#9382=CARTESIAN_POINT('Ctrl Pts',(2.29241895653369,49.596947382174,14.3001753729403));
#9383=CARTESIAN_POINT('Ctrl Pts',(-6.60666505209549,49.7588248104561,15.8277195148462));
#9384=CARTESIAN_POINT('Ctrl Pts',(-10.5855179811003,49.8667430959776,20.334830882373));
#9385=CARTESIAN_POINT('Ctrl Pts',(-11.6500030206457,49.9207022387384,22.9680057122989));
#9386=CARTESIAN_POINT('Ctrl Pts',(-11.6500011709978,49.4935648617624,21.3472533286806));
#9387=CARTESIAN_POINT('Ctrl Pts',(-11.0029853745689,49.469164459651,20.1565280652417));
#9388=CARTESIAN_POINT('Ctrl Pts',(-8.51720827495612,49.3959649057303,16.8762937224964));
#9389=CARTESIAN_POINT('Ctrl Pts',(-2.15645616397165,49.2739645284754,13.7227571323945));
#9390=CARTESIAN_POINT('Ctrl Pts',(6.26726034412705,49.127583385695,15.0287117791522));
#9391=CARTESIAN_POINT('Ctrl Pts',(10.3564931299001,49.030001589935,18.9668082699184));
#9392=CARTESIAN_POINT('Ctrl Pts',(11.6500006383267,48.9812211755815,21.3472517478633));
#9393=CARTESIAN_POINT('Ctrl Pts',(11.6500009370491,60.7435648401388,34.0080001114092));
#9394=CARTESIAN_POINT('Ctrl Pts',(10.3559889108861,60.6947647819542,36.3894141148618));
#9395=CARTESIAN_POINT('Ctrl Pts',(6.26141517001598,60.597165575012,40.3316939908694));
#9396=CARTESIAN_POINT('Ctrl Pts',(-0.749399341399611,60.4751637705379,41.4064930694494));
#9397=CARTESIAN_POINT('Ctrl Pts',(-7.28928642708071,60.3531654329479,39.3298130636547));
#9398=CARTESIAN_POINT('Ctrl Pts',(-10.3580475482517,60.279964746576,36.3869630828848));
#9399=CARTESIAN_POINT('Ctrl Pts',(-11.6514934276587,60.2311648545224,34.0052520333917));
#9400=CARTESIAN_POINT('Ctrl Pts',(11.6652678863437,60.7335937313328,34.016088439044));
#9401=CARTESIAN_POINT('Ctrl Pts',(10.369595123956,60.6847936731482,36.4006363486585));
#9402=CARTESIAN_POINT('Ctrl Pts',(6.26975642739497,60.587194466206,40.3481035533313));
#9403=CARTESIAN_POINT('Ctrl Pts',(-0.750181924171716,60.465192661732,41.4244119225726));
#9404=CARTESIAN_POINT('Ctrl Pts',(-7.29863814743224,60.343194324142,39.3451002656709));
#9405=CARTESIAN_POINT('Ctrl Pts',(-10.3714173416047,60.2699936377701,36.3984670547718));
#9406=CARTESIAN_POINT('Ctrl Pts',(-11.6665883266419,60.2211937457165,34.0136570800529));
#9407=CARTESIAN_POINT('Ctrl Pts',(11.6872249168314,60.7068315413298,34.0274656343467));
#9408=CARTESIAN_POINT('Ctrl Pts',(10.3892320269968,60.6580314831452,36.4164920930206));
#9409=CARTESIAN_POINT('Ctrl Pts',(6.28189055519336,60.5604322762029,40.3714652897619));
#9410=CARTESIAN_POINT('Ctrl Pts',(-0.751079322291088,60.4384304717289,41.4500259659204));
#9411=CARTESIAN_POINT('Ctrl Pts',(-7.31179302593536,60.3164321341389,39.3670934595423));
#9412=CARTESIAN_POINT('Ctrl Pts',(-10.3904183721013,60.243231447767,36.4150782673794));
#9413=CARTESIAN_POINT('Ctrl Pts',(-11.6880835807931,60.1944315557134,34.0258843368903));
#9414=CARTESIAN_POINT('Ctrl Pts',(11.6987636221288,60.6519486617018,34.0326049214303));
#9415=CARTESIAN_POINT('Ctrl Pts',(10.3997216293462,60.6031486035172,36.4239872452341));
#9416=CARTESIAN_POINT('Ctrl Pts',(6.28878347185803,60.505549396575,40.3830126695257));
#9417=CARTESIAN_POINT('Ctrl Pts',(-0.750763643394853,60.383547592101,41.4631167811846));
#9418=CARTESIAN_POINT('Ctrl Pts',(-7.31783998210931,60.261549254511,39.3787050976976));
#9419=CARTESIAN_POINT('Ctrl Pts',(-10.3996047742287,60.1883485681391,36.4241231733978));
#9420=CARTESIAN_POINT('Ctrl Pts',(-11.6986752964862,60.1395486760855,34.0327668909472));
#9421=CARTESIAN_POINT('Ctrl Pts',(11.6857348787546,60.6021858179727,34.0245038218953));
#9422=CARTESIAN_POINT('Ctrl Pts',(10.3883473138838,60.5533857597881,36.4132260032042));
#9423=CARTESIAN_POINT('Ctrl Pts',(6.28240944407364,60.4557865528459,40.3679732609657));
#9424=CARTESIAN_POINT('Ctrl Pts',(-0.748967158432642,60.3337847483719,41.4473133574055));
#9425=CARTESIAN_POINT('Ctrl Pts',(-7.30863422326594,60.2117864107819,39.3657398764507));
#9426=CARTESIAN_POINT('Ctrl Pts',(-10.3870484895235,60.13858572441,36.4147669359022));
#9427=CARTESIAN_POINT('Ctrl Pts',(-11.6847879109804,60.0897858323564,34.026246423832));
#9428=CARTESIAN_POINT('Ctrl Pts',(11.6628162340614,60.5778589867266,34.0115534380533));
#9429=CARTESIAN_POINT('Ctrl Pts',(10.3680844430628,60.529058928542,36.3955748782753));
#9430=CARTESIAN_POINT('Ctrl Pts',(6.27038564692652,60.4314597215998,40.3426381112449));
#9431=CARTESIAN_POINT('Ctrl Pts',(-0.747034031740704,60.3094579171257,41.4200604327748));
#9432=CARTESIAN_POINT('Ctrl Pts',(-7.29376356860914,60.1874595795358,39.3428431236023));
#9433=CARTESIAN_POINT('Ctrl Pts',(-10.3662080269231,60.1142588931638,36.3978027851499));
#9434=CARTESIAN_POINT('Ctrl Pts',(-11.6614495163419,60.0654590011103,34.014068737191));
#9435=CARTESIAN_POINT('Ctrl Pts',(11.6514950585374,60.5703806551221,34.0052496553681));
#9436=CARTESIAN_POINT('Ctrl Pts',(10.3580452619109,60.5215805969375,36.3869690769838));
#9437=CARTESIAN_POINT('Ctrl Pts',(6.26440231079301,60.4239813899953,40.3302154716389));
#9438=CARTESIAN_POINT('Ctrl Pts',(-0.746158271541336,60.3019795855213,41.4066696017401));
#9439=CARTESIAN_POINT('Ctrl Pts',(-7.28653542823316,60.1799812479313,39.3315335608623));
#9440=CARTESIAN_POINT('Ctrl Pts',(-10.3559911986419,60.1067805615594,36.3894081213828));
#9441=CARTESIAN_POINT('Ctrl Pts',(-11.6499993056091,60.0579806695058,34.0080024891279));
#9442=CARTESIAN_POINT('Ctrl Pts',(11.6500008086373,60.7435648352961,34.0080003477298));
#9443=CARTESIAN_POINT('Ctrl Pts',(10.3559887754439,60.6947647787257,36.3894142452663));
#9444=CARTESIAN_POINT('Ctrl Pts',(6.26141507725318,60.5971655733977,40.3316940050904));
#9445=CARTESIAN_POINT('Ctrl Pts',(-0.749399341399611,60.4751637705379,41.4064930694494));
#9446=CARTESIAN_POINT('Ctrl Pts',(-7.28827937242635,60.3531842190511,39.3301328444457));
#9447=CARTESIAN_POINT('Ctrl Pts',(-10.3564723321248,60.2800023196466,36.3884735021795));
#9448=CARTESIAN_POINT('Ctrl Pts',(-11.6499992936459,60.2312212134756,34.0080024827455));
#9449=CARTESIAN_POINT('Ctrl Pts',(-11.6500011709978,59.9935648617624,21.3472533286806));
#9450=CARTESIAN_POINT('Ctrl Pts',(-11.0029853745689,59.969164459651,20.1565280652417));
#9451=CARTESIAN_POINT('Ctrl Pts',(-8.51724816172519,59.8959649104385,16.8762941480188));
#9452=CARTESIAN_POINT('Ctrl Pts',(-2.15649174730971,59.7739645224823,13.7227648999659));
#9453=CARTESIAN_POINT('Ctrl Pts',(6.26816785907166,59.6275645379038,15.0289762446325));
#9454=CARTESIAN_POINT('Ctrl Pts',(10.3580677794177,59.5299640125563,18.9683248892745));
#9455=CARTESIAN_POINT('Ctrl Pts',(11.6514949266921,59.4811648107724,21.3500024867272));
#9456=CARTESIAN_POINT('Ctrl Pts',(-11.665268121025,59.9835937529564,21.3391650024286));
#9457=CARTESIAN_POINT('Ctrl Pts',(-11.0174219439313,59.9591933508451,20.1468727618785));
#9458=CARTESIAN_POINT('Ctrl Pts',(-8.52849931620467,59.8859938016325,16.8623294248911));
#9459=CARTESIAN_POINT('Ctrl Pts',(-2.15949688498173,59.7639934136763,13.7045929530148));
#9460=CARTESIAN_POINT('Ctrl Pts',(6.27617251698316,59.6175934290979,15.0124013643495));
#9461=CARTESIAN_POINT('Ctrl Pts',(10.3714375992803,59.5199929037503,18.9568209636716));
#9462=CARTESIAN_POINT('Ctrl Pts',(11.6665898272157,59.4711937019665,21.3415974428323));
#9463=CARTESIAN_POINT('Ctrl Pts',(-11.6872256630048,59.9568321066309,21.3277875206357));
#9464=CARTESIAN_POINT('Ctrl Pts',(-11.0382194046559,59.9324317045196,20.1332559712176));
#9465=CARTESIAN_POINT('Ctrl Pts',(-8.54477537738185,59.859232155307,16.8425052020692));
#9466=CARTESIAN_POINT('Ctrl Pts',(-2.16402799491021,59.7372317673508,13.6786625860944));
#9467=CARTESIAN_POINT('Ctrl Pts',(6.28738897026319,59.5908317827724,14.9885894472478));
#9468=CARTESIAN_POINT('Ctrl Pts',(10.3904391879442,59.4932312574248,18.9402095453469));
#9469=CARTESIAN_POINT('Ctrl Pts',(11.6880856034502,59.444432055641,21.3293699187241));
#9470=CARTESIAN_POINT('Ctrl Pts',(-11.6987640781886,59.9019489867148,21.32264839739));
#9471=CARTESIAN_POINT('Ctrl Pts',(-11.0492332604531,59.8775485846035,20.1269388973516));
#9472=CARTESIAN_POINT('Ctrl Pts',(-8.55367255723622,59.8043490353909,16.8328867766822));
#9473=CARTESIAN_POINT('Ctrl Pts',(-2.16712077341298,59.6823486474348,13.665574844771));
#9474=CARTESIAN_POINT('Ctrl Pts',(6.29239198376368,59.5359486628563,14.9761088950109));
#9475=CARTESIAN_POINT('Ctrl Pts',(10.399625316882,59.4383481375087,18.9311648267585));
#9476=CARTESIAN_POINT('Ctrl Pts',(11.6986770256793,59.3895489357249,21.3224875217687));
#9477=CARTESIAN_POINT('Ctrl Pts',(-11.6857352048899,59.8521861086264,21.3307495666315));
#9478=CARTESIAN_POINT('Ctrl Pts',(-11.037031613636,59.8277857065151,20.1363701582492));
#9479=CARTESIAN_POINT('Ctrl Pts',(-8.54456632027208,59.7545861573025,16.8459387394156));
#9480=CARTESIAN_POINT('Ctrl Pts',(-2.16557543120106,59.6325857693463,13.6818364716918));
#9481=CARTESIAN_POINT('Ctrl Pts',(6.28429755320451,59.4861857847679,14.9902936843245));
#9482=CARTESIAN_POINT('Ctrl Pts',(10.3870688818503,59.3885852594203,18.9405210916366));
#9483=CARTESIAN_POINT('Ctrl Pts',(11.684789509195,59.3397860576365,21.329008056134));
#9484=CARTESIAN_POINT('Ctrl Pts',(-11.6628164683319,59.8278590083502,21.3437000031972));
#9485=CARTESIAN_POINT('Ctrl Pts',(-11.0154407841015,59.8034586062389,20.1516710014103));
#9486=CARTESIAN_POINT('Ctrl Pts',(-8.5280080338176,59.7302590570263,16.8676706918909));
#9487=CARTESIAN_POINT('Ctrl Pts',(-2.16174947196047,59.6082586690702,13.709632121633));
#9488=CARTESIAN_POINT('Ctrl Pts',(6.27142460775673,59.4618586844916,15.0152061995119));
#9489=CARTESIAN_POINT('Ctrl Pts',(10.3662282854742,59.3642581591441,18.95748521712));
#9490=CARTESIAN_POINT('Ctrl Pts',(11.6614510169911,59.3154589573603,21.3411857847525));
#9491=CARTESIAN_POINT('Ctrl Pts',(-11.6514952922369,59.8203806767457,21.350003784857));
#9492=CARTESIAN_POINT('Ctrl Pts',(-11.0047606148877,59.7959802746344,20.1591258100275));
#9493=CARTESIAN_POINT('Ctrl Pts',(-8.51979785414052,59.7227807254218,16.8783051625804));
#9494=CARTESIAN_POINT('Ctrl Pts',(-2.1597860879353,59.6007803374657,13.7232743837156));
#9495=CARTESIAN_POINT('Ctrl Pts',(6.26518164816931,59.4543803528872,15.0274968363386));
#9496=CARTESIAN_POINT('Ctrl Pts',(10.3560114382086,59.3567798275396,18.9658798460795));
#9497=CARTESIAN_POINT('Ctrl Pts',(11.6500008051465,59.3079806257558,21.3472520307172));
#9498=CARTESIAN_POINT('Ctrl Pts',(-11.6500011709978,59.9935648617624,21.3472533286806));
#9499=CARTESIAN_POINT('Ctrl Pts',(-11.0029853745689,59.969164459651,20.1565280652417));
#9500=CARTESIAN_POINT('Ctrl Pts',(-8.51724816172519,59.8959649104385,16.8762941480188));
#9501=CARTESIAN_POINT('Ctrl Pts',(-2.15649174730971,59.7739645224823,13.7227648999659));
#9502=CARTESIAN_POINT('Ctrl Pts',(6.26708666122803,59.6275833264787,15.02880860903));
#9503=CARTESIAN_POINT('Ctrl Pts',(10.356493063033,59.5300015899122,18.9668083071974));
#9504=CARTESIAN_POINT('Ctrl Pts',(11.6500006382879,59.4812211755814,21.3472517478844));
#9505=CARTESIAN_POINT('Ctrl Pts',(11.6500009370491,50.2435648401388,34.0080001114092));
#9506=CARTESIAN_POINT('Ctrl Pts',(10.3559889108848,50.1947647819541,36.3894141148642));
#9507=CARTESIAN_POINT('Ctrl Pts',(6.26153356103347,50.0971655621105,40.3318383511491));
#9508=CARTESIAN_POINT('Ctrl Pts',(-0.749416588344054,49.9751637945928,41.4066082269255));
#9509=CARTESIAN_POINT('Ctrl Pts',(-7.28936043997566,49.8531654540772,39.3299703119351));
#9510=CARTESIAN_POINT('Ctrl Pts',(-10.3580475482516,49.779964746576,36.3869630828849));
#9511=CARTESIAN_POINT('Ctrl Pts',(-11.6514934276586,49.7311648545224,34.0052520333918));
#9512=CARTESIAN_POINT('Ctrl Pts',(11.6652678863437,50.2335937313328,34.016088439044));
#9513=CARTESIAN_POINT('Ctrl Pts',(10.3695951239546,50.1847936731481,36.400636348661));
#9514=CARTESIAN_POINT('Ctrl Pts',(6.26987475341797,50.0871944533046,40.348246984298));
#9515=CARTESIAN_POINT('Ctrl Pts',(-0.750199224364629,49.9651926857868,41.424526427703));
#9516=CARTESIAN_POINT('Ctrl Pts',(-7.29871199345751,49.8431943452713,39.3452568082911));
#9517=CARTESIAN_POINT('Ctrl Pts',(-10.3714173416046,49.7699936377701,36.398467054772));
#9518=CARTESIAN_POINT('Ctrl Pts',(-11.6665883266419,49.7211937457165,34.0136570800529));
#9519=CARTESIAN_POINT('Ctrl Pts',(11.6872252841064,50.2068319328224,34.0274658419127));
#9520=CARTESIAN_POINT('Ctrl Pts',(10.3892323942705,50.1580318746377,36.416492300589));
#9521=CARTESIAN_POINT('Ctrl Pts',(6.28200941309087,50.0604326547941,40.3716101861464));
#9522=CARTESIAN_POINT('Ctrl Pts',(-0.75109668860275,49.9384308872764,41.4501416109358));
#9523=CARTESIAN_POINT('Ctrl Pts',(-7.31186736048536,49.8164325467609,39.3672513238183));
#9524=CARTESIAN_POINT('Ctrl Pts',(-10.3904187461313,49.7432318392596,36.4150784625104));
#9525=CARTESIAN_POINT('Ctrl Pts',(-11.6880839548231,49.6944319472061,34.0258845320213));
#9526=CARTESIAN_POINT('Ctrl Pts',(11.6987637807002,50.1519488804238,34.0326050120693));
#9527=CARTESIAN_POINT('Ctrl Pts',(10.3997217879163,50.1031488222392,36.4239873358756));
#9528=CARTESIAN_POINT('Ctrl Pts',(6.28890242543921,50.0055496023956,40.3831577157511));
#9529=CARTESIAN_POINT('Ctrl Pts',(-0.75078097097106,49.8835478348778,41.4632325183383));
#9530=CARTESIAN_POINT('Ctrl Pts',(-7.31791433270873,49.7615494943623,39.3788631113053));
#9531=CARTESIAN_POINT('Ctrl Pts',(-10.3996049365741,49.6883487868611,36.4241232570896));
#9532=CARTESIAN_POINT('Ctrl Pts',(-11.6986754588316,49.6395488948075,34.0327669746389));
#9533=CARTESIAN_POINT('Ctrl Pts',(11.6857349447937,50.1021860122349,34.0245038617651));
#9534=CARTESIAN_POINT('Ctrl Pts',(10.3883473799215,50.0533859540502,36.4132260430764));
#9535=CARTESIAN_POINT('Ctrl Pts',(6.28252816978378,49.9557867342066,40.3681177864832));
#9536=CARTESIAN_POINT('Ctrl Pts',(-0.748984460934026,49.8337849666888,41.4474286965674));
#9537=CARTESIAN_POINT('Ctrl Pts',(-7.30870838936098,49.7117866261733,39.3658974133351));
#9538=CARTESIAN_POINT('Ctrl Pts',(-10.3870485589144,49.6385859186721,36.4147669696017));
#9539=CARTESIAN_POINT('Ctrl Pts',(-11.6847879803714,49.5897860266186,34.0262464575315));
#9540=CARTESIAN_POINT('Ctrl Pts',(11.6628162340614,50.0778589867266,34.0115534380533));
#9541=CARTESIAN_POINT('Ctrl Pts',(10.3680844430615,50.0290589285419,36.3955748782777));
#9542=CARTESIAN_POINT('Ctrl Pts',(6.2705044058927,49.9314597086984,40.3427836075803));
#9543=CARTESIAN_POINT('Ctrl Pts',(-0.747051227998027,49.8094579411806,41.4201764435262));
#9544=CARTESIAN_POINT('Ctrl Pts',(-7.29383784479866,49.6874596006651,39.3430013835047));
#9545=CARTESIAN_POINT('Ctrl Pts',(-10.366208026923,49.6142588931639,36.39780278515));
#9546=CARTESIAN_POINT('Ctrl Pts',(-11.6614495163419,49.5654590011103,34.014068737191));
#9547=CARTESIAN_POINT('Ctrl Pts',(11.6514950585373,50.0703806551221,34.0052496553681));
#9548=CARTESIAN_POINT('Ctrl Pts',(10.3580452619096,50.0215805969375,36.3869690769862));
#9549=CARTESIAN_POINT('Ctrl Pts',(6.26452073588711,49.9239813770939,40.3303598039654));
#9550=CARTESIAN_POINT('Ctrl Pts',(-0.746175491299447,49.8019796095761,41.4067847632845));
#9551=CARTESIAN_POINT('Ctrl Pts',(-7.28660940400357,49.6799812690606,39.331690826611));
#9552=CARTESIAN_POINT('Ctrl Pts',(-10.3559911986419,49.6067805615594,36.3894081213829));
#9553=CARTESIAN_POINT('Ctrl Pts',(-11.6499993056091,49.5579806695058,34.008002489128));
#9554=CARTESIAN_POINT('Ctrl Pts',(-11.649999305556,49.5579806695078,34.0080024892256));
#9555=CARTESIAN_POINT('Ctrl Pts',(-10.3559911986419,49.6067805615594,36.3894081213829));
#9556=CARTESIAN_POINT('Ctrl Pts',(-7.28660940400357,49.6799812690606,39.331690826611));
#9557=CARTESIAN_POINT('Ctrl Pts',(-0.746175491299447,49.8019796095761,41.4067847632845));
#9558=CARTESIAN_POINT('Ctrl Pts',(6.26344109668034,49.9239625889611,40.330525572179));
#9559=CARTESIAN_POINT('Ctrl Pts',(10.3564692105223,50.0215430215166,36.3884871569343));
#9560=CARTESIAN_POINT('Ctrl Pts',(11.6500008001561,50.0703242914734,34.0080003385401));
#9561=CARTESIAN_POINT('Ctrl Pts',(-11.6500011709978,49.4935648617624,21.3472533286806));
#9562=CARTESIAN_POINT('Ctrl Pts',(-11.0029853745689,49.469164459651,20.1565280652417));
#9563=CARTESIAN_POINT('Ctrl Pts',(-8.51720827495612,49.3959649057303,16.8762937224964));
#9564=CARTESIAN_POINT('Ctrl Pts',(-2.15645616397165,49.2739645284754,13.7227571323945));
#9565=CARTESIAN_POINT('Ctrl Pts',(6.26834155969611,49.127564597127,15.0288794033232));
#9566=CARTESIAN_POINT('Ctrl Pts',(10.3580677794177,49.0299640125563,18.9683248892745));
#9567=CARTESIAN_POINT('Ctrl Pts',(11.6514949266921,48.9811648107724,21.3500024867271));
#9568=CARTESIAN_POINT('Ctrl Pts',(-11.665268121025,49.4835937529564,21.3391650024286));
#9569=CARTESIAN_POINT('Ctrl Pts',(-11.0174219439313,49.4591933508451,20.1468727618785));
#9570=CARTESIAN_POINT('Ctrl Pts',(-8.52845926314843,49.3859937969243,16.8623298196994));
#9571=CARTESIAN_POINT('Ctrl Pts',(-2.15946120956036,49.2639934196694,13.7045862024661));
#9572=CARTESIAN_POINT('Ctrl Pts',(6.27634616760468,49.117593488321,15.012305612114));
#9573=CARTESIAN_POINT('Ctrl Pts',(10.3714375992803,49.0199929037503,18.9568209636716));
#9574=CARTESIAN_POINT('Ctrl Pts',(11.6665898272156,48.9711937019665,21.3415974428323));
#9575=CARTESIAN_POINT('Ctrl Pts',(-11.6872261384564,49.4568326101567,21.3277872520011));
#9576=CARTESIAN_POINT('Ctrl Pts',(-11.0382198801075,49.4324322080453,20.133255702583));
#9577=CARTESIAN_POINT('Ctrl Pts',(-8.5447356432098,49.3592326541246,16.8425045768934));
#9578=CARTESIAN_POINT('Ctrl Pts',(-2.16399233993895,49.2372322768697,13.6786545996629));
#9579=CARTESIAN_POINT('Ctrl Pts',(6.28756333757392,49.0908323455213,14.9884921231238));
#9580=CARTESIAN_POINT('Ctrl Pts',(10.390439672084,48.9932317609506,18.9402092927059));
#9581=CARTESIAN_POINT('Ctrl Pts',(11.6880860875899,48.9444325591667,21.329369666083));
#9582=CARTESIAN_POINT('Ctrl Pts',(-11.6987642796903,49.4019492653902,21.322648282197));
#9583=CARTESIAN_POINT('Ctrl Pts',(-11.0492334619549,49.3775488632789,20.1269387821586));
#9584=CARTESIAN_POINT('Ctrl Pts',(-8.55363263622056,49.3043493093581,16.8328862105479));
#9585=CARTESIAN_POINT('Ctrl Pts',(-2.16708507021073,49.1823489321032,13.6655668959615));
#9586=CARTESIAN_POINT('Ctrl Pts',(6.29256644921152,49.0359490007548,14.9760114858867));
#9587=CARTESIAN_POINT('Ctrl Pts',(10.3996255231922,48.9383484161841,18.9311647204172));
#9588=CARTESIAN_POINT('Ctrl Pts',(11.6986772319895,48.8895492144003,21.3224874154273));
#9589=CARTESIAN_POINT('Ctrl Pts',(-11.6857352823055,49.3521863529583,21.3307495195518));
#9590=CARTESIAN_POINT('Ctrl Pts',(-11.0370316910516,49.327785950847,20.1363701111694));
#9591=CARTESIAN_POINT('Ctrl Pts',(-8.5445263279228,49.2545863969262,16.8459384627921));
#9592=CARTESIAN_POINT('Ctrl Pts',(-2.1655397315529,49.1325860196713,13.6818288828724));
#9593=CARTESIAN_POINT('Ctrl Pts',(6.28447171492522,48.9861860883229,14.9901967831491));
#9594=CARTESIAN_POINT('Ctrl Pts',(10.3870689634817,48.8885855037521,18.9405210523177));
#9595=CARTESIAN_POINT('Ctrl Pts',(11.6847895908265,48.8397863019683,21.3290080168151));
#9596=CARTESIAN_POINT('Ctrl Pts',(-11.6628164683319,49.3278590083502,21.3437000031972));
#9597=CARTESIAN_POINT('Ctrl Pts',(-11.0154407841015,49.3034586062389,20.1516710014103));
#9598=CARTESIAN_POINT('Ctrl Pts',(-8.52796822525091,49.2302590523181,16.8676695040287));
#9599=CARTESIAN_POINT('Ctrl Pts',(-2.16171391279679,49.1082586750632,13.7096233950935));
#9600=CARTESIAN_POINT('Ctrl Pts',(6.27159869097752,48.9618587437148,15.0151081017121));
#9601=CARTESIAN_POINT('Ctrl Pts',(10.3662282854742,48.8642581591441,18.95748521712));
#9602=CARTESIAN_POINT('Ctrl Pts',(11.6614510169911,48.8154589573603,21.3411857847524));
#9603=CARTESIAN_POINT('Ctrl Pts',(-11.6514952922369,49.3203806767457,21.350003784857));
#9604=CARTESIAN_POINT('Ctrl Pts',(-11.0047606148877,49.2959802746344,20.1591258100275));
#9605=CARTESIAN_POINT('Ctrl Pts',(-8.51975796747302,49.2227807207136,16.8783047276417));
#9606=CARTESIAN_POINT('Ctrl Pts',(-2.15975050643197,49.1007803434588,13.723266607744));
#9607=CARTESIAN_POINT('Ctrl Pts',(6.26535532592705,48.9543804121103,15.0273999540255));
#9608=CARTESIAN_POINT('Ctrl Pts',(10.3560114382086,48.8567798275396,18.9658798460795));
#9609=CARTESIAN_POINT('Ctrl Pts',(11.6500008051465,48.8079806257558,21.3472520307171));
#9610=CARTESIAN_POINT('Ctrl Pts',(11.6500006463002,48.8079806317462,21.3472517383869));
#9611=CARTESIAN_POINT('Ctrl Pts',(10.3560112708229,48.8567798315333,18.9658796849208));
#9612=CARTESIAN_POINT('Ctrl Pts',(6.26535521101135,48.9543804141072,15.0273999362376));
#9613=CARTESIAN_POINT('Ctrl Pts',(-2.15975050643197,49.1007803434588,13.723266607744));
#9614=CARTESIAN_POINT('Ctrl Pts',(-8.51877874216958,49.222761936796,16.8778189588467));
#9615=CARTESIAN_POINT('Ctrl Pts',(-11.0034851736701,49.2959427071441,20.1574421177377));
#9616=CARTESIAN_POINT('Ctrl Pts',(-11.6500013415115,49.3203243242393,21.3472536359399));
#9617=CARTESIAN_POINT('Ctrl Pts',(-12.292425950713,60.2041041324871,32.6467738665225));
#9618=CARTESIAN_POINT('Ctrl Pts',(-11.7308540202832,60.231083693518,34.0359620973562));
#9619=CARTESIAN_POINT('Ctrl Pts',(-10.1325694968855,60.2850428155797,36.6244123381412));
#9620=CARTESIAN_POINT('Ctrl Pts',(-6.58142046152112,60.3659814986723,39.4796344459068));
#9621=CARTESIAN_POINT('Ctrl Pts',(-0.848085171599474,60.4738997427956,41.5179503282305));
#9622=CARTESIAN_POINT('Ctrl Pts',(6.96622020564669,60.6087975479499,40.1848226617363));
#9623=CARTESIAN_POINT('Ctrl Pts',(11.169080212981,60.7167157920733,35.4254418468796));
#9624=CARTESIAN_POINT('Ctrl Pts',(12.2922965898453,60.770674914135,32.6470947005212));
#9625=CARTESIAN_POINT('Ctrl Pts',(-12.0782842737036,60.3374465120783,32.560266486874));
#9626=CARTESIAN_POINT('Ctrl Pts',(-11.5264886910287,60.3644260731092,33.9252541982196));
#9627=CARTESIAN_POINT('Ctrl Pts',(-9.95603409927619,60.4183851951709,36.4686097846502));
#9628=CARTESIAN_POINT('Ctrl Pts',(-6.4667308027017,60.4993238782634,39.2740823915211));
#9629=CARTESIAN_POINT('Ctrl Pts',(-0.833256022172018,60.6072421223868,41.2768695521096));
#9630=CARTESIAN_POINT('Ctrl Pts',(6.84492675165694,60.7421399275411,39.9669317713075));
#9631=CARTESIAN_POINT('Ctrl Pts',(10.9745578690075,60.8500581716645,35.2904373630962));
#9632=CARTESIAN_POINT('Ctrl Pts',(12.0781976534926,60.9040172937262,32.5604815951692));
#9633=CARTESIAN_POINT('Ctrl Pts',(-11.864142087893,60.4707889198292,32.4737604096892));
#9634=CARTESIAN_POINT('Ctrl Pts',(-11.3221227058714,60.4977684808601,33.8145475440813));
#9635=CARTESIAN_POINT('Ctrl Pts',(-9.77949777077759,60.5517276029218,36.3128083106447));
#9636=CARTESIAN_POINT('Ctrl Pts',(-6.35203990763255,60.6326662860143,39.0685310458154));
#9637=CARTESIAN_POINT('Ctrl Pts',(-0.818425414497624,60.7405845301377,41.0357888825849));
#9638=CARTESIAN_POINT('Ctrl Pts',(6.72363462512332,60.875482335292,39.7490401619119));
#9639=CARTESIAN_POINT('Ctrl Pts',(10.7800363557393,60.9834005794154,35.1554317109857));
#9640=CARTESIAN_POINT('Ctrl Pts',(11.8640992564246,61.0373597014771,32.4738671996767));
#9641=CARTESIAN_POINT('Ctrl Pts',(-11.6499993056091,60.6041313624771,32.3872558623021));
#9642=CARTESIAN_POINT('Ctrl Pts',(-11.1177559514603,60.631110923508,33.7038423523721));
#9643=CARTESIAN_POINT('Ctrl Pts',(-9.60296034999966,60.6850700455697,36.1570081049298));
#9644=CARTESIAN_POINT('Ctrl Pts',(-6.23734756143006,60.7660087286622,38.8629805332085));
#9645=CARTESIAN_POINT('Ctrl Pts',(-0.803593094553215,60.8739269727856,40.794708339332));
#9646=CARTESIAN_POINT('Ctrl Pts',(6.60234405789855,61.0088247779399,39.5311477092688));
#9647=CARTESIAN_POINT('Ctrl Pts',(10.5855158188138,61.1167430220633,35.0204246876027));
#9648=CARTESIAN_POINT('Ctrl Pts',(11.6500014935846,61.170702144125,32.3872512896493));
#9649=CARTESIAN_POINT('Ctrl Pts',(-11.6499993056045,60.6041313624753,32.3872558623235));
#9650=CARTESIAN_POINT('Ctrl Pts',(-11.117755951456,60.631110923506,33.7038423523864));
#9651=CARTESIAN_POINT('Ctrl Pts',(-10.3603581507284,60.6580904845367,34.9304252286586));
#9652=CARTESIAN_POINT('Ctrl Pts',(-9.42072378560609,60.6850700455675,35.9947120715061));
#9653=CARTESIAN_POINT('Ctrl Pts',(-8.48108942047904,60.7120496065983,37.0589989143589));
#9654=CARTESIAN_POINT('Ctrl Pts',(-7.3592184909555,60.7390291676292,37.9609897237854));
#9655=CARTESIAN_POINT('Ctrl Pts',(-6.11906371783391,60.76600872866,38.6534511042642));
#9656=CARTESIAN_POINT('Ctrl Pts',(-4.87890894471232,60.7929882896909,39.345912484743));
#9657=CARTESIAN_POINT('Ctrl Pts',(-3.52047032799268,60.8199678507217,39.828844436274));
#9658=CARTESIAN_POINT('Ctrl Pts',(-2.12111544001598,60.8469474117526,40.0665616952904));
#9659=CARTESIAN_POINT('Ctrl Pts',(0.677594335937355,60.9009065338143,40.5419962133233));
#9660=CARTESIAN_POINT('Ctrl Pts',(3.63996919691893,60.954865655876,40.0365719612979));
#9661=CARTESIAN_POINT('Ctrl Pts',(6.11694956763883,61.0088247779377,38.6561790798683));
#9662=CARTESIAN_POINT('Ctrl Pts',(8.59392992074639,61.0627838996157,37.2757862082539));
#9663=CARTESIAN_POINT('Ctrl Pts',(10.585515790495,61.1167430212937,35.0204247196781));
#9664=CARTESIAN_POINT('Ctrl Pts',(11.6500014708813,61.1707021429718,32.3872513458198));
#9665=CARTESIAN_POINT('Ctrl Pts',(12.2924289847699,59.4541039225183,22.7084847809812));
#9666=CARTESIAN_POINT('Ctrl Pts',(11.730857546669,59.4810834938987,21.3192957127231));
#9667=CARTESIAN_POINT('Ctrl Pts',(9.34475658684321,59.5620222080398,17.4286957513222));
#9668=CARTESIAN_POINT('Ctrl Pts',(2.41907110812319,59.6969200649416,13.5626077181386));
#9669=CARTESIAN_POINT('Ctrl Pts',(-6.97050586295466,59.8587974932238,15.1743516527758));
#9670=CARTESIAN_POINT('Ctrl Pts',(-11.1690826405234,59.9667157787453,19.9298138103525));
#9671=CARTESIAN_POINT('Ctrl Pts',(-12.2922983599657,60.020674921506,22.70816249931));
#9672=CARTESIAN_POINT('Ctrl Pts',(12.078287216587,59.5874463311903,22.7949920694118));
#9673=CARTESIAN_POINT('Ctrl Pts',(11.5264921196826,59.6144259025707,21.4300035402289));
#9674=CARTESIAN_POINT('Ctrl Pts',(9.18193874930721,59.6953646167117,17.6071835667795));
#9675=CARTESIAN_POINT('Ctrl Pts',(2.37687587560081,59.8302624736136,13.8084670393751));
#9676=CARTESIAN_POINT('Ctrl Pts',(-6.84913771023937,59.9921399018958,15.3921742896779));
#9677=CARTESIAN_POINT('Ctrl Pts',(-10.9745602081312,60.1000581874172,20.0648182650497));
#9678=CARTESIAN_POINT('Ctrl Pts',(-12.0781993425936,60.154017330178,22.7947755387002));
#9679=CARTESIAN_POINT('Ctrl Pts',(11.8641449396034,59.720788768022,22.8814980553779));
#9680=CARTESIAN_POINT('Ctrl Pts',(11.3221260367937,59.7477683394023,21.5407101227356));
#9681=CARTESIAN_POINT('Ctrl Pts',(9.01911984264785,59.8287070535434,17.7856703841633));
#9682=CARTESIAN_POINT('Ctrl Pts',(2.33467915783571,59.9636049104453,14.0543260880811));
#9683=CARTESIAN_POINT('Ctrl Pts',(-6.72777088457505,60.1254823387275,15.6099976460234));
#9684=CARTESIAN_POINT('Ctrl Pts',(-10.7800386064443,60.2334006242489,20.1998238880746));
#9685=CARTESIAN_POINT('Ctrl Pts',(-11.8641008645058,60.2873597670096,22.8813898682316));
#9686=CARTESIAN_POINT('Ctrl Pts',(11.650002066147,59.8541312397507,22.9680025115454));
#9687=CARTESIAN_POINT('Ctrl Pts',(11.1177591846514,59.8811108111311,21.6514152428123));
#9688=CARTESIAN_POINT('Ctrl Pts',(8.85629968132441,59.9620495252721,17.9641560287516));
#9689=CARTESIAN_POINT('Ctrl Pts',(2.29248069622519,60.096947382174,14.3001848156443));
#9690=CARTESIAN_POINT('Ctrl Pts',(-6.60640561774416,60.2588248104562,15.8278218461753));
#9691=CARTESIAN_POINT('Ctrl Pts',(-10.5855179811003,60.3667430959776,20.334830882373));
#9692=CARTESIAN_POINT('Ctrl Pts',(-11.6500030206457,60.4207022387384,22.9680057122989));
#9693=CARTESIAN_POINT('Ctrl Pts',(11.6500020661505,59.8541312397485,22.968002511544));
#9694=CARTESIAN_POINT('Ctrl Pts',(11.1177591846548,59.8811108111288,21.6514152428105));
#9695=CARTESIAN_POINT('Ctrl Pts',(10.3639393502122,59.9080903825092,20.4223288381232));
#9696=CARTESIAN_POINT('Ctrl Pts',(9.42380486157712,59.9350699538896,19.3586731541244));
#9697=CARTESIAN_POINT('Ctrl Pts',(7.54353588430688,59.9890290966503,17.231361786127));
#9698=CARTESIAN_POINT('Ctrl Pts',(4.91800829026641,60.042988239411,15.7657733008836));
#9699=CARTESIAN_POINT('Ctrl Pts',(2.12209677425085,60.0969473821718,15.2875852300172));
#9700=CARTESIAN_POINT('Ctrl Pts',(-0.673814741764776,60.1509065249325,14.8093971591507));
#9701=CARTESIAN_POINT('Ctrl Pts',(-3.64011017975551,60.2048656676932,15.3186095026612));
#9702=CARTESIAN_POINT('Ctrl Pts',(-6.1180359895902,60.258824810454,16.6999679334663));
#9703=CARTESIAN_POINT('Ctrl Pts',(-8.59596179942485,60.3127839532147,18.0813263642713));
#9704=CARTESIAN_POINT('Ctrl Pts',(-10.5855179811035,60.3667430959754,20.3348308823708));
#9705=CARTESIAN_POINT('Ctrl Pts',(-11.6500030206493,60.4207022387361,22.9680057122974));
#9706=CARTESIAN_POINT('Ctrl Pts',(-11.650002752688,49.1308432357647,32.3872473354087));
#9707=CARTESIAN_POINT('Ctrl Pts',(-11.1177601701824,49.1578228065279,33.7038346899713));
#9708=CARTESIAN_POINT('Ctrl Pts',(-8.85630925701407,49.2387615188175,37.3910948877457));
#9709=CARTESIAN_POINT('Ctrl Pts',(-2.29249168280995,49.3736593726334,41.0550656308955));
#9710=CARTESIAN_POINT('Ctrl Pts',(6.60637135746725,49.5355367972125,39.5274198241818));
#9711=CARTESIAN_POINT('Ctrl Pts',(10.5855163466415,49.6434550802653,35.0204243229711));
#9712=CARTESIAN_POINT('Ctrl Pts',(11.6500020784198,49.6974142217916,32.3872498429669));
#9713=CARTESIAN_POINT('Ctrl Pts',(-11.8641005453374,49.2641856786682,32.4738631729331));
#9714=CARTESIAN_POINT('Ctrl Pts',(-11.3220693545372,49.2911652494314,33.8146460962703));
#9715=CARTESIAN_POINT('Ctrl Pts',(-9.01903664426053,49.372103961721,37.5696651881124));
#9716=CARTESIAN_POINT('Ctrl Pts',(-2.33456237227907,49.5070018155369,41.3009462000416));
#9717=CARTESIAN_POINT('Ctrl Pts',(6.72784931987036,49.668879240116,39.7451805823681));
#9718=CARTESIAN_POINT('Ctrl Pts',(10.780107136203,49.7767975231687,35.1553300761795));
#9719=CARTESIAN_POINT('Ctrl Pts',(11.8641449058094,49.8307566646951,32.4737542798763));
#9720=CARTESIAN_POINT('Ctrl Pts',(-12.0781989722145,49.3975280866747,32.5604774959223));
#9721=CARTESIAN_POINT('Ctrl Pts',(-11.5263793441771,49.4245076574379,33.9254560596654));
#9722=CARTESIAN_POINT('Ctrl Pts',(-9.18176531486668,49.5054463697274,37.7482343471573));
#9723=CARTESIAN_POINT('Ctrl Pts',(-2.37663481301763,49.6403442235433,41.5468264913846));
#9724=CARTESIAN_POINT('Ctrl Pts',(6.84932574484742,49.8022216481225,39.9629422227526));
#9725=CARTESIAN_POINT('Ctrl Pts',(10.9746969837307,49.9101399311752,35.2902372244486));
#9726=CARTESIAN_POINT('Ctrl Pts',(12.0782871367264,49.9640990727016,32.5602602465836));
#9727=CARTESIAN_POINT('Ctrl Pts',(-12.2922979383757,49.5308704665214,32.6470905287709));
#9728=CARTESIAN_POINT('Ctrl Pts',(-11.7306900188115,49.5578500372846,34.0362647938265));
#9729=CARTESIAN_POINT('Ctrl Pts',(-9.34449507776493,49.6387887495741,37.9268025335404));
#9730=CARTESIAN_POINT('Ctrl Pts',(-2.41870874499285,49.77368660339,41.7927065451893));
#9731=CARTESIAN_POINT('Ctrl Pts',(6.97080086005783,49.9355640279692,40.1807046135777));
#9732=CARTESIAN_POINT('Ctrl Pts',(11.1692860282546,50.0434823110219,35.4251455602512));
#9733=CARTESIAN_POINT('Ctrl Pts',(12.292428858843,50.0974414525483,32.646767515755));
#9734=CARTESIAN_POINT('Ctrl Pts',(11.6500020784234,49.6974142217939,32.3872498429683));
#9735=CARTESIAN_POINT('Ctrl Pts',(10.5855163466447,49.6434550802675,35.0204243229734));
#9736=CARTESIAN_POINT('Ctrl Pts',(8.59594385205698,49.5894959387411,37.2739220735794));
#9737=CARTESIAN_POINT('Ctrl Pts',(6.11801376471646,49.5355367972147,38.6552785833348));
#9738=CARTESIAN_POINT('Ctrl Pts',(3.64008367737594,49.4815776556884,40.0366350930901));
#9739=CARTESIAN_POINT('Ctrl Pts',(0.673795997282642,49.427618514162,40.5458503619949));
#9740=CARTESIAN_POINT('Ctrl Pts',(-2.12211135760523,49.3736593726356,40.067663847817));
#9741=CARTESIAN_POINT('Ctrl Pts',(-4.91801871249311,49.3197002311093,39.5894773336392));
#9742=CARTESIAN_POINT('Ctrl Pts',(-7.54354574217555,49.2657410895829,38.1238890363788));
#9743=CARTESIAN_POINT('Ctrl Pts',(-9.42381071347816,49.2117819480565,35.9965772938362));
#9744=CARTESIAN_POINT('Ctrl Pts',(-10.3639431991295,49.1848023772933,34.932921422565));
#9745=CARTESIAN_POINT('Ctrl Pts',(-11.1177601701858,49.1578228065302,33.7038346899731));
#9746=CARTESIAN_POINT('Ctrl Pts',(-11.6500027526916,49.130843235767,32.3872473354101));
#9747=CARTESIAN_POINT('Ctrl Pts',(11.6500014935846,48.3808433167952,22.9680010952219));
#9748=CARTESIAN_POINT('Ctrl Pts',(11.1177586561992,48.4078228778261,21.6514143962452));
#9749=CARTESIAN_POINT('Ctrl Pts',(9.60292135991034,48.4617819998878,19.1982692745324));
#9750=CARTESIAN_POINT('Ctrl Pts',(6.23723082066219,48.5427206829803,16.4923496588478));
#9751=CARTESIAN_POINT('Ctrl Pts',(0.803480117168723,48.6506389271037,14.5604551798763));
#9752=CARTESIAN_POINT('Ctrl Pts',(-6.60292305493328,48.785536732258,15.8239177140315));
#9753=CARTESIAN_POINT('Ctrl Pts',(-10.5855125973116,48.8934549763814,20.334823542429));
#9754=CARTESIAN_POINT('Ctrl Pts',(-11.649999305609,48.9474140984431,22.967996522569));
#9755=CARTESIAN_POINT('Ctrl Pts',(11.8640993025472,48.5141857881688,22.881385166535));
#9756=CARTESIAN_POINT('Ctrl Pts',(11.3220678500958,48.5411653491996,21.5406029056681));
#9757=CARTESIAN_POINT('Ctrl Pts',(9.77937698027775,48.5951244712613,19.0423776308857));
#9758=CARTESIAN_POINT('Ctrl Pts',(6.3518140386753,48.6760631543539,16.2867408645667));
#9759=CARTESIAN_POINT('Ctrl Pts',(0.818184876525308,48.7839813984773,14.3193652645183));
#9760=CARTESIAN_POINT('Ctrl Pts',(-6.72433769045378,48.9188792036316,15.6060849402183));
#9761=CARTESIAN_POINT('Ctrl Pts',(-10.7801033657701,49.026797447755,20.1999176773352));
#9762=CARTESIAN_POINT('Ctrl Pts',(-11.8641421340253,49.0807565698167,22.8814919565464));
#9763=CARTESIAN_POINT('Ctrl Pts',(12.0781977457381,48.6475282246453,22.7947707523837));
#9764=CARTESIAN_POINT('Ctrl Pts',(11.5263778492782,48.6745077856762,21.4297928579954));
#9765=CARTESIAN_POINT('Ctrl Pts',(9.95583372405718,48.7284669077379,18.8864872280515));
#9766=CARTESIAN_POINT('Ctrl Pts',(6.46639872805395,48.8094055908305,16.0811328671279));
#9767=CARTESIAN_POINT('Ctrl Pts',(0.832891350803858,48.9173238349538,14.0782754329126));
#9768=CARTESIAN_POINT('Ctrl Pts',(-6.84575078799147,49.0522216401081,15.3882512846575));
#9769=CARTESIAN_POINT('Ctrl Pts',(-10.9746931921938,49.1601398842315,20.0650104171804));
#9770=CARTESIAN_POINT('Ctrl Pts',(-12.0782843659679,49.2140990062932,22.7949858607255));
#9771=CARTESIAN_POINT('Ctrl Pts',(12.2922967282139,48.7808706329621,22.7081576283734));
#9772=CARTESIAN_POINT('Ctrl Pts',(11.7306885334558,48.807850193993,21.318984039557));
#9773=CARTESIAN_POINT('Ctrl Pts',(10.1322914238638,48.8618093160547,18.7305978825171));
#9774=CARTESIAN_POINT('Ctrl Pts',(6.58098467001954,48.9427479991473,15.8755255490951));
#9775=CARTESIAN_POINT('Ctrl Pts',(0.847599285473659,49.0506662432706,13.8371856735721));
#9776=CARTESIAN_POINT('Ctrl Pts',(-6.96716257528753,49.1855640484249,15.1704168790404));
#9777=CARTESIAN_POINT('Ctrl Pts',(-11.169282215613,49.2934822925483,19.9301019694921));
#9778=CARTESIAN_POINT('Ctrl Pts',(-12.2924260891092,49.34744141461,22.7084784624403));
#9779=CARTESIAN_POINT('Ctrl Pts',(-11.6499993056051,48.947414098445,22.967996522549));
#9780=CARTESIAN_POINT('Ctrl Pts',(-10.5855125973054,48.8934549763834,20.3348235424162));
#9781=CARTESIAN_POINT('Ctrl Pts',(-8.59421782611923,48.8394958543218,18.0793706282241));
#9782=CARTESIAN_POINT('Ctrl Pts',(-6.11728980610933,48.7855367322602,16.6989516642965));
#9783=CARTESIAN_POINT('Ctrl Pts',(-3.6403617860936,48.7315776101985,15.3185327003656));
#9784=CARTESIAN_POINT('Ctrl Pts',(-0.677800517251886,48.6776184881368,14.8131476867034));
#9785=CARTESIAN_POINT('Ctrl Pts',(2.12097014019373,48.6236593660751,15.2886508418067));
#9786=CARTESIAN_POINT('Ctrl Pts',(3.52035546891653,48.5966798050442,15.5264024193583));
#9787=CARTESIAN_POINT('Ctrl Pts',(4.87879314479031,48.5697002440134,16.0093760391014));
#9788=CARTESIAN_POINT('Ctrl Pts',(6.1189604059354,48.5427206829825,16.7018494515871));
#9789=CARTESIAN_POINT('Ctrl Pts',(7.35912766708049,48.5157411219517,17.3943228640729));
#9790=CARTESIAN_POINT('Ctrl Pts',(8.48102451349689,48.4887615609208,18.2962960693014));
#9791=CARTESIAN_POINT('Ctrl Pts',(9.42068226077743,48.46178199989,19.360568952344));
#9792=CARTESIAN_POINT('Ctrl Pts',(10.3603399917051,48.4348024393287,20.4248418168651));
#9793=CARTESIAN_POINT('Ctrl Pts',(11.11775862984,48.4078228787673,21.6514143535514));
#9794=CARTESIAN_POINT('Ctrl Pts',(11.6500014658004,48.380843318206,22.9680010264829));
#9795=CARTESIAN_POINT('Origin',(1.69717819935219E-7,44.8779023263593,27.6776261924356));
#9796=CARTESIAN_POINT('Ctrl Pts',(-11.6499993056093,61.0153577905887,32.3872558623118));
#9797=CARTESIAN_POINT('Ctrl Pts',(-10.9341762234254,61.0516430581876,34.157955283799));
#9798=CARTESIAN_POINT('Ctrl Pts',(-8.68061083589646,61.1242135933854,37.3645847707801));
#9799=CARTESIAN_POINT('Ctrl Pts',(-3.52909707911601,61.2330693961821,40.2011537802516));
#9800=CARTESIAN_POINT('Ctrl Pts',(2.34551042787712,61.3419251989789,40.4717168423498));
#9801=CARTESIAN_POINT('Ctrl Pts',(5.94178127678618,61.4144957341767,38.9135558737938));
#9802=CARTESIAN_POINT('Ctrl Pts',(7.47682080469898,61.4507810017756,37.7771436360969));
#9803=CARTESIAN_POINT('Origin',(1.69717819935219E-7,44.8779023263593,27.6776261924356));
#9804=CARTESIAN_POINT('Ctrl Pts',(11.6500014935846,60.2653576968856,22.9680010952116));
#9805=CARTESIAN_POINT('Ctrl Pts',(11.2360348422842,60.2863417999096,21.9439892182303));
#9806=CARTESIAN_POINT('Ctrl Pts',(9.59143674985923,60.3492941089816,19.0319200537861));
#9807=CARTESIAN_POINT('Ctrl Pts',(5.5237103541019,60.4437225725895,15.8825022118801));
#9808=CARTESIAN_POINT('Ctrl Pts',(2.70063955778468E-6,60.5486430877094,
14.7812878128029));
#9809=CARTESIAN_POINT('Ctrl Pts',(-5.52370538505166,60.6535636028293,15.8825000438116));
#9810=CARTESIAN_POINT('Ctrl Pts',(-9.59143301696268,60.7479920664372,19.0319162891252));
#9811=CARTESIAN_POINT('Ctrl Pts',(-11.2360322523816,60.8109443755092,21.9439848080605));
#9812=CARTESIAN_POINT('Ctrl Pts',(-11.6499993056091,60.8319284785332,22.9679965225588));
#9813=CARTESIAN_POINT('Origin',(1.69717819935219E-7,44.8779023263593,27.6776261924356));
#9814=CARTESIAN_POINT('Ctrl Pts',(-11.6500024497934,48.6041312030954,32.3872480846772));
#9815=CARTESIAN_POINT('Ctrl Pts',(-11.1177598026774,48.6311107728414,33.7038353553734));
#9816=CARTESIAN_POINT('Ctrl Pts',(-10.360350753341,48.6580903425875,34.9304139441907));
#9817=CARTESIAN_POINT('Ctrl Pts',(-9.4207043895796,48.6850699123335,35.9946949030613));
#9818=CARTESIAN_POINT('Ctrl Pts',(-8.48105802581817,48.7120494820796,37.0589758619319));
#9819=CARTESIAN_POINT('Ctrl Pts',(-7.35917434763162,48.7390290518256,37.9609591908558));
#9820=CARTESIAN_POINT('Ctrl Pts',(-6.11901292923837,48.7660086215717,38.6534270334764));
#9821=CARTESIAN_POINT('Ctrl Pts',(-4.87885151084511,48.7929881913177,39.3458948760969));
#9822=CARTESIAN_POINT('Ctrl Pts',(-3.52041235224515,48.8199677610638,39.8288472324142));
#9823=CARTESIAN_POINT('Ctrl Pts',(-2.12104186960884,48.8469473308098,40.0665813846924));
#9824=CARTESIAN_POINT('Ctrl Pts',(0.677699095663791,48.9009064703019,40.5420496892489));
#9825=CARTESIAN_POINT('Ctrl Pts',(3.64016535708182,48.954865609794,40.0366451776496));
#9826=CARTESIAN_POINT('Ctrl Pts',(6.11711963367866,49.0088247492861,38.6562388778386));
#9827=CARTESIAN_POINT('Ctrl Pts',(8.59407391027548,49.0627838887782,37.2758325780277));
#9828=CARTESIAN_POINT('Ctrl Pts',(10.5855162020511,49.1167430282703,35.020424490005));
#9829=CARTESIAN_POINT('Ctrl Pts',(11.6500019599419,49.1707021677624,32.387250136051));
#9830=CARTESIAN_POINT('Origin',(1.69717819935219E-7,44.8779023263593,27.6776261924356));
#9831=CARTESIAN_POINT('Ctrl Pts',(11.6500034075774,47.8541311717511,22.9680058297777));
#9832=CARTESIAN_POINT('Ctrl Pts',(11.1177608432731,47.8811107460617,21.6514182664498));
#9833=CARTESIAN_POINT('Ctrl Pts',(10.3603411273872,47.9080903203724,20.4248455615757));
#9834=CARTESIAN_POINT('Ctrl Pts',(9.42068173550346,47.9350698946831,19.3605729774544));
#9835=CARTESIAN_POINT('Ctrl Pts',(8.48102234361969,47.9620494689938,18.2963003933331));
#9836=CARTESIAN_POINT('Ctrl Pts',(7.35912327573807,47.9890290433044,17.3943279299646));
#9837=CARTESIAN_POINT('Ctrl Pts',(6.11895467764743,48.0160086176151,16.7018533102234));
#9838=CARTESIAN_POINT('Ctrl Pts',(4.87878607955679,48.0429881919258,16.0093786904822));
#9839=CARTESIAN_POINT('Ctrl Pts',(3.52034795125712,48.0699677662365,15.5264019143683));
#9840=CARTESIAN_POINT('Ctrl Pts',(2.1209599214542,48.0969473405471,15.2886480073299));
#9841=CARTESIAN_POINT('Ctrl Pts',(-0.677816138151606,48.1509064891685,14.8131401932531));
#9842=CARTESIAN_POINT('Ctrl Pts',(-3.64039180377036,48.2048656377899,15.3185238554783));
#9843=CARTESIAN_POINT('Ctrl Pts',(-6.1173171859241,48.2588247864112,16.698946384639));
#9844=CARTESIAN_POINT('Ctrl Pts',(-8.59424256807783,48.3127839350325,18.0793689137998));
#9845=CARTESIAN_POINT('Ctrl Pts',(-10.5855176667666,48.3667430836539,20.3348303098961));
#9846=CARTESIAN_POINT('Ctrl Pts',(-11.650002893191,48.4207022322752,22.9680053970089));
#9847=CARTESIAN_POINT('Ctrl Pts',(-11.6499993056093,61.0153577905887,32.3872558623118));
#9848=CARTESIAN_POINT('Ctrl Pts',(-10.9341762234254,61.0516430581876,34.157955283799));
#9849=CARTESIAN_POINT('Ctrl Pts',(-8.68061083589646,61.1242135933854,37.3645847707801));
#9850=CARTESIAN_POINT('Ctrl Pts',(-3.52909707911601,61.2330693961821,40.2011537802516));
#9851=CARTESIAN_POINT('Ctrl Pts',(2.34551042787712,61.3419251989789,40.4717168423498));
#9852=CARTESIAN_POINT('Ctrl Pts',(5.94178127678618,61.4144957341767,38.9135558737938));
#9853=CARTESIAN_POINT('Ctrl Pts',(7.47682080469898,61.4507810017756,37.7771436360969));
#9854=CARTESIAN_POINT('Ctrl Pts',(-11.8683139650444,61.1513116976572,32.4755117630629));
#9855=CARTESIAN_POINT('Ctrl Pts',(-11.1390767472862,61.1875969652562,34.279393129492));
#9856=CARTESIAN_POINT('Ctrl Pts',(-8.84328076900615,61.260167500454,37.5461131105429));
#9857=CARTESIAN_POINT('Ctrl Pts',(-3.59523044381051,61.3690233032507,40.4358378818304));
#9858=CARTESIAN_POINT('Ctrl Pts',(2.38946401554001,61.4778791060475,40.7114711486855));
#9859=CARTESIAN_POINT('Ctrl Pts',(6.05312702590614,61.5504496412453,39.1241110902998));
#9860=CARTESIAN_POINT('Ctrl Pts',(7.61693236041537,61.5867349088442,37.9664031048069));
#9861=CARTESIAN_POINT('Ctrl Pts',(-12.0866286244795,61.2872656047258,32.5637676638139));
#9862=CARTESIAN_POINT('Ctrl Pts',(-11.343977271147,61.3235508723248,34.400830975185));
#9863=CARTESIAN_POINT('Ctrl Pts',(-9.00595070211585,61.3961214075226,37.7276414503056));
#9864=CARTESIAN_POINT('Ctrl Pts',(-3.66136380850502,61.5049772103193,40.6705219834092));
#9865=CARTESIAN_POINT('Ctrl Pts',(2.43341760320292,61.6138330131161,40.9512254550212));
#9866=CARTESIAN_POINT('Ctrl Pts',(6.16447277502611,61.6864035483139,39.3346663068059));
#9867=CARTESIAN_POINT('Ctrl Pts',(7.75704391613177,61.7226888159128,38.1556625735169));
#9868=CARTESIAN_POINT('Ctrl Pts',(-12.3049432839146,61.4232195117944,32.652023564565));
#9869=CARTESIAN_POINT('Ctrl Pts',(-11.5488777950078,61.4595047793934,34.522268820878));
#9870=CARTESIAN_POINT('Ctrl Pts',(-9.16862063522554,61.5320753145912,37.9091697900684));
#9871=CARTESIAN_POINT('Ctrl Pts',(-3.72749717319953,61.6409311173879,40.9052060849879));
#9872=CARTESIAN_POINT('Ctrl Pts',(2.47737119086581,61.7497869201847,41.1909797613568));
#9873=CARTESIAN_POINT('Ctrl Pts',(6.27581852414608,61.8223574553825,39.5452215233119));
#9874=CARTESIAN_POINT('Ctrl Pts',(7.89715547184815,61.8586427229814,38.3449220422268));
#9875=CARTESIAN_POINT('Ctrl Pts',(11.6500014935846,60.2653576968856,22.9680010952116));
#9876=CARTESIAN_POINT('Ctrl Pts',(11.2360348422842,60.2863417999096,21.9439892182303));
#9877=CARTESIAN_POINT('Ctrl Pts',(9.59143674985923,60.3492941089816,19.0319200537861));
#9878=CARTESIAN_POINT('Ctrl Pts',(5.5237103541019,60.4437225725895,15.8825022118801));
#9879=CARTESIAN_POINT('Ctrl Pts',(2.70063955778468E-6,60.5486430877094,
14.7812878128029));
#9880=CARTESIAN_POINT('Ctrl Pts',(-5.52370538505166,60.6535636028293,15.8825000438116));
#9881=CARTESIAN_POINT('Ctrl Pts',(-9.59143301696268,60.7479920664372,19.0319162891252));
#9882=CARTESIAN_POINT('Ctrl Pts',(-11.2360322523816,60.8109443755092,21.9439848080605));
#9883=CARTESIAN_POINT('Ctrl Pts',(-11.6499993056091,60.8319284785332,22.9679965225588));
#9884=CARTESIAN_POINT('Ctrl Pts',(11.9154790642489,60.4306819464681,22.8606792336261));
#9885=CARTESIAN_POINT('Ctrl Pts',(11.4920790354005,60.4516660494921,21.8133324077573));
#9886=CARTESIAN_POINT('Ctrl Pts',(9.81000421708006,60.514618358564,18.8349036759713));
#9887=CARTESIAN_POINT('Ctrl Pts',(5.64958340081135,60.6090468221719,15.6137176192443));
#9888=CARTESIAN_POINT('Ctrl Pts',(2.75831362890257E-6,60.7139673372918,
14.48740899783));
#9889=CARTESIAN_POINT('Ctrl Pts',(-5.64957832626248,60.8188878524117,15.6137154017704));
#9890=CARTESIAN_POINT('Ctrl Pts',(-9.81000040685409,60.9133163160197,18.8348998255221));
#9891=CARTESIAN_POINT('Ctrl Pts',(-11.4920763942147,60.9762686250916,21.8133278970896));
#9892=CARTESIAN_POINT('Ctrl Pts',(-11.9154768341493,60.9972527281156,22.8606745567727));
#9893=CARTESIAN_POINT('Ctrl Pts',(12.1809566349132,60.5960061960505,22.7533573720406));
#9894=CARTESIAN_POINT('Ctrl Pts',(11.7481232285168,60.6169902990745,21.6826755972843));
#9895=CARTESIAN_POINT('Ctrl Pts',(10.0285716843009,60.6799426081464,18.6378872981565));
#9896=CARTESIAN_POINT('Ctrl Pts',(5.77545644752078,60.7743710717544,15.3449330266085));
#9897=CARTESIAN_POINT('Ctrl Pts',(2.8159877133815E-6,60.8792915868743,14.1935301828572));
#9898=CARTESIAN_POINT('Ctrl Pts',(-5.77545126747331,60.9842121019942,15.3449307597291));
#9899=CARTESIAN_POINT('Ctrl Pts',(-10.0285677967455,61.0786405656021,18.637883361919));
#9900=CARTESIAN_POINT('Ctrl Pts',(-11.7481205360479,61.1415928746741,21.6826709861186));
#9901=CARTESIAN_POINT('Ctrl Pts',(-12.1809543626895,61.162576977698,22.7533525909867));
#9902=CARTESIAN_POINT('Ctrl Pts',(12.4464342055776,60.761330445633,22.6460355104551));
#9903=CARTESIAN_POINT('Ctrl Pts',(12.004167421633,60.782314548657,21.5520187868113));
#9904=CARTESIAN_POINT('Ctrl Pts',(10.2471391515217,60.8452668577289,18.4408709203417));
#9905=CARTESIAN_POINT('Ctrl Pts',(5.90132949423023,60.9396953213368,15.0761484339727));
#9906=CARTESIAN_POINT('Ctrl Pts',(2.87366178789826E-6,61.0446158364567,
13.8996513678844));
#9907=CARTESIAN_POINT('Ctrl Pts',(-5.90132420868413,61.1495363515766,15.0761461176878));
#9908=CARTESIAN_POINT('Ctrl Pts',(-10.2471351866369,61.2439648151846,18.440866898316));
#9909=CARTESIAN_POINT('Ctrl Pts',(-12.004164677881,61.3069171242565,21.5520140751476));
#9910=CARTESIAN_POINT('Ctrl Pts',(-12.4464318912297,61.3279012272805,22.6460306252006));
#9911=CARTESIAN_POINT('Ctrl Pts',(11.6506751070602,60.7937736001842,21.0053900326173));
#9912=CARTESIAN_POINT('Ctrl Pts',(11.3668508664154,60.8039433183577,20.5087249338783));
#9913=CARTESIAN_POINT('Ctrl Pts',(11.0513675715736,60.8141130365313,20.0302185740291));
#9914=CARTESIAN_POINT('Ctrl Pts',(10.7061287784384,60.8242827547049,19.5743646027453));
#9915=CARTESIAN_POINT('Ctrl Pts',(9.28140367212356,60.8662509607529,17.6931548122597));
#9916=CARTESIAN_POINT('Ctrl Pts',(7.34993271332735,60.9082191668008,16.1977225960957));
#9917=CARTESIAN_POINT('Ctrl Pts',(5.17328478914191,60.9501873728488,15.2879094597767));
#9918=CARTESIAN_POINT('Ctrl Pts',(3.54079884600283,60.9816635273847,14.6055496075374));
#9919=CARTESIAN_POINT('Ctrl Pts',(1.77040085983231,61.0131396819207,14.2526004877109));
#9920=CARTESIAN_POINT('Ctrl Pts',(2.80439517053032E-6,61.0446158364567,
14.2526001402682));
#9921=CARTESIAN_POINT('Ctrl Pts',(-1.77039525104197,61.0760919909927,14.2525997928254));
#9922=CARTESIAN_POINT('Ctrl Pts',(-3.54079337574572,61.1075681455286,14.6055482177665));
#9923=CARTESIAN_POINT('Ctrl Pts',(-5.17327958671254,61.1390443000646,15.2879074292511));
#9924=CARTESIAN_POINT('Ctrl Pts',(-7.34992786800167,61.1810125061126,16.1977197112306));
#9925=CARTESIAN_POINT('Ctrl Pts',(-9.28139941375846,61.2229807121605,17.6931511692875));
#9926=CARTESIAN_POINT('Ctrl Pts',(-10.7061252584526,61.2649489182085,19.574360400565));
#9927=CARTESIAN_POINT('Ctrl Pts',(-11.0513645423151,61.2751186455669,20.0302146480475));
#9928=CARTESIAN_POINT('Ctrl Pts',(-11.3668482830279,61.2852883729253,20.5087213366919));
#9929=CARTESIAN_POINT('Ctrl Pts',(-11.6506729177659,61.2954581002837,21.0053868053939));
#9930=CARTESIAN_POINT('Ctrl Pts',(-12.2924288024824,48.2041042630707,32.6467654718908));
#9931=CARTESIAN_POINT('Ctrl Pts',(-11.7308576393403,48.2310838328168,34.0359544737569));
#9932=CARTESIAN_POINT('Ctrl Pts',(-10.1325494386731,48.2850429723089,36.6243955690645));
#9933=CARTESIAN_POINT('Ctrl Pts',(-6.5813601826781,48.365981681547,39.4795938902878));
#9934=CARTESIAN_POINT('Ctrl Pts',(-0.84802282401683,48.4738999605312,41.5179958148619));
#9935=CARTESIAN_POINT('Ctrl Pts',(6.96652335676748,48.6087978092614,40.1849202741854));
#9936=CARTESIAN_POINT('Ctrl Pts',(11.1690801943451,48.7167160882456,35.4254413448123));
#9937=CARTESIAN_POINT('Ctrl Pts',(12.2922966163548,48.7706752277377,32.6470932949737));
#9938=CARTESIAN_POINT('Ctrl Pts',(-12.078287222942,48.3374465460074,32.5602582979124));
#9939=CARTESIAN_POINT('Ctrl Pts',(-11.5264923874698,48.3644261157534,33.9252467834881));
#9940=CARTESIAN_POINT('Ctrl Pts',(-9.9560145118085,48.4183852552455,36.4685934146261));
#9941=CARTESIAN_POINT('Ctrl Pts',(-6.46667165281729,48.4993239644837,39.2740426833056));
#9942=CARTESIAN_POINT('Ctrl Pts',(-0.833194770633447,48.6072422434679,41.2769144117776));
#9943=CARTESIAN_POINT('Ctrl Pts',(6.8452247059097,48.7421400921981,39.9670278319052));
#9944=CARTESIAN_POINT('Ctrl Pts',(10.9745579843297,48.8500583711823,35.2904369625165));
#9945=CARTESIAN_POINT('Ctrl Pts',(12.078197826618,48.9040175106744,32.5604802736026));
#9946=CARTESIAN_POINT('Ctrl Pts',(-11.864145134602,48.4707888571038,32.4737524263963));
#9947=CARTESIAN_POINT('Ctrl Pts',(-11.3221264796981,48.4977684268498,33.8145403382163));
#9948=CARTESIAN_POINT('Ctrl Pts',(-9.77947865404847,48.551727566342,36.3127923396717));
#9949=CARTESIAN_POINT('Ctrl Pts',(-6.35198188670046,48.6326662755801,39.0684921849962));
#9950=CARTESIAN_POINT('Ctrl Pts',(-0.818365258984679,48.7405845545643,41.0358331152807));
#9951=CARTESIAN_POINT('Ctrl Pts',(6.72392738253444,48.8754824032945,39.7491346706214));
#9952=CARTESIAN_POINT('Ctrl Pts',(10.7800366050184,48.9834006822787,35.1554314118952));
#9953=CARTESIAN_POINT('Ctrl Pts',(11.864099576165,49.0373598217708,32.4738659620926));
#9954=CARTESIAN_POINT('Ctrl Pts',(-11.6500024497906,48.6041312030971,32.387248084676));
#9955=CARTESIAN_POINT('Ctrl Pts',(-11.1177598026747,48.6311107728432,33.7038353553719));
#9956=CARTESIAN_POINT('Ctrl Pts',(-9.6029417040024,48.6850699123353,36.1569925330059));
#9957=CARTESIAN_POINT('Ctrl Pts',(-6.23729066944354,48.7660086215734,38.862942519777));
#9958=CARTESIAN_POINT('Ctrl Pts',(-0.803534035045028,48.8739269005576,40.7947519450454));
#9959=CARTESIAN_POINT('Ctrl Pts',(6.60263161849823,49.0088247492879,39.5312406660475));
#9960=CARTESIAN_POINT('Ctrl Pts',(10.5855162020485,49.1167430282721,35.0204244900032));
#9961=CARTESIAN_POINT('Ctrl Pts',(11.6500019599391,49.1707021677642,32.3872501360498));
#9962=CARTESIAN_POINT('Ctrl Pts',(12.2924297671973,47.4541042486275,22.708488537876));
#9963=CARTESIAN_POINT('Ctrl Pts',(11.7308586926763,47.4810838229381,21.3192992303115));
#9964=CARTESIAN_POINT('Ctrl Pts',(10.1325279860036,47.5350429715595,18.7308705571683));
#9965=CARTESIAN_POINT('Ctrl Pts',(6.58129002262532,47.6159816944915,15.875706635594));
#9966=CARTESIAN_POINT('Ctrl Pts',(0.847957026423452,47.7238999917342,13.8372016505369));
#9967=CARTESIAN_POINT('Ctrl Pts',(-6.96687772776466,47.8587978632876,15.1702221870224));
#9968=CARTESIAN_POINT('Ctrl Pts',(-11.1690817339164,47.9667161605303,19.9298136053358));
#9969=CARTESIAN_POINT('Ctrl Pts',(-12.2922975926846,48.0206753091516,22.7081624226321));
#9970=CARTESIAN_POINT('Ctrl Pts',(12.0782881853464,47.5874465259305,22.7949956800838));
#9971=CARTESIAN_POINT('Ctrl Pts',(11.5264934365588,47.6144261002412,21.4300068931653));
#9972=CARTESIAN_POINT('Ctrl Pts',(9.95599344586978,47.6683852488625,18.886672466099));
#9973=CARTESIAN_POINT('Ctrl Pts',(6.46660272559447,47.7493239717945,16.0812569960664));
#9974=CARTESIAN_POINT('Ctrl Pts',(0.833130125465897,47.8572422690372,14.078284000875));
#9975=CARTESIAN_POINT('Ctrl Pts',(-6.8455729035048,47.9921401405906,15.3881165367717));
#9976=CARTESIAN_POINT('Ctrl Pts',(-10.9745594989494,48.1000584378333,20.0648179375491));
#9977=CARTESIAN_POINT('Ctrl Pts',(-12.078198788588,48.1540175864546,22.7947753824879));
#9978=CARTESIAN_POINT('Ctrl Pts',(11.8641460946961,47.7207888313932,22.8815015198292));
#9979=CARTESIAN_POINT('Ctrl Pts',(11.3221275245404,47.7477684057039,21.5407133110219));
#9980=CARTESIAN_POINT('Ctrl Pts',(9.77945797483212,47.8017275543252,19.0424732955457));
#9981=CARTESIAN_POINT('Ctrl Pts',(6.35191419229934,47.8826662772572,16.2868066478734));
#9982=CARTESIAN_POINT('Ctrl Pts',(0.818301766220211,47.9905845744999,14.3193662446348));
#9983=CARTESIAN_POINT('Ctrl Pts',(-6.72426940675869,48.1254824460533,15.6060116055684));
#9984=CARTESIAN_POINT('Ctrl Pts',(-10.7800380946862,48.233400743296,20.1998234380881));
#9985=CARTESIAN_POINT('Ctrl Pts',(-11.8641005237748,48.2873598919173,22.8813896324826));
#9986=CARTESIAN_POINT('Ctrl Pts',(11.6500034075746,47.8541311717528,22.9680058297789));
#9987=CARTESIAN_POINT('Ctrl Pts',(11.1177608432704,47.8811107460635,21.6514182664513));
#9988=CARTESIAN_POINT('Ctrl Pts',(9.60292141149898,47.9350698946848,19.1982728567037));
#9989=CARTESIAN_POINT('Ctrl Pts',(6.23722420785493,48.0160086176169,16.4923554665988));
#9990=CARTESIAN_POINT('Ctrl Pts',(0.803471694657595,48.1239269148596,14.5604483621437));
#9991=CARTESIAN_POINT('Ctrl Pts',(-6.60296746938756,48.258824786413,15.8239075177064));
#9992=CARTESIAN_POINT('Ctrl Pts',(-10.585517666764,48.3667430836557,20.3348303098978));
#9993=CARTESIAN_POINT('Ctrl Pts',(-11.6500028931882,48.420702232277,22.9680053970101));
#9994=CARTESIAN_POINT('Origin',(1.69717819935218E-7,44.8779600613862,27.6776261924356));
#9995=CARTESIAN_POINT('Ctrl Pts',(-9.74207593864585,61.4507810017756,18.4406040478887));
#9996=CARTESIAN_POINT('Ctrl Pts',(-8.20894533565215,61.4111569795442,16.8236462464782));
#9997=CARTESIAN_POINT('Ctrl Pts',(-6.26548427361363,61.3715329573127,15.5983126864492));
#9998=CARTESIAN_POINT('Ctrl Pts',(-4.14698229382451,61.3319089350813,14.9099051099756));
#9999=CARTESIAN_POINT('Ctrl Pts',(-2.02848031403536,61.2922849128498,14.2214975335019));
#10000=CARTESIAN_POINT('Ctrl Pts',(0.265062583504442,61.2526608906184,14.0700159405838));
#10001=CARTESIAN_POINT('Ctrl Pts',(2.45471771907831,61.2130368683869,14.4771985746602));
#10002=CARTESIAN_POINT('Ctrl Pts',(4.64437285465226,61.1734128461555,14.8843812087366));
#10003=CARTESIAN_POINT('Ctrl Pts',(6.73014022826029,61.1337888239241,15.8502280698075));
#10004=CARTESIAN_POINT('Ctrl Pts',(8.45955172439279,61.0941648016926,17.2541837339088));
#10005=CARTESIAN_POINT('Ctrl Pts',(9.74094825215941,61.0648056326244,18.2944358180084));
#10006=CARTESIAN_POINT('Ctrl Pts',(10.826706277993,61.0354464635561,19.5752085594792));
#10007=CARTESIAN_POINT('Ctrl Pts',(11.6487611031152,61.0060872944879,21.0069414995826));
#10008=CARTESIAN_POINT('Ctrl Pts',(7.42162075091731,47.5249501511312,38.0866205689907));
#10009=CARTESIAN_POINT('Ctrl Pts',(9.38970193938418,47.570088495656,36.6833772463988));
#10010=CARTESIAN_POINT('Ctrl Pts',(10.9461312274175,47.6152268401809,34.7098567231347));
#10011=CARTESIAN_POINT('Ctrl Pts',(11.852047308275,47.6603651847057,32.4689302537387));
#10012=CARTESIAN_POINT('Ctrl Pts',(7.37944780084602,47.5668910109075,38.0274720319115));
#10013=CARTESIAN_POINT('Ctrl Pts',(9.33634547638746,47.6120293554323,36.632202562191));
#10014=CARTESIAN_POINT('Ctrl Pts',(10.8839304407404,47.6571676999572,34.6698964605726));
#10015=CARTESIAN_POINT('Ctrl Pts',(11.7846987033782,47.702306044482,32.441703932379));
#10016=CARTESIAN_POINT('Ctrl Pts',(7.33727485077473,47.6088318706838,37.9683234948323));
#10017=CARTESIAN_POINT('Ctrl Pts',(9.28298901339074,47.6539702152086,36.5810278779831));
#10018=CARTESIAN_POINT('Ctrl Pts',(10.8217296540632,47.6991085597335,34.6299361980105));
#10019=CARTESIAN_POINT('Ctrl Pts',(11.7173500984814,47.7442469042583,32.4144776110192));
#10020=CARTESIAN_POINT('Ctrl Pts',(7.29510190070344,47.6507727304601,37.9091749577531));
#10021=CARTESIAN_POINT('Ctrl Pts',(9.22963255039402,47.6959110749849,36.5298531937753));
#10022=CARTESIAN_POINT('Ctrl Pts',(10.759528867386,47.7410494195098,34.5899759354484));
#10023=CARTESIAN_POINT('Ctrl Pts',(11.6500014935846,47.7861877640346,32.3872512896595));
#10024=CARTESIAN_POINT('Ctrl Pts',(7.29510190070344,47.6507727304601,37.9091749577531));
#10025=CARTESIAN_POINT('Ctrl Pts',(9.22963255039402,47.6959110749849,36.5298531937753));
#10026=CARTESIAN_POINT('Ctrl Pts',(10.759528867386,47.7410494195098,34.5899759354484));
#10027=CARTESIAN_POINT('Ctrl Pts',(11.6500014935846,47.7861877640346,32.3872512896595));
#10028=CARTESIAN_POINT('Origin',(1.69717819935219E-7,44.8779023263593,27.6776261924356));
#10029=CARTESIAN_POINT('Ctrl Pts',(12.4113914653721,60.9752927349983,22.5602058358343));
#10030=CARTESIAN_POINT('Ctrl Pts',(11.5620188391822,61.0149167572297,20.5002038651417));
#10031=CARTESIAN_POINT('Ctrl Pts',(8.81590760186833,61.0941648016926,16.8160749308785));
#10032=CARTESIAN_POINT('Ctrl Pts',(2.55860548104425,61.213036868387,13.9185343476657));
#10033=CARTESIAN_POINT('Ctrl Pts',(-4.32202321157516,61.3319089350813,14.3729791264201));
#10034=CARTESIAN_POINT('Ctrl Pts',(-8.20894533565237,61.4111569795442,16.8236462464784));
#10035=CARTESIAN_POINT('Ctrl Pts',(-9.74207593864611,61.4507810017756,18.4406040478889));
#10036=CARTESIAN_POINT('Ctrl Pts',(12.1575948123759,61.1337890208463,22.6648503617816));
#10037=CARTESIAN_POINT('Ctrl Pts',(11.3255907409707,61.1734130430777,20.6469727261352));
#10038=CARTESIAN_POINT('Ctrl Pts',(8.6356338721868,61.2526610875406,17.0381793904725));
#10039=CARTESIAN_POINT('Ctrl Pts',(2.50628536246251,61.371533154235,14.1998897070518));
#10040=CARTESIAN_POINT('Ctrl Pts',(-4.23364350923449,61.4904052209293,14.6450416868708));
#10041=CARTESIAN_POINT('Ctrl Pts',(-8.04108318029346,61.5696532653922,17.0455958826112));
#10042=CARTESIAN_POINT('Ctrl Pts',(-9.54286327580766,61.6092772876236,18.6294890204189));
#10043=CARTESIAN_POINT('Ctrl Pts',(11.9037981593796,61.2922853066943,22.7694948877289));
#10044=CARTESIAN_POINT('Ctrl Pts',(11.0891626427592,61.3319093289257,20.7937415871286));
#10045=CARTESIAN_POINT('Ctrl Pts',(8.45536014250526,61.4111573733886,17.2602838500664));
#10046=CARTESIAN_POINT('Ctrl Pts',(2.45396524388074,61.530029440083,14.4812450664379));
#10047=CARTESIAN_POINT('Ctrl Pts',(-4.14526380689381,61.6489015067773,14.9171042473214));
#10048=CARTESIAN_POINT('Ctrl Pts',(-7.87322102493455,61.7281495512402,17.267545518744));
#10049=CARTESIAN_POINT('Ctrl Pts',(-9.3436506129692,61.7677735734716,18.8183739929488));
#10050=CARTESIAN_POINT('Ctrl Pts',(11.6500015063834,61.4507815925423,22.8741394136762));
#10051=CARTESIAN_POINT('Ctrl Pts',(10.8527345445477,61.4904056147737,20.9405104481221));
#10052=CARTESIAN_POINT('Ctrl Pts',(8.27508641282373,61.5696536592366,17.4823883096603));
#10053=CARTESIAN_POINT('Ctrl Pts',(2.401645125299,61.688525725931,14.762600425824));
#10054=CARTESIAN_POINT('Ctrl Pts',(-4.05688410455314,61.8073977926253,15.1891668077721));
#10055=CARTESIAN_POINT('Ctrl Pts',(-7.70535886957563,61.8866458370882,17.4894951548768));
#10056=CARTESIAN_POINT('Ctrl Pts',(-9.14443795013075,61.9262698593196,19.0072589654788));
#10057=CARTESIAN_POINT('Origin',(-4.49999983028218,64.9920697703988,32.3776261924357));
#10058=CARTESIAN_POINT('',(-4.49999983028218,65.6920691789961,30.0276261924357));
#10059=CARTESIAN_POINT('',(-4.49999983028218,64.9920697703988,30.0276272205311));
#10060=CARTESIAN_POINT('Origin',(1.69717817768895E-7,64.9920697703988,27.6776282486264));
#10061=CARTESIAN_POINT('',(-4.99999983028218,64.9920697703988,32.3776261924357));
#10062=CARTESIAN_POINT('Origin',(-7.9999989060122,69.4507810017756,50.4781383177695));
#10063=CARTESIAN_POINT('',(-2.79999983028222,82.2836583802893,50.4781383177695));
#10064=CARTESIAN_POINT('',(-2.79999983028222,75.8672196910325,50.4781383177695));
#10065=CARTESIAN_POINT('',(1.69717784590773E-7,83.9002391340203,50.4781383177695));
#10066=CARTESIAN_POINT('',(-6.12839893704184,80.3620062600311,50.4781383177695));
#10067=CARTESIAN_POINT('',(2.80000016971779,82.2836583802893,50.4781383177695));
#10068=CARTESIAN_POINT('',(1.52839996967992,83.0178170980827,50.4781383177695));
#10069=CARTESIAN_POINT('',(2.80000016971779,74.2506389373015,50.4781383177695));
#10070=CARTESIAN_POINT('',(1.65000016971779,80.6670776267993,50.4781383177695));
#10071=CARTESIAN_POINT('Origin',(1.69717784610864E-7,80.6670776267993,50.4781383177695));
#10072=CARTESIAN_POINT('Origin',(1.69717777628022E-7,80.6670775886556,58.3356737009406));
#10073=CARTESIAN_POINT('',(1.65000016971778,80.6670775886556,58.3356737009406));
#10074=CARTESIAN_POINT('Origin',(1.69717818317327E-7,65.6920691789961,27.6776261924357));
#10075=CARTESIAN_POINT('',(1.69717819163092E-7,65.6920691789961,23.2276261924357));
#10076=CARTESIAN_POINT('Origin',(1.69717820291743E-7,65.6920691789961,27.6776261924357));
#10077=CARTESIAN_POINT('Origin',(-0.0999992179760593,66.2920697703988,27.6776261924357));
#10078=CARTESIAN_POINT('',(-4.99999983028218,66.2920697703988,33.7518947988641));
#10079=CARTESIAN_POINT('',(-4.99999983028218,66.2920697703988,17.6776261924357));
#10080=CARTESIAN_POINT('',(-3.47426297292956,66.2920697703988,35.2776311931851));
#10081=CARTESIAN_POINT('',(-5.82462796100143,66.2920697703988,32.9272662051122));
#10082=CARTESIAN_POINT('',(3.47426331236519,66.2920697703988,35.2776311931851));
#10083=CARTESIAN_POINT('',(-0.0499995241291196,66.2920697703988,35.2776311931851));
#10084=CARTESIAN_POINT('',(5.00000016971782,66.2920697703988,33.7518947988641));
#10085=CARTESIAN_POINT('',(5.77462860659015,66.2920697703988,32.9772658989592));
#10086=CARTESIAN_POINT('',(5.00000016971782,66.2920697703988,37.6776261924357));
#10087=CARTESIAN_POINT('Origin',(1.69717817768895E-7,64.9920697703988,27.6776282486264));
#10088=CARTESIAN_POINT('',(5.00000016971782,64.9920697703988,22.9776261924357));
#10089=CARTESIAN_POINT('Origin',(-4.99999983028218,66.5920697703988,33.7518947988641));
#10090=CARTESIAN_POINT('',(-4.99999983028218,66.2920697703988,21.6033616500544));
#10091=CARTESIAN_POINT('',(-4.99999983028218,66.5920697703988,21.6033616500544));
#10092=CARTESIAN_POINT('',(-4.99999983028218,80.7420664876153,21.603360301547));
#10093=CARTESIAN_POINT('',(-4.99999983028218,66.5920697703988,33.7518947988641));
#10094=CARTESIAN_POINT('',(-4.99999983028218,66.5920697703988,30.7147604956499));
#10095=CARTESIAN_POINT('',(-4.99999983028218,76.7420661419484,33.7519040132046));
#10096=CARTESIAN_POINT('',(-4.99999983028218,66.2920697703988,17.6776261924357));
#10097=CARTESIAN_POINT('Origin',(1.69717815265532E-7,66.5920697703988,27.6776261924357));
#10098=CARTESIAN_POINT('',(-5.79963129430169,66.5920697703989,22.4029931334074));
#10099=CARTESIAN_POINT('',(-5.79962825298767,66.5920697703989,32.9522661909454));
#10100=CARTESIAN_POINT('Origin',(-6.06213186463814,85.8920634971008,32.6897813784024));
#10101=CARTESIAN_POINT('',(-3.47426389899425,73.3920653988467,35.2776377682404));
#10102=CARTESIAN_POINT('Origin',(1.69717817449349E-7,60.8920696971257,35.2776261924357));
#10103=CARTESIAN_POINT('',(3.47426423842988,73.3920653988467,35.2776377682404));
#10104=CARTESIAN_POINT('Origin',(-2.79999983028222,82.2836583802893,50.6781383177695));
#10105=CARTESIAN_POINT('',(-2.79999983028222,82.2836583802893,50.6781383177694));
#10106=CARTESIAN_POINT('Origin',(1.6971778452817E-7,83.9002391340203,50.6781383177694));
#10107=CARTESIAN_POINT('',(1.69717784822321E-7,83.9002391340203,50.6781383177694));
#10108=CARTESIAN_POINT('Origin',(2.80000016971779,82.2836583802893,50.6781383177694));
#10109=CARTESIAN_POINT('',(2.80000016971779,82.2836583802893,50.6781383177694));
#10110=CARTESIAN_POINT('Origin',(2.80000016971779,79.0504968728274,50.6781383177694));
#10111=CARTESIAN_POINT('Origin',(1.6971782093768E-7,94.6420597466906,46.2806236853399));
#10112=CARTESIAN_POINT('',(1.75000016971782,94.6420597466906,50.4781383177696));
#10113=CARTESIAN_POINT('Origin',(1.69717822048444E-7,94.6420597466906,50.4781383177696));
#10114=CARTESIAN_POINT('',(1.75000016971782,94.6420597466906,46.2806236853399));
#10115=CARTESIAN_POINT('Origin',(6.1041298576822,103.771359903897,56.3356738199464));
#10116=CARTESIAN_POINT('',(0.0500010377078334,103.771360617745,50.4781383177695));
#10117=CARTESIAN_POINT('Origin',(-7.89999972183789,108.692014778806,56.5356738199462));
#10118=CARTESIAN_POINT('',(-7.89999972183789,107.042014778806,56.5356738199462));
#10119=CARTESIAN_POINT('Origin',(-7.89999972183789,108.692014778806,56.5356738199462));
#10120=CARTESIAN_POINT('',(-7.89999972183789,107.042014778806,56.5356738199462));
#10121=CARTESIAN_POINT('Origin',(1.69717819898685E-7,48.7070002564121,27.6776261924357));
#10122=CARTESIAN_POINT('',(1.69717819325146E-7,48.7070002564121,23.2276261924357));
#10123=CARTESIAN_POINT('Origin',(6.06213220407378,85.8920634971008,32.6897813784024));
#10124=CARTESIAN_POINT('',(5.00000016971782,66.5920697703988,33.7518947988641));
#10125=CARTESIAN_POINT('',(5.79962859242331,66.5920697703989,32.9522661909454));
#10126=CARTESIAN_POINT('',(5.00000016971782,75.7420605167846,33.7519040131994));
#10127=CARTESIAN_POINT('Origin',(-0.0999992179760593,66.2920697703988,27.6776261924357));
#10128=CARTESIAN_POINT('',(5.00000016971782,66.2920697703988,21.6033616500544));
#10129=CARTESIAN_POINT('',(5.00000016971782,66.2920697703988,37.6776261924357));
#10130=CARTESIAN_POINT('',(3.4742641417625,66.2920697703988,20.0776256704327));
#10131=CARTESIAN_POINT('',(5.77463177231376,66.2920697703988,22.377993300984));
#10132=CARTESIAN_POINT('',(-3.47426380232687,66.2920697703988,20.0776256704327));
#10133=CARTESIAN_POINT('',(-0.0499995241291222,66.2920697703988,20.0776257670999));
#10134=CARTESIAN_POINT('',(-5.82463112672507,66.2920697703988,22.4279929948309));
#10135=CARTESIAN_POINT('Origin',(5.00000016971782,65.5920697703988,21.6033616500544));
#10136=CARTESIAN_POINT('',(5.00000016971782,66.5920697703988,21.6033616500544));
#10137=CARTESIAN_POINT('',(5.00000016971782,79.7420670747978,21.603360301547));
#10138=CARTESIAN_POINT('',(5.00000016971782,66.5920697703988,24.6404939212451));
#10139=CARTESIAN_POINT('Origin',(1.69717815529835E-7,76.8920694513969,20.0776246457602));
#10140=CARTESIAN_POINT('',(3.47426423842972,85.3920668415525,20.0776238240891));
#10141=CARTESIAN_POINT('',(-3.47426389899409,85.3920668415525,20.0776238240891));
#10142=CARTESIAN_POINT('Origin',(-6.06213186463815,93.89206448187,22.6654909680621));
#10143=CARTESIAN_POINT('Origin',(-8.27499890590703,87.295950180329,48.8745849271763));
#10144=CARTESIAN_POINT('',(-8.13749890595961,88.8995035709223,50.4781383177695));
#10145=CARTESIAN_POINT('Origin',(-7.9999989060122,69.4507810017757,50.4781383177695));
#10146=CARTESIAN_POINT('Origin',(12.7499989600333,70.3524640596055,72.6710365838297));
#10147=CARTESIAN_POINT('Origin',(1.69717815265532E-7,66.5920697703988,27.6776261924357));
#10148=CARTESIAN_POINT('',(5.79963163373731,66.5920697703989,22.4029931334074));
#10149=CARTESIAN_POINT('Origin',(6.06213220407377,93.89206448187,22.6654909680621));
#10150=CARTESIAN_POINT('Origin',(10.1500006006732,76.6917815931785,31.3103943242815));
#10151=CARTESIAN_POINT('',(9.44289344782326,76.6917815931785,33.5335612595388));
#10152=CARTESIAN_POINT('Origin',(9.79644683841655,77.0453349837718,33.5335612595388));
#10153=UNCERTAINTY_MEASURE_WITH_UNIT(LENGTH_MEASURE(0.01),#10157,
'DISTANCE_ACCURACY_VALUE',
'Maximum model space distance between geometric entities at asserted c
onnectivities');
#10154=UNCERTAINTY_MEASURE_WITH_UNIT(LENGTH_MEASURE(0.01),#10157,
'DISTANCE_ACCURACY_VALUE',
'Maximum model space distance between geometric entities at asserted c
onnectivities');
#10155=(
GEOMETRIC_REPRESENTATION_CONTEXT(3)
GLOBAL_UNCERTAINTY_ASSIGNED_CONTEXT((#10153))
GLOBAL_UNIT_ASSIGNED_CONTEXT((#10157,#10158,#10159))
REPRESENTATION_CONTEXT('','3D')
);
#10156=(
GEOMETRIC_REPRESENTATION_CONTEXT(3)
GLOBAL_UNCERTAINTY_ASSIGNED_CONTEXT((#10154))
GLOBAL_UNIT_ASSIGNED_CONTEXT((#10157,#10158,#10159))
REPRESENTATION_CONTEXT('','3D')
);
#10157=(
LENGTH_UNIT()
NAMED_UNIT(*)
SI_UNIT(.MILLI.,.METRE.)
);
#10158=(
NAMED_UNIT(*)
PLANE_ANGLE_UNIT()
SI_UNIT($,.RADIAN.)
);
#10159=(
NAMED_UNIT(*)
SI_UNIT($,.STERADIAN.)
SOLID_ANGLE_UNIT()
);
#10160=SHAPE_DEFINITION_REPRESENTATION(#10161,#10162);
#10161=PRODUCT_DEFINITION_SHAPE('',$,#10164);
#10162=SHAPE_REPRESENTATION('',(#3664),#10155);
#10163=PRODUCT_DEFINITION_CONTEXT('part definition',#10168,'design');
#10164=PRODUCT_DEFINITION('16. Front Housing','16. Front Housing',#10165,
#10163);
#10165=PRODUCT_DEFINITION_FORMATION('',$,#10170);
#10166=PRODUCT_RELATED_PRODUCT_CATEGORY('16. Front Housing',
'16. Front Housing',(#10170));
#10167=APPLICATION_PROTOCOL_DEFINITION('international standard',
'automotive_design',2009,#10168);
#10168=APPLICATION_CONTEXT(
'Core Data for Automotive Mechanical Design Process');
#10169=PRODUCT_CONTEXT('part definition',#10168,'mechanical');
#10170=PRODUCT('16. Front Housing','16. Front Housing',$,(#10169));
#10171=PRESENTATION_STYLE_ASSIGNMENT((#10173));
#10172=PRESENTATION_STYLE_ASSIGNMENT((#10174));
#10173=SURFACE_STYLE_USAGE(.BOTH.,#10175);
#10174=SURFACE_STYLE_USAGE(.BOTH.,#10176);
#10175=SURFACE_SIDE_STYLE('',(#10177));
#10176=SURFACE_SIDE_STYLE('',(#10178));
#10177=SURFACE_STYLE_FILL_AREA(#10179);
#10178=SURFACE_STYLE_FILL_AREA(#10180);
#10179=FILL_AREA_STYLE('Steel - Satin',(#10181));
#10180=FILL_AREA_STYLE('Plastic - Matte (Black) (1)',(#10182));
#10181=FILL_AREA_STYLE_COLOUR('Steel - Satin',#10183);
#10182=FILL_AREA_STYLE_COLOUR('Plastic - Matte (Black) (1)',#10184);
#10183=COLOUR_RGB('Steel - Satin',0.627450980392157,0.627450980392157,0.627450980392157);
#10184=COLOUR_RGB('Plastic - Matte (Black) (1)',0.0980392156862745,0.0980392156862745,
0.0980392156862745);
ENDSEC;
END-ISO-10303-21;
