ISO-10303-21;
HEADER;
/* Generated by software containing ST-Developer
 * from STEP Tools, Inc. (www.steptools.com) 
 */

FILE_DESCRIPTION(
/* description */ (''),
/* implementation_level */ '2;1');

FILE_NAME(
/* name */ '18. Hop Up Unit Left.step',
/* time_stamp */ '2025-10-08T23:23:18+01:00',
/* author */ (''),
/* organization */ (''),
/* preprocessor_version */ 'ST-DEVELOPER v20.1',
/* originating_system */ 'Autodesk Translation Framework v14.10.0.0',
/* authorisation */ '');

FILE_SCHEMA (('AUTOMOTIVE_DESIGN { 1 0 10303 214 3 1 1 }'));
ENDSEC;

DATA;
#10=MECHANICAL_DESIGN_GEOMETRIC_PRESENTATION_REPRESENTATION('',(#13),#6171);
#11=SHAPE_REPRESENTATION_RELATIONSHIP('SRR','None',#6178,#12);
#12=ADVANCED_BREP_SHAPE_REPRESENTATION('',(#14),#6170);
#13=STYLED_ITEM('',(#6188),#14);
#14=MANIFOLD_SOLID_BREP('18. Hop Up Unit Left',#3793);
#15=B_SPLINE_CURVE_WITH_KNOTS('',3,(#5852,#5853,#5854,#5855,#5856,#5857),
 .UNSPECIFIED.,.F.,.F.,(4,2,4),(0.530456927489575,0.660320303157185,0.790183908158942),
 .UNSPECIFIED.);
#16=B_SPLINE_CURVE_WITH_KNOTS('',3,(#5876,#5877,#5878,#5879,#5880,#5881,
#5882,#5883,#5884,#5885),.UNSPECIFIED.,.F.,.F.,(4,2,2,2,4),(0.661024991491589,
0.674226642718706,0.770735155941002,0.867243669163299,0.880445320390414),
 .UNSPECIFIED.);
#17=B_SPLINE_CURVE_WITH_KNOTS('',3,(#5938,#5939,#5940,#5941,#5942,#5943),
 .UNSPECIFIED.,.F.,.F.,(4,2,4),(0.27072922207508,0.400592830266584,0.530456231109974),
 .UNSPECIFIED.);
#18=ELLIPSE('',#3965,5.51543289325507,3.9);
#19=ELLIPSE('',#3969,5.51543289325507,3.9);
#20=ELLIPSE('',#3977,7.70746391493337,5.45);
#21=ELLIPSE('',#3978,6.01040764008565,4.25);
#22=ELLIPSE('',#3979,6.01040764008565,4.25);
#23=ELLIPSE('',#3980,7.70746391493337,5.45);
#24=CYLINDRICAL_SURFACE('',#3851,1.70000000000002);
#25=CYLINDRICAL_SURFACE('',#3854,1.7);
#26=CYLINDRICAL_SURFACE('',#3864,4.75);
#27=CYLINDRICAL_SURFACE('',#3883,1.5);
#28=CYLINDRICAL_SURFACE('',#3914,2.79999999999999);
#29=CYLINDRICAL_SURFACE('',#3918,2.79999999999999);
#30=CYLINDRICAL_SURFACE('',#3946,2.8);
#31=CYLINDRICAL_SURFACE('',#3947,1.49999999999999);
#32=CYLINDRICAL_SURFACE('',#3967,3.25);
#33=CYLINDRICAL_SURFACE('',#3970,4.75);
#34=CYLINDRICAL_SURFACE('',#3984,5.45);
#35=CYLINDRICAL_SURFACE('',#3986,3.25);
#36=CYLINDRICAL_SURFACE('',#4000,2.50000000000001);
#37=CYLINDRICAL_SURFACE('',#4010,4.3);
#38=CYLINDRICAL_SURFACE('',#4015,4.25);
#39=CYLINDRICAL_SURFACE('',#4017,3.9);
#40=CYLINDRICAL_SURFACE('',#4025,4.25);
#41=CYLINDRICAL_SURFACE('',#4029,3.9);
#42=CYLINDRICAL_SURFACE('',#4036,2.5);
#43=CYLINDRICAL_SURFACE('',#4039,4.3);
#44=CYLINDRICAL_SURFACE('',#4045,3.9);
#45=CYLINDRICAL_SURFACE('',#4046,1.5);
#46=CYLINDRICAL_SURFACE('',#4059,5.45);
#47=CONICAL_SURFACE('',#3849,1.95000000000001,0.785398163397453);
#48=CONICAL_SURFACE('',#3852,1.95,0.785398163397451);
#49=FACE_BOUND('',#320,.T.);
#50=FACE_BOUND('',#321,.T.);
#51=FACE_BOUND('',#322,.T.);
#52=FACE_BOUND('',#336,.T.);
#53=FACE_BOUND('',#354,.T.);
#54=FACE_BOUND('',#355,.T.);
#55=FACE_BOUND('',#366,.T.);
#56=FACE_BOUND('',#406,.T.);
#57=FACE_BOUND('',#407,.T.);
#58=FACE_BOUND('',#430,.T.);
#59=FACE_BOUND('',#456,.T.);
#60=FACE_BOUND('',#475,.T.);
#61=FACE_BOUND('',#478,.T.);
#62=CIRCLE('',#3809,2.79999999999999);
#63=CIRCLE('',#3810,2.79999999999999);
#64=CIRCLE('',#3811,2.20000000000001);
#65=CIRCLE('',#3812,2.8);
#66=CIRCLE('',#3813,2.2);
#67=CIRCLE('',#3818,5.45);
#68=CIRCLE('',#3819,5.45);
#69=CIRCLE('',#3830,2.5);
#70=CIRCLE('',#3847,1.5);
#71=CIRCLE('',#3848,1.70000000000002);
#72=CIRCLE('',#3850,1.70000000000002);
#73=CIRCLE('',#3853,1.7);
#74=CIRCLE('',#3855,1.7);
#75=CIRCLE('',#3862,1.5);
#76=CIRCLE('',#3865,4.75);
#77=CIRCLE('',#3866,4.75);
#78=CIRCLE('',#3870,3.25);
#79=CIRCLE('',#3871,3.25);
#80=CIRCLE('',#3881,1.5);
#81=CIRCLE('',#3882,2.79999999999999);
#82=CIRCLE('',#3884,1.5);
#83=CIRCLE('',#3885,1.5);
#84=CIRCLE('',#3886,1.5);
#85=CIRCLE('',#3887,1.5);
#86=CIRCLE('',#3912,1.49999999999999);
#87=CIRCLE('',#3915,2.79999999999999);
#88=CIRCLE('',#3916,2.79999999999999);
#89=CIRCLE('',#3919,2.79999999999999);
#90=CIRCLE('',#3920,2.79999999999999);
#91=CIRCLE('',#3921,2.79999999999999);
#92=CIRCLE('',#3927,1.49999999999999);
#93=CIRCLE('',#3929,1.49999999999999);
#94=CIRCLE('',#3931,1.49999999999999);
#95=CIRCLE('',#3933,1.49999999999999);
#96=CIRCLE('',#3936,2.8);
#97=CIRCLE('',#3940,2.8);
#98=CIRCLE('',#3942,2.8);
#99=CIRCLE('',#3943,2.8);
#100=CIRCLE('',#3945,2.8);
#101=CIRCLE('',#3971,4.75);
#102=CIRCLE('',#3972,4.75);
#103=CIRCLE('',#3973,4.75);
#104=CIRCLE('',#3974,4.75);
#105=CIRCLE('',#3982,5.45);
#106=CIRCLE('',#3983,4.25);
#107=CIRCLE('',#4001,2.50000000000001);
#108=CIRCLE('',#4011,4.3);
#109=CIRCLE('',#4012,4.3);
#110=CIRCLE('',#4016,4.25);
#111=CIRCLE('',#4018,3.9);
#112=CIRCLE('',#4023,4.25);
#113=CIRCLE('',#4024,5.45);
#114=CIRCLE('',#4026,4.25);
#115=CIRCLE('',#4028,3.9);
#116=CIRCLE('',#4030,3.9);
#117=CIRCLE('',#4035,2.5);
#118=CIRCLE('',#4040,4.3);
#119=CIRCLE('',#4041,4.3);
#120=CIRCLE('',#4044,3.9);
#121=CIRCLE('',#4047,1.5);
#122=CIRCLE('',#4048,1.5);
#123=CIRCLE('',#4049,1.5);
#124=CIRCLE('',#4050,1.5);
#125=FACE_OUTER_BOUND('',#318,.T.);
#126=FACE_OUTER_BOUND('',#319,.T.);
#127=FACE_OUTER_BOUND('',#323,.T.);
#128=FACE_OUTER_BOUND('',#324,.T.);
#129=FACE_OUTER_BOUND('',#325,.T.);
#130=FACE_OUTER_BOUND('',#326,.T.);
#131=FACE_OUTER_BOUND('',#327,.T.);
#132=FACE_OUTER_BOUND('',#328,.T.);
#133=FACE_OUTER_BOUND('',#329,.T.);
#134=FACE_OUTER_BOUND('',#330,.T.);
#135=FACE_OUTER_BOUND('',#331,.T.);
#136=FACE_OUTER_BOUND('',#332,.T.);
#137=FACE_OUTER_BOUND('',#333,.T.);
#138=FACE_OUTER_BOUND('',#334,.T.);
#139=FACE_OUTER_BOUND('',#335,.T.);
#140=FACE_OUTER_BOUND('',#337,.T.);
#141=FACE_OUTER_BOUND('',#338,.T.);
#142=FACE_OUTER_BOUND('',#339,.T.);
#143=FACE_OUTER_BOUND('',#340,.T.);
#144=FACE_OUTER_BOUND('',#341,.T.);
#145=FACE_OUTER_BOUND('',#342,.T.);
#146=FACE_OUTER_BOUND('',#343,.T.);
#147=FACE_OUTER_BOUND('',#344,.T.);
#148=FACE_OUTER_BOUND('',#345,.T.);
#149=FACE_OUTER_BOUND('',#346,.T.);
#150=FACE_OUTER_BOUND('',#347,.T.);
#151=FACE_OUTER_BOUND('',#348,.T.);
#152=FACE_OUTER_BOUND('',#349,.T.);
#153=FACE_OUTER_BOUND('',#350,.T.);
#154=FACE_OUTER_BOUND('',#351,.T.);
#155=FACE_OUTER_BOUND('',#352,.T.);
#156=FACE_OUTER_BOUND('',#353,.T.);
#157=FACE_OUTER_BOUND('',#356,.T.);
#158=FACE_OUTER_BOUND('',#357,.T.);
#159=FACE_OUTER_BOUND('',#358,.T.);
#160=FACE_OUTER_BOUND('',#359,.T.);
#161=FACE_OUTER_BOUND('',#360,.T.);
#162=FACE_OUTER_BOUND('',#361,.T.);
#163=FACE_OUTER_BOUND('',#362,.T.);
#164=FACE_OUTER_BOUND('',#363,.T.);
#165=FACE_OUTER_BOUND('',#364,.T.);
#166=FACE_OUTER_BOUND('',#365,.T.);
#167=FACE_OUTER_BOUND('',#367,.T.);
#168=FACE_OUTER_BOUND('',#368,.T.);
#169=FACE_OUTER_BOUND('',#369,.T.);
#170=FACE_OUTER_BOUND('',#370,.T.);
#171=FACE_OUTER_BOUND('',#371,.T.);
#172=FACE_OUTER_BOUND('',#372,.T.);
#173=FACE_OUTER_BOUND('',#373,.T.);
#174=FACE_OUTER_BOUND('',#374,.T.);
#175=FACE_OUTER_BOUND('',#375,.T.);
#176=FACE_OUTER_BOUND('',#376,.T.);
#177=FACE_OUTER_BOUND('',#377,.T.);
#178=FACE_OUTER_BOUND('',#378,.T.);
#179=FACE_OUTER_BOUND('',#379,.T.);
#180=FACE_OUTER_BOUND('',#380,.T.);
#181=FACE_OUTER_BOUND('',#381,.T.);
#182=FACE_OUTER_BOUND('',#382,.T.);
#183=FACE_OUTER_BOUND('',#383,.T.);
#184=FACE_OUTER_BOUND('',#384,.T.);
#185=FACE_OUTER_BOUND('',#385,.T.);
#186=FACE_OUTER_BOUND('',#386,.T.);
#187=FACE_OUTER_BOUND('',#387,.T.);
#188=FACE_OUTER_BOUND('',#388,.T.);
#189=FACE_OUTER_BOUND('',#389,.T.);
#190=FACE_OUTER_BOUND('',#390,.T.);
#191=FACE_OUTER_BOUND('',#391,.T.);
#192=FACE_OUTER_BOUND('',#392,.T.);
#193=FACE_OUTER_BOUND('',#393,.T.);
#194=FACE_OUTER_BOUND('',#394,.T.);
#195=FACE_OUTER_BOUND('',#395,.T.);
#196=FACE_OUTER_BOUND('',#396,.T.);
#197=FACE_OUTER_BOUND('',#397,.T.);
#198=FACE_OUTER_BOUND('',#398,.T.);
#199=FACE_OUTER_BOUND('',#399,.T.);
#200=FACE_OUTER_BOUND('',#400,.T.);
#201=FACE_OUTER_BOUND('',#401,.T.);
#202=FACE_OUTER_BOUND('',#402,.T.);
#203=FACE_OUTER_BOUND('',#403,.T.);
#204=FACE_OUTER_BOUND('',#404,.T.);
#205=FACE_OUTER_BOUND('',#405,.T.);
#206=FACE_OUTER_BOUND('',#408,.T.);
#207=FACE_OUTER_BOUND('',#409,.T.);
#208=FACE_OUTER_BOUND('',#410,.T.);
#209=FACE_OUTER_BOUND('',#411,.T.);
#210=FACE_OUTER_BOUND('',#412,.T.);
#211=FACE_OUTER_BOUND('',#413,.T.);
#212=FACE_OUTER_BOUND('',#414,.T.);
#213=FACE_OUTER_BOUND('',#415,.T.);
#214=FACE_OUTER_BOUND('',#416,.T.);
#215=FACE_OUTER_BOUND('',#417,.T.);
#216=FACE_OUTER_BOUND('',#418,.T.);
#217=FACE_OUTER_BOUND('',#419,.T.);
#218=FACE_OUTER_BOUND('',#420,.T.);
#219=FACE_OUTER_BOUND('',#421,.T.);
#220=FACE_OUTER_BOUND('',#422,.T.);
#221=FACE_OUTER_BOUND('',#423,.T.);
#222=FACE_OUTER_BOUND('',#424,.T.);
#223=FACE_OUTER_BOUND('',#425,.T.);
#224=FACE_OUTER_BOUND('',#426,.T.);
#225=FACE_OUTER_BOUND('',#427,.T.);
#226=FACE_OUTER_BOUND('',#428,.T.);
#227=FACE_OUTER_BOUND('',#429,.T.);
#228=FACE_OUTER_BOUND('',#431,.T.);
#229=FACE_OUTER_BOUND('',#432,.T.);
#230=FACE_OUTER_BOUND('',#433,.T.);
#231=FACE_OUTER_BOUND('',#434,.T.);
#232=FACE_OUTER_BOUND('',#435,.T.);
#233=FACE_OUTER_BOUND('',#436,.T.);
#234=FACE_OUTER_BOUND('',#437,.T.);
#235=FACE_OUTER_BOUND('',#438,.T.);
#236=FACE_OUTER_BOUND('',#439,.T.);
#237=FACE_OUTER_BOUND('',#440,.T.);
#238=FACE_OUTER_BOUND('',#441,.T.);
#239=FACE_OUTER_BOUND('',#442,.T.);
#240=FACE_OUTER_BOUND('',#443,.T.);
#241=FACE_OUTER_BOUND('',#444,.T.);
#242=FACE_OUTER_BOUND('',#445,.T.);
#243=FACE_OUTER_BOUND('',#446,.T.);
#244=FACE_OUTER_BOUND('',#447,.T.);
#245=FACE_OUTER_BOUND('',#448,.T.);
#246=FACE_OUTER_BOUND('',#449,.T.);
#247=FACE_OUTER_BOUND('',#450,.T.);
#248=FACE_OUTER_BOUND('',#451,.T.);
#249=FACE_OUTER_BOUND('',#452,.T.);
#250=FACE_OUTER_BOUND('',#453,.T.);
#251=FACE_OUTER_BOUND('',#454,.T.);
#252=FACE_OUTER_BOUND('',#455,.T.);
#253=FACE_OUTER_BOUND('',#457,.T.);
#254=FACE_OUTER_BOUND('',#458,.T.);
#255=FACE_OUTER_BOUND('',#459,.T.);
#256=FACE_OUTER_BOUND('',#460,.T.);
#257=FACE_OUTER_BOUND('',#461,.T.);
#258=FACE_OUTER_BOUND('',#462,.T.);
#259=FACE_OUTER_BOUND('',#463,.T.);
#260=FACE_OUTER_BOUND('',#464,.T.);
#261=FACE_OUTER_BOUND('',#465,.T.);
#262=FACE_OUTER_BOUND('',#466,.T.);
#263=FACE_OUTER_BOUND('',#467,.T.);
#264=FACE_OUTER_BOUND('',#468,.T.);
#265=FACE_OUTER_BOUND('',#469,.T.);
#266=FACE_OUTER_BOUND('',#470,.T.);
#267=FACE_OUTER_BOUND('',#471,.T.);
#268=FACE_OUTER_BOUND('',#472,.T.);
#269=FACE_OUTER_BOUND('',#473,.T.);
#270=FACE_OUTER_BOUND('',#474,.T.);
#271=FACE_OUTER_BOUND('',#476,.T.);
#272=FACE_OUTER_BOUND('',#477,.T.);
#273=FACE_OUTER_BOUND('',#479,.T.);
#274=FACE_OUTER_BOUND('',#480,.T.);
#275=FACE_OUTER_BOUND('',#481,.T.);
#276=FACE_OUTER_BOUND('',#482,.T.);
#277=FACE_OUTER_BOUND('',#483,.T.);
#278=FACE_OUTER_BOUND('',#484,.T.);
#279=FACE_OUTER_BOUND('',#485,.T.);
#280=FACE_OUTER_BOUND('',#486,.T.);
#281=FACE_OUTER_BOUND('',#487,.T.);
#282=FACE_OUTER_BOUND('',#488,.T.);
#283=FACE_OUTER_BOUND('',#489,.T.);
#284=FACE_OUTER_BOUND('',#490,.T.);
#285=FACE_OUTER_BOUND('',#491,.T.);
#286=FACE_OUTER_BOUND('',#492,.T.);
#287=FACE_OUTER_BOUND('',#493,.T.);
#288=FACE_OUTER_BOUND('',#494,.T.);
#289=FACE_OUTER_BOUND('',#495,.T.);
#290=FACE_OUTER_BOUND('',#496,.T.);
#291=FACE_OUTER_BOUND('',#497,.T.);
#292=FACE_OUTER_BOUND('',#498,.T.);
#293=FACE_OUTER_BOUND('',#499,.T.);
#294=FACE_OUTER_BOUND('',#500,.T.);
#295=FACE_OUTER_BOUND('',#501,.T.);
#296=FACE_OUTER_BOUND('',#502,.T.);
#297=FACE_OUTER_BOUND('',#503,.T.);
#298=FACE_OUTER_BOUND('',#504,.T.);
#299=FACE_OUTER_BOUND('',#505,.T.);
#300=FACE_OUTER_BOUND('',#506,.T.);
#301=FACE_OUTER_BOUND('',#507,.T.);
#302=FACE_OUTER_BOUND('',#508,.T.);
#303=FACE_OUTER_BOUND('',#509,.T.);
#304=FACE_OUTER_BOUND('',#510,.T.);
#305=FACE_OUTER_BOUND('',#511,.T.);
#306=FACE_OUTER_BOUND('',#512,.T.);
#307=FACE_OUTER_BOUND('',#513,.T.);
#308=FACE_OUTER_BOUND('',#514,.T.);
#309=FACE_OUTER_BOUND('',#515,.T.);
#310=FACE_OUTER_BOUND('',#516,.T.);
#311=FACE_OUTER_BOUND('',#517,.T.);
#312=FACE_OUTER_BOUND('',#518,.T.);
#313=FACE_OUTER_BOUND('',#519,.T.);
#314=FACE_OUTER_BOUND('',#520,.T.);
#315=FACE_OUTER_BOUND('',#521,.T.);
#316=FACE_OUTER_BOUND('',#522,.T.);
#317=FACE_OUTER_BOUND('',#523,.T.);
#318=EDGE_LOOP('',(#2352,#2353,#2354,#2355));
#319=EDGE_LOOP('',(#2356,#2357,#2358,#2359,#2360,#2361,#2362,#2363,#2364,
#2365,#2366,#2367,#2368,#2369,#2370,#2371,#2372,#2373,#2374));
#320=EDGE_LOOP('',(#2375));
#321=EDGE_LOOP('',(#2376));
#322=EDGE_LOOP('',(#2377));
#323=EDGE_LOOP('',(#2378,#2379,#2380,#2381));
#324=EDGE_LOOP('',(#2382,#2383,#2384,#2385));
#325=EDGE_LOOP('',(#2386,#2387,#2388,#2389,#2390));
#326=EDGE_LOOP('',(#2391,#2392,#2393,#2394,#2395,#2396,#2397,#2398,#2399,
#2400,#2401,#2402));
#327=EDGE_LOOP('',(#2403,#2404,#2405,#2406,#2407,#2408));
#328=EDGE_LOOP('',(#2409,#2410,#2411,#2412,#2413));
#329=EDGE_LOOP('',(#2414,#2415,#2416,#2417));
#330=EDGE_LOOP('',(#2418,#2419,#2420,#2421));
#331=EDGE_LOOP('',(#2422,#2423,#2424,#2425,#2426,#2427,#2428));
#332=EDGE_LOOP('',(#2429,#2430,#2431,#2432,#2433,#2434,#2435,#2436,#2437));
#333=EDGE_LOOP('',(#2438,#2439,#2440,#2441));
#334=EDGE_LOOP('',(#2442,#2443,#2444,#2445));
#335=EDGE_LOOP('',(#2446,#2447,#2448,#2449,#2450,#2451,#2452,#2453,#2454,
#2455,#2456,#2457,#2458,#2459,#2460,#2461));
#336=EDGE_LOOP('',(#2462,#2463,#2464,#2465,#2466,#2467,#2468,#2469,#2470,
#2471,#2472,#2473,#2474,#2475,#2476));
#337=EDGE_LOOP('',(#2477,#2478,#2479,#2480,#2481,#2482,#2483,#2484));
#338=EDGE_LOOP('',(#2485,#2486,#2487,#2488));
#339=EDGE_LOOP('',(#2489,#2490,#2491,#2492));
#340=EDGE_LOOP('',(#2493,#2494,#2495,#2496));
#341=EDGE_LOOP('',(#2497,#2498,#2499,#2500));
#342=EDGE_LOOP('',(#2501,#2502,#2503,#2504));
#343=EDGE_LOOP('',(#2505,#2506,#2507,#2508));
#344=EDGE_LOOP('',(#2509,#2510,#2511,#2512));
#345=EDGE_LOOP('',(#2513,#2514,#2515,#2516));
#346=EDGE_LOOP('',(#2517,#2518,#2519,#2520));
#347=EDGE_LOOP('',(#2521,#2522,#2523,#2524));
#348=EDGE_LOOP('',(#2525,#2526,#2527,#2528));
#349=EDGE_LOOP('',(#2529,#2530,#2531,#2532));
#350=EDGE_LOOP('',(#2533,#2534,#2535,#2536));
#351=EDGE_LOOP('',(#2537,#2538,#2539,#2540));
#352=EDGE_LOOP('',(#2541,#2542,#2543,#2544));
#353=EDGE_LOOP('',(#2545,#2546,#2547,#2548,#2549,#2550,#2551,#2552,#2553,
#2554,#2555,#2556,#2557,#2558,#2559));
#354=EDGE_LOOP('',(#2560));
#355=EDGE_LOOP('',(#2561));
#356=EDGE_LOOP('',(#2562,#2563,#2564,#2565));
#357=EDGE_LOOP('',(#2566,#2567,#2568,#2569));
#358=EDGE_LOOP('',(#2570,#2571,#2572,#2573));
#359=EDGE_LOOP('',(#2574,#2575,#2576,#2577));
#360=EDGE_LOOP('',(#2578,#2579,#2580,#2581,#2582));
#361=EDGE_LOOP('',(#2583,#2584,#2585,#2586,#2587));
#362=EDGE_LOOP('',(#2588,#2589,#2590,#2591,#2592));
#363=EDGE_LOOP('',(#2593,#2594,#2595,#2596,#2597,#2598,#2599,#2600));
#364=EDGE_LOOP('',(#2601,#2602,#2603,#2604,#2605,#2606,#2607,#2608,#2609,
#2610,#2611,#2612));
#365=EDGE_LOOP('',(#2613,#2614,#2615,#2616,#2617,#2618,#2619,#2620));
#366=EDGE_LOOP('',(#2621));
#367=EDGE_LOOP('',(#2622,#2623,#2624,#2625));
#368=EDGE_LOOP('',(#2626,#2627,#2628,#2629));
#369=EDGE_LOOP('',(#2630,#2631,#2632,#2633,#2634,#2635));
#370=EDGE_LOOP('',(#2636,#2637,#2638,#2639));
#371=EDGE_LOOP('',(#2640,#2641,#2642,#2643,#2644,#2645,#2646,#2647,#2648,
#2649));
#372=EDGE_LOOP('',(#2650,#2651,#2652,#2653,#2654));
#373=EDGE_LOOP('',(#2655,#2656,#2657,#2658,#2659));
#374=EDGE_LOOP('',(#2660,#2661,#2662,#2663,#2664));
#375=EDGE_LOOP('',(#2665,#2666,#2667,#2668,#2669));
#376=EDGE_LOOP('',(#2670,#2671,#2672,#2673));
#377=EDGE_LOOP('',(#2674,#2675,#2676,#2677,#2678));
#378=EDGE_LOOP('',(#2679,#2680,#2681,#2682));
#379=EDGE_LOOP('',(#2683,#2684,#2685,#2686,#2687,#2688,#2689));
#380=EDGE_LOOP('',(#2690,#2691,#2692,#2693,#2694,#2695,#2696));
#381=EDGE_LOOP('',(#2697,#2698,#2699,#2700,#2701,#2702,#2703,#2704,#2705,
#2706));
#382=EDGE_LOOP('',(#2707,#2708,#2709,#2710));
#383=EDGE_LOOP('',(#2711,#2712,#2713,#2714));
#384=EDGE_LOOP('',(#2715,#2716,#2717,#2718));
#385=EDGE_LOOP('',(#2719,#2720,#2721,#2722));
#386=EDGE_LOOP('',(#2723,#2724,#2725,#2726));
#387=EDGE_LOOP('',(#2727,#2728,#2729,#2730));
#388=EDGE_LOOP('',(#2731,#2732,#2733,#2734));
#389=EDGE_LOOP('',(#2735,#2736,#2737,#2738));
#390=EDGE_LOOP('',(#2739,#2740,#2741,#2742));
#391=EDGE_LOOP('',(#2743,#2744,#2745,#2746));
#392=EDGE_LOOP('',(#2747,#2748,#2749,#2750));
#393=EDGE_LOOP('',(#2751,#2752,#2753,#2754));
#394=EDGE_LOOP('',(#2755,#2756,#2757,#2758));
#395=EDGE_LOOP('',(#2759,#2760,#2761,#2762));
#396=EDGE_LOOP('',(#2763,#2764,#2765,#2766));
#397=EDGE_LOOP('',(#2767,#2768,#2769,#2770));
#398=EDGE_LOOP('',(#2771,#2772,#2773,#2774));
#399=EDGE_LOOP('',(#2775,#2776,#2777,#2778));
#400=EDGE_LOOP('',(#2779,#2780,#2781,#2782));
#401=EDGE_LOOP('',(#2783,#2784,#2785,#2786));
#402=EDGE_LOOP('',(#2787,#2788,#2789,#2790));
#403=EDGE_LOOP('',(#2791,#2792,#2793,#2794));
#404=EDGE_LOOP('',(#2795,#2796,#2797,#2798));
#405=EDGE_LOOP('',(#2799,#2800,#2801,#2802,#2803,#2804,#2805,#2806,#2807,
#2808,#2809,#2810,#2811,#2812));
#406=EDGE_LOOP('',(#2813));
#407=EDGE_LOOP('',(#2814));
#408=EDGE_LOOP('',(#2815,#2816,#2817));
#409=EDGE_LOOP('',(#2818,#2819,#2820,#2821,#2822,#2823,#2824,#2825));
#410=EDGE_LOOP('',(#2826,#2827,#2828,#2829));
#411=EDGE_LOOP('',(#2830,#2831,#2832,#2833,#2834,#2835,#2836,#2837));
#412=EDGE_LOOP('',(#2838,#2839,#2840,#2841,#2842,#2843,#2844));
#413=EDGE_LOOP('',(#2845,#2846,#2847,#2848,#2849,#2850,#2851));
#414=EDGE_LOOP('',(#2852,#2853,#2854,#2855));
#415=EDGE_LOOP('',(#2856,#2857,#2858,#2859,#2860));
#416=EDGE_LOOP('',(#2861,#2862,#2863));
#417=EDGE_LOOP('',(#2864,#2865,#2866));
#418=EDGE_LOOP('',(#2867,#2868,#2869));
#419=EDGE_LOOP('',(#2870,#2871,#2872));
#420=EDGE_LOOP('',(#2873,#2874,#2875,#2876,#2877));
#421=EDGE_LOOP('',(#2878,#2879,#2880,#2881));
#422=EDGE_LOOP('',(#2882,#2883,#2884,#2885,#2886,#2887,#2888,#2889,#2890));
#423=EDGE_LOOP('',(#2891,#2892,#2893,#2894,#2895,#2896,#2897,#2898,#2899));
#424=EDGE_LOOP('',(#2900,#2901,#2902,#2903));
#425=EDGE_LOOP('',(#2904,#2905,#2906));
#426=EDGE_LOOP('',(#2907,#2908));
#427=EDGE_LOOP('',(#2909,#2910,#2911,#2912,#2913,#2914,#2915,#2916,#2917,
#2918,#2919,#2920));
#428=EDGE_LOOP('',(#2921,#2922,#2923,#2924,#2925,#2926,#2927));
#429=EDGE_LOOP('',(#2928,#2929,#2930,#2931,#2932,#2933,#2934,#2935,#2936,
#2937,#2938,#2939,#2940,#2941,#2942,#2943));
#430=EDGE_LOOP('',(#2944,#2945,#2946,#2947,#2948,#2949,#2950,#2951,#2952,
#2953,#2954,#2955,#2956,#2957));
#431=EDGE_LOOP('',(#2958,#2959,#2960,#2961,#2962,#2963,#2964,#2965,#2966));
#432=EDGE_LOOP('',(#2967,#2968,#2969,#2970,#2971));
#433=EDGE_LOOP('',(#2972,#2973));
#434=EDGE_LOOP('',(#2974,#2975,#2976,#2977,#2978,#2979,#2980,#2981,#2982));
#435=EDGE_LOOP('',(#2983,#2984,#2985,#2986));
#436=EDGE_LOOP('',(#2987,#2988,#2989,#2990,#2991,#2992,#2993,#2994,#2995));
#437=EDGE_LOOP('',(#2996,#2997,#2998,#2999,#3000));
#438=EDGE_LOOP('',(#3001,#3002,#3003));
#439=EDGE_LOOP('',(#3004,#3005,#3006));
#440=EDGE_LOOP('',(#3007,#3008,#3009));
#441=EDGE_LOOP('',(#3010,#3011,#3012,#3013,#3014));
#442=EDGE_LOOP('',(#3015,#3016,#3017,#3018,#3019));
#443=EDGE_LOOP('',(#3020,#3021,#3022,#3023));
#444=EDGE_LOOP('',(#3024,#3025,#3026,#3027));
#445=EDGE_LOOP('',(#3028,#3029,#3030,#3031,#3032));
#446=EDGE_LOOP('',(#3033,#3034,#3035,#3036,#3037));
#447=EDGE_LOOP('',(#3038,#3039,#3040,#3041));
#448=EDGE_LOOP('',(#3042,#3043,#3044,#3045));
#449=EDGE_LOOP('',(#3046,#3047,#3048,#3049,#3050));
#450=EDGE_LOOP('',(#3051,#3052,#3053,#3054,#3055,#3056,#3057,#3058,#3059,
#3060));
#451=EDGE_LOOP('',(#3061,#3062,#3063,#3064));
#452=EDGE_LOOP('',(#3065,#3066,#3067,#3068,#3069,#3070,#3071,#3072,#3073,
#3074));
#453=EDGE_LOOP('',(#3075,#3076,#3077,#3078));
#454=EDGE_LOOP('',(#3079,#3080,#3081,#3082));
#455=EDGE_LOOP('',(#3083,#3084,#3085,#3086,#3087,#3088,#3089,#3090,#3091,
#3092,#3093,#3094,#3095,#3096,#3097,#3098));
#456=EDGE_LOOP('',(#3099,#3100,#3101,#3102,#3103,#3104,#3105,#3106));
#457=EDGE_LOOP('',(#3107,#3108,#3109,#3110));
#458=EDGE_LOOP('',(#3111,#3112,#3113,#3114));
#459=EDGE_LOOP('',(#3115,#3116,#3117,#3118));
#460=EDGE_LOOP('',(#3119,#3120,#3121,#3122));
#461=EDGE_LOOP('',(#3123,#3124,#3125,#3126));
#462=EDGE_LOOP('',(#3127,#3128,#3129,#3130));
#463=EDGE_LOOP('',(#3131,#3132,#3133,#3134));
#464=EDGE_LOOP('',(#3135,#3136,#3137,#3138));
#465=EDGE_LOOP('',(#3139,#3140,#3141,#3142));
#466=EDGE_LOOP('',(#3143,#3144,#3145,#3146));
#467=EDGE_LOOP('',(#3147,#3148,#3149,#3150));
#468=EDGE_LOOP('',(#3151,#3152,#3153,#3154));
#469=EDGE_LOOP('',(#3155,#3156,#3157,#3158));
#470=EDGE_LOOP('',(#3159,#3160,#3161,#3162));
#471=EDGE_LOOP('',(#3163,#3164,#3165,#3166));
#472=EDGE_LOOP('',(#3167,#3168,#3169,#3170));
#473=EDGE_LOOP('',(#3171,#3172,#3173,#3174));
#474=EDGE_LOOP('',(#3175,#3176,#3177,#3178));
#475=EDGE_LOOP('',(#3179,#3180,#3181,#3182));
#476=EDGE_LOOP('',(#3183,#3184,#3185,#3186));
#477=EDGE_LOOP('',(#3187,#3188,#3189,#3190));
#478=EDGE_LOOP('',(#3191,#3192,#3193,#3194));
#479=EDGE_LOOP('',(#3195,#3196,#3197,#3198));
#480=EDGE_LOOP('',(#3199,#3200,#3201,#3202));
#481=EDGE_LOOP('',(#3203,#3204,#3205,#3206));
#482=EDGE_LOOP('',(#3207,#3208,#3209,#3210));
#483=EDGE_LOOP('',(#3211,#3212,#3213,#3214));
#484=EDGE_LOOP('',(#3215,#3216,#3217,#3218,#3219,#3220,#3221,#3222));
#485=EDGE_LOOP('',(#3223,#3224,#3225,#3226,#3227));
#486=EDGE_LOOP('',(#3228,#3229,#3230,#3231,#3232));
#487=EDGE_LOOP('',(#3233,#3234,#3235,#3236));
#488=EDGE_LOOP('',(#3237,#3238,#3239,#3240));
#489=EDGE_LOOP('',(#3241,#3242,#3243,#3244));
#490=EDGE_LOOP('',(#3245,#3246,#3247,#3248));
#491=EDGE_LOOP('',(#3249,#3250,#3251,#3252,#3253));
#492=EDGE_LOOP('',(#3254,#3255,#3256,#3257,#3258,#3259,#3260,#3261,#3262,
#3263,#3264,#3265));
#493=EDGE_LOOP('',(#3266,#3267,#3268,#3269));
#494=EDGE_LOOP('',(#3270,#3271,#3272,#3273));
#495=EDGE_LOOP('',(#3274,#3275,#3276,#3277,#3278,#3279,#3280,#3281,#3282,
#3283));
#496=EDGE_LOOP('',(#3284,#3285,#3286,#3287));
#497=EDGE_LOOP('',(#3288,#3289,#3290,#3291,#3292,#3293));
#498=EDGE_LOOP('',(#3294,#3295,#3296,#3297));
#499=EDGE_LOOP('',(#3298,#3299,#3300,#3301));
#500=EDGE_LOOP('',(#3302,#3303,#3304,#3305));
#501=EDGE_LOOP('',(#3306,#3307,#3308,#3309));
#502=EDGE_LOOP('',(#3310,#3311,#3312,#3313,#3314,#3315,#3316,#3317,#3318,
#3319,#3320,#3321));
#503=EDGE_LOOP('',(#3322,#3323,#3324,#3325,#3326,#3327,#3328,#3329,#3330,
#3331,#3332,#3333));
#504=EDGE_LOOP('',(#3334,#3335,#3336,#3337,#3338));
#505=EDGE_LOOP('',(#3339,#3340,#3341,#3342,#3343,#3344,#3345));
#506=EDGE_LOOP('',(#3346,#3347,#3348,#3349));
#507=EDGE_LOOP('',(#3350,#3351,#3352,#3353));
#508=EDGE_LOOP('',(#3354,#3355,#3356,#3357));
#509=EDGE_LOOP('',(#3358,#3359,#3360,#3361));
#510=EDGE_LOOP('',(#3362,#3363,#3364,#3365,#3366,#3367,#3368,#3369,#3370,
#3371,#3372,#3373));
#511=EDGE_LOOP('',(#3374,#3375,#3376));
#512=EDGE_LOOP('',(#3377,#3378,#3379));
#513=EDGE_LOOP('',(#3380,#3381,#3382,#3383,#3384,#3385,#3386,#3387));
#514=EDGE_LOOP('',(#3388,#3389,#3390,#3391));
#515=EDGE_LOOP('',(#3392,#3393,#3394,#3395));
#516=EDGE_LOOP('',(#3396,#3397,#3398,#3399,#3400));
#517=EDGE_LOOP('',(#3401,#3402,#3403));
#518=EDGE_LOOP('',(#3404,#3405,#3406));
#519=EDGE_LOOP('',(#3407,#3408,#3409,#3410,#3411));
#520=EDGE_LOOP('',(#3412,#3413,#3414,#3415,#3416));
#521=EDGE_LOOP('',(#3417,#3418,#3419,#3420));
#522=EDGE_LOOP('',(#3421,#3422));
#523=EDGE_LOOP('',(#3423,#3424,#3425,#3426,#3427,#3428,#3429,#3430,#3431));
#524=LINE('',#5067,#992);
#525=LINE('',#5069,#993);
#526=LINE('',#5071,#994);
#527=LINE('',#5072,#995);
#528=LINE('',#5075,#996);
#529=LINE('',#5077,#997);
#530=LINE('',#5079,#998);
#531=LINE('',#5081,#999);
#532=LINE('',#5085,#1000);
#533=LINE('',#5087,#1001);
#534=LINE('',#5089,#1002);
#535=LINE('',#5091,#1003);
#536=LINE('',#5093,#1004);
#537=LINE('',#5095,#1005);
#538=LINE('',#5097,#1006);
#539=LINE('',#5099,#1007);
#540=LINE('',#5103,#1008);
#541=LINE('',#5105,#1009);
#542=LINE('',#5107,#1010);
#543=LINE('',#5108,#1011);
#544=LINE('',#5117,#1012);
#545=LINE('',#5119,#1013);
#546=LINE('',#5120,#1014);
#547=LINE('',#5123,#1015);
#548=LINE('',#5124,#1016);
#549=LINE('',#5128,#1017);
#550=LINE('',#5130,#1018);
#551=LINE('',#5132,#1019);
#552=LINE('',#5134,#1020);
#553=LINE('',#5135,#1021);
#554=LINE('',#5138,#1022);
#555=LINE('',#5140,#1023);
#556=LINE('',#5142,#1024);
#557=LINE('',#5144,#1025);
#558=LINE('',#5146,#1026);
#559=LINE('',#5150,#1027);
#560=LINE('',#5154,#1028);
#561=LINE('',#5156,#1029);
#562=LINE('',#5157,#1030);
#563=LINE('',#5159,#1031);
#564=LINE('',#5161,#1032);
#565=LINE('',#5162,#1033);
#566=LINE('',#5164,#1034);
#567=LINE('',#5168,#1035);
#568=LINE('',#5169,#1036);
#569=LINE('',#5170,#1037);
#570=LINE('',#5172,#1038);
#571=LINE('',#5175,#1039);
#572=LINE('',#5177,#1040);
#573=LINE('',#5179,#1041);
#574=LINE('',#5181,#1042);
#575=LINE('',#5182,#1043);
#576=LINE('',#5185,#1044);
#577=LINE('',#5187,#1045);
#578=LINE('',#5189,#1046);
#579=LINE('',#5191,#1047);
#580=LINE('',#5193,#1048);
#581=LINE('',#5195,#1049);
#582=LINE('',#5196,#1050);
#583=LINE('',#5199,#1051);
#584=LINE('',#5200,#1052);
#585=LINE('',#5202,#1053);
#586=LINE('',#5205,#1054);
#587=LINE('',#5207,#1055);
#588=LINE('',#5209,#1056);
#589=LINE('',#5211,#1057);
#590=LINE('',#5213,#1058);
#591=LINE('',#5215,#1059);
#592=LINE('',#5217,#1060);
#593=LINE('',#5219,#1061);
#594=LINE('',#5221,#1062);
#595=LINE('',#5223,#1063);
#596=LINE('',#5225,#1064);
#597=LINE('',#5226,#1065);
#598=LINE('',#5229,#1066);
#599=LINE('',#5231,#1067);
#600=LINE('',#5233,#1068);
#601=LINE('',#5235,#1069);
#602=LINE('',#5237,#1070);
#603=LINE('',#5239,#1071);
#604=LINE('',#5241,#1072);
#605=LINE('',#5243,#1073);
#606=LINE('',#5245,#1074);
#607=LINE('',#5247,#1075);
#608=LINE('',#5249,#1076);
#609=LINE('',#5251,#1077);
#610=LINE('',#5253,#1078);
#611=LINE('',#5255,#1079);
#612=LINE('',#5256,#1080);
#613=LINE('',#5259,#1081);
#614=LINE('',#5261,#1082);
#615=LINE('',#5263,#1083);
#616=LINE('',#5267,#1084);
#617=LINE('',#5269,#1085);
#618=LINE('',#5270,#1086);
#619=LINE('',#5273,#1087);
#620=LINE('',#5274,#1088);
#621=LINE('',#5277,#1089);
#622=LINE('',#5278,#1090);
#623=LINE('',#5281,#1091);
#624=LINE('',#5282,#1092);
#625=LINE('',#5285,#1093);
#626=LINE('',#5286,#1094);
#627=LINE('',#5289,#1095);
#628=LINE('',#5290,#1096);
#629=LINE('',#5293,#1097);
#630=LINE('',#5294,#1098);
#631=LINE('',#5297,#1099);
#632=LINE('',#5298,#1100);
#633=LINE('',#5301,#1101);
#634=LINE('',#5302,#1102);
#635=LINE('',#5305,#1103);
#636=LINE('',#5306,#1104);
#637=LINE('',#5309,#1105);
#638=LINE('',#5310,#1106);
#639=LINE('',#5313,#1107);
#640=LINE('',#5314,#1108);
#641=LINE('',#5317,#1109);
#642=LINE('',#5318,#1110);
#643=LINE('',#5321,#1111);
#644=LINE('',#5322,#1112);
#645=LINE('',#5324,#1113);
#646=LINE('',#5332,#1114);
#647=LINE('',#5335,#1115);
#648=LINE('',#5338,#1116);
#649=LINE('',#5343,#1117);
#650=LINE('',#5346,#1118);
#651=LINE('',#5347,#1119);
#652=LINE('',#5350,#1120);
#653=LINE('',#5352,#1121);
#654=LINE('',#5353,#1122);
#655=LINE('',#5356,#1123);
#656=LINE('',#5357,#1124);
#657=LINE('',#5360,#1125);
#658=LINE('',#5362,#1126);
#659=LINE('',#5364,#1127);
#660=LINE('',#5366,#1128);
#661=LINE('',#5368,#1129);
#662=LINE('',#5369,#1130);
#663=LINE('',#5372,#1131);
#664=LINE('',#5374,#1132);
#665=LINE('',#5376,#1133);
#666=LINE('',#5378,#1134);
#667=LINE('',#5380,#1135);
#668=LINE('',#5382,#1136);
#669=LINE('',#5384,#1137);
#670=LINE('',#5386,#1138);
#671=LINE('',#5387,#1139);
#672=LINE('',#5391,#1140);
#673=LINE('',#5393,#1141);
#674=LINE('',#5395,#1142);
#675=LINE('',#5397,#1143);
#676=LINE('',#5399,#1144);
#677=LINE('',#5401,#1145);
#678=LINE('',#5403,#1146);
#679=LINE('',#5404,#1147);
#680=LINE('',#5409,#1148);
#681=LINE('',#5411,#1149);
#682=LINE('',#5412,#1150);
#683=LINE('',#5418,#1151);
#684=LINE('',#5421,#1152);
#685=LINE('',#5425,#1153);
#686=LINE('',#5427,#1154);
#687=LINE('',#5428,#1155);
#688=LINE('',#5430,#1156);
#689=LINE('',#5431,#1157);
#690=LINE('',#5434,#1158);
#691=LINE('',#5435,#1159);
#692=LINE('',#5438,#1160);
#693=LINE('',#5442,#1161);
#694=LINE('',#5444,#1162);
#695=LINE('',#5446,#1163);
#696=LINE('',#5449,#1164);
#697=LINE('',#5452,#1165);
#698=LINE('',#5454,#1166);
#699=LINE('',#5456,#1167);
#700=LINE('',#5457,#1168);
#701=LINE('',#5460,#1169);
#702=LINE('',#5462,#1170);
#703=LINE('',#5464,#1171);
#704=LINE('',#5465,#1172);
#705=LINE('',#5467,#1173);
#706=LINE('',#5468,#1174);
#707=LINE('',#5470,#1175);
#708=LINE('',#5473,#1176);
#709=LINE('',#5474,#1177);
#710=LINE('',#5476,#1178);
#711=LINE('',#5477,#1179);
#712=LINE('',#5481,#1180);
#713=LINE('',#5483,#1181);
#714=LINE('',#5485,#1182);
#715=LINE('',#5486,#1183);
#716=LINE('',#5492,#1184);
#717=LINE('',#5494,#1185);
#718=LINE('',#5497,#1186);
#719=LINE('',#5498,#1187);
#720=LINE('',#5501,#1188);
#721=LINE('',#5504,#1189);
#722=LINE('',#5506,#1190);
#723=LINE('',#5514,#1191);
#724=LINE('',#5515,#1192);
#725=LINE('',#5518,#1193);
#726=LINE('',#5519,#1194);
#727=LINE('',#5522,#1195);
#728=LINE('',#5523,#1196);
#729=LINE('',#5526,#1197);
#730=LINE('',#5527,#1198);
#731=LINE('',#5530,#1199);
#732=LINE('',#5531,#1200);
#733=LINE('',#5534,#1201);
#734=LINE('',#5535,#1202);
#735=LINE('',#5538,#1203);
#736=LINE('',#5539,#1204);
#737=LINE('',#5542,#1205);
#738=LINE('',#5543,#1206);
#739=LINE('',#5545,#1207);
#740=LINE('',#5549,#1208);
#741=LINE('',#5551,#1209);
#742=LINE('',#5553,#1210);
#743=LINE('',#5554,#1211);
#744=LINE('',#5557,#1212);
#745=LINE('',#5559,#1213);
#746=LINE('',#5560,#1214);
#747=LINE('',#5563,#1215);
#748=LINE('',#5565,#1216);
#749=LINE('',#5566,#1217);
#750=LINE('',#5569,#1218);
#751=LINE('',#5571,#1219);
#752=LINE('',#5572,#1220);
#753=LINE('',#5575,#1221);
#754=LINE('',#5577,#1222);
#755=LINE('',#5578,#1223);
#756=LINE('',#5581,#1224);
#757=LINE('',#5583,#1225);
#758=LINE('',#5584,#1226);
#759=LINE('',#5587,#1227);
#760=LINE('',#5589,#1228);
#761=LINE('',#5590,#1229);
#762=LINE('',#5593,#1230);
#763=LINE('',#5595,#1231);
#764=LINE('',#5596,#1232);
#765=LINE('',#5599,#1233);
#766=LINE('',#5601,#1234);
#767=LINE('',#5602,#1235);
#768=LINE('',#5605,#1236);
#769=LINE('',#5607,#1237);
#770=LINE('',#5608,#1238);
#771=LINE('',#5611,#1239);
#772=LINE('',#5613,#1240);
#773=LINE('',#5614,#1241);
#774=LINE('',#5617,#1242);
#775=LINE('',#5619,#1243);
#776=LINE('',#5620,#1244);
#777=LINE('',#5623,#1245);
#778=LINE('',#5625,#1246);
#779=LINE('',#5626,#1247);
#780=LINE('',#5628,#1248);
#781=LINE('',#5629,#1249);
#782=LINE('',#5634,#1250);
#783=LINE('',#5637,#1251);
#784=LINE('',#5639,#1252);
#785=LINE('',#5643,#1253);
#786=LINE('',#5647,#1254);
#787=LINE('',#5648,#1255);
#788=LINE('',#5651,#1256);
#789=LINE('',#5655,#1257);
#790=LINE('',#5659,#1258);
#791=LINE('',#5663,#1259);
#792=LINE('',#5665,#1260);
#793=LINE('',#5666,#1261);
#794=LINE('',#5668,#1262);
#795=LINE('',#5670,#1263);
#796=LINE('',#5671,#1264);
#797=LINE('',#5673,#1265);
#798=LINE('',#5677,#1266);
#799=LINE('',#5679,#1267);
#800=LINE('',#5681,#1268);
#801=LINE('',#5683,#1269);
#802=LINE('',#5684,#1270);
#803=LINE('',#5688,#1271);
#804=LINE('',#5692,#1272);
#805=LINE('',#5697,#1273);
#806=LINE('',#5698,#1274);
#807=LINE('',#5702,#1275);
#808=LINE('',#5703,#1276);
#809=LINE('',#5706,#1277);
#810=LINE('',#5708,#1278);
#811=LINE('',#5709,#1279);
#812=LINE('',#5712,#1280);
#813=LINE('',#5715,#1281);
#814=LINE('',#5719,#1282);
#815=LINE('',#5720,#1283);
#816=LINE('',#5722,#1284);
#817=LINE('',#5723,#1285);
#818=LINE('',#5727,#1286);
#819=LINE('',#5729,#1287);
#820=LINE('',#5730,#1288);
#821=LINE('',#5731,#1289);
#822=LINE('',#5741,#1290);
#823=LINE('',#5743,#1291);
#824=LINE('',#5747,#1292);
#825=LINE('',#5749,#1293);
#826=LINE('',#5751,#1294);
#827=LINE('',#5753,#1295);
#828=LINE('',#5754,#1296);
#829=LINE('',#5756,#1297);
#830=LINE('',#5757,#1298);
#831=LINE('',#5759,#1299);
#832=LINE('',#5761,#1300);
#833=LINE('',#5763,#1301);
#834=LINE('',#5765,#1302);
#835=LINE('',#5767,#1303);
#836=LINE('',#5769,#1304);
#837=LINE('',#5770,#1305);
#838=LINE('',#5773,#1306);
#839=LINE('',#5775,#1307);
#840=LINE('',#5776,#1308);
#841=LINE('',#5777,#1309);
#842=LINE('',#5780,#1310);
#843=LINE('',#5781,#1311);
#844=LINE('',#5783,#1312);
#845=LINE('',#5786,#1313);
#846=LINE('',#5787,#1314);
#847=LINE('',#5789,#1315);
#848=LINE('',#5792,#1316);
#849=LINE('',#5794,#1317);
#850=LINE('',#5796,#1318);
#851=LINE('',#5798,#1319);
#852=LINE('',#5800,#1320);
#853=LINE('',#5801,#1321);
#854=LINE('',#5804,#1322);
#855=LINE('',#5805,#1323);
#856=LINE('',#5807,#1324);
#857=LINE('',#5810,#1325);
#858=LINE('',#5814,#1326);
#859=LINE('',#5815,#1327);
#860=LINE('',#5819,#1328);
#861=LINE('',#5821,#1329);
#862=LINE('',#5823,#1330);
#863=LINE('',#5824,#1331);
#864=LINE('',#5828,#1332);
#865=LINE('',#5830,#1333);
#866=LINE('',#5832,#1334);
#867=LINE('',#5833,#1335);
#868=LINE('',#5836,#1336);
#869=LINE('',#5837,#1337);
#870=LINE('',#5840,#1338);
#871=LINE('',#5842,#1339);
#872=LINE('',#5845,#1340);
#873=LINE('',#5848,#1341);
#874=LINE('',#5849,#1342);
#875=LINE('',#5858,#1343);
#876=LINE('',#5861,#1344);
#877=LINE('',#5864,#1345);
#878=LINE('',#5869,#1346);
#879=LINE('',#5874,#1347);
#880=LINE('',#5887,#1348);
#881=LINE('',#5891,#1349);
#882=LINE('',#5893,#1350);
#883=LINE('',#5894,#1351);
#884=LINE('',#5899,#1352);
#885=LINE('',#5903,#1353);
#886=LINE('',#5905,#1354);
#887=LINE('',#5907,#1355);
#888=LINE('',#5911,#1356);
#889=LINE('',#5917,#1357);
#890=LINE('',#5920,#1358);
#891=LINE('',#5923,#1359);
#892=LINE('',#5925,#1360);
#893=LINE('',#5926,#1361);
#894=LINE('',#5927,#1362);
#895=LINE('',#5929,#1363);
#896=LINE('',#5931,#1364);
#897=LINE('',#5933,#1365);
#898=LINE('',#5935,#1366);
#899=LINE('',#5936,#1367);
#900=LINE('',#5948,#1368);
#901=LINE('',#5950,#1369);
#902=LINE('',#5952,#1370);
#903=LINE('',#5953,#1371);
#904=LINE('',#5957,#1372);
#905=LINE('',#5959,#1373);
#906=LINE('',#5961,#1374);
#907=LINE('',#5962,#1375);
#908=LINE('',#5966,#1376);
#909=LINE('',#5967,#1377);
#910=LINE('',#5968,#1378);
#911=LINE('',#5971,#1379);
#912=LINE('',#5972,#1380);
#913=LINE('',#5975,#1381);
#914=LINE('',#5976,#1382);
#915=LINE('',#5978,#1383);
#916=LINE('',#5982,#1384);
#917=LINE('',#5983,#1385);
#918=LINE('',#5984,#1386);
#919=LINE('',#5987,#1387);
#920=LINE('',#5988,#1388);
#921=LINE('',#5991,#1389);
#922=LINE('',#5992,#1390);
#923=LINE('',#5994,#1391);
#924=LINE('',#5996,#1392);
#925=LINE('',#5999,#1393);
#926=LINE('',#6001,#1394);
#927=LINE('',#6002,#1395);
#928=LINE('',#6008,#1396);
#929=LINE('',#6010,#1397);
#930=LINE('',#6012,#1398);
#931=LINE('',#6013,#1399);
#932=LINE('',#6015,#1400);
#933=LINE('',#6016,#1401);
#934=LINE('',#6020,#1402);
#935=LINE('',#6022,#1403);
#936=LINE('',#6024,#1404);
#937=LINE('',#6025,#1405);
#938=LINE('',#6028,#1406);
#939=LINE('',#6030,#1407);
#940=LINE('',#6031,#1408);
#941=LINE('',#6034,#1409);
#942=LINE('',#6036,#1410);
#943=LINE('',#6037,#1411);
#944=LINE('',#6039,#1412);
#945=LINE('',#6040,#1413);
#946=LINE('',#6043,#1414);
#947=LINE('',#6045,#1415);
#948=LINE('',#6046,#1416);
#949=LINE('',#6049,#1417);
#950=LINE('',#6050,#1418);
#951=LINE('',#6051,#1419);
#952=LINE('',#6056,#1420);
#953=LINE('',#6057,#1421);
#954=LINE('',#6060,#1422);
#955=LINE('',#6061,#1423);
#956=LINE('',#6063,#1424);
#957=LINE('',#6064,#1425);
#958=LINE('',#6067,#1426);
#959=LINE('',#6069,#1427);
#960=LINE('',#6073,#1428);
#961=LINE('',#6077,#1429);
#962=LINE('',#6079,#1430);
#963=LINE('',#6080,#1431);
#964=LINE('',#6083,#1432);
#965=LINE('',#6084,#1433);
#966=LINE('',#6086,#1434);
#967=LINE('',#6094,#1435);
#968=LINE('',#6098,#1436);
#969=LINE('',#6100,#1437);
#970=LINE('',#6102,#1438);
#971=LINE('',#6107,#1439);
#972=LINE('',#6109,#1440);
#973=LINE('',#6111,#1441);
#974=LINE('',#6112,#1442);
#975=LINE('',#6122,#1443);
#976=LINE('',#6133,#1444);
#977=LINE('',#6134,#1445);
#978=LINE('',#6137,#1446);
#979=LINE('',#6138,#1447);
#980=LINE('',#6140,#1448);
#981=LINE('',#6143,#1449);
#982=LINE('',#6144,#1450);
#983=LINE('',#6147,#1451);
#984=LINE('',#6148,#1452);
#985=LINE('',#6153,#1453);
#986=LINE('',#6154,#1454);
#987=LINE('',#6157,#1455);
#988=LINE('',#6160,#1456);
#989=LINE('',#6161,#1457);
#990=LINE('',#6163,#1458);
#991=LINE('',#6166,#1459);
#992=VECTOR('',#4073,10.);
#993=VECTOR('',#4074,10.);
#994=VECTOR('',#4075,10.);
#995=VECTOR('',#4076,10.);
#996=VECTOR('',#4079,10.);
#997=VECTOR('',#4080,10.);
#998=VECTOR('',#4081,10.);
#999=VECTOR('',#4082,10.);
#1000=VECTOR('',#4085,10.);
#1001=VECTOR('',#4086,10.);
#1002=VECTOR('',#4087,10.);
#1003=VECTOR('',#4088,10.);
#1004=VECTOR('',#4089,10.);
#1005=VECTOR('',#4090,10.);
#1006=VECTOR('',#4091,10.);
#1007=VECTOR('',#4092,10.);
#1008=VECTOR('',#4095,10.);
#1009=VECTOR('',#4096,10.);
#1010=VECTOR('',#4097,10.);
#1011=VECTOR('',#4098,10.);
#1012=VECTOR('',#4107,10.);
#1013=VECTOR('',#4108,10.);
#1014=VECTOR('',#4109,10.);
#1015=VECTOR('',#4112,10.);
#1016=VECTOR('',#4113,10.);
#1017=VECTOR('',#4116,10.);
#1018=VECTOR('',#4117,10.);
#1019=VECTOR('',#4118,10.);
#1020=VECTOR('',#4119,10.);
#1021=VECTOR('',#4120,10.);
#1022=VECTOR('',#4123,10.);
#1023=VECTOR('',#4124,10.);
#1024=VECTOR('',#4125,10.);
#1025=VECTOR('',#4126,10.);
#1026=VECTOR('',#4127,10.);
#1027=VECTOR('',#4130,10.);
#1028=VECTOR('',#4133,10.);
#1029=VECTOR('',#4134,10.);
#1030=VECTOR('',#4135,10.);
#1031=VECTOR('',#4138,10.);
#1032=VECTOR('',#4139,10.);
#1033=VECTOR('',#4140,10.);
#1034=VECTOR('',#4143,10.);
#1035=VECTOR('',#4146,10.);
#1036=VECTOR('',#4147,10.);
#1037=VECTOR('',#4148,10.);
#1038=VECTOR('',#4151,10.);
#1039=VECTOR('',#4154,10.);
#1040=VECTOR('',#4155,10.);
#1041=VECTOR('',#4156,10.);
#1042=VECTOR('',#4157,10.);
#1043=VECTOR('',#4158,10.);
#1044=VECTOR('',#4161,10.);
#1045=VECTOR('',#4162,10.);
#1046=VECTOR('',#4163,10.);
#1047=VECTOR('',#4164,10.);
#1048=VECTOR('',#4165,10.);
#1049=VECTOR('',#4166,10.);
#1050=VECTOR('',#4167,10.);
#1051=VECTOR('',#4170,10.);
#1052=VECTOR('',#4171,10.);
#1053=VECTOR('',#4174,10.);
#1054=VECTOR('',#4177,10.);
#1055=VECTOR('',#4178,10.);
#1056=VECTOR('',#4179,10.);
#1057=VECTOR('',#4180,10.);
#1058=VECTOR('',#4181,10.);
#1059=VECTOR('',#4182,10.);
#1060=VECTOR('',#4183,10.);
#1061=VECTOR('',#4184,10.);
#1062=VECTOR('',#4185,10.);
#1063=VECTOR('',#4186,10.);
#1064=VECTOR('',#4187,10.);
#1065=VECTOR('',#4188,10.);
#1066=VECTOR('',#4189,10.);
#1067=VECTOR('',#4190,10.);
#1068=VECTOR('',#4191,10.);
#1069=VECTOR('',#4192,10.);
#1070=VECTOR('',#4193,10.);
#1071=VECTOR('',#4194,10.);
#1072=VECTOR('',#4195,10.);
#1073=VECTOR('',#4196,10.);
#1074=VECTOR('',#4197,10.);
#1075=VECTOR('',#4198,10.);
#1076=VECTOR('',#4199,10.);
#1077=VECTOR('',#4200,10.);
#1078=VECTOR('',#4201,10.);
#1079=VECTOR('',#4202,10.);
#1080=VECTOR('',#4203,10.);
#1081=VECTOR('',#4206,10.);
#1082=VECTOR('',#4207,10.);
#1083=VECTOR('',#4208,10.);
#1084=VECTOR('',#4213,10.);
#1085=VECTOR('',#4214,10.);
#1086=VECTOR('',#4215,10.);
#1087=VECTOR('',#4218,10.);
#1088=VECTOR('',#4219,10.);
#1089=VECTOR('',#4222,10.);
#1090=VECTOR('',#4223,10.);
#1091=VECTOR('',#4226,10.);
#1092=VECTOR('',#4227,10.);
#1093=VECTOR('',#4230,10.);
#1094=VECTOR('',#4231,10.);
#1095=VECTOR('',#4234,10.);
#1096=VECTOR('',#4235,10.);
#1097=VECTOR('',#4238,10.);
#1098=VECTOR('',#4239,10.);
#1099=VECTOR('',#4242,10.);
#1100=VECTOR('',#4243,10.);
#1101=VECTOR('',#4246,10.);
#1102=VECTOR('',#4247,10.);
#1103=VECTOR('',#4250,10.);
#1104=VECTOR('',#4251,10.);
#1105=VECTOR('',#4254,10.);
#1106=VECTOR('',#4255,10.);
#1107=VECTOR('',#4258,10.);
#1108=VECTOR('',#4259,10.);
#1109=VECTOR('',#4262,10.);
#1110=VECTOR('',#4263,10.);
#1111=VECTOR('',#4266,10.);
#1112=VECTOR('',#4267,10.);
#1113=VECTOR('',#4270,10.);
#1114=VECTOR('',#4279,1.95000000000001);
#1115=VECTOR('',#4284,1.65000000000001);
#1116=VECTOR('',#4287,1.95);
#1117=VECTOR('',#4294,1.64999999999999);
#1118=VECTOR('',#4297,10.);
#1119=VECTOR('',#4298,10.);
#1120=VECTOR('',#4301,10.);
#1121=VECTOR('',#4302,10.);
#1122=VECTOR('',#4303,10.);
#1123=VECTOR('',#4306,10.);
#1124=VECTOR('',#4307,10.);
#1125=VECTOR('',#4310,10.);
#1126=VECTOR('',#4311,10.);
#1127=VECTOR('',#4312,10.);
#1128=VECTOR('',#4313,10.);
#1129=VECTOR('',#4314,10.);
#1130=VECTOR('',#4315,10.);
#1131=VECTOR('',#4318,10.);
#1132=VECTOR('',#4319,10.);
#1133=VECTOR('',#4320,10.);
#1134=VECTOR('',#4321,10.);
#1135=VECTOR('',#4322,10.);
#1136=VECTOR('',#4323,10.);
#1137=VECTOR('',#4324,10.);
#1138=VECTOR('',#4325,10.);
#1139=VECTOR('',#4326,10.);
#1140=VECTOR('',#4329,10.);
#1141=VECTOR('',#4330,10.);
#1142=VECTOR('',#4331,10.);
#1143=VECTOR('',#4332,10.);
#1144=VECTOR('',#4333,10.);
#1145=VECTOR('',#4334,10.);
#1146=VECTOR('',#4335,10.);
#1147=VECTOR('',#4336,10.);
#1148=VECTOR('',#4341,10.);
#1149=VECTOR('',#4342,10.);
#1150=VECTOR('',#4343,10.);
#1151=VECTOR('',#4348,10.);
#1152=VECTOR('',#4351,10.);
#1153=VECTOR('',#4354,10.);
#1154=VECTOR('',#4355,10.);
#1155=VECTOR('',#4356,10.);
#1156=VECTOR('',#4357,10.);
#1157=VECTOR('',#4358,10.);
#1158=VECTOR('',#4361,10.);
#1159=VECTOR('',#4362,10.);
#1160=VECTOR('',#4365,10.);
#1161=VECTOR('',#4368,10.);
#1162=VECTOR('',#4369,10.);
#1163=VECTOR('',#4370,10.);
#1164=VECTOR('',#4373,10.);
#1165=VECTOR('',#4376,10.);
#1166=VECTOR('',#4377,10.);
#1167=VECTOR('',#4378,10.);
#1168=VECTOR('',#4379,10.);
#1169=VECTOR('',#4382,10.);
#1170=VECTOR('',#4383,10.);
#1171=VECTOR('',#4384,10.);
#1172=VECTOR('',#4385,10.);
#1173=VECTOR('',#4388,10.);
#1174=VECTOR('',#4389,10.);
#1175=VECTOR('',#4392,10.);
#1176=VECTOR('',#4395,10.);
#1177=VECTOR('',#4396,10.);
#1178=VECTOR('',#4399,10.);
#1179=VECTOR('',#4400,10.);
#1180=VECTOR('',#4405,10.);
#1181=VECTOR('',#4406,10.);
#1182=VECTOR('',#4407,10.);
#1183=VECTOR('',#4408,10.);
#1184=VECTOR('',#4413,10.);
#1185=VECTOR('',#4414,10.);
#1186=VECTOR('',#4417,10.);
#1187=VECTOR('',#4418,10.);
#1188=VECTOR('',#4421,1.5);
#1189=VECTOR('',#4424,10.);
#1190=VECTOR('',#4425,10.);
#1191=VECTOR('',#4434,10.);
#1192=VECTOR('',#4435,10.);
#1193=VECTOR('',#4438,10.);
#1194=VECTOR('',#4439,10.);
#1195=VECTOR('',#4442,10.);
#1196=VECTOR('',#4443,10.);
#1197=VECTOR('',#4446,10.);
#1198=VECTOR('',#4447,10.);
#1199=VECTOR('',#4450,10.);
#1200=VECTOR('',#4451,10.);
#1201=VECTOR('',#4454,10.);
#1202=VECTOR('',#4455,10.);
#1203=VECTOR('',#4458,10.);
#1204=VECTOR('',#4459,10.);
#1205=VECTOR('',#4462,10.);
#1206=VECTOR('',#4463,10.);
#1207=VECTOR('',#4466,10.);
#1208=VECTOR('',#4469,10.);
#1209=VECTOR('',#4470,10.);
#1210=VECTOR('',#4471,10.);
#1211=VECTOR('',#4472,10.);
#1212=VECTOR('',#4475,10.);
#1213=VECTOR('',#4476,10.);
#1214=VECTOR('',#4477,10.);
#1215=VECTOR('',#4480,10.);
#1216=VECTOR('',#4481,10.);
#1217=VECTOR('',#4482,10.);
#1218=VECTOR('',#4485,10.);
#1219=VECTOR('',#4486,10.);
#1220=VECTOR('',#4487,10.);
#1221=VECTOR('',#4490,10.);
#1222=VECTOR('',#4491,10.);
#1223=VECTOR('',#4492,10.);
#1224=VECTOR('',#4495,10.);
#1225=VECTOR('',#4496,10.);
#1226=VECTOR('',#4497,10.);
#1227=VECTOR('',#4500,10.);
#1228=VECTOR('',#4501,10.);
#1229=VECTOR('',#4502,10.);
#1230=VECTOR('',#4505,10.);
#1231=VECTOR('',#4506,10.);
#1232=VECTOR('',#4507,10.);
#1233=VECTOR('',#4510,10.);
#1234=VECTOR('',#4511,10.);
#1235=VECTOR('',#4512,10.);
#1236=VECTOR('',#4515,10.);
#1237=VECTOR('',#4516,10.);
#1238=VECTOR('',#4517,10.);
#1239=VECTOR('',#4520,10.);
#1240=VECTOR('',#4521,10.);
#1241=VECTOR('',#4522,10.);
#1242=VECTOR('',#4525,10.);
#1243=VECTOR('',#4526,10.);
#1244=VECTOR('',#4527,10.);
#1245=VECTOR('',#4530,10.);
#1246=VECTOR('',#4531,10.);
#1247=VECTOR('',#4532,10.);
#1248=VECTOR('',#4535,10.);
#1249=VECTOR('',#4536,10.);
#1250=VECTOR('',#4543,10.);
#1251=VECTOR('',#4546,10.);
#1252=VECTOR('',#4547,10.);
#1253=VECTOR('',#4550,10.);
#1254=VECTOR('',#4555,10.);
#1255=VECTOR('',#4556,10.);
#1256=VECTOR('',#4559,10.);
#1257=VECTOR('',#4562,10.);
#1258=VECTOR('',#4565,10.);
#1259=VECTOR('',#4570,10.);
#1260=VECTOR('',#4571,10.);
#1261=VECTOR('',#4572,10.);
#1262=VECTOR('',#4575,10.);
#1263=VECTOR('',#4576,10.);
#1264=VECTOR('',#4577,10.);
#1265=VECTOR('',#4580,10.);
#1266=VECTOR('',#4583,10.);
#1267=VECTOR('',#4584,10.);
#1268=VECTOR('',#4585,10.);
#1269=VECTOR('',#4586,10.);
#1270=VECTOR('',#4587,10.);
#1271=VECTOR('',#4592,10.);
#1272=VECTOR('',#4597,10.);
#1273=VECTOR('',#4602,10.);
#1274=VECTOR('',#4603,10.);
#1275=VECTOR('',#4608,10.);
#1276=VECTOR('',#4609,10.);
#1277=VECTOR('',#4612,10.);
#1278=VECTOR('',#4613,10.);
#1279=VECTOR('',#4614,10.);
#1280=VECTOR('',#4617,10.);
#1281=VECTOR('',#4620,10.);
#1282=VECTOR('',#4623,10.);
#1283=VECTOR('',#4624,10.);
#1284=VECTOR('',#4625,10.);
#1285=VECTOR('',#4626,10.);
#1286=VECTOR('',#4629,10.);
#1287=VECTOR('',#4630,10.);
#1288=VECTOR('',#4631,10.);
#1289=VECTOR('',#4632,10.);
#1290=VECTOR('',#4649,2.8);
#1291=VECTOR('',#4652,1.49999999999999);
#1292=VECTOR('',#4655,10.);
#1293=VECTOR('',#4656,10.);
#1294=VECTOR('',#4657,10.);
#1295=VECTOR('',#4658,10.);
#1296=VECTOR('',#4659,10.);
#1297=VECTOR('',#4660,10.);
#1298=VECTOR('',#4661,10.);
#1299=VECTOR('',#4662,10.);
#1300=VECTOR('',#4663,10.);
#1301=VECTOR('',#4664,10.);
#1302=VECTOR('',#4665,10.);
#1303=VECTOR('',#4666,10.);
#1304=VECTOR('',#4667,10.);
#1305=VECTOR('',#4668,10.);
#1306=VECTOR('',#4671,10.);
#1307=VECTOR('',#4672,10.);
#1308=VECTOR('',#4673,10.);
#1309=VECTOR('',#4674,10.);
#1310=VECTOR('',#4677,10.);
#1311=VECTOR('',#4678,10.);
#1312=VECTOR('',#4681,10.);
#1313=VECTOR('',#4684,10.);
#1314=VECTOR('',#4685,10.);
#1315=VECTOR('',#4688,10.);
#1316=VECTOR('',#4691,10.);
#1317=VECTOR('',#4692,10.);
#1318=VECTOR('',#4693,10.);
#1319=VECTOR('',#4694,10.);
#1320=VECTOR('',#4695,10.);
#1321=VECTOR('',#4696,10.);
#1322=VECTOR('',#4699,10.);
#1323=VECTOR('',#4700,10.);
#1324=VECTOR('',#4703,10.);
#1325=VECTOR('',#4708,10.);
#1326=VECTOR('',#4713,10.);
#1327=VECTOR('',#4714,10.);
#1328=VECTOR('',#4717,10.);
#1329=VECTOR('',#4718,10.);
#1330=VECTOR('',#4719,10.);
#1331=VECTOR('',#4720,10.);
#1332=VECTOR('',#4723,10.);
#1333=VECTOR('',#4724,10.);
#1334=VECTOR('',#4725,10.);
#1335=VECTOR('',#4726,10.);
#1336=VECTOR('',#4729,10.);
#1337=VECTOR('',#4730,10.);
#1338=VECTOR('',#4733,10.);
#1339=VECTOR('',#4734,10.);
#1340=VECTOR('',#4737,10.);
#1341=VECTOR('',#4740,10.);
#1342=VECTOR('',#4741,10.);
#1343=VECTOR('',#4744,10.);
#1344=VECTOR('',#4747,10.);
#1345=VECTOR('',#4750,10.);
#1346=VECTOR('',#4755,10.);
#1347=VECTOR('',#4760,10.);
#1348=VECTOR('',#4761,10.);
#1349=VECTOR('',#4766,10.);
#1350=VECTOR('',#4767,10.);
#1351=VECTOR('',#4768,10.);
#1352=VECTOR('',#4773,10.);
#1353=VECTOR('',#4776,10.);
#1354=VECTOR('',#4777,10.);
#1355=VECTOR('',#4778,10.);
#1356=VECTOR('',#4781,10.);
#1357=VECTOR('',#4788,10.);
#1358=VECTOR('',#4793,10.);
#1359=VECTOR('',#4796,10.);
#1360=VECTOR('',#4797,10.);
#1361=VECTOR('',#4798,10.);
#1362=VECTOR('',#4799,10.);
#1363=VECTOR('',#4800,10.);
#1364=VECTOR('',#4801,10.);
#1365=VECTOR('',#4802,10.);
#1366=VECTOR('',#4803,10.);
#1367=VECTOR('',#4804,10.);
#1368=VECTOR('',#4811,10.);
#1369=VECTOR('',#4812,10.);
#1370=VECTOR('',#4813,10.);
#1371=VECTOR('',#4814,10.);
#1372=VECTOR('',#4817,10.);
#1373=VECTOR('',#4818,10.);
#1374=VECTOR('',#4819,10.);
#1375=VECTOR('',#4820,10.);
#1376=VECTOR('',#4823,10.);
#1377=VECTOR('',#4824,10.);
#1378=VECTOR('',#4825,10.);
#1379=VECTOR('',#4828,10.);
#1380=VECTOR('',#4829,10.);
#1381=VECTOR('',#4832,10.);
#1382=VECTOR('',#4833,10.);
#1383=VECTOR('',#4836,10.);
#1384=VECTOR('',#4839,10.);
#1385=VECTOR('',#4840,10.);
#1386=VECTOR('',#4841,10.);
#1387=VECTOR('',#4844,10.);
#1388=VECTOR('',#4845,10.);
#1389=VECTOR('',#4848,10.);
#1390=VECTOR('',#4849,10.);
#1391=VECTOR('',#4852,10.);
#1392=VECTOR('',#4855,10.);
#1393=VECTOR('',#4858,10.);
#1394=VECTOR('',#4859,10.);
#1395=VECTOR('',#4860,10.);
#1396=VECTOR('',#4867,10.);
#1397=VECTOR('',#4868,10.);
#1398=VECTOR('',#4869,10.);
#1399=VECTOR('',#4870,10.);
#1400=VECTOR('',#4873,10.);
#1401=VECTOR('',#4874,10.);
#1402=VECTOR('',#4877,10.);
#1403=VECTOR('',#4878,10.);
#1404=VECTOR('',#4879,10.);
#1405=VECTOR('',#4880,10.);
#1406=VECTOR('',#4883,10.);
#1407=VECTOR('',#4884,10.);
#1408=VECTOR('',#4885,10.);
#1409=VECTOR('',#4888,10.);
#1410=VECTOR('',#4889,10.);
#1411=VECTOR('',#4890,10.);
#1412=VECTOR('',#4893,10.);
#1413=VECTOR('',#4894,10.);
#1414=VECTOR('',#4897,10.);
#1415=VECTOR('',#4898,10.);
#1416=VECTOR('',#4899,10.);
#1417=VECTOR('',#4902,10.);
#1418=VECTOR('',#4903,10.);
#1419=VECTOR('',#4904,10.);
#1420=VECTOR('',#4913,10.);
#1421=VECTOR('',#4914,10.);
#1422=VECTOR('',#4917,10.);
#1423=VECTOR('',#4918,10.);
#1424=VECTOR('',#4919,10.);
#1425=VECTOR('',#4920,10.);
#1426=VECTOR('',#4923,10.);
#1427=VECTOR('',#4924,10.);
#1428=VECTOR('',#4929,10.);
#1429=VECTOR('',#4934,10.);
#1430=VECTOR('',#4935,10.);
#1431=VECTOR('',#4936,10.);
#1432=VECTOR('',#4939,10.);
#1433=VECTOR('',#4940,10.);
#1434=VECTOR('',#4943,10.);
#1435=VECTOR('',#4958,10.);
#1436=VECTOR('',#4965,10.);
#1437=VECTOR('',#4968,10.);
#1438=VECTOR('',#4971,10.);
#1439=VECTOR('',#4980,10.);
#1440=VECTOR('',#4983,10.);
#1441=VECTOR('',#4984,10.);
#1442=VECTOR('',#4985,10.);
#1443=VECTOR('',#5002,1.5);
#1444=VECTOR('',#5017,10.);
#1445=VECTOR('',#5018,10.);
#1446=VECTOR('',#5021,10.);
#1447=VECTOR('',#5022,10.);
#1448=VECTOR('',#5025,10.);
#1449=VECTOR('',#5028,10.);
#1450=VECTOR('',#5029,10.);
#1451=VECTOR('',#5032,10.);
#1452=VECTOR('',#5033,10.);
#1453=VECTOR('',#5042,10.);
#1454=VECTOR('',#5043,10.);
#1455=VECTOR('',#5048,10.);
#1456=VECTOR('',#5051,10.);
#1457=VECTOR('',#5052,10.);
#1458=VECTOR('',#5055,10.);
#1459=VECTOR('',#5060,10.);
#1460=VERTEX_POINT('',#5065);
#1461=VERTEX_POINT('',#5066);
#1462=VERTEX_POINT('',#5068);
#1463=VERTEX_POINT('',#5070);
#1464=VERTEX_POINT('',#5074);
#1465=VERTEX_POINT('',#5076);
#1466=VERTEX_POINT('',#5078);
#1467=VERTEX_POINT('',#5080);
#1468=VERTEX_POINT('',#5082);
#1469=VERTEX_POINT('',#5084);
#1470=VERTEX_POINT('',#5086);
#1471=VERTEX_POINT('',#5088);
#1472=VERTEX_POINT('',#5090);
#1473=VERTEX_POINT('',#5092);
#1474=VERTEX_POINT('',#5094);
#1475=VERTEX_POINT('',#5096);
#1476=VERTEX_POINT('',#5098);
#1477=VERTEX_POINT('',#5100);
#1478=VERTEX_POINT('',#5102);
#1479=VERTEX_POINT('',#5104);
#1480=VERTEX_POINT('',#5106);
#1481=VERTEX_POINT('',#5109);
#1482=VERTEX_POINT('',#5111);
#1483=VERTEX_POINT('',#5113);
#1484=VERTEX_POINT('',#5116);
#1485=VERTEX_POINT('',#5118);
#1486=VERTEX_POINT('',#5122);
#1487=VERTEX_POINT('',#5126);
#1488=VERTEX_POINT('',#5127);
#1489=VERTEX_POINT('',#5129);
#1490=VERTEX_POINT('',#5131);
#1491=VERTEX_POINT('',#5133);
#1492=VERTEX_POINT('',#5137);
#1493=VERTEX_POINT('',#5139);
#1494=VERTEX_POINT('',#5141);
#1495=VERTEX_POINT('',#5143);
#1496=VERTEX_POINT('',#5145);
#1497=VERTEX_POINT('',#5147);
#1498=VERTEX_POINT('',#5149);
#1499=VERTEX_POINT('',#5151);
#1500=VERTEX_POINT('',#5153);
#1501=VERTEX_POINT('',#5155);
#1502=VERTEX_POINT('',#5160);
#1503=VERTEX_POINT('',#5166);
#1504=VERTEX_POINT('',#5167);
#1505=VERTEX_POINT('',#5174);
#1506=VERTEX_POINT('',#5176);
#1507=VERTEX_POINT('',#5178);
#1508=VERTEX_POINT('',#5180);
#1509=VERTEX_POINT('',#5184);
#1510=VERTEX_POINT('',#5186);
#1511=VERTEX_POINT('',#5188);
#1512=VERTEX_POINT('',#5190);
#1513=VERTEX_POINT('',#5192);
#1514=VERTEX_POINT('',#5194);
#1515=VERTEX_POINT('',#5198);
#1516=VERTEX_POINT('',#5204);
#1517=VERTEX_POINT('',#5206);
#1518=VERTEX_POINT('',#5208);
#1519=VERTEX_POINT('',#5210);
#1520=VERTEX_POINT('',#5212);
#1521=VERTEX_POINT('',#5214);
#1522=VERTEX_POINT('',#5216);
#1523=VERTEX_POINT('',#5218);
#1524=VERTEX_POINT('',#5220);
#1525=VERTEX_POINT('',#5222);
#1526=VERTEX_POINT('',#5224);
#1527=VERTEX_POINT('',#5227);
#1528=VERTEX_POINT('',#5228);
#1529=VERTEX_POINT('',#5230);
#1530=VERTEX_POINT('',#5232);
#1531=VERTEX_POINT('',#5234);
#1532=VERTEX_POINT('',#5236);
#1533=VERTEX_POINT('',#5238);
#1534=VERTEX_POINT('',#5240);
#1535=VERTEX_POINT('',#5242);
#1536=VERTEX_POINT('',#5244);
#1537=VERTEX_POINT('',#5246);
#1538=VERTEX_POINT('',#5248);
#1539=VERTEX_POINT('',#5250);
#1540=VERTEX_POINT('',#5252);
#1541=VERTEX_POINT('',#5254);
#1542=VERTEX_POINT('',#5258);
#1543=VERTEX_POINT('',#5260);
#1544=VERTEX_POINT('',#5262);
#1545=VERTEX_POINT('',#5266);
#1546=VERTEX_POINT('',#5268);
#1547=VERTEX_POINT('',#5272);
#1548=VERTEX_POINT('',#5276);
#1549=VERTEX_POINT('',#5280);
#1550=VERTEX_POINT('',#5284);
#1551=VERTEX_POINT('',#5288);
#1552=VERTEX_POINT('',#5292);
#1553=VERTEX_POINT('',#5296);
#1554=VERTEX_POINT('',#5300);
#1555=VERTEX_POINT('',#5304);
#1556=VERTEX_POINT('',#5308);
#1557=VERTEX_POINT('',#5312);
#1558=VERTEX_POINT('',#5316);
#1559=VERTEX_POINT('',#5320);
#1560=VERTEX_POINT('',#5326);
#1561=VERTEX_POINT('',#5328);
#1562=VERTEX_POINT('',#5331);
#1563=VERTEX_POINT('',#5337);
#1564=VERTEX_POINT('',#5341);
#1565=VERTEX_POINT('',#5345);
#1566=VERTEX_POINT('',#5349);
#1567=VERTEX_POINT('',#5351);
#1568=VERTEX_POINT('',#5355);
#1569=VERTEX_POINT('',#5359);
#1570=VERTEX_POINT('',#5361);
#1571=VERTEX_POINT('',#5363);
#1572=VERTEX_POINT('',#5365);
#1573=VERTEX_POINT('',#5367);
#1574=VERTEX_POINT('',#5371);
#1575=VERTEX_POINT('',#5373);
#1576=VERTEX_POINT('',#5375);
#1577=VERTEX_POINT('',#5377);
#1578=VERTEX_POINT('',#5379);
#1579=VERTEX_POINT('',#5381);
#1580=VERTEX_POINT('',#5383);
#1581=VERTEX_POINT('',#5385);
#1582=VERTEX_POINT('',#5389);
#1583=VERTEX_POINT('',#5390);
#1584=VERTEX_POINT('',#5392);
#1585=VERTEX_POINT('',#5394);
#1586=VERTEX_POINT('',#5396);
#1587=VERTEX_POINT('',#5398);
#1588=VERTEX_POINT('',#5400);
#1589=VERTEX_POINT('',#5402);
#1590=VERTEX_POINT('',#5405);
#1591=VERTEX_POINT('',#5408);
#1592=VERTEX_POINT('',#5410);
#1593=VERTEX_POINT('',#5414);
#1594=VERTEX_POINT('',#5415);
#1595=VERTEX_POINT('',#5417);
#1596=VERTEX_POINT('',#5419);
#1597=VERTEX_POINT('',#5423);
#1598=VERTEX_POINT('',#5424);
#1599=VERTEX_POINT('',#5426);
#1600=VERTEX_POINT('',#5429);
#1601=VERTEX_POINT('',#5433);
#1602=VERTEX_POINT('',#5437);
#1603=VERTEX_POINT('',#5439);
#1604=VERTEX_POINT('',#5441);
#1605=VERTEX_POINT('',#5443);
#1606=VERTEX_POINT('',#5445);
#1607=VERTEX_POINT('',#5447);
#1608=VERTEX_POINT('',#5451);
#1609=VERTEX_POINT('',#5453);
#1610=VERTEX_POINT('',#5455);
#1611=VERTEX_POINT('',#5459);
#1612=VERTEX_POINT('',#5461);
#1613=VERTEX_POINT('',#5463);
#1614=VERTEX_POINT('',#5472);
#1615=VERTEX_POINT('',#5480);
#1616=VERTEX_POINT('',#5482);
#1617=VERTEX_POINT('',#5484);
#1618=VERTEX_POINT('',#5488);
#1619=VERTEX_POINT('',#5489);
#1620=VERTEX_POINT('',#5491);
#1621=VERTEX_POINT('',#5493);
#1622=VERTEX_POINT('',#5496);
#1623=VERTEX_POINT('',#5500);
#1624=VERTEX_POINT('',#5502);
#1625=VERTEX_POINT('',#5505);
#1626=VERTEX_POINT('',#5507);
#1627=VERTEX_POINT('',#5509);
#1628=VERTEX_POINT('',#5513);
#1629=VERTEX_POINT('',#5517);
#1630=VERTEX_POINT('',#5521);
#1631=VERTEX_POINT('',#5525);
#1632=VERTEX_POINT('',#5529);
#1633=VERTEX_POINT('',#5533);
#1634=VERTEX_POINT('',#5537);
#1635=VERTEX_POINT('',#5541);
#1636=VERTEX_POINT('',#5547);
#1637=VERTEX_POINT('',#5548);
#1638=VERTEX_POINT('',#5550);
#1639=VERTEX_POINT('',#5552);
#1640=VERTEX_POINT('',#5556);
#1641=VERTEX_POINT('',#5558);
#1642=VERTEX_POINT('',#5562);
#1643=VERTEX_POINT('',#5564);
#1644=VERTEX_POINT('',#5568);
#1645=VERTEX_POINT('',#5570);
#1646=VERTEX_POINT('',#5574);
#1647=VERTEX_POINT('',#5576);
#1648=VERTEX_POINT('',#5580);
#1649=VERTEX_POINT('',#5582);
#1650=VERTEX_POINT('',#5586);
#1651=VERTEX_POINT('',#5588);
#1652=VERTEX_POINT('',#5592);
#1653=VERTEX_POINT('',#5594);
#1654=VERTEX_POINT('',#5598);
#1655=VERTEX_POINT('',#5600);
#1656=VERTEX_POINT('',#5604);
#1657=VERTEX_POINT('',#5606);
#1658=VERTEX_POINT('',#5610);
#1659=VERTEX_POINT('',#5612);
#1660=VERTEX_POINT('',#5616);
#1661=VERTEX_POINT('',#5618);
#1662=VERTEX_POINT('',#5622);
#1663=VERTEX_POINT('',#5624);
#1664=VERTEX_POINT('',#5631);
#1665=VERTEX_POINT('',#5636);
#1666=VERTEX_POINT('',#5638);
#1667=VERTEX_POINT('',#5640);
#1668=VERTEX_POINT('',#5642);
#1669=VERTEX_POINT('',#5646);
#1670=VERTEX_POINT('',#5650);
#1671=VERTEX_POINT('',#5652);
#1672=VERTEX_POINT('',#5654);
#1673=VERTEX_POINT('',#5656);
#1674=VERTEX_POINT('',#5658);
#1675=VERTEX_POINT('',#5662);
#1676=VERTEX_POINT('',#5664);
#1677=VERTEX_POINT('',#5669);
#1678=VERTEX_POINT('',#5675);
#1679=VERTEX_POINT('',#5676);
#1680=VERTEX_POINT('',#5678);
#1681=VERTEX_POINT('',#5680);
#1682=VERTEX_POINT('',#5682);
#1683=VERTEX_POINT('',#5686);
#1684=VERTEX_POINT('',#5690);
#1685=VERTEX_POINT('',#5694);
#1686=VERTEX_POINT('',#5696);
#1687=VERTEX_POINT('',#5701);
#1688=VERTEX_POINT('',#5705);
#1689=VERTEX_POINT('',#5707);
#1690=VERTEX_POINT('',#5711);
#1691=VERTEX_POINT('',#5713);
#1692=VERTEX_POINT('',#5717);
#1693=VERTEX_POINT('',#5718);
#1694=VERTEX_POINT('',#5721);
#1695=VERTEX_POINT('',#5725);
#1696=VERTEX_POINT('',#5726);
#1697=VERTEX_POINT('',#5728);
#1698=VERTEX_POINT('',#5735);
#1699=VERTEX_POINT('',#5745);
#1700=VERTEX_POINT('',#5746);
#1701=VERTEX_POINT('',#5748);
#1702=VERTEX_POINT('',#5750);
#1703=VERTEX_POINT('',#5752);
#1704=VERTEX_POINT('',#5755);
#1705=VERTEX_POINT('',#5758);
#1706=VERTEX_POINT('',#5760);
#1707=VERTEX_POINT('',#5762);
#1708=VERTEX_POINT('',#5764);
#1709=VERTEX_POINT('',#5766);
#1710=VERTEX_POINT('',#5768);
#1711=VERTEX_POINT('',#5772);
#1712=VERTEX_POINT('',#5774);
#1713=VERTEX_POINT('',#5779);
#1714=VERTEX_POINT('',#5785);
#1715=VERTEX_POINT('',#5791);
#1716=VERTEX_POINT('',#5793);
#1717=VERTEX_POINT('',#5795);
#1718=VERTEX_POINT('',#5797);
#1719=VERTEX_POINT('',#5799);
#1720=VERTEX_POINT('',#5803);
#1721=VERTEX_POINT('',#5813);
#1722=VERTEX_POINT('',#5817);
#1723=VERTEX_POINT('',#5818);
#1724=VERTEX_POINT('',#5820);
#1725=VERTEX_POINT('',#5822);
#1726=VERTEX_POINT('',#5826);
#1727=VERTEX_POINT('',#5827);
#1728=VERTEX_POINT('',#5829);
#1729=VERTEX_POINT('',#5831);
#1730=VERTEX_POINT('',#5835);
#1731=VERTEX_POINT('',#5839);
#1732=VERTEX_POINT('',#5841);
#1733=VERTEX_POINT('',#5843);
#1734=VERTEX_POINT('',#5847);
#1735=VERTEX_POINT('',#5851);
#1736=VERTEX_POINT('',#5860);
#1737=VERTEX_POINT('',#5862);
#1738=VERTEX_POINT('',#5866);
#1739=VERTEX_POINT('',#5868);
#1740=VERTEX_POINT('',#5871);
#1741=VERTEX_POINT('',#5873);
#1742=VERTEX_POINT('',#5875);
#1743=VERTEX_POINT('',#5886);
#1744=VERTEX_POINT('',#5890);
#1745=VERTEX_POINT('',#5892);
#1746=VERTEX_POINT('',#5896);
#1747=VERTEX_POINT('',#5898);
#1748=VERTEX_POINT('',#5900);
#1749=VERTEX_POINT('',#5902);
#1750=VERTEX_POINT('',#5904);
#1751=VERTEX_POINT('',#5906);
#1752=VERTEX_POINT('',#5908);
#1753=VERTEX_POINT('',#5910);
#1754=VERTEX_POINT('',#5914);
#1755=VERTEX_POINT('',#5916);
#1756=VERTEX_POINT('',#5922);
#1757=VERTEX_POINT('',#5924);
#1758=VERTEX_POINT('',#5928);
#1759=VERTEX_POINT('',#5930);
#1760=VERTEX_POINT('',#5932);
#1761=VERTEX_POINT('',#5934);
#1762=VERTEX_POINT('',#5946);
#1763=VERTEX_POINT('',#5947);
#1764=VERTEX_POINT('',#5949);
#1765=VERTEX_POINT('',#5951);
#1766=VERTEX_POINT('',#5955);
#1767=VERTEX_POINT('',#5956);
#1768=VERTEX_POINT('',#5958);
#1769=VERTEX_POINT('',#5960);
#1770=VERTEX_POINT('',#5964);
#1771=VERTEX_POINT('',#5965);
#1772=VERTEX_POINT('',#5970);
#1773=VERTEX_POINT('',#5974);
#1774=VERTEX_POINT('',#5980);
#1775=VERTEX_POINT('',#5981);
#1776=VERTEX_POINT('',#5986);
#1777=VERTEX_POINT('',#5990);
#1778=VERTEX_POINT('',#5998);
#1779=VERTEX_POINT('',#6000);
#1780=VERTEX_POINT('',#6006);
#1781=VERTEX_POINT('',#6007);
#1782=VERTEX_POINT('',#6009);
#1783=VERTEX_POINT('',#6011);
#1784=VERTEX_POINT('',#6018);
#1785=VERTEX_POINT('',#6019);
#1786=VERTEX_POINT('',#6021);
#1787=VERTEX_POINT('',#6023);
#1788=VERTEX_POINT('',#6027);
#1789=VERTEX_POINT('',#6029);
#1790=VERTEX_POINT('',#6033);
#1791=VERTEX_POINT('',#6035);
#1792=VERTEX_POINT('',#6042);
#1793=VERTEX_POINT('',#6044);
#1794=VERTEX_POINT('',#6048);
#1795=VERTEX_POINT('',#6059);
#1796=VERTEX_POINT('',#6062);
#1797=VERTEX_POINT('',#6066);
#1798=VERTEX_POINT('',#6068);
#1799=VERTEX_POINT('',#6072);
#1800=VERTEX_POINT('',#6076);
#1801=VERTEX_POINT('',#6078);
#1802=VERTEX_POINT('',#6082);
#1803=VERTEX_POINT('',#6110);
#1804=VERTEX_POINT('',#6121);
#1805=VERTEX_POINT('',#6123);
#1806=VERTEX_POINT('',#6125);
#1807=VERTEX_POINT('',#6132);
#1808=VERTEX_POINT('',#6136);
#1809=VERTEX_POINT('',#6142);
#1810=VERTEX_POINT('',#6146);
#1811=VERTEX_POINT('',#6159);
#1812=EDGE_CURVE('',#1460,#1461,#524,.T.);
#1813=EDGE_CURVE('',#1461,#1462,#525,.T.);
#1814=EDGE_CURVE('',#1462,#1463,#526,.F.);
#1815=EDGE_CURVE('',#1463,#1460,#527,.T.);
#1816=EDGE_CURVE('',#1464,#1463,#528,.T.);
#1817=EDGE_CURVE('',#1465,#1464,#529,.T.);
#1818=EDGE_CURVE('',#1466,#1465,#530,.T.);
#1819=EDGE_CURVE('',#1466,#1467,#531,.T.);
#1820=EDGE_CURVE('',#1468,#1467,#62,.T.);
#1821=EDGE_CURVE('',#1468,#1469,#532,.T.);
#1822=EDGE_CURVE('',#1469,#1470,#533,.T.);
#1823=EDGE_CURVE('',#1471,#1470,#534,.T.);
#1824=EDGE_CURVE('',#1471,#1472,#535,.T.);
#1825=EDGE_CURVE('',#1473,#1472,#536,.T.);
#1826=EDGE_CURVE('',#1473,#1474,#537,.T.);
#1827=EDGE_CURVE('',#1475,#1474,#538,.T.);
#1828=EDGE_CURVE('',#1475,#1476,#539,.T.);
#1829=EDGE_CURVE('',#1477,#1476,#63,.T.);
#1830=EDGE_CURVE('',#1477,#1478,#540,.T.);
#1831=EDGE_CURVE('',#1479,#1478,#541,.T.);
#1832=EDGE_CURVE('',#1480,#1479,#542,.T.);
#1833=EDGE_CURVE('',#1460,#1480,#543,.T.);
#1834=EDGE_CURVE('',#1481,#1481,#64,.T.);
#1835=EDGE_CURVE('',#1482,#1482,#65,.T.);
#1836=EDGE_CURVE('',#1483,#1483,#66,.T.);
#1837=EDGE_CURVE('',#1461,#1484,#544,.F.);
#1838=EDGE_CURVE('',#1484,#1485,#545,.T.);
#1839=EDGE_CURVE('',#1462,#1485,#546,.F.);
#1840=EDGE_CURVE('',#1462,#1486,#547,.T.);
#1841=EDGE_CURVE('',#1464,#1486,#548,.T.);
#1842=EDGE_CURVE('',#1487,#1488,#549,.T.);
#1843=EDGE_CURVE('',#1488,#1489,#550,.T.);
#1844=EDGE_CURVE('',#1489,#1490,#551,.T.);
#1845=EDGE_CURVE('',#1490,#1491,#552,.T.);
#1846=EDGE_CURVE('',#1491,#1487,#553,.T.);
#1847=EDGE_CURVE('',#1492,#1491,#554,.T.);
#1848=EDGE_CURVE('',#1493,#1492,#555,.T.);
#1849=EDGE_CURVE('',#1493,#1494,#556,.F.);
#1850=EDGE_CURVE('',#1494,#1495,#557,.T.);
#1851=EDGE_CURVE('',#1495,#1496,#558,.T.);
#1852=EDGE_CURVE('',#1496,#1497,#67,.T.);
#1853=EDGE_CURVE('',#1498,#1497,#559,.F.);
#1854=EDGE_CURVE('',#1498,#1499,#68,.T.);
#1855=EDGE_CURVE('',#1499,#1500,#560,.T.);
#1856=EDGE_CURVE('',#1501,#1500,#561,.T.);
#1857=EDGE_CURVE('',#1487,#1501,#562,.T.);
#1858=EDGE_CURVE('',#1480,#1490,#563,.T.);
#1859=EDGE_CURVE('',#1479,#1502,#564,.T.);
#1860=EDGE_CURVE('',#1502,#1492,#565,.T.);
#1861=EDGE_CURVE('',#1489,#1461,#566,.T.);
#1862=EDGE_CURVE('',#1503,#1504,#567,.T.);
#1863=EDGE_CURVE('',#1504,#1466,#568,.T.);
#1864=EDGE_CURVE('',#1465,#1503,#569,.T.);
#1865=EDGE_CURVE('',#1486,#1503,#570,.T.);
#1866=EDGE_CURVE('',#1505,#1504,#571,.T.);
#1867=EDGE_CURVE('',#1505,#1506,#572,.T.);
#1868=EDGE_CURVE('',#1506,#1507,#573,.T.);
#1869=EDGE_CURVE('',#1507,#1508,#574,.T.);
#1870=EDGE_CURVE('',#1508,#1467,#575,.T.);
#1871=EDGE_CURVE('',#1509,#1503,#576,.T.);
#1872=EDGE_CURVE('',#1509,#1510,#577,.T.);
#1873=EDGE_CURVE('',#1511,#1510,#578,.T.);
#1874=EDGE_CURVE('',#1512,#1511,#579,.T.);
#1875=EDGE_CURVE('',#1512,#1513,#580,.T.);
#1876=EDGE_CURVE('',#1513,#1514,#581,.T.);
#1877=EDGE_CURVE('',#1514,#1505,#582,.T.);
#1878=EDGE_CURVE('',#1486,#1515,#583,.T.);
#1879=EDGE_CURVE('',#1515,#1509,#584,.T.);
#1880=EDGE_CURVE('',#1515,#1485,#585,.T.);
#1881=EDGE_CURVE('',#1484,#1516,#586,.T.);
#1882=EDGE_CURVE('',#1516,#1517,#587,.T.);
#1883=EDGE_CURVE('',#1518,#1517,#588,.T.);
#1884=EDGE_CURVE('',#1519,#1518,#589,.T.);
#1885=EDGE_CURVE('',#1520,#1519,#590,.T.);
#1886=EDGE_CURVE('',#1521,#1520,#591,.T.);
#1887=EDGE_CURVE('',#1522,#1521,#592,.T.);
#1888=EDGE_CURVE('',#1522,#1523,#593,.T.);
#1889=EDGE_CURVE('',#1524,#1523,#594,.T.);
#1890=EDGE_CURVE('',#1525,#1524,#595,.T.);
#1891=EDGE_CURVE('',#1525,#1526,#596,.T.);
#1892=EDGE_CURVE('',#1526,#1510,#597,.T.);
#1893=EDGE_CURVE('',#1527,#1528,#598,.T.);
#1894=EDGE_CURVE('',#1528,#1529,#599,.T.);
#1895=EDGE_CURVE('',#1529,#1530,#600,.T.);
#1896=EDGE_CURVE('',#1530,#1531,#601,.T.);
#1897=EDGE_CURVE('',#1531,#1532,#602,.T.);
#1898=EDGE_CURVE('',#1532,#1533,#603,.T.);
#1899=EDGE_CURVE('',#1533,#1534,#604,.T.);
#1900=EDGE_CURVE('',#1534,#1535,#605,.T.);
#1901=EDGE_CURVE('',#1535,#1536,#606,.T.);
#1902=EDGE_CURVE('',#1536,#1537,#607,.T.);
#1903=EDGE_CURVE('',#1537,#1538,#608,.T.);
#1904=EDGE_CURVE('',#1538,#1539,#609,.T.);
#1905=EDGE_CURVE('',#1539,#1540,#610,.T.);
#1906=EDGE_CURVE('',#1540,#1541,#611,.T.);
#1907=EDGE_CURVE('',#1541,#1527,#612,.T.);
#1908=EDGE_CURVE('',#1542,#1488,#613,.T.);
#1909=EDGE_CURVE('',#1543,#1542,#614,.T.);
#1910=EDGE_CURVE('',#1544,#1543,#615,.T.);
#1911=EDGE_CURVE('',#1544,#1516,#69,.T.);
#1912=EDGE_CURVE('',#1527,#1545,#616,.T.);
#1913=EDGE_CURVE('',#1545,#1546,#617,.T.);
#1914=EDGE_CURVE('',#1528,#1546,#618,.F.);
#1915=EDGE_CURVE('',#1541,#1547,#619,.T.);
#1916=EDGE_CURVE('',#1547,#1545,#620,.T.);
#1917=EDGE_CURVE('',#1540,#1548,#621,.T.);
#1918=EDGE_CURVE('',#1548,#1547,#622,.T.);
#1919=EDGE_CURVE('',#1539,#1549,#623,.T.);
#1920=EDGE_CURVE('',#1549,#1548,#624,.T.);
#1921=EDGE_CURVE('',#1538,#1550,#625,.T.);
#1922=EDGE_CURVE('',#1550,#1549,#626,.T.);
#1923=EDGE_CURVE('',#1537,#1551,#627,.T.);
#1924=EDGE_CURVE('',#1551,#1550,#628,.T.);
#1925=EDGE_CURVE('',#1536,#1552,#629,.T.);
#1926=EDGE_CURVE('',#1552,#1551,#630,.T.);
#1927=EDGE_CURVE('',#1535,#1553,#631,.T.);
#1928=EDGE_CURVE('',#1553,#1552,#632,.T.);
#1929=EDGE_CURVE('',#1534,#1554,#633,.T.);
#1930=EDGE_CURVE('',#1554,#1553,#634,.T.);
#1931=EDGE_CURVE('',#1533,#1555,#635,.T.);
#1932=EDGE_CURVE('',#1555,#1554,#636,.T.);
#1933=EDGE_CURVE('',#1532,#1556,#637,.T.);
#1934=EDGE_CURVE('',#1556,#1555,#638,.T.);
#1935=EDGE_CURVE('',#1531,#1557,#639,.T.);
#1936=EDGE_CURVE('',#1557,#1556,#640,.T.);
#1937=EDGE_CURVE('',#1530,#1558,#641,.T.);
#1938=EDGE_CURVE('',#1558,#1557,#642,.T.);
#1939=EDGE_CURVE('',#1529,#1559,#643,.T.);
#1940=EDGE_CURVE('',#1559,#1558,#644,.T.);
#1941=EDGE_CURVE('',#1546,#1559,#645,.T.);
#1942=EDGE_CURVE('',#1560,#1560,#70,.T.);
#1943=EDGE_CURVE('',#1561,#1561,#71,.T.);
#1944=EDGE_CURVE('',#1481,#1562,#646,.T.);
#1945=EDGE_CURVE('',#1562,#1562,#72,.T.);
#1946=EDGE_CURVE('',#1561,#1562,#647,.T.);
#1947=EDGE_CURVE('',#1483,#1563,#648,.T.);
#1948=EDGE_CURVE('',#1563,#1563,#73,.T.);
#1949=EDGE_CURVE('',#1564,#1564,#74,.F.);
#1950=EDGE_CURVE('',#1564,#1563,#649,.T.);
#1951=EDGE_CURVE('',#1565,#1501,#650,.T.);
#1952=EDGE_CURVE('',#1542,#1565,#651,.T.);
#1953=EDGE_CURVE('',#1502,#1566,#652,.T.);
#1954=EDGE_CURVE('',#1566,#1567,#653,.T.);
#1955=EDGE_CURVE('',#1567,#1493,#654,.T.);
#1956=EDGE_CURVE('',#1478,#1568,#655,.T.);
#1957=EDGE_CURVE('',#1568,#1566,#656,.T.);
#1958=EDGE_CURVE('',#1567,#1569,#657,.T.);
#1959=EDGE_CURVE('',#1570,#1569,#658,.T.);
#1960=EDGE_CURVE('',#1571,#1570,#659,.F.);
#1961=EDGE_CURVE('',#1572,#1571,#660,.T.);
#1962=EDGE_CURVE('',#1572,#1573,#661,.T.);
#1963=EDGE_CURVE('',#1494,#1573,#662,.F.);
#1964=EDGE_CURVE('',#1568,#1574,#663,.T.);
#1965=EDGE_CURVE('',#1574,#1575,#664,.T.);
#1966=EDGE_CURVE('',#1575,#1576,#665,.T.);
#1967=EDGE_CURVE('',#1577,#1576,#666,.T.);
#1968=EDGE_CURVE('',#1578,#1577,#667,.T.);
#1969=EDGE_CURVE('',#1578,#1579,#668,.T.);
#1970=EDGE_CURVE('',#1579,#1580,#669,.T.);
#1971=EDGE_CURVE('',#1581,#1580,#670,.T.);
#1972=EDGE_CURVE('',#1569,#1581,#671,.T.);
#1973=EDGE_CURVE('',#1582,#1583,#672,.T.);
#1974=EDGE_CURVE('',#1584,#1582,#673,.T.);
#1975=EDGE_CURVE('',#1585,#1584,#674,.T.);
#1976=EDGE_CURVE('',#1586,#1585,#675,.T.);
#1977=EDGE_CURVE('',#1587,#1586,#676,.T.);
#1978=EDGE_CURVE('',#1588,#1587,#677,.T.);
#1979=EDGE_CURVE('',#1589,#1588,#678,.T.);
#1980=EDGE_CURVE('',#1583,#1589,#679,.T.);
#1981=EDGE_CURVE('',#1590,#1590,#75,.T.);
#1982=EDGE_CURVE('',#1591,#1583,#680,.T.);
#1983=EDGE_CURVE('',#1592,#1591,#681,.T.);
#1984=EDGE_CURVE('',#1582,#1592,#682,.T.);
#1985=EDGE_CURVE('',#1593,#1594,#76,.T.);
#1986=EDGE_CURVE('',#1593,#1595,#683,.T.);
#1987=EDGE_CURVE('',#1596,#1595,#77,.T.);
#1988=EDGE_CURVE('',#1594,#1596,#684,.T.);
#1989=EDGE_CURVE('',#1597,#1598,#685,.T.);
#1990=EDGE_CURVE('',#1597,#1599,#686,.F.);
#1991=EDGE_CURVE('',#1599,#1572,#687,.F.);
#1992=EDGE_CURVE('',#1600,#1571,#688,.T.);
#1993=EDGE_CURVE('',#1598,#1600,#689,.T.);
#1994=EDGE_CURVE('',#1573,#1601,#690,.T.);
#1995=EDGE_CURVE('',#1601,#1599,#691,.T.);
#1996=EDGE_CURVE('',#1602,#1601,#692,.T.);
#1997=EDGE_CURVE('',#1603,#1602,#78,.T.);
#1998=EDGE_CURVE('',#1604,#1603,#693,.T.);
#1999=EDGE_CURVE('',#1605,#1604,#694,.T.);
#2000=EDGE_CURVE('',#1606,#1605,#695,.T.);
#2001=EDGE_CURVE('',#1607,#1606,#79,.T.);
#2002=EDGE_CURVE('',#1495,#1607,#696,.T.);
#2003=EDGE_CURVE('',#1608,#1578,#697,.T.);
#2004=EDGE_CURVE('',#1577,#1609,#698,.T.);
#2005=EDGE_CURVE('',#1609,#1610,#699,.T.);
#2006=EDGE_CURVE('',#1610,#1608,#700,.T.);
#2007=EDGE_CURVE('',#1610,#1611,#701,.T.);
#2008=EDGE_CURVE('',#1612,#1611,#702,.T.);
#2009=EDGE_CURVE('',#1613,#1612,#703,.T.);
#2010=EDGE_CURVE('',#1613,#1608,#704,.T.);
#2011=EDGE_CURVE('',#1474,#1609,#705,.T.);
#2012=EDGE_CURVE('',#1611,#1473,#706,.F.);
#2013=EDGE_CURVE('',#1576,#1475,#707,.T.);
#2014=EDGE_CURVE('',#1614,#1600,#708,.T.);
#2015=EDGE_CURVE('',#1570,#1614,#709,.T.);
#2016=EDGE_CURVE('',#1614,#1581,#710,.T.);
#2017=EDGE_CURVE('',#1580,#1598,#711,.T.);
#2018=EDGE_CURVE('',#1615,#1477,#712,.T.);
#2019=EDGE_CURVE('',#1615,#1616,#713,.T.);
#2020=EDGE_CURVE('',#1617,#1616,#714,.T.);
#2021=EDGE_CURVE('',#1617,#1574,#715,.T.);
#2022=EDGE_CURVE('',#1618,#1619,#80,.T.);
#2023=EDGE_CURVE('',#1618,#1620,#716,.T.);
#2024=EDGE_CURVE('',#1620,#1621,#717,.T.);
#2025=EDGE_CURVE('',#1621,#1508,#81,.T.);
#2026=EDGE_CURVE('',#1507,#1622,#718,.T.);
#2027=EDGE_CURVE('',#1622,#1619,#719,.T.);
#2028=EDGE_CURVE('',#1560,#1623,#720,.T.);
#2029=EDGE_CURVE('',#1624,#1623,#82,.T.);
#2030=EDGE_CURVE('',#1618,#1624,#721,.T.);
#2031=EDGE_CURVE('',#1625,#1619,#722,.T.);
#2032=EDGE_CURVE('',#1626,#1625,#83,.T.);
#2033=EDGE_CURVE('',#1627,#1626,#84,.T.);
#2034=EDGE_CURVE('',#1623,#1627,#85,.T.);
#2035=EDGE_CURVE('',#1628,#1622,#723,.T.);
#2036=EDGE_CURVE('',#1625,#1628,#724,.T.);
#2037=EDGE_CURVE('',#1629,#1624,#725,.T.);
#2038=EDGE_CURVE('',#1620,#1629,#726,.T.);
#2039=EDGE_CURVE('',#1630,#1592,#727,.T.);
#2040=EDGE_CURVE('',#1630,#1584,#728,.T.);
#2041=EDGE_CURVE('',#1631,#1630,#729,.T.);
#2042=EDGE_CURVE('',#1631,#1585,#730,.T.);
#2043=EDGE_CURVE('',#1632,#1631,#731,.T.);
#2044=EDGE_CURVE('',#1632,#1586,#732,.T.);
#2045=EDGE_CURVE('',#1633,#1632,#733,.T.);
#2046=EDGE_CURVE('',#1633,#1587,#734,.T.);
#2047=EDGE_CURVE('',#1634,#1633,#735,.T.);
#2048=EDGE_CURVE('',#1634,#1588,#736,.T.);
#2049=EDGE_CURVE('',#1635,#1634,#737,.T.);
#2050=EDGE_CURVE('',#1635,#1589,#738,.T.);
#2051=EDGE_CURVE('',#1591,#1635,#739,.T.);
#2052=EDGE_CURVE('',#1636,#1637,#740,.T.);
#2053=EDGE_CURVE('',#1636,#1638,#741,.T.);
#2054=EDGE_CURVE('',#1638,#1639,#742,.T.);
#2055=EDGE_CURVE('',#1637,#1639,#743,.T.);
#2056=EDGE_CURVE('',#1640,#1636,#744,.T.);
#2057=EDGE_CURVE('',#1640,#1641,#745,.F.);
#2058=EDGE_CURVE('',#1641,#1638,#746,.T.);
#2059=EDGE_CURVE('',#1642,#1640,#747,.T.);
#2060=EDGE_CURVE('',#1642,#1643,#748,.T.);
#2061=EDGE_CURVE('',#1643,#1641,#749,.T.);
#2062=EDGE_CURVE('',#1644,#1642,#750,.T.);
#2063=EDGE_CURVE('',#1644,#1645,#751,.T.);
#2064=EDGE_CURVE('',#1645,#1643,#752,.T.);
#2065=EDGE_CURVE('',#1646,#1644,#753,.T.);
#2066=EDGE_CURVE('',#1646,#1647,#754,.T.);
#2067=EDGE_CURVE('',#1647,#1645,#755,.T.);
#2068=EDGE_CURVE('',#1648,#1646,#756,.T.);
#2069=EDGE_CURVE('',#1648,#1649,#757,.T.);
#2070=EDGE_CURVE('',#1649,#1647,#758,.T.);
#2071=EDGE_CURVE('',#1650,#1648,#759,.T.);
#2072=EDGE_CURVE('',#1650,#1651,#760,.T.);
#2073=EDGE_CURVE('',#1651,#1649,#761,.T.);
#2074=EDGE_CURVE('',#1652,#1650,#762,.T.);
#2075=EDGE_CURVE('',#1652,#1653,#763,.T.);
#2076=EDGE_CURVE('',#1653,#1651,#764,.T.);
#2077=EDGE_CURVE('',#1654,#1652,#765,.T.);
#2078=EDGE_CURVE('',#1654,#1655,#766,.T.);
#2079=EDGE_CURVE('',#1655,#1653,#767,.T.);
#2080=EDGE_CURVE('',#1656,#1654,#768,.T.);
#2081=EDGE_CURVE('',#1656,#1657,#769,.T.);
#2082=EDGE_CURVE('',#1657,#1655,#770,.T.);
#2083=EDGE_CURVE('',#1658,#1656,#771,.T.);
#2084=EDGE_CURVE('',#1658,#1659,#772,.T.);
#2085=EDGE_CURVE('',#1659,#1657,#773,.T.);
#2086=EDGE_CURVE('',#1660,#1658,#774,.T.);
#2087=EDGE_CURVE('',#1660,#1661,#775,.T.);
#2088=EDGE_CURVE('',#1661,#1659,#776,.T.);
#2089=EDGE_CURVE('',#1662,#1660,#777,.T.);
#2090=EDGE_CURVE('',#1662,#1663,#778,.T.);
#2091=EDGE_CURVE('',#1663,#1661,#779,.T.);
#2092=EDGE_CURVE('',#1637,#1662,#780,.T.);
#2093=EDGE_CURVE('',#1639,#1663,#781,.T.);
#2094=EDGE_CURVE('',#1664,#1664,#86,.T.);
#2095=EDGE_CURVE('',#1629,#1623,#782,.T.);
#2096=EDGE_CURVE('',#1665,#1468,#783,.T.);
#2097=EDGE_CURVE('',#1666,#1621,#784,.T.);
#2098=EDGE_CURVE('',#1667,#1666,#87,.T.);
#2099=EDGE_CURVE('',#1668,#1667,#785,.T.);
#2100=EDGE_CURVE('',#1665,#1668,#88,.T.);
#2101=EDGE_CURVE('',#1506,#1669,#786,.T.);
#2102=EDGE_CURVE('',#1669,#1514,#787,.T.);
#2103=EDGE_CURVE('',#1670,#1476,#788,.T.);
#2104=EDGE_CURVE('',#1671,#1670,#89,.T.);
#2105=EDGE_CURVE('',#1672,#1671,#789,.T.);
#2106=EDGE_CURVE('',#1673,#1672,#90,.T.);
#2107=EDGE_CURVE('',#1674,#1673,#790,.T.);
#2108=EDGE_CURVE('',#1615,#1674,#91,.T.);
#2109=EDGE_CURVE('',#1575,#1675,#791,.T.);
#2110=EDGE_CURVE('',#1675,#1676,#792,.T.);
#2111=EDGE_CURVE('',#1676,#1670,#793,.T.);
#2112=EDGE_CURVE('',#1469,#1513,#794,.T.);
#2113=EDGE_CURVE('',#1665,#1677,#795,.T.);
#2114=EDGE_CURVE('',#1669,#1677,#796,.T.);
#2115=EDGE_CURVE('',#1470,#1512,#797,.F.);
#2116=EDGE_CURVE('',#1678,#1679,#798,.T.);
#2117=EDGE_CURVE('',#1680,#1679,#799,.T.);
#2118=EDGE_CURVE('',#1681,#1680,#800,.T.);
#2119=EDGE_CURVE('',#1681,#1682,#801,.T.);
#2120=EDGE_CURVE('',#1682,#1678,#802,.T.);
#2121=EDGE_CURVE('',#1683,#1678,#92,.T.);
#2122=EDGE_CURVE('',#1679,#1683,#803,.T.);
#2123=EDGE_CURVE('',#1678,#1684,#93,.T.);
#2124=EDGE_CURVE('',#1684,#1682,#804,.T.);
#2125=EDGE_CURVE('',#1684,#1685,#94,.T.);
#2126=EDGE_CURVE('',#1686,#1684,#805,.T.);
#2127=EDGE_CURVE('',#1685,#1686,#806,.T.);
#2128=EDGE_CURVE('',#1685,#1683,#95,.T.);
#2129=EDGE_CURVE('',#1687,#1685,#807,.T.);
#2130=EDGE_CURVE('',#1683,#1687,#808,.T.);
#2131=EDGE_CURVE('',#1688,#1686,#809,.T.);
#2132=EDGE_CURVE('',#1689,#1688,#810,.T.);
#2133=EDGE_CURVE('',#1689,#1687,#811,.T.);
#2134=EDGE_CURVE('',#1690,#1680,#812,.T.);
#2135=EDGE_CURVE('',#1691,#1690,#96,.T.);
#2136=EDGE_CURVE('',#1681,#1691,#813,.T.);
#2137=EDGE_CURVE('',#1692,#1693,#814,.T.);
#2138=EDGE_CURVE('',#1692,#1690,#815,.T.);
#2139=EDGE_CURVE('',#1689,#1694,#816,.T.);
#2140=EDGE_CURVE('',#1693,#1694,#817,.T.);
#2141=EDGE_CURVE('',#1695,#1696,#818,.T.);
#2142=EDGE_CURVE('',#1695,#1697,#819,.T.);
#2143=EDGE_CURVE('',#1697,#1688,#820,.T.);
#2144=EDGE_CURVE('',#1696,#1691,#821,.T.);
#2145=EDGE_CURVE('',#1694,#1697,#97,.T.);
#2146=EDGE_CURVE('',#1698,#1693,#98,.T.);
#2147=EDGE_CURVE('',#1692,#1698,#99,.T.);
#2148=EDGE_CURVE('',#1695,#1696,#100,.T.);
#2149=EDGE_CURVE('',#1482,#1698,#822,.T.);
#2150=EDGE_CURVE('',#1683,#1664,#823,.T.);
#2151=EDGE_CURVE('',#1699,#1700,#824,.T.);
#2152=EDGE_CURVE('',#1701,#1699,#825,.T.);
#2153=EDGE_CURVE('',#1702,#1701,#826,.T.);
#2154=EDGE_CURVE('',#1703,#1702,#827,.T.);
#2155=EDGE_CURVE('',#1703,#1544,#828,.T.);
#2156=EDGE_CURVE('',#1704,#1543,#829,.T.);
#2157=EDGE_CURVE('',#1500,#1704,#830,.T.);
#2158=EDGE_CURVE('',#1705,#1499,#831,.T.);
#2159=EDGE_CURVE('',#1706,#1705,#832,.T.);
#2160=EDGE_CURVE('',#1706,#1707,#833,.T.);
#2161=EDGE_CURVE('',#1708,#1707,#834,.T.);
#2162=EDGE_CURVE('',#1708,#1709,#835,.T.);
#2163=EDGE_CURVE('',#1709,#1710,#836,.T.);
#2164=EDGE_CURVE('',#1700,#1710,#837,.T.);
#2165=EDGE_CURVE('',#1677,#1711,#838,.T.);
#2166=EDGE_CURVE('',#1711,#1712,#839,.T.);
#2167=EDGE_CURVE('',#1712,#1626,#840,.T.);
#2168=EDGE_CURVE('',#1626,#1628,#841,.T.);
#2169=EDGE_CURVE('',#1668,#1713,#842,.T.);
#2170=EDGE_CURVE('',#1711,#1713,#843,.T.);
#2171=EDGE_CURVE('',#1667,#1666,#844,.T.);
#2172=EDGE_CURVE('',#1623,#1714,#845,.T.);
#2173=EDGE_CURVE('',#1713,#1714,#846,.T.);
#2174=EDGE_CURVE('',#1617,#1675,#847,.T.);
#2175=EDGE_CURVE('',#1616,#1715,#848,.T.);
#2176=EDGE_CURVE('',#1715,#1716,#849,.T.);
#2177=EDGE_CURVE('',#1717,#1716,#850,.T.);
#2178=EDGE_CURVE('',#1718,#1717,#851,.T.);
#2179=EDGE_CURVE('',#1719,#1718,#852,.T.);
#2180=EDGE_CURVE('',#1676,#1719,#853,.T.);
#2181=EDGE_CURVE('',#1674,#1720,#854,.T.);
#2182=EDGE_CURVE('',#1715,#1720,#855,.T.);
#2183=EDGE_CURVE('',#1714,#1627,#856,.T.);
#2184=EDGE_CURVE('',#1627,#1712,#857,.T.);
#2185=EDGE_CURVE('',#1472,#1721,#858,.T.);
#2186=EDGE_CURVE('',#1721,#1612,#859,.T.);
#2187=EDGE_CURVE('',#1722,#1723,#860,.T.);
#2188=EDGE_CURVE('',#1722,#1724,#861,.T.);
#2189=EDGE_CURVE('',#1725,#1724,#862,.T.);
#2190=EDGE_CURVE('',#1725,#1723,#863,.T.);
#2191=EDGE_CURVE('',#1726,#1727,#864,.F.);
#2192=EDGE_CURVE('',#1727,#1728,#865,.T.);
#2193=EDGE_CURVE('',#1728,#1729,#866,.T.);
#2194=EDGE_CURVE('',#1729,#1726,#867,.T.);
#2195=EDGE_CURVE('',#1511,#1730,#868,.T.);
#2196=EDGE_CURVE('',#1730,#1471,#869,.T.);
#2197=EDGE_CURVE('',#1731,#1605,#870,.F.);
#2198=EDGE_CURVE('',#1731,#1732,#871,.T.);
#2199=EDGE_CURVE('',#1732,#1733,#18,.T.);
#2200=EDGE_CURVE('',#1733,#1606,#872,.T.);
#2201=EDGE_CURVE('',#1604,#1734,#873,.F.);
#2202=EDGE_CURVE('',#1734,#1731,#874,.T.);
#2203=EDGE_CURVE('',#1735,#1733,#15,.T.);
#2204=EDGE_CURVE('',#1607,#1735,#875,.T.);
#2205=EDGE_CURVE('',#1603,#1736,#876,.T.);
#2206=EDGE_CURVE('',#1736,#1737,#19,.T.);
#2207=EDGE_CURVE('',#1737,#1734,#877,.T.);
#2208=EDGE_CURVE('',#1738,#1710,#101,.T.);
#2209=EDGE_CURVE('',#1738,#1739,#878,.T.);
#2210=EDGE_CURVE('',#1522,#1739,#102,.T.);
#2211=EDGE_CURVE('',#1740,#1521,#103,.T.);
#2212=EDGE_CURVE('',#1740,#1741,#879,.T.);
#2213=EDGE_CURVE('',#1741,#1742,#16,.T.);
#2214=EDGE_CURVE('',#1742,#1743,#880,.T.);
#2215=EDGE_CURVE('',#1700,#1743,#104,.T.);
#2216=EDGE_CURVE('',#1744,#1740,#881,.T.);
#2217=EDGE_CURVE('',#1744,#1745,#882,.T.);
#2218=EDGE_CURVE('',#1745,#1741,#883,.T.);
#2219=EDGE_CURVE('',#1746,#1497,#20,.F.);
#2220=EDGE_CURVE('',#1747,#1746,#884,.T.);
#2221=EDGE_CURVE('',#1747,#1748,#21,.T.);
#2222=EDGE_CURVE('',#1749,#1748,#885,.F.);
#2223=EDGE_CURVE('',#1750,#1749,#886,.F.);
#2224=EDGE_CURVE('',#1751,#1750,#887,.F.);
#2225=EDGE_CURVE('',#1751,#1752,#22,.T.);
#2226=EDGE_CURVE('',#1753,#1752,#888,.T.);
#2227=EDGE_CURVE('',#1498,#1753,#23,.F.);
#2228=EDGE_CURVE('',#1754,#1746,#105,.T.);
#2229=EDGE_CURVE('',#1755,#1754,#889,.T.);
#2230=EDGE_CURVE('',#1755,#1747,#106,.T.);
#2231=EDGE_CURVE('',#1496,#1754,#890,.T.);
#2232=EDGE_CURVE('',#1593,#1756,#891,.T.);
#2233=EDGE_CURVE('',#1757,#1756,#892,.T.);
#2234=EDGE_CURVE('',#1602,#1757,#893,.T.);
#2235=EDGE_CURVE('',#1579,#1597,#894,.F.);
#2236=EDGE_CURVE('',#1613,#1758,#895,.T.);
#2237=EDGE_CURVE('',#1758,#1759,#896,.T.);
#2238=EDGE_CURVE('',#1760,#1759,#897,.T.);
#2239=EDGE_CURVE('',#1760,#1761,#898,.T.);
#2240=EDGE_CURVE('',#1761,#1595,#899,.T.);
#2241=EDGE_CURVE('',#1736,#1757,#17,.T.);
#2242=EDGE_CURVE('',#1762,#1763,#900,.T.);
#2243=EDGE_CURVE('',#1764,#1762,#901,.T.);
#2244=EDGE_CURVE('',#1765,#1764,#902,.T.);
#2245=EDGE_CURVE('',#1763,#1765,#903,.T.);
#2246=EDGE_CURVE('',#1766,#1767,#904,.T.);
#2247=EDGE_CURVE('',#1768,#1766,#905,.T.);
#2248=EDGE_CURVE('',#1769,#1768,#906,.T.);
#2249=EDGE_CURVE('',#1767,#1769,#907,.T.);
#2250=EDGE_CURVE('',#1770,#1771,#908,.T.);
#2251=EDGE_CURVE('',#1770,#1762,#909,.T.);
#2252=EDGE_CURVE('',#1771,#1763,#910,.F.);
#2253=EDGE_CURVE('',#1771,#1772,#911,.T.);
#2254=EDGE_CURVE('',#1772,#1765,#912,.T.);
#2255=EDGE_CURVE('',#1772,#1773,#913,.T.);
#2256=EDGE_CURVE('',#1773,#1764,#914,.T.);
#2257=EDGE_CURVE('',#1773,#1770,#915,.T.);
#2258=EDGE_CURVE('',#1774,#1775,#916,.T.);
#2259=EDGE_CURVE('',#1774,#1766,#917,.T.);
#2260=EDGE_CURVE('',#1775,#1767,#918,.T.);
#2261=EDGE_CURVE('',#1775,#1776,#919,.T.);
#2262=EDGE_CURVE('',#1776,#1769,#920,.T.);
#2263=EDGE_CURVE('',#1776,#1777,#921,.F.);
#2264=EDGE_CURVE('',#1777,#1768,#922,.F.);
#2265=EDGE_CURVE('',#1777,#1774,#923,.T.);
#2266=EDGE_CURVE('',#1520,#1744,#924,.T.);
#2267=EDGE_CURVE('',#1742,#1778,#925,.T.);
#2268=EDGE_CURVE('',#1778,#1779,#926,.T.);
#2269=EDGE_CURVE('',#1743,#1779,#927,.T.);
#2270=EDGE_CURVE('',#1778,#1745,#107,.T.);
#2271=EDGE_CURVE('',#1780,#1781,#928,.F.);
#2272=EDGE_CURVE('',#1781,#1782,#929,.T.);
#2273=EDGE_CURVE('',#1783,#1782,#930,.F.);
#2274=EDGE_CURVE('',#1780,#1783,#931,.F.);
#2275=EDGE_CURVE('',#1781,#1519,#932,.F.);
#2276=EDGE_CURVE('',#1782,#1518,#933,.F.);
#2277=EDGE_CURVE('',#1784,#1785,#934,.T.);
#2278=EDGE_CURVE('',#1786,#1785,#935,.T.);
#2279=EDGE_CURVE('',#1786,#1787,#936,.T.);
#2280=EDGE_CURVE('',#1787,#1784,#937,.T.);
#2281=EDGE_CURVE('',#1594,#1788,#938,.T.);
#2282=EDGE_CURVE('',#1789,#1596,#939,.T.);
#2283=EDGE_CURVE('',#1788,#1789,#940,.T.);
#2284=EDGE_CURVE('',#1788,#1790,#941,.T.);
#2285=EDGE_CURVE('',#1791,#1789,#942,.T.);
#2286=EDGE_CURVE('',#1790,#1791,#943,.T.);
#2287=EDGE_CURVE('',#1790,#1738,#944,.T.);
#2288=EDGE_CURVE('',#1739,#1791,#945,.T.);
#2289=EDGE_CURVE('',#1785,#1792,#946,.T.);
#2290=EDGE_CURVE('',#1792,#1793,#947,.T.);
#2291=EDGE_CURVE('',#1793,#1786,#948,.T.);
#2292=EDGE_CURVE('',#1794,#1525,#949,.T.);
#2293=EDGE_CURVE('',#1730,#1794,#950,.T.);
#2294=EDGE_CURVE('',#1526,#1730,#951,.T.);
#2295=EDGE_CURVE('',#1524,#1724,#108,.T.);
#2296=EDGE_CURVE('',#1523,#1725,#109,.T.);
#2297=EDGE_CURVE('',#1723,#1727,#952,.T.);
#2298=EDGE_CURVE('',#1726,#1722,#953,.T.);
#2299=EDGE_CURVE('',#1795,#1737,#954,.T.);
#2300=EDGE_CURVE('',#1795,#1784,#955,.T.);
#2301=EDGE_CURVE('',#1787,#1796,#956,.T.);
#2302=EDGE_CURVE('',#1732,#1796,#957,.T.);
#2303=EDGE_CURVE('',#1797,#1748,#958,.T.);
#2304=EDGE_CURVE('',#1755,#1798,#959,.T.);
#2305=EDGE_CURVE('',#1798,#1797,#110,.T.);
#2306=EDGE_CURVE('',#1735,#1799,#960,.T.);
#2307=EDGE_CURVE('',#1799,#1796,#111,.T.);
#2308=EDGE_CURVE('',#1749,#1800,#961,.T.);
#2309=EDGE_CURVE('',#1801,#1800,#962,.T.);
#2310=EDGE_CURVE('',#1750,#1801,#963,.T.);
#2311=EDGE_CURVE('',#1802,#1801,#964,.T.);
#2312=EDGE_CURVE('',#1802,#1751,#965,.T.);
#2313=EDGE_CURVE('',#1800,#1797,#966,.T.);
#2314=EDGE_CURVE('',#1752,#1706,#112,.T.);
#2315=EDGE_CURVE('',#1753,#1705,#113,.T.);
#2316=EDGE_CURVE('',#1802,#1707,#114,.T.);
#2317=EDGE_CURVE('',#1793,#1708,#115,.T.);
#2318=EDGE_CURVE('',#1798,#1799,#967,.T.);
#2319=EDGE_CURVE('',#1792,#1709,#116,.T.);
#2320=EDGE_CURVE('',#1779,#1699,#968,.T.);
#2321=EDGE_CURVE('',#1701,#1780,#969,.F.);
#2322=EDGE_CURVE('',#1702,#1783,#970,.F.);
#2323=EDGE_CURVE('',#1517,#1703,#117,.T.);
#2324=EDGE_CURVE('',#1704,#1565,#971,.T.);
#2325=EDGE_CURVE('',#1721,#1758,#972,.T.);
#2326=EDGE_CURVE('',#1803,#1721,#973,.T.);
#2327=EDGE_CURVE('',#1759,#1803,#974,.T.);
#2328=EDGE_CURVE('',#1728,#1761,#118,.T.);
#2329=EDGE_CURVE('',#1729,#1760,#119,.T.);
#2330=EDGE_CURVE('',#1756,#1795,#120,.T.);
#2331=EDGE_CURVE('',#1590,#1804,#975,.T.);
#2332=EDGE_CURVE('',#1805,#1804,#121,.T.);
#2333=EDGE_CURVE('',#1806,#1805,#122,.T.);
#2334=EDGE_CURVE('',#1717,#1806,#123,.T.);
#2335=EDGE_CURVE('',#1804,#1717,#124,.T.);
#2336=EDGE_CURVE('',#1803,#1807,#976,.T.);
#2337=EDGE_CURVE('',#1472,#1807,#977,.T.);
#2338=EDGE_CURVE('',#1808,#1794,#978,.T.);
#2339=EDGE_CURVE('',#1808,#1471,#979,.T.);
#2340=EDGE_CURVE('',#1807,#1808,#980,.T.);
#2341=EDGE_CURVE('',#1805,#1809,#981,.T.);
#2342=EDGE_CURVE('',#1809,#1806,#982,.T.);
#2343=EDGE_CURVE('',#1804,#1810,#983,.T.);
#2344=EDGE_CURVE('',#1810,#1805,#984,.T.);
#2345=EDGE_CURVE('',#1716,#1804,#985,.T.);
#2346=EDGE_CURVE('',#1720,#1810,#986,.T.);
#2347=EDGE_CURVE('',#1806,#1718,#987,.T.);
#2348=EDGE_CURVE('',#1811,#1809,#988,.T.);
#2349=EDGE_CURVE('',#1811,#1719,#989,.T.);
#2350=EDGE_CURVE('',#1811,#1671,#990,.T.);
#2351=EDGE_CURVE('',#1673,#1672,#991,.T.);
#2352=ORIENTED_EDGE('',*,*,#1812,.T.);
#2353=ORIENTED_EDGE('',*,*,#1813,.T.);
#2354=ORIENTED_EDGE('',*,*,#1814,.T.);
#2355=ORIENTED_EDGE('',*,*,#1815,.T.);
#2356=ORIENTED_EDGE('',*,*,#1815,.F.);
#2357=ORIENTED_EDGE('',*,*,#1816,.F.);
#2358=ORIENTED_EDGE('',*,*,#1817,.F.);
#2359=ORIENTED_EDGE('',*,*,#1818,.F.);
#2360=ORIENTED_EDGE('',*,*,#1819,.T.);
#2361=ORIENTED_EDGE('',*,*,#1820,.F.);
#2362=ORIENTED_EDGE('',*,*,#1821,.T.);
#2363=ORIENTED_EDGE('',*,*,#1822,.T.);
#2364=ORIENTED_EDGE('',*,*,#1823,.F.);
#2365=ORIENTED_EDGE('',*,*,#1824,.T.);
#2366=ORIENTED_EDGE('',*,*,#1825,.F.);
#2367=ORIENTED_EDGE('',*,*,#1826,.T.);
#2368=ORIENTED_EDGE('',*,*,#1827,.F.);
#2369=ORIENTED_EDGE('',*,*,#1828,.T.);
#2370=ORIENTED_EDGE('',*,*,#1829,.F.);
#2371=ORIENTED_EDGE('',*,*,#1830,.T.);
#2372=ORIENTED_EDGE('',*,*,#1831,.F.);
#2373=ORIENTED_EDGE('',*,*,#1832,.F.);
#2374=ORIENTED_EDGE('',*,*,#1833,.F.);
#2375=ORIENTED_EDGE('',*,*,#1834,.F.);
#2376=ORIENTED_EDGE('',*,*,#1835,.T.);
#2377=ORIENTED_EDGE('',*,*,#1836,.F.);
#2378=ORIENTED_EDGE('',*,*,#1813,.F.);
#2379=ORIENTED_EDGE('',*,*,#1837,.T.);
#2380=ORIENTED_EDGE('',*,*,#1838,.T.);
#2381=ORIENTED_EDGE('',*,*,#1839,.F.);
#2382=ORIENTED_EDGE('',*,*,#1840,.T.);
#2383=ORIENTED_EDGE('',*,*,#1841,.F.);
#2384=ORIENTED_EDGE('',*,*,#1816,.T.);
#2385=ORIENTED_EDGE('',*,*,#1814,.F.);
#2386=ORIENTED_EDGE('',*,*,#1842,.T.);
#2387=ORIENTED_EDGE('',*,*,#1843,.T.);
#2388=ORIENTED_EDGE('',*,*,#1844,.T.);
#2389=ORIENTED_EDGE('',*,*,#1845,.T.);
#2390=ORIENTED_EDGE('',*,*,#1846,.T.);
#2391=ORIENTED_EDGE('',*,*,#1846,.F.);
#2392=ORIENTED_EDGE('',*,*,#1847,.F.);
#2393=ORIENTED_EDGE('',*,*,#1848,.F.);
#2394=ORIENTED_EDGE('',*,*,#1849,.T.);
#2395=ORIENTED_EDGE('',*,*,#1850,.T.);
#2396=ORIENTED_EDGE('',*,*,#1851,.T.);
#2397=ORIENTED_EDGE('',*,*,#1852,.T.);
#2398=ORIENTED_EDGE('',*,*,#1853,.F.);
#2399=ORIENTED_EDGE('',*,*,#1854,.T.);
#2400=ORIENTED_EDGE('',*,*,#1855,.T.);
#2401=ORIENTED_EDGE('',*,*,#1856,.F.);
#2402=ORIENTED_EDGE('',*,*,#1857,.F.);
#2403=ORIENTED_EDGE('',*,*,#1845,.F.);
#2404=ORIENTED_EDGE('',*,*,#1858,.F.);
#2405=ORIENTED_EDGE('',*,*,#1832,.T.);
#2406=ORIENTED_EDGE('',*,*,#1859,.T.);
#2407=ORIENTED_EDGE('',*,*,#1860,.T.);
#2408=ORIENTED_EDGE('',*,*,#1847,.T.);
#2409=ORIENTED_EDGE('',*,*,#1812,.F.);
#2410=ORIENTED_EDGE('',*,*,#1833,.T.);
#2411=ORIENTED_EDGE('',*,*,#1858,.T.);
#2412=ORIENTED_EDGE('',*,*,#1844,.F.);
#2413=ORIENTED_EDGE('',*,*,#1861,.T.);
#2414=ORIENTED_EDGE('',*,*,#1862,.T.);
#2415=ORIENTED_EDGE('',*,*,#1863,.T.);
#2416=ORIENTED_EDGE('',*,*,#1818,.T.);
#2417=ORIENTED_EDGE('',*,*,#1864,.T.);
#2418=ORIENTED_EDGE('',*,*,#1817,.T.);
#2419=ORIENTED_EDGE('',*,*,#1841,.T.);
#2420=ORIENTED_EDGE('',*,*,#1865,.T.);
#2421=ORIENTED_EDGE('',*,*,#1864,.F.);
#2422=ORIENTED_EDGE('',*,*,#1863,.F.);
#2423=ORIENTED_EDGE('',*,*,#1866,.F.);
#2424=ORIENTED_EDGE('',*,*,#1867,.T.);
#2425=ORIENTED_EDGE('',*,*,#1868,.T.);
#2426=ORIENTED_EDGE('',*,*,#1869,.T.);
#2427=ORIENTED_EDGE('',*,*,#1870,.T.);
#2428=ORIENTED_EDGE('',*,*,#1819,.F.);
#2429=ORIENTED_EDGE('',*,*,#1862,.F.);
#2430=ORIENTED_EDGE('',*,*,#1871,.F.);
#2431=ORIENTED_EDGE('',*,*,#1872,.T.);
#2432=ORIENTED_EDGE('',*,*,#1873,.F.);
#2433=ORIENTED_EDGE('',*,*,#1874,.F.);
#2434=ORIENTED_EDGE('',*,*,#1875,.T.);
#2435=ORIENTED_EDGE('',*,*,#1876,.T.);
#2436=ORIENTED_EDGE('',*,*,#1877,.T.);
#2437=ORIENTED_EDGE('',*,*,#1866,.T.);
#2438=ORIENTED_EDGE('',*,*,#1865,.F.);
#2439=ORIENTED_EDGE('',*,*,#1878,.T.);
#2440=ORIENTED_EDGE('',*,*,#1879,.T.);
#2441=ORIENTED_EDGE('',*,*,#1871,.T.);
#2442=ORIENTED_EDGE('',*,*,#1840,.F.);
#2443=ORIENTED_EDGE('',*,*,#1839,.T.);
#2444=ORIENTED_EDGE('',*,*,#1880,.F.);
#2445=ORIENTED_EDGE('',*,*,#1878,.F.);
#2446=ORIENTED_EDGE('',*,*,#1879,.F.);
#2447=ORIENTED_EDGE('',*,*,#1880,.T.);
#2448=ORIENTED_EDGE('',*,*,#1838,.F.);
#2449=ORIENTED_EDGE('',*,*,#1881,.T.);
#2450=ORIENTED_EDGE('',*,*,#1882,.T.);
#2451=ORIENTED_EDGE('',*,*,#1883,.F.);
#2452=ORIENTED_EDGE('',*,*,#1884,.F.);
#2453=ORIENTED_EDGE('',*,*,#1885,.F.);
#2454=ORIENTED_EDGE('',*,*,#1886,.F.);
#2455=ORIENTED_EDGE('',*,*,#1887,.F.);
#2456=ORIENTED_EDGE('',*,*,#1888,.T.);
#2457=ORIENTED_EDGE('',*,*,#1889,.F.);
#2458=ORIENTED_EDGE('',*,*,#1890,.F.);
#2459=ORIENTED_EDGE('',*,*,#1891,.T.);
#2460=ORIENTED_EDGE('',*,*,#1892,.T.);
#2461=ORIENTED_EDGE('',*,*,#1872,.F.);
#2462=ORIENTED_EDGE('',*,*,#1893,.T.);
#2463=ORIENTED_EDGE('',*,*,#1894,.T.);
#2464=ORIENTED_EDGE('',*,*,#1895,.T.);
#2465=ORIENTED_EDGE('',*,*,#1896,.T.);
#2466=ORIENTED_EDGE('',*,*,#1897,.T.);
#2467=ORIENTED_EDGE('',*,*,#1898,.T.);
#2468=ORIENTED_EDGE('',*,*,#1899,.T.);
#2469=ORIENTED_EDGE('',*,*,#1900,.T.);
#2470=ORIENTED_EDGE('',*,*,#1901,.T.);
#2471=ORIENTED_EDGE('',*,*,#1902,.T.);
#2472=ORIENTED_EDGE('',*,*,#1903,.T.);
#2473=ORIENTED_EDGE('',*,*,#1904,.T.);
#2474=ORIENTED_EDGE('',*,*,#1905,.T.);
#2475=ORIENTED_EDGE('',*,*,#1906,.T.);
#2476=ORIENTED_EDGE('',*,*,#1907,.T.);
#2477=ORIENTED_EDGE('',*,*,#1843,.F.);
#2478=ORIENTED_EDGE('',*,*,#1908,.F.);
#2479=ORIENTED_EDGE('',*,*,#1909,.F.);
#2480=ORIENTED_EDGE('',*,*,#1910,.F.);
#2481=ORIENTED_EDGE('',*,*,#1911,.T.);
#2482=ORIENTED_EDGE('',*,*,#1881,.F.);
#2483=ORIENTED_EDGE('',*,*,#1837,.F.);
#2484=ORIENTED_EDGE('',*,*,#1861,.F.);
#2485=ORIENTED_EDGE('',*,*,#1893,.F.);
#2486=ORIENTED_EDGE('',*,*,#1912,.T.);
#2487=ORIENTED_EDGE('',*,*,#1913,.T.);
#2488=ORIENTED_EDGE('',*,*,#1914,.F.);
#2489=ORIENTED_EDGE('',*,*,#1907,.F.);
#2490=ORIENTED_EDGE('',*,*,#1915,.T.);
#2491=ORIENTED_EDGE('',*,*,#1916,.T.);
#2492=ORIENTED_EDGE('',*,*,#1912,.F.);
#2493=ORIENTED_EDGE('',*,*,#1906,.F.);
#2494=ORIENTED_EDGE('',*,*,#1917,.T.);
#2495=ORIENTED_EDGE('',*,*,#1918,.T.);
#2496=ORIENTED_EDGE('',*,*,#1915,.F.);
#2497=ORIENTED_EDGE('',*,*,#1905,.F.);
#2498=ORIENTED_EDGE('',*,*,#1919,.T.);
#2499=ORIENTED_EDGE('',*,*,#1920,.T.);
#2500=ORIENTED_EDGE('',*,*,#1917,.F.);
#2501=ORIENTED_EDGE('',*,*,#1904,.F.);
#2502=ORIENTED_EDGE('',*,*,#1921,.T.);
#2503=ORIENTED_EDGE('',*,*,#1922,.T.);
#2504=ORIENTED_EDGE('',*,*,#1919,.F.);
#2505=ORIENTED_EDGE('',*,*,#1903,.F.);
#2506=ORIENTED_EDGE('',*,*,#1923,.T.);
#2507=ORIENTED_EDGE('',*,*,#1924,.T.);
#2508=ORIENTED_EDGE('',*,*,#1921,.F.);
#2509=ORIENTED_EDGE('',*,*,#1902,.F.);
#2510=ORIENTED_EDGE('',*,*,#1925,.T.);
#2511=ORIENTED_EDGE('',*,*,#1926,.T.);
#2512=ORIENTED_EDGE('',*,*,#1923,.F.);
#2513=ORIENTED_EDGE('',*,*,#1901,.F.);
#2514=ORIENTED_EDGE('',*,*,#1927,.T.);
#2515=ORIENTED_EDGE('',*,*,#1928,.T.);
#2516=ORIENTED_EDGE('',*,*,#1925,.F.);
#2517=ORIENTED_EDGE('',*,*,#1900,.F.);
#2518=ORIENTED_EDGE('',*,*,#1929,.T.);
#2519=ORIENTED_EDGE('',*,*,#1930,.T.);
#2520=ORIENTED_EDGE('',*,*,#1927,.F.);
#2521=ORIENTED_EDGE('',*,*,#1899,.F.);
#2522=ORIENTED_EDGE('',*,*,#1931,.T.);
#2523=ORIENTED_EDGE('',*,*,#1932,.T.);
#2524=ORIENTED_EDGE('',*,*,#1929,.F.);
#2525=ORIENTED_EDGE('',*,*,#1898,.F.);
#2526=ORIENTED_EDGE('',*,*,#1933,.T.);
#2527=ORIENTED_EDGE('',*,*,#1934,.T.);
#2528=ORIENTED_EDGE('',*,*,#1931,.F.);
#2529=ORIENTED_EDGE('',*,*,#1897,.F.);
#2530=ORIENTED_EDGE('',*,*,#1935,.T.);
#2531=ORIENTED_EDGE('',*,*,#1936,.T.);
#2532=ORIENTED_EDGE('',*,*,#1933,.F.);
#2533=ORIENTED_EDGE('',*,*,#1896,.F.);
#2534=ORIENTED_EDGE('',*,*,#1937,.T.);
#2535=ORIENTED_EDGE('',*,*,#1938,.T.);
#2536=ORIENTED_EDGE('',*,*,#1935,.F.);
#2537=ORIENTED_EDGE('',*,*,#1895,.F.);
#2538=ORIENTED_EDGE('',*,*,#1939,.T.);
#2539=ORIENTED_EDGE('',*,*,#1940,.T.);
#2540=ORIENTED_EDGE('',*,*,#1937,.F.);
#2541=ORIENTED_EDGE('',*,*,#1894,.F.);
#2542=ORIENTED_EDGE('',*,*,#1914,.T.);
#2543=ORIENTED_EDGE('',*,*,#1941,.T.);
#2544=ORIENTED_EDGE('',*,*,#1939,.F.);
#2545=ORIENTED_EDGE('',*,*,#1941,.F.);
#2546=ORIENTED_EDGE('',*,*,#1913,.F.);
#2547=ORIENTED_EDGE('',*,*,#1916,.F.);
#2548=ORIENTED_EDGE('',*,*,#1918,.F.);
#2549=ORIENTED_EDGE('',*,*,#1920,.F.);
#2550=ORIENTED_EDGE('',*,*,#1922,.F.);
#2551=ORIENTED_EDGE('',*,*,#1924,.F.);
#2552=ORIENTED_EDGE('',*,*,#1926,.F.);
#2553=ORIENTED_EDGE('',*,*,#1928,.F.);
#2554=ORIENTED_EDGE('',*,*,#1930,.F.);
#2555=ORIENTED_EDGE('',*,*,#1932,.F.);
#2556=ORIENTED_EDGE('',*,*,#1934,.F.);
#2557=ORIENTED_EDGE('',*,*,#1936,.F.);
#2558=ORIENTED_EDGE('',*,*,#1938,.F.);
#2559=ORIENTED_EDGE('',*,*,#1940,.F.);
#2560=ORIENTED_EDGE('',*,*,#1942,.F.);
#2561=ORIENTED_EDGE('',*,*,#1943,.F.);
#2562=ORIENTED_EDGE('',*,*,#1834,.T.);
#2563=ORIENTED_EDGE('',*,*,#1944,.T.);
#2564=ORIENTED_EDGE('',*,*,#1945,.T.);
#2565=ORIENTED_EDGE('',*,*,#1944,.F.);
#2566=ORIENTED_EDGE('',*,*,#1943,.T.);
#2567=ORIENTED_EDGE('',*,*,#1946,.T.);
#2568=ORIENTED_EDGE('',*,*,#1945,.F.);
#2569=ORIENTED_EDGE('',*,*,#1946,.F.);
#2570=ORIENTED_EDGE('',*,*,#1836,.T.);
#2571=ORIENTED_EDGE('',*,*,#1947,.T.);
#2572=ORIENTED_EDGE('',*,*,#1948,.T.);
#2573=ORIENTED_EDGE('',*,*,#1947,.F.);
#2574=ORIENTED_EDGE('',*,*,#1949,.T.);
#2575=ORIENTED_EDGE('',*,*,#1950,.T.);
#2576=ORIENTED_EDGE('',*,*,#1948,.F.);
#2577=ORIENTED_EDGE('',*,*,#1950,.F.);
#2578=ORIENTED_EDGE('',*,*,#1842,.F.);
#2579=ORIENTED_EDGE('',*,*,#1857,.T.);
#2580=ORIENTED_EDGE('',*,*,#1951,.F.);
#2581=ORIENTED_EDGE('',*,*,#1952,.F.);
#2582=ORIENTED_EDGE('',*,*,#1908,.T.);
#2583=ORIENTED_EDGE('',*,*,#1860,.F.);
#2584=ORIENTED_EDGE('',*,*,#1953,.T.);
#2585=ORIENTED_EDGE('',*,*,#1954,.T.);
#2586=ORIENTED_EDGE('',*,*,#1955,.T.);
#2587=ORIENTED_EDGE('',*,*,#1848,.T.);
#2588=ORIENTED_EDGE('',*,*,#1859,.F.);
#2589=ORIENTED_EDGE('',*,*,#1831,.T.);
#2590=ORIENTED_EDGE('',*,*,#1956,.T.);
#2591=ORIENTED_EDGE('',*,*,#1957,.T.);
#2592=ORIENTED_EDGE('',*,*,#1953,.F.);
#2593=ORIENTED_EDGE('',*,*,#1955,.F.);
#2594=ORIENTED_EDGE('',*,*,#1958,.T.);
#2595=ORIENTED_EDGE('',*,*,#1959,.F.);
#2596=ORIENTED_EDGE('',*,*,#1960,.F.);
#2597=ORIENTED_EDGE('',*,*,#1961,.F.);
#2598=ORIENTED_EDGE('',*,*,#1962,.T.);
#2599=ORIENTED_EDGE('',*,*,#1963,.F.);
#2600=ORIENTED_EDGE('',*,*,#1849,.F.);
#2601=ORIENTED_EDGE('',*,*,#1954,.F.);
#2602=ORIENTED_EDGE('',*,*,#1957,.F.);
#2603=ORIENTED_EDGE('',*,*,#1964,.T.);
#2604=ORIENTED_EDGE('',*,*,#1965,.T.);
#2605=ORIENTED_EDGE('',*,*,#1966,.T.);
#2606=ORIENTED_EDGE('',*,*,#1967,.F.);
#2607=ORIENTED_EDGE('',*,*,#1968,.F.);
#2608=ORIENTED_EDGE('',*,*,#1969,.T.);
#2609=ORIENTED_EDGE('',*,*,#1970,.T.);
#2610=ORIENTED_EDGE('',*,*,#1971,.F.);
#2611=ORIENTED_EDGE('',*,*,#1972,.F.);
#2612=ORIENTED_EDGE('',*,*,#1958,.F.);
#2613=ORIENTED_EDGE('',*,*,#1973,.F.);
#2614=ORIENTED_EDGE('',*,*,#1974,.F.);
#2615=ORIENTED_EDGE('',*,*,#1975,.F.);
#2616=ORIENTED_EDGE('',*,*,#1976,.F.);
#2617=ORIENTED_EDGE('',*,*,#1977,.F.);
#2618=ORIENTED_EDGE('',*,*,#1978,.F.);
#2619=ORIENTED_EDGE('',*,*,#1979,.F.);
#2620=ORIENTED_EDGE('',*,*,#1980,.F.);
#2621=ORIENTED_EDGE('',*,*,#1981,.F.);
#2622=ORIENTED_EDGE('',*,*,#1973,.T.);
#2623=ORIENTED_EDGE('',*,*,#1982,.F.);
#2624=ORIENTED_EDGE('',*,*,#1983,.F.);
#2625=ORIENTED_EDGE('',*,*,#1984,.F.);
#2626=ORIENTED_EDGE('',*,*,#1985,.F.);
#2627=ORIENTED_EDGE('',*,*,#1986,.T.);
#2628=ORIENTED_EDGE('',*,*,#1987,.F.);
#2629=ORIENTED_EDGE('',*,*,#1988,.F.);
#2630=ORIENTED_EDGE('',*,*,#1989,.F.);
#2631=ORIENTED_EDGE('',*,*,#1990,.T.);
#2632=ORIENTED_EDGE('',*,*,#1991,.T.);
#2633=ORIENTED_EDGE('',*,*,#1961,.T.);
#2634=ORIENTED_EDGE('',*,*,#1992,.F.);
#2635=ORIENTED_EDGE('',*,*,#1993,.F.);
#2636=ORIENTED_EDGE('',*,*,#1994,.F.);
#2637=ORIENTED_EDGE('',*,*,#1962,.F.);
#2638=ORIENTED_EDGE('',*,*,#1991,.F.);
#2639=ORIENTED_EDGE('',*,*,#1995,.F.);
#2640=ORIENTED_EDGE('',*,*,#1996,.F.);
#2641=ORIENTED_EDGE('',*,*,#1997,.F.);
#2642=ORIENTED_EDGE('',*,*,#1998,.F.);
#2643=ORIENTED_EDGE('',*,*,#1999,.F.);
#2644=ORIENTED_EDGE('',*,*,#2000,.F.);
#2645=ORIENTED_EDGE('',*,*,#2001,.F.);
#2646=ORIENTED_EDGE('',*,*,#2002,.F.);
#2647=ORIENTED_EDGE('',*,*,#1850,.F.);
#2648=ORIENTED_EDGE('',*,*,#1963,.T.);
#2649=ORIENTED_EDGE('',*,*,#1994,.T.);
#2650=ORIENTED_EDGE('',*,*,#2003,.T.);
#2651=ORIENTED_EDGE('',*,*,#1968,.T.);
#2652=ORIENTED_EDGE('',*,*,#2004,.T.);
#2653=ORIENTED_EDGE('',*,*,#2005,.T.);
#2654=ORIENTED_EDGE('',*,*,#2006,.T.);
#2655=ORIENTED_EDGE('',*,*,#2006,.F.);
#2656=ORIENTED_EDGE('',*,*,#2007,.T.);
#2657=ORIENTED_EDGE('',*,*,#2008,.F.);
#2658=ORIENTED_EDGE('',*,*,#2009,.F.);
#2659=ORIENTED_EDGE('',*,*,#2010,.T.);
#2660=ORIENTED_EDGE('',*,*,#2005,.F.);
#2661=ORIENTED_EDGE('',*,*,#2011,.F.);
#2662=ORIENTED_EDGE('',*,*,#1826,.F.);
#2663=ORIENTED_EDGE('',*,*,#2012,.F.);
#2664=ORIENTED_EDGE('',*,*,#2007,.F.);
#2665=ORIENTED_EDGE('',*,*,#2004,.F.);
#2666=ORIENTED_EDGE('',*,*,#1967,.T.);
#2667=ORIENTED_EDGE('',*,*,#2013,.T.);
#2668=ORIENTED_EDGE('',*,*,#1827,.T.);
#2669=ORIENTED_EDGE('',*,*,#2011,.T.);
#2670=ORIENTED_EDGE('',*,*,#2014,.T.);
#2671=ORIENTED_EDGE('',*,*,#1992,.T.);
#2672=ORIENTED_EDGE('',*,*,#1960,.T.);
#2673=ORIENTED_EDGE('',*,*,#2015,.T.);
#2674=ORIENTED_EDGE('',*,*,#2014,.F.);
#2675=ORIENTED_EDGE('',*,*,#2016,.T.);
#2676=ORIENTED_EDGE('',*,*,#1971,.T.);
#2677=ORIENTED_EDGE('',*,*,#2017,.T.);
#2678=ORIENTED_EDGE('',*,*,#1993,.T.);
#2679=ORIENTED_EDGE('',*,*,#2015,.F.);
#2680=ORIENTED_EDGE('',*,*,#1959,.T.);
#2681=ORIENTED_EDGE('',*,*,#1972,.T.);
#2682=ORIENTED_EDGE('',*,*,#2016,.F.);
#2683=ORIENTED_EDGE('',*,*,#1956,.F.);
#2684=ORIENTED_EDGE('',*,*,#1830,.F.);
#2685=ORIENTED_EDGE('',*,*,#2018,.F.);
#2686=ORIENTED_EDGE('',*,*,#2019,.T.);
#2687=ORIENTED_EDGE('',*,*,#2020,.F.);
#2688=ORIENTED_EDGE('',*,*,#2021,.T.);
#2689=ORIENTED_EDGE('',*,*,#1964,.F.);
#2690=ORIENTED_EDGE('',*,*,#2022,.F.);
#2691=ORIENTED_EDGE('',*,*,#2023,.T.);
#2692=ORIENTED_EDGE('',*,*,#2024,.T.);
#2693=ORIENTED_EDGE('',*,*,#2025,.T.);
#2694=ORIENTED_EDGE('',*,*,#1869,.F.);
#2695=ORIENTED_EDGE('',*,*,#2026,.T.);
#2696=ORIENTED_EDGE('',*,*,#2027,.T.);
#2697=ORIENTED_EDGE('',*,*,#1942,.T.);
#2698=ORIENTED_EDGE('',*,*,#2028,.T.);
#2699=ORIENTED_EDGE('',*,*,#2029,.F.);
#2700=ORIENTED_EDGE('',*,*,#2030,.F.);
#2701=ORIENTED_EDGE('',*,*,#2022,.T.);
#2702=ORIENTED_EDGE('',*,*,#2031,.F.);
#2703=ORIENTED_EDGE('',*,*,#2032,.F.);
#2704=ORIENTED_EDGE('',*,*,#2033,.F.);
#2705=ORIENTED_EDGE('',*,*,#2034,.F.);
#2706=ORIENTED_EDGE('',*,*,#2028,.F.);
#2707=ORIENTED_EDGE('',*,*,#2031,.T.);
#2708=ORIENTED_EDGE('',*,*,#2027,.F.);
#2709=ORIENTED_EDGE('',*,*,#2035,.F.);
#2710=ORIENTED_EDGE('',*,*,#2036,.F.);
#2711=ORIENTED_EDGE('',*,*,#2030,.T.);
#2712=ORIENTED_EDGE('',*,*,#2037,.F.);
#2713=ORIENTED_EDGE('',*,*,#2038,.F.);
#2714=ORIENTED_EDGE('',*,*,#2023,.F.);
#2715=ORIENTED_EDGE('',*,*,#1984,.T.);
#2716=ORIENTED_EDGE('',*,*,#2039,.F.);
#2717=ORIENTED_EDGE('',*,*,#2040,.T.);
#2718=ORIENTED_EDGE('',*,*,#1974,.T.);
#2719=ORIENTED_EDGE('',*,*,#2041,.F.);
#2720=ORIENTED_EDGE('',*,*,#2042,.T.);
#2721=ORIENTED_EDGE('',*,*,#1975,.T.);
#2722=ORIENTED_EDGE('',*,*,#2040,.F.);
#2723=ORIENTED_EDGE('',*,*,#2043,.F.);
#2724=ORIENTED_EDGE('',*,*,#2044,.T.);
#2725=ORIENTED_EDGE('',*,*,#1976,.T.);
#2726=ORIENTED_EDGE('',*,*,#2042,.F.);
#2727=ORIENTED_EDGE('',*,*,#2045,.F.);
#2728=ORIENTED_EDGE('',*,*,#2046,.T.);
#2729=ORIENTED_EDGE('',*,*,#1977,.T.);
#2730=ORIENTED_EDGE('',*,*,#2044,.F.);
#2731=ORIENTED_EDGE('',*,*,#2047,.F.);
#2732=ORIENTED_EDGE('',*,*,#2048,.T.);
#2733=ORIENTED_EDGE('',*,*,#1978,.T.);
#2734=ORIENTED_EDGE('',*,*,#2046,.F.);
#2735=ORIENTED_EDGE('',*,*,#2049,.F.);
#2736=ORIENTED_EDGE('',*,*,#2050,.T.);
#2737=ORIENTED_EDGE('',*,*,#1979,.T.);
#2738=ORIENTED_EDGE('',*,*,#2048,.F.);
#2739=ORIENTED_EDGE('',*,*,#2051,.F.);
#2740=ORIENTED_EDGE('',*,*,#1982,.T.);
#2741=ORIENTED_EDGE('',*,*,#1980,.T.);
#2742=ORIENTED_EDGE('',*,*,#2050,.F.);
#2743=ORIENTED_EDGE('',*,*,#2052,.F.);
#2744=ORIENTED_EDGE('',*,*,#2053,.T.);
#2745=ORIENTED_EDGE('',*,*,#2054,.T.);
#2746=ORIENTED_EDGE('',*,*,#2055,.F.);
#2747=ORIENTED_EDGE('',*,*,#2056,.F.);
#2748=ORIENTED_EDGE('',*,*,#2057,.T.);
#2749=ORIENTED_EDGE('',*,*,#2058,.T.);
#2750=ORIENTED_EDGE('',*,*,#2053,.F.);
#2751=ORIENTED_EDGE('',*,*,#2059,.F.);
#2752=ORIENTED_EDGE('',*,*,#2060,.T.);
#2753=ORIENTED_EDGE('',*,*,#2061,.T.);
#2754=ORIENTED_EDGE('',*,*,#2057,.F.);
#2755=ORIENTED_EDGE('',*,*,#2062,.F.);
#2756=ORIENTED_EDGE('',*,*,#2063,.T.);
#2757=ORIENTED_EDGE('',*,*,#2064,.T.);
#2758=ORIENTED_EDGE('',*,*,#2060,.F.);
#2759=ORIENTED_EDGE('',*,*,#2065,.F.);
#2760=ORIENTED_EDGE('',*,*,#2066,.T.);
#2761=ORIENTED_EDGE('',*,*,#2067,.T.);
#2762=ORIENTED_EDGE('',*,*,#2063,.F.);
#2763=ORIENTED_EDGE('',*,*,#2068,.F.);
#2764=ORIENTED_EDGE('',*,*,#2069,.T.);
#2765=ORIENTED_EDGE('',*,*,#2070,.T.);
#2766=ORIENTED_EDGE('',*,*,#2066,.F.);
#2767=ORIENTED_EDGE('',*,*,#2071,.F.);
#2768=ORIENTED_EDGE('',*,*,#2072,.T.);
#2769=ORIENTED_EDGE('',*,*,#2073,.T.);
#2770=ORIENTED_EDGE('',*,*,#2069,.F.);
#2771=ORIENTED_EDGE('',*,*,#2074,.F.);
#2772=ORIENTED_EDGE('',*,*,#2075,.T.);
#2773=ORIENTED_EDGE('',*,*,#2076,.T.);
#2774=ORIENTED_EDGE('',*,*,#2072,.F.);
#2775=ORIENTED_EDGE('',*,*,#2077,.F.);
#2776=ORIENTED_EDGE('',*,*,#2078,.T.);
#2777=ORIENTED_EDGE('',*,*,#2079,.T.);
#2778=ORIENTED_EDGE('',*,*,#2075,.F.);
#2779=ORIENTED_EDGE('',*,*,#2080,.F.);
#2780=ORIENTED_EDGE('',*,*,#2081,.T.);
#2781=ORIENTED_EDGE('',*,*,#2082,.T.);
#2782=ORIENTED_EDGE('',*,*,#2078,.F.);
#2783=ORIENTED_EDGE('',*,*,#2083,.F.);
#2784=ORIENTED_EDGE('',*,*,#2084,.T.);
#2785=ORIENTED_EDGE('',*,*,#2085,.T.);
#2786=ORIENTED_EDGE('',*,*,#2081,.F.);
#2787=ORIENTED_EDGE('',*,*,#2086,.F.);
#2788=ORIENTED_EDGE('',*,*,#2087,.T.);
#2789=ORIENTED_EDGE('',*,*,#2088,.T.);
#2790=ORIENTED_EDGE('',*,*,#2084,.F.);
#2791=ORIENTED_EDGE('',*,*,#2089,.F.);
#2792=ORIENTED_EDGE('',*,*,#2090,.T.);
#2793=ORIENTED_EDGE('',*,*,#2091,.T.);
#2794=ORIENTED_EDGE('',*,*,#2087,.F.);
#2795=ORIENTED_EDGE('',*,*,#2092,.F.);
#2796=ORIENTED_EDGE('',*,*,#2055,.T.);
#2797=ORIENTED_EDGE('',*,*,#2093,.T.);
#2798=ORIENTED_EDGE('',*,*,#2090,.F.);
#2799=ORIENTED_EDGE('',*,*,#2093,.F.);
#2800=ORIENTED_EDGE('',*,*,#2054,.F.);
#2801=ORIENTED_EDGE('',*,*,#2058,.F.);
#2802=ORIENTED_EDGE('',*,*,#2061,.F.);
#2803=ORIENTED_EDGE('',*,*,#2064,.F.);
#2804=ORIENTED_EDGE('',*,*,#2067,.F.);
#2805=ORIENTED_EDGE('',*,*,#2070,.F.);
#2806=ORIENTED_EDGE('',*,*,#2073,.F.);
#2807=ORIENTED_EDGE('',*,*,#2076,.F.);
#2808=ORIENTED_EDGE('',*,*,#2079,.F.);
#2809=ORIENTED_EDGE('',*,*,#2082,.F.);
#2810=ORIENTED_EDGE('',*,*,#2085,.F.);
#2811=ORIENTED_EDGE('',*,*,#2088,.F.);
#2812=ORIENTED_EDGE('',*,*,#2091,.F.);
#2813=ORIENTED_EDGE('',*,*,#2094,.F.);
#2814=ORIENTED_EDGE('',*,*,#1949,.F.);
#2815=ORIENTED_EDGE('',*,*,#2029,.T.);
#2816=ORIENTED_EDGE('',*,*,#2095,.F.);
#2817=ORIENTED_EDGE('',*,*,#2037,.T.);
#2818=ORIENTED_EDGE('',*,*,#2096,.T.);
#2819=ORIENTED_EDGE('',*,*,#1820,.T.);
#2820=ORIENTED_EDGE('',*,*,#1870,.F.);
#2821=ORIENTED_EDGE('',*,*,#2025,.F.);
#2822=ORIENTED_EDGE('',*,*,#2097,.F.);
#2823=ORIENTED_EDGE('',*,*,#2098,.F.);
#2824=ORIENTED_EDGE('',*,*,#2099,.F.);
#2825=ORIENTED_EDGE('',*,*,#2100,.F.);
#2826=ORIENTED_EDGE('',*,*,#2101,.F.);
#2827=ORIENTED_EDGE('',*,*,#1867,.F.);
#2828=ORIENTED_EDGE('',*,*,#1877,.F.);
#2829=ORIENTED_EDGE('',*,*,#2102,.F.);
#2830=ORIENTED_EDGE('',*,*,#2103,.F.);
#2831=ORIENTED_EDGE('',*,*,#2104,.F.);
#2832=ORIENTED_EDGE('',*,*,#2105,.F.);
#2833=ORIENTED_EDGE('',*,*,#2106,.F.);
#2834=ORIENTED_EDGE('',*,*,#2107,.F.);
#2835=ORIENTED_EDGE('',*,*,#2108,.F.);
#2836=ORIENTED_EDGE('',*,*,#2018,.T.);
#2837=ORIENTED_EDGE('',*,*,#1829,.T.);
#2838=ORIENTED_EDGE('',*,*,#2013,.F.);
#2839=ORIENTED_EDGE('',*,*,#1966,.F.);
#2840=ORIENTED_EDGE('',*,*,#2109,.T.);
#2841=ORIENTED_EDGE('',*,*,#2110,.T.);
#2842=ORIENTED_EDGE('',*,*,#2111,.T.);
#2843=ORIENTED_EDGE('',*,*,#2103,.T.);
#2844=ORIENTED_EDGE('',*,*,#1828,.F.);
#2845=ORIENTED_EDGE('',*,*,#2112,.F.);
#2846=ORIENTED_EDGE('',*,*,#1821,.F.);
#2847=ORIENTED_EDGE('',*,*,#2096,.F.);
#2848=ORIENTED_EDGE('',*,*,#2113,.T.);
#2849=ORIENTED_EDGE('',*,*,#2114,.F.);
#2850=ORIENTED_EDGE('',*,*,#2102,.T.);
#2851=ORIENTED_EDGE('',*,*,#1876,.F.);
#2852=ORIENTED_EDGE('',*,*,#2112,.T.);
#2853=ORIENTED_EDGE('',*,*,#1875,.F.);
#2854=ORIENTED_EDGE('',*,*,#2115,.F.);
#2855=ORIENTED_EDGE('',*,*,#1822,.F.);
#2856=ORIENTED_EDGE('',*,*,#2116,.T.);
#2857=ORIENTED_EDGE('',*,*,#2117,.F.);
#2858=ORIENTED_EDGE('',*,*,#2118,.F.);
#2859=ORIENTED_EDGE('',*,*,#2119,.T.);
#2860=ORIENTED_EDGE('',*,*,#2120,.T.);
#2861=ORIENTED_EDGE('',*,*,#2121,.F.);
#2862=ORIENTED_EDGE('',*,*,#2122,.F.);
#2863=ORIENTED_EDGE('',*,*,#2116,.F.);
#2864=ORIENTED_EDGE('',*,*,#2123,.F.);
#2865=ORIENTED_EDGE('',*,*,#2120,.F.);
#2866=ORIENTED_EDGE('',*,*,#2124,.F.);
#2867=ORIENTED_EDGE('',*,*,#2125,.F.);
#2868=ORIENTED_EDGE('',*,*,#2126,.F.);
#2869=ORIENTED_EDGE('',*,*,#2127,.F.);
#2870=ORIENTED_EDGE('',*,*,#2128,.F.);
#2871=ORIENTED_EDGE('',*,*,#2129,.F.);
#2872=ORIENTED_EDGE('',*,*,#2130,.F.);
#2873=ORIENTED_EDGE('',*,*,#2127,.T.);
#2874=ORIENTED_EDGE('',*,*,#2131,.F.);
#2875=ORIENTED_EDGE('',*,*,#2132,.F.);
#2876=ORIENTED_EDGE('',*,*,#2133,.T.);
#2877=ORIENTED_EDGE('',*,*,#2129,.T.);
#2878=ORIENTED_EDGE('',*,*,#2118,.T.);
#2879=ORIENTED_EDGE('',*,*,#2134,.F.);
#2880=ORIENTED_EDGE('',*,*,#2135,.F.);
#2881=ORIENTED_EDGE('',*,*,#2136,.F.);
#2882=ORIENTED_EDGE('',*,*,#2137,.F.);
#2883=ORIENTED_EDGE('',*,*,#2138,.T.);
#2884=ORIENTED_EDGE('',*,*,#2134,.T.);
#2885=ORIENTED_EDGE('',*,*,#2117,.T.);
#2886=ORIENTED_EDGE('',*,*,#2122,.T.);
#2887=ORIENTED_EDGE('',*,*,#2130,.T.);
#2888=ORIENTED_EDGE('',*,*,#2133,.F.);
#2889=ORIENTED_EDGE('',*,*,#2139,.T.);
#2890=ORIENTED_EDGE('',*,*,#2140,.F.);
#2891=ORIENTED_EDGE('',*,*,#2141,.F.);
#2892=ORIENTED_EDGE('',*,*,#2142,.T.);
#2893=ORIENTED_EDGE('',*,*,#2143,.T.);
#2894=ORIENTED_EDGE('',*,*,#2131,.T.);
#2895=ORIENTED_EDGE('',*,*,#2126,.T.);
#2896=ORIENTED_EDGE('',*,*,#2124,.T.);
#2897=ORIENTED_EDGE('',*,*,#2119,.F.);
#2898=ORIENTED_EDGE('',*,*,#2136,.T.);
#2899=ORIENTED_EDGE('',*,*,#2144,.F.);
#2900=ORIENTED_EDGE('',*,*,#2132,.T.);
#2901=ORIENTED_EDGE('',*,*,#2143,.F.);
#2902=ORIENTED_EDGE('',*,*,#2145,.F.);
#2903=ORIENTED_EDGE('',*,*,#2139,.F.);
#2904=ORIENTED_EDGE('',*,*,#2137,.T.);
#2905=ORIENTED_EDGE('',*,*,#2146,.F.);
#2906=ORIENTED_EDGE('',*,*,#2147,.F.);
#2907=ORIENTED_EDGE('',*,*,#2141,.T.);
#2908=ORIENTED_EDGE('',*,*,#2148,.F.);
#2909=ORIENTED_EDGE('',*,*,#1835,.F.);
#2910=ORIENTED_EDGE('',*,*,#2149,.T.);
#2911=ORIENTED_EDGE('',*,*,#2146,.T.);
#2912=ORIENTED_EDGE('',*,*,#2140,.T.);
#2913=ORIENTED_EDGE('',*,*,#2145,.T.);
#2914=ORIENTED_EDGE('',*,*,#2142,.F.);
#2915=ORIENTED_EDGE('',*,*,#2148,.T.);
#2916=ORIENTED_EDGE('',*,*,#2144,.T.);
#2917=ORIENTED_EDGE('',*,*,#2135,.T.);
#2918=ORIENTED_EDGE('',*,*,#2138,.F.);
#2919=ORIENTED_EDGE('',*,*,#2147,.T.);
#2920=ORIENTED_EDGE('',*,*,#2149,.F.);
#2921=ORIENTED_EDGE('',*,*,#2128,.T.);
#2922=ORIENTED_EDGE('',*,*,#2150,.T.);
#2923=ORIENTED_EDGE('',*,*,#2094,.T.);
#2924=ORIENTED_EDGE('',*,*,#2150,.F.);
#2925=ORIENTED_EDGE('',*,*,#2121,.T.);
#2926=ORIENTED_EDGE('',*,*,#2123,.T.);
#2927=ORIENTED_EDGE('',*,*,#2125,.T.);
#2928=ORIENTED_EDGE('',*,*,#2151,.F.);
#2929=ORIENTED_EDGE('',*,*,#2152,.F.);
#2930=ORIENTED_EDGE('',*,*,#2153,.F.);
#2931=ORIENTED_EDGE('',*,*,#2154,.F.);
#2932=ORIENTED_EDGE('',*,*,#2155,.T.);
#2933=ORIENTED_EDGE('',*,*,#1910,.T.);
#2934=ORIENTED_EDGE('',*,*,#2156,.F.);
#2935=ORIENTED_EDGE('',*,*,#2157,.F.);
#2936=ORIENTED_EDGE('',*,*,#1855,.F.);
#2937=ORIENTED_EDGE('',*,*,#2158,.F.);
#2938=ORIENTED_EDGE('',*,*,#2159,.F.);
#2939=ORIENTED_EDGE('',*,*,#2160,.T.);
#2940=ORIENTED_EDGE('',*,*,#2161,.F.);
#2941=ORIENTED_EDGE('',*,*,#2162,.T.);
#2942=ORIENTED_EDGE('',*,*,#2163,.T.);
#2943=ORIENTED_EDGE('',*,*,#2164,.F.);
#2944=ORIENTED_EDGE('',*,*,#2052,.T.);
#2945=ORIENTED_EDGE('',*,*,#2092,.T.);
#2946=ORIENTED_EDGE('',*,*,#2089,.T.);
#2947=ORIENTED_EDGE('',*,*,#2086,.T.);
#2948=ORIENTED_EDGE('',*,*,#2083,.T.);
#2949=ORIENTED_EDGE('',*,*,#2080,.T.);
#2950=ORIENTED_EDGE('',*,*,#2077,.T.);
#2951=ORIENTED_EDGE('',*,*,#2074,.T.);
#2952=ORIENTED_EDGE('',*,*,#2071,.T.);
#2953=ORIENTED_EDGE('',*,*,#2068,.T.);
#2954=ORIENTED_EDGE('',*,*,#2065,.T.);
#2955=ORIENTED_EDGE('',*,*,#2062,.T.);
#2956=ORIENTED_EDGE('',*,*,#2059,.T.);
#2957=ORIENTED_EDGE('',*,*,#2056,.T.);
#2958=ORIENTED_EDGE('',*,*,#2165,.T.);
#2959=ORIENTED_EDGE('',*,*,#2166,.T.);
#2960=ORIENTED_EDGE('',*,*,#2167,.T.);
#2961=ORIENTED_EDGE('',*,*,#2168,.T.);
#2962=ORIENTED_EDGE('',*,*,#2035,.T.);
#2963=ORIENTED_EDGE('',*,*,#2026,.F.);
#2964=ORIENTED_EDGE('',*,*,#1868,.F.);
#2965=ORIENTED_EDGE('',*,*,#2101,.T.);
#2966=ORIENTED_EDGE('',*,*,#2114,.T.);
#2967=ORIENTED_EDGE('',*,*,#2100,.T.);
#2968=ORIENTED_EDGE('',*,*,#2169,.T.);
#2969=ORIENTED_EDGE('',*,*,#2170,.F.);
#2970=ORIENTED_EDGE('',*,*,#2165,.F.);
#2971=ORIENTED_EDGE('',*,*,#2113,.F.);
#2972=ORIENTED_EDGE('',*,*,#2098,.T.);
#2973=ORIENTED_EDGE('',*,*,#2171,.F.);
#2974=ORIENTED_EDGE('',*,*,#2099,.T.);
#2975=ORIENTED_EDGE('',*,*,#2171,.T.);
#2976=ORIENTED_EDGE('',*,*,#2097,.T.);
#2977=ORIENTED_EDGE('',*,*,#2024,.F.);
#2978=ORIENTED_EDGE('',*,*,#2038,.T.);
#2979=ORIENTED_EDGE('',*,*,#2095,.T.);
#2980=ORIENTED_EDGE('',*,*,#2172,.T.);
#2981=ORIENTED_EDGE('',*,*,#2173,.F.);
#2982=ORIENTED_EDGE('',*,*,#2169,.F.);
#2983=ORIENTED_EDGE('',*,*,#2174,.T.);
#2984=ORIENTED_EDGE('',*,*,#2109,.F.);
#2985=ORIENTED_EDGE('',*,*,#1965,.F.);
#2986=ORIENTED_EDGE('',*,*,#2021,.F.);
#2987=ORIENTED_EDGE('',*,*,#2174,.F.);
#2988=ORIENTED_EDGE('',*,*,#2020,.T.);
#2989=ORIENTED_EDGE('',*,*,#2175,.T.);
#2990=ORIENTED_EDGE('',*,*,#2176,.T.);
#2991=ORIENTED_EDGE('',*,*,#2177,.F.);
#2992=ORIENTED_EDGE('',*,*,#2178,.F.);
#2993=ORIENTED_EDGE('',*,*,#2179,.F.);
#2994=ORIENTED_EDGE('',*,*,#2180,.F.);
#2995=ORIENTED_EDGE('',*,*,#2110,.F.);
#2996=ORIENTED_EDGE('',*,*,#2108,.T.);
#2997=ORIENTED_EDGE('',*,*,#2181,.T.);
#2998=ORIENTED_EDGE('',*,*,#2182,.F.);
#2999=ORIENTED_EDGE('',*,*,#2175,.F.);
#3000=ORIENTED_EDGE('',*,*,#2019,.F.);
#3001=ORIENTED_EDGE('',*,*,#2034,.T.);
#3002=ORIENTED_EDGE('',*,*,#2183,.F.);
#3003=ORIENTED_EDGE('',*,*,#2172,.F.);
#3004=ORIENTED_EDGE('',*,*,#2036,.T.);
#3005=ORIENTED_EDGE('',*,*,#2168,.F.);
#3006=ORIENTED_EDGE('',*,*,#2032,.T.);
#3007=ORIENTED_EDGE('',*,*,#2033,.T.);
#3008=ORIENTED_EDGE('',*,*,#2167,.F.);
#3009=ORIENTED_EDGE('',*,*,#2184,.F.);
#3010=ORIENTED_EDGE('',*,*,#2183,.T.);
#3011=ORIENTED_EDGE('',*,*,#2184,.T.);
#3012=ORIENTED_EDGE('',*,*,#2166,.F.);
#3013=ORIENTED_EDGE('',*,*,#2170,.T.);
#3014=ORIENTED_EDGE('',*,*,#2173,.T.);
#3015=ORIENTED_EDGE('',*,*,#2008,.T.);
#3016=ORIENTED_EDGE('',*,*,#2012,.T.);
#3017=ORIENTED_EDGE('',*,*,#1825,.T.);
#3018=ORIENTED_EDGE('',*,*,#2185,.T.);
#3019=ORIENTED_EDGE('',*,*,#2186,.T.);
#3020=ORIENTED_EDGE('',*,*,#2187,.F.);
#3021=ORIENTED_EDGE('',*,*,#2188,.T.);
#3022=ORIENTED_EDGE('',*,*,#2189,.F.);
#3023=ORIENTED_EDGE('',*,*,#2190,.T.);
#3024=ORIENTED_EDGE('',*,*,#2191,.T.);
#3025=ORIENTED_EDGE('',*,*,#2192,.T.);
#3026=ORIENTED_EDGE('',*,*,#2193,.T.);
#3027=ORIENTED_EDGE('',*,*,#2194,.T.);
#3028=ORIENTED_EDGE('',*,*,#1823,.T.);
#3029=ORIENTED_EDGE('',*,*,#2115,.T.);
#3030=ORIENTED_EDGE('',*,*,#1874,.T.);
#3031=ORIENTED_EDGE('',*,*,#2195,.T.);
#3032=ORIENTED_EDGE('',*,*,#2196,.T.);
#3033=ORIENTED_EDGE('',*,*,#2197,.F.);
#3034=ORIENTED_EDGE('',*,*,#2198,.T.);
#3035=ORIENTED_EDGE('',*,*,#2199,.T.);
#3036=ORIENTED_EDGE('',*,*,#2200,.T.);
#3037=ORIENTED_EDGE('',*,*,#2000,.T.);
#3038=ORIENTED_EDGE('',*,*,#2197,.T.);
#3039=ORIENTED_EDGE('',*,*,#1999,.T.);
#3040=ORIENTED_EDGE('',*,*,#2201,.T.);
#3041=ORIENTED_EDGE('',*,*,#2202,.T.);
#3042=ORIENTED_EDGE('',*,*,#2001,.T.);
#3043=ORIENTED_EDGE('',*,*,#2200,.F.);
#3044=ORIENTED_EDGE('',*,*,#2203,.F.);
#3045=ORIENTED_EDGE('',*,*,#2204,.F.);
#3046=ORIENTED_EDGE('',*,*,#2201,.F.);
#3047=ORIENTED_EDGE('',*,*,#1998,.T.);
#3048=ORIENTED_EDGE('',*,*,#2205,.T.);
#3049=ORIENTED_EDGE('',*,*,#2206,.T.);
#3050=ORIENTED_EDGE('',*,*,#2207,.T.);
#3051=ORIENTED_EDGE('',*,*,#2208,.F.);
#3052=ORIENTED_EDGE('',*,*,#2209,.T.);
#3053=ORIENTED_EDGE('',*,*,#2210,.F.);
#3054=ORIENTED_EDGE('',*,*,#1887,.T.);
#3055=ORIENTED_EDGE('',*,*,#2211,.F.);
#3056=ORIENTED_EDGE('',*,*,#2212,.T.);
#3057=ORIENTED_EDGE('',*,*,#2213,.T.);
#3058=ORIENTED_EDGE('',*,*,#2214,.T.);
#3059=ORIENTED_EDGE('',*,*,#2215,.F.);
#3060=ORIENTED_EDGE('',*,*,#2164,.T.);
#3061=ORIENTED_EDGE('',*,*,#2212,.F.);
#3062=ORIENTED_EDGE('',*,*,#2216,.F.);
#3063=ORIENTED_EDGE('',*,*,#2217,.T.);
#3064=ORIENTED_EDGE('',*,*,#2218,.T.);
#3065=ORIENTED_EDGE('',*,*,#1853,.T.);
#3066=ORIENTED_EDGE('',*,*,#2219,.F.);
#3067=ORIENTED_EDGE('',*,*,#2220,.F.);
#3068=ORIENTED_EDGE('',*,*,#2221,.T.);
#3069=ORIENTED_EDGE('',*,*,#2222,.F.);
#3070=ORIENTED_EDGE('',*,*,#2223,.F.);
#3071=ORIENTED_EDGE('',*,*,#2224,.F.);
#3072=ORIENTED_EDGE('',*,*,#2225,.T.);
#3073=ORIENTED_EDGE('',*,*,#2226,.F.);
#3074=ORIENTED_EDGE('',*,*,#2227,.F.);
#3075=ORIENTED_EDGE('',*,*,#2220,.T.);
#3076=ORIENTED_EDGE('',*,*,#2228,.F.);
#3077=ORIENTED_EDGE('',*,*,#2229,.F.);
#3078=ORIENTED_EDGE('',*,*,#2230,.T.);
#3079=ORIENTED_EDGE('',*,*,#1852,.F.);
#3080=ORIENTED_EDGE('',*,*,#2231,.T.);
#3081=ORIENTED_EDGE('',*,*,#2228,.T.);
#3082=ORIENTED_EDGE('',*,*,#2219,.T.);
#3083=ORIENTED_EDGE('',*,*,#1986,.F.);
#3084=ORIENTED_EDGE('',*,*,#2232,.T.);
#3085=ORIENTED_EDGE('',*,*,#2233,.F.);
#3086=ORIENTED_EDGE('',*,*,#2234,.F.);
#3087=ORIENTED_EDGE('',*,*,#1996,.T.);
#3088=ORIENTED_EDGE('',*,*,#1995,.T.);
#3089=ORIENTED_EDGE('',*,*,#1990,.F.);
#3090=ORIENTED_EDGE('',*,*,#2235,.F.);
#3091=ORIENTED_EDGE('',*,*,#1969,.F.);
#3092=ORIENTED_EDGE('',*,*,#2003,.F.);
#3093=ORIENTED_EDGE('',*,*,#2010,.F.);
#3094=ORIENTED_EDGE('',*,*,#2236,.T.);
#3095=ORIENTED_EDGE('',*,*,#2237,.T.);
#3096=ORIENTED_EDGE('',*,*,#2238,.F.);
#3097=ORIENTED_EDGE('',*,*,#2239,.T.);
#3098=ORIENTED_EDGE('',*,*,#2240,.T.);
#3099=ORIENTED_EDGE('',*,*,#1983,.T.);
#3100=ORIENTED_EDGE('',*,*,#2051,.T.);
#3101=ORIENTED_EDGE('',*,*,#2049,.T.);
#3102=ORIENTED_EDGE('',*,*,#2047,.T.);
#3103=ORIENTED_EDGE('',*,*,#2045,.T.);
#3104=ORIENTED_EDGE('',*,*,#2043,.T.);
#3105=ORIENTED_EDGE('',*,*,#2041,.T.);
#3106=ORIENTED_EDGE('',*,*,#2039,.T.);
#3107=ORIENTED_EDGE('',*,*,#1997,.T.);
#3108=ORIENTED_EDGE('',*,*,#2234,.T.);
#3109=ORIENTED_EDGE('',*,*,#2241,.F.);
#3110=ORIENTED_EDGE('',*,*,#2205,.F.);
#3111=ORIENTED_EDGE('',*,*,#1989,.T.);
#3112=ORIENTED_EDGE('',*,*,#2017,.F.);
#3113=ORIENTED_EDGE('',*,*,#1970,.F.);
#3114=ORIENTED_EDGE('',*,*,#2235,.T.);
#3115=ORIENTED_EDGE('',*,*,#2242,.F.);
#3116=ORIENTED_EDGE('',*,*,#2243,.F.);
#3117=ORIENTED_EDGE('',*,*,#2244,.F.);
#3118=ORIENTED_EDGE('',*,*,#2245,.F.);
#3119=ORIENTED_EDGE('',*,*,#2246,.F.);
#3120=ORIENTED_EDGE('',*,*,#2247,.F.);
#3121=ORIENTED_EDGE('',*,*,#2248,.F.);
#3122=ORIENTED_EDGE('',*,*,#2249,.F.);
#3123=ORIENTED_EDGE('',*,*,#2250,.F.);
#3124=ORIENTED_EDGE('',*,*,#2251,.T.);
#3125=ORIENTED_EDGE('',*,*,#2242,.T.);
#3126=ORIENTED_EDGE('',*,*,#2252,.F.);
#3127=ORIENTED_EDGE('',*,*,#2253,.F.);
#3128=ORIENTED_EDGE('',*,*,#2252,.T.);
#3129=ORIENTED_EDGE('',*,*,#2245,.T.);
#3130=ORIENTED_EDGE('',*,*,#2254,.F.);
#3131=ORIENTED_EDGE('',*,*,#2255,.F.);
#3132=ORIENTED_EDGE('',*,*,#2254,.T.);
#3133=ORIENTED_EDGE('',*,*,#2244,.T.);
#3134=ORIENTED_EDGE('',*,*,#2256,.F.);
#3135=ORIENTED_EDGE('',*,*,#2257,.F.);
#3136=ORIENTED_EDGE('',*,*,#2256,.T.);
#3137=ORIENTED_EDGE('',*,*,#2243,.T.);
#3138=ORIENTED_EDGE('',*,*,#2251,.F.);
#3139=ORIENTED_EDGE('',*,*,#2258,.F.);
#3140=ORIENTED_EDGE('',*,*,#2259,.T.);
#3141=ORIENTED_EDGE('',*,*,#2246,.T.);
#3142=ORIENTED_EDGE('',*,*,#2260,.F.);
#3143=ORIENTED_EDGE('',*,*,#2261,.F.);
#3144=ORIENTED_EDGE('',*,*,#2260,.T.);
#3145=ORIENTED_EDGE('',*,*,#2249,.T.);
#3146=ORIENTED_EDGE('',*,*,#2262,.F.);
#3147=ORIENTED_EDGE('',*,*,#2263,.F.);
#3148=ORIENTED_EDGE('',*,*,#2262,.T.);
#3149=ORIENTED_EDGE('',*,*,#2248,.T.);
#3150=ORIENTED_EDGE('',*,*,#2264,.F.);
#3151=ORIENTED_EDGE('',*,*,#2265,.F.);
#3152=ORIENTED_EDGE('',*,*,#2264,.T.);
#3153=ORIENTED_EDGE('',*,*,#2247,.T.);
#3154=ORIENTED_EDGE('',*,*,#2259,.F.);
#3155=ORIENTED_EDGE('',*,*,#2266,.T.);
#3156=ORIENTED_EDGE('',*,*,#2216,.T.);
#3157=ORIENTED_EDGE('',*,*,#2211,.T.);
#3158=ORIENTED_EDGE('',*,*,#1886,.T.);
#3159=ORIENTED_EDGE('',*,*,#2214,.F.);
#3160=ORIENTED_EDGE('',*,*,#2267,.T.);
#3161=ORIENTED_EDGE('',*,*,#2268,.T.);
#3162=ORIENTED_EDGE('',*,*,#2269,.F.);
#3163=ORIENTED_EDGE('',*,*,#2213,.F.);
#3164=ORIENTED_EDGE('',*,*,#2218,.F.);
#3165=ORIENTED_EDGE('',*,*,#2270,.F.);
#3166=ORIENTED_EDGE('',*,*,#2267,.F.);
#3167=ORIENTED_EDGE('',*,*,#2271,.T.);
#3168=ORIENTED_EDGE('',*,*,#2272,.T.);
#3169=ORIENTED_EDGE('',*,*,#2273,.F.);
#3170=ORIENTED_EDGE('',*,*,#2274,.F.);
#3171=ORIENTED_EDGE('',*,*,#2275,.T.);
#3172=ORIENTED_EDGE('',*,*,#1884,.T.);
#3173=ORIENTED_EDGE('',*,*,#2276,.F.);
#3174=ORIENTED_EDGE('',*,*,#2272,.F.);
#3175=ORIENTED_EDGE('',*,*,#2277,.T.);
#3176=ORIENTED_EDGE('',*,*,#2278,.F.);
#3177=ORIENTED_EDGE('',*,*,#2279,.T.);
#3178=ORIENTED_EDGE('',*,*,#2280,.T.);
#3179=ORIENTED_EDGE('',*,*,#2257,.T.);
#3180=ORIENTED_EDGE('',*,*,#2250,.T.);
#3181=ORIENTED_EDGE('',*,*,#2253,.T.);
#3182=ORIENTED_EDGE('',*,*,#2255,.T.);
#3183=ORIENTED_EDGE('',*,*,#2281,.F.);
#3184=ORIENTED_EDGE('',*,*,#1988,.T.);
#3185=ORIENTED_EDGE('',*,*,#2282,.F.);
#3186=ORIENTED_EDGE('',*,*,#2283,.F.);
#3187=ORIENTED_EDGE('',*,*,#2284,.F.);
#3188=ORIENTED_EDGE('',*,*,#2283,.T.);
#3189=ORIENTED_EDGE('',*,*,#2285,.F.);
#3190=ORIENTED_EDGE('',*,*,#2286,.F.);
#3191=ORIENTED_EDGE('',*,*,#2265,.T.);
#3192=ORIENTED_EDGE('',*,*,#2258,.T.);
#3193=ORIENTED_EDGE('',*,*,#2261,.T.);
#3194=ORIENTED_EDGE('',*,*,#2263,.T.);
#3195=ORIENTED_EDGE('',*,*,#2287,.F.);
#3196=ORIENTED_EDGE('',*,*,#2286,.T.);
#3197=ORIENTED_EDGE('',*,*,#2288,.F.);
#3198=ORIENTED_EDGE('',*,*,#2209,.F.);
#3199=ORIENTED_EDGE('',*,*,#2289,.T.);
#3200=ORIENTED_EDGE('',*,*,#2290,.T.);
#3201=ORIENTED_EDGE('',*,*,#2291,.T.);
#3202=ORIENTED_EDGE('',*,*,#2278,.T.);
#3203=ORIENTED_EDGE('',*,*,#2292,.F.);
#3204=ORIENTED_EDGE('',*,*,#2293,.F.);
#3205=ORIENTED_EDGE('',*,*,#2294,.F.);
#3206=ORIENTED_EDGE('',*,*,#1891,.F.);
#3207=ORIENTED_EDGE('',*,*,#2189,.T.);
#3208=ORIENTED_EDGE('',*,*,#2295,.F.);
#3209=ORIENTED_EDGE('',*,*,#1889,.T.);
#3210=ORIENTED_EDGE('',*,*,#2296,.T.);
#3211=ORIENTED_EDGE('',*,*,#2187,.T.);
#3212=ORIENTED_EDGE('',*,*,#2297,.T.);
#3213=ORIENTED_EDGE('',*,*,#2191,.F.);
#3214=ORIENTED_EDGE('',*,*,#2298,.T.);
#3215=ORIENTED_EDGE('',*,*,#2198,.F.);
#3216=ORIENTED_EDGE('',*,*,#2202,.F.);
#3217=ORIENTED_EDGE('',*,*,#2207,.F.);
#3218=ORIENTED_EDGE('',*,*,#2299,.F.);
#3219=ORIENTED_EDGE('',*,*,#2300,.T.);
#3220=ORIENTED_EDGE('',*,*,#2280,.F.);
#3221=ORIENTED_EDGE('',*,*,#2301,.T.);
#3222=ORIENTED_EDGE('',*,*,#2302,.F.);
#3223=ORIENTED_EDGE('',*,*,#2303,.T.);
#3224=ORIENTED_EDGE('',*,*,#2221,.F.);
#3225=ORIENTED_EDGE('',*,*,#2230,.F.);
#3226=ORIENTED_EDGE('',*,*,#2304,.T.);
#3227=ORIENTED_EDGE('',*,*,#2305,.T.);
#3228=ORIENTED_EDGE('',*,*,#2306,.F.);
#3229=ORIENTED_EDGE('',*,*,#2203,.T.);
#3230=ORIENTED_EDGE('',*,*,#2199,.F.);
#3231=ORIENTED_EDGE('',*,*,#2302,.T.);
#3232=ORIENTED_EDGE('',*,*,#2307,.F.);
#3233=ORIENTED_EDGE('',*,*,#2223,.T.);
#3234=ORIENTED_EDGE('',*,*,#2308,.T.);
#3235=ORIENTED_EDGE('',*,*,#2309,.F.);
#3236=ORIENTED_EDGE('',*,*,#2310,.F.);
#3237=ORIENTED_EDGE('',*,*,#2310,.T.);
#3238=ORIENTED_EDGE('',*,*,#2311,.F.);
#3239=ORIENTED_EDGE('',*,*,#2312,.T.);
#3240=ORIENTED_EDGE('',*,*,#2224,.T.);
#3241=ORIENTED_EDGE('',*,*,#2303,.F.);
#3242=ORIENTED_EDGE('',*,*,#2313,.F.);
#3243=ORIENTED_EDGE('',*,*,#2308,.F.);
#3244=ORIENTED_EDGE('',*,*,#2222,.T.);
#3245=ORIENTED_EDGE('',*,*,#2226,.T.);
#3246=ORIENTED_EDGE('',*,*,#2314,.T.);
#3247=ORIENTED_EDGE('',*,*,#2159,.T.);
#3248=ORIENTED_EDGE('',*,*,#2315,.F.);
#3249=ORIENTED_EDGE('',*,*,#2160,.F.);
#3250=ORIENTED_EDGE('',*,*,#2314,.F.);
#3251=ORIENTED_EDGE('',*,*,#2225,.F.);
#3252=ORIENTED_EDGE('',*,*,#2312,.F.);
#3253=ORIENTED_EDGE('',*,*,#2316,.T.);
#3254=ORIENTED_EDGE('',*,*,#2307,.T.);
#3255=ORIENTED_EDGE('',*,*,#2301,.F.);
#3256=ORIENTED_EDGE('',*,*,#2279,.F.);
#3257=ORIENTED_EDGE('',*,*,#2291,.F.);
#3258=ORIENTED_EDGE('',*,*,#2317,.T.);
#3259=ORIENTED_EDGE('',*,*,#2161,.T.);
#3260=ORIENTED_EDGE('',*,*,#2316,.F.);
#3261=ORIENTED_EDGE('',*,*,#2311,.T.);
#3262=ORIENTED_EDGE('',*,*,#2309,.T.);
#3263=ORIENTED_EDGE('',*,*,#2313,.T.);
#3264=ORIENTED_EDGE('',*,*,#2305,.F.);
#3265=ORIENTED_EDGE('',*,*,#2318,.T.);
#3266=ORIENTED_EDGE('',*,*,#2290,.F.);
#3267=ORIENTED_EDGE('',*,*,#2319,.T.);
#3268=ORIENTED_EDGE('',*,*,#2162,.F.);
#3269=ORIENTED_EDGE('',*,*,#2317,.F.);
#3270=ORIENTED_EDGE('',*,*,#2269,.T.);
#3271=ORIENTED_EDGE('',*,*,#2320,.T.);
#3272=ORIENTED_EDGE('',*,*,#2151,.T.);
#3273=ORIENTED_EDGE('',*,*,#2215,.T.);
#3274=ORIENTED_EDGE('',*,*,#2270,.T.);
#3275=ORIENTED_EDGE('',*,*,#2217,.F.);
#3276=ORIENTED_EDGE('',*,*,#2266,.F.);
#3277=ORIENTED_EDGE('',*,*,#1885,.T.);
#3278=ORIENTED_EDGE('',*,*,#2275,.F.);
#3279=ORIENTED_EDGE('',*,*,#2271,.F.);
#3280=ORIENTED_EDGE('',*,*,#2321,.F.);
#3281=ORIENTED_EDGE('',*,*,#2152,.T.);
#3282=ORIENTED_EDGE('',*,*,#2320,.F.);
#3283=ORIENTED_EDGE('',*,*,#2268,.F.);
#3284=ORIENTED_EDGE('',*,*,#2321,.T.);
#3285=ORIENTED_EDGE('',*,*,#2274,.T.);
#3286=ORIENTED_EDGE('',*,*,#2322,.F.);
#3287=ORIENTED_EDGE('',*,*,#2153,.T.);
#3288=ORIENTED_EDGE('',*,*,#2323,.T.);
#3289=ORIENTED_EDGE('',*,*,#2154,.T.);
#3290=ORIENTED_EDGE('',*,*,#2322,.T.);
#3291=ORIENTED_EDGE('',*,*,#2273,.T.);
#3292=ORIENTED_EDGE('',*,*,#2276,.T.);
#3293=ORIENTED_EDGE('',*,*,#1883,.T.);
#3294=ORIENTED_EDGE('',*,*,#1882,.F.);
#3295=ORIENTED_EDGE('',*,*,#1911,.F.);
#3296=ORIENTED_EDGE('',*,*,#2155,.F.);
#3297=ORIENTED_EDGE('',*,*,#2323,.F.);
#3298=ORIENTED_EDGE('',*,*,#2156,.T.);
#3299=ORIENTED_EDGE('',*,*,#1909,.T.);
#3300=ORIENTED_EDGE('',*,*,#1952,.T.);
#3301=ORIENTED_EDGE('',*,*,#2324,.F.);
#3302=ORIENTED_EDGE('',*,*,#2325,.F.);
#3303=ORIENTED_EDGE('',*,*,#2326,.F.);
#3304=ORIENTED_EDGE('',*,*,#2327,.F.);
#3305=ORIENTED_EDGE('',*,*,#2237,.F.);
#3306=ORIENTED_EDGE('',*,*,#2328,.T.);
#3307=ORIENTED_EDGE('',*,*,#2239,.F.);
#3308=ORIENTED_EDGE('',*,*,#2329,.F.);
#3309=ORIENTED_EDGE('',*,*,#2193,.F.);
#3310=ORIENTED_EDGE('',*,*,#2328,.F.);
#3311=ORIENTED_EDGE('',*,*,#2192,.F.);
#3312=ORIENTED_EDGE('',*,*,#2297,.F.);
#3313=ORIENTED_EDGE('',*,*,#2190,.F.);
#3314=ORIENTED_EDGE('',*,*,#2296,.F.);
#3315=ORIENTED_EDGE('',*,*,#1888,.F.);
#3316=ORIENTED_EDGE('',*,*,#2210,.T.);
#3317=ORIENTED_EDGE('',*,*,#2288,.T.);
#3318=ORIENTED_EDGE('',*,*,#2285,.T.);
#3319=ORIENTED_EDGE('',*,*,#2282,.T.);
#3320=ORIENTED_EDGE('',*,*,#1987,.T.);
#3321=ORIENTED_EDGE('',*,*,#2240,.F.);
#3322=ORIENTED_EDGE('',*,*,#2330,.F.);
#3323=ORIENTED_EDGE('',*,*,#2232,.F.);
#3324=ORIENTED_EDGE('',*,*,#1985,.T.);
#3325=ORIENTED_EDGE('',*,*,#2281,.T.);
#3326=ORIENTED_EDGE('',*,*,#2284,.T.);
#3327=ORIENTED_EDGE('',*,*,#2287,.T.);
#3328=ORIENTED_EDGE('',*,*,#2208,.T.);
#3329=ORIENTED_EDGE('',*,*,#2163,.F.);
#3330=ORIENTED_EDGE('',*,*,#2319,.F.);
#3331=ORIENTED_EDGE('',*,*,#2289,.F.);
#3332=ORIENTED_EDGE('',*,*,#2277,.F.);
#3333=ORIENTED_EDGE('',*,*,#2300,.F.);
#3334=ORIENTED_EDGE('',*,*,#2233,.T.);
#3335=ORIENTED_EDGE('',*,*,#2330,.T.);
#3336=ORIENTED_EDGE('',*,*,#2299,.T.);
#3337=ORIENTED_EDGE('',*,*,#2206,.F.);
#3338=ORIENTED_EDGE('',*,*,#2241,.T.);
#3339=ORIENTED_EDGE('',*,*,#1981,.T.);
#3340=ORIENTED_EDGE('',*,*,#2331,.T.);
#3341=ORIENTED_EDGE('',*,*,#2332,.F.);
#3342=ORIENTED_EDGE('',*,*,#2333,.F.);
#3343=ORIENTED_EDGE('',*,*,#2334,.F.);
#3344=ORIENTED_EDGE('',*,*,#2335,.F.);
#3345=ORIENTED_EDGE('',*,*,#2331,.F.);
#3346=ORIENTED_EDGE('',*,*,#2325,.T.);
#3347=ORIENTED_EDGE('',*,*,#2236,.F.);
#3348=ORIENTED_EDGE('',*,*,#2009,.T.);
#3349=ORIENTED_EDGE('',*,*,#2186,.F.);
#3350=ORIENTED_EDGE('',*,*,#2294,.T.);
#3351=ORIENTED_EDGE('',*,*,#2195,.F.);
#3352=ORIENTED_EDGE('',*,*,#1873,.T.);
#3353=ORIENTED_EDGE('',*,*,#1892,.F.);
#3354=ORIENTED_EDGE('',*,*,#2336,.F.);
#3355=ORIENTED_EDGE('',*,*,#2326,.T.);
#3356=ORIENTED_EDGE('',*,*,#2185,.F.);
#3357=ORIENTED_EDGE('',*,*,#2337,.T.);
#3358=ORIENTED_EDGE('',*,*,#2338,.F.);
#3359=ORIENTED_EDGE('',*,*,#2339,.T.);
#3360=ORIENTED_EDGE('',*,*,#2196,.F.);
#3361=ORIENTED_EDGE('',*,*,#2293,.T.);
#3362=ORIENTED_EDGE('',*,*,#2327,.T.);
#3363=ORIENTED_EDGE('',*,*,#2336,.T.);
#3364=ORIENTED_EDGE('',*,*,#2340,.T.);
#3365=ORIENTED_EDGE('',*,*,#2338,.T.);
#3366=ORIENTED_EDGE('',*,*,#2292,.T.);
#3367=ORIENTED_EDGE('',*,*,#1890,.T.);
#3368=ORIENTED_EDGE('',*,*,#2295,.T.);
#3369=ORIENTED_EDGE('',*,*,#2188,.F.);
#3370=ORIENTED_EDGE('',*,*,#2298,.F.);
#3371=ORIENTED_EDGE('',*,*,#2194,.F.);
#3372=ORIENTED_EDGE('',*,*,#2329,.T.);
#3373=ORIENTED_EDGE('',*,*,#2238,.T.);
#3374=ORIENTED_EDGE('',*,*,#2333,.T.);
#3375=ORIENTED_EDGE('',*,*,#2341,.T.);
#3376=ORIENTED_EDGE('',*,*,#2342,.T.);
#3377=ORIENTED_EDGE('',*,*,#2332,.T.);
#3378=ORIENTED_EDGE('',*,*,#2343,.T.);
#3379=ORIENTED_EDGE('',*,*,#2344,.T.);
#3380=ORIENTED_EDGE('',*,*,#2002,.T.);
#3381=ORIENTED_EDGE('',*,*,#2204,.T.);
#3382=ORIENTED_EDGE('',*,*,#2306,.T.);
#3383=ORIENTED_EDGE('',*,*,#2318,.F.);
#3384=ORIENTED_EDGE('',*,*,#2304,.F.);
#3385=ORIENTED_EDGE('',*,*,#2229,.T.);
#3386=ORIENTED_EDGE('',*,*,#2231,.F.);
#3387=ORIENTED_EDGE('',*,*,#1851,.F.);
#3388=ORIENTED_EDGE('',*,*,#2227,.T.);
#3389=ORIENTED_EDGE('',*,*,#2315,.T.);
#3390=ORIENTED_EDGE('',*,*,#2158,.T.);
#3391=ORIENTED_EDGE('',*,*,#1854,.F.);
#3392=ORIENTED_EDGE('',*,*,#2324,.T.);
#3393=ORIENTED_EDGE('',*,*,#1951,.T.);
#3394=ORIENTED_EDGE('',*,*,#1856,.T.);
#3395=ORIENTED_EDGE('',*,*,#2157,.T.);
#3396=ORIENTED_EDGE('',*,*,#2343,.F.);
#3397=ORIENTED_EDGE('',*,*,#2345,.F.);
#3398=ORIENTED_EDGE('',*,*,#2176,.F.);
#3399=ORIENTED_EDGE('',*,*,#2182,.T.);
#3400=ORIENTED_EDGE('',*,*,#2346,.T.);
#3401=ORIENTED_EDGE('',*,*,#2335,.T.);
#3402=ORIENTED_EDGE('',*,*,#2177,.T.);
#3403=ORIENTED_EDGE('',*,*,#2345,.T.);
#3404=ORIENTED_EDGE('',*,*,#2334,.T.);
#3405=ORIENTED_EDGE('',*,*,#2347,.T.);
#3406=ORIENTED_EDGE('',*,*,#2178,.T.);
#3407=ORIENTED_EDGE('',*,*,#2347,.F.);
#3408=ORIENTED_EDGE('',*,*,#2342,.F.);
#3409=ORIENTED_EDGE('',*,*,#2348,.F.);
#3410=ORIENTED_EDGE('',*,*,#2349,.T.);
#3411=ORIENTED_EDGE('',*,*,#2179,.T.);
#3412=ORIENTED_EDGE('',*,*,#2104,.T.);
#3413=ORIENTED_EDGE('',*,*,#2111,.F.);
#3414=ORIENTED_EDGE('',*,*,#2180,.T.);
#3415=ORIENTED_EDGE('',*,*,#2349,.F.);
#3416=ORIENTED_EDGE('',*,*,#2350,.T.);
#3417=ORIENTED_EDGE('',*,*,#2340,.F.);
#3418=ORIENTED_EDGE('',*,*,#2337,.F.);
#3419=ORIENTED_EDGE('',*,*,#1824,.F.);
#3420=ORIENTED_EDGE('',*,*,#2339,.F.);
#3421=ORIENTED_EDGE('',*,*,#2106,.T.);
#3422=ORIENTED_EDGE('',*,*,#2351,.F.);
#3423=ORIENTED_EDGE('',*,*,#2105,.T.);
#3424=ORIENTED_EDGE('',*,*,#2350,.F.);
#3425=ORIENTED_EDGE('',*,*,#2348,.T.);
#3426=ORIENTED_EDGE('',*,*,#2341,.F.);
#3427=ORIENTED_EDGE('',*,*,#2344,.F.);
#3428=ORIENTED_EDGE('',*,*,#2346,.F.);
#3429=ORIENTED_EDGE('',*,*,#2181,.F.);
#3430=ORIENTED_EDGE('',*,*,#2107,.T.);
#3431=ORIENTED_EDGE('',*,*,#2351,.T.);
#3432=PLANE('',#3807);
#3433=PLANE('',#3808);
#3434=PLANE('',#3814);
#3435=PLANE('',#3815);
#3436=PLANE('',#3816);
#3437=PLANE('',#3817);
#3438=PLANE('',#3820);
#3439=PLANE('',#3821);
#3440=PLANE('',#3822);
#3441=PLANE('',#3823);
#3442=PLANE('',#3824);
#3443=PLANE('',#3825);
#3444=PLANE('',#3826);
#3445=PLANE('',#3827);
#3446=PLANE('',#3828);
#3447=PLANE('',#3829);
#3448=PLANE('',#3831);
#3449=PLANE('',#3832);
#3450=PLANE('',#3833);
#3451=PLANE('',#3834);
#3452=PLANE('',#3835);
#3453=PLANE('',#3836);
#3454=PLANE('',#3837);
#3455=PLANE('',#3838);
#3456=PLANE('',#3839);
#3457=PLANE('',#3840);
#3458=PLANE('',#3841);
#3459=PLANE('',#3842);
#3460=PLANE('',#3843);
#3461=PLANE('',#3844);
#3462=PLANE('',#3845);
#3463=PLANE('',#3846);
#3464=PLANE('',#3856);
#3465=PLANE('',#3857);
#3466=PLANE('',#3858);
#3467=PLANE('',#3859);
#3468=PLANE('',#3860);
#3469=PLANE('',#3861);
#3470=PLANE('',#3863);
#3471=PLANE('',#3867);
#3472=PLANE('',#3868);
#3473=PLANE('',#3869);
#3474=PLANE('',#3872);
#3475=PLANE('',#3873);
#3476=PLANE('',#3874);
#3477=PLANE('',#3875);
#3478=PLANE('',#3876);
#3479=PLANE('',#3877);
#3480=PLANE('',#3878);
#3481=PLANE('',#3879);
#3482=PLANE('',#3880);
#3483=PLANE('',#3888);
#3484=PLANE('',#3889);
#3485=PLANE('',#3890);
#3486=PLANE('',#3891);
#3487=PLANE('',#3892);
#3488=PLANE('',#3893);
#3489=PLANE('',#3894);
#3490=PLANE('',#3895);
#3491=PLANE('',#3896);
#3492=PLANE('',#3897);
#3493=PLANE('',#3898);
#3494=PLANE('',#3899);
#3495=PLANE('',#3900);
#3496=PLANE('',#3901);
#3497=PLANE('',#3902);
#3498=PLANE('',#3903);
#3499=PLANE('',#3904);
#3500=PLANE('',#3905);
#3501=PLANE('',#3906);
#3502=PLANE('',#3907);
#3503=PLANE('',#3908);
#3504=PLANE('',#3909);
#3505=PLANE('',#3910);
#3506=PLANE('',#3911);
#3507=PLANE('',#3913);
#3508=PLANE('',#3917);
#3509=PLANE('',#3922);
#3510=PLANE('',#3923);
#3511=PLANE('',#3924);
#3512=PLANE('',#3925);
#3513=PLANE('',#3926);
#3514=PLANE('',#3928);
#3515=PLANE('',#3930);
#3516=PLANE('',#3932);
#3517=PLANE('',#3934);
#3518=PLANE('',#3935);
#3519=PLANE('',#3937);
#3520=PLANE('',#3938);
#3521=PLANE('',#3939);
#3522=PLANE('',#3941);
#3523=PLANE('',#3944);
#3524=PLANE('',#3948);
#3525=PLANE('',#3949);
#3526=PLANE('',#3950);
#3527=PLANE('',#3951);
#3528=PLANE('',#3952);
#3529=PLANE('',#3953);
#3530=PLANE('',#3954);
#3531=PLANE('',#3955);
#3532=PLANE('',#3956);
#3533=PLANE('',#3957);
#3534=PLANE('',#3958);
#3535=PLANE('',#3959);
#3536=PLANE('',#3960);
#3537=PLANE('',#3961);
#3538=PLANE('',#3962);
#3539=PLANE('',#3963);
#3540=PLANE('',#3964);
#3541=PLANE('',#3966);
#3542=PLANE('',#3968);
#3543=PLANE('',#3975);
#3544=PLANE('',#3976);
#3545=PLANE('',#3981);
#3546=PLANE('',#3985);
#3547=PLANE('',#3987);
#3548=PLANE('',#3988);
#3549=PLANE('',#3989);
#3550=PLANE('',#3990);
#3551=PLANE('',#3991);
#3552=PLANE('',#3992);
#3553=PLANE('',#3993);
#3554=PLANE('',#3994);
#3555=PLANE('',#3995);
#3556=PLANE('',#3996);
#3557=PLANE('',#3997);
#3558=PLANE('',#3998);
#3559=PLANE('',#3999);
#3560=PLANE('',#4002);
#3561=PLANE('',#4003);
#3562=PLANE('',#4004);
#3563=PLANE('',#4005);
#3564=PLANE('',#4006);
#3565=PLANE('',#4007);
#3566=PLANE('',#4008);
#3567=PLANE('',#4009);
#3568=PLANE('',#4013);
#3569=PLANE('',#4014);
#3570=PLANE('',#4019);
#3571=PLANE('',#4020);
#3572=PLANE('',#4021);
#3573=PLANE('',#4022);
#3574=PLANE('',#4027);
#3575=PLANE('',#4031);
#3576=PLANE('',#4032);
#3577=PLANE('',#4033);
#3578=PLANE('',#4034);
#3579=PLANE('',#4037);
#3580=PLANE('',#4038);
#3581=PLANE('',#4042);
#3582=PLANE('',#4043);
#3583=PLANE('',#4051);
#3584=PLANE('',#4052);
#3585=PLANE('',#4053);
#3586=PLANE('',#4054);
#3587=PLANE('',#4055);
#3588=PLANE('',#4056);
#3589=PLANE('',#4057);
#3590=PLANE('',#4058);
#3591=PLANE('',#4060);
#3592=PLANE('',#4061);
#3593=PLANE('',#4062);
#3594=PLANE('',#4063);
#3595=PLANE('',#4064);
#3596=PLANE('',#4065);
#3597=PLANE('',#4066);
#3598=PLANE('',#4067);
#3599=PLANE('',#4068);
#3600=ADVANCED_FACE('',(#125),#3432,.T.);
#3601=ADVANCED_FACE('',(#126,#49,#50,#51),#3433,.F.);
#3602=ADVANCED_FACE('',(#127),#3434,.T.);
#3603=ADVANCED_FACE('',(#128),#3435,.T.);
#3604=ADVANCED_FACE('',(#129),#3436,.T.);
#3605=ADVANCED_FACE('',(#130),#3437,.F.);
#3606=ADVANCED_FACE('',(#131),#3438,.T.);
#3607=ADVANCED_FACE('',(#132),#3439,.T.);
#3608=ADVANCED_FACE('',(#133),#3440,.T.);
#3609=ADVANCED_FACE('',(#134),#3441,.T.);
#3610=ADVANCED_FACE('',(#135),#3442,.F.);
#3611=ADVANCED_FACE('',(#136),#3443,.T.);
#3612=ADVANCED_FACE('',(#137),#3444,.T.);
#3613=ADVANCED_FACE('',(#138),#3445,.F.);
#3614=ADVANCED_FACE('',(#139,#52),#3446,.F.);
#3615=ADVANCED_FACE('',(#140),#3447,.T.);
#3616=ADVANCED_FACE('',(#141),#3448,.F.);
#3617=ADVANCED_FACE('',(#142),#3449,.F.);
#3618=ADVANCED_FACE('',(#143),#3450,.F.);
#3619=ADVANCED_FACE('',(#144),#3451,.F.);
#3620=ADVANCED_FACE('',(#145),#3452,.F.);
#3621=ADVANCED_FACE('',(#146),#3453,.F.);
#3622=ADVANCED_FACE('',(#147),#3454,.F.);
#3623=ADVANCED_FACE('',(#148),#3455,.F.);
#3624=ADVANCED_FACE('',(#149),#3456,.F.);
#3625=ADVANCED_FACE('',(#150),#3457,.F.);
#3626=ADVANCED_FACE('',(#151),#3458,.F.);
#3627=ADVANCED_FACE('',(#152),#3459,.F.);
#3628=ADVANCED_FACE('',(#153),#3460,.F.);
#3629=ADVANCED_FACE('',(#154),#3461,.F.);
#3630=ADVANCED_FACE('',(#155),#3462,.F.);
#3631=ADVANCED_FACE('',(#156,#53,#54),#3463,.T.);
#3632=ADVANCED_FACE('',(#157),#47,.F.);
#3633=ADVANCED_FACE('',(#158),#24,.F.);
#3634=ADVANCED_FACE('',(#159),#48,.F.);
#3635=ADVANCED_FACE('',(#160),#25,.F.);
#3636=ADVANCED_FACE('',(#161),#3464,.T.);
#3637=ADVANCED_FACE('',(#162),#3465,.T.);
#3638=ADVANCED_FACE('',(#163),#3466,.T.);
#3639=ADVANCED_FACE('',(#164),#3467,.F.);
#3640=ADVANCED_FACE('',(#165),#3468,.F.);
#3641=ADVANCED_FACE('',(#166,#55),#3469,.T.);
#3642=ADVANCED_FACE('',(#167),#3470,.F.);
#3643=ADVANCED_FACE('',(#168),#26,.F.);
#3644=ADVANCED_FACE('',(#169),#3471,.F.);
#3645=ADVANCED_FACE('',(#170),#3472,.F.);
#3646=ADVANCED_FACE('',(#171),#3473,.F.);
#3647=ADVANCED_FACE('',(#172),#3474,.T.);
#3648=ADVANCED_FACE('',(#173),#3475,.T.);
#3649=ADVANCED_FACE('',(#174),#3476,.F.);
#3650=ADVANCED_FACE('',(#175),#3477,.T.);
#3651=ADVANCED_FACE('',(#176),#3478,.T.);
#3652=ADVANCED_FACE('',(#177),#3479,.T.);
#3653=ADVANCED_FACE('',(#178),#3480,.F.);
#3654=ADVANCED_FACE('',(#179),#3481,.F.);
#3655=ADVANCED_FACE('',(#180),#3482,.F.);
#3656=ADVANCED_FACE('',(#181),#27,.F.);
#3657=ADVANCED_FACE('',(#182),#3483,.T.);
#3658=ADVANCED_FACE('',(#183),#3484,.T.);
#3659=ADVANCED_FACE('',(#184),#3485,.F.);
#3660=ADVANCED_FACE('',(#185),#3486,.F.);
#3661=ADVANCED_FACE('',(#186),#3487,.F.);
#3662=ADVANCED_FACE('',(#187),#3488,.F.);
#3663=ADVANCED_FACE('',(#188),#3489,.F.);
#3664=ADVANCED_FACE('',(#189),#3490,.F.);
#3665=ADVANCED_FACE('',(#190),#3491,.F.);
#3666=ADVANCED_FACE('',(#191),#3492,.F.);
#3667=ADVANCED_FACE('',(#192),#3493,.F.);
#3668=ADVANCED_FACE('',(#193),#3494,.F.);
#3669=ADVANCED_FACE('',(#194),#3495,.F.);
#3670=ADVANCED_FACE('',(#195),#3496,.F.);
#3671=ADVANCED_FACE('',(#196),#3497,.F.);
#3672=ADVANCED_FACE('',(#197),#3498,.F.);
#3673=ADVANCED_FACE('',(#198),#3499,.F.);
#3674=ADVANCED_FACE('',(#199),#3500,.F.);
#3675=ADVANCED_FACE('',(#200),#3501,.F.);
#3676=ADVANCED_FACE('',(#201),#3502,.F.);
#3677=ADVANCED_FACE('',(#202),#3503,.F.);
#3678=ADVANCED_FACE('',(#203),#3504,.F.);
#3679=ADVANCED_FACE('',(#204),#3505,.F.);
#3680=ADVANCED_FACE('',(#205,#56,#57),#3506,.T.);
#3681=ADVANCED_FACE('',(#206),#3507,.T.);
#3682=ADVANCED_FACE('',(#207),#28,.F.);
#3683=ADVANCED_FACE('',(#208),#3508,.F.);
#3684=ADVANCED_FACE('',(#209),#29,.F.);
#3685=ADVANCED_FACE('',(#210),#3509,.F.);
#3686=ADVANCED_FACE('',(#211),#3510,.F.);
#3687=ADVANCED_FACE('',(#212),#3511,.F.);
#3688=ADVANCED_FACE('',(#213),#3512,.F.);
#3689=ADVANCED_FACE('',(#214),#3513,.F.);
#3690=ADVANCED_FACE('',(#215),#3514,.F.);
#3691=ADVANCED_FACE('',(#216),#3515,.F.);
#3692=ADVANCED_FACE('',(#217),#3516,.F.);
#3693=ADVANCED_FACE('',(#218),#3517,.F.);
#3694=ADVANCED_FACE('',(#219),#3518,.T.);
#3695=ADVANCED_FACE('',(#220),#3519,.F.);
#3696=ADVANCED_FACE('',(#221),#3520,.F.);
#3697=ADVANCED_FACE('',(#222),#3521,.T.);
#3698=ADVANCED_FACE('',(#223),#3522,.T.);
#3699=ADVANCED_FACE('',(#224),#3523,.T.);
#3700=ADVANCED_FACE('',(#225),#30,.F.);
#3701=ADVANCED_FACE('',(#226),#31,.F.);
#3702=ADVANCED_FACE('',(#227,#58),#3524,.F.);
#3703=ADVANCED_FACE('',(#228),#3525,.T.);
#3704=ADVANCED_FACE('',(#229),#3526,.F.);
#3705=ADVANCED_FACE('',(#230),#3527,.F.);
#3706=ADVANCED_FACE('',(#231),#3528,.T.);
#3707=ADVANCED_FACE('',(#232),#3529,.F.);
#3708=ADVANCED_FACE('',(#233),#3530,.T.);
#3709=ADVANCED_FACE('',(#234),#3531,.F.);
#3710=ADVANCED_FACE('',(#235),#3532,.T.);
#3711=ADVANCED_FACE('',(#236),#3533,.T.);
#3712=ADVANCED_FACE('',(#237),#3534,.T.);
#3713=ADVANCED_FACE('',(#238),#3535,.T.);
#3714=ADVANCED_FACE('',(#239),#3536,.T.);
#3715=ADVANCED_FACE('',(#240),#3537,.T.);
#3716=ADVANCED_FACE('',(#241),#3538,.T.);
#3717=ADVANCED_FACE('',(#242),#3539,.T.);
#3718=ADVANCED_FACE('',(#243),#3540,.T.);
#3719=ADVANCED_FACE('',(#244),#3541,.T.);
#3720=ADVANCED_FACE('',(#245),#32,.F.);
#3721=ADVANCED_FACE('',(#246),#3542,.T.);
#3722=ADVANCED_FACE('',(#247),#33,.F.);
#3723=ADVANCED_FACE('',(#248),#3543,.T.);
#3724=ADVANCED_FACE('',(#249),#3544,.F.);
#3725=ADVANCED_FACE('',(#250),#3545,.T.);
#3726=ADVANCED_FACE('',(#251),#34,.T.);
#3727=ADVANCED_FACE('',(#252,#59),#3546,.F.);
#3728=ADVANCED_FACE('',(#253),#35,.F.);
#3729=ADVANCED_FACE('',(#254),#3547,.F.);
#3730=ADVANCED_FACE('',(#255),#3548,.F.);
#3731=ADVANCED_FACE('',(#256),#3549,.F.);
#3732=ADVANCED_FACE('',(#257),#3550,.F.);
#3733=ADVANCED_FACE('',(#258),#3551,.F.);
#3734=ADVANCED_FACE('',(#259),#3552,.F.);
#3735=ADVANCED_FACE('',(#260),#3553,.F.);
#3736=ADVANCED_FACE('',(#261),#3554,.F.);
#3737=ADVANCED_FACE('',(#262),#3555,.F.);
#3738=ADVANCED_FACE('',(#263),#3556,.F.);
#3739=ADVANCED_FACE('',(#264),#3557,.F.);
#3740=ADVANCED_FACE('',(#265),#3558,.T.);
#3741=ADVANCED_FACE('',(#266),#3559,.T.);
#3742=ADVANCED_FACE('',(#267),#36,.F.);
#3743=ADVANCED_FACE('',(#268),#3560,.T.);
#3744=ADVANCED_FACE('',(#269),#3561,.T.);
#3745=ADVANCED_FACE('',(#270,#60),#3562,.T.);
#3746=ADVANCED_FACE('',(#271),#3563,.T.);
#3747=ADVANCED_FACE('',(#272,#61),#3564,.T.);
#3748=ADVANCED_FACE('',(#273),#3565,.T.);
#3749=ADVANCED_FACE('',(#274),#3566,.T.);
#3750=ADVANCED_FACE('',(#275),#3567,.F.);
#3751=ADVANCED_FACE('',(#276),#37,.F.);
#3752=ADVANCED_FACE('',(#277),#3568,.T.);
#3753=ADVANCED_FACE('',(#278),#3569,.T.);
#3754=ADVANCED_FACE('',(#279),#38,.F.);
#3755=ADVANCED_FACE('',(#280),#39,.F.);
#3756=ADVANCED_FACE('',(#281),#3570,.T.);
#3757=ADVANCED_FACE('',(#282),#3571,.T.);
#3758=ADVANCED_FACE('',(#283),#3572,.T.);
#3759=ADVANCED_FACE('',(#284),#3573,.T.);
#3760=ADVANCED_FACE('',(#285),#40,.F.);
#3761=ADVANCED_FACE('',(#286),#3574,.F.);
#3762=ADVANCED_FACE('',(#287),#41,.F.);
#3763=ADVANCED_FACE('',(#288),#3575,.T.);
#3764=ADVANCED_FACE('',(#289),#3576,.F.);
#3765=ADVANCED_FACE('',(#290),#3577,.T.);
#3766=ADVANCED_FACE('',(#291),#3578,.T.);
#3767=ADVANCED_FACE('',(#292),#42,.F.);
#3768=ADVANCED_FACE('',(#293),#3579,.F.);
#3769=ADVANCED_FACE('',(#294),#3580,.F.);
#3770=ADVANCED_FACE('',(#295),#43,.F.);
#3771=ADVANCED_FACE('',(#296),#3581,.T.);
#3772=ADVANCED_FACE('',(#297),#3582,.T.);
#3773=ADVANCED_FACE('',(#298),#44,.F.);
#3774=ADVANCED_FACE('',(#299),#45,.F.);
#3775=ADVANCED_FACE('',(#300),#3583,.F.);
#3776=ADVANCED_FACE('',(#301),#3584,.F.);
#3777=ADVANCED_FACE('',(#302),#3585,.F.);
#3778=ADVANCED_FACE('',(#303),#3586,.F.);
#3779=ADVANCED_FACE('',(#304),#3587,.F.);
#3780=ADVANCED_FACE('',(#305),#3588,.T.);
#3781=ADVANCED_FACE('',(#306),#3589,.T.);
#3782=ADVANCED_FACE('',(#307),#3590,.F.);
#3783=ADVANCED_FACE('',(#308),#46,.T.);
#3784=ADVANCED_FACE('',(#309),#3591,.T.);
#3785=ADVANCED_FACE('',(#310),#3592,.T.);
#3786=ADVANCED_FACE('',(#311),#3593,.T.);
#3787=ADVANCED_FACE('',(#312),#3594,.T.);
#3788=ADVANCED_FACE('',(#313),#3595,.T.);
#3789=ADVANCED_FACE('',(#314),#3596,.F.);
#3790=ADVANCED_FACE('',(#315),#3597,.F.);
#3791=ADVANCED_FACE('',(#316),#3598,.F.);
#3792=ADVANCED_FACE('',(#317),#3599,.T.);
#3793=CLOSED_SHELL('',(#3600,#3601,#3602,#3603,#3604,#3605,#3606,#3607,
#3608,#3609,#3610,#3611,#3612,#3613,#3614,#3615,#3616,#3617,#3618,#3619,
#3620,#3621,#3622,#3623,#3624,#3625,#3626,#3627,#3628,#3629,#3630,#3631,
#3632,#3633,#3634,#3635,#3636,#3637,#3638,#3639,#3640,#3641,#3642,#3643,
#3644,#3645,#3646,#3647,#3648,#3649,#3650,#3651,#3652,#3653,#3654,#3655,
#3656,#3657,#3658,#3659,#3660,#3661,#3662,#3663,#3664,#3665,#3666,#3667,
#3668,#3669,#3670,#3671,#3672,#3673,#3674,#3675,#3676,#3677,#3678,#3679,
#3680,#3681,#3682,#3683,#3684,#3685,#3686,#3687,#3688,#3689,#3690,#3691,
#3692,#3693,#3694,#3695,#3696,#3697,#3698,#3699,#3700,#3701,#3702,#3703,
#3704,#3705,#3706,#3707,#3708,#3709,#3710,#3711,#3712,#3713,#3714,#3715,
#3716,#3717,#3718,#3719,#3720,#3721,#3722,#3723,#3724,#3725,#3726,#3727,
#3728,#3729,#3730,#3731,#3732,#3733,#3734,#3735,#3736,#3737,#3738,#3739,
#3740,#3741,#3742,#3743,#3744,#3745,#3746,#3747,#3748,#3749,#3750,#3751,
#3752,#3753,#3754,#3755,#3756,#3757,#3758,#3759,#3760,#3761,#3762,#3763,
#3764,#3765,#3766,#3767,#3768,#3769,#3770,#3771,#3772,#3773,#3774,#3775,
#3776,#3777,#3778,#3779,#3780,#3781,#3782,#3783,#3784,#3785,#3786,#3787,
#3788,#3789,#3790,#3791,#3792));
#3794=DERIVED_UNIT_ELEMENT(#3796,1.);
#3795=DERIVED_UNIT_ELEMENT(#6173,-3.);
#3796=(
MASS_UNIT()
NAMED_UNIT(*)
SI_UNIT(.KILO.,.GRAM.)
);
#3797=DERIVED_UNIT((#3794,#3795));
#3798=MEASURE_REPRESENTATION_ITEM('density measure',
POSITIVE_RATIO_MEASURE(7850.),#3797);
#3799=PROPERTY_DEFINITION_REPRESENTATION(#3804,#3801);
#3800=PROPERTY_DEFINITION_REPRESENTATION(#3805,#3802);
#3801=REPRESENTATION('material name',(#3803),#6170);
#3802=REPRESENTATION('density',(#3798),#6170);
#3803=DESCRIPTIVE_REPRESENTATION_ITEM('Steel','Steel');
#3804=PROPERTY_DEFINITION('material property','material name',#6180);
#3805=PROPERTY_DEFINITION('material property','density of part',#6180);
#3806=AXIS2_PLACEMENT_3D('',#5063,#4069,#4070);
#3807=AXIS2_PLACEMENT_3D('',#5064,#4071,#4072);
#3808=AXIS2_PLACEMENT_3D('',#5073,#4077,#4078);
#3809=AXIS2_PLACEMENT_3D('',#5083,#4083,#4084);
#3810=AXIS2_PLACEMENT_3D('',#5101,#4093,#4094);
#3811=AXIS2_PLACEMENT_3D('',#5110,#4099,#4100);
#3812=AXIS2_PLACEMENT_3D('',#5112,#4101,#4102);
#3813=AXIS2_PLACEMENT_3D('',#5114,#4103,#4104);
#3814=AXIS2_PLACEMENT_3D('',#5115,#4105,#4106);
#3815=AXIS2_PLACEMENT_3D('',#5121,#4110,#4111);
#3816=AXIS2_PLACEMENT_3D('',#5125,#4114,#4115);
#3817=AXIS2_PLACEMENT_3D('',#5136,#4121,#4122);
#3818=AXIS2_PLACEMENT_3D('',#5148,#4128,#4129);
#3819=AXIS2_PLACEMENT_3D('',#5152,#4131,#4132);
#3820=AXIS2_PLACEMENT_3D('',#5158,#4136,#4137);
#3821=AXIS2_PLACEMENT_3D('',#5163,#4141,#4142);
#3822=AXIS2_PLACEMENT_3D('',#5165,#4144,#4145);
#3823=AXIS2_PLACEMENT_3D('',#5171,#4149,#4150);
#3824=AXIS2_PLACEMENT_3D('',#5173,#4152,#4153);
#3825=AXIS2_PLACEMENT_3D('',#5183,#4159,#4160);
#3826=AXIS2_PLACEMENT_3D('',#5197,#4168,#4169);
#3827=AXIS2_PLACEMENT_3D('',#5201,#4172,#4173);
#3828=AXIS2_PLACEMENT_3D('',#5203,#4175,#4176);
#3829=AXIS2_PLACEMENT_3D('',#5257,#4204,#4205);
#3830=AXIS2_PLACEMENT_3D('',#5264,#4209,#4210);
#3831=AXIS2_PLACEMENT_3D('',#5265,#4211,#4212);
#3832=AXIS2_PLACEMENT_3D('',#5271,#4216,#4217);
#3833=AXIS2_PLACEMENT_3D('',#5275,#4220,#4221);
#3834=AXIS2_PLACEMENT_3D('',#5279,#4224,#4225);
#3835=AXIS2_PLACEMENT_3D('',#5283,#4228,#4229);
#3836=AXIS2_PLACEMENT_3D('',#5287,#4232,#4233);
#3837=AXIS2_PLACEMENT_3D('',#5291,#4236,#4237);
#3838=AXIS2_PLACEMENT_3D('',#5295,#4240,#4241);
#3839=AXIS2_PLACEMENT_3D('',#5299,#4244,#4245);
#3840=AXIS2_PLACEMENT_3D('',#5303,#4248,#4249);
#3841=AXIS2_PLACEMENT_3D('',#5307,#4252,#4253);
#3842=AXIS2_PLACEMENT_3D('',#5311,#4256,#4257);
#3843=AXIS2_PLACEMENT_3D('',#5315,#4260,#4261);
#3844=AXIS2_PLACEMENT_3D('',#5319,#4264,#4265);
#3845=AXIS2_PLACEMENT_3D('',#5323,#4268,#4269);
#3846=AXIS2_PLACEMENT_3D('',#5325,#4271,#4272);
#3847=AXIS2_PLACEMENT_3D('',#5327,#4273,#4274);
#3848=AXIS2_PLACEMENT_3D('',#5329,#4275,#4276);
#3849=AXIS2_PLACEMENT_3D('',#5330,#4277,#4278);
#3850=AXIS2_PLACEMENT_3D('',#5333,#4280,#4281);
#3851=AXIS2_PLACEMENT_3D('',#5334,#4282,#4283);
#3852=AXIS2_PLACEMENT_3D('',#5336,#4285,#4286);
#3853=AXIS2_PLACEMENT_3D('',#5339,#4288,#4289);
#3854=AXIS2_PLACEMENT_3D('',#5340,#4290,#4291);
#3855=AXIS2_PLACEMENT_3D('',#5342,#4292,#4293);
#3856=AXIS2_PLACEMENT_3D('',#5344,#4295,#4296);
#3857=AXIS2_PLACEMENT_3D('',#5348,#4299,#4300);
#3858=AXIS2_PLACEMENT_3D('',#5354,#4304,#4305);
#3859=AXIS2_PLACEMENT_3D('',#5358,#4308,#4309);
#3860=AXIS2_PLACEMENT_3D('',#5370,#4316,#4317);
#3861=AXIS2_PLACEMENT_3D('',#5388,#4327,#4328);
#3862=AXIS2_PLACEMENT_3D('',#5406,#4337,#4338);
#3863=AXIS2_PLACEMENT_3D('',#5407,#4339,#4340);
#3864=AXIS2_PLACEMENT_3D('',#5413,#4344,#4345);
#3865=AXIS2_PLACEMENT_3D('',#5416,#4346,#4347);
#3866=AXIS2_PLACEMENT_3D('',#5420,#4349,#4350);
#3867=AXIS2_PLACEMENT_3D('',#5422,#4352,#4353);
#3868=AXIS2_PLACEMENT_3D('',#5432,#4359,#4360);
#3869=AXIS2_PLACEMENT_3D('',#5436,#4363,#4364);
#3870=AXIS2_PLACEMENT_3D('',#5440,#4366,#4367);
#3871=AXIS2_PLACEMENT_3D('',#5448,#4371,#4372);
#3872=AXIS2_PLACEMENT_3D('',#5450,#4374,#4375);
#3873=AXIS2_PLACEMENT_3D('',#5458,#4380,#4381);
#3874=AXIS2_PLACEMENT_3D('',#5466,#4386,#4387);
#3875=AXIS2_PLACEMENT_3D('',#5469,#4390,#4391);
#3876=AXIS2_PLACEMENT_3D('',#5471,#4393,#4394);
#3877=AXIS2_PLACEMENT_3D('',#5475,#4397,#4398);
#3878=AXIS2_PLACEMENT_3D('',#5478,#4401,#4402);
#3879=AXIS2_PLACEMENT_3D('',#5479,#4403,#4404);
#3880=AXIS2_PLACEMENT_3D('',#5487,#4409,#4410);
#3881=AXIS2_PLACEMENT_3D('',#5490,#4411,#4412);
#3882=AXIS2_PLACEMENT_3D('',#5495,#4415,#4416);
#3883=AXIS2_PLACEMENT_3D('',#5499,#4419,#4420);
#3884=AXIS2_PLACEMENT_3D('',#5503,#4422,#4423);
#3885=AXIS2_PLACEMENT_3D('',#5508,#4426,#4427);
#3886=AXIS2_PLACEMENT_3D('',#5510,#4428,#4429);
#3887=AXIS2_PLACEMENT_3D('',#5511,#4430,#4431);
#3888=AXIS2_PLACEMENT_3D('',#5512,#4432,#4433);
#3889=AXIS2_PLACEMENT_3D('',#5516,#4436,#4437);
#3890=AXIS2_PLACEMENT_3D('',#5520,#4440,#4441);
#3891=AXIS2_PLACEMENT_3D('',#5524,#4444,#4445);
#3892=AXIS2_PLACEMENT_3D('',#5528,#4448,#4449);
#3893=AXIS2_PLACEMENT_3D('',#5532,#4452,#4453);
#3894=AXIS2_PLACEMENT_3D('',#5536,#4456,#4457);
#3895=AXIS2_PLACEMENT_3D('',#5540,#4460,#4461);
#3896=AXIS2_PLACEMENT_3D('',#5544,#4464,#4465);
#3897=AXIS2_PLACEMENT_3D('',#5546,#4467,#4468);
#3898=AXIS2_PLACEMENT_3D('',#5555,#4473,#4474);
#3899=AXIS2_PLACEMENT_3D('',#5561,#4478,#4479);
#3900=AXIS2_PLACEMENT_3D('',#5567,#4483,#4484);
#3901=AXIS2_PLACEMENT_3D('',#5573,#4488,#4489);
#3902=AXIS2_PLACEMENT_3D('',#5579,#4493,#4494);
#3903=AXIS2_PLACEMENT_3D('',#5585,#4498,#4499);
#3904=AXIS2_PLACEMENT_3D('',#5591,#4503,#4504);
#3905=AXIS2_PLACEMENT_3D('',#5597,#4508,#4509);
#3906=AXIS2_PLACEMENT_3D('',#5603,#4513,#4514);
#3907=AXIS2_PLACEMENT_3D('',#5609,#4518,#4519);
#3908=AXIS2_PLACEMENT_3D('',#5615,#4523,#4524);
#3909=AXIS2_PLACEMENT_3D('',#5621,#4528,#4529);
#3910=AXIS2_PLACEMENT_3D('',#5627,#4533,#4534);
#3911=AXIS2_PLACEMENT_3D('',#5630,#4537,#4538);
#3912=AXIS2_PLACEMENT_3D('',#5632,#4539,#4540);
#3913=AXIS2_PLACEMENT_3D('',#5633,#4541,#4542);
#3914=AXIS2_PLACEMENT_3D('',#5635,#4544,#4545);
#3915=AXIS2_PLACEMENT_3D('',#5641,#4548,#4549);
#3916=AXIS2_PLACEMENT_3D('',#5644,#4551,#4552);
#3917=AXIS2_PLACEMENT_3D('',#5645,#4553,#4554);
#3918=AXIS2_PLACEMENT_3D('',#5649,#4557,#4558);
#3919=AXIS2_PLACEMENT_3D('',#5653,#4560,#4561);
#3920=AXIS2_PLACEMENT_3D('',#5657,#4563,#4564);
#3921=AXIS2_PLACEMENT_3D('',#5660,#4566,#4567);
#3922=AXIS2_PLACEMENT_3D('',#5661,#4568,#4569);
#3923=AXIS2_PLACEMENT_3D('',#5667,#4573,#4574);
#3924=AXIS2_PLACEMENT_3D('',#5672,#4578,#4579);
#3925=AXIS2_PLACEMENT_3D('',#5674,#4581,#4582);
#3926=AXIS2_PLACEMENT_3D('',#5685,#4588,#4589);
#3927=AXIS2_PLACEMENT_3D('',#5687,#4590,#4591);
#3928=AXIS2_PLACEMENT_3D('',#5689,#4593,#4594);
#3929=AXIS2_PLACEMENT_3D('',#5691,#4595,#4596);
#3930=AXIS2_PLACEMENT_3D('',#5693,#4598,#4599);
#3931=AXIS2_PLACEMENT_3D('',#5695,#4600,#4601);
#3932=AXIS2_PLACEMENT_3D('',#5699,#4604,#4605);
#3933=AXIS2_PLACEMENT_3D('',#5700,#4606,#4607);
#3934=AXIS2_PLACEMENT_3D('',#5704,#4610,#4611);
#3935=AXIS2_PLACEMENT_3D('',#5710,#4615,#4616);
#3936=AXIS2_PLACEMENT_3D('',#5714,#4618,#4619);
#3937=AXIS2_PLACEMENT_3D('',#5716,#4621,#4622);
#3938=AXIS2_PLACEMENT_3D('',#5724,#4627,#4628);
#3939=AXIS2_PLACEMENT_3D('',#5732,#4633,#4634);
#3940=AXIS2_PLACEMENT_3D('',#5733,#4635,#4636);
#3941=AXIS2_PLACEMENT_3D('',#5734,#4637,#4638);
#3942=AXIS2_PLACEMENT_3D('',#5736,#4639,#4640);
#3943=AXIS2_PLACEMENT_3D('',#5737,#4641,#4642);
#3944=AXIS2_PLACEMENT_3D('',#5738,#4643,#4644);
#3945=AXIS2_PLACEMENT_3D('',#5739,#4645,#4646);
#3946=AXIS2_PLACEMENT_3D('',#5740,#4647,#4648);
#3947=AXIS2_PLACEMENT_3D('',#5742,#4650,#4651);
#3948=AXIS2_PLACEMENT_3D('',#5744,#4653,#4654);
#3949=AXIS2_PLACEMENT_3D('',#5771,#4669,#4670);
#3950=AXIS2_PLACEMENT_3D('',#5778,#4675,#4676);
#3951=AXIS2_PLACEMENT_3D('',#5782,#4679,#4680);
#3952=AXIS2_PLACEMENT_3D('',#5784,#4682,#4683);
#3953=AXIS2_PLACEMENT_3D('',#5788,#4686,#4687);
#3954=AXIS2_PLACEMENT_3D('',#5790,#4689,#4690);
#3955=AXIS2_PLACEMENT_3D('',#5802,#4697,#4698);
#3956=AXIS2_PLACEMENT_3D('',#5806,#4701,#4702);
#3957=AXIS2_PLACEMENT_3D('',#5808,#4704,#4705);
#3958=AXIS2_PLACEMENT_3D('',#5809,#4706,#4707);
#3959=AXIS2_PLACEMENT_3D('',#5811,#4709,#4710);
#3960=AXIS2_PLACEMENT_3D('',#5812,#4711,#4712);
#3961=AXIS2_PLACEMENT_3D('',#5816,#4715,#4716);
#3962=AXIS2_PLACEMENT_3D('',#5825,#4721,#4722);
#3963=AXIS2_PLACEMENT_3D('',#5834,#4727,#4728);
#3964=AXIS2_PLACEMENT_3D('',#5838,#4731,#4732);
#3965=AXIS2_PLACEMENT_3D('',#5844,#4735,#4736);
#3966=AXIS2_PLACEMENT_3D('',#5846,#4738,#4739);
#3967=AXIS2_PLACEMENT_3D('',#5850,#4742,#4743);
#3968=AXIS2_PLACEMENT_3D('',#5859,#4745,#4746);
#3969=AXIS2_PLACEMENT_3D('',#5863,#4748,#4749);
#3970=AXIS2_PLACEMENT_3D('',#5865,#4751,#4752);
#3971=AXIS2_PLACEMENT_3D('',#5867,#4753,#4754);
#3972=AXIS2_PLACEMENT_3D('',#5870,#4756,#4757);
#3973=AXIS2_PLACEMENT_3D('',#5872,#4758,#4759);
#3974=AXIS2_PLACEMENT_3D('',#5888,#4762,#4763);
#3975=AXIS2_PLACEMENT_3D('',#5889,#4764,#4765);
#3976=AXIS2_PLACEMENT_3D('',#5895,#4769,#4770);
#3977=AXIS2_PLACEMENT_3D('',#5897,#4771,#4772);
#3978=AXIS2_PLACEMENT_3D('',#5901,#4774,#4775);
#3979=AXIS2_PLACEMENT_3D('',#5909,#4779,#4780);
#3980=AXIS2_PLACEMENT_3D('',#5912,#4782,#4783);
#3981=AXIS2_PLACEMENT_3D('',#5913,#4784,#4785);
#3982=AXIS2_PLACEMENT_3D('',#5915,#4786,#4787);
#3983=AXIS2_PLACEMENT_3D('',#5918,#4789,#4790);
#3984=AXIS2_PLACEMENT_3D('',#5919,#4791,#4792);
#3985=AXIS2_PLACEMENT_3D('',#5921,#4794,#4795);
#3986=AXIS2_PLACEMENT_3D('',#5937,#4805,#4806);
#3987=AXIS2_PLACEMENT_3D('',#5944,#4807,#4808);
#3988=AXIS2_PLACEMENT_3D('',#5945,#4809,#4810);
#3989=AXIS2_PLACEMENT_3D('',#5954,#4815,#4816);
#3990=AXIS2_PLACEMENT_3D('',#5963,#4821,#4822);
#3991=AXIS2_PLACEMENT_3D('',#5969,#4826,#4827);
#3992=AXIS2_PLACEMENT_3D('',#5973,#4830,#4831);
#3993=AXIS2_PLACEMENT_3D('',#5977,#4834,#4835);
#3994=AXIS2_PLACEMENT_3D('',#5979,#4837,#4838);
#3995=AXIS2_PLACEMENT_3D('',#5985,#4842,#4843);
#3996=AXIS2_PLACEMENT_3D('',#5989,#4846,#4847);
#3997=AXIS2_PLACEMENT_3D('',#5993,#4850,#4851);
#3998=AXIS2_PLACEMENT_3D('',#5995,#4853,#4854);
#3999=AXIS2_PLACEMENT_3D('',#5997,#4856,#4857);
#4000=AXIS2_PLACEMENT_3D('',#6003,#4861,#4862);
#4001=AXIS2_PLACEMENT_3D('',#6004,#4863,#4864);
#4002=AXIS2_PLACEMENT_3D('',#6005,#4865,#4866);
#4003=AXIS2_PLACEMENT_3D('',#6014,#4871,#4872);
#4004=AXIS2_PLACEMENT_3D('',#6017,#4875,#4876);
#4005=AXIS2_PLACEMENT_3D('',#6026,#4881,#4882);
#4006=AXIS2_PLACEMENT_3D('',#6032,#4886,#4887);
#4007=AXIS2_PLACEMENT_3D('',#6038,#4891,#4892);
#4008=AXIS2_PLACEMENT_3D('',#6041,#4895,#4896);
#4009=AXIS2_PLACEMENT_3D('',#6047,#4900,#4901);
#4010=AXIS2_PLACEMENT_3D('',#6052,#4905,#4906);
#4011=AXIS2_PLACEMENT_3D('',#6053,#4907,#4908);
#4012=AXIS2_PLACEMENT_3D('',#6054,#4909,#4910);
#4013=AXIS2_PLACEMENT_3D('',#6055,#4911,#4912);
#4014=AXIS2_PLACEMENT_3D('',#6058,#4915,#4916);
#4015=AXIS2_PLACEMENT_3D('',#6065,#4921,#4922);
#4016=AXIS2_PLACEMENT_3D('',#6070,#4925,#4926);
#4017=AXIS2_PLACEMENT_3D('',#6071,#4927,#4928);
#4018=AXIS2_PLACEMENT_3D('',#6074,#4930,#4931);
#4019=AXIS2_PLACEMENT_3D('',#6075,#4932,#4933);
#4020=AXIS2_PLACEMENT_3D('',#6081,#4937,#4938);
#4021=AXIS2_PLACEMENT_3D('',#6085,#4941,#4942);
#4022=AXIS2_PLACEMENT_3D('',#6087,#4944,#4945);
#4023=AXIS2_PLACEMENT_3D('',#6088,#4946,#4947);
#4024=AXIS2_PLACEMENT_3D('',#6089,#4948,#4949);
#4025=AXIS2_PLACEMENT_3D('',#6090,#4950,#4951);
#4026=AXIS2_PLACEMENT_3D('',#6091,#4952,#4953);
#4027=AXIS2_PLACEMENT_3D('',#6092,#4954,#4955);
#4028=AXIS2_PLACEMENT_3D('',#6093,#4956,#4957);
#4029=AXIS2_PLACEMENT_3D('',#6095,#4959,#4960);
#4030=AXIS2_PLACEMENT_3D('',#6096,#4961,#4962);
#4031=AXIS2_PLACEMENT_3D('',#6097,#4963,#4964);
#4032=AXIS2_PLACEMENT_3D('',#6099,#4966,#4967);
#4033=AXIS2_PLACEMENT_3D('',#6101,#4969,#4970);
#4034=AXIS2_PLACEMENT_3D('',#6103,#4972,#4973);
#4035=AXIS2_PLACEMENT_3D('',#6104,#4974,#4975);
#4036=AXIS2_PLACEMENT_3D('',#6105,#4976,#4977);
#4037=AXIS2_PLACEMENT_3D('',#6106,#4978,#4979);
#4038=AXIS2_PLACEMENT_3D('',#6108,#4981,#4982);
#4039=AXIS2_PLACEMENT_3D('',#6113,#4986,#4987);
#4040=AXIS2_PLACEMENT_3D('',#6114,#4988,#4989);
#4041=AXIS2_PLACEMENT_3D('',#6115,#4990,#4991);
#4042=AXIS2_PLACEMENT_3D('',#6116,#4992,#4993);
#4043=AXIS2_PLACEMENT_3D('',#6117,#4994,#4995);
#4044=AXIS2_PLACEMENT_3D('',#6118,#4996,#4997);
#4045=AXIS2_PLACEMENT_3D('',#6119,#4998,#4999);
#4046=AXIS2_PLACEMENT_3D('',#6120,#5000,#5001);
#4047=AXIS2_PLACEMENT_3D('',#6124,#5003,#5004);
#4048=AXIS2_PLACEMENT_3D('',#6126,#5005,#5006);
#4049=AXIS2_PLACEMENT_3D('',#6127,#5007,#5008);
#4050=AXIS2_PLACEMENT_3D('',#6128,#5009,#5010);
#4051=AXIS2_PLACEMENT_3D('',#6129,#5011,#5012);
#4052=AXIS2_PLACEMENT_3D('',#6130,#5013,#5014);
#4053=AXIS2_PLACEMENT_3D('',#6131,#5015,#5016);
#4054=AXIS2_PLACEMENT_3D('',#6135,#5019,#5020);
#4055=AXIS2_PLACEMENT_3D('',#6139,#5023,#5024);
#4056=AXIS2_PLACEMENT_3D('',#6141,#5026,#5027);
#4057=AXIS2_PLACEMENT_3D('',#6145,#5030,#5031);
#4058=AXIS2_PLACEMENT_3D('',#6149,#5034,#5035);
#4059=AXIS2_PLACEMENT_3D('',#6150,#5036,#5037);
#4060=AXIS2_PLACEMENT_3D('',#6151,#5038,#5039);
#4061=AXIS2_PLACEMENT_3D('',#6152,#5040,#5041);
#4062=AXIS2_PLACEMENT_3D('',#6155,#5044,#5045);
#4063=AXIS2_PLACEMENT_3D('',#6156,#5046,#5047);
#4064=AXIS2_PLACEMENT_3D('',#6158,#5049,#5050);
#4065=AXIS2_PLACEMENT_3D('',#6162,#5053,#5054);
#4066=AXIS2_PLACEMENT_3D('',#6164,#5056,#5057);
#4067=AXIS2_PLACEMENT_3D('',#6165,#5058,#5059);
#4068=AXIS2_PLACEMENT_3D('',#6167,#5061,#5062);
#4069=DIRECTION('axis',(0.,0.,1.));
#4070=DIRECTION('refdir',(1.,0.,0.));
#4071=DIRECTION('center_axis',(-0.707106769015066,-0.500000622961391,-0.499999394250928));
#4072=DIRECTION('ref_axis',(-0.577350288670456,1.01645410750341E-6,0.816496567152066));
#4073=DIRECTION('',(0.678598360872573,-0.281085482403408,-0.678597978337027));
#4074=DIRECTION('',(-1.65287119090989E-8,-0.70710590066895,0.707107661703048));
#4075=DIRECTION('',(0.678598431089695,-0.281085771790601,-0.678597788251249));
#4076=DIRECTION('',(1.65287119090989E-8,0.70710590066895,-0.707107661703048));
#4077=DIRECTION('center_axis',(1.,4.83940448005406E-10,2.38590386855981E-8));
#4078=DIRECTION('ref_axis',(4.83910737795913E-10,-0.999999999999225,1.24523915275374E-6));
#4079=DIRECTION('',(-4.83888642781555E-10,0.999999999997643,-2.17130385650933E-6));
#4080=DIRECTION('',(1.65287272067835E-8,0.707105272244006,-0.707108290125869));
#4081=DIRECTION('',(2.38590397363237E-8,-2.17130385322035E-6,-0.999999999997642));
#4082=DIRECTION('',(-4.83910737795913E-10,0.999999999999225,-1.24523915275374E-6));
#4083=DIRECTION('center_axis',(-1.,-4.83940448005406E-10,-2.38590386855981E-8));
#4084=DIRECTION('ref_axis',(-4.83910737795913E-10,0.999999999999225,-1.24523915275374E-6));
#4085=DIRECTION('',(4.83910737795913E-10,-0.999999999999225,1.24523915275374E-6));
#4086=DIRECTION('',(-2.38590397363237E-8,2.17130385322035E-6,0.999999999997642));
#4087=DIRECTION('',(-4.83888642781633E-10,0.999999999997643,-2.17130385323189E-6));
#4088=DIRECTION('',(-2.38590392882012E-8,1.2452391527422E-6,0.999999999999224));
#4089=DIRECTION('',(4.83913044182892E-10,-0.99999999999934,1.14857193352452E-6));
#4090=DIRECTION('',(-2.38590392414228E-8,1.14857193355577E-6,0.99999999999934));
#4091=DIRECTION('',(4.83910737795913E-10,-0.999999999999225,1.24523915275374E-6));
#4092=DIRECTION('',(2.38590392882012E-8,-1.2452391527422E-6,-0.999999999999224));
#4093=DIRECTION('center_axis',(-1.,-4.83940448005406E-10,-2.38590386855981E-8));
#4094=DIRECTION('ref_axis',(-4.83910737795913E-10,0.999999999999225,-1.24523915275374E-6));
#4095=DIRECTION('',(-2.38590392882012E-8,1.2452391527422E-6,0.999999999999224));
#4096=DIRECTION('',(4.83910737795913E-10,-0.999999999999225,1.24523915275374E-6));
#4097=DIRECTION('',(-2.38590392882012E-8,1.2452391527422E-6,0.999999999999224));
#4098=DIRECTION('',(-4.83910737795913E-10,0.999999999999225,-1.24523915275374E-6));
#4099=DIRECTION('center_axis',(-1.,-4.83940448005406E-10,-2.38590386855981E-8));
#4100=DIRECTION('ref_axis',(-4.83910737795913E-10,0.999999999999225,-1.24523915275374E-6));
#4101=DIRECTION('center_axis',(1.,4.83940448005406E-10,2.38590386855981E-8));
#4102=DIRECTION('ref_axis',(-4.83910737795913E-10,0.999999999999225,-1.24523915275374E-6));
#4103=DIRECTION('center_axis',(-1.,-4.83940448005406E-10,-2.38590386855981E-8));
#4104=DIRECTION('ref_axis',(-4.83910737795913E-10,0.999999999999225,-1.24523915275374E-6));
#4105=DIRECTION('center_axis',(1.7213064777681E-8,-0.707107661703048,-0.70710590066895));
#4106=DIRECTION('ref_axis',(-1.,-4.83940448004949E-10,-2.38590383182041E-8));
#4107=DIRECTION('',(-1.,-4.83940448004949E-10,-2.38590383182041E-8));
#4108=DIRECTION('',(-1.65287117792055E-8,-0.70710590066895,0.707107661703048));
#4109=DIRECTION('',(-1.,-4.83940080611026E-10,-2.38590386855989E-8));
#4110=DIRECTION('center_axis',(-0.707106764315659,-1.53568587851856E-6,
-0.707106798055768));
#4111=DIRECTION('ref_axis',(-0.707106798057284,8.80174851530713E-7,0.707106764315263));
#4112=DIRECTION('',(4.83888642781555E-10,-0.999999999997643,2.17130385650933E-6));
#4113=DIRECTION('',(0.678598363703736,-0.281086097158859,-0.678597720864588));
#4114=DIRECTION('center_axis',(1.65287116493119E-8,0.707105900668957,-0.707107661703042));
#4115=DIRECTION('ref_axis',(-1.,-4.83940448004949E-10,-2.38590383182041E-8));
#4116=DIRECTION('',(1.72130647776812E-8,-0.707107661703042,-0.707105900668956));
#4117=DIRECTION('',(-1.,-4.83940448004949E-10,-2.38590383182041E-8));
#4118=DIRECTION('',(-0.577350283244035,0.577350987848929,0.577349536475001));
#4119=DIRECTION('',(0.577350255135229,0.57735098840773,0.577349564025039));
#4120=DIRECTION('',(1.,4.83940448004949E-10,2.38590383182041E-8));
#4121=DIRECTION('center_axis',(4.83910737795913E-10,-0.999999999999225,
1.24523915275374E-6));
#4122=DIRECTION('ref_axis',(-1.,-4.83940448004949E-10,-2.38590383182041E-8));
#4123=DIRECTION('',(2.38590392882012E-8,-1.2452391527422E-6,-0.999999999999224));
#4124=DIRECTION('',(-1.,-4.83940448004949E-10,-2.38590383182041E-8));
#4125=DIRECTION('',(-2.38590392882012E-8,1.2452391527422E-6,0.999999999999224));
#4126=DIRECTION('',(1.,4.83940448005406E-10,2.38590386855981E-8));
#4127=DIRECTION('',(2.38590391045042E-8,-1.2452391527422E-6,-0.999999999999224));
#4128=DIRECTION('center_axis',(4.83910737795913E-10,-0.999999999999225,
1.24523915275374E-6));
#4129=DIRECTION('ref_axis',(-1.,-4.83940448004949E-10,-2.38590383182041E-8));
#4130=DIRECTION('',(2.38590389208072E-8,-1.2452391527422E-6,-0.999999999999224));
#4131=DIRECTION('center_axis',(4.83910737795913E-10,-0.999999999999225,
1.24523915275374E-6));
#4132=DIRECTION('ref_axis',(-1.,-4.83940448004949E-10,-2.38590383182041E-8));
#4133=DIRECTION('',(2.38590391045042E-8,-1.2452391527422E-6,-0.999999999999224));
#4134=DIRECTION('',(1.,4.83940448004949E-10,2.38590383182041E-8));
#4135=DIRECTION('',(-2.38590389208072E-8,1.2452391527422E-6,0.999999999999224));
#4136=DIRECTION('center_axis',(-0.70710678152871,0.707106780843816,-8.97387937158359E-7));
#4137=DIRECTION('ref_axis',(-2.38590392882012E-8,1.2452391527422E-6,0.999999999999224));
#4138=DIRECTION('',(0.577350282685269,0.577349550529404,-0.577350974353326));
#4139=DIRECTION('',(0.577350255135224,0.577350988407726,0.577349564025049));
#4140=DIRECTION('',(0.577350282685279,0.577349550529415,-0.577350974353305));
#4141=DIRECTION('center_axis',(-0.707106764315661,-8.80859246675471E-7,
-0.707106798056885));
#4142=DIRECTION('ref_axis',(-0.707106798057433,8.80174851530527E-7,0.707106764315114));
#4143=DIRECTION('',(4.83910737795913E-10,-0.999999999999225,1.24523915275374E-6));
#4144=DIRECTION('center_axis',(-0.707106780844386,-0.707106781527079,1.51847279058958E-6));
#4145=DIRECTION('ref_axis',(9.02205661190815E-7,1.24523915318982E-6,0.999999999998818));
#4146=DIRECTION('',(-2.38590397363237E-8,2.17130385322035E-6,0.999999999997642));
#4147=DIRECTION('',(-0.707106781528573,0.707106780843953,-8.97387937158527E-7));
#4148=DIRECTION('',(0.678598348749446,-0.678598951704867,-0.281083161750362));
#4149=DIRECTION('center_axis',(-0.707106769015087,-0.500001067323421,-0.499998949887381));
#4150=DIRECTION('ref_axis',(-0.577349946599512,1.01645440886812E-6,0.816496809032655));
#4151=DIRECTION('',(-1.65287272067835E-8,-0.707105272244006,0.707108290125869));
#4152=DIRECTION('center_axis',(2.38590392882012E-8,-1.2452391527422E-6,
-0.999999999999224));
#4153=DIRECTION('ref_axis',(-4.83910737795913E-10,0.999999999999225,-1.24523915275374E-6));
#4154=DIRECTION('',(-1.,-4.83940448005406E-10,-2.38590386855981E-8));
#4155=DIRECTION('',(-4.83910737795913E-10,0.999999999999225,-1.24523915275374E-6));
#4156=DIRECTION('',(1.,4.83940448005406E-10,2.38590386855981E-8));
#4157=DIRECTION('',(-4.83910737795969E-10,0.999999999999225,-1.24523915040103E-6));
#4158=DIRECTION('',(-1.,-4.83940448005406E-10,-2.38590386855981E-8));
#4159=DIRECTION('center_axis',(4.83888642781633E-10,-0.999999999997643,
2.17130385323189E-6));
#4160=DIRECTION('ref_axis',(-2.38590397363237E-8,2.17130385322035E-6,0.999999999997642));
#4161=DIRECTION('',(-1.,-4.83940448005406E-10,-2.38590386855981E-8));
#4162=DIRECTION('',(-2.38590395526266E-8,2.17130385370669E-6,0.999999999997642));
#4163=DIRECTION('',(1.,4.83940448005406E-10,2.38590386855981E-8));
#4164=DIRECTION('',(0.707106798057436,-1.53500148105611E-6,-0.707106764313992));
#4165=DIRECTION('',(2.38590397363237E-8,-2.17130385322035E-6,-0.999999999997642));
#4166=DIRECTION('',(1.,4.83940448005406E-10,2.38590386855981E-8));
#4167=DIRECTION('',(2.38590397363237E-8,-2.17130385322035E-6,-0.999999999997642));
#4168=DIRECTION('center_axis',(1.7213050347972E-8,-0.707108290125869,-0.707105272244006));
#4169=DIRECTION('ref_axis',(-1.,-4.83940448005406E-10,-2.38590386855981E-8));
#4170=DIRECTION('',(1.,4.83940448005406E-10,2.38590386855981E-8));
#4171=DIRECTION('',(-1.652872707689E-8,-0.707105272244006,0.707108290125869));
#4172=DIRECTION('center_axis',(-2.38590397363237E-8,2.17130385649779E-6,
0.999999999997642));
#4173=DIRECTION('ref_axis',(1.,4.83940448005406E-10,2.38590386855981E-8));
#4174=DIRECTION('',(-4.83888642781725E-10,0.999999999997643,-2.17130385650933E-6));
#4175=DIRECTION('center_axis',(-1.,-4.83940448005177E-10,-2.38590385019011E-8));
#4176=DIRECTION('ref_axis',(-2.38590391045042E-8,1.2452391527422E-6,0.999999999999224));
#4177=DIRECTION('',(-4.83910737795913E-10,0.999999999999225,-1.24523915275374E-6));
#4178=DIRECTION('',(-2.38590389208072E-8,1.2452391527422E-6,0.999999999999224));
#4179=DIRECTION('',(-4.83910737795913E-10,0.999999999999225,-1.24523915275374E-6));
#4180=DIRECTION('',(2.38590391045042E-8,-1.24523915284826E-6,-0.999999999999224));
#4181=DIRECTION('',(4.83910737795913E-10,-0.999999999999225,1.24523915275374E-6));
#4182=DIRECTION('',(2.38590391045042E-8,-1.2452391527422E-6,-0.999999999999224));
#4183=DIRECTION('',(-4.83910737795913E-10,0.999999999999225,-1.24523915275374E-6));
#4184=DIRECTION('',(-2.38590390170132E-8,1.2452391527422E-6,0.999999999999224));
#4185=DIRECTION('',(-4.83910737795913E-10,0.999999999999225,-1.24523915275374E-6));
#4186=DIRECTION('',(-2.38590390170132E-8,1.2452391527422E-6,0.999999999999224));
#4187=DIRECTION('',(1.65287197494098E-8,0.707105573255144,-0.707107989115887));
#4188=DIRECTION('',(-4.83888642781803E-10,0.999999999997643,-2.17130385323189E-6));
#4189=DIRECTION('',(4.83910737795913E-10,-0.999999999999225,1.24523915275374E-6));
#4190=DIRECTION('',(-1.65287117792055E-8,-0.70710590066895,0.707107661703048));
#4191=DIRECTION('',(4.83888642781691E-10,-0.999999999997643,2.17130385792256E-6));
#4192=DIRECTION('',(-1.65287277196102E-8,-0.707105245841201,0.70710831652856));
#4193=DIRECTION('',(-2.38590396285803E-8,2.32826957993238E-6,0.999999999997289));
#4194=DIRECTION('',(4.83877797714492E-10,-0.999999999996552,2.62585137334291E-6));
#4195=DIRECTION('',(-2.38590391045042E-8,1.2452391527422E-6,0.999999999999224));
#4196=DIRECTION('',(-4.83910737795913E-10,0.999999999999225,-1.24523915275374E-6));
#4197=DIRECTION('',(2.38590390756608E-8,-1.18563448586108E-6,-0.999999999999297));
#4198=DIRECTION('',(-4.83910737795913E-10,0.999999999999225,-1.24523915275374E-6));
#4199=DIRECTION('',(2.38590391045042E-8,-1.24523914942395E-6,-0.999999999999224));
#4200=DIRECTION('',(4.83910737795913E-10,-0.999999999999225,1.24523915275374E-6));
#4201=DIRECTION('',(2.38590391045042E-8,-1.2452391527422E-6,-0.999999999999224));
#4202=DIRECTION('',(-4.83910737795913E-10,0.999999999999225,-1.24523915275374E-6));
#4203=DIRECTION('',(2.38590391045042E-8,-1.2452391626281E-6,-0.999999999999224));
#4204=DIRECTION('center_axis',(2.38590389208072E-8,-1.2452391527422E-6,
-0.999999999999224));
#4205=DIRECTION('ref_axis',(-1.,-4.83940448004949E-10,-2.38590383182041E-8));
#4206=DIRECTION('',(-4.83910737795913E-10,0.999999999999225,-1.24523915275374E-6));
#4207=DIRECTION('',(-1.,-4.83940448004949E-10,-2.38590383182041E-8));
#4208=DIRECTION('',(-4.83910737795913E-10,0.999999999999225,-1.24523915275374E-6));
#4209=DIRECTION('center_axis',(-2.38590389208072E-8,1.2452391527422E-6,
0.999999999999224));
#4210=DIRECTION('ref_axis',(1.,4.83940448004949E-10,2.38590383182041E-8));
#4211=DIRECTION('center_axis',(2.38590392882012E-8,-1.2452391527422E-6,
-0.999999999999224));
#4212=DIRECTION('ref_axis',(7.5889198047748E-8,-0.999999999999222,1.24523915455284E-6));
#4213=DIRECTION('',(-1.,-4.83940448005406E-10,-2.38590386855981E-8));
#4214=DIRECTION('',(7.5889198047748E-8,-0.999999999999222,1.24523915455284E-6));
#4215=DIRECTION('',(1.,4.83940448005406E-10,2.38590386855981E-8));
#4216=DIRECTION('center_axis',(-4.83910737795677E-10,0.999999999999225,
-1.24523916263965E-6));
#4217=DIRECTION('ref_axis',(-8.68701594855048E-9,-1.24523916264385E-6,-0.999999999999225));
#4218=DIRECTION('',(-1.,-4.83940448005406E-10,-2.38590386855981E-8));
#4219=DIRECTION('',(-8.68701594855048E-9,-1.24523916264385E-6,-0.999999999999225));
#4220=DIRECTION('center_axis',(-2.38590392882012E-8,1.2452391527422E-6,
0.999999999999224));
#4221=DIRECTION('ref_axis',(-2.71813134245115E-8,0.999999999999224,-1.24523915339072E-6));
#4222=DIRECTION('',(-1.,-4.83940448005406E-10,-2.38590386855981E-8));
#4223=DIRECTION('',(-2.71813134245115E-8,0.999999999999224,-1.24523915339072E-6));
#4224=DIRECTION('center_axis',(-4.83910737795913E-10,0.999999999999225,
-1.24523915275374E-6));
#4225=DIRECTION('ref_axis',(2.3859039126858E-8,-1.2452391527422E-6,-0.999999999999224));
#4226=DIRECTION('',(-1.,-4.83940448005406E-10,-2.38590386855981E-8));
#4227=DIRECTION('',(2.3859039126858E-8,-1.2452391527422E-6,-0.999999999999224));
#4228=DIRECTION('center_axis',(2.38590392882012E-8,-1.2452391527422E-6,
-0.999999999999224));
#4229=DIRECTION('ref_axis',(4.83910675708495E-10,-0.999999999999225,1.24523915275374E-6));
#4230=DIRECTION('',(-1.,-4.83940448005406E-10,-2.38590386855981E-8));
#4231=DIRECTION('',(4.83910675708495E-10,-0.999999999999225,1.24523915275374E-6));
#4232=DIRECTION('center_axis',(-4.83910737795992E-10,0.999999999999225,
-1.2452391494355E-6));
#4233=DIRECTION('ref_axis',(2.38590385151279E-8,-1.24523914942395E-6,-0.999999999999224));
#4234=DIRECTION('',(-1.,-4.83940448005406E-10,-2.38590386855981E-8));
#4235=DIRECTION('',(2.38590385151279E-8,-1.24523914942395E-6,-0.999999999999224));
#4236=DIRECTION('center_axis',(-2.38590392882012E-8,1.2452391527422E-6,
0.999999999999224));
#4237=DIRECTION('ref_axis',(-4.8391074230028E-10,0.999999999999225,-1.24523915275374E-6));
#4238=DIRECTION('',(-1.,-4.83940448005406E-10,-2.38590386855981E-8));
#4239=DIRECTION('',(-4.8391074230028E-10,0.999999999999225,-1.24523915275374E-6));
#4240=DIRECTION('center_axis',(-4.83912159906001E-10,0.999999999999297,
-1.18563448587262E-6));
#4241=DIRECTION('ref_axis',(2.38590409823532E-8,-1.18563448586108E-6,-0.999999999999297));
#4242=DIRECTION('',(-1.,-4.83940448005406E-10,-2.38590386855981E-8));
#4243=DIRECTION('',(2.38590409823532E-8,-1.18563448586108E-6,-0.999999999999297));
#4244=DIRECTION('center_axis',(-2.38590392882012E-8,1.2452391527422E-6,
0.999999999999224));
#4245=DIRECTION('ref_axis',(-4.83910836285986E-10,0.999999999999225,-1.24523915275374E-6));
#4246=DIRECTION('',(-1.,-4.83940448005406E-10,-2.38590386855981E-8));
#4247=DIRECTION('',(-4.83910836285986E-10,0.999999999999225,-1.24523915275374E-6));
#4248=DIRECTION('center_axis',(4.83910737795913E-10,-0.999999999999225,
1.24523915275374E-6));
#4249=DIRECTION('ref_axis',(-2.38590397015572E-8,1.2452391527422E-6,0.999999999999224));
#4250=DIRECTION('',(-1.,-4.83940448005406E-10,-2.38590386855981E-8));
#4251=DIRECTION('',(-2.38590397015572E-8,1.2452391527422E-6,0.999999999999224));
#4252=DIRECTION('center_axis',(2.38590399562716E-8,-2.62585137333136E-6,
-0.999999999996552));
#4253=DIRECTION('ref_axis',(4.83877789607879E-10,-0.999999999996552,2.62585137334291E-6));
#4254=DIRECTION('',(-1.,-4.83940448005406E-10,-2.38590386855981E-8));
#4255=DIRECTION('',(4.83877789607879E-10,-0.999999999996552,2.62585137334291E-6));
#4256=DIRECTION('center_axis',(4.83884897730116E-10,-0.99999999999729,2.32826957994393E-6));
#4257=DIRECTION('ref_axis',(-2.38590397385492E-8,2.32826957993238E-6,0.999999999997289));
#4258=DIRECTION('',(-1.,-4.83940448005406E-10,-2.38590386855981E-8));
#4259=DIRECTION('',(-2.38590397385492E-8,2.32826957993238E-6,0.999999999997289));
#4260=DIRECTION('center_axis',(1.72130497308038E-8,-0.70710831652856,-0.707105245841201));
#4261=DIRECTION('ref_axis',(-1.65287276647093E-8,-0.707105245841201,0.70710831652856));
#4262=DIRECTION('',(-1.,-4.83940448005406E-10,-2.38590386855981E-8));
#4263=DIRECTION('',(-1.65287276647093E-8,-0.707105245841201,0.70710831652856));
#4264=DIRECTION('center_axis',(2.38590397363237E-8,-2.17130385791101E-6,
-0.999999999997642));
#4265=DIRECTION('ref_axis',(4.83888603085663E-10,-0.999999999997643,2.17130385792256E-6));
#4266=DIRECTION('',(-1.,-4.83940448005406E-10,-2.38590386855981E-8));
#4267=DIRECTION('',(4.83888603085663E-10,-0.999999999997643,2.17130385792256E-6));
#4268=DIRECTION('center_axis',(1.72130650374678E-8,-0.707107661703048,-0.70710590066895));
#4269=DIRECTION('ref_axis',(-5.92750966414912E-9,-0.70710590066895,0.707107661703048));
#4270=DIRECTION('',(-5.92750966414912E-9,-0.70710590066895,0.707107661703048));
#4271=DIRECTION('center_axis',(1.,4.83940448005177E-10,2.38590385019011E-8));
#4272=DIRECTION('ref_axis',(4.83910737795913E-10,-0.999999999999225,1.24523915275374E-6));
#4273=DIRECTION('center_axis',(1.,4.83940448005177E-10,2.38590385019011E-8));
#4274=DIRECTION('ref_axis',(4.83910737795913E-10,-0.999999999999225,1.24523915275374E-6));
#4275=DIRECTION('center_axis',(1.,4.83940448005177E-10,2.38590385019011E-8));
#4276=DIRECTION('ref_axis',(-4.83910737795913E-10,0.999999999999225,-1.24523915275374E-6));
#4277=DIRECTION('center_axis',(-1.,-4.83940448004949E-10,-2.38590383182041E-8));
#4278=DIRECTION('ref_axis',(-4.83910737795913E-10,0.999999999999225,-1.24523915275374E-6));
#4279=DIRECTION('',(0.707106780844368,0.7071067815282,-8.63646161410371E-7));
#4280=DIRECTION('center_axis',(1.,4.83940448005406E-10,2.38590386855981E-8));
#4281=DIRECTION('ref_axis',(-4.83910737795913E-10,0.999999999999225,-1.24523915275374E-6));
#4282=DIRECTION('center_axis',(1.,4.83940448004949E-10,2.38590383182041E-8));
#4283=DIRECTION('ref_axis',(-4.83910737795913E-10,0.999999999999225,-1.24523915275374E-6));
#4284=DIRECTION('',(-1.,-4.83940448004949E-10,-2.38590383182041E-8));
#4285=DIRECTION('center_axis',(-1.,-4.83940448004949E-10,-2.38590383182041E-8));
#4286=DIRECTION('ref_axis',(-4.83910737795913E-10,0.999999999999225,-1.24523915275374E-6));
#4287=DIRECTION('',(0.707106780844369,0.707106781528199,-8.63646161410369E-7));
#4288=DIRECTION('center_axis',(1.,4.83940448005406E-10,2.38590386855981E-8));
#4289=DIRECTION('ref_axis',(-4.83910737795913E-10,0.999999999999225,-1.24523915275374E-6));
#4290=DIRECTION('center_axis',(-1.,-4.83940448005202E-10,-2.38590385219727E-8));
#4291=DIRECTION('ref_axis',(-4.83910737795913E-10,0.999999999999225,-1.24523915275374E-6));
#4292=DIRECTION('center_axis',(-1.,-4.83940448005177E-10,-2.38590385019011E-8));
#4293=DIRECTION('ref_axis',(-4.83910737795913E-10,0.999999999999225,-1.24523915275374E-6));
#4294=DIRECTION('',(-1.,-4.83940448005202E-10,-2.38590385219727E-8));
#4295=DIRECTION('center_axis',(1.,4.83940448004949E-10,2.38590383182041E-8));
#4296=DIRECTION('ref_axis',(2.38590389208072E-8,-1.2452391527422E-6,-0.999999999999224));
#4297=DIRECTION('',(-4.83910737795913E-10,0.999999999999225,-1.24523915275374E-6));
#4298=DIRECTION('',(-2.38590389208072E-8,1.2452391527422E-6,0.999999999999224));
#4299=DIRECTION('center_axis',(-1.72130647776811E-8,0.707107661703045,0.707105900668953));
#4300=DIRECTION('ref_axis',(1.,4.83940448004949E-10,2.38590383182041E-8));
#4301=DIRECTION('',(0.577350255693986,-0.577349549970619,0.577351001903359));
#4302=DIRECTION('',(1.,4.83940448004949E-10,2.38590383182041E-8));
#4303=DIRECTION('',(1.65287119090988E-8,0.707105900668953,-0.707107661703045));
#4304=DIRECTION('center_axis',(-0.707106798057436,8.80174851530523E-7,0.707106764315111));
#4305=DIRECTION('ref_axis',(0.707106764315658,8.80859246675475E-7,0.707106798056888));
#4306=DIRECTION('',(0.707106764315658,8.80859246675475E-7,0.707106798056888));
#4307=DIRECTION('',(-4.83910737795913E-10,0.999999999999225,-1.24523915275374E-6));
#4308=DIRECTION('center_axis',(-1.,-4.83940448005406E-10,-2.38590386855981E-8));
#4309=DIRECTION('ref_axis',(-2.38590392882012E-8,1.2452391527422E-6,0.999999999999224));
#4310=DIRECTION('',(4.83910737795913E-10,-0.999999999999225,1.24523915275374E-6));
#4311=DIRECTION('',(-2.38590392882012E-8,1.2452391527422E-6,0.999999999999224));
#4312=DIRECTION('',(1.72130650374677E-8,-0.707107661703053,-0.707105900668945));
#4313=DIRECTION('',(-4.83910737795913E-10,0.999999999999225,-1.24523915275374E-6));
#4314=DIRECTION('',(2.38590392882012E-8,-1.2452391527422E-6,-0.999999999999224));
#4315=DIRECTION('',(-4.83910737795913E-10,0.999999999999225,-1.24523915275374E-6));
#4316=DIRECTION('center_axis',(2.38590389208072E-8,-1.2452391527422E-6,
-0.999999999999224));
#4317=DIRECTION('ref_axis',(1.,4.83940448004949E-10,2.38590383182041E-8));
#4318=DIRECTION('',(1.,4.83940448004949E-10,2.38590383182041E-8));
#4319=DIRECTION('',(4.83910737795913E-10,-0.999999999999225,1.24523915275374E-6));
#4320=DIRECTION('',(-1.,-4.83940448004949E-10,-2.38590383182041E-8));
#4321=DIRECTION('',(-4.83910737795913E-10,0.999999999999225,-1.24523915275374E-6));
#4322=DIRECTION('',(-1.,-4.83940448004984E-10,-2.38590383182041E-8));
#4323=DIRECTION('',(-4.83910737795913E-10,0.999999999999225,-1.24523915275374E-6));
#4324=DIRECTION('',(-1.,-4.83940448004949E-10,-2.38590383182041E-8));
#4325=DIRECTION('',(4.83910737795913E-10,-0.999999999999225,1.24523915275374E-6));
#4326=DIRECTION('',(1.,4.83940448004949E-10,2.38590383182041E-8));
#4327=DIRECTION('center_axis',(1.,4.83940448005177E-10,2.38590385019011E-8));
#4328=DIRECTION('ref_axis',(4.83910737795913E-10,-0.999999999999225,1.24523915275374E-6));
#4329=DIRECTION('',(2.38590391045042E-8,-1.2452391527422E-6,-0.999999999999224));
#4330=DIRECTION('',(-4.83910737795913E-10,0.999999999999225,-1.24523915275374E-6));
#4331=DIRECTION('',(-2.38590390577258E-8,1.14857193309009E-6,0.99999999999934));
#4332=DIRECTION('',(-4.83953170787604E-10,0.999999999999858,5.33247913315309E-7));
#4333=DIRECTION('',(-2.38590389446801E-8,9.14965800919374E-7,0.999999999999581));
#4334=DIRECTION('',(4.83910737795893E-10,-0.999999999999225,1.24523915358382E-6));
#4335=DIRECTION('',(2.38590391333475E-8,-1.30484381962331E-6,-0.999999999999148));
#4336=DIRECTION('',(4.83910737795917E-10,-0.999999999999225,1.24523915255549E-6));
#4337=DIRECTION('center_axis',(1.,4.83940448005177E-10,2.38590385019011E-8));
#4338=DIRECTION('ref_axis',(4.83910737795913E-10,-0.999999999999225,1.24523915275374E-6));
#4339=DIRECTION('center_axis',(-4.83910737795913E-10,0.999999999999225,
-1.24523915275374E-6));
#4340=DIRECTION('ref_axis',(2.38590391045042E-8,-1.2452391527422E-6,-0.999999999999224));
#4341=DIRECTION('',(-1.,-4.83940448005406E-10,-2.38590386855981E-8));
#4342=DIRECTION('',(2.38590391045042E-8,-1.2452391527422E-6,-0.999999999999224));
#4343=DIRECTION('',(1.,4.83940448005406E-10,2.38590386855981E-8));
#4344=DIRECTION('center_axis',(4.83910737795913E-10,-0.999999999999225,
1.24523915275374E-6));
#4345=DIRECTION('ref_axis',(1.,4.83940448004949E-10,2.38590383182041E-8));
#4346=DIRECTION('center_axis',(4.83910737795913E-10,-0.999999999999225,
1.24523915275374E-6));
#4347=DIRECTION('ref_axis',(1.,4.83940448004949E-10,2.38590383182041E-8));
#4348=DIRECTION('',(4.83910737795913E-10,-0.999999999999225,1.24523915275374E-6));
#4349=DIRECTION('center_axis',(-4.83910737795913E-10,0.999999999999225,
-1.24523915275374E-6));
#4350=DIRECTION('ref_axis',(1.,4.83940448004949E-10,2.38590383182041E-8));
#4351=DIRECTION('',(4.83910737795913E-10,-0.999999999999225,1.24523915275374E-6));
#4352=DIRECTION('center_axis',(-2.38590389208072E-8,1.2452391527422E-6,
0.999999999999224));
#4353=DIRECTION('ref_axis',(-4.83910737795913E-10,0.999999999999225,-1.24523915275374E-6));
#4354=DIRECTION('',(-1.,-4.83940448004949E-10,-2.38590383182041E-8));
#4355=DIRECTION('',(-4.83910737795913E-10,0.999999999999225,-1.24523915275374E-6));
#4356=DIRECTION('',(1.,4.83940448004949E-10,2.38590383182041E-8));
#4357=DIRECTION('',(-1.,-4.83940448004949E-10,-2.38590383182041E-8));
#4358=DIRECTION('',(-4.83910737795913E-10,0.999999999999225,-1.24523915275374E-6));
#4359=DIRECTION('center_axis',(4.83910737795913E-10,-0.999999999999225,
1.24523915275374E-6));
#4360=DIRECTION('ref_axis',(-2.38590392882012E-8,1.2452391527422E-6,0.999999999999224));
#4361=DIRECTION('',(1.,4.83940448005406E-10,2.38590386855981E-8));
#4362=DIRECTION('',(-2.38590391045042E-8,1.2452391527422E-6,0.999999999999224));
#4363=DIRECTION('center_axis',(2.38590392882012E-8,-1.2452391527422E-6,
-0.999999999999224));
#4364=DIRECTION('ref_axis',(4.83910737795913E-10,-0.999999999999225,1.24523915275374E-6));
#4365=DIRECTION('',(4.83910737796008E-10,-0.999999999999225,1.24523914877682E-6));
#4366=DIRECTION('center_axis',(-2.38590392882012E-8,1.2452391527422E-6,
0.999999999999224));
#4367=DIRECTION('ref_axis',(-0.382683431918015,-0.923879532695766,1.14132050749374E-6));
#4368=DIRECTION('',(0.707106781528723,-0.707106780843802,8.97387937158342E-7));
#4369=DIRECTION('',(-2.76077625609976E-8,-0.999999999999224,1.2452391520835E-6));
#4370=DIRECTION('',(-0.70710678084437,-0.707106781528197,8.63646161063985E-7));
#4371=DIRECTION('center_axis',(-2.38590392882012E-8,1.2452391527422E-6,
0.999999999999224));
#4372=DIRECTION('ref_axis',(-0.382683432812165,0.923879532325374,-1.15958142512802E-6));
#4373=DIRECTION('',(4.83910737795913E-10,-0.999999999999225,1.24523915275374E-6));
#4374=DIRECTION('center_axis',(-1.65287113165306E-8,-0.707105914339512,
0.70710764803252));
#4375=DIRECTION('ref_axis',(1.,4.83940448004949E-10,2.38590383182041E-8));
#4376=DIRECTION('',(-1.72130652271252E-8,0.70710764803252,0.707105914339512));
#4377=DIRECTION('',(-0.577350262576518,-0.577350973525146,-0.577349571466361));
#4378=DIRECTION('',(0.577350313009949,-0.577350961804019,-0.577349532754022));
#4379=DIRECTION('',(1.,4.83940448004984E-10,2.38590383182041E-8));
#4380=DIRECTION('center_axis',(4.83913044182891E-10,-0.999999999999341,
1.14857193356732E-6));
#4381=DIRECTION('ref_axis',(-2.38590392414228E-8,1.14857193355577E-6,0.99999999999934));
#4382=DIRECTION('',(2.38590392414228E-8,-1.14857193355577E-6,-0.99999999999934));
#4383=DIRECTION('',(-0.707106764315659,-8.12505200470307E-7,-0.707106798056969));
#4384=DIRECTION('',(-1.,-4.83940448005182E-10,-2.38590384905774E-8));
#4385=DIRECTION('',(-2.38590390577258E-8,1.14857193378155E-6,0.99999999999934));
#4386=DIRECTION('center_axis',(0.707106780844379,0.707106781528269,-7.95292114858807E-7));
#4387=DIRECTION('ref_axis',(1.20526258474692E-7,-1.24523915269541E-6,-0.999999999999217));
#4388=DIRECTION('',(0.577350237090368,-0.577349587177878,0.577350983299786));
#4389=DIRECTION('',(0.577350255693985,-0.577349605781537,0.577350946092577));
#4390=DIRECTION('center_axis',(-0.707106798057436,8.80174851530523E-7,0.707106764315111));
#4391=DIRECTION('ref_axis',(0.707106764315658,8.80859246675475E-7,0.707106798056888));
#4392=DIRECTION('',(-0.707106764315658,-8.80859246675475E-7,-0.707106798056888));
#4393=DIRECTION('center_axis',(1.65287116493122E-8,0.707105900668946,-0.707107661703053));
#4394=DIRECTION('ref_axis',(-1.,-4.83940448004949E-10,-2.38590383182041E-8));
#4395=DIRECTION('',(1.72130647776809E-8,-0.707107661703053,-0.707105900668945));
#4396=DIRECTION('',(1.,4.83940448004949E-10,2.38590383182041E-8));
#4397=DIRECTION('center_axis',(1.,4.83940448004949E-10,2.38590383182041E-8));
#4398=DIRECTION('ref_axis',(2.38590389208072E-8,-1.2452391527422E-6,-0.999999999999224));
#4399=DIRECTION('',(-2.38590389208072E-8,1.2452391527422E-6,0.999999999999224));
#4400=DIRECTION('',(2.38590389208072E-8,-1.2452391527422E-6,-0.999999999999224));
#4401=DIRECTION('center_axis',(4.83910737795913E-10,-0.999999999999225,
1.24523915275374E-6));
#4402=DIRECTION('ref_axis',(2.38590392882012E-8,-1.2452391527422E-6,-0.999999999999224));
#4403=DIRECTION('center_axis',(-4.83910737795913E-10,0.999999999999225,
-1.24523915275374E-6));
#4404=DIRECTION('ref_axis',(-2.38590392882012E-8,1.2452391527422E-6,0.999999999999224));
#4405=DIRECTION('',(-1.,-4.83940448005406E-10,-2.38590386855981E-8));
#4406=DIRECTION('',(-2.38590392882012E-8,1.2452391527422E-6,0.999999999999224));
#4407=DIRECTION('',(1.,4.83940448005406E-10,2.38590386855981E-8));
#4408=DIRECTION('',(-2.38590392882012E-8,1.2452391527422E-6,0.999999999999224));
#4409=DIRECTION('center_axis',(1.,4.83940448005406E-10,2.38590386855982E-8));
#4410=DIRECTION('ref_axis',(4.83910737795913E-10,-0.999999999999225,1.24523915275374E-6));
#4411=DIRECTION('center_axis',(-1.,-4.83940448005406E-10,-2.38590386855982E-8));
#4412=DIRECTION('ref_axis',(4.83910737795913E-10,-0.999999999999225,1.24523915275374E-6));
#4413=DIRECTION('',(-4.83910737795913E-10,0.999999999999225,-1.24523915275374E-6));
#4414=DIRECTION('',(2.38590392882012E-8,-1.2452391527422E-6,-0.999999999999224));
#4415=DIRECTION('center_axis',(-1.,-4.83940448005406E-10,-2.38590386855982E-8));
#4416=DIRECTION('ref_axis',(-4.83910737795913E-10,0.999999999999225,-1.24523915275374E-6));
#4417=DIRECTION('',(-2.38590392882012E-8,1.2452391527422E-6,0.999999999999224));
#4418=DIRECTION('',(-4.83910737795913E-10,0.999999999999225,-1.24523915275374E-6));
#4419=DIRECTION('center_axis',(-1.,-4.83940448005406E-10,-2.38590386855981E-8));
#4420=DIRECTION('ref_axis',(4.83910737795913E-10,-0.999999999999225,1.24523915275374E-6));
#4421=DIRECTION('',(-1.,-4.83940448005406E-10,-2.38590386855981E-8));
#4422=DIRECTION('center_axis',(1.,4.83940448004949E-10,2.38590383182041E-8));
#4423=DIRECTION('ref_axis',(4.83910737795913E-10,-0.999999999999225,1.24523915275374E-6));
#4424=DIRECTION('',(1.,4.83940448005406E-10,2.38590386855981E-8));
#4425=DIRECTION('',(-1.,-4.83940448005406E-10,-2.38590386855981E-8));
#4426=DIRECTION('center_axis',(1.,4.83940448004949E-10,2.38590383182041E-8));
#4427=DIRECTION('ref_axis',(4.83910737795913E-10,-0.999999999999225,1.24523915275374E-6));
#4428=DIRECTION('center_axis',(1.,4.83940448004949E-10,2.38590383182041E-8));
#4429=DIRECTION('ref_axis',(4.83910737795913E-10,-0.999999999999225,1.24523915275374E-6));
#4430=DIRECTION('center_axis',(1.,4.83940448004949E-10,2.38590383182041E-8));
#4431=DIRECTION('ref_axis',(4.83910737795913E-10,-0.999999999999225,1.24523915275374E-6));
#4432=DIRECTION('center_axis',(-2.38590389208072E-8,1.2452391527422E-6,
0.999999999999224));
#4433=DIRECTION('ref_axis',(4.83910737795913E-10,-0.999999999999225,1.24523915275374E-6));
#4434=DIRECTION('',(-1.,-4.83940448004949E-10,-2.38590383182041E-8));
#4435=DIRECTION('',(4.83910737795913E-10,-0.999999999999225,1.24523915275374E-6));
#4436=DIRECTION('center_axis',(-2.38590389208072E-8,1.2452391527422E-6,
0.999999999999224));
#4437=DIRECTION('ref_axis',(4.83910737795913E-10,-0.999999999999225,1.24523915275374E-6));
#4438=DIRECTION('',(4.83910737795913E-10,-0.999999999999225,1.24523915275374E-6));
#4439=DIRECTION('',(1.,4.83940448004949E-10,2.38590383182041E-8));
#4440=DIRECTION('center_axis',(-2.38590392882012E-8,1.2452391527422E-6,
0.999999999999224));
#4441=DIRECTION('ref_axis',(-4.83910737795913E-10,0.999999999999225,-1.24523915275374E-6));
#4442=DIRECTION('',(-4.83910737795913E-10,0.999999999999225,-1.24523915275374E-6));
#4443=DIRECTION('',(-1.,-4.83940448005406E-10,-2.38590386855981E-8));
#4444=DIRECTION('center_axis',(4.83913044182902E-10,-0.999999999999341,
1.14857193310163E-6));
#4445=DIRECTION('ref_axis',(-2.38590390577258E-8,1.14857193309009E-6,0.99999999999934));
#4446=DIRECTION('',(-2.38590390577258E-8,1.14857193309009E-6,0.99999999999934));
#4447=DIRECTION('',(-1.,-4.83940448005406E-10,-2.38590386855981E-8));
#4448=DIRECTION('center_axis',(-2.38590384275345E-8,-5.33247913326856E-7,
0.999999999999858));
#4449=DIRECTION('ref_axis',(-4.83953170787604E-10,0.999999999999858,5.33247913315309E-7));
#4450=DIRECTION('',(-4.83953170787604E-10,0.999999999999858,5.33247913315309E-7));
#4451=DIRECTION('',(-1.,-4.83940448005406E-10,-2.38590386855981E-8));
#4452=DIRECTION('center_axis',(4.83918617800763E-10,-0.999999999999582,
9.1496580093092E-7));
#4453=DIRECTION('ref_axis',(-2.38590389446801E-8,9.14965800919374E-7,0.999999999999581));
#4454=DIRECTION('',(-2.38590389446801E-8,9.14965800919374E-7,0.999999999999581));
#4455=DIRECTION('',(-1.,-4.83940448005406E-10,-2.38590386855981E-8));
#4456=DIRECTION('center_axis',(2.38590392882012E-8,-1.24523915357227E-6,
-0.999999999999224));
#4457=DIRECTION('ref_axis',(4.83910737795893E-10,-0.999999999999225,1.24523915358382E-6));
#4458=DIRECTION('',(4.83910737795893E-10,-0.999999999999225,1.24523915358382E-6));
#4459=DIRECTION('',(-1.,-4.83940448005406E-10,-2.38590386855981E-8));
#4460=DIRECTION('center_axis',(-4.83909315685823E-10,0.999999999999149,
-1.30484381963486E-6));
#4461=DIRECTION('ref_axis',(2.38590391333475E-8,-1.30484381962331E-6,-0.999999999999148));
#4462=DIRECTION('',(2.38590391333475E-8,-1.30484381962331E-6,-0.999999999999148));
#4463=DIRECTION('',(-1.,-4.83940448005406E-10,-2.38590386855981E-8));
#4464=DIRECTION('center_axis',(2.38590392882012E-8,-1.24523915254394E-6,
-0.999999999999224));
#4465=DIRECTION('ref_axis',(4.83910737795917E-10,-0.999999999999225,1.24523915255549E-6));
#4466=DIRECTION('',(4.83910737795917E-10,-0.999999999999225,1.24523915255549E-6));
#4467=DIRECTION('center_axis',(2.38590392882012E-8,-1.2452391527422E-6,
-0.999999999999224));
#4468=DIRECTION('ref_axis',(4.83910737795913E-10,-0.999999999999225,1.24523915275374E-6));
#4469=DIRECTION('',(4.83910737795913E-10,-0.999999999999225,1.24523915275374E-6));
#4470=DIRECTION('',(-1.,-4.83940448005406E-10,-2.38590386855981E-8));
#4471=DIRECTION('',(4.83910737795913E-10,-0.999999999999225,1.24523915275374E-6));
#4472=DIRECTION('',(-1.,-4.83940448005406E-10,-2.38590386855981E-8));
#4473=DIRECTION('center_axis',(-4.83911114303416E-10,0.999999999999244,
-1.22945865552817E-6));
#4474=DIRECTION('ref_axis',(2.38590390968679E-8,-1.22945865551663E-6,-0.999999999999244));
#4475=DIRECTION('',(2.38590390968679E-8,-1.22945865551663E-6,-0.999999999999244));
#4476=DIRECTION('',(1.,4.83940448005406E-10,2.38590386855981E-8));
#4477=DIRECTION('',(2.38590390968679E-8,-1.22945865551663E-6,-0.999999999999244));
#4478=DIRECTION('center_axis',(-2.38590392882012E-8,1.2452391527422E-6,
0.999999999999224));
#4479=DIRECTION('ref_axis',(-4.83910737795913E-10,0.999999999999225,-1.24523915275374E-6));
#4480=DIRECTION('',(-4.83910737795913E-10,0.999999999999225,-1.24523915275374E-6));
#4481=DIRECTION('',(-1.,-4.83940448005406E-10,-2.38590386855981E-8));
#4482=DIRECTION('',(-4.83910737795913E-10,0.999999999999225,-1.24523915275374E-6));
#4483=DIRECTION('center_axis',(-4.83910737795307E-10,0.999999999999225,
-1.24523917813027E-6));
#4484=DIRECTION('ref_axis',(2.38590391045042E-8,-1.24523917811872E-6,-0.999999999999224));
#4485=DIRECTION('',(2.38590391045042E-8,-1.24523917811872E-6,-0.999999999999224));
#4486=DIRECTION('',(-1.,-4.83940448005406E-10,-2.38590386855981E-8));
#4487=DIRECTION('',(2.38590391045042E-8,-1.24523917811872E-6,-0.999999999999224));
#4488=DIRECTION('center_axis',(-2.38590392882012E-8,1.2452391527422E-6,
0.999999999999224));
#4489=DIRECTION('ref_axis',(-4.83910737795913E-10,0.999999999999225,-1.24523915275374E-6));
#4490=DIRECTION('',(-4.83910737795913E-10,0.999999999999225,-1.24523915275374E-6));
#4491=DIRECTION('',(-1.,-4.83940448005406E-10,-2.38590386855981E-8));
#4492=DIRECTION('',(-4.83910737795913E-10,0.999999999999225,-1.24523915275374E-6));
#4493=DIRECTION('center_axis',(4.83910737795913E-10,-0.999999999999225,
1.24523915275374E-6));
#4494=DIRECTION('ref_axis',(-2.38590391045042E-8,1.2452391527422E-6,0.999999999999224));
#4495=DIRECTION('',(-2.38590391045042E-8,1.2452391527422E-6,0.999999999999224));
#4496=DIRECTION('',(-1.,-4.83940448005406E-10,-2.38590386855981E-8));
#4497=DIRECTION('',(-2.38590391045042E-8,1.2452391527422E-6,0.999999999999224));
#4498=DIRECTION('center_axis',(-2.38590392882012E-8,1.2452391527422E-6,
0.999999999999224));
#4499=DIRECTION('ref_axis',(-4.83910737795913E-10,0.999999999999225,-1.24523915275374E-6));
#4500=DIRECTION('',(-4.83910737795913E-10,0.999999999999225,-1.24523915275374E-6));
#4501=DIRECTION('',(-1.,-4.83940448005406E-10,-2.38590386855981E-8));
#4502=DIRECTION('',(-4.83910737795913E-10,0.999999999999225,-1.24523915275374E-6));
#4503=DIRECTION('center_axis',(4.83910737795992E-10,-0.999999999999225,
1.2452391494355E-6));
#4504=DIRECTION('ref_axis',(-2.38590391045042E-8,1.24523914942395E-6,0.999999999999224));
#4505=DIRECTION('',(-2.38590391045042E-8,1.24523914942395E-6,0.999999999999224));
#4506=DIRECTION('',(-1.,-4.83940448005406E-10,-2.38590386855981E-8));
#4507=DIRECTION('',(-2.38590391045042E-8,1.24523914942395E-6,0.999999999999224));
#4508=DIRECTION('center_axis',(2.38590392882012E-8,-1.2452391527422E-6,
-0.999999999999224));
#4509=DIRECTION('ref_axis',(4.83910737795913E-10,-0.999999999999225,1.24523915275374E-6));
#4510=DIRECTION('',(4.83910737795913E-10,-0.999999999999225,1.24523915275374E-6));
#4511=DIRECTION('',(-1.,-4.83940448005406E-10,-2.38590386855981E-8));
#4512=DIRECTION('',(4.83910737795913E-10,-0.999999999999225,1.24523915275374E-6));
#4513=DIRECTION('center_axis',(4.83910737795913E-10,-0.999999999999225,
1.24523915275374E-6));
#4514=DIRECTION('ref_axis',(-2.38590391045042E-8,1.2452391527422E-6,0.999999999999224));
#4515=DIRECTION('',(-2.38590391045042E-8,1.2452391527422E-6,0.999999999999224));
#4516=DIRECTION('',(-1.,-4.83940448005406E-10,-2.38590386855981E-8));
#4517=DIRECTION('',(-2.38590391045042E-8,1.2452391527422E-6,0.999999999999224));
#4518=DIRECTION('center_axis',(-2.38590392882012E-8,1.2452391527422E-6,
0.999999999999224));
#4519=DIRECTION('ref_axis',(-4.83910737795913E-10,0.999999999999225,-1.24523915275374E-6));
#4520=DIRECTION('',(-4.83910737795913E-10,0.999999999999225,-1.24523915275374E-6));
#4521=DIRECTION('',(-1.,-4.83940448005406E-10,-2.38590386855981E-8));
#4522=DIRECTION('',(-4.83910737795913E-10,0.999999999999225,-1.24523915275374E-6));
#4523=DIRECTION('center_axis',(4.83910737795761E-10,-0.999999999999225,
1.245239159105E-6));
#4524=DIRECTION('ref_axis',(-2.38590391045042E-8,1.24523915909346E-6,0.999999999999224));
#4525=DIRECTION('',(-2.38590391045042E-8,1.24523915909346E-6,0.999999999999224));
#4526=DIRECTION('',(-1.,-4.83940448005406E-10,-2.38590386855981E-8));
#4527=DIRECTION('',(-2.38590391045042E-8,1.24523915909346E-6,0.999999999999224));
#4528=DIRECTION('center_axis',(2.38590392882012E-8,-1.2452391527422E-6,
-0.999999999999224));
#4529=DIRECTION('ref_axis',(4.83910737795912E-10,-0.999999999999225,1.24523915275374E-6));
#4530=DIRECTION('',(4.83910737795913E-10,-0.999999999999225,1.24523915275374E-6));
#4531=DIRECTION('',(-1.,-4.83940448005406E-10,-2.38590386855981E-8));
#4532=DIRECTION('',(4.83910737795912E-10,-0.999999999999225,1.24523915275374E-6));
#4533=DIRECTION('center_axis',(-4.83910737795913E-10,0.999999999999225,
-1.24523915275374E-6));
#4534=DIRECTION('ref_axis',(2.38590391045042E-8,-1.2452391527422E-6,-0.999999999999224));
#4535=DIRECTION('',(2.38590391045042E-8,-1.2452391527422E-6,-0.999999999999224));
#4536=DIRECTION('',(2.38590391045042E-8,-1.2452391527422E-6,-0.999999999999224));
#4537=DIRECTION('center_axis',(1.,4.83940448005177E-10,2.38590385019011E-8));
#4538=DIRECTION('ref_axis',(4.83910737795913E-10,-0.999999999999225,1.24523915275374E-6));
#4539=DIRECTION('center_axis',(1.,4.83940448005177E-10,2.38590385019011E-8));
#4540=DIRECTION('ref_axis',(-4.83910737795913E-10,0.999999999999225,-1.24523915275374E-6));
#4541=DIRECTION('center_axis',(-1.,-4.83940448004949E-10,-2.38590383182041E-8));
#4542=DIRECTION('ref_axis',(-2.38590389208072E-8,1.2452391527422E-6,0.999999999999224));
#4543=DIRECTION('',(-2.38590389208072E-8,1.2452391527422E-6,0.999999999999224));
#4544=DIRECTION('center_axis',(1.,4.83940448005406E-10,2.38590386855981E-8));
#4545=DIRECTION('ref_axis',(-4.83910737795913E-10,0.999999999999225,-1.24523915275374E-6));
#4546=DIRECTION('',(-1.,-4.83940448005406E-10,-2.38590386855981E-8));
#4547=DIRECTION('',(1.,4.83940448005406E-10,2.38590386855981E-8));
#4548=DIRECTION('center_axis',(-1.,-4.83940448005406E-10,-2.38590386855981E-8));
#4549=DIRECTION('ref_axis',(-4.83910737795913E-10,0.999999999999225,-1.24523915275374E-6));
#4550=DIRECTION('',(-1.,-4.83940448005406E-10,-2.38590386855981E-8));
#4551=DIRECTION('center_axis',(-1.,-4.83940448005406E-10,-2.38590386855982E-8));
#4552=DIRECTION('ref_axis',(-4.83910737795913E-10,0.999999999999225,-1.24523915275374E-6));
#4553=DIRECTION('center_axis',(1.,4.83940448005406E-10,2.38590386855981E-8));
#4554=DIRECTION('ref_axis',(4.83910737795913E-10,-0.999999999999225,1.24523915275374E-6));
#4555=DIRECTION('',(-2.38590392882012E-8,1.2452391527422E-6,0.999999999999224));
#4556=DIRECTION('',(4.83910737795913E-10,-0.999999999999225,1.24523915275374E-6));
#4557=DIRECTION('center_axis',(1.,4.83940448005406E-10,2.38590386855981E-8));
#4558=DIRECTION('ref_axis',(-4.83910737795913E-10,0.999999999999225,-1.24523915275374E-6));
#4559=DIRECTION('',(-1.,-4.83940448005406E-10,-2.38590386855981E-8));
#4560=DIRECTION('center_axis',(-1.,-4.83940448005406E-10,-2.38590386855982E-8));
#4561=DIRECTION('ref_axis',(-4.83910737795913E-10,0.999999999999225,-1.24523915275374E-6));
#4562=DIRECTION('',(1.,4.83940448005406E-10,2.38590386855981E-8));
#4563=DIRECTION('center_axis',(-1.,-4.83940448005406E-10,-2.38590386855981E-8));
#4564=DIRECTION('ref_axis',(-4.83910737795913E-10,0.999999999999225,-1.24523915275374E-6));
#4565=DIRECTION('',(-1.,-4.83940448005406E-10,-2.38590386855981E-8));
#4566=DIRECTION('center_axis',(-1.,-4.83940448005406E-10,-2.38590386855982E-8));
#4567=DIRECTION('ref_axis',(-4.83910737795913E-10,0.999999999999225,-1.24523915275374E-6));
#4568=DIRECTION('center_axis',(4.83910737795913E-10,-0.999999999999225,
1.24523915275374E-6));
#4569=DIRECTION('ref_axis',(2.38590392882012E-8,-1.2452391527422E-6,-0.999999999999224));
#4570=DIRECTION('',(2.38590392882012E-8,-1.2452391527422E-6,-0.999999999999224));
#4571=DIRECTION('',(1.,4.83940448005406E-10,2.38590386855981E-8));
#4572=DIRECTION('',(2.38590392882012E-8,-1.2452391527422E-6,-0.999999999999224));
#4573=DIRECTION('center_axis',(-2.38590392882012E-8,1.2452391527422E-6,
0.999999999999224));
#4574=DIRECTION('ref_axis',(4.83910737795913E-10,-0.999999999999225,1.24523915275374E-6));
#4575=DIRECTION('',(0.707106781528556,-0.70710678084397,8.97387937158547E-7));
#4576=DIRECTION('',(4.83910737795913E-10,-0.999999999999225,1.24523915275374E-6));
#4577=DIRECTION('',(1.,4.83940448005406E-10,2.38590386855981E-8));
#4578=DIRECTION('center_axis',(0.707106780844403,0.707106781527062,-1.51847279058954E-6));
#4579=DIRECTION('ref_axis',(-9.0220566119077E-7,-1.24523915318982E-6,-0.999999999998818));
#4580=DIRECTION('',(-0.577350283244013,0.577351522511744,0.577349001810369));
#4581=DIRECTION('center_axis',(-2.38590392882012E-8,1.2452391527422E-6,
0.999999999999224));
#4582=DIRECTION('ref_axis',(4.83910737795913E-10,-0.999999999999225,1.24523915275374E-6));
#4583=DIRECTION('',(4.83910737795913E-10,-0.999999999999225,1.24523915275374E-6));
#4584=DIRECTION('',(1.,4.83940448005406E-10,2.38590386855981E-8));
#4585=DIRECTION('',(4.83910737795913E-10,-0.999999999999225,1.24523915275374E-6));
#4586=DIRECTION('',(1.,4.83940448005406E-10,2.38590386855981E-8));
#4587=DIRECTION('',(4.83910737795913E-10,-0.999999999999225,1.24523915275374E-6));
#4588=DIRECTION('center_axis',(1.,4.83940448005406E-10,2.38590386855981E-8));
#4589=DIRECTION('ref_axis',(2.38590392882012E-8,-1.2452391527422E-6,-0.999999999999224));
#4590=DIRECTION('center_axis',(-1.,-4.83940448005406E-10,-2.38590386855981E-8));
#4591=DIRECTION('ref_axis',(-4.83910737795913E-10,0.999999999999225,-1.24523915275374E-6));
#4592=DIRECTION('',(2.38590359296066E-8,-1.2452391527422E-6,-0.999999999999224));
#4593=DIRECTION('center_axis',(1.,4.83940448005406E-10,2.38590386855981E-8));
#4594=DIRECTION('ref_axis',(2.38590392882012E-8,-1.2452391527422E-6,-0.999999999999224));
#4595=DIRECTION('center_axis',(-1.,-4.83940448005406E-10,-2.38590386855981E-8));
#4596=DIRECTION('ref_axis',(-4.83910737795913E-10,0.999999999999225,-1.24523915275374E-6));
#4597=DIRECTION('',(-2.38590392882012E-8,1.2452391527422E-6,0.999999999999224));
#4598=DIRECTION('center_axis',(1.,4.83940448005406E-10,2.38590386855981E-8));
#4599=DIRECTION('ref_axis',(2.38590392882012E-8,-1.2452391527422E-6,-0.999999999999224));
#4600=DIRECTION('center_axis',(-1.,-4.83940448005406E-10,-2.38590386855981E-8));
#4601=DIRECTION('ref_axis',(-4.83910737795913E-10,0.999999999999225,-1.24523915275374E-6));
#4602=DIRECTION('',(-2.38590392882012E-8,1.2452391527422E-6,0.999999999999224));
#4603=DIRECTION('',(-4.8390737920132E-10,0.999999999999225,-1.24523915275374E-6));
#4604=DIRECTION('center_axis',(1.,4.83940448005406E-10,2.38590386855981E-8));
#4605=DIRECTION('ref_axis',(2.38590392882012E-8,-1.2452391527422E-6,-0.999999999999224));
#4606=DIRECTION('center_axis',(-1.,-4.83940448005406E-10,-2.38590386855981E-8));
#4607=DIRECTION('ref_axis',(-4.83910737795913E-10,0.999999999999225,-1.24523915275374E-6));
#4608=DIRECTION('',(-4.8390737920132E-10,0.999999999999225,-1.24523915275374E-6));
#4609=DIRECTION('',(2.38590359296066E-8,-1.2452391527422E-6,-0.999999999999224));
#4610=DIRECTION('center_axis',(2.38590392882012E-8,-1.2452391527422E-6,
-0.999999999999224));
#4611=DIRECTION('ref_axis',(-4.8390737920132E-10,0.999999999999225,-1.24523915275374E-6));
#4612=DIRECTION('',(1.,4.83940448005406E-10,2.38590386855981E-8));
#4613=DIRECTION('',(-4.83910737795913E-10,0.999999999999225,-1.24523915275374E-6));
#4614=DIRECTION('',(1.,4.83940448005406E-10,2.38590386855981E-8));
#4615=DIRECTION('center_axis',(-1.,-4.83940448005406E-10,-2.38590386855981E-8));
#4616=DIRECTION('ref_axis',(-4.83910737795913E-10,0.999999999999225,-1.24523915275374E-6));
#4617=DIRECTION('',(2.38590392882012E-8,-1.2452391527422E-6,-0.999999999999224));
#4618=DIRECTION('center_axis',(1.,4.83940448005406E-10,2.38590386855981E-8));
#4619=DIRECTION('ref_axis',(-4.83910737795913E-10,0.999999999999225,-1.24523915275374E-6));
#4620=DIRECTION('',(-2.38590392882012E-8,1.2452391527422E-6,0.999999999999224));
#4621=DIRECTION('center_axis',(4.83910737795913E-10,-0.999999999999225,
1.24523915275374E-6));
#4622=DIRECTION('ref_axis',(2.38590392882012E-8,-1.2452391527422E-6,-0.999999999999224));
#4623=DIRECTION('',(2.38590392882012E-8,-1.2452391527422E-6,-0.999999999999224));
#4624=DIRECTION('',(1.,4.83940448005406E-10,2.38590386855981E-8));
#4625=DIRECTION('',(2.38590392882012E-8,-1.2452391527422E-6,-0.999999999999224));
#4626=DIRECTION('',(1.,4.83940448005406E-10,2.38590386855981E-8));
#4627=DIRECTION('center_axis',(-4.83910737795913E-10,0.999999999999225,
-1.24523915275374E-6));
#4628=DIRECTION('ref_axis',(-2.38590392882012E-8,1.2452391527422E-6,0.999999999999224));
#4629=DIRECTION('',(-2.38590392882012E-8,1.2452391527422E-6,0.999999999999224));
#4630=DIRECTION('',(1.,4.83940448005406E-10,2.38590386855981E-8));
#4631=DIRECTION('',(-2.38590392882012E-8,1.2452391527422E-6,0.999999999999224));
#4632=DIRECTION('',(1.,4.83940448005406E-10,2.38590386855981E-8));
#4633=DIRECTION('center_axis',(-1.,-4.83940448005406E-10,-2.38590386855981E-8));
#4634=DIRECTION('ref_axis',(-4.83910737795913E-10,0.999999999999225,-1.24523915275374E-6));
#4635=DIRECTION('center_axis',(1.,4.83940448005406E-10,2.38590386855981E-8));
#4636=DIRECTION('ref_axis',(-4.83910737795913E-10,0.999999999999225,-1.24523915275374E-6));
#4637=DIRECTION('center_axis',(-1.,-4.83940448005406E-10,-2.38590386855981E-8));
#4638=DIRECTION('ref_axis',(-4.83910737795913E-10,0.999999999999225,-1.24523915275374E-6));
#4639=DIRECTION('center_axis',(1.,4.83940448005406E-10,2.38590386855981E-8));
#4640=DIRECTION('ref_axis',(-4.83910737795913E-10,0.999999999999225,-1.24523915275374E-6));
#4641=DIRECTION('center_axis',(1.,4.83940448005406E-10,2.38590386855981E-8));
#4642=DIRECTION('ref_axis',(-4.83910737795913E-10,0.999999999999225,-1.24523915275374E-6));
#4643=DIRECTION('center_axis',(-1.,-4.83940448005406E-10,-2.38590386855981E-8));
#4644=DIRECTION('ref_axis',(-4.83910737795913E-10,0.999999999999225,-1.24523915275374E-6));
#4645=DIRECTION('center_axis',(1.,4.83940448005406E-10,2.38590386855981E-8));
#4646=DIRECTION('ref_axis',(-4.83910737795913E-10,0.999999999999225,-1.24523915275374E-6));
#4647=DIRECTION('center_axis',(1.,4.83940448005406E-10,2.38590386855981E-8));
#4648=DIRECTION('ref_axis',(-4.83910737795913E-10,0.999999999999225,-1.24523915275374E-6));
#4649=DIRECTION('',(1.,4.83940448005406E-10,2.38590386855981E-8));
#4650=DIRECTION('center_axis',(1.,4.83940448004994E-10,2.38590383547975E-8));
#4651=DIRECTION('ref_axis',(-4.83910737795913E-10,0.999999999999225,-1.24523915275374E-6));
#4652=DIRECTION('',(1.,4.83940448004994E-10,2.38590383547975E-8));
#4653=DIRECTION('center_axis',(-1.,-4.83940448005177E-10,-2.38590385019011E-8));
#4654=DIRECTION('ref_axis',(-2.38590391045042E-8,1.2452391527422E-6,0.999999999999224));
#4655=DIRECTION('',(-2.38590391045042E-8,1.2452391527422E-6,0.999999999999224));
#4656=DIRECTION('',(4.83910737795913E-10,-0.999999999999225,1.24523915275374E-6));
#4657=DIRECTION('',(-2.38590391045042E-8,1.24523915263614E-6,0.999999999999224));
#4658=DIRECTION('',(-4.83910737795913E-10,0.999999999999225,-1.24523915275374E-6));
#4659=DIRECTION('',(2.38590389208072E-8,-1.2452391527422E-6,-0.999999999999224));
#4660=DIRECTION('',(2.38590389208072E-8,-1.2452391527422E-6,-0.999999999999224));
#4661=DIRECTION('',(4.83910737795913E-10,-0.999999999999225,1.24523915275374E-6));
#4662=DIRECTION('',(4.83910737795913E-10,-0.999999999999225,1.24523915275374E-6));
#4663=DIRECTION('',(2.38590389208072E-8,-1.2452391527422E-6,-0.999999999999224));
#4664=DIRECTION('',(4.83910737795913E-10,-0.999999999999225,1.24523915275374E-6));
#4665=DIRECTION('',(2.38590391045042E-8,-1.2452391527422E-6,-0.999999999999224));
#4666=DIRECTION('',(4.83910737795913E-10,-0.999999999999225,1.24523915275374E-6));
#4667=DIRECTION('',(2.38590390866706E-8,-1.2452391527422E-6,-0.999999999999224));
#4668=DIRECTION('',(-4.83910737795913E-10,0.999999999999225,-1.24523915275374E-6));
#4669=DIRECTION('center_axis',(-4.83910737795913E-10,0.999999999999225,
-1.24523915275374E-6));
#4670=DIRECTION('ref_axis',(-2.38590392882012E-8,1.2452391527422E-6,0.999999999999224));
#4671=DIRECTION('',(2.38590392882012E-8,-1.24523915068898E-6,-0.999999999999224));
#4672=DIRECTION('',(1.,4.83940448004949E-10,2.38590383182041E-8));
#4673=DIRECTION('',(2.38590389208072E-8,-1.2452391527422E-6,-0.999999999999224));
#4674=DIRECTION('',(2.38590389208072E-8,-1.2452391527422E-6,-0.999999999999224));
#4675=DIRECTION('center_axis',(1.,4.83940448005406E-10,2.38590386855982E-8));
#4676=DIRECTION('ref_axis',(4.83910737795913E-10,-0.999999999999225,1.24523915275374E-6));
#4677=DIRECTION('',(2.38590392882012E-8,-1.2452391527422E-6,-0.999999999999224));
#4678=DIRECTION('',(-4.83910737795913E-10,0.999999999999225,-1.24523915275374E-6));
#4679=DIRECTION('center_axis',(1.,4.83940448005406E-10,2.38590386855981E-8));
#4680=DIRECTION('ref_axis',(4.83910737795913E-10,-0.999999999999225,1.24523915275374E-6));
#4681=DIRECTION('',(2.38590392882012E-8,-1.2452391527422E-6,-0.999999999999224));
#4682=DIRECTION('center_axis',(4.83910737795913E-10,-0.999999999999225,
1.24523915275374E-6));
#4683=DIRECTION('ref_axis',(2.38590392882012E-8,-1.2452391527422E-6,-0.999999999999224));
#4684=DIRECTION('',(-2.38590389208072E-8,1.2452391527422E-6,0.999999999999224));
#4685=DIRECTION('',(1.,4.83940448004949E-10,2.38590383182041E-8));
#4686=DIRECTION('center_axis',(1.,4.83940448005406E-10,2.38590386855981E-8));
#4687=DIRECTION('ref_axis',(4.83910737795913E-10,-0.999999999999225,1.24523915275374E-6));
#4688=DIRECTION('',(4.83910737795913E-10,-0.999999999999225,1.24523915275374E-6));
#4689=DIRECTION('center_axis',(2.38590389208072E-8,-1.2452391527422E-6,
-0.999999999999224));
#4690=DIRECTION('ref_axis',(-4.83910737795913E-10,0.999999999999225,-1.24523915275374E-6));
#4691=DIRECTION('',(4.83910876354773E-10,-0.999999999999225,1.24523915275374E-6));
#4692=DIRECTION('',(1.,4.83940448004949E-10,2.38590383182041E-8));
#4693=DIRECTION('',(-4.83910737795913E-10,0.999999999999225,-1.24523915275374E-6));
#4694=DIRECTION('',(-4.83910737795913E-10,0.999999999999225,-1.24523915275374E-6));
#4695=DIRECTION('',(1.,4.83940448004949E-10,2.38590383182041E-8));
#4696=DIRECTION('',(-4.83910737795913E-10,0.999999999999225,-1.24523915275374E-6));
#4697=DIRECTION('center_axis',(1.,4.83940448005406E-10,2.38590386855982E-8));
#4698=DIRECTION('ref_axis',(4.83910737795913E-10,-0.999999999999225,1.24523915275374E-6));
#4699=DIRECTION('',(4.83910737795913E-10,-0.999999999999225,1.24523915275374E-6));
#4700=DIRECTION('',(2.38590392882012E-8,-1.2452391527422E-6,-0.999999999999224));
#4701=DIRECTION('center_axis',(-1.,-4.83940448004949E-10,-2.38590383182041E-8));
#4702=DIRECTION('ref_axis',(-2.38590389208072E-8,1.2452391527422E-6,0.999999999999224));
#4703=DIRECTION('',(4.83910737795913E-10,-0.999999999999225,1.24523915275374E-6));
#4704=DIRECTION('center_axis',(-1.,-4.83940448004949E-10,-2.38590383182041E-8));
#4705=DIRECTION('ref_axis',(-2.38590389208072E-8,1.2452391527422E-6,0.999999999999224));
#4706=DIRECTION('center_axis',(-1.,-4.83940448004949E-10,-2.38590383182041E-8));
#4707=DIRECTION('ref_axis',(-2.38590389208072E-8,1.2452391527422E-6,0.999999999999224));
#4708=DIRECTION('',(4.83910737795913E-10,-0.999999999999225,1.24523915275374E-6));
#4709=DIRECTION('center_axis',(2.38590389208072E-8,-1.2452391527422E-6,
-0.999999999999224));
#4710=DIRECTION('ref_axis',(-4.83910737795913E-10,0.999999999999225,-1.24523915275374E-6));
#4711=DIRECTION('center_axis',(-0.707106798057436,8.11820805295091E-7,0.707106764315193));
#4712=DIRECTION('ref_axis',(0.707106764315657,8.80859246675476E-7,0.707106798056889));
#4713=DIRECTION('',(0.707106764315657,8.80859246675476E-7,0.707106798056889));
#4714=DIRECTION('',(-4.83913044182892E-10,0.99999999999934,-1.14857193352452E-6));
#4715=DIRECTION('center_axis',(0.707106764315659,8.80859246675474E-7,0.707106798056887));
#4716=DIRECTION('ref_axis',(0.707106798057436,-8.80174851530524E-7,-0.707106764315111));
#4717=DIRECTION('',(-4.83910737795913E-10,0.999999999999225,-1.24523915275374E-6));
#4718=DIRECTION('',(0.707106798057436,-8.80174851530524E-7,-0.707106764315111));
#4719=DIRECTION('',(4.83910737795913E-10,-0.999999999999225,1.24523915275374E-6));
#4720=DIRECTION('',(-0.707106798057436,8.80174851530524E-7,0.707106764315111));
#4721=DIRECTION('center_axis',(0.707106798057435,-8.80174851530525E-7,-0.707106764315112));
#4722=DIRECTION('ref_axis',(-0.707106764315659,-8.80859246675473E-7,-0.707106798056887));
#4723=DIRECTION('',(4.83910737795913E-10,-0.999999999999225,1.24523915275374E-6));
#4724=DIRECTION('',(0.707106764315659,8.80859246675473E-7,0.707106798056887));
#4725=DIRECTION('',(4.83910737795913E-10,-0.999999999999225,1.24523915275374E-6));
#4726=DIRECTION('',(-0.707106764315659,-8.80859246675473E-7,-0.707106798056887));
#4727=DIRECTION('center_axis',(-0.707106764315658,-1.53568587620106E-6,
-0.707106798055769));
#4728=DIRECTION('ref_axis',(-0.707106798057284,8.80174851530712E-7,0.707106764315262));
#4729=DIRECTION('',(4.83888642781633E-10,-0.999999999997643,2.17130385323189E-6));
#4730=DIRECTION('',(-0.707106798057284,8.80174851530712E-7,0.707106764315262));
#4731=DIRECTION('center_axis',(0.707106781528724,-0.707106780843801,8.97387936898555E-7));
#4732=DIRECTION('ref_axis',(-0.70710678084437,-0.707106781528197,8.63646161323772E-7));
#4733=DIRECTION('',(2.38590389208072E-8,-1.2452391527422E-6,-0.999999999999224));
#4734=DIRECTION('',(0.577350255135217,0.577350988407742,0.57734956402504));
#4735=DIRECTION('center_axis',(-0.707106781528724,0.707106780843801,-8.97387936898555E-7));
#4736=DIRECTION('ref_axis',(-0.70710678084437,-0.707106781528197,8.63646161323772E-7));
#4737=DIRECTION('',(-2.38590389208072E-8,1.2452391527422E-6,0.999999999999224));
#4738=DIRECTION('center_axis',(0.999999999999999,-2.76077328507668E-8,2.38590732990556E-8));
#4739=DIRECTION('ref_axis',(-2.76077625609976E-8,-0.999999999999224,1.2452391520835E-6));
#4740=DIRECTION('',(-2.38590389208072E-8,1.2452391527422E-6,0.999999999999224));
#4741=DIRECTION('',(2.76077618907572E-8,0.999999999999259,-1.21714747878473E-6));
#4742=DIRECTION('center_axis',(2.38590389208072E-8,-1.2452391527422E-6,
-0.999999999999224));
#4743=DIRECTION('ref_axis',(-0.382683432812165,0.923879532325374,-1.15958142512802E-6));
#4744=DIRECTION('',(2.38590392882012E-8,-1.2452391527422E-6,-0.999999999999224));
#4745=DIRECTION('center_axis',(0.707106780844371,0.707106781528197,-8.63646161323771E-7));
#4746=DIRECTION('ref_axis',(0.707106781528723,-0.707106780843802,8.97387936898556E-7));
#4747=DIRECTION('',(2.38590389208072E-8,-1.2452391527422E-6,-0.999999999999224));
#4748=DIRECTION('center_axis',(-0.707106780844371,-0.707106781528197,8.63646161323771E-7));
#4749=DIRECTION('ref_axis',(-0.707106781528723,0.707106780843802,-8.97387936898556E-7));
#4750=DIRECTION('',(-0.577350255693989,0.577349549970616,-0.57735100190336));
#4751=DIRECTION('center_axis',(4.83910737795913E-10,-0.999999999999225,
1.24523915275374E-6));
#4752=DIRECTION('ref_axis',(1.,4.83940448004949E-10,2.38590383182041E-8));
#4753=DIRECTION('center_axis',(4.83910737795913E-10,-0.999999999999225,
1.24523915275374E-6));
#4754=DIRECTION('ref_axis',(1.,4.83940448004949E-10,2.38590383182041E-8));
#4755=DIRECTION('',(4.83910737795913E-10,-0.999999999999225,1.24523915275374E-6));
#4756=DIRECTION('center_axis',(-4.83910737795913E-10,0.999999999999225,
-1.24523915275374E-6));
#4757=DIRECTION('ref_axis',(1.,4.83940448004949E-10,2.38590383182041E-8));
#4758=DIRECTION('center_axis',(4.83910737795913E-10,-0.999999999999225,
1.24523915275374E-6));
#4759=DIRECTION('ref_axis',(1.,4.83940448004949E-10,2.38590383182041E-8));
#4760=DIRECTION('',(-4.83910737795913E-10,0.999999999999225,-1.24523915275374E-6));
#4761=DIRECTION('',(-4.83910737795913E-10,0.999999999999225,-1.24523915275374E-6));
#4762=DIRECTION('center_axis',(-4.83910737795913E-10,0.999999999999225,
-1.24523915275374E-6));
#4763=DIRECTION('ref_axis',(1.,4.83940448004949E-10,2.38590383182041E-8));
#4764=DIRECTION('center_axis',(1.,4.83940448005406E-10,2.38590386855981E-8));
#4765=DIRECTION('ref_axis',(2.38590392882012E-8,-1.2452391527422E-6,-0.999999999999224));
#4766=DIRECTION('',(-2.38590392882012E-8,1.2452391527422E-6,0.999999999999224));
#4767=DIRECTION('',(-4.83910737795913E-10,0.999999999999225,-1.24523915275374E-6));
#4768=DIRECTION('',(-2.38590389208072E-8,1.2452391527422E-6,0.999999999999224));
#4769=DIRECTION('center_axis',(0.707106781528724,-0.707106780843802,8.97387936898556E-7));
#4770=DIRECTION('ref_axis',(2.38590389208072E-8,-1.2452391527422E-6,-0.999999999999224));
#4771=DIRECTION('center_axis',(-0.707106781528724,0.707106780843802,-8.97387936898556E-7));
#4772=DIRECTION('ref_axis',(-0.707106780844371,-0.707106781528197,8.63646161323771E-7));
#4773=DIRECTION('',(-2.38590389208072E-8,1.2452391527422E-6,0.999999999999224));
#4774=DIRECTION('center_axis',(0.707106781528724,-0.707106780843802,8.97387936898556E-7));
#4775=DIRECTION('ref_axis',(0.707106780844371,0.707106781528197,-8.63646161260246E-7));
#4776=DIRECTION('',(-0.577350255135217,-0.577350988407741,-0.577349564025041));
#4777=DIRECTION('',(2.38590389208072E-8,-1.2452391527422E-6,-0.999999999999224));
#4778=DIRECTION('',(0.577350282685263,0.577349550529421,-0.577350974353316));
#4779=DIRECTION('center_axis',(0.707106781528724,-0.707106780843802,8.97387936898556E-7));
#4780=DIRECTION('ref_axis',(0.707106780844371,0.707106781528197,-8.63646161260246E-7));
#4781=DIRECTION('',(-2.38590389208072E-8,1.2452391527422E-6,0.999999999999224));
#4782=DIRECTION('center_axis',(-0.707106781528724,0.707106780843802,-8.97387936898556E-7));
#4783=DIRECTION('ref_axis',(-0.707106780844371,-0.707106781528197,8.63646161323771E-7));
#4784=DIRECTION('center_axis',(-4.83910737795913E-10,0.999999999999225,
-1.24523915275374E-6));
#4785=DIRECTION('ref_axis',(1.,4.83940448004949E-10,2.38590383182041E-8));
#4786=DIRECTION('center_axis',(4.83910737795913E-10,-0.999999999999225,
1.24523915275374E-6));
#4787=DIRECTION('ref_axis',(-1.,-4.83940448004949E-10,-2.38590383182041E-8));
#4788=DIRECTION('',(-2.38590390866706E-8,1.2452391527422E-6,0.999999999999224));
#4789=DIRECTION('center_axis',(4.83910737795913E-10,-0.999999999999225,
1.24523915275374E-6));
#4790=DIRECTION('ref_axis',(0.11764703513018,1.23664848817347E-6,0.993055474343477));
#4791=DIRECTION('center_axis',(-4.83910737795913E-10,0.999999999999225,
-1.24523915275374E-6));
#4792=DIRECTION('ref_axis',(-1.,-4.83940448004949E-10,-2.38590383182041E-8));
#4793=DIRECTION('',(-4.83910737795913E-10,0.999999999999225,-1.24523915275374E-6));
#4794=DIRECTION('center_axis',(-1.,-4.83940448005177E-10,-2.38590385019011E-8));
#4795=DIRECTION('ref_axis',(-2.38590391045042E-8,1.2452391527422E-6,0.999999999999224));
#4796=DIRECTION('',(2.38590390866706E-8,-1.2452391527422E-6,-0.999999999999224));
#4797=DIRECTION('',(4.83910737795913E-10,-0.999999999999225,1.24523915275374E-6));
#4798=DIRECTION('',(2.38590392882012E-8,-1.2452391527422E-6,-0.999999999999224));
#4799=DIRECTION('',(-2.38590391045042E-8,1.2452391527422E-6,0.999999999999224));
#4800=DIRECTION('',(4.83913044182874E-10,-0.99999999999934,1.14857193352452E-6));
#4801=DIRECTION('',(1.72130657064665E-8,-0.707107627526075,-0.707105934846006));
#4802=DIRECTION('',(-2.38590391045042E-8,1.2452391527422E-6,0.999999999999224));
#4803=DIRECTION('',(-4.83910737795913E-10,0.999999999999225,-1.24523915275374E-6));
#4804=DIRECTION('',(-2.38590390170132E-8,1.2452391527422E-6,0.999999999999224));
#4805=DIRECTION('center_axis',(-2.38590389208072E-8,1.2452391527422E-6,
0.999999999999224));
#4806=DIRECTION('ref_axis',(-0.382683431918015,-0.923879532695766,1.14132050749374E-6));
#4807=DIRECTION('center_axis',(4.83910737795913E-10,-0.999999999999225,
1.24523915275374E-6));
#4808=DIRECTION('ref_axis',(-2.38590391045042E-8,1.2452391527422E-6,0.999999999999224));
#4809=DIRECTION('center_axis',(-1.,-4.83940448005406E-10,-2.38590386855981E-8));
#4810=DIRECTION('ref_axis',(-2.38590392882012E-8,1.2452391527422E-6,0.999999999999224));
#4811=DIRECTION('',(-2.38590392882012E-8,1.2452391527422E-6,0.999999999999224));
#4812=DIRECTION('',(4.83910766835084E-10,-0.999999999999225,1.24523915275374E-6));
#4813=DIRECTION('',(2.38590397081648E-8,-1.2452391527422E-6,-0.999999999999224));
#4814=DIRECTION('',(-4.83910737795913E-10,0.999999999999225,-1.24523915275374E-6));
#4815=DIRECTION('center_axis',(-1.,-4.83940448005406E-10,-2.38590386855981E-8));
#4816=DIRECTION('ref_axis',(-2.38590392882012E-8,1.2452391527422E-6,0.999999999999224));
#4817=DIRECTION('',(-2.385904001146E-8,1.2452391527422E-6,0.999999999999224));
#4818=DIRECTION('',(4.83910756710234E-10,-0.999999999999225,1.24523915275374E-6));
#4819=DIRECTION('',(2.38590392882012E-8,-1.2452391527422E-6,-0.999999999999224));
#4820=DIRECTION('',(-4.83910737795913E-10,0.999999999999225,-1.24523915275374E-6));
#4821=DIRECTION('center_axis',(4.83910737795913E-10,-0.999999999999225,
1.24523915275374E-6));
#4822=DIRECTION('ref_axis',(-2.38590399563134E-8,1.2452391527422E-6,0.999999999999224));
#4823=DIRECTION('',(-2.38590389208072E-8,1.2452391527422E-6,0.999999999999224));
#4824=DIRECTION('',(-1.,-4.83940448005406E-10,-2.38590386855981E-8));
#4825=DIRECTION('',(1.,4.83940448005406E-10,2.38590386855981E-8));
#4826=DIRECTION('center_axis',(-2.38590392882012E-8,1.2452391527422E-6,
0.999999999999224));
#4827=DIRECTION('ref_axis',(-4.83910737795913E-10,0.999999999999225,-1.24523915275374E-6));
#4828=DIRECTION('',(-4.83910737795913E-10,0.999999999999225,-1.24523915275374E-6));
#4829=DIRECTION('',(-1.,-4.83940448005406E-10,-2.38590386855981E-8));
#4830=DIRECTION('center_axis',(-4.83910737795913E-10,0.999999999999225,
-1.24523915275374E-6));
#4831=DIRECTION('ref_axis',(2.38590397081648E-8,-1.2452391527422E-6,-0.999999999999224));
#4832=DIRECTION('',(2.38590389208072E-8,-1.2452391527422E-6,-0.999999999999224));
#4833=DIRECTION('',(-1.,-4.83940448005406E-10,-2.38590386855981E-8));
#4834=DIRECTION('center_axis',(2.38590392882012E-8,-1.2452391527422E-6,
-0.999999999999224));
#4835=DIRECTION('ref_axis',(4.83910766835084E-10,-0.999999999999225,1.24523915275374E-6));
#4836=DIRECTION('',(4.83910737795913E-10,-0.999999999999225,1.24523915275374E-6));
#4837=DIRECTION('center_axis',(4.83910737795913E-10,-0.999999999999225,
1.24523915275374E-6));
#4838=DIRECTION('ref_axis',(-2.385904001146E-8,1.2452391527422E-6,0.999999999999224));
#4839=DIRECTION('',(-2.38590389208072E-8,1.2452391527422E-6,0.999999999999224));
#4840=DIRECTION('',(-1.,-4.83940448005406E-10,-2.38590386855981E-8));
#4841=DIRECTION('',(-1.,-4.83940448005406E-10,-2.38590386855981E-8));
#4842=DIRECTION('center_axis',(-2.38590392882012E-8,1.2452391527422E-6,
0.999999999999224));
#4843=DIRECTION('ref_axis',(-4.83910737795913E-10,0.999999999999225,-1.24523915275374E-6));
#4844=DIRECTION('',(-4.83910737795913E-10,0.999999999999225,-1.24523915275374E-6));
#4845=DIRECTION('',(-1.,-4.83940448005406E-10,-2.38590386855981E-8));
#4846=DIRECTION('center_axis',(-4.83910737795913E-10,0.999999999999225,
-1.24523915275374E-6));
#4847=DIRECTION('ref_axis',(2.38590397908998E-8,-1.2452391527422E-6,-0.999999999999224));
#4848=DIRECTION('',(-2.38590389208072E-8,1.2452391527422E-6,0.999999999999224));
#4849=DIRECTION('',(1.,4.83940448005406E-10,2.38590386855981E-8));
#4850=DIRECTION('center_axis',(2.38590392882012E-8,-1.2452391527422E-6,
-0.999999999999224));
#4851=DIRECTION('ref_axis',(4.83910756710234E-10,-0.999999999999225,1.24523915275374E-6));
#4852=DIRECTION('',(4.83910737795913E-10,-0.999999999999225,1.24523915275374E-6));
#4853=DIRECTION('center_axis',(-4.83910737795913E-10,0.999999999999225,
-1.24523915275374E-6));
#4854=DIRECTION('ref_axis',(2.38590391045042E-8,-1.2452391527422E-6,-0.999999999999224));
#4855=DIRECTION('',(-1.,-4.83940448004949E-10,-2.38590383182041E-8));
#4856=DIRECTION('center_axis',(1.,4.83940448005406E-10,2.38590386855981E-8));
#4857=DIRECTION('ref_axis',(2.38590392882012E-8,-1.2452391527422E-6,-0.999999999999224));
#4858=DIRECTION('',(2.38590389208072E-8,-1.2452391527422E-6,-0.999999999999224));
#4859=DIRECTION('',(-4.83910737795913E-10,0.999999999999225,-1.24523915275374E-6));
#4860=DIRECTION('',(2.38590392882012E-8,-1.2452391527422E-6,-0.999999999999224));
#4861=DIRECTION('center_axis',(-2.38590389208072E-8,1.2452391527422E-6,
0.999999999999224));
#4862=DIRECTION('ref_axis',(-1.,-4.83938549183429E-10,-2.38590383182064E-8));
#4863=DIRECTION('center_axis',(-2.38590389208072E-8,1.2452391527422E-6,
0.999999999999224));
#4864=DIRECTION('ref_axis',(1.,4.83940448004949E-10,2.38590383182041E-8));
#4865=DIRECTION('center_axis',(1.,4.83942250782467E-10,2.38590383182019E-8));
#4866=DIRECTION('ref_axis',(4.83912540573431E-10,-0.999999999999225,1.24523915275374E-6));
#4867=DIRECTION('',(-4.83912540573431E-10,0.999999999999225,-1.24523915275374E-6));
#4868=DIRECTION('',(2.38590389208072E-8,-1.2452391527422E-6,-0.999999999999224));
#4869=DIRECTION('',(-4.83912540573431E-10,0.999999999999225,-1.24523915275374E-6));
#4870=DIRECTION('',(-2.38590389208072E-8,1.2452391527422E-6,0.999999999999224));
#4871=DIRECTION('center_axis',(0.499999999580921,0.866025404025737,-1.06647922091265E-6));
#4872=DIRECTION('ref_axis',(0.866025404026393,-0.499999999580508,6.43282109670304E-7));
#4873=DIRECTION('',(-0.866025404026393,0.499999999580508,-6.43282109670304E-7));
#4874=DIRECTION('',(-0.866025404026393,0.499999999580508,-6.43282109670304E-7));
#4875=DIRECTION('center_axis',(1.,4.83940448004949E-10,2.38590383182041E-8));
#4876=DIRECTION('ref_axis',(-2.38590389174791E-8,1.23836169117899E-6,0.999999999999233));
#4877=DIRECTION('',(2.38590389208072E-8,-1.2452391527422E-6,-0.999999999999224));
#4878=DIRECTION('',(4.83910737795913E-10,-0.999999999999225,1.24523915275374E-6));
#4879=DIRECTION('',(-2.38590389208072E-8,1.2452391527422E-6,0.999999999999224));
#4880=DIRECTION('',(4.83910737795913E-10,-0.999999999999225,1.24523915275374E-6));
#4881=DIRECTION('center_axis',(0.707106798057436,-8.80174851530524E-7,-0.707106764315111));
#4882=DIRECTION('ref_axis',(0.707106764315659,8.80859246675474E-7,0.707106798056887));
#4883=DIRECTION('',(-0.707106764315659,-8.80859246675474E-7,-0.707106798056887));
#4884=DIRECTION('',(0.707106764315659,8.80859246675474E-7,0.707106798056887));
#4885=DIRECTION('',(4.83910737795913E-10,-0.999999999999225,1.24523915275374E-6));
#4886=DIRECTION('center_axis',(1.,4.83940448004949E-10,2.38590383182041E-8));
#4887=DIRECTION('ref_axis',(-2.38590389208072E-8,1.2452391527422E-6,0.999999999999224));
#4888=DIRECTION('',(2.38590389208072E-8,-1.2452391527422E-6,-0.999999999999224));
#4889=DIRECTION('',(-2.38590389208072E-8,1.2452391527422E-6,0.999999999999224));
#4890=DIRECTION('',(4.83910737795913E-10,-0.999999999999225,1.24523915275374E-6));
#4891=DIRECTION('center_axis',(0.707106764315659,8.80859246675473E-7,0.707106798056887));
#4892=DIRECTION('ref_axis',(-0.707106798057435,8.80174851530525E-7,0.707106764315112));
#4893=DIRECTION('',(0.707106798057435,-8.80174851530525E-7,-0.707106764315112));
#4894=DIRECTION('',(-0.707106798057435,8.80174851530525E-7,0.707106764315112));
#4895=DIRECTION('center_axis',(0.707106764315659,8.80859246675474E-7,0.707106798056887));
#4896=DIRECTION('ref_axis',(-0.707106798057436,8.85037951239217E-7,0.707106764315105));
#4897=DIRECTION('',(0.707106798057436,-8.80174851530524E-7,-0.707106764315111));
#4898=DIRECTION('',(-4.83910737795913E-10,0.999999999999225,-1.24523915275374E-6));
#4899=DIRECTION('',(-0.707106798057436,8.80174851530524E-7,0.707106764315111));
#4900=DIRECTION('center_axis',(-1.72130573841375E-8,0.707107989115887,0.707105573255144));
#4901=DIRECTION('ref_axis',(1.,4.83940448005406E-10,2.38590386855981E-8));
#4902=DIRECTION('',(1.,4.83940448005406E-10,2.38590386855981E-8));
#4903=DIRECTION('',(0.281084501984426,-0.678597210004048,0.67859953530701));
#4904=DIRECTION('',(-1.,-4.83940448005406E-10,-2.38590386855981E-8));
#4905=DIRECTION('center_axis',(4.83910737795913E-10,-0.999999999999225,
1.24523915275374E-6));
#4906=DIRECTION('ref_axis',(1.,4.83940448004949E-10,2.38590383182041E-8));
#4907=DIRECTION('center_axis',(-4.83910737795913E-10,0.999999999999225,
-1.24523915275374E-6));
#4908=DIRECTION('ref_axis',(1.,4.83940448004949E-10,2.38590383182041E-8));
#4909=DIRECTION('center_axis',(-4.83910737795913E-10,0.999999999999225,
-1.24523915275374E-6));
#4910=DIRECTION('ref_axis',(1.,4.83940448004949E-10,2.38590383182041E-8));
#4911=DIRECTION('center_axis',(1.,4.83940448004949E-10,2.38590383182041E-8));
#4912=DIRECTION('ref_axis',(2.38590389208072E-8,-1.2452391527422E-6,-0.999999999999224));
#4913=DIRECTION('',(-2.38590389208072E-8,1.2452391527422E-6,0.999999999999224));
#4914=DIRECTION('',(2.38590389208072E-8,-1.2452391527422E-6,-0.999999999999224));
#4915=DIRECTION('center_axis',(0.707106798057435,-8.80174851530525E-7,-0.707106764315112));
#4916=DIRECTION('ref_axis',(0.707106764315659,8.75996146966781E-7,0.707106798056893));
#4917=DIRECTION('',(-4.83910737795913E-10,0.999999999999225,-1.24523915275374E-6));
#4918=DIRECTION('',(-0.707106764315659,-8.80859246675474E-7,-0.707106798056887));
#4919=DIRECTION('',(0.707106764315659,8.80859246675474E-7,0.707106798056887));
#4920=DIRECTION('',(-4.83910737795913E-10,0.999999999999225,-1.24523915275374E-6));
#4921=DIRECTION('center_axis',(-4.83910737795913E-10,0.999999999999225,
-1.24523915275374E-6));
#4922=DIRECTION('ref_axis',(0.11764703513018,1.23664848817347E-6,0.993055474343477));
#4923=DIRECTION('',(-4.83910737795913E-10,0.999999999999225,-1.24523915275374E-6));
#4924=DIRECTION('',(4.83910737795913E-10,-0.999999999999225,1.24523915275374E-6));
#4925=DIRECTION('center_axis',(4.83910737795913E-10,-0.999999999999225,
1.24523915275374E-6));
#4926=DIRECTION('ref_axis',(0.11764703513018,1.23664848817347E-6,0.993055474343477));
#4927=DIRECTION('center_axis',(-4.83910737795913E-10,0.999999999999225,
-1.24523915275374E-6));
#4928=DIRECTION('ref_axis',(-1.,-4.83940448004949E-10,-2.38590383182041E-8));
#4929=DIRECTION('',(-4.83910737795913E-10,0.999999999999225,-1.24523915275374E-6));
#4930=DIRECTION('center_axis',(4.83910737795913E-10,-0.999999999999225,
1.24523915275374E-6));
#4931=DIRECTION('ref_axis',(-1.,-4.83940448004949E-10,-2.38590383182041E-8));
#4932=DIRECTION('center_axis',(1.,4.83940448004949E-10,2.38590383182041E-8));
#4933=DIRECTION('ref_axis',(-2.38590389208072E-8,1.2452391527422E-6,0.999999999999224));
#4934=DIRECTION('',(4.83910737795913E-10,-0.999999999999225,1.24523915275374E-6));
#4935=DIRECTION('',(-2.38590389208072E-8,1.2452391527422E-6,0.999999999999224));
#4936=DIRECTION('',(4.83910737795913E-10,-0.999999999999225,1.24523915275374E-6));
#4937=DIRECTION('center_axis',(0.707106764315659,8.80859246675474E-7,0.707106798056887));
#4938=DIRECTION('ref_axis',(-0.707106798057435,8.80174851530524E-7,0.707106764315111));
#4939=DIRECTION('',(-0.707106798057435,8.80174851530524E-7,0.707106764315111));
#4940=DIRECTION('',(-4.83910737795913E-10,0.999999999999225,-1.24523915275374E-6));
#4941=DIRECTION('center_axis',(0.707106798057436,-8.80174851530524E-7,-0.707106764315111));
#4942=DIRECTION('ref_axis',(0.707106764315659,8.80859246675474E-7,0.707106798056887));
#4943=DIRECTION('',(0.707106764315659,8.80859246675474E-7,0.707106798056887));
#4944=DIRECTION('center_axis',(-4.83910737795913E-10,0.999999999999225,
-1.24523915275374E-6));
#4945=DIRECTION('ref_axis',(1.,4.83940448004949E-10,2.38590383182041E-8));
#4946=DIRECTION('center_axis',(4.83910737795913E-10,-0.999999999999225,
1.24523915275374E-6));
#4947=DIRECTION('ref_axis',(0.11764703513018,1.23664848817347E-6,0.993055474343477));
#4948=DIRECTION('center_axis',(4.83910737795913E-10,-0.999999999999225,
1.24523915275374E-6));
#4949=DIRECTION('ref_axis',(-1.,-4.83940448004949E-10,-2.38590383182041E-8));
#4950=DIRECTION('center_axis',(-4.83910737795913E-10,0.999999999999225,
-1.24523915275374E-6));
#4951=DIRECTION('ref_axis',(-0.382683410322212,-1.15063616229192E-6,-0.923879541641029));
#4952=DIRECTION('center_axis',(4.83910737795913E-10,-0.999999999999225,
1.24523915275374E-6));
#4953=DIRECTION('ref_axis',(0.11764703513018,1.23664848817347E-6,0.993055474343477));
#4954=DIRECTION('center_axis',(4.83910737795913E-10,-0.999999999999225,
1.24523915275374E-6));
#4955=DIRECTION('ref_axis',(-1.,-4.83940448004949E-10,-2.38590383182041E-8));
#4956=DIRECTION('center_axis',(4.83910737795913E-10,-0.999999999999225,
1.24523915275374E-6));
#4957=DIRECTION('ref_axis',(-1.,-4.83940448004949E-10,-2.38590383182041E-8));
#4958=DIRECTION('',(2.38590392882012E-8,-1.2452391527422E-6,-0.999999999999224));
#4959=DIRECTION('center_axis',(-4.83910737795913E-10,0.999999999999225,
-1.24523915275374E-6));
#4960=DIRECTION('ref_axis',(-1.,-4.83940448004949E-10,-2.38590383182041E-8));
#4961=DIRECTION('center_axis',(4.83910737795913E-10,-0.999999999999225,
1.24523915275374E-6));
#4962=DIRECTION('ref_axis',(-1.,-4.83940448004949E-10,-2.38590383182041E-8));
#4963=DIRECTION('center_axis',(4.83910737795913E-10,-0.999999999999225,
1.24523915275374E-6));
#4964=DIRECTION('ref_axis',(-2.38590391045042E-8,1.2452391527422E-6,0.999999999999224));
#4965=DIRECTION('',(1.,4.83940448004949E-10,2.38590383182041E-8));
#4966=DIRECTION('center_axis',(-2.38590389208072E-8,1.2452391527422E-6,
0.999999999999224));
#4967=DIRECTION('ref_axis',(-1.,-4.83940448004949E-10,-2.38590383182041E-8));
#4968=DIRECTION('',(0.866025403542483,0.500000000418717,-6.01957043083441E-7));
#4969=DIRECTION('center_axis',(0.500000000419079,-0.866025403541797,1.09033825923086E-6));
#4970=DIRECTION('ref_axis',(-0.866025403542483,-0.500000000418717,6.01957043083441E-7));
#4971=DIRECTION('',(0.866025403542483,0.500000000418717,-6.01957043083441E-7));
#4972=DIRECTION('center_axis',(-2.38590389208072E-8,1.2452391527422E-6,
0.999999999999224));
#4973=DIRECTION('ref_axis',(1.,4.83940448004949E-10,2.38590383182041E-8));
#4974=DIRECTION('center_axis',(2.38590389208072E-8,-1.2452391527422E-6,
-0.999999999999224));
#4975=DIRECTION('ref_axis',(1.,4.83940448004949E-10,2.38590383182041E-8));
#4976=DIRECTION('center_axis',(-2.38590389208072E-8,1.2452391527422E-6,
0.999999999999224));
#4977=DIRECTION('ref_axis',(-1.,-4.83940570469628E-10,-2.38590383182039E-8));
#4978=DIRECTION('center_axis',(4.83910737795913E-10,-0.999999999999225,
1.24523915275374E-6));
#4979=DIRECTION('ref_axis',(2.38590389208072E-8,-1.2452391527422E-6,-0.999999999999224));
#4980=DIRECTION('',(-1.,-4.83940448004949E-10,-2.38590383182041E-8));
#4981=DIRECTION('center_axis',(1.65287109392291E-8,0.707105934846007,-0.707107627526075));
#4982=DIRECTION('ref_axis',(-1.,-4.83940448005163E-10,-2.38590384905774E-8));
#4983=DIRECTION('',(1.,4.83940448005163E-10,2.38590384905774E-8));
#4984=DIRECTION('',(-0.281084641721477,0.678599159218873,0.67859752821223));
#4985=DIRECTION('',(-1.,-4.83940448005163E-10,-2.38590384905774E-8));
#4986=DIRECTION('center_axis',(4.83910737795913E-10,-0.999999999999225,
1.24523915275374E-6));
#4987=DIRECTION('ref_axis',(1.,4.83940448004949E-10,2.38590383182041E-8));
#4988=DIRECTION('center_axis',(-4.83910737795913E-10,0.999999999999225,
-1.24523915275374E-6));
#4989=DIRECTION('ref_axis',(1.,4.83940448004949E-10,2.38590383182041E-8));
#4990=DIRECTION('center_axis',(-4.83910737795913E-10,0.999999999999225,
-1.24523915275374E-6));
#4991=DIRECTION('ref_axis',(1.,4.83940448004949E-10,2.38590383182041E-8));
#4992=DIRECTION('center_axis',(-4.83910737795913E-10,0.999999999999225,
-1.24523915275374E-6));
#4993=DIRECTION('ref_axis',(1.,4.83940448004949E-10,2.38590383182041E-8));
#4994=DIRECTION('center_axis',(4.83910737795913E-10,-0.999999999999225,
1.24523915275374E-6));
#4995=DIRECTION('ref_axis',(-1.,-4.83940448004949E-10,-2.38590383182041E-8));
#4996=DIRECTION('center_axis',(4.83910737795913E-10,-0.999999999999225,
1.24523915275374E-6));
#4997=DIRECTION('ref_axis',(-1.,-4.83940448004949E-10,-2.38590383182041E-8));
#4998=DIRECTION('center_axis',(-4.83910737795913E-10,0.999999999999225,
-1.24523915275374E-6));
#4999=DIRECTION('ref_axis',(-1.,-4.83940448004949E-10,-2.38590383182041E-8));
#5000=DIRECTION('center_axis',(-1.,-4.8394044800519E-10,-2.38590385121502E-8));
#5001=DIRECTION('ref_axis',(4.83910737795913E-10,-0.999999999999225,1.24523915275374E-6));
#5002=DIRECTION('',(-1.,-4.8394044800519E-10,-2.38590385121502E-8));
#5003=DIRECTION('center_axis',(1.,4.83940448004949E-10,2.38590383182041E-8));
#5004=DIRECTION('ref_axis',(4.83910737795913E-10,-0.999999999999225,1.24523915275374E-6));
#5005=DIRECTION('center_axis',(1.,4.83940448004949E-10,2.38590383182041E-8));
#5006=DIRECTION('ref_axis',(4.83910737795913E-10,-0.999999999999225,1.24523915275374E-6));
#5007=DIRECTION('center_axis',(1.,4.83940448004949E-10,2.38590383182041E-8));
#5008=DIRECTION('ref_axis',(4.83910737795913E-10,-0.999999999999225,1.24523915275374E-6));
#5009=DIRECTION('center_axis',(1.,4.83940448004949E-10,2.38590383182041E-8));
#5010=DIRECTION('ref_axis',(4.83910737795913E-10,-0.999999999999225,1.24523915275374E-6));
#5011=DIRECTION('center_axis',(2.38590390464021E-8,-1.14857193351297E-6,
-0.99999999999934));
#5012=DIRECTION('ref_axis',(4.83913044182874E-10,-0.99999999999934,1.14857193352452E-6));
#5013=DIRECTION('center_axis',(-2.38590397363237E-8,2.17130385322035E-6,
0.999999999997642));
#5014=DIRECTION('ref_axis',(-4.83888642781803E-10,0.999999999997643,-2.17130385323189E-6));
#5015=DIRECTION('center_axis',(0.499999994498835,0.707106182975214,-0.500000851498663));
#5016=DIRECTION('ref_axis',(-0.707106764315657,-8.80859246675476E-7,-0.707106798056889));
#5017=DIRECTION('',(-0.707106764315657,-8.80859246675476E-7,-0.707106798056889));
#5018=DIRECTION('',(0.678598339068198,-0.678598681722156,-0.281083836922073));
#5019=DIRECTION('center_axis',(0.499999824021726,0.707107635563485,0.499998967704995));
#5020=DIRECTION('ref_axis',(0.707106798057284,-8.80174851530712E-7,-0.707106764315262));
#5021=DIRECTION('',(0.707106798057284,-8.80174851530712E-7,-0.707106764315262));
#5022=DIRECTION('',(-0.678598218299575,0.678597874330219,-0.28108607769712));
#5023=DIRECTION('center_axis',(-4.83910737795913E-10,0.999999999999225,
-1.24523915275374E-6));
#5024=DIRECTION('ref_axis',(1.,4.83940448004949E-10,2.38590383182041E-8));
#5025=DIRECTION('',(2.38590392882012E-8,-1.2452391527422E-6,-0.999999999999224));
#5026=DIRECTION('center_axis',(-1.,-4.83940448004949E-10,-2.38590383182041E-8));
#5027=DIRECTION('ref_axis',(-2.38590389208072E-8,1.2452391527422E-6,0.999999999999224));
#5028=DIRECTION('',(4.83910737795913E-10,-0.999999999999225,1.24523915275374E-6));
#5029=DIRECTION('',(-2.38590392882012E-8,1.2452391527422E-6,0.999999999999224));
#5030=DIRECTION('center_axis',(-1.,-4.83940448004949E-10,-2.38590383182041E-8));
#5031=DIRECTION('ref_axis',(-2.38590389208072E-8,1.2452391527422E-6,0.999999999999224));
#5032=DIRECTION('',(2.38590392882012E-8,-1.2452391527422E-6,-0.999999999999224));
#5033=DIRECTION('',(4.83910737795913E-10,-0.999999999999225,1.24523915275374E-6));
#5034=DIRECTION('center_axis',(-1.,-4.83940448005177E-10,-2.38590385019011E-8));
#5035=DIRECTION('ref_axis',(-2.38590391045042E-8,1.2452391527422E-6,0.999999999999224));
#5036=DIRECTION('center_axis',(-4.83910737795913E-10,0.999999999999225,
-1.24523915275374E-6));
#5037=DIRECTION('ref_axis',(-1.,-4.83940448004949E-10,-2.38590383182041E-8));
#5038=DIRECTION('center_axis',(2.38590389208072E-8,-1.2452391527422E-6,
-0.999999999999224));
#5039=DIRECTION('ref_axis',(-1.,-4.83940448004949E-10,-2.38590383182041E-8));
#5040=DIRECTION('center_axis',(4.83910737795913E-10,-0.999999999999225,
1.24523915275374E-6));
#5041=DIRECTION('ref_axis',(2.38590392882012E-8,-1.2452391527422E-6,-0.999999999999224));
#5042=DIRECTION('',(2.38590392882012E-8,-1.2452391527422E-6,-0.999999999999224));
#5043=DIRECTION('',(1.,4.83940448004949E-10,2.38590383182041E-8));
#5044=DIRECTION('center_axis',(-1.,-4.83940448004949E-10,-2.38590383182041E-8));
#5045=DIRECTION('ref_axis',(-2.38590389208072E-8,1.2452391527422E-6,0.999999999999224));
#5046=DIRECTION('center_axis',(-1.,-4.83940448004949E-10,-2.38590383182041E-8));
#5047=DIRECTION('ref_axis',(-2.38590389208072E-8,1.2452391527422E-6,0.999999999999224));
#5048=DIRECTION('',(-2.38590392882012E-8,1.2452391527422E-6,0.999999999999224));
#5049=DIRECTION('center_axis',(-4.83910737795913E-10,0.999999999999225,
-1.24523915275374E-6));
#5050=DIRECTION('ref_axis',(-2.38590392882012E-8,1.2452391527422E-6,0.999999999999224));
#5051=DIRECTION('',(1.,4.83940448004949E-10,2.38590383182041E-8));
#5052=DIRECTION('',(-2.38590392882012E-8,1.2452391527422E-6,0.999999999999224));
#5053=DIRECTION('center_axis',(1.,4.83940448005406E-10,2.38590386855982E-8));
#5054=DIRECTION('ref_axis',(4.83910737795913E-10,-0.999999999999225,1.24523915275374E-6));
#5055=DIRECTION('',(4.83910737795913E-10,-0.999999999999225,1.24523915275374E-6));
#5056=DIRECTION('center_axis',(0.707106780844373,0.707106781528194,-8.63646161063981E-7));
#5057=DIRECTION('ref_axis',(2.38590392882012E-8,-1.2452391527422E-6,-0.999999999999224));
#5058=DIRECTION('center_axis',(1.,4.83940448005406E-10,2.38590386855981E-8));
#5059=DIRECTION('ref_axis',(4.83910737795913E-10,-0.999999999999225,1.24523915275374E-6));
#5060=DIRECTION('',(4.83910737795913E-10,-0.999999999999225,1.24523915275374E-6));
#5061=DIRECTION('center_axis',(-2.38590389208072E-8,1.2452391527422E-6,
0.999999999999224));
#5062=DIRECTION('ref_axis',(4.83910737795913E-10,-0.999999999999225,1.24523915275374E-6));
#5063=CARTESIAN_POINT('',(0.,0.,0.));
#5064=CARTESIAN_POINT('Origin',(-8.09999888236047,-50.3953002831768,2.78739562267469));
#5065=CARTESIAN_POINT('',(-8.34999875858218,-44.7391355465618,-2.51522937574659));
#5066=CARTESIAN_POINT('',(-7.84999874655243,-44.9462429501257,-3.01522910591922));
#5067=CARTESIAN_POINT('',(-10.1673388042668,-43.9863664081638,-0.697890354522395));
#5068=CARTESIAN_POINT('',(-7.84999880498991,-47.4462243436457,-0.515241486242095));
#5069=CARTESIAN_POINT('',(-7.8499988780572,-50.5720771984816,2.61061915347221));
#5070=CARTESIAN_POINT('',(-8.34999881701963,-47.2391167482877,-0.0152419478639665));
#5071=CARTESIAN_POINT('',(-8.22315105380403,-47.2916590174558,-0.142089590916274));
#5072=CARTESIAN_POINT('',(-8.34999888666373,-50.218523367872,2.96417209187716));
#5073=CARTESIAN_POINT('Origin',(-8.34999922290884,-44.607608187562,16.9433506176701));
#5074=CARTESIAN_POINT('',(-8.349998812818,-55.9221641815637,-0.0152230943295883));
#5075=CARTESIAN_POINT('',(-8.34999881550538,-50.3684584438549,-0.0152351531122719));
#5076=CARTESIAN_POINT('',(-8.34999895090603,-61.82962268521,5.89226062198676));
#5077=CARTESIAN_POINT('',(-8.34999888032281,-58.8100453132344,2.87267036264046));
#5078=CARTESIAN_POINT('',(-8.3499989845328,-61.8296196249894,7.30165368458599));
#5079=CARTESIAN_POINT('',(-8.3499991566164,-61.8296039644347,14.5141655160999));
#5080=CARTESIAN_POINT('',(-8.34999898611766,-58.5544934137104,7.3016496062706));
#5081=CARTESIAN_POINT('',(-8.34999898752062,-55.6552825507164,7.30164599605972));
#5082=CARTESIAN_POINT('',(-8.34999911972828,-58.5544864403711,12.9016496062663));
#5083=CARTESIAN_POINT('Origin',(-8.34999905292297,-58.5544899270407,10.1016496062684));
#5084=CARTESIAN_POINT('',(-8.34999911814342,-61.8296074656879,12.9016536845752));
#5085=CARTESIAN_POINT('',(-8.3499991231028,-51.5810498304196,12.90164092267));
#5086=CARTESIAN_POINT('',(-8.34999921795273,-61.8295983824911,17.0849450658073));
#5087=CARTESIAN_POINT('',(-8.34999918574356,-61.8296013137033,15.7349671946899));
#5088=CARTESIAN_POINT('',(-8.34999921553329,-66.8296030128037,17.0849559223366));
#5089=CARTESIAN_POINT('',(-8.34999922734017,-42.429606774539,17.0849029425308));
#5090=CARTESIAN_POINT('',(-8.34999932528488,-66.8295972847028,21.68495653597));
#5091=CARTESIAN_POINT('',(-8.34999927040909,-66.8296001487529,19.3849564779715));
#5092=CARTESIAN_POINT('',(-8.34999932770446,-61.8295808180082,21.6849507930915));
#5093=CARTESIAN_POINT('',(-8.34999934096366,-34.4296023110786,21.6849193222452));
#5094=CARTESIAN_POINT('',(-8.3499995639052,-61.8295694473263,31.5847938745311));
#5095=CARTESIAN_POINT('',(-8.34999942194581,-61.8295762812382,25.6348731633209));
#5096=CARTESIAN_POINT('',(-8.34999956978457,-49.6798616332017,31.5847787452392));
#5097=CARTESIAN_POINT('',(-8.34999957881496,-31.0185924681335,31.5847555074962));
#5098=CARTESIAN_POINT('',(-8.34999948449037,-49.6798660848343,28.0098568976859));
#5099=CARTESIAN_POINT('',(-8.34999942698811,-49.6798690859639,25.5997740594793));
#5100=CARTESIAN_POINT('',(-8.34999948720028,-44.0798660848387,28.0098499243467));
#5101=CARTESIAN_POINT('Origin',(-8.34999948584533,-46.8798660848365,28.0098534110163));
#5102=CARTESIAN_POINT('',(-8.34999957249448,-44.079861633206,31.5847717718999));
#5103=CARTESIAN_POINT('',(-8.34999935518225,-44.0798729750582,22.4765999424344));
#5104=CARTESIAN_POINT('',(-8.34999958342808,-21.4855949539512,31.5847436366344));
#5105=CARTESIAN_POINT('',(-8.34999957881496,-31.0185924681335,31.5847555074962));
#5106=CARTESIAN_POINT('',(-8.3499987698348,-21.4856374166088,-2.5152583319129));
#5107=CARTESIAN_POINT('',(-8.34999923409876,-21.4856131859743,16.9433609195592));
#5108=CARTESIAN_POINT('',(-8.34999876522168,-31.018634930791,-2.51524646105115));
#5109=CARTESIAN_POINT('',(-8.34999908314496,-53.204602338833,11.2598253288774));
#5110=CARTESIAN_POINT('Origin',(-8.34999908420956,-51.0046023388347,11.2598225893512));
#5111=CARTESIAN_POINT('',(-8.34999892590313,-34.0874928760297,4.2816155735355));
#5112=CARTESIAN_POINT('Origin',(-8.34999892725808,-31.2874928760319,4.28161208686587));
#5113=CARTESIAN_POINT('',(-8.34999909171018,-35.5046023388467,11.2598032881444));
#5114=CARTESIAN_POINT('Origin',(-8.34999909277478,-33.3046023388484,11.2598005486183));
#5115=CARTESIAN_POINT('Origin',(-4.17499878025231,-46.3879385370521,-1.57352983901641));
#5116=CARTESIAN_POINT('',(1.25344755241841E-6,-44.9462429463268,-3.01522891862577));
#5117=CARTESIAN_POINT('',(-2.08749874655245,-44.946242947337,-3.01522896843151));
#5118=CARTESIAN_POINT('',(1.19501009310241E-6,-47.4462243398468,-0.515241298948643));
#5119=CARTESIAN_POINT('',(1.10579304213321E-6,-51.2629708848572,3.30151475159809));
#5120=CARTESIAN_POINT('',(-6.0124988049899,-47.4462243427564,-0.515241442401111));
#5121=CARTESIAN_POINT('Origin',(-8.09999880954063,-50.3684589865599,-0.265235147146914));
#5122=CARTESIAN_POINT('',(-7.84999880078828,-56.1292720372233,-0.515222632707149));
#5123=CARTESIAN_POINT('',(-7.84999880357587,-50.3684595292649,-0.515235141181565));
#5124=CARTESIAN_POINT('',(-8.349998812818,-55.9221641815637,-0.0152230943295883));
#5125=CARTESIAN_POINT('Origin',(-1.87499876399103,-21.2356377247853,-2.76525848873524));
#5126=CARTESIAN_POINT('',(-3.49999877007677,-20.9856374142621,-2.51525883881615));
#5127=CARTESIAN_POINT('',(-3.49999875790529,-21.4856380368813,-3.01525821619618));
#5128=CARTESIAN_POINT('',(-3.49999879709536,-19.875721452412,-1.40534564118415));
#5129=CARTESIAN_POINT('',(-7.84999875790527,-21.4856380389864,-3.015258319983));
#5130=CARTESIAN_POINT('',(-1.87499875790529,-21.4856380360949,-3.01525817742525));
#5131=CARTESIAN_POINT('',(-8.09999876399101,-21.2356377277978,-2.76525863725776));
#5132=CARTESIAN_POINT('',(-5.43199911334579,-23.9036406345004,-5.43325483700049));
#5133=CARTESIAN_POINT('',(-7.84999877007675,-20.9856374163672,-2.51525894260297));
#5134=CARTESIAN_POINT('',(-3.77772899395985,-16.913362468202,1.5570059588523));
#5135=CARTESIAN_POINT('',(-1.87499877007676,-20.9856374134757,-2.51525880004521));
#5136=CARTESIAN_POINT('Origin',(-3.74999923434165,-20.9856131836999,16.9433995009937));
#5137=CARTESIAN_POINT('',(-7.84999958367004,-20.9855949537097,31.5847430259502));
#5138=CARTESIAN_POINT('',(-7.84999923434071,-20.9856131857327,16.9433603088691));
#5139=CARTESIAN_POINT('',(-6.24999950959769,-20.9855949529354,31.5847430641246));
#5140=CARTESIAN_POINT('',(-5.62499958367004,-20.9855949526329,31.5847430790365));
#5141=CARTESIAN_POINT('',(-6.24999937837297,-20.9856018017508,26.0847429903401));
#5142=CARTESIAN_POINT('',(-6.24999928721634,-20.9856065593522,22.2641103298654));
#5143=CARTESIAN_POINT('',(5.47554674379391E-7,-20.9856018255483,26.0847431394592));
#5144=CARTESIAN_POINT('',(-1.87499944695137,-20.9856017996336,26.0847430947234));
#5145=CARTESIAN_POINT('',(5.77374741350667E-7,-20.9856034087245,24.8348995904591));
#5146=CARTESIAN_POINT('',(6.89512224538724E-7,-20.9856092345264,20.1348995904627));
#5147=CARTESIAN_POINT('',(-4.88173525487104,-20.9856071267237,21.8079460189489));
#5148=CARTESIAN_POINT('Origin',(7.07406503930308E-7,-20.9856101952779,19.3848995904633));
#5149=CARTESIAN_POINT('',(-4.88173519289212,-20.9856132149126,16.9618530371081));
#5150=CARTESIAN_POINT('',(-4.88173515446833,-20.9856123668925,17.5997834952577));
#5151=CARTESIAN_POINT('',(8.37438265399726E-7,-20.9856169818313,13.9348995904675));
#5152=CARTESIAN_POINT('Origin',(7.07406503930308E-7,-20.9856101952779,19.3848995904633));
#5153=CARTESIAN_POINT('',(8.7799147396872E-7,-20.9856190715422,12.2351995904688));
#5154=CARTESIAN_POINT('',(6.89512224538724E-7,-20.9856092345264,20.1348995904627));
#5155=CARTESIAN_POINT('',(-3.49999912200853,-20.985619073236,12.2351995069622));
#5156=CARTESIAN_POINT('',(-1.87499912200852,-20.9856190456275,12.2351995457331));
#5157=CARTESIAN_POINT('',(-3.49999917221033,-20.9856164263062,14.3392995069605));
#5158=CARTESIAN_POINT('Origin',(-8.09999923421973,-21.2356131858535,16.9433606142142));
#5159=CARTESIAN_POINT('',(-13.0152683398323,-26.1509010704327,2.15001682709704));
#5160=CARTESIAN_POINT('',(-8.09999958951094,-21.2355946425178,31.8347433312921));
#5161=CARTESIAN_POINT('',(-12.2123961946177,-25.3479964706367,27.7223516488802));
#5162=CARTESIAN_POINT('',(-5.20560240234148,-18.3412011258235,28.9403426766228));
#5163=CARTESIAN_POINT('Origin',(-8.09999875925692,-31.0186352419798,-2.76524645508621));
#5164=CARTESIAN_POINT('',(-7.84999875329215,-31.0186355531686,-3.01524644912126));
#5165=CARTESIAN_POINT('Origin',(-8.09999915649543,-62.0796039643131,14.5141660648906));
#5166=CARTESIAN_POINT('',(-7.84999894572272,-62.3296231346587,5.68515492744578));
#5167=CARTESIAN_POINT('',(-7.84999898429085,-62.3296196247473,7.30165431913509));
#5168=CARTESIAN_POINT('',(-7.84999915637447,-62.3296039641916,14.5141666136813));
#5169=CARTESIAN_POINT('',(-7.00666933303597,-63.1729492751856,7.30165538940322));
#5170=CARTESIAN_POINT('',(-8.34999895090603,-61.82962268521,5.89226062198676));
#5171=CARTESIAN_POINT('Origin',(-8.09999887601955,-58.986822385645,2.69589405054423));
#5172=CARTESIAN_POINT('',(-7.84999887171629,-59.1635994580554,2.51911773844798));
#5173=CARTESIAN_POINT('Origin',(-8.34999898217454,-66.7029449076256,7.30165975304144));
#5174=CARTESIAN_POINT('',(-4.34999898429084,-62.3296196230535,7.30165440264172));
#5175=CARTESIAN_POINT('',(-4.17499898429084,-62.3296196229688,7.30165440681705));
#5176=CARTESIAN_POINT('',(-4.3499989853918,-60.0544934117734,7.30165156956549));
#5177=CARTESIAN_POINT('',(-4.34999898217454,-66.7029449056898,7.30165984847759));
#5178=CARTESIAN_POINT('',(-4.0499989853918,-60.0544934116282,7.30165157672321));
#5179=CARTESIAN_POINT('',(-5.3499989853918,-60.0544934122573,7.30165154570646));
#5180=CARTESIAN_POINT('',(-4.04999898611767,-58.5544934116294,7.30164970886448));
#5181=CARTESIAN_POINT('',(-4.04999898611767,-58.5544934116294,7.30164970886448));
#5182=CARTESIAN_POINT('',(-8.34999898611767,-58.5544934137104,7.3016496062706));
#5183=CARTESIAN_POINT('Origin',(9.01584450985204E-7,-62.3296092349728,12.0849443052301));
#5184=CARTESIAN_POINT('',(1.05427727492557E-6,-62.3296231308597,5.68515511473922));
#5185=CARTESIAN_POINT('',(-3.92499894572272,-62.3296231327592,5.68515502109251));
#5186=CARTESIAN_POINT('',(9.01584450985204E-7,-62.3296092349728,12.0849443052301));
#5187=CARTESIAN_POINT('',(7.96604401331891E-7,-62.3295996812107,16.4849558810243));
#5188=CARTESIAN_POINT('',(-3.34999909841554,-62.329609236594,12.0849442253024));
#5189=CARTESIAN_POINT('',(9.01584450985204E-7,-62.3296092349728,12.0849443052301));
#5190=CARTESIAN_POINT('',(-7.84999920578122,-62.3295994679044,16.5849441179261));
#5191=CARTESIAN_POINT('',(-3.7624991082574,-62.3296083411308,12.4974442154595));
#5192=CARTESIAN_POINT('',(-7.84999911790146,-62.3296074654457,12.9016543191243));
#5193=CARTESIAN_POINT('',(-7.84999918550161,-62.3296013134602,15.7349682922713));
#5194=CARTESIAN_POINT('',(-4.34999911790146,-62.3296074637519,12.9016544026309));
#5195=CARTESIAN_POINT('',(-4.17499911790147,-62.3296074636672,12.9016544068063));
#5196=CARTESIAN_POINT('',(-4.34999914148795,-62.3296053172525,13.8902306605867));
#5197=CARTESIAN_POINT('Origin',(-3.9249988732555,-59.2294475840415,2.58496624101604));
#5198=CARTESIAN_POINT('',(1.19921172103687E-6,-56.1292720334244,-0.515222445413706));
#5199=CARTESIAN_POINT('',(-3.92499880078827,-56.1292720353238,-0.515222539060423));
#5200=CARTESIAN_POINT('',(1.11797770319111E-6,-59.6044944235594,2.96001477675702));
#5201=CARTESIAN_POINT('Origin',(-7.84999880078827,-56.129272963288,-0.515222632705141));
#5202=CARTESIAN_POINT('',(1.19589717573199E-6,-49.2794611257366,-0.515237318434547));
#5203=CARTESIAN_POINT('Origin',(6.81994924423002E-7,-42.4296032887263,20.8849262933642));
#5204=CARTESIAN_POINT('',(1.04349250185098E-6,-42.1796380619936,-3.0152323637105));
#5205=CARTESIAN_POINT('',(1.03756459424176E-6,-29.929635556076,-3.01524761789324));
#5206=CARTESIAN_POINT('',(1.1400462340827E-6,-42.1796322132818,1.68162584940521));
#5207=CARTESIAN_POINT('',(1.13240418486704E-6,-42.1796318144315,2.00192598207533));
#5208=CARTESIAN_POINT('',(1.14112742255479E-6,-44.413904420635,1.68162863160844));
#5209=CARTESIAN_POINT('',(1.13950183344702E-6,-41.0546297073556,1.68162444850804));
#5210=CARTESIAN_POINT('',(1.01706041921723E-6,-44.4138979453914,6.88162863160439));
#5211=CARTESIAN_POINT('',(8.10401774575809E-7,-44.4138871595656,15.5432786979329));
#5212=CARTESIAN_POINT('',(1.01622118608979E-6,-42.6796257380378,6.88162647202073));
#5213=CARTESIAN_POINT('',(1.01543483010946E-6,-41.054623232112,6.88162444850399));
#5214=CARTESIAN_POINT('',(8.31234898690525E-7,-42.679616083325,14.6349266046851));
#5215=CARTESIAN_POINT('',(7.56675401780704E-7,-42.6796121919526,17.7599266046827));
#5216=CARTESIAN_POINT('',(8.39461373747241E-7,-59.6796060596036,14.6349477737382));
#5217=CARTESIAN_POINT('',(8.3837257747188E-7,-57.4296060596053,14.6349449719501));
#5218=CARTESIAN_POINT('',(8.28724805446157E-7,-59.679605526068,15.0849477737379));
#5219=CARTESIAN_POINT('',(8.70588621193491E-7,-59.6796077110036,13.3303164919664));
#5220=CARTESIAN_POINT('',(8.3247511661888E-7,-67.4296054992399,15.0849574243413));
#5221=CARTESIAN_POINT('',(8.3247511661888E-7,-67.4296054992399,15.0849574243413));
#5222=CARTESIAN_POINT('',(8.89736810338881E-7,-67.4296084878139,12.6849574243432));
#5223=CARTESIAN_POINT('',(8.74338932921326E-7,-67.4296076841755,13.3303261425698));
#5224=CARTESIAN_POINT('',(9.0376190142738E-7,-66.8296092349588,12.0849561215613));
#5225=CARTESIAN_POINT('',(9.9141855114393E-7,-63.0796209454699,8.33495502005417));
#5226=CARTESIAN_POINT('',(8.9800362979009E-7,-54.929615815604,12.0849302830598));
#5227=CARTESIAN_POINT('',(1.09399917291864E-6,-43.3796359450861,-1.31523086942483));
#5228=CARTESIAN_POINT('',(1.21279182530021E-6,-44.749179852796,-1.31522916401513));
#5229=CARTESIAN_POINT('',(1.21189922930309E-6,-42.9046334391594,-1.31523146091653));
#5230=CARTESIAN_POINT('',(1.16136691596935E-6,-46.9491611595778,0.884757621779242));
#5231=CARTESIAN_POINT('',(1.10187327817535E-6,-49.4943263699538,3.42992917084189));
#5232=CARTESIAN_POINT('',(1.16556854612426E-6,-55.6322141078495,0.884776475325602));
#5233=CARTESIAN_POINT('',(1.16027344509995E-6,-44.6894039373844,0.884752715159651));
#5234=CARTESIAN_POINT('',(1.03706551735083E-6,-61.1296224653856,6.3822087060015));
#5235=CARTESIAN_POINT('',(1.12759788672978E-6,-57.256613353819,2.50918277543918));
#5236=CARTESIAN_POINT('',(8.7237294998932E-7,-61.1296064410534,13.2849411542053));
#5237=CARTESIAN_POINT('',(8.60475685149353E-7,-61.1296052800661,13.7835892689862));
#5238=CARTESIAN_POINT('',(8.74840727083104E-7,-66.2296077406731,13.2849545460507));
#5239=CARTESIAN_POINT('',(8.67848697350126E-7,-51.77961484317,13.284916602517));
#5240=CARTESIAN_POINT('',(8.60525270485191E-7,-66.2296069935279,13.8849559300553));
#5241=CARTESIAN_POINT('',(7.84176362733646E-7,-66.2296030087634,17.0849552380503));
#5242=CARTESIAN_POINT('',(8.57936347520294E-7,-60.8796069488285,13.8849492680257));
#5243=CARTESIAN_POINT('',(8.5476673461482E-7,-54.3296094994641,13.8849411117125));
#5244=CARTESIAN_POINT('',(8.68672915821378E-7,-60.879607482364,13.434949268026));
#5245=CARTESIAN_POINT('',(7.74429725347581E-7,-60.8796027991084,17.3849487181704));
#5246=CARTESIAN_POINT('',(8.60446437989104E-7,-43.879617577611,13.434928098973));
#5247=CARTESIAN_POINT('',(8.642088411559E-7,-51.654610024061,13.434937780698));
#5248=CARTESIAN_POINT('',(9.88171032223484E-7,-43.8796242437499,8.08162796630679));
#5249=CARTESIAN_POINT('',(7.71571518343173E-7,-43.8796129390952,17.1599280989701));
#5250=CARTESIAN_POINT('',(9.89010264795809E-7,-45.6138964511035,8.08163012589044));
#5251=CARTESIAN_POINT('',(9.87820199527256E-7,-43.1546217378234,8.08162706350529));
#5252=CARTESIAN_POINT('',(1.17033896240848E-6,-45.6139059149211,0.481630125896348));
#5253=CARTESIAN_POINT('',(8.36273049698022E-7,-45.6138884795182,14.4832801922207));
#5254=CARTESIAN_POINT('',(1.10960850896458E-6,-43.3796337075679,0.481627343693116));
#5255=CARTESIAN_POINT('',(1.16956851314853E-6,-44.0217673053178,0.481628143303015));
#5256=CARTESIAN_POINT('',(9.25856210032272E-7,-43.3796210040737,10.6832774100204));
#5257=CARTESIAN_POINT('Origin',(1.2401319687827E-6,-17.4296380620127,-3.01526318337952));
#5258=CARTESIAN_POINT('',(-3.49999875469019,-28.1296380636983,-3.01524994282723));
#5259=CARTESIAN_POINT('',(-3.49999875735775,-22.6171380637025,-3.01525680720806));
#5260=CARTESIAN_POINT('',(1.24530981304716E-6,-28.1296380620045,-3.01524985932059));
#5261=CARTESIAN_POINT('',(1.24530981249205E-6,-28.1296380620044,-3.01524985932059));
#5262=CARTESIAN_POINT('',(1.06084700135511E-6,-37.1796380619974,-3.01523858990627));
#5263=CARTESIAN_POINT('',(1.24618085406425E-6,-29.929635556076,-3.01524761789323));
#5264=CARTESIAN_POINT('Origin',(1.25089898217468E-6,-39.6796380619955,-3.01523547680837));
#5265=CARTESIAN_POINT('Origin',(1.09399917291864E-6,-43.3796359450861,-1.31523086942483));
#5266=CARTESIAN_POINT('',(-0.599998906000827,-43.3796359453764,-1.31523088374025));
#5267=CARTESIAN_POINT('',(1.09399917291864E-6,-43.3796359450861,-1.31523086942483));
#5268=CARTESIAN_POINT('',(-0.599998802067238,-44.7491798530864,-1.31522917833055));
#5269=CARTESIAN_POINT('',(-0.599998824834018,-44.4491795752673,-1.31522955190265));
#5270=CARTESIAN_POINT('',(1.13498653253608E-6,-44.749179852796,-1.31522916401513));
#5271=CARTESIAN_POINT('Origin',(1.10960850896458E-6,-43.3796337075679,0.481627343693116));
#5272=CARTESIAN_POINT('',(-0.599998890391491,-43.3796337078582,0.481627329377696));
#5273=CARTESIAN_POINT('',(1.10960850896458E-6,-43.3796337075679,0.481627343693116));
#5274=CARTESIAN_POINT('',(-0.599998906000827,-43.3796359453764,-1.31523088374025));
#5275=CARTESIAN_POINT('Origin',(1.17033896240848E-6,-45.6139059149211,0.481630125896348));
#5276=CARTESIAN_POINT('',(-0.599998829661038,-45.6139059152114,0.481630111580928));
#5277=CARTESIAN_POINT('',(1.17033896240848E-6,-45.6139059149211,0.481630125896348));
#5278=CARTESIAN_POINT('',(-0.599998890391491,-43.3796337078582,0.481627329377696));
#5279=CARTESIAN_POINT('Origin',(9.89010264795809E-7,-45.6138964511035,8.08163012589044));
#5280=CARTESIAN_POINT('',(-0.599999010989735,-45.6138964513939,8.08163011157502));
#5281=CARTESIAN_POINT('',(9.89010264795809E-7,-45.6138964511035,8.08163012589044));
#5282=CARTESIAN_POINT('',(-0.599998829661038,-45.6139059152114,0.481630111580928));
#5283=CARTESIAN_POINT('Origin',(9.88171032223484E-7,-43.8796242437499,8.08162796630679));
#5284=CARTESIAN_POINT('',(-0.599999011828968,-43.8796242440403,8.08162795199137));
#5285=CARTESIAN_POINT('',(9.88171032223484E-7,-43.8796242437499,8.08162796630679));
#5286=CARTESIAN_POINT('',(-0.599999010989735,-45.6138964513939,8.08163011157502));
#5287=CARTESIAN_POINT('Origin',(8.60446437989104E-7,-43.879617577611,13.434928098973));
#5288=CARTESIAN_POINT('',(-0.599999139553562,-43.8796175779014,13.4349280846576));
#5289=CARTESIAN_POINT('',(8.60446437989104E-7,-43.879617577611,13.434928098973));
#5290=CARTESIAN_POINT('',(-0.599999011828968,-43.8796242440403,8.08162795199137));
#5291=CARTESIAN_POINT('Origin',(8.68672915821378E-7,-60.879607482364,13.434949268026));
#5292=CARTESIAN_POINT('',(-0.599999131327084,-60.8796074826544,13.4349492537106));
#5293=CARTESIAN_POINT('',(8.68672915821378E-7,-60.879607482364,13.434949268026));
#5294=CARTESIAN_POINT('',(-0.599999139553562,-43.8796175779014,13.4349280846576));
#5295=CARTESIAN_POINT('Origin',(8.57936347520294E-7,-60.8796069488285,13.8849492680257));
#5296=CARTESIAN_POINT('',(-0.599999142063652,-60.8796069491188,13.8849492537103));
#5297=CARTESIAN_POINT('',(8.57936347520294E-7,-60.8796069488285,13.8849492680257));
#5298=CARTESIAN_POINT('',(-0.599999131327084,-60.8796074826544,13.4349492537106));
#5299=CARTESIAN_POINT('Origin',(8.60525270485191E-7,-66.2296069935279,13.8849559300553));
#5300=CARTESIAN_POINT('',(-0.599999139474729,-66.2296069938182,13.8849559157398));
#5301=CARTESIAN_POINT('',(8.60525270485191E-7,-66.2296069935279,13.8849559300553));
#5302=CARTESIAN_POINT('',(-0.599999142063652,-60.8796069491188,13.8849492537103));
#5303=CARTESIAN_POINT('Origin',(8.74840727083104E-7,-66.2296077406731,13.2849545460507));
#5304=CARTESIAN_POINT('',(-0.599999125159273,-66.2296077409634,13.2849545317353));
#5305=CARTESIAN_POINT('',(8.74840727083104E-7,-66.2296077406731,13.2849545460507));
#5306=CARTESIAN_POINT('',(-0.599999139474729,-66.2296069938182,13.8849559157398));
#5307=CARTESIAN_POINT('Origin',(8.7237294998932E-7,-61.1296064410534,13.2849411542053));
#5308=CARTESIAN_POINT('',(-0.59999912762705,-61.1296064413437,13.2849411398899));
#5309=CARTESIAN_POINT('',(8.7237294998932E-7,-61.1296064410534,13.2849411542053));
#5310=CARTESIAN_POINT('',(-0.599999125159273,-66.2296077409634,13.2849545317353));
#5311=CARTESIAN_POINT('Origin',(1.02990780570522E-6,-61.1296218139945,6.68220870600078));
#5312=CARTESIAN_POINT('',(-0.599998962934482,-61.129622465676,6.38220869168608));
#5313=CARTESIAN_POINT('',(1.03706551735083E-6,-61.1296224653856,6.3822087060015));
#5314=CARTESIAN_POINT('',(-0.59999912762705,-61.1296064413437,13.2849411398899));
#5315=CARTESIAN_POINT('Origin',(1.16556854612426E-6,-55.6322141078495,0.884776475325602));
#5316=CARTESIAN_POINT('',(-0.599998834431454,-55.6322141081398,0.884776461010182));
#5317=CARTESIAN_POINT('',(1.16556854612426E-6,-55.6322141078495,0.884776475325602));
#5318=CARTESIAN_POINT('',(-0.599998962934482,-61.129622465676,6.38220869168608));
#5319=CARTESIAN_POINT('Origin',(1.16136691596935E-6,-46.9491611595778,0.884757621779242));
#5320=CARTESIAN_POINT('',(-0.599998838633084,-46.9491611598682,0.884757607463813));
#5321=CARTESIAN_POINT('',(1.16136691596935E-6,-46.9491611595778,0.884757621779242));
#5322=CARTESIAN_POINT('',(-0.599998834431454,-55.6322141081398,0.884776461010182));
#5323=CARTESIAN_POINT('Origin',(1.18232369339388E-6,-44.4491802263681,-1.6152295375865));
#5324=CARTESIAN_POINT('',(-0.599998838633084,-46.9491611598682,0.884757607463813));
#5325=CARTESIAN_POINT('Origin',(-0.59999896367282,-54.8046214695973,6.28486251599979));
#5326=CARTESIAN_POINT('',(-0.599999059609308,-57.0544899232913,10.1016479233172));
#5327=CARTESIAN_POINT('Origin',(-0.599999052922982,-58.5544899232902,10.101649791176));
#5328=CARTESIAN_POINT('',(-0.599999083386922,-52.7046023350828,11.2598248911653));
#5329=CARTESIAN_POINT('Origin',(-0.59999908420957,-51.0046023350841,11.2598227742588));
#5330=CARTESIAN_POINT('Origin',(-8.09999908420957,-51.0046023387137,11.259822595316));
#5331=CARTESIAN_POINT('',(-7.84999908338693,-52.7046023385914,11.2598247181873));
#5332=CARTESIAN_POINT('',(-8.09999908326595,-52.9546023387122,11.2598250235323));
#5333=CARTESIAN_POINT('Origin',(-7.84999908420958,-51.0046023385927,11.2598226012808));
#5334=CARTESIAN_POINT('Origin',(9.16138780393538E-7,-51.0046023347938,11.2598227885742));
#5335=CARTESIAN_POINT('',(9.16961428647791E-7,-52.7046023347925,11.2598249054808));
#5336=CARTESIAN_POINT('Origin',(-8.09999909277479,-33.3046023387274,11.259800554583));
#5337=CARTESIAN_POINT('',(-7.84999909195214,-35.0046023386051,11.2598026774543));
#5338=CARTESIAN_POINT('',(-8.09999909183116,-35.2546023387259,11.2598029827994));
#5339=CARTESIAN_POINT('Origin',(-7.84999909277479,-33.3046023386064,11.2598005605478));
#5340=CARTESIAN_POINT('Origin',(4.89992689756136E-7,-33.3046023348075,11.2598007478412));
#5341=CARTESIAN_POINT('',(-0.599999091952143,-35.0046023350965,11.2598028504324));
#5342=CARTESIAN_POINT('Origin',(-0.599999092774791,-33.3046023350979,11.2598007335258));
#5343=CARTESIAN_POINT('',(4.90815338010389E-7,-35.0046023348062,11.2598028647478));
#5344=CARTESIAN_POINT('Origin',(-3.49999904732727,-27.8046227987372,9.24340799825026));
#5345=CARTESIAN_POINT('',(-3.49999911855147,-28.1296190732304,12.2352084029507));
#5346=CARTESIAN_POINT('',(-3.49999912068672,-23.7171190732338,12.2352029083329));
#5347=CARTESIAN_POINT('',(-3.49999909200709,-28.1296204586212,11.1226584029515));
#5348=CARTESIAN_POINT('Origin',(-5.62499958951382,-21.235594641323,31.8347433903461));
#5349=CARTESIAN_POINT('',(-7.84999959535182,-21.4855943310897,32.0847436485694));
#5350=CARTESIAN_POINT('',(-6.05700005156709,-23.2785916832037,33.8777455097568));
#5351=CARTESIAN_POINT('',(-6.24999952128525,-21.4855943303154,32.0847436867438));
#5352=CARTESIAN_POINT('',(-5.6249995953576,-21.485594330013,32.0847437016557));
#5353=CARTESIAN_POINT('',(-6.24999963564262,-26.3778552776119,36.9770168181252));
#5354=CARTESIAN_POINT('Origin',(-8.09999958477683,-31.0185921567027,31.8347555134637));
#5355=CARTESIAN_POINT('',(-7.84999958441822,-44.0798610103445,32.0847717838349));
#5356=CARTESIAN_POINT('',(-9.11873001604087,-44.0798625908313,30.8160412916718));
#5357=CARTESIAN_POINT('',(-7.8499995907387,-31.0185918452719,32.0847555194311));
#5358=CARTESIAN_POINT('Origin',(-6.24999940203224,-46.0545899368891,27.5848524352725));
#5359=CARTESIAN_POINT('',(-6.24999951823933,-27.7799703650591,32.0847515247473));
#5360=CARTESIAN_POINT('',(-6.24999951632202,-31.7420893452755,32.084756458533));
#5361=CARTESIAN_POINT('',(-6.24999947529308,-27.7799726064887,30.2847522398707));
#5362=CARTESIAN_POINT('',(-6.24999946217152,-27.7799732913225,29.7347906018776));
#5363=CARTESIAN_POINT('',(-6.24999945095013,-28.7799738517271,29.2847534851106));
#5364=CARTESIAN_POINT('',(-6.24999933547608,-33.52361389099,24.5411252597657));
#5365=CARTESIAN_POINT('',(-6.24999944635317,-38.279587820085,29.2847653144019));
#5366=CARTESIAN_POINT('',(-6.24999944726645,-36.3922808359039,29.2847629642533));
#5367=CARTESIAN_POINT('',(-6.24999937000422,-38.2795918048513,26.0847645254936));
#5368=CARTESIAN_POINT('',(-6.24999938551353,-38.2795909953971,26.7348036395159));
#5369=CARTESIAN_POINT('',(-6.24999937141361,-35.3670918048535,26.0847608987346));
#5370=CARTESIAN_POINT('Origin',(-7.49999959732034,-17.4295943577457,32.08473860623));
#5371=CARTESIAN_POINT('',(-4.349999584424,-44.0798610086507,32.0847718673415));
#5372=CARTESIAN_POINT('',(-7.924999584424,-44.0798610103808,32.0847717820454));
#5373=CARTESIAN_POINT('',(-4.3499995817141,-49.6798610086464,32.0847788406807));
#5374=CARTESIAN_POINT('',(-4.34999959097434,-30.5435918435785,32.0847550114491));
#5375=CARTESIAN_POINT('',(-7.84999958170832,-49.6798610103401,32.0847787571741));
#5376=CARTESIAN_POINT('',(-7.92499958171409,-49.6798610103764,32.0847787553847));
#5377=CARTESIAN_POINT('',(-7.84999957582894,-61.8295755516762,32.0847938864744));
#5378=CARTESIAN_POINT('',(-7.8499995907387,-31.0185918452719,32.0847555194311));
#5379=CARTESIAN_POINT('',(4.24165280121791E-7,-61.8295755478773,32.0847940737678));
#5380=CARTESIAN_POINT('',(-3.74999957583472,-61.8295755496921,32.0847939842964));
#5381=CARTESIAN_POINT('',(4.12043322239874E-7,-36.7795881730017,32.0847628805427));
#5382=CARTESIAN_POINT('',(4.11148085577295E-7,-34.9295843303943,32.0847605768455));
#5383=CARTESIAN_POINT('',(-4.84999951388432,-36.7795881753488,32.0847627648264));
#5384=CARTESIAN_POINT('',(-3.74999958403242,-36.7795881748165,32.0847627910714));
#5385=CARTESIAN_POINT('',(-4.84999951823934,-27.7799703643816,32.08475155815));
#5386=CARTESIAN_POINT('',(-4.84999952056156,-22.9810918438263,32.0847455823985));
#5387=CARTESIAN_POINT('',(-5.64999951823934,-27.7799703647688,32.0847515390627));
#5388=CARTESIAN_POINT('Origin',(-0.599999156904416,-42.5296120909049,14.1347690420785));
#5389=CARTESIAN_POINT('',(-0.599999550861563,-39.4795861985398,30.5847662283694));
#5390=CARTESIAN_POINT('',(-0.599999425605339,-39.4795927358506,25.3349226055836));
#5391=CARTESIAN_POINT('',(-0.599999349849155,-39.4795966896798,22.1597660937921));
#5392=CARTESIAN_POINT('',(-0.599999540384903,-61.1295705921482,30.5847931877776));
#5393=CARTESIAN_POINT('',(-0.599999552071337,-36.9795900411506,30.5847631152763));
#5394=CARTESIAN_POINT('',(-0.599999418707778,-61.1295764496738,25.4849597603945));
#5395=CARTESIAN_POINT('',(-0.599999540384903,-61.1295705921482,30.5847931877776));
#5396=CARTESIAN_POINT('',(-0.599999416239609,-66.229593143535,25.4849570408212));
#5397=CARTESIAN_POINT('',(-0.599999418707778,-61.1295764496738,25.4849597603945));
#5398=CARTESIAN_POINT('',(-0.599999401924158,-66.2295936925155,24.8849559157318));
#5399=CARTESIAN_POINT('',(-0.599999416239608,-66.229593143535,25.4849570408212));
#5400=CARTESIAN_POINT('',(-0.599999404513081,-60.8795932514882,24.8849492537018));
#5401=CARTESIAN_POINT('',(-0.599999401924158,-66.2295936925155,24.8849559157318));
#5402=CARTESIAN_POINT('',(-0.599999415249649,-60.8795926643084,25.3349492537014));
#5403=CARTESIAN_POINT('',(-0.599999404513081,-60.8795932514882,24.8849492537018));
#5404=CARTESIAN_POINT('',(-0.599999415249649,-60.8795926643084,25.3349492537014));
#5405=CARTESIAN_POINT('',(-0.599999486571194,-45.3798660810871,28.0098517280651));
#5406=CARTESIAN_POINT('Origin',(-0.599999485845328,-46.879866081086,28.0098535959239));
#5407=CARTESIAN_POINT('Origin',(4.58682035686664E-7,-39.4795866963442,30.1847669578072));
#5408=CARTESIAN_POINT('',(5.74394661279065E-7,-39.4795927355602,25.334922619899));
#5409=CARTESIAN_POINT('',(5.74394661834177E-7,-39.4795927355602,25.334922619899));
#5410=CARTESIAN_POINT('',(4.49138436997565E-7,-39.4795861982494,30.5847662426848));
#5411=CARTESIAN_POINT('',(5.69624710733407E-7,-39.4795924866093,25.5348447888548));
#5412=CARTESIAN_POINT('',(4.49138436997565E-7,-39.4795861982494,30.5847662426848));
#5413=CARTESIAN_POINT('Origin',(7.25042141880294E-7,-57.4296001447193,19.3849449719464));
#5414=CARTESIAN_POINT('',(6.00702741437864E-7,-34.6796042535592,24.1349166427645));
#5415=CARTESIAN_POINT('',(-3.35875657673964,-34.6796059607925,22.7436737732649));
#5416=CARTESIAN_POINT('Origin',(7.14033177584561E-7,-34.6796101416231,19.3849166427682));
#5417=CARTESIAN_POINT('',(6.12800501453847E-7,-59.6795942298316,24.1349477737309));
#5418=CARTESIAN_POINT('',(6.10622906682678E-7,-55.1795942298351,24.1349421701547));
#5419=CARTESIAN_POINT('',(-3.35875656464188,-59.6795959907091,22.7437049042313));
#5420=CARTESIAN_POINT('Origin',(7.26130937600544E-7,-59.6796001447176,19.3849477737345));
#5421=CARTESIAN_POINT('',(-3.35875656681948,-55.1795959907126,22.7436993006552));
#5422=CARTESIAN_POINT('Origin',(4.86890686657304E-7,-37.1795878170612,29.2847640937578));
#5423=CARTESIAN_POINT('',(4.78848613538752E-7,-36.7795916596705,29.2847635956669));
#5424=CARTESIAN_POINT('',(-4.84999944707903,-36.7795916620176,29.2847634799506));
#5425=CARTESIAN_POINT('',(-2.22499948019095,-36.7795916607473,29.2847635425806));
#5426=CARTESIAN_POINT('',(4.79574477907363E-7,-38.2795878170604,29.2847654635209));
#5427=CARTESIAN_POINT('',(4.80312443151831E-7,-39.8045903229863,29.2847673625137));
#5428=CARTESIAN_POINT('',(4.88992689118284E-7,-38.2795878170604,29.2847654635209));
#5429=CARTESIAN_POINT('',(-4.84999945095013,-28.7799738510496,29.2847535185133));
#5430=CARTESIAN_POINT('',(-2.82499948406206,-28.7799738500696,29.2847535668278));
#5431=CARTESIAN_POINT('',(-4.84999944897766,-32.8560903186332,29.2847585942531));
#5432=CARTESIAN_POINT('Origin',(5.71683140826451E-7,-38.2795920508745,25.8847646746127));
#5433=CARTESIAN_POINT('',(5.66911332877673E-7,-38.2795918018266,26.0847646746126));
#5434=CARTESIAN_POINT('',(5.66911332322562E-7,-38.2795918018266,26.0847646746126));
#5435=CARTESIAN_POINT('',(6.20340961376975E-7,-38.2795951638749,23.3848429001141));
#5436=CARTESIAN_POINT('Origin',(5.60330146726074E-7,-24.6795918018372,26.0847477393601));
#5437=CARTESIAN_POINT('',(5.53455478113918E-7,-33.1795938753112,26.0847583238955));
#5438=CARTESIAN_POINT('',(5.53539739045483E-7,-33.3537185640889,26.0847585407224));
#5439=CARTESIAN_POINT('',(-2.29809441238018,-32.227690915281,26.0847570837183));
#5440=CARTESIAN_POINT('Origin',(2.62536402007019E-6,-29.9295938753144,26.0847542768683));
#5441=CARTESIAN_POINT('',(-3.34999863271577,-31.1757866959643,26.0847557487486));
#5442=CARTESIAN_POINT('',(-4.08654798346019,-30.4392373459333,26.0847548139951));
#5443=CARTESIAN_POINT('',(-3.34999856390646,-28.6833968409289,26.0847526451271));
#5444=CARTESIAN_POINT('',(-3.34999852584074,-27.3045917093493,26.084750928185));
#5445=CARTESIAN_POINT('',(-2.298094194744,-27.6314924707492,26.0847513603521));
#5446=CARTESIAN_POINT('',(-0.985596485973734,-26.3189947607096,26.0847497572935));
#5447=CARTESIAN_POINT('',(5.50310056413039E-7,-26.6795895084949,26.0847502298356));
#5448=CARTESIAN_POINT('Origin',(2.84522435778367E-6,-29.9295895084915,26.0847542768629));
#5449=CARTESIAN_POINT('',(5.53636945177516E-7,-33.5545943077574,26.0847587908607));
#5450=CARTESIAN_POINT('Origin',(-3.74999956974906,-62.0795724973921,31.8347976495412));
#5451=CARTESIAN_POINT('',(4.36336590747821E-7,-62.3295694432773,31.5848014042574));
#5452=CARTESIAN_POINT('',(3.77304194554284E-7,-59.9045360107601,34.0098288910555));
#5453=CARTESIAN_POINT('',(-8.09999622305719,-62.0795725067502,31.8347975385016));
#5454=CARTESIAN_POINT('',(-2.19816802734059,-56.1777370435273,37.736618669506));
#5455=CARTESIAN_POINT('',(-7.84999956366341,-62.3295694470762,31.584801216964));
#5456=CARTESIAN_POINT('',(-6.34167715419046,-63.8378935515178,30.0764808459025));
#5457=CARTESIAN_POINT('',(-3.74999956366341,-62.3295694450921,31.584801314786));
#5458=CARTESIAN_POINT('Origin',(4.29178885763548E-7,-62.329569098706,31.8848011404178));
#5459=CARTESIAN_POINT('',(-7.8499993393922,-62.3295802434713,22.1849589475228));
#5460=CARTESIAN_POINT('',(-7.84999942170386,-62.3295762809959,25.6348737495364));
#5461=CARTESIAN_POINT('',(-3.34999944675788,-62.3295750727198,26.6849590548855));
#5462=CARTESIAN_POINT('',(-2.46253896652986,-62.3295740529781,27.5724195774609));
#5463=CARTESIAN_POINT('',(5.53242118783714E-7,-62.3295750710986,26.6849591348133));
#5464=CARTESIAN_POINT('',(5.53242118783714E-7,-62.3295750710986,26.6849591348133));
#5465=CARTESIAN_POINT('',(5.6040174445382E-7,-62.3295754157623,26.3848789292774));
#5466=CARTESIAN_POINT('Origin',(-8.09999942182483,-62.0795762811171,25.6348734564287));
#5467=CARTESIAN_POINT('',(-14.3101492478183,-55.8694264726435,25.6246364872872));
#5468=CARTESIAN_POINT('',(-11.3416752805597,-58.837908232827,18.6932712627738));
#5469=CARTESIAN_POINT('Origin',(-8.09999958477683,-31.0185921567027,31.8347555134637));
#5470=CARTESIAN_POINT('',(-7.55714647873481,-49.6798606455263,32.3776318741218));
#5471=CARTESIAN_POINT('Origin',(-2.82499949623353,-28.2799732274504,29.7847529442079));
#5472=CARTESIAN_POINT('',(-4.84999947529308,-27.7799726058112,30.2847522732733));
#5473=CARTESIAN_POINT('',(-4.84999944971704,-28.8306288438332,29.2340986518847));
#5474=CARTESIAN_POINT('',(-2.824999508405,-27.7799726048312,30.2847523215879));
#5475=CARTESIAN_POINT('Origin',(-4.84999944033326,-28.5325933782167,28.8347524584487));
#5476=CARTESIAN_POINT('',(-4.84999947708249,-27.7799725124192,30.3597515397041));
#5477=CARTESIAN_POINT('',(-4.84999945058838,-36.779591478859,29.4318505224615));
#5478=CARTESIAN_POINT('Origin',(-5.64999951346753,-27.7799706138166,31.8847515390629));
#5479=CARTESIAN_POINT('Origin',(-8.34999948720028,-44.0798660848387,28.0098499243467));
#5480=CARTESIAN_POINT('',(-4.04999948720028,-44.0798660827577,28.0098500269406));
#5481=CARTESIAN_POINT('',(-8.34999948720028,-44.0798660848387,28.0098499243467));
#5482=CARTESIAN_POINT('',(-4.04999952298883,-44.079864214899,29.5098500269394));
#5483=CARTESIAN_POINT('',(-4.04999957726628,-44.0798613820773,31.7847718744994));
#5484=CARTESIAN_POINT('',(-4.34999952298883,-44.0798642150442,29.5098500197817));
#5485=CARTESIAN_POINT('',(-5.34999952298883,-44.0798642155281,29.5098499959226));
#5486=CARTESIAN_POINT('',(-4.34999933816874,-44.0798738610829,21.7635157323715));
#5487=CARTESIAN_POINT('Origin',(-4.04999899790884,-48.9794930344706,7.60163834133816));
#5488=CARTESIAN_POINT('',(-4.04999901732918,-58.4255921490912,8.60719818292505));
#5489=CARTESIAN_POINT('',(-4.04999901720442,-58.6833914227271,8.6071985039468));
#5490=CARTESIAN_POINT('Origin',(-4.04999905292298,-58.5544899249598,10.1016497088623));
#5491=CARTESIAN_POINT('',(-4.04999901799265,-57.054491785911,8.60719591993838));
#5492=CARTESIAN_POINT('',(-4.04999901980128,-53.3169917841162,8.60719182149586));
#5493=CARTESIAN_POINT('',(-4.04999899723848,-57.0544928691024,7.73732975749805));
#5494=CARTESIAN_POINT('',(-4.0499991465209,-57.0544850778283,13.9941793448641));
#5495=CARTESIAN_POINT('Origin',(-4.04999905292298,-58.5544899249598,10.1016497088623));
#5496=CARTESIAN_POINT('',(-4.04999901654092,-60.0544917859087,8.60719965565584));
#5497=CARTESIAN_POINT('',(-4.04999895932505,-60.0544947720912,6.20912007286044));
#5498=CARTESIAN_POINT('',(-4.04999901980128,-53.3169917841162,8.60719182149586));
#5499=CARTESIAN_POINT('Origin',(9.47077017920961E-7,-58.5544899229998,10.1016498054914));
#5500=CARTESIAN_POINT('',(-3.74999905364884,-57.0544899248157,10.1016478481613));
#5501=CARTESIAN_POINT('',(9.46351151814267E-7,-57.054489923001,10.1016479376327));
#5502=CARTESIAN_POINT('',(-3.74999901732918,-58.425592148946,8.60719819008276));
#5503=CARTESIAN_POINT('Origin',(-3.74999905292298,-58.5544899248146,10.10164971602));
#5504=CARTESIAN_POINT('',(9.82670815830033E-7,-58.4255921471312,8.60719827955416));
#5505=CARTESIAN_POINT('',(-3.74999901720443,-58.6833914225819,8.60719851110451));
#5506=CARTESIAN_POINT('',(9.8279556770553E-7,-58.6833914207671,8.60719860057591));
#5507=CARTESIAN_POINT('',(-3.74999905219711,-60.0544899248134,10.1016515838787));
#5508=CARTESIAN_POINT('Origin',(-3.74999905292298,-58.5544899248146,10.10164971602));
#5509=CARTESIAN_POINT('',(-3.74999908871154,-58.5544880569559,11.6016497160188));
#5510=CARTESIAN_POINT('Origin',(-3.74999905292298,-58.5544899248146,10.10164971602));
#5511=CARTESIAN_POINT('Origin',(-3.74999905292298,-58.5544899248146,10.10164971602));
#5512=CARTESIAN_POINT('Origin',(-4.04999901770232,-57.6544917859096,8.60719722272068));
#5513=CARTESIAN_POINT('',(-3.74999901654092,-60.0544917857635,8.60719966281354));
#5514=CARTESIAN_POINT('',(-4.04999901654092,-60.0544917859087,8.60719965565584));
#5515=CARTESIAN_POINT('',(-3.74999901939601,-54.1544917857671,8.60719287154136));
#5516=CARTESIAN_POINT('Origin',(-4.04999901770232,-57.6544917859096,8.60719722272068));
#5517=CARTESIAN_POINT('',(-3.74999901799266,-57.0544917857658,8.60719592709608));
#5518=CARTESIAN_POINT('',(-3.74999901939601,-54.1544917857671,8.60719287154136));
#5519=CARTESIAN_POINT('',(-4.04999901799266,-57.054491785911,8.60719591993838));
#5520=CARTESIAN_POINT('Origin',(4.59615097092581E-7,-61.1295705918579,30.5847932020931));
#5521=CARTESIAN_POINT('',(4.59615097092581E-7,-61.1295705918579,30.5847932020931));
#5522=CARTESIAN_POINT('',(4.55090536366498E-7,-51.7795809009796,30.5847815591198));
#5523=CARTESIAN_POINT('',(4.59615097092581E-7,-61.1295705918579,30.5847932020931));
#5524=CARTESIAN_POINT('Origin',(5.81292222134877E-7,-61.1295764493834,25.4849597747099));
#5525=CARTESIAN_POINT('',(5.81292222134877E-7,-61.1295764493834,25.4849597747099));
#5526=CARTESIAN_POINT('',(6.36168154821704E-7,-61.1295790911058,23.1849537731723));
#5527=CARTESIAN_POINT('',(5.81292222134877E-7,-61.1295764493834,25.4849597747099));
#5528=CARTESIAN_POINT('Origin',(5.83760391137389E-7,-66.2295931432446,25.4849570551366));
#5529=CARTESIAN_POINT('',(5.83760391137389E-7,-66.2295931432446,25.4849570551366));
#5530=CARTESIAN_POINT('',(5.78001351780877E-7,-54.3295994424673,25.4849634007834));
#5531=CARTESIAN_POINT('',(5.83760391137389E-7,-66.2295931432446,25.4849570551366));
#5532=CARTESIAN_POINT('Origin',(5.98075841629075E-7,-66.2295936922251,24.8849559300472));
#5533=CARTESIAN_POINT('',(5.98075841629075E-7,-66.2295936922251,24.8849559300472));
#5534=CARTESIAN_POINT('',(6.45794013265366E-7,-66.2295955221603,22.884951999796));
#5535=CARTESIAN_POINT('',(5.98075841629075E-7,-66.2295936922251,24.8849559300472));
#5536=CARTESIAN_POINT('Origin',(5.95486918664179E-7,-60.8795932511978,24.8849492680172));
#5537=CARTESIAN_POINT('',(5.95486918664179E-7,-60.8795932511978,24.8849492680172));
#5538=CARTESIAN_POINT('',(5.91022843443589E-7,-51.6545957794838,24.8849377806892));
#5539=CARTESIAN_POINT('',(5.95486918664179E-7,-60.8795932511978,24.8849492680172));
#5540=CARTESIAN_POINT('Origin',(5.84750350918206E-7,-60.8795926640181,25.3349492680168));
#5541=CARTESIAN_POINT('',(5.84750350918206E-7,-60.8795926640181,25.3349492680168));
#5542=CARTESIAN_POINT('',(6.37836700123628E-7,-60.8795955672949,23.1099498178716));
#5543=CARTESIAN_POINT('',(5.84750350918206E-7,-60.8795926640181,25.3349492680168));
#5544=CARTESIAN_POINT('Origin',(5.73910750589768E-7,-38.479592735561,25.3349213746599));
#5545=CARTESIAN_POINT('',(5.74866475533398E-7,-40.4545952414865,25.3349238340103));
#5546=CARTESIAN_POINT('Origin',(8.49457411078447E-7,-21.1856175961916,13.4351998395157));
#5547=CARTESIAN_POINT('',(8.49941321767744E-7,-22.1856175961908,13.4352010847549));
#5548=CARTESIAN_POINT('',(8.53398379740966E-7,-29.3296175772487,13.4352099807434));
#5549=CARTESIAN_POINT('',(8.54597509425403E-7,-31.807615080788,13.4352130664429));
#5550=CARTESIAN_POINT('',(-0.599999150058678,-22.1856175964812,13.4352010704394));
#5551=CARTESIAN_POINT('',(8.49941321767744E-7,-22.1856175961908,13.4352010847549));
#5552=CARTESIAN_POINT('',(-0.59999914660162,-29.3296175775391,13.4352099664279));
#5553=CARTESIAN_POINT('',(-0.599999146843575,-28.8296175775395,13.4352093438083));
#5554=CARTESIAN_POINT('',(8.53398379740966E-7,-29.3296175772487,13.4352099807434));
#5555=CARTESIAN_POINT('Origin',(8.38018960336306E-7,-22.1856169818304,13.934901068974));
#5556=CARTESIAN_POINT('',(8.38018959781195E-7,-22.1856169818303,13.9349010847545));
#5557=CARTESIAN_POINT('',(7.55108795491566E-7,-22.1856127094613,17.4099012365918));
#5558=CARTESIAN_POINT('',(-0.59999916198104,-22.1856169821207,13.9349010704391));
#5559=CARTESIAN_POINT('',(8.38018959781195E-7,-22.1856169818303,13.9349010847545));
#5560=CARTESIAN_POINT('',(-0.59999916436507,-22.1856168592714,14.034822542318));
#5561=CARTESIAN_POINT('Origin',(8.40290436676661E-7,-26.8796169550046,13.934906929907));
#5562=CARTESIAN_POINT('',(8.40290436676661E-7,-26.8796169550046,13.934906929907));
#5563=CARTESIAN_POINT('',(8.44052841508791E-7,-34.6546144490716,13.9349166116383));
#5564=CARTESIAN_POINT('',(-0.599999159709563,-26.879616955295,13.9349069155916));
#5565=CARTESIAN_POINT('',(8.40290436676661E-7,-26.8796169550046,13.934906929907));
#5566=CARTESIAN_POINT('',(-0.599999162464951,-21.1856169821215,13.9348998251999));
#5567=CARTESIAN_POINT('Origin',(8.31939773182633E-7,-26.8796165191709,14.2849069299068));
#5568=CARTESIAN_POINT('',(8.31939773182633E-7,-26.8796165191709,14.2849069299068));
#5569=CARTESIAN_POINT('',(7.53204943970687E-7,-26.8796124098817,17.584906929904));
#5570=CARTESIAN_POINT('',(-0.599999168060227,-26.8796165194613,14.2849069155913));
#5571=CARTESIAN_POINT('',(8.31939773182633E-7,-26.8796165191709,14.2849069299068));
#5572=CARTESIAN_POINT('',(-0.599999159709563,-26.879616955295,13.9349069155916));
#5573=CARTESIAN_POINT('Origin',(8.3513358395404E-7,-33.4796165191658,14.2849151484852));
#5574=CARTESIAN_POINT('',(8.3513358395404E-7,-33.4796165191658,14.2849151484852));
#5575=CARTESIAN_POINT('',(8.37299083400467E-7,-37.9546140132353,14.2849207209273));
#5576=CARTESIAN_POINT('',(-0.599999164866416,-33.4796165194561,14.2849151341697));
#5577=CARTESIAN_POINT('',(8.3513358395404E-7,-33.4796165191658,14.2849151484852));
#5578=CARTESIAN_POINT('',(-0.599999168060227,-26.8796165194613,14.2849069155913));
#5579=CARTESIAN_POINT('Origin',(8.55413767042457E-7,-33.4796175776191,13.4349151484858));
#5580=CARTESIAN_POINT('',(8.55413767042457E-7,-33.4796175776191,13.4349151484858));
#5581=CARTESIAN_POINT('',(7.66538846286302E-7,-33.4796129391032,17.1599151484829));
#5582=CARTESIAN_POINT('',(-0.599999144586233,-33.4796175779094,13.4349151341704));
#5583=CARTESIAN_POINT('',(8.55413767042457E-7,-33.4796175776191,13.4349151484858));
#5584=CARTESIAN_POINT('',(-0.599999164866416,-33.4796165194561,14.2849151341697));
#5585=CARTESIAN_POINT('Origin',(8.56381588421051E-7,-35.4796175776175,13.4349176389641));
#5586=CARTESIAN_POINT('',(8.56381588421051E-7,-35.4796175776175,13.4349176389641));
#5587=CARTESIAN_POINT('',(8.58063177178181E-7,-38.9546150716878,13.4349219661671));
#5588=CARTESIAN_POINT('',(-0.599999143618411,-35.4796175779079,13.4349176246487));
#5589=CARTESIAN_POINT('',(8.56381588421051E-7,-35.4796175776175,13.4349176389641));
#5590=CARTESIAN_POINT('',(-0.599999144586233,-33.4796175779094,13.4349151341704));
#5591=CARTESIAN_POINT('Origin',(9.841061859861E-7,-35.4796242437564,8.0816175062979));
#5592=CARTESIAN_POINT('',(9.841061859861E-7,-35.4796242437564,8.0816175062979));
#5593=CARTESIAN_POINT('',(8.31368966447421E-7,-35.4796162721711,14.4832675726281));
#5594=CARTESIAN_POINT('',(-0.599999015893814,-35.4796242440468,8.08161749198248));
#5595=CARTESIAN_POINT('',(9.841061859861E-7,-35.4796242437564,8.0816175062979));
#5596=CARTESIAN_POINT('',(-0.599999143618411,-35.4796175779079,13.4349176246487));
#5597=CARTESIAN_POINT('Origin',(9.83266952858664E-7,-33.7453520364028,8.08161534671425));
#5598=CARTESIAN_POINT('',(9.83266952858664E-7,-33.7453520364028,8.08161534671425));
#5599=CARTESIAN_POINT('',(9.85368158179512E-7,-38.0874856341499,8.08162075370903));
#5600=CARTESIAN_POINT('',(-0.599999016733047,-33.7453520366932,8.08161533239883));
#5601=CARTESIAN_POINT('',(9.83266952858664E-7,-33.7453520364028,8.08161534671425));
#5602=CARTESIAN_POINT('',(-0.599999015893814,-35.4796242440468,8.08161749198248));
#5603=CARTESIAN_POINT('Origin',(1.16459564991622E-6,-33.7453615002204,0.481615346720163));
#5604=CARTESIAN_POINT('',(1.16459564991622E-6,-33.7453615002204,0.481615346720163));
#5605=CARTESIAN_POINT('',(9.2119408212632E-7,-33.7453487967263,10.6832654130474));
#5606=CARTESIAN_POINT('',(-0.59999883540435,-33.7453615005107,0.481615332404735));
#5607=CARTESIAN_POINT('',(1.16459564991622E-6,-33.7453615002204,0.481615346720163));
#5608=CARTESIAN_POINT('',(-0.599999016733047,-33.7453520366932,8.08161533239883));
#5609=CARTESIAN_POINT('Origin',(1.16567683838831E-6,-35.9796337075736,0.481618128923387));
#5610=CARTESIAN_POINT('',(1.16567683838831E-6,-35.9796337075736,0.481618128923387));
#5611=CARTESIAN_POINT('',(1.16723744947311E-6,-39.2046312016441,0.481622144816534));
#5612=CARTESIAN_POINT('',(-0.599998834323162,-35.979633707864,0.481618114607967));
#5613=CARTESIAN_POINT('',(1.16567683838831E-6,-35.9796337075736,0.481618128923387));
#5614=CARTESIAN_POINT('',(-0.59999883540435,-33.7453615005107,0.481615332404735));
#5615=CARTESIAN_POINT('Origin',(1.23240718796769E-6,-35.979637190331,-2.31524008419378));
#5616=CARTESIAN_POINT('',(1.20854814877891E-6,-35.9796359450918,-1.31524008419456));
#5617=CARTESIAN_POINT('',(9.55640445110539E-7,-35.9796227454581,9.28483908869205));
#5618=CARTESIAN_POINT('',(-0.599998791451851,-35.9796359453822,-1.31524009850998));
#5619=CARTESIAN_POINT('',(1.20854814877891E-6,-35.9796359450918,-1.31524008419456));
#5620=CARTESIAN_POINT('',(-0.599998834323162,-35.979633707864,0.481618114607967));
#5621=CARTESIAN_POINT('Origin',(1.20508818701737E-6,-28.8296359450974,-1.31524898765449));
#5622=CARTESIAN_POINT('',(1.20533014236202E-6,-29.329635945097,-1.31524836503492));
#5623=CARTESIAN_POINT('',(1.20837877870539E-6,-35.629633439165,-1.31524052003138));
#5624=CARTESIAN_POINT('',(-0.599998794669858,-29.3296359453873,-1.31524837935035));
#5625=CARTESIAN_POINT('',(1.20533014236202E-6,-29.329635945097,-1.31524836503492));
#5626=CARTESIAN_POINT('',(-0.599998791451851,-35.9796359453822,-1.31524009850998));
#5627=CARTESIAN_POINT('Origin',(8.53398379740966E-7,-29.3296175772487,13.4352099807434));
#5628=CARTESIAN_POINT('',(7.64527038343843E-7,-29.3296129389197,17.1600599807405));
#5629=CARTESIAN_POINT('',(-0.599998770810818,-29.3296371906265,-2.31524837934957));
#5630=CARTESIAN_POINT('Origin',(-0.599999156904416,-42.5296120909049,14.1347690420785));
#5631=CARTESIAN_POINT('',(-0.59999892653222,-32.7874928722802,4.28161413963215));
#5632=CARTESIAN_POINT('Origin',(-0.599998927258086,-31.2874928722813,4.28161227177342));
#5633=CARTESIAN_POINT('Origin',(-3.74999897723305,-48.9794941170192,6.73505760147112));
#5634=CARTESIAN_POINT('',(-3.74999905365548,-57.0544899244696,10.1019258120496));
#5635=CARTESIAN_POINT('Origin',(-8.34999905292297,-58.5544899270407,10.1016496062684));
#5636=CARTESIAN_POINT('',(-4.04999911972828,-58.5544864382902,12.9016497088601));
#5637=CARTESIAN_POINT('',(-8.34999911972828,-58.5544864403711,12.9016496062663));
#5638=CARTESIAN_POINT('',(-4.34999899723848,-57.0544928692476,7.73732975034034));
#5639=CARTESIAN_POINT('',(-8.34999899723848,-57.0544928711833,7.73732965490418));
#5640=CARTESIAN_POINT('',(-4.3499991100592,-57.0544869809647,12.4659659173514));
#5641=CARTESIAN_POINT('Origin',(-4.34999905292297,-58.554489925105,10.1016497017046));
#5642=CARTESIAN_POINT('',(-4.0499991100592,-57.0544869808195,12.4659659245091));
#5643=CARTESIAN_POINT('',(-8.3499991100592,-57.0544869829004,12.4659658219152));
#5644=CARTESIAN_POINT('Origin',(-4.04999905292298,-58.5544899249598,10.1016497088623));
#5645=CARTESIAN_POINT('Origin',(-4.34999922339276,-43.607608185627,16.9433494678671));
#5646=CARTESIAN_POINT('',(-4.34999911900242,-60.0544864384342,12.9016515695611));
#5647=CARTESIAN_POINT('',(-4.34999916363932,-60.0544841087674,14.7725104810401));
#5648=CARTESIAN_POINT('',(-4.34999912367141,-50.4060349445201,12.9016395549316));
#5649=CARTESIAN_POINT('Origin',(-8.34999948584533,-46.8798660848365,28.0098534110163));
#5650=CARTESIAN_POINT('',(-4.04999948449037,-49.6798660827534,28.0098570002798));
#5651=CARTESIAN_POINT('',(-8.34999948449037,-49.6798660848343,28.0098568976859));
#5652=CARTESIAN_POINT('',(-4.04999944891265,-49.2441860341198,26.5098564577528));
#5653=CARTESIAN_POINT('Origin',(-4.04999948584532,-46.8798660827556,28.0098535136102));
#5654=CARTESIAN_POINT('',(-4.34999944891265,-49.244186034265,26.5098564505951));
#5655=CARTESIAN_POINT('',(-8.34999944891265,-49.2441860362008,26.5098563551589));
#5656=CARTESIAN_POINT('',(-4.34999945120089,-44.5155498672539,26.5098505623122));
#5657=CARTESIAN_POINT('Origin',(-4.34999948584533,-46.8798660829007,28.0098535064525));
#5658=CARTESIAN_POINT('',(-4.04999945120088,-44.5155498671087,26.5098505694699));
#5659=CARTESIAN_POINT('',(-8.34999945120089,-44.5155498691897,26.509850466876));
#5660=CARTESIAN_POINT('Origin',(-4.04999948584532,-46.8798660827556,28.0098535136102));
#5661=CARTESIAN_POINT('Origin',(-8.34999963352191,-49.6798583066543,34.2561911850973));
#5662=CARTESIAN_POINT('',(-4.34999952027893,-49.6798642150399,29.5098569931209));
#5663=CARTESIAN_POINT('',(-4.34999963352191,-49.6798583047186,34.2561912805334));
#5664=CARTESIAN_POINT('',(-4.04999952027893,-49.6798642148947,29.5098570002786));
#5665=CARTESIAN_POINT('',(-5.34999952027893,-49.6798642155238,29.5098569692619));
#5666=CARTESIAN_POINT('',(-4.04999948449037,-49.6798660827534,28.0098570002798));
#5667=CARTESIAN_POINT('Origin',(-8.34999911972828,-58.5544864403711,12.9016496062663));
#5668=CARTESIAN_POINT('',(-9.04378003076693,-61.135826553736,12.9016528040991));
#5669=CARTESIAN_POINT('',(-4.04999911900242,-60.054486438289,12.9016515767189));
#5670=CARTESIAN_POINT('',(-4.04999911790146,-62.3296074636067,12.9016544097886));
#5671=CARTESIAN_POINT('',(-5.34999911900242,-60.0544864389181,12.9016515457021));
#5672=CARTESIAN_POINT('Origin',(-8.09999918562259,-62.0796013135818,15.7349677434806));
#5673=CARTESIAN_POINT('',(-10.4416682250164,-59.7379248857131,19.1766094303946));
#5674=CARTESIAN_POINT('Origin',(-5.0499989637725,-29.7874910065773,5.78161029774082));
#5675=CARTESIAN_POINT('',(-3.74999896304663,-31.287491005947,5.78161219661629));
#5676=CARTESIAN_POINT('',(-3.74999896232077,-32.7874910059459,5.78161406447502));
#5677=CARTESIAN_POINT('',(-3.7499989637725,-29.7874910059482,5.78161032875756));
#5678=CARTESIAN_POINT('',(-4.04999896232077,-32.7874910060911,5.78161405731731));
#5679=CARTESIAN_POINT('',(-5.04999896232077,-32.787491006575,5.78161403345828));
#5680=CARTESIAN_POINT('',(-4.0499989637725,-29.7874910060934,5.78161032159985));
#5681=CARTESIAN_POINT('',(-4.04999896340957,-30.5374910060928,5.78161125552922));
#5682=CARTESIAN_POINT('',(-3.7499989637725,-29.7874910059482,5.78161032875756));
#5683=CARTESIAN_POINT('',(-5.0499989637725,-29.7874910065773,5.78161029774082));
#5684=CARTESIAN_POINT('',(-3.7499989637725,-29.7874910059482,5.78161032875756));
#5685=CARTESIAN_POINT('Origin',(-3.7499989117497,-31.2874936832112,3.63161219661796));
#5686=CARTESIAN_POINT('',(-3.74999892653221,-32.7874928738046,4.28161406447618));
#5687=CARTESIAN_POINT('Origin',(-3.74999892725808,-31.2874928738058,4.28161219661745));
#5688=CARTESIAN_POINT('',(-3.74999896232077,-32.7874910059459,5.78161406447502));
#5689=CARTESIAN_POINT('Origin',(-3.7499989117497,-31.2874936832112,3.63161219661796));
#5690=CARTESIAN_POINT('',(-3.74999892798394,-29.7874928738069,4.28161032875872));
#5691=CARTESIAN_POINT('Origin',(-3.74999892725808,-31.2874928738058,4.28161219661745));
#5692=CARTESIAN_POINT('',(-3.74999889219538,-29.7874947416657,2.78161032875988));
#5693=CARTESIAN_POINT('Origin',(-3.7499989117497,-31.2874936832112,3.63161219661796));
#5694=CARTESIAN_POINT('',(-3.74999889146952,-31.2874947416645,2.78161219661861));
#5695=CARTESIAN_POINT('Origin',(-3.74999892725808,-31.2874928738058,4.28161219661745));
#5696=CARTESIAN_POINT('',(-3.74999889219538,-29.7874947416657,2.78161032875988));
#5697=CARTESIAN_POINT('',(-3.74999889219538,-29.7874947416657,2.78161032875988));
#5698=CARTESIAN_POINT('',(-3.74999889074366,-32.7874947416633,2.78161406447734));
#5699=CARTESIAN_POINT('Origin',(-3.7499989117497,-31.2874936832112,3.63161219661796));
#5700=CARTESIAN_POINT('Origin',(-3.74999892725808,-31.2874928738058,4.28161219661745));
#5701=CARTESIAN_POINT('',(-3.74999889074366,-32.7874947416633,2.78161406447734));
#5702=CARTESIAN_POINT('',(-3.74999889074366,-32.7874947416633,2.78161406447734));
#5703=CARTESIAN_POINT('',(-3.74999896232077,-32.7874910059459,5.78161406447502));
#5704=CARTESIAN_POINT('Origin',(-5.04999889074366,-32.7874947422925,2.7816140334606));
#5705=CARTESIAN_POINT('',(-4.04999889219538,-29.7874947418108,2.78161032160217));
#5706=CARTESIAN_POINT('',(-5.04999889219538,-29.7874947422948,2.78161029774314));
#5707=CARTESIAN_POINT('',(-4.04999889074366,-32.7874947418085,2.78161405731963));
#5708=CARTESIAN_POINT('',(-4.04999889110659,-32.0374947418091,2.78161312339027));
#5709=CARTESIAN_POINT('',(-5.04999889074366,-32.7874947422925,2.7816140334606));
#5710=CARTESIAN_POINT('Origin',(-4.04999892725808,-31.2874928739509,4.28161218945974));
#5711=CARTESIAN_POINT('',(-4.04999898294258,-32.7874899298083,6.64593214082402));
#5712=CARTESIAN_POINT('',(-4.04999902818151,-32.7874875687204,8.54202413070571));
#5713=CARTESIAN_POINT('',(-4.04999898439431,-29.7874899298107,6.64592840510656));
#5714=CARTESIAN_POINT('Origin',(-4.04999892725808,-31.2874928739509,4.28161218945974));
#5715=CARTESIAN_POINT('',(-4.04999882633466,-29.7874981791815,0.0212002482137663));
#5716=CARTESIAN_POINT('Origin',(-5.34999898294257,-32.7874899304375,6.64593210980727));
#5717=CARTESIAN_POINT('',(-4.34999898294258,-32.7874899299535,6.64593213366631));
#5718=CARTESIAN_POINT('',(-4.34999887012186,-32.7874958182364,1.91729596665522));
#5719=CARTESIAN_POINT('',(-4.34999907317537,-32.7874852205682,10.427844477495));
#5720=CARTESIAN_POINT('',(-5.34999898294257,-32.7874899304375,6.64593210980727));
#5721=CARTESIAN_POINT('',(-4.04999887012186,-32.7874958180912,1.91729597381292));
#5722=CARTESIAN_POINT('',(-4.04999902818151,-32.7874875687204,8.54202413070571));
#5723=CARTESIAN_POINT('',(-5.34999887012186,-32.7874958187204,1.91729594279618));
#5724=CARTESIAN_POINT('Origin',(-5.34999887157359,-29.7874958187227,1.91729220707872));
#5725=CARTESIAN_POINT('',(-4.34999887157359,-29.7874958182387,1.91729223093776));
#5726=CARTESIAN_POINT('',(-4.34999898439431,-29.7874899299558,6.64592839794885));
#5727=CARTESIAN_POINT('',(-4.34999904642192,-29.7874866926412,9.24568170002478));
#5728=CARTESIAN_POINT('',(-4.04999887157359,-29.7874958180936,1.91729223809547));
#5729=CARTESIAN_POINT('',(-5.34999887157359,-29.7874958187227,1.91729220707872));
#5730=CARTESIAN_POINT('',(-4.04999882633466,-29.7874981791815,0.0212002482137663));
#5731=CARTESIAN_POINT('',(-5.34999898439431,-29.7874899304398,6.64592837408981));
#5732=CARTESIAN_POINT('Origin',(-4.04999892725808,-31.2874928739509,4.28161218945974));
#5733=CARTESIAN_POINT('Origin',(-4.04999892725808,-31.2874928739509,4.28161218945974));
#5734=CARTESIAN_POINT('Origin',(-4.34999915814799,-43.6576115895868,14.2097703572365));
#5735=CARTESIAN_POINT('',(-4.34999892590313,-34.087492874094,4.28161566897166));
#5736=CARTESIAN_POINT('Origin',(-4.34999892725808,-31.2874928740961,4.28161218230203));
#5737=CARTESIAN_POINT('Origin',(-4.34999892725808,-31.2874928740961,4.28161218230203));
#5738=CARTESIAN_POINT('Origin',(-4.34999915814799,-43.6576115895868,14.2097703572365));
#5739=CARTESIAN_POINT('Origin',(-4.34999892725808,-31.2874928740961,4.28161218230203));
#5740=CARTESIAN_POINT('Origin',(-8.34999892725808,-31.2874928760319,4.28161208686587));
#5741=CARTESIAN_POINT('',(-8.34999892590313,-34.0874928760297,4.2816155735355));
#5742=CARTESIAN_POINT('Origin',(6.55509397873288E-7,-31.287492871991,4.28161228608883));
#5743=CARTESIAN_POINT('',(6.56235263979982E-7,-32.7874928719898,4.28161415394756));
#5744=CARTESIAN_POINT('Origin',(6.81994924423002E-7,-42.4296032887263,20.8849262933642));
#5745=CARTESIAN_POINT('',(1.01331772195401E-6,-36.6796257380425,6.88161900058582));
#5746=CARTESIAN_POINT('',(8.28331434554741E-7,-36.6796160833296,14.6349191332502));
#5747=CARTESIAN_POINT('',(8.46225713946325E-7,-36.6796170172589,13.8849191332508));
#5748=CARTESIAN_POINT('',(1.01247848882657E-6,-34.9453535306889,6.88161684100216));
#5749=CARTESIAN_POINT('',(1.01543483010946E-6,-41.054623232112,6.88162444850399));
#5750=CARTESIAN_POINT('',(1.13654549216413E-6,-34.9453600059325,1.68161684100621));
#5751=CARTESIAN_POINT('',(8.05819844740263E-7,-34.9453427448631,15.5432669073306));
#5752=CARTESIAN_POINT('',(1.13762668063622E-6,-37.1796322132857,1.68161962320944));
#5753=CARTESIAN_POINT('',(1.13950183344702E-6,-41.0546297073556,1.68162444850804));
#5754=CARTESIAN_POINT('',(1.12998463086544E-6,-37.1796318144354,2.00191975587956));
#5755=CARTESIAN_POINT('',(8.81448531941942E-7,-28.1296190715366,12.2352084864573));
#5756=CARTESIAN_POINT('',(1.10174619760706E-6,-28.1296305692033,3.00190848646445));
#5757=CARTESIAN_POINT('',(8.82851873829082E-7,-31.0296165656073,12.2352120976477));
#5758=CARTESIAN_POINT('',(8.36298171824623E-7,-18.629616955011,13.934896656684));
#5759=CARTESIAN_POINT('',(8.35717480218712E-7,-17.4296169550119,13.934895162397));
#5760=CARTESIAN_POINT('',(8.07667324687067E-7,-18.629615460724,15.1348966566831));
#5761=CARTESIAN_POINT('',(1.07329000742507E-6,-18.6296293239715,4.00189665669173));
#5762=CARTESIAN_POINT('',(8.11078895712747E-7,-25.6796154607186,15.1349054356191));
#5763=CARTESIAN_POINT('',(8.07086631970932E-7,-17.429615460725,15.1348951623961));
#5764=CARTESIAN_POINT('',(8.02728233328942E-7,-25.6796150248848,15.4849054356188));
#5765=CARTESIAN_POINT('',(6.9178370143419E-7,-25.6796092077007,20.1349054356152));
#5766=CARTESIAN_POINT('',(8.07083429532618E-7,-34.6796150248779,15.4849166427712));
#5767=CARTESIAN_POINT('',(7.98735969587128E-7,-17.4296150248912,15.4848951623958));
#5768=CARTESIAN_POINT('',(8.27363613176146E-7,-34.6796160833311,14.6349166427719));
#5769=CARTESIAN_POINT('',(8.92975970390175E-7,-34.6796195077388,11.884916642774));
#5770=CARTESIAN_POINT('',(8.3837257747188E-7,-57.4296060596053,14.6349449719501));
#5771=CARTESIAN_POINT('Origin',(-4.34999899571952,-60.0544928727543,7.73451548137342));
#5772=CARTESIAN_POINT('',(-4.04999908798567,-60.0544880570999,11.6016515767199));
#5773=CARTESIAN_POINT('',(-4.04999894886907,-60.0544953178045,5.77088032416735));
#5774=CARTESIAN_POINT('',(-3.74999908798567,-60.0544880569547,11.6016515838776));
#5775=CARTESIAN_POINT('',(-4.04999908798567,-60.0544880570999,11.6016515767199));
#5776=CARTESIAN_POINT('',(-3.74999899572615,-60.0544928721179,7.7347934440914));
#5777=CARTESIAN_POINT('',(-3.74999899572615,-60.0544928721179,7.7347934440914));
#5778=CARTESIAN_POINT('Origin',(-4.04999899790884,-48.9794930344706,7.60163834133816));
#5779=CARTESIAN_POINT('',(-4.0499990894374,-57.0544880571022,11.6016478410024));
#5780=CARTESIAN_POINT('',(-4.0499991465209,-57.0544850778283,13.9941793448641));
#5781=CARTESIAN_POINT('',(-4.04999909192955,-51.9044880553085,11.6016419836596));
#5782=CARTESIAN_POINT('Origin',(-4.34999925893936,-44.1076063177679,18.4433500904855));
#5783=CARTESIAN_POINT('',(-4.34999919332984,-57.0544826349444,15.9560748049033));
#5784=CARTESIAN_POINT('Origin',(-4.34999911012644,-57.0544869774555,12.4687839530072));
#5785=CARTESIAN_POINT('',(-3.7499990894374,-57.054488056957,11.6016478481601));
#5786=CARTESIAN_POINT('',(-3.74999905365548,-57.0544899244696,10.1019258120496));
#5787=CARTESIAN_POINT('',(-4.0499990894374,-57.0544880571022,11.6016478410024));
#5788=CARTESIAN_POINT('Origin',(-4.34999922290884,-44.6076081856262,16.9433507131063));
#5789=CARTESIAN_POINT('',(-4.34999952286115,-44.3437283761863,29.5098503483557));
#5790=CARTESIAN_POINT('Origin',(-4.34999952402108,-41.9467236425649,29.5098473635115));
#5791=CARTESIAN_POINT('',(-4.04999952235975,-45.379864214898,29.5098516457503));
#5792=CARTESIAN_POINT('',(-4.04999952384498,-42.3106284947294,29.5098478238178));
#5793=CARTESIAN_POINT('',(-3.74999952235975,-45.3798642147528,29.509851652908));
#5794=CARTESIAN_POINT('',(-4.04999952235975,-45.379864214898,29.5098516457503));
#5795=CARTESIAN_POINT('',(-3.74999952163388,-46.8798642147516,29.5098535207667));
#5796=CARTESIAN_POINT('',(-3.74999952395679,-42.079587538597,29.5098475432743));
#5797=CARTESIAN_POINT('',(-3.74999952090802,-48.3798642147505,29.5098553886255));
#5798=CARTESIAN_POINT('',(-3.74999952395679,-42.079587538597,29.5098475432743));
#5799=CARTESIAN_POINT('',(-4.04999952090802,-48.3798642148957,29.5098553814677));
#5800=CARTESIAN_POINT('',(-4.04999952090802,-48.3798642148957,29.5098553814677));
#5801=CARTESIAN_POINT('',(-4.04999952655388,-36.7126999779187,29.509840853058));
#5802=CARTESIAN_POINT('Origin',(-4.0499995017174,-40.5795887373347,28.5473065920395));
#5803=CARTESIAN_POINT('',(-4.04999945078263,-45.3798679506154,26.5098516457526));
#5804=CARTESIAN_POINT('',(-4.04999945123431,-44.4464788352854,26.5098504834599));
#5805=CARTESIAN_POINT('',(-4.04999951087712,-45.3798648141937,29.0285821076411));
#5806=CARTESIAN_POINT('Origin',(-3.74999897723305,-48.9794941170192,6.73505760147112));
#5807=CARTESIAN_POINT('',(-3.74999909205053,-51.6544880569603,11.6016416795075));
#5808=CARTESIAN_POINT('Origin',(-3.74999897723305,-48.9794941170192,6.73505760147112));
#5809=CARTESIAN_POINT('Origin',(-3.74999897723305,-48.9794941170192,6.73505760147112));
#5810=CARTESIAN_POINT('',(-3.74999909205053,-51.6544880569603,11.6016416795075));
#5811=CARTESIAN_POINT('Origin',(-4.04999909156662,-52.6544880571047,11.6016429175889));
#5812=CARTESIAN_POINT('Origin',(-5.84999940061126,-34.4295994384389,24.1849193818911));
#5813=CARTESIAN_POINT('',(-3.34999944458008,-66.8295910560873,26.6849566552614));
#5814=CARTESIAN_POINT('',(-5.58749862269124,-66.8295938433918,24.4474573703828));
#5815=CARTESIAN_POINT('',(-3.34999946025886,-34.4295965657992,26.6849194415371));
#5816=CARTESIAN_POINT('Origin',(-4.29999922762298,-67.4296023647108,17.6038390035412));
#5817=CARTESIAN_POINT('',(-4.39999923000888,-67.4296022402353,17.7038390011552));
#5818=CARTESIAN_POINT('',(-4.3999992337592,-59.6796022402413,17.7038293505518));
#5819=CARTESIAN_POINT('',(-4.39999923000888,-67.4296022402353,17.7038390011552));
#5820=CARTESIAN_POINT('',(-3.04055835667609,-67.4296039324063,16.3443981926934));
#5821=CARTESIAN_POINT('',(-3.67027879214953,-67.4296031485586,16.9741185981173));
#5822=CARTESIAN_POINT('',(-3.0405583604264,-59.6796039860565,16.34438854209));
#5823=CARTESIAN_POINT('',(-3.04055835667608,-67.4296039324063,16.3443981926934));
#5824=CARTESIAN_POINT('',(-3.67027879589984,-59.6796031485646,16.9741089475138));
#5825=CARTESIAN_POINT('Origin',(-3.04055850176573,-67.4295963599597,22.4255165108929));
#5826=CARTESIAN_POINT('',(-4.39999931022862,-67.4295980534465,21.0660756375612));
#5827=CARTESIAN_POINT('',(-4.39999931397893,-59.6795980534526,21.0660659869578));
#5828=CARTESIAN_POINT('',(-4.39999931022862,-67.4295980534465,21.0660756375612));
#5829=CARTESIAN_POINT('',(-3.04055850551604,-59.6795964136099,22.4255068602896));
#5830=CARTESIAN_POINT('',(-3.04055850551604,-59.6795963599657,22.4255068602895));
#5831=CARTESIAN_POINT('',(-3.04055850176573,-67.4295963599597,22.4255165108929));
#5832=CARTESIAN_POINT('',(-3.04055850176572,-67.4295963599597,22.4255165108929));
#5833=CARTESIAN_POINT('',(-3.04055850176573,-67.4295963599597,22.4255165108929));
#5834=CARTESIAN_POINT('Origin',(-5.84999916769257,-42.4296122015888,14.5849030021843));
#5835=CARTESIAN_POINT('',(-3.34999909623809,-66.8296092365799,12.0849560416335));
#5836=CARTESIAN_POINT('',(-3.34999910804497,-42.4296176286386,12.0849030618377));
#5837=CARTESIAN_POINT('',(-5.58749363953936,-66.8296064514469,14.3224504781651));
#5838=CARTESIAN_POINT('Origin',(-2.29809662646801,-27.6314875417036,31.8847514341391));
#5839=CARTESIAN_POINT('',(-3.3499984557198,-28.6834024873535,21.5503428741984));
#5840=CARTESIAN_POINT('',(-3.34999870228889,-28.6833896185417,31.8847527189114));
#5841=CARTESIAN_POINT('',(-2.75771580157906,-28.0911190809751,22.1426248193543));
#5842=CARTESIAN_POINT('',(-0.959663975506186,-26.293064971259,23.9406744930909));
#5843=CARTESIAN_POINT('',(-2.29809411007185,-27.6314968899161,22.5359013912643));
#5844=CARTESIAN_POINT('Origin',(7.09510448726469E-7,-25.3334060670316,19.3849050045089));
#5845=CARTESIAN_POINT('',(-2.29809426035635,-27.6314890463415,28.8347513972443));
#5846=CARTESIAN_POINT('Origin',(-3.34999873669354,-29.9295844869601,31.8847542707221));
#5847=CARTESIAN_POINT('',(-3.34999852452911,-31.175792342389,21.5503459078045));
#5848=CARTESIAN_POINT('',(-3.3499987710982,-31.1757794735771,31.8847558225328));
#5849=CARTESIAN_POINT('',(-3.3499984314581,-27.8046022905312,21.550341804569));
#5850=CARTESIAN_POINT('Origin',(2.77961200001453E-6,-29.9295860840838,28.8347543137551));
#5851=CARTESIAN_POINT('',(6.17111633460787E-7,-26.6795929949689,23.2849066808366));
#5852=CARTESIAN_POINT('Ctrl Pts',(6.17111633807732E-7,-26.6795929949697,
23.2849066808366));
#5853=CARTESIAN_POINT('Ctrl Pts',(-0.43287735064986,-26.6795933006367,23.2849066705089));
#5854=CARTESIAN_POINT('Ctrl Pts',(-0.879591754895885,-26.7710752719272,
23.2077099358954));
#5855=CARTESIAN_POINT('Ctrl Pts',(-1.6757218223793,-27.1114614646501,22.9316607304727));
#5856=CARTESIAN_POINT('Ctrl Pts',(-2.02604831351248,-27.3594508727425,22.7343105306656));
#5857=CARTESIAN_POINT('Ctrl Pts',(-2.29809397723565,-27.6314967570798,22.5359014881447));
#5858=CARTESIAN_POINT('',(5.5746776805865E-7,-26.6795898820658,25.7847502298358));
#5859=CARTESIAN_POINT('Origin',(-3.24999962366507,-31.2757786209134,31.8847559494416));
#5860=CARTESIAN_POINT('',(-2.29809432770804,-32.2276953344481,22.5359069542811));
#5861=CARTESIAN_POINT('',(-2.29809447799254,-32.2276874908733,28.8347571206106));
#5862=CARTESIAN_POINT('',(-2.75771579979974,-31.7680743431423,22.142629398043));
#5863=CARTESIAN_POINT('Origin',(7.1395874434721E-7,-34.5257942224496,19.3849164512306));
#5864=CARTESIAN_POINT('',(-2.69362825283578,-31.8321618117689,22.2067170278384));
#5865=CARTESIAN_POINT('Origin',(7.25042141880294E-7,-57.4296001447193,19.3849449719464));
#5866=CARTESIAN_POINT('',(-3.35875641646621,-34.6796143257045,16.026159351998));
#5867=CARTESIAN_POINT('Origin',(7.14033177584561E-7,-34.6796101416231,19.3849166427682));
#5868=CARTESIAN_POINT('',(-3.35875640436844,-59.6796043556211,16.0261904829644));
#5869=CARTESIAN_POINT('',(-3.35875640545724,-57.4296043288007,16.0261876811762));
#5870=CARTESIAN_POINT('Origin',(7.26130937600544E-7,-59.6796001447176,19.3849477737345));
#5871=CARTESIAN_POINT('',(-2.24999918228602,-42.679615392148,15.2016264183315));
#5872=CARTESIAN_POINT('Origin',(7.1790446309894E-7,-42.679610168439,19.3849266046814));
#5873=CARTESIAN_POINT('',(-2.24999918321041,-40.7693401146236,15.2016240395819));
#5874=CARTESIAN_POINT('',(-2.24999917514834,-57.4296053550173,15.2016447855965));
#5875=CARTESIAN_POINT('',(-2.24999918426507,-38.5898906428549,15.2016213256461));
#5876=CARTESIAN_POINT('Ctrl Pts',(-2.24999918321041,-40.7693401146236,15.2016240395819));
#5877=CARTESIAN_POINT('Ctrl Pts',(-2.26975179501328,-40.7285560625744,15.2122479872089));
#5878=CARTESIAN_POINT('Ctrl Pts',(-2.28843674778534,-40.687147661433,15.222478044388));
#5879=CARTESIAN_POINT('Ctrl Pts',(-2.43438778126339,-40.3385896012701,15.3035243826153));
#5880=CARTESIAN_POINT('Ctrl Pts',(-2.49999918702796,-40.0013102430888,15.3460496045559));
#5881=CARTESIAN_POINT('Ctrl Pts',(-2.49999918733931,-39.3579201549406,15.3460488033814));
#5882=CARTESIAN_POINT('Ctrl Pts',(-2.43438778190117,-39.020640902605,15.303522741454));
#5883=CARTESIAN_POINT('Ctrl Pts',(-2.28843674876045,-38.6720830441461,15.2224755351507));
#5884=CARTESIAN_POINT('Ctrl Pts',(-2.26975179602848,-38.6306746684645,15.2122453748449));
#5885=CARTESIAN_POINT('Ctrl Pts',(-2.24999918426508,-38.5898906428549,15.2016213256461));
#5886=CARTESIAN_POINT('',(-2.24999918518948,-36.6796153921526,15.2016189468966));
#5887=CARTESIAN_POINT('',(-2.24999917514834,-57.4296053550173,15.2016447855965));
#5888=CARTESIAN_POINT('Origin',(7.15000998963156E-7,-36.6796101684436,19.3849191332465));
#5889=CARTESIAN_POINT('Origin',(-2.24999908633044,-42.9296153686346,11.1849268623085));
#5890=CARTESIAN_POINT('',(-2.24999898377881,-42.6796257391267,6.8816264183379));
#5891=CARTESIAN_POINT('',(-2.24999912760826,-42.6796182324514,12.9099265510036));
#5892=CARTESIAN_POINT('',(-2.24999898470322,-40.7693504750134,6.88162403958835));
#5893=CARTESIAN_POINT('',(-2.2499989843837,-41.4296257391277,6.88162486178896));
#5894=CARTESIAN_POINT('',(-2.24999886827826,-40.7693565514067,2.00192417226251));
#5895=CARTESIAN_POINT('Origin',(-4.13786723166704,-20.241743610356,18.2561666079784));
#5896=CARTESIAN_POINT('',(-2.52573534024665,-18.629604155915,24.2143021504552));
#5897=CARTESIAN_POINT('Origin',(7.05044179150072E-7,-16.1038742371715,19.3848935115345));
#5898=CARTESIAN_POINT('',(-2.52573530657339,-18.6296059133734,22.8029600840354));
#5899=CARTESIAN_POINT('',(-2.52573521155645,-18.6296108724505,18.8205306176853));
#5900=CARTESIAN_POINT('',(-3.00520318524567,-19.1090743164689,22.3901010020712));
#5901=CARTESIAN_POINT('Origin',(7.05044179150072E-7,-16.1038742371715,19.3848935115345));
#5902=CARTESIAN_POINT('',(-4.24999933490083,-20.3538720470964,21.1453063424843));
#5903=CARTESIAN_POINT('',(-4.45676790655556,-20.5606408813607,20.9385380183394));
#5904=CARTESIAN_POINT('',(-4.24999925089756,-20.3538764313535,17.6244910623157));
#5905=CARTESIAN_POINT('',(-4.24999925843315,-20.3538760380598,17.940328903625));
#5906=CARTESIAN_POINT('',(-3.00520304184312,-19.1090818008638,16.3796933619902));
#5907=CARTESIAN_POINT('',(-3.6655917681171,-19.7694696896783,17.0400828794127));
#5908=CARTESIAN_POINT('',(-2.52573514346997,-18.6296144259864,15.9668331088009));
#5909=CARTESIAN_POINT('Origin',(7.05044179150072E-7,-16.1038742371715,19.3848935115345));
#5910=CARTESIAN_POINT('',(-2.5257351097967,-18.6296161834448,14.5554910423811));
#5911=CARTESIAN_POINT('',(-2.52573521155645,-18.6296108724505,18.8205306176853));
#5912=CARTESIAN_POINT('Origin',(7.05044179150072E-7,-16.1038742371715,19.3848935115345));
#5913=CARTESIAN_POINT('Origin',(7.06266409800094E-7,-18.6296101684576,19.3848966566798));
#5914=CARTESIAN_POINT('',(5.76234647775564E-7,-18.6296033819042,24.8348966566756));
#5915=CARTESIAN_POINT('Origin',(7.06266409800094E-7,-18.6296101684576,19.3848966566798));
#5916=CARTESIAN_POINT('',(6.04865494358009E-7,-18.6296048761912,23.6348966566765));
#5917=CARTESIAN_POINT('',(8.85209203160819E-7,-18.6296195077513,11.8848966566856));
#5918=CARTESIAN_POINT('Origin',(7.06266409800094E-7,-18.6296101684576,19.3848966566798));
#5919=CARTESIAN_POINT('Origin',(7.05685717083959E-7,-17.4296101684586,19.3848951623928));
#5920=CARTESIAN_POINT('',(5.75653953949207E-7,-17.4296033819052,24.8348951623886));
#5921=CARTESIAN_POINT('Origin',(6.81994924423002E-7,-42.4296032887263,20.8849262933642));
#5922=CARTESIAN_POINT('',(6.20982925081393E-7,-34.6796053120125,23.2849166427652));
#5923=CARTESIAN_POINT('',(8.92975970390175E-7,-34.6796195077388,11.884916642774));
#5924=CARTESIAN_POINT('',(6.20257055716777E-7,-33.1795973617867,23.2849147748965));
#5925=CARTESIAN_POINT('',(6.12635464580791E-7,-17.4296053120258,23.2848951623898));
#5926=CARTESIAN_POINT('',(5.60613190314641E-7,-33.1795942488836,25.7847583238957));
#5927=CARTESIAN_POINT('',(5.70177072778399E-7,-36.7795964262402,25.4569288452332));
#5928=CARTESIAN_POINT('',(5.55419916170585E-7,-66.8295910544661,26.6849567351892));
#5929=CARTESIAN_POINT('',(5.45790047601358E-7,-46.9295939857421,26.6849338786111));
#5930=CARTESIAN_POINT('',(5.70025687762765E-7,-67.4295925942653,26.0849574243338));
#5931=CARTESIAN_POINT('',(4.4587667669127E-7,-62.3295873080286,31.1849497094806));
#5932=CARTESIAN_POINT('',(6.27287380927655E-7,-67.4295947901832,23.6849574243346));
#5933=CARTESIAN_POINT('',(5.62869842402058E-7,-67.429592220791,26.3848792013803));
#5934=CARTESIAN_POINT('',(6.23537069754931E-7,-59.6795948170113,23.6849477737312));
#5935=CARTESIAN_POINT('',(6.27287380927655E-7,-67.4295947901832,23.6849574243346));
#5936=CARTESIAN_POINT('',(8.70588621193491E-7,-59.6796077110036,13.3303164919664));
#5937=CARTESIAN_POINT('Origin',(2.55975166230105E-6,-29.9295904509066,28.8347543137605));
#5938=CARTESIAN_POINT('Ctrl Pts',(-2.29809420760668,-32.2276954545494,22.5359070418741));
#5939=CARTESIAN_POINT('Ctrl Pts',(-2.02604854699036,-32.499740844134,22.7343167902238));
#5940=CARTESIAN_POINT('Ctrl Pts',(-1.6757220581256,-32.7477297628022,22.9316676375904));
#5941=CARTESIAN_POINT('Ctrl Pts',(-0.87959192021583,-33.0881153026682,23.207717772434));
#5942=CARTESIAN_POINT('Ctrl Pts',(-0.432877426738653,-33.1795970858218,
23.2849147645681));
#5943=CARTESIAN_POINT('Ctrl Pts',(6.20257048708495E-7,-33.179597361786,
23.2849147748965));
#5944=CARTESIAN_POINT('Origin',(4.68941828146718E-7,-36.7795907329948,30.0289384327049));
#5945=CARTESIAN_POINT('Origin',(-4.49999928802345,-30.4296101627702,19.3849112431361));
#5946=CARTESIAN_POINT('',(-4.49999927663569,-33.4796106611151,18.9694821478608));
#5947=CARTESIAN_POINT('',(-4.49999929645935,-33.4796096264885,19.8003479343703));
#5948=CARTESIAN_POINT('',(-4.4999992815916,-33.4796104024584,19.1771985944881));
#5949=CARTESIAN_POINT('',(-4.4999992798295,-26.8796106990524,18.9694739292824));
#5950=CARTESIAN_POINT('',(-4.4999992798295,-26.8796106990524,18.9694739292824));
#5951=CARTESIAN_POINT('',(-4.49999929965316,-26.8796096644258,19.8003397157919));
#5952=CARTESIAN_POINT('',(-4.49999929965316,-26.8796096644258,19.8003397157919));
#5953=CARTESIAN_POINT('',(-4.49999929621739,-33.9796096264881,19.8003485569898));
#5954=CARTESIAN_POINT('Origin',(-5.34999928081318,-45.3296051591719,19.3849297769131));
#5955=CARTESIAN_POINT('',(-5.3499992561376,-58.4796011298687,18.6174317305301));
#5956=CARTESIAN_POINT('',(-5.34999929276192,-58.4795992183907,20.1524605730733));
#5957=CARTESIAN_POINT('',(-5.3499992561376,-58.4796011298687,18.6174317305301));
#5958=CARTESIAN_POINT('',(-5.34999926707397,-35.8796110999502,18.6174035881377));
#5959=CARTESIAN_POINT('',(-5.34999926683202,-36.3796110999499,18.6174042107573));
#5960=CARTESIAN_POINT('',(-5.34999930369829,-35.8796091884722,20.1524324306809));
#5961=CARTESIAN_POINT('',(-5.34999929454221,-35.8796096663417,19.7686752200451));
#5962=CARTESIAN_POINT('',(-5.34999929479434,-54.2795992183939,20.1524553430689));
#5963=CARTESIAN_POINT('Origin',(4.50000072336431,-33.4796106567596,18.9694823625921));
#5964=CARTESIAN_POINT('',(-3.89999927663569,-33.4796106608247,18.9694821621762));
#5965=CARTESIAN_POINT('',(-3.89999929645935,-33.4796096261981,19.8003479486857));
#5966=CARTESIAN_POINT('',(-3.8999992815916,-33.4796104021681,19.1771986088036));
#5967=CARTESIAN_POINT('',(4.50000072336431,-33.4796106567596,18.9694823625921));
#5968=CARTESIAN_POINT('',(4.50000070354065,-33.479609622133,19.8003481491016));
#5969=CARTESIAN_POINT('Origin',(4.50000070378261,-33.9796096221326,19.8003487717212));
#5970=CARTESIAN_POINT('',(-3.89999929965316,-26.8796096641354,19.8003397301073));
#5971=CARTESIAN_POINT('',(-3.89999929822562,-29.829609639612,19.8003434035628));
#5972=CARTESIAN_POINT('',(4.50000070034684,-26.8796096600703,19.8003399305232));
#5973=CARTESIAN_POINT('Origin',(4.50000070034684,-26.8796096600703,19.8003399305232));
#5974=CARTESIAN_POINT('',(-3.8999992798295,-26.879610698762,18.9694739435978));
#5975=CARTESIAN_POINT('',(-3.89999929469724,-26.879609922792,19.5926232834799));
#5976=CARTESIAN_POINT('',(4.5000007201705,-26.8796106946969,18.9694741440137));
#5977=CARTESIAN_POINT('Origin',(4.5000007201705,-26.8796106946969,18.9694741440137));
#5978=CARTESIAN_POINT('',(-3.89999928011984,-26.2796106932074,18.9694731964543));
#5979=CARTESIAN_POINT('Origin',(5.3500007438624,-58.4796011246905,18.6174319858218));
#5980=CARTESIAN_POINT('',(-4.7499992561376,-58.4796011295783,18.6174317448456));
#5981=CARTESIAN_POINT('',(-4.74999929276191,-58.4795992181003,20.1524605873887));
#5982=CARTESIAN_POINT('',(-4.74999924182218,-58.4796018767218,18.017431744846));
#5983=CARTESIAN_POINT('',(5.3500007438624,-58.4796011246905,18.6174319858218));
#5984=CARTESIAN_POINT('',(5.35000070723808,-58.4795992132125,20.152460828365));
#5985=CARTESIAN_POINT('Origin',(5.35000070520566,-54.2795992132158,20.1524555983606));
#5986=CARTESIAN_POINT('',(-4.74999930369829,-35.8796091881819,20.1524324449963));
#5987=CARTESIAN_POINT('',(-4.74999930371039,-35.8546042165609,20.1524324138591));
#5988=CARTESIAN_POINT('',(5.35000069630171,-35.8796091832941,20.1524326859726));
#5989=CARTESIAN_POINT('Origin',(5.35000069630171,-35.8796091832941,20.1524326859726));
#5990=CARTESIAN_POINT('',(-4.74999926707397,-35.8796110996599,18.6174036024531));
#5991=CARTESIAN_POINT('',(-4.74999927107071,-35.8796108910644,18.7849180237252));
#5992=CARTESIAN_POINT('',(5.35000073292602,-35.8796110947721,18.6174038434294));
#5993=CARTESIAN_POINT('Origin',(5.35000073316798,-36.3796110947717,18.617404466049));
#5994=CARTESIAN_POINT('',(-4.74999927141707,-26.9046111130779,18.6173924264317));
#5995=CARTESIAN_POINT('Origin',(8.31234898690525E-7,-42.679616083325,14.6349266046851));
#5996=CARTESIAN_POINT('',(1.01622118497957E-6,-42.6796257380378,6.88162647202073));
#5997=CARTESIAN_POINT('Origin',(-2.24999908633044,-42.9296153686346,11.1849268623085));
#5998=CARTESIAN_POINT('',(-2.24999898575788,-38.5899010032447,6.88162132565253));
#5999=CARTESIAN_POINT('',(-2.24999886933292,-38.589907079638,2.0019214583267));
#6000=CARTESIAN_POINT('',(-2.24999898668228,-36.6796257391313,6.88161894690299));
#6001=CARTESIAN_POINT('',(-2.2499989843837,-41.4296257391277,6.88162486178896));
#6002=CARTESIAN_POINT('',(-2.24999903805795,-36.6796230577577,9.03491907957169));
#6003=CARTESIAN_POINT('Origin',(1.13119440536824E-6,-39.6796318144335,2.00192286897745));
#6004=CARTESIAN_POINT('Origin',(1.01476945346679E-6,-39.6796257380401,6.88162273630328));
#6005=CARTESIAN_POINT('Origin',(-3.9999990655601,-37.3702205290252,10.2016197651079));
#6006=CARTESIAN_POINT('',(-3.99999898640398,-37.2547546093814,6.88161962132265));
#6007=CARTESIAN_POINT('',(-3.99999898405712,-42.1044968705704,6.8816256604116));
#6008=CARTESIAN_POINT('',(-3.9999989859103,-38.2749252015977,6.88162089167902));
#6009=CARTESIAN_POINT('',(-3.99999885999012,-42.104503345814,1.68162566041564));
#6010=CARTESIAN_POINT('',(-3.99999906326913,-42.1044927363765,10.201625660409));
#6011=CARTESIAN_POINT('',(-3.99999886233697,-37.254761084625,1.68161962132669));
#6012=CARTESIAN_POINT('',(-3.9999988618433,-38.2749316768413,1.68162089168305));
#6013=CARTESIAN_POINT('',(-3.99999906561598,-37.2547504751874,10.2016196213201));
#6014=CARTESIAN_POINT('Origin',(-4.04999906328311,-42.0756252229412,10.2016256232691));
#6015=CARTESIAN_POINT('',(-3.15825215929502,-42.5904796258929,6.88162628565962));
#6016=CARTESIAN_POINT('',(-3.15825203522802,-42.5904861011365,1.68162628566366));
#6017=CARTESIAN_POINT('Origin',(-3.89999929032202,-25.6796101703395,19.3849053425656));
#6018=CARTESIAN_POINT('',(-3.8999993245095,-34.6796081319102,21.0003494429717));
#6019=CARTESIAN_POINT('',(-3.89999924742415,-34.6796121551107,17.7694836564641));
#6020=CARTESIAN_POINT('',(-3.89999928596682,-34.6796101435105,19.3849165497179));
#6021=CARTESIAN_POINT('',(-3.89999925177934,-25.6796121930499,17.7694724493118));
#6022=CARTESIAN_POINT('',(-3.89999925177934,-25.6796121930499,17.7694724493118));
#6023=CARTESIAN_POINT('',(-3.8999993288647,-25.6796081698493,21.0003382358194));
#6024=CARTESIAN_POINT('',(-3.89999929032202,-25.6796101435174,19.3849053425655));
#6025=CARTESIAN_POINT('',(-3.8999993288647,-25.6796081698493,21.0003382358194));
#6026=CARTESIAN_POINT('Origin',(-4.74999934125729,-17.4296077207313,21.3524094703331));
#6027=CARTESIAN_POINT('',(-4.74999933290983,-34.6796076938958,21.3524309507084));
#6028=CARTESIAN_POINT('',(-4.50437794408816,-34.6796073879196,21.5980523512505));
#6029=CARTESIAN_POINT('',(-4.74999932081207,-59.6795977238124,21.3524620816748));
#6030=CARTESIAN_POINT('',(-3.35875656464188,-59.6795959907091,22.7437049042313));
#6031=CARTESIAN_POINT('',(-4.74999934125729,-17.4296077207313,21.3524094703331));
#6032=CARTESIAN_POINT('Origin',(-4.74999924737128,-17.4296126207833,17.4173806277917));
#6033=CARTESIAN_POINT('',(-4.74999923902382,-34.6796125939478,17.4174021081671));
#6034=CARTESIAN_POINT('',(-4.74999926249532,-34.6796113689348,18.4011593188024));
#6035=CARTESIAN_POINT('',(-4.74999922692606,-59.6796026238644,17.4174332391335));
#6036=CARTESIAN_POINT('',(-4.74999927386906,-59.6796001738384,19.3849476604041));
#6037=CARTESIAN_POINT('',(-4.74999924737128,-17.4296126207833,17.4173806277917));
#6038=CARTESIAN_POINT('Origin',(-3.35875642481366,-17.42961435254,16.0261378716226));
#6039=CARTESIAN_POINT('',(-3.80875642720277,-34.6796137655647,16.476159341261));
#6040=CARTESIAN_POINT('',(-3.35875640436844,-59.6796043556211,16.0261904829644));
#6041=CARTESIAN_POINT('Origin',(-2.75771567115309,-25.6796136227693,16.627188923194));
#6042=CARTESIAN_POINT('',(-2.7577156667979,-34.6796135769742,16.6272001303463));
#6043=CARTESIAN_POINT('',(-3.20771567753446,-34.6796130168343,17.0772001196094));
#6044=CARTESIAN_POINT('',(-2.75771567115309,-25.6796136227693,16.627188923194));
#6045=CARTESIAN_POINT('',(-2.75771567514535,-17.4296136038096,16.627178649971));
#6046=CARTESIAN_POINT('',(-3.20771568188966,-25.6796130168413,17.077188912457));
#6047=CARTESIAN_POINT('Origin',(8.96749356438242E-7,-67.1296088613863,12.3849567729522));
#6048=CARTESIAN_POINT('',(-3.10147097283926,-67.4296084893148,12.684957350345));
#6049=CARTESIAN_POINT('',(8.89736811449104E-7,-67.4296084878139,12.6849574243432));
#6050=CARTESIAN_POINT('',(-3.34999909623809,-66.82960923658,12.0849560416335));
#6051=CARTESIAN_POINT('',(9.03761901982492E-7,-66.8296092349588,12.0849561215613));
#6052=CARTESIAN_POINT('Origin',(7.29881249328379E-7,-67.4296001447116,19.384957424338));
#6053=CARTESIAN_POINT('Origin',(7.29881249328379E-7,-67.4296001447116,19.384957424338));
#6054=CARTESIAN_POINT('Origin',(7.26130937600544E-7,-59.6796001715397,19.3849477737346));
#6055=CARTESIAN_POINT('Origin',(-4.39999931261452,-67.4295979289226,21.1660756375611));
#6056=CARTESIAN_POINT('',(-4.39999929511695,-59.6795990378878,20.2755068278562));
#6057=CARTESIAN_POINT('',(-4.39999929136664,-67.4295990378818,20.2755164784597));
#6058=CARTESIAN_POINT('Origin',(-3.8999993288647,-25.6796081698493,21.0003382358194));
#6059=CARTESIAN_POINT('',(-2.75771579839082,-34.6796067089412,22.1426330235971));
#6060=CARTESIAN_POINT('',(-2.75771580673828,-17.4296067357766,22.1426115432218));
#6061=CARTESIAN_POINT('',(-3.77885755071359,-34.679607981001,21.1214912225482));
#6062=CARTESIAN_POINT('',(-2.75771580274602,-25.6796067547363,22.1426218164448));
#6063=CARTESIAN_POINT('',(-3.77885755506879,-25.679607981008,21.1214800153958));
#6064=CARTESIAN_POINT('',(-2.75771580673828,-17.4296067357766,22.1426115432218));
#6065=CARTESIAN_POINT('Origin',(7.05685717083959E-7,-17.4296101684586,19.3848951623928));
#6066=CARTESIAN_POINT('',(-3.00520318206612,-25.679606427709,22.390109183955));
#6067=CARTESIAN_POINT('',(-3.00520318605838,-17.4296064277154,22.390098910732));
#6068=CARTESIAN_POINT('',(6.08277064828577E-7,-25.6796048493637,23.6349054356125));
#6069=CARTESIAN_POINT('',(6.04284801641874E-7,-17.4296048761922,23.6348951623895));
#6070=CARTESIAN_POINT('Origin',(7.09677980825774E-7,-25.6796101416301,19.3849054356158));
#6071=CARTESIAN_POINT('Origin',(7.05685717083959E-7,-17.4296101684586,19.3848951623928));
#6072=CARTESIAN_POINT('',(6.16627728322605E-7,-25.6796052851974,23.2849054356128));
#6073=CARTESIAN_POINT('',(6.12635464580791E-7,-17.4296053120258,23.2848951623898));
#6074=CARTESIAN_POINT('Origin',(7.09677980825774E-7,-25.6796101416301,19.3849054356158));
#6075=CARTESIAN_POINT('Origin',(-4.24999925231265,-17.4296123626438,17.6244874209076));
#6076=CARTESIAN_POINT('',(-4.24999933232365,-25.6796079783804,21.1453129742992));
#6077=CARTESIAN_POINT('',(-4.24999933631591,-17.4296079783868,21.1453027010762));
#6078=CARTESIAN_POINT('',(-4.24999924832038,-25.6796123626374,17.6244976941306));
#6079=CARTESIAN_POINT('',(-4.24999918812136,-25.679615504515,15.101385930131));
#6080=CARTESIAN_POINT('',(-4.24999925231265,-17.4296123626438,17.6244874209076));
#6081=CARTESIAN_POINT('Origin',(-3.00520304265583,-17.4296139121104,16.379691270651));
#6082=CARTESIAN_POINT('',(-3.00520303866357,-25.679613912104,16.3797015438741));
#6083=CARTESIAN_POINT('',(-3.00520303866357,-25.679613912104,16.3797015438741));
#6084=CARTESIAN_POINT('',(-3.00520304265583,-17.4296139121104,16.379691270651));
#6085=CARTESIAN_POINT('Origin',(-4.24999933631591,-17.4296079783868,21.1453027010762));
#6086=CARTESIAN_POINT('',(-3.00520318206612,-25.679606427709,22.390109183955));
#6087=CARTESIAN_POINT('Origin',(7.06266409800094E-7,-18.6296101684576,19.3848966566798));
#6088=CARTESIAN_POINT('Origin',(7.06266409800094E-7,-18.6296101684576,19.3848966566798));
#6089=CARTESIAN_POINT('Origin',(7.06266409800094E-7,-18.6296101684576,19.3848966566798));
#6090=CARTESIAN_POINT('Origin',(7.05685717083959E-7,-17.4296101684586,19.3848951623928));
#6091=CARTESIAN_POINT('Origin',(7.09677980825774E-7,-25.6796101416301,19.3849054356158));
#6092=CARTESIAN_POINT('Origin',(-1.79999929032202,-25.6796101425012,19.3849053926695));
#6093=CARTESIAN_POINT('Origin',(7.09677980825774E-7,-25.6796101416301,19.3849054356158));
#6094=CARTESIAN_POINT('',(6.16995123325914E-7,-25.6796053043723,23.2695068754994));
#6095=CARTESIAN_POINT('Origin',(7.05685717083959E-7,-17.4296101684586,19.3848951623928));
#6096=CARTESIAN_POINT('Origin',(7.14033177584561E-7,-34.6796101684452,19.3849166427682));
#6097=CARTESIAN_POINT('Origin',(1.01323898771266E-6,-36.679625733933,6.8849191332562));
#6098=CARTESIAN_POINT('',(1.0133177213989E-6,-36.6796257380425,6.88161900058582));
#6099=CARTESIAN_POINT('Origin',(1.01476945291168E-6,-39.6796257380401,6.88162273630328));
#6100=CARTESIAN_POINT('',(-0.941745811785346,-35.4890713137933,6.88161749559167));
#6101=CARTESIAN_POINT('Origin',(-0.0499990667195482,-34.9742169099786,10.2016168757536));
#6102=CARTESIAN_POINT('',(-0.941745687718344,-35.4890777890369,1.6816174955957));
#6103=CARTESIAN_POINT('Origin',(1.13883645513901E-6,-39.6796322132837,1.68162273630732));
#6104=CARTESIAN_POINT('Origin',(1.13883645569413E-6,-39.6796322132837,1.68162273630732));
#6105=CARTESIAN_POINT('Origin',(1.13119440536824E-6,-39.6796318144335,2.00192286897745));
#6106=CARTESIAN_POINT('Origin',(8.63155806829496E-7,-28.1296181168118,13.0019084864567));
#6107=CARTESIAN_POINT('',(8.81448531941942E-7,-28.1296190715366,12.2352084864573));
#6108=CARTESIAN_POINT('Origin',(5.62722801689119E-7,-67.1295914280377,26.384957079761));
#6109=CARTESIAN_POINT('',(5.55419916170585E-7,-66.8295910544661,26.6849567351892));
#6110=CARTESIAN_POINT('',(-3.10147129255045,-67.4295918031102,26.0849573503347));
#6111=CARTESIAN_POINT('',(-3.10147129255045,-67.4295918031102,26.0849573503347));
#6112=CARTESIAN_POINT('',(5.70025687207654E-7,-67.4295918016092,26.0849574243328));
#6113=CARTESIAN_POINT('Origin',(7.29881249328379E-7,-67.4296001447116,19.384957424338));
#6114=CARTESIAN_POINT('Origin',(7.26130937600544E-7,-59.6796001715397,19.3849477737346));
#6115=CARTESIAN_POINT('Origin',(7.29881249328379E-7,-67.4296001447116,19.384957424338));
#6116=CARTESIAN_POINT('Origin',(7.26130937600544E-7,-59.6796001447176,19.3849477737345));
#6117=CARTESIAN_POINT('Origin',(-1.79999928596682,-34.6796101424942,19.3849165998219));
#6118=CARTESIAN_POINT('Origin',(7.14033177584561E-7,-34.6796101684452,19.3849166427682));
#6119=CARTESIAN_POINT('Origin',(7.05685717083959E-7,-17.4296101684586,19.3848951623928));
#6120=CARTESIAN_POINT('Origin',(5.18078926980969E-7,-46.8798660807956,28.0098536102393));
#6121=CARTESIAN_POINT('',(-3.74999948657119,-45.3798660826115,28.0098516529092));
#6122=CARTESIAN_POINT('',(5.17353060874276E-7,-45.3798660807967,28.0098517423805));
#6123=CARTESIAN_POINT('',(-3.74999945005677,-46.8798679504691,26.509853520769));
#6124=CARTESIAN_POINT('Origin',(-3.74999948584533,-46.8798660826104,28.0098535207679));
#6125=CARTESIAN_POINT('',(-3.74999948511946,-48.3798660826092,28.0098553886266));
#6126=CARTESIAN_POINT('Origin',(-3.74999948584533,-46.8798660826104,28.0098535207679));
#6127=CARTESIAN_POINT('Origin',(-3.74999948584533,-46.8798660826104,28.0098535207679));
#6128=CARTESIAN_POINT('Origin',(-3.74999948584533,-46.8798660826104,28.0098535207679));
#6129=CARTESIAN_POINT('Origin',(5.47967655140091E-7,-51.429591344478,26.6849390471817));
#6130=CARTESIAN_POINT('Origin',(9.04052234185215E-7,-67.4296092349574,12.0849574243436));
#6131=CARTESIAN_POINT('Origin',(-5.37536656862876,-67.129594107444,24.2353257001599));
#6132=CARTESIAN_POINT('',(-7.74999931906489,-67.429597593889,21.436429102005));
#6133=CARTESIAN_POINT('',(-5.16323451456627,-67.4295943714963,24.023194029937));
#6134=CARTESIAN_POINT('',(-8.34999932528488,-66.8295972847028,21.68495653597));
#6135=CARTESIAN_POINT('Origin',(-5.37536147118974,-67.1296061871887,14.5345830300636));
#6136=CARTESIAN_POINT('',(-7.7499992211726,-67.4296027030352,17.3334853768579));
#6137=CARTESIAN_POINT('',(-5.16322930284012,-67.4296059229304,14.746715581962));
#6138=CARTESIAN_POINT('',(-7.7499992211726,-67.4296027030352,17.3334853768579));
#6139=CARTESIAN_POINT('Origin',(7.29881249328379E-7,-67.4296001447116,19.384957424338));
#6140=CARTESIAN_POINT('',(-7.74999927011875,-67.4296001484621,19.3849572394304));
#6141=CARTESIAN_POINT('Origin',(-3.74999948931344,-39.7130086527266,28.0098445963164));
#6142=CARTESIAN_POINT('',(-3.7499994493309,-48.3798679504679,26.5098553886278));
#6143=CARTESIAN_POINT('',(-3.7499994538314,-39.0795912743167,26.5098438075591));
#6144=CARTESIAN_POINT('',(-3.7499994493309,-48.3798679504679,26.5098553886278));
#6145=CARTESIAN_POINT('Origin',(-3.74999948931344,-39.7130086527266,28.0098445963164));
#6146=CARTESIAN_POINT('',(-3.74999945078263,-45.3798679504703,26.5098516529103));
#6147=CARTESIAN_POINT('',(-3.74999952235975,-45.3798642147528,29.509851652908));
#6148=CARTESIAN_POINT('',(-3.7499994538314,-39.0795912743167,26.5098438075591));
#6149=CARTESIAN_POINT('Origin',(6.81994924423002E-7,-42.4296032887263,20.8849262933642));
#6150=CARTESIAN_POINT('Origin',(7.05685717083959E-7,-17.4296101684586,19.3848951623928));
#6151=CARTESIAN_POINT('Origin',(8.77335291082915E-7,-19.6296190715432,12.2351979019245));
#6152=CARTESIAN_POINT('Origin',(-4.04999952235975,-45.379864214898,29.5098516457503));
#6153=CARTESIAN_POINT('',(-3.74999952235975,-45.3798642147528,29.509851652908));
#6154=CARTESIAN_POINT('',(-4.04999945078263,-45.3798679506154,26.5098516457526));
#6155=CARTESIAN_POINT('Origin',(-3.74999948931344,-39.7130086527266,28.0098445963164));
#6156=CARTESIAN_POINT('Origin',(-3.74999948931344,-39.7130086527266,28.0098445963164));
#6157=CARTESIAN_POINT('',(-3.7499994493309,-48.3798679504679,26.5098553886278));
#6158=CARTESIAN_POINT('Origin',(-4.0499994493309,-48.3798679506131,26.5098553814701));
#6159=CARTESIAN_POINT('',(-4.0499994493309,-48.3798679506131,26.5098553814701));
#6160=CARTESIAN_POINT('',(-4.0499994493309,-48.3798679506131,26.5098553814701));
#6161=CARTESIAN_POINT('',(-4.04999947363683,-48.3798666820501,27.5285858433597));
#6162=CARTESIAN_POINT('Origin',(-4.0499995017174,-40.5795887373347,28.5473065920395));
#6163=CARTESIAN_POINT('',(-4.04999945123431,-44.4464788352854,26.5098504834599));
#6164=CARTESIAN_POINT('Origin',(-8.04999927026392,-67.1296001486075,19.384956858701));
#6165=CARTESIAN_POINT('Origin',(-4.34999922290884,-44.6076081856262,16.9433507131063));
#6166=CARTESIAN_POINT('',(-4.34999945270368,-41.4100257219881,26.5098466951919));
#6167=CARTESIAN_POINT('Origin',(-4.34999945358945,-39.5795913450071,26.5098444158634));
#6168=UNCERTAINTY_MEASURE_WITH_UNIT(LENGTH_MEASURE(0.01),#6172,
'DISTANCE_ACCURACY_VALUE',
'Maximum model space distance between geometric entities at asserted c
onnectivities');
#6169=UNCERTAINTY_MEASURE_WITH_UNIT(LENGTH_MEASURE(0.01),#6172,
'DISTANCE_ACCURACY_VALUE',
'Maximum model space distance between geometric entities at asserted c
onnectivities');
#6170=(
GEOMETRIC_REPRESENTATION_CONTEXT(3)
GLOBAL_UNCERTAINTY_ASSIGNED_CONTEXT((#6168))
GLOBAL_UNIT_ASSIGNED_CONTEXT((#6172,#6174,#6175))
REPRESENTATION_CONTEXT('','3D')
);
#6171=(
GEOMETRIC_REPRESENTATION_CONTEXT(3)
GLOBAL_UNCERTAINTY_ASSIGNED_CONTEXT((#6169))
GLOBAL_UNIT_ASSIGNED_CONTEXT((#6172,#6174,#6175))
REPRESENTATION_CONTEXT('','3D')
);
#6172=(
LENGTH_UNIT()
NAMED_UNIT(*)
SI_UNIT(.MILLI.,.METRE.)
);
#6173=(
LENGTH_UNIT()
NAMED_UNIT(*)
SI_UNIT($,.METRE.)
);
#6174=(
NAMED_UNIT(*)
PLANE_ANGLE_UNIT()
SI_UNIT($,.RADIAN.)
);
#6175=(
NAMED_UNIT(*)
SI_UNIT($,.STERADIAN.)
SOLID_ANGLE_UNIT()
);
#6176=SHAPE_DEFINITION_REPRESENTATION(#6177,#6178);
#6177=PRODUCT_DEFINITION_SHAPE('',$,#6180);
#6178=SHAPE_REPRESENTATION('',(#3806),#6170);
#6179=PRODUCT_DEFINITION_CONTEXT('part definition',#6184,'design');
#6180=PRODUCT_DEFINITION('18. Hop Up Unit Left','18. Hop Up Unit Left',
#6181,#6179);
#6181=PRODUCT_DEFINITION_FORMATION('',$,#6186);
#6182=PRODUCT_RELATED_PRODUCT_CATEGORY('18. Hop Up Unit Left',
'18. Hop Up Unit Left',(#6186));
#6183=APPLICATION_PROTOCOL_DEFINITION('international standard',
'automotive_design',2009,#6184);
#6184=APPLICATION_CONTEXT(
'Core Data for Automotive Mechanical Design Process');
#6185=PRODUCT_CONTEXT('part definition',#6184,'mechanical');
#6186=PRODUCT('18. Hop Up Unit Left','18. Hop Up Unit Left',$,(#6185));
#6187=PRESENTATION_STYLE_ASSIGNMENT((#6189));
#6188=PRESENTATION_STYLE_ASSIGNMENT((#6190));
#6189=SURFACE_STYLE_USAGE(.BOTH.,#6191);
#6190=SURFACE_STYLE_USAGE(.BOTH.,#6192);
#6191=SURFACE_SIDE_STYLE('',(#6193));
#6192=SURFACE_SIDE_STYLE('',(#6194));
#6193=SURFACE_STYLE_FILL_AREA(#6195);
#6194=SURFACE_STYLE_FILL_AREA(#6196);
#6195=FILL_AREA_STYLE('Steel - Satin',(#6197));
#6196=FILL_AREA_STYLE('Plastic - Matte (Black) (1)',(#6198));
#6197=FILL_AREA_STYLE_COLOUR('Steel - Satin',#6199);
#6198=FILL_AREA_STYLE_COLOUR('Plastic - Matte (Black) (1)',#6200);
#6199=COLOUR_RGB('Steel - Satin',0.627450980392157,0.627450980392157,0.627450980392157);
#6200=COLOUR_RGB('Plastic - Matte (Black) (1)',0.0980392156862745,0.0980392156862745,
0.0980392156862745);
ENDSEC;
END-ISO-10303-21;
