ISO-10303-21;
HEADER;
/* Generated by software containing ST-Developer
 * from STEP Tools, Inc. (www.steptools.com) 
 */

FILE_DESCRIPTION(
/* description */ (''),
/* implementation_level */ '2;1');

FILE_NAME(
/* name */ '2. Barrel Long.step',
/* time_stamp */ '2025-10-08T23:19:29+01:00',
/* author */ (''),
/* organization */ (''),
/* preprocessor_version */ 'ST-DEVELOPER v20.1',
/* originating_system */ 'Autodesk Translation Framework v14.10.0.0',
/* authorisation */ '');

FILE_SCHEMA (('AUTOMOTIVE_DESIGN { 1 0 10303 214 3 1 1 }'));
ENDSEC;

DATA;
#10=MECHANICAL_DESIGN_GEOMETRIC_PRESENTATION_REPRESENTATION('',(#13),#6109);
#11=SHAPE_REPRESENTATION_RELATIONSHIP('SRR','None',#6116,#12);
#12=ADVANCED_BREP_SHAPE_REPRESENTATION('',(#14),#6108);
#13=STYLED_ITEM('',(#6126),#14);
#14=MANIFOLD_SOLID_BREP('2. Barrel Long',#951);
#15=(
BOUNDED_CURVE()
B_SPLINE_CURVE(2,(#6061,#6062,#6063),.UNSPECIFIED.,.F.,.F.)
B_SPLINE_CURVE_WITH_KNOTS((3,3),(2.6264808344839,2.745224265318),
 .UNSPECIFIED.)
CURVE()
GEOMETRIC_REPRESENTATION_ITEM()
RATIONAL_B_SPLINE_CURVE((5.43595001530804,5.52345913930985,5.60981398444583))
REPRESENTATION_ITEM('')
);
#16=(
BOUNDED_CURVE()
B_SPLINE_CURVE(2,(#6066,#6067,#6068),.UNSPECIFIED.,.F.,.F.)
B_SPLINE_CURVE_WITH_KNOTS((3,3),(20.4397215539412,20.5609848842806),
 .UNSPECIFIED.)
CURVE()
GEOMETRIC_REPRESENTATION_ITEM()
RATIONAL_B_SPLINE_CURVE((5.58435430814293,5.49886791067247,5.41220582115455))
REPRESENTATION_ITEM('')
);
#17=CONICAL_SURFACE('',#1020,12.25,0.785398163397448);
#18=ELLIPSE('',#1014,14.1421356237309,10.);
#19=B_SPLINE_SURFACE_WITH_KNOTS('',3,3,((#2848,#2849,#2850,#2851,#2852,
#2853,#2854,#2855,#2856,#2857,#2858,#2859,#2860,#2861,#2862,#2863,#2864,
#2865,#2866,#2867,#2868,#2869,#2870,#2871,#2872,#2873,#2874,#2875,#2876,
#2877,#2878,#2879,#2880,#2881,#2882,#2883,#2884,#2885,#2886,#2887,#2888,
#2889,#2890,#2891,#2892,#2893,#2894,#2895,#2896,#2897,#2898,#2899,#2900,
#2901,#2902,#2903,#2904,#2905,#2906,#2907,#2908,#2909,#2910,#2911,#2912,
#2913,#2914,#2915,#2916,#2917,#2918,#2919,#2920,#2921,#2922,#2923,#2924,
#2925,#2926,#2927,#2928,#2929,#2930,#2931,#2932,#2933,#2934,#2935,#2936,
#2937,#2938,#2939,#2940,#2941,#2942,#2943,#2944,#2945,#2946,#2947,#2948,
#2949,#2950,#2951,#2952,#2953,#2954,#2955,#2956,#2957,#2958,#2959,#2960,
#2961,#2962,#2963,#2964,#2965,#2966,#2967,#2968,#2969,#2970,#2971,#2972,
#2973,#2974,#2975,#2976,#2977,#2978,#2979,#2980),(#2981,#2982,#2983,#2984,
#2985,#2986,#2987,#2988,#2989,#2990,#2991,#2992,#2993,#2994,#2995,#2996,
#2997,#2998,#2999,#3000,#3001,#3002,#3003,#3004,#3005,#3006,#3007,#3008,
#3009,#3010,#3011,#3012,#3013,#3014,#3015,#3016,#3017,#3018,#3019,#3020,
#3021,#3022,#3023,#3024,#3025,#3026,#3027,#3028,#3029,#3030,#3031,#3032,
#3033,#3034,#3035,#3036,#3037,#3038,#3039,#3040,#3041,#3042,#3043,#3044,
#3045,#3046,#3047,#3048,#3049,#3050,#3051,#3052,#3053,#3054,#3055,#3056,
#3057,#3058,#3059,#3060,#3061,#3062,#3063,#3064,#3065,#3066,#3067,#3068,
#3069,#3070,#3071,#3072,#3073,#3074,#3075,#3076,#3077,#3078,#3079,#3080,
#3081,#3082,#3083,#3084,#3085,#3086,#3087,#3088,#3089,#3090,#3091,#3092,
#3093,#3094,#3095,#3096,#3097,#3098,#3099,#3100,#3101,#3102,#3103,#3104,
#3105,#3106,#3107,#3108,#3109,#3110,#3111,#3112,#3113),(#3114,#3115,#3116,
#3117,#3118,#3119,#3120,#3121,#3122,#3123,#3124,#3125,#3126,#3127,#3128,
#3129,#3130,#3131,#3132,#3133,#3134,#3135,#3136,#3137,#3138,#3139,#3140,
#3141,#3142,#3143,#3144,#3145,#3146,#3147,#3148,#3149,#3150,#3151,#3152,
#3153,#3154,#3155,#3156,#3157,#3158,#3159,#3160,#3161,#3162,#3163,#3164,
#3165,#3166,#3167,#3168,#3169,#3170,#3171,#3172,#3173,#3174,#3175,#3176,
#3177,#3178,#3179,#3180,#3181,#3182,#3183,#3184,#3185,#3186,#3187,#3188,
#3189,#3190,#3191,#3192,#3193,#3194,#3195,#3196,#3197,#3198,#3199,#3200,
#3201,#3202,#3203,#3204,#3205,#3206,#3207,#3208,#3209,#3210,#3211,#3212,
#3213,#3214,#3215,#3216,#3217,#3218,#3219,#3220,#3221,#3222,#3223,#3224,
#3225,#3226,#3227,#3228,#3229,#3230,#3231,#3232,#3233,#3234,#3235,#3236,
#3237,#3238,#3239,#3240,#3241,#3242,#3243,#3244,#3245,#3246),(#3247,#3248,
#3249,#3250,#3251,#3252,#3253,#3254,#3255,#3256,#3257,#3258,#3259,#3260,
#3261,#3262,#3263,#3264,#3265,#3266,#3267,#3268,#3269,#3270,#3271,#3272,
#3273,#3274,#3275,#3276,#3277,#3278,#3279,#3280,#3281,#3282,#3283,#3284,
#3285,#3286,#3287,#3288,#3289,#3290,#3291,#3292,#3293,#3294,#3295,#3296,
#3297,#3298,#3299,#3300,#3301,#3302,#3303,#3304,#3305,#3306,#3307,#3308,
#3309,#3310,#3311,#3312,#3313,#3314,#3315,#3316,#3317,#3318,#3319,#3320,
#3321,#3322,#3323,#3324,#3325,#3326,#3327,#3328,#3329,#3330,#3331,#3332,
#3333,#3334,#3335,#3336,#3337,#3338,#3339,#3340,#3341,#3342,#3343,#3344,
#3345,#3346,#3347,#3348,#3349,#3350,#3351,#3352,#3353,#3354,#3355,#3356,
#3357,#3358,#3359,#3360,#3361,#3362,#3363,#3364,#3365,#3366,#3367,#3368,
#3369,#3370,#3371,#3372,#3373,#3374,#3375,#3376,#3377,#3378,#3379)),
 .UNSPECIFIED.,.F.,.F.,.F.,(4,4),(4,1,1,1,1,1,1,1,1,1,1,1,1,1,1,1,1,1,1,
1,1,1,1,1,1,1,1,1,1,1,1,1,1,1,1,1,1,1,1,1,1,1,1,1,1,1,1,1,1,1,1,1,1,1,1,
1,1,1,1,1,1,1,1,1,1,1,1,1,1,1,1,1,1,1,1,1,1,1,1,1,1,1,1,1,1,1,1,1,1,1,1,
1,1,1,1,1,1,1,1,1,1,1,1,1,1,1,1,1,1,1,1,1,1,1,1,1,1,1,1,1,1,1,1,1,1,1,1,
1,1,1,4),(0.,0.0641840294258104),(16.1879070990715,16.6867398208023,17.1855725425332,
17.6844052642641,18.183237985995,18.6820707077259,19.1809034294568,19.6797361511877,
20.1785688729185,20.6774015946494,21.1762343163803,21.6750670381112,22.1738997598421,
22.672732481573,23.1715652033039,23.6703979250348,24.1692306467656,24.6680633684965,
25.1668960902274,25.6657288119583,26.1645615336892,26.6633942554201,27.162226977151,
27.6610596988819,28.1598924206127,28.6587251423436,29.1575578640745,29.6563905858054,
30.1552233075363,30.6540560292672,31.1528887509981,31.6517214727289,32.1505541944598,
32.6493869161907,33.1482196379216,33.6470523596525,34.1458850813834,34.6447178031143,
35.1435505248452,35.642383246576,36.1412159683069,36.6400486900378,37.1388814117687,
37.6377141334996,38.1365468552305,38.6353795769614,39.1342122986922,39.6330450204231,
40.131877742154,40.6307104638849,41.1295431856158,41.6283759073467,42.1272086290776,
42.6260413508084,43.1248740725393,43.6237067942702,44.1225395160011,44.621372237732,
45.1202049594629,45.6190376811938,46.1178704029247,46.6167031246555,47.1155358463864,
47.6143685681173,48.1132012898482,48.6120340115791,49.11086673331,49.6096994550409,
50.1085321767718,50.6073648985026,51.1061976202335,51.6050303419644,52.1038630636953,
52.6026957854262,53.1015285071571,53.600361228888,54.0991939506188,54.5980266723497,
55.0968593940806,55.5956921158115,56.0945248375424,56.5933575592733,57.0921902810042,
57.5910230027351,58.0898557244659,58.5886884461968,59.0875211679277,59.5863538896586,
60.0851866113895,60.5840193331204,61.0828520548513,61.5816847765822,62.080517498313,
62.5793502200439,63.0781829417748,63.5770156635057,64.0758483852366,64.5746811069675,
65.0735138286984,65.5723465504292,66.0711792721601,66.570011993891,67.0688447156219,
67.5676774373528,68.0665101590837,68.5653428808146,69.0641756025454,69.5630083242763,
70.0618410460072,70.5606737677381,71.059506489469,71.5583392111999,72.0571719329308,
72.5560046546616,73.0548373763925,73.5536700981234,74.0525028198543,74.5513355415852,
75.0501682633161,75.549000985047,76.0478337067779,76.5466664285088,77.0454991502396,
77.5443318719705,78.0431645937014,78.5419973154323,79.0408300371632,79.5396627588941,
80.038495480625,80.5373282023558,81.0361609240867),.UNSPECIFIED.);
#20=B_SPLINE_SURFACE_WITH_KNOTS('',3,3,((#3739,#3740,#3741,#3742,#3743,
#3744,#3745,#3746,#3747,#3748,#3749,#3750,#3751,#3752,#3753,#3754,#3755,
#3756,#3757,#3758,#3759,#3760,#3761,#3762,#3763,#3764,#3765,#3766,#3767,
#3768,#3769,#3770,#3771,#3772,#3773,#3774,#3775,#3776,#3777,#3778,#3779,
#3780,#3781,#3782,#3783,#3784,#3785,#3786,#3787,#3788,#3789,#3790,#3791,
#3792,#3793,#3794,#3795,#3796,#3797,#3798,#3799,#3800,#3801,#3802,#3803,
#3804,#3805,#3806,#3807,#3808,#3809,#3810,#3811,#3812,#3813,#3814,#3815,
#3816,#3817,#3818,#3819,#3820,#3821,#3822,#3823,#3824,#3825,#3826,#3827,
#3828,#3829,#3830,#3831,#3832,#3833,#3834,#3835,#3836,#3837,#3838,#3839,
#3840,#3841,#3842,#3843,#3844,#3845,#3846,#3847,#3848,#3849,#3850,#3851,
#3852,#3853,#3854,#3855,#3856,#3857,#3858,#3859,#3860,#3861,#3862,#3863,
#3864,#3865,#3866,#3867,#3868,#3869,#3870,#3871),(#3872,#3873,#3874,#3875,
#3876,#3877,#3878,#3879,#3880,#3881,#3882,#3883,#3884,#3885,#3886,#3887,
#3888,#3889,#3890,#3891,#3892,#3893,#3894,#3895,#3896,#3897,#3898,#3899,
#3900,#3901,#3902,#3903,#3904,#3905,#3906,#3907,#3908,#3909,#3910,#3911,
#3912,#3913,#3914,#3915,#3916,#3917,#3918,#3919,#3920,#3921,#3922,#3923,
#3924,#3925,#3926,#3927,#3928,#3929,#3930,#3931,#3932,#3933,#3934,#3935,
#3936,#3937,#3938,#3939,#3940,#3941,#3942,#3943,#3944,#3945,#3946,#3947,
#3948,#3949,#3950,#3951,#3952,#3953,#3954,#3955,#3956,#3957,#3958,#3959,
#3960,#3961,#3962,#3963,#3964,#3965,#3966,#3967,#3968,#3969,#3970,#3971,
#3972,#3973,#3974,#3975,#3976,#3977,#3978,#3979,#3980,#3981,#3982,#3983,
#3984,#3985,#3986,#3987,#3988,#3989,#3990,#3991,#3992,#3993,#3994,#3995,
#3996,#3997,#3998,#3999,#4000,#4001,#4002,#4003,#4004),(#4005,#4006,#4007,
#4008,#4009,#4010,#4011,#4012,#4013,#4014,#4015,#4016,#4017,#4018,#4019,
#4020,#4021,#4022,#4023,#4024,#4025,#4026,#4027,#4028,#4029,#4030,#4031,
#4032,#4033,#4034,#4035,#4036,#4037,#4038,#4039,#4040,#4041,#4042,#4043,
#4044,#4045,#4046,#4047,#4048,#4049,#4050,#4051,#4052,#4053,#4054,#4055,
#4056,#4057,#4058,#4059,#4060,#4061,#4062,#4063,#4064,#4065,#4066,#4067,
#4068,#4069,#4070,#4071,#4072,#4073,#4074,#4075,#4076,#4077,#4078,#4079,
#4080,#4081,#4082,#4083,#4084,#4085,#4086,#4087,#4088,#4089,#4090,#4091,
#4092,#4093,#4094,#4095,#4096,#4097,#4098,#4099,#4100,#4101,#4102,#4103,
#4104,#4105,#4106,#4107,#4108,#4109,#4110,#4111,#4112,#4113,#4114,#4115,
#4116,#4117,#4118,#4119,#4120,#4121,#4122,#4123,#4124,#4125,#4126,#4127,
#4128,#4129,#4130,#4131,#4132,#4133,#4134,#4135,#4136,#4137),(#4138,#4139,
#4140,#4141,#4142,#4143,#4144,#4145,#4146,#4147,#4148,#4149,#4150,#4151,
#4152,#4153,#4154,#4155,#4156,#4157,#4158,#4159,#4160,#4161,#4162,#4163,
#4164,#4165,#4166,#4167,#4168,#4169,#4170,#4171,#4172,#4173,#4174,#4175,
#4176,#4177,#4178,#4179,#4180,#4181,#4182,#4183,#4184,#4185,#4186,#4187,
#4188,#4189,#4190,#4191,#4192,#4193,#4194,#4195,#4196,#4197,#4198,#4199,
#4200,#4201,#4202,#4203,#4204,#4205,#4206,#4207,#4208,#4209,#4210,#4211,
#4212,#4213,#4214,#4215,#4216,#4217,#4218,#4219,#4220,#4221,#4222,#4223,
#4224,#4225,#4226,#4227,#4228,#4229,#4230,#4231,#4232,#4233,#4234,#4235,
#4236,#4237,#4238,#4239,#4240,#4241,#4242,#4243,#4244,#4245,#4246,#4247,
#4248,#4249,#4250,#4251,#4252,#4253,#4254,#4255,#4256,#4257,#4258,#4259,
#4260,#4261,#4262,#4263,#4264,#4265,#4266,#4267,#4268,#4269,#4270)),
 .UNSPECIFIED.,.F.,.F.,.F.,(4,4),(4,1,1,1,1,1,1,1,1,1,1,1,1,1,1,1,1,1,1,
1,1,1,1,1,1,1,1,1,1,1,1,1,1,1,1,1,1,1,1,1,1,1,1,1,1,1,1,1,1,1,1,1,1,1,1,
1,1,1,1,1,1,1,1,1,1,1,1,1,1,1,1,1,1,1,1,1,1,1,1,1,1,1,1,1,1,1,1,1,1,1,1,
1,1,1,1,1,1,1,1,1,1,1,1,1,1,1,1,1,1,1,1,1,1,1,1,1,1,1,1,1,1,1,1,1,1,1,1,
1,1,1,4),(0.,0.0641840294258104),(18.7278625035449,19.2266952252758,19.7255279470067,
20.2243606687376,20.7231933904685,21.2220261121994,21.7208588339302,22.2196915556611,
22.718524277392,23.2173569991229,23.7161897208538,24.2150224425847,24.7138551643156,
25.2126878860465,25.7115206077773,26.2103533295082,26.7091860512391,27.20801877297,
27.7068514947009,28.2056842164318,28.7045169381627,29.2033496598935,29.7021823816244,
30.2010151033553,30.6998478250862,31.1986805468171,31.697513268548,32.1963459902789,
32.6951787120097,33.1940114337406,33.6928441554715,34.1916768772024,34.6905095989333,
35.1893423206642,35.6881750423951,36.187007764126,36.6858404858568,37.1846732075877,
37.6835059293186,38.1823386510495,38.6811713727804,39.1800040945113,39.6788368162422,
40.177669537973,40.6765022597039,41.1753349814348,41.6741677031657,42.1730004248966,
42.6718331466275,43.1706658683584,43.6694985900893,44.1683313118201,44.667164033551,
45.1659967552819,45.6648294770128,46.1636621987437,46.6624949204746,47.1613276422055,
47.6601603639363,48.1589930856672,48.6578258073981,49.156658529129,49.6554912508599,
50.1543239725908,50.6531566943217,51.1519894160526,51.6508221377834,52.1496548595143,
52.6484875812452,53.1473203029761,53.646153024707,54.1449857464379,54.6438184681688,
55.1426511898996,55.6414839116305,56.1403166333614,56.6391493550923,57.1379820768232,
57.6368147985541,58.135647520285,58.6344802420159,59.1333129637467,59.6321456854776,
60.1309784072085,60.6298111289394,61.1286438506703,61.6274765724012,62.1263092941321,
62.6251420158629,63.1239747375938,63.6228074593247,64.1216401810556,64.6204729027865,
65.1193056245174,65.6181383462483,66.1169710679792,66.61580378971,67.1146365114409,
67.6134692331718,68.1123019549027,68.6111346766336,69.1099673983645,69.6088001200954,
70.1076328418262,70.6064655635571,71.105298285288,71.6041310070189,72.1029637287498,
72.6017964504807,73.1006291722116,73.5994618939424,74.0982946156733,74.5971273374042,
75.0959600591351,75.594792780866,76.0936255025969,76.5924582243278,77.0912909460586,
77.5901236677895,78.0889563895204,78.5877891112513,79.0866218329822,79.5854545547131,
80.084287276444,80.5831199981749,81.0819527199057,81.5807854416366,82.0796181633675,
82.5784508850984,83.0772836068293,83.5761163285602),.UNSPECIFIED.);
#21=B_SPLINE_SURFACE_WITH_KNOTS('',3,3,((#4585,#4586,#4587,#4588,#4589,
#4590,#4591,#4592,#4593,#4594,#4595,#4596,#4597,#4598,#4599,#4600,#4601,
#4602,#4603,#4604,#4605,#4606,#4607,#4608,#4609,#4610,#4611,#4612,#4613,
#4614,#4615,#4616,#4617,#4618,#4619,#4620,#4621,#4622,#4623,#4624,#4625,
#4626,#4627,#4628,#4629,#4630,#4631,#4632,#4633,#4634,#4635,#4636,#4637,
#4638,#4639,#4640,#4641,#4642,#4643,#4644,#4645,#4646,#4647,#4648,#4649,
#4650,#4651,#4652,#4653,#4654,#4655,#4656,#4657,#4658,#4659),(#4660,#4661,
#4662,#4663,#4664,#4665,#4666,#4667,#4668,#4669,#4670,#4671,#4672,#4673,
#4674,#4675,#4676,#4677,#4678,#4679,#4680,#4681,#4682,#4683,#4684,#4685,
#4686,#4687,#4688,#4689,#4690,#4691,#4692,#4693,#4694,#4695,#4696,#4697,
#4698,#4699,#4700,#4701,#4702,#4703,#4704,#4705,#4706,#4707,#4708,#4709,
#4710,#4711,#4712,#4713,#4714,#4715,#4716,#4717,#4718,#4719,#4720,#4721,
#4722,#4723,#4724,#4725,#4726,#4727,#4728,#4729,#4730,#4731,#4732,#4733,
#4734),(#4735,#4736,#4737,#4738,#4739,#4740,#4741,#4742,#4743,#4744,#4745,
#4746,#4747,#4748,#4749,#4750,#4751,#4752,#4753,#4754,#4755,#4756,#4757,
#4758,#4759,#4760,#4761,#4762,#4763,#4764,#4765,#4766,#4767,#4768,#4769,
#4770,#4771,#4772,#4773,#4774,#4775,#4776,#4777,#4778,#4779,#4780,#4781,
#4782,#4783,#4784,#4785,#4786,#4787,#4788,#4789,#4790,#4791,#4792,#4793,
#4794,#4795,#4796,#4797,#4798,#4799,#4800,#4801,#4802,#4803,#4804,#4805,
#4806,#4807,#4808,#4809),(#4810,#4811,#4812,#4813,#4814,#4815,#4816,#4817,
#4818,#4819,#4820,#4821,#4822,#4823,#4824,#4825,#4826,#4827,#4828,#4829,
#4830,#4831,#4832,#4833,#4834,#4835,#4836,#4837,#4838,#4839,#4840,#4841,
#4842,#4843,#4844,#4845,#4846,#4847,#4848,#4849,#4850,#4851,#4852,#4853,
#4854,#4855,#4856,#4857,#4858,#4859,#4860,#4861,#4862,#4863,#4864,#4865,
#4866,#4867,#4868,#4869,#4870,#4871,#4872,#4873,#4874,#4875,#4876,#4877,
#4878,#4879,#4880,#4881,#4882,#4883,#4884),(#4885,#4886,#4887,#4888,#4889,
#4890,#4891,#4892,#4893,#4894,#4895,#4896,#4897,#4898,#4899,#4900,#4901,
#4902,#4903,#4904,#4905,#4906,#4907,#4908,#4909,#4910,#4911,#4912,#4913,
#4914,#4915,#4916,#4917,#4918,#4919,#4920,#4921,#4922,#4923,#4924,#4925,
#4926,#4927,#4928,#4929,#4930,#4931,#4932,#4933,#4934,#4935,#4936,#4937,
#4938,#4939,#4940,#4941,#4942,#4943,#4944,#4945,#4946,#4947,#4948,#4949,
#4950,#4951,#4952,#4953,#4954,#4955,#4956,#4957,#4958,#4959),(#4960,#4961,
#4962,#4963,#4964,#4965,#4966,#4967,#4968,#4969,#4970,#4971,#4972,#4973,
#4974,#4975,#4976,#4977,#4978,#4979,#4980,#4981,#4982,#4983,#4984,#4985,
#4986,#4987,#4988,#4989,#4990,#4991,#4992,#4993,#4994,#4995,#4996,#4997,
#4998,#4999,#5000,#5001,#5002,#5003,#5004,#5005,#5006,#5007,#5008,#5009,
#5010,#5011,#5012,#5013,#5014,#5015,#5016,#5017,#5018,#5019,#5020,#5021,
#5022,#5023,#5024,#5025,#5026,#5027,#5028,#5029,#5030,#5031,#5032,#5033,
#5034),(#5035,#5036,#5037,#5038,#5039,#5040,#5041,#5042,#5043,#5044,#5045,
#5046,#5047,#5048,#5049,#5050,#5051,#5052,#5053,#5054,#5055,#5056,#5057,
#5058,#5059,#5060,#5061,#5062,#5063,#5064,#5065,#5066,#5067,#5068,#5069,
#5070,#5071,#5072,#5073,#5074,#5075,#5076,#5077,#5078,#5079,#5080,#5081,
#5082,#5083,#5084,#5085,#5086,#5087,#5088,#5089,#5090,#5091,#5092,#5093,
#5094,#5095,#5096,#5097,#5098,#5099,#5100,#5101,#5102,#5103,#5104,#5105,
#5106,#5107,#5108,#5109)),.UNSPECIFIED.,.F.,.F.,.F.,(4,1,1,1,4),(4,1,1,
1,1,1,1,1,1,1,1,1,1,1,1,1,1,1,1,1,1,1,1,1,1,1,1,1,1,1,1,1,1,1,1,1,1,1,1,
1,1,1,1,1,1,1,1,1,1,1,1,1,1,1,1,1,1,1,1,1,1,1,1,1,1,1,1,1,1,1,1,1,4),(0.,
0.285714285714286,0.5,0.785714285714286,1.),(-0.315785042308915,0.347327232800822,
1.01043950791056,1.67355178302029,2.33666405813003,2.99977633323977,3.6628886083495,
4.32600088345924,4.65755702101411,4.98911315856897,5.43118800864213,5.87326285871529,
6.31533770878845,6.7574125588616,7.19948740893476,7.64156225900792,8.30467453411766,
8.96778680922739,9.63089908433713,10.2940113594469,10.73608620952,11.1781610595932,
11.6202359096663,12.0623107597395,12.5043856098126,12.9464604598858,13.388535309959,
13.8306101600321,14.2726850101053,14.7147598601784,15.1568347102516,15.5989095603248,
16.0409844103979,16.4830592604711,16.9251341105442,17.3672089606174,17.9566420940483,
18.5460752274791,19.13550836091,19.4302249276254,20.0196580610563,20.4617329111295,
20.9038077612026,21.3458826112758,21.787957461349,22.0826740280644,22.6721071614953,
23.2615402949261,23.850973428357,24.4404065617879,24.8824814118611,25.3245562619342,
25.7666311120074,26.2087059620805,26.6507808121537,27.0928556622268,27.5349305123,
27.9770053623732,28.4190802124463,28.8611550625195,29.3032299125926,29.7453047626658,
30.3347378960967,30.9241710295275,31.5136041629584,32.1767164380682,32.8398287131779,
33.5029409882876,34.1660532633974,34.8291655385071,35.4922778136168,36.1553900887266,
36.8185023638363),.UNSPECIFIED.);
#22=B_SPLINE_SURFACE_WITH_KNOTS('',3,3,((#5270,#5271,#5272,#5273,#5274,
#5275,#5276,#5277,#5278,#5279,#5280,#5281,#5282,#5283,#5284,#5285,#5286,
#5287,#5288,#5289,#5290,#5291,#5292,#5293,#5294,#5295,#5296,#5297,#5298,
#5299,#5300,#5301,#5302,#5303,#5304,#5305,#5306,#5307,#5308,#5309,#5310,
#5311,#5312,#5313,#5314,#5315,#5316,#5317,#5318,#5319,#5320,#5321,#5322,
#5323,#5324,#5325,#5326,#5327,#5328,#5329,#5330,#5331,#5332,#5333,#5334,
#5335,#5336,#5337,#5338),(#5339,#5340,#5341,#5342,#5343,#5344,#5345,#5346,
#5347,#5348,#5349,#5350,#5351,#5352,#5353,#5354,#5355,#5356,#5357,#5358,
#5359,#5360,#5361,#5362,#5363,#5364,#5365,#5366,#5367,#5368,#5369,#5370,
#5371,#5372,#5373,#5374,#5375,#5376,#5377,#5378,#5379,#5380,#5381,#5382,
#5383,#5384,#5385,#5386,#5387,#5388,#5389,#5390,#5391,#5392,#5393,#5394,
#5395,#5396,#5397,#5398,#5399,#5400,#5401,#5402,#5403,#5404,#5405,#5406,
#5407),(#5408,#5409,#5410,#5411,#5412,#5413,#5414,#5415,#5416,#5417,#5418,
#5419,#5420,#5421,#5422,#5423,#5424,#5425,#5426,#5427,#5428,#5429,#5430,
#5431,#5432,#5433,#5434,#5435,#5436,#5437,#5438,#5439,#5440,#5441,#5442,
#5443,#5444,#5445,#5446,#5447,#5448,#5449,#5450,#5451,#5452,#5453,#5454,
#5455,#5456,#5457,#5458,#5459,#5460,#5461,#5462,#5463,#5464,#5465,#5466,
#5467,#5468,#5469,#5470,#5471,#5472,#5473,#5474,#5475,#5476),(#5477,#5478,
#5479,#5480,#5481,#5482,#5483,#5484,#5485,#5486,#5487,#5488,#5489,#5490,
#5491,#5492,#5493,#5494,#5495,#5496,#5497,#5498,#5499,#5500,#5501,#5502,
#5503,#5504,#5505,#5506,#5507,#5508,#5509,#5510,#5511,#5512,#5513,#5514,
#5515,#5516,#5517,#5518,#5519,#5520,#5521,#5522,#5523,#5524,#5525,#5526,
#5527,#5528,#5529,#5530,#5531,#5532,#5533,#5534,#5535,#5536,#5537,#5538,
#5539,#5540,#5541,#5542,#5543,#5544,#5545)),.UNSPECIFIED.,.F.,.F.,.F.,(4,
4),(4,1,1,1,1,1,1,1,1,1,1,1,1,1,1,1,1,1,1,1,1,1,1,1,1,1,1,1,1,1,1,1,1,1,
1,1,1,1,1,1,1,1,1,1,1,1,1,1,1,1,1,1,1,1,1,1,1,1,1,1,1,1,1,1,1,1,4),(0.00577158505174548,
0.0857802683640645),(12.0982526413807,12.8761743931926,13.6540961450046,
14.4320178968165,15.2099396486284,15.9878614004403,16.7657831522522,17.5437049040641,
18.321626655876,18.840241157084,19.3588556582919,19.8774701594999,20.3960846607078,
20.9146991619157,21.4333136631237,22.2112354149356,22.9891571667475,23.7670789185594,
24.1560397944654,24.5450006703713,25.3229224221832,26.1008441739952,26.8787659258071,
27.656687677619,28.1753021788269,28.6939166800349,29.2125311812428,29.7311456824507,
30.2497601836587,30.7683746848666,31.2869891860746,31.8056036872825,32.3242181884905,
32.8428326896984,33.1885756905037,33.8800616921143,34.6579834439262,35.4359051957381,
36.21382694755,36.9917486993619,37.7696704511738,38.5475922029858,39.3255139547977,
40.1034357066096,40.8813574584215,41.6592792102334,42.4372009620453,43.2151227138572,
43.9930444656691,44.3820053415751,44.7709662174811,45.548887969293,46.3268097211049,
47.0182957227155,47.3640387235208,47.8826532247287,48.4012677259366,48.9198822271446,
49.4384967283525,50.2164184801644,50.9943402319764,51.7722619837883,52.5501837356002,
53.3281054874121,54.106027239224,54.8839489910359,55.6618707428478),
 .UNSPECIFIED.);
#23=B_SPLINE_SURFACE_WITH_KNOTS('',3,3,((#5653,#5654,#5655,#5656,#5657,
#5658,#5659,#5660,#5661,#5662,#5663,#5664,#5665,#5666,#5667,#5668,#5669,
#5670,#5671,#5672,#5673,#5674,#5675,#5676,#5677,#5678,#5679,#5680,#5681,
#5682,#5683,#5684,#5685,#5686,#5687,#5688,#5689,#5690,#5691,#5692,#5693,
#5694,#5695,#5696,#5697,#5698,#5699,#5700,#5701,#5702,#5703,#5704,#5705,
#5706,#5707,#5708,#5709,#5710,#5711,#5712,#5713,#5714,#5715,#5716,#5717,
#5718,#5719,#5720,#5721,#5722,#5723,#5724),(#5725,#5726,#5727,#5728,#5729,
#5730,#5731,#5732,#5733,#5734,#5735,#5736,#5737,#5738,#5739,#5740,#5741,
#5742,#5743,#5744,#5745,#5746,#5747,#5748,#5749,#5750,#5751,#5752,#5753,
#5754,#5755,#5756,#5757,#5758,#5759,#5760,#5761,#5762,#5763,#5764,#5765,
#5766,#5767,#5768,#5769,#5770,#5771,#5772,#5773,#5774,#5775,#5776,#5777,
#5778,#5779,#5780,#5781,#5782,#5783,#5784,#5785,#5786,#5787,#5788,#5789,
#5790,#5791,#5792,#5793,#5794,#5795,#5796),(#5797,#5798,#5799,#5800,#5801,
#5802,#5803,#5804,#5805,#5806,#5807,#5808,#5809,#5810,#5811,#5812,#5813,
#5814,#5815,#5816,#5817,#5818,#5819,#5820,#5821,#5822,#5823,#5824,#5825,
#5826,#5827,#5828,#5829,#5830,#5831,#5832,#5833,#5834,#5835,#5836,#5837,
#5838,#5839,#5840,#5841,#5842,#5843,#5844,#5845,#5846,#5847,#5848,#5849,
#5850,#5851,#5852,#5853,#5854,#5855,#5856,#5857,#5858,#5859,#5860,#5861,
#5862,#5863,#5864,#5865,#5866,#5867,#5868),(#5869,#5870,#5871,#5872,#5873,
#5874,#5875,#5876,#5877,#5878,#5879,#5880,#5881,#5882,#5883,#5884,#5885,
#5886,#5887,#5888,#5889,#5890,#5891,#5892,#5893,#5894,#5895,#5896,#5897,
#5898,#5899,#5900,#5901,#5902,#5903,#5904,#5905,#5906,#5907,#5908,#5909,
#5910,#5911,#5912,#5913,#5914,#5915,#5916,#5917,#5918,#5919,#5920,#5921,
#5922,#5923,#5924,#5925,#5926,#5927,#5928,#5929,#5930,#5931,#5932,#5933,
#5934,#5935,#5936,#5937,#5938,#5939,#5940)),.UNSPECIFIED.,.F.,.F.,.F.,(4,
4),(4,1,1,1,1,1,1,1,1,1,1,1,1,1,1,1,1,1,1,1,1,1,1,1,1,1,1,1,1,1,1,1,1,1,
1,1,1,1,1,1,1,1,1,1,1,1,1,1,1,1,1,1,1,1,1,1,1,1,1,1,1,1,1,1,1,1,1,1,1,4),
(0.0131198327481162,0.0931285160784608),(8.21718023236206,8.99510198417324,
9.77302373598442,10.5509454877956,11.3288672396068,12.106788991418,12.8847107432292,
13.6626324950403,14.4405542468515,14.959168748059,15.4777832492664,15.9963977504739,
16.5150122516813,17.2064982532913,17.8979842549012,18.0708557553037,18.5894702565112,
19.1080847577186,19.6266992589261,20.1453137601335,20.663928261341,21.4418500131522,
22.2197717649634,22.7383862661708,23.2570007673783,23.7756152685857,24.5535370203969,
25.3314587722081,26.1093805240193,26.8873022758305,27.6652240276416,28.4431457794528,
29.221067531264,29.9989892830752,30.7769110348864,31.5548327866976,32.3327545385088,
33.1106762903199,33.6292907915274,34.1479052927348,34.4936482935398,35.1851342951498,
35.8766202967597,36.5681062983696,37.2595922999796,37.778206801187,38.2968213023945,
38.8154358036019,39.3340503048094,39.8526648060169,40.3712793072243,40.8898938084318,
41.4085083096392,41.9271228108467,42.4457373120541,42.9643518132616,43.4829663144691,
44.174452316079,44.8659383176889,45.5574243192989,45.7519047572517,45.9463851952045,
46.3353460711101,47.1132678229212,47.8911895747324,48.6691113265436,49.4470330783548,
50.224954830166,51.0028765819772,51.7807983337883),.UNSPECIFIED.);
#24=FACE_BOUND('',#126,.T.);
#25=FACE_BOUND('',#133,.T.);
#26=FACE_BOUND('',#140,.T.);
#27=FACE_BOUND('',#146,.T.);
#28=FACE_BOUND('',#147,.T.);
#29=FACE_BOUND('',#148,.T.);
#30=PLANE('',#1004);
#31=PLANE('',#1007);
#32=PLANE('',#1010);
#33=PLANE('',#1017);
#34=PLANE('',#1018);
#35=PLANE('',#1022);
#36=PLANE('',#1023);
#37=PLANE('',#1024);
#38=PLANE('',#1033);
#39=PLANE('',#1034);
#40=PLANE('',#1035);
#41=PLANE('',#1036);
#42=FACE_OUTER_BOUND('',#96,.T.);
#43=FACE_OUTER_BOUND('',#97,.T.);
#44=FACE_OUTER_BOUND('',#98,.T.);
#45=FACE_OUTER_BOUND('',#99,.T.);
#46=FACE_OUTER_BOUND('',#100,.T.);
#47=FACE_OUTER_BOUND('',#101,.T.);
#48=FACE_OUTER_BOUND('',#102,.T.);
#49=FACE_OUTER_BOUND('',#103,.T.);
#50=FACE_OUTER_BOUND('',#104,.T.);
#51=FACE_OUTER_BOUND('',#105,.T.);
#52=FACE_OUTER_BOUND('',#106,.T.);
#53=FACE_OUTER_BOUND('',#107,.T.);
#54=FACE_OUTER_BOUND('',#108,.T.);
#55=FACE_OUTER_BOUND('',#109,.T.);
#56=FACE_OUTER_BOUND('',#110,.T.);
#57=FACE_OUTER_BOUND('',#111,.T.);
#58=FACE_OUTER_BOUND('',#112,.T.);
#59=FACE_OUTER_BOUND('',#113,.T.);
#60=FACE_OUTER_BOUND('',#114,.T.);
#61=FACE_OUTER_BOUND('',#115,.T.);
#62=FACE_OUTER_BOUND('',#116,.T.);
#63=FACE_OUTER_BOUND('',#117,.T.);
#64=FACE_OUTER_BOUND('',#118,.T.);
#65=FACE_OUTER_BOUND('',#119,.T.);
#66=FACE_OUTER_BOUND('',#120,.T.);
#67=FACE_OUTER_BOUND('',#121,.T.);
#68=FACE_OUTER_BOUND('',#122,.T.);
#69=FACE_OUTER_BOUND('',#123,.T.);
#70=FACE_OUTER_BOUND('',#124,.T.);
#71=FACE_OUTER_BOUND('',#125,.T.);
#72=FACE_OUTER_BOUND('',#127,.T.);
#73=FACE_OUTER_BOUND('',#128,.T.);
#74=FACE_OUTER_BOUND('',#129,.T.);
#75=FACE_OUTER_BOUND('',#130,.T.);
#76=FACE_OUTER_BOUND('',#131,.T.);
#77=FACE_OUTER_BOUND('',#132,.T.);
#78=FACE_OUTER_BOUND('',#134,.T.);
#79=FACE_OUTER_BOUND('',#135,.T.);
#80=FACE_OUTER_BOUND('',#136,.T.);
#81=FACE_OUTER_BOUND('',#137,.T.);
#82=FACE_OUTER_BOUND('',#138,.T.);
#83=FACE_OUTER_BOUND('',#139,.T.);
#84=FACE_OUTER_BOUND('',#141,.T.);
#85=FACE_OUTER_BOUND('',#142,.T.);
#86=FACE_OUTER_BOUND('',#143,.T.);
#87=FACE_OUTER_BOUND('',#144,.T.);
#88=FACE_OUTER_BOUND('',#145,.T.);
#89=FACE_OUTER_BOUND('',#149,.T.);
#90=FACE_OUTER_BOUND('',#150,.T.);
#91=FACE_OUTER_BOUND('',#151,.T.);
#92=FACE_OUTER_BOUND('',#152,.T.);
#93=FACE_OUTER_BOUND('',#153,.T.);
#94=FACE_OUTER_BOUND('',#154,.T.);
#95=FACE_OUTER_BOUND('',#155,.T.);
#96=EDGE_LOOP('',(#577,#578,#579));
#97=EDGE_LOOP('',(#580,#581,#582,#583,#584));
#98=EDGE_LOOP('',(#585,#586,#587,#588));
#99=EDGE_LOOP('',(#589,#590,#591,#592));
#100=EDGE_LOOP('',(#593,#594,#595,#596));
#101=EDGE_LOOP('',(#597,#598,#599,#600));
#102=EDGE_LOOP('',(#601,#602,#603,#604));
#103=EDGE_LOOP('',(#605,#606,#607));
#104=EDGE_LOOP('',(#608,#609,#610,#611,#612));
#105=EDGE_LOOP('',(#613,#614,#615,#616));
#106=EDGE_LOOP('',(#617,#618,#619,#620));
#107=EDGE_LOOP('',(#621,#622,#623,#624));
#108=EDGE_LOOP('',(#625,#626,#627,#628));
#109=EDGE_LOOP('',(#629,#630,#631,#632));
#110=EDGE_LOOP('',(#633,#634,#635,#636));
#111=EDGE_LOOP('',(#637,#638,#639,#640));
#112=EDGE_LOOP('',(#641,#642,#643,#644));
#113=EDGE_LOOP('',(#645,#646,#647));
#114=EDGE_LOOP('',(#648,#649,#650,#651));
#115=EDGE_LOOP('',(#652,#653,#654,#655));
#116=EDGE_LOOP('',(#656,#657,#658,#659));
#117=EDGE_LOOP('',(#660,#661,#662,#663));
#118=EDGE_LOOP('',(#664,#665,#666,#667));
#119=EDGE_LOOP('',(#668,#669,#670,#671));
#120=EDGE_LOOP('',(#672,#673,#674,#675));
#121=EDGE_LOOP('',(#676,#677,#678,#679));
#122=EDGE_LOOP('',(#680,#681,#682,#683));
#123=EDGE_LOOP('',(#684,#685,#686,#687));
#124=EDGE_LOOP('',(#688,#689,#690,#691));
#125=EDGE_LOOP('',(#692,#693,#694));
#126=EDGE_LOOP('',(#695));
#127=EDGE_LOOP('',(#696,#697,#698,#699));
#128=EDGE_LOOP('',(#700,#701,#702,#703,#704,#705,#706,#707,#708,#709,#710,
#711,#712,#713,#714,#715,#716,#717,#718,#719,#720,#721,#722,#723));
#129=EDGE_LOOP('',(#724,#725,#726,#727));
#130=EDGE_LOOP('',(#728,#729,#730,#731,#732,#733,#734,#735,#736,#737,#738,
#739,#740,#741,#742,#743,#744,#745,#746,#747,#748,#749,#750,#751));
#131=EDGE_LOOP('',(#752,#753,#754,#755,#756));
#132=EDGE_LOOP('',(#757));
#133=EDGE_LOOP('',(#758,#759,#760,#761));
#134=EDGE_LOOP('',(#762,#763,#764,#765,#766,#767,#768,#769));
#135=EDGE_LOOP('',(#770,#771,#772,#773));
#136=EDGE_LOOP('',(#774,#775,#776,#777,#778,#779,#780,#781,#782,#783,#784));
#137=EDGE_LOOP('',(#785,#786,#787,#788,#789,#790,#791,#792,#793,#794));
#138=EDGE_LOOP('',(#795,#796,#797,#798));
#139=EDGE_LOOP('',(#799,#800,#801,#802,#803));
#140=EDGE_LOOP('',(#804,#805,#806,#807,#808));
#141=EDGE_LOOP('',(#809,#810,#811,#812,#813));
#142=EDGE_LOOP('',(#814,#815,#816,#817));
#143=EDGE_LOOP('',(#818,#819,#820,#821));
#144=EDGE_LOOP('',(#822,#823,#824,#825,#826,#827,#828));
#145=EDGE_LOOP('',(#829,#830,#831,#832));
#146=EDGE_LOOP('',(#833));
#147=EDGE_LOOP('',(#834));
#148=EDGE_LOOP('',(#835));
#149=EDGE_LOOP('',(#836,#837,#838,#839));
#150=EDGE_LOOP('',(#840,#841,#842,#843));
#151=EDGE_LOOP('',(#844,#845,#846,#847));
#152=EDGE_LOOP('',(#848));
#153=EDGE_LOOP('',(#849));
#154=EDGE_LOOP('',(#850,#851,#852,#853));
#155=EDGE_LOOP('',(#854,#855,#856,#857,#858,#859,#860));
#156=B_SPLINE_CURVE_WITH_KNOTS('',3,(#1236,#1237,#1238,#1239),
 .UNSPECIFIED.,.F.,.F.,(4,4),(3.2544664540497,3.72380287987949),
 .UNSPECIFIED.);
#157=B_SPLINE_CURVE_WITH_KNOTS('',3,(#1245,#1246,#1247,#1248,#1249,#1250,
#1251,#1252,#1253,#1254,#1255,#1256,#1257,#1258,#1259,#1260,#1261,#1262,
#1263),.UNSPECIFIED.,.F.,.F.,(4,3,3,3,3,3,4),(33.4025605339926,34.0236257376548,
34.6535475821358,35.2834694266167,35.9133912710977,36.5433131155786,37.1732349600596),
 .UNSPECIFIED.);
#158=B_SPLINE_CURVE_WITH_KNOTS('',3,(#1265,#1266,#1267,#1268,#1269,#1270,
#1271,#1272,#1273,#1274,#1275,#1276,#1277,#1278,#1279,#1280,#1281,#1282,
#1283,#1284,#1285,#1286,#1287,#1288,#1289,#1290,#1291,#1292,#1293,#1294,
#1295,#1296,#1297,#1298),.UNSPECIFIED.,.F.,.F.,(4,3,3,3,3,3,3,3,3,3,3,4),
(3.72380287987949,3.78749229160456,4.41740705806934,5.04732182453412,5.6772365909989,
6.30715135746367,6.93706612392845,7.35700930157164,7.77695247921482,8.19689565685801,
8.61683883450119,8.81155263950658),.UNSPECIFIED.);
#159=B_SPLINE_CURVE_WITH_KNOTS('',3,(#1303,#1304,#1305,#1306,#1307,#1308,
#1309,#1310,#1311,#1312,#1313,#1314,#1315,#1316,#1317,#1318,#1319,#1320,
#1321,#1322,#1323,#1324,#1325,#1326,#1327,#1328,#1329,#1330,#1331,#1332,
#1333,#1334,#1335,#1336,#1337,#1338,#1339,#1340,#1341,#1342,#1343,#1344,
#1345),.UNSPECIFIED.,.F.,.F.,(4,3,3,3,3,3,3,3,3,3,3,3,3,3,4),(28.3147851664657,
28.3543604521741,28.7743057435023,29.1942510348306,29.6141963261588,30.034141617487,
30.4540869088152,31.0140139639195,31.5739410190238,32.1338680741281,32.2913475583762,
32.4488270426243,32.7637860111204,33.3937039481128,33.4025605339926),
 .UNSPECIFIED.);
#160=B_SPLINE_CURVE_WITH_KNOTS('',3,(#1346,#1347,#1348,#1349,#1350,#1351,
#1352,#1353,#1354,#1355,#1356,#1357,#1358,#1359,#1360,#1361,#1362,#1363,
#1364,#1365,#1366,#1367,#1368,#1369,#1370,#1371,#1372,#1373,#1374,#1375,
#1376,#1377,#1378,#1379),.UNSPECIFIED.,.F.,.F.,(4,3,3,3,3,3,3,3,3,3,3,4),
(8.81155263950658,8.89679989698046,9.45671719819669,10.0866241620649,10.7165311259332,
11.0314846078673,11.3464380898014,11.9763450536697,12.606252017538,13.2361589814062,
13.8660659452745,13.8992393782342),.UNSPECIFIED.);
#161=B_SPLINE_CURVE_WITH_KNOTS('',3,(#1384,#1385,#1386,#1387,#1388,#1389,
#1390,#1391,#1392,#1393,#1394,#1395,#1396,#1397,#1398,#1399,#1400,#1401,
#1402,#1403,#1404,#1405,#1406,#1407,#1408,#1409,#1410,#1411,#1412,#1413,
#1414,#1415,#1416,#1417),.UNSPECIFIED.,.F.,.F.,(4,3,3,3,3,3,3,3,3,3,3,4),
(23.2269607670593,23.7349181104574,24.2948505617441,24.8547830130308,25.4147154643175,
25.8346648027826,26.2546141412476,26.6745634797127,27.0945128181777,27.5144621566428,
27.9344114951078,28.3147851664657),.UNSPECIFIED.);
#162=B_SPLINE_CURVE_WITH_KNOTS('',3,(#1418,#1419,#1420,#1421,#1422,#1423,
#1424,#1425,#1426,#1427,#1428,#1429,#1430,#1431,#1432,#1433,#1434,#1435,
#1436,#1437,#1438,#1439,#1440,#1441,#1442,#1443,#1444,#1445),
 .UNSPECIFIED.,.F.,.F.,(4,3,3,3,3,3,3,3,3,4),(13.8992393782342,14.4959796849089,
15.1258938012197,15.7558079175305,16.3857220338413,17.0156361501522,17.645550266463,
18.2754643827738,18.9053784990846,18.9869838866467),.UNSPECIFIED.);
#163=B_SPLINE_CURVE_WITH_KNOTS('',3,(#1450,#1451,#1452,#1453,#1454,#1455,
#1456,#1457,#1458,#1459,#1460,#1461,#1462,#1463,#1464,#1465,#1466,#1467,
#1468,#1469,#1470,#1471,#1472,#1473,#1474,#1475,#1476,#1477,#1478,#1479,
#1480,#1481,#1482,#1483),.UNSPECIFIED.,.F.,.F.,(4,3,3,3,3,3,3,3,3,3,3,4),
(18.139112061642,18.2755530558058,18.905480072885,19.5354070899642,20.1653341070434,
20.7952611241226,21.4251881412018,22.055115158281,22.4750665030004,22.8950178477199,
23.1749854108662,23.2269607670593),.UNSPECIFIED.);
#164=B_SPLINE_CURVE_WITH_KNOTS('',3,(#1484,#1485,#1486,#1487,#1488,#1489,
#1490,#1491,#1492,#1493,#1494,#1495,#1496,#1497,#1498,#1499,#1500,#1501,
#1502,#1503,#1504,#1505,#1506,#1507,#1508,#1509,#1510,#1511,#1512,#1513,
#1514,#1515,#1516,#1517,#1518,#1519,#1520),.UNSPECIFIED.,.F.,.F.,(4,3,3,
3,3,3,3,3,3,3,3,3,4),(18.9869838866467,19.5352991359463,20.0952294535663,
20.3751946123763,20.7951423505913,21.2150900888063,21.6350378270213,22.0549855652363,
22.4749333034513,22.8948810416663,23.3148287798812,23.7347765180962,24.074788898749),
 .UNSPECIFIED.);
#165=B_SPLINE_CURVE_WITH_KNOTS('',3,(#1525,#1526,#1527,#1528,#1529,#1530,
#1531,#1532,#1533,#1534,#1535,#1536,#1537,#1538,#1539,#1540,#1541,#1542,
#1543,#1544,#1545,#1546,#1547,#1548,#1549,#1550,#1551,#1552,#1553,#1554,
#1555),.UNSPECIFIED.,.F.,.F.,(4,3,3,3,3,3,3,3,3,3,4),(13.0512635470699,
13.2361371030864,13.6560884320532,14.07603976102,14.4959910899868,15.125918083437,
15.7558450768871,16.3857720703373,17.0156990637875,17.6456260572377,18.139112061642),
 .UNSPECIFIED.);
#166=B_SPLINE_CURVE_WITH_KNOTS('',3,(#1556,#1557,#1558,#1559,#1560,#1561,
#1562,#1563,#1564,#1565,#1566,#1567,#1568,#1569,#1570,#1571,#1572,#1573,
#1574,#1575,#1576,#1577,#1578,#1579,#1580,#1581,#1582,#1583,#1584,#1585,
#1586,#1587,#1588,#1589),.UNSPECIFIED.,.F.,.F.,(4,3,3,3,3,3,3,3,3,3,3,4),
(24.074788898749,24.1547248156325,24.5746754922929,25.2046015072837,25.8345275222744,
26.4644535372651,27.0943795522558,27.4093425597512,27.7243055672465,28.3542315822372,
28.9841575972279,29.1626295105599),.UNSPECIFIED.);
#167=B_SPLINE_CURVE_WITH_KNOTS('',3,(#1595,#1596,#1597,#1598,#1599,#1600,
#1601,#1602,#1603,#1604,#1605,#1606,#1607,#1608,#1609,#1610),
 .UNSPECIFIED.,.F.,.F.,(4,3,3,3,3,4),(34.2504811482537,34.6535066388001,
35.2834387191398,35.9133707994794,36.5433028798191,37.1732349601588),
 .UNSPECIFIED.);
#168=B_SPLINE_CURVE_WITH_KNOTS('',3,(#1613,#1614,#1615,#1616,#1617,#1618,
#1619,#1620,#1621,#1622,#1623,#1624,#1625,#1626,#1627,#1628,#1629,#1630,
#1631,#1632,#1633,#1634,#1635,#1636,#1637,#1638,#1639,#1640),
 .UNSPECIFIED.,.F.,.F.,(4,3,3,3,3,3,3,3,3,4),(3.25446645394993,3.78731834586071,
4.41723606962656,5.04715379339242,5.67707151715827,6.30698924092412,6.93690696468997,
7.35685211386721,7.77679726304444,7.96343972202198),.UNSPECIFIED.);
#169=B_SPLINE_CURVE_WITH_KNOTS('',3,(#1647,#1648,#1649,#1650,#1651,#1652,
#1653,#1654,#1655,#1656),.UNSPECIFIED.,.F.,.F.,(4,3,3,4),(2.01659719311207,
2.49416360865443,2.99299633038532,3.26328607158349),.UNSPECIFIED.);
#170=B_SPLINE_CURVE_WITH_KNOTS('',3,(#1662,#1663,#1664,#1665,#1666,#1667,
#1668,#1669,#1670,#1671,#1672,#1673,#1674,#1675,#1676,#1677,#1678,#1679,
#1680,#1681,#1682,#1683,#1684,#1685,#1686,#1687,#1688,#1689,#1690,#1691,
#1692,#1693,#1694,#1695,#1696,#1697,#1698),.UNSPECIFIED.,.F.,.F.,(4,3,3,
3,3,3,3,3,3,3,3,3,4),(-5.80324147605695,-5.48715993903976,-4.98832721730887,
-4.48949449557798,-3.99066177384709,-3.49182905211621,-2.99299633038532,
-2.49416360865443,-1.99533088692355,-1.49649816519266,-0.997665443461773,
-0.498832721730885,-0.00019643989103797),.UNSPECIFIED.);
#171=B_SPLINE_CURVE_WITH_KNOTS('',3,(#1700,#1701,#1702,#1703,#1704,#1705,
#1706,#1707,#1708,#1709,#1710,#1711,#1712,#1713,#1714,#1715,#1716,#1717,
#1718,#1719,#1720,#1721,#1722,#1723,#1724,#1725,#1726,#1727,#1728,#1729,
#1730,#1731,#1732,#1733,#1734,#1735,#1736,#1737,#1738,#1739,#1740,#1741,
#1742),.UNSPECIFIED.,.F.,.F.,(4,3,3,3,3,3,3,3,3,3,3,3,3,3,4),(3.26328607158349,
3.49182905211621,3.99066177384709,4.48949449557797,4.98832721730886,5.48715993903974,
5.98599266077064,6.48482538250152,6.98365810423241,7.48249082596329,7.98132354769418,
8.48015626942507,8.97898899115595,9.47782171288684,9.54647137876317),
 .UNSPECIFIED.);
#172=B_SPLINE_CURVE_WITH_KNOTS('',3,(#1747,#1748,#1749,#1750,#1751,#1752,
#1753,#1754,#1755,#1756,#1757,#1758,#1759,#1760,#1761,#1762,#1763,#1764,
#1765,#1766,#1767,#1768,#1769,#1770,#1771,#1772,#1773,#1774,#1775,#1776,
#1777,#1778,#1779,#1780,#1781,#1782,#1783,#1784,#1785,#1786,#1787,#1788,
#1789),.UNSPECIFIED.,.F.,.F.,(4,3,3,3,3,3,3,3,3,3,3,3,3,3,4),(-12.0864267832366,
-11.9719853215413,-11.4731525998104,-10.9743198780795,-10.4754871563486,
-9.97665443461774,-9.47782171288685,-8.97898899115597,-8.48015626942507,
-7.98132354769419,-7.4824908259633,-6.98365810423241,-6.48482538250153,
-5.98599266077064,-5.80324147605695),.UNSPECIFIED.);
#173=B_SPLINE_CURVE_WITH_KNOTS('',3,(#1790,#1791,#1792,#1793,#1794,#1795,
#1796,#1797,#1798,#1799,#1800,#1801,#1802,#1803,#1804,#1805,#1806,#1807,
#1808,#1809,#1810,#1811,#1812,#1813,#1814,#1815,#1816,#1817,#1818,#1819,
#1820,#1821,#1822,#1823,#1824,#1825,#1826,#1827,#1828,#1829),
 .UNSPECIFIED.,.F.,.F.,(4,3,3,3,3,3,3,3,3,3,3,3,3,4),(9.54647137876317,
9.97665443461772,10.4754871563486,10.9743198780795,11.4731525998104,11.9719853215413,
12.4708180432722,12.969650765003,13.4684834867339,13.9673162084648,14.4661489301957,
14.9649816519266,15.4638143736575,15.8296566859426),.UNSPECIFIED.);
#174=B_SPLINE_CURVE_WITH_KNOTS('',3,(#1834,#1835,#1836,#1837,#1838,#1839,
#1840,#1841,#1842,#1843,#1844,#1845,#1846,#1847,#1848,#1849,#1850,#1851,
#1852,#1853,#1854,#1855,#1856,#1857,#1858,#1859,#1860,#1861,#1862,#1863,
#1864,#1865,#1866,#1867,#1868,#1869,#1870,#1871,#1872,#1873),
 .UNSPECIFIED.,.F.,.F.,(4,3,3,3,3,3,3,3,3,3,3,3,3,4),(-18.3696120904163,
-17.9579779823119,-17.459145260581,-16.9603125388502,-16.4614798171193,
-15.9626470953884,-15.4638143736575,-14.9649816519266,-14.4661489301957,
-13.9673162084648,-13.4684834867339,-12.9696507650031,-12.4708180432722,
-12.0864267832366),.UNSPECIFIED.);
#175=B_SPLINE_CURVE_WITH_KNOTS('',3,(#1874,#1875,#1876,#1877,#1878,#1879,
#1880,#1881,#1882,#1883,#1884,#1885,#1886,#1887,#1888,#1889,#1890,#1891,
#1892,#1893,#1894,#1895,#1896,#1897,#1898,#1899,#1900,#1901,#1902,#1903,
#1904,#1905,#1906,#1907,#1908,#1909,#1910,#1911,#1912,#1913,#1914,#1915,
#1916),.UNSPECIFIED.,.F.,.F.,(4,3,3,3,3,3,3,3,3,3,3,3,3,3,4),(15.8296566859426,
15.9626470953884,16.4614798171193,16.9603125388501,17.459145260581,17.9579779823119,
18.4568107040428,18.9556434257737,19.4544761475046,19.9533088692355,20.4521415909664,
20.9509743126972,21.4498070344281,21.948639756159,22.1128419931223),
 .UNSPECIFIED.);
#176=B_SPLINE_CURVE_WITH_KNOTS('',3,(#1921,#1922,#1923,#1924,#1925,#1926,
#1927,#1928,#1929,#1930,#1931,#1932,#1933,#1934,#1935,#1936,#1937,#1938,
#1939,#1940,#1941,#1942,#1943,#1944,#1945,#1946,#1947,#1948,#1949,#1950,
#1951,#1952,#1953,#1954,#1955,#1956,#1957,#1958,#1959,#1960,#1961,#1962,
#1963),.UNSPECIFIED.,.F.,.F.,(4,3,3,3,3,3,3,3,3,3,3,3,3,3,4),(-24.6527973975957,
-24.4428033648135,-23.9439706430826,-23.4451379213517,-22.9463051996208,
-22.4474724778899,-21.948639756159,-21.4498070344281,-20.9509743126972,
-20.4521415909664,-19.9533088692355,-19.4544761475046,-18.9556434257737,
-18.4568107040428,-18.3696120904163),.UNSPECIFIED.);
#177=B_SPLINE_CURVE_WITH_KNOTS('',3,(#1964,#1965,#1966,#1967,#1968,#1969,
#1970,#1971,#1972,#1973,#1974,#1975,#1976,#1977,#1978,#1979,#1980,#1981,
#1982,#1983,#1984,#1985,#1986,#1987,#1988,#1989,#1990,#1991,#1992,#1993,
#1994,#1995,#1996,#1997,#1998,#1999,#2000,#2001,#2002,#2003),
 .UNSPECIFIED.,.F.,.F.,(4,3,3,3,3,3,3,3,3,3,3,3,3,4),(22.1128419931223,
22.4474724778899,22.9463051996208,23.4451379213517,23.9439706430826,24.4428033648134,
24.9416360865443,25.4404688082752,25.9393015300061,26.438134251737,26.9369669734679,
27.4357996951988,27.9346324169296,28.396027300302),.UNSPECIFIED.);
#178=B_SPLINE_CURVE_WITH_KNOTS('',3,(#2008,#2009,#2010,#2011,#2012,#2013,
#2014,#2015,#2016,#2017,#2018,#2019,#2020,#2021,#2022,#2023,#2024,#2025,
#2026,#2027,#2028,#2029,#2030,#2031,#2032,#2033,#2034,#2035,#2036,#2037,
#2038,#2039,#2040,#2041,#2042,#2043,#2044,#2045,#2046,#2047,#2048,#2049,
#2050),.UNSPECIFIED.,.F.,.F.,(4,3,3,3,3,3,3,3,3,3,3,3,3,3,4),(-30.9359827047754,
-30.927628747315,-30.4287960255841,-29.9299633038532,-29.4311305821223,
-28.9322978603914,-28.4334651386605,-27.9346324169297,-27.4357996951988,
-26.9369669734679,-26.438134251737,-25.9393015300061,-25.4404688082752,
-24.9416360865443,-24.6527973975957),.UNSPECIFIED.);
#179=B_SPLINE_CURVE_WITH_KNOTS('',3,(#2051,#2052,#2053,#2054,#2055,#2056,
#2057,#2058,#2059,#2060,#2061,#2062,#2063,#2064,#2065,#2066,#2067,#2068,
#2069,#2070,#2071,#2072,#2073,#2074,#2075,#2076,#2077,#2078,#2079,#2080,
#2081,#2082,#2083,#2084,#2085,#2086,#2087,#2088,#2089,#2090,#2091,#2092,
#2093),.UNSPECIFIED.,.F.,.F.,(4,3,3,3,3,3,3,3,3,3,3,3,3,3,4),(28.396027300302,
28.4334651386605,28.9322978603914,29.4311305821223,29.9299633038532,30.4287960255841,
30.927628747315,31.4264614690459,31.9252941907767,32.4241269125076,32.9229596342385,
33.4217923559694,33.9206250777003,34.4194577994312,34.6792126074814),
 .UNSPECIFIED.);
#180=B_SPLINE_CURVE_WITH_KNOTS('',3,(#2098,#2099,#2100,#2101,#2102,#2103,
#2104,#2105,#2106,#2107,#2108,#2109,#2110,#2111,#2112,#2113,#2114,#2115,
#2116,#2117,#2118,#2119,#2120,#2121,#2122,#2123,#2124,#2125,#2126,#2127,
#2128,#2129,#2130,#2131,#2132,#2133,#2134,#2135,#2136,#2137),
 .UNSPECIFIED.,.F.,.F.,(4,3,3,3,3,3,3,3,3,3,3,3,3,4),(-37.2191680119549,
-36.9136214080856,-36.4147886863547,-35.9159559646238,-35.417123242893,
-34.9182905211621,-34.4194577994312,-33.9206250777003,-33.4217923559694,
-32.9229596342385,-32.4241269125076,-31.9252941907768,-31.4264614690459,
-30.9359827047754),.UNSPECIFIED.);
#181=B_SPLINE_CURVE_WITH_KNOTS('',3,(#2138,#2139,#2140,#2141,#2142,#2143,
#2144,#2145,#2146,#2147,#2148,#2149,#2150,#2151,#2152,#2153,#2154,#2155,
#2156,#2157,#2158,#2159,#2160,#2161,#2162,#2163,#2164,#2165,#2166,#2167,
#2168,#2169,#2170,#2171,#2172,#2173,#2174,#2175,#2176,#2177,#2178,#2179,
#2180),.UNSPECIFIED.,.F.,.F.,(4,3,3,3,3,3,3,3,3,3,3,3,3,3,4),(34.6792126074814,
34.9182905211621,35.4171232428929,35.9159559646238,36.4147886863547,36.9136214080856,
37.4124541298165,37.9112868515474,38.4101195732783,38.9089522950092,39.40778501674,
39.9066177384709,40.4054504602018,40.9042831819327,40.9623979146611),
 .UNSPECIFIED.);
#182=B_SPLINE_CURVE_WITH_KNOTS('',3,(#2185,#2186,#2187,#2188,#2189,#2190,
#2191,#2192,#2193,#2194,#2195,#2196,#2197,#2198,#2199,#2200,#2201,#2202,
#2203,#2204,#2205,#2206,#2207,#2208,#2209,#2210,#2211,#2212,#2213,#2214,
#2215,#2216,#2217,#2218,#2219,#2220,#2221,#2222,#2223,#2224,#2225,#2226,
#2227),.UNSPECIFIED.,.F.,.F.,(4,3,3,3,3,3,3,3,3,3,3,3,3,3,4),(-43.5023533191345,
-43.3984467905872,-42.8996140688563,-42.4007813471254,-41.9019486253945,
-41.4031159036636,-40.9042831819327,-40.4054504602018,-39.9066177384709,
-39.40778501674,-38.9089522950092,-38.4101195732783,-37.9112868515474,-37.4124541298165,
-37.2191680119549),.UNSPECIFIED.);
#183=B_SPLINE_CURVE_WITH_KNOTS('',3,(#2228,#2229,#2230,#2231,#2232,#2233,
#2234,#2235,#2236,#2237,#2238,#2239,#2240,#2241,#2242,#2243,#2244,#2245,
#2246,#2247,#2248,#2249,#2250,#2251,#2252,#2253,#2254,#2255,#2256,#2257,
#2258,#2259,#2260,#2261,#2262,#2263,#2264,#2265,#2266,#2267),
 .UNSPECIFIED.,.F.,.F.,(4,3,3,3,3,3,3,3,3,3,3,3,3,4),(40.9623979146611,
41.4031159036636,41.9019486253945,42.4007813471254,42.8996140688562,43.3984467905871,
43.897279512318,44.3961122340489,44.8949449557798,45.3937776775107,45.8926103992416,
46.3914431209725,46.8902758427033,47.2455832218405),.UNSPECIFIED.);
#184=B_SPLINE_CURVE_WITH_KNOTS('',3,(#2272,#2273,#2274,#2275,#2276,#2277,
#2278,#2279,#2280,#2281,#2282,#2283,#2284,#2285,#2286,#2287,#2288,#2289,
#2290,#2291,#2292,#2293,#2294,#2295,#2296,#2297,#2298,#2299,#2300,#2301,
#2302,#2303,#2304,#2305,#2306,#2307,#2308,#2309,#2310,#2311),
 .UNSPECIFIED.,.F.,.F.,(4,3,3,3,3,3,3,3,3,3,3,3,3,4),(-49.7855386263142,
-49.3844394513578,-48.8856067296269,-48.386774007896,-47.8879412861651,
-47.3891085644342,-46.8902758427034,-46.3914431209725,-45.8926103992416,
-45.3937776775107,-44.8949449557798,-44.3961122340489,-43.897279512318,
-43.5023533191345),.UNSPECIFIED.);
#185=B_SPLINE_CURVE_WITH_KNOTS('',3,(#2312,#2313,#2314,#2315,#2316,#2317,
#2318,#2319,#2320,#2321,#2322,#2323,#2324,#2325,#2326,#2327,#2328,#2329,
#2330,#2331,#2332,#2333,#2334,#2335,#2336,#2337,#2338,#2339,#2340,#2341,
#2342,#2343,#2344,#2345,#2346,#2347,#2348,#2349,#2350,#2351,#2352,#2353,
#2354),.UNSPECIFIED.,.F.,.F.,(4,3,3,3,3,3,3,3,3,3,3,3,3,3,4),(47.2455832218405,
47.3891085644342,47.8879412861651,48.386774007896,48.8856067296269,49.3844394513578,
49.8832721730887,50.3821048948195,50.8809376165504,51.3797703382813,51.8786030600122,
52.3774357817431,52.876268503474,53.3751012252049,53.5287685290202),
 .UNSPECIFIED.);
#186=B_SPLINE_CURVE_WITH_KNOTS('',3,(#2359,#2360,#2361,#2362,#2363,#2364,
#2365,#2366,#2367,#2368,#2369,#2370,#2371,#2372,#2373,#2374,#2375,#2376,
#2377,#2378,#2379,#2380,#2381,#2382,#2383,#2384,#2385,#2386,#2387,#2388,
#2389,#2390,#2391,#2392,#2393,#2394,#2395,#2396,#2397,#2398,#2399,#2400,
#2401),.UNSPECIFIED.,.F.,.F.,(4,3,3,3,3,3,3,3,3,3,3,3,3,3,4),(-56.0687239334937,
-55.8692648338593,-55.3704321121284,-54.8715993903976,-54.3727666686667,
-53.8739339469358,-53.3751012252049,-52.876268503474,-52.3774357817431,
-51.8786030600122,-51.3797703382813,-50.8809376165505,-50.3821048948196,
-49.8832721730887,-49.7855386263142),.UNSPECIFIED.);
#187=B_SPLINE_CURVE_WITH_KNOTS('',3,(#2402,#2403,#2404,#2405,#2406,#2407,
#2408,#2409,#2410,#2411,#2412,#2413,#2414,#2415,#2416,#2417,#2418,#2419,
#2420,#2421,#2422,#2423,#2424,#2425,#2426,#2427,#2428,#2429,#2430,#2431,
#2432,#2433,#2434,#2435,#2436,#2437,#2438,#2439,#2440,#2441),
 .UNSPECIFIED.,.F.,.F.,(4,3,3,3,3,3,3,3,3,3,3,3,3,4),(53.5287685290202,
53.8739339469358,54.3727666686667,54.8715993903975,55.3704321121284,55.8692648338593,
56.3680975555902,56.8669302773211,57.365762999052,57.8645957207829,58.3634284425137,
58.8622611642446,59.3610938859755,59.8119538361999),.UNSPECIFIED.);
#188=B_SPLINE_CURVE_WITH_KNOTS('',3,(#2448,#2449,#2450,#2451,#2452,#2453,
#2454),.UNSPECIFIED.,.F.,.F.,(4,3,4),(-62.8318530717955,-62.3540902163608,
-62.3519092406734),.UNSPECIFIED.);
#189=B_SPLINE_CURVE_WITH_KNOTS('',3,(#2460,#2461,#2462,#2463,#2464,#2465,
#2466,#2467,#2468),.UNSPECIFIED.,.F.,.F.,(4,1,1,1,1,1,4),(78.5398163397448,
78.5419973154323,79.0408300371632,79.5396627588941,80.038495480625,80.5373282023558,
81.0361609240867),.UNSPECIFIED.);
#190=B_SPLINE_CURVE_WITH_KNOTS('',3,(#2471,#2472,#2473,#2474,#2475,#2476,
#2477,#2478,#2479,#2480),.UNSPECIFIED.,.F.,.F.,(4,1,1,1,1,1,1,4),(78.5398163397448,
78.5877891112513,79.0866218329822,79.5854545547131,80.084287276444,80.5831199981749,
81.0819527199057,81.559715575341),.UNSPECIFIED.);
#191=B_SPLINE_CURVE_WITH_KNOTS('',3,(#2485,#2486,#2487,#2488,#2489,#2490,
#2491,#2492,#2493,#2494,#2495,#2496,#2497,#2498,#2499,#2500),
 .UNSPECIFIED.,.F.,.F.,(4,1,1,1,1,1,1,1,1,1,1,1,1,4),(72.2566310325651,
72.5560046546616,73.0548373763925,73.5536700981234,74.0525028198543,74.5513355415852,
75.0501682633161,75.549000985047,76.0478337067779,76.5466664285088,77.0454991502396,
77.5443318719705,78.0431645937014,78.5398163397448),.UNSPECIFIED.);
#192=B_SPLINE_CURVE_WITH_KNOTS('',3,(#2501,#2502,#2503,#2504,#2505,#2506,
#2507,#2508,#2509,#2510,#2511,#2512,#2513,#2514,#2515,#2516),
 .UNSPECIFIED.,.F.,.F.,(4,1,1,1,1,1,1,1,1,1,1,1,1,4),(72.2566310325651,
72.6017964504807,73.1006291722116,73.5994618939424,74.0982946156733,74.5971273374042,
75.0959600591351,75.594792780866,76.0936255025969,76.5924582243278,77.0912909460586,
77.5901236677895,78.0889563895204,78.5398163397448),.UNSPECIFIED.);
#193=B_SPLINE_CURVE_WITH_KNOTS('',3,(#2521,#2522,#2523,#2524,#2525,#2526,
#2527,#2528,#2529,#2530,#2531,#2532,#2533,#2534,#2535,#2536,#2537),
 .UNSPECIFIED.,.F.,.F.,(4,1,1,1,1,1,1,1,1,1,1,1,1,1,4),(65.9734457253857,
66.0711792721601,66.570011993891,67.0688447156219,67.5676774373528,68.0665101590837,
68.5653428808146,69.0641756025454,69.5630083242763,70.0618410460072,70.5606737677381,
71.059506489469,71.5583392111999,72.0571719329308,72.2566310325651),
 .UNSPECIFIED.);
#194=B_SPLINE_CURVE_WITH_KNOTS('',3,(#2538,#2539,#2540,#2541,#2542,#2543,
#2544,#2545,#2546,#2547,#2548,#2549,#2550,#2551,#2552,#2553,#2554),
 .UNSPECIFIED.,.F.,.F.,(4,1,1,1,1,1,1,1,1,1,1,1,1,1,4),(65.9734457253857,
66.1169710679792,66.61580378971,67.1146365114409,67.6134692331718,68.1123019549027,
68.6111346766336,69.1099673983645,69.6088001200954,70.1076328418262,70.6064655635571,
71.105298285288,71.6041310070189,72.1029637287498,72.2566310325651),
 .UNSPECIFIED.);
#195=B_SPLINE_CURVE_WITH_KNOTS('',3,(#2559,#2560,#2561,#2562,#2563,#2564,
#2565,#2566,#2567,#2568,#2569,#2570,#2571,#2572,#2573,#2574),
 .UNSPECIFIED.,.F.,.F.,(4,1,1,1,1,1,1,1,1,1,1,1,1,4),(59.690260418206,60.0851866113895,
60.5840193331204,61.0828520548513,61.5816847765822,62.080517498313,62.5793502200439,
63.0781829417748,63.5770156635057,64.0758483852366,64.5746811069675,65.0735138286984,
65.5723465504292,65.9734457253857),.UNSPECIFIED.);
#196=B_SPLINE_CURVE_WITH_KNOTS('',3,(#2575,#2576,#2577,#2578,#2579,#2580,
#2581,#2582,#2583,#2584,#2585,#2586,#2587,#2588,#2589,#2590),
 .UNSPECIFIED.,.F.,.F.,(4,1,1,1,1,1,1,1,1,1,1,1,1,4),(59.690260418206,60.1309784072085,
60.6298111289394,61.1286438506703,61.6274765724012,62.1263092941321,62.6251420158629,
63.1239747375938,63.6228074593247,64.1216401810556,64.6204729027865,65.1193056245174,
65.6181383462483,65.9734457253857),.UNSPECIFIED.);
#197=B_SPLINE_CURVE_WITH_KNOTS('',3,(#2595,#2596,#2597,#2598,#2599,#2600,
#2601,#2602,#2603,#2604,#2605,#2606,#2607,#2608,#2609,#2610,#2611),
 .UNSPECIFIED.,.F.,.F.,(4,1,1,1,1,1,1,1,1,1,1,1,1,1,4),(53.4070751110263,
53.600361228888,54.0991939506188,54.5980266723497,55.0968593940806,55.5956921158115,
56.0945248375424,56.5933575592733,57.0921902810042,57.5910230027351,58.0898557244659,
58.5886884461968,59.0875211679277,59.5863538896586,59.690260418206),
 .UNSPECIFIED.);
#198=B_SPLINE_CURVE_WITH_KNOTS('',3,(#2612,#2613,#2614,#2615,#2616,#2617,
#2618,#2619,#2620,#2621,#2622,#2623,#2624,#2625,#2626,#2627,#2628),
 .UNSPECIFIED.,.F.,.F.,(4,1,1,1,1,1,1,1,1,1,1,1,1,1,4),(53.4070751110263,
53.646153024707,54.1449857464379,54.6438184681688,55.1426511898996,55.6414839116305,
56.1403166333614,56.6391493550923,57.1379820768232,57.6368147985541,58.135647520285,
58.6344802420159,59.1333129637467,59.6321456854776,59.690260418206),
 .UNSPECIFIED.);
#199=B_SPLINE_CURVE_WITH_KNOTS('',3,(#2633,#2634,#2635,#2636,#2637,#2638,
#2639,#2640,#2641,#2642,#2643,#2644,#2645,#2646,#2647,#2648),
 .UNSPECIFIED.,.F.,.F.,(4,1,1,1,1,1,1,1,1,1,1,1,1,4),(47.1238898038469,
47.6143685681173,48.1132012898482,48.6120340115791,49.11086673331,49.6096994550409,
50.1085321767718,50.6073648985026,51.1061976202335,51.6050303419644,52.1038630636953,
52.6026957854262,53.1015285071571,53.4070751110263),.UNSPECIFIED.);
#200=B_SPLINE_CURVE_WITH_KNOTS('',3,(#2649,#2650,#2651,#2652,#2653,#2654,
#2655,#2656,#2657,#2658,#2659,#2660,#2661,#2662,#2663,#2664,#2665),
 .UNSPECIFIED.,.F.,.F.,(4,1,1,1,1,1,1,1,1,1,1,1,1,1,4),(47.1238898038469,
47.1613276422055,47.6601603639363,48.1589930856672,48.6578258073981,49.156658529129,
49.6554912508599,50.1543239725908,50.6531566943217,51.1519894160526,51.6508221377834,
52.1496548595143,52.6484875812452,53.1473203029761,53.4070751110263),
 .UNSPECIFIED.);
#201=B_SPLINE_CURVE_WITH_KNOTS('',3,(#2670,#2671,#2672,#2673,#2674,#2675,
#2676,#2677,#2678,#2679,#2680,#2681,#2682,#2683,#2684,#2685,#2686),
 .UNSPECIFIED.,.F.,.F.,(4,1,1,1,1,1,1,1,1,1,1,1,1,1,4),(40.8407044966672,
41.1295431856158,41.6283759073467,42.1272086290776,42.6260413508084,43.1248740725393,
43.6237067942702,44.1225395160011,44.621372237732,45.1202049594629,45.6190376811938,
46.1178704029247,46.6167031246555,47.1155358463864,47.1238898038469),
 .UNSPECIFIED.);
#202=B_SPLINE_CURVE_WITH_KNOTS('',3,(#2687,#2688,#2689,#2690,#2691,#2692,
#2693,#2694,#2695,#2696,#2697,#2698,#2699,#2700,#2701,#2702),
 .UNSPECIFIED.,.F.,.F.,(4,1,1,1,1,1,1,1,1,1,1,1,1,4),(40.8407044966672,
41.1753349814348,41.6741677031657,42.1730004248966,42.6718331466275,43.1706658683584,
43.6694985900893,44.1683313118201,44.667164033551,45.1659967552819,45.6648294770128,
46.1636621987437,46.6624949204746,47.1238898038469),.UNSPECIFIED.);
#203=B_SPLINE_CURVE_WITH_KNOTS('',3,(#2707,#2708,#2709,#2710,#2711,#2712,
#2713,#2714,#2715,#2716,#2717,#2718,#2719,#2720,#2721,#2722,#2723),
 .UNSPECIFIED.,.F.,.F.,(4,1,1,1,1,1,1,1,1,1,1,1,1,1,4),(34.5575191894878,
34.6447178031143,35.1435505248452,35.642383246576,36.1412159683069,36.6400486900378,
37.1388814117687,37.6377141334996,38.1365468552305,38.6353795769614,39.1342122986922,
39.6330450204231,40.131877742154,40.6307104638849,40.8407044966672),
 .UNSPECIFIED.);
#204=B_SPLINE_CURVE_WITH_KNOTS('',3,(#2724,#2725,#2726,#2727,#2728,#2729,
#2730,#2731,#2732,#2733,#2734,#2735,#2736,#2737,#2738,#2739,#2740),
 .UNSPECIFIED.,.F.,.F.,(4,1,1,1,1,1,1,1,1,1,1,1,1,1,4),(34.5575191894878,
34.6905095989333,35.1893423206642,35.6881750423951,36.187007764126,36.6858404858568,
37.1846732075877,37.6835059293186,38.1823386510495,38.6811713727804,39.1800040945113,
39.6788368162422,40.177669537973,40.6765022597039,40.8407044966672),
 .UNSPECIFIED.);
#205=B_SPLINE_CURVE_WITH_KNOTS('',3,(#2745,#2746,#2747,#2748,#2749,#2750,
#2751,#2752,#2753,#2754,#2755,#2756,#2757,#2758,#2759,#2760),
 .UNSPECIFIED.,.F.,.F.,(4,1,1,1,1,1,1,1,1,1,1,1,1,4),(28.2743338823081,
28.6587251423436,29.1575578640745,29.6563905858054,30.1552233075363,30.6540560292672,
31.1528887509981,31.6517214727289,32.1505541944598,32.6493869161907,33.1482196379216,
33.6470523596525,34.1458850813834,34.5575191894878),.UNSPECIFIED.);
#206=B_SPLINE_CURVE_WITH_KNOTS('',3,(#2761,#2762,#2763,#2764,#2765,#2766,
#2767,#2768,#2769,#2770,#2771,#2772,#2773,#2774,#2775,#2776),
 .UNSPECIFIED.,.F.,.F.,(4,1,1,1,1,1,1,1,1,1,1,1,1,4),(28.2743338823081,
28.7045169381627,29.2033496598935,29.7021823816244,30.2010151033553,30.6998478250862,
31.1986805468171,31.697513268548,32.1963459902789,32.6951787120097,33.1940114337406,
33.6928441554715,34.1916768772024,34.5575191894878),.UNSPECIFIED.);
#207=B_SPLINE_CURVE_WITH_KNOTS('',3,(#2782,#2783,#2784,#2785,#2786,#2787,
#2788,#2789,#2790,#2791),.UNSPECIFIED.,.F.,.F.,(4,1,1,1,1,1,1,4),(18.7278625035449,
19.2266952252758,19.7255279470067,20.2243606687376,20.7231933904685,21.2220261121994,
21.7208588339302,21.9911485751284),.UNSPECIFIED.);
#208=B_SPLINE_CURVE_WITH_KNOTS('',3,(#2794,#2795,#2796,#2797,#2798,#2799,
#2800,#2801,#2802,#2803,#2804),.UNSPECIFIED.,.F.,.F.,(4,1,1,1,1,1,1,1,4),
(18.2043078522907,18.6820707077259,19.1809034294568,19.6797361511877,20.1785688729185,
20.6774015946494,21.1762343163803,21.6750670381112,21.9911485751284),
 .UNSPECIFIED.);
#209=B_SPLINE_CURVE_WITH_KNOTS('',3,(#2814,#2815,#2816,#2817,#2818,#2819,
#2820,#2821,#2822,#2823,#2824,#2825,#2826,#2827,#2828,#2829,#2830),
 .UNSPECIFIED.,.F.,.F.,(4,1,1,1,1,1,1,1,1,1,1,1,1,1,4),(21.9911485751284,
22.1738997598421,22.672732481573,23.1715652033039,23.6703979250348,24.1692306467656,
24.6680633684965,25.1668960902274,25.6657288119583,26.1645615336892,26.6633942554201,
27.162226977151,27.6610596988819,28.1598924206127,28.2743338823081),
 .UNSPECIFIED.);
#210=B_SPLINE_CURVE_WITH_KNOTS('',3,(#2831,#2832,#2833,#2834,#2835,#2836,
#2837,#2838,#2839,#2840,#2841,#2842,#2843,#2844,#2845,#2846,#2847),
 .UNSPECIFIED.,.F.,.F.,(4,1,1,1,1,1,1,1,1,1,1,1,1,1,4),(21.9911485751284,
22.2196915556611,22.718524277392,23.2173569991229,23.7161897208538,24.2150224425847,
24.7138551643156,25.2126878860465,25.7115206077773,26.2103533295082,26.7091860512391,
27.20801877297,27.7068514947009,28.2056842164318,28.2743338823081),
 .UNSPECIFIED.);
#211=B_SPLINE_CURVE_WITH_KNOTS('',3,(#3380,#3381,#3382,#3383,#3384,#3385,
#3386,#3387,#3388,#3389,#3390,#3391,#3392,#3393,#3394,#3395,#3396,#3397,
#3398,#3399,#3400,#3401,#3402,#3403,#3404,#3405,#3406,#3407,#3408,#3409,
#3410,#3411,#3412,#3413,#3414,#3415,#3416,#3417,#3418,#3419),
 .UNSPECIFIED.,.F.,.F.,(4,3,3,3,3,3,3,3,3,3,3,3,3,4),(-62.3519092406734,
-61.85525749463,-61.3564247728991,-60.8575920511682,-60.3587593294373,-59.8599266077064,
-59.3610938859755,-58.8622611642446,-58.3634284425138,-57.8645957207829,
-57.365762999052,-56.8669302773211,-56.3680975555902,-56.0687239334937),
 .UNSPECIFIED.);
#212=B_SPLINE_CURVE_WITH_KNOTS('',3,(#3420,#3421,#3422,#3423,#3424,#3425,
#3426,#3427,#3428,#3429,#3430,#3431,#3432,#3433,#3434,#3435,#3436,#3437,
#3438,#3439,#3440,#3441,#3442,#3443,#3444,#3445,#3446,#3447,#3448,#3449,
#3450,#3451,#3452,#3453,#3454,#3455,#3456,#3457,#3458,#3459,#3460,#3461,
#3462,#3463,#3464,#3465,#3466,#3467,#3468,#3469,#3470,#3471,#3472,#3473,
#3474,#3475,#3476,#3477,#3478,#3479,#3480,#3481,#3482,#3483,#3484,#3485,
#3486,#3487,#3488,#3489,#3490,#3491,#3492,#3493,#3494,#3495,#3496,#3497,
#3498,#3499,#3500,#3501,#3502,#3503,#3504,#3505,#3506,#3507,#3508,#3509,
#3510,#3511,#3512,#3513,#3514,#3515,#3516,#3517,#3518,#3519,#3520,#3521,
#3522,#3523,#3524,#3525),.UNSPECIFIED.,.F.,.F.,(4,3,3,3,3,3,3,3,3,3,3,3,
3,3,3,3,3,3,3,3,3,3,3,3,3,3,3,3,3,3,3,3,3,3,3,4),(0.,0.0474048779488459,
0.0953043223674779,0.143049823547616,0.190267125561128,0.21363284526385,
0.21954627086746,0.266712798574346,0.275837544736728,0.323034429764694,
0.370284724077854,0.413985263623093,0.422603080475661,0.430878904136792,
0.477411128288307,0.52370182872248,0.54508688225881,0.591643583138492,0.618632476783918,
0.633726286727552,0.63972045800773,0.685573317702277,0.731395366241817,
0.77653898732092,0.807554732301903,0.824974682204232,0.836632736839698,
0.843603443385598,0.888863668940041,0.932323327151444,0.950444868846352,
0.961199455432185,1.00600089389725,1.05021281316179,1.06270230178565,1.07331983632777),
 .UNSPECIFIED.);
#213=B_SPLINE_CURVE_WITH_KNOTS('',3,(#3526,#3527,#3528,#3529,#3530,#3531,
#3532,#3533,#3534,#3535,#3536,#3537,#3538,#3539,#3540,#3541,#3542,#3543,
#3544,#3545,#3546,#3547,#3548,#3549,#3550,#3551,#3552,#3553,#3554,#3555,
#3556,#3557,#3558,#3559,#3560,#3561,#3562,#3563,#3564,#3565,#3566,#3567,
#3568,#3569,#3570,#3571,#3572,#3573,#3574,#3575,#3576,#3577,#3578,#3579,
#3580,#3581,#3582,#3583,#3584,#3585,#3586,#3587,#3588,#3589,#3590,#3591,
#3592,#3593,#3594,#3595,#3596,#3597,#3598,#3599,#3600,#3601,#3602,#3603,
#3604,#3605,#3606,#3607,#3608,#3609,#3610,#3611,#3612,#3613,#3614,#3615,
#3616,#3617,#3618,#3619,#3620,#3621,#3622,#3623,#3624,#3625,#3626,#3627,
#3628,#3629,#3630,#3631),.UNSPECIFIED.,.F.,.F.,(4,3,3,3,3,3,3,3,3,3,3,3,
3,3,3,3,3,3,3,3,3,3,3,3,3,3,3,3,3,3,3,3,3,3,3,4),(-1.07331983632404,-1.02914261306855,
-0.984422595745301,-0.96306312160221,-0.95520504281835,-0.909984324234176,
-0.864231178352305,-0.839437244838374,-0.832755214303894,-0.818478032470434,
-0.773581324844443,-0.728009970961274,-0.682154562183079,-0.650696817121589,
-0.636807427821277,-0.629753753673511,-0.583266517258177,-0.556323581937117,
-0.510116595442754,-0.463579436607375,-0.441551218977027,-0.428620587322828,
-0.422726686794443,-0.375796726891521,-0.328519642463821,-0.287353695564594,
-0.240178521043391,-0.225863994263755,-0.21791562168212,-0.211484216138988,
-0.164382263574982,-0.116474958085561,-0.0685240533556173,-0.0211063854706003,
-0.0117578556993447,0.),.UNSPECIFIED.);
#214=B_SPLINE_CURVE_WITH_KNOTS('',3,(#3633,#3634,#3635,#3636,#3637,#3638,
#3639,#3640,#3641,#3642,#3643,#3644,#3645,#3646,#3647,#3648,#3649,#3650,
#3651,#3652,#3653,#3654,#3655,#3656,#3657,#3658,#3659,#3660,#3661,#3662,
#3663,#3664,#3665,#3666,#3667,#3668,#3669,#3670,#3671,#3672,#3673,#3674,
#3675,#3676,#3677,#3678,#3679,#3680,#3681,#3682,#3683,#3684,#3685,#3686,
#3687,#3688,#3689,#3690,#3691,#3692,#3693,#3694,#3695,#3696,#3697,#3698,
#3699,#3700,#3701,#3702,#3703,#3704,#3705,#3706,#3707,#3708,#3709,#3710,
#3711,#3712,#3713,#3714,#3715,#3716,#3717,#3718,#3719,#3720,#3721,#3722,
#3723,#3724,#3725,#3726,#3727,#3728,#3729,#3730,#3731,#3732,#3733,#3734,
#3735,#3736,#3737,#3738),.UNSPECIFIED.,.F.,.F.,(4,3,3,3,3,3,3,3,3,3,3,3,
3,3,3,3,3,3,3,3,3,3,3,3,3,3,3,3,3,3,3,3,3,3,3,4),(-1.07095319274721,-1.02315901990579,
-0.975184629295634,-0.952812640718456,-0.944037771396239,-0.937058888962777,
-0.889553834411964,-0.842881277545086,-0.816875404593232,-0.810891060133632,
-0.796208720678208,-0.749526631917745,-0.702487384370877,-0.655830521491419,
-0.623781939889466,-0.610414790384738,-0.604584603181948,-0.558331456640288,
-0.527636195083607,-0.481299004015914,-0.435062256470866,-0.41389267090989,
-0.40118424873578,-0.395448721117976,-0.349838500976938,-0.304496672987747,
-0.26570557198306,-0.220158024448943,-0.207060611714532,-0.197917667801117,
-0.192039978493322,-0.146679839044584,-0.101776123319511,-0.056187772008941,
-0.0105994206983705,0.),.UNSPECIFIED.);
#215=B_SPLINE_CURVE_WITH_KNOTS('',3,(#4272,#4273,#4274,#4275,#4276,#4277,
#4278,#4279,#4280,#4281,#4282,#4283,#4284,#4285,#4286,#4287,#4288,#4289,
#4290,#4291,#4292,#4293,#4294,#4295,#4296,#4297,#4298,#4299,#4300,#4301,
#4302,#4303,#4304,#4305,#4306,#4307,#4308,#4309,#4310,#4311,#4312,#4313,
#4314,#4315,#4316,#4317,#4318,#4319,#4320,#4321,#4322,#4323,#4324,#4325,
#4326,#4327,#4328,#4329,#4330,#4331,#4332,#4333,#4334,#4335,#4336,#4337,
#4338,#4339,#4340,#4341,#4342,#4343,#4344,#4345,#4346,#4347,#4348,#4349,
#4350,#4351,#4352,#4353,#4354,#4355,#4356,#4357,#4358,#4359,#4360,#4361,
#4362,#4363,#4364,#4365,#4366,#4367,#4368,#4369,#4370,#4371,#4372,#4373,
#4374,#4375,#4376,#4377,#4378,#4379,#4380),.UNSPECIFIED.,.F.,.F.,(4,3,3,
3,3,3,3,3,3,3,3,3,3,3,3,3,3,3,3,3,3,3,3,3,3,3,3,3,3,3,3,3,3,3,3,3,4),(0.,
0.0437562931109927,0.0882525005702481,0.133215815109396,0.177980608944588,
0.193592898361018,0.201793483072153,0.247330118486041,0.254783960316105,
0.299895146129418,0.345458755123359,0.388200136151741,0.397202493634438,
0.403496513662752,0.449522577055535,0.495876296780267,0.516424279236887,
0.56262420118485,0.590388991280063,0.599846282766507,0.60615503800592,0.65275418281017,
0.699735961780829,0.746614857307044,0.784742521946551,0.802267028578614,
0.813215830572267,0.820043941252727,0.867051226935771,0.915093574390241,
0.933732428983478,0.942108800874013,0.950134560299697,0.998065505165843,
1.04588932403442,1.05922061675365,1.07095319273002),.UNSPECIFIED.);
#216=B_SPLINE_CURVE_WITH_KNOTS('',3,(#4381,#4382,#4383,#4384,#4385,#4386,
#4387,#4388,#4389,#4390,#4391,#4392,#4393,#4394,#4395,#4396,#4397,#4398,
#4399,#4400,#4401,#4402,#4403,#4404,#4405,#4406,#4407,#4408,#4409,#4410,
#4411,#4412,#4413,#4414),.UNSPECIFIED.,.F.,.F.,(4,3,3,3,3,3,3,3,3,3,3,4),
(59.8119538361999,59.8599266077064,60.3587593294373,60.8575920511682,61.3564247728991,
61.8552574946299,62.3540902163608,62.8529229380917,63.3517556598226,63.8505883815535,
64.3494211032844,64.8482538250151),.UNSPECIFIED.);
#217=B_SPLINE_CURVE_WITH_KNOTS('',3,(#4421,#4422,#4423,#4424,#4425,#4426,
#4427,#4428,#4429,#4430,#4431,#4432,#4433,#4434,#4435,#4436,#4437,#4438,
#4439,#4440,#4441,#4442,#4443,#4444,#4445,#4446,#4447,#4448,#4449,#4450,
#4451,#4452,#4453,#4454,#4455,#4456,#4457,#4458,#4459,#4460,#4461,#4462,
#4463,#4464,#4465,#4466,#4467,#4468,#4469,#4470,#4471,#4472,#4473,#4474,
#4475,#4476,#4477,#4478,#4479,#4480,#4481,#4482,#4483,#4484,#4485,#4486,
#4487,#4488,#4489,#4490,#4491,#4492,#4493),.UNSPECIFIED.,.F.,.F.,(4,3,3,
3,3,3,3,3,3,3,3,3,3,3,3,3,3,3,3,3,3,3,3,3,4),(0.808642804187579,0.871046572176063,
0.905949968957458,0.922242171036587,0.984016412928248,1.04849748330718,
1.11278365632474,1.17745390516074,1.24194069444398,1.30690462131072,1.37256837735761,
1.4380369817146,1.50238251745352,1.55172432344606,1.56777761563772,1.6314133939645,
1.69849771668977,1.76462792619358,1.83218930552958,1.89975068486557,1.96655521265929,
2.03404115065848,2.10133431616192,2.16751090218368,2.22198496026238),
 .UNSPECIFIED.);
#218=B_SPLINE_CURVE_WITH_KNOTS('',3,(#4495,#4496,#4497,#4498,#4499,#4500,
#4501,#4502,#4503,#4504,#4505,#4506,#4507,#4508,#4509,#4510,#4511,#4512,
#4513,#4514,#4515,#4516,#4517,#4518,#4519,#4520,#4521,#4522,#4523,#4524,
#4525,#4526,#4527,#4528,#4529,#4530,#4531,#4532,#4533,#4534,#4535,#4536,
#4537,#4538,#4539,#4540,#4541,#4542,#4543,#4544,#4545,#4546,#4547,#4548,
#4549,#4550,#4551,#4552,#4553,#4554,#4555,#4556,#4557,#4558,#4559,#4560,
#4561,#4562,#4563,#4564),.UNSPECIFIED.,.F.,.F.,(4,3,3,3,3,3,3,3,3,3,3,3,
3,3,3,3,3,3,3,3,3,3,3,4),(0.520902087630861,0.586951042795233,0.626252694794562,
0.690396027452217,0.756176537902411,0.823723489546246,0.890967936900215,
0.958666140688982,1.02636434447775,1.0935418532007,1.15941356586616,1.22724397261785,
1.29113153690097,1.29507437936955,1.35617663555863,1.42017691419359,1.48541372943419,
1.55079740136683,1.61552063683487,1.67983069116457,1.74470178718261,1.80873265267614,
1.87402386395645,1.93931507523675),.UNSPECIFIED.);
#219=B_SPLINE_CURVE_WITH_KNOTS('',3,(#4565,#4566,#4567,#4568,#4569,#4570,
#4571,#4572),.UNSPECIFIED.,.F.,.F.,(4,2,2,4),(0.,0.21503724875362,0.322109971580024,
0.421037593685773),.UNSPECIFIED.);
#220=B_SPLINE_CURVE_WITH_KNOTS('',3,(#5112,#5113,#5114,#5115,#5116,#5117,
#5118,#5119),.UNSPECIFIED.,.F.,.F.,(4,2,2,4),(0.,0.215037248772013,0.322109971918418,
0.421037594633458),.UNSPECIFIED.);
#221=B_SPLINE_CURVE_WITH_KNOTS('',3,(#5120,#5121,#5122,#5123,#5124,#5125,
#5126,#5127,#5128,#5129,#5130,#5131,#5132,#5133,#5134,#5135,#5136,#5137,
#5138,#5139,#5140,#5141,#5142,#5143,#5144,#5145,#5146,#5147,#5148,#5149,
#5150,#5151,#5152,#5153,#5154,#5155,#5156,#5157,#5158,#5159,#5160,#5161,
#5162,#5163,#5164,#5165,#5166,#5167,#5168,#5169,#5170,#5171,#5172,#5173,
#5174,#5175,#5176,#5177,#5178,#5179,#5180,#5181,#5182,#5183,#5184,#5185,
#5186,#5187,#5188,#5189,#5190,#5191,#5192,#5193,#5194),.UNSPECIFIED.,.F.,
 .F.,(4,1,1,1,1,1,1,1,1,1,1,1,1,1,1,1,1,1,1,1,1,1,1,1,1,1,1,1,1,1,1,1,1,
1,1,1,1,1,1,1,1,1,1,1,1,1,1,1,1,1,1,1,1,1,1,1,1,1,1,1,1,1,1,1,1,1,1,1,1,
1,1,1,4),(-0.315785042308915,0.347327232800822,1.01043950791056,1.67355178302029,
2.33666405813003,2.99977633323977,3.6628886083495,4.32600088345924,4.65755702101411,
4.98911315856897,5.43118800864213,5.87326285871529,6.31533770878845,6.7574125588616,
7.19948740893476,7.64156225900792,8.30467453411766,8.96778680922739,9.63089908433713,
10.2940113594469,10.73608620952,11.1781610595932,11.6202359096663,12.0623107597395,
12.5043856098126,12.9464604598858,13.388535309959,13.8306101600321,14.2726850101053,
14.7147598601784,15.1568347102516,15.5989095603248,16.0409844103979,16.4830592604711,
16.9251341105442,17.3672089606174,17.9566420940483,18.5460752274791,19.13550836091,
19.4302249276254,20.0196580610563,20.4617329111295,20.9038077612026,21.3458826112758,
21.787957461349,22.0826740280644,22.6721071614953,23.2615402949261,23.850973428357,
24.4404065617879,24.8824814118611,25.3245562619342,25.7666311120074,26.2087059620805,
26.6507808121537,27.0928556622268,27.5349305123,27.9770053623732,28.4190802124463,
28.8611550625195,29.3032299125926,29.7453047626658,30.3347378960967,30.9241710295275,
31.5136041629584,32.1767164380682,32.8398287131779,33.5029409882876,34.1660532633974,
34.8291655385071,35.4922778136168,36.1553900887266,36.1865390674697),
 .UNSPECIFIED.);
#222=B_SPLINE_CURVE_WITH_KNOTS('',3,(#5195,#5196,#5197,#5198,#5199,#5200,
#5201,#5202,#5203,#5204,#5205,#5206,#5207,#5208,#5209,#5210,#5211,#5212,
#5213,#5214,#5215,#5216,#5217,#5218,#5219,#5220,#5221,#5222,#5223,#5224,
#5225,#5226,#5227,#5228,#5229,#5230,#5231,#5232,#5233,#5234,#5235,#5236,
#5237,#5238,#5239,#5240,#5241,#5242,#5243,#5244,#5245,#5246,#5247,#5248,
#5249,#5250,#5251,#5252,#5253,#5254,#5255,#5256,#5257,#5258,#5259,#5260,
#5261,#5262,#5263,#5264,#5265,#5266,#5267,#5268,#5269),.UNSPECIFIED.,.F.,
 .F.,(4,1,1,1,1,1,1,1,1,1,1,1,1,1,1,1,1,1,1,1,1,1,1,1,1,1,1,1,1,1,1,1,1,
1,1,1,1,1,1,1,1,1,1,1,1,1,1,1,1,1,1,1,1,1,1,1,1,1,1,1,1,1,1,1,1,1,1,1,1,
1,1,1,4),(-36.8185023638363,-36.1553900887266,-35.4922778136168,-34.8291655385071,
-34.1660532633974,-33.5029409882876,-32.8398287131779,-32.1767164380682,
-31.5136041629584,-30.9241710295275,-30.3347378960967,-29.7453047626658,
-29.3032299125926,-28.8611550625195,-28.4190802124463,-27.9770053623732,
-27.5349305123,-27.0928556622268,-26.6507808121537,-26.2087059620805,-25.7666311120074,
-25.3245562619342,-24.8824814118611,-24.4404065617879,-23.850973428357,
-23.2615402949261,-22.6721071614953,-22.0826740280644,-21.787957461349,
-21.3458826112758,-20.9038077612026,-20.4617329111295,-20.0196580610563,
-19.4302249276254,-19.13550836091,-18.5460752274791,-17.9566420940483,-17.3672089606174,
-16.9251341105442,-16.4830592604711,-16.0409844103979,-15.5989095603248,
-15.1568347102516,-14.7147598601784,-14.2726850101053,-13.8306101600321,
-13.388535309959,-12.9464604598858,-12.5043856098126,-12.0623107597395,
-11.6202359096663,-11.1781610595932,-10.73608620952,-10.2940113594469,-9.63089908433713,
-8.96778680922739,-8.30467453411766,-7.64156225900792,-7.19948740893476,
-6.7574125588616,-6.31533770878845,-5.87326285871529,-5.43118800864213,
-4.98911315856897,-4.65755702101411,-4.32600088345924,-3.6628886083495,
-2.99977633323977,-2.33666405813003,-1.67355178302029,-1.01043950791056,
-0.347327232800822,-0.31616765907886),.UNSPECIFIED.);
#223=B_SPLINE_CURVE_WITH_KNOTS('',3,(#5546,#5547,#5548,#5549,#5550,#5551,
#5552,#5553,#5554,#5555,#5556,#5557,#5558,#5559,#5560,#5561,#5562,#5563,
#5564,#5565,#5566,#5567,#5568,#5569,#5570,#5571,#5572,#5573,#5574,#5575,
#5576,#5577,#5578,#5579),.UNSPECIFIED.,.F.,.F.,(4,3,3,3,3,3,3,3,3,3,3,4),
(29.1626295105599,29.6140845905857,30.0340361773406,30.4539877640956,30.8739393508506,
31.2938909376055,31.7138425243605,32.1337941111155,32.7637214912479,33.3936488713803,
34.0235762515128,34.2504811482537),.UNSPECIFIED.);
#224=B_SPLINE_CURVE_WITH_KNOTS('',3,(#5580,#5581,#5582,#5583,#5584,#5585,
#5586,#5587,#5588,#5589,#5590,#5591,#5592,#5593,#5594,#5595,#5596,#5597,
#5598,#5599,#5600,#5601,#5602,#5603,#5604,#5605,#5606,#5607,#5608,#5609,
#5610,#5611,#5612,#5613,#5614,#5615,#5616,#5617,#5618,#5619,#5620,#5621,
#5622,#5623,#5624,#5625,#5626,#5627,#5628,#5629,#5630,#5631,#5632,#5633,
#5634,#5635,#5636,#5637,#5638,#5639,#5640,#5641,#5642,#5643,#5644,#5645,
#5646,#5647,#5648,#5649,#5650,#5651,#5652),.UNSPECIFIED.,.F.,.F.,(4,3,3,
3,3,3,3,3,3,3,3,3,3,3,3,3,3,3,3,3,3,3,3,3,4),(0.520902087631176,0.588791115551736,
0.656816611432673,0.690396027452331,0.756881527600772,0.824252231820064,
0.891299688791665,0.958832016634803,1.02636434447794,1.09242269361306,1.15776561752479,
1.19351984919594,1.25959294428354,1.32578826402298,1.35617663555879,1.42083496589749,
1.48622296497762,1.55141997660551,1.61562533388514,1.67983069116476,1.74403905741625,
1.80750473735212,1.84155494602701,1.90583159899284,1.93931507520355),
 .UNSPECIFIED.);
#225=B_SPLINE_CURVE_WITH_KNOTS('',3,(#5941,#5942,#5943,#5944,#5945,#5946,
#5947,#5948,#5949,#5950,#5951,#5952,#5953,#5954,#5955,#5956,#5957,#5958,
#5959,#5960,#5961,#5962,#5963,#5964,#5965,#5966,#5967,#5968,#5969,#5970,
#5971,#5972,#5973,#5974,#5975,#5976,#5977,#5978,#5979,#5980,#5981,#5982,
#5983,#5984,#5985,#5986,#5987,#5988,#5989,#5990,#5991,#5992,#5993,#5994,
#5995,#5996,#5997,#5998,#5999,#6000,#6001,#6002,#6003,#6004,#6005,#6006,
#6007,#6008,#6009,#6010,#6011,#6012,#6013),.UNSPECIFIED.,.F.,.F.,(4,3,3,
3,3,3,3,3,3,3,3,3,3,3,3,3,3,3,3,3,3,3,3,3,4),(0.386839309751608,0.449542589640508,
0.513007898105424,0.577089776335749,0.626208296378872,0.69019426978709,
0.755250904409095,0.820369902326916,0.884687773517939,0.948528946357496,
1.01448473118517,1.0292273719313,1.09370131705277,1.15897815177458,1.224917422924,
1.27699089045489,1.3427551559503,1.40996433965954,1.47693931712111,1.54426560395418,
1.61159189078724,1.67939144715704,1.69612820627226,1.76218737412246,1.80120701843729),
 .UNSPECIFIED.);
#226=B_SPLINE_CURVE_WITH_KNOTS('',3,(#6014,#6015,#6016,#6017,#6018,#6019,
#6020,#6021,#6022,#6023,#6024,#6025,#6026,#6027,#6028,#6029,#6030,#6031,
#6032,#6033,#6034,#6035,#6036,#6037,#6038,#6039,#6040,#6041,#6042,#6043,
#6044,#6045,#6046,#6047,#6048,#6049,#6050),.UNSPECIFIED.,.F.,.F.,(4,3,3,
3,3,3,3,3,3,3,3,3,4),(7.96343972202198,8.19674471326417,8.61669400432092,
9.17662639239659,9.73655878047225,9.87654187749117,10.2964911685479,10.7164404596047,
11.1363897506614,11.5563390417182,11.9762883327749,12.60621226936,13.0512635470699),
 .UNSPECIFIED.);
#227=CIRCLE('',#966,8.06850000000005);
#228=CIRCLE('',#968,8.06850000000005);
#229=CIRCLE('',#974,8.06850000000001);
#230=CIRCLE('',#976,5.01775);
#231=CIRCLE('',#978,5.01775);
#232=CIRCLE('',#988,5.01775);
#233=CIRCLE('',#990,5.5736);
#234=CIRCLE('',#1000,5.5736);
#235=CIRCLE('',#1002,4.5);
#236=CIRCLE('',#1003,4.5);
#237=CIRCLE('',#1005,5.01775);
#238=CIRCLE('',#1009,5.01775);
#239=CIRCLE('',#1011,10.);
#240=CIRCLE('',#1013,10.);
#241=CIRCLE('',#1015,10.);
#242=CIRCLE('',#1019,12.);
#243=CIRCLE('',#1021,12.5);
#244=CIRCLE('',#1025,12.5);
#245=CIRCLE('',#1026,1.7);
#246=CIRCLE('',#1027,1.7);
#247=CIRCLE('',#1030,1.7);
#248=CIRCLE('',#1032,1.7);
#249=LINE('',#1233,#295);
#250=LINE('',#1243,#296);
#251=LINE('',#1302,#297);
#252=LINE('',#1383,#298);
#253=LINE('',#1449,#299);
#254=LINE('',#1524,#300);
#255=LINE('',#1593,#301);
#256=LINE('',#1644,#302);
#257=LINE('',#1660,#303);
#258=LINE('',#1746,#304);
#259=LINE('',#1833,#305);
#260=LINE('',#1920,#306);
#261=LINE('',#2007,#307);
#262=LINE('',#2097,#308);
#263=LINE('',#2184,#309);
#264=LINE('',#2271,#310);
#265=LINE('',#2358,#311);
#266=LINE('',#2445,#312);
#267=LINE('',#2458,#313);
#268=LINE('',#2484,#314);
#269=LINE('',#2520,#315);
#270=LINE('',#2558,#316);
#271=LINE('',#2594,#317);
#272=LINE('',#2632,#318);
#273=LINE('',#2669,#319);
#274=LINE('',#2706,#320);
#275=LINE('',#2744,#321);
#276=LINE('',#2780,#322);
#277=LINE('',#2809,#323);
#278=LINE('',#4575,#324);
#279=LINE('',#4579,#325);
#280=LINE('',#4583,#326);
#281=LINE('',#6055,#327);
#282=LINE('',#6057,#328);
#283=LINE('',#6072,#329);
#284=LINE('',#6074,#330);
#285=LINE('',#6076,#331);
#286=LINE('',#6077,#332);
#287=LINE('',#6079,#333);
#288=LINE('',#6081,#334);
#289=LINE('',#6082,#335);
#290=LINE('',#6085,#336);
#291=LINE('',#6092,#337);
#292=LINE('',#6095,#338);
#293=LINE('',#6099,#339);
#294=LINE('',#6104,#340);
#295=VECTOR('',#1041,8.0685);
#296=VECTOR('',#1046,8.0685);
#297=VECTOR('',#1051,8.0685);
#298=VECTOR('',#1054,8.0685);
#299=VECTOR('',#1057,8.0685);
#300=VECTOR('',#1060,8.0685);
#301=VECTOR('',#1063,8.0685);
#302=VECTOR('',#1068,4.45);
#303=VECTOR('',#1073,4.45);
#304=VECTOR('',#1078,4.45);
#305=VECTOR('',#1081,4.45);
#306=VECTOR('',#1084,4.45);
#307=VECTOR('',#1087,4.45);
#308=VECTOR('',#1090,4.45);
#309=VECTOR('',#1093,4.45);
#310=VECTOR('',#1096,4.45);
#311=VECTOR('',#1099,4.45);
#312=VECTOR('',#1102,4.45);
#313=VECTOR('',#1107,5.5736);
#314=VECTOR('',#1112,5.5736);
#315=VECTOR('',#1115,5.5736);
#316=VECTOR('',#1118,5.5736);
#317=VECTOR('',#1121,5.5736);
#318=VECTOR('',#1124,5.5736);
#319=VECTOR('',#1127,5.5736);
#320=VECTOR('',#1130,5.5736);
#321=VECTOR('',#1133,5.5736);
#322=VECTOR('',#1136,5.5736);
#323=VECTOR('',#1143,4.5);
#324=VECTOR('',#1164,8.5);
#325=VECTOR('',#1167,10.);
#326=VECTOR('',#1170,10.);
#327=VECTOR('',#1179,10.);
#328=VECTOR('',#1180,10.);
#329=VECTOR('',#1189,10.);
#330=VECTOR('',#1190,10.);
#331=VECTOR('',#1191,10.);
#332=VECTOR('',#1192,10.);
#333=VECTOR('',#1195,10.);
#334=VECTOR('',#1196,10.);
#335=VECTOR('',#1197,10.);
#336=VECTOR('',#1200,10.);
#337=VECTOR('',#1209,10.);
#338=VECTOR('',#1212,1.5);
#339=VECTOR('',#1217,1.5);
#340=VECTOR('',#1226,10.);
#341=VERTEX_POINT('',#1231);
#342=VERTEX_POINT('',#1232);
#343=VERTEX_POINT('',#1234);
#344=VERTEX_POINT('',#1241);
#345=VERTEX_POINT('',#1242);
#346=VERTEX_POINT('',#1244);
#347=VERTEX_POINT('',#1300);
#348=VERTEX_POINT('',#1301);
#349=VERTEX_POINT('',#1381);
#350=VERTEX_POINT('',#1382);
#351=VERTEX_POINT('',#1447);
#352=VERTEX_POINT('',#1448);
#353=VERTEX_POINT('',#1522);
#354=VERTEX_POINT('',#1523);
#355=VERTEX_POINT('',#1591);
#356=VERTEX_POINT('',#1592);
#357=VERTEX_POINT('',#1594);
#358=VERTEX_POINT('',#1611);
#359=VERTEX_POINT('',#1642);
#360=VERTEX_POINT('',#1643);
#361=VERTEX_POINT('',#1645);
#362=VERTEX_POINT('',#1658);
#363=VERTEX_POINT('',#1659);
#364=VERTEX_POINT('',#1661);
#365=VERTEX_POINT('',#1744);
#366=VERTEX_POINT('',#1745);
#367=VERTEX_POINT('',#1831);
#368=VERTEX_POINT('',#1832);
#369=VERTEX_POINT('',#1918);
#370=VERTEX_POINT('',#1919);
#371=VERTEX_POINT('',#2005);
#372=VERTEX_POINT('',#2006);
#373=VERTEX_POINT('',#2095);
#374=VERTEX_POINT('',#2096);
#375=VERTEX_POINT('',#2182);
#376=VERTEX_POINT('',#2183);
#377=VERTEX_POINT('',#2269);
#378=VERTEX_POINT('',#2270);
#379=VERTEX_POINT('',#2356);
#380=VERTEX_POINT('',#2357);
#381=VERTEX_POINT('',#2443);
#382=VERTEX_POINT('',#2444);
#383=VERTEX_POINT('',#2446);
#384=VERTEX_POINT('',#2456);
#385=VERTEX_POINT('',#2457);
#386=VERTEX_POINT('',#2459);
#387=VERTEX_POINT('',#2469);
#388=VERTEX_POINT('',#2482);
#389=VERTEX_POINT('',#2483);
#390=VERTEX_POINT('',#2518);
#391=VERTEX_POINT('',#2519);
#392=VERTEX_POINT('',#2556);
#393=VERTEX_POINT('',#2557);
#394=VERTEX_POINT('',#2592);
#395=VERTEX_POINT('',#2593);
#396=VERTEX_POINT('',#2630);
#397=VERTEX_POINT('',#2631);
#398=VERTEX_POINT('',#2667);
#399=VERTEX_POINT('',#2668);
#400=VERTEX_POINT('',#2704);
#401=VERTEX_POINT('',#2705);
#402=VERTEX_POINT('',#2742);
#403=VERTEX_POINT('',#2743);
#404=VERTEX_POINT('',#2778);
#405=VERTEX_POINT('',#2779);
#406=VERTEX_POINT('',#2781);
#407=VERTEX_POINT('',#2792);
#408=VERTEX_POINT('',#2806);
#409=VERTEX_POINT('',#2808);
#410=VERTEX_POINT('',#4271);
#411=VERTEX_POINT('',#4418);
#412=VERTEX_POINT('',#4420);
#413=VERTEX_POINT('',#4494);
#414=VERTEX_POINT('',#4574);
#415=VERTEX_POINT('',#4576);
#416=VERTEX_POINT('',#4578);
#417=VERTEX_POINT('',#4580);
#418=VERTEX_POINT('',#4582);
#419=VERTEX_POINT('',#5110);
#420=VERTEX_POINT('',#5111);
#421=VERTEX_POINT('',#6054);
#422=VERTEX_POINT('',#6056);
#423=VERTEX_POINT('',#6060);
#424=VERTEX_POINT('',#6064);
#425=VERTEX_POINT('',#6070);
#426=VERTEX_POINT('',#6071);
#427=VERTEX_POINT('',#6073);
#428=VERTEX_POINT('',#6075);
#429=VERTEX_POINT('',#6080);
#430=VERTEX_POINT('',#6084);
#431=VERTEX_POINT('',#6087);
#432=VERTEX_POINT('',#6089);
#433=VERTEX_POINT('',#6094);
#434=VERTEX_POINT('',#6098);
#435=EDGE_CURVE('',#341,#342,#249,.T.);
#436=EDGE_CURVE('',#343,#342,#227,.T.);
#437=EDGE_CURVE('',#341,#343,#156,.F.);
#438=EDGE_CURVE('',#344,#345,#250,.T.);
#439=EDGE_CURVE('',#345,#346,#157,.T.);
#440=EDGE_CURVE('',#342,#346,#228,.T.);
#441=EDGE_CURVE('',#344,#341,#158,.F.);
#442=EDGE_CURVE('',#347,#348,#251,.T.);
#443=EDGE_CURVE('',#348,#345,#159,.T.);
#444=EDGE_CURVE('',#347,#344,#160,.F.);
#445=EDGE_CURVE('',#349,#350,#252,.T.);
#446=EDGE_CURVE('',#350,#348,#161,.T.);
#447=EDGE_CURVE('',#349,#347,#162,.F.);
#448=EDGE_CURVE('',#351,#352,#253,.T.);
#449=EDGE_CURVE('',#352,#350,#163,.T.);
#450=EDGE_CURVE('',#351,#349,#164,.F.);
#451=EDGE_CURVE('',#353,#354,#254,.T.);
#452=EDGE_CURVE('',#354,#352,#165,.T.);
#453=EDGE_CURVE('',#353,#351,#166,.F.);
#454=EDGE_CURVE('',#355,#356,#255,.T.);
#455=EDGE_CURVE('',#357,#355,#167,.F.);
#456=EDGE_CURVE('',#358,#357,#229,.T.);
#457=EDGE_CURVE('',#358,#356,#168,.T.);
#458=EDGE_CURVE('',#359,#360,#256,.T.);
#459=EDGE_CURVE('',#360,#361,#230,.T.);
#460=EDGE_CURVE('',#361,#359,#169,.T.);
#461=EDGE_CURVE('',#362,#363,#257,.T.);
#462=EDGE_CURVE('',#363,#364,#170,.T.);
#463=EDGE_CURVE('',#364,#360,#231,.T.);
#464=EDGE_CURVE('',#359,#362,#171,.T.);
#465=EDGE_CURVE('',#365,#366,#258,.T.);
#466=EDGE_CURVE('',#366,#363,#172,.T.);
#467=EDGE_CURVE('',#362,#365,#173,.T.);
#468=EDGE_CURVE('',#367,#368,#259,.T.);
#469=EDGE_CURVE('',#368,#366,#174,.T.);
#470=EDGE_CURVE('',#365,#367,#175,.T.);
#471=EDGE_CURVE('',#369,#370,#260,.T.);
#472=EDGE_CURVE('',#370,#368,#176,.T.);
#473=EDGE_CURVE('',#367,#369,#177,.T.);
#474=EDGE_CURVE('',#371,#372,#261,.T.);
#475=EDGE_CURVE('',#372,#370,#178,.T.);
#476=EDGE_CURVE('',#369,#371,#179,.T.);
#477=EDGE_CURVE('',#373,#374,#262,.T.);
#478=EDGE_CURVE('',#374,#372,#180,.T.);
#479=EDGE_CURVE('',#371,#373,#181,.T.);
#480=EDGE_CURVE('',#375,#376,#263,.T.);
#481=EDGE_CURVE('',#376,#374,#182,.T.);
#482=EDGE_CURVE('',#373,#375,#183,.T.);
#483=EDGE_CURVE('',#377,#378,#264,.T.);
#484=EDGE_CURVE('',#378,#376,#184,.T.);
#485=EDGE_CURVE('',#375,#377,#185,.T.);
#486=EDGE_CURVE('',#379,#380,#265,.T.);
#487=EDGE_CURVE('',#380,#378,#186,.T.);
#488=EDGE_CURVE('',#377,#379,#187,.T.);
#489=EDGE_CURVE('',#381,#382,#266,.T.);
#490=EDGE_CURVE('',#383,#381,#232,.F.);
#491=EDGE_CURVE('',#383,#382,#188,.T.);
#492=EDGE_CURVE('',#384,#385,#267,.T.);
#493=EDGE_CURVE('',#385,#386,#189,.T.);
#494=EDGE_CURVE('',#387,#386,#233,.T.);
#495=EDGE_CURVE('',#384,#387,#190,.T.);
#496=EDGE_CURVE('',#388,#389,#268,.T.);
#497=EDGE_CURVE('',#389,#385,#191,.T.);
#498=EDGE_CURVE('',#388,#384,#192,.T.);
#499=EDGE_CURVE('',#390,#391,#269,.T.);
#500=EDGE_CURVE('',#391,#389,#193,.T.);
#501=EDGE_CURVE('',#390,#388,#194,.T.);
#502=EDGE_CURVE('',#392,#393,#270,.T.);
#503=EDGE_CURVE('',#393,#391,#195,.T.);
#504=EDGE_CURVE('',#392,#390,#196,.T.);
#505=EDGE_CURVE('',#394,#395,#271,.T.);
#506=EDGE_CURVE('',#395,#393,#197,.T.);
#507=EDGE_CURVE('',#394,#392,#198,.T.);
#508=EDGE_CURVE('',#396,#397,#272,.T.);
#509=EDGE_CURVE('',#397,#395,#199,.T.);
#510=EDGE_CURVE('',#396,#394,#200,.T.);
#511=EDGE_CURVE('',#398,#399,#273,.T.);
#512=EDGE_CURVE('',#399,#397,#201,.T.);
#513=EDGE_CURVE('',#398,#396,#202,.T.);
#514=EDGE_CURVE('',#400,#401,#274,.T.);
#515=EDGE_CURVE('',#401,#399,#203,.T.);
#516=EDGE_CURVE('',#400,#398,#204,.T.);
#517=EDGE_CURVE('',#402,#403,#275,.T.);
#518=EDGE_CURVE('',#403,#401,#205,.T.);
#519=EDGE_CURVE('',#402,#400,#206,.T.);
#520=EDGE_CURVE('',#404,#405,#276,.T.);
#521=EDGE_CURVE('',#406,#404,#207,.T.);
#522=EDGE_CURVE('',#407,#406,#234,.T.);
#523=EDGE_CURVE('',#407,#405,#208,.T.);
#524=EDGE_CURVE('',#408,#408,#235,.T.);
#525=EDGE_CURVE('',#408,#409,#277,.T.);
#526=EDGE_CURVE('',#409,#409,#236,.T.);
#527=EDGE_CURVE('',#364,#361,#237,.T.);
#528=EDGE_CURVE('',#405,#403,#209,.T.);
#529=EDGE_CURVE('',#404,#402,#210,.T.);
#530=EDGE_CURVE('',#382,#380,#211,.T.);
#531=EDGE_CURVE('',#386,#383,#212,.T.);
#532=EDGE_CURVE('',#364,#407,#213,.T.);
#533=EDGE_CURVE('',#406,#361,#214,.T.);
#534=EDGE_CURVE('',#410,#387,#215,.T.);
#535=EDGE_CURVE('',#379,#410,#216,.T.);
#536=EDGE_CURVE('',#381,#410,#238,.F.);
#537=EDGE_CURVE('',#411,#411,#239,.T.);
#538=EDGE_CURVE('',#412,#358,#217,.F.);
#539=EDGE_CURVE('',#357,#413,#218,.F.);
#540=EDGE_CURVE('',#412,#413,#219,.F.);
#541=EDGE_CURVE('',#411,#414,#278,.T.);
#542=EDGE_CURVE('',#414,#415,#240,.T.);
#543=EDGE_CURVE('',#415,#416,#279,.T.);
#544=EDGE_CURVE('',#417,#416,#18,.T.);
#545=EDGE_CURVE('',#417,#418,#280,.T.);
#546=EDGE_CURVE('',#418,#414,#241,.T.);
#547=EDGE_CURVE('',#419,#420,#220,.T.);
#548=EDGE_CURVE('',#420,#412,#221,.T.);
#549=EDGE_CURVE('',#413,#419,#222,.T.);
#550=EDGE_CURVE('',#355,#353,#223,.F.);
#551=EDGE_CURVE('',#419,#343,#224,.T.);
#552=EDGE_CURVE('',#346,#420,#225,.T.);
#553=EDGE_CURVE('',#356,#354,#226,.T.);
#554=EDGE_CURVE('',#421,#415,#281,.T.);
#555=EDGE_CURVE('',#418,#422,#282,.T.);
#556=EDGE_CURVE('',#421,#422,#242,.T.);
#557=EDGE_CURVE('',#422,#423,#15,.F.);
#558=EDGE_CURVE('',#423,#424,#243,.T.);
#559=EDGE_CURVE('',#424,#421,#16,.F.);
#560=EDGE_CURVE('',#425,#426,#283,.T.);
#561=EDGE_CURVE('',#427,#425,#284,.T.);
#562=EDGE_CURVE('',#428,#427,#285,.T.);
#563=EDGE_CURVE('',#428,#426,#286,.T.);
#564=EDGE_CURVE('',#417,#426,#287,.T.);
#565=EDGE_CURVE('',#429,#428,#288,.T.);
#566=EDGE_CURVE('',#429,#423,#289,.T.);
#567=EDGE_CURVE('',#427,#430,#290,.T.);
#568=EDGE_CURVE('',#430,#429,#244,.T.);
#569=EDGE_CURVE('',#431,#431,#245,.F.);
#570=EDGE_CURVE('',#432,#432,#246,.F.);
#571=EDGE_CURVE('',#430,#424,#291,.T.);
#572=EDGE_CURVE('',#432,#433,#292,.T.);
#573=EDGE_CURVE('',#433,#433,#247,.F.);
#574=EDGE_CURVE('',#431,#434,#293,.T.);
#575=EDGE_CURVE('',#434,#434,#248,.F.);
#576=EDGE_CURVE('',#425,#416,#294,.T.);
#577=ORIENTED_EDGE('',*,*,#435,.T.);
#578=ORIENTED_EDGE('',*,*,#436,.F.);
#579=ORIENTED_EDGE('',*,*,#437,.F.);
#580=ORIENTED_EDGE('',*,*,#438,.T.);
#581=ORIENTED_EDGE('',*,*,#439,.T.);
#582=ORIENTED_EDGE('',*,*,#440,.F.);
#583=ORIENTED_EDGE('',*,*,#435,.F.);
#584=ORIENTED_EDGE('',*,*,#441,.F.);
#585=ORIENTED_EDGE('',*,*,#442,.T.);
#586=ORIENTED_EDGE('',*,*,#443,.T.);
#587=ORIENTED_EDGE('',*,*,#438,.F.);
#588=ORIENTED_EDGE('',*,*,#444,.F.);
#589=ORIENTED_EDGE('',*,*,#445,.T.);
#590=ORIENTED_EDGE('',*,*,#446,.T.);
#591=ORIENTED_EDGE('',*,*,#442,.F.);
#592=ORIENTED_EDGE('',*,*,#447,.F.);
#593=ORIENTED_EDGE('',*,*,#448,.T.);
#594=ORIENTED_EDGE('',*,*,#449,.T.);
#595=ORIENTED_EDGE('',*,*,#445,.F.);
#596=ORIENTED_EDGE('',*,*,#450,.F.);
#597=ORIENTED_EDGE('',*,*,#451,.T.);
#598=ORIENTED_EDGE('',*,*,#452,.T.);
#599=ORIENTED_EDGE('',*,*,#448,.F.);
#600=ORIENTED_EDGE('',*,*,#453,.F.);
#601=ORIENTED_EDGE('',*,*,#454,.F.);
#602=ORIENTED_EDGE('',*,*,#455,.F.);
#603=ORIENTED_EDGE('',*,*,#456,.F.);
#604=ORIENTED_EDGE('',*,*,#457,.T.);
#605=ORIENTED_EDGE('',*,*,#458,.T.);
#606=ORIENTED_EDGE('',*,*,#459,.T.);
#607=ORIENTED_EDGE('',*,*,#460,.T.);
#608=ORIENTED_EDGE('',*,*,#461,.T.);
#609=ORIENTED_EDGE('',*,*,#462,.T.);
#610=ORIENTED_EDGE('',*,*,#463,.T.);
#611=ORIENTED_EDGE('',*,*,#458,.F.);
#612=ORIENTED_EDGE('',*,*,#464,.T.);
#613=ORIENTED_EDGE('',*,*,#465,.T.);
#614=ORIENTED_EDGE('',*,*,#466,.T.);
#615=ORIENTED_EDGE('',*,*,#461,.F.);
#616=ORIENTED_EDGE('',*,*,#467,.T.);
#617=ORIENTED_EDGE('',*,*,#468,.T.);
#618=ORIENTED_EDGE('',*,*,#469,.T.);
#619=ORIENTED_EDGE('',*,*,#465,.F.);
#620=ORIENTED_EDGE('',*,*,#470,.T.);
#621=ORIENTED_EDGE('',*,*,#471,.T.);
#622=ORIENTED_EDGE('',*,*,#472,.T.);
#623=ORIENTED_EDGE('',*,*,#468,.F.);
#624=ORIENTED_EDGE('',*,*,#473,.T.);
#625=ORIENTED_EDGE('',*,*,#474,.T.);
#626=ORIENTED_EDGE('',*,*,#475,.T.);
#627=ORIENTED_EDGE('',*,*,#471,.F.);
#628=ORIENTED_EDGE('',*,*,#476,.T.);
#629=ORIENTED_EDGE('',*,*,#477,.T.);
#630=ORIENTED_EDGE('',*,*,#478,.T.);
#631=ORIENTED_EDGE('',*,*,#474,.F.);
#632=ORIENTED_EDGE('',*,*,#479,.T.);
#633=ORIENTED_EDGE('',*,*,#480,.T.);
#634=ORIENTED_EDGE('',*,*,#481,.T.);
#635=ORIENTED_EDGE('',*,*,#477,.F.);
#636=ORIENTED_EDGE('',*,*,#482,.T.);
#637=ORIENTED_EDGE('',*,*,#483,.T.);
#638=ORIENTED_EDGE('',*,*,#484,.T.);
#639=ORIENTED_EDGE('',*,*,#480,.F.);
#640=ORIENTED_EDGE('',*,*,#485,.T.);
#641=ORIENTED_EDGE('',*,*,#486,.T.);
#642=ORIENTED_EDGE('',*,*,#487,.T.);
#643=ORIENTED_EDGE('',*,*,#483,.F.);
#644=ORIENTED_EDGE('',*,*,#488,.T.);
#645=ORIENTED_EDGE('',*,*,#489,.F.);
#646=ORIENTED_EDGE('',*,*,#490,.F.);
#647=ORIENTED_EDGE('',*,*,#491,.T.);
#648=ORIENTED_EDGE('',*,*,#492,.T.);
#649=ORIENTED_EDGE('',*,*,#493,.T.);
#650=ORIENTED_EDGE('',*,*,#494,.F.);
#651=ORIENTED_EDGE('',*,*,#495,.F.);
#652=ORIENTED_EDGE('',*,*,#496,.T.);
#653=ORIENTED_EDGE('',*,*,#497,.T.);
#654=ORIENTED_EDGE('',*,*,#492,.F.);
#655=ORIENTED_EDGE('',*,*,#498,.F.);
#656=ORIENTED_EDGE('',*,*,#499,.T.);
#657=ORIENTED_EDGE('',*,*,#500,.T.);
#658=ORIENTED_EDGE('',*,*,#496,.F.);
#659=ORIENTED_EDGE('',*,*,#501,.F.);
#660=ORIENTED_EDGE('',*,*,#502,.T.);
#661=ORIENTED_EDGE('',*,*,#503,.T.);
#662=ORIENTED_EDGE('',*,*,#499,.F.);
#663=ORIENTED_EDGE('',*,*,#504,.F.);
#664=ORIENTED_EDGE('',*,*,#505,.T.);
#665=ORIENTED_EDGE('',*,*,#506,.T.);
#666=ORIENTED_EDGE('',*,*,#502,.F.);
#667=ORIENTED_EDGE('',*,*,#507,.F.);
#668=ORIENTED_EDGE('',*,*,#508,.T.);
#669=ORIENTED_EDGE('',*,*,#509,.T.);
#670=ORIENTED_EDGE('',*,*,#505,.F.);
#671=ORIENTED_EDGE('',*,*,#510,.F.);
#672=ORIENTED_EDGE('',*,*,#511,.T.);
#673=ORIENTED_EDGE('',*,*,#512,.T.);
#674=ORIENTED_EDGE('',*,*,#508,.F.);
#675=ORIENTED_EDGE('',*,*,#513,.F.);
#676=ORIENTED_EDGE('',*,*,#514,.T.);
#677=ORIENTED_EDGE('',*,*,#515,.T.);
#678=ORIENTED_EDGE('',*,*,#511,.F.);
#679=ORIENTED_EDGE('',*,*,#516,.F.);
#680=ORIENTED_EDGE('',*,*,#517,.T.);
#681=ORIENTED_EDGE('',*,*,#518,.T.);
#682=ORIENTED_EDGE('',*,*,#514,.F.);
#683=ORIENTED_EDGE('',*,*,#519,.F.);
#684=ORIENTED_EDGE('',*,*,#520,.F.);
#685=ORIENTED_EDGE('',*,*,#521,.F.);
#686=ORIENTED_EDGE('',*,*,#522,.F.);
#687=ORIENTED_EDGE('',*,*,#523,.T.);
#688=ORIENTED_EDGE('',*,*,#524,.F.);
#689=ORIENTED_EDGE('',*,*,#525,.T.);
#690=ORIENTED_EDGE('',*,*,#526,.T.);
#691=ORIENTED_EDGE('',*,*,#525,.F.);
#692=ORIENTED_EDGE('',*,*,#459,.F.);
#693=ORIENTED_EDGE('',*,*,#463,.F.);
#694=ORIENTED_EDGE('',*,*,#527,.T.);
#695=ORIENTED_EDGE('',*,*,#524,.T.);
#696=ORIENTED_EDGE('',*,*,#520,.T.);
#697=ORIENTED_EDGE('',*,*,#528,.T.);
#698=ORIENTED_EDGE('',*,*,#517,.F.);
#699=ORIENTED_EDGE('',*,*,#529,.F.);
#700=ORIENTED_EDGE('',*,*,#462,.F.);
#701=ORIENTED_EDGE('',*,*,#466,.F.);
#702=ORIENTED_EDGE('',*,*,#469,.F.);
#703=ORIENTED_EDGE('',*,*,#472,.F.);
#704=ORIENTED_EDGE('',*,*,#475,.F.);
#705=ORIENTED_EDGE('',*,*,#478,.F.);
#706=ORIENTED_EDGE('',*,*,#481,.F.);
#707=ORIENTED_EDGE('',*,*,#484,.F.);
#708=ORIENTED_EDGE('',*,*,#487,.F.);
#709=ORIENTED_EDGE('',*,*,#530,.F.);
#710=ORIENTED_EDGE('',*,*,#491,.F.);
#711=ORIENTED_EDGE('',*,*,#531,.F.);
#712=ORIENTED_EDGE('',*,*,#493,.F.);
#713=ORIENTED_EDGE('',*,*,#497,.F.);
#714=ORIENTED_EDGE('',*,*,#500,.F.);
#715=ORIENTED_EDGE('',*,*,#503,.F.);
#716=ORIENTED_EDGE('',*,*,#506,.F.);
#717=ORIENTED_EDGE('',*,*,#509,.F.);
#718=ORIENTED_EDGE('',*,*,#512,.F.);
#719=ORIENTED_EDGE('',*,*,#515,.F.);
#720=ORIENTED_EDGE('',*,*,#518,.F.);
#721=ORIENTED_EDGE('',*,*,#528,.F.);
#722=ORIENTED_EDGE('',*,*,#523,.F.);
#723=ORIENTED_EDGE('',*,*,#532,.F.);
#724=ORIENTED_EDGE('',*,*,#532,.T.);
#725=ORIENTED_EDGE('',*,*,#522,.T.);
#726=ORIENTED_EDGE('',*,*,#533,.T.);
#727=ORIENTED_EDGE('',*,*,#527,.F.);
#728=ORIENTED_EDGE('',*,*,#533,.F.);
#729=ORIENTED_EDGE('',*,*,#521,.T.);
#730=ORIENTED_EDGE('',*,*,#529,.T.);
#731=ORIENTED_EDGE('',*,*,#519,.T.);
#732=ORIENTED_EDGE('',*,*,#516,.T.);
#733=ORIENTED_EDGE('',*,*,#513,.T.);
#734=ORIENTED_EDGE('',*,*,#510,.T.);
#735=ORIENTED_EDGE('',*,*,#507,.T.);
#736=ORIENTED_EDGE('',*,*,#504,.T.);
#737=ORIENTED_EDGE('',*,*,#501,.T.);
#738=ORIENTED_EDGE('',*,*,#498,.T.);
#739=ORIENTED_EDGE('',*,*,#495,.T.);
#740=ORIENTED_EDGE('',*,*,#534,.F.);
#741=ORIENTED_EDGE('',*,*,#535,.F.);
#742=ORIENTED_EDGE('',*,*,#488,.F.);
#743=ORIENTED_EDGE('',*,*,#485,.F.);
#744=ORIENTED_EDGE('',*,*,#482,.F.);
#745=ORIENTED_EDGE('',*,*,#479,.F.);
#746=ORIENTED_EDGE('',*,*,#476,.F.);
#747=ORIENTED_EDGE('',*,*,#473,.F.);
#748=ORIENTED_EDGE('',*,*,#470,.F.);
#749=ORIENTED_EDGE('',*,*,#467,.F.);
#750=ORIENTED_EDGE('',*,*,#464,.F.);
#751=ORIENTED_EDGE('',*,*,#460,.F.);
#752=ORIENTED_EDGE('',*,*,#489,.T.);
#753=ORIENTED_EDGE('',*,*,#530,.T.);
#754=ORIENTED_EDGE('',*,*,#486,.F.);
#755=ORIENTED_EDGE('',*,*,#535,.T.);
#756=ORIENTED_EDGE('',*,*,#536,.F.);
#757=ORIENTED_EDGE('',*,*,#537,.F.);
#758=ORIENTED_EDGE('',*,*,#538,.T.);
#759=ORIENTED_EDGE('',*,*,#456,.T.);
#760=ORIENTED_EDGE('',*,*,#539,.T.);
#761=ORIENTED_EDGE('',*,*,#540,.F.);
#762=ORIENTED_EDGE('',*,*,#537,.T.);
#763=ORIENTED_EDGE('',*,*,#541,.T.);
#764=ORIENTED_EDGE('',*,*,#542,.T.);
#765=ORIENTED_EDGE('',*,*,#543,.T.);
#766=ORIENTED_EDGE('',*,*,#544,.F.);
#767=ORIENTED_EDGE('',*,*,#545,.T.);
#768=ORIENTED_EDGE('',*,*,#546,.T.);
#769=ORIENTED_EDGE('',*,*,#541,.F.);
#770=ORIENTED_EDGE('',*,*,#547,.T.);
#771=ORIENTED_EDGE('',*,*,#548,.T.);
#772=ORIENTED_EDGE('',*,*,#540,.T.);
#773=ORIENTED_EDGE('',*,*,#549,.T.);
#774=ORIENTED_EDGE('',*,*,#549,.F.);
#775=ORIENTED_EDGE('',*,*,#539,.F.);
#776=ORIENTED_EDGE('',*,*,#455,.T.);
#777=ORIENTED_EDGE('',*,*,#550,.T.);
#778=ORIENTED_EDGE('',*,*,#453,.T.);
#779=ORIENTED_EDGE('',*,*,#450,.T.);
#780=ORIENTED_EDGE('',*,*,#447,.T.);
#781=ORIENTED_EDGE('',*,*,#444,.T.);
#782=ORIENTED_EDGE('',*,*,#441,.T.);
#783=ORIENTED_EDGE('',*,*,#437,.T.);
#784=ORIENTED_EDGE('',*,*,#551,.F.);
#785=ORIENTED_EDGE('',*,*,#548,.F.);
#786=ORIENTED_EDGE('',*,*,#552,.F.);
#787=ORIENTED_EDGE('',*,*,#439,.F.);
#788=ORIENTED_EDGE('',*,*,#443,.F.);
#789=ORIENTED_EDGE('',*,*,#446,.F.);
#790=ORIENTED_EDGE('',*,*,#449,.F.);
#791=ORIENTED_EDGE('',*,*,#452,.F.);
#792=ORIENTED_EDGE('',*,*,#553,.F.);
#793=ORIENTED_EDGE('',*,*,#457,.F.);
#794=ORIENTED_EDGE('',*,*,#538,.F.);
#795=ORIENTED_EDGE('',*,*,#454,.T.);
#796=ORIENTED_EDGE('',*,*,#553,.T.);
#797=ORIENTED_EDGE('',*,*,#451,.F.);
#798=ORIENTED_EDGE('',*,*,#550,.F.);
#799=ORIENTED_EDGE('',*,*,#547,.F.);
#800=ORIENTED_EDGE('',*,*,#551,.T.);
#801=ORIENTED_EDGE('',*,*,#436,.T.);
#802=ORIENTED_EDGE('',*,*,#440,.T.);
#803=ORIENTED_EDGE('',*,*,#552,.T.);
#804=ORIENTED_EDGE('',*,*,#531,.T.);
#805=ORIENTED_EDGE('',*,*,#490,.T.);
#806=ORIENTED_EDGE('',*,*,#536,.T.);
#807=ORIENTED_EDGE('',*,*,#534,.T.);
#808=ORIENTED_EDGE('',*,*,#494,.T.);
#809=ORIENTED_EDGE('',*,*,#554,.T.);
#810=ORIENTED_EDGE('',*,*,#542,.F.);
#811=ORIENTED_EDGE('',*,*,#546,.F.);
#812=ORIENTED_EDGE('',*,*,#555,.T.);
#813=ORIENTED_EDGE('',*,*,#556,.F.);
#814=ORIENTED_EDGE('',*,*,#557,.T.);
#815=ORIENTED_EDGE('',*,*,#558,.T.);
#816=ORIENTED_EDGE('',*,*,#559,.T.);
#817=ORIENTED_EDGE('',*,*,#556,.T.);
#818=ORIENTED_EDGE('',*,*,#560,.F.);
#819=ORIENTED_EDGE('',*,*,#561,.F.);
#820=ORIENTED_EDGE('',*,*,#562,.F.);
#821=ORIENTED_EDGE('',*,*,#563,.T.);
#822=ORIENTED_EDGE('',*,*,#545,.F.);
#823=ORIENTED_EDGE('',*,*,#564,.T.);
#824=ORIENTED_EDGE('',*,*,#563,.F.);
#825=ORIENTED_EDGE('',*,*,#565,.F.);
#826=ORIENTED_EDGE('',*,*,#566,.T.);
#827=ORIENTED_EDGE('',*,*,#557,.F.);
#828=ORIENTED_EDGE('',*,*,#555,.F.);
#829=ORIENTED_EDGE('',*,*,#565,.T.);
#830=ORIENTED_EDGE('',*,*,#562,.T.);
#831=ORIENTED_EDGE('',*,*,#567,.T.);
#832=ORIENTED_EDGE('',*,*,#568,.T.);
#833=ORIENTED_EDGE('',*,*,#526,.F.);
#834=ORIENTED_EDGE('',*,*,#569,.T.);
#835=ORIENTED_EDGE('',*,*,#570,.T.);
#836=ORIENTED_EDGE('',*,*,#566,.F.);
#837=ORIENTED_EDGE('',*,*,#568,.F.);
#838=ORIENTED_EDGE('',*,*,#571,.T.);
#839=ORIENTED_EDGE('',*,*,#558,.F.);
#840=ORIENTED_EDGE('',*,*,#570,.F.);
#841=ORIENTED_EDGE('',*,*,#572,.T.);
#842=ORIENTED_EDGE('',*,*,#573,.T.);
#843=ORIENTED_EDGE('',*,*,#572,.F.);
#844=ORIENTED_EDGE('',*,*,#569,.F.);
#845=ORIENTED_EDGE('',*,*,#574,.T.);
#846=ORIENTED_EDGE('',*,*,#575,.T.);
#847=ORIENTED_EDGE('',*,*,#574,.F.);
#848=ORIENTED_EDGE('',*,*,#573,.F.);
#849=ORIENTED_EDGE('',*,*,#575,.F.);
#850=ORIENTED_EDGE('',*,*,#576,.F.);
#851=ORIENTED_EDGE('',*,*,#560,.T.);
#852=ORIENTED_EDGE('',*,*,#564,.F.);
#853=ORIENTED_EDGE('',*,*,#544,.T.);
#854=ORIENTED_EDGE('',*,*,#543,.F.);
#855=ORIENTED_EDGE('',*,*,#554,.F.);
#856=ORIENTED_EDGE('',*,*,#559,.F.);
#857=ORIENTED_EDGE('',*,*,#571,.F.);
#858=ORIENTED_EDGE('',*,*,#567,.F.);
#859=ORIENTED_EDGE('',*,*,#561,.T.);
#860=ORIENTED_EDGE('',*,*,#576,.T.);
#861=CYLINDRICAL_SURFACE('',#965,8.0685);
#862=CYLINDRICAL_SURFACE('',#967,8.0685);
#863=CYLINDRICAL_SURFACE('',#969,8.0685);
#864=CYLINDRICAL_SURFACE('',#970,8.0685);
#865=CYLINDRICAL_SURFACE('',#971,8.0685);
#866=CYLINDRICAL_SURFACE('',#972,8.0685);
#867=CYLINDRICAL_SURFACE('',#973,8.0685);
#868=CYLINDRICAL_SURFACE('',#975,5.01775);
#869=CYLINDRICAL_SURFACE('',#977,5.01775);
#870=CYLINDRICAL_SURFACE('',#979,5.01775);
#871=CYLINDRICAL_SURFACE('',#980,5.01775);
#872=CYLINDRICAL_SURFACE('',#981,5.01775);
#873=CYLINDRICAL_SURFACE('',#982,5.01775);
#874=CYLINDRICAL_SURFACE('',#983,5.01775);
#875=CYLINDRICAL_SURFACE('',#984,5.01775);
#876=CYLINDRICAL_SURFACE('',#985,5.01775);
#877=CYLINDRICAL_SURFACE('',#986,5.01775);
#878=CYLINDRICAL_SURFACE('',#987,5.01775);
#879=CYLINDRICAL_SURFACE('',#989,5.5736);
#880=CYLINDRICAL_SURFACE('',#991,5.5736);
#881=CYLINDRICAL_SURFACE('',#992,5.5736);
#882=CYLINDRICAL_SURFACE('',#993,5.5736);
#883=CYLINDRICAL_SURFACE('',#994,5.5736);
#884=CYLINDRICAL_SURFACE('',#995,5.5736);
#885=CYLINDRICAL_SURFACE('',#996,5.5736);
#886=CYLINDRICAL_SURFACE('',#997,5.5736);
#887=CYLINDRICAL_SURFACE('',#998,5.5736);
#888=CYLINDRICAL_SURFACE('',#999,5.5736);
#889=CYLINDRICAL_SURFACE('',#1001,4.5);
#890=CYLINDRICAL_SURFACE('',#1006,5.5736);
#891=CYLINDRICAL_SURFACE('',#1008,5.01775);
#892=CYLINDRICAL_SURFACE('',#1012,10.);
#893=CYLINDRICAL_SURFACE('',#1016,8.0685);
#894=CYLINDRICAL_SURFACE('',#1028,12.5);
#895=CYLINDRICAL_SURFACE('',#1029,1.7);
#896=CYLINDRICAL_SURFACE('',#1031,1.7);
#897=ADVANCED_FACE('',(#42),#861,.T.);
#898=ADVANCED_FACE('',(#43),#862,.T.);
#899=ADVANCED_FACE('',(#44),#863,.T.);
#900=ADVANCED_FACE('',(#45),#864,.T.);
#901=ADVANCED_FACE('',(#46),#865,.T.);
#902=ADVANCED_FACE('',(#47),#866,.T.);
#903=ADVANCED_FACE('',(#48),#867,.T.);
#904=ADVANCED_FACE('',(#49),#868,.F.);
#905=ADVANCED_FACE('',(#50),#869,.F.);
#906=ADVANCED_FACE('',(#51),#870,.F.);
#907=ADVANCED_FACE('',(#52),#871,.F.);
#908=ADVANCED_FACE('',(#53),#872,.F.);
#909=ADVANCED_FACE('',(#54),#873,.F.);
#910=ADVANCED_FACE('',(#55),#874,.F.);
#911=ADVANCED_FACE('',(#56),#875,.F.);
#912=ADVANCED_FACE('',(#57),#876,.F.);
#913=ADVANCED_FACE('',(#58),#877,.F.);
#914=ADVANCED_FACE('',(#59),#878,.F.);
#915=ADVANCED_FACE('',(#60),#879,.F.);
#916=ADVANCED_FACE('',(#61),#880,.F.);
#917=ADVANCED_FACE('',(#62),#881,.F.);
#918=ADVANCED_FACE('',(#63),#882,.F.);
#919=ADVANCED_FACE('',(#64),#883,.F.);
#920=ADVANCED_FACE('',(#65),#884,.F.);
#921=ADVANCED_FACE('',(#66),#885,.F.);
#922=ADVANCED_FACE('',(#67),#886,.F.);
#923=ADVANCED_FACE('',(#68),#887,.F.);
#924=ADVANCED_FACE('',(#69),#888,.F.);
#925=ADVANCED_FACE('',(#70),#889,.F.);
#926=ADVANCED_FACE('',(#71,#24),#30,.F.);
#927=ADVANCED_FACE('',(#72),#890,.F.);
#928=ADVANCED_FACE('',(#73),#19,.F.);
#929=ADVANCED_FACE('',(#74),#31,.F.);
#930=ADVANCED_FACE('',(#75),#20,.F.);
#931=ADVANCED_FACE('',(#76),#891,.F.);
#932=ADVANCED_FACE('',(#77,#25),#32,.T.);
#933=ADVANCED_FACE('',(#78),#892,.T.);
#934=ADVANCED_FACE('',(#79),#21,.F.);
#935=ADVANCED_FACE('',(#80),#22,.F.);
#936=ADVANCED_FACE('',(#81),#23,.F.);
#937=ADVANCED_FACE('',(#82),#893,.T.);
#938=ADVANCED_FACE('',(#83,#26),#33,.T.);
#939=ADVANCED_FACE('',(#84),#34,.T.);
#940=ADVANCED_FACE('',(#85),#17,.T.);
#941=ADVANCED_FACE('',(#86),#35,.F.);
#942=ADVANCED_FACE('',(#87),#36,.F.);
#943=ADVANCED_FACE('',(#88,#27,#28,#29),#37,.F.);
#944=ADVANCED_FACE('',(#89),#894,.T.);
#945=ADVANCED_FACE('',(#90),#895,.F.);
#946=ADVANCED_FACE('',(#91),#896,.F.);
#947=ADVANCED_FACE('',(#92),#38,.F.);
#948=ADVANCED_FACE('',(#93),#39,.F.);
#949=ADVANCED_FACE('',(#94),#40,.T.);
#950=ADVANCED_FACE('',(#95),#41,.F.);
#951=CLOSED_SHELL('',(#897,#898,#899,#900,#901,#902,#903,#904,#905,#906,
#907,#908,#909,#910,#911,#912,#913,#914,#915,#916,#917,#918,#919,#920,#921,
#922,#923,#924,#925,#926,#927,#928,#929,#930,#931,#932,#933,#934,#935,#936,
#937,#938,#939,#940,#941,#942,#943,#944,#945,#946,#947,#948,#949,#950));
#952=DERIVED_UNIT_ELEMENT(#954,1.);
#953=DERIVED_UNIT_ELEMENT(#6111,-3.);
#954=(
MASS_UNIT()
NAMED_UNIT(*)
SI_UNIT(.KILO.,.GRAM.)
);
#955=DERIVED_UNIT((#952,#953));
#956=MEASURE_REPRESENTATION_ITEM('density measure',
POSITIVE_RATIO_MEASURE(7850.),#955);
#957=PROPERTY_DEFINITION_REPRESENTATION(#962,#959);
#958=PROPERTY_DEFINITION_REPRESENTATION(#963,#960);
#959=REPRESENTATION('material name',(#961),#6108);
#960=REPRESENTATION('density',(#956),#6108);
#961=DESCRIPTIVE_REPRESENTATION_ITEM('Steel','Steel');
#962=PROPERTY_DEFINITION('material property','material name',#6118);
#963=PROPERTY_DEFINITION('material property','density of part',#6118);
#964=AXIS2_PLACEMENT_3D('',#1229,#1037,#1038);
#965=AXIS2_PLACEMENT_3D('',#1230,#1039,#1040);
#966=AXIS2_PLACEMENT_3D('',#1235,#1042,#1043);
#967=AXIS2_PLACEMENT_3D('',#1240,#1044,#1045);
#968=AXIS2_PLACEMENT_3D('',#1264,#1047,#1048);
#969=AXIS2_PLACEMENT_3D('',#1299,#1049,#1050);
#970=AXIS2_PLACEMENT_3D('',#1380,#1052,#1053);
#971=AXIS2_PLACEMENT_3D('',#1446,#1055,#1056);
#972=AXIS2_PLACEMENT_3D('',#1521,#1058,#1059);
#973=AXIS2_PLACEMENT_3D('',#1590,#1061,#1062);
#974=AXIS2_PLACEMENT_3D('',#1612,#1064,#1065);
#975=AXIS2_PLACEMENT_3D('',#1641,#1066,#1067);
#976=AXIS2_PLACEMENT_3D('',#1646,#1069,#1070);
#977=AXIS2_PLACEMENT_3D('',#1657,#1071,#1072);
#978=AXIS2_PLACEMENT_3D('',#1699,#1074,#1075);
#979=AXIS2_PLACEMENT_3D('',#1743,#1076,#1077);
#980=AXIS2_PLACEMENT_3D('',#1830,#1079,#1080);
#981=AXIS2_PLACEMENT_3D('',#1917,#1082,#1083);
#982=AXIS2_PLACEMENT_3D('',#2004,#1085,#1086);
#983=AXIS2_PLACEMENT_3D('',#2094,#1088,#1089);
#984=AXIS2_PLACEMENT_3D('',#2181,#1091,#1092);
#985=AXIS2_PLACEMENT_3D('',#2268,#1094,#1095);
#986=AXIS2_PLACEMENT_3D('',#2355,#1097,#1098);
#987=AXIS2_PLACEMENT_3D('',#2442,#1100,#1101);
#988=AXIS2_PLACEMENT_3D('',#2447,#1103,#1104);
#989=AXIS2_PLACEMENT_3D('',#2455,#1105,#1106);
#990=AXIS2_PLACEMENT_3D('',#2470,#1108,#1109);
#991=AXIS2_PLACEMENT_3D('',#2481,#1110,#1111);
#992=AXIS2_PLACEMENT_3D('',#2517,#1113,#1114);
#993=AXIS2_PLACEMENT_3D('',#2555,#1116,#1117);
#994=AXIS2_PLACEMENT_3D('',#2591,#1119,#1120);
#995=AXIS2_PLACEMENT_3D('',#2629,#1122,#1123);
#996=AXIS2_PLACEMENT_3D('',#2666,#1125,#1126);
#997=AXIS2_PLACEMENT_3D('',#2703,#1128,#1129);
#998=AXIS2_PLACEMENT_3D('',#2741,#1131,#1132);
#999=AXIS2_PLACEMENT_3D('',#2777,#1134,#1135);
#1000=AXIS2_PLACEMENT_3D('',#2793,#1137,#1138);
#1001=AXIS2_PLACEMENT_3D('',#2805,#1139,#1140);
#1002=AXIS2_PLACEMENT_3D('',#2807,#1141,#1142);
#1003=AXIS2_PLACEMENT_3D('',#2810,#1144,#1145);
#1004=AXIS2_PLACEMENT_3D('',#2811,#1146,#1147);
#1005=AXIS2_PLACEMENT_3D('',#2812,#1148,#1149);
#1006=AXIS2_PLACEMENT_3D('',#2813,#1150,#1151);
#1007=AXIS2_PLACEMENT_3D('',#3632,#1152,#1153);
#1008=AXIS2_PLACEMENT_3D('',#4415,#1154,#1155);
#1009=AXIS2_PLACEMENT_3D('',#4416,#1156,#1157);
#1010=AXIS2_PLACEMENT_3D('',#4417,#1158,#1159);
#1011=AXIS2_PLACEMENT_3D('',#4419,#1160,#1161);
#1012=AXIS2_PLACEMENT_3D('',#4573,#1162,#1163);
#1013=AXIS2_PLACEMENT_3D('',#4577,#1165,#1166);
#1014=AXIS2_PLACEMENT_3D('',#4581,#1168,#1169);
#1015=AXIS2_PLACEMENT_3D('',#4584,#1171,#1172);
#1016=AXIS2_PLACEMENT_3D('',#6051,#1173,#1174);
#1017=AXIS2_PLACEMENT_3D('',#6052,#1175,#1176);
#1018=AXIS2_PLACEMENT_3D('',#6053,#1177,#1178);
#1019=AXIS2_PLACEMENT_3D('',#6058,#1181,#1182);
#1020=AXIS2_PLACEMENT_3D('',#6059,#1183,#1184);
#1021=AXIS2_PLACEMENT_3D('',#6065,#1185,#1186);
#1022=AXIS2_PLACEMENT_3D('',#6069,#1187,#1188);
#1023=AXIS2_PLACEMENT_3D('',#6078,#1193,#1194);
#1024=AXIS2_PLACEMENT_3D('',#6083,#1198,#1199);
#1025=AXIS2_PLACEMENT_3D('',#6086,#1201,#1202);
#1026=AXIS2_PLACEMENT_3D('',#6088,#1203,#1204);
#1027=AXIS2_PLACEMENT_3D('',#6090,#1205,#1206);
#1028=AXIS2_PLACEMENT_3D('',#6091,#1207,#1208);
#1029=AXIS2_PLACEMENT_3D('',#6093,#1210,#1211);
#1030=AXIS2_PLACEMENT_3D('',#6096,#1213,#1214);
#1031=AXIS2_PLACEMENT_3D('',#6097,#1215,#1216);
#1032=AXIS2_PLACEMENT_3D('',#6100,#1218,#1219);
#1033=AXIS2_PLACEMENT_3D('',#6101,#1220,#1221);
#1034=AXIS2_PLACEMENT_3D('',#6102,#1222,#1223);
#1035=AXIS2_PLACEMENT_3D('',#6103,#1224,#1225);
#1036=AXIS2_PLACEMENT_3D('',#6105,#1227,#1228);
#1037=DIRECTION('axis',(0.,0.,1.));
#1038=DIRECTION('refdir',(1.,0.,0.));
#1039=DIRECTION('center_axis',(9.39209483437236E-15,-1.,-2.53101796843698E-30));
#1040=DIRECTION('ref_axis',(-0.958326796666399,-7.15779855269919E-15,0.285674203930139));
#1041=DIRECTION('',(5.51775662563653E-15,-1.,3.56067789218196E-29));
#1042=DIRECTION('center_axis',(6.30051566474783E-15,-1.,-2.08483394011193E-22));
#1043=DIRECTION('ref_axis',(1.,1.12349924382843E-14,-9.96615793422687E-15));
#1044=DIRECTION('center_axis',(9.39209483437236E-15,-1.,-2.53101796843698E-30));
#1045=DIRECTION('ref_axis',(1.,1.12349924382843E-14,-9.96615793422687E-15));
#1046=DIRECTION('',(5.51775662563653E-15,-1.,3.56067789218196E-29));
#1047=DIRECTION('center_axis',(6.30051566474783E-15,-1.,-2.08483394011193E-22));
#1048=DIRECTION('ref_axis',(1.,1.12349924382843E-14,-9.96615793422687E-15));
#1049=DIRECTION('center_axis',(9.39209483437236E-15,-1.,-2.53101796843698E-30));
#1050=DIRECTION('ref_axis',(1.,1.12349924382843E-14,-9.96615793422687E-15));
#1051=DIRECTION('',(5.51775662563653E-15,-1.,3.56067789218196E-29));
#1052=DIRECTION('center_axis',(9.39209483437236E-15,-1.,-2.53101796843698E-30));
#1053=DIRECTION('ref_axis',(1.,1.12349924382843E-14,-9.96615793422687E-15));
#1054=DIRECTION('',(5.51775662563653E-15,-1.,3.56067789218196E-29));
#1055=DIRECTION('center_axis',(9.39209483437236E-15,-1.,-2.53101796843698E-30));
#1056=DIRECTION('ref_axis',(1.,1.12349924382843E-14,-9.96615793422687E-15));
#1057=DIRECTION('',(5.51775662563653E-15,-1.,3.56067789218196E-29));
#1058=DIRECTION('center_axis',(9.39209483437236E-15,-1.,-2.53101796843698E-30));
#1059=DIRECTION('ref_axis',(1.,1.12349924382843E-14,-9.96615793422687E-15));
#1060=DIRECTION('',(5.51775662563653E-15,-1.,3.56067789218196E-29));
#1061=DIRECTION('center_axis',(9.39209483437236E-15,-1.,-2.53101796843698E-30));
#1062=DIRECTION('ref_axis',(1.,1.12349924382843E-14,-9.96615793422687E-15));
#1063=DIRECTION('',(5.51775662563653E-15,-1.,3.56067789218196E-29));
#1064=DIRECTION('center_axis',(-9.66612481706885E-15,1.,2.54718050777872E-30));
#1065=DIRECTION('ref_axis',(1.,1.12349924382843E-14,-9.96615793422687E-15));
#1066=DIRECTION('center_axis',(1.53246005574382E-30,-1.,6.82758210784456E-32));
#1067=DIRECTION('ref_axis',(-0.583754161611742,-9.50015154150489E-31,-0.811930464264627));
#1068=DIRECTION('',(-1.53246005574382E-30,1.,-6.82758210784456E-32));
#1069=DIRECTION('center_axis',(-3.1502578323739E-15,1.,1.04241697765906E-22));
#1070=DIRECTION('ref_axis',(-1.12191514967597E-16,6.82758210784454E-32,
1.));
#1071=DIRECTION('center_axis',(1.53246005574382E-30,-1.,6.82758210784456E-32));
#1072=DIRECTION('ref_axis',(-1.12191514967597E-16,6.82758210784454E-32,
1.));
#1073=DIRECTION('',(-1.53246005574382E-30,1.,-6.82758210784456E-32));
#1074=DIRECTION('center_axis',(-3.1502578323739E-15,1.,1.04241697765906E-22));
#1075=DIRECTION('ref_axis',(-1.12191514967597E-16,6.82758210784454E-32,
1.));
#1076=DIRECTION('center_axis',(1.53246005574382E-30,-1.,6.82758210784456E-32));
#1077=DIRECTION('ref_axis',(-1.12191514967597E-16,6.82758210784454E-32,
1.));
#1078=DIRECTION('',(-1.53246005574382E-30,1.,-6.82758210784456E-32));
#1079=DIRECTION('center_axis',(1.53246005574382E-30,-1.,6.82758210784456E-32));
#1080=DIRECTION('ref_axis',(-1.12191514967597E-16,6.82758210784454E-32,
1.));
#1081=DIRECTION('',(-1.53246005574382E-30,1.,-6.82758210784456E-32));
#1082=DIRECTION('center_axis',(1.53246005574382E-30,-1.,6.82758210784456E-32));
#1083=DIRECTION('ref_axis',(-1.12191514967597E-16,6.82758210784454E-32,
1.));
#1084=DIRECTION('',(-1.53246005574382E-30,1.,-6.82758210784456E-32));
#1085=DIRECTION('center_axis',(1.53246005574382E-30,-1.,6.82758210784456E-32));
#1086=DIRECTION('ref_axis',(-1.12191514967597E-16,6.82758210784454E-32,
1.));
#1087=DIRECTION('',(-1.53246005574382E-30,1.,-6.82758210784456E-32));
#1088=DIRECTION('center_axis',(1.53246005574382E-30,-1.,6.82758210784456E-32));
#1089=DIRECTION('ref_axis',(-1.12191514967597E-16,6.82758210784454E-32,
1.));
#1090=DIRECTION('',(-1.53246005574382E-30,1.,-6.82758210784456E-32));
#1091=DIRECTION('center_axis',(1.53246005574382E-30,-1.,6.82758210784456E-32));
#1092=DIRECTION('ref_axis',(-1.12191514967597E-16,6.82758210784454E-32,
1.));
#1093=DIRECTION('',(-1.53246005574382E-30,1.,-6.82758210784456E-32));
#1094=DIRECTION('center_axis',(1.53246005574382E-30,-1.,6.82758210784456E-32));
#1095=DIRECTION('ref_axis',(-1.12191514967597E-16,6.82758210784454E-32,
1.));
#1096=DIRECTION('',(-1.53246005574382E-30,1.,-6.82758210784456E-32));
#1097=DIRECTION('center_axis',(1.53246005574382E-30,-1.,6.82758210784456E-32));
#1098=DIRECTION('ref_axis',(-1.12191514967597E-16,6.82758210784454E-32,
1.));
#1099=DIRECTION('',(-1.53246005574382E-30,1.,-6.82758210784456E-32));
#1100=DIRECTION('center_axis',(1.53246005574382E-30,-1.,6.82758210784456E-32));
#1101=DIRECTION('ref_axis',(-1.12191514967597E-16,6.82758210784454E-32,
1.));
#1102=DIRECTION('',(-1.53246005574382E-30,1.,-6.82758210784456E-32));
#1103=DIRECTION('center_axis',(6.30051566474783E-15,-1.,-2.08483394011193E-22));
#1104=DIRECTION('ref_axis',(-1.12191514967597E-16,6.82758210784454E-32,
1.));
#1105=DIRECTION('center_axis',(3.15025783237393E-15,-1.,-1.17529270945843E-31));
#1106=DIRECTION('ref_axis',(-5.33403947722659E-14,-1.31663474465714E-28,
1.));
#1107=DIRECTION('',(3.15025783237393E-15,-1.,1.22464679914735E-16));
#1108=DIRECTION('center_axis',(-6.30051566474783E-15,1.,2.08483394011193E-22));
#1109=DIRECTION('ref_axis',(-5.33403947722659E-14,-1.31663474465714E-28,
1.));
#1110=DIRECTION('center_axis',(3.15025783237393E-15,-1.,-1.17529270945843E-31));
#1111=DIRECTION('ref_axis',(-5.33403947722659E-14,-1.31663474465714E-28,
1.));
#1112=DIRECTION('',(3.15025783237393E-15,-1.,1.22464679914735E-16));
#1113=DIRECTION('center_axis',(3.15025783237393E-15,-1.,-1.17529270945843E-31));
#1114=DIRECTION('ref_axis',(-5.33403947722659E-14,-1.31663474465714E-28,
1.));
#1115=DIRECTION('',(3.15025783237393E-15,-1.,1.22464679914735E-16));
#1116=DIRECTION('center_axis',(3.15025783237393E-15,-1.,-1.17529270945843E-31));
#1117=DIRECTION('ref_axis',(-5.33403947722659E-14,-1.31663474465714E-28,
1.));
#1118=DIRECTION('',(3.15025783237393E-15,-1.,1.22464679914735E-16));
#1119=DIRECTION('center_axis',(3.15025783237393E-15,-1.,-1.17529270945843E-31));
#1120=DIRECTION('ref_axis',(-5.33403947722659E-14,-1.31663474465714E-28,
1.));
#1121=DIRECTION('',(3.15025783237393E-15,-1.,1.22464679914735E-16));
#1122=DIRECTION('center_axis',(3.15025783237393E-15,-1.,-1.17529270945843E-31));
#1123=DIRECTION('ref_axis',(-5.33403947722659E-14,-1.31663474465714E-28,
1.));
#1124=DIRECTION('',(3.15025783237393E-15,-1.,1.22464679914735E-16));
#1125=DIRECTION('center_axis',(3.15025783237393E-15,-1.,-1.17529270945843E-31));
#1126=DIRECTION('ref_axis',(-5.33403947722659E-14,-1.31663474465714E-28,
1.));
#1127=DIRECTION('',(3.15025783237393E-15,-1.,1.22464679914735E-16));
#1128=DIRECTION('center_axis',(3.15025783237393E-15,-1.,-1.17529270945843E-31));
#1129=DIRECTION('ref_axis',(-5.33403947722659E-14,-1.31663474465714E-28,
1.));
#1130=DIRECTION('',(3.15025783237393E-15,-1.,1.22464679914735E-16));
#1131=DIRECTION('center_axis',(3.15025783237393E-15,-1.,-1.17529270945843E-31));
#1132=DIRECTION('ref_axis',(-5.33403947722659E-14,-1.31663474465714E-28,
1.));
#1133=DIRECTION('',(3.15025783237393E-15,-1.,1.22464679914735E-16));
#1134=DIRECTION('center_axis',(3.15025783237393E-15,-1.,-1.17529270945843E-31));
#1135=DIRECTION('ref_axis',(-0.948408576654761,-2.98773154689724E-15,0.317050739989186));
#1136=DIRECTION('',(3.15025783237393E-15,-1.,1.22464679914735E-16));
#1137=DIRECTION('center_axis',(2.42861286636755E-15,-1.,-2.12030542466407E-30));
#1138=DIRECTION('ref_axis',(-5.33403947722659E-14,-1.31663474465714E-28,
1.));
#1139=DIRECTION('center_axis',(3.15099574648595E-15,-1.,-2.16291222850655E-30));
#1140=DIRECTION('ref_axis',(-1.,-3.15099574648595E-15,5.89809158205667E-17));
#1141=DIRECTION('center_axis',(-3.1502578323739E-15,1.,1.04241697765906E-22));
#1142=DIRECTION('ref_axis',(-1.,-3.1502578323739E-15,5.89809158205667E-17));
#1143=DIRECTION('',(-3.15099574648595E-15,1.,2.16291222850655E-30));
#1144=DIRECTION('center_axis',(-3.1502578323739E-15,1.,1.04241697765906E-22));
#1145=DIRECTION('ref_axis',(-1.,-3.1502578323739E-15,5.89809158205667E-17));
#1146=DIRECTION('center_axis',(-3.1502578323739E-15,1.,1.04241697765906E-22));
#1147=DIRECTION('ref_axis',(-1.,-3.1502578323739E-15,5.89809158205667E-17));
#1148=DIRECTION('center_axis',(2.42861286636755E-15,-1.,-2.12030542466407E-30));
#1149=DIRECTION('ref_axis',(-1.12191514967597E-16,6.82758210784454E-32,
1.));
#1150=DIRECTION('center_axis',(3.15025783237393E-15,-1.,-1.17529270945843E-31));
#1151=DIRECTION('ref_axis',(-5.33403947722659E-14,-1.31663474465714E-28,
1.));
#1152=DIRECTION('center_axis',(-2.42861286636755E-15,1.,2.12030542466407E-30));
#1153=DIRECTION('ref_axis',(5.89809158205654E-17,-1.9770636136321E-30,1.));
#1154=DIRECTION('center_axis',(1.53246005574382E-30,-1.,6.82758210784456E-32));
#1155=DIRECTION('ref_axis',(-1.12191514967597E-16,6.82758210784454E-32,
1.));
#1156=DIRECTION('center_axis',(6.30051566474783E-15,-1.,-2.08483394011193E-22));
#1157=DIRECTION('ref_axis',(-1.12191514967597E-16,6.82758210784454E-32,
1.));
#1158=DIRECTION('center_axis',(3.15025783237392E-15,-1.,-1.04241696819503E-22));
#1159=DIRECTION('ref_axis',(1.,3.15025783237392E-15,-3.46976458930883E-18));
#1160=DIRECTION('center_axis',(-3.15025783237392E-15,1.,1.04241696819503E-22));
#1161=DIRECTION('ref_axis',(1.,1.53246005574382E-30,1.11022302462516E-16));
#1162=DIRECTION('center_axis',(-1.53246005574382E-30,1.,-6.82758210784456E-32));
#1163=DIRECTION('ref_axis',(1.,1.53246005574382E-30,1.11022302462516E-16));
#1164=DIRECTION('',(-1.53246005574382E-30,1.,-6.82758210784456E-32));
#1165=DIRECTION('center_axis',(1.64939602308688E-30,-1.,8.56082736922631E-32));
#1166=DIRECTION('ref_axis',(1.,1.19649758373071E-30,5.55111512312579E-17));
#1167=DIRECTION('',(1.07956162253593E-30,-1.,8.56082736922627E-32));
#1168=DIRECTION('center_axis',(0.707106781186547,0.707106781186548,-4.17057318273043E-17));
#1169=DIRECTION('ref_axis',(0.707106781186548,-0.707106781186547,3.92523114670945E-17));
#1170=DIRECTION('',(-1.07956162253593E-30,1.,-8.56082736922627E-32));
#1171=DIRECTION('center_axis',(1.64939602308688E-30,-1.,8.56082736922631E-32));
#1172=DIRECTION('ref_axis',(1.,1.19649758373071E-30,5.55111512312579E-17));
#1173=DIRECTION('center_axis',(9.39209483437236E-15,-1.,-2.53101796843698E-30));
#1174=DIRECTION('ref_axis',(1.,1.12349924382843E-14,-9.96615793422687E-15));
#1175=DIRECTION('center_axis',(6.30051566474783E-15,-1.,-2.08483394011193E-22));
#1176=DIRECTION('ref_axis',(1.,6.30051566474783E-15,-3.46976458930883E-18));
#1177=DIRECTION('center_axis',(1.64939602308688E-30,-1.,8.56082736922631E-32));
#1178=DIRECTION('ref_axis',(1.,1.64939602308688E-30,5.55111512312579E-17));
#1179=DIRECTION('',(-1.,-1.64939602308688E-30,3.61169345203705E-15));
#1180=DIRECTION('',(0.999999999999998,1.64939602818276E-30,5.9525676289577E-8));
#1181=DIRECTION('center_axis',(-1.64939602308688E-30,1.,-8.56082736922631E-32));
#1182=DIRECTION('ref_axis',(1.,1.64939602308688E-30,5.55111512312578E-17));
#1183=DIRECTION('center_axis',(-5.84679805973887E-32,1.,-3.50324616081204E-46));
#1184=DIRECTION('ref_axis',(-0.999993399245108,1.27155921315472E-30,0.00363338220047428));
#1185=DIRECTION('center_axis',(1.64939602308688E-30,-1.,8.56082736922631E-32));
#1186=DIRECTION('ref_axis',(1.,1.13802960313332E-30,5.55111512312578E-17));
#1187=DIRECTION('center_axis',(-1.,-3.09474668114265E-15,5.89809158205666E-17));
#1188=DIRECTION('ref_axis',(-5.89809158205666E-17,1.57029992131254E-30,
-1.));
#1189=DIRECTION('',(5.89809158205666E-17,-1.04241697580101E-22,1.));
#1190=DIRECTION('',(3.09474668114265E-15,-1.,-2.15959460711855E-30));
#1191=DIRECTION('',(-5.89809158205666E-17,1.00196818332031E-31,-1.));
#1192=DIRECTION('',(3.09474668114265E-15,-1.,-2.15959460711855E-30));
#1193=DIRECTION('center_axis',(-5.9525676289577E-8,-1.84216891299535E-22,
0.999999999999998));
#1194=DIRECTION('ref_axis',(-0.999999999999998,-3.15025783237395E-15,-5.9525676289577E-8));
#1195=DIRECTION('',(-0.707106781186548,0.707106781186546,-4.20910093590751E-8));
#1196=DIRECTION('',(-0.999999999999998,9.01343243540851E-30,-5.9525676289577E-8));
#1197=DIRECTION('',(1.07956162253593E-30,-1.,8.56082736922627E-32));
#1198=DIRECTION('center_axis',(-9.01343242944425E-30,-1.,-1.00196818332031E-31));
#1199=DIRECTION('ref_axis',(-5.89809158205654E-17,1.00196818332032E-31,
-1.));
#1200=DIRECTION('',(1.,-9.01343242944425E-30,-3.61169345203705E-15));
#1201=DIRECTION('center_axis',(9.01343242944425E-30,1.,1.00196818332031E-31));
#1202=DIRECTION('ref_axis',(1.,1.07956162253593E-30,5.55111512312578E-17));
#1203=DIRECTION('center_axis',(9.01343242944425E-30,1.,1.00196818332031E-31));
#1204=DIRECTION('ref_axis',(1.,2.42861286636755E-15,-5.89809158205654E-17));
#1205=DIRECTION('center_axis',(9.01343242944425E-30,1.,1.00196818332031E-31));
#1206=DIRECTION('ref_axis',(1.,2.42861286636755E-15,-5.89809158205654E-17));
#1207=DIRECTION('center_axis',(1.07956162253593E-30,-1.,8.56082736922627E-32));
#1208=DIRECTION('ref_axis',(-0.999993399245108,-1.07924344903642E-30,0.00363338220047694));
#1209=DIRECTION('',(1.07956162253593E-30,-1.,8.56082736922627E-32));
#1210=DIRECTION('center_axis',(2.42861286636755E-15,-1.,-2.12030542466407E-30));
#1211=DIRECTION('ref_axis',(1.,2.42861286636755E-15,-5.89809158205654E-17));
#1212=DIRECTION('',(2.42861286636755E-15,-1.,-2.12030542466407E-30));
#1213=DIRECTION('center_axis',(-2.42861286636754E-15,1.,5.34378475691392E-24));
#1214=DIRECTION('ref_axis',(1.,2.42861286636755E-15,-5.89809158205654E-17));
#1215=DIRECTION('center_axis',(2.42861286636755E-15,-1.,-2.12030542466407E-30));
#1216=DIRECTION('ref_axis',(1.,2.42861286636755E-15,-5.89809158205654E-17));
#1217=DIRECTION('',(2.42861286636755E-15,-1.,-2.12030542466407E-30));
#1218=DIRECTION('center_axis',(-2.42861286636754E-15,1.,5.34378475691392E-24));
#1219=DIRECTION('ref_axis',(1.,2.42861286636755E-15,-5.89809158205654E-17));
#1220=DIRECTION('center_axis',(2.42861286636754E-15,-1.,-5.34378475691392E-24));
#1221=DIRECTION('ref_axis',(1.,2.42861286636754E-15,-5.89809158205641E-17));
#1222=DIRECTION('center_axis',(2.42861286636754E-15,-1.,-5.34378475691392E-24));
#1223=DIRECTION('ref_axis',(1.,2.42861286636754E-15,-5.89809158205641E-17));
#1224=DIRECTION('center_axis',(0.707106781186547,0.707106781186548,-4.17057318273043E-17));
#1225=DIRECTION('ref_axis',(-5.89808115788691E-17,0.,-1.));
#1226=DIRECTION('',(0.707106781186548,-0.707106781186547,-2.55385293150245E-15));
#1227=DIRECTION('center_axis',(-3.61169345203705E-15,-9.01768171687776E-30,
-1.));
#1228=DIRECTION('ref_axis',(1.,3.15025784505162E-15,-3.61169345203705E-15));
#1229=CARTESIAN_POINT('',(0.,0.,0.));
#1230=CARTESIAN_POINT('Origin',(3.05866235521618,-273.496262676504,35.8612653953175));
#1231=CARTESIAN_POINT('',(-5.0132342510866,-285.835129615631,35.8600114650637));
#1232=CARTESIAN_POINT('',(-5.00983764478375,-285.973450091506,35.8612653953176));
#1233=CARTESIAN_POINT('',(-5.00983764478382,-273.496262676504,35.8612653953176));
#1234=CARTESIAN_POINT('',(-3.69444120332524,-285.973450091507,40.2815858314963));
#1235=CARTESIAN_POINT('Origin',(3.0586623552163,-285.973450091506,35.8612653953175));
#1236=CARTESIAN_POINT('Ctrl Pts',(-3.69444120332524,-285.973450091507,40.2815858314963));
#1237=CARTESIAN_POINT('Ctrl Pts',(-4.54194585571542,-285.927343266215,38.9754761591554));
#1238=CARTESIAN_POINT('Ctrl Pts',(-5.0086369707839,-285.881236440923,37.4164442428182));
#1239=CARTESIAN_POINT('Ctrl Pts',(-5.0132342510866,-285.835129615631,35.8600114650637));
#1240=CARTESIAN_POINT('Origin',(3.05866235521618,-273.496262676504,35.8612653953175));
#1241=CARTESIAN_POINT('',(-5.01145287497427,-284.335129615492,35.8614705054423));
#1242=CARTESIAN_POINT('',(-5.01439481709113,-284.861770399312,35.8604054933484));
#1243=CARTESIAN_POINT('',(-5.00983764478382,-273.496262676504,35.8612653953176));
#1244=CARTESIAN_POINT('',(3.50861863023683,-285.973450091506,27.8053215275532));
#1245=CARTESIAN_POINT('Ctrl Pts',(-5.01439481709113,-284.861770399312,35.8604054933484));
#1246=CARTESIAN_POINT('Ctrl Pts',(-5.01368431905803,-284.922805066361,37.9187040833787));
#1247=CARTESIAN_POINT('Ctrl Pts',(-4.18326662187473,-284.983839733411,39.9808375825148));
#1248=CARTESIAN_POINT('Ctrl Pts',(-2.75391772979166,-285.04487440046,41.4641711186901));
#1249=CARTESIAN_POINT('Ctrl Pts',(-1.30418574481073,-285.10677944653,42.9686575906068));
#1250=CARTESIAN_POINT('Ctrl Pts',(0.761681235010828,-285.168684492599,43.8777185524993));
#1251=CARTESIAN_POINT('Ctrl Pts',(2.84968448580829,-285.230589538669,43.9315168513579));
#1252=CARTESIAN_POINT('Ctrl Pts',(4.93768773660572,-285.292494584739,43.9853151502165));
#1253=CARTESIAN_POINT('Ctrl Pts',(7.04782725837908,-285.354399630808,43.1838507860412));
#1254=CARTESIAN_POINT('Ctrl Pts',(8.57349405615064,-285.416304676878,41.7571266064387));
#1255=CARTESIAN_POINT('Ctrl Pts',(10.0991608539222,-285.478209722948,40.3304024268362));
#1256=CARTESIAN_POINT('Ctrl Pts',(11.040354927692,-285.540114769018,38.2784184318063));
#1257=CARTESIAN_POINT('Ctrl Pts',(11.125305233086,-285.602019815087,36.1911694226797));
#1258=CARTESIAN_POINT('Ctrl Pts',(11.21025553848,-285.663924861157,34.1039204135532));
#1259=CARTESIAN_POINT('Ctrl Pts',(10.4389620754982,-285.725829907227,31.98140639033));
#1260=CARTESIAN_POINT('Ctrl Pts',(9.03579401227869,-285.787734953296,30.4359258999716));
#1261=CARTESIAN_POINT('Ctrl Pts',(7.63262594905919,-285.849639999366,28.8904454096133));
#1262=CARTESIAN_POINT('Ctrl Pts',(5.59758328560197,-285.911545045436,27.9219984521198));
#1263=CARTESIAN_POINT('Ctrl Pts',(3.50861863023398,-285.973450091506,27.8053215275531));
#1264=CARTESIAN_POINT('Origin',(3.0586623552163,-285.973450091506,35.8612653953175));
#1265=CARTESIAN_POINT('Ctrl Pts',(-5.01323425108948,-285.835129615629,35.8600114650637));
#1266=CARTESIAN_POINT('Ctrl Pts',(-5.01385834114703,-285.828870521262,35.6487225816622));
#1267=CARTESIAN_POINT('Ctrl Pts',(-5.00596668452865,-285.822611426894,35.4374815967697));
#1268=CARTESIAN_POINT('Ctrl Pts',(-4.9893559406237,-285.816352332526,35.2269277535436));
#1269=CARTESIAN_POINT('Ctrl Pts',(-4.82506877601841,-285.754447286456,33.1444626876621));
#1270=CARTESIAN_POINT('Ctrl Pts',(-3.80787765535536,-285.692542240386,31.1292140432242));
#1271=CARTESIAN_POINT('Ctrl Pts',(-2.22957278784792,-285.630637194317,29.7610976159495));
#1272=CARTESIAN_POINT('Ctrl Pts',(-0.651267920340478,-285.568732148247,
28.3929811886748));
#1273=CARTESIAN_POINT('Ctrl Pts',(1.48815069401136,-285.506827102177,27.6719969785633));
#1274=CARTESIAN_POINT('Ctrl Pts',(3.57269297222466,-285.444922056107,27.8047140921609));
#1275=CARTESIAN_POINT('Ctrl Pts',(5.65723525043795,-285.383017010037,27.9374312057585));
#1276=CARTESIAN_POINT('Ctrl Pts',(7.6869011925127,-285.321111963967,28.9238496430652));
#1277=CARTESIAN_POINT('Ctrl Pts',(9.07877908046599,-285.259206917898,30.4820692698963));
#1278=CARTESIAN_POINT('Ctrl Pts',(10.4706569684193,-285.197301871828,32.0402888967273));
#1279=CARTESIAN_POINT('Ctrl Pts',(11.2247468022511,-285.135396825758,34.1703097130827));
#1280=CARTESIAN_POINT('Ctrl Pts',(11.1223954728175,-285.073491779688,36.2553952155285));
#1281=CARTESIAN_POINT('Ctrl Pts',(11.0200441433838,-285.011586733619,38.3404807179744));
#1282=CARTESIAN_POINT('Ctrl Pts',(10.0612516506846,-284.949681687549,40.3806309065107));
#1283=CARTESIAN_POINT('Ctrl Pts',(8.52579975346583,-284.887776641479,41.799344492091));
#1284=CARTESIAN_POINT('Ctrl Pts',(7.50216515531997,-284.846506610766,42.7451535491445));
#1285=CARTESIAN_POINT('Ctrl Pts',(6.22223748849874,-284.805236580053,43.4147685604397));
#1286=CARTESIAN_POINT('Ctrl Pts',(4.86240245205932,-284.763966549339,43.7257943683527));
#1287=CARTESIAN_POINT('Ctrl Pts',(3.5025674156199,-284.722696518626,44.0368201762656));
#1288=CARTESIAN_POINT('Ctrl Pts',(2.06282500956229,-284.681426487913,43.9892567807963));
#1289=CARTESIAN_POINT('Ctrl Pts',(0.728199387450167,-284.6401564572,43.5866207128945));
#1290=CARTESIAN_POINT('Ctrl Pts',(-0.606426234661961,-284.598886426487,
43.1839846449927));
#1291=CARTESIAN_POINT('Ctrl Pts',(-1.83593507282861,-284.557616395773,42.4262759046584));
#1292=CARTESIAN_POINT('Ctrl Pts',(-2.79537716408806,-284.51634636506,41.4146475378843));
#1293=CARTESIAN_POINT('Ctrl Pts',(-3.75481925534752,-284.475076334347,40.4030191711102));
#1294=CARTESIAN_POINT('Ctrl Pts',(-4.44419459969978,-284.433806303634,39.1374711778964));
#1295=CARTESIAN_POINT('Ctrl Pts',(-4.77813447728726,-284.392536272921,37.7832211027138));
#1296=CARTESIAN_POINT('Ctrl Pts',(-4.93297138777837,-284.373400720444,37.1552999955118));
#1297=CARTESIAN_POINT('Ctrl Pts',(-5.0113942535432,-284.354265167968,36.508309083823));
#1298=CARTESIAN_POINT('Ctrl Pts',(-5.01145287497427,-284.335129615492,35.8614705054423));
#1299=CARTESIAN_POINT('Origin',(3.05866235521618,-273.496262676504,35.8612653953175));
#1300=CARTESIAN_POINT('',(-5.0127374609044,-282.835129615418,35.8621318008286));
#1301=CARTESIAN_POINT('',(-5.01049637312563,-283.361770399202,35.8613574949534));
#1302=CARTESIAN_POINT('',(-5.00983764478382,-273.496262676504,35.8612653953176));
#1303=CARTESIAN_POINT('Ctrl Pts',(-5.01049637312563,-283.361770399202,35.8613574949534));
#1304=CARTESIAN_POINT('Ctrl Pts',(-5.01060408670745,-283.365659651661,35.9927700198768));
#1305=CARTESIAN_POINT('Ctrl Pts',(-5.00746295084697,-283.369548904119,36.1241776536702));
#1306=CARTESIAN_POINT('Ctrl Pts',(-5.0010396416399,-283.373438156577,36.2554252231036));
#1307=CARTESIAN_POINT('Ctrl Pts',(-4.93287997057331,-283.41470818729,37.6481327625476));
#1308=CARTESIAN_POINT('Ctrl Pts',(-4.49514849645138,-283.455978218004,39.0228170997221));
#1309=CARTESIAN_POINT('Ctrl Pts',(-3.74565008862461,-283.497248248717,40.1985200318093));
#1310=CARTESIAN_POINT('Ctrl Pts',(-2.99615168079783,-283.53851827943,41.3742229638965));
#1311=CARTESIAN_POINT('Ctrl Pts',(-1.93488633926619,-283.579788310143,42.3509444908966));
#1312=CARTESIAN_POINT('Ctrl Pts',(-0.701045020783836,-283.621058340856,
43.0008727857275));
#1313=CARTESIAN_POINT('Ctrl Pts',(0.53279629769849,-283.662328371569,43.6508010805584));
#1314=CARTESIAN_POINT('Ctrl Pts',(1.93921359313155,-283.703598402282,43.9739361432201));
#1315=CARTESIAN_POINT('Ctrl Pts',(3.3324307053801,-283.744868432996,43.9265885018278));
#1316=CARTESIAN_POINT('Ctrl Pts',(4.7256478176287,-283.786138463709,43.8792408604355));
#1317=CARTESIAN_POINT('Ctrl Pts',(6.10566474669279,-283.827408494422,43.4614105149892));
#1318=CARTESIAN_POINT('Ctrl Pts',(7.2935897616297,-283.868678525135,42.7297574694257));
#1319=CARTESIAN_POINT('Ctrl Pts',(8.48151477656656,-283.909948555848,41.9981044238623));
#1320=CARTESIAN_POINT('Ctrl Pts',(9.47734787737622,-283.951218586561,40.9526286781817));
#1321=CARTESIAN_POINT('Ctrl Pts',(10.1440728961231,-283.992488617274,39.7283432950331));
#1322=CARTESIAN_POINT('Ctrl Pts',(11.0330395877856,-284.047515324892,38.0959627841682));
#1323=CARTESIAN_POINT('Ctrl Pts',(11.3369252446699,-284.102542032509,36.14569847336));
#1324=CARTESIAN_POINT('Ctrl Pts',(10.9823996665672,-284.157568740127,34.322245630694));
#1325=CARTESIAN_POINT('Ctrl Pts',(10.6278740884645,-284.212595447745,32.4987927880281));
#1326=CARTESIAN_POINT('Ctrl Pts',(9.61493727537494,-284.267622155362,30.8021514135044));
#1327=CARTESIAN_POINT('Ctrl Pts',(8.17932134909972,-284.32264886298,29.6240326300254));
#1328=CARTESIAN_POINT('Ctrl Pts',(6.74370542282451,-284.377675570597,28.4459138465465));
#1329=CARTESIAN_POINT('Ctrl Pts',(4.88541038336361,-284.432702278215,27.7863176541122));
#1330=CARTESIAN_POINT('Ctrl Pts',(3.02602371395053,-284.487728985832,27.7917596922887));
#1331=CARTESIAN_POINT('Ctrl Pts',(2.50307121317808,-284.50320524735,27.7932902655259));
#1332=CARTESIAN_POINT('Ctrl Pts',(1.98003236277076,-284.518681508867,27.8474264019266));
#1333=CARTESIAN_POINT('Ctrl Pts',(1.46739335263504,-284.534157770385,27.951018606118));
#1334=CARTESIAN_POINT('Ctrl Pts',(0.954754342499317,-284.549634031902,28.0546108103094));
#1335=CARTESIAN_POINT('Ctrl Pts',(0.45251517263523,-284.565110293419,28.2076590822914));
#1336=CARTESIAN_POINT('Ctrl Pts',(-0.0307988605660346,-284.580586554937,
28.4077287280559));
#1337=CARTESIAN_POINT('Ctrl Pts',(-0.997426926968521,-284.611539077972,
28.8078680195849));
#1338=CARTESIAN_POINT('Ctrl Pts',(-1.88835444671968,-284.642491601007,29.3960928062437));
#1339=CARTESIAN_POINT('Ctrl Pts',(-2.62901507380918,-284.673444124042,30.1340638842382));
#1340=CARTESIAN_POINT('Ctrl Pts',(-4.11033632798821,-284.735349170111,31.6100060402272));
#1341=CARTESIAN_POINT('Ctrl Pts',(-4.9905900115207,-284.797254216181,33.6849333615593));
#1342=CARTESIAN_POINT('Ctrl Pts',(-5.01391835821677,-284.859159262251,35.7723530131959));
#1343=CARTESIAN_POINT('Ctrl Pts',(-5.01424635253764,-284.860029641271,35.8017019336287));
#1344=CARTESIAN_POINT('Ctrl Pts',(-5.01440494908024,-284.860900020291,35.8310533235567));
#1345=CARTESIAN_POINT('Ctrl Pts',(-5.01439481709113,-284.861770399312,35.8604054933484));
#1346=CARTESIAN_POINT('Ctrl Pts',(-5.01145287497428,-284.335129615492,35.8614705054423));
#1347=CARTESIAN_POINT('Ctrl Pts',(-5.01147854022246,-284.326751814159,35.5782759067716));
#1348=CARTESIAN_POINT('Ctrl Pts',(-4.99648330204633,-284.318374012827,35.295110507437));
#1349=CARTESIAN_POINT('Ctrl Pts',(-4.96630349906154,-284.309996211494,35.0135874354844));
#1350=CARTESIAN_POINT('Ctrl Pts',(-4.76807783950109,-284.254969503877,33.1644999299293));
#1351=CARTESIAN_POINT('Ctrl Pts',(-3.91477979483494,-284.199942796259,31.3862635372507));
#1352=CARTESIAN_POINT('Ctrl Pts',(-2.58666646521463,-284.144916088642,30.0890962623499));
#1353=CARTESIAN_POINT('Ctrl Pts',(-1.09253896939179,-284.083011042572,28.6297830780864));
#1354=CARTESIAN_POINT('Ctrl Pts',(1.00252662145118,-284.021105996502,27.7793229960104));
#1355=CARTESIAN_POINT('Ctrl Pts',(3.09072410600366,-283.959200950432,27.7877603862467));
#1356=CARTESIAN_POINT('Ctrl Pts',(5.17892159055613,-283.897295904363,27.7961977764831));
#1357=CARTESIAN_POINT('Ctrl Pts',(7.26025096881812,-283.835390858293,28.6635326390316));
#1358=CARTESIAN_POINT('Ctrl Pts',(8.74559321125691,-283.773485812223,30.1337671398507));
#1359=CARTESIAN_POINT('Ctrl Pts',(9.48826433247632,-283.742533289188,30.8688843902602));
#1360=CARTESIAN_POINT('Ctrl Pts',(10.0819386697399,-283.711580766153,31.7547265502374));
#1361=CARTESIAN_POINT('Ctrl Pts',(10.4898392327119,-283.680628243118,32.7191955833189));
#1362=CARTESIAN_POINT('Ctrl Pts',(10.8977397956838,-283.649675720083,33.6836646164003));
#1363=CARTESIAN_POINT('Ctrl Pts',(11.1198665843641,-283.618723197048,34.7267605225861));
#1364=CARTESIAN_POINT('Ctrl Pts',(11.1297303199597,-283.587770674013,35.7717150295725));
#1365=CARTESIAN_POINT('Ctrl Pts',(11.149457791151,-283.525865627944,37.8616240435452));
#1366=CARTESIAN_POINT('Ctrl Pts',(10.3201330500036,-283.463960581874,39.95896746072));
#1367=CARTESIAN_POINT('Ctrl Pts',(8.87217348699956,-283.402055535804,41.4628357256413));
#1368=CARTESIAN_POINT('Ctrl Pts',(7.4242139239955,-283.340150489734,42.9667039905627));
#1369=CARTESIAN_POINT('Ctrl Pts',(5.35761953913477,-283.278245443665,43.8770971032305));
#1370=CARTESIAN_POINT('Ctrl Pts',(3.26845019203699,-283.216340397595,43.9317237310657));
#1371=CARTESIAN_POINT('Ctrl Pts',(1.17928084493925,-283.154435351525,43.9863503589009));
#1372=CARTESIAN_POINT('Ctrl Pts',(-0.932463464395552,-283.092530305455,
43.1852105019036));
#1373=CARTESIAN_POINT('Ctrl Pts',(-2.457669417296,-283.030625259385,41.7584738660947));
#1374=CARTESIAN_POINT('Ctrl Pts',(-3.98287537019648,-282.968720213316,40.3317372302858));
#1375=CARTESIAN_POINT('Ctrl Pts',(-4.92154296666258,-282.906815167246,38.2794038156652));
#1376=CARTESIAN_POINT('Ctrl Pts',(-5.00640239961169,-282.844910121176,36.1921094709754));
#1377=CARTESIAN_POINT('Ctrl Pts',(-5.01087143848792,-282.84164995259,36.0821841598064));
#1378=CARTESIAN_POINT('Ctrl Pts',(-5.01297244127192,-282.838389784004,35.9721618845326));
#1379=CARTESIAN_POINT('Ctrl Pts',(-5.0127374609044,-282.835129615418,35.8621318008286));
#1380=CARTESIAN_POINT('Origin',(3.05866235521618,-273.496262676504,35.8612653953175));
#1381=CARTESIAN_POINT('',(-5.01275582446304,-281.335129615279,35.8627730138088));
#1382=CARTESIAN_POINT('',(-5.00976410803608,-281.861770399244,35.8611724212702));
#1383=CARTESIAN_POINT('',(-5.00983764478382,-273.496262676504,35.8612653953176));
#1384=CARTESIAN_POINT('Ctrl Pts',(-5.00976410803608,-281.861770399244,35.8611724212702));
#1385=CARTESIAN_POINT('Ctrl Pts',(-5.0051993441976,-281.911689313844,37.5480302724266));
#1386=CARTESIAN_POINT('Ctrl Pts',(-4.46629732986679,-281.961608228444,39.2338873287249));
#1387=CARTESIAN_POINT('Ctrl Pts',(-3.47819549480435,-282.011527143043,40.5983093857377));
#1388=CARTESIAN_POINT('Ctrl Pts',(-2.38898930491803,-282.066553850661,42.1023415587189));
#1389=CARTESIAN_POINT('Ctrl Pts',(-0.753954419234806,-282.121580558278,
43.2157937751948));
#1390=CARTESIAN_POINT('Ctrl Pts',(1.04614334490738,-282.176607265896,43.6789568229545));
#1391=CARTESIAN_POINT('Ctrl Pts',(2.84624110904957,-282.231633973513,44.1421198707141));
#1392=CARTESIAN_POINT('Ctrl Pts',(4.81140175165072,-282.286660681131,43.9549937497574));
#1393=CARTESIAN_POINT('Ctrl Pts',(6.49209884495188,-282.341687388748,43.164267591437));
#1394=CARTESIAN_POINT('Ctrl Pts',(8.17279593825303,-282.396714096366,42.3735414331166));
#1395=CARTESIAN_POINT('Ctrl Pts',(9.5690294822542,-282.451740803983,40.9792152374326));
#1396=CARTESIAN_POINT('Ctrl Pts',(10.3623795027132,-282.506767511601,39.2986061865502));
#1397=CARTESIAN_POINT('Ctrl Pts',(10.9573920180574,-282.548037542314,38.0381493983884));
#1398=CARTESIAN_POINT('Ctrl Pts',(11.2132825514091,-282.589307573027,36.6166585041775));
#1399=CARTESIAN_POINT('Ctrl Pts',(11.1026339145405,-282.63057760374,35.2259303436076));
#1400=CARTESIAN_POINT('Ctrl Pts',(10.9919852776719,-282.671847634454,33.8352021830377));
#1401=CARTESIAN_POINT('Ctrl Pts',(10.5147974705829,-282.713117665167,32.4752367561088));
#1402=CARTESIAN_POINT('Ctrl Pts',(9.73080395135816,-282.75438769588,31.3226097984231));
#1403=CARTESIAN_POINT('Ctrl Pts',(8.94681043213338,-282.795657726593,30.1699828407374));
#1404=CARTESIAN_POINT('Ctrl Pts',(7.85601120077272,-282.836927757306,29.2246943522948));
#1405=CARTESIAN_POINT('Ctrl Pts',(6.60318716444056,-282.878197788019,28.6120515362052));
#1406=CARTESIAN_POINT('Ctrl Pts',(5.3503631281084,-282.919467818732,27.9994087201157));
#1407=CARTESIAN_POINT('Ctrl Pts',(3.93551428680473,-282.960737849446,27.7194115763791));
#1408=CARTESIAN_POINT('Ctrl Pts',(2.5440445990511,-283.002007880159,27.8084036269492));
#1409=CARTESIAN_POINT('Ctrl Pts',(1.15257491129744,-283.043277910872,27.8973956775192));
#1410=CARTESIAN_POINT('Ctrl Pts',(-0.215515622906173,-283.084547941585,
28.3553769223958));
#1411=CARTESIAN_POINT('Ctrl Pts',(-1.38002237194454,-283.125817972298,29.1223505503274));
#1412=CARTESIAN_POINT('Ctrl Pts',(-2.54452912098287,-283.167088003011,29.889324178259));
#1413=CARTESIAN_POINT('Ctrl Pts',(-3.50545208485595,-283.208358033725,30.9652901892455));
#1414=CARTESIAN_POINT('Ctrl Pts',(-4.13661963278686,-283.249628064438,32.2086385655957));
#1415=CARTESIAN_POINT('Ctrl Pts',(-4.70830648988712,-283.287008842693,33.3348148525206));
#1416=CARTESIAN_POINT('Ctrl Pts',(-5.00946110540773,-283.324389620947,34.5983120879834));
#1417=CARTESIAN_POINT('Ctrl Pts',(-5.01049637312562,-283.361770399202,35.8613574949534));
#1418=CARTESIAN_POINT('Ctrl Pts',(-5.01273746090441,-282.835129615418,35.8621318008286));
#1419=CARTESIAN_POINT('Ctrl Pts',(-5.00851056450291,-282.776484737935,33.882878087937));
#1420=CARTESIAN_POINT('Ctrl Pts',(-4.2484090607887,-282.717839860451,31.9010977326179));
#1421=CARTESIAN_POINT('Ctrl Pts',(-2.91900129313994,-282.659194982967,30.4357330261444));
#1422=CARTESIAN_POINT('Ctrl Pts',(-1.51568948428695,-282.597289936897,28.8889062007621));
#1423=CARTESIAN_POINT('Ctrl Pts',(0.521985402851154,-282.535384890827,27.9175078247566));
#1424=CARTESIAN_POINT('Ctrl Pts',(2.60752762370676,-282.473479844757,27.800781936385));
#1425=CARTESIAN_POINT('Ctrl Pts',(4.69306984456233,-282.411574798688,27.6840560480134));
#1426=CARTESIAN_POINT('Ctrl Pts',(6.82647939913541,-282.349669752618,28.4220026472757));
#1427=CARTESIAN_POINT('Ctrl Pts',(8.39410343271845,-282.287764706548,29.8024897929525));
#1428=CARTESIAN_POINT('Ctrl Pts',(9.96172746630151,-282.225859660478,31.1829769386293));
#1429=CARTESIAN_POINT('Ctrl Pts',(10.9635659788945,-282.163954614408,33.2060046307207));
#1430=CARTESIAN_POINT('Ctrl Pts',(11.1115044963977,-282.102049568338,35.289589036754));
#1431=CARTESIAN_POINT('Ctrl Pts',(11.2594430139009,-282.040144522269,37.3731734427873));
#1432=CARTESIAN_POINT('Ctrl Pts',(10.5534815363142,-281.978239476199,39.5173145627625));
#1433=CARTESIAN_POINT('Ctrl Pts',(9.19654921376305,-281.916334430129,41.1054628093825));
#1434=CARTESIAN_POINT('Ctrl Pts',(7.83961689121188,-281.85442938406,42.6936110560025));
#1435=CARTESIAN_POINT('Ctrl Pts',(5.83171372369618,-281.79252433799,43.7257664292674));
#1436=CARTESIAN_POINT('Ctrl Pts',(3.75063899016057,-281.73061929192,43.9047389332182));
#1437=CARTESIAN_POINT('Ctrl Pts',(1.66956425662494,-281.66871424585,44.0837114371691));
#1438=CARTESIAN_POINT('Ctrl Pts',(-0.4846820429306,-281.60680919978,43.409501071806));
#1439=CARTESIAN_POINT('Ctrl Pts',(-2.09306810852552,-281.544904153711,42.0766712775172));
#1440=CARTESIAN_POINT('Ctrl Pts',(-3.70145417412043,-281.482999107641,40.7438414832284));
#1441=CARTESIAN_POINT('Ctrl Pts',(-4.76398000575472,-281.421094061571,38.7523922600141));
#1442=CARTESIAN_POINT('Ctrl Pts',(-4.97375415873635,-281.359189015501,36.6736930751137));
#1443=CARTESIAN_POINT('Ctrl Pts',(-5.00093040484881,-281.351169215427,36.4043975501899));
#1444=CARTESIAN_POINT('Ctrl Pts',(-5.01379474201785,-281.343149415353,36.1336376909959));
#1445=CARTESIAN_POINT('Ctrl Pts',(-5.01275582446304,-281.335129615279,35.8627730138088));
#1446=CARTESIAN_POINT('Origin',(3.05866235521618,-273.496262676504,35.8612653953175));
#1447=CARTESIAN_POINT('',(-5.00914931785757,-279.835129615246,35.8615809629672));
#1448=CARTESIAN_POINT('',(-5.01018856604918,-280.36177039941,35.8635164644288));
#1449=CARTESIAN_POINT('',(-5.00983764478382,-273.496262676504,35.8612653953176));
#1450=CARTESIAN_POINT('Ctrl Pts',(-5.01018856604918,-280.36177039941,35.8635164644288));
#1451=CARTESIAN_POINT('Ctrl Pts',(-5.01205585256504,-280.375178914684,36.3165721202718));
#1452=CARTESIAN_POINT('Ctrl Pts',(-4.97578688829568,-280.388587429957,36.769314721078));
#1453=CARTESIAN_POINT('Ctrl Pts',(-4.89994652983154,-280.40199594523,37.2153003422413));
#1454=CARTESIAN_POINT('Ctrl Pts',(-4.54980329704202,-280.4639009913,39.2743471391473));
#1455=CARTESIAN_POINT('Ctrl Pts',(-3.35618534187909,-280.52580603737,41.1893671297128));
#1456=CARTESIAN_POINT('Ctrl Pts',(-1.66101063526133,-280.587711083439,42.4110293635939));
#1457=CARTESIAN_POINT('Ctrl Pts',(0.0341640713564137,-280.649616129509,
43.6326915974749));
#1458=CARTESIAN_POINT('Ctrl Pts',(2.23089552942897,-280.711521175579,44.1609960746714));
#1459=CARTESIAN_POINT('Ctrl Pts',(4.29486048896905,-280.773426221649,43.8413468428869));
#1460=CARTESIAN_POINT('Ctrl Pts',(6.35882544850914,-280.835331267718,43.5216976111024));
#1461=CARTESIAN_POINT('Ctrl Pts',(8.29002390951674,-280.897236313788,42.354094670337));
#1462=CARTESIAN_POINT('Ctrl Pts',(9.53601241361926,-280.959141359858,40.6774448716666));
#1463=CARTESIAN_POINT('Ctrl Pts',(10.7820009177218,-281.021046405927,39.0007950729963));
#1464=CARTESIAN_POINT('Ctrl Pts',(11.3427794649192,-281.082951451997,36.8150984164211));
#1465=CARTESIAN_POINT('Ctrl Pts',(11.0542542377721,-281.144856498067,34.7460531863242));
#1466=CARTESIAN_POINT('Ctrl Pts',(10.765729010625,-281.206761544137,32.6770079562272));
#1467=CARTESIAN_POINT('Ctrl Pts',(9.62790000913343,-281.268666590206,30.7246141526084));
#1468=CARTESIAN_POINT('Ctrl Pts',(7.97122472576603,-281.330571636276,29.4546876641043));
#1469=CARTESIAN_POINT('Ctrl Pts',(6.31454944239862,-281.392476682346,28.1847611756002));
#1470=CARTESIAN_POINT('Ctrl Pts',(4.13902787715542,-281.454381728416,27.5973020022107));
#1471=CARTESIAN_POINT('Ctrl Pts',(2.06346600610237,-281.516286774485,27.8513757322396));
#1472=CARTESIAN_POINT('Ctrl Pts',(0.679758092066991,-281.557556805198,28.0207582189256));
#1473=CARTESIAN_POINT('Ctrl Pts',(-0.659523291217207,-281.598826835912,
28.564155329353));
#1474=CARTESIAN_POINT('Ctrl Pts',(-1.77526697281836,-281.640096866625,29.4006575861803));
#1475=CARTESIAN_POINT('Ctrl Pts',(-2.89101065441949,-281.681366897338,30.2371598430075));
#1476=CARTESIAN_POINT('Ctrl Pts',(-3.78321663433759,-281.722636928051,31.3667672462345));
#1477=CARTESIAN_POINT('Ctrl Pts',(-4.34098848727986,-281.763906958764,32.6451142415535));
#1478=CARTESIAN_POINT('Ctrl Pts',(-4.71283638924137,-281.791420312573,33.4973455717661));
#1479=CARTESIAN_POINT('Ctrl Pts',(-4.93604690143585,-281.818933666382,34.4156833873529));
#1480=CARTESIAN_POINT('Ctrl Pts',(-4.99429099388394,-281.846447020191,35.3436772859919));
#1481=CARTESIAN_POINT('Ctrl Pts',(-5.0051038802666,-281.851554813208,35.515957291878));
#1482=CARTESIAN_POINT('Ctrl Pts',(-5.01023118287237,-281.856662606226,35.6885700956101));
#1483=CARTESIAN_POINT('Ctrl Pts',(-5.00976410803611,-281.861770399244,35.8611724212702));
#1484=CARTESIAN_POINT('Ctrl Pts',(-5.01275582446304,-281.335129615279,35.8627730138088));
#1485=CARTESIAN_POINT('Ctrl Pts',(-5.00577531029882,-281.281244369284,34.0428261788239));
#1486=CARTESIAN_POINT('Ctrl Pts',(-4.37112802794643,-281.227359123288,32.2181473028665));
#1487=CARTESIAN_POINT('Ctrl Pts',(-3.23277209471261,-281.173473877292,30.8011218944428));
#1488=CARTESIAN_POINT('Ctrl Pts',(-2.07030214685989,-281.118447169674,29.3540793618346));
#1489=CARTESIAN_POINT('Ctrl Pts',(-0.382557203915204,-281.063420462057,
28.3321440271738));
#1490=CARTESIAN_POINT('Ctrl Pts',(1.43866657590597,-281.008393754439,27.9558432246507));
#1491=CARTESIAN_POINT('Ctrl Pts',(2.34927846581654,-280.98088040063,27.7676928233892));
#1492=CARTESIAN_POINT('Ctrl Pts',(3.29326006494624,-280.953367046821,27.7409510551622));
#1493=CARTESIAN_POINT('Ctrl Pts',(4.21341341833568,-280.925853693013,27.8752794771026));
#1494=CARTESIAN_POINT('Ctrl Pts',(5.59364344841985,-280.884583662299,28.0767721100133));
#1495=CARTESIAN_POINT('Ctrl Pts',(6.92025992558843,-280.843313631586,28.6406726708009));
#1496=CARTESIAN_POINT('Ctrl Pts',(8.01979330594999,-280.802043600873,29.4975562270395));
#1497=CARTESIAN_POINT('Ctrl Pts',(9.11932668631155,-280.76077357016,30.3544397832781));
#1498=CARTESIAN_POINT('Ctrl Pts',(9.99177696986607,-280.719503539447,31.5043063349677));
#1499=CARTESIAN_POINT('Ctrl Pts',(10.5219929732481,-280.678233508733,32.7940985785417));
#1500=CARTESIAN_POINT('Ctrl Pts',(11.0522089766301,-280.63696347802,34.0838908221156));
#1501=CARTESIAN_POINT('Ctrl Pts',(11.2401906998396,-280.595693447307,35.513608757574));
#1502=CARTESIAN_POINT('Ctrl Pts',(11.0613132594176,-280.554423416594,36.8963046669715));
#1503=CARTESIAN_POINT('Ctrl Pts',(10.8824358189956,-280.513153385881,38.279000576369));
#1504=CARTESIAN_POINT('Ctrl Pts',(10.3366992149421,-280.471883355168,39.6146744597056));
#1505=CARTESIAN_POINT('Ctrl Pts',(9.49595511062521,-280.430613324454,40.727082778948));
#1506=CARTESIAN_POINT('Ctrl Pts',(8.65521100630831,-280.389343293741,41.8394910981904));
#1507=CARTESIAN_POINT('Ctrl Pts',(7.51945940172802,-280.348073263028,42.7286338533386));
#1508=CARTESIAN_POINT('Ctrl Pts',(6.23773798106095,-280.306803232315,43.2780349265639));
#1509=CARTESIAN_POINT('Ctrl Pts',(4.95601656039389,-280.265533201602,43.8274359997891));
#1510=CARTESIAN_POINT('Ctrl Pts',(3.52832532364007,-280.224263170888,44.0370953910915));
#1511=CARTESIAN_POINT('Ctrl Pts',(2.14306322723655,-280.182993140175,43.8789607042178));
#1512=CARTESIAN_POINT('Ctrl Pts',(0.757801130833026,-280.141723109462,43.720826017344));
#1513=CARTESIAN_POINT('Ctrl Pts',(-0.585031825220242,-280.100453078749,
43.194897252294));
#1514=CARTESIAN_POINT('Ctrl Pts',(-1.7099360851035,-280.059183048036,42.3704587592886));
#1515=CARTESIAN_POINT('Ctrl Pts',(-2.83484034498676,-280.017913017323,41.5460202662831));
#1516=CARTESIAN_POINT('Ctrl Pts',(-3.74181590870002,-279.976642986609,40.4230720453222));
#1517=CARTESIAN_POINT('Ctrl Pts',(-4.30992929943725,-279.935372955896,39.1502261546653));
#1518=CARTESIAN_POINT('Ctrl Pts',(-4.7699045984741,-279.901958509013,38.1196613436106));
#1519=CARTESIAN_POINT('Ctrl Pts',(-5.00774230518135,-279.868544062129,36.9908326657169));
#1520=CARTESIAN_POINT('Ctrl Pts',(-5.00914931785757,-279.835129615246,35.8615809629672));
#1521=CARTESIAN_POINT('Origin',(3.05866235521618,-273.496262676504,35.8612653953175));
#1522=CARTESIAN_POINT('',(-5.00806698393877,-278.335129615367,35.863426655581));
#1523=CARTESIAN_POINT('',(-5.00529814341142,-278.861770399576,35.8614268163096));
#1524=CARTESIAN_POINT('',(-5.00983764478382,-273.496262676504,35.8612653953176));
#1525=CARTESIAN_POINT('Ctrl Pts',(-5.00529814341142,-278.861770399576,35.8614268163096));
#1526=CARTESIAN_POINT('Ctrl Pts',(-5.00748649396693,-278.879938546236,36.476075452369));
#1527=CARTESIAN_POINT('Ctrl Pts',(-4.94088502234412,-278.898106692896,37.0905261056558));
#1528=CARTESIAN_POINT('Ctrl Pts',(-4.8031576111318,-278.916274839557,37.6886470689842));
#1529=CARTESIAN_POINT('Ctrl Pts',(-4.49030156714144,-278.95754487027,39.0473145758189));
#1530=CARTESIAN_POINT('Ctrl Pts',(-3.81043683388728,-278.998814900983,40.3217211485653));
#1531=CARTESIAN_POINT('Ctrl Pts',(-2.86210575656948,-279.040084931696,41.3440184093752));
#1532=CARTESIAN_POINT('Ctrl Pts',(-1.91377467925168,-279.081354962409,42.3663156701851));
#1533=CARTESIAN_POINT('Ctrl Pts',(-0.696977257870221,-279.122624993123,
43.1365036190586));
#1534=CARTESIAN_POINT('Ctrl Pts',(0.633051134232615,-279.163895023836,43.5566952078406));
#1535=CARTESIAN_POINT('Ctrl Pts',(1.96307952633546,-279.205165054549,43.9768867966226));
#1536=CARTESIAN_POINT('Ctrl Pts',(3.40633888915967,-279.246435085262,44.0470820253131));
#1537=CARTESIAN_POINT('Ctrl Pts',(4.76805945618675,-279.287705115975,43.7495144595687));
#1538=CARTESIAN_POINT('Ctrl Pts',(6.81064030672735,-279.349610162045,43.303163110952));
#1539=CARTESIAN_POINT('Ctrl Pts',(8.66975886672432,-279.411515208115,42.0293454748566));
#1540=CARTESIAN_POINT('Ctrl Pts',(9.81337502717212,-279.473420254184,40.2830442929808));
#1541=CARTESIAN_POINT('Ctrl Pts',(10.9569911876199,-279.535325300254,38.5367431111051));
#1542=CARTESIAN_POINT('Ctrl Pts',(11.3851049485185,-279.597230346324,36.317958383449));
#1543=CARTESIAN_POINT('Ctrl Pts',(10.9735191006713,-279.659135392393,34.2695113231176));
#1544=CARTESIAN_POINT('Ctrl Pts',(10.5619332528241,-279.721040438463,32.2210642627862));
#1545=CARTESIAN_POINT('Ctrl Pts',(9.31064779623114,-279.782945484533,30.3429548697794));
#1546=CARTESIAN_POINT('Ctrl Pts',(7.58011590983838,-279.844850530603,29.1733553944423));
#1547=CARTESIAN_POINT('Ctrl Pts',(5.84958402344563,-279.906755576672,28.0037559191053));
#1548=CARTESIAN_POINT('Ctrl Pts',(3.6398057072531,-279.968660622742,27.542666361438));
#1549=CARTESIAN_POINT('Ctrl Pts',(1.58600752007121,-280.030565668812,27.923543171783));
#1550=CARTESIAN_POINT('Ctrl Pts',(-0.467790667110692,-280.092470714882,
28.3044199821281));
#1551=CARTESIAN_POINT('Ctrl Pts',(-2.36560872528196,-280.154375760951,29.5272631604854));
#1552=CARTESIAN_POINT('Ctrl Pts',(-3.56118349915954,-280.216280807021,31.2402215512873));
#1553=CARTESIAN_POINT('Ctrl Pts',(-4.49779905026652,-280.264777337818,32.5821564116396));
#1554=CARTESIAN_POINT('Ctrl Pts',(-5.00343487884539,-280.313273868614,34.2248840641631));
#1555=CARTESIAN_POINT('Ctrl Pts',(-5.01018856604916,-280.36177039941,35.8635164644288));
#1556=CARTESIAN_POINT('Ctrl Pts',(-5.00914931785759,-279.835129615246,35.8615809629672));
#1557=CARTESIAN_POINT('Ctrl Pts',(-5.00948010011074,-279.827274031416,35.5960990459154));
#1558=CARTESIAN_POINT('Ctrl Pts',(-4.99674339048194,-279.819418447586,35.3305937483381));
#1559=CARTESIAN_POINT('Ctrl Pts',(-4.97075346880795,-279.811562863757,35.0663363840149));
#1560=CARTESIAN_POINT('Ctrl Pts',(-4.83421302968022,-279.770292833043,33.6780360643744));
#1561=CARTESIAN_POINT('Ctrl Pts',(-4.33188093366359,-279.72902280233,32.3241789854465));
#1562=CARTESIAN_POINT('Ctrl Pts',(-3.52308252715947,-279.687752771617,31.1893625732831));
#1563=CARTESIAN_POINT('Ctrl Pts',(-2.3098849174033,-279.625847725547,29.4871379550381));
#1564=CARTESIAN_POINT('Ctrl Pts',(-0.407138109050299,-279.563942679477,
28.2777548370135));
#1565=CARTESIAN_POINT('Ctrl Pts',(1.64811087314633,-279.502037633408,27.9122034104749));
#1566=CARTESIAN_POINT('Ctrl Pts',(3.70335985534294,-279.440132587338,27.5466519839362));
#1567=CARTESIAN_POINT('Ctrl Pts',(5.91111101138317,-279.378227541268,28.0249322488834));
#1568=CARTESIAN_POINT('Ctrl Pts',(7.63310256151349,-279.316322495198,29.208991667892));
#1569=CARTESIAN_POINT('Ctrl Pts',(9.35509411164382,-279.254417449128,30.3930510869005));
#1570=CARTESIAN_POINT('Ctrl Pts',(10.5913260558642,-279.192512403059,32.2828896599705));
#1571=CARTESIAN_POINT('Ctrl Pts',(10.9856831003055,-279.130607356989,34.3329692960223));
#1572=CARTESIAN_POINT('Ctrl Pts',(11.3800401447468,-279.068702310919,36.3830489320741));
#1573=CARTESIAN_POINT('Ctrl Pts',(10.932522289409,-279.006797264849,38.5933696311078));
#1574=CARTESIAN_POINT('Ctrl Pts',(9.77708276386063,-278.944892218779,40.3348772279771));
#1575=CARTESIAN_POINT('Ctrl Pts',(9.19936300108645,-278.913939695744,41.2056310264118));
#1576=CARTESIAN_POINT('Ctrl Pts',(8.44466282075967,-278.88298717271,41.9591815493054));
#1577=CARTESIAN_POINT('Ctrl Pts',(7.57699465991102,-278.852034649675,42.5455663482927));
#1578=CARTESIAN_POINT('Ctrl Pts',(6.70932649906239,-278.82108212664,43.13195114728));
#1579=CARTESIAN_POINT('Ctrl Pts',(5.72869035769189,-278.790129603605,43.551170222361));
#1580=CARTESIAN_POINT('Ctrl Pts',(4.70541396699617,-278.75917708057,43.7627828664164));
#1581=CARTESIAN_POINT('Ctrl Pts',(2.65886118560473,-278.6972720345,44.1860081545272));
#1582=CARTESIAN_POINT('Ctrl Pts',(0.441747406912364,-278.635366988431,43.7788077185354));
#1583=CARTESIAN_POINT('Ctrl Pts',(-1.3139413522035,-278.573461942361,42.6480040237976));
#1584=CARTESIAN_POINT('Ctrl Pts',(-3.06963011131937,-278.511556896291,41.5172003290598));
#1585=CARTESIAN_POINT('Ctrl Pts',(-4.36389385085873,-278.449651850221,39.662793375576));
#1586=CARTESIAN_POINT('Ctrl Pts',(-4.8197837449653,-278.387746804151,37.6251684321005));
#1587=CARTESIAN_POINT('Ctrl Pts',(-4.94894739233601,-278.370207741223,37.0478644096268));
#1588=CARTESIAN_POINT('Ctrl Pts',(-5.01081362331736,-278.352668678295,36.455853228253));
#1589=CARTESIAN_POINT('Ctrl Pts',(-5.00806698393877,-278.335129615367,35.863426655581));
#1590=CARTESIAN_POINT('Origin',(3.05866235521618,-273.496262676504,35.8612653953175));
#1591=CARTESIAN_POINT('',(-5.00663066242516,-276.835129615551,35.8627900464856));
#1592=CARTESIAN_POINT('',(-5.00891271879642,-277.361770399615,35.8603289491788));
#1593=CARTESIAN_POINT('',(-5.00983764478382,-273.496262676504,35.8612653953176));
#1594=CARTESIAN_POINT('',(10.2602938149938,-275.97345000743,39.4995612281962));
#1595=CARTESIAN_POINT('Ctrl Pts',(-5.00663066242517,-276.835129615551,35.8627900464856));
#1596=CARTESIAN_POINT('Ctrl Pts',(-5.00296521898895,-276.79552326379,34.5228842717323));
#1597=CARTESIAN_POINT('Ctrl Pts',(-4.67307328107375,-276.755916912028,33.1812118175369));
#1598=CARTESIAN_POINT('Ctrl Pts',(-4.03512838367986,-276.716310560267,32.0069595920125));
#1599=CARTESIAN_POINT('Ctrl Pts',(-3.03801538268188,-276.654405514197,30.1715939275102));
#1600=CARTESIAN_POINT('Ctrl Pts',(-1.28833081307609,-276.592500468128,28.7452348971946));
#1601=CARTESIAN_POINT('Ctrl Pts',(0.710222379864513,-276.530595422058,28.1374206425882));
#1602=CARTESIAN_POINT('Ctrl Pts',(2.70877557280509,-276.468690375988,27.5296063879818));
#1603=CARTESIAN_POINT('Ctrl Pts',(4.95619738908048,-276.406785329918,27.7403369090845));
#1604=CARTESIAN_POINT('Ctrl Pts',(6.8062126212414,-276.344880283848,28.7103459415902));
#1605=CARTESIAN_POINT('Ctrl Pts',(8.65622785340232,-276.282975237779,29.6803549740959));
#1606=CARTESIAN_POINT('Ctrl Pts',(10.1088365014488,-276.221070191709,31.4096425180045));
#1607=CARTESIAN_POINT('Ctrl Pts',(10.7457121141735,-276.159165145639,33.3975852681051));
#1608=CARTESIAN_POINT('Ctrl Pts',(11.3825877268983,-276.097260099569,35.3855280182057));
#1609=CARTESIAN_POINT('Ctrl Pts',(11.2037303043014,-276.035355053499,37.6321259744982));
#1610=CARTESIAN_POINT('Ctrl Pts',(10.2602938149938,-275.97345000743,39.4995612281962));
#1611=CARTESIAN_POINT('',(-4.14296910456262,-275.97345000743,39.4995612281937));
#1612=CARTESIAN_POINT('Origin',(3.0586623552162,-275.97345000743,35.8612653953175));
#1613=CARTESIAN_POINT('Ctrl Pts',(-4.14599442108499,-275.973450007428,39.4994576041772));
#1614=CARTESIAN_POINT('Ctrl Pts',(-3.34259214706987,-276.025815927091,41.0747641545598));
#1615=CARTESIAN_POINT('Ctrl Pts',(-2.01103711803609,-276.078181846754,42.3877740582027));
#1616=CARTESIAN_POINT('Ctrl Pts',(-0.415988082732722,-276.130547766417,
43.1482083700542));
#1617=CARTESIAN_POINT('Ctrl Pts',(1.46961966843849,-276.192452812487,44.0471655813671));
#1618=CARTESIAN_POINT('Ctrl Pts',(3.7234626805779,-276.254357858557,44.1738933969199));
#1619=CARTESIAN_POINT('Ctrl Pts',(5.69744147784004,-276.316262904627,43.4910939756693));
#1620=CARTESIAN_POINT('Ctrl Pts',(7.67142027510218,-276.378167950696,42.8082945544186));
#1621=CARTESIAN_POINT('Ctrl Pts',(9.36553485748704,-276.440072996766,41.3159678963647));
#1622=CARTESIAN_POINT('Ctrl Pts',(10.2928580355394,-276.501978042836,39.4443574389083));
#1623=CARTESIAN_POINT('Ctrl Pts',(11.2201812135917,-276.563883088905,37.572746981452));
#1624=CARTESIAN_POINT('Ctrl Pts',(11.3807129873115,-276.625788134975,35.3218527245933));
#1625=CARTESIAN_POINT('Ctrl Pts',(10.7272152543197,-276.687693181045,33.3373132830008));
#1626=CARTESIAN_POINT('Ctrl Pts',(10.0737175213278,-276.749598227115,31.3527738414082));
#1627=CARTESIAN_POINT('Ctrl Pts',(8.60619028162427,-276.811503273184,29.6345892150819));
#1628=CARTESIAN_POINT('Ctrl Pts',(6.74922687989561,-276.873408319254,28.6807501020295));
#1629=CARTESIAN_POINT('Ctrl Pts',(4.89226347816695,-276.935313365324,27.726910988977));
#1630=CARTESIAN_POINT('Ctrl Pts',(2.64586391441319,-276.997218411394,27.5374173891984));
#1631=CARTESIAN_POINT('Ctrl Pts',(0.649624124891523,-277.059123457463,28.157627921719));
#1632=CARTESIAN_POINT('Ctrl Pts',(-0.681202401456255,-277.100393488177,
28.5711016100661));
#1633=CARTESIAN_POINT('Ctrl Pts',(-1.9008468059231,-277.14166351889,29.3444438016573));
#1634=CARTESIAN_POINT('Ctrl Pts',(-2.85033138871027,-277.182933549603,30.366842342892));
#1635=CARTESIAN_POINT('Ctrl Pts',(-3.79981597149744,-277.224203580316,31.3892408841267));
#1636=CARTESIAN_POINT('Ctrl Pts',(-4.47914073260493,-277.265473611029,32.6606957750049));
#1637=CARTESIAN_POINT('Ctrl Pts',(-4.79755632845352,-277.306743641742,34.0174429581579));
#1638=CARTESIAN_POINT('Ctrl Pts',(-4.93907450029671,-277.325085894366,34.620442256925));
#1639=CARTESIAN_POINT('Ctrl Pts',(-5.0093018426145,-277.34342814699,35.2402894466677));
#1640=CARTESIAN_POINT('Ctrl Pts',(-5.00891271879355,-277.361770399614,35.8603289491788));
#1641=CARTESIAN_POINT('Origin',(3.05866235521319,-261.23023325478,35.861265395317));
#1642=CARTESIAN_POINT('',(3.05869389453403,-276.171898053389,30.8439209713354));
#1643=CARTESIAN_POINT('',(3.05866235521319,-275.973481355882,30.843515395317));
#1644=CARTESIAN_POINT('',(3.05866235521319,-261.23023325478,30.843515395317));
#1645=CARTESIAN_POINT('',(-1.69815405237308,-275.973450091503,34.2642329200623));
#1646=CARTESIAN_POINT('Origin',(3.05866235521319,-275.973481439951,35.861265395317));
#1647=CARTESIAN_POINT('Ctrl Pts',(-1.69825500204904,-275.973481355882,34.2631962219674));
#1648=CARTESIAN_POINT('Ctrl Pts',(-1.44364373614663,-275.998817041112,33.5063062653075));
#1649=CARTESIAN_POINT('Ctrl Pts',(-1.00529617760077,-276.024152726341,32.810986820309));
#1650=CARTESIAN_POINT('Ctrl Pts',(-0.43151376312823,-276.049488411571,32.255587560493));
#1651=CARTESIAN_POINT('Ctrl Pts',(0.167819511108824,-276.075952309384,31.6754560533251));
#1652=CARTESIAN_POINT('Ctrl Pts',(0.914918188302485,-276.102416207197,31.2479836412164));
#1653=CARTESIAN_POINT('Ctrl Pts',(1.71875055243248,-276.12888010501,31.0252650702548));
#1654=CARTESIAN_POINT('Ctrl Pts',(2.15430265678026,-276.143219421136,30.904586248913));
#1655=CARTESIAN_POINT('Ctrl Pts',(2.60651151102341,-276.157558737263,30.8440222148567));
#1656=CARTESIAN_POINT('Ctrl Pts',(3.05869389453403,-276.171898053389,30.8439209713354));
#1657=CARTESIAN_POINT('Origin',(3.05866235521319,-261.23023325478,35.861265395317));
#1658=CARTESIAN_POINT('',(3.05855880415569,-277.171898053389,30.8432648002803));
#1659=CARTESIAN_POINT('',(3.05875597185092,-276.897064658373,30.8438138123066));
#1660=CARTESIAN_POINT('',(3.05866235521319,-261.23023325478,30.843515395317));
#1661=CARTESIAN_POINT('',(5.3763790973299,-275.973450091503,31.4108716862377));
#1662=CARTESIAN_POINT('Ctrl Pts',(3.05875597185092,-276.897064658373,30.8438138123066));
#1663=CARTESIAN_POINT('Ctrl Pts',(2.52999894763085,-276.880296012028,30.8441676667145));
#1664=CARTESIAN_POINT('Ctrl Pts',(2.00113315190626,-276.863527365682,30.9273790699137));
#1665=CARTESIAN_POINT('Ctrl Pts',(1.49878424965491,-276.846758719337,31.0916704040715));
#1666=CARTESIAN_POINT('Ctrl Pts',(0.705988591505042,-276.820294821524,31.3509512660545));
#1667=CARTESIAN_POINT('Ctrl Pts',(-0.020762931894605,-276.79383092371,31.8121733505706));
#1668=CARTESIAN_POINT('Ctrl Pts',(-0.592909639033405,-276.767367025897,
32.4191327040925));
#1669=CARTESIAN_POINT('Ctrl Pts',(-1.16505634617221,-276.740903128084,33.0260920576144));
#1670=CARTESIAN_POINT('Ctrl Pts',(-1.58259823705017,-276.714439230271,33.7787886801419));
#1671=CARTESIAN_POINT('Ctrl Pts',(-1.79465409055388,-276.687975332458,34.5855005075777));
#1672=CARTESIAN_POINT('Ctrl Pts',(-2.00670994405758,-276.661511434645,35.3922123350136));
#1673=CARTESIAN_POINT('Ctrl Pts',(-2.01327976018704,-276.635047536832,36.2529393673577));
#1674=CARTESIAN_POINT('Ctrl Pts',(-1.81356344831055,-276.608583639018,37.0627940149895));
#1675=CARTESIAN_POINT('Ctrl Pts',(-1.61384713643406,-276.582119741205,37.8726486626212));
#1676=CARTESIAN_POINT('Ctrl Pts',(-1.20784469655161,-276.555655843392,38.6316309255405));
#1677=CARTESIAN_POINT('Ctrl Pts',(-0.645029870804205,-276.529191945579,
39.2472540838999));
#1678=CARTESIAN_POINT('Ctrl Pts',(-0.0822150450567921,-276.502728047766,
39.8628772422593));
#1679=CARTESIAN_POINT('Ctrl Pts',(0.637412166555588,-276.476264149953,40.3351412960588));
#1680=CARTESIAN_POINT('Ctrl Pts',(1.42615679654774,-276.449800252139,40.6064933563648));
#1681=CARTESIAN_POINT('Ctrl Pts',(2.2149014265399,-276.423336354326,40.8778454166707));
#1682=CARTESIAN_POINT('Ctrl Pts',(3.07276347491183,-276.396872456513,40.948285483483));
#1683=CARTESIAN_POINT('Ctrl Pts',(3.89521021883314,-276.3704085587,40.8092376748194));
#1684=CARTESIAN_POINT('Ctrl Pts',(4.71765696275444,-276.343944660887,40.6701898661558));
#1685=CARTESIAN_POINT('Ctrl Pts',(5.5046884022251,-276.317480763074,40.3216541820163));
#1686=CARTESIAN_POINT('Ctrl Pts',(6.16038703344511,-276.29101686526,39.8060863409258));
#1687=CARTESIAN_POINT('Ctrl Pts',(6.81608566466512,-276.264552967447,39.2905184998354));
#1688=CARTESIAN_POINT('Ctrl Pts',(7.34045148763447,-276.238089069634,38.6079185017941));
#1689=CARTESIAN_POINT('Ctrl Pts',(7.66960890742729,-276.211625171821,37.841504912091));
#1690=CARTESIAN_POINT('Ctrl Pts',(7.99876632722011,-276.185161274008,37.075091322388));
#1691=CARTESIAN_POINT('Ctrl Pts',(8.13271534383639,-276.158697376195,36.2248641410232));
#1692=CARTESIAN_POINT('Ctrl Pts',(8.05507869138665,-276.132233478382,35.3943589774055));
#1693=CARTESIAN_POINT('Ctrl Pts',(7.97744203893691,-276.105769580568,34.5638538137877));
#1694=CARTESIAN_POINT('Ctrl Pts',(7.68821971742114,-276.079305682755,33.7530706679171));
#1695=CARTESIAN_POINT('Ctrl Pts',(7.22275450199235,-276.052841784942,33.0610210704412));
#1696=CARTESIAN_POINT('Ctrl Pts',(6.7574725863597,-276.026388308589,32.3692440014935));
#1697=CARTESIAN_POINT('Ctrl Pts',(6.11608655807869,-275.999934832236,31.7961069850177));
#1698=CARTESIAN_POINT('Ctrl Pts',(5.37637909626187,-275.973481355882,31.4108716878566));
#1699=CARTESIAN_POINT('Origin',(3.05866235521319,-275.973481439951,35.861265395317));
#1700=CARTESIAN_POINT('Ctrl Pts',(3.05869389453403,-276.171898053389,30.8439209713354));
#1701=CARTESIAN_POINT('Ctrl Pts',(3.44103585547486,-276.184022635076,30.8438353650671));
#1702=CARTESIAN_POINT('Ctrl Pts',(3.82335889112283,-276.196147216763,30.8869777282834));
#1703=CARTESIAN_POINT('Ctrl Pts',(4.19557756109311,-276.20827179845,30.9735584379914));
#1704=CARTESIAN_POINT('Ctrl Pts',(5.0080061545574,-276.234735696263,31.1625351065041));
#1705=CARTESIAN_POINT('Ctrl Pts',(5.77229729041964,-276.261199594076,31.5584531733441));
#1706=CARTESIAN_POINT('Ctrl Pts',(6.39531748294751,-276.287663491889,32.1130674489492));
#1707=CARTESIAN_POINT('Ctrl Pts',(7.01833767547538,-276.314127389702,32.6676817245543));
#1708=CARTESIAN_POINT('Ctrl Pts',(7.50008692466888,-276.340591287515,33.3809922089246));
#1709=CARTESIAN_POINT('Ctrl Pts',(7.78185919217829,-276.367055185328,34.1660756734747));
#1710=CARTESIAN_POINT('Ctrl Pts',(8.06363145968769,-276.393519083142,34.9511591380248));
#1711=CARTESIAN_POINT('Ctrl Pts',(8.14542674551299,-276.419982980955,35.8080155827546));
#1712=CARTESIAN_POINT('Ctrl Pts',(8.01727799379407,-276.446446878768,36.6322300016128));
#1713=CARTESIAN_POINT('Ctrl Pts',(7.88912924207516,-276.472910776581,37.456444420471));
#1714=CARTESIAN_POINT('Ctrl Pts',(7.55103645281202,-276.499374674394,38.2480168134573));
#1715=CARTESIAN_POINT('Ctrl Pts',(7.0441988976973,-276.525838572207,38.9104873510706));
#1716=CARTESIAN_POINT('Ctrl Pts',(6.53736134258258,-276.552302470021,39.5729578886839));
#1717=CARTESIAN_POINT('Ctrl Pts',(5.86177902161626,-276.578766367834,40.106326570924));
#1718=CARTESIAN_POINT('Ctrl Pts',(5.09977740707039,-276.605230265647,40.4455979707604));
#1719=CARTESIAN_POINT('Ctrl Pts',(4.33777579252453,-276.63169416346,40.7848693705968));
#1720=CARTESIAN_POINT('Ctrl Pts',(3.48935488439912,-276.658158061273,40.9300434880293));
#1721=CARTESIAN_POINT('Ctrl Pts',(2.65790186999033,-276.684621959086,40.8634296197176));
#1722=CARTESIAN_POINT('Ctrl Pts',(1.82644885558153,-276.711085856899,40.7968157514059));
#1723=CARTESIAN_POINT('Ctrl Pts',(1.01196373488934,-276.737549754713,40.51841389735));
#1724=CARTESIAN_POINT('Ctrl Pts',(0.313698389855179,-276.764013652526,40.0621496729744));
#1725=CARTESIAN_POINT('Ctrl Pts',(-0.38456695517898,-276.790477550339,39.6058854485989));
#1726=CARTESIAN_POINT('Ctrl Pts',(-0.966612524555111,-276.816941448152,
38.9717588539039));
#1727=CARTESIAN_POINT('Ctrl Pts',(-1.36151117699015,-276.843405345965,38.237043546055));
#1728=CARTESIAN_POINT('Ctrl Pts',(-1.75640982942519,-276.869869243778,37.5023282382061));
#1729=CARTESIAN_POINT('Ctrl Pts',(-1.96416156491913,-276.896333141591,36.6670242172033));
#1730=CARTESIAN_POINT('Ctrl Pts',(-1.95945008290331,-276.922797039405,35.8329203070511));
#1731=CARTESIAN_POINT('Ctrl Pts',(-1.95473860088749,-276.949260937218,34.998816396899));
#1732=CARTESIAN_POINT('Ctrl Pts',(-1.7375639013619,-276.975724835031,34.1659125975974));
#1733=CARTESIAN_POINT('Ctrl Pts',(-1.33439055031323,-277.002188732844,33.4357052436714));
#1734=CARTESIAN_POINT('Ctrl Pts',(-0.931217199264557,-277.028652630657,
32.7054978897454));
#1735=CARTESIAN_POINT('Ctrl Pts',(-0.342045196692793,-277.05511652847,32.0779869811949));
#1736=CARTESIAN_POINT('Ctrl Pts',(0.361329892932237,-277.081580426283,31.6296400018665));
#1737=CARTESIAN_POINT('Ctrl Pts',(1.06470498255726,-277.108044324097,31.1812930225381));
#1738=CARTESIAN_POINT('Ctrl Pts',(1.88228315923554,-277.13450822191,30.9121099724318));
#1739=CARTESIAN_POINT('Ctrl Pts',(2.71443564340612,-277.160972119723,30.8548930707122));
#1740=CARTESIAN_POINT('Ctrl Pts',(2.82895697993402,-277.164614097612,30.8470188455172));
#1741=CARTESIAN_POINT('Ctrl Pts',(2.94375434559144,-277.1682560755,30.8431591391223));
#1742=CARTESIAN_POINT('Ctrl Pts',(3.05855880415569,-277.171898053389,30.8432648002803));
#1743=CARTESIAN_POINT('Origin',(3.05866235521319,-261.23023325478,35.861265395317));
#1744=CARTESIAN_POINT('',(3.05879106767378,-278.171898053389,30.8435969895937));
#1745=CARTESIAN_POINT('',(3.05853226119344,-277.897064658373,30.8435006938855));
#1746=CARTESIAN_POINT('',(3.05866235521319,-261.23023325478,30.843515395317));
#1747=CARTESIAN_POINT('Ctrl Pts',(3.05853226119344,-277.897064658373,30.8435006938855));
#1748=CARTESIAN_POINT('Ctrl Pts',(2.86712314992561,-277.890993350265,30.8433039447332));
#1749=CARTESIAN_POINT('Ctrl Pts',(2.67573599407534,-277.884922042157,30.8540463377224));
#1750=CARTESIAN_POINT('Ctrl Pts',(2.48562581384189,-277.87885073405,30.8758983053294));
#1751=CARTESIAN_POINT('Ctrl Pts',(1.65696479160622,-277.852386836236,30.9711476696342));
#1752=CARTESIAN_POINT('Ctrl Pts',(0.852565718084154,-277.825922938423,31.2774738360787));
#1753=CARTESIAN_POINT('Ctrl Pts',(0.170451387873834,-277.79945904061,31.7575483841379));
#1754=CARTESIAN_POINT('Ctrl Pts',(-0.511662942336497,-277.772995142797,
32.2376229321971));
#1755=CARTESIAN_POINT('Ctrl Pts',(-1.07149252923508,-277.746531244984,32.891445861871));
#1756=CARTESIAN_POINT('Ctrl Pts',(-1.44081742776946,-277.720067347171,33.6393433484899));
#1757=CARTESIAN_POINT('Ctrl Pts',(-1.81014232630383,-277.693603449358,34.3872408351088));
#1758=CARTESIAN_POINT('Ctrl Pts',(-1.988962536474,-277.667139551544,35.2292128786726));
#1759=CARTESIAN_POINT('Ctrl Pts',(-1.95548731121795,-277.640675653731,36.0626581021165));
#1760=CARTESIAN_POINT('Ctrl Pts',(-1.9220120859619,-277.614211755918,36.8961033255604));
#1761=CARTESIAN_POINT('Ctrl Pts',(-1.67624142527964,-277.587747858105,37.7210217288844));
#1762=CARTESIAN_POINT('Ctrl Pts',(-1.24812455191364,-277.561283960292,38.4368900644558));
#1763=CARTESIAN_POINT('Ctrl Pts',(-0.820007678547632,-277.534820062479,
39.1527584000272));
#1764=CARTESIAN_POINT('Ctrl Pts',(-0.209544592497883,-277.508356164665,
39.7595766678461));
#1765=CARTESIAN_POINT('Ctrl Pts',(0.508874643418394,-277.481892266852,40.1833989569148));
#1766=CARTESIAN_POINT('Ctrl Pts',(1.22729387933467,-277.455428369039,40.6072212459835));
#1767=CARTESIAN_POINT('Ctrl Pts',(2.05366926511747,-277.428964471226,40.8480475563022));
#1768=CARTESIAN_POINT('Ctrl Pts',(2.88730000741648,-277.402500573413,40.876531175528));
#1769=CARTESIAN_POINT('Ctrl Pts',(3.7209307497155,-277.3760366756,40.9050147947538));
#1770=CARTESIAN_POINT('Ctrl Pts',(4.56181684853074,-277.349572777787,40.7211557228868));
#1771=CARTESIAN_POINT('Ctrl Pts',(5.30748925874217,-277.323108879973,40.3473587353852));
#1772=CARTESIAN_POINT('Ctrl Pts',(6.05316166895359,-277.29664498216,39.9735617478836));
#1773=CARTESIAN_POINT('Ctrl Pts',(6.7036203905612,-277.270181084347,39.4098268447474));
#1774=CARTESIAN_POINT('Ctrl Pts',(7.17960155494001,-277.243717186534,38.7248498651031));
#1775=CARTESIAN_POINT('Ctrl Pts',(7.65558271931882,-277.217253288721,38.0398728854586));
#1776=CARTESIAN_POINT('Ctrl Pts',(7.95708632646885,-277.190789390908,37.233653829306));
#1777=CARTESIAN_POINT('Ctrl Pts',(8.04737162750398,-277.164325493095,36.4044372748451));
#1778=CARTESIAN_POINT('Ctrl Pts',(8.1376569285391,-277.137861595281,35.5752207203842));
#1779=CARTESIAN_POINT('Ctrl Pts',(8.01672392345935,-277.111397697468,34.7230066676151));
#1780=CARTESIAN_POINT('Ctrl Pts',(7.69930931154033,-277.084933799655,33.951644561239));
#1781=CARTESIAN_POINT('Ctrl Pts',(7.3818946996213,-277.058469901842,33.1802824548629));
#1782=CARTESIAN_POINT('Ctrl Pts',(6.86799848086301,-277.032006004029,32.4897722948799));
#1783=CARTESIAN_POINT('Ctrl Pts',(6.22024324340057,-277.005542106216,31.9642585696037));
#1784=CARTESIAN_POINT('Ctrl Pts',(5.57248800593813,-276.979078208402,31.4387448443275));
#1785=CARTESIAN_POINT('Ctrl Pts',(4.79087374977153,-276.952614310589,31.0782275537582));
#1786=CARTESIAN_POINT('Ctrl Pts',(3.9706467252382,-276.926150412776,30.9266387281984));
#1787=CARTESIAN_POINT('Ctrl Pts',(3.6701502783581,-276.916455161308,30.8711030019849));
#1788=CARTESIAN_POINT('Ctrl Pts',(3.36447130566572,-276.906759909841,30.8436092217036));
#1789=CARTESIAN_POINT('Ctrl Pts',(3.05875597185092,-276.897064658373,30.8438138123066));
#1790=CARTESIAN_POINT('Ctrl Pts',(3.05855880415569,-277.171898053389,30.8432648002803));
#1791=CARTESIAN_POINT('Ctrl Pts',(3.77796409448684,-277.194719973313,30.8439269104197));
#1792=CARTESIAN_POINT('Ctrl Pts',(4.49764790328802,-277.217541893238,31.0002978333969));
#1793=CARTESIAN_POINT('Ctrl Pts',(5.15143523541005,-277.240363813162,31.3002833131578));
#1794=CARTESIAN_POINT('Ctrl Pts',(5.90955555158046,-277.266827710976,31.6481412106559));
#1795=CARTESIAN_POINT('Ctrl Pts',(6.57906939225838,-277.293291608789,32.1891077589852));
#1796=CARTESIAN_POINT('Ctrl Pts',(7.07839086319535,-277.319755506602,32.8572616329966));
#1797=CARTESIAN_POINT('Ctrl Pts',(7.57771233413233,-277.346219404415,33.525415507008));
#1798=CARTESIAN_POINT('Ctrl Pts',(7.90684143532835,-277.372683302228,34.3207567067016));
#1799=CARTESIAN_POINT('Ctrl Pts',(8.02567101684523,-277.399147200041,35.1463662156297));
#1800=CARTESIAN_POINT('Ctrl Pts',(8.14450059836211,-277.425611097854,35.9719757245577));
#1801=CARTESIAN_POINT('Ctrl Pts',(8.05303066019984,-277.452074995668,36.8278535427203));
#1802=CARTESIAN_POINT('Ctrl Pts',(7.76240758385179,-277.478538893481,37.6097037573869));
#1803=CARTESIAN_POINT('Ctrl Pts',(7.47178450750374,-277.505002791294,38.3915539720535));
#1804=CARTESIAN_POINT('Ctrl Pts',(6.98200829296991,-277.531466689107,39.0993765832241));
#1805=CARTESIAN_POINT('Ctrl Pts',(6.35276229253228,-277.55793058692,39.6469174507528));
#1806=CARTESIAN_POINT('Ctrl Pts',(5.72351629209464,-277.584394484733,40.1944583182815));
#1807=CARTESIAN_POINT('Ctrl Pts',(4.95480050575322,-277.610858382547,40.5817174421683));
#1808=CARTESIAN_POINT('Ctrl Pts',(4.14028941934811,-277.63732228036,40.7615040401187));
#1809=CARTESIAN_POINT('Ctrl Pts',(3.325778332943,-277.663786178173,40.9412906380691));
#1810=CARTESIAN_POINT('Ctrl Pts',(2.46547194647421,-277.690250075986,40.9136047100832));
#1811=CARTESIAN_POINT('Ctrl Pts',(1.66420583097298,-277.716713973799,40.681820019411));
#1812=CARTESIAN_POINT('Ctrl Pts',(0.862939715471764,-277.743177871612,40.4500353287388));
#1813=CARTESIAN_POINT('Ctrl Pts',(0.120713870938095,-277.769641769425,40.0141518753803));
#1814=CARTESIAN_POINT('Ctrl Pts',(-0.472025239056707,-277.796105667239,
39.4272857252554));
#1815=CARTESIAN_POINT('Ctrl Pts',(-1.06476434905153,-277.822569565052,38.8404195751305));
#1816=CARTESIAN_POINT('Ctrl Pts',(-1.50801672450748,-277.849033462865,38.102570728239));
#1817=CARTESIAN_POINT('Ctrl Pts',(-1.74776833435107,-277.875497360678,37.3036522741666));
#1818=CARTESIAN_POINT('Ctrl Pts',(-1.98751994419466,-277.901961258491,36.5047338200941));
#1819=CARTESIAN_POINT('Ctrl Pts',(-2.02377078842591,-277.928425156304,35.6447457588406));
#1820=CARTESIAN_POINT('Ctrl Pts',(-1.85210339669364,-277.954889054118,34.82848487083));
#1821=CARTESIAN_POINT('Ctrl Pts',(-1.68043600496137,-277.981352951931,34.0122239828194));
#1822=CARTESIAN_POINT('Ctrl Pts',(-1.30085037726559,-278.007816849744,33.2396902680516));
#1823=CARTESIAN_POINT('Ctrl Pts',(-0.759602215830449,-278.034280747557,
32.6050234590698));
#1824=CARTESIAN_POINT('Ctrl Pts',(-0.218354054395298,-278.06074464537,31.970356650088));
#1825=CARTESIAN_POINT('Ctrl Pts',(0.484556640779222,-278.087208543183,31.4735567468922));
#1826=CARTESIAN_POINT('Ctrl Pts',(1.26347428783243,-278.113672440996,31.1751629973109));
#1827=CARTESIAN_POINT('Ctrl Pts',(1.83472998270519,-278.133080978461,30.9563219819512));
#1828=CARTESIAN_POINT('Ctrl Pts',(2.44686760048767,-278.152489515925,30.8441978507237));
#1829=CARTESIAN_POINT('Ctrl Pts',(3.05879106767378,-278.171898053389,30.8435969895937));
#1830=CARTESIAN_POINT('Origin',(3.05866235521319,-261.23023325478,35.861265395317));
#1831=CARTESIAN_POINT('',(3.05855082277909,-279.171898053389,30.8437427055351));
#1832=CARTESIAN_POINT('',(3.05878173131468,-278.897064658373,30.84335696958));
#1833=CARTESIAN_POINT('',(3.05866235521319,-261.23023325478,30.843515395317));
#1834=CARTESIAN_POINT('Ctrl Pts',(3.05878173131468,-278.897064658373,30.84335696958));
#1835=CARTESIAN_POINT('Ctrl Pts',(2.37035976218547,-278.87522679069,30.8440492997929));
#1836=CARTESIAN_POINT('Ctrl Pts',(1.68165946590324,-278.853388923006,30.9868538056676));
#1837=CARTESIAN_POINT('Ctrl Pts',(1.05084605434936,-278.831551055323,31.2622514138566));
#1838=CARTESIAN_POINT('Ctrl Pts',(0.286404126932633,-278.80508715751,31.5959879428428));
#1839=CARTESIAN_POINT('Ctrl Pts',(-0.393028324466529,-278.778623259697,
32.1244433654813));
#1840=CARTESIAN_POINT('Ctrl Pts',(-0.904656739516183,-278.752159361884,
32.7832209425786));
#1841=CARTESIAN_POINT('Ctrl Pts',(-1.41628515456584,-278.72569546407,33.4419985196758));
#1842=CARTESIAN_POINT('Ctrl Pts',(-1.76010953326599,-278.699231566257,34.2310982512319));
#1843=CARTESIAN_POINT('Ctrl Pts',(-1.89423198244526,-278.672767668444,35.0543616961865));
#1844=CARTESIAN_POINT('Ctrl Pts',(-2.02835443162453,-278.646303770631,35.8776251411411));
#1845=CARTESIAN_POINT('Ctrl Pts',(-1.95277495128292,-278.619839872818,36.7350522994943));
#1846=CARTESIAN_POINT('Ctrl Pts',(-1.67670353695733,-278.593375975005,37.5221584583856));
#1847=CARTESIAN_POINT('Ctrl Pts',(-1.40063212263173,-278.566912077192,38.3092646172769));
#1848=CARTESIAN_POINT('Ctrl Pts',(-0.924068774322143,-278.540448179378,
39.0260497767064));
#1849=CARTESIAN_POINT('Ctrl Pts',(-0.305086745392247,-278.513984281565,
39.5851676346167));
#1850=CARTESIAN_POINT('Ctrl Pts',(0.313895283537649,-278.487520383752,40.1442854925269));
#1851=CARTESIAN_POINT('Ctrl Pts',(1.07529599308785,-278.461056485939,40.5457360489181));
#1852=CARTESIAN_POINT('Ctrl Pts',(1.88633230106408,-278.434592588126,40.7405991760527));
#1853=CARTESIAN_POINT('Ctrl Pts',(2.69736860904032,-278.408128690313,40.9354623031872));
#1854=CARTESIAN_POINT('Ctrl Pts',(3.55804051544258,-278.381664792499,40.9237380010652));
#1855=CARTESIAN_POINT('Ctrl Pts',(4.36346790756225,-278.355200894686,40.7068549745378));
#1856=CARTESIAN_POINT('Ctrl Pts',(5.16889529968191,-278.328736996873,40.4899719480104));
#1857=CARTESIAN_POINT('Ctrl Pts',(5.91907817751898,-278.30227309906,40.0679301970776));
#1858=CARTESIAN_POINT('Ctrl Pts',(6.52260044605011,-278.275809201247,39.4921590597674));
#1859=CARTESIAN_POINT('Ctrl Pts',(7.12612271458124,-278.249345303434,38.9163879224573));
#1860=CARTESIAN_POINT('Ctrl Pts',(7.58298437380645,-278.222881405621,38.1868873987698));
#1861=CARTESIAN_POINT('Ctrl Pts',(7.83751298692903,-278.196417507807,37.3925532648726));
#1862=CARTESIAN_POINT('Ctrl Pts',(8.09204160005162,-278.169953609994,36.5982191309753));
#1863=CARTESIAN_POINT('Ctrl Pts',(8.1442371670716,-278.143489712181,35.7390513868683));
#1864=CARTESIAN_POINT('Ctrl Pts',(7.98773921902158,-278.117025814368,34.91974685043));
#1865=CARTESIAN_POINT('Ctrl Pts',(7.83124127097157,-278.090561916555,34.1004423139917));
#1866=CARTESIAN_POINT('Ctrl Pts',(7.46604980785156,-278.064098018742,33.3210009852222));
#1867=CARTESIAN_POINT('Ctrl Pts',(6.93666648183232,-278.037634120929,32.6764043475444));
#1868=CARTESIAN_POINT('Ctrl Pts',(6.40728315581308,-278.011170223115,32.0318077098665));
#1869=CARTESIAN_POINT('Ctrl Pts',(5.7137079668946,-277.984706325302,31.5220557632804));
#1870=CARTESIAN_POINT('Ctrl Pts',(4.94045888696072,-277.958242427489,31.2092660710699));
#1871=CARTESIAN_POINT('Ctrl Pts',(4.34460746180609,-277.937849837784,30.968236125204));
#1872=CARTESIAN_POINT('Ctrl Pts',(3.70144601266577,-277.917457248078,30.8441615440132));
#1873=CARTESIAN_POINT('Ctrl Pts',(3.05853226119344,-277.897064658373,30.8435006938855));
#1874=CARTESIAN_POINT('Ctrl Pts',(3.05879106767378,-278.171898053389,30.8435969895937));
#1875=CARTESIAN_POINT('Ctrl Pts',(3.28123650309163,-278.178953413738,30.8433785655213));
#1876=CARTESIAN_POINT('Ctrl Pts',(3.50365363944572,-278.186008774087,30.8578974533472));
#1877=CARTESIAN_POINT('Ctrl Pts',(3.72406832968744,-278.193064134436,30.8873845391843));
#1878=CARTESIAN_POINT('Ctrl Pts',(4.55082012555734,-278.219528032249,30.9979874266057));
#1879=CARTESIAN_POINT('Ctrl Pts',(5.34939911836524,-278.245991930062,31.3191807974153));
#1880=CARTESIAN_POINT('Ctrl Pts',(6.02249173931752,-278.272455827875,31.8118245371499));
#1881=CARTESIAN_POINT('Ctrl Pts',(6.69558436026981,-278.298919725689,32.3044682768844));
#1882=CARTESIAN_POINT('Ctrl Pts',(7.24319060936646,-278.325383623502,32.968562385544));
#1883=CARTESIAN_POINT('Ctrl Pts',(7.59858005809232,-278.351847521315,33.7231814089024));
#1884=CARTESIAN_POINT('Ctrl Pts',(7.95396950681816,-278.378311419128,34.4778004322609));
#1885=CARTESIAN_POINT('Ctrl Pts',(8.11714215517321,-278.404775316941,35.3229443703181));
#1886=CARTESIAN_POINT('Ctrl Pts',(8.0682140431686,-278.431239214754,36.1556253239466));
#1887=CARTESIAN_POINT('Ctrl Pts',(8.01928593116399,-278.457703112567,36.9883062775751));
#1888=CARTESIAN_POINT('Ctrl Pts',(7.75825705879972,-278.484167010381,37.808524246775));
#1889=CARTESIAN_POINT('Ctrl Pts',(7.31693599023377,-278.510630908194,38.5163287714284));
#1890=CARTESIAN_POINT('Ctrl Pts',(6.87561492166781,-278.537094806007,39.2241332960819));
#1891=CARTESIAN_POINT('Ctrl Pts',(6.25400165690018,-278.56355870382,39.8195243761889));
#1892=CARTESIAN_POINT('Ctrl Pts',(5.52784500193351,-278.590022601633,40.2299485995574));
#1893=CARTESIAN_POINT('Ctrl Pts',(4.80168834696684,-278.616486499446,40.640372822926));
#1894=CARTESIAN_POINT('Ctrl Pts',(3.97098830180113,-278.642950397259,40.8658301895561));
#1895=CARTESIAN_POINT('Ctrl Pts',(3.13697265569724,-278.669414295073,40.8788468225298));
#1896=CARTESIAN_POINT('Ctrl Pts',(2.30295700959334,-278.695878192886,40.8918634555036));
#1897=CARTESIAN_POINT('Ctrl Pts',(1.46562576255125,-278.722342090699,40.6924393548211));
#1898=CARTESIAN_POINT('Ctrl Pts',(0.727014771569396,-278.748805988512,40.304876024924));
#1899=CARTESIAN_POINT('Ctrl Pts',(-0.0115962194124605,-278.775269886325,
39.917312695027));
#1900=CARTESIAN_POINT('Ctrl Pts',(-0.65148695433409,-278.801733784138,39.3416101359154));
#1901=CARTESIAN_POINT('Ctrl Pts',(-1.1146813636845,-278.828197681951,38.6479225478568));
#1902=CARTESIAN_POINT('Ctrl Pts',(-1.57787577303491,-278.854661579765,37.9542349597982));
#1903=CARTESIAN_POINT('Ctrl Pts',(-1.8643738568141,-278.881125477578,37.1425623427925));
#1904=CARTESIAN_POINT('Ctrl Pts',(-1.93926341317835,-278.907589375391,36.3118138338997));
#1905=CARTESIAN_POINT('Ctrl Pts',(-2.01415296954259,-278.934053273204,35.4810653250069));
#1906=CARTESIAN_POINT('Ctrl Pts',(-1.87743399849188,-278.960517171017,34.631240924227));
#1907=CARTESIAN_POINT('Ctrl Pts',(-1.54576685687828,-278.986981068831,33.8658988844475));
#1908=CARTESIAN_POINT('Ctrl Pts',(-1.21409971526466,-279.013444966644,33.1005568446679));
#1909=CARTESIAN_POINT('Ctrl Pts',(-0.687484403088139,-279.039908864457,
32.4196971658887));
#1910=CARTESIAN_POINT('Ctrl Pts',(-0.0300934266014458,-279.06637276227,
31.9062883281054));
#1911=CARTESIAN_POINT('Ctrl Pts',(0.627297549885248,-279.092836660083,31.3928794903222));
#1912=CARTESIAN_POINT('Ctrl Pts',(1.41546419068212,-279.119300557896,31.0469214935349));
#1913=CARTESIAN_POINT('Ctrl Pts',(2.23836175968816,-279.145764455709,30.9105722302291));
#1914=CARTESIAN_POINT('Ctrl Pts',(2.50923737737737,-279.154475654936,30.8656897414353));
#1915=CARTESIAN_POINT('Ctrl Pts',(2.78387625884997,-279.163186854162,30.8435193710923));
#1916=CARTESIAN_POINT('Ctrl Pts',(3.05855082277909,-279.171898053389,30.8437427055351));
#1917=CARTESIAN_POINT('Origin',(3.05866235521319,-261.23023325478,35.861265395317));
#1918=CARTESIAN_POINT('',(3.05872560517277,-280.171898053389,30.843138295174));
#1919=CARTESIAN_POINT('',(3.05860301436866,-279.897064658373,30.8438905790312));
#1920=CARTESIAN_POINT('',(3.05866235521319,-261.23023325478,30.843515395317));
#1921=CARTESIAN_POINT('Ctrl Pts',(3.05860301436866,-279.897064658373,30.8438905790312));
#1922=CARTESIAN_POINT('Ctrl Pts',(2.70729909780134,-279.885924128927,30.8437444755088));
#1923=CARTESIAN_POINT('Ctrl Pts',(2.35602500115916,-279.874783599482,30.8801154008971));
#1924=CARTESIAN_POINT('Ctrl Pts',(2.01259973746382,-279.863643070036,30.9533117586745));
#1925=CARTESIAN_POINT('Ctrl Pts',(1.1968062754758,-279.837179172223,31.1271868821108));
#1926=CARTESIAN_POINT('Ctrl Pts',(0.425302340860494,-279.81071527441,31.5088611786038));
#1927=CARTESIAN_POINT('Ctrl Pts',(-0.207897821214254,-279.784251376597,
32.0518244240642));
#1928=CARTESIAN_POINT('Ctrl Pts',(-0.841097983288993,-279.757787478783,
32.5947876695246));
#1929=CARTESIAN_POINT('Ctrl Pts',(-1.33599437282317,-279.73132358097,33.2990398639524));
#1930=CARTESIAN_POINT('Ctrl Pts',(-1.63227970114231,-279.704859683157,34.0787619525167));
#1931=CARTESIAN_POINT('Ctrl Pts',(-1.92856502946145,-279.678395785344,34.8584840410811));
#1932=CARTESIAN_POINT('Ctrl Pts',(-2.02623929656554,-279.651931887531,35.7136760237821));
#1933=CARTESIAN_POINT('Ctrl Pts',(-1.91340007126516,-279.625467989718,36.5401255627172));
#1934=CARTESIAN_POINT('Ctrl Pts',(-1.80056084596478,-279.599004091904,37.3665751016523));
#1935=CARTESIAN_POINT('Ctrl Pts',(-1.47720812825993,-279.572540194091,38.1642821968214));
#1936=CARTESIAN_POINT('Ctrl Pts',(-0.982745167199712,-279.546076296278,
38.8360395274937));
#1937=CARTESIAN_POINT('Ctrl Pts',(-0.488282206139503,-279.519612398465,
39.507796858166));
#1938=CARTESIAN_POINT('Ctrl Pts',(0.177290998276074,-279.493148500652,40.0536044243413));
#1939=CARTESIAN_POINT('Ctrl Pts',(0.932868751559179,-279.466684602839,40.4069509821511));
#1940=CARTESIAN_POINT('Ctrl Pts',(1.6884465048423,-279.440220705026,40.7602975399609));
#1941=CARTESIAN_POINT('Ctrl Pts',(2.53402880699297,-279.413756807212,40.921183089405));
#1942=CARTESIAN_POINT('Ctrl Pts',(3.36657434053086,-279.387292909399,40.8700023727386));
#1943=CARTESIAN_POINT('Ctrl Pts',(4.19911987406876,-279.360829011586,40.8188216560721));
#1944=CARTESIAN_POINT('Ctrl Pts',(5.01862863899388,-279.334365113773,40.555574673295));
#1945=CARTESIAN_POINT('Ctrl Pts',(5.72523659769601,-279.30790121596,40.1123402839803));
#1946=CARTESIAN_POINT('Ctrl Pts',(6.43184455639811,-279.281437318147,39.6691058946655));
#1947=CARTESIAN_POINT('Ctrl Pts',(7.02555170887722,-279.254973420334,39.0458840988131));
#1948=CARTESIAN_POINT('Ctrl Pts',(7.43400984368977,-279.22850952252,38.3186197154711));
#1949=CARTESIAN_POINT('Ctrl Pts',(7.84246797850231,-279.202045624707,37.5913553321291));
#1950=CARTESIAN_POINT('Ctrl Pts',(8.0656770956483,-279.175581726894,36.7600483612975));
#1951=CARTESIAN_POINT('Ctrl Pts',(8.07643728632425,-279.149117829081,35.9260005512356));
#1952=CARTESIAN_POINT('Ctrl Pts',(8.0871974770002,-279.122653931268,35.0919527411738));
#1953=CARTESIAN_POINT('Ctrl Pts',(7.88550874120611,-279.096190033455,34.2551640918817));
#1954=CARTESIAN_POINT('Ctrl Pts',(7.49594854822475,-279.069726135641,33.517604340257));
#1955=CARTESIAN_POINT('Ctrl Pts',(7.10638835524339,-279.043262237828,32.7800445886323));
#1956=CARTESIAN_POINT('Ctrl Pts',(6.52895670507476,-279.016798340015,32.141713734675));
#1957=CARTESIAN_POINT('Ctrl Pts',(5.83401850227854,-278.990334442202,31.6803977632771));
#1958=CARTESIAN_POINT('Ctrl Pts',(5.13908029948231,-278.963870544389,31.2190817918793));
#1959=CARTESIAN_POINT('Ctrl Pts',(4.3266355440585,-278.937406646576,30.9347807030409));
#1960=CARTESIAN_POINT('Ctrl Pts',(3.49568746462944,-278.910942748763,30.8621389762887));
#1961=CARTESIAN_POINT('Ctrl Pts',(3.35043331957172,-278.906316718633,30.849440815987));
#1962=CARTESIAN_POINT('Ctrl Pts',(3.20461377029355,-278.901690688503,30.8432103096372));
#1963=CARTESIAN_POINT('Ctrl Pts',(3.05878173131468,-278.897064658373,30.84335696958));
#1964=CARTESIAN_POINT('Ctrl Pts',(3.05855082277909,-279.171898053389,30.8437427055351));
#1965=CARTESIAN_POINT('Ctrl Pts',(3.61831471017048,-279.189650751975,30.8441978425311));
#1966=CARTESIAN_POINT('Ctrl Pts',(4.17822679053519,-279.207403450562,30.9376563772686));
#1967=CARTESIAN_POINT('Ctrl Pts',(4.70673800363915,-279.225156149149,31.1214233579769));
#1968=CARTESIAN_POINT('Ctrl Pts',(5.49458818136887,-279.251620046962,31.3953642788546));
#1969=CARTESIAN_POINT('Ctrl Pts',(6.2126600396131,-279.278083944775,31.8699866504341));
#1970=CARTESIAN_POINT('Ctrl Pts',(6.77345048123887,-279.304547842588,32.4874537436959));
#1971=CARTESIAN_POINT('Ctrl Pts',(7.33424092286464,-279.331011740401,33.1049208369578));
#1972=CARTESIAN_POINT('Ctrl Pts',(7.73774994787195,-279.357475638215,33.865232651902));
#1973=CARTESIAN_POINT('Ctrl Pts',(7.93480658680437,-279.383939536028,34.6757387973029));
#1974=CARTESIAN_POINT('Ctrl Pts',(8.1318632257368,-279.410403433841,35.4862449427039));
#1975=CARTESIAN_POINT('Ctrl Pts',(8.12246747859434,-279.436867331654,36.3469454185616));
#1976=CARTESIAN_POINT('Ctrl Pts',(7.90776429621361,-279.463331229467,37.152956630739));
#1977=CARTESIAN_POINT('Ctrl Pts',(7.69306111383287,-279.48979512728,37.9589678429164));
#1978=CARTESIAN_POINT('Ctrl Pts',(7.27305049621386,-279.516259025094,38.7102897914134));
#1979=CARTESIAN_POINT('Ctrl Pts',(6.69891427070218,-279.542722922907,39.3153675758637));
#1980=CARTESIAN_POINT('Ctrl Pts',(6.12477804519051,-279.56918682072,39.920445360314));
#1981=CARTESIAN_POINT('Ctrl Pts',(5.39651621178615,-279.595650718533,40.3792789807175));
#1982=CARTESIAN_POINT('Ctrl Pts',(4.60287360182459,-279.622114616346,40.6359557002179));
#1983=CARTESIAN_POINT('Ctrl Pts',(3.80923099186302,-279.648578514159,40.8926324197182));
#1984=CARTESIAN_POINT('Ctrl Pts',(2.95020760534423,-279.675042411972,40.9471522383154));
#1985=CARTESIAN_POINT('Ctrl Pts',(2.13048266895986,-279.701506309785,40.7928714574329));
#1986=CARTESIAN_POINT('Ctrl Pts',(1.31075773257547,-279.727970207599,40.6385906765504));
#1987=CARTESIAN_POINT('Ctrl Pts',(0.530331246325548,-279.754434105412,40.2755092961883));
#1988=CARTESIAN_POINT('Ctrl Pts',(-0.11569525663918,-279.780898003225,39.7478718371813));
#1989=CARTESIAN_POINT('Ctrl Pts',(-0.76172175960388,-279.807361901038,39.2202343781745));
#1990=CARTESIAN_POINT('Ctrl Pts',(-1.27334827928338,-279.833825798851,38.5280408405228));
#1991=CARTESIAN_POINT('Ctrl Pts',(-1.58822881989278,-279.860289696664,37.7556408302783));
#1992=CARTESIAN_POINT('Ctrl Pts',(-1.90310936050219,-279.886753594478,36.9832408200339));
#1993=CARTESIAN_POINT('Ctrl Pts',(-2.02124392204152,-279.913217492291,36.1306343371967));
#1994=CARTESIAN_POINT('Ctrl Pts',(-1.92823681431006,-279.939681390104,35.3017186547588));
#1995=CARTESIAN_POINT('Ctrl Pts',(-1.83522970657859,-279.966145287917,34.4728029723209));
#1996=CARTESIAN_POINT('Ctrl Pts',(-1.53108092957635,-279.99260918573,33.6675780902823));
#1997=CARTESIAN_POINT('Ctrl Pts',(-1.05285357061323,-280.019073083543,32.9841674349519));
#1998=CARTESIAN_POINT('Ctrl Pts',(-0.574626211650095,-280.045536981357,
32.3007567796214));
#1999=CARTESIAN_POINT('Ctrl Pts',(0.0776797292739186,-280.07200087917,31.7391603509991));
#2000=CARTESIAN_POINT('Ctrl Pts',(0.824575285346145,-280.098464776983,31.367813398676));
#2001=CARTESIAN_POINT('Ctrl Pts',(1.51541566724709,-280.122942535785,31.0243363646048));
#2002=CARTESIAN_POINT('Ctrl Pts',(2.28718038405301,-280.147420294587,30.8436236288281));
#2003=CARTESIAN_POINT('Ctrl Pts',(3.05872560517277,-280.171898053389,30.843138295174));
#2004=CARTESIAN_POINT('Origin',(3.05866235521319,-261.23023325478,35.861265395317));
#2005=CARTESIAN_POINT('',(3.05867845099974,-281.171898053389,30.8439304666796));
#2006=CARTESIAN_POINT('',(3.05864754140886,-280.897064658373,30.8430765656783));
#2007=CARTESIAN_POINT('',(3.05866235521319,-261.23023325478,30.843515395317));
#2008=CARTESIAN_POINT('Ctrl Pts',(3.05864754140886,-280.897064658373,30.8430765656783));
#2009=CARTESIAN_POINT('Ctrl Pts',(3.04467854081888,-280.896621467165,30.8430742044925));
#2010=CARTESIAN_POINT('Ctrl Pts',(3.03070955961359,-280.896178275957,30.8431313125078));
#2011=CARTESIAN_POINT('Ctrl Pts',(3.01674107620561,-280.895735084749,30.8432480073387));
#2012=CARTESIAN_POINT('Ctrl Pts',(2.18265296528868,-280.869271186936,30.8502161060342));
#2013=CARTESIAN_POINT('Ctrl Pts',(1.35033977071293,-280.842807289123,31.0696433966466));
#2014=CARTESIAN_POINT('Ctrl Pts',(0.621225857566408,-280.816343391309,31.4747908177523));
#2015=CARTESIAN_POINT('Ctrl Pts',(-0.107888055580091,-280.789879493496,
31.8799382388579));
#2016=CARTESIAN_POINT('Ctrl Pts',(-0.733802687297366,-280.763415595683,
32.4708057904569));
#2017=CARTESIAN_POINT('Ctrl Pts',(-1.18024507383215,-280.73695169787,33.1753912903627));
#2018=CARTESIAN_POINT('Ctrl Pts',(-1.62668746036693,-280.710487800057,33.8799767902685));
#2019=CARTESIAN_POINT('Ctrl Pts',(-1.89365760171922,-280.684023902244,34.6982802384811));
#2020=CARTESIAN_POINT('Ctrl Pts',(-1.94862294012041,-280.657560004431,35.5305844753721));
#2021=CARTESIAN_POINT('Ctrl Pts',(-2.00358827852161,-280.631096106617,36.3628887122632));
#2022=CARTESIAN_POINT('Ctrl Pts',(-1.84654881397168,-280.604632208804,37.2091937378327));
#2023=CARTESIAN_POINT('Ctrl Pts',(-1.49664112641379,-280.578168310991,37.9663701646715));
#2024=CARTESIAN_POINT('Ctrl Pts',(-1.14673343885591,-280.551704413178,38.7235465915102));
#2025=CARTESIAN_POINT('Ctrl Pts',(-0.603957528290052,-280.525240515365,
39.3915944196182));
#2026=CARTESIAN_POINT('Ctrl Pts',(0.0655447941566404,-280.498776617552,
39.8891064007913));
#2027=CARTESIAN_POINT('Ctrl Pts',(0.735047116603323,-280.472312719739,40.3866183819645));
#2028=CARTESIAN_POINT('Ctrl Pts',(1.53127585093086,-280.445848821925,40.7135945162029));
#2029=CARTESIAN_POINT('Ctrl Pts',(2.35720382711439,-280.419384924112,40.8301900106687));
#2030=CARTESIAN_POINT('Ctrl Pts',(3.18313180329793,-280.392921026299,40.9467855051345));
#2031=CARTESIAN_POINT('Ctrl Pts',(4.03875902133746,-280.366457128486,40.8530003598276));
#2032=CARTESIAN_POINT('Ctrl Pts',(4.81982010624284,-280.339993230673,40.560263083727));
#2033=CARTESIAN_POINT('Ctrl Pts',(5.60088119114824,-280.31352933286,40.2675258076265));
#2034=CARTESIAN_POINT('Ctrl Pts',(6.30737614291948,-280.287065435046,39.7758364007321));
#2035=CARTESIAN_POINT('Ctrl Pts',(6.8532126078749,-280.260601537233,39.1451113539032));
#2036=CARTESIAN_POINT('Ctrl Pts',(7.39904907283033,-280.23413763942,38.5143863070743));
#2037=CARTESIAN_POINT('Ctrl Pts',(7.78422705096995,-280.207673741607,37.7446256203107));
#2038=CARTESIAN_POINT('Ctrl Pts',(7.961809365119,-280.181209843794,36.9296311093637));
#2039=CARTESIAN_POINT('Ctrl Pts',(8.13939167926804,-280.154745945981,36.1146365984166));
#2040=CARTESIAN_POINT('Ctrl Pts',(8.10937832942651,-280.128282048168,35.254408263286));
#2041=CARTESIAN_POINT('Ctrl Pts',(7.87542669477772,-280.101818150354,34.4537721637891));
#2042=CARTESIAN_POINT('Ctrl Pts',(7.64147506012893,-280.075354252541,33.6531360642923));
#2043=CARTESIAN_POINT('Ctrl Pts',(7.20358514067289,-280.048890354728,32.9120922004292));
#2044=CARTESIAN_POINT('Ctrl Pts',(6.61511750710428,-280.022426456915,32.3209430014832));
#2045=CARTESIAN_POINT('Ctrl Pts',(6.02664987353566,-279.995962559102,31.7297938025372));
#2046=CARTESIAN_POINT('Ctrl Pts',(5.28760452585447,-279.969498661289,31.2885392685082));
#2047=CARTESIAN_POINT('Ctrl Pts',(4.48804035733351,-279.943034763475,31.0509499766834));
#2048=CARTESIAN_POINT('Ctrl Pts',(4.02506939311025,-279.927711395108,30.9133788499924));
#2049=CARTESIAN_POINT('Ctrl Pts',(3.54180799566927,-279.912388026741,30.8440915387884));
#2050=CARTESIAN_POINT('Ctrl Pts',(3.05860301436866,-279.897064658373,30.8438905790312));
#2051=CARTESIAN_POINT('Ctrl Pts',(3.05872560517277,-280.171898053389,30.843138295174));
#2052=CARTESIAN_POINT('Ctrl Pts',(3.12132921504265,-280.1738841924,30.8430989149304));
#2053=CARTESIAN_POINT('Ctrl Pts',(3.18393137979898,-280.175870331411,30.8442461140862));
#2054=CARTESIAN_POINT('Ctrl Pts',(3.24648875140052,-280.177856470422,30.846589221648));
#2055=CARTESIAN_POINT('Ctrl Pts',(4.08002149016226,-280.204320368235,30.8778094729669));
#2056=CARTESIAN_POINT('Ctrl Pts',(4.90560179646532,-280.230784266049,31.1213474516287));
#2057=CARTESIAN_POINT('Ctrl Pts',(5.62262576430209,-280.257248163862,31.5475260060254));
#2058=CARTESIAN_POINT('Ctrl Pts',(6.33964973213888,-280.283712061675,31.9737045604221));
#2059=CARTESIAN_POINT('Ctrl Pts',(6.94811736150938,-280.310175959488,32.5825236905538));
#2060=CARTESIAN_POINT('Ctrl Pts',(7.37388175267956,-280.336639857301,33.2997936633615));
#2061=CARTESIAN_POINT('Ctrl Pts',(7.79964614384973,-280.363103755114,34.0170636361692));
#2062=CARTESIAN_POINT('Ctrl Pts',(8.04270729681958,-280.389567652927,34.8427844516529));
#2063=CARTESIAN_POINT('Ctrl Pts',(8.07344616520345,-280.416031550741,35.6763350815792));
#2064=CARTESIAN_POINT('Ctrl Pts',(8.10418503358732,-280.442495448554,36.5098857115055));
#2065=CARTESIAN_POINT('Ctrl Pts',(7.9226016173852,-280.468959346367,37.3512661558744));
#2066=CARTESIAN_POINT('Ctrl Pts',(7.55082338353966,-280.49542324418,38.097947128927));
#2067=CARTESIAN_POINT('Ctrl Pts',(7.1790451496941,-280.521887141993,38.8446281019796));
#2068=CARTESIAN_POINT('Ctrl Pts',(6.61707209820511,-280.548351039806,39.4966096037159));
#2069=CARTESIAN_POINT('Ctrl Pts',(5.93338537332861,-280.57481493762,39.9744422029677));
#2070=CARTESIAN_POINT('Ctrl Pts',(5.24969864845212,-280.601278835433,40.4522748022194));
#2071=CARTESIAN_POINT('Ctrl Pts',(4.44429825018813,-280.627742733246,40.7559584989868));
#2072=CARTESIAN_POINT('Ctrl Pts',(3.61532899297421,-280.654206631059,40.8484868798991));
#2073=CARTESIAN_POINT('Ctrl Pts',(2.78635973576029,-280.680670528872,40.9410152608115));
#2074=CARTESIAN_POINT('Ctrl Pts',(1.93382161959644,-280.707134426685,40.8223883258689));
#2075=CARTESIAN_POINT('Ctrl Pts',(1.16160358642038,-280.733598324498,40.5070617651136));
#2076=CARTESIAN_POINT('Ctrl Pts',(0.389385553244329,-280.760062222312,40.1917352043583));
#2077=CARTESIAN_POINT('Ctrl Pts',(-0.302512396943937,-280.786526120125,
39.6797090177904));
#2078=CARTESIAN_POINT('Ctrl Pts',(-0.829776677911617,-280.812990017938,
39.0333779039674));
#2079=CARTESIAN_POINT('Ctrl Pts',(-1.35704095887931,-280.839453915751,38.3870467901444));
#2080=CARTESIAN_POINT('Ctrl Pts',(-1.71967157062641,-280.865917813564,37.6064107490663));
#2081=CARTESIAN_POINT('Ctrl Pts',(-1.87347892226618,-280.892381711377,36.7865968499028));
#2082=CARTESIAN_POINT('Ctrl Pts',(-2.02728627390594,-280.91884560919,35.9667829507393));
#2083=CARTESIAN_POINT('Ctrl Pts',(-1.97227036543837,-280.945309507004,35.1077911934904));
#2084=CARTESIAN_POINT('Ctrl Pts',(-1.71513534816424,-280.971773404817,34.3142969505551));
#2085=CARTESIAN_POINT('Ctrl Pts',(-1.45800033089011,-280.99823730263,33.5208027076198));
#2086=CARTESIAN_POINT('Ctrl Pts',(-0.998746204809424,-281.024701200443,
32.792805978998));
#2087=CARTESIAN_POINT('Ctrl Pts',(-0.393336948933158,-281.051165098256,
32.2190192907772));
#2088=CARTESIAN_POINT('Ctrl Pts',(0.212072306943109,-281.077628996069,31.6452326025564));
#2089=CARTESIAN_POINT('Ctrl Pts',(0.963636692614954,-281.104092893883,31.2256559547365));
#2090=CARTESIAN_POINT('Ctrl Pts',(1.76977176470658,-281.130556791696,31.0114182917921));
#2091=CARTESIAN_POINT('Ctrl Pts',(2.18954667479499,-281.14433721226,30.8998593250463));
#2092=CARTESIAN_POINT('Ctrl Pts',(2.6241186893121,-281.158117632824,30.8439790129379));
#2093=CARTESIAN_POINT('Ctrl Pts',(3.05867845099974,-281.171898053389,30.8439304666796));
#2094=CARTESIAN_POINT('Origin',(3.05866235521319,-261.23023325478,35.861265395317));
#2095=CARTESIAN_POINT('',(3.05857064497091,-282.171898053389,30.8432170571659));
#2096=CARTESIAN_POINT('',(3.05874369717395,-281.897064658373,30.8438477021827));
#2097=CARTESIAN_POINT('',(3.05866235521319,-261.23023325478,30.843515395317));
#2098=CARTESIAN_POINT('Ctrl Pts',(3.05874369717395,-281.897064658373,30.8438477021827));
#2099=CARTESIAN_POINT('Ctrl Pts',(2.54760015873903,-281.88085490759,30.844142278549));
#2100=CARTESIAN_POINT('Ctrl Pts',(2.03636911210102,-281.864645156806,30.9218112033249));
#2101=CARTESIAN_POINT('Ctrl Pts',(1.54911725552814,-281.848435406022,31.0755021864128));
#2102=CARTESIAN_POINT('Ctrl Pts',(0.753634122334224,-281.821971508209,31.3264167455288));
#2103=CARTESIAN_POINT('Ctrl Pts',(0.0220640263509279,-281.795507610396,
31.7799570242178));
#2104=CARTESIAN_POINT('Ctrl Pts',(-0.556445061458402,-281.769043712583,
32.3808553238446));
#2105=CARTESIAN_POINT('Ctrl Pts',(-1.13495414926773,-281.74257981477,32.9817536234714));
#2106=CARTESIAN_POINT('Ctrl Pts',(-1.56040222890307,-281.716115916957,33.7300099440361));
#2107=CARTESIAN_POINT('Ctrl Pts',(-1.78094487252622,-281.689652019143,34.5344429577271));
#2108=CARTESIAN_POINT('Ctrl Pts',(-2.00148751614937,-281.66318812133,35.3388759714182));
#2109=CARTESIAN_POINT('Ctrl Pts',(-2.01712472376035,-281.636724223517,36.1994856782357));
#2110=CARTESIAN_POINT('Ctrl Pts',(-1.82595097005446,-281.610260325704,37.0113995450136));
#2111=CARTESIAN_POINT('Ctrl Pts',(-1.63477721634857,-281.583796427891,37.8233134117916));
#2112=CARTESIAN_POINT('Ctrl Pts',(-1.23679250132582,-281.557332530078,38.5865314385301));
#2113=CARTESIAN_POINT('Ctrl Pts',(-0.680494610794465,-281.530868632265,
39.2080490876462));
#2114=CARTESIAN_POINT('Ctrl Pts',(-0.124196720263114,-281.504404734451,
39.8295667367622));
#2115=CARTESIAN_POINT('Ctrl Pts',(0.590414345776869,-281.477940836638,40.3093840082558));
#2116=CARTESIAN_POINT('Ctrl Pts',(1.37625721683851,-281.451476938825,40.5890311308478));
#2117=CARTESIAN_POINT('Ctrl Pts',(2.16210008790016,-281.425013041012,40.8686782534397));
#2118=CARTESIAN_POINT('Ctrl Pts',(3.01917476398346,-281.398549143199,40.94815522713));
#2119=CARTESIAN_POINT('Ctrl Pts',(3.84303948515809,-281.372085245386,40.8177771140273));
#2120=CARTESIAN_POINT('Ctrl Pts',(4.66690420633272,-281.345621347572,40.6873990009246));
#2121=CARTESIAN_POINT('Ctrl Pts',(5.45755897259864,-281.319157449759,40.3471658010288));
#2122=CARTESIAN_POINT('Ctrl Pts',(6.11865584883362,-281.292693551946,39.838537792161));
#2123=CARTESIAN_POINT('Ctrl Pts',(6.77975272506859,-281.266229654133,39.3299097832933));
#2124=CARTESIAN_POINT('Ctrl Pts',(7.31129171127264,-281.23976575632,38.6528869654536));
#2125=CARTESIAN_POINT('Ctrl Pts',(7.64850031008941,-281.213301858507,37.8899702648523));
#2126=CARTESIAN_POINT('Ctrl Pts',(7.98570890890619,-281.186837960694,37.127053564251));
#2127=CARTESIAN_POINT('Ctrl Pts',(8.1285871203357,-281.16037406288,36.278242980888));
#2128=CARTESIAN_POINT('Ctrl Pts',(8.05972403226747,-281.133910165067,35.4469732254692));
#2129=CARTESIAN_POINT('Ctrl Pts',(7.99086094419925,-281.107446267254,34.6157034700504));
#2130=CARTESIAN_POINT('Ctrl Pts',(7.71025655663329,-281.080982369441,33.8019745425757));
#2131=CARTESIAN_POINT('Ctrl Pts',(7.25210487494554,-281.054518471628,33.1049461588358));
#2132=CARTESIAN_POINT('Ctrl Pts',(6.79395319325779,-281.028054573815,32.4079177750959));
#2133=CARTESIAN_POINT('Ctrl Pts',(6.15825421744825,-281.001590676001,31.8275899350908));
#2134=CARTESIAN_POINT('Ctrl Pts',(5.42247321591443,-280.975126778188,31.4346804684776));
#2135=CARTESIAN_POINT('Ctrl Pts',(4.69901434747101,-280.949106071583,31.048351061325));
#2136=CARTESIAN_POINT('Ctrl Pts',(3.87879753378274,-280.923085364978,30.8432151959628));
#2137=CARTESIAN_POINT('Ctrl Pts',(3.05864754140886,-280.897064658373,30.8430765656783));
#2138=CARTESIAN_POINT('Ctrl Pts',(3.05867845099974,-281.171898053389,30.8439304666796));
#2139=CARTESIAN_POINT('Ctrl Pts',(3.45864656698447,-281.184581530638,30.8438857847805));
#2140=CARTESIAN_POINT('Ctrl Pts',(3.85860430319003,-281.197265007886,30.891138047736));
#2141=CARTESIAN_POINT('Ctrl Pts',(4.24700480236791,-281.209948485135,30.9858066363733));
#2142=CARTESIAN_POINT('Ctrl Pts',(5.0573970094262,-281.236412382948,31.183331321968));
#2143=CARTESIAN_POINT('Ctrl Pts',(5.81747566503137,-281.262876280761,31.5872793712262));
#2144=CARTESIAN_POINT('Ctrl Pts',(6.43461879038488,-281.289340178575,32.1484263158931));
#2145=CARTESIAN_POINT('Ctrl Pts',(7.05176191573841,-281.315804076388,32.7095732605599));
#2146=CARTESIAN_POINT('Ctrl Pts',(7.52596951084029,-281.342267974201,33.4279191006354));
#2147=CARTESIAN_POINT('Ctrl Pts',(7.79945539067437,-281.368731872014,34.2159273519955));
#2148=CARTESIAN_POINT('Ctrl Pts',(8.07294127050844,-281.395195769827,35.0039356033555));
#2149=CARTESIAN_POINT('Ctrl Pts',(8.14570543507472,-281.42165966764,35.861606266));
#2150=CARTESIAN_POINT('Ctrl Pts',(8.00888095874905,-281.448123565454,36.684424954022));
#2151=CARTESIAN_POINT('Ctrl Pts',(7.87205648242339,-281.474587463267,37.507243642044));
#2152=CARTESIAN_POINT('Ctrl Pts',(7.5256433652058,-281.50105136108,38.2952103554435));
#2153=CARTESIAN_POINT('Ctrl Pts',(7.01185495983529,-281.527515258893,38.952304720955));
#2154=CARTESIAN_POINT('Ctrl Pts',(6.49806655446477,-281.553979156706,39.6093990864664));
#2155=CARTESIAN_POINT('Ctrl Pts',(5.81690286094132,-281.580443054519,40.1356211040898));
#2156=CARTESIAN_POINT('Ctrl Pts',(5.05136940601484,-281.606906952333,40.4668461938224));
#2157=CARTESIAN_POINT('Ctrl Pts',(4.28583595108837,-281.633370850146,40.7980712835551));
#2158=CARTESIAN_POINT('Ctrl Pts',(3.43593273475887,-281.659834747959,40.934299445397));
#2159=CARTESIAN_POINT('Ctrl Pts',(2.60522761425158,-281.686298645772,40.8589301317275));
#2160=CARTESIAN_POINT('Ctrl Pts',(1.77452249374427,-281.712762543585,40.783560818058));
#2161=CARTESIAN_POINT('Ctrl Pts',(0.96301546905916,-281.739226441398,40.4965940288771));
#2162=CARTESIAN_POINT('Ctrl Pts',(0.269595498438867,-281.765690339211,40.0329990817249));
#2163=CARTESIAN_POINT('Ctrl Pts',(-0.423824472181415,-281.792154237025,
39.5694041345727));
#2164=CARTESIAN_POINT('Ctrl Pts',(-0.999157388736885,-281.818618134838,
38.9291810294493));
#2165=CARTESIAN_POINT('Ctrl Pts',(-1.38629409501546,-281.845082032651,38.190346337971));
#2166=CARTESIAN_POINT('Ctrl Pts',(-1.77343080129403,-281.871545930464,37.4515116464927));
#2167=CARTESIAN_POINT('Ctrl Pts',(-1.97237129729571,-281.898009828277,36.6140653686595));
#2168=CARTESIAN_POINT('Ctrl Pts',(-1.95887300987763,-281.92447372609,35.7800573789395));
#2169=CARTESIAN_POINT('Ctrl Pts',(-1.94537472245955,-281.950937623903,34.9460493892194));
#2170=CARTESIAN_POINT('Ctrl Pts',(-1.7194376516217,-281.977401521717,34.1154796876126));
#2171=CARTESIAN_POINT('Ctrl Pts',(-1.30859413027546,-282.00386541953,33.3895601799205));
#2172=CARTESIAN_POINT('Ctrl Pts',(-0.897750608929226,-282.030329317343,
32.6636406722284));
#2173=CARTESIAN_POINT('Ctrl Pts',(-0.302000637074597,-282.056793215156,
32.0423713584511));
#2174=CARTESIAN_POINT('Ctrl Pts',(0.406058639117537,-282.083257112969,31.6014591312694));
#2175=CARTESIAN_POINT('Ctrl Pts',(1.11411791530967,-282.109721010782,31.1605469040877));
#2176=CARTESIAN_POINT('Ctrl Pts',(1.93448649583928,-282.136184908595,30.8999917635016));
#2177=CARTESIAN_POINT('Ctrl Pts',(2.76719556733106,-282.162648806409,30.8515445454663));
#2178=CARTESIAN_POINT('Ctrl Pts',(2.86420737714647,-282.165731888735,30.8459003745751));
#2179=CARTESIAN_POINT('Ctrl Pts',(2.96138667934431,-282.168814971062,30.8431350568333));
#2180=CARTESIAN_POINT('Ctrl Pts',(3.05857064497091,-282.171898053389,30.8432170571659));
#2181=CARTESIAN_POINT('Origin',(3.05866235521319,-261.23023325478,35.861265395317));
#2182=CARTESIAN_POINT('',(3.05878726110472,-283.171898053389,30.843649097276));
#2183=CARTESIAN_POINT('',(3.05853459842461,-282.897064658373,30.8434447974206));
#2184=CARTESIAN_POINT('',(3.05866235521319,-261.23023325478,30.843515395317));
#2185=CARTESIAN_POINT('Ctrl Pts',(3.05853459842461,-282.897064658373,30.8434447974206));
#2186=CARTESIAN_POINT('Ctrl Pts',(2.88475126731148,-282.891552245827,30.8432653094939));
#2187=CARTESIAN_POINT('Ctrl Pts',(2.71098613209807,-282.886039833281,30.8521172801193));
#2188=CARTESIAN_POINT('Ctrl Pts',(2.53817715024486,-282.880527420735,30.8701381628078));
#2189=CARTESIAN_POINT('Ctrl Pts',(1.70855868485593,-282.854063522922,30.9566525145542));
#2190=CARTESIAN_POINT('Ctrl Pts',(0.900977182973219,-282.827599625109,31.2544875486707));
#2191=CARTESIAN_POINT('Ctrl Pts',(0.213843244860061,-282.801135727296,31.7273495605362));
#2192=CARTESIAN_POINT('Ctrl Pts',(-0.473290693253106,-282.774671829483,
32.2002115724017));
#2193=CARTESIAN_POINT('Ctrl Pts',(-1.03997706759671,-282.74820793167,32.8481005620162));
#2194=CARTESIAN_POINT('Ctrl Pts',(-1.41716037587136,-282.721744033856,33.5920658052442));
#2195=CARTESIAN_POINT('Ctrl Pts',(-1.794343684146,-282.695280136043,34.3360310484723));
#2196=CARTESIAN_POINT('Ctrl Pts',(-1.98202392635169,-282.66881623823,35.1760725453139));
#2197=CARTESIAN_POINT('Ctrl Pts',(-1.95733068600418,-282.642352340417,36.009824172031));
#2198=CARTESIAN_POINT('Ctrl Pts',(-1.93263744565668,-282.615888442604,36.8435757987482));
#2199=CARTESIAN_POINT('Ctrl Pts',(-1.69557072275597,-282.589424544791,37.6710375553409));
#2200=CARTESIAN_POINT('Ctrl Pts',(-1.27501909195209,-282.562960646977,38.3913762652549));
#2201=CARTESIAN_POINT('Ctrl Pts',(-0.854467461148209,-282.536496749164,
39.1117149751689));
#2202=CARTESIAN_POINT('Ctrl Pts',(-0.250430922441148,-282.510032851351,
39.7249306384042));
#2203=CARTESIAN_POINT('Ctrl Pts',(0.463483590111565,-282.483568953538,40.1562977673547));
#2204=CARTESIAN_POINT('Ctrl Pts',(1.17739810266428,-282.457105055725,40.5876648963053));
#2205=CARTESIAN_POINT('Ctrl Pts',(2.00119058906264,-282.430641157912,40.837183490971));
#2206=CARTESIAN_POINT('Ctrl Pts',(2.83447500419555,-282.404177260099,40.8744476113685));
#2207=CARTESIAN_POINT('Ctrl Pts',(3.66775941932844,-282.377713362285,40.911711731766));
#2208=CARTESIAN_POINT('Ctrl Pts',(4.51053576319588,-282.351249464472,40.7367213778954));
#2209=CARTESIAN_POINT('Ctrl Pts',(5.26010464794116,-282.324785566659,40.370800596586));
#2210=CARTESIAN_POINT('Ctrl Pts',(6.00967353268645,-282.298321668846,40.0048798152766));
#2211=CARTESIAN_POINT('Ctrl Pts',(6.6660349583096,-282.271857771033,39.4480286065284));
#2212=CARTESIAN_POINT('Ctrl Pts',(7.14920576306815,-282.24539387322,38.7681039749689));
#2213=CARTESIAN_POINT('Ctrl Pts',(7.6323765678267,-282.218929975406,38.0881793434094));
#2214=CARTESIAN_POINT('Ctrl Pts',(7.94235675172067,-282.192466077593,37.2851812890385));
#2215=CARTESIAN_POINT('Ctrl Pts',(8.04137262145022,-282.16600217978,36.4569618804794));
#2216=CARTESIAN_POINT('Ctrl Pts',(8.14038849117978,-282.139538281967,35.6287424719202));
#2217=CARTESIAN_POINT('Ctrl Pts',(8.0284400467449,-282.113074384154,34.7753017091728));
#2218=CARTESIAN_POINT('Ctrl Pts',(7.71916914793275,-282.086610486341,34.000638529255));
#2219=CARTESIAN_POINT('Ctrl Pts',(7.4098982491206,-282.060146588528,33.2259753493372));
#2220=CARTESIAN_POINT('Ctrl Pts',(6.90330489593118,-282.033682690714,32.5300897522492));
#2221=CARTESIAN_POINT('Ctrl Pts',(6.26112175046802,-282.007218792901,31.9977812525468));
#2222=CARTESIAN_POINT('Ctrl Pts',(5.61893860500488,-281.980754895088,31.4654727528444));
#2223=CARTESIAN_POINT('Ctrl Pts',(4.841165667268,-281.954290997275,31.0967413505276));
#2224=CARTESIAN_POINT('Ctrl Pts',(4.02258111319732,-281.927827099462,30.9365200691408));
#2225=CARTESIAN_POINT('Ctrl Pts',(3.70539857142496,-281.917572952432,30.8744380361686));
#2226=CARTESIAN_POINT('Ctrl Pts',(3.38208864345397,-281.907318805403,30.8436613557414));
#2227=CARTESIAN_POINT('Ctrl Pts',(3.05874369717395,-281.897064658373,30.8438477021827));
#2228=CARTESIAN_POINT('Ctrl Pts',(3.05857064497091,-282.171898053389,30.8432170571659));
#2229=CARTESIAN_POINT('Ctrl Pts',(3.79557346479644,-282.195278868875,30.8438389136209));
#2230=CARTESIAN_POINT('Ctrl Pts',(4.53284448193103,-282.218659684362,31.0082121810179));
#2231=CARTESIAN_POINT('Ctrl Pts',(5.1993678560266,-282.242040499848,31.3225832252748));
#2232=CARTESIAN_POINT('Ctrl Pts',(5.9537815107764,-282.268504397661,31.678408418603));
#2233=CARTESIAN_POINT('Ctrl Pts',(6.6175592578221,-282.294968295474,32.2263981007441));
#2234=CARTESIAN_POINT('Ctrl Pts',(7.1098141942617,-282.321432193288,32.8997751186404));
#2235=CARTESIAN_POINT('Ctrl Pts',(7.60206913070131,-282.347896091101,33.5731521365367));
#2236=CARTESIAN_POINT('Ctrl Pts',(7.92280125653482,-282.374359988914,34.3719164901882));
#2237=CARTESIAN_POINT('Ctrl Pts',(8.03292666387998,-282.400823886727,35.1987320230232));
#2238=CARTESIAN_POINT('Ctrl Pts',(8.14305207122513,-282.42728778454,36.0255475558581));
#2239=CARTESIAN_POINT('Ctrl Pts',(8.04257076008191,-282.453751682353,36.8804142678764));
#2240=CARTESIAN_POINT('Ctrl Pts',(7.74372722357182,-282.480215580166,37.6591594581449));
#2241=CARTESIAN_POINT('Ctrl Pts',(7.44488368706174,-282.50667947798,38.4379046484133));
#2242=CARTESIAN_POINT('Ctrl Pts',(6.94767792518478,-282.533143375793,39.1405283169318));
#2243=CARTESIAN_POINT('Ctrl Pts',(6.31269864306439,-282.559607273606,39.6814098584526));
#2244=CARTESIAN_POINT('Ctrl Pts',(5.677719360944,-282.586071171419,40.2222913999735));
#2245=CARTESIAN_POINT('Ctrl Pts',(4.90496655858016,-282.612535069232,40.6014308144966));
#2246=CARTESIAN_POINT('Ctrl Pts',(4.08860666618274,-282.638998967045,40.7726267746268));
#2247=CARTESIAN_POINT('Ctrl Pts',(3.27224677378531,-282.665462864859,40.9438227347571));
#2248=CARTESIAN_POINT('Ctrl Pts',(2.4122797913543,-282.691926762672,40.9070752404946));
#2249=CARTESIAN_POINT('Ctrl Pts',(1.61349993068181,-282.718390660485,40.6668622831752));
#2250=CARTESIAN_POINT('Ctrl Pts',(0.814720070009317,-282.744854558298,40.4266493258559));
#2251=CARTESIAN_POINT('Ctrl Pts',(0.0771273310953495,-282.771318456111,
39.9829709054797));
#2252=CARTESIAN_POINT('Ctrl Pts',(-0.509396405386511,-282.797782353924,
39.3898929702777));
#2253=CARTESIAN_POINT('Ctrl Pts',(-1.09592014186835,-282.824246251737,38.7968150350758));
#2254=CARTESIAN_POINT('Ctrl Pts',(-1.5313748759181,-282.850710149551,38.054337585048));
#2255=CARTESIAN_POINT('Ctrl Pts',(-1.76269678467026,-282.877174047364,37.2529377440128));
#2256=CARTESIAN_POINT('Ctrl Pts',(-1.99401869342243,-282.903637945177,36.4515379029775));
#2257=CARTESIAN_POINT('Ctrl Pts',(-2.02120777687699,-282.93010184299,35.5912156709348));
#2258=CARTESIAN_POINT('Ctrl Pts',(-1.84095081647072,-282.956565740803,34.7768085498306));
#2259=CARTESIAN_POINT('Ctrl Pts',(-1.66069385606444,-282.983029638616,33.9624014287265));
#2260=CARTESIAN_POINT('Ctrl Pts',(-1.27299085179731,-283.009493536429,33.1939094185609));
#2261=CARTESIAN_POINT('Ctrl Pts',(-0.725086676521036,-283.035957434243,
32.5649797361679));
#2262=CARTESIAN_POINT('Ctrl Pts',(-0.177182501244776,-283.062421332056,
31.936050053775));
#2263=CARTESIAN_POINT('Ctrl Pts',(0.530922845040626,-283.088885229869,31.4466826991547));
#2264=CARTESIAN_POINT('Ctrl Pts',(1.31294076853359,-283.115349127682,31.1565112015609));
#2265=CARTESIAN_POINT('Ctrl Pts',(1.86995462654693,-283.134198769584,30.9498285405827));
#2266=CARTESIAN_POINT('Ctrl Pts',(2.46446724673416,-283.153048411487,30.8442057851153));
#2267=CARTESIAN_POINT('Ctrl Pts',(3.05878726110472,-283.171898053389,30.843649097276));
#2268=CARTESIAN_POINT('Origin',(3.05866235521319,-261.23023325478,35.861265395317));
#2269=CARTESIAN_POINT('',(3.05854307176399,-284.171898053389,30.8436966489572));
#2270=CARTESIAN_POINT('',(3.05878768059046,-283.897064658373,30.8434120865602));
#2271=CARTESIAN_POINT('',(3.05866235521319,-261.23023325478,30.843515395317));
#2272=CARTESIAN_POINT('Ctrl Pts',(3.05878768059046,-283.897064658373,30.8434120865602));
#2273=CARTESIAN_POINT('Ctrl Pts',(2.38796321519902,-283.875785686252,30.8441016749062));
#2274=CARTESIAN_POINT('Ctrl Pts',(1.71686879413219,-283.85450671413,30.9794957015806));
#2275=CARTESIAN_POINT('Ctrl Pts',(1.09940688051874,-283.833227742009,31.2413548026147));
#2276=CARTESIAN_POINT('Ctrl Pts',(0.331491546445987,-283.806763844195,31.5670196162934));
#2277=CARTESIAN_POINT('Ctrl Pts',(-0.353470341528791,-283.780299946382,
32.0882880708851));
#2278=CARTESIAN_POINT('Ctrl Pts',(-0.87201041470724,-283.753836048569,32.7416392197174));
#2279=CARTESIAN_POINT('Ctrl Pts',(-1.39055048788566,-283.727372150756,33.3949903685497));
#2280=CARTESIAN_POINT('Ctrl Pts',(-1.74266874626777,-283.700908252943,34.1804242116226));
#2281=CARTESIAN_POINT('Ctrl Pts',(-1.88545661766577,-283.67444435513,35.002229027229));
#2282=CARTESIAN_POINT('Ctrl Pts',(-2.02824448906377,-283.647980457317,35.8240338428355));
#2283=CARTESIAN_POINT('Ctrl Pts',(-1.96170197347766,-283.621516559504,36.6822096309755));
#2284=CARTESIAN_POINT('Ctrl Pts',(-1.69393783626004,-283.59505266169,37.4721804519509));
#2285=CARTESIAN_POINT('Ctrl Pts',(-1.4261736990424,-283.568588763877,38.2621512729262));
#2286=CARTESIAN_POINT('Ctrl Pts',(-0.95718794019324,-283.542124866064,38.9839171267369));
#2287=CARTESIAN_POINT('Ctrl Pts',(-0.344130420049509,-283.515660968251,
39.5495247718122));
#2288=CARTESIAN_POINT('Ctrl Pts',(0.268927100094205,-283.489197070438,40.1151324168874));
#2289=CARTESIAN_POINT('Ctrl Pts',(1.02605638153249,-283.462733172625,40.5245818532274));
#2290=CARTESIAN_POINT('Ctrl Pts',(1.8349948515224,-283.436269274811,40.7279782222774));
#2291=CARTESIAN_POINT('Ctrl Pts',(2.64393332151235,-283.409805376998,40.9313745913274));
#2292=CARTESIAN_POINT('Ctrl Pts',(3.50468098005391,-283.383341479185,40.9287178930875));
#2293=CARTESIAN_POINT('Ctrl Pts',(4.31234848340305,-283.356877581372,40.7203318685892));
#2294=CARTESIAN_POINT('Ctrl Pts',(5.12001598675215,-283.330413683559,40.511945844091));
#2295=CARTESIAN_POINT('Ctrl Pts',(5.87460333490881,-283.303949785746,40.0978304933345));
#2296=CARTESIAN_POINT('Ctrl Pts',(6.48415771108598,-283.277485887933,39.5284492558006));
#2297=CARTESIAN_POINT('Ctrl Pts',(7.09371208726317,-283.251021990119,38.9590680182667));
#2298=CARTESIAN_POINT('Ctrl Pts',(7.55823349146087,-283.224558092306,38.2344208939554));
#2299=CARTESIAN_POINT('Ctrl Pts',(7.82111608251543,-283.198094194493,37.4428122314884));
#2300=CARTESIAN_POINT('Ctrl Pts',(8.08399867356999,-283.17163029668,36.6512035690214));
#2301=CARTESIAN_POINT('Ctrl Pts',(8.14524245148142,-283.145166398867,35.7926333683986));
#2302=CARTESIAN_POINT('Ctrl Pts',(7.99738434666155,-283.118702501054,34.9717256317976));
#2303=CARTESIAN_POINT('Ctrl Pts',(7.84952624184169,-283.092238603241,34.1508178951965));
#2304=CARTESIAN_POINT('Ctrl Pts',(7.49256625429054,-283.065774705427,33.3675726226172));
#2305=CARTESIAN_POINT('Ctrl Pts',(6.97000296162908,-283.039310807614,32.7174348400394));
#2306=CARTESIAN_POINT('Ctrl Pts',(6.44743966896762,-283.012846909801,32.0672970574616));
#2307=CARTESIAN_POINT('Ctrl Pts',(5.75927307119583,-282.986383011988,31.5502667648853));
#2308=CARTESIAN_POINT('Ctrl Pts',(4.98936205786238,-282.959919114175,31.2293484532853));
#2309=CARTESIAN_POINT('Ctrl Pts',(4.37982300330561,-282.938967628907,30.9752772153694));
#2310=CARTESIAN_POINT('Ctrl Pts',(3.71904737230624,-282.91801614364,30.8441269921255));
#2311=CARTESIAN_POINT('Ctrl Pts',(3.05853459842461,-282.897064658373,30.8434447974206));
#2312=CARTESIAN_POINT('Ctrl Pts',(3.05878726110472,-283.171898053389,30.843649097276));
#2313=CARTESIAN_POINT('Ctrl Pts',(3.29886103576132,-283.1795123093,30.8434242249048));
#2314=CARTESIAN_POINT('Ctrl Pts',(3.53890338231774,-283.187126565211,30.8603433150326));
#2315=CARTESIAN_POINT('Ctrl Pts',(3.77642993810127,-283.194740821121,30.8946704270491));
#2316=CARTESIAN_POINT('Ctrl Pts',(4.60197068347542,-283.221204718935,31.0139767906982));
#2317=CARTESIAN_POINT('Ctrl Pts',(5.39712167352318,-283.247668616748,31.3435651585636));
#2318=CARTESIAN_POINT('Ctrl Pts',(6.06498707042733,-283.274132514561,31.843272415163));
#2319=CARTESIAN_POINT('Ctrl Pts',(6.73285246733147,-283.300596412374,32.3429796717625));
#2320=CARTESIAN_POINT('Ctrl Pts',(7.27343227109203,-283.327060310187,33.0128058170959));
#2321=CARTESIAN_POINT('Ctrl Pts',(7.62085228467217,-283.353524208001,33.7711269000443));
#2322=CARTESIAN_POINT('Ctrl Pts',(7.96827229825231,-283.379988105814,34.5294479829927));
#2323=CARTESIAN_POINT('Ctrl Pts',(8.12253252165205,-283.406452003627,35.376264003556));
#2324=CARTESIAN_POINT('Ctrl Pts',(8.06483504884438,-283.43291590144,36.208383305286));
#2325=CARTESIAN_POINT('Ctrl Pts',(8.00713757603672,-283.459379799253,37.0405026070161));
#2326=CARTESIAN_POINT('Ctrl Pts',(7.73748240702165,-283.485843697066,37.8579251899128));
#2327=CARTESIAN_POINT('Ctrl Pts',(7.28872929277789,-283.512307594879,38.5610412351974));
#2328=CARTESIAN_POINT('Ctrl Pts',(6.83997617853413,-283.538771492692,39.2641572804819));
#2329=CARTESIAN_POINT('Ctrl Pts',(6.21212511906168,-283.565235390506,39.8529667881544));
#2330=CARTESIAN_POINT('Ctrl Pts',(5.48168504812712,-283.591699288319,40.2557183659951));
#2331=CARTESIAN_POINT('Ctrl Pts',(4.75124497719259,-283.618163186132,40.6584699438358));
#2332=CARTESIAN_POINT('Ctrl Pts',(3.91821589479594,-283.644627083945,40.8751635918448));
#2333=CARTESIAN_POINT('Ctrl Pts',(3.08410940297906,-283.671090981758,40.8793933659484));
#2334=CARTESIAN_POINT('Ctrl Pts',(2.25000291116215,-283.697554879571,40.8836231400519));
#2335=CARTESIAN_POINT('Ctrl Pts',(1.414819009925,-283.724018777385,40.6753890402499));
#2336=CARTESIAN_POINT('Ctrl Pts',(0.680331884113833,-283.750482675198,40.2800661434962));
#2337=CARTESIAN_POINT('Ctrl Pts',(-0.0541552416973311,-283.776946573011,
39.8847432467424));
#2338=CARTESIAN_POINT('Ctrl Pts',(-0.687945592082515,-283.803410470824,
39.3023315530369));
#2339=CARTESIAN_POINT('Ctrl Pts',(-1.14380648070953,-283.829874368637,38.6038028271421));
#2340=CARTESIAN_POINT('Ctrl Pts',(-1.59966736933653,-283.85633826645,37.9052741012474));
#2341=CARTESIAN_POINT('Ctrl Pts',(-1.87759879620537,-283.882802164263,37.0906283431635));
#2342=CARTESIAN_POINT('Ctrl Pts',(-1.94373247868908,-283.909266062077,36.2591369922034));
#2343=CARTESIAN_POINT('Ctrl Pts',(-2.00986616117279,-283.93572995989,35.4276456412432));
#2344=CARTESIAN_POINT('Ctrl Pts',(-1.86420209927135,-283.962193857703,34.5793086974067));
#2345=CARTESIAN_POINT('Ctrl Pts',(-1.52449068441253,-283.988657755516,33.8175031544405));
#2346=CARTESIAN_POINT('Ctrl Pts',(-1.18477926955372,-284.015121653329,33.0556976114743));
#2347=CARTESIAN_POINT('Ctrl Pts',(-0.651020501737516,-284.041585551142,
32.3804234693783));
#2348=CARTESIAN_POINT('Ctrl Pts',(0.0117426226143323,-284.068049448955,
31.8739685635079));
#2349=CARTESIAN_POINT('Ctrl Pts',(0.674505746966162,-284.094513346769,31.3675136576375));
#2350=CARTESIAN_POINT('Ctrl Pts',(1.46627322785364,-284.120977244582,31.0298779879926));
#2351=CARTESIAN_POINT('Ctrl Pts',(2.29056153651812,-284.147441142395,30.9022053014883));
#2352=CARTESIAN_POINT('Ctrl Pts',(2.54448666300035,-284.15559344606,30.8628752482434));
#2353=CARTESIAN_POINT('Ctrl Pts',(2.80149792268013,-284.163745749724,30.8434700793516));
#2354=CARTESIAN_POINT('Ctrl Pts',(3.05854307176399,-284.171898053389,30.8436966489572));
#2355=CARTESIAN_POINT('Origin',(3.05866235521319,-261.23023325478,35.861265395317));
#2356=CARTESIAN_POINT('',(3.05874091199397,-285.171898053389,30.8431756252055));
#2357=CARTESIAN_POINT('',(3.0585888147652,-284.897064658373,30.8438651480224));
#2358=CARTESIAN_POINT('',(3.05866235521319,-261.23023325478,30.843515395317));
#2359=CARTESIAN_POINT('Ctrl Pts',(3.0585888147652,-284.897064658373,30.8438651480224));
#2360=CARTESIAN_POINT('Ctrl Pts',(2.72491387435944,-284.886483024489,30.8436920671734));
#2361=CARTESIAN_POINT('Ctrl Pts',(2.39127249387909,-284.875901390605,30.8764801064801));
#2362=CARTESIAN_POINT('Ctrl Pts',(2.06436179254466,-284.865319756722,30.9425641143417));
#2363=CARTESIAN_POINT('Ctrl Pts',(1.24678187160584,-284.838855858909,31.1078354184081));
#2364=CARTESIAN_POINT('Ctrl Pts',(0.471299910311003,-284.812391961095,31.4813609432061));
#2365=CARTESIAN_POINT('Ctrl Pts',(-0.167585089992825,-284.785928063282,
32.0176234606662));
#2366=CARTESIAN_POINT('Ctrl Pts',(-0.806470090296691,-284.759464165469,
32.5538859781264));
#2367=CARTESIAN_POINT('Ctrl Pts',(-1.30875812960954,-284.733000267656,33.2528854882488));
#2368=CARTESIAN_POINT('Ctrl Pts',(-1.61324118461894,-284.706536369843,34.0294430201462));
#2369=CARTESIAN_POINT('Ctrl Pts',(-1.91772423962834,-284.68007247203,34.8060005520436));
#2370=CARTESIAN_POINT('Ctrl Pts',(-2.0244023103343,-284.653608574216,35.6601161057161));
#2371=CARTESIAN_POINT('Ctrl Pts',(-1.92027577629439,-284.627144676403,36.487708515116));
#2372=CARTESIAN_POINT('Ctrl Pts',(-1.81614924225448,-284.60068077859,37.3153009245158));
#2373=CARTESIAN_POINT('Ctrl Pts',(-1.50121810346871,-284.574216880777,38.116370189643));
#2374=CARTESIAN_POINT('Ctrl Pts',(-1.01385936875918,-284.547752982964,38.7932992811073));
#2375=CARTESIAN_POINT('Ctrl Pts',(-0.526500634049624,-284.521289085151,
39.4702283725715));
#2376=CARTESIAN_POINT('Ctrl Pts',(0.133285696583716,-284.494825187338,40.0230172903727));
#2377=CARTESIAN_POINT('Ctrl Pts',(0.885099107916179,-284.468361289524,40.384304054195));
#2378=CARTESIAN_POINT('Ctrl Pts',(1.6369125192486,-284.441897391711,40.7455908180173));
#2379=CARTESIAN_POINT('Ctrl Pts',(2.48075301128013,-284.415433493898,40.9153754278608));
#2380=CARTESIAN_POINT('Ctrl Pts',(3.31379152074413,-284.388969596085,40.8729682006099));
#2381=CARTESIAN_POINT('Ctrl Pts',(4.14683003020814,-284.362505698272,40.8305609733589));
#2382=CARTESIAN_POINT('Ctrl Pts',(4.96906655710462,-284.336041800459,40.5759619090136));
#2383=CARTESIAN_POINT('Ctrl Pts',(5.68030466307976,-284.309577902645,40.1401960455265));
#2384=CARTESIAN_POINT('Ctrl Pts',(6.39154276905492,-284.283114004832,39.7044301820395));
#2385=CARTESIAN_POINT('Ctrl Pts',(6.99178245410873,-284.256650107019,39.0874975194108));
#2386=CARTESIAN_POINT('Ctrl Pts',(7.4078794627439,-284.230186209206,38.3645764928957));
#2387=CARTESIAN_POINT('Ctrl Pts',(7.82397647137906,-284.203722311393,37.6416554663806));
#2388=CARTESIAN_POINT('Ctrl Pts',(8.05593080359558,-284.17725841358,36.8127460759791));
#2389=CARTESIAN_POINT('Ctrl Pts',(8.07547687255963,-284.150794515767,35.9788579046035));
#2390=CARTESIAN_POINT('Ctrl Pts',(8.09502294152368,-284.124330617953,35.1449697332278));
#2391=CARTESIAN_POINT('Ctrl Pts',(7.90216074723529,-284.09786672014,34.3061027808779));
#2392=CARTESIAN_POINT('Ctrl Pts',(7.52039217063607,-284.071402822327,33.5644800431643));
#2393=CARTESIAN_POINT('Ctrl Pts',(7.13862359403683,-284.044938924514,32.8228573054507));
#2394=CARTESIAN_POINT('Ctrl Pts',(6.56794863512676,-284.018475026701,32.1784787823734));
#2395=CARTESIAN_POINT('Ctrl Pts',(5.87790883879108,-283.992011128888,31.7098674181862));
#2396=CARTESIAN_POINT('Ctrl Pts',(5.1878690424554,-283.965547231074,31.241256053999));
#2397=CARTESIAN_POINT('Ctrl Pts',(4.37846440869411,-283.939083333261,30.9484118487019));
#2398=CARTESIAN_POINT('Ctrl Pts',(3.54832770172811,-283.912619435448,30.8670203324361));
#2399=CARTESIAN_POINT('Ctrl Pts',(3.38568359049594,-283.907434509757,30.851073741093));
#2400=CARTESIAN_POINT('Ctrl Pts',(3.22224364948619,-283.902249584065,30.8432440585037));
#2401=CARTESIAN_POINT('Ctrl Pts',(3.05878768059046,-283.897064658373,30.8434120865602));
#2402=CARTESIAN_POINT('Ctrl Pts',(3.05854307176399,-284.171898053389,30.8436966489572));
#2403=CARTESIAN_POINT('Ctrl Pts',(3.63591440648397,-284.190209647537,30.8442055665385));
#2404=CARTESIAN_POINT('Ctrl Pts',(4.213456725232,-284.208521241686,30.9437635473035));
#2405=CARTESIAN_POINT('Ctrl Pts',(4.75657954414817,-284.226832835834,31.1390484264181));
#2406=CARTESIAN_POINT('Ctrl Pts',(5.5415001066722,-284.253296733648,31.421273941216));
#2407=CARTESIAN_POINT('Ctrl Pts',(6.25453209527876,-284.279760631461,31.9034346741754));
#2408=CARTESIAN_POINT('Ctrl Pts',(6.80878656335856,-284.306224529274,32.5267752835606));
#2409=CARTESIAN_POINT('Ctrl Pts',(7.36304103143835,-284.332688427087,33.1501158929458));
#2410=CARTESIAN_POINT('Ctrl Pts',(7.75851797899138,-284.3591523249,33.9146363787567));
#2411=CARTESIAN_POINT('Ctrl Pts',(7.94702521275757,-284.385616222713,34.7271734877308));
#2412=CARTESIAN_POINT('Ctrl Pts',(8.13553244652375,-284.412080120527,35.5397105967049));
#2413=CARTESIAN_POINT('Ctrl Pts',(8.11706996650308,-284.43854401834,36.4002643288421));
#2414=CARTESIAN_POINT('Ctrl Pts',(7.89388758124753,-284.465007916153,37.2039689721441));
#2415=CARTESIAN_POINT('Ctrl Pts',(7.67070519599197,-284.491471813966,38.0076736154462));
#2416=CARTESIAN_POINT('Ctrl Pts',(7.24280290550154,-284.517935711779,38.7545291699131));
#2417=CARTESIAN_POINT('Ctrl Pts',(6.66232420377909,-284.544399609592,39.3535250024733));
#2418=CARTESIAN_POINT('Ctrl Pts',(6.0818455020566,-284.570863507405,39.9525208350336));
#2419=CARTESIAN_POINT('Ctrl Pts',(5.34879038910207,-284.597327405219,40.4036569456871));
#2420=CARTESIAN_POINT('Ctrl Pts',(4.55248779785395,-284.623791303032,40.6519586047533));
#2421=CARTESIAN_POINT('Ctrl Pts',(3.75618520660589,-284.650255200845,40.9002602638195));
#2422=CARTESIAN_POINT('Ctrl Pts',(2.89663513706422,-284.676719098658,40.9457274712985));
#2423=CARTESIAN_POINT('Ctrl Pts',(2.07858099632405,-284.703182996471,40.782819663592));
#2424=CARTESIAN_POINT('Ctrl Pts',(1.26052685558384,-284.729646894284,40.6199118558855));
#2425=CARTESIAN_POINT('Ctrl Pts',(0.4839686436451,-284.756110792097,40.2486290329936));
#2426=CARTESIAN_POINT('Ctrl Pts',(-0.156463487343792,-284.782574689911,
39.714215134522));
#2427=CARTESIAN_POINT('Ctrl Pts',(-0.796895618332684,-284.809038587724,
39.1798012360505));
#2428=CARTESIAN_POINT('Ctrl Pts',(-1.30120166837172,-284.835502485537,38.4822562619994));
#2429=CARTESIAN_POINT('Ctrl Pts',(-1.6079277041487,-284.86196638335,37.7065819273091));
#2430=CARTESIAN_POINT('Ctrl Pts',(-1.91465373992567,-284.888430281163,36.9309075926188));
#2431=CARTESIAN_POINT('Ctrl Pts',(-2.02379976144059,-284.914894178976,36.0771038972894));
#2432=CARTESIAN_POINT('Ctrl Pts',(-1.92206540412143,-284.941358076789,35.2492140234766));
#2433=CARTESIAN_POINT('Ctrl Pts',(-1.82033104680227,-284.967821974603,34.4213241496637));
#2434=CARTESIAN_POINT('Ctrl Pts',(-1.50771631064903,-284.994285872416,33.6193480973676));
#2435=CARTESIAN_POINT('Ctrl Pts',(-1.02231593909277,-285.020749770229,32.9410133550681));
#2436=CARTESIAN_POINT('Ctrl Pts',(-0.536915567536514,-285.047213668042,
32.2626786127686));
#2437=CARTESIAN_POINT('Ctrl Pts',(0.121270439422749,-285.073677565855,31.7079851804659));
#2438=CARTESIAN_POINT('Ctrl Pts',(0.872036596326367,-285.100141463668,31.344527207478));
#2439=CARTESIAN_POINT('Ctrl Pts',(1.55060152878949,-285.124060326909,31.0160230086328));
#2440=CARTESIAN_POINT('Ctrl Pts',(2.30479597869585,-285.147979190149,30.8437406944434));
#2441=CARTESIAN_POINT('Ctrl Pts',(3.05874091199397,-285.171898053389,30.8431756252055));
#2442=CARTESIAN_POINT('Origin',(3.05866235521319,-261.23023325478,35.861265395317));
#2443=CARTESIAN_POINT('',(3.05866235521319,-285.973450091506,30.843515395317));
#2444=CARTESIAN_POINT('',(3.05866514063291,-285.897064658373,30.8430745713761));
#2445=CARTESIAN_POINT('',(3.05866235521319,-261.23023325478,30.843515395317));
#2446=CARTESIAN_POINT('',(5.37550481775604,-285.973450091503,31.4104164800807));
#2447=CARTESIAN_POINT('Origin',(3.05866235521319,-285.973450091506,35.861265395317));
#2448=CARTESIAN_POINT('Ctrl Pts',(5.37573242824198,-285.973450091503,31.4100545418764));
#2449=CARTESIAN_POINT('Ctrl Pts',(4.66695193683605,-285.948103984813,31.0414572595324));
#2450=CARTESIAN_POINT('Ctrl Pts',(3.86849022503668,-285.922757878124,30.8448262285899));
#2451=CARTESIAN_POINT('Ctrl Pts',(3.06960582153414,-285.897411771435,30.8430862188238));
#2452=CARTESIAN_POINT('Ctrl Pts',(3.0659589338757,-285.897296067081,30.843078275722));
#2453=CARTESIAN_POINT('Ctrl Pts',(3.06231203740878,-285.897180362727,30.8430743939543));
#2454=CARTESIAN_POINT('Ctrl Pts',(3.05866514063291,-285.897064658373,30.8430745713761));
#2455=CARTESIAN_POINT('Origin',(3.05866235521409,-273.076144511244,35.8612653953173));
#2456=CARTESIAN_POINT('',(3.05874961425823,-285.492818200518,30.2872879865788));
#2457=CARTESIAN_POINT('',(3.05866544919261,-285.576144511244,30.2871757383356));
#2458=CARTESIAN_POINT('',(3.05866235521439,-273.076144511244,30.2876653953173));
#2459=CARTESIAN_POINT('',(6.41060673531278,-285.973450091503,40.3142964790539));
#2460=CARTESIAN_POINT('Ctrl Pts',(3.05866544919261,-285.576144511244,30.2871757383356));
#2461=CARTESIAN_POINT('Ctrl Pts',(3.06271633731375,-285.576260215598,30.2871755412596));
#2462=CARTESIAN_POINT('Ctrl Pts',(3.99328620800349,-285.602839817765,30.2881660426649));
#2463=CARTESIAN_POINT('Ctrl Pts',(5.84934465500248,-285.655883317745,30.7652336651577));
#2464=CARTESIAN_POINT('Ctrl Pts',(7.94718426941997,-285.735275011184,32.7213426841211));
#2465=CARTESIAN_POINT('Ctrl Pts',(8.8536781184492,-285.814666704624,35.4425086711683));
#2466=CARTESIAN_POINT('Ctrl Pts',(8.34761910636969,-285.894058398063,38.2660689153829));
#2467=CARTESIAN_POINT('Ctrl Pts',(7.15104594046366,-285.946986193689,39.7569432996489));
#2468=CARTESIAN_POINT('Ctrl Pts',(6.41060673531278,-285.973450091503,40.3142964790539));
#2469=CARTESIAN_POINT('',(3.73525991189752,-285.973450091503,41.3936457786866));
#2470=CARTESIAN_POINT('Origin',(3.05866235521413,-285.973450091506,35.8612653953173));
#2471=CARTESIAN_POINT('Ctrl Pts',(3.05874961425823,-285.492818200518,30.2872879865788));
#2472=CARTESIAN_POINT('Ctrl Pts',(3.14785820095635,-285.495363235091,30.2872212011692));
#2473=CARTESIAN_POINT('Ctrl Pts',(4.16350410541563,-285.524372167477,30.3110741263634));
#2474=CARTESIAN_POINT('Ctrl Pts',(6.07968580190731,-285.579844997677,30.8983409665704));
#2475=CARTESIAN_POINT('Ctrl Pts',(8.08581589032175,-285.659236691116,32.9483765282562));
#2476=CARTESIAN_POINT('Ctrl Pts',(8.86674330963962,-285.738628384556,35.7083280580652));
#2477=CARTESIAN_POINT('Ctrl Pts',(8.23214542005286,-285.818020077995,38.5055618205073));
#2478=CARTESIAN_POINT('Ctrl Pts',(6.36336636042638,-285.896293980311,40.6280074748794));
#2479=CARTESIAN_POINT('Ctrl Pts',(4.616068601165,-285.948103984813,41.286053410149));
#2480=CARTESIAN_POINT('Ctrl Pts',(3.73527902756812,-285.973450091503,41.3941203130705));
#2481=CARTESIAN_POINT('Origin',(3.05866235521409,-273.076144511244,35.8612653953173));
#2482=CARTESIAN_POINT('',(3.05852985793194,-284.492818200518,30.2878667276445));
#2483=CARTESIAN_POINT('',(3.0585806681939,-284.576144511244,30.2880538924876));
#2484=CARTESIAN_POINT('',(3.05866235521439,-273.076144511244,30.2876653953173));
#2485=CARTESIAN_POINT('Ctrl Pts',(3.0585806681939,-284.576144511244,30.2880538924876));
#2486=CARTESIAN_POINT('Ctrl Pts',(3.61488193264427,-284.592026775173,30.2883424520512));
#2487=CARTESIAN_POINT('Ctrl Pts',(5.09834673248714,-284.634372936916,30.5090242357222));
#2488=CARTESIAN_POINT('Ctrl Pts',(7.21930171822179,-284.703182996471,31.805864314517));
#2489=CARTESIAN_POINT('Ctrl Pts',(8.65240004439913,-284.782574689911,34.2905023808807));
#2490=CARTESIAN_POINT('Ctrl Pts',(8.72221038188069,-284.86196638335,37.1579618068075));
#2491=CARTESIAN_POINT('Ctrl Pts',(7.4117187532331,-284.94135807679,39.7093945356187));
#2492=CARTESIAN_POINT('Ctrl Pts',(5.04031406991066,-285.020749770229,41.322973363851));
#2493=CARTESIAN_POINT('Ctrl Pts',(2.18594744453079,-285.100141463669,41.6054422330156));
#2494=CARTESIAN_POINT('Ctrl Pts',(-0.455723709292288,-285.179533157108,
40.4879581802486));
#2495=CARTESIAN_POINT('Ctrl Pts',(-2.24088020000871,-285.258924850547,38.242872054717));
#2496=CARTESIAN_POINT('Ctrl Pts',(-2.73444823465345,-285.338316543987,35.4173465573388));
#2497=CARTESIAN_POINT('Ctrl Pts',(-1.81613941099317,-285.417708237426,32.7000153312487));
#2498=CARTESIAN_POINT('Ctrl Pts',(0.287174370386026,-285.496984226512,30.7559630392368));
#2499=CARTESIAN_POINT('Ctrl Pts',(2.1361972759087,-285.549796317785,30.2872206164764));
#2500=CARTESIAN_POINT('Ctrl Pts',(3.05866544919261,-285.576144511244,30.2871757383356));
#2501=CARTESIAN_POINT('Ctrl Pts',(3.05852985793194,-284.492818200518,30.2878667276445));
#2502=CARTESIAN_POINT('Ctrl Pts',(3.69986050836202,-284.511129794667,30.2884320214578));
#2503=CARTESIAN_POINT('Ctrl Pts',(5.26850598723601,-284.555905286628,30.5588384857865));
#2504=CARTESIAN_POINT('Ctrl Pts',(7.40057948439022,-284.627144676403,32.0005720076165));
#2505=CARTESIAN_POINT('Ctrl Pts',(8.71843927107657,-284.706536369843,34.5482067321742));
#2506=CARTESIAN_POINT('Ctrl Pts',(8.65691619082552,-284.785928063282,37.415855946328));
#2507=CARTESIAN_POINT('Ctrl Pts',(7.23100445372559,-284.865319756722,39.904625286198));
#2508=CARTESIAN_POINT('Ctrl Pts',(4.78822274226316,-284.944711450161,41.4079597845318));
#2509=CARTESIAN_POINT('Ctrl Pts',(1.92391806331474,-285.0241031436,41.5594715343829));
#2510=CARTESIAN_POINT('Ctrl Pts',(-0.663830339891119,-285.10349483704,40.3222345606371));
#2511=CARTESIAN_POINT('Ctrl Pts',(-2.34434463444414,-285.182886530479,37.997784358432));
#2512=CARTESIAN_POINT('Ctrl Pts',(-2.70805522117062,-285.262278223919,35.1526284959705));
#2513=CARTESIAN_POINT('Ctrl Pts',(-1.66631968626522,-285.341669917358,32.480179455019));
#2514=CARTESIAN_POINT('Ctrl Pts',(0.456663731511497,-285.418516576225,30.6910120368771));
#2515=CARTESIAN_POINT('Ctrl Pts',(2.2212851171767,-285.468899337278,30.2879156523462));
#2516=CARTESIAN_POINT('Ctrl Pts',(3.05874961425823,-285.492818200518,30.2872879865788));
#2517=CARTESIAN_POINT('Origin',(3.05866235521409,-273.076144511244,35.8612653953173));
#2518=CARTESIAN_POINT('',(3.0588010977736,-283.492818200518,30.287813908343));
#2519=CARTESIAN_POINT('',(3.05880156372749,-283.576144511244,30.2875506423525));
#2520=CARTESIAN_POINT('',(3.05866235521439,-273.076144511244,30.2876653953173));
#2521=CARTESIAN_POINT('Ctrl Pts',(3.05880156372749,-283.576144511244,30.2875506423525));
#2522=CARTESIAN_POINT('Ctrl Pts',(3.24036465241009,-283.581329436936,30.2873640006951));
#2523=CARTESIAN_POINT('Ctrl Pts',(4.34851837217591,-283.61297826044,30.3404507298777));
#2524=CARTESIAN_POINT('Ctrl Pts',(6.32280346601885,-283.671090981758,31.0547510009914));
#2525=CARTESIAN_POINT('Ctrl Pts',(8.22448088178164,-283.750482675198,33.2020330315173));
#2526=CARTESIAN_POINT('Ctrl Pts',(8.86716140158784,-283.829874368637,35.9974147338446));
#2527=CARTESIAN_POINT('Ctrl Pts',(8.09421296889869,-283.909266062077,38.7596145514969));
#2528=CARTESIAN_POINT('Ctrl Pts',(6.09401612253367,-283.988657755516,40.815437911625));
#2529=CARTESIAN_POINT('Ctrl Pts',(3.35405248964417,-284.068049448956,41.6638460696851));
#2530=CARTESIAN_POINT('Ctrl Pts',(0.542097310697116,-284.147441142395,41.0980676821069));
#2531=CARTESIAN_POINT('Ctrl Pts',(-1.65652862269012,-284.226832835835,39.2559924617849));
#2532=CARTESIAN_POINT('Ctrl Pts',(-2.70598317610736,-284.306224529274,36.5865651351265));
#2533=CARTESIAN_POINT('Ctrl Pts',(-2.35049661646205,-284.385616222714,33.740370057682));
#2534=CARTESIAN_POINT('Ctrl Pts',(-0.67670700005182,-284.465007916153,31.4110728609595));
#2535=CARTESIAN_POINT('Ctrl Pts',(1.39049481972249,-284.528517345663,30.415366083583));
#2536=CARTESIAN_POINT('Ctrl Pts',(2.68794230481478,-284.56556287736,30.2878616383059));
#2537=CARTESIAN_POINT('Ctrl Pts',(3.0585806681939,-284.576144511244,30.2880538924876));
#2538=CARTESIAN_POINT('Ctrl Pts',(3.0588010977736,-283.492818200518,30.287813908343));
#2539=CARTESIAN_POINT('Ctrl Pts',(3.32546946316129,-283.500432456429,30.2875641253431));
#2540=CARTESIAN_POINT('Ctrl Pts',(4.51880680308513,-283.534510610153,30.3716750428406));
#2541=CARTESIAN_POINT('Ctrl Pts',(6.53940380599559,-283.59505266169,31.2092081361));
#2542=CARTESIAN_POINT('Ctrl Pts',(8.34079422654669,-283.67444435513,33.441290047493));
#2543=CARTESIAN_POINT('Ctrl Pts',(8.85484023191214,-283.753836048569,36.2631606701101));
#2544=CARTESIAN_POINT('Ctrl Pts',(7.95626016114984,-283.833227742009,38.9870826518948));
#2545=CARTESIAN_POINT('Ctrl Pts',(5.8640530971814,-283.912619435448,40.949190372664));
#2546=CARTESIAN_POINT('Ctrl Pts',(3.08812510536453,-283.992011128887,41.6712851660734));
#2547=CARTESIAN_POINT('Ctrl Pts',(0.305016545590305,-284.071402822327,40.9773803808671));
#2548=CARTESIAN_POINT('Ctrl Pts',(-1.80698219701769,-284.150794515766,39.0365922889708));
#2549=CARTESIAN_POINT('Ctrl Pts',(-2.73314149199831,-284.230186209206,36.3219236044468));
#2550=CARTESIAN_POINT('Ctrl Pts',(-2.24774073543576,-284.309577902645,33.4949847632328));
#2551=CARTESIAN_POINT('Ctrl Pts',(-0.469080259146252,-284.388969596085,
31.2447483275476));
#2552=CARTESIAN_POINT('Ctrl Pts',(1.56079972891107,-284.450049695376,30.3791408031033));
#2553=CARTESIAN_POINT('Ctrl Pts',(2.7730100845407,-284.484665896853,30.2876150593961));
#2554=CARTESIAN_POINT('Ctrl Pts',(3.05852985793194,-284.492818200518,30.2878667276445));
#2555=CARTESIAN_POINT('Origin',(3.05866235521409,-273.076144511244,35.8612653953173));
#2556=CARTESIAN_POINT('',(3.05856048560887,-282.492818200518,30.2873340082368));
#2557=CARTESIAN_POINT('',(3.05852044594378,-282.576144511244,30.2875869768154));
#2558=CARTESIAN_POINT('',(3.05866235521439,-273.076144511244,30.2876653953173));
#2559=CARTESIAN_POINT('Ctrl Pts',(3.05852044594378,-282.576144511244,30.2875869768153));
#2560=CARTESIAN_POINT('Ctrl Pts',(3.79220267333784,-282.597095996511,30.2883447428275));
#2561=CARTESIAN_POINT('Ctrl Pts',(5.45326238156087,-282.644511379591,30.6180305564909));
#2562=CARTESIAN_POINT('Ctrl Pts',(7.58723683287403,-282.718390660485,32.221318827798));
#2563=CARTESIAN_POINT('Ctrl Pts',(8.77674538946721,-282.797782353924,34.8313507253107));
#2564=CARTESIAN_POINT('Ctrl Pts',(8.57266089707492,-282.877174047364,37.6923901574415));
#2565=CARTESIAN_POINT('Ctrl Pts',(7.02472218045712,-282.956565740803,40.1071536741938));
#2566=CARTESIAN_POINT('Ctrl Pts',(4.51018795076085,-283.035957434243,41.487122775271));
#2567=CARTESIAN_POINT('Ctrl Pts',(1.64189250978783,-283.115349127682,41.4959757711217));
#2568=CARTESIAN_POINT('Ctrl Pts',(-0.881112281019563,-283.194740821122,
40.1315550376948));
#2569=CARTESIAN_POINT('Ctrl Pts',(-2.44392770158956,-283.274132514561,37.7263928657258));
#2570=CARTESIAN_POINT('Ctrl Pts',(-2.66566933770381,-283.353524208001,34.8666677462335));
#2571=CARTESIAN_POINT('Ctrl Pts',(-1.49229502157487,-283.43291590144,32.2493428091095));
#2572=CARTESIAN_POINT('Ctrl Pts',(0.641157045281039,-283.507122669188,30.6257469837658));
#2573=CARTESIAN_POINT('Ctrl Pts',(2.31366534922777,-283.554865539122,30.2883166210491));
#2574=CARTESIAN_POINT('Ctrl Pts',(3.05880156372749,-283.576144511244,30.2875506423525));
#2575=CARTESIAN_POINT('Ctrl Pts',(3.05856048560887,-282.492818200518,30.2873340082369));
#2576=CARTESIAN_POINT('Ctrl Pts',(3.87720607707515,-282.516199016004,30.2880247519243));
#2577=CARTESIAN_POINT('Ctrl Pts',(5.62308204662471,-282.566043729304,30.6772647069954));
#2578=CARTESIAN_POINT('Ctrl Pts',(7.74911114746395,-282.642352340417,32.4324335362862));
#2579=CARTESIAN_POINT('Ctrl Pts',(8.81789650537088,-282.721744033856,35.0941801367621));
#2580=CARTESIAN_POINT('Ctrl Pts',(8.48305959493021,-282.801135727296,37.9428783218684));
#2581=CARTESIAN_POINT('Ctrl Pts',(6.82620580524503,-282.880527420735,40.2842524111645));
#2582=CARTESIAN_POINT('Ctrl Pts',(4.25113828339435,-282.959919114175,41.5476701426893));
#2583=CARTESIAN_POINT('Ctrl Pts',(1.38544431302244,-283.039310807614,41.4252153567663));
#2584=CARTESIAN_POINT('Ctrl Pts',(-1.07245826658664,-283.118702501053,39.9467323451722));
#2585=CARTESIAN_POINT('Ctrl Pts',(-2.5235372396522,-283.198094194493,37.472552295065));
#2586=CARTESIAN_POINT('Ctrl Pts',(-2.61414024431109,-283.277485887932,34.6056745156736));
#2587=CARTESIAN_POINT('Ctrl Pts',(-1.32218580382478,-283.356877581372,32.0448053604591));
#2588=CARTESIAN_POINT('Ctrl Pts',(0.811147878202482,-283.4286550189,30.5704712575284));
#2589=CARTESIAN_POINT('Ctrl Pts',(2.39864424817009,-283.473968558616,30.2884322642477));
#2590=CARTESIAN_POINT('Ctrl Pts',(3.0588010977736,-283.492818200518,30.287813908343));
#2591=CARTESIAN_POINT('Origin',(3.05866235521409,-273.076144511244,35.8612653953173));
#2592=CARTESIAN_POINT('',(3.05868023403841,-281.492818200518,30.2881264469327));
#2593=CARTESIAN_POINT('',(3.05875270797138,-281.576144511244,30.2880345140546));
#2594=CARTESIAN_POINT('',(3.05866235521439,-273.076144511244,30.2876653953173));
#2595=CARTESIAN_POINT('Ctrl Pts',(3.05875270797138,-281.576144511244,30.2880345140546));
#2596=CARTESIAN_POINT('Ctrl Pts',(3.41791675412476,-281.586398658273,30.2878275247616));
#2597=CARTESIAN_POINT('Ctrl Pts',(4.70387191680407,-281.623116703116,30.4102408120177));
#2598=CARTESIAN_POINT('Ctrl Pts',(6.76648975825425,-281.686298645772,31.3880994288711));
#2599=CARTESIAN_POINT('Ctrl Pts',(8.45462610223511,-281.765690339212,33.7070200390631));
#2600=CARTESIAN_POINT('Ctrl Pts',(8.82767528756853,-281.845082032651,36.5509664903107));
#2601=CARTESIAN_POINT('Ctrl Pts',(7.79471895079315,-281.92447372609,39.2268211796685));
#2602=CARTESIAN_POINT('Ctrl Pts',(5.6075059318983,-282.00386541953,41.0824332949067));
#2603=CARTESIAN_POINT('Ctrl Pts',(2.79909684604527,-282.083257112969,41.6655589406643));
#2604=CARTESIAN_POINT('Ctrl Pts',(0.0539482422746358,-282.162648806409,
40.8340805852886));
#2605=CARTESIAN_POINT('Ctrl Pts',(-1.95890097428923,-282.242040499848,38.7906434945955));
#2606=CARTESIAN_POINT('Ctrl Pts',(-2.74888558099111,-282.321432193288,36.0332676708427));
#2607=CARTESIAN_POINT('Ctrl Pts',(-2.12347303674857,-282.400823886727,33.2339719984018));
#2608=CARTESIAN_POINT('Ctrl Pts',(-0.235086901902314,-282.480215580167,
31.0749919341209));
#2609=CARTESIAN_POINT('Ctrl Pts',(1.7458520142199,-282.538655788339,30.3444241731079));
#2610=CARTESIAN_POINT('Ctrl Pts',(2.86548596349798,-282.570632098698,30.2873876058009));
#2611=CARTESIAN_POINT('Ctrl Pts',(3.05852044594378,-282.576144511244,30.2875869768153));
#2612=CARTESIAN_POINT('Ctrl Pts',(3.05868023403841,-281.492818200518,30.2881264469326));
#2613=CARTESIAN_POINT('Ctrl Pts',(3.50295551504139,-281.505501677767,30.2880768153182));
#2614=CARTESIAN_POINT('Ctrl Pts',(4.87416936758167,-281.544649052829,30.4500763259245));
#2615=CARTESIAN_POINT('Ctrl Pts',(6.96736571000062,-281.610260325704,31.5625172200335));
#2616=CARTESIAN_POINT('Ctrl Pts',(8.54758201335969,-281.689652019143,33.9562827768539));
#2617=CARTESIAN_POINT('Ctrl Pts',(8.79005623843666,-281.769043712583,36.8143246513888));
#2618=CARTESIAN_POINT('Ctrl Pts',(7.63569333666347,-281.848435406022,39.4400899488652));
#2619=CARTESIAN_POINT('Ctrl Pts',(5.365830970729,-281.927827099462,41.1936354846685));
#2620=CARTESIAN_POINT('Ctrl Pts',(2.53367279234155,-282.007218792901,41.6475927062373));
#2621=CARTESIAN_POINT('Ctrl Pts',(-0.170536596000955,-282.086610486341,
40.6913246003059));
#2622=CARTESIAN_POINT('Ctrl Pts',(-2.08773586482492,-282.16600217978,38.5578897946364));
#2623=CARTESIAN_POINT('Ctrl Pts',(-2.75067129316334,-282.24539387322,35.7672422489447));
#2624=CARTESIAN_POINT('Ctrl Pts',(-1.99777436245423,-282.324785566659,32.9995097260751));
#2625=CARTESIAN_POINT('Ctrl Pts',(-0.0125387230964041,-282.404177260098,
30.9292352122376));
#2626=CARTESIAN_POINT('Ctrl Pts',(1.91611547107682,-282.460188138051,30.3166803477151));
#2627=CARTESIAN_POINT('Ctrl Pts',(2.95061079684072,-282.489735118191,30.2872429241745));
#2628=CARTESIAN_POINT('Ctrl Pts',(3.05856048560887,-282.492818200518,30.2873340082369));
#2629=CARTESIAN_POINT('Origin',(3.05866235521409,-273.076144511244,35.8612653953173));
#2630=CARTESIAN_POINT('',(3.05873261179712,-280.492818200518,30.287246521248));
#2631=CARTESIAN_POINT('',(3.05864590038389,-280.576144511244,30.2871779535602));
#2632=CARTESIAN_POINT('',(3.05866235521439,-273.076144511244,30.2876653953173));
#2633=CARTESIAN_POINT('Ctrl Pts',(3.05864590038389,-280.576144511244,30.2871779535602));
#2634=CARTESIAN_POINT('Ctrl Pts',(3.96964943732674,-280.602165217849,30.287331940856));
#2635=CARTESIAN_POINT('Ctrl Pts',(5.8073226635029,-280.654649822267,30.7469332087324));
#2636=CARTESIAN_POINT('Ctrl Pts',(7.91385618242612,-280.733598324499,32.6699818425269));
#2637=CARTESIAN_POINT('Ctrl Pts',(8.84892266513512,-280.812990017938,35.381595344698));
#2638=CARTESIAN_POINT('Ctrl Pts',(8.37280528231,-280.892381711378,38.2101125092232));
#2639=CARTESIAN_POINT('Ctrl Pts',(6.60154185138566,-280.971773404817,40.4661761099473));
#2640=CARTESIAN_POINT('Ctrl Pts',(3.96681907408916,-281.051165098257,41.5999454864244));
#2641=CARTESIAN_POINT('Ctrl Pts',(1.11076322358748,-281.130556791696,41.3351019645908));
#2642=CARTESIAN_POINT('Ctrl Pts',(-1.27055683282053,-281.209948485135,39.736192367024));
#2643=CARTESIAN_POINT('Ctrl Pts',(-2.59677332885016,-281.289340178575,37.192897866204));
#2644=CARTESIAN_POINT('Ctrl Pts',(-2.54466498925141,-281.368731872014,34.3250621259312));
#2645=CARTESIAN_POINT('Ctrl Pts',(-1.1269314931692,-281.448123565454,31.8316249708522));
#2646=CARTESIAN_POINT('Ctrl Pts',(0.996033704661971,-281.517261111864,30.5154828366153));
#2647=CARTESIAN_POINT('Ctrl Pts',(2.490986353366,-281.55993476046,30.2883617226313));
#2648=CARTESIAN_POINT('Ctrl Pts',(3.05875270797138,-281.576144511244,30.2880345140546));
#2649=CARTESIAN_POINT('Ctrl Pts',(3.05873261179712,-280.492818200518,30.287246521248));
#2650=CARTESIAN_POINT('Ctrl Pts',(3.12827124564114,-280.494804339529,30.2872027785894));
#2651=CARTESIAN_POINT('Ctrl Pts',(4.12434000745182,-280.523254376354,30.3054559691471));
#2652=CARTESIAN_POINT('Ctrl Pts',(6.02723513484037,-280.578168310991,30.8667911044347));
#2653=CARTESIAN_POINT('Ctrl Pts',(8.05485020876375,-280.65756000443,32.8955774949698));
#2654=CARTESIAN_POINT('Ctrl Pts',(8.86481023598284,-280.73695169787,35.6471519280405));
#2655=CARTESIAN_POINT('Ctrl Pts',(8.25971432932497,-280.816343391309,38.4509094158));
#2656=CARTESIAN_POINT('Ctrl Pts',(6.38703454269992,-280.895735084749,40.6235270819317));
#2657=CARTESIAN_POINT('Ctrl Pts',(3.70317445016967,-280.975126778188,41.6355014443267));
#2658=CARTESIAN_POINT('Ctrl Pts',(0.862235915417322,-281.054518471628,41.240197323199));
#2659=CARTESIAN_POINT('Ctrl Pts',(-1.44339653847317,-281.133910165067,39.5339569843287));
#2660=CARTESIAN_POINT('Ctrl Pts',(-2.65180148748444,-281.213301858507,36.9326199078185));
#2661=CARTESIAN_POINT('Ctrl Pts',(-2.46847031269402,-281.292693551946,34.0701757097998));
#2662=CARTESIAN_POINT('Ctrl Pts',(-0.938083906163084,-281.372085245385,
31.6442502053527));
#2663=CARTESIAN_POINT('Ctrl Pts',(1.16626857634125,-281.438793461576,30.4694511099281));
#2664=CARTESIAN_POINT('Ctrl Pts',(2.57598135750164,-281.479037779954,30.2881803709873));
#2665=CARTESIAN_POINT('Ctrl Pts',(3.05868023403841,-281.492818200518,30.2881264469326));
#2666=CARTESIAN_POINT('Origin',(3.05866235521409,-273.076144511244,35.8612653953173));
#2667=CARTESIAN_POINT('',(3.05853846757925,-279.492818200518,30.2879178862201));
#2668=CARTESIAN_POINT('',(3.05859644078322,-279.576144511244,30.2880821406607));
#2669=CARTESIAN_POINT('',(3.05866235521439,-273.076144511244,30.2876653953173));
#2670=CARTESIAN_POINT('Ctrl Pts',(3.05859644078322,-279.576144511244,30.2880821406607));
#2671=CARTESIAN_POINT('Ctrl Pts',(3.59532929590293,-279.591467879611,30.2883053620852));
#2672=CARTESIAN_POINT('Ctrl Pts',(5.05918611750286,-279.633255145792,30.4981849504267));
#2673=CARTESIAN_POINT('Ctrl Pts',(7.17634824669006,-279.701506309786,31.7622581114438));
#2674=CARTESIAN_POINT('Ctrl Pts',(8.63554206169498,-279.780898003225,34.2316609790403));
#2675=CARTESIAN_POINT('Ctrl Pts',(8.7355564546062,-279.860289696665,37.0982258629131));
#2676=CARTESIAN_POINT('Ctrl Pts',(7.45201623501033,-279.939681390104,39.6633226675039));
#2677=CARTESIAN_POINT('Ctrl Pts',(5.09774175151143,-280.019073083544,41.3017941407338));
#2678=CARTESIAN_POINT('Ctrl Pts',(2.24650930920238,-280.098464776983,41.6143172153482));
#2679=CARTESIAN_POINT('Ctrl Pts',(-0.406787770354076,-280.177856470423,
40.5247247594918));
#2680=CARTESIAN_POINT('Ctrl Pts',(-2.21549634399556,-280.257248163862,38.2985687883438));
#2681=CARTESIAN_POINT('Ctrl Pts',(-2.73880369865581,-280.336639857301,35.478400969791));
#2682=CARTESIAN_POINT('Ctrl Pts',(-1.84917102673638,-280.416031550741,32.7515436538877));
#2683=CARTESIAN_POINT('Ctrl Pts',(0.236583220489703,-280.49542324418,30.7825778511322));
#2684=CARTESIAN_POINT('Ctrl Pts',(2.10109434778274,-280.548794231015,30.2910265605305));
#2685=CARTESIAN_POINT('Ctrl Pts',(3.04312945941163,-280.575701320036,30.2871753308099));
#2686=CARTESIAN_POINT('Ctrl Pts',(3.05864590038389,-280.576144511244,30.2871779535602));
#2687=CARTESIAN_POINT('Ctrl Pts',(3.05853846757925,-279.492818200518,30.2879178862202));
#2688=CARTESIAN_POINT('Ctrl Pts',(3.68031117502081,-279.510570899105,30.28842344181));
#2689=CARTESIAN_POINT('Ctrl Pts',(5.22936869923084,-279.554787495505,30.5469866189833));
#2690=CARTESIAN_POINT('Ctrl Pts',(7.35966714877256,-279.625467989718,31.9550452842621));
#2691=CARTESIAN_POINT('Ctrl Pts',(8.70429246995092,-279.704859683157,34.488655327672));
#2692=CARTESIAN_POINT('Ctrl Pts',(8.67298273773636,-279.784251376596,37.3567935403615));
#2693=CARTESIAN_POINT('Ctrl Pts',(7.27336866069298,-279.863643070036,39.8604463800667));
#2694=CARTESIAN_POINT('Ctrl Pts',(4.84655973956531,-279.943034763475,41.3894315228187));
#2695=CARTESIAN_POINT('Ctrl Pts',(1.98401014237441,-280.022426456915,41.5711095623382));
#2696=CARTESIAN_POINT('Ctrl Pts',(-0.616628628247686,-280.101818150354,
40.3612025034454));
#2697=CARTESIAN_POINT('Ctrl Pts',(-2.32153714506447,-280.181209843794,38.0545850545157));
#2698=CARTESIAN_POINT('Ctrl Pts',(-2.71520051541712,-280.260601537233,35.2134186994312));
#2699=CARTESIAN_POINT('Ctrl Pts',(-1.70167635209696,-280.339993230673,32.5301434849243));
#2700=CARTESIAN_POINT('Ctrl Pts',(0.417643111241376,-280.417398785101,30.7055360928245));
#2701=CARTESIAN_POINT('Ctrl Pts',(2.20171812434092,-280.468340441716,30.2877856185834));
#2702=CARTESIAN_POINT('Ctrl Pts',(3.05873261179712,-280.492818200518,30.287246521248));
#2703=CARTESIAN_POINT('Origin',(3.05866235521409,-273.076144511244,35.8612653953173));
#2704=CARTESIAN_POINT('',(3.05880532602198,-278.492818200518,30.2877560283414));
#2705=CARTESIAN_POINT('',(3.05879495541036,-278.576144511244,30.2874894196927));
#2706=CARTESIAN_POINT('',(3.05866235521439,-273.076144511244,30.2876653953173));
#2707=CARTESIAN_POINT('Ctrl Pts',(3.05879495541036,-278.576144511244,30.2874894196927));
#2708=CARTESIAN_POINT('Ctrl Pts',(3.22078179262872,-278.580770541374,30.2873265132392));
#2709=CARTESIAN_POINT('Ctrl Pts',(4.30934534206301,-278.611860469317,30.3338381239287));
#2710=CARTESIAN_POINT('Ctrl Pts',(6.2719869614627,-278.669414295073,31.020630851274));
#2711=CARTESIAN_POINT('Ctrl Pts',(8.19617990374561,-278.748805988512,33.1477600511842));
#2712=CARTESIAN_POINT('Ctrl Pts',(8.86827337461719,-278.828197681952,35.9362161614097));
#2713=CARTESIAN_POINT('Ctrl Pts',(8.12446688645522,-278.907589375391,38.7064055088028));
#2714=CARTESIAN_POINT('Ctrl Pts',(6.14603859585226,-278.986981068831,40.7831863376781));
#2715=CARTESIAN_POINT('Ctrl Pts',(3.4151647666339,-279.06637276227,41.6604122157349));
#2716=CARTESIAN_POINT('Ctrl Pts',(0.597405301176065,-279.14576445571,41.1242884361233));
#2717=CARTESIAN_POINT('Ctrl Pts',(-1.62050440663971,-279.225156149149,39.3054773848542));
#2718=CARTESIAN_POINT('Ctrl Pts',(-2.69802244205385,-279.304547842588,36.6472539187778));
#2719=CARTESIAN_POINT('Ctrl Pts',(-2.37253952931527,-279.383939536028,33.7974718243436));
#2720=CARTESIAN_POINT('Ctrl Pts',(-0.723381330894966,-279.463331229467,
31.4506709489336));
#2721=CARTESIAN_POINT('Ctrl Pts',(1.35131473173078,-279.527399554539,30.4242884191617));
#2722=CARTESIAN_POINT('Ctrl Pts',(2.66837622068857,-279.565003981798,30.287919852266));
#2723=CARTESIAN_POINT('Ctrl Pts',(3.05859644078322,-279.576144511244,30.2880821406607));
#2724=CARTESIAN_POINT('Ctrl Pts',(3.05880532602198,-278.492818200518,30.2877560283414));
#2725=CARTESIAN_POINT('Ctrl Pts',(3.30589254217325,-278.499873560867,30.2875134079618));
#2726=CARTESIAN_POINT('Ctrl Pts',(4.47962799077877,-278.533392819029,30.3641322044942));
#2727=CARTESIAN_POINT('Ctrl Pts',(6.4902024473699,-278.593375975005,31.1727975873706));
#2728=CARTESIAN_POINT('Ctrl Pts',(8.31500730410768,-278.672767668444,33.3857784596891));
#2729=CARTESIAN_POINT('Ctrl Pts',(8.85875245255376,-278.752159361884,36.2020771512279));
#2730=CARTESIAN_POINT('Ctrl Pts',(7.98891805087395,-278.831551055323,38.9353142832886));
#2731=CARTESIAN_POINT('Ctrl Pts',(5.91749737875449,-278.910942748763,40.9193539768274));
#2732=CARTESIAN_POINT('Ctrl Pts',(3.14933050810372,-278.990334442202,41.6706523747047));
#2733=CARTESIAN_POINT('Ctrl Pts',(0.359066282994399,-279.069726135641,41.0061054158699));
#2734=CARTESIAN_POINT('Ctrl Pts',(-1.77326095540495,-279.149117829081,39.087674375983));
#2735=CARTESIAN_POINT('Ctrl Pts',(-2.72796718015821,-279.22850952252,36.382913179345));
#2736=CARTESIAN_POINT('Ctrl Pts',(-2.27237442022698,-279.30790121596,33.5510176403959));
#2737=CARTESIAN_POINT('Ctrl Pts',(-0.517518297095728,-279.387292909399,
31.2821683519834));
#2738=CARTESIAN_POINT('Ctrl Pts',(1.52161945178837,-279.448931904252,30.3871088883348));
#2739=CARTESIAN_POINT('Ctrl Pts',(2.75343635019288,-279.484107001292,30.2876698115153));
#2740=CARTESIAN_POINT('Ctrl Pts',(3.05853846757925,-279.492818200518,30.2879178862202));
#2741=CARTESIAN_POINT('Origin',(3.05866235521409,-273.076144511244,35.8612653953173));
#2742=CARTESIAN_POINT('',(3.05854733310671,-277.492818200518,30.287387040178));
#2743=CARTESIAN_POINT('',(3.05851784980174,-277.576144511244,30.2876490653086));
#2744=CARTESIAN_POINT('',(3.05866235521439,-273.076144511244,30.2876653953173));
#2745=CARTESIAN_POINT('Ctrl Pts',(3.05851784980174,-277.576144511244,30.2876490653086));
#2746=CARTESIAN_POINT('Ctrl Pts',(3.7726514924117,-277.596537100949,30.2883831222608));
#2747=CARTESIAN_POINT('Ctrl Pts',(5.41416375444589,-277.643393588468,30.6050531383256));
#2748=CARTESIAN_POINT('Ctrl Pts',(7.54863964925529,-277.716713973799,32.1738134684305));
#2749=CARTESIAN_POINT('Ctrl Pts',(8.76557820070509,-277.796105667239,34.7711693690013));
#2750=CARTESIAN_POINT('Ctrl Pts',(8.59164533497291,-277.875497360678,37.6342000133471));
#2751=CARTESIAN_POINT('Ctrl Pts',(7.06923141806333,-277.954889054118,40.0651366595478));
#2752=CARTESIAN_POINT('Ctrl Pts',(4.56937433795006,-278.034280747557,41.4715191435292));
#2753=CARTESIAN_POINT('Ctrl Pts',(1.70133132812067,-278.113672440997,41.510588389889));
#2754=CARTESIAN_POINT('Ctrl Pts',(-0.835907271699461,-278.193064134436,
40.1728225659031));
#2755=CARTESIAN_POINT('Ctrl Pts',(-2.42397372268152,-278.272455827876,37.7842577123755));
#2756=CARTESIAN_POINT('Ctrl Pts',(-2.67582950961709,-278.351847521315,34.9270272745512));
#2757=CARTESIAN_POINT('Ctrl Pts',(-1.53009313945724,-278.431239214755,32.2974863864236));
#2758=CARTESIAN_POINT('Ctrl Pts',(0.602074971555518,-278.506004878064,30.6391084300553));
#2759=CARTESIAN_POINT('Ctrl Pts',(2.29411184303152,-278.554306643561,30.2882584439913));
#2760=CARTESIAN_POINT('Ctrl Pts',(3.05879495541036,-278.576144511244,30.2874894196927));
#2761=CARTESIAN_POINT('Ctrl Pts',(3.05854733310671,-277.492818200518,30.287387040178));
#2762=CARTESIAN_POINT('Ctrl Pts',(3.85764599808406,-277.515640120443,30.2881224967218));
#2763=CARTESIAN_POINT('Ctrl Pts',(5.5840335645482,-277.56492593818,30.6632272495076));
#2764=CARTESIAN_POINT('Ctrl Pts',(7.71272901937118,-277.640675653731,32.38321115824));
#2765=CARTESIAN_POINT('Ctrl Pts',(8.8094958720998,-277.720067347171,35.0335506793078));
#2766=CARTESIAN_POINT('Ctrl Pts',(8.50468783223656,-277.79945904061,37.8856182039819));
#2767=CARTESIAN_POINT('Ctrl Pts',(6.87259174774093,-277.87885073405,40.2443168870297));
#2768=CARTESIAN_POINT('Ctrl Pts',(4.31097689641137,-277.958242427489,41.534792171507));
#2769=CARTESIAN_POINT('Ctrl Pts',(1.44415191970503,-278.037634120928,41.4425335167979));
#2770=CARTESIAN_POINT('Ctrl Pts',(-1.02918969780874,-278.117025814368,39.9900259094207));
#2771=CARTESIAN_POINT('Ctrl Pts',(-2.50625298703683,-278.196417507807,37.5312698934567));
#2772=CARTESIAN_POINT('Ctrl Pts',(-2.62705277104796,-278.275809201247,34.6655056814875));
#2773=CARTESIAN_POINT('Ctrl Pts',(-1.36214810987988,-278.355200894686,32.0911682318558));
#2774=CARTESIAN_POINT('Ctrl Pts',(0.772024824734264,-278.427537227777,30.5827875590361));
#2775=CARTESIAN_POINT('Ctrl Pts',(2.37909497044214,-278.473409663054,30.28842345091));
#2776=CARTESIAN_POINT('Ctrl Pts',(3.05880532602198,-278.492818200518,30.2877560283414));
#2777=CARTESIAN_POINT('Origin',(3.05866235521409,-273.076144511244,35.8612653953173));
#2778=CARTESIAN_POINT('',(3.05869738835711,-276.492818200518,30.2881158997252));
#2779=CARTESIAN_POINT('',(3.05876634239709,-276.576144511244,30.2879968699684));
#2780=CARTESIAN_POINT('',(3.05866235521439,-273.076144511244,30.2876653953173));
#2781=CARTESIAN_POINT('',(3.73525991189875,-275.973450091503,41.3936457786865));
#2782=CARTESIAN_POINT('Ctrl Pts',(3.73525991189874,-275.973450091503,41.3936457786865));
#2783=CARTESIAN_POINT('Ctrl Pts',(2.8153491238032,-275.999913989316,41.5061487789256));
#2784=CARTESIAN_POINT('Ctrl Pts',(0.91920106234513,-276.052841784942,41.2630103996504));
#2785=CARTESIAN_POINT('Ctrl Pts',(-1.40455067282626,-276.132233478382,39.5811167839723));
#2786=CARTESIAN_POINT('Ctrl Pts',(-2.64015777411958,-276.211625171821,36.9927291577777));
#2787=CARTESIAN_POINT('Ctrl Pts',(-2.48705174477494,-276.29101686526,34.1284924172534));
#2788=CARTESIAN_POINT('Ctrl Pts',(-0.982278477452597,-276.3704085587,31.6865921428833));
#2789=CARTESIAN_POINT('Ctrl Pts',(1.12709613757363,-276.437675670452,30.4796572596453));
#2790=CARTESIAN_POINT('Ctrl Pts',(2.55642371335639,-276.478478884392,30.2882283586739));
#2791=CARTESIAN_POINT('Ctrl Pts',(3.05869738835711,-276.492818200518,30.2881158997252));
#2792=CARTESIAN_POINT('',(6.41092226876436,-275.973450091503,40.3146514283441));
#2793=CARTESIAN_POINT('Origin',(3.0586623552141,-275.973450091503,35.8612653953173));
#2794=CARTESIAN_POINT('Ctrl Pts',(6.41092226876459,-275.973450091503,40.314651428344));
#2795=CARTESIAN_POINT('Ctrl Pts',(5.70173013259175,-275.998796198192,40.8480511304197));
#2796=CARTESIAN_POINT('Ctrl Pts',(3.98697013485359,-276.050606202695,41.5867473237613));
#2797=CARTESIAN_POINT('Ctrl Pts',(1.16853912769885,-276.12888010501,41.3553226222877));
#2798=CARTESIAN_POINT('Ctrl Pts',(-1.22949638222664,-276.20827179845,39.7815828403594));
#2799=CARTESIAN_POINT('Ctrl Pts',(-2.58243058516354,-276.287663491889,37.2524033033514));
#2800=CARTESIAN_POINT('Ctrl Pts',(-2.56053778828495,-276.367055185329,34.3841765956795));
#2801=CARTESIAN_POINT('Ctrl Pts',(-1.16915032398477,-276.446446878768,31.8759428881495));
#2802=CARTESIAN_POINT('Ctrl Pts',(0.956880347239591,-276.51614332074,30.5266890285353));
#2803=CARTESIAN_POINT('Ctrl Pts',(2.4714353374261,-276.559375864898,30.2883899232149));
#2804=CARTESIAN_POINT('Ctrl Pts',(3.05876634239709,-276.576144511244,30.2879968699684));
#2805=CARTESIAN_POINT('Origin',(3.05866235521362,-122.284481355882,35.861265395317));
#2806=CARTESIAN_POINT('',(7.55866235521411,-275.973481355882,35.861265395317));
#2807=CARTESIAN_POINT('Origin',(3.05866235521411,-275.973481355882,35.861265395317));
#2808=CARTESIAN_POINT('',(7.55866235521362,-122.284481355882,35.861265395317));
#2809=CARTESIAN_POINT('',(7.55866235521362,-122.284481355882,35.861265395317));
#2810=CARTESIAN_POINT('Origin',(3.05866235521362,-122.284481355882,35.861265395317));
#2811=CARTESIAN_POINT('Origin',(2.78890052632087,-275.973481439951,35.861265395317));
#2812=CARTESIAN_POINT('Origin',(3.05866235521319,-275.973450091503,35.861265395317));
#2813=CARTESIAN_POINT('Origin',(3.05866235521409,-273.076144511244,35.8612653953173));
#2814=CARTESIAN_POINT('Ctrl Pts',(3.05876634239709,-276.576144511244,30.2879968699684));
#2815=CARTESIAN_POINT('Ctrl Pts',(3.39834782504371,-276.585839762712,30.2877696154849));
#2816=CARTESIAN_POINT('Ctrl Pts',(4.66469116124679,-276.621998911992,30.4016687336989));
#2817=CARTESIAN_POINT('Ctrl Pts',(6.71916036030526,-276.684621959086,31.3492866454233));
#2818=CARTESIAN_POINT('Ctrl Pts',(8.43163226397003,-276.764013652526,33.6502945240633));
#2819=CARTESIAN_POINT('Ctrl Pts',(8.83462097232291,-276.843405345965,36.4901531725695));
#2820=CARTESIAN_POINT('Ctrl Pts',(7.82991138845878,-276.922797039405,39.1767413035281));
#2821=CARTESIAN_POINT('Ctrl Pts',(5.66236812857998,-277.002188732844,41.0552921616537));
#2822=CARTESIAN_POINT('Ctrl Pts',(2.86025796345215,-277.081580426284,41.6679713044714));
#2823=CARTESIAN_POINT('Ctrl Pts',(0.106502285987638,-277.160972119723,40.8654585109732));
#2824=CARTESIAN_POINT('Ctrl Pts',(-1.92776230854596,-277.240363813163,38.8433396544049));
#2825=CARTESIAN_POINT('Ctrl Pts',(-2.74675131021726,-277.319755506602,36.0944391236291));
#2826=CARTESIAN_POINT('Ctrl Pts',(-2.150863318545,-277.399147200042,33.2887102319898));
#2827=CARTESIAN_POINT('Ctrl Pts',(-0.285326263766641,-277.478538893481,
31.1099563198795));
#2828=CARTESIAN_POINT('Ctrl Pts',(1.70667652907819,-277.537537997215,30.3513744179797));
#2829=CARTESIAN_POINT('Ctrl Pts',(2.84590506069056,-277.570073203136,30.2874305209261));
#2830=CARTESIAN_POINT('Ctrl Pts',(3.05851784980174,-277.576144511244,30.2876490653086));
#2831=CARTESIAN_POINT('Ctrl Pts',(3.05869738835711,-276.492818200518,30.2881158997252));
#2832=CARTESIAN_POINT('Ctrl Pts',(3.48339394627651,-276.504942782205,30.2880208102733));
#2833=CARTESIAN_POINT('Ctrl Pts',(4.83499383185193,-276.543531261705,30.4405389892727));
#2834=CARTESIAN_POINT('Ctrl Pts',(6.92186174731313,-276.608583639018,31.5215782321361));
#2835=CARTESIAN_POINT('Ctrl Pts',(8.52720933256854,-276.687975332458,33.8985643209327));
#2836=CARTESIAN_POINT('Ctrl Pts',(8.7997782360069,-276.767367025897,36.7538929524989));
#2837=CARTESIAN_POINT('Ctrl Pts',(7.67314141458066,-276.846758719337,39.3916735650539));
#2838=CARTESIAN_POINT('Ctrl Pts',(5.42187802513035,-276.926150412776,41.1690341473869));
#2839=CARTESIAN_POINT('Ctrl Pts',(2.59465938717817,-277.005542106216,41.6528022471861));
#2840=CARTESIAN_POINT('Ctrl Pts',(-0.119474000509742,-277.084933799655,
40.7250753334698));
#2841=CARTESIAN_POINT('Ctrl Pts',(-2.059042045236,-277.164325493095,38.6119561137841));
#2842=CARTESIAN_POINT('Ctrl Pts',(-2.75133943327793,-277.243717186534,35.828447275284));
#2843=CARTESIAN_POINT('Ctrl Pts',(-2.02764161735891,-277.323108879973,33.0529367681119));
#2844=CARTESIAN_POINT('Ctrl Pts',(-0.0643259438792322,-277.402500573413,
30.9618631993428));
#2845=CARTESIAN_POINT('Ctrl Pts',(1.87694742816977,-277.459070346928,30.3227097797867));
#2846=CARTESIAN_POINT('Ctrl Pts',(2.9310252105909,-277.48917622263,30.2872696742211));
#2847=CARTESIAN_POINT('Ctrl Pts',(3.05854733310671,-277.492818200518,30.287387040178));
#2848=CARTESIAN_POINT('Ctrl Pts',(5.37550481775495,-275.973450091503,31.4104164800801));
#2849=CARTESIAN_POINT('Ctrl Pts',(6.11558117722185,-275.999913989316,31.7956554238838));
#2850=CARTESIAN_POINT('Ctrl Pts',(7.39899739590553,-276.052841784942,32.9422875220464));
#2851=CARTESIAN_POINT('Ctrl Pts',(8.26666436045285,-276.132233478382,35.3746369596583));
#2852=CARTESIAN_POINT('Ctrl Pts',(7.86481731060398,-276.211625171821,37.9253185037529));
#2853=CARTESIAN_POINT('Ctrl Pts',(6.29171984169588,-276.29101686526,39.9731184978768));
#2854=CARTESIAN_POINT('Ctrl Pts',(3.93062552328379,-276.3704085587,41.0187255502956));
#2855=CARTESIAN_POINT('Ctrl Pts',(1.35703937816791,-276.449800252139,40.8074053498585));
#2856=CARTESIAN_POINT('Ctrl Pts',(-0.801842256669295,-276.529191945579,
39.39061318846));
#2857=CARTESIAN_POINT('Ctrl Pts',(-2.01984957631667,-276.608583639018,37.1136663997019));
#2858=CARTESIAN_POINT('Ctrl Pts',(-2.00014012792828,-276.687975332458,34.5314853026694));
#2859=CARTESIAN_POINT('Ctrl Pts',(-0.747514455294392,-276.767367025897,
32.2733954350867));
#2860=CARTESIAN_POINT('Ctrl Pts',(1.43274011490463,-276.846758719337,30.8897291815381));
#2861=CARTESIAN_POINT('Ctrl Pts',(4.00925949360497,-276.926150412776,30.7177102631887));
#2862=CARTESIAN_POINT('Ctrl Pts',(6.35410226210483,-277.005542106216,31.7992621348967));
#2863=CARTESIAN_POINT('Ctrl Pts',(7.89579091837975,-277.084933799655,33.870792614846));
#2864=CARTESIAN_POINT('Ctrl Pts',(8.25858993361903,-277.164325493094,36.4274347731534));
#2865=CARTESIAN_POINT('Ctrl Pts',(7.35407911216894,-277.243717186534,38.8460919416114));
#2866=CARTESIAN_POINT('Ctrl Pts',(5.40270294734605,-277.323108879973,40.5372966510199));
#2867=CARTESIAN_POINT('Ctrl Pts',(2.88004465090028,-277.402500573413,41.088873866621));
#2868=CARTESIAN_POINT('Ctrl Pts',(0.400918493551785,-277.481892266852,40.366394935665));
#2869=CARTESIAN_POINT('Ctrl Pts',(-1.43047076459752,-277.561283960292,38.5459401322085));
#2870=CARTESIAN_POINT('Ctrl Pts',(-2.16778274664434,-277.640675653731,36.0711849222365));
#2871=CARTESIAN_POINT('Ctrl Pts',(-1.63132211613381,-277.720067347171,33.5452687915448));
#2872=CARTESIAN_POINT('Ctrl Pts',(0.048166644561987,-277.79945904061,31.5838000025231));
#2873=CARTESIAN_POINT('Ctrl Pts',(2.46136386512826,-277.878850734049,30.6648215031896));
#2874=CARTESIAN_POINT('Ctrl Pts',(5.02013277797619,-277.958242427489,31.0123038166941));
#2875=CARTESIAN_POINT('Ctrl Pts',(7.10085834473168,-278.037634120928,32.5415596564526));
#2876=CARTESIAN_POINT('Ctrl Pts',(8.19643273409174,-278.117025814368,34.8798836427612));
#2877=CARTESIAN_POINT('Ctrl Pts',(8.03984603303181,-278.196417507807,37.4573868750824));
#2878=CARTESIAN_POINT('Ctrl Pts',(6.66926105535615,-278.275809201247,39.6458884461449));
#2879=CARTESIAN_POINT('Ctrl Pts',(4.41871242184489,-278.355200894686,40.9120136989433));
#2880=CARTESIAN_POINT('Ctrl Pts',(1.83669670263802,-278.434592588126,40.9471866053094));
#2881=CARTESIAN_POINT('Ctrl Pts',(-0.447505426012669,-278.513984281565,
39.7428349361359));
#2882=CARTESIAN_POINT('Ctrl Pts',(-1.87719547094148,-278.593375975005,37.5924794578475));
#2883=CARTESIAN_POINT('Ctrl Pts',(-2.1039339119663,-278.672767668444,35.0201979827879));
#2884=CARTESIAN_POINT('Ctrl Pts',(-1.07246077586584,-278.752159361884,32.6528987881197));
#2885=CARTESIAN_POINT('Ctrl Pts',(0.965836578331726,-278.831551055323,31.0675325202041));
#2886=CARTESIAN_POINT('Ctrl Pts',(3.51419078863471,-278.910942748762,30.6504796142023));
#2887=CARTESIAN_POINT('Ctrl Pts',(5.95152505490621,-278.990334442202,31.5033828807175));
#2888=CARTESIAN_POINT('Ctrl Pts',(7.68382000541217,-279.069726135641,33.4183754425895));
#2889=CARTESIAN_POINT('Ctrl Pts',(8.28888621279446,-279.149117829081,35.9287413904659));
#2890=CARTESIAN_POINT('Ctrl Pts',(7.61925886135647,-279.22850952252,38.4226623029608));
#2891=CARTESIAN_POINT('Ctrl Pts',(5.8381374039191,-279.30790121596,40.2923276905181));
#2892=CARTESIAN_POINT('Ctrl Pts',(3.37961110914364,-279.387292909399,41.0820686388493));
#2893=CARTESIAN_POINT('Ctrl Pts',(0.842864202691611,-279.466684602839,40.5994119905169));
#2894=CARTESIAN_POINT('Ctrl Pts',(-1.15385541055523,-279.546076296278,38.9619892919907));
#2895=CARTESIAN_POINT('Ctrl Pts',(-2.12391356366979,-279.625467989718,36.5688680064831));
#2896=CARTESIAN_POINT('Ctrl Pts',(-1.83089076235754,-279.704859683157,34.0032920583801));
#2897=CARTESIAN_POINT('Ctrl Pts',(-0.346201593754926,-279.784251376596,
31.8905354750967));
#2898=CARTESIAN_POINT('Ctrl Pts',(1.96831021009108,-279.863643070036,30.7455125856176));
#2899=CARTESIAN_POINT('Ctrl Pts',(4.54855917817334,-279.943034763475,30.847284734479));
#2900=CARTESIAN_POINT('Ctrl Pts',(6.76569522121696,-280.022426456915,32.171048336566));
#2901=CARTESIAN_POINT('Ctrl Pts',(8.07936497958514,-280.101818150354,34.3941799281553));
#2902=CARTESIAN_POINT('Ctrl Pts',(8.16940502910974,-280.181209843794,36.9748649335473));
#2903=CARTESIAN_POINT('Ctrl Pts',(7.01387109469084,-280.260601537233,39.2841469938379));
#2904=CARTESIAN_POINT('Ctrl Pts',(4.8943862393771,-280.339993230673,40.7592152145209));
#2905=CARTESIAN_POINT('Ctrl Pts',(2.32750458525836,-280.419384924112,41.0405706504415));
#2906=CARTESIAN_POINT('Ctrl Pts',(-0.0611816177243441,-280.498776617552,
40.0596422477262));
#2907=CARTESIAN_POINT('Ctrl Pts',(-1.68950934942191,-280.578168310991,38.0554987634023));
#2908=CARTESIAN_POINT('Ctrl Pts',(-2.1606277430717,-280.657560004431,35.5165836866937));
#2909=CARTESIAN_POINT('Ctrl Pts',(-1.35971731901476,-280.73695169787,33.0616733420557));
#2910=CARTESIAN_POINT('Ctrl Pts',(0.518026576137141,-280.816343391309,31.2890706872588));
#2911=CARTESIAN_POINT('Ctrl Pts',(3.01496615986442,-280.895735084749,30.6307888154217));
#2912=CARTESIAN_POINT('Ctrl Pts',(5.52255524163879,-280.975126778188,31.2472620950855));
#2913=CARTESIAN_POINT('Ctrl Pts',(7.42965216906747,-281.054518471628,32.9882456151009));
#2914=CARTESIAN_POINT('Ctrl Pts',(8.27146533176538,-281.133910165067,35.429432397525));
#2915=CARTESIAN_POINT('Ctrl Pts',(7.84283069747682,-281.213301858506,37.9758641476141));
#2916=CARTESIAN_POINT('Ctrl Pts',(6.24821373886467,-281.292693551946,40.0069326011331));
#2917=CARTESIAN_POINT('Ctrl Pts',(3.87624944006687,-281.372085245386,41.0276322008205));
#2918=CARTESIAN_POINT('Ctrl Pts',(1.30502541181675,-281.451476938825,40.7892012797496));
#2919=CARTESIAN_POINT('Ctrl Pts',(-0.838807786303186,-281.530868632265,
39.3497494652687));
#2920=CARTESIAN_POINT('Ctrl Pts',(-2.03276193137149,-281.610260325704,37.0600953850532));
#2921=CARTESIAN_POINT('Ctrl Pts',(-1.98585030853856,-281.689652019143,34.4782662646006));
#2922=CARTESIAN_POINT('Ctrl Pts',(-0.709506069632553,-281.769043712583,
32.2334973029066));
#2923=CARTESIAN_POINT('Ctrl Pts',(1.48520421831751,-281.848435406022,30.8728764668396));
#2924=CARTESIAN_POINT('Ctrl Pts',(4.06339272953111,-281.927827099462,30.7280099482107));
#2925=CARTESIAN_POINT('Ctrl Pts',(6.39671154274187,-282.007218792901,31.834204155161));
#2926=CARTESIAN_POINT('Ctrl Pts',(7.91649160231018,-282.086610486341,33.9218609464252));
#2927=CARTESIAN_POINT('Ctrl Pts',(8.25233693561482,-282.16600217978,36.4821832346677));
#2928=CARTESIAN_POINT('Ctrl Pts',(7.32239638393285,-282.245393873219,38.8911773977803));
#2929=CARTESIAN_POINT('Ctrl Pts',(5.35331210706339,-282.324785566659,40.5617310240249));
#2930=CARTESIAN_POINT('Ctrl Pts',(2.824983075461,-282.404177260098,41.0867020856368));
#2931=CARTESIAN_POINT('Ctrl Pts',(0.353605616265847,-282.483568953538,40.3381463016397));
#2932=CARTESIAN_POINT('Ctrl Pts',(-1.45850399985539,-282.562960646977,38.4984993119337));
#2933=CARTESIAN_POINT('Ctrl Pts',(-2.16970416855755,-282.642352340417,36.0161140421556));
#2934=CARTESIAN_POINT('Ctrl Pts',(-1.60666344194047,-282.721744033856,33.4959895516305));
#2935=CARTESIAN_POINT('Ctrl Pts',(0.0933956810903959,-282.801135727296,
31.5523225827871));
#2936=CARTESIAN_POINT('Ctrl Pts',(2.51614018673863,-282.880527420735,30.6588174804375));
#2937=CARTESIAN_POINT('Ctrl Pts',(5.07110647342412,-282.959919114175,31.0332364723088));
#2938=CARTESIAN_POINT('Ctrl Pts',(7.13560626673953,-283.039310807614,32.5843273500378));
#2939=CARTESIAN_POINT('Ctrl Pts',(8.20648622939301,-283.118702501054,34.9340631677758));
#2940=CARTESIAN_POINT('Ctrl Pts',(8.02275489565872,-283.198094194493,37.5097737696442));
#2941=CARTESIAN_POINT('Ctrl Pts',(6.62919068306561,-283.277485887932,39.683715142578));
#2942=CARTESIAN_POINT('Ctrl Pts',(4.36542863859553,-283.356877581372,40.9260611948477));
#2943=CARTESIAN_POINT('Ctrl Pts',(1.78318566297073,-283.436269274811,40.9340312895675));
#2944=CARTESIAN_POINT('Ctrl Pts',(-0.48820218134422,-283.515660968251,39.7056829805476));
#2945=CARTESIAN_POINT('Ctrl Pts',(-1.89515945789171,-283.59505266169,37.5403854191156));
#2946=CARTESIAN_POINT('Ctrl Pts',(-2.09478700465005,-283.67444435513,34.9658580546954));
#2947=CARTESIAN_POINT('Ctrl Pts',(-1.03843222950365,-283.753836048569,32.6095565254766));
#2948=CARTESIAN_POINT('Ctrl Pts',(1.01645343442068,-283.833227742008,31.0457511617015));
#2949=CARTESIAN_POINT('Ctrl Pts',(3.56905977493286,-283.912619435448,30.6555676434046));
#2950=CARTESIAN_POINT('Ctrl Pts',(5.99727367621678,-283.992011128887,31.5341002592959));
#2951=CARTESIAN_POINT('Ctrl Pts',(7.70929855294704,-284.071402822327,33.4672358285279));
#2952=CARTESIAN_POINT('Ctrl Pts',(8.28788513581225,-284.150794515767,35.9838366855777));
#2953=CARTESIAN_POINT('Ctrl Pts',(7.5920221391627,-284.230186209206,38.4705648567821));
#2954=CARTESIAN_POINT('Ctrl Pts',(5.79130308400121,-284.309577902645,40.3213628446683));
#2955=CARTESIAN_POINT('Ctrl Pts',(3.32459350331165,-284.388969596085,41.0851600377044));
#2956=CARTESIAN_POINT('Ctrl Pts',(0.79307202721692,-284.468361289524,40.575806208174));
#2957=CARTESIAN_POINT('Ctrl Pts',(-1.18628696468307,-284.547752982964,38.9174394547704));
#2958=CARTESIAN_POINT('Ctrl Pts',(-2.13108038104043,-284.627144676403,36.5142316593886));
#2959=CARTESIAN_POINT('Ctrl Pts',(-1.81104616892254,-284.706536369843,33.9518849983711));
#2960=CARTESIAN_POINT('Ctrl Pts',(-0.304182050983969,-284.785928063282,
31.8548864680039));
#2961=CARTESIAN_POINT('Ctrl Pts',(2.0222638329007,-284.865319756721,30.7343098936099));
#2962=CARTESIAN_POINT('Ctrl Pts',(4.60129747464936,-284.944711450161,30.8632586436056));
#2963=CARTESIAN_POINT('Ctrl Pts',(6.80436498255224,-285.0241031436,32.2103057331266));
#2964=CARTESIAN_POINT('Ctrl Pts',(8.09454173118443,-285.10349483704,34.4471531311273));
#2965=CARTESIAN_POINT('Ctrl Pts',(8.15738994793807,-285.182886530479,37.0286434667173));
#2966=CARTESIAN_POINT('Ctrl Pts',(6.97759244369549,-285.262278223919,39.325624156934));
#2967=CARTESIAN_POINT('Ctrl Pts',(4.84268576762595,-285.341669917358,40.7782822532027));
#2968=CARTESIAN_POINT('Ctrl Pts',(2.27298249963043,-285.421061610798,41.0325807619315));
#2969=CARTESIAN_POINT('Ctrl Pts',(-0.105237220495838,-285.500453304237,
40.0265423656038));
#2970=CARTESIAN_POINT('Ctrl Pts',(-1.71236169682933,-285.579844997677,38.0053566137762));
#2971=CARTESIAN_POINT('Ctrl Pts',(-2.15670664548705,-285.659236691116,35.4616181746221));
#2972=CARTESIAN_POINT('Ctrl Pts',(-1.32997991591884,-285.738628384556,33.0152838916249));
#2973=CARTESIAN_POINT('Ctrl Pts',(0.566335981710819,-285.818020077995,31.2625557443542));
#2974=CARTESIAN_POINT('Ctrl Pts',(3.07006661766942,-285.897411771434,30.6306263368984));
#2975=CARTESIAN_POINT('Ctrl Pts',(5.5710324768165,-285.976803464874,31.273456220994));
#2976=CARTESIAN_POINT('Ctrl Pts',(7.45965647660899,-286.056195158314,33.0344842872176));
#2977=CARTESIAN_POINT('Ctrl Pts',(8.27574652809572,-286.135586851753,35.4842708939899));
#2978=CARTESIAN_POINT('Ctrl Pts',(7.82015631569046,-286.214978545192,38.0262400728703));
#2979=CARTESIAN_POINT('Ctrl Pts',(6.74291629071109,-286.267906340819,39.3684309264749));
#2980=CARTESIAN_POINT('Ctrl Pts',(6.07632040624758,-286.294370238632,39.8701997860916));
#2981=CARTESIAN_POINT('Ctrl Pts',(5.46105557143294,-275.866476709126,31.2460662985888));
#2982=CARTESIAN_POINT('Ctrl Pts',(6.22845968034994,-275.892940606939,31.6455304141602));
#2983=CARTESIAN_POINT('Ctrl Pts',(7.55926678838678,-275.945868402566,32.8345025685741));
#2984=CARTESIAN_POINT('Ctrl Pts',(8.45897285958838,-276.025260096005,35.3566679220112));
#2985=CARTESIAN_POINT('Ctrl Pts',(8.04228737400912,-276.104651789445,38.0015348636966));
#2986=CARTESIAN_POINT('Ctrl Pts',(6.41110236732064,-276.184043482884,40.1249510620778));
#2987=CARTESIAN_POINT('Ctrl Pts',(3.96282326974861,-276.263435176324,41.2091677622528));
#2988=CARTESIAN_POINT('Ctrl Pts',(1.29420596134489,-276.342826869763,40.9900444406682));
#2989=CARTESIAN_POINT('Ctrl Pts',(-0.944393631855077,-276.422218563202,
39.5209364057598));
#2990=CARTESIAN_POINT('Ctrl Pts',(-2.20737657926563,-276.501610256642,37.1599120342517));
#2991=CARTESIAN_POINT('Ctrl Pts',(-2.18693934804717,-276.581001950081,34.4823824003394));
#2992=CARTESIAN_POINT('Ctrl Pts',(-0.888059744857851,-276.660393643521,
32.1409112527743));
#2993=CARTESIAN_POINT('Ctrl Pts',(1.37270199175674,-276.73978533696,30.7061523191045));
#2994=CARTESIAN_POINT('Ctrl Pts',(4.04436084509881,-276.8191770304,30.527781502277));
#2995=CARTESIAN_POINT('Ctrl Pts',(6.47578829483831,-276.898568723839,31.6492703050722));
#2996=CARTESIAN_POINT('Ctrl Pts',(8.07440470024317,-276.977960417278,33.7972932512517));
#2997=CARTESIAN_POINT('Ctrl Pts',(8.45060027985365,-277.057352110718,36.4483409062921));
#2998=CARTESIAN_POINT('Ctrl Pts',(7.51268987093222,-277.136743804158,38.9563083955836));
#2999=CARTESIAN_POINT('Ctrl Pts',(5.48925800775736,-277.216135497597,40.7099618212312));
#3000=CARTESIAN_POINT('Ctrl Pts',(2.87344908841757,-277.295527191036,41.2819063459045));
#3001=CARTESIAN_POINT('Ctrl Pts',(0.302779757697069,-277.374918884476,40.5327494607677));
#3002=CARTESIAN_POINT('Ctrl Pts',(-1.59623461258033,-277.454310577915,38.6450733062739));
#3003=CARTESIAN_POINT('Ctrl Pts',(-2.36077226783532,-277.533702271355,36.0789363227007));
#3004=CARTESIAN_POINT('Ctrl Pts',(-1.80450251693754,-277.613093964794,33.4597492716931));
#3005=CARTESIAN_POINT('Ctrl Pts',(-0.0629976582142229,-277.692485658234,
31.4258521083086));
#3006=CARTESIAN_POINT('Ctrl Pts',(2.43930827143825,-277.771877351673,30.4729397940943));
#3007=CARTESIAN_POINT('Ctrl Pts',(5.09256121266586,-277.851269045113,30.8332530938616));
#3008=CARTESIAN_POINT('Ctrl Pts',(7.25011877957289,-277.930660738552,32.4189775937785));
#3009=CARTESIAN_POINT('Ctrl Pts',(8.38614788962952,-278.010052431991,34.8436455515079));
#3010=CARTESIAN_POINT('Ctrl Pts',(8.22377913367884,-278.089444125431,37.5163245878374));
#3011=CARTESIAN_POINT('Ctrl Pts',(6.80258450959188,-278.16883581887,39.7856378506125));
#3012=CARTESIAN_POINT('Ctrl Pts',(4.46893306054661,-278.24822751231,41.0985155138053));
#3013=CARTESIAN_POINT('Ctrl Pts',(1.79157491113224,-278.327619205749,41.1349872001693));
#3014=CARTESIAN_POINT('Ctrl Pts',(-0.576972707908267,-278.407010899189,
39.8861641460583));
#3015=CARTESIAN_POINT('Ctrl Pts',(-2.05945488818816,-278.486402592628,37.6564055426902));
#3016=CARTESIAN_POINT('Ctrl Pts',(-2.2945657778499,-278.565794286068,34.9891410800423));
#3017=CARTESIAN_POINT('Ctrl Pts',(-1.22500489706297,-278.645185979507,32.5344279875543));
#3018=CARTESIAN_POINT('Ctrl Pts',(0.888557770892796,-278.724577672947,30.8905211493286));
#3019=CARTESIAN_POINT('Ctrl Pts',(3.53101144063457,-278.803969366386,30.4580683225256));
#3020=CARTESIAN_POINT('Ctrl Pts',(6.05834569042504,-278.883361059826,31.3424655375697));
#3021=CARTESIAN_POINT('Ctrl Pts',(7.85460663818999,-278.962752753265,33.3281703121211));
#3022=CARTESIAN_POINT('Ctrl Pts',(8.48201526673537,-279.042144446704,35.9312329807805));
#3023=CARTESIAN_POINT('Ctrl Pts',(7.78766153638939,-279.121536140144,38.5172433715748));
#3024=CARTESIAN_POINT('Ctrl Pts',(5.94077113456349,-279.200927833583,40.4559472395714));
#3025=CARTESIAN_POINT('Ctrl Pts',(3.39146232830706,-279.280319527023,41.2748498311445));
#3026=CARTESIAN_POINT('Ctrl Pts',(0.761044568853096,-279.359711220462,40.774370805719));
#3027=CARTESIAN_POINT('Ctrl Pts',(-1.30940507591673,-279.439102913902,39.0764853229452));
#3028=CARTESIAN_POINT('Ctrl Pts',(-2.31528318979781,-279.518494607341,36.5949966439147));
#3029=CARTESIAN_POINT('Ctrl Pts',(-2.01144035134345,-279.597886300781,33.9346853137013));
#3030=CARTESIAN_POINT('Ctrl Pts',(-0.471928172801605,-279.67727799422,31.7439139663757));
#3031=CARTESIAN_POINT('Ctrl Pts',(1.92804832379631,-279.75666968766,30.5566104416108));
#3032=CARTESIAN_POINT('Ctrl Pts',(4.60357448377458,-279.836061381099,30.6621405861837));
#3033=CARTESIAN_POINT('Ctrl Pts',(6.90257956304133,-279.915453074539,32.0347849281919));
#3034=CARTESIAN_POINT('Ctrl Pts',(8.26475734028842,-279.994844767978,34.3400069451169));
#3035=CARTESIAN_POINT('Ctrl Pts',(8.3581221709419,-280.074236461417,37.0159852433359));
#3036=CARTESIAN_POINT('Ctrl Pts',(7.15991947479733,-280.153628154857,39.4105388850599));
#3037=CARTESIAN_POINT('Ctrl Pts',(4.96217141008854,-280.233019848296,40.9400748565919));
#3038=CARTESIAN_POINT('Ctrl Pts',(2.30050615990637,-280.312411541736,41.2318195054104));
#3039=CARTESIAN_POINT('Ctrl Pts',(-0.17638366860092,-280.391803235175,40.2146697516481));
#3040=CARTESIAN_POINT('Ctrl Pts',(-1.86483834761313,-280.471194928615,38.1365221050495));
#3041=CARTESIAN_POINT('Ctrl Pts',(-2.35335306159973,-280.550586622054,35.5038561143928));
#3042=CARTESIAN_POINT('Ctrl Pts',(-1.52286855492197,-280.629978315493,32.958296779333));
#3043=CARTESIAN_POINT('Ctrl Pts',(0.424212124254663,-280.709370008933,31.1202397418832));
#3044=CARTESIAN_POINT('Ctrl Pts',(3.01335265246999,-280.788761702373,30.4376504295625));
#3045=CARTESIAN_POINT('Ctrl Pts',(5.61353591763362,-280.868153395812,31.0768873431592));
#3046=CARTESIAN_POINT('Ctrl Pts',(7.59105350685369,-280.947545089251,32.8821576909096));
#3047=CARTESIAN_POINT('Ctrl Pts',(8.4639511095553,-281.026936782691,35.4134867132494));
#3048=CARTESIAN_POINT('Ctrl Pts',(8.01948889242122,-281.10632847613,38.0539469348171));
#3049=CARTESIAN_POINT('Ctrl Pts',(6.36598977637167,-281.18572016957,40.1600137707379));
#3050=CARTESIAN_POINT('Ctrl Pts',(3.9064393180743,-281.265111863009,41.2184032960218));
#3051=CARTESIAN_POINT('Ctrl Pts',(1.24027134907366,-281.344503556449,40.9711681746967));
#3052=CARTESIAN_POINT('Ctrl Pts',(-0.9827241351423,-281.423895249888,39.4785637658538));
#3053=CARTESIAN_POINT('Ctrl Pts',(-2.22076573053105,-281.503286943327,37.1043628787701));
#3054=CARTESIAN_POINT('Ctrl Pts',(-2.17212186877618,-281.582678636767,34.4271982183775));
#3055=CARTESIAN_POINT('Ctrl Pts',(-0.848647877478103,-281.662070330207,
32.0995398588885));
#3056=CARTESIAN_POINT('Ctrl Pts',(1.42710336266215,-281.741462023646,30.6886773081268));
#3057=CARTESIAN_POINT('Ctrl Pts',(4.10049298220506,-281.820853717085,30.5384615091511));
#3058=CARTESIAN_POINT('Ctrl Pts',(6.51997094791266,-281.900245410525,31.685502579731));
#3059=CARTESIAN_POINT('Ctrl Pts',(8.09586976895183,-281.979637103964,33.8502473106379));
#3060=CARTESIAN_POINT('Ctrl Pts',(8.44411638626606,-282.059028797404,36.5051109865487));
#3061=CARTESIAN_POINT('Ctrl Pts',(7.47983723955295,-282.138420490843,39.0030586584097));
#3062=CARTESIAN_POINT('Ctrl Pts',(5.43804338200836,-282.217812184283,40.7352984476522));
#3063=CARTESIAN_POINT('Ctrl Pts',(2.81635433232243,-282.297203877722,41.279654370646));
#3064=CARTESIAN_POINT('Ctrl Pts',(0.253719824935442,-282.376595571162,40.5034577295227));
#3065=CARTESIAN_POINT('Ctrl Pts',(-1.62530299133333,-282.455987264601,38.5958807061543));
#3066=CARTESIAN_POINT('Ctrl Pts',(-2.36276463936874,-282.53537895804,36.0218319183846));
#3067=CARTESIAN_POINT('Ctrl Pts',(-1.7789333068765,-282.61477065148,33.408650367221));
#3068=CARTESIAN_POINT('Ctrl Pts',(-0.0160985132405062,-282.694162344919,
31.3932123665651));
#3069=CARTESIAN_POINT('Ctrl Pts',(2.49610724054116,-282.773554038359,30.4667140693146));
#3070=CARTESIAN_POINT('Ctrl Pts',(5.14541714142652,-282.852945731798,30.8549586999438));
#3071=CARTESIAN_POINT('Ctrl Pts',(7.28614978878436,-282.932337425238,32.4633245092912));
#3072=CARTESIAN_POINT('Ctrl Pts',(8.39657261608441,-283.011729118677,34.8998256869541));
#3073=CARTESIAN_POINT('Ctrl Pts',(8.20605689613079,-283.091120812117,37.57064589891));
#3074=CARTESIAN_POINT('Ctrl Pts',(6.76103451552945,-283.170512505556,39.8248613197833));
#3075=CARTESIAN_POINT('Ctrl Pts',(4.41368174265064,-283.249904198995,41.1130817216555));
#3076=CARTESIAN_POINT('Ctrl Pts',(1.7360879452431,-283.329295892435,41.1213461167522));
#3077=CARTESIAN_POINT('Ctrl Pts',(-0.619172214569335,-283.408687585875,
39.8476403329301));
#3078=CARTESIAN_POINT('Ctrl Pts',(-2.07808220579099,-283.488079279314,37.602387901319));
#3079=CARTESIAN_POINT('Ctrl Pts',(-2.28508111566797,-283.567470972753,34.9327946185414));
#3080=CARTESIAN_POINT('Ctrl Pts',(-1.18971982686072,-283.646862666193,32.4894852866876));
#3081=CARTESIAN_POINT('Ctrl Pts',(0.941043683793872,-283.726254359632,30.8679355015115));
#3082=CARTESIAN_POINT('Ctrl Pts',(3.58790649612268,-283.805646053072,30.4633442301615));
#3083=CARTESIAN_POINT('Ctrl Pts',(6.1057836061508,-283.885037746511,31.3743171731944));
#3084=CARTESIAN_POINT('Ctrl Pts',(7.8810259958919,-283.964429439951,33.378834896191));
#3085=CARTESIAN_POINT('Ctrl Pts',(8.48097722440412,-284.04382113339,35.9883627016667));
#3086=CARTESIAN_POINT('Ctrl Pts',(7.75941908240803,-284.12321282683,38.5669147550204));
#3087=CARTESIAN_POINT('Ctrl Pts',(5.89220743017869,-284.202604520269,40.4860545336539));
#3088=CARTESIAN_POINT('Ctrl Pts',(3.33441316542249,-284.281996213708,41.278055381698));
#3089=CARTESIAN_POINT('Ctrl Pts',(0.709413788376985,-284.361387907148,40.7498933661516));
#3090=CARTESIAN_POINT('Ctrl Pts',(-1.34303418401876,-284.440779600587,39.0302904571086));
#3091=CARTESIAN_POINT('Ctrl Pts',(-2.32271464606274,-284.520171294027,36.5383428179679));
#3092=CARTESIAN_POINT('Ctrl Pts',(-1.99086298476904,-284.599562987466,33.8813800181414));
#3093=CARTESIAN_POINT('Ctrl Pts',(-0.428357034006586,-284.678954680906,
31.7069485989892));
#3094=CARTESIAN_POINT('Ctrl Pts',(1.9839942154674,-284.758346374345,30.5449940836935));
#3095=CARTESIAN_POINT('Ctrl Pts',(4.65826017248126,-284.837738067785,30.6787043411832));
#3096=CARTESIAN_POINT('Ctrl Pts',(6.94267722777542,-284.917129761224,32.0754919269234));
#3097=CARTESIAN_POINT('Ctrl Pts',(8.280494502256,-284.996521454663,34.3949362143784));
#3098=CARTESIAN_POINT('Ctrl Pts',(8.34566342591894,-285.075913148103,37.0717495800807));
#3099=CARTESIAN_POINT('Ctrl Pts',(7.12230121354136,-285.155304841542,39.4535476164956));
#3100=CARTESIAN_POINT('Ctrl Pts',(4.90856186838751,-285.234696534982,40.9598459567521));
#3101=CARTESIAN_POINT('Ctrl Pts',(2.24397081459722,-285.314088228421,41.2235345856262));
#3102=CARTESIAN_POINT('Ctrl Pts',(-0.222066050094654,-285.393479921861,
40.1803476371521));
#3103=CARTESIAN_POINT('Ctrl Pts',(-1.88853453122245,-285.4728716153,38.0845284274232));
#3104=CARTESIAN_POINT('Ctrl Pts',(-2.34928717520918,-285.55226330874,35.446860968861));
#3105=CARTESIAN_POINT('Ctrl Pts',(-1.49203308094362,-285.631655002179,32.9101943714995));
#3106=CARTESIAN_POINT('Ctrl Pts',(0.474305382689892,-285.711046695619,31.0927457193106));
#3107=CARTESIAN_POINT('Ctrl Pts',(3.07048772668479,-285.790438389058,30.4374819514253));
#3108=CARTESIAN_POINT('Ctrl Pts',(5.6638032028785,-285.869830082497,31.1040487023819));
#3109=CARTESIAN_POINT('Ctrl Pts',(7.62216574087932,-285.949221775937,32.9301037528521));
#3110=CARTESIAN_POINT('Ctrl Pts',(8.46839039154688,-286.028613469376,35.4703501530494));
#3111=CARTESIAN_POINT('Ctrl Pts',(7.99597724591687,-286.108005162816,38.1061830203745));
#3112=CARTESIAN_POINT('Ctrl Pts',(6.87895950729528,-286.160932958442,39.4979350508662));
#3113=CARTESIAN_POINT('Ctrl Pts',(6.18774918260265,-286.187396856255,40.018232017079));
#3114=CARTESIAN_POINT('Ctrl Pts',(5.54660632511094,-275.75950332675,31.0817161170974));
#3115=CARTESIAN_POINT('Ctrl Pts',(6.34133818347804,-275.785967224563,31.4954054044366));
#3116=CARTESIAN_POINT('Ctrl Pts',(7.71953618086802,-275.838895020189,32.7267176151018));
#3117=CARTESIAN_POINT('Ctrl Pts',(8.65128135872392,-275.918286713629,35.3386988843641));
#3118=CARTESIAN_POINT('Ctrl Pts',(8.21975743741426,-275.997678407068,38.0777512236405));
#3119=CARTESIAN_POINT('Ctrl Pts',(6.5304848929454,-276.077070100508,40.2767836262787));
#3120=CARTESIAN_POINT('Ctrl Pts',(3.99502101621343,-276.156461793947,41.39960997421));
#3121=CARTESIAN_POINT('Ctrl Pts',(1.23137254452187,-276.235853487387,41.1726835314779));
#3122=CARTESIAN_POINT('Ctrl Pts',(-1.08694500704086,-276.315245180826,39.6512596230596));
#3123=CARTESIAN_POINT('Ctrl Pts',(-2.39490358221458,-276.394636874265,37.2061576688016));
#3124=CARTESIAN_POINT('Ctrl Pts',(-2.37373856816607,-276.474028567705,34.4332794980095));
#3125=CARTESIAN_POINT('Ctrl Pts',(-1.02860503442131,-276.553420261144,32.0084270704619));
#3126=CARTESIAN_POINT('Ctrl Pts',(1.31266386860884,-276.632811954584,30.5225754566708));
#3127=CARTESIAN_POINT('Ctrl Pts',(4.07946219659264,-276.712203648023,30.3378527413653));
#3128=CARTESIAN_POINT('Ctrl Pts',(6.59747432757178,-276.791595341463,31.4992784752478));
#3129=CARTESIAN_POINT('Ctrl Pts',(8.2530184821066,-276.870987034902,33.7237938876575));
#3130=CARTESIAN_POINT('Ctrl Pts',(8.64261062608828,-276.950378728342,36.4692470394308));
#3131=CARTESIAN_POINT('Ctrl Pts',(7.67130062969551,-277.029770421781,39.0665248495559));
#3132=CARTESIAN_POINT('Ctrl Pts',(5.57581306816867,-277.109162115221,40.8826269914424));
#3133=CARTESIAN_POINT('Ctrl Pts',(2.86685352593486,-277.18855380866,41.4749388251879));
#3134=CARTESIAN_POINT('Ctrl Pts',(0.204641021842352,-277.2679455021,40.6991039858705));
#3135=CARTESIAN_POINT('Ctrl Pts',(-1.76199846056314,-277.347337195539,38.7442064803394));
#3136=CARTESIAN_POINT('Ctrl Pts',(-2.55376178902629,-277.426728888978,36.0866877231649));
#3137=CARTESIAN_POINT('Ctrl Pts',(-1.97768291774127,-277.506120582418,33.3742297518415));
#3138=CARTESIAN_POINT('Ctrl Pts',(-0.174161960990432,-277.585512275857,
31.2679042140941));
#3139=CARTESIAN_POINT('Ctrl Pts',(2.41725267774823,-277.664903969297,30.2810580849989));
#3140=CARTESIAN_POINT('Ctrl Pts',(5.16498964735554,-277.744295662736,30.6542023710292));
#3141=CARTESIAN_POINT('Ctrl Pts',(7.39937921441409,-277.823687356176,32.2963955311045));
#3142=CARTESIAN_POINT('Ctrl Pts',(8.5758630451673,-277.903079049615,34.8074074602546));
#3143=CARTESIAN_POINT('Ctrl Pts',(8.40771223432588,-277.982470743055,37.5752623005922));
#3144=CARTESIAN_POINT('Ctrl Pts',(6.9359079638276,-278.061862436494,39.9253872550802));
#3145=CARTESIAN_POINT('Ctrl Pts',(4.51915369924834,-278.141254129933,41.2850173286672));
#3146=CARTESIAN_POINT('Ctrl Pts',(1.74645311962645,-278.220645823373,41.3227877950291));
#3147=CARTESIAN_POINT('Ctrl Pts',(-0.706439989803863,-278.300037516812,
40.0294933559807));
#3148=CARTESIAN_POINT('Ctrl Pts',(-2.24171430543484,-278.379429210252,37.7203316275328));
#3149=CARTESIAN_POINT('Ctrl Pts',(-2.48519764373349,-278.458820903691,34.9580841772968));
#3150=CARTESIAN_POINT('Ctrl Pts',(-1.37754901826011,-278.538212597131,32.415957186989));
#3151=CARTESIAN_POINT('Ctrl Pts',(0.811278963453867,-278.61760429057,30.7135097784531));
#3152=CARTESIAN_POINT('Ctrl Pts',(3.54783209263442,-278.69699598401,30.2656570308489));
#3153=CARTESIAN_POINT('Ctrl Pts',(6.16516632594387,-278.776387677449,31.1815481944218));
#3154=CARTESIAN_POINT('Ctrl Pts',(8.0253932709678,-278.855779370889,33.2379651816527));
#3155=CARTESIAN_POINT('Ctrl Pts',(8.67514432067628,-278.935171064328,35.9337245710951));
#3156=CARTESIAN_POINT('Ctrl Pts',(7.9560642114223,-279.014562757768,38.6118244401888));
#3157=CARTESIAN_POINT('Ctrl Pts',(6.04340486520788,-279.093954451207,40.6195667886248));
#3158=CARTESIAN_POINT('Ctrl Pts',(3.40331354747048,-279.173346144646,41.4676310234397));
#3159=CARTESIAN_POINT('Ctrl Pts',(0.679224935014581,-279.252737838086,40.9493296209212));
#3160=CARTESIAN_POINT('Ctrl Pts',(-1.46495474127822,-279.332129531525,39.1909813538997));
#3161=CARTESIAN_POINT('Ctrl Pts',(-2.50665281592583,-279.411521224965,36.6211252813462));
#3162=CARTESIAN_POINT('Ctrl Pts',(-2.19198994032936,-279.490912918404,33.8660785690225));
#3163=CARTESIAN_POINT('Ctrl Pts',(-0.597654751848288,-279.570304611844,
31.5972924576547));
#3164=CARTESIAN_POINT('Ctrl Pts',(1.88778643750155,-279.649696305283,30.3677082976039));
#3165=CARTESIAN_POINT('Ctrl Pts',(4.65858978937583,-279.729087998723,30.4769964378883));
#3166=CARTESIAN_POINT('Ctrl Pts',(7.0394639048657,-279.808479692162,31.8985215198179));
#3167=CARTESIAN_POINT('Ctrl Pts',(8.4501497009917,-279.887871385602,34.2858339620786));
#3168=CARTESIAN_POINT('Ctrl Pts',(8.54683931277405,-279.967263079041,37.0571055531245));
#3169=CARTESIAN_POINT('Ctrl Pts',(7.30596785490384,-280.046654772481,39.5369307762819));
#3170=CARTESIAN_POINT('Ctrl Pts',(5.02995658079998,-280.12604646592,41.1209344986628));
#3171=CARTESIAN_POINT('Ctrl Pts',(2.27350773455437,-280.205438159359,41.4230683603793));
#3172=CARTESIAN_POINT('Ctrl Pts',(-0.2915857194775,-280.284829852799,40.3696972555699));
#3173=CARTESIAN_POINT('Ctrl Pts',(-2.04016734580435,-280.364221546238,38.2175454466966));
#3174=CARTESIAN_POINT('Ctrl Pts',(-2.54607838012777,-280.443613239678,35.4911285420919));
#3175=CARTESIAN_POINT('Ctrl Pts',(-1.68601979082917,-280.523004933117,32.8549202166103));
#3176=CARTESIAN_POINT('Ctrl Pts',(0.330397672372182,-280.602396626557,30.9514087965077));
#3177=CARTESIAN_POINT('Ctrl Pts',(3.01173914507557,-280.681788319996,30.2445120437033));
#3178=CARTESIAN_POINT('Ctrl Pts',(5.70451659362845,-280.761180013435,30.906512591233));
#3179=CARTESIAN_POINT('Ctrl Pts',(7.75245484463991,-280.840571706875,32.7760697667183));
#3180=CARTESIAN_POINT('Ctrl Pts',(8.65643688734521,-280.919963400314,35.3975410289737));
#3181=CARTESIAN_POINT('Ctrl Pts',(8.19614708736561,-280.999355093754,38.1320297220202));
#3182=CARTESIAN_POINT('Ctrl Pts',(6.48376581387866,-281.078746787193,40.3130949403426));
#3183=CARTESIAN_POINT('Ctrl Pts',(3.93662919608173,-281.158138480633,41.4091743912231));
#3184=CARTESIAN_POINT('Ctrl Pts',(1.17551728633057,-281.237530174072,41.1531350696437));
#3185=CARTESIAN_POINT('Ctrl Pts',(-1.12664048398141,-281.316921867512,39.6073780664389));
#3186=CARTESIAN_POINT('Ctrl Pts',(-2.4087695296906,-281.396313560951,37.1486303724871));
#3187=CARTESIAN_POINT('Ctrl Pts',(-2.35839342901379,-281.475705254391,34.3761301721543));
#3188=CARTESIAN_POINT('Ctrl Pts',(-0.987789685323651,-281.55509694783,31.9655824148703));
#3189=CARTESIAN_POINT('Ctrl Pts',(1.3690025070068,-281.63448864127,30.5044781494139));
#3190=CARTESIAN_POINT('Ctrl Pts',(4.13759323487901,-281.713880334709,30.3489130700915));
#3191=CARTESIAN_POINT('Ctrl Pts',(6.64323035308346,-281.793272028148,31.5368010043011));
#3192=CARTESIAN_POINT('Ctrl Pts',(8.27524793559347,-281.872663721588,33.7786336748504));
#3193=CARTESIAN_POINT('Ctrl Pts',(8.63589583691729,-281.952055415027,36.5280387384297));
#3194=CARTESIAN_POINT('Ctrl Pts',(7.63727809517305,-282.031447108467,39.1149399190391));
#3195=CARTESIAN_POINT('Ctrl Pts',(5.52277465695333,-282.110838801906,40.9088658712794));
#3196=CARTESIAN_POINT('Ctrl Pts',(2.80772558918385,-282.190230495346,41.4726066556551));
#3197=CARTESIAN_POINT('Ctrl Pts',(0.15383403360504,-282.269622188785,40.6687691574056));
#3198=CARTESIAN_POINT('Ctrl Pts',(-1.79210198281128,-282.349013882225,38.6932621003749));
#3199=CARTESIAN_POINT('Ctrl Pts',(-2.55582511017993,-282.428405575664,36.0275497946137));
#3200=CARTESIAN_POINT('Ctrl Pts',(-1.95120317181254,-282.507797269104,33.3213111828114));
#3201=CARTESIAN_POINT('Ctrl Pts',(-0.12559270757141,-282.587188962543,31.234102150343));
#3202=CARTESIAN_POINT('Ctrl Pts',(2.47607429434368,-282.666580655983,30.2746106581917));
#3203=CARTESIAN_POINT('Ctrl Pts',(5.21972780942891,-282.745972349422,30.6766809275787));
#3204=CARTESIAN_POINT('Ctrl Pts',(7.43669331082919,-282.825364042861,32.3423216685446));
#3205=CARTESIAN_POINT('Ctrl Pts',(8.58665900277581,-282.904755736301,34.8655882061324));
#3206=CARTESIAN_POINT('Ctrl Pts',(8.38935889660286,-282.98414742974,37.6315180281758));
#3207=CARTESIAN_POINT('Ctrl Pts',(6.89287834799329,-283.06353912318,39.9660074969885));
#3208=CARTESIAN_POINT('Ctrl Pts',(4.46193484670574,-283.142930816619,41.3001022484632));
#3209=CARTESIAN_POINT('Ctrl Pts',(1.68899022751546,-283.222322510059,41.308660943937));
#3210=CARTESIAN_POINT('Ctrl Pts',(-0.750142247794447,-283.301714203498,
39.9895976853124));
#3211=CARTESIAN_POINT('Ctrl Pts',(-2.26100495369028,-283.381105896938,37.6643903835224));
#3212=CARTESIAN_POINT('Ctrl Pts',(-2.47537522668589,-283.460497590377,34.8997311823875));
#3213=CARTESIAN_POINT('Ctrl Pts',(-1.34100742421779,-283.539889283816,32.3694140478985));
#3214=CARTESIAN_POINT('Ctrl Pts',(0.865633933167058,-283.619280977256,30.6901198413215));
#3215=CARTESIAN_POINT('Ctrl Pts',(3.6067532173125,-283.698672670695,30.2711208169185));
#3216=CARTESIAN_POINT('Ctrl Pts',(6.21429353608483,-283.778064364135,31.214534087093));
#3217=CARTESIAN_POINT('Ctrl Pts',(8.05275343883677,-283.857456057574,33.2904339638541));
#3218=CARTESIAN_POINT('Ctrl Pts',(8.67406931299598,-283.936847751014,35.9928887177557));
#3219=CARTESIAN_POINT('Ctrl Pts',(7.92681602565336,-284.016239444453,38.6632646532587));
#3220=CARTESIAN_POINT('Ctrl Pts',(5.99311177635618,-284.095631137893,40.6507462226395));
#3221=CARTESIAN_POINT('Ctrl Pts',(3.34423282753333,-284.175022831332,41.4709507256915));
#3222=CARTESIAN_POINT('Ctrl Pts',(0.625755549537051,-284.254414524772,40.9239805241292));
#3223=CARTESIAN_POINT('Ctrl Pts',(-1.49978140335444,-284.333806218211,39.1431414594467));
#3224=CARTESIAN_POINT('Ctrl Pts',(-2.51434891108504,-284.41319791165,36.5624539765472));
#3225=CARTESIAN_POINT('Ctrl Pts',(-2.17067980061555,-284.49258960509,33.8108750379117));
#3226=CARTESIAN_POINT('Ctrl Pts',(-0.552532017029202,-284.571981298529,
31.5590107299744));
#3227=CARTESIAN_POINT('Ctrl Pts',(1.94572459803409,-284.651372991969,30.3556782737771));
#3228=CARTESIAN_POINT('Ctrl Pts',(4.71522287031316,-284.730764685408,30.4941500387609));
#3229=CARTESIAN_POINT('Ctrl Pts',(7.0809894729986,-284.810156378848,31.9406781207202));
#3230=CARTESIAN_POINT('Ctrl Pts',(8.46644727332756,-284.889548072287,34.3427192976296));
#3231=CARTESIAN_POINT('Ctrl Pts',(8.53393690389982,-284.968939765727,37.1148556934441));
#3232=CARTESIAN_POINT('Ctrl Pts',(7.26700998338723,-285.048331459166,39.5814710760571));
#3233=CARTESIAN_POINT('Ctrl Pts',(4.97443796914909,-285.127723152606,41.1414096603016));
#3234=CARTESIAN_POINT('Ctrl Pts',(2.214959129564,-285.207114846045,41.4144884093209));
#3235=CARTESIAN_POINT('Ctrl Pts',(-0.338894879693471,-285.286506539484,
40.3341529087003));
#3236=CARTESIAN_POINT('Ctrl Pts',(-2.06470736561558,-285.365898232924,38.1637002410701));
#3237=CARTESIAN_POINT('Ctrl Pts',(-2.54186770493132,-285.445289926363,35.4321037630999));
#3238=CARTESIAN_POINT('Ctrl Pts',(-1.65408624596839,-285.524681619803,32.8051048513741));
#3239=CARTESIAN_POINT('Ctrl Pts',(0.382274783668957,-285.604073313242,30.922935694267));
#3240=CARTESIAN_POINT('Ctrl Pts',(3.07090883570017,-285.683465006682,30.2443375659523));
#3241=CARTESIAN_POINT('Ctrl Pts',(5.75657392894049,-285.762856700121,30.9346411837698));
#3242=CARTESIAN_POINT('Ctrl Pts',(7.78467500514965,-285.842248393561,32.8257232184866));
#3243=CARTESIAN_POINT('Ctrl Pts',(8.66103425499804,-285.921640087,35.4564294121089));
#3244=CARTESIAN_POINT('Ctrl Pts',(8.17179817614328,-286.001031780439,38.1861259678787));
#3245=CARTESIAN_POINT('Ctrl Pts',(7.01500272387947,-286.053959576066,39.6274391752575));
#3246=CARTESIAN_POINT('Ctrl Pts',(6.29917795895772,-286.080423473879,40.1662642480665));
#3247=CARTESIAN_POINT('Ctrl Pts',(5.63215707878894,-275.652529944374,30.9173659356061));
#3248=CARTESIAN_POINT('Ctrl Pts',(6.45421668660613,-275.678993842187,31.3452803947131));
#3249=CARTESIAN_POINT('Ctrl Pts',(7.87980557334927,-275.731921637813,32.6189326616294));
#3250=CARTESIAN_POINT('Ctrl Pts',(8.84358985785945,-275.811313331252,35.3207298467171));
#3251=CARTESIAN_POINT('Ctrl Pts',(8.3972275008194,-275.890705024692,38.1539675835843));
#3252=CARTESIAN_POINT('Ctrl Pts',(6.64986741857016,-275.970096718131,40.4286161904796));
#3253=CARTESIAN_POINT('Ctrl Pts',(4.02721876267825,-276.049488411571,41.5900521861672));
#3254=CARTESIAN_POINT('Ctrl Pts',(1.16853912769885,-276.12888010501,41.3553226222877));
#3255=CARTESIAN_POINT('Ctrl Pts',(-1.22949638222664,-276.20827179845,39.7815828403594));
#3256=CARTESIAN_POINT('Ctrl Pts',(-2.58243058516354,-276.287663491889,37.2524033033514));
#3257=CARTESIAN_POINT('Ctrl Pts',(-2.56053778828495,-276.367055185329,34.3841765956795));
#3258=CARTESIAN_POINT('Ctrl Pts',(-1.16915032398477,-276.446446878768,31.8759428881495));
#3259=CARTESIAN_POINT('Ctrl Pts',(1.25262574546095,-276.525838572208,30.3389985942372));
#3260=CARTESIAN_POINT('Ctrl Pts',(4.11456354808647,-276.605230265647,30.1479239804537));
#3261=CARTESIAN_POINT('Ctrl Pts',(6.71916036030526,-276.684621959086,31.3492866454233));
#3262=CARTESIAN_POINT('Ctrl Pts',(8.43163226397003,-276.764013652526,33.6502945240633));
#3263=CARTESIAN_POINT('Ctrl Pts',(8.83462097232291,-276.843405345965,36.4901531725695));
#3264=CARTESIAN_POINT('Ctrl Pts',(7.82991138845878,-276.922797039405,39.1767413035281));
#3265=CARTESIAN_POINT('Ctrl Pts',(5.66236812857998,-277.002188732844,41.0552921616537));
#3266=CARTESIAN_POINT('Ctrl Pts',(2.86025796345215,-277.081580426284,41.6679713044714));
#3267=CARTESIAN_POINT('Ctrl Pts',(0.106502285987638,-277.160972119723,40.8654585109732));
#3268=CARTESIAN_POINT('Ctrl Pts',(-1.92776230854596,-277.240363813163,38.8433396544049));
#3269=CARTESIAN_POINT('Ctrl Pts',(-2.74675131021726,-277.319755506602,36.0944391236291));
#3270=CARTESIAN_POINT('Ctrl Pts',(-2.150863318545,-277.399147200042,33.2887102319898));
#3271=CARTESIAN_POINT('Ctrl Pts',(-0.285326263766641,-277.478538893481,
31.1099563198795));
#3272=CARTESIAN_POINT('Ctrl Pts',(2.39519708405822,-277.557930586921,30.0891763759036));
#3273=CARTESIAN_POINT('Ctrl Pts',(5.23741808204521,-277.63732228036,30.4751516481967));
#3274=CARTESIAN_POINT('Ctrl Pts',(7.54863964925529,-277.716713973799,32.1738134684305));
#3275=CARTESIAN_POINT('Ctrl Pts',(8.76557820070509,-277.796105667239,34.7711693690013));
#3276=CARTESIAN_POINT('Ctrl Pts',(8.59164533497291,-277.875497360678,37.6342000133471));
#3277=CARTESIAN_POINT('Ctrl Pts',(7.06923141806333,-277.954889054118,40.0651366595478));
#3278=CARTESIAN_POINT('Ctrl Pts',(4.56937433795006,-278.034280747557,41.4715191435292));
#3279=CARTESIAN_POINT('Ctrl Pts',(1.70133132812067,-278.113672440997,41.510588389889));
#3280=CARTESIAN_POINT('Ctrl Pts',(-0.835907271699461,-278.193064134436,
40.1728225659031));
#3281=CARTESIAN_POINT('Ctrl Pts',(-2.42397372268152,-278.272455827876,37.7842577123755));
#3282=CARTESIAN_POINT('Ctrl Pts',(-2.67582950961709,-278.351847521315,34.9270272745512));
#3283=CARTESIAN_POINT('Ctrl Pts',(-1.53009313945724,-278.431239214755,32.2974863864236));
#3284=CARTESIAN_POINT('Ctrl Pts',(0.734000156014936,-278.510630908194,30.5364984075776));
#3285=CARTESIAN_POINT('Ctrl Pts',(3.56465274463428,-278.590022601633,30.0732457391721));
#3286=CARTESIAN_POINT('Ctrl Pts',(6.2719869614627,-278.669414295073,31.020630851274));
#3287=CARTESIAN_POINT('Ctrl Pts',(8.19617990374561,-278.748805988512,33.1477600511842));
#3288=CARTESIAN_POINT('Ctrl Pts',(8.86827337461719,-278.828197681952,35.9362161614097));
#3289=CARTESIAN_POINT('Ctrl Pts',(8.12446688645522,-278.907589375391,38.7064055088028));
#3290=CARTESIAN_POINT('Ctrl Pts',(6.14603859585226,-278.986981068831,40.7831863376781));
#3291=CARTESIAN_POINT('Ctrl Pts',(3.4151647666339,-279.06637276227,41.6604122157349));
#3292=CARTESIAN_POINT('Ctrl Pts',(0.597405301176065,-279.14576445571,41.1242884361233));
#3293=CARTESIAN_POINT('Ctrl Pts',(-1.62050440663971,-279.225156149149,39.3054773848542));
#3294=CARTESIAN_POINT('Ctrl Pts',(-2.69802244205385,-279.304547842588,36.6472539187778));
#3295=CARTESIAN_POINT('Ctrl Pts',(-2.37253952931527,-279.383939536028,33.7974718243436));
#3296=CARTESIAN_POINT('Ctrl Pts',(-0.723381330894966,-279.463331229467,
31.4506709489336));
#3297=CARTESIAN_POINT('Ctrl Pts',(1.84752455120679,-279.542722922907,30.178806153597));
#3298=CARTESIAN_POINT('Ctrl Pts',(4.71360509497707,-279.622114616346,30.291852289593));
#3299=CARTESIAN_POINT('Ctrl Pts',(7.17634824669006,-279.701506309786,31.7622581114438));
#3300=CARTESIAN_POINT('Ctrl Pts',(8.63554206169498,-279.780898003225,34.2316609790403));
#3301=CARTESIAN_POINT('Ctrl Pts',(8.7355564546062,-279.860289696665,37.0982258629131));
#3302=CARTESIAN_POINT('Ctrl Pts',(7.45201623501033,-279.939681390104,39.6633226675039));
#3303=CARTESIAN_POINT('Ctrl Pts',(5.09774175151143,-280.019073083544,41.3017941407338));
#3304=CARTESIAN_POINT('Ctrl Pts',(2.24650930920238,-280.098464776983,41.6143172153482));
#3305=CARTESIAN_POINT('Ctrl Pts',(-0.406787770354076,-280.177856470423,
40.5247247594918));
#3306=CARTESIAN_POINT('Ctrl Pts',(-2.21549634399556,-280.257248163862,38.2985687883438));
#3307=CARTESIAN_POINT('Ctrl Pts',(-2.73880369865581,-280.336639857301,35.478400969791));
#3308=CARTESIAN_POINT('Ctrl Pts',(-1.84917102673638,-280.416031550741,32.7515436538877));
#3309=CARTESIAN_POINT('Ctrl Pts',(0.236583220489703,-280.49542324418,30.7825778511322));
#3310=CARTESIAN_POINT('Ctrl Pts',(3.01012563768114,-280.57481493762,30.0513736578441));
#3311=CARTESIAN_POINT('Ctrl Pts',(5.79549726962327,-280.654206631059,30.7361378393067));
#3312=CARTESIAN_POINT('Ctrl Pts',(7.91385618242612,-280.733598324499,32.6699818425269));
#3313=CARTESIAN_POINT('Ctrl Pts',(8.84892266513512,-280.812990017938,35.381595344698));
#3314=CARTESIAN_POINT('Ctrl Pts',(8.37280528231,-280.892381711378,38.2101125092232));
#3315=CARTESIAN_POINT('Ctrl Pts',(6.60154185138566,-280.971773404817,40.4661761099473));
#3316=CARTESIAN_POINT('Ctrl Pts',(3.96681907408916,-281.051165098257,41.5999454864244));
#3317=CARTESIAN_POINT('Ctrl Pts',(1.11076322358748,-281.130556791696,41.3351019645908));
#3318=CARTESIAN_POINT('Ctrl Pts',(-1.27055683282053,-281.209948485135,39.736192367024));
#3319=CARTESIAN_POINT('Ctrl Pts',(-2.59677332885016,-281.289340178575,37.192897866204));
#3320=CARTESIAN_POINT('Ctrl Pts',(-2.54466498925141,-281.368731872014,34.3250621259312));
#3321=CARTESIAN_POINT('Ctrl Pts',(-1.1269314931692,-281.448123565454,31.8316249708522));
#3322=CARTESIAN_POINT('Ctrl Pts',(1.31090165135144,-281.527515258893,30.3202789907011));
#3323=CARTESIAN_POINT('Ctrl Pts',(4.17469348755295,-281.606906952333,30.1593646310319));
#3324=CARTESIAN_POINT('Ctrl Pts',(6.76648975825425,-281.686298645772,31.3880994288711));
#3325=CARTESIAN_POINT('Ctrl Pts',(8.45462610223511,-281.765690339212,33.7070200390631));
#3326=CARTESIAN_POINT('Ctrl Pts',(8.82767528756853,-281.845082032651,36.5509664903107));
#3327=CARTESIAN_POINT('Ctrl Pts',(7.79471895079315,-281.92447372609,39.2268211796685));
#3328=CARTESIAN_POINT('Ctrl Pts',(5.6075059318983,-282.00386541953,41.0824332949067));
#3329=CARTESIAN_POINT('Ctrl Pts',(2.79909684604527,-282.083257112969,41.6655589406643));
#3330=CARTESIAN_POINT('Ctrl Pts',(0.0539482422746358,-282.162648806409,
40.8340805852886));
#3331=CARTESIAN_POINT('Ctrl Pts',(-1.95890097428923,-282.242040499848,38.7906434945955));
#3332=CARTESIAN_POINT('Ctrl Pts',(-2.74888558099111,-282.321432193288,36.0332676708427));
#3333=CARTESIAN_POINT('Ctrl Pts',(-2.12347303674857,-282.400823886727,33.2339719984018));
#3334=CARTESIAN_POINT('Ctrl Pts',(-0.235086901902314,-282.480215580167,
31.0749919341209));
#3335=CARTESIAN_POINT('Ctrl Pts',(2.45604134814621,-282.559607273606,30.0825072470688));
#3336=CARTESIAN_POINT('Ctrl Pts',(5.2940384774313,-282.638998967045,30.4984031552137));
#3337=CARTESIAN_POINT('Ctrl Pts',(7.58723683287403,-282.718390660485,32.221318827798));
#3338=CARTESIAN_POINT('Ctrl Pts',(8.77674538946721,-282.797782353924,34.8313507253107));
#3339=CARTESIAN_POINT('Ctrl Pts',(8.57266089707492,-282.877174047364,37.6923901574415));
#3340=CARTESIAN_POINT('Ctrl Pts',(7.02472218045712,-282.956565740803,40.1071536741938));
#3341=CARTESIAN_POINT('Ctrl Pts',(4.51018795076085,-283.035957434243,41.487122775271));
#3342=CARTESIAN_POINT('Ctrl Pts',(1.64189250978783,-283.115349127682,41.4959757711217));
#3343=CARTESIAN_POINT('Ctrl Pts',(-0.881112281019563,-283.194740821122,
40.1315550376948));
#3344=CARTESIAN_POINT('Ctrl Pts',(-2.44392770158956,-283.274132514561,37.7263928657258));
#3345=CARTESIAN_POINT('Ctrl Pts',(-2.66566933770381,-283.353524208001,34.8666677462335));
#3346=CARTESIAN_POINT('Ctrl Pts',(-1.49229502157487,-283.43291590144,32.2493428091095));
#3347=CARTESIAN_POINT('Ctrl Pts',(0.79022418254025,-283.512307594879,30.5123041811315));
#3348=CARTESIAN_POINT('Ctrl Pts',(3.62559993850232,-283.591699288319,30.0788974036755));
#3349=CARTESIAN_POINT('Ctrl Pts',(6.32280346601885,-283.671090981758,31.0547510009914));
#3350=CARTESIAN_POINT('Ctrl Pts',(8.22448088178164,-283.750482675198,33.2020330315173));
#3351=CARTESIAN_POINT('Ctrl Pts',(8.86716140158784,-283.829874368637,35.9974147338446));
#3352=CARTESIAN_POINT('Ctrl Pts',(8.09421296889869,-283.909266062077,38.7596145514969));
#3353=CARTESIAN_POINT('Ctrl Pts',(6.09401612253367,-283.988657755516,40.815437911625));
#3354=CARTESIAN_POINT('Ctrl Pts',(3.35405248964417,-284.068049448956,41.6638460696851));
#3355=CARTESIAN_POINT('Ctrl Pts',(0.542097310697116,-284.147441142395,41.0980676821069));
#3356=CARTESIAN_POINT('Ctrl Pts',(-1.65652862269012,-284.226832835835,39.2559924617849));
#3357=CARTESIAN_POINT('Ctrl Pts',(-2.70598317610736,-284.306224529274,36.5865651351265));
#3358=CARTESIAN_POINT('Ctrl Pts',(-2.35049661646205,-284.385616222714,33.740370057682));
#3359=CARTESIAN_POINT('Ctrl Pts',(-0.67670700005182,-284.465007916153,31.4110728609595));
#3360=CARTESIAN_POINT('Ctrl Pts',(1.90745498060078,-284.544399609592,30.1663624638607));
#3361=CARTESIAN_POINT('Ctrl Pts',(4.77218556814506,-284.623791303032,30.3095957363386));
#3362=CARTESIAN_POINT('Ctrl Pts',(7.21930171822179,-284.703182996471,31.805864314517));
#3363=CARTESIAN_POINT('Ctrl Pts',(8.65240004439913,-284.782574689911,34.2905023808807));
#3364=CARTESIAN_POINT('Ctrl Pts',(8.72221038188069,-284.86196638335,37.1579618068075));
#3365=CARTESIAN_POINT('Ctrl Pts',(7.4117187532331,-284.94135807679,39.7093945356187));
#3366=CARTESIAN_POINT('Ctrl Pts',(5.04031406991066,-285.020749770229,41.322973363851));
#3367=CARTESIAN_POINT('Ctrl Pts',(2.18594744453079,-285.100141463669,41.6054422330156));
#3368=CARTESIAN_POINT('Ctrl Pts',(-0.455723709292288,-285.179533157108,
40.4879581802486));
#3369=CARTESIAN_POINT('Ctrl Pts',(-2.24088020000871,-285.258924850547,38.242872054717));
#3370=CARTESIAN_POINT('Ctrl Pts',(-2.73444823465345,-285.338316543987,35.4173465573388));
#3371=CARTESIAN_POINT('Ctrl Pts',(-1.81613941099317,-285.417708237426,32.7000153312487));
#3372=CARTESIAN_POINT('Ctrl Pts',(0.290244184648029,-285.497099930866,30.7531256692234));
#3373=CARTESIAN_POINT('Ctrl Pts',(3.07132994471555,-285.576491624305,30.0511931804792));
#3374=CARTESIAN_POINT('Ctrl Pts',(5.84934465500248,-285.655883317745,30.7652336651577));
#3375=CARTESIAN_POINT('Ctrl Pts',(7.94718426941997,-285.735275011184,32.7213426841211));
#3376=CARTESIAN_POINT('Ctrl Pts',(8.8536781184492,-285.814666704624,35.4425086711683));
#3377=CARTESIAN_POINT('Ctrl Pts',(8.34761910636969,-285.894058398063,38.2660689153829));
#3378=CARTESIAN_POINT('Ctrl Pts',(7.15104594046366,-285.946986193689,39.7569432996489));
#3379=CARTESIAN_POINT('Ctrl Pts',(6.41060673531278,-285.973450091503,40.3142964790539));
#3380=CARTESIAN_POINT('Ctrl Pts',(3.05866514063291,-285.897064658373,30.8430745713761));
#3381=CARTESIAN_POINT('Ctrl Pts',(2.22819386955227,-285.870716464914,30.8431149738611));
#3382=CARTESIAN_POINT('Ctrl Pts',(1.39770657694265,-285.844368271454,31.0536502919726));
#3383=CARTESIAN_POINT('Ctrl Pts',(0.667571771432408,-285.818020077995,31.4493555343235));
#3384=CARTESIAN_POINT('Ctrl Pts',(-0.0657693174989332,-285.791556180182,
31.8467984601112));
#3385=CARTESIAN_POINT('Ctrl Pts',(-0.697874616708786,-285.765092282369,
32.4310411758681));
#3386=CARTESIAN_POINT('Ctrl Pts',(-1.15171505457508,-285.738628384556,33.130884914246));
#3387=CARTESIAN_POINT('Ctrl Pts',(-1.6055554924414,-285.712164486742,33.830728652624));
#3388=CARTESIAN_POINT('Ctrl Pts',(-1.88113106896415,-285.685700588929,34.6461734136231));
#3389=CARTESIAN_POINT('Ctrl Pts',(-1.94486136578256,-285.659236691116,35.4778522006483));
#3390=CARTESIAN_POINT('Ctrl Pts',(-2.00859166260097,-285.632772793303,36.3095309876735));
#3391=CARTESIAN_POINT('Ctrl Pts',(-1.86047667971507,-285.60630889549,37.1574438007248));
#3392=CARTESIAN_POINT('Ctrl Pts',(-1.51856510888323,-285.579844997677,37.9182644992217));
#3393=CARTESIAN_POINT('Ctrl Pts',(-1.17665353805137,-285.553381099864,38.6790851977187));
#3394=CARTESIAN_POINT('Ctrl Pts',(-0.640945379273553,-285.52691720205,39.3528137816612));
#3395=CARTESIAN_POINT('Ctrl Pts',(0.0232786534697257,-285.500453304237,
39.857351139687));
#3396=CARTESIAN_POINT('Ctrl Pts',(0.687502686213004,-285.473989406424,40.3618884977129));
#3397=CARTESIAN_POINT('Ctrl Pts',(1.48024259292174,-285.447525508611,40.6972346298221));
#3398=CARTESIAN_POINT('Ctrl Pts',(2.30489642427535,-285.421061610798,40.8225246110886));
#3399=CARTESIAN_POINT('Ctrl Pts',(3.12955025562894,-285.394597712985,40.9478145923551));
#3400=CARTESIAN_POINT('Ctrl Pts',(3.9861180116274,-285.368133815172,40.8630484227788));
#3401=CARTESIAN_POINT('Ctrl Pts',(4.77021966897154,-285.341669917358,40.5785556552793));
#3402=CARTESIAN_POINT('Ctrl Pts',(5.5543213263157,-285.315206019545,40.2940628877797));
#3403=CARTESIAN_POINT('Ctrl Pts',(6.26595688500553,-285.288742121732,39.8098435223568));
#3404=CARTESIAN_POINT('Ctrl Pts',(6.8184075817242,-285.262278223919,39.1849037246092));
#3405=CARTESIAN_POINT('Ctrl Pts',(7.37085827844288,-285.235814326106,38.5599639268617));
#3406=CARTESIAN_POINT('Ctrl Pts',(7.76412411319039,-285.209350428293,37.7943036967895));
#3407=CARTESIAN_POINT('Ctrl Pts',(7.95028232777188,-285.182886530479,36.9812251924884));
#3408=CARTESIAN_POINT('Ctrl Pts',(8.13644054235335,-285.156422632666,36.1681466881873));
#3409=CARTESIAN_POINT('Ctrl Pts',(8.11549113676881,-285.129958734853,35.3076499096573));
#3410=CARTESIAN_POINT('Ctrl Pts',(7.88998697587119,-285.10349483704,34.5045936207256));
#3411=CARTESIAN_POINT('Ctrl Pts',(7.66448281497355,-285.077030939227,33.7015373317938));
#3412=CARTESIAN_POINT('Ctrl Pts',(7.23442389876281,-285.050567041414,32.9559215324603));
#3413=CARTESIAN_POINT('Ctrl Pts',(6.65221652267362,-285.024103143601,32.35860578454));
#3414=CARTESIAN_POINT('Ctrl Pts',(6.07000914658446,-284.997639245787,31.7612900366197));
#3415=CARTESIAN_POINT('Ctrl Pts',(5.33565331061688,-284.971175347974,31.3122743401127));
#3416=CARTESIAN_POINT('Ctrl Pts',(4.53863645234165,-284.944711450161,31.0662750335266));
#3417=CARTESIAN_POINT('Ctrl Pts',(4.06030812033906,-284.928829186232,30.9186389618784));
#3418=CARTESIAN_POINT('Ctrl Pts',(3.55941066593785,-284.912946922302,30.8441249298062));
#3419=CARTESIAN_POINT('Ctrl Pts',(3.0585888147652,-284.897064658373,30.8438651480224));
#3420=CARTESIAN_POINT('Ctrl Pts',(6.41060673531278,-285.973450091503,40.3142964790539));
#3421=CARTESIAN_POINT('Ctrl Pts',(6.53200542311607,-285.973450091503,40.2131456166249));
#3422=CARTESIAN_POINT('Ctrl Pts',(6.64874484606452,-285.973450091503,40.106950652489));
#3423=CARTESIAN_POINT('Ctrl Pts',(6.76062143473842,-285.973450091503,39.9961091407639));
#3424=CARTESIAN_POINT('Ctrl Pts',(6.87366521151418,-285.973450091503,39.8841112397065));
#3425=CARTESIAN_POINT('Ctrl Pts',(6.98174462726934,-285.973450091503,39.7673687419912));
#3426=CARTESIAN_POINT('Ctrl Pts',(7.08461304522271,-285.973450091503,39.6462532608147));
#3427=CARTESIAN_POINT('Ctrl Pts',(7.18715085605546,-285.973450091503,39.5255270306958));
#3428=CARTESIAN_POINT('Ctrl Pts',(7.2845114981646,-285.973450091503,39.4004552262442));
#3429=CARTESIAN_POINT('Ctrl Pts',(7.37640819263255,-285.973450091503,39.2713772967121));
#3430=CARTESIAN_POINT('Ctrl Pts',(7.46728825189437,-285.973450091503,39.1437273311373));
#3431=CARTESIAN_POINT('Ctrl Pts',(7.55282490161873,-285.973450091503,39.0121587537763));
#3432=CARTESIAN_POINT('Ctrl Pts',(7.63269401596624,-285.973450091503,38.8769814734341));
#3433=CARTESIAN_POINT('Ctrl Pts',(7.67221764944733,-285.973450091503,38.810088315461));
#3434=CARTESIAN_POINT('Ctrl Pts',(7.7103526546075,-285.973450091503,38.7423112267456));
#3435=CARTESIAN_POINT('Ctrl Pts',(7.74705508089085,-285.973450091503,38.6736867856217));
#3436=CARTESIAN_POINT('Ctrl Pts',(7.75634377689765,-285.973450091503,38.6563192261226));
#3437=CARTESIAN_POINT('Ctrl Pts',(7.76554036252978,-285.973450091503,38.6388979206465));
#3438=CARTESIAN_POINT('Ctrl Pts',(7.77463811801666,-285.973450091503,38.6214352798691));
#3439=CARTESIAN_POINT('Ctrl Pts',(7.84720342364603,-285.973450091503,38.4821501708184));
#3440=CARTESIAN_POINT('Ctrl Pts',(7.91358920251629,-285.973450091503,38.3400438899717));
#3441=CARTESIAN_POINT('Ctrl Pts',(7.97355279701245,-285.973450091503,38.195464090741));
#3442=CARTESIAN_POINT('Ctrl Pts',(7.9851532392193,-285.973450091503,38.1674939595415));
#3443=CARTESIAN_POINT('Ctrl Pts',(7.99651318611684,-285.973450091503,38.1394311814747));
#3444=CARTESIAN_POINT('Ctrl Pts',(8.00763067713305,-285.973450091503,38.1112781761114));
#3445=CARTESIAN_POINT('Ctrl Pts',(8.06513484612071,-285.973450091503,37.9656594231427));
#3446=CARTESIAN_POINT('Ctrl Pts',(8.11615648625184,-285.973450091503,37.8176278622312));
#3447=CARTESIAN_POINT('Ctrl Pts',(8.16065708264071,-285.973450091503,37.6676338523504));
#3448=CARTESIAN_POINT('Ctrl Pts',(8.20520803712084,-285.973450091503,37.517470105148));
#3449=CARTESIAN_POINT('Ctrl Pts',(8.24322325067542,-285.973450091503,37.3653386824519));
#3450=CARTESIAN_POINT('Ctrl Pts',(8.27461253727116,-285.973450091503,37.2116844271932));
#3451=CARTESIAN_POINT('Ctrl Pts',(8.30364365295232,-285.973450091503,37.0695736963325));
#3452=CARTESIAN_POINT('Ctrl Pts',(8.32700652589473,-285.973450091503,36.926159799543));
#3453=CARTESIAN_POINT('Ctrl Pts',(8.34458979816782,-285.973450091503,36.7817980203758));
#3454=CARTESIAN_POINT('Ctrl Pts',(8.34805724780792,-285.973450091503,36.7533296447831));
#3455=CARTESIAN_POINT('Ctrl Pts',(8.3512998163883,-285.973450091503,36.7248244324446));
#3456=CARTESIAN_POINT('Ctrl Pts',(8.35431647060609,-285.973450091503,36.6962851512601));
#3457=CARTESIAN_POINT('Ctrl Pts',(8.3572134106061,-285.973450091503,36.6688784353203));
#3458=CARTESIAN_POINT('Ctrl Pts',(8.35990240656611,-285.973450091503,36.6414350414901));
#3459=CARTESIAN_POINT('Ctrl Pts',(8.36237991952871,-285.973450091503,36.6139885536321));
#3460=CARTESIAN_POINT('Ctrl Pts',(8.37631015695698,-285.973450091503,36.4596660139703));
#3461=CARTESIAN_POINT('Ctrl Pts',(8.383578320594,-285.973450091503,36.3050845903131));
#3462=CARTESIAN_POINT('Ctrl Pts',(8.38415300097761,-285.973450091503,36.1506764671103));
#3463=CARTESIAN_POINT('Ctrl Pts',(8.38472469850483,-285.973450091503,35.9970697933242));
#3464=CARTESIAN_POINT('Ctrl Pts',(8.37867220762792,-285.973450091503,35.8436338713512));
#3465=CARTESIAN_POINT('Ctrl Pts',(8.36591341379943,-285.973450091503,35.6907941478462));
#3466=CARTESIAN_POINT('Ctrl Pts',(8.36001919559745,-285.973450091503,35.6201863229705));
#3467=CARTESIAN_POINT('Ctrl Pts',(8.35269300709842,-285.973450091503,35.549705807094));
#3468=CARTESIAN_POINT('Ctrl Pts',(8.34392303633362,-285.973450091503,35.4793952185283));
#3469=CARTESIAN_POINT('Ctrl Pts',(8.32483021971162,-285.973450091503,35.3263243349336));
#3470=CARTESIAN_POINT('Ctrl Pts',(8.29889746434497,-285.973450091503,35.1740573759107));
#3471=CARTESIAN_POINT('Ctrl Pts',(8.26625898588429,-285.973450091503,35.0230244631189));
#3472=CARTESIAN_POINT('Ctrl Pts',(8.2473384780459,-285.973450091503,34.9354707674472));
#3473=CARTESIAN_POINT('Ctrl Pts',(8.22616360485524,-285.973450091503,34.848332134496));
#3474=CARTESIAN_POINT('Ctrl Pts',(8.20275351313782,-285.973450091503,34.7616963298346));
#3475=CARTESIAN_POINT('Ctrl Pts',(8.18966118413063,-285.973450091503,34.7132443855996));
#3476=CARTESIAN_POINT('Ctrl Pts',(8.17586965271078,-285.973450091503,34.6649497709407));
#3477=CARTESIAN_POINT('Ctrl Pts',(8.16138161230181,-285.973450091503,34.6168283417093));
#3478=CARTESIAN_POINT('Ctrl Pts',(8.15562800893395,-285.973450091503,34.5977179852031));
#3479=CARTESIAN_POINT('Ctrl Pts',(8.14976718393478,-285.973450091503,34.578643720429));
#3480=CARTESIAN_POINT('Ctrl Pts',(8.14380048713544,-285.973450091503,34.5596092383001));
#3481=CARTESIAN_POINT('Ctrl Pts',(8.09815779552853,-285.973450091503,34.414003549437));
#3482=CARTESIAN_POINT('Ctrl Pts',(8.04630788439376,-285.973450091503,34.2706707502941));
#3483=CARTESIAN_POINT('Ctrl Pts',(7.98844447650154,-285.973450091503,34.1300026239445));
#3484=CARTESIAN_POINT('Ctrl Pts',(7.93061995033757,-285.973450091503,33.9894290205424));
#3485=CARTESIAN_POINT('Ctrl Pts',(7.86678965948915,-285.973450091503,33.8515158104838));
#3486=CARTESIAN_POINT('Ctrl Pts',(7.79709909141062,-285.973450091503,33.7166741992699));
#3487=CARTESIAN_POINT('Ctrl Pts',(7.72844034090955,-285.973450091503,33.5838290123708));
#3488=CARTESIAN_POINT('Ctrl Pts',(7.65409315072518,-285.973450091503,33.4539645556463));
#3489=CARTESIAN_POINT('Ctrl Pts',(7.57415594997389,-285.973450091503,33.327503110825));
#3490=CARTESIAN_POINT('Ctrl Pts',(7.51923541471927,-285.973450091503,33.2406182790648));
#3491=CARTESIAN_POINT('Ctrl Pts',(7.46167537721786,-285.973450091503,33.1553403776484));
#3492=CARTESIAN_POINT('Ctrl Pts',(7.40149781081302,-285.973450091503,33.0718166652144));
#3493=CARTESIAN_POINT('Ctrl Pts',(7.36769916458805,-285.973450091503,33.0249056886395));
#3494=CARTESIAN_POINT('Ctrl Pts',(7.33307466769128,-285.973450091503,32.9785482408865));
#3495=CARTESIAN_POINT('Ctrl Pts',(7.29764089847663,-285.973450091503,32.9327630002793));
#3496=CARTESIAN_POINT('Ctrl Pts',(7.27392735051805,-285.973450091503,32.9021218767691));
#3497=CARTESIAN_POINT('Ctrl Pts',(7.24985133632311,-285.973450091503,32.8717370503666));
#3498=CARTESIAN_POINT('Ctrl Pts',(7.22541769371039,-285.973450091503,32.8416143619398));
#3499=CARTESIAN_POINT('Ctrl Pts',(7.21080807333835,-285.973450091503,32.8236030875066));
#3500=CARTESIAN_POINT('Ctrl Pts',(7.19607609099751,-285.973450091503,32.8056923509386));
#3501=CARTESIAN_POINT('Ctrl Pts',(7.18122613893664,-285.973450091503,32.7878868208936));
#3502=CARTESIAN_POINT('Ctrl Pts',(7.08480661886047,-285.973450091503,32.6722769755147));
#3503=CARTESIAN_POINT('Ctrl Pts',(6.98337581428876,-285.973450091503,32.5610488874457));
#3504=CARTESIAN_POINT('Ctrl Pts',(6.87728440693908,-285.973450091503,32.4544777125991));
#3505=CARTESIAN_POINT('Ctrl Pts',(6.77541358667467,-285.973450091503,32.3521462112138));
#3506=CARTESIAN_POINT('Ctrl Pts',(6.66924486789924,-285.973450091503,32.2541083025279));
#3507=CARTESIAN_POINT('Ctrl Pts',(6.55906143040297,-285.973450091503,32.1606433708181));
#3508=CARTESIAN_POINT('Ctrl Pts',(6.51311781651249,-285.973450091503,32.1216709369175));
#3509=CARTESIAN_POINT('Ctrl Pts',(6.46647590054546,-285.973450091503,32.083494047457));
#3510=CARTESIAN_POINT('Ctrl Pts',(6.41915517154014,-285.973450091503,32.0461350076167));
#3511=CARTESIAN_POINT('Ctrl Pts',(6.39107175093716,-285.973450091503,32.0239635480638));
#3512=CARTESIAN_POINT('Ctrl Pts',(6.36274457939049,-285.973450091503,32.0020767796187));
#3513=CARTESIAN_POINT('Ctrl Pts',(6.33420411585957,-285.973450091503,31.9804991794381));
#3514=CARTESIAN_POINT('Ctrl Pts',(6.21531030153761,-285.973450091503,31.8906112493909));
#3515=CARTESIAN_POINT('Ctrl Pts',(6.09264721083013,-285.973450091503,31.8060271883348));
#3516=CARTESIAN_POINT('Ctrl Pts',(5.96653773925572,-285.973450091504,31.7270403368507));
#3517=CARTESIAN_POINT('Ctrl Pts',(5.84208767767817,-285.973450091504,31.6490928329218));
#3518=CARTESIAN_POINT('Ctrl Pts',(5.71428069695981,-285.973450091505,31.5765958734001));
#3519=CARTESIAN_POINT('Ctrl Pts',(5.58340640459118,-285.973450091505,31.5098774623579));
#3520=CARTESIAN_POINT('Ctrl Pts',(5.54643553761945,-285.973450091505,31.4910300825206));
#3521=CARTESIAN_POINT('Ctrl Pts',(5.50921979874188,-285.973450091505,31.4726441411578));
#3522=CARTESIAN_POINT('Ctrl Pts',(5.47176551814692,-285.973450091506,31.4547277677672));
#3523=CARTESIAN_POINT('Ctrl Pts',(5.4399249736744,-285.973450091506,31.4394967427771));
#3524=CARTESIAN_POINT('Ctrl Pts',(5.40791203261429,-285.973450091506,31.4246050814692));
#3525=CARTESIAN_POINT('Ctrl Pts',(5.3757324283292,-285.973450091506,31.4100545419218));
#3526=CARTESIAN_POINT('Ctrl Pts',(5.37550481775495,-275.973450091503,31.4104164800801));
#3527=CARTESIAN_POINT('Ctrl Pts',(5.5094033607904,-275.973450091503,31.4710265687585));
#3528=CARTESIAN_POINT('Ctrl Pts',(5.64039884089536,-275.973450091503,31.5375569638267));
#3529=CARTESIAN_POINT('Ctrl Pts',(5.76820320964133,-275.973450091503,31.6096662162275));
#3530=CARTESIAN_POINT('Ctrl Pts',(5.89757787747082,-275.973450091503,31.6826614562832));
#3531=CARTESIAN_POINT('Ctrl Pts',(6.0236831762935,-275.973450091503,31.7613738167384));
#3532=CARTESIAN_POINT('Ctrl Pts',(6.14620378505543,-275.973450091503,31.8454998606367));
#3533=CARTESIAN_POINT('Ctrl Pts',(6.20472289867584,-275.973450091503,31.8856807050765));
#3534=CARTESIAN_POINT('Ctrl Pts',(6.2624239455299,-275.973450091503,31.9270972667964));
#3535=CARTESIAN_POINT('Ctrl Pts',(6.31927059801364,-275.973450091503,31.9697201513387));
#3536=CARTESIAN_POINT('Ctrl Pts',(6.34018429049611,-275.973450091503,31.9854009673777));
#3537=CARTESIAN_POINT('Ctrl Pts',(6.36098385634056,-275.973450091503,32.0012462634225));
#3538=CARTESIAN_POINT('Ctrl Pts',(6.38166259191842,-275.973450091503,32.0172508963184));
#3539=CARTESIAN_POINT('Ctrl Pts',(6.50066207104858,-275.973450091503,32.1093524163127));
#3540=CARTESIAN_POINT('Ctrl Pts',(6.61546422010074,-275.973450091503,32.2065724492685));
#3541=CARTESIAN_POINT('Ctrl Pts',(6.72575528139358,-275.973450091503,32.3085862732699));
#3542=CARTESIAN_POINT('Ctrl Pts',(6.83734490612288,-275.973450091503,32.41180120478));
#3543=CARTESIAN_POINT('Ctrl Pts',(6.9443173071557,-275.973450091503,32.5199238619053));
#3544=CARTESIAN_POINT('Ctrl Pts',(7.04631955016347,-275.973450091503,32.6326640941006));
#3545=CARTESIAN_POINT('Ctrl Pts',(7.10159524285433,-275.973450091503,32.693758774423));
#3546=CARTESIAN_POINT('Ctrl Pts',(7.1554108399371,-275.973450091503,32.7562102248917));
#3547=CARTESIAN_POINT('Ctrl Pts',(7.20770564978375,-275.973450091503,32.8199772084991));
#3548=CARTESIAN_POINT('Ctrl Pts',(7.22179923908832,-275.973450091503,32.8371625789171));
#3549=CARTESIAN_POINT('Ctrl Pts',(7.23578246077612,-275.973450091503,32.854443754365));
#3550=CARTESIAN_POINT('Ctrl Pts',(7.24964486685072,-275.973450091503,32.8718081238866));
#3551=CARTESIAN_POINT('Ctrl Pts',(7.27926402096191,-275.973450091503,32.9089097593555));
#3552=CARTESIAN_POINT('Ctrl Pts',(7.30834232897387,-275.973450091503,32.9464040902082));
#3553=CARTESIAN_POINT('Ctrl Pts',(7.33687062402999,-275.973450091503,32.9842809283288));
#3554=CARTESIAN_POINT('Ctrl Pts',(7.42658206268386,-275.973450091503,33.1033902418288));
#3555=CARTESIAN_POINT('Ctrl Pts',(7.51085703884641,-275.973450091503,33.2262788962627));
#3556=CARTESIAN_POINT('Ctrl Pts',(7.58962008775085,-275.973450091503,33.3524987247387));
#3557=CARTESIAN_POINT('Ctrl Pts',(7.6695666799251,-275.973450091503,33.4806152119981));
#3558=CARTESIAN_POINT('Ctrl Pts',(7.74383485087549,-275.973450091503,33.6121643037509));
#3559=CARTESIAN_POINT('Ctrl Pts',(7.81230869487887,-275.973450091503,33.7467163246397));
#3560=CARTESIAN_POINT('Ctrl Pts',(7.88120934934349,-275.973450091503,33.8821070338035));
#3561=CARTESIAN_POINT('Ctrl Pts',(7.94424360001605,-275.973450091503,34.0205388826004));
#3562=CARTESIAN_POINT('Ctrl Pts',(8.00125032292495,-275.973450091503,34.1616039455011));
#3563=CARTESIAN_POINT('Ctrl Pts',(8.04035809676977,-275.973450091503,34.2583774538844));
#3564=CARTESIAN_POINT('Ctrl Pts',(8.07662827791,-275.973450091503,34.3563908383989));
#3565=CARTESIAN_POINT('Ctrl Pts',(8.10999580868611,-275.973450091503,34.4555179693874));
#3566=CARTESIAN_POINT('Ctrl Pts',(8.12472841663476,-275.973450091503,34.4992851024044));
#3567=CARTESIAN_POINT('Ctrl Pts',(8.13889502352943,-275.973450091503,34.5432694010625));
#3568=CARTESIAN_POINT('Ctrl Pts',(8.1524893215498,-275.973450091503,34.5874601938472));
#3569=CARTESIAN_POINT('Ctrl Pts',(8.15939313470026,-275.973450091503,34.6099023218555));
#3570=CARTESIAN_POINT('Ctrl Pts',(8.16614977181511,-275.973450091503,34.6323994553369));
#3571=CARTESIAN_POINT('Ctrl Pts',(8.17275232546793,-275.973450091503,34.6549288058224));
#3572=CARTESIAN_POINT('Ctrl Pts',(8.21626645245675,-275.973450091503,34.8034084804378));
#3573=CARTESIAN_POINT('Ctrl Pts',(8.2531560618657,-275.973450091503,34.9534900650388));
#3574=CARTESIAN_POINT('Ctrl Pts',(8.2833123588728,-275.973450091503,35.1047263443253));
#3575=CARTESIAN_POINT('Ctrl Pts',(8.30079025651606,-275.973450091503,35.1923794208517));
#3576=CARTESIAN_POINT('Ctrl Pts',(8.31600559117886,-275.973450091503,35.2804209807643));
#3577=CARTESIAN_POINT('Ctrl Pts',(8.32893029517995,-275.973450091503,35.3687680212554));
#3578=CARTESIAN_POINT('Ctrl Pts',(8.35109609174613,-275.973450091503,35.5202827117724));
#3579=CARTESIAN_POINT('Ctrl Pts',(8.36652763178225,-275.973450091503,35.672695275191));
#3580=CARTESIAN_POINT('Ctrl Pts',(8.37533066398231,-275.973450091503,35.8255756020668));
#3581=CARTESIAN_POINT('Ctrl Pts',(8.38419659830973,-275.973450091503,35.9795483363738));
#3582=CARTESIAN_POINT('Ctrl Pts',(8.38633899083415,-275.973450091503,36.1339962850122));
#3583=CARTESIAN_POINT('Ctrl Pts',(8.38181371056442,-275.973450091503,36.2884880195385));
#3584=CARTESIAN_POINT('Ctrl Pts',(8.37967168339485,-275.973450091503,36.3616161957186));
#3585=CARTESIAN_POINT('Ctrl Pts',(8.37603496020327,-275.973450091503,36.4347542277972));
#3586=CARTESIAN_POINT('Ctrl Pts',(8.37090540017037,-275.973450091503,36.5078562320827));
#3587=CARTESIAN_POINT('Ctrl Pts',(8.36789433261844,-275.973450091503,36.5507673339459));
#3588=CARTESIAN_POINT('Ctrl Pts',(8.36436882527356,-275.973450091503,36.5936660169785));
#3589=CARTESIAN_POINT('Ctrl Pts',(8.36032883588621,-275.973450091503,36.6365429336256));
#3590=CARTESIAN_POINT('Ctrl Pts',(8.35848737166221,-275.973450091503,36.6560866255689));
#3591=CARTESIAN_POINT('Ctrl Pts',(8.35653900325933,-275.973450091503,36.6756253724967));
#3592=CARTESIAN_POINT('Ctrl Pts',(8.35448529969934,-275.973450091503,36.6951446855521));
#3593=CARTESIAN_POINT('Ctrl Pts',(8.3381327628252,-275.973450091503,36.8505664770489));
#3594=CARTESIAN_POINT('Ctrl Pts',(8.31508596542626,-275.973450091503,37.004976752966));
#3595=CARTESIAN_POINT('Ctrl Pts',(8.28547832127072,-275.973450091503,37.1579335265681));
#3596=CARTESIAN_POINT('Ctrl Pts',(8.25565167971078,-275.973450091503,37.3120216680097));
#3597=CARTESIAN_POINT('Ctrl Pts',(8.21916678179212,-275.973450091503,37.4646354917507));
#3598=CARTESIAN_POINT('Ctrl Pts',(8.17610759029588,-275.973450091503,37.6153291260885));
#3599=CARTESIAN_POINT('Ctrl Pts',(8.13861432242382,-275.973450091503,37.7465437774211));
#3600=CARTESIAN_POINT('Ctrl Pts',(8.09613570648185,-275.973450091503,37.8763029786317));
#3601=CARTESIAN_POINT('Ctrl Pts',(8.04869514345214,-275.973450091503,38.004309129477));
#3602=CARTESIAN_POINT('Ctrl Pts',(7.9943294113632,-275.973450091503,38.1510010668857));
#3603=CARTESIAN_POINT('Ctrl Pts',(7.93344816279118,-275.973450091503,38.2953916939924));
#3604=CARTESIAN_POINT('Ctrl Pts',(7.86630631287135,-275.973450091503,38.4371321448026));
#3605=CARTESIAN_POINT('Ctrl Pts',(7.84593322854329,-275.973450091503,38.4801409412612));
#3606=CARTESIAN_POINT('Ctrl Pts',(7.82498338603428,-275.973450091503,38.5229055831931));
#3607=CARTESIAN_POINT('Ctrl Pts',(7.8034630618905,-275.973450091503,38.5654158939022));
#3608=CARTESIAN_POINT('Ctrl Pts',(7.79151355374359,-275.973450091503,38.5890204316755));
#3609=CARTESIAN_POINT('Ctrl Pts',(7.77938814766334,-275.973450091503,38.6125465498958));
#3610=CARTESIAN_POINT('Ctrl Pts',(7.76708786879161,-275.973450091503,38.6359924743602));
#3611=CARTESIAN_POINT('Ctrl Pts',(7.75713512929617,-275.973450091503,38.6549636847576));
#3612=CARTESIAN_POINT('Ctrl Pts',(7.74706728003884,-275.973450091503,38.6738834174165));
#3613=CARTESIAN_POINT('Ctrl Pts',(7.73689334363487,-275.973450091503,38.6927353234071));
#3614=CARTESIAN_POINT('Ctrl Pts',(7.66238206197564,-275.973450091503,38.8308018122573));
#3615=CARTESIAN_POINT('Ctrl Pts',(7.58208588679411,-275.973450091503,38.9654220256551));
#3616=CARTESIAN_POINT('Ctrl Pts',(7.49634078489862,-275.973450091503,39.0962825465976));
#3617=CARTESIAN_POINT('Ctrl Pts',(7.40912960644169,-275.973450091503,39.2293805311191));
#3618=CARTESIAN_POINT('Ctrl Pts',(7.31628131258868,-275.973450091503,39.3585898286859));
#3619=CARTESIAN_POINT('Ctrl Pts',(7.21809797115297,-275.973450091503,39.4835658601861));
#3620=CARTESIAN_POINT('Ctrl Pts',(7.11982527551386,-275.973450091503,39.6086556292467));
#3621=CARTESIAN_POINT('Ctrl Pts',(7.01620741526524,-275.973450091503,39.7295050842501));
#3622=CARTESIAN_POINT('Ctrl Pts',(6.90750143139047,-275.973450091503,39.8457439865814));
#3623=CARTESIAN_POINT('Ctrl Pts',(6.80000430970907,-275.973450091503,39.9606902570866));
#3624=CARTESIAN_POINT('Ctrl Pts',(6.68753113983049,-275.973450091503,40.07112853442));
#3625=CARTESIAN_POINT('Ctrl Pts',(6.57029220983145,-275.973450091503,40.1766674448285));
#3626=CARTESIAN_POINT('Ctrl Pts',(6.5471782171715,-275.973450091503,40.1974747449338));
#3627=CARTESIAN_POINT('Ctrl Pts',(6.5238788748669,-275.973450091503,40.2180914895125));
#3628=CARTESIAN_POINT('Ctrl Pts',(6.50039563981727,-275.973450091503,40.2385144934042));
#3629=CARTESIAN_POINT('Ctrl Pts',(6.47086024806869,-275.973450091503,40.2642009637457));
#3630=CARTESIAN_POINT('Ctrl Pts',(6.44103396510122,-275.973450091503,40.2895809668188));
#3631=CARTESIAN_POINT('Ctrl Pts',(6.41092226876478,-275.973450091503,40.3146514283438));
#3632=CARTESIAN_POINT('Origin',(3.0586623552141,-275.973450091503,35.8612653953173));
#3633=CARTESIAN_POINT('Ctrl Pts',(3.73525991189815,-275.973450091503,41.3936457786865));
#3634=CARTESIAN_POINT('Ctrl Pts',(3.57605518354843,-275.973450091503,41.4051723345606));
#3635=CARTESIAN_POINT('Ctrl Pts',(3.41655620760383,-275.973450091503,41.4097039613868));
#3636=CARTESIAN_POINT('Ctrl Pts',(3.25720248844699,-275.973450091503,41.4073524505276));
#3637=CARTESIAN_POINT('Ctrl Pts',(3.09724789328375,-275.973450091503,41.4049920728127));
#3638=CARTESIAN_POINT('Ctrl Pts',(2.93743889167342,-275.973450091503,41.3956964047464));
#3639=CARTESIAN_POINT('Ctrl Pts',(2.77822611224312,-275.973450091503,41.3795265321129));
#3640=CARTESIAN_POINT('Ctrl Pts',(2.70398011479627,-275.973450091503,41.3719860047346));
#3641=CARTESIAN_POINT('Ctrl Pts',(2.62986393272789,-275.973450091503,41.3629498536693));
#3642=CARTESIAN_POINT('Ctrl Pts',(2.55592443145244,-275.973450091503,41.3524205645991));
#3643=CARTESIAN_POINT('Ctrl Pts',(2.52692345734575,-275.973450091503,41.3482907066149));
#3644=CARTESIAN_POINT('Ctrl Pts',(2.49794967432801,-275.973450091503,41.3439311176727));
#3645=CARTESIAN_POINT('Ctrl Pts',(2.46900595365688,-275.973450091503,41.3393418513124));
#3646=CARTESIAN_POINT('Ctrl Pts',(2.4459862577123,-275.973450091503,41.3356918880811));
#3647=CARTESIAN_POINT('Ctrl Pts',(2.42298806026667,-275.973450091503,41.3318970000426));
#3648=CARTESIAN_POINT('Ctrl Pts',(2.40002122771081,-275.973450091503,41.3279588371593));
#3649=CARTESIAN_POINT('Ctrl Pts',(2.2436866506739,-275.973450091503,41.3011518742421));
#3650=CARTESIAN_POINT('Ctrl Pts',(2.08869058424872,-275.973450091503,41.2676925878029));
#3651=CARTESIAN_POINT('Ctrl Pts',(1.93547142517135,-275.973450091503,41.2276519582104));
#3652=CARTESIAN_POINT('Ctrl Pts',(1.78493734026707,-275.973450091503,41.1883130167165));
#3653=CARTESIAN_POINT('Ctrl Pts',(1.63611778970265,-275.973450091503,41.1426210767593));
#3654=CARTESIAN_POINT('Ctrl Pts',(1.4894467430206,-275.973450091503,41.0905976277802));
#3655=CARTESIAN_POINT('Ctrl Pts',(1.40772187380873,-275.973450091503,41.0616102464261));
#3656=CARTESIAN_POINT('Ctrl Pts',(1.32666443154281,-275.973450091503,41.0306563254192));
#3657=CARTESIAN_POINT('Ctrl Pts',(1.24635311303112,-275.973450091503,40.9977337405887));
#3658=CARTESIAN_POINT('Ctrl Pts',(1.22787226469088,-275.973450091503,40.9901577561759));
#3659=CARTESIAN_POINT('Ctrl Pts',(1.20943341999687,-275.973450091503,40.982478490886));
#3660=CARTESIAN_POINT('Ctrl Pts',(1.1910453552058,-275.973450091503,40.9746993866819));
#3661=CARTESIAN_POINT('Ctrl Pts',(1.1459310054197,-275.973450091503,40.9556136790734));
#3662=CARTESIAN_POINT('Ctrl Pts',(1.10110844946463,-275.973450091503,40.9359213723391));
#3663=CARTESIAN_POINT('Ctrl Pts',(1.0565902165572,-275.973450091503,40.9156251214123));
#3664=CARTESIAN_POINT('Ctrl Pts',(0.915045736785879,-275.973450091503,40.8510937577188));
#3665=CARTESIAN_POINT('Ctrl Pts',(0.776575986272287,-275.973450091503,40.7804607398123));
#3666=CARTESIAN_POINT('Ctrl Pts',(0.641496037963262,-275.973450091503,40.7040463705121));
#3667=CARTESIAN_POINT('Ctrl Pts',(0.505382609968844,-275.973450091503,40.6270473644887));
#3668=CARTESIAN_POINT('Ctrl Pts',(0.372710438696293,-275.973450091503,40.5441777279762));
#3669=CARTESIAN_POINT('Ctrl Pts',(0.24382949619253,-275.973450091503,40.4557201812827));
#3670=CARTESIAN_POINT('Ctrl Pts',(0.115996234060052,-275.973450091503,40.367981710921));
#3671=CARTESIAN_POINT('Ctrl Pts',(-0.00810770777199765,-275.973450091503,
40.2747452547777));
#3672=CARTESIAN_POINT('Ctrl Pts',(-0.12810539678013,-275.973450091503,40.17625048189));
#3673=CARTESIAN_POINT('Ctrl Pts',(-0.210531764325647,-275.973450091503,
40.1085944593577));
#3674=CARTESIAN_POINT('Ctrl Pts',(-0.29101994239613,-275.973450091503,40.0384566518793));
#3675=CARTESIAN_POINT('Ctrl Pts',(-0.369436018745063,-275.973450091503,
39.9659067189965));
#3676=CARTESIAN_POINT('Ctrl Pts',(-0.402142596188929,-275.973450091503,
39.9356468525397));
#3677=CARTESIAN_POINT('Ctrl Pts',(-0.4344885778148,-275.973450091503,39.904967292615));
#3678=CARTESIAN_POINT('Ctrl Pts',(-0.466463690456719,-275.973450091503,
39.8738728132226));
#3679=CARTESIAN_POINT('Ctrl Pts',(-0.480409886874044,-275.973450091503,
39.860310711911));
#3680=CARTESIAN_POINT('Ctrl Pts',(-0.494287418402503,-275.973450091503,
39.8466677925187));
#3681=CARTESIAN_POINT('Ctrl Pts',(-0.508089075098164,-275.973450091503,
39.8329507546672));
#3682=CARTESIAN_POINT('Ctrl Pts',(-0.617582994839982,-275.973450091503,
39.7241281491839));
#3683=CARTESIAN_POINT('Ctrl Pts',(-0.722120521880066,-275.973450091503,
39.6108293467366));
#3684=CARTESIAN_POINT('Ctrl Pts',(-0.821378697422372,-275.973450091503,
39.4933342808969));
#3685=CARTESIAN_POINT('Ctrl Pts',(-0.88725001402925,-275.973450091503,39.4153603040493));
#3686=CARTESIAN_POINT('Ctrl Pts',(-0.950795575476901,-275.973450091503,
39.3355373917624));
#3687=CARTESIAN_POINT('Ctrl Pts',(-1.01191152187908,-275.973450091503,39.2539389175047));
#3688=CARTESIAN_POINT('Ctrl Pts',(-1.1041714063727,-275.973450091503,39.130758859712));
#3689=CARTESIAN_POINT('Ctrl Pts',(-1.19089685161134,-275.973450091503,39.0035334221233));
#3690=CARTESIAN_POINT('Ctrl Pts',(-1.27191772430262,-275.973450091503,38.8726774618504));
#3691=CARTESIAN_POINT('Ctrl Pts',(-1.35276297085704,-275.973450091503,38.742105153506));
#3692=CARTESIAN_POINT('Ctrl Pts',(-1.42792859995461,-275.973450091503,38.6079173010151));
#3693=CARTESIAN_POINT('Ctrl Pts',(-1.49719689071714,-275.973450091503,38.4705088560323));
#3694=CARTESIAN_POINT('Ctrl Pts',(-1.52891151351865,-275.973450091503,38.4075961299581));
#3695=CARTESIAN_POINT('Ctrl Pts',(-1.55938919037043,-275.973450091503,38.3440081066103));
#3696=CARTESIAN_POINT('Ctrl Pts',(-1.58860538285446,-275.973450091503,38.2797821340676));
#3697=CARTESIAN_POINT('Ctrl Pts',(-1.6061443047827,-275.973450091503,38.2412263120245));
#3698=CARTESIAN_POINT('Ctrl Pts',(-1.62322857030947,-275.973450091503,38.2024405827468));
#3699=CARTESIAN_POINT('Ctrl Pts',(-1.6398524567153,-275.973450091503,38.1634330124585));
#3700=CARTESIAN_POINT('Ctrl Pts',(-1.64735510010325,-275.973450091503,38.1458282308714));
#3701=CARTESIAN_POINT('Ctrl Pts',(-1.65476336828401,-275.973450091503,38.1281795531318));
#3702=CARTESIAN_POINT('Ctrl Pts',(-1.66207223356889,-275.973450091503,38.110499027136));
#3703=CARTESIAN_POINT('Ctrl Pts',(-1.7201939926882,-275.973450091503,37.9698994630477));
#3704=CARTESIAN_POINT('Ctrl Pts',(-1.77211621403872,-275.973450091503,37.827095213299));
#3705=CARTESIAN_POINT('Ctrl Pts',(-1.81769996428981,-275.973450091503,37.6824942664127));
#3706=CARTESIAN_POINT('Ctrl Pts',(-1.86301547815043,-275.973450091503,37.5387442200302));
#3707=CARTESIAN_POINT('Ctrl Pts',(-1.9020670832884,-275.973450091503,37.393217821768));
#3708=CARTESIAN_POINT('Ctrl Pts',(-1.93466953408292,-275.973450091503,37.2463009309446));
#3709=CARTESIAN_POINT('Ctrl Pts',(-1.96256176996879,-275.973450091503,37.1206097490059));
#3710=CARTESIAN_POINT('Ctrl Pts',(-1.9857330030744,-275.973450091503,36.9939003440578));
#3711=CARTESIAN_POINT('Ctrl Pts',(-2.0040370367944,-275.973450091503,36.8664115834766));
#3712=CARTESIAN_POINT('Ctrl Pts',(-2.02552917866031,-275.973450091503,36.7167174466194));
#3713=CARTESIAN_POINT('Ctrl Pts',(-2.04031187489754,-275.973450091503,36.5659480180783));
#3714=CARTESIAN_POINT('Ctrl Pts',(-2.04838364104324,-275.973450091503,36.4145523434402));
#3715=CARTESIAN_POINT('Ctrl Pts',(-2.05070471557808,-275.973450091503,36.3710178010929));
#3716=CARTESIAN_POINT('Ctrl Pts',(-2.05247055977419,-275.973450091503,36.3274315534826));
#3717=CARTESIAN_POINT('Ctrl Pts',(-2.05368037186504,-275.973450091503,36.2838045076117));
#3718=CARTESIAN_POINT('Ctrl Pts',(-2.05452490844007,-275.973450091503,36.2533496657591));
#3719=CARTESIAN_POINT('Ctrl Pts',(-2.05509848057273,-275.973450091503,36.2228749451745));
#3720=CARTESIAN_POINT('Ctrl Pts',(-2.05540071808307,-275.973450091503,36.1923840968891));
#3721=CARTESIAN_POINT('Ctrl Pts',(-2.05559501635283,-275.973450091503,36.1727825621263));
#3722=CARTESIAN_POINT('Ctrl Pts',(-2.05567707219539,-275.973450091503,36.1531842913271));
#3723=CARTESIAN_POINT('Ctrl Pts',(-2.055647131375,-275.973450091503,36.1335918902693));
#3724=CARTESIAN_POINT('Ctrl Pts',(-2.05541606781978,-275.973450091503,35.9823906277354));
#3725=CARTESIAN_POINT('Ctrl Pts',(-2.04851963038064,-275.973450091503,35.8315069161416));
#3726=CARTESIAN_POINT('Ctrl Pts',(-2.03504694525315,-275.973450091503,35.6813818143666));
#3727=CARTESIAN_POINT('Ctrl Pts',(-2.02170982525374,-275.973450091503,35.5327673044637));
#3728=CARTESIAN_POINT('Ctrl Pts',(-2.00192789915279,-275.973450091503,35.3848954356718));
#3729=CARTESIAN_POINT('Ctrl Pts',(-1.97573561479999,-275.973450091503,35.2381994986279));
#3730=CARTESIAN_POINT('Ctrl Pts',(-1.9491439833187,-275.973450091503,35.0892669257706));
#3731=CARTESIAN_POINT('Ctrl Pts',(-1.91594502382246,-275.973450091503,34.941545564059));
#3732=CARTESIAN_POINT('Ctrl Pts',(-1.87612240429816,-275.973450091503,34.7955067795166));
#3733=CARTESIAN_POINT('Ctrl Pts',(-1.83629978477386,-275.973450091503,34.6494679949743));
#3734=CARTESIAN_POINT('Ctrl Pts',(-1.7898533804238,-275.973450091503,34.5051109624537));
#3735=CARTESIAN_POINT('Ctrl Pts',(-1.73671605463747,-275.973450091503,34.3629374526153));
#3736=CARTESIAN_POINT('Ctrl Pts',(-1.72436147600929,-275.973450091503,34.3298817092155));
#3737=CARTESIAN_POINT('Ctrl Pts',(-1.71164498794361,-275.973450091503,34.2969441622758));
#3738=CARTESIAN_POINT('Ctrl Pts',(-1.6985691005366,-275.973450091503,34.2641302597347));
#3739=CARTESIAN_POINT('Ctrl Pts',(3.73525991189874,-275.973450091503,41.3936457786865));
#3740=CARTESIAN_POINT('Ctrl Pts',(2.8153491238032,-275.999913989316,41.5061487789256));
#3741=CARTESIAN_POINT('Ctrl Pts',(0.91920106234513,-276.052841784942,41.2630103996504));
#3742=CARTESIAN_POINT('Ctrl Pts',(-1.40455067282626,-276.132233478382,39.5811167839723));
#3743=CARTESIAN_POINT('Ctrl Pts',(-2.64015777411958,-276.211625171821,36.9927291577777));
#3744=CARTESIAN_POINT('Ctrl Pts',(-2.48705174477494,-276.29101686526,34.1284924172534));
#3745=CARTESIAN_POINT('Ctrl Pts',(-0.982278477452597,-276.3704085587,31.6865921428833));
#3746=CARTESIAN_POINT('Ctrl Pts',(1.50730102762851,-276.449800252139,30.2621129025093));
#3747=CARTESIAN_POINT('Ctrl Pts',(4.37499129252236,-276.529191945579,30.2022484903159));
#3748=CARTESIAN_POINT('Ctrl Pts',(6.92186174731313,-276.608583639018,31.5215782321361));
#3749=CARTESIAN_POINT('Ctrl Pts',(8.52720933256854,-276.687975332458,33.8985643209327));
#3750=CARTESIAN_POINT('Ctrl Pts',(8.7997782360069,-276.767367025897,36.7538929524989));
#3751=CARTESIAN_POINT('Ctrl Pts',(7.67314141458066,-276.846758719337,39.3916735650539));
#3752=CARTESIAN_POINT('Ctrl Pts',(5.42187802513035,-276.926150412776,41.1690341473869));
#3753=CARTESIAN_POINT('Ctrl Pts',(2.59465938717817,-277.005542106216,41.6528022471861));
#3754=CARTESIAN_POINT('Ctrl Pts',(-0.119474000509742,-277.084933799655,
40.7250753334698));
#3755=CARTESIAN_POINT('Ctrl Pts',(-2.059042045236,-277.164325493095,38.6119561137841));
#3756=CARTESIAN_POINT('Ctrl Pts',(-2.75133943327793,-277.243717186534,35.828447275284));
#3757=CARTESIAN_POINT('Ctrl Pts',(-2.02764161735891,-277.323108879973,33.0529367681119));
#3758=CARTESIAN_POINT('Ctrl Pts',(-0.0643259438792322,-277.402500573413,
30.9618631993428));
#3759=CARTESIAN_POINT('Ctrl Pts',(2.6601145277671,-277.481892266852,30.0648563846912));
#3760=CARTESIAN_POINT('Ctrl Pts',(5.48168781022201,-277.561283960292,30.5805319770724));
#3761=CARTESIAN_POINT('Ctrl Pts',(7.71272901937118,-277.640675653731,32.38321115824));
#3762=CARTESIAN_POINT('Ctrl Pts',(8.8094958720998,-277.720067347171,35.0335506793078));
#3763=CARTESIAN_POINT('Ctrl Pts',(8.50468783223656,-277.79945904061,37.8856182039819));
#3764=CARTESIAN_POINT('Ctrl Pts',(6.87259174774093,-277.87885073405,40.2443168870297));
#3765=CARTESIAN_POINT('Ctrl Pts',(4.31097689641137,-277.958242427489,41.534792171507));
#3766=CARTESIAN_POINT('Ctrl Pts',(1.44415191970503,-278.037634120928,41.4425335167979));
#3767=CARTESIAN_POINT('Ctrl Pts',(-1.02918969780874,-278.117025814368,39.9900259094207));
#3768=CARTESIAN_POINT('Ctrl Pts',(-2.50625298703683,-278.196417507807,37.5312698934567));
#3769=CARTESIAN_POINT('Ctrl Pts',(-2.62705277104796,-278.275809201247,34.6655056814875));
#3770=CARTESIAN_POINT('Ctrl Pts',(-1.36214810987988,-278.355200894686,32.0911682318558));
#3771=CARTESIAN_POINT('Ctrl Pts',(0.980182447018113,-278.434592588126,30.4356668973219));
#3772=CARTESIAN_POINT('Ctrl Pts',(3.82907353043631,-278.513984281565,30.1024752088877));
#3773=CARTESIAN_POINT('Ctrl Pts',(6.4902024473699,-278.593375975005,31.1727975873706));
#3774=CARTESIAN_POINT('Ctrl Pts',(8.31500730410768,-278.672767668444,33.3857784596891));
#3775=CARTESIAN_POINT('Ctrl Pts',(8.85875245255376,-278.752159361884,36.2020771512279));
#3776=CARTESIAN_POINT('Ctrl Pts',(7.98891805087395,-278.831551055323,38.9353142832886));
#3777=CARTESIAN_POINT('Ctrl Pts',(5.91749737875449,-278.910942748763,40.9193539768274));
#3778=CARTESIAN_POINT('Ctrl Pts',(3.14933050810372,-278.990334442202,41.6706523747047));
#3779=CARTESIAN_POINT('Ctrl Pts',(0.359066282994399,-279.069726135641,41.0061054158699));
#3780=CARTESIAN_POINT('Ctrl Pts',(-1.77326095540495,-279.149117829081,39.087674375983));
#3781=CARTESIAN_POINT('Ctrl Pts',(-2.72796718015821,-279.22850952252,36.382913179345));
#3782=CARTESIAN_POINT('Ctrl Pts',(-2.27237442022698,-279.30790121596,33.5510176403959));
#3783=CARTESIAN_POINT('Ctrl Pts',(-0.517518297095728,-279.387292909399,
31.2821683519834));
#3784=CARTESIAN_POINT('Ctrl Pts',(2.10891322449007,-279.466684602839,30.1293220617773));
#3785=CARTESIAN_POINT('Ctrl Pts',(4.96681458989039,-279.546076296278,30.3734468087089));
#3786=CARTESIAN_POINT('Ctrl Pts',(7.35966714877256,-279.625467989718,31.9550452842621));
#3787=CARTESIAN_POINT('Ctrl Pts',(8.70429246995092,-279.704859683157,34.488655327672));
#3788=CARTESIAN_POINT('Ctrl Pts',(8.67298273773636,-279.784251376596,37.3567935403615));
#3789=CARTESIAN_POINT('Ctrl Pts',(7.27336866069298,-279.863643070036,39.8604463800667));
#3790=CARTESIAN_POINT('Ctrl Pts',(4.84655973956531,-279.943034763475,41.3894315228187));
#3791=CARTESIAN_POINT('Ctrl Pts',(1.98401014237441,-280.022426456915,41.5711095623382));
#3792=CARTESIAN_POINT('Ctrl Pts',(-0.616628628247686,-280.101818150354,
40.3612025034454));
#3793=CARTESIAN_POINT('Ctrl Pts',(-2.32153714506447,-280.181209843794,38.0545850545157));
#3794=CARTESIAN_POINT('Ctrl Pts',(-2.71520051541712,-280.260601537233,35.2134186994312));
#3795=CARTESIAN_POINT('Ctrl Pts',(-1.70167635209696,-280.339993230673,32.5301434849243));
#3796=CARTESIAN_POINT('Ctrl Pts',(0.472022452547145,-280.419384924112,30.6587187300623));
#3797=CARTESIAN_POINT('Ctrl Pts',(3.27612892475951,-280.498776617552,30.0552421365493));
#3798=CARTESIAN_POINT('Ctrl Pts',(6.02723513484037,-280.578168310991,30.8667911044347));
#3799=CARTESIAN_POINT('Ctrl Pts',(8.05485020876375,-280.65756000443,32.8955774949698));
#3800=CARTESIAN_POINT('Ctrl Pts',(8.86481023598284,-280.73695169787,35.6471519280405));
#3801=CARTESIAN_POINT('Ctrl Pts',(8.25971432932497,-280.816343391309,38.4509094158));
#3802=CARTESIAN_POINT('Ctrl Pts',(6.38703454269992,-280.895735084749,40.6235270819317));
#3803=CARTESIAN_POINT('Ctrl Pts',(3.70317445016967,-280.975126778188,41.6355014443267));
#3804=CARTESIAN_POINT('Ctrl Pts',(0.862235915417322,-281.054518471628,41.240197323199));
#3805=CARTESIAN_POINT('Ctrl Pts',(-1.44339653847317,-281.133910165067,39.5339569843287));
#3806=CARTESIAN_POINT('Ctrl Pts',(-2.65180148748444,-281.213301858507,36.9326199078185));
#3807=CARTESIAN_POINT('Ctrl Pts',(-2.46847031269402,-281.292693551946,34.0701757097998));
#3808=CARTESIAN_POINT('Ctrl Pts',(-0.938083906163084,-281.372085245385,
31.6442502053527));
#3809=CARTESIAN_POINT('Ctrl Pts',(1.56637681426794,-281.451476938825,30.2460822589888));
#3810=CARTESIAN_POINT('Ctrl Pts',(4.43453263050405,-281.530868632264,30.2164289250732));
#3811=CARTESIAN_POINT('Ctrl Pts',(6.96736571000062,-281.610260325704,31.5625172200335));
#3812=CARTESIAN_POINT('Ctrl Pts',(8.54758201335969,-281.689652019143,33.9562827768539));
#3813=CARTESIAN_POINT('Ctrl Pts',(8.79005623843666,-281.769043712583,36.8143246513888));
#3814=CARTESIAN_POINT('Ctrl Pts',(7.63569333666347,-281.848435406022,39.4400899488652));
#3815=CARTESIAN_POINT('Ctrl Pts',(5.365830970729,-281.927827099462,41.1936354846685));
#3816=CARTESIAN_POINT('Ctrl Pts',(2.53367279234155,-282.007218792901,41.6475927062373));
#3817=CARTESIAN_POINT('Ctrl Pts',(-0.170536596000955,-282.086610486341,
40.6913246003059));
#3818=CARTESIAN_POINT('Ctrl Pts',(-2.08773586482492,-282.16600217978,38.5578897946364));
#3819=CARTESIAN_POINT('Ctrl Pts',(-2.75067129316334,-282.24539387322,35.7672422489447));
#3820=CARTESIAN_POINT('Ctrl Pts',(-1.99777436245423,-282.324785566659,32.9995097260751));
#3821=CARTESIAN_POINT('Ctrl Pts',(-0.0125387230964041,-282.404177260098,
30.9292352122376));
#3822=CARTESIAN_POINT('Ctrl Pts',(2.72120029565126,-282.483568953538,30.0609794412819));
#3823=CARTESIAN_POINT('Ctrl Pts',(5.53718449651431,-282.562960646977,30.6063509540243));
#3824=CARTESIAN_POINT('Ctrl Pts',(7.74911114746395,-282.642352340417,32.4324335362862));
#3825=CARTESIAN_POINT('Ctrl Pts',(8.81789650537088,-282.721744033856,35.0941801367621));
#3826=CARTESIAN_POINT('Ctrl Pts',(8.48305959493021,-282.801135727296,37.9428783218684));
#3827=CARTESIAN_POINT('Ctrl Pts',(6.82620580524503,-282.880527420735,40.2842524111645));
#3828=CARTESIAN_POINT('Ctrl Pts',(4.25113828339435,-282.959919114175,41.5476701426893));
#3829=CARTESIAN_POINT('Ctrl Pts',(1.38544431302244,-283.039310807614,41.4252153567663));
#3830=CARTESIAN_POINT('Ctrl Pts',(-1.07245826658664,-283.118702501053,39.9467323451722));
#3831=CARTESIAN_POINT('Ctrl Pts',(-2.5235372396522,-283.198094194493,37.472552295065));
#3832=CARTESIAN_POINT('Ctrl Pts',(-2.61414024431109,-283.277485887932,34.6056745156736));
#3833=CARTESIAN_POINT('Ctrl Pts',(-1.32218580382478,-283.356877581372,32.0448053604591));
#3834=CARTESIAN_POINT('Ctrl Pts',(1.03745504599239,-283.436269274811,30.4140717322121));
#3835=CARTESIAN_POINT('Ctrl Pts',(3.88969812628031,-283.515660968251,30.1109108551665));
#3836=CARTESIAN_POINT('Ctrl Pts',(6.53940380599559,-283.59505266169,31.2092081361));
#3837=CARTESIAN_POINT('Ctrl Pts',(8.34079422654669,-283.67444435513,33.441290047493));
#3838=CARTESIAN_POINT('Ctrl Pts',(8.85484023191214,-283.753836048569,36.2631606701101));
#3839=CARTESIAN_POINT('Ctrl Pts',(7.95626016114984,-283.833227742009,38.9870826518948));
#3840=CARTESIAN_POINT('Ctrl Pts',(5.8640530971814,-283.912619435448,40.949190372664));
#3841=CARTESIAN_POINT('Ctrl Pts',(3.08812510536453,-283.992011128887,41.6712851660734));
#3842=CARTESIAN_POINT('Ctrl Pts',(0.305016545590305,-284.071402822327,40.9773803808671));
#3843=CARTESIAN_POINT('Ctrl Pts',(-1.80698219701769,-284.150794515766,39.0365922889708));
#3844=CARTESIAN_POINT('Ctrl Pts',(-2.73314149199831,-284.230186209206,36.3219236044468));
#3845=CARTESIAN_POINT('Ctrl Pts',(-2.24774073543576,-284.309577902645,33.4949847632328));
#3846=CARTESIAN_POINT('Ctrl Pts',(-0.469080259146252,-284.388969596085,
31.2447483275476));
#3847=CARTESIAN_POINT('Ctrl Pts',(2.16935045071865,-284.468361289524,30.1196347796429));
#3848=CARTESIAN_POINT('Ctrl Pts',(5.02452143544531,-284.547752982964,30.3938532225698));
#3849=CARTESIAN_POINT('Ctrl Pts',(7.40057948439022,-284.627144676403,32.0005720076165));
#3850=CARTESIAN_POINT('Ctrl Pts',(8.71843927107657,-284.706536369843,34.5482067321742));
#3851=CARTESIAN_POINT('Ctrl Pts',(8.65691619082552,-284.785928063282,37.415855946328));
#3852=CARTESIAN_POINT('Ctrl Pts',(7.23100445372559,-284.865319756722,39.904625286198));
#3853=CARTESIAN_POINT('Ctrl Pts',(4.78822274226316,-284.944711450161,41.4079597845318));
#3854=CARTESIAN_POINT('Ctrl Pts',(1.92391806331474,-285.0241031436,41.5594715343829));
#3855=CARTESIAN_POINT('Ctrl Pts',(-0.663830339891119,-285.10349483704,40.3222345606371));
#3856=CARTESIAN_POINT('Ctrl Pts',(-2.34434463444414,-285.182886530479,37.997784358432));
#3857=CARTESIAN_POINT('Ctrl Pts',(-2.70805522117062,-285.262278223919,35.1526284959705));
#3858=CARTESIAN_POINT('Ctrl Pts',(-1.66631968626522,-285.341669917358,32.480179455019));
#3859=CARTESIAN_POINT('Ctrl Pts',(0.526973440168984,-285.421061610798,30.6317577634543));
#3860=CARTESIAN_POINT('Ctrl Pts',(3.33728183089082,-285.500453304237,30.0578554752526));
#3861=CARTESIAN_POINT('Ctrl Pts',(6.07968580190731,-285.579844997677,30.8983409665704));
#3862=CARTESIAN_POINT('Ctrl Pts',(8.08581589032175,-285.659236691116,32.9483765282562));
#3863=CARTESIAN_POINT('Ctrl Pts',(8.86674330963962,-285.738628384556,35.7083280580652));
#3864=CARTESIAN_POINT('Ctrl Pts',(8.23214542005286,-285.818020077995,38.5055618205073));
#3865=CARTESIAN_POINT('Ctrl Pts',(6.33667924526677,-285.897411771434,40.6583170779897));
#3866=CARTESIAN_POINT('Ctrl Pts',(3.64231409101047,-285.976803464874,41.6419917963526));
#3867=CARTESIAN_POINT('Ctrl Pts',(0.8056900248299,-286.056195158313,41.2167183911695));
#3868=CARTESIAN_POINT('Ctrl Pts',(-1.48179350107182,-286.135586851753,39.4864309783585));
#3869=CARTESIAN_POINT('Ctrl Pts',(-2.66270870863296,-286.214978545192,36.8722336763705));
#3870=CARTESIAN_POINT('Ctrl Pts',(-2.52006620433895,-286.267906340819,34.9658898305713));
#3871=CARTESIAN_POINT('Ctrl Pts',(-2.22509867897866,-286.294370238632,34.087318864684));
#3872=CARTESIAN_POINT('Ctrl Pts',(3.71276776129092,-275.866476709126,41.2097327101673));
#3873=CARTESIAN_POINT('Ctrl Pts',(2.82343759203915,-275.892940606939,41.3184957701713));
#3874=CARTESIAN_POINT('Ctrl Pts',(0.990323231119425,-275.945868402566,41.0834400465179));
#3875=CARTESIAN_POINT('Ctrl Pts',(-1.25617996319297,-276.025260096005,39.4574576651273));
#3876=CARTESIAN_POINT('Ctrl Pts',(-2.45071174468976,-276.104651789445,36.9551158777694));
#3877=CARTESIAN_POINT('Ctrl Pts',(-2.30269542315881,-276.184043482884,34.1860950355406));
#3878=CARTESIAN_POINT('Ctrl Pts',(-0.847945373663439,-276.263435176324,
31.8253709170667));
#3879=CARTESIAN_POINT('Ctrl Pts',(1.55887297358436,-276.342826869763,30.448245678042));
#3880=CARTESIAN_POINT('Ctrl Pts',(4.33123253457999,-276.422218563202,30.3903713400985));
#3881=CARTESIAN_POINT('Ctrl Pts',(6.79343730696948,-276.501610256642,31.665842568152));
#3882=CARTESIAN_POINT('Ctrl Pts',(8.34541827966661,-276.581001950081,33.9638104450534));
#3883=CARTESIAN_POINT('Ctrl Pts',(8.60892616778416,-276.660393643521,36.7242193108274));
#3884=CARTESIAN_POINT('Ctrl Pts',(7.51974216423685,-276.73978533696,39.2743121121839));
#3885=CARTESIAN_POINT('Ctrl Pts',(5.34331758363694,-276.8191770304,40.9925878493128));
#3886=CARTESIAN_POINT('Ctrl Pts',(2.61008425021001,-276.898568723839,41.4602740332782));
#3887=CARTESIAN_POINT('Ctrl Pts',(-0.0138231289408515,-276.977960417279,
40.5633875700779));
#3888=CARTESIAN_POINT('Ctrl Pts',(-1.88891406146787,-277.057352110718,38.5205148289258));
#3889=CARTESIAN_POINT('Ctrl Pts',(-2.55819738898978,-277.136743804158,35.8295382489229));
#3890=CARTESIAN_POINT('Ctrl Pts',(-1.8585574788515,-277.216135497597,33.1462941115065));
#3891=CARTESIAN_POINT('Ctrl Pts',(0.0394916393734245,-277.295527191036,
31.1247341571099));
#3892=CARTESIAN_POINT('Ctrl Pts',(2.673363463816,-277.374918884476,30.2575465639025));
#3893=CARTESIAN_POINT('Ctrl Pts',(5.40113911044891,-277.454310577915,30.7560795388237));
#3894=CARTESIAN_POINT('Ctrl Pts',(7.55801375722633,-277.533702271355,32.4988322079314));
#3895=CARTESIAN_POINT('Ctrl Pts',(8.61832076024146,-277.613093964794,35.0610664216702));
#3896=CARTESIAN_POINT('Ctrl Pts',(8.32364546217035,-277.692485658234,37.8183225896156));
#3897=CARTESIAN_POINT('Ctrl Pts',(6.74580519130607,-277.771877351673,40.0986109894848));
#3898=CARTESIAN_POINT('Ctrl Pts',(4.26934617074486,-277.851269045113,41.3461869696899));
#3899=CARTESIAN_POINT('Ctrl Pts',(1.49782313313846,-277.930660738552,41.2569952718978));
#3900=CARTESIAN_POINT('Ctrl Pts',(-0.893297123071123,-278.010052431992,
39.8527734136212));
#3901=CARTESIAN_POINT('Ctrl Pts',(-2.32125835801249,-278.089444125431,37.4757538894204));
#3902=CARTESIAN_POINT('Ctrl Pts',(-2.43804239158449,-278.16883581887,34.7052563535207));
#3903=CARTESIAN_POINT('Ctrl Pts',(-1.21518698977663,-278.24822751231,32.2164976723317));
#3904=CARTESIAN_POINT('Ctrl Pts',(1.0492774099966,-278.327619205749,30.6160302127799));
#3905=CARTESIAN_POINT('Ctrl Pts',(3.80346273120736,-278.407010899189,30.2939148245238));
#3906=CARTESIAN_POINT('Ctrl Pts',(6.37612766863773,-278.486402592628,31.3286564476552));
#3907=CARTESIAN_POINT('Ctrl Pts',(8.14027048889294,-278.565794286068,33.4680711378606));
#3908=CARTESIAN_POINT('Ctrl Pts',(8.66593990287873,-278.645185979507,36.1907475369437));
#3909=CARTESIAN_POINT('Ctrl Pts',(7.82502142939457,-278.724577672947,38.8331235941841));
#3910=CARTESIAN_POINT('Ctrl Pts',(5.82246104988057,-278.803969366386,40.751207803317));
#3911=CARTESIAN_POINT('Ctrl Pts',(3.14631642428095,-278.883361059826,41.477530768532));
#3912=CARTESIAN_POINT('Ctrl Pts',(0.44880902716593,-278.962752753265,40.8350753619596));
#3913=CARTESIAN_POINT('Ctrl Pts',(-1.61263320002198,-279.042144446704,38.9804187762567));
#3914=CARTESIAN_POINT('Ctrl Pts',(-2.53560210030338,-279.121536140144,36.3655720281589));
#3915=CARTESIAN_POINT('Ctrl Pts',(-2.09515462263183,-279.200927833583,33.6278172680796));
#3916=CARTESIAN_POINT('Ctrl Pts',(-0.398635228367771,-279.280319527023,
31.4343913970253));
#3917=CARTESIAN_POINT('Ctrl Pts',(2.14048576015301,-279.359711220462,30.3198692067673));
#3918=CARTESIAN_POINT('Ctrl Pts',(4.90338183430185,-279.439102913902,30.5558785082308));
#3919=CARTESIAN_POINT('Ctrl Pts',(7.21668873180092,-279.518494607341,32.0848998635125));
#3920=CARTESIAN_POINT('Ctrl Pts',(8.51661463759384,-279.597886300781,34.53428504073));
#3921=CARTESIAN_POINT('Ctrl Pts',(8.48634573564166,-279.67727799422,37.3070776583809));
#3922=CARTESIAN_POINT('Ctrl Pts',(7.13325906666037,-279.756669687659,39.7275015000147));
#3923=CARTESIAN_POINT('Ctrl Pts',(4.78712461917085,-279.836061381099,41.2056585489196));
#3924=CARTESIAN_POINT('Ctrl Pts',(2.01973483452472,-279.915453074538,41.3812970605298));
#3925=CARTESIAN_POINT('Ctrl Pts',(-0.49445083214001,-279.994844767978,40.2116109742391));
#3926=CARTESIAN_POINT('Ctrl Pts',(-2.1426830296974,-280.074236461417,37.9816724706342));
#3927=CARTESIAN_POINT('Ctrl Pts',(-2.5232598381385,-280.153628154857,35.2349550844073));
#3928=CARTESIAN_POINT('Ctrl Pts',(-1.54342828558945,-280.233019848296,32.640880059364));
#3929=CARTESIAN_POINT('Ctrl Pts',(0.558010191764015,-280.312411541736,30.8316671275004));
#3930=CARTESIAN_POINT('Ctrl Pts',(3.26889967779275,-280.391803235175,30.2482519224678));
#3931=CARTESIAN_POINT('Ctrl Pts',(5.92855079081644,-280.471194928615,31.0328225463865));
#3932=CARTESIAN_POINT('Ctrl Pts',(7.88876180280258,-280.550586622054,32.9941659368749));
#3933=CARTESIAN_POINT('Ctrl Pts',(8.67179630725183,-280.629978315494,35.6542697077392));
#3934=CARTESIAN_POINT('Ctrl Pts',(8.08681561994447,-280.709370008933,38.3648218106145));
#3935=CARTESIAN_POINT('Ctrl Pts',(6.27638937737207,-280.788761702373,40.4652150897719));
#3936=CARTESIAN_POINT('Ctrl Pts',(3.68174891742117,-280.868153395812,41.4435483614693));
#3937=CARTESIAN_POINT('Ctrl Pts',(0.935251778089028,-280.947545089251,41.0613853457749));
#3938=CARTESIAN_POINT('Ctrl Pts',(-1.29373447469296,-281.026936782691,39.41186559996));
#3939=CARTESIAN_POINT('Ctrl Pts',(-2.46196838578093,-281.10632847613,36.8970048412085));
#3940=CARTESIAN_POINT('Ctrl Pts',(-2.28473169411974,-281.18572016957,34.129716951947));
#3941=CARTESIAN_POINT('Ctrl Pts',(-0.805219963685061,-281.265111863009,
31.7844365536938));
#3942=CARTESIAN_POINT('Ctrl Pts',(1.61598490227419,-281.344503556449,30.4327479416313));
#3943=CARTESIAN_POINT('Ctrl Pts',(4.38879453827641,-281.423895249888,30.4040803742852));
#3944=CARTESIAN_POINT('Ctrl Pts',(6.83742858021268,-281.503286943327,31.7054206201837));
#3945=CARTESIAN_POINT('Ctrl Pts',(8.36511371088731,-281.582678636767,34.0196101648062));
#3946=CARTESIAN_POINT('Ctrl Pts',(8.59952735883824,-281.662070330206,36.7826420771407));
#3947=CARTESIAN_POINT('Ctrl Pts',(7.48353897377182,-281.741462023646,39.3211189888579));
#3948=CARTESIAN_POINT('Ctrl Pts',(5.28913370295868,-281.820853717085,41.0163713636835));
#3949=CARTESIAN_POINT('Ctrl Pts',(2.5511250343708,-281.900245410525,41.455237673238));
#3950=CARTESIAN_POINT('Ctrl Pts',(-0.0631882492093618,-281.979637103964,
40.5307588134361));
#3951=CARTESIAN_POINT('Ctrl Pts',(-1.91665401164752,-282.059028797404,38.4682458378663));
#3952=CARTESIAN_POINT('Ctrl Pts',(-2.55755145987483,-282.138420490843,35.7703678629052));
#3953=CARTESIAN_POINT('Ctrl Pts',(-1.82968310189756,-282.217812184283,33.0946431460519));
#3954=CARTESIAN_POINT('Ctrl Pts',(0.0895572961956707,-282.297203877722,
31.0931908230496));
#3955=CARTESIAN_POINT('Ctrl Pts',(2.73241855589048,-282.376595571161,30.2537985018263));
#3956=CARTESIAN_POINT('Ctrl Pts',(5.45479091891984,-282.455987264601,30.7810402148368));
#3957=CARTESIAN_POINT('Ctrl Pts',(7.59318643326534,-282.53537895804,32.5464182851524));
#3958=CARTESIAN_POINT('Ctrl Pts',(8.62644213103684,-282.61477065148,35.1196803724547));
#3959=CARTESIAN_POINT('Ctrl Pts',(8.30273621293316,-282.694162344919,37.8736792078772));
#3960=CARTESIAN_POINT('Ctrl Pts',(6.70096125793272,-282.773554038359,40.1372189359266));
#3961=CARTESIAN_POINT('Ctrl Pts',(4.21149677433504,-282.852945731798,41.3586368381329));
#3962=CARTESIAN_POINT('Ctrl Pts',(1.44106714498934,-282.932337425238,41.2402528199217));
#3963=CARTESIAN_POINT('Ctrl Pts',(-0.935127313664057,-283.011729118677,
39.8109190584827));
#3964=CARTESIAN_POINT('Ctrl Pts',(-2.33796802975755,-283.091120812117,37.4189882417168));
#3965=CARTESIAN_POINT('Ctrl Pts',(-2.42555911631805,-283.170512505556,34.6474141567464));
#3966=CARTESIAN_POINT('Ctrl Pts',(-1.17655315172669,-283.249904198996,32.1716760431044));
#3967=CARTESIAN_POINT('Ctrl Pts',(1.10464609443689,-283.329295892435,30.5951529363194));
#3968=CARTESIAN_POINT('Ctrl Pts',(3.86207198199612,-283.408687585875,30.3020700443884));
#3969=CARTESIAN_POINT('Ctrl Pts',(6.42369342518745,-283.488079279314,31.3638565995429));
#3970=CARTESIAN_POINT('Ctrl Pts',(8.16520017598211,-283.567470972753,33.5217373524717));
#3971=CARTESIAN_POINT('Ctrl Pts',(8.66215773629216,-283.646862666193,36.2498004547798));
#3972=CARTESIAN_POINT('Ctrl Pts',(7.79344918676886,-283.726254359632,38.8831710255331));
#3973=CARTESIAN_POINT('Ctrl Pts',(5.77079341798408,-283.805646053072,40.7800523470517));
#3974=CARTESIAN_POINT('Ctrl Pts',(3.08714567437611,-283.885037746511,41.4781425240003));
#3975=CARTESIAN_POINT('Ctrl Pts',(0.396556066622755,-283.96442943995,40.8073052340608));
#3976=CARTESIAN_POINT('Ctrl Pts',(-1.64523344550114,-284.04382113339,38.9310348124244));
#3977=CARTESIAN_POINT('Ctrl Pts',(-2.54060440235709,-284.12321282683,36.3066099313244));
#3978=CARTESIAN_POINT('Ctrl Pts',(-2.0713398360806,-284.202604520269,33.5736470933452));
#3979=CARTESIAN_POINT('Ctrl Pts',(-0.351807417404698,-284.281996213708,
31.3982153274591));
#3980=CARTESIAN_POINT('Ctrl Pts',(2.19891387005946,-284.361387907148,30.310503959211));
#3981=CARTESIAN_POINT('Ctrl Pts',(4.95917032965213,-284.440779600587,30.5756065511319));
#3982=CARTESIAN_POINT('Ctrl Pts',(7.25624101755535,-284.520171294027,32.1289131407892));
#3983=CARTESIAN_POINT('Ctrl Pts',(8.53029115623265,-284.599562987466,34.5918567763053));
#3984=CARTESIAN_POINT('Ctrl Pts',(8.47081328937795,-284.678954680906,37.3641766512118));
#3985=CARTESIAN_POINT('Ctrl Pts',(7.09230317415417,-284.758346374345,39.7702117655921));
#3986=CARTESIAN_POINT('Ctrl Pts',(4.73072692022467,-284.837738067785,41.2235708751348));
#3987=CARTESIAN_POINT('Ctrl Pts',(1.96164039805065,-284.917129761224,41.3700459158479));
#3988=CARTESIAN_POINT('Ctrl Pts',(-0.540083416025382,-284.996521454664,
40.173938443792));
#3989=CARTESIAN_POINT('Ctrl Pts',(-2.1647323290998,-285.075913148103,37.9267600016041));
#3990=CARTESIAN_POINT('Ctrl Pts',(-2.51635207509905,-285.155304841542,35.1761857313003));
#3991=CARTESIAN_POINT('Ctrl Pts',(-1.50924698234218,-285.234696534982,32.5925769850364));
#3992=CARTESIAN_POINT('Ctrl Pts',(0.611134442239929,-285.314088228421,30.8056024250238));
#3993=CARTESIAN_POINT('Ctrl Pts',(3.32801967623584,-285.393479921861,30.2507783858829));
#3994=CARTESIAN_POINT('Ctrl Pts',(5.9792578389603,-285.4728716153,31.0633235956144));
#3995=CARTESIAN_POINT('Ctrl Pts',(7.91869809138333,-285.55226330874,33.0452097704908));
#3996=CARTESIAN_POINT('Ctrl Pts',(8.67366511968954,-285.631655002179,35.7134121580431));
#3997=CARTESIAN_POINT('Ctrl Pts',(8.06016318465799,-285.711046695619,38.4176574039756));
#3998=CARTESIAN_POINT('Ctrl Pts',(6.22770804243343,-285.790438389058,40.4988485610639));
#3999=CARTESIAN_POINT('Ctrl Pts',(3.6229117408034,-285.869830082498,41.4498229545499));
#4000=CARTESIAN_POINT('Ctrl Pts',(0.88058564404932,-285.949221775937,41.0386869245086));
#4001=CARTESIAN_POINT('Ctrl Pts',(-1.33085500604069,-286.028613469376,39.3659195022728));
#4002=CARTESIAN_POINT('Ctrl Pts',(-2.47251301788614,-286.108005162816,36.8386260308617));
#4003=CARTESIAN_POINT('Ctrl Pts',(-2.33461238216372,-286.160932958442,34.9956548243314));
#4004=CARTESIAN_POINT('Ctrl Pts',(-2.0494504701097,-286.187396856255,34.1462902164765));
#4005=CARTESIAN_POINT('Ctrl Pts',(3.6902756106831,-275.75950332675,41.0258196416481));
#4006=CARTESIAN_POINT('Ctrl Pts',(2.8315260602751,-275.785967224563,41.130842761417));
#4007=CARTESIAN_POINT('Ctrl Pts',(1.06144539989372,-275.83889502019,40.9038696933853));
#4008=CARTESIAN_POINT('Ctrl Pts',(-1.10780925355969,-275.918286713629,39.3337985462822));
#4009=CARTESIAN_POINT('Ctrl Pts',(-2.26126571525994,-275.997678407068,36.917502597761));
#4010=CARTESIAN_POINT('Ctrl Pts',(-2.11833910154269,-276.077070100508,34.2436976538278));
#4011=CARTESIAN_POINT('Ctrl Pts',(-0.71361226987428,-276.156461793947,31.96414969125));
#4012=CARTESIAN_POINT('Ctrl Pts',(1.61044491954019,-276.235853487387,30.6343784535747));
#4013=CARTESIAN_POINT('Ctrl Pts',(4.28747377663762,-276.315245180826,30.5784941898811));
#4014=CARTESIAN_POINT('Ctrl Pts',(6.66501286662582,-276.394636874266,31.8101069041679));
#4015=CARTESIAN_POINT('Ctrl Pts',(8.16362722676469,-276.474028567705,34.0290565691741));
#4016=CARTESIAN_POINT('Ctrl Pts',(8.41807409956143,-276.553420261144,36.694545669156));
#4017=CARTESIAN_POINT('Ctrl Pts',(7.36634291389303,-276.632811954584,39.156950659314));
#4018=CARTESIAN_POINT('Ctrl Pts',(5.26475714214353,-276.712203648023,40.8161415512387));
#4019=CARTESIAN_POINT('Ctrl Pts',(2.62550911324185,-276.791595341463,41.2677458193703));
#4020=CARTESIAN_POINT('Ctrl Pts',(0.0918277426280344,-276.870987034902,
40.4016998066861));
#4021=CARTESIAN_POINT('Ctrl Pts',(-1.71878607769974,-276.950378728342,38.4290735440674));
#4022=CARTESIAN_POINT('Ctrl Pts',(-2.36505534470163,-277.029770421781,35.8306292225617));
#4023=CARTESIAN_POINT('Ctrl Pts',(-1.68947334034409,-277.109162115221,33.2396514549011));
#4024=CARTESIAN_POINT('Ctrl Pts',(0.14330922262608,-277.18855380866,31.287605114877));
#4025=CARTESIAN_POINT('Ctrl Pts',(2.6866123998649,-277.2679455021,30.4502367431138));
#4026=CARTESIAN_POINT('Ctrl Pts',(5.3205904106758,-277.347337195539,30.931627100575));
#4027=CARTESIAN_POINT('Ctrl Pts',(7.40329849508147,-277.426728888978,32.6144532576228));
#4028=CARTESIAN_POINT('Ctrl Pts',(8.42714564838312,-277.506120582418,35.0885821640327));
#4029=CARTESIAN_POINT('Ctrl Pts',(8.14260309210416,-277.585512275857,37.7510269752493));
#4030=CARTESIAN_POINT('Ctrl Pts',(6.61901863487121,-277.664903969297,39.9529050919399));
#4031=CARTESIAN_POINT('Ctrl Pts',(4.22771544507836,-277.744295662736,41.1575817678726));
#4032=CARTESIAN_POINT('Ctrl Pts',(1.55149434657189,-277.823687356176,41.0714570269977));
#4033=CARTESIAN_POINT('Ctrl Pts',(-0.757404548333509,-277.903079049615,
39.7155209178217));
#4034=CARTESIAN_POINT('Ctrl Pts',(-2.13626372898815,-277.982470743055,37.4202378853841));
#4035=CARTESIAN_POINT('Ctrl Pts',(-2.24903201212103,-278.061862436494,34.7450070255539));
#4036=CARTESIAN_POINT('Ctrl Pts',(-1.06822586967337,-278.141254129934,32.3418271128076));
#4037=CARTESIAN_POINT('Ctrl Pts',(1.11837237297509,-278.220645823373,30.7963935282379));
#4038=CARTESIAN_POINT('Ctrl Pts',(3.77785193197843,-278.300037516812,30.4853544401598));
#4039=CARTESIAN_POINT('Ctrl Pts',(6.26205288990557,-278.379429210252,31.4845153079399));
#4040=CARTESIAN_POINT('Ctrl Pts',(7.96553367367822,-278.458820903691,33.550363816032));
#4041=CARTESIAN_POINT('Ctrl Pts',(8.4731273532037,-278.538212597131,36.1794179226595));
#4042=CARTESIAN_POINT('Ctrl Pts',(7.66112480791518,-278.61760429057,38.7309329050796));
#4043=CARTESIAN_POINT('Ctrl Pts',(5.72742472100666,-278.69699598401,40.5830616298066));
#4044=CARTESIAN_POINT('Ctrl Pts',(3.14330234045819,-278.776387677449,41.2844091623592));
#4045=CARTESIAN_POINT('Ctrl Pts',(0.538551771337457,-278.855779370889,40.6640453080492));
#4046=CARTESIAN_POINT('Ctrl Pts',(-1.452005444639,-278.935171064328,38.8731631765304));
#4047=CARTESIAN_POINT('Ctrl Pts',(-2.34323702044855,-279.014562757767,36.3482308769729));
#4048=CARTESIAN_POINT('Ctrl Pts',(-1.91793482503668,-279.093954451207,33.7046168957633));
#4049=CARTESIAN_POINT('Ctrl Pts',(-0.279752159639817,-279.173346144647,
31.5866144420672));
#4050=CARTESIAN_POINT('Ctrl Pts',(2.17205829581596,-279.252737838086,30.5104163517572));
#4051=CARTESIAN_POINT('Ctrl Pts',(4.83994907871331,-279.332129531525,30.7383102077527));
#4052=CARTESIAN_POINT('Ctrl Pts',(7.07371031482928,-279.411521224965,32.2147544427629));
#4053=CARTESIAN_POINT('Ctrl Pts',(8.32893680523674,-279.490912918404,34.579914753788));
#4054=CARTESIAN_POINT('Ctrl Pts',(8.29970873354697,-279.570304611844,37.2573617764001));
#4055=CARTESIAN_POINT('Ctrl Pts',(6.99314947262776,-279.649696305283,39.5945566199627));
#4056=CARTESIAN_POINT('Ctrl Pts',(4.7276894987764,-279.729087998723,41.0218855750205));
#4057=CARTESIAN_POINT('Ctrl Pts',(2.05545952667504,-279.808479692162,41.1914845587213));
#4058=CARTESIAN_POINT('Ctrl Pts',(-0.372273036032335,-279.887871385602,
40.0620194450328));
#4059=CARTESIAN_POINT('Ctrl Pts',(-1.96382891433032,-279.967263079041,37.9087598867527));
#4060=CARTESIAN_POINT('Ctrl Pts',(-2.33131916085988,-280.04665477248,35.2564914693834));
#4061=CARTESIAN_POINT('Ctrl Pts',(-1.38518021908193,-280.12604646592,32.7516166338037));
#4062=CARTESIAN_POINT('Ctrl Pts',(0.643997930980882,-280.205438159359,31.0046155249384));
#4063=CARTESIAN_POINT('Ctrl Pts',(3.26167043082599,-280.284829852799,30.4412617083863));
#4064=CARTESIAN_POINT('Ctrl Pts',(5.82986644679252,-280.364221546238,31.1988539883383));
#4065=CARTESIAN_POINT('Ctrl Pts',(7.72267339684141,-280.443613239678,33.0927543787801));
#4066=CARTESIAN_POINT('Ctrl Pts',(8.47878237852083,-280.523004933117,35.6613874874379));
#4067=CARTESIAN_POINT('Ctrl Pts',(7.91391691056397,-280.602396626557,38.278734205429));
#4068=CARTESIAN_POINT('Ctrl Pts',(6.16574421204422,-280.681788319996,40.3069030976122));
#4069=CARTESIAN_POINT('Ctrl Pts',(3.66032338467267,-280.761180013436,41.2515952786119));
#4070=CARTESIAN_POINT('Ctrl Pts',(1.00826764076073,-280.840571706875,40.8825733683508));
#4071=CARTESIAN_POINT('Ctrl Pts',(-1.14407241091276,-280.919963400314,39.2897742155913));
#4072=CARTESIAN_POINT('Ctrl Pts',(-2.27213528407742,-280.999355093754,36.8613897745984));
#4073=CARTESIAN_POINT('Ctrl Pts',(-2.10099307554547,-281.078746787193,34.1892581940942));
#4074=CARTESIAN_POINT('Ctrl Pts',(-0.672356021207042,-281.158138480633,
31.9246229020349));
#4075=CARTESIAN_POINT('Ctrl Pts',(1.66559299028044,-281.237530174072,30.6194136242737));
#4076=CARTESIAN_POINT('Ctrl Pts',(4.34305644604877,-281.316921867512,30.5917318234973));
#4077=CARTESIAN_POINT('Ctrl Pts',(6.70749145042475,-281.396313560951,31.8483240203339));
#4078=CARTESIAN_POINT('Ctrl Pts',(8.18264540841493,-281.475705254391,34.0829375527585));
#4079=CARTESIAN_POINT('Ctrl Pts',(8.40899847923982,-281.55509694783,36.7509595028926));
#4080=CARTESIAN_POINT('Ctrl Pts',(7.33138461088018,-281.63448864127,39.2021480288506));
#4081=CARTESIAN_POINT('Ctrl Pts',(5.21243643518836,-281.713880334709,40.8391072426985));
#4082=CARTESIAN_POINT('Ctrl Pts',(2.56857727640005,-281.793272028148,41.2628826402387));
#4083=CARTESIAN_POINT('Ctrl Pts',(0.044160097582233,-281.872663721588,40.3701930265663));
#4084=CARTESIAN_POINT('Ctrl Pts',(-1.74557215847012,-281.952055415027,38.3786018810962));
#4085=CARTESIAN_POINT('Ctrl Pts',(-2.36443162658631,-282.031447108467,35.7734934768657));
#4086=CARTESIAN_POINT('Ctrl Pts',(-1.66159184134089,-282.110838801906,33.1897765660287));
#4087=CARTESIAN_POINT('Ctrl Pts',(0.19165331548774,-282.190230495346,31.2571464338616));
#4088=CARTESIAN_POINT('Ctrl Pts',(2.7436368161297,-282.269622188785,30.4466175623706));
#4089=CARTESIAN_POINT('Ctrl Pts',(5.37239734132536,-282.349013882225,30.9557294756492));
#4090=CARTESIAN_POINT('Ctrl Pts',(7.43726171906674,-282.428405575664,32.6604030340186));
#4091=CARTESIAN_POINT('Ctrl Pts',(8.4349877567028,-282.507797269104,35.1451806081472));
#4092=CARTESIAN_POINT('Ctrl Pts',(8.12241283093612,-282.587188962543,37.8044800938861));
#4093=CARTESIAN_POINT('Ctrl Pts',(6.57571671062041,-282.666580655982,39.9901854606886));
#4094=CARTESIAN_POINT('Ctrl Pts',(4.17185526527573,-282.745972349422,41.1696035335765));
#4095=CARTESIAN_POINT('Ctrl Pts',(1.49668997695625,-282.825364042861,41.0552902830771));
#4096=CARTESIAN_POINT('Ctrl Pts',(-0.797796360741473,-282.904755736301,
39.6751057717933));
#4097=CARTESIAN_POINT('Ctrl Pts',(-2.1523988198629,-282.98414742974,37.3654241883686));
#4098=CARTESIAN_POINT('Ctrl Pts',(-2.23697798832501,-283.06353912318,34.6891537978192));
#4099=CARTESIAN_POINT('Ctrl Pts',(-1.0309204996286,-283.142930816619,32.2985467257497));
#4100=CARTESIAN_POINT('Ctrl Pts',(1.1718371428814,-283.222322510059,30.7762341404267));
#4101=CARTESIAN_POINT('Ctrl Pts',(3.83444583771192,-283.301714203498,30.4932292336104));
#4102=CARTESIAN_POINT('Ctrl Pts',(6.3079830443793,-283.381105896937,31.5185050629858));
#4103=CARTESIAN_POINT('Ctrl Pts',(7.98960612541754,-283.460497590377,33.6021846574504));
#4104=CARTESIAN_POINT('Ctrl Pts',(8.46947524067218,-283.539889283816,36.2364402394496));
#4105=CARTESIAN_POINT('Ctrl Pts',(7.6306382123879,-283.619280977256,38.7792593991714));
#4106=CARTESIAN_POINT('Ctrl Pts',(5.67753373878676,-283.698672670695,40.6109143214394));
#4107=CARTESIAN_POINT('Ctrl Pts',(3.0861662433877,-283.778064364135,41.2849998819273));
#4108=CARTESIAN_POINT('Ctrl Pts',(0.488095587655203,-283.857456057574,40.6372300872546));
#4109=CARTESIAN_POINT('Ctrl Pts',(-1.48348469398458,-283.936847751014,38.8254773358779));
#4110=CARTESIAN_POINT('Ctrl Pts',(-2.34806731271586,-284.016239444453,36.2912962582021));
#4111=CARTESIAN_POINT('Ctrl Pts',(-1.89493893672544,-284.095631137893,33.6523094234576));
#4112=CARTESIAN_POINT('Ctrl Pts',(-0.234534575663142,-284.175022831332,
31.5516823273706));
#4113=CARTESIAN_POINT('Ctrl Pts',(2.22847728940027,-284.254414524772,30.5013731387792));
#4114=CARTESIAN_POINT('Ctrl Pts',(4.89381922385896,-284.333806218211,30.757359879694));
#4115=CARTESIAN_POINT('Ctrl Pts',(7.11190255072048,-284.41319791165,32.2572542739619));
#4116=CARTESIAN_POINT('Ctrl Pts',(8.34214304138874,-284.49258960509,34.6355068204365));
#4117=CARTESIAN_POINT('Ctrl Pts',(8.28471038793038,-284.571981298529,37.3124973560956));
#4118=CARTESIAN_POINT('Ctrl Pts',(6.95360189458277,-284.651372991969,39.6357982449863));
#4119=CARTESIAN_POINT('Ctrl Pts',(4.67323109818618,-284.730764685408,41.0391819657379));
#4120=CARTESIAN_POINT('Ctrl Pts',(1.99936273278656,-284.810156378848,41.1806202973129));
#4121=CARTESIAN_POINT('Ctrl Pts',(-0.416336492159642,-284.889548072287,
40.025642326947));
#4122=CARTESIAN_POINT('Ctrl Pts',(-1.98512002375547,-284.968939765727,37.8557356447763));
#4123=CARTESIAN_POINT('Ctrl Pts',(-2.32464892902749,-285.048331459166,35.1997429666301));
#4124=CARTESIAN_POINT('Ctrl Pts',(-1.35217427841915,-285.127723152606,32.7049745150538));
#4125=CARTESIAN_POINT('Ctrl Pts',(0.695295444310873,-285.207114846045,30.9794470865933));
#4126=CARTESIAN_POINT('Ctrl Pts',(3.31875752158087,-285.286506539484,30.4437012965133));
#4127=CARTESIAN_POINT('Ctrl Pts',(5.87882987601329,-285.365898232924,31.2283062246584));
#4128=CARTESIAN_POINT('Ctrl Pts',(7.7515802924449,-285.445289926363,33.1420430127253));
#4129=CARTESIAN_POINT('Ctrl Pts',(8.48058692973945,-285.524681619803,35.7184962580211));
#4130=CARTESIAN_POINT('Ctrl Pts',(7.88818094926311,-285.604073313242,38.329752987444));
#4131=CARTESIAN_POINT('Ctrl Pts',(6.11873683960009,-285.683465006682,40.339380044138));
#4132=CARTESIAN_POINT('Ctrl Pts',(3.60350939059633,-285.762856700121,41.2576541127471));
#4133=CARTESIAN_POINT('Ctrl Pts',(0.955481263268738,-285.842248393561,40.8606554578476));
#4134=CARTESIAN_POINT('Ctrl Pts',(-1.17991651100956,-285.921640087,39.2454080261871));
#4135=CARTESIAN_POINT('Ctrl Pts',(-2.28231732713933,-286.001031780439,36.8050183853529));
#4136=CARTESIAN_POINT('Ctrl Pts',(-2.14915855998849,-286.053959576066,35.0254198180915));
#4137=CARTESIAN_POINT('Ctrl Pts',(-1.87380226124075,-286.080423473879,34.205261568269));
#4138=CARTESIAN_POINT('Ctrl Pts',(3.66778346007529,-275.652529944374,40.8419065731289));
#4139=CARTESIAN_POINT('Ctrl Pts',(2.83961452851106,-275.678993842187,40.9431897526628));
#4140=CARTESIAN_POINT('Ctrl Pts',(1.13256756866801,-275.731921637813,40.7242993402528));
#4141=CARTESIAN_POINT('Ctrl Pts',(-0.959438543926404,-275.811313331252,
39.2101394274372));
#4142=CARTESIAN_POINT('Ctrl Pts',(-2.07181968583012,-275.890705024692,36.8798893177526));
#4143=CARTESIAN_POINT('Ctrl Pts',(-1.93398277992657,-275.970096718131,34.301300272115));
#4144=CARTESIAN_POINT('Ctrl Pts',(-0.579279166085121,-276.049488411571,
32.1029284654334));
#4145=CARTESIAN_POINT('Ctrl Pts',(1.66201686549604,-276.12888010501,30.8205112291074));
#4146=CARTESIAN_POINT('Ctrl Pts',(4.24371501869525,-276.20827179845,30.7666170396637));
#4147=CARTESIAN_POINT('Ctrl Pts',(6.53658842628216,-276.287663491889,31.9543712401838));
#4148=CARTESIAN_POINT('Ctrl Pts',(7.98183617386277,-276.367055185329,34.0943026932947));
#4149=CARTESIAN_POINT('Ctrl Pts',(8.2272220313387,-276.446446878768,36.6648720274846));
#4150=CARTESIAN_POINT('Ctrl Pts',(7.21294366354921,-276.525838572208,39.039589206444));
#4151=CARTESIAN_POINT('Ctrl Pts',(5.18619670065013,-276.605230265647,40.6396952531645));
#4152=CARTESIAN_POINT('Ctrl Pts',(2.64093397627369,-276.684621959086,41.0752176054623));
#4153=CARTESIAN_POINT('Ctrl Pts',(0.197478614196926,-276.764013652526,40.2400120432943));
#4154=CARTESIAN_POINT('Ctrl Pts',(-1.54865809393161,-276.843405345965,38.337632259209));
#4155=CARTESIAN_POINT('Ctrl Pts',(-2.17191330041348,-276.922797039405,35.8317201962005));
#4156=CARTESIAN_POINT('Ctrl Pts',(-1.52038920183668,-277.002188732844,33.3330087982956));
#4157=CARTESIAN_POINT('Ctrl Pts',(0.247126805878738,-277.081580426284,31.4504760726441));
#4158=CARTESIAN_POINT('Ctrl Pts',(2.69986133591379,-277.160972119723,30.6429269223251));
#4159=CARTESIAN_POINT('Ctrl Pts',(5.2400417109027,-277.240363813163,31.1071746623263));
#4160=CARTESIAN_POINT('Ctrl Pts',(7.24858323293661,-277.319755506602,32.7300743073141));
#4161=CARTESIAN_POINT('Ctrl Pts',(8.23597053652479,-277.399147200042,35.1160979063951));
#4162=CARTESIAN_POINT('Ctrl Pts',(7.96156072203796,-277.478538893481,37.683731360883));
#4163=CARTESIAN_POINT('Ctrl Pts',(6.49223207843635,-277.557930586921,39.807199194395));
#4164=CARTESIAN_POINT('Ctrl Pts',(4.18608471941185,-277.63732228036,40.9689765660554));
#4165=CARTESIAN_POINT('Ctrl Pts',(1.60516556000532,-277.716713973799,40.8859187820977));
#4166=CARTESIAN_POINT('Ctrl Pts',(-0.621511973595892,-277.796105667239,
39.5782684220222));
#4167=CARTESIAN_POINT('Ctrl Pts',(-1.95126909996381,-277.875497360678,37.3647218813477));
#4168=CARTESIAN_POINT('Ctrl Pts',(-2.06002163265756,-277.954889054118,34.7847576975871));
#4169=CARTESIAN_POINT('Ctrl Pts',(-0.921264749570119,-278.034280747557,
32.4671565532836));
#4170=CARTESIAN_POINT('Ctrl Pts',(1.18746733595358,-278.113672440997,30.976756843696));
#4171=CARTESIAN_POINT('Ctrl Pts',(3.75224113274949,-278.193064134436,30.6767940557958));
#4172=CARTESIAN_POINT('Ctrl Pts',(6.1479781111734,-278.272455827875,31.6403741682245));
#4173=CARTESIAN_POINT('Ctrl Pts',(7.79079685846348,-278.351847521315,33.6326564942034));
#4174=CARTESIAN_POINT('Ctrl Pts',(8.28031480352867,-278.431239214754,36.1680883083753));
#4175=CARTESIAN_POINT('Ctrl Pts',(7.4972281864358,-278.510630908194,38.6287422159751));
#4176=CARTESIAN_POINT('Ctrl Pts',(5.63238839213275,-278.590022601633,40.4149154562962));
#4177=CARTESIAN_POINT('Ctrl Pts',(3.14028825663542,-278.669414295073,41.0912875561866));
#4178=CARTESIAN_POINT('Ctrl Pts',(0.628294515508988,-278.748805988512,40.4930152541389));
#4179=CARTESIAN_POINT('Ctrl Pts',(-1.29137768925603,-278.828197681952,38.7659075768042));
#4180=CARTESIAN_POINT('Ctrl Pts',(-2.15087194059372,-278.907589375391,36.3308897257868));
#4181=CARTESIAN_POINT('Ctrl Pts',(-1.74071502744154,-278.986981068831,33.7814165234469));
#4182=CARTESIAN_POINT('Ctrl Pts',(-0.16086909091186,-279.06637276227,31.7388374871092));
#4183=CARTESIAN_POINT('Ctrl Pts',(2.2036308314789,-279.14576445571,30.7009634967472));
#4184=CARTESIAN_POINT('Ctrl Pts',(4.77651632312478,-279.225156149149,30.9207419072747));
#4185=CARTESIAN_POINT('Ctrl Pts',(6.93073189785764,-279.304547842589,32.3446090220133));
#4186=CARTESIAN_POINT('Ctrl Pts',(8.14125897287965,-279.383939536028,34.6255444668461));
#4187=CARTESIAN_POINT('Ctrl Pts',(8.11307173145228,-279.463331229467,37.2076458944194));
#4188=CARTESIAN_POINT('Ctrl Pts',(6.85303987859515,-279.542722922907,39.4616117399107));
#4189=CARTESIAN_POINT('Ctrl Pts',(4.66825437838194,-279.622114616346,40.8381126011215));
#4190=CARTESIAN_POINT('Ctrl Pts',(2.09118421882535,-279.701506309786,41.0016720569129));
#4191=CARTESIAN_POINT('Ctrl Pts',(-0.250095239924658,-279.780898003225,
39.9124279158265));
#4192=CARTESIAN_POINT('Ctrl Pts',(-1.78497479896324,-279.860289696665,37.8358473028713));
#4193=CARTESIAN_POINT('Ctrl Pts',(-2.13937848358126,-279.939681390104,35.2780278543595));
#4194=CARTESIAN_POINT('Ctrl Pts',(-1.22693215257442,-280.019073083544,32.8623532082435));
#4195=CARTESIAN_POINT('Ctrl Pts',(0.729985670197752,-280.098464776983,31.1775639223764));
#4196=CARTESIAN_POINT('Ctrl Pts',(3.25444118385922,-280.177856470423,30.6342714943048));
#4197=CARTESIAN_POINT('Ctrl Pts',(5.73118210276859,-280.257248163862,31.36488543029));
#4198=CARTESIAN_POINT('Ctrl Pts',(7.55658499088023,-280.336639857301,33.1913428206853));
#4199=CARTESIAN_POINT('Ctrl Pts',(8.28576844978984,-280.416031550741,35.6685052671366));
#4200=CARTESIAN_POINT('Ctrl Pts',(7.74101820118346,-280.49542324418,38.1926466002436));
#4201=CARTESIAN_POINT('Ctrl Pts',(6.05509904671636,-280.57481493762,40.1485911054524));
#4202=CARTESIAN_POINT('Ctrl Pts',(3.63889785192418,-280.654206631059,41.0596421957545));
#4203=CARTESIAN_POINT('Ctrl Pts',(1.08128350343244,-280.733598324499,40.7037613909267));
#4204=CARTESIAN_POINT('Ctrl Pts',(-0.99441034713255,-280.812990017938,39.1676828312227));
#4205=CARTESIAN_POINT('Ctrl Pts',(-2.08230218237392,-280.892381711378,36.8257747079883));
#4206=CARTESIAN_POINT('Ctrl Pts',(-1.9172544569712,-280.971773404817,34.2487994362414));
#4207=CARTESIAN_POINT('Ctrl Pts',(-0.53949207872902,-281.051165098257,32.064809250376));
#4208=CARTESIAN_POINT('Ctrl Pts',(1.71520107828669,-281.130556791696,30.8060793069162));
#4209=CARTESIAN_POINT('Ctrl Pts',(4.29731835382113,-281.209948485135,30.7793832727094));
#4210=CARTESIAN_POINT('Ctrl Pts',(6.57755432063682,-281.289340178575,31.9912274204841));
#4211=CARTESIAN_POINT('Ctrl Pts',(8.00017710594255,-281.368731872014,34.1462649407108));
#4212=CARTESIAN_POINT('Ctrl Pts',(8.2184695996414,-281.448123565454,36.7192769286445));
#4213=CARTESIAN_POINT('Ctrl Pts',(7.17923024798853,-281.527515258893,39.0831770688433));
#4214=CARTESIAN_POINT('Ctrl Pts',(5.13573916741804,-281.606906952333,40.6618431217135));
#4215=CARTESIAN_POINT('Ctrl Pts',(2.5860295184293,-281.686298645772,41.0705276072394));
#4216=CARTESIAN_POINT('Ctrl Pts',(0.151508444373827,-281.765690339212,40.2096272396964));
#4217=CARTESIAN_POINT('Ctrl Pts',(-1.57449030529272,-281.845082032651,38.2889579243261));
#4218=CARTESIAN_POINT('Ctrl Pts',(-2.1713117932978,-281.92447372609,35.7766190908263));
#4219=CARTESIAN_POINT('Ctrl Pts',(-1.49350058078422,-282.00386541953,33.2849099860055));
#4220=CARTESIAN_POINT('Ctrl Pts',(0.293749334779814,-282.083257112969,31.4211020446735));
#4221=CARTESIAN_POINT('Ctrl Pts',(2.75485507636893,-282.162648806409,30.6394366229151));
#4222=CARTESIAN_POINT('Ctrl Pts',(5.29000376373089,-282.242040499848,31.1304187364616));
#4223=CARTESIAN_POINT('Ctrl Pts',(7.28133700486813,-282.321432193288,32.7743877828849));
#4224=CARTESIAN_POINT('Ctrl Pts',(8.24353338236876,-282.400823886727,35.1706808438397));
#4225=CARTESIAN_POINT('Ctrl Pts',(7.94208944893907,-282.480215580167,37.7352809798949));
#4226=CARTESIAN_POINT('Ctrl Pts',(6.4504721633081,-282.559607273606,39.8431519854507));
#4227=CARTESIAN_POINT('Ctrl Pts',(4.13221375621641,-282.638998967046,40.9805702290201));
#4228=CARTESIAN_POINT('Ctrl Pts',(1.55231280892315,-282.718390660485,40.8703277462324));
#4229=CARTESIAN_POINT('Ctrl Pts',(-0.660465407818889,-282.797782353924,
39.5392924851039));
#4230=CARTESIAN_POINT('Ctrl Pts',(-1.96682960996825,-282.877174047364,37.3118601350203));
#4231=CARTESIAN_POINT('Ctrl Pts',(-2.04839686033196,-282.956565740803,34.730893438892));
#4232=CARTESIAN_POINT('Ctrl Pts',(-0.885287847530508,-283.035957434243,
32.425417408395));
#4233=CARTESIAN_POINT('Ctrl Pts',(1.2390281913259,-283.115349127682,30.9573153445339));
#4234=CARTESIAN_POINT('Ctrl Pts',(3.80681969342773,-283.194740821122,30.6843884228324));
#4235=CARTESIAN_POINT('Ctrl Pts',(6.19227266357115,-283.274132514561,31.6731535264287));
#4236=CARTESIAN_POINT('Ctrl Pts',(7.81401207485296,-283.353524208001,33.6826319624292));
#4237=CARTESIAN_POINT('Ctrl Pts',(8.2767927450522,-283.43291590144,36.2230800241194));
#4238=CARTESIAN_POINT('Ctrl Pts',(7.46782723800692,-283.51230759488,38.6753477728097));
#4239=CARTESIAN_POINT('Ctrl Pts',(5.58427405958945,-283.591699288319,40.4417762958271));
#4240=CARTESIAN_POINT('Ctrl Pts',(3.08518681239928,-283.671090981758,41.0918572398543));
#4241=CARTESIAN_POINT('Ctrl Pts',(0.579635108687654,-283.750482675198,40.4671549404483));
#4242=CARTESIAN_POINT('Ctrl Pts',(-1.32173594246802,-283.829874368637,38.7199198593316));
#4243=CARTESIAN_POINT('Ctrl Pts',(-2.15553022307463,-283.909266062077,36.2759825850797));
#4244=CARTESIAN_POINT('Ctrl Pts',(-1.71853803737029,-283.988657755516,33.7309717535701));
#4245=CARTESIAN_POINT('Ctrl Pts',(-0.117261733921587,-284.068049448956,
31.7051493272821));
#4246=CARTESIAN_POINT('Ctrl Pts',(2.25804070874108,-284.147441142395,30.6922423183473));
#4247=CARTESIAN_POINT('Ctrl Pts',(4.82846811806578,-284.226832835835,30.9391132082562));
#4248=CARTESIAN_POINT('Ctrl Pts',(6.96756408388561,-284.306224529274,32.3855954071345));
#4249=CARTESIAN_POINT('Ctrl Pts',(8.15399492654482,-284.385616222714,34.6791568645676));
#4250=CARTESIAN_POINT('Ctrl Pts',(8.0986074864828,-284.465007916153,37.2608180609794));
#4251=CARTESIAN_POINT('Ctrl Pts',(6.81490061501136,-284.544399609592,39.5013847243805));
#4252=CARTESIAN_POINT('Ctrl Pts',(4.61573527614768,-284.623791303032,40.8547930563409));
#4253=CARTESIAN_POINT('Ctrl Pts',(2.03708506752248,-284.703182996471,40.9911946787779));
#4254=CARTESIAN_POINT('Ctrl Pts',(-0.292589568293905,-284.782574689911,
39.8773462101019));
#4255=CARTESIAN_POINT('Ctrl Pts',(-1.80550771841114,-284.86196638335,37.7847112879484));
#4256=CARTESIAN_POINT('Ctrl Pts',(-2.13294578295592,-284.94135807679,35.2233002019598));
#4257=CARTESIAN_POINT('Ctrl Pts',(-1.19510157449611,-285.020749770229,32.8173720450712));
#4258=CARTESIAN_POINT('Ctrl Pts',(0.779456446381816,-285.100141463669,31.1532917481627));
#4259=CARTESIAN_POINT('Ctrl Pts',(3.30949536692589,-285.179533157108,30.6366242071436));
#4260=CARTESIAN_POINT('Ctrl Pts',(5.77840191306628,-285.258924850548,31.3932888537024));
#4261=CARTESIAN_POINT('Ctrl Pts',(7.58446249350648,-285.338316543987,33.2388762549599));
#4262=CARTESIAN_POINT('Ctrl Pts',(8.28750873978937,-285.417708237427,35.7235803579991));
#4263=CARTESIAN_POINT('Ctrl Pts',(7.71619871386824,-285.497099930866,38.2418485709124));
#4264=CARTESIAN_POINT('Ctrl Pts',(6.00976563676674,-285.576491624305,40.1799115272122));
#4265=CARTESIAN_POINT('Ctrl Pts',(3.58410704038926,-285.655883317745,41.0654852709444));
#4266=CARTESIAN_POINT('Ctrl Pts',(1.03037688248816,-285.735275011184,40.6826239911867));
#4267=CARTESIAN_POINT('Ctrl Pts',(-1.02897801597843,-285.814666704624,39.1248965501015));
#4268=CARTESIAN_POINT('Ctrl Pts',(-2.09212163639251,-285.894058398063,36.7714107398441));
#4269=CARTESIAN_POINT('Ctrl Pts',(-1.96370473781326,-285.946986193689,35.0551848118516));
#4270=CARTESIAN_POINT('Ctrl Pts',(-1.69815405237179,-285.973450091503,34.2642329200615));
#4271=CARTESIAN_POINT('',(-1.69815405237179,-285.973450091503,34.2642329200615));
#4272=CARTESIAN_POINT('Ctrl Pts',(-1.69815405237179,-285.973450091503,34.2642329200615));
#4273=CARTESIAN_POINT('Ctrl Pts',(-1.75209096900759,-285.973450091503,34.3997478228484));
#4274=CARTESIAN_POINT('Ctrl Pts',(-1.79988023313456,-285.973450091503,34.5373677824715));
#4275=CARTESIAN_POINT('Ctrl Pts',(-1.84157937991948,-285.973450091503,34.6766449735919));
#4276=CARTESIAN_POINT('Ctrl Pts',(-1.88398365492305,-285.973450091503,34.8182773274732));
#4277=CARTESIAN_POINT('Ctrl Pts',(-1.92009034980767,-285.973450091503,34.9616240593309));
#4278=CARTESIAN_POINT('Ctrl Pts',(-1.94991518223684,-285.973450091503,35.1062443761628));
#4279=CARTESIAN_POINT('Ctrl Pts',(-1.98005310630189,-285.973450091503,35.2523828712339));
#4280=CARTESIAN_POINT('Ctrl Pts',(-2.00377681165037,-285.973450091503,35.3998225478821));
#4281=CARTESIAN_POINT('Ctrl Pts',(-2.02105365287747,-285.973450091503,35.5481288414421));
#4282=CARTESIAN_POINT('Ctrl Pts',(-2.03825421390332,-285.973450091503,35.6957803374165));
#4283=CARTESIAN_POINT('Ctrl Pts',(-2.04906483249789,-285.973450091503,35.844291580554));
#4284=CARTESIAN_POINT('Ctrl Pts',(-2.053402706125,-285.973450091503,35.9932425101169));
#4285=CARTESIAN_POINT('Ctrl Pts',(-2.05491559455174,-285.973450091503,36.0451910353295));
#4286=CARTESIAN_POINT('Ctrl Pts',(-2.05564070750626,-285.973450091503,36.0971930667544));
#4287=CARTESIAN_POINT('Ctrl Pts',(-2.05557303232277,-285.973450091503,36.1492307723071));
#4288=CARTESIAN_POINT('Ctrl Pts',(-2.05553748493697,-285.973450091503,36.1765643427513));
#4289=CARTESIAN_POINT('Ctrl Pts',(-2.05528301232025,-285.973450091503,36.203913322572));
#4290=CARTESIAN_POINT('Ctrl Pts',(-2.05480960758285,-285.973450091503,36.2312428871948));
#4291=CARTESIAN_POINT('Ctrl Pts',(-2.05218086101298,-285.973450091503,36.3829999220996));
#4292=CARTESIAN_POINT('Ctrl Pts',(-2.04280805581442,-285.973450091503,36.5343157447379));
#4293=CARTESIAN_POINT('Ctrl Pts',(-2.02669954312967,-285.973450091503,36.684740426059));
#4294=CARTESIAN_POINT('Ctrl Pts',(-2.0240627583831,-285.973450091503,36.7093632769068));
#4295=CARTESIAN_POINT('Ctrl Pts',(-2.02124538842115,-285.973450091503,36.7339622836148));
#4296=CARTESIAN_POINT('Ctrl Pts',(-2.01824734193559,-285.973450091503,36.7585355069455));
#4297=CARTESIAN_POINT('Ctrl Pts',(-2.00010294939675,-285.973450091503,36.9072544184783));
#4298=CARTESIAN_POINT('Ctrl Pts',(-1.9753451388666,-285.973450091503,37.0550287010944));
#4299=CARTESIAN_POINT('Ctrl Pts',(-1.94420287637341,-285.973450091503,37.2014758964851));
#4300=CARTESIAN_POINT('Ctrl Pts',(-1.91274828599092,-285.973450091503,37.349391820856));
#4301=CARTESIAN_POINT('Ctrl Pts',(-1.87478039872329,-285.973450091503,37.4959546265137));
#4302=CARTESIAN_POINT('Ctrl Pts',(-1.8304821215733,-285.973450091503,37.6407670901946));
#4303=CARTESIAN_POINT('Ctrl Pts',(-1.7889276972339,-285.973450091503,37.7766098125889));
#4304=CARTESIAN_POINT('Ctrl Pts',(-1.74180219057409,-285.973450091503,37.910912781902));
#4305=CARTESIAN_POINT('Ctrl Pts',(-1.68921664880728,-285.973450091503,38.0433369799899));
#4306=CARTESIAN_POINT('Ctrl Pts',(-1.67814087553987,-285.973450091503,38.0712286845129));
#4307=CARTESIAN_POINT('Ctrl Pts',(-1.66682275034566,-285.973450091503,38.09903698698));
#4308=CARTESIAN_POINT('Ctrl Pts',(-1.65526310287301,-285.973450091503,38.1267586226738));
#4309=CARTESIAN_POINT('Ctrl Pts',(-1.64718114735715,-285.973450091503,38.146140271382));
#4310=CARTESIAN_POINT('Ctrl Pts',(-1.63898059984231,-285.973450091503,38.1654806462987));
#4311=CARTESIAN_POINT('Ctrl Pts',(-1.63066886968955,-285.973450091503,38.1847624646221));
#4312=CARTESIAN_POINT('Ctrl Pts',(-1.56988796699237,-285.973450091503,38.3257639530971));
#4313=CARTESIAN_POINT('Ctrl Pts',(-1.50308412508313,-285.973450091503,38.4638334691029));
#4314=CARTESIAN_POINT('Ctrl Pts',(-1.43049699292515,-285.973450091503,38.5985801375478));
#4315=CARTESIAN_POINT('Ctrl Pts',(-1.35739311804106,-285.973450091503,38.7342860581178));
#4316=CARTESIAN_POINT('Ctrl Pts',(-1.2784231166911,-285.973450091503,38.8666224046719));
#4317=CARTESIAN_POINT('Ctrl Pts',(-1.19378015775133,-285.973450091503,38.995180247706));
#4318=CARTESIAN_POINT('Ctrl Pts',(-1.1562590689218,-285.973450091503,39.0521682158565));
#4319=CARTESIAN_POINT('Ctrl Pts',(-1.1176225689487,-285.973450091503,39.1084135019023));
#4320=CARTESIAN_POINT('Ctrl Pts',(-1.07788443107966,-285.973450091503,39.1638792881255));
#4321=CARTESIAN_POINT('Ctrl Pts',(-0.988537514817537,-285.973450091503,
39.2885881250977));
#4322=CARTESIAN_POINT('Ctrl Pts',(-0.893624392259431,-285.973450091503,
39.4093584660493));
#4323=CARTESIAN_POINT('Ctrl Pts',(-0.793494034331081,-285.973450091503,
39.5259337406039));
#4324=CARTESIAN_POINT('Ctrl Pts',(-0.733318643273701,-285.973450091503,
39.5959920413939));
#4325=CARTESIAN_POINT('Ctrl Pts',(-0.671258103807197,-285.973450091503,
39.6645346833434));
#4326=CARTESIAN_POINT('Ctrl Pts',(-0.607381260924707,-285.973450091503,
39.731500160835));
#4327=CARTESIAN_POINT('Ctrl Pts',(-0.585623418697125,-285.973450091503,
39.7543100591989));
#4328=CARTESIAN_POINT('Ctrl Pts',(-0.563654802832682,-285.973450091503,
39.7769369286958));
#4329=CARTESIAN_POINT('Ctrl Pts',(-0.541478013618796,-285.973450091503,
39.7993782062012));
#4330=CARTESIAN_POINT('Ctrl Pts',(-0.526684355693904,-285.973450091503,
39.8143482985626));
#4331=CARTESIAN_POINT('Ctrl Pts',(-0.511796717680353,-285.973450091503,
39.8292371280816));
#4332=CARTESIAN_POINT('Ctrl Pts',(-0.496820093809827,-285.973450091503,
39.844039733789));
#4333=CARTESIAN_POINT('Ctrl Pts',(-0.386196391044911,-285.973450091503,
39.9533780645153));
#4334=CARTESIAN_POINT('Ctrl Pts',(-0.271038880441207,-285.973450091503,
40.0577022783728));
#4335=CARTESIAN_POINT('Ctrl Pts',(-0.151761148594873,-285.973450091503,
40.1567949074227));
#4336=CARTESIAN_POINT('Ctrl Pts',(-0.0315040053089541,-285.973450091503,
40.2567012043129));
#4337=CARTESIAN_POINT('Ctrl Pts',(0.0929418110055676,-285.973450091503,
40.3512901979943));
#4338=CARTESIAN_POINT('Ctrl Pts',(0.221197616829602,-285.973450091503,40.4403103657305));
#4339=CARTESIAN_POINT('Ctrl Pts',(0.349172560596851,-285.973450091503,40.5291355919026));
#4340=CARTESIAN_POINT('Ctrl Pts',(0.480941405512968,-285.973450091503,40.61241686577));
#4341=CARTESIAN_POINT('Ctrl Pts',(0.616164440059763,-285.973450091503,40.6898680191927));
#4342=CARTESIAN_POINT('Ctrl Pts',(0.726144388496339,-285.973450091503,40.7528607917505));
#4343=CARTESIAN_POINT('Ctrl Pts',(0.838410070407905,-285.973450091503,40.8119964257428));
#4344=CARTESIAN_POINT('Ctrl Pts',(0.952792600025495,-285.973450091503,40.8670996142571));
#4345=CARTESIAN_POINT('Ctrl Pts',(1.00536590651641,-285.973450091503,40.8924265311217));
#4346=CARTESIAN_POINT('Ctrl Pts',(1.05838656586292,-285.973450091503,40.9169012735099));
#4347=CARTESIAN_POINT('Ctrl Pts',(1.11183299958493,-285.973450091503,40.9405191677806));
#4348=CARTESIAN_POINT('Ctrl Pts',(1.14522477673308,-285.973450091503,40.9552749411274));
#4349=CARTESIAN_POINT('Ctrl Pts',(1.17878275753997,-285.973450091503,40.9696962347411));
#4350=CARTESIAN_POINT('Ctrl Pts',(1.21250174301229,-285.973450091503,40.9837817180947));
#4351=CARTESIAN_POINT('Ctrl Pts',(1.23353025051213,-285.973450091503,40.9925659886827));
#4352=CARTESIAN_POINT('Ctrl Pts',(1.25462186599213,-285.973450091503,41.0012197828216));
#4353=CARTESIAN_POINT('Ctrl Pts',(1.27576071378842,-285.973450091503,41.0097370503147));
#4354=CARTESIAN_POINT('Ctrl Pts',(1.42128850381305,-285.973450091503,41.0683731277046));
#4355=CARTESIAN_POINT('Ctrl Pts',(1.56921716076958,-285.973450091503,41.1206118980434));
#4356=CARTESIAN_POINT('Ctrl Pts',(1.71908899327795,-285.973450091503,41.1664390039191));
#4357=CARTESIAN_POINT('Ctrl Pts',(1.87226088028189,-285.973450091503,41.2132751849775));
#4358=CARTESIAN_POINT('Ctrl Pts',(2.02746312530883,-285.973450091503,41.2534146016526));
#4359=CARTESIAN_POINT('Ctrl Pts',(2.184232579479,-285.973450091503,41.2867930570048));
#4360=CARTESIAN_POINT('Ctrl Pts',(2.24505398425544,-285.973450091503,41.2997428025693));
#4361=CARTESIAN_POINT('Ctrl Pts',(2.30611149525764,-285.973450091503,41.3116743558681));
#4362=CARTESIAN_POINT('Ctrl Pts',(2.36737872306109,-285.973450091503,41.3225818652693));
#4363=CARTESIAN_POINT('Ctrl Pts',(2.39491244742257,-285.973450091503,41.3274837413308));
#4364=CARTESIAN_POINT('Ctrl Pts',(2.42248853062009,-285.973450091503,41.3321787814915));
#4365=CARTESIAN_POINT('Ctrl Pts',(2.45010459267712,-285.973450091503,41.3366663748723));
#4366=CARTESIAN_POINT('Ctrl Pts',(2.47656472043302,-285.973450091503,41.3409661296284));
#4367=CARTESIAN_POINT('Ctrl Pts',(2.50305276745641,-285.973450091503,41.3450739947398));
#4368=CARTESIAN_POINT('Ctrl Pts',(2.52956288773242,-285.973450091503,41.3489892795411));
#4369=CARTESIAN_POINT('Ctrl Pts',(2.68788499109352,-285.973450091503,41.3723719016702));
#4370=CARTESIAN_POINT('Ctrl Pts',(2.8470347759564,-285.973450091503,41.3888966617228));
#4371=CARTESIAN_POINT('Ctrl Pts',(3.00655346046317,-285.973450091504,41.3985143634856));
#4372=CARTESIAN_POINT('Ctrl Pts',(3.16571561959252,-285.973450091504,41.4081105696177));
#4373=CARTESIAN_POINT('Ctrl Pts',(3.32524578637611,-285.973450091505,41.4108307266858));
#4374=CARTESIAN_POINT('Ctrl Pts',(3.48470015339403,-285.973450091505,41.406575833116));
#4375=CARTESIAN_POINT('Ctrl Pts',(3.52914940258336,-285.973450091506,41.4053897456597));
#4376=CARTESIAN_POINT('Ctrl Pts',(3.57359279526636,-285.973450091506,41.4036613445191));
#4377=CARTESIAN_POINT('Ctrl Pts',(3.61802076045194,-285.973450091506,41.401387760252));
#4378=CARTESIAN_POINT('Ctrl Pts',(3.65712083033966,-285.973450091506,41.3993868290059));
#4379=CARTESIAN_POINT('Ctrl Pts',(3.6962089516136,-285.973450091506,41.3969636281683));
#4380=CARTESIAN_POINT('Ctrl Pts',(3.73527902746288,-285.973450091506,41.3941203130834));
#4381=CARTESIAN_POINT('Ctrl Pts',(3.05874091199397,-285.171898053389,30.8431756252055));
#4382=CARTESIAN_POINT('Ctrl Pts',(3.13896278132521,-285.174443087962,30.8431155002433));
#4383=CARTESIAN_POINT('Ctrl Pts',(3.21918182573901,-285.176988122535,30.8449994825024));
#4384=CARTESIAN_POINT('Ctrl Pts',(3.29930663785857,-285.179533157108,30.848846238407));
#4385=CARTESIAN_POINT('Ctrl Pts',(4.13246421563926,-285.205997054921,30.8888457559969));
#4386=CARTESIAN_POINT('Ctrl Pts',(4.95543306435267,-285.232460952734,31.1410673048498));
#4387=CARTESIAN_POINT('Ctrl Pts',(5.6679275854494,-285.258924850547,31.5747759794858));
#4388=CARTESIAN_POINT('Ctrl Pts',(6.38042210654613,-285.28538874836,32.0084846541218));
#4389=CARTESIAN_POINT('Ctrl Pts',(6.98244230002617,-285.311852646174,32.6236804545409));
#4390=CARTESIAN_POINT('Ctrl Pts',(7.40062677114667,-285.338316543987,33.345395705257));
#4391=CARTESIAN_POINT('Ctrl Pts',(7.81881124226716,-285.3647804418,34.0671109559731));
#4392=CARTESIAN_POINT('Ctrl Pts',(8.05315999102812,-285.391244339613,34.8953456569861));
#4393=CARTESIAN_POINT('Ctrl Pts',(8.07511602775509,-285.417708237426,35.7291743763114));
#4394=CARTESIAN_POINT('Ctrl Pts',(8.09707206448206,-285.44417213524,36.5630030956368));
#4395=CARTESIAN_POINT('Ctrl Pts',(7.90663538917505,-285.470636033053,37.4024258332745));
#4396=CARTESIAN_POINT('Ctrl Pts',(7.52701153867132,-285.497099930866,38.14514769481));
#4397=CARTESIAN_POINT('Ctrl Pts',(7.14738768816757,-285.523563828679,38.8878695563455));
#4398=CARTESIAN_POINT('Ctrl Pts',(6.57857666246706,-285.550027726492,39.5338905417788));
#4399=CARTESIAN_POINT('Ctrl Pts',(5.88989471688724,-285.576491624305,40.0044966584508));
#4400=CARTESIAN_POINT('Ctrl Pts',(5.20121277130745,-285.602955522118,40.4751027751228));
#4401=CARTESIAN_POINT('Ctrl Pts',(4.39265990584834,-285.629419419932,40.7702940230335));
#4402=CARTESIAN_POINT('Ctrl Pts',(3.56276178013528,-285.655883317745,40.8540794336959));
#4403=CARTESIAN_POINT('Ctrl Pts',(2.73286365442223,-285.682347215558,40.9378648443583));
#4404=CARTESIAN_POINT('Ctrl Pts',(1.88162026845523,-285.708811113371,40.8102444177724));
#4405=CARTESIAN_POINT('Ctrl Pts',(1.11277275906064,-285.735275011184,40.4868129642986));
#4406=CARTESIAN_POINT('Ctrl Pts',(0.343925249666032,-285.761738908997,40.1633815108248));
#4407=CARTESIAN_POINT('Ctrl Pts',(-0.342526383156163,-285.788202806811,
39.6441390304631));
#4408=CARTESIAN_POINT('Ctrl Pts',(-0.862942802969615,-285.814666704624,
38.9922701552394));
#4409=CARTESIAN_POINT('Ctrl Pts',(-1.38335922278307,-285.841130602437,38.3404012800156));
#4410=CARTESIAN_POINT('Ctrl Pts',(-1.73774042958777,-285.86759450025,37.5559060099298));
#4411=CARTESIAN_POINT('Ctrl Pts',(-1.88282680834532,-285.894058398063,36.7346018928888));
#4412=CARTESIAN_POINT('Ctrl Pts',(-2.02791318710283,-285.920522295876,35.913297775848));
#4413=CARTESIAN_POINT('Ctrl Pts',(-1.96370473781327,-285.946986193689,35.055184811852));
#4414=CARTESIAN_POINT('Ctrl Pts',(-1.69815405237195,-285.973450091503,34.264232920062));
#4415=CARTESIAN_POINT('Origin',(3.05866235521319,-261.23023325478,35.861265395317));
#4416=CARTESIAN_POINT('Origin',(3.05866235521319,-285.973450091506,35.861265395317));
#4417=CARTESIAN_POINT('Origin',(3.05866235521378,-275.97345000744,35.861265395317));
#4418=CARTESIAN_POINT('',(-6.94133764478681,-275.97345000744,35.861265395317));
#4419=CARTESIAN_POINT('Origin',(3.05866235521319,-275.97345000744,35.861265395317));
#4420=CARTESIAN_POINT('',(-0.0517697257641001,-275.97345000744,27.6705865863476));
#4421=CARTESIAN_POINT('Ctrl Pts',(-4.14599442087833,-275.973450007284,39.499457604038));
#4422=CARTESIAN_POINT('Ctrl Pts',(-4.24946951868373,-275.973450007312,39.3199300579632));
#4423=CARTESIAN_POINT('Ctrl Pts',(-4.34594337262855,-275.97345000736,39.1363395964671));
#4424=CARTESIAN_POINT('Ctrl Pts',(-4.43502392828485,-275.973450007402,38.9489916360251));
#4425=CARTESIAN_POINT('Ctrl Pts',(-4.48484806679125,-275.973450007425,38.8442050115909));
#4426=CARTESIAN_POINT('Ctrl Pts',(-4.5323585481908,-275.973450007446,38.7382424675081));
#4427=CARTESIAN_POINT('Ctrl Pts',(-4.57748022261083,-275.97345000746,38.6311545463824));
#4428=CARTESIAN_POINT('Ctrl Pts',(-4.59854211072458,-275.973450007467,38.5811680633434));
#4429=CARTESIAN_POINT('Ctrl Pts',(-4.61908344393282,-275.973450007472,38.5309363523261));
#4430=CARTESIAN_POINT('Ctrl Pts',(-4.63910423786899,-275.973450007475,38.4804674019096));
#4431=CARTESIAN_POINT('Ctrl Pts',(-4.71501087003346,-275.973450007487,38.2891199425029));
#4432=CARTESIAN_POINT('Ctrl Pts',(-4.7831550139087,-275.973450007495,38.0950786882653));
#4433=CARTESIAN_POINT('Ctrl Pts',(-4.84367481653053,-275.973450007504,37.8988450183794));
#4434=CARTESIAN_POINT('Ctrl Pts',(-4.90684648052313,-275.973450007514,37.6940127664382));
#4435=CARTESIAN_POINT('Ctrl Pts',(-4.96171135970112,-275.973450007525,37.4867913252947));
#4436=CARTESIAN_POINT('Ctrl Pts',(-5.00837796746932,-275.973450007539,37.2777181944928));
#4437=CARTESIAN_POINT('Ctrl Pts',(-5.05490352300831,-275.973450007554,37.0692769980134));
#4438=CARTESIAN_POINT('Ctrl Pts',(-5.0932803012218,-275.973450007571,36.8589945866925));
#4439=CARTESIAN_POINT('Ctrl Pts',(-5.12356627750136,-275.973450007592,36.6473807695063));
#4440=CARTESIAN_POINT('Ctrl Pts',(-5.15403319644061,-275.973450007612,36.4345026718969));
#4441=CARTESIAN_POINT('Ctrl Pts',(-5.17631244525002,-275.973450007635,36.220276519606));
#4442=CARTESIAN_POINT('Ctrl Pts',(-5.19041190649125,-275.973450007658,36.0052086084861));
#4443=CARTESIAN_POINT('Ctrl Pts',(-5.20447136972876,-275.97345000768,35.790750811963));
#4444=CARTESIAN_POINT('Ctrl Pts',(-5.21039742329451,-275.973450007701,35.5754553098909));
#4445=CARTESIAN_POINT('Ctrl Pts',(-5.20814631499464,-275.973450007715,35.3598220925702));
#4446=CARTESIAN_POINT('Ctrl Pts',(-5.2058785507504,-275.973450007729,35.1425934056444));
#4447=CARTESIAN_POINT('Ctrl Pts',(-5.19532060915474,-275.973450007737,34.9258596734814));
#4448=CARTESIAN_POINT('Ctrl Pts',(-5.1765681972843,-275.973450007743,34.7101427238906));
#4449=CARTESIAN_POINT('Ctrl Pts',(-5.15761377353344,-275.973450007749,34.4921019459345));
#4450=CARTESIAN_POINT('Ctrl Pts',(-5.13028748904315,-275.973450007753,34.275099275394));
#4451=CARTESIAN_POINT('Ctrl Pts',(-5.09463675331779,-275.973450007758,34.0596607797956));
#4452=CARTESIAN_POINT('Ctrl Pts',(-5.05909197103985,-275.973450007763,33.844862564148));
#4453=CARTESIAN_POINT('Ctrl Pts',(-5.01527214994389,-275.973450007768,33.6316185114807));
#4454=CARTESIAN_POINT('Ctrl Pts',(-4.96317272867599,-275.973450007775,33.4204481253149));
#4455=CARTESIAN_POINT('Ctrl Pts',(-4.91196703693875,-275.973450007781,33.2129002210409));
#4456=CARTESIAN_POINT('Ctrl Pts',(-4.85276326794748,-275.973450007787,33.0073547841839));
#4457=CARTESIAN_POINT('Ctrl Pts',(-4.78550812334913,-275.973450007792,32.8043134960513));
#4458=CARTESIAN_POINT('Ctrl Pts',(-4.73393515470938,-275.973450007795,32.6486162323257));
#4459=CARTESIAN_POINT('Ctrl Pts',(-4.67762683129523,-275.973450007798,32.4943915456503));
#4460=CARTESIAN_POINT('Ctrl Pts',(-4.61653953666421,-275.973450007797,32.3418727744355));
#4461=CARTESIAN_POINT('Ctrl Pts',(-4.59666486507115,-275.973450007796,32.2922509912484));
#4462=CARTESIAN_POINT('Ctrl Pts',(-4.57628419368599,-275.973450007796,32.2428098456053));
#4463=CARTESIAN_POINT('Ctrl Pts',(-4.55540235741061,-275.973450007794,32.1935542700716));
#4464=CARTESIAN_POINT('Ctrl Pts',(-4.4726260714992,-275.97345000779,31.9983035483755));
#4465=CARTESIAN_POINT('Ctrl Pts',(-4.38228499058488,-275.973450007779,31.8066904099193));
#4466=CARTESIAN_POINT('Ctrl Pts',(-4.28482634214361,-275.973450007766,31.6189709276223));
#4467=CARTESIAN_POINT('Ctrl Pts',(-4.18208622335652,-275.973450007752,31.4210785679569));
#4468=CARTESIAN_POINT('Ctrl Pts',(-4.07143626319012,-275.973450007737,31.2275127156427));
#4469=CARTESIAN_POINT('Ctrl Pts',(-3.95334082902254,-275.973450007723,31.038585188408));
#4470=CARTESIAN_POINT('Ctrl Pts',(-3.83692501850703,-275.973450007708,30.8523447010703));
#4471=CARTESIAN_POINT('Ctrl Pts',(-3.7132734369134,-275.973450007695,30.6706110746068));
#4472=CARTESIAN_POINT('Ctrl Pts',(-3.58277952118891,-275.973450007683,30.4937020090451));
#4473=CARTESIAN_POINT('Ctrl Pts',(-3.44946149592555,-275.973450007671,30.3129643314229));
#4474=CARTESIAN_POINT('Ctrl Pts',(-3.30900146718456,-275.97345000766,30.1372616482135));
#4475=CARTESIAN_POINT('Ctrl Pts',(-3.16177119854017,-275.973450007648,29.9669612997414));
#4476=CARTESIAN_POINT('Ctrl Pts',(-3.01454092989579,-275.973450007637,29.7966609512694));
#4477=CARTESIAN_POINT('Ctrl Pts',(-2.86053993387898,-275.973450007624,29.6317623539946));
#4478=CARTESIAN_POINT('Ctrl Pts',(-2.70009896275868,-275.973450007607,29.4726702822695));
#4479=CARTESIAN_POINT('Ctrl Pts',(-2.54145542670516,-275.97345000759,29.3153605337663));
#4480=CARTESIAN_POINT('Ctrl Pts',(-2.37712089273144,-275.973450007569,29.1643289918061));
#4481=CARTESIAN_POINT('Ctrl Pts',(-2.20752386868397,-275.973450007548,29.019875121839));
#4482=CARTESIAN_POINT('Ctrl Pts',(-2.03619694478061,-275.973450007527,28.8739478137013));
#4483=CARTESIAN_POINT('Ctrl Pts',(-1.85949922573462,-275.973450007506,28.7347324885185));
#4484=CARTESIAN_POINT('Ctrl Pts',(-1.67782700691872,-275.97345000749,28.6025650454372));
#4485=CARTESIAN_POINT('Ctrl Pts',(-1.49667373187197,-275.973450007473,28.47077513653));
#4486=CARTESIAN_POINT('Ctrl Pts',(-1.31057384376375,-275.97345000746,28.345992396122));
#4487=CARTESIAN_POINT('Ctrl Pts',(-1.1198821457754,-275.973450007451,28.228584652246));
#4488=CARTESIAN_POINT('Ctrl Pts',(-0.932354549753521,-275.973450007443,
28.113125027125));
#4489=CARTESIAN_POINT('Ctrl Pts',(-0.740385736941222,-275.973450007439,
28.0047972948887));
#4490=CARTESIAN_POINT('Ctrl Pts',(-0.544283871798573,-275.973450007438,
27.9039914805012));
#4491=CARTESIAN_POINT('Ctrl Pts',(-0.382860247019739,-275.973450007437,
27.8210119537876));
#4492=CARTESIAN_POINT('Ctrl Pts',(-0.218635445020586,-275.973450007438,
27.7431298424313));
#4493=CARTESIAN_POINT('Ctrl Pts',(-0.0517697257641104,-275.97345000744,
27.6705865863476));
#4494=CARTESIAN_POINT('',(6.16909443552561,-275.97345000744,27.6705865860929));
#4495=CARTESIAN_POINT('Ctrl Pts',(6.17159195389257,-275.97345000744,27.668444055457));
#4496=CARTESIAN_POINT('Ctrl Pts',(6.37252766078665,-275.973450007442,27.7549051043406));
#4497=CARTESIAN_POINT('Ctrl Pts',(6.57009712123516,-275.97345000744,27.84897683946));
#4498=CARTESIAN_POINT('Ctrl Pts',(6.76379998362084,-275.973450007434,27.9506825070581));
#4499=CARTESIAN_POINT('Ctrl Pts',(6.87906058796819,-275.97345000743,28.0112012653693));
#4500=CARTESIAN_POINT('Ctrl Pts',(6.99295161412372,-275.973450007425,28.0744237651196));
#4501=CARTESIAN_POINT('Ctrl Pts',(7.10536204965146,-275.973450007418,28.1403617178405));
#4502=CARTESIAN_POINT('Ctrl Pts',(7.28882456568947,-275.973450007408,28.2479775512974));
#4503=CARTESIAN_POINT('Ctrl Pts',(7.46834497991026,-275.973450007394,28.362825535571));
#4504=CARTESIAN_POINT('Ctrl Pts',(7.64361977759197,-275.973450007381,28.4845816967093));
#4505=CARTESIAN_POINT('Ctrl Pts',(7.82337843029256,-275.973450007368,28.6094526066959));
#4506=CARTESIAN_POINT('Ctrl Pts',(7.99800411505573,-275.973450007358,28.7411248109901));
#4507=CARTESIAN_POINT('Ctrl Pts',(8.16725877840212,-275.973450007347,28.8791377430659));
#4508=CARTESIAN_POINT('Ctrl Pts',(8.34105853280214,-275.973450007335,29.0208568143432));
#4509=CARTESIAN_POINT('Ctrl Pts',(8.50919547657689,-275.973450007323,29.1692621475629));
#4510=CARTESIAN_POINT('Ctrl Pts',(8.67137891085809,-275.973450007309,29.3238998974507));
#4511=CARTESIAN_POINT('Ctrl Pts',(8.83283601799318,-275.973450007294,29.4778451130112));
#4512=CARTESIAN_POINT('Ctrl Pts',(8.98839320490484,-275.973450007277,29.6379676844684));
#4513=CARTESIAN_POINT('Ctrl Pts',(9.13772466777256,-275.973450007258,29.803855343899));
#4514=CARTESIAN_POINT('Ctrl Pts',(9.28806379915211,-275.973450007239,29.9708623908163));
#4515=CARTESIAN_POINT('Ctrl Pts',(9.43209337930774,-275.973450007218,30.1437131699707));
#4516=CARTESIAN_POINT('Ctrl Pts',(9.56943477285479,-275.973450007198,30.3220140425804));
#4517=CARTESIAN_POINT('Ctrl Pts',(9.70677616640183,-275.973450007178,30.50031491519));
#4518=CARTESIAN_POINT('Ctrl Pts',(9.83742981228188,-275.973450007158,30.6840664887732));
#4519=CARTESIAN_POINT('Ctrl Pts',(9.96096423026834,-275.973450007146,30.8728931097743));
#4520=CARTESIAN_POINT('Ctrl Pts',(10.0835484936229,-275.973450007133,31.060267386631));
#4521=CARTESIAN_POINT('Ctrl Pts',(10.1986488019793,-275.973450007127,31.2519144339404));
#4522=CARTESIAN_POINT('Ctrl Pts',(10.305972213899,-275.973450007122,31.4473991282255));
#4523=CARTESIAN_POINT('Ctrl Pts',(10.4112094739083,-275.973450007118,31.6390839920622));
#4524=CARTESIAN_POINT('Ctrl Pts',(10.5089694711232,-275.973450007115,31.8344594445774));
#4525=CARTESIAN_POINT('Ctrl Pts',(10.5989313472984,-275.973450007112,32.0331410897754));
#4526=CARTESIAN_POINT('Ctrl Pts',(10.6915682381,-275.973450007109,32.2377305298029));
#4527=CARTESIAN_POINT('Ctrl Pts',(10.7759370441865,-275.973450007105,32.4458262431707));
#4528=CARTESIAN_POINT('Ctrl Pts',(10.8516320767459,-275.9734500071,32.6570271955951));
#4529=CARTESIAN_POINT('Ctrl Pts',(10.9229271122638,-275.973450007096,32.8559514696904));
#4530=CARTESIAN_POINT('Ctrl Pts',(10.986527283967,-275.973450007091,33.0576310766447));
#4531=CARTESIAN_POINT('Ctrl Pts',(11.0420428224873,-275.973450007089,33.2617385913472));
#4532=CARTESIAN_POINT('Ctrl Pts',(11.0454689825765,-275.973450007089,33.2743351551098));
#4533=CARTESIAN_POINT('Ctrl Pts',(11.0488643335026,-275.973450007088,33.2869409671949));
#4534=CARTESIAN_POINT('Ctrl Pts',(11.0522287770379,-275.973450007088,33.2995559509055));
#4535=CARTESIAN_POINT('Ctrl Pts',(11.1043675810782,-275.973450007086,33.4950504381061));
#4536=CARTESIAN_POINT('Ctrl Pts',(11.1490868579747,-275.973450007086,33.6927480128681));
#4537=CARTESIAN_POINT('Ctrl Pts',(11.1863947011072,-275.973450007092,33.8922457489658));
#4538=CARTESIAN_POINT('Ctrl Pts',(11.2254720200912,-275.973450007098,34.1012054747375));
#4539=CARTESIAN_POINT('Ctrl Pts',(11.2562727425937,-275.973450007112,34.3113559217726));
#4540=CARTESIAN_POINT('Ctrl Pts',(11.2789467090494,-275.973450007127,34.5222188865723));
#4541=CARTESIAN_POINT('Ctrl Pts',(11.302058754684,-275.973450007143,34.7371558926153));
#4542=CARTESIAN_POINT('Ctrl Pts',(11.3167270061282,-275.97345000716,34.9528338872963));
#4543=CARTESIAN_POINT('Ctrl Pts',(11.3230565265161,-275.973450007177,35.168754458057));
#4544=CARTESIAN_POINT('Ctrl Pts',(11.3294002954908,-275.973450007193,35.3851610945561));
#4545=CARTESIAN_POINT('Ctrl Pts',(11.327367633446,-275.973450007208,35.6018121119217));
#4546=CARTESIAN_POINT('Ctrl Pts',(11.3170118487865,-275.973450007221,35.8182032204948));
#4547=CARTESIAN_POINT('Ctrl Pts',(11.3067606672735,-275.973450007234,36.032408575737));
#4548=CARTESIAN_POINT('Ctrl Pts',(11.2883534557201,-275.973450007246,36.2463599075027));
#4549=CARTESIAN_POINT('Ctrl Pts',(11.2617930814883,-275.973450007257,36.4595553994344));
#4550=CARTESIAN_POINT('Ctrl Pts',(11.2354022637625,-275.973450007269,36.6713898908629));
#4551=CARTESIAN_POINT('Ctrl Pts',(11.200961894942,-275.973450007281,36.8824787971313));
#4552=CARTESIAN_POINT('Ctrl Pts',(11.1584288992137,-275.973450007299,37.0923076619202));
#4553=CARTESIAN_POINT('Ctrl Pts',(11.1155241582836,-275.973450007316,37.3039704646284));
#4554=CARTESIAN_POINT('Ctrl Pts',(11.0645513816859,-275.973450007341,37.5135303383761));
#4555=CARTESIAN_POINT('Ctrl Pts',(11.0056019496794,-275.973450007366,37.7204999337483));
#4556=CARTESIAN_POINT('Ctrl Pts',(10.9474160489715,-275.973450007391,37.924788794828));
#4557=CARTESIAN_POINT('Ctrl Pts',(10.8814585316266,-275.973450007415,38.1265546978419));
#4558=CARTESIAN_POINT('Ctrl Pts',(10.8077674677567,-275.973450007434,38.3253159545591));
#4559=CARTESIAN_POINT('Ctrl Pts',(10.7326259124534,-275.973450007454,38.5279895106112));
#4560=CARTESIAN_POINT('Ctrl Pts',(10.6494433928258,-275.973450007469,38.7275397613426));
#4561=CARTESIAN_POINT('Ctrl Pts',(10.5582095146868,-275.973450007477,38.9234313548541));
#4562=CARTESIAN_POINT('Ctrl Pts',(10.4669756365478,-275.973450007486,39.1193229483656));
#4563=CARTESIAN_POINT('Ctrl Pts',(10.3676902685148,-275.973450007487,39.3115566140247));
#4564=CARTESIAN_POINT('Ctrl Pts',(10.2602938149144,-275.973450007484,39.4995612281448));
#4565=CARTESIAN_POINT('Ctrl Pts',(6.16909443552592,-275.97345000744,27.6705865860931));
#4566=CARTESIAN_POINT('Ctrl Pts',(5.51173686482812,-275.97345000744,27.3848067459346));
#4567=CARTESIAN_POINT('Ctrl Pts',(4.4778472260804,-275.973450007426,27.0715668431828));
#4568=CARTESIAN_POINT('Ctrl Pts',(2.55093199338201,-275.973450007426,27.0406441159025));
#4569=CARTESIAN_POINT('Ctrl Pts',(1.90910811732453,-275.973450007352,27.104739140653));
#4570=CARTESIAN_POINT('Ctrl Pts',(0.708143952212332,-275.973450007352,27.3707753417121));
#4571=CARTESIAN_POINT('Ctrl Pts',(0.253569857114835,-275.97345000744,27.5378431585719));
#4572=CARTESIAN_POINT('Ctrl Pts',(-0.0517697257653408,-275.97345000744,
27.6705865863482));
#4573=CARTESIAN_POINT('Origin',(3.05866235521319,-314.109588870469,35.861265395317));
#4574=CARTESIAN_POINT('',(-6.94133764478681,-126.784481355884,35.861265395317));
#4575=CARTESIAN_POINT('',(-6.94133764478681,-314.109588870469,35.861265395317));
#4576=CARTESIAN_POINT('',(12.3411556365742,-126.784481355884,32.1416796009728));
#4577=CARTESIAN_POINT('Origin',(3.0586623552132,-126.784481355884,35.861265395317));
#4578=CARTESIAN_POINT('',(12.3411556365742,-147.716974420969,32.1416796009728));
#4579=CARTESIAN_POINT('',(12.3411556365742,-214.42958887047,32.1416796009728));
#4580=CARTESIAN_POINT('',(12.375474861758,-147.751293646153,39.4940335847132));
#4581=CARTESIAN_POINT('Origin',(3.0586623552132,-138.434481139608,35.861265395317));
#4582=CARTESIAN_POINT('',(12.375474861758,-126.784481355884,39.4940335847132));
#4583=CARTESIAN_POINT('',(12.375474861758,-214.42958887047,39.4940335847132));
#4584=CARTESIAN_POINT('Origin',(3.0586623552132,-126.784481355884,35.861265395317));
#4585=CARTESIAN_POINT('Ctrl Pts',(11.7072148120756,-285.973450091506,37.2628885554617));
#4586=CARTESIAN_POINT('Ctrl Pts',(11.3517049477947,-285.912897632941,39.4565207653118));
#4587=CARTESIAN_POINT('Ctrl Pts',(8.89537402476794,-285.791786766045,43.5487152063915));
#4588=CARTESIAN_POINT('Ctrl Pts',(1.98126400661643,-285.610123810263,45.4554684497491));
#4589=CARTESIAN_POINT('Ctrl Pts',(-4.33676664096364,-285.428459758659,42.0656673157662));
#4590=CARTESIAN_POINT('Ctrl Pts',(-6.57510243451038,-285.24679652425,35.2545645910125));
#4591=CARTESIAN_POINT('Ctrl Pts',(-3.50187359536454,-285.065132427996,28.7786799968993));
#4592=CARTESIAN_POINT('Ctrl Pts',(3.19732149795054,-284.883469644036,26.207211506615));
#4593=CARTESIAN_POINT('Ctrl Pts',(8.7023190020594,-284.732081027229,28.5087330830511));
#4594=CARTESIAN_POINT('Ctrl Pts',(11.2686307368147,-284.610973732231,32.2415827482325));
#4595=CARTESIAN_POINT('Ctrl Pts',(12.1158180698607,-284.510049153283,35.9141910336684));
#4596=CARTESIAN_POINT('Ctrl Pts',(11.2034992703178,-284.399033565859,40.0233108416034));
#4597=CARTESIAN_POINT('Ctrl Pts',(8.15494433746409,-284.277924528913,43.4546936504073));
#4598=CARTESIAN_POINT('Ctrl Pts',(3.8254703069337,-284.156813724813,44.9764638951092));
#4599=CARTESIAN_POINT('Ctrl Pts',(-0.701977406170881,-284.035706727904,
44.1991002142472));
#4600=CARTESIAN_POINT('Ctrl Pts',(-4.27363680172558,-283.914597293867,41.3233228018388));
#4601=CARTESIAN_POINT('Ctrl Pts',(-6.30626219868294,-283.773303415684,36.3631465109203));
#4602=CARTESIAN_POINT('Ctrl Pts',(-4.75465402559467,-283.61182387931,30.1894552739345));
#4603=CARTESIAN_POINT('Ctrl Pts',(1.31513601176949,-283.430160924226,26.3655508418327));
#4604=CARTESIAN_POINT('Ctrl Pts',(8.34699279594358,-283.248496506747,27.7838188978831));
#4605=CARTESIAN_POINT('Ctrl Pts',(11.991425140299,-283.087019377122,33.0027902272636));
#4606=CARTESIAN_POINT('Ctrl Pts',(11.8529939730879,-282.94572458624,38.3620508553928));
#4607=CARTESIAN_POINT('Ctrl Pts',(9.53623725094641,-282.824615653568,42.3206329141129));
#4608=CARTESIAN_POINT('Ctrl Pts',(5.58014256778027,-282.703506293343,44.6523927542183));
#4609=CARTESIAN_POINT('Ctrl Pts',(0.992301019235267,-282.582396922049,44.7706281116314));
#4610=CARTESIAN_POINT('Ctrl Pts',(-3.07595886239107,-282.461288932947,42.6449401062041));
#4611=CARTESIAN_POINT('Ctrl Pts',(-5.60014706778663,-282.340178028511,38.8100778027721));
#4612=CARTESIAN_POINT('Ctrl Pts',(-5.94067845039309,-282.21907088326,34.2328227092504));
#4613=CARTESIAN_POINT('Ctrl Pts',(-4.01657036914664,-282.097961622194,30.0654536251824));
#4614=CARTESIAN_POINT('Ctrl Pts',(-0.309846026184741,-281.976852390535,
27.3579784309436));
#4615=CARTESIAN_POINT('Ctrl Pts',(4.24540944386805,-281.855742998198,26.7924427195274));
#4616=CARTESIAN_POINT('Ctrl Pts',(8.5017985294016,-281.734634132481,28.5109729913311));
#4617=CARTESIAN_POINT('Ctrl Pts',(11.3870546204089,-281.613525266691,32.0813739037942));
#4618=CARTESIAN_POINT('Ctrl Pts',(12.1748497972381,-281.492415955887,36.6028210343181));
#4619=CARTESIAN_POINT('Ctrl Pts',(10.6657299229687,-281.371306698776,40.9399446998157));
#4620=CARTESIAN_POINT('Ctrl Pts',(7.24193303845142,-281.250198140252,43.9927009160357));
#4621=CARTESIAN_POINT('Ctrl Pts',(2.26320956580595,-281.11563150366,45.1225931254264));
#4622=CARTESIAN_POINT('Ctrl Pts',(-3.09671241541351,-280.967611576498,43.0450029638672));
#4623=CARTESIAN_POINT('Ctrl Pts',(-6.23825946592325,-280.806131735972,37.6018070538292));
#4624=CARTESIAN_POINT('Ctrl Pts',(-5.43539647423849,-280.671565380919,32.4460171311452));
#4625=CARTESIAN_POINT('Ctrl Pts',(-2.36264436748295,-280.537000187518,28.4785504335806));
#4626=CARTESIAN_POINT('Ctrl Pts',(1.9532288353537,-280.415891620628,26.6307124763152));
#4627=CARTESIAN_POINT('Ctrl Pts',(6.9726719941403,-280.281325220393,27.5977538023178));
#4628=CARTESIAN_POINT('Ctrl Pts',(10.4917339331195,-280.16021646008,30.5322494948131));
#4629=CARTESIAN_POINT('Ctrl Pts',(12.1473516835407,-280.039108167411,34.8200370373442));
#4630=CARTESIAN_POINT('Ctrl Pts',(11.5747845829905,-279.931455213902,38.8547358284776));
#4631=CARTESIAN_POINT('Ctrl Pts',(9.17548557968709,-279.81034610575,42.6765279568009));
#4632=CARTESIAN_POINT('Ctrl Pts',(4.60185759595091,-279.675781639664,45.1966677452302));
#4633=CARTESIAN_POINT('Ctrl Pts',(-1.58829285307464,-279.514300777315,44.1025379449078));
#4634=CARTESIAN_POINT('Ctrl Pts',(-5.71757795339105,-279.352821750497,39.3786842147848));
#4635=CARTESIAN_POINT('Ctrl Pts',(-5.96776783580943,-279.204801770412,33.634904389427));
#4636=CARTESIAN_POINT('Ctrl Pts',(-3.29434036261303,-279.070235048192,29.2848422197742));
#4637=CARTESIAN_POINT('Ctrl Pts',(0.69649624674647,-278.949126199906,27.0247776093171));
#4638=CARTESIAN_POINT('Ctrl Pts',(5.28894454833743,-278.828017396966,26.9910630000282));
#4639=CARTESIAN_POINT('Ctrl Pts',(9.31649479987401,-278.70690813395,29.1912696628757));
#4640=CARTESIAN_POINT('Ctrl Pts',(11.7692235222992,-278.585798809962,33.0717076666154));
#4641=CARTESIAN_POINT('Ctrl Pts',(12.0271621606595,-278.464690380429,37.6546231471726));
#4642=CARTESIAN_POINT('Ctrl Pts',(10.0266855683017,-278.343580995665,41.7859174925899));
#4643=CARTESIAN_POINT('Ctrl Pts',(6.2703095264189,-278.222471680158,44.4247210577025));
#4644=CARTESIAN_POINT('Ctrl Pts',(1.70633544408261,-278.101362366613,44.9061984459345));
#4645=CARTESIAN_POINT('Ctrl Pts',(-2.5199136362003,-277.980255022813,43.1112003556686));
#4646=CARTESIAN_POINT('Ctrl Pts',(-5.33505554902986,-277.859144572132,39.4881291598315));
#4647=CARTESIAN_POINT('Ctrl Pts',(-6.12947882745148,-277.72458039846,34.4464347528087));
#4648=CARTESIAN_POINT('Ctrl Pts',(-3.6923347629972,-277.576555347166,29.2348690522925));
#4649=CARTESIAN_POINT('Ctrl Pts',(1.94098271864526,-277.415079029511,26.472531072134));
#4650=CARTESIAN_POINT('Ctrl Pts',(8.32506561793896,-277.246872829025,27.8911470691922));
#4651=CARTESIAN_POINT('Ctrl Pts',(12.408486459464,-277.07193587226,33.4533424687465));
#4652=CARTESIAN_POINT('Ctrl Pts',(11.4876201085444,-276.890272823432,40.5672127237675));
#4653=CARTESIAN_POINT('Ctrl Pts',(5.91885944118409,-276.708608870795,45.0809942437291));
#4654=CARTESIAN_POINT('Ctrl Pts',(-1.22900191303956,-276.526945655781,44.5108279699347));
#4655=CARTESIAN_POINT('Ctrl Pts',(-6.0101020104529,-276.345281502817,39.1682284451363));
#4656=CARTESIAN_POINT('Ctrl Pts',(-5.7912288843574,-276.163618906146,32.0021302839381));
#4657=CARTESIAN_POINT('Ctrl Pts',(-0.685122742230672,-275.98195198769,26.9646378764406));
#4658=CARTESIAN_POINT('Ctrl Pts',(4.0867367281989,-275.860844975444,26.8810945489358));
#4659=CARTESIAN_POINT('Ctrl Pts',(6.16465778172891,-275.800292585981,27.6689031296104));
#4660=CARTESIAN_POINT('Ctrl Pts',(11.7242266212301,-285.983418313541,37.2659270448455));
#4661=CARTESIAN_POINT('Ctrl Pts',(11.3679434601768,-285.922865854977,39.4638926786875));
#4662=CARTESIAN_POINT('Ctrl Pts',(8.90665157584921,-285.80175498808,43.564064610381));
#4663=CARTESIAN_POINT('Ctrl Pts',(1.97883161775892,-285.620092032299,45.4743720860521));
#4664=CARTESIAN_POINT('Ctrl Pts',(-4.3515575075244,-285.438427980694,42.0776755691663));
#4665=CARTESIAN_POINT('Ctrl Pts',(-6.59409531567663,-285.256764746285,35.2530632287146));
#4666=CARTESIAN_POINT('Ctrl Pts',(-3.51459752258244,-285.075100650031,28.7644931610536));
#4667=CARTESIAN_POINT('Ctrl Pts',(3.1979028658089,-284.893437866071,26.1881654244101));
#4668=CARTESIAN_POINT('Ctrl Pts',(8.71368137689782,-284.742049249264,28.4943942414573));
#4669=CARTESIAN_POINT('Ctrl Pts',(11.2849458801087,-284.620941954267,32.2346987869651));
#4670=CARTESIAN_POINT('Ctrl Pts',(12.1336899333467,-284.520017375318,35.9145856694056));
#4671=CARTESIAN_POINT('Ctrl Pts',(11.2194419532036,-284.409001787894,40.0317823113082));
#4672=CARTESIAN_POINT('Ctrl Pts',(8.16476407379533,-284.287892750948,43.4698363590222));
#4673=CARTESIAN_POINT('Ctrl Pts',(3.82668818865002,-284.166781946848,44.9944794212093));
#4674=CARTESIAN_POINT('Ctrl Pts',(-0.709661383137227,-284.04567494994,44.2154349582587));
#4675=CARTESIAN_POINT('Ctrl Pts',(-4.28827648975185,-283.924565515902,41.3338718653183));
#4676=CARTESIAN_POINT('Ctrl Pts',(-6.32476351330888,-283.78327163772,36.3638262965693));
#4677=CARTESIAN_POINT('Ctrl Pts',(-4.7698925163848,-283.621792101345,30.1780187765104));
#4678=CARTESIAN_POINT('Ctrl Pts',(1.31199531969802,-283.440129146261,26.3467523117076));
#4679=CARTESIAN_POINT('Ctrl Pts',(8.35768541595576,-283.258464728782,27.7680483037825));
#4680=CARTESIAN_POINT('Ctrl Pts',(12.0091439565729,-283.096987599157,32.9974240942684));
#4681=CARTESIAN_POINT('Ctrl Pts',(11.8702686246761,-282.955692808276,38.3672648378795));
#4682=CARTESIAN_POINT('Ctrl Pts',(9.54882206433093,-282.834583875603,42.3335811919046));
#4683=CARTESIAN_POINT('Ctrl Pts',(5.58483455478349,-282.713474515379,44.6698209090497));
#4684=CARTESIAN_POINT('Ctrl Pts',(0.987940077014356,-282.592365144084,44.7881468077637));
#4685=CARTESIAN_POINT('Ctrl Pts',(-3.08828081013661,-282.471257154982,42.6581314104025));
#4686=CARTESIAN_POINT('Ctrl Pts',(-5.61732769690818,-282.350146250547,38.815630344211));
#4687=CARTESIAN_POINT('Ctrl Pts',(-5.95838404943692,-282.229039105295,34.229319039707));
#4688=CARTESIAN_POINT('Ctrl Pts',(-4.03034969483159,-282.107929844229,30.0537905893475));
#4689=CARTESIAN_POINT('Ctrl Pts',(-0.316223933994584,-281.98682061257,27.3410900239479));
#4690=CARTESIAN_POINT('Ctrl Pts',(4.24803880241215,-281.865711220233,26.7745829594018));
#4691=CARTESIAN_POINT('Ctrl Pts',(8.51277345468916,-281.744602354516,28.4966396230112));
#4692=CARTESIAN_POINT('Ctrl Pts',(11.4036105624985,-281.623493488726,32.074178177551));
#4693=CARTESIAN_POINT('Ctrl Pts',(12.1928167985704,-281.502384177923,36.6045733751311));
#4694=CARTESIAN_POINT('Ctrl Pts',(10.6805821224046,-281.381274920811,40.9502084831571));
#4695=CARTESIAN_POINT('Ctrl Pts',(7.24992963894199,-281.260166362287,44.0088810884404));
#4696=CARTESIAN_POINT('Ctrl Pts',(2.26134903633601,-281.125599725695,45.1408452614345));
#4697=CARTESIAN_POINT('Ctrl Pts',(-3.10908775472963,-280.977579798533,43.058987856497));
#4698=CARTESIAN_POINT('Ctrl Pts',(-6.25666095313265,-280.816099958007,37.6049391130603));
#4699=CARTESIAN_POINT('Ctrl Pts',(-5.45205599226084,-280.681533602954,32.4390166684337));
#4700=CARTESIAN_POINT('Ctrl Pts',(-2.37310977676652,-280.546968409553,28.4638100850767));
#4701=CARTESIAN_POINT('Ctrl Pts',(1.95134590256911,-280.425859842663,26.6124612253802));
#4702=CARTESIAN_POINT('Ctrl Pts',(6.98065865580302,-280.291293442428,27.5815700849117));
#4703=CARTESIAN_POINT('Ctrl Pts',(10.5065732698784,-280.170184682115,30.5219664615116));
#4704=CARTESIAN_POINT('Ctrl Pts',(12.1653197671899,-280.049076389446,34.8182716096683));
#4705=CARTESIAN_POINT('Ctrl Pts',(11.5914996775865,-279.941423435937,38.8609027312086));
#4706=CARTESIAN_POINT('Ctrl Pts',(9.18733275649857,-279.820314327786,42.690176708347));
#4707=CARTESIAN_POINT('Ctrl Pts',(4.60460108428038,-279.685749861699,45.2151403050076));
#4708=CARTESIAN_POINT('Ctrl Pts',(-1.59771932218193,-279.52426899935,44.118661923193));
#4709=CARTESIAN_POINT('Ctrl Pts',(-5.73500591800437,-279.362789972532,39.3853461259429));
#4710=CARTESIAN_POINT('Ctrl Pts',(-5.9855128749822,-279.214769992447,33.6302207492246));
#4711=CARTESIAN_POINT('Ctrl Pts',(-3.30666923563756,-279.080203270227,29.2716638479463));
#4712=CARTESIAN_POINT('Ctrl Pts',(0.692114208216878,-278.959094421942,27.0072632208802));
#4713=CARTESIAN_POINT('Ctrl Pts',(5.29362717244663,-278.837985619002,26.973628653366));
#4714=CARTESIAN_POINT('Ctrl Pts',(9.32905590102774,-278.716876355986,29.1783045915267));
#4715=CARTESIAN_POINT('Ctrl Pts',(11.7865022818833,-278.595767031997,33.0664784850163));
#4716=CARTESIAN_POINT('Ctrl Pts',(12.0448046800884,-278.474658602464,37.6584465810252));
#4717=CARTESIAN_POINT('Ctrl Pts',(10.0402497801525,-278.3535492177,41.7978302461826));
#4718=CARTESIAN_POINT('Ctrl Pts',(6.2763771586414,-278.232439902194,44.4417231704999));
#4719=CARTESIAN_POINT('Ctrl Pts',(1.70338546991557,-278.111330588649,44.9240039533115));
#4720=CARTESIAN_POINT('Ctrl Pts',(-2.53115951232195,-277.990223244848,43.1253287817685));
#4721=CARTESIAN_POINT('Ctrl Pts',(-5.35173378695641,-277.869112794168,39.4950197083034));
#4722=CARTESIAN_POINT('Ctrl Pts',(-6.1475688108162,-277.734548620495,34.443353480686));
#4723=CARTESIAN_POINT('Ctrl Pts',(-3.70544838543243,-277.586523569201,29.221578676263));
#4724=CARTESIAN_POINT('Ctrl Pts',(1.93908018581536,-277.425047251546,26.4539676400835));
#4725=CARTESIAN_POINT('Ctrl Pts',(8.33571435585583,-277.25684105106,27.8755853003551));
#4726=CARTESIAN_POINT('Ctrl Pts',(12.4270145026138,-277.081904094295,33.4488867819625));
#4727=CARTESIAN_POINT('Ctrl Pts',(11.5041056436302,-276.900241045467,40.5767669825462));
#4728=CARTESIAN_POINT('Ctrl Pts',(5.92421219599472,-276.718577092831,45.0992799800415));
#4729=CARTESIAN_POINT('Ctrl Pts',(-1.23773848430393,-276.536913877816,44.5277620464365));
#4730=CARTESIAN_POINT('Ctrl Pts',(-6.02810222583152,-276.355249724853,39.174467343743));
#4731=CARTESIAN_POINT('Ctrl Pts',(-5.80857601415369,-276.173587128182,31.9942342573123));
#4732=CARTESIAN_POINT('Ctrl Pts',(-0.692222177233278,-275.991920209726,
26.9469626699436));
#4733=CARTESIAN_POINT('Ctrl Pts',(4.08903141541076,-275.870813197479,26.8634106236115));
#4734=CARTESIAN_POINT('Ctrl Pts',(6.17104308480803,-275.810260808016,27.6528450483728));
#4735=CARTESIAN_POINT('Ctrl Pts',(11.7485159160913,-286.010178609916,37.2706131830537));
#4736=CARTESIAN_POINT('Ctrl Pts',(11.3910459245981,-285.949626151352,39.474726537291));
#4737=CARTESIAN_POINT('Ctrl Pts',(8.92246704893437,-285.828515284456,43.5862504985155));
#4738=CARTESIAN_POINT('Ctrl Pts',(1.97498290422004,-285.646852328674,45.5013458667489));
#4739=CARTESIAN_POINT('Ctrl Pts',(-4.3729462851848,-285.465188277069,42.094555977099));
#4740=CARTESIAN_POINT('Ctrl Pts',(-6.62122312842629,-285.283525042661,35.2505367630062));
#4741=CARTESIAN_POINT('Ctrl Pts',(-3.53250702436966,-285.101860946407,28.7439583490248));
#4742=CARTESIAN_POINT('Ctrl Pts',(3.19910844775271,-284.920198162447,26.1609396613884));
#4743=CARTESIAN_POINT('Ctrl Pts',(8.73023051653737,-284.76880954564,28.4741331768168));
#4744=CARTESIAN_POINT('Ctrl Pts',(11.3084152031004,-284.647702250642,32.2251809927496));
#4745=CARTESIAN_POINT('Ctrl Pts',(12.1592382187279,-284.546777671693,35.9154979799928));
#4746=CARTESIAN_POINT('Ctrl Pts',(11.2420681693906,-284.435762084269,40.0442128182261));
#4747=CARTESIAN_POINT('Ctrl Pts',(8.1784982538958,-284.314653047324,43.4916928011456));
#4748=CARTESIAN_POINT('Ctrl Pts',(3.82808599744117,-284.193542243223,45.0202584940141));
#4749=CARTESIAN_POINT('Ctrl Pts',(-0.720976746786424,-284.072435246315,
44.2386406688356));
#4750=CARTESIAN_POINT('Ctrl Pts',(-4.30942661848098,-283.951325812278,41.3486606059332));
#4751=CARTESIAN_POINT('Ctrl Pts',(-6.35122375727718,-283.810031934095,36.3644607597217));
#4752=CARTESIAN_POINT('Ctrl Pts',(-4.7914573697925,-283.648552397721,30.1613540998151));
#4753=CARTESIAN_POINT('Ctrl Pts',(1.30787927768603,-283.466889442637,26.3198179471917));
#4754=CARTESIAN_POINT('Ctrl Pts',(8.37328731905117,-283.285225025157,27.7457049756759));
#4755=CARTESIAN_POINT('Ctrl Pts',(12.0345871975472,-283.123747895533,32.9901200625577));
#4756=CARTESIAN_POINT('Ctrl Pts',(11.8948692935563,-282.982453104651,38.3750631287839));
#4757=CARTESIAN_POINT('Ctrl Pts',(9.56654676930745,-282.861344171978,42.3523550089065));
#4758=CARTESIAN_POINT('Ctrl Pts',(5.59120937756736,-282.740234811754,44.6948363695852));
#4759=CARTESIAN_POINT('Ctrl Pts',(0.981358119559775,-282.61912544046,44.8131064078446));
#4760=CARTESIAN_POINT('Ctrl Pts',(-3.10616085865294,-282.498017451358,42.6767526651906));
#4761=CARTESIAN_POINT('Ctrl Pts',(-5.64200596916795,-282.376906546922,38.8232127746252));
#4762=CARTESIAN_POINT('Ctrl Pts',(-5.98363768330691,-282.255799401671,34.2239678555091));
#4763=CARTESIAN_POINT('Ctrl Pts',(-4.04982078848981,-282.134690140605,30.0368421010886));
#4764=CARTESIAN_POINT('Ctrl Pts',(-0.325009069801065,-282.013580908946,
27.3168160712605));
#4765=CARTESIAN_POINT('Ctrl Pts',(4.25215314662685,-281.892471516609,26.7490981073427));
#4766=CARTESIAN_POINT('Ctrl Pts',(8.52875078561218,-281.771362650892,28.476362750474));
#4767=CARTESIAN_POINT('Ctrl Pts',(11.4274261017341,-281.650253785102,32.0642179509801));
#4768=CARTESIAN_POINT('Ctrl Pts',(12.2184731308622,-281.529144474298,36.6074356895728));
#4769=CARTESIAN_POINT('Ctrl Pts',(10.701613829725,-281.408035217186,40.9651793139423));
#4770=CARTESIAN_POINT('Ctrl Pts',(7.2610455387824,-281.286926658662,44.0321749453214));
#4771=CARTESIAN_POINT('Ctrl Pts',(2.25832044631737,-281.152360022071,45.1669062356026));
#4772=CARTESIAN_POINT('Ctrl Pts',(-3.12706034350718,-281.004340094909,43.0787326989629));
#4773=CARTESIAN_POINT('Ctrl Pts',(-6.28303745487665,-280.842860254383,37.6090699155226));
#4774=CARTESIAN_POINT('Ctrl Pts',(-5.47572776467656,-280.70829389933,32.4286576973882));
#4775=CARTESIAN_POINT('Ctrl Pts',(-2.3877804334564,-280.573728705928,28.4425229010869));
#4776=CARTESIAN_POINT('Ctrl Pts',(1.94900279472009,-280.452620139038,26.5863262286618));
#4777=CARTESIAN_POINT('Ctrl Pts',(6.99239876696519,-280.318053738804,27.558587382959));
#4778=CARTESIAN_POINT('Ctrl Pts',(10.5279929438523,-280.196944978491,30.5075613963802));
#4779=CARTESIAN_POINT('Ctrl Pts',(12.191049948606,-280.075836685822,34.8161009641794));
#4780=CARTESIAN_POINT('Ctrl Pts',(11.615270276025,-279.968183732313,38.8700749574122));
#4781=CARTESIAN_POINT('Ctrl Pts',(9.20401974816201,-279.847074624161,42.7099173273427));
#4782=CARTESIAN_POINT('Ctrl Pts',(4.60817038545587,-279.712510158075,45.241607727645));
#4783=CARTESIAN_POINT('Ctrl Pts',(-1.61152957748979,-279.551029295726,44.1415147854535));
#4784=CARTESIAN_POINT('Ctrl Pts',(-5.76006520965894,-279.389550268908,39.3945291839842));
#4785=CARTESIAN_POINT('Ctrl Pts',(-6.0107889499239,-279.241530288823,33.6231797788822));
#4786=CARTESIAN_POINT('Ctrl Pts',(-3.32403709225951,-279.106963566602,29.2525724753201));
#4787=CARTESIAN_POINT('Ctrl Pts',(0.686196836453985,-278.985854718317,26.9821344687836));
#4788=CARTESIAN_POINT('Ctrl Pts',(5.30066867615516,-278.864745915377,26.9487920622519));
#4789=CARTESIAN_POINT('Ctrl Pts',(9.34727424125466,-278.743636652361,29.1600158792826));
#4790=CARTESIAN_POINT('Ctrl Pts',(11.8113123383167,-278.622527328372,33.0593444905599));
#4791=CARTESIAN_POINT('Ctrl Pts',(12.0699552681285,-278.501418898839,37.6642637552707));
#4792=CARTESIAN_POINT('Ctrl Pts',(10.0594071455485,-278.380309514076,41.8151339761794));
#4793=CARTESIAN_POINT('Ctrl Pts',(6.28471382820189,-278.259200198569,44.4661536704277));
#4794=CARTESIAN_POINT('Ctrl Pts',(1.69880221153709,-278.138090885024,44.9494087473339));
#4795=CARTESIAN_POINT('Ctrl Pts',(-2.54750564268758,-278.016983541224,43.1453128825022));
#4796=CARTESIAN_POINT('Ctrl Pts',(-5.37572194092638,-277.895873090543,39.5045434770438));
#4797=CARTESIAN_POINT('Ctrl Pts',(-6.17336963197164,-277.761308916871,34.4385841721786));
#4798=CARTESIAN_POINT('Ctrl Pts',(-3.72393421955637,-277.613283865577,29.202313230986));
#4799=CARTESIAN_POINT('Ctrl Pts',(1.93671620557027,-277.451807547921,26.4273850762017));
#4800=CARTESIAN_POINT('Ctrl Pts',(8.35124337151565,-277.283601347436,27.853544540626));
#4801=CARTESIAN_POINT('Ctrl Pts',(12.4535959631694,-277.108664390671,33.4428834167767));
#4802=CARTESIAN_POINT('Ctrl Pts',(11.5274879118351,-276.927001341843,40.5907556813604));
#4803=CARTESIAN_POINT('Ctrl Pts',(5.93150224846149,-276.745337389206,45.1255325537136));
#4804=CARTESIAN_POINT('Ctrl Pts',(-1.25056518697939,-276.563674174191,44.5518020814299));
#4805=CARTESIAN_POINT('Ctrl Pts',(-6.05396787362321,-276.382010021228,39.1830308174039));
#4806=CARTESIAN_POINT('Ctrl Pts',(-5.83321452619173,-276.200347424557,31.9825987505738));
#4807=CARTESIAN_POINT('Ctrl Pts',(-0.702037483236532,-276.018680506101,
26.9215463834948));
#4808=CARTESIAN_POINT('Ctrl Pts',(4.09270378106088,-275.897573493855,26.8381582410732));
#4809=CARTESIAN_POINT('Ctrl Pts',(6.18050071833157,-275.837021104391,27.6299871634248));
#4810=CARTESIAN_POINT('Ctrl Pts',(11.7607086749479,-286.065053897723,37.2741161067595));
#4811=CARTESIAN_POINT('Ctrl Pts',(11.402351018102,-286.004501439159,39.4813178165719));
#4812=CARTESIAN_POINT('Ctrl Pts',(8.92953353438578,-285.883390572262,43.5983057984056));
#4813=CARTESIAN_POINT('Ctrl Pts',(1.97178439497705,-285.701727616481,45.5149501710912));
#4814=CARTESIAN_POINT('Ctrl Pts',(-4.38464373495459,-285.520063564876,42.1022022420327));
#4815=CARTESIAN_POINT('Ctrl Pts',(-6.634966090879,-285.338400330467,35.2480071981167));
#4816=CARTESIAN_POINT('Ctrl Pts',(-3.54071835288457,-285.156736234214,28.7326498233215));
#4817=CARTESIAN_POINT('Ctrl Pts',(3.20096807149208,-284.975073450253,26.1470866012572));
#4818=CARTESIAN_POINT('Ctrl Pts',(8.73960919504969,-284.823684833446,28.4645374970752));
#4819=CARTESIAN_POINT('Ctrl Pts',(11.3208390930926,-284.702577538449,32.2213906353425));
#4820=CARTESIAN_POINT('Ctrl Pts',(12.1722478377843,-284.6016529595,35.9171313632024));
#4821=CARTESIAN_POINT('Ctrl Pts',(11.2530591992472,-284.490637372076,40.0515964125179));
#4822=CARTESIAN_POINT('Ctrl Pts',(8.18451656489101,-284.36952833513,43.5034850471742));
#4823=CARTESIAN_POINT('Ctrl Pts',(3.82762171007101,-284.24841753103,45.0334918720688));
#4824=CARTESIAN_POINT('Ctrl Pts',(-0.727816920002944,-284.127310534122,
44.2499784970106));
#4825=CARTESIAN_POINT('Ctrl Pts',(-4.32090628831383,-284.006201100084,41.3552497868324));
#4826=CARTESIAN_POINT('Ctrl Pts',(-6.36477028831583,-283.864907221902,36.3635744238787));
#4827=CARTESIAN_POINT('Ctrl Pts',(-4.80171260260387,-283.703427685527,30.1518564961421));
#4828=CARTESIAN_POINT('Ctrl Pts',(1.30700678499751,-283.521764730443,26.305869949879));
#4829=CARTESIAN_POINT('Ctrl Pts',(8.38227812340162,-283.340100312964,27.7350037665665));
#4830=CARTESIAN_POINT('Ctrl Pts',(12.0479186677562,-283.178623183339,32.9875498503497));
#4831=CARTESIAN_POINT('Ctrl Pts',(11.9070802330806,-283.037328392458,38.3801705309896));
#4832=CARTESIAN_POINT('Ctrl Pts',(9.57474486814298,-282.916219459785,42.3627547927729));
#4833=CARTESIAN_POINT('Ctrl Pts',(5.59332268745968,-282.795110099561,44.7079065550138));
#4834=CARTESIAN_POINT('Ctrl Pts',(0.976855547679083,-282.674000728266,44.8255566765478));
#4835=CARTESIAN_POINT('Ctrl Pts',(-3.11614549233515,-282.552892739164,42.6854484816771));
#4836=CARTESIAN_POINT('Ctrl Pts',(-5.65495930558306,-282.431781834729,38.8259600838447));
#4837=CARTESIAN_POINT('Ctrl Pts',(-5.99629371169362,-282.310674689477,34.2200801498925));
#4838=CARTESIAN_POINT('Ctrl Pts',(-4.05899353469972,-282.189565428412,30.0272944438074));
#4839=CARTESIAN_POINT('Ctrl Pts',(-0.328388212408471,-282.068456196752,
27.3040143111475));
#4840=CARTESIAN_POINT('Ctrl Pts',(4.25541899863965,-281.947346804415,26.7362669841578));
#4841=CARTESIAN_POINT('Ctrl Pts',(8.53783902164412,-281.826237938698,28.4667339910527));
#4842=CARTESIAN_POINT('Ctrl Pts',(11.4400473148353,-281.705129072909,32.0602175105413));
#4843=CARTESIAN_POINT('Ctrl Pts',(12.2314489969662,-281.584019762105,36.6100697718955));
#4844=CARTESIAN_POINT('Ctrl Pts',(10.7116742417716,-281.462910504993,40.9737878594837));
#4845=CARTESIAN_POINT('Ctrl Pts',(7.26565999890924,-281.341801946469,44.0445824327218));
#4846=CARTESIAN_POINT('Ctrl Pts',(2.25558329172362,-281.207235309877,45.1800813238419));
#4847=CARTESIAN_POINT('Ctrl Pts',(-3.13714362721502,-281.059215382716,43.0879988945654));
#4848=CARTESIAN_POINT('Ctrl Pts',(-6.29670037363787,-280.897735542189,37.6099743420925));
#4849=CARTESIAN_POINT('Ctrl Pts',(-5.48734820716957,-280.763169187136,32.4222855983373));
#4850=CARTESIAN_POINT('Ctrl Pts',(-2.39430277360514,-280.628603993735,28.4309783211491));
#4851=CARTESIAN_POINT('Ctrl Pts',(1.94900032479456,-280.507495426845,26.5728681851891));
#4852=CARTESIAN_POINT('Ctrl Pts',(6.99944605405094,-280.37292902661,27.5473828573873));
#4853=CARTESIAN_POINT('Ctrl Pts',(10.5395934292208,-280.251820266297,30.5011806570589));
#4854=CARTESIAN_POINT('Ctrl Pts',(12.2042932486581,-280.130711973628,34.8161674755287));
#4855=CARTESIAN_POINT('Ctrl Pts',(11.6269952711724,-280.023059020119,38.8758450487301));
#4856=CARTESIAN_POINT('Ctrl Pts',(9.21164152396677,-279.901949911968,42.7207645809655));
#4857=CARTESIAN_POINT('Ctrl Pts',(4.60878406228287,-279.767385445881,45.2552916652165));
#4858=CARTESIAN_POINT('Ctrl Pts',(-1.61962783895404,-279.605904583532,44.1525594927241));
#4859=CARTESIAN_POINT('Ctrl Pts',(-5.77328581911325,-279.444425556715,39.3980756481175));
#4860=CARTESIAN_POINT('Ctrl Pts',(-6.0233799155784,-279.29640557663,33.6184278377332));
#4861=CARTESIAN_POINT('Ctrl Pts',(-3.33203750546257,-279.161838854409,29.2420264902234));
#4862=CARTESIAN_POINT('Ctrl Pts',(0.684321660048891,-279.040730006124,26.9690269653678));
#4863=CARTESIAN_POINT('Ctrl Pts',(5.30540028172976,-278.919621203184,26.9364258552657));
#4864=CARTESIAN_POINT('Ctrl Pts',(9.35741648858637,-278.798511940168,29.1515051262669));
#4865=CARTESIAN_POINT('Ctrl Pts',(11.8243125138059,-278.677402616179,33.0568332684183));
#4866=CARTESIAN_POINT('Ctrl Pts',(12.082537847792,-278.556294186646,37.6683842507667));
#4867=CARTESIAN_POINT('Ctrl Pts',(10.0684034886283,-278.435184801882,41.8248486412832));
#4868=CARTESIAN_POINT('Ctrl Pts',(6.28785687599574,-278.314075486376,44.4790149328271));
#4869=CARTESIAN_POINT('Ctrl Pts',(1.69530120353106,-278.192966172831,44.9621774127502));
#4870=CARTESIAN_POINT('Ctrl Pts',(-2.55676974808364,-278.071858829031,43.1547747712658));
#4871=CARTESIAN_POINT('Ctrl Pts',(-5.38841114915743,-277.95074837835,39.5083129559968));
#4872=CARTESIAN_POINT('Ctrl Pts',(-6.18633254617772,-277.816184204677,34.4349695187349));
#4873=CARTESIAN_POINT('Ctrl Pts',(-3.73249790665238,-277.668159153383,29.1916271399202));
#4874=CARTESIAN_POINT('Ctrl Pts',(1.93672345108572,-277.506682835728,26.4136974786968));
#4875=CARTESIAN_POINT('Ctrl Pts',(8.36018352513753,-277.338476635242,27.8429943247695));
#4876=CARTESIAN_POINT('Ctrl Pts',(12.4674493972464,-277.163539678477,33.4410306974441));
#4877=CARTESIAN_POINT('Ctrl Pts',(11.5387939146958,-276.98187662965,40.59896985706));
#4878=CARTESIAN_POINT('Ctrl Pts',(5.93402734692212,-276.800212677013,45.1392767650396));
#4879=CARTESIAN_POINT('Ctrl Pts',(-1.25821589870689,-276.618549461998,44.5634971570103));
#4880=CARTESIAN_POINT('Ctrl Pts',(-6.06757235332556,-276.436885309035,39.1862241102391));
#4881=CARTESIAN_POINT('Ctrl Pts',(-5.84527030113467,-276.255222712364,31.9755293090854));
#4882=CARTESIAN_POINT('Ctrl Pts',(-0.705889882960337,-276.073555793908,
26.9081143005872));
#4883=CARTESIAN_POINT('Ctrl Pts',(4.09573069303145,-275.952448781661,26.8254261106712));
#4884=CARTESIAN_POINT('Ctrl Pts',(6.18637551084717,-275.891896392198,27.6187434693734));
#4885=CARTESIAN_POINT('Ctrl Pts',(11.7453702164597,-286.114810752466,37.27300744136));
#4886=CARTESIAN_POINT('Ctrl Pts',(11.3872928671669,-286.054258293901,39.4763227215003));
#4887=CARTESIAN_POINT('Ctrl Pts',(8.91813819038303,-285.933147427005,43.5857717642872));
#4888=CARTESIAN_POINT('Ctrl Pts',(1.97217844275186,-285.751484471224,45.498012259111));
#4889=CARTESIAN_POINT('Ctrl Pts',(-4.37267851170375,-285.569820419618,42.0902084296499));
#4890=CARTESIAN_POINT('Ctrl Pts',(-6.61803129519623,-285.38815718521,35.2475730930013));
#4891=CARTESIAN_POINT('Ctrl Pts',(-3.52815114448091,-285.206493088956,28.7440123955407));
#4892=CARTESIAN_POINT('Ctrl Pts',(3.20222414406576,-285.024830304996,26.1639846556085));
#4893=CARTESIAN_POINT('Ctrl Pts',(8.73088283353185,-284.873441688189,28.47826433051));
#4894=CARTESIAN_POINT('Ctrl Pts',(11.307048648071,-284.752334393192,32.2289919704445));
#4895=CARTESIAN_POINT('Ctrl Pts',(12.1564067225278,-284.651409814243,35.9184450018975));
#4896=CARTESIAN_POINT('Ctrl Pts',(11.2381756426537,-284.540394226819,40.0455846186268));
#4897=CARTESIAN_POINT('Ctrl Pts',(8.17443020296242,-284.419285189873,43.4910009918209));
#4898=CARTESIAN_POINT('Ctrl Pts',(3.82486529867222,-284.298174385773,45.0176771313155));
#4899=CARTESIAN_POINT('Ctrl Pts',(-0.722536423402003,-284.177067388864,
44.2348195379223));
#4900=CARTESIAN_POINT('Ctrl Pts',(-4.30893561549001,-284.055957954827,41.3445643494523));
#4901=CARTESIAN_POINT('Ctrl Pts',(-6.34847806487572,-283.914664076644,36.3612407307186));
#4902=CARTESIAN_POINT('Ctrl Pts',(-4.78717389733736,-283.75318454027,30.1605598478512));
#4903=CARTESIAN_POINT('Ctrl Pts',(1.31152803667905,-283.571521585186,26.3221979299434));
#4904=CARTESIAN_POINT('Ctrl Pts',(8.3742870949751,-283.389857167707,27.7499450538225));
#4905=CARTESIAN_POINT('Ctrl Pts',(12.0327470205643,-283.228380038082,32.9939311005319));
#4906=CARTESIAN_POINT('Ctrl Pts',(11.8913185466738,-283.0870852472,38.3771636003122));
#4907=CARTESIAN_POINT('Ctrl Pts',(9.56242056848218,-282.965976314528,42.3524675435075));
#4908=CARTESIAN_POINT('Ctrl Pts',(5.58754952553254,-282.844866954303,44.6929298671044));
#4909=CARTESIAN_POINT('Ctrl Pts',(0.979085017696517,-282.723757583009,44.809662027758));
#4910=CARTESIAN_POINT('Ctrl Pts',(-3.10647436210131,-282.602649593907,42.6726376628607));
#4911=CARTESIAN_POINT('Ctrl Pts',(-5.64028047212743,-282.481538689471,38.8194633128541));
#4912=CARTESIAN_POINT('Ctrl Pts',(-5.98030865494308,-282.36043154422,34.2215293105243));
#4913=CARTESIAN_POINT('Ctrl Pts',(-4.04572603292497,-282.239322283154,30.0363279221558));
#4914=CARTESIAN_POINT('Ctrl Pts',(-0.321180158831023,-282.118213051495,
27.3183559768446));
#4915=CARTESIAN_POINT('Ctrl Pts',(4.25475172957948,-281.997103659158,26.7523042053176));
#4916=CARTESIAN_POINT('Ctrl Pts',(8.52946455287866,-281.875994793441,28.4804275709178));
#4917=CARTESIAN_POINT('Ctrl Pts',(11.4260751482165,-281.754885927651,32.0681174603034));
#4918=CARTESIAN_POINT('Ctrl Pts',(12.2153979856739,-281.633776616847,36.6101880942284));
#4919=CARTESIAN_POINT('Ctrl Pts',(10.6975884713044,-281.512667359736,40.9660903423708));
#4920=CARTESIAN_POINT('Ctrl Pts',(7.25708515203945,-281.391558801212,44.0310171652404));
#4921=CARTESIAN_POINT('Ctrl Pts',(2.25553726909044,-281.25699216462,45.1637683693927));
#4922=CARTESIAN_POINT('Ctrl Pts',(-3.12749832694212,-281.108972237458,43.0744865570826));
#4923=CARTESIAN_POINT('Ctrl Pts',(-6.28071825914961,-280.947492396932,37.6054872416706));
#4924=CARTESIAN_POINT('Ctrl Pts',(-5.47197108833983,-280.812926041879,32.4269394907776));
#4925=CARTESIAN_POINT('Ctrl Pts',(-2.38368034531235,-280.678360848478,28.443042935177));
#4926=CARTESIAN_POINT('Ctrl Pts',(1.95236644241699,-280.557252281588,26.5888326069724));
#4927=CARTESIAN_POINT('Ctrl Pts',(6.99388645090281,-280.422685881353,27.5624356210563));
#4928=CARTESIAN_POINT('Ctrl Pts',(10.5274270484737,-280.30157712104,30.5116493121404));
#4929=CARTESIAN_POINT('Ctrl Pts',(12.1885666777972,-280.180468828371,34.8193982842384));
#4930=CARTESIAN_POINT('Ctrl Pts',(11.6116447730935,-280.072815874862,38.8719314458003));
#4931=CARTESIAN_POINT('Ctrl Pts',(9.19988927703857,-279.951706766711,42.7098010726607));
#4932=CARTESIAN_POINT('Ctrl Pts',(4.60463641075008,-279.817142300624,45.2392120017176));
#4933=CARTESIAN_POINT('Ctrl Pts',(-1.61278234723562,-279.655661438275,44.1374335979329));
#4934=CARTESIAN_POINT('Ctrl Pts',(-5.75848924829378,-279.494182411457,39.390564726904));
#4935=CARTESIAN_POINT('Ctrl Pts',(-6.00725582255577,-279.346162431372,33.620918115711));
#4936=CARTESIAN_POINT('Ctrl Pts',(-3.31991134263942,-279.211595709152,29.2525371352264));
#4937=CARTESIAN_POINT('Ctrl Pts',(0.689822096343067,-279.090486860866,26.9841071782541));
#4938=CARTESIAN_POINT('Ctrl Pts',(5.30287802804462,-278.969378057927,26.9522778883714));
#4939=CARTESIAN_POINT('Ctrl Pts',(9.34751228046895,-278.84826879491,29.1641358923072));
#4940=CARTESIAN_POINT('Ctrl Pts',(11.8095186030652,-278.727159470922,33.0630613365714));
#4941=CARTESIAN_POINT('Ctrl Pts',(12.0665818583954,-278.606051041389,37.6666410300017));
#4942=CARTESIAN_POINT('Ctrl Pts',(10.0553035456232,-278.484941656625,41.8155730580212));
#4943=CARTESIAN_POINT('Ctrl Pts',(6.28091395746454,-278.363832341118,44.4645437517931));
#4944=CARTESIAN_POINT('Ctrl Pts',(1.6962628505184,-278.242723027574,44.9461559415838));
#4945=CARTESIAN_POINT('Ctrl Pts',(-2.54814440976189,-278.121615683773,43.1412349167938));
#4946=CARTESIAN_POINT('Ctrl Pts',(-5.37430063053568,-278.000505233092,39.5006701610778));
#4947=CARTESIAN_POINT('Ctrl Pts',(-6.17005182286179,-277.86594105942,34.436017386584));
#4948=CARTESIAN_POINT('Ctrl Pts',(-3.71966844417819,-277.717916008126,29.2021631970756));
#4949=CARTESIAN_POINT('Ctrl Pts',(1.94013541752922,-277.556439690471,26.4299365904137));
#4950=CARTESIAN_POINT('Ctrl Pts',(8.35221482792535,-277.388233489985,27.8577441333283));
#4951=CARTESIAN_POINT('Ctrl Pts',(12.451478731771,-277.21329653322,33.4466908491156));
#4952=CARTESIAN_POINT('Ctrl Pts',(11.5233291445108,-277.031633484393,40.5920514419253));
#4953=CARTESIAN_POINT('Ctrl Pts',(5.9275968518982,-276.849969531755,45.1236037296638));
#4954=CARTESIAN_POINT('Ctrl Pts',(-1.2520630868933,-276.668306316741,44.5477116281312));
#4955=CARTESIAN_POINT('Ctrl Pts',(-6.05223215312321,-276.486642163777,39.1790360134254));
#4956=CARTESIAN_POINT('Ctrl Pts',(-5.82920200941268,-276.304979567107,31.9809021200777));
#4957=CARTESIAN_POINT('Ctrl Pts',(-0.69796333970989,-276.123312648651,26.9230857367853));
#4958=CARTESIAN_POINT('Ctrl Pts',(4.0953228087198,-276.002205636404,26.8412847178851));
#4959=CARTESIAN_POINT('Ctrl Pts',(6.18221616738551,-275.941653246941,27.6335487829375));
#4960=CARTESIAN_POINT('Ctrl Pts',(11.7192789219377,-286.139131346438,37.2694469388059));
#4961=CARTESIAN_POINT('Ctrl Pts',(11.3621083884389,-286.078578887874,39.4661221544324));
#4962=CARTESIAN_POINT('Ctrl Pts',(8.90000991795782,-285.957468020978,43.5631084607722));
#4963=CARTESIAN_POINT('Ctrl Pts',(1.97469812896334,-285.775805065196,45.4690841590651));
#4964=CARTESIAN_POINT('Ctrl Pts',(-4.35091353504466,-285.594141013591,42.0710019917846));
#4965=CARTESIAN_POINT('Ctrl Pts',(-6.58902408664429,-285.412477779183,35.2486705967599));
#4966=CARTESIAN_POINT('Ctrl Pts',(-3.50789414914092,-285.230813682929,28.7648126812649));
#4967=CARTESIAN_POINT('Ctrl Pts',(3.20253161267143,-285.049150898968,26.1930155321502));
#4968=CARTESIAN_POINT('Ctrl Pts',(8.71447959169738,-284.897762282162,28.5008019163747));
#4969=CARTESIAN_POINT('Ctrl Pts',(11.2826419602485,-284.776654987164,32.2404923496831));
#4970=CARTESIAN_POINT('Ctrl Pts',(12.129175519427,-284.675730408215,35.9189636019338));
#4971=CARTESIAN_POINT('Ctrl Pts',(11.213376008424,-284.564714820791,40.0336857518879));
#4972=CARTESIAN_POINT('Ctrl Pts',(8.15853447302115,-284.443605783845,43.4685618204219));
#4973=CARTESIAN_POINT('Ctrl Pts',(3.82188217155277,-284.322494979745,44.9903294430491));
#4974=CARTESIAN_POINT('Ctrl Pts',(-0.711860587856005,-284.201387982837,
44.2094717146901));
#4975=CARTESIAN_POINT('Ctrl Pts',(-4.28730814091912,-284.080278548799,41.3275896426684));
#4976=CARTESIAN_POINT('Ctrl Pts',(-6.32035830403978,-283.938984670617,36.3590441483791));
#4977=CARTESIAN_POINT('Ctrl Pts',(-4.76325969603429,-283.777505134242,30.1770175477808));
#4978=CARTESIAN_POINT('Ctrl Pts',(1.31748484838281,-283.595842179158,26.3506176173552));
#4979=CARTESIAN_POINT('Ctrl Pts',(8.35899667302163,-283.414177761679,27.7746227256866));
#4980=CARTESIAN_POINT('Ctrl Pts',(12.0061082743204,-283.252700632054,33.0032062469316));
#4981=CARTESIAN_POINT('Ctrl Pts',(11.8646943276056,-283.111405841173,38.3703073586167));
#4982=CARTESIAN_POINT('Ctrl Pts',(9.5424538273549,-282.9902969085,42.3335416597128));
#4983=CARTESIAN_POINT('Ctrl Pts',(5.57931446953621,-282.869187548276,44.6666925433778));
#4984=CARTESIAN_POINT('Ctrl Pts',(0.984627494760389,-282.748078176982,44.7827207715578));
#4985=CARTESIAN_POINT('Ctrl Pts',(-3.08854218261486,-282.626970187879,42.6517847930083));
#4986=CARTESIAN_POINT('Ctrl Pts',(-5.61447260301664,-282.505859283444,38.8099378562175));
#4987=CARTESIAN_POINT('Ctrl Pts',(-5.95313545649042,-282.384752138192,34.2257533226155));
#4988=CARTESIAN_POINT('Ctrl Pts',(-4.02401988816967,-282.263642877127,30.0532202603745));
#4989=CARTESIAN_POINT('Ctrl Pts',(-0.310414163800295,-282.142533645467,
27.3436661663072));
#4990=CARTESIAN_POINT('Ctrl Pts',(4.25186651881715,-282.02142425313,26.7796568644633));
#4991=CARTESIAN_POINT('Ctrl Pts',(8.51365413723536,-281.900315387413,28.5029341510393));
#4992=CARTESIAN_POINT('Ctrl Pts',(11.4013220981253,-281.779206521624,32.0801075295877));
#4993=CARTESIAN_POINT('Ctrl Pts',(12.1879368465905,-281.65809721082,36.6086447423546));
#4994=CARTESIAN_POINT('Ctrl Pts',(10.6743367336855,-281.536987953708,40.9513949138377));
#4995=CARTESIAN_POINT('Ctrl Pts',(7.24389897119999,-281.415879395184,44.006886446478));
#4996=CARTESIAN_POINT('Ctrl Pts',(2.25722839734279,-281.281312758592,45.1358662654253));
#4997=CARTESIAN_POINT('Ctrl Pts',(-3.10953400432842,-281.133292831431,43.0524237344404));
#4998=CARTESIAN_POINT('Ctrl Pts',(-6.25290183279998,-280.971812990904,37.5995651068153));
#4999=CARTESIAN_POINT('Ctrl Pts',(-5.44617273885845,-280.837246635851,32.4365571728763));
#5000=CARTESIAN_POINT('Ctrl Pts',(-2.36682639894612,-280.70268144245,28.4648279466492));
#5001=CARTESIAN_POINT('Ctrl Pts',(1.9563768484822,-280.58157287556,26.6164984135932));
#5002=CARTESIAN_POINT('Ctrl Pts',(6.98274108802755,-280.447006475325,27.5875720897864));
#5003=CARTESIAN_POINT('Ctrl Pts',(10.5054806122845,-280.325897715012,30.5282311501584));
#5004=CARTESIAN_POINT('Ctrl Pts',(12.1613237752918,-280.204789422343,34.8232107054648));
#5005=CARTESIAN_POINT('Ctrl Pts',(11.5858133764529,-280.097136468834,38.8635857077075));
#5006=CARTESIAN_POINT('Ctrl Pts',(9.1809979349382,-279.976027360683,42.689767081639));
#5007=CARTESIAN_POINT('Ctrl Pts',(4.59930215646713,-279.841462894597,45.2112633087884));
#5008=CARTESIAN_POINT('Ctrl Pts',(-1.59943882309571,-279.679982032247,44.1122997638227));
#5009=CARTESIAN_POINT('Ctrl Pts',(-5.73237435005378,-279.51850300543,39.3793318801362));
#5010=CARTESIAN_POINT('Ctrl Pts',(-5.97995023386785,-279.370483025345,33.6269366868729));
#5011=CARTESIAN_POINT('Ctrl Pts',(-3.30031808006664,-279.235916303124,29.2718277450162));
#5012=CARTESIAN_POINT('Ctrl Pts',(0.697588670285274,-279.114807454839,27.0104951640542));
#5013=CARTESIAN_POINT('Ctrl Pts',(5.29684056572166,-278.993698651899,26.9791115155856));
#5014=CARTESIAN_POINT('Ctrl Pts',(9.32920156169267,-278.872589388883,29.1846587259643));
#5015=CARTESIAN_POINT('Ctrl Pts',(11.7835421456291,-278.751480064894,33.0721029420572));
#5016=CARTESIAN_POINT('Ctrl Pts',(12.0394851922653,-278.630371635361,37.6619245071254));
#5017=CARTESIAN_POINT('Ctrl Pts',(10.0339093117522,-278.509262250597,41.7982866938514));
#5018=CARTESIAN_POINT('Ctrl Pts',(6.2706135582517,-278.388152935091,44.4390409184334));
#5019=CARTESIAN_POINT('Ctrl Pts',(1.69964107452965,-278.267043621546,44.9188647122971));
#5020=CARTESIAN_POINT('Ctrl Pts',(-2.53191111637619,-278.145936277746,43.1190231868615));
#5021=CARTESIAN_POINT('Ctrl Pts',(-5.34934185222564,-278.024825827065,39.489136496816));
#5022=CARTESIAN_POINT('Ctrl Pts',(-6.14232085574868,-277.890261653392,34.4395769638862));
#5023=CARTESIAN_POINT('Ctrl Pts',(-3.6988738946894,-277.742236602099,29.2215750478836));
#5024=CARTESIAN_POINT('Ctrl Pts',(1.94419508890192,-277.580760284443,26.4580765698732));
#5025=CARTESIAN_POINT('Ctrl Pts',(8.33697881375021,-277.412554083957,27.8821001712285));
#5026=CARTESIAN_POINT('Ctrl Pts',(12.4235520161544,-277.237617127192,33.4546331689965));
#5027=CARTESIAN_POINT('Ctrl Pts',(11.4976352056894,-277.055954078365,40.5785383830917));
#5028=CARTESIAN_POINT('Ctrl Pts',(5.91830420674878,-276.874290125728,45.0961020093866));
#5029=CARTESIAN_POINT('Ctrl Pts',(-1.23982313301746,-276.692626910713,44.5213860842646));
#5030=CARTESIAN_POINT('Ctrl Pts',(-6.02522000791471,-276.51096275775,39.1684119756252));
#5031=CARTESIAN_POINT('Ctrl Pts',(-5.80230146295797,-276.329300161079,31.9918374223577));
#5032=CARTESIAN_POINT('Ctrl Pts',(-0.686047493075371,-276.147633242623,
26.9495483413222));
#5033=CARTESIAN_POINT('Ctrl Pts',(4.09293067513555,-276.026526230376,26.8683523970776));
#5034=CARTESIAN_POINT('Ctrl Pts',(6.17350030291915,-275.965973840913,27.6583976568532));
#5035=CARTESIAN_POINT('Ctrl Pts',(11.706454402907,-286.146607512965,37.2675725388669));
#5036=CARTESIAN_POINT('Ctrl Pts',(11.349756485837,-286.0860550544,39.4610118773603));
#5037=CARTESIAN_POINT('Ctrl Pts',(8.8912095276604,-285.964944187504,43.551875331628));
#5038=CARTESIAN_POINT('Ctrl Pts',(1.97606779675257,-285.783281231722,45.4548835070215));
#5039=CARTESIAN_POINT('Ctrl Pts',(-4.3401259557251,-285.601617180117,42.0616609276915));
#5040=CARTESIAN_POINT('Ctrl Pts',(-6.5747724230073,-285.419953945709,35.2493468848656));
#5041=CARTESIAN_POINT('Ctrl Pts',(-3.49803659595705,-285.238289849455,28.7751277485855));
#5042=CARTESIAN_POINT('Ctrl Pts',(3.20255026163475,-285.056627065495,26.2072880225337));
#5043=CARTESIAN_POINT('Ctrl Pts',(8.70630041883291,-284.905238448688,28.5117908526875));
#5044=CARTESIAN_POINT('Ctrl Pts',(11.2705900084049,-284.78413115369,32.2460299242521));
#5045=CARTESIAN_POINT('Ctrl Pts',(12.1157880760754,-284.683206574741,35.9190965206988));
#5046=CARTESIAN_POINT('Ctrl Pts',(11.2012438478779,-284.572190987318,40.0277216000451));
#5047=CARTESIAN_POINT('Ctrl Pts',(8.15083087247839,-284.451081950372,43.4574527613311));
#5048=CARTESIAN_POINT('Ctrl Pts',(3.82053326280515,-284.329971146271,44.9768778731267));
#5049=CARTESIAN_POINT('Ctrl Pts',(-0.706492754120396,-284.208864149363,
44.1970621709904));
#5050=CARTESIAN_POINT('Ctrl Pts',(-4.27659406054387,-284.087754715326,41.319350714738));
#5051=CARTESIAN_POINT('Ctrl Pts',(-6.30653265162445,-283.946460837143,36.358074250179));
#5052=CARTESIAN_POINT('Ctrl Pts',(-4.75158094001874,-283.784981300769,30.1852242935541));
#5053=CARTESIAN_POINT('Ctrl Pts',(1.32027929250216,-283.603318345685,26.3646079139283));
#5054=CARTESIAN_POINT('Ctrl Pts',(8.35136688950266,-283.421653928206,27.7866843237088));
#5055=CARTESIAN_POINT('Ctrl Pts',(11.9929720241998,-283.260176798581,33.0076287681964));
#5056=CARTESIAN_POINT('Ctrl Pts',(11.8516382193355,-283.118882007699,38.3668136338148));
#5057=CARTESIAN_POINT('Ctrl Pts',(9.532737808093,-282.997773075026,42.3241403208535));
#5058=CARTESIAN_POINT('Ctrl Pts',(5.57538078820025,-282.876663714802,44.6537571372439));
#5059=CARTESIAN_POINT('Ctrl Pts',(0.987475874483068,-282.755554343508,44.7695076317921));
#5060=CARTESIAN_POINT('Ctrl Pts',(-3.07963210512966,-282.634446354406,42.6416165060438));
#5061=CARTESIAN_POINT('Ctrl Pts',(-5.60174291990701,-282.51333544997,38.8053876259423));
#5062=CARTESIAN_POINT('Ctrl Pts',(-5.93979514083035,-282.392228304719,34.2279487667505));
#5063=CARTESIAN_POINT('Ctrl Pts',(-4.01343023062856,-282.271119043653,30.0616224204464));
#5064=CARTESIAN_POINT('Ctrl Pts',(-0.305240021151393,-282.150009811994,
27.3561552422197));
#5065=CARTESIAN_POINT('Ctrl Pts',(4.25032108360229,-282.028900419657,26.7930868101544));
#5066=CARTESIAN_POINT('Ctrl Pts',(8.5057787624174,-281.90779155394,28.5139221556678));
#5067=CARTESIAN_POINT('Ctrl Pts',(11.3891006462029,-281.78668268815,32.0858852435085));
#5068=CARTESIAN_POINT('Ctrl Pts',(12.174446822198,-281.665573377346,36.6077583928358));
#5069=CARTESIAN_POINT('Ctrl Pts',(10.6629781164141,-281.544464120235,40.9440640596645));
#5070=CARTESIAN_POINT('Ctrl Pts',(7.23752831437322,-281.423355561711,43.9949654470905));
#5071=CARTESIAN_POINT('Ctrl Pts',(2.2581936049819,-281.288788925119,45.1221609375727));
#5072=CARTESIAN_POINT('Ctrl Pts',(-3.10060233530297,-281.140768997957,43.0416680645848));
#5073=CARTESIAN_POINT('Ctrl Pts',(-6.239200806434,-280.979289157431,37.5967714427347));
#5074=CARTESIAN_POINT('Ctrl Pts',(-5.43354547741319,-280.844722802378,32.4414171192098));
#5075=CARTESIAN_POINT('Ctrl Pts',(-2.3586449803842,-280.710157608977,28.4756152533539));
#5076=CARTESIAN_POINT('Ctrl Pts',(1.95822840687676,-280.589049042087,26.6301151104029));
#5077=CARTESIAN_POINT('Ctrl Pts',(6.97714706499258,-280.454482641851,27.5998749021572));
#5078=CARTESIAN_POINT('Ctrl Pts',(10.4946191198319,-280.333373881539,30.5362761422928));
#5079=CARTESIAN_POINT('Ctrl Pts',(12.1479142957579,-280.21226558887,34.8249597639481));
#5080=CARTESIAN_POINT('Ctrl Pts',(11.5731620242874,-280.104612635361,38.8593478521525));
#5081=CARTESIAN_POINT('Ctrl Pts',(9.17179343151926,-279.983503527209,42.6798399226891));
#5082=CARTESIAN_POINT('Ctrl Pts',(4.59680117215586,-279.848939061123,45.1975021942427));
#5083=CARTESIAN_POINT('Ctrl Pts',(-1.59275577141529,-279.687458198774,44.1000198737405));
#5084=CARTESIAN_POINT('Ctrl Pts',(-5.71948175426276,-279.525979171956,39.3739303521823));
#5085=CARTESIAN_POINT('Ctrl Pts',(-5.96656068051809,-279.377959191871,33.6300158625983));
#5086=CARTESIAN_POINT('Ctrl Pts',(-3.29077753888758,-279.243392469651,29.2814023004095));
#5087=CARTESIAN_POINT('Ctrl Pts',(0.701282570864072,-279.122283621365,27.0234995199129));
#5088=CARTESIAN_POINT('Ctrl Pts',(5.29374845921481,-279.001174818425,26.9922722561803));
#5089=CARTESIAN_POINT('Ctrl Pts',(9.32010645425817,-278.880065555409,29.1946599794573));
#5090=CARTESIAN_POINT('Ctrl Pts',(11.7707331120463,-278.75895623142,33.076425849627));
#5091=CARTESIAN_POINT('Ctrl Pts',(12.0261895350851,-278.637847801887,37.659480361524));
#5092=CARTESIAN_POINT('Ctrl Pts',(10.0234756636062,-278.516738417124,41.7896906121086));
#5093=CARTESIAN_POINT('Ctrl Pts',(6.26567095610099,-278.395629101617,44.426459279158));
#5094=CARTESIAN_POINT('Ctrl Pts',(1.70143676762287,-278.274519788072,44.9054646782336));
#5095=CARTESIAN_POINT('Ctrl Pts',(-2.52383949421614,-278.153412444272,43.1081778497642));
#5096=CARTESIAN_POINT('Ctrl Pts',(-5.33701868307252,-278.032301993591,39.4835824611919));
#5097=CARTESIAN_POINT('Ctrl Pts',(-6.12871118576389,-277.897737819919,34.4414585217904));
#5098=CARTESIAN_POINT('Ctrl Pts',(-3.68874481466061,-277.749712768625,29.2312135803709));
#5099=CARTESIAN_POINT('Ctrl Pts',(1.94606796544512,-277.588236450969,26.4719270967376));
#5100=CARTESIAN_POINT('Ctrl Pts',(8.32938158412639,-277.420030250484,27.8940006031788));
#5101=CARTESIAN_POINT('Ctrl Pts',(12.4097892561714,-277.245093293719,33.4584068304182));
#5102=CARTESIAN_POINT('Ctrl Pts',(11.4850700588094,-277.063430244891,40.5717772866477));
#5103=CARTESIAN_POINT('Ctrl Pts',(5.91386547476656,-276.881766292254,45.0825420181568));
#5104=CARTESIAN_POINT('Ctrl Pts',(-1.23368602023392,-276.70010307724,44.5085044363795));
#5105=CARTESIAN_POINT('Ctrl Pts',(-6.01189178233835,-276.518438924276,39.1633161778751));
#5106=CARTESIAN_POINT('Ctrl Pts',(-5.78913741939945,-276.336776327605,31.9973376128047));
#5107=CARTESIAN_POINT('Ctrl Pts',(-0.680303642861998,-276.155109409149,
26.9626114897699));
#5108=CARTESIAN_POINT('Ctrl Pts',(4.09160037601236,-276.034002396903,26.8816526869775));
#5109=CARTESIAN_POINT('Ctrl Pts',(6.16909443552594,-275.97345000744,27.670586586093));
#5110=CARTESIAN_POINT('',(8.5967846287553,-285.973450091506,42.6503160480548));
#5111=CARTESIAN_POINT('',(11.7072148120756,-285.973450091506,37.2628885554617));
#5112=CARTESIAN_POINT('Ctrl Pts',(8.59678462875468,-285.973450091506,42.6503160480552));
#5113=CARTESIAN_POINT('Ctrl Pts',(9.1729558654695,-285.973450091506,42.2239174096133));
#5114=CARTESIAN_POINT('Ctrl Pts',(9.96117413815013,-285.973450091524,41.4851623913436));
#5115=CARTESIAN_POINT('Ctrl Pts',(10.9514110407028,-285.973450091524,39.831865861938));
#5116=CARTESIAN_POINT('Ctrl Pts',(11.2168148527058,-285.973450091506,39.2439824725977));
#5117=CARTESIAN_POINT('Ctrl Pts',(11.5869024145676,-285.973450091506,38.0708987598094));
#5118=CARTESIAN_POINT('Ctrl Pts',(11.6695043186859,-285.973450091506,37.5936921100872));
#5119=CARTESIAN_POINT('Ctrl Pts',(11.7072148120754,-285.973450091506,37.2628885554628));
#5120=CARTESIAN_POINT('Ctrl Pts',(11.7072148120756,-285.973450091506,37.2628885554617));
#5121=CARTESIAN_POINT('Ctrl Pts',(11.3517049477947,-285.912897632941,39.4565207653118));
#5122=CARTESIAN_POINT('Ctrl Pts',(8.89537402476794,-285.791786766045,43.5487152063915));
#5123=CARTESIAN_POINT('Ctrl Pts',(1.98126400661643,-285.610123810263,45.4554684497491));
#5124=CARTESIAN_POINT('Ctrl Pts',(-4.33676664096364,-285.428459758659,42.0656673157662));
#5125=CARTESIAN_POINT('Ctrl Pts',(-6.57510243451038,-285.24679652425,35.2545645910125));
#5126=CARTESIAN_POINT('Ctrl Pts',(-3.50187359536454,-285.065132427996,28.7786799968993));
#5127=CARTESIAN_POINT('Ctrl Pts',(3.19732149795054,-284.883469644036,26.207211506615));
#5128=CARTESIAN_POINT('Ctrl Pts',(8.7023190020594,-284.732081027229,28.5087330830511));
#5129=CARTESIAN_POINT('Ctrl Pts',(11.2686307368147,-284.610973732231,32.2415827482325));
#5130=CARTESIAN_POINT('Ctrl Pts',(12.1158180698607,-284.510049153283,35.9141910336684));
#5131=CARTESIAN_POINT('Ctrl Pts',(11.2034992703178,-284.399033565859,40.0233108416034));
#5132=CARTESIAN_POINT('Ctrl Pts',(8.15494433746409,-284.277924528913,43.4546936504073));
#5133=CARTESIAN_POINT('Ctrl Pts',(3.8254703069337,-284.156813724813,44.9764638951092));
#5134=CARTESIAN_POINT('Ctrl Pts',(-0.701977406170881,-284.035706727904,
44.1991002142472));
#5135=CARTESIAN_POINT('Ctrl Pts',(-4.27363680172558,-283.914597293867,41.3233228018388));
#5136=CARTESIAN_POINT('Ctrl Pts',(-6.30626219868294,-283.773303415684,36.3631465109203));
#5137=CARTESIAN_POINT('Ctrl Pts',(-4.75465402559467,-283.61182387931,30.1894552739345));
#5138=CARTESIAN_POINT('Ctrl Pts',(1.31513601176949,-283.430160924226,26.3655508418327));
#5139=CARTESIAN_POINT('Ctrl Pts',(8.34699279594358,-283.248496506747,27.7838188978831));
#5140=CARTESIAN_POINT('Ctrl Pts',(11.991425140299,-283.087019377122,33.0027902272636));
#5141=CARTESIAN_POINT('Ctrl Pts',(11.8529939730879,-282.94572458624,38.3620508553928));
#5142=CARTESIAN_POINT('Ctrl Pts',(9.53623725094641,-282.824615653568,42.3206329141129));
#5143=CARTESIAN_POINT('Ctrl Pts',(5.58014256778027,-282.703506293343,44.6523927542183));
#5144=CARTESIAN_POINT('Ctrl Pts',(0.992301019235267,-282.582396922049,44.7706281116314));
#5145=CARTESIAN_POINT('Ctrl Pts',(-3.07595886239107,-282.461288932947,42.6449401062041));
#5146=CARTESIAN_POINT('Ctrl Pts',(-5.60014706778663,-282.340178028511,38.8100778027721));
#5147=CARTESIAN_POINT('Ctrl Pts',(-5.94067845039309,-282.21907088326,34.2328227092504));
#5148=CARTESIAN_POINT('Ctrl Pts',(-4.01657036914664,-282.097961622194,30.0654536251824));
#5149=CARTESIAN_POINT('Ctrl Pts',(-0.309846026184741,-281.976852390535,
27.3579784309436));
#5150=CARTESIAN_POINT('Ctrl Pts',(4.24540944386805,-281.855742998198,26.7924427195274));
#5151=CARTESIAN_POINT('Ctrl Pts',(8.5017985294016,-281.734634132481,28.5109729913311));
#5152=CARTESIAN_POINT('Ctrl Pts',(11.3870546204089,-281.613525266691,32.0813739037942));
#5153=CARTESIAN_POINT('Ctrl Pts',(12.1748497972381,-281.492415955887,36.6028210343181));
#5154=CARTESIAN_POINT('Ctrl Pts',(10.6657299229687,-281.371306698776,40.9399446998157));
#5155=CARTESIAN_POINT('Ctrl Pts',(7.24193303845142,-281.250198140252,43.9927009160357));
#5156=CARTESIAN_POINT('Ctrl Pts',(2.26320956580595,-281.11563150366,45.1225931254264));
#5157=CARTESIAN_POINT('Ctrl Pts',(-3.09671241541351,-280.967611576498,43.0450029638672));
#5158=CARTESIAN_POINT('Ctrl Pts',(-6.23825946592325,-280.806131735972,37.6018070538292));
#5159=CARTESIAN_POINT('Ctrl Pts',(-5.43539647423849,-280.671565380919,32.4460171311452));
#5160=CARTESIAN_POINT('Ctrl Pts',(-2.36264436748295,-280.537000187518,28.4785504335806));
#5161=CARTESIAN_POINT('Ctrl Pts',(1.9532288353537,-280.415891620628,26.6307124763152));
#5162=CARTESIAN_POINT('Ctrl Pts',(6.9726719941403,-280.281325220393,27.5977538023178));
#5163=CARTESIAN_POINT('Ctrl Pts',(10.4917339331195,-280.16021646008,30.5322494948131));
#5164=CARTESIAN_POINT('Ctrl Pts',(12.1473516835407,-280.039108167411,34.8200370373442));
#5165=CARTESIAN_POINT('Ctrl Pts',(11.5747845829905,-279.931455213902,38.8547358284776));
#5166=CARTESIAN_POINT('Ctrl Pts',(9.17548557968709,-279.81034610575,42.6765279568009));
#5167=CARTESIAN_POINT('Ctrl Pts',(4.60185759595091,-279.675781639664,45.1966677452302));
#5168=CARTESIAN_POINT('Ctrl Pts',(-1.58829285307464,-279.514300777315,44.1025379449078));
#5169=CARTESIAN_POINT('Ctrl Pts',(-5.71757795339105,-279.352821750497,39.3786842147848));
#5170=CARTESIAN_POINT('Ctrl Pts',(-5.96776783580943,-279.204801770412,33.634904389427));
#5171=CARTESIAN_POINT('Ctrl Pts',(-3.29434036261303,-279.070235048192,29.2848422197742));
#5172=CARTESIAN_POINT('Ctrl Pts',(0.69649624674647,-278.949126199906,27.0247776093171));
#5173=CARTESIAN_POINT('Ctrl Pts',(5.28894454833743,-278.828017396966,26.9910630000282));
#5174=CARTESIAN_POINT('Ctrl Pts',(9.31649479987401,-278.70690813395,29.1912696628757));
#5175=CARTESIAN_POINT('Ctrl Pts',(11.7692235222992,-278.585798809962,33.0717076666154));
#5176=CARTESIAN_POINT('Ctrl Pts',(12.0271621606595,-278.464690380429,37.6546231471726));
#5177=CARTESIAN_POINT('Ctrl Pts',(10.0266855683017,-278.343580995665,41.7859174925899));
#5178=CARTESIAN_POINT('Ctrl Pts',(6.2703095264189,-278.222471680158,44.4247210577025));
#5179=CARTESIAN_POINT('Ctrl Pts',(1.70633544408261,-278.101362366613,44.9061984459345));
#5180=CARTESIAN_POINT('Ctrl Pts',(-2.5199136362003,-277.980255022813,43.1112003556686));
#5181=CARTESIAN_POINT('Ctrl Pts',(-5.33505554902986,-277.859144572132,39.4881291598315));
#5182=CARTESIAN_POINT('Ctrl Pts',(-6.12947882745148,-277.72458039846,34.4464347528087));
#5183=CARTESIAN_POINT('Ctrl Pts',(-3.6923347629972,-277.576555347166,29.2348690522925));
#5184=CARTESIAN_POINT('Ctrl Pts',(1.94098271864526,-277.415079029511,26.472531072134));
#5185=CARTESIAN_POINT('Ctrl Pts',(8.32506561793896,-277.246872829025,27.8911470691922));
#5186=CARTESIAN_POINT('Ctrl Pts',(12.408486459464,-277.07193587226,33.4533424687465));
#5187=CARTESIAN_POINT('Ctrl Pts',(11.4876201085444,-276.890272823432,40.5672127237675));
#5188=CARTESIAN_POINT('Ctrl Pts',(5.91885944118409,-276.708608870795,45.0809942437291));
#5189=CARTESIAN_POINT('Ctrl Pts',(-1.22900191303956,-276.526945655781,44.5108279699347));
#5190=CARTESIAN_POINT('Ctrl Pts',(-6.0101020104529,-276.345281502817,39.1682284451363));
#5191=CARTESIAN_POINT('Ctrl Pts',(-5.7912288843574,-276.163618906146,32.0021302839381));
#5192=CARTESIAN_POINT('Ctrl Pts',(-2.30720685995784,-276.039663091796,28.564925101173));
#5193=CARTESIAN_POINT('Ctrl Pts',(-0.15039332161598,-275.976264086179,27.7043015158576));
#5194=CARTESIAN_POINT('Ctrl Pts',(-0.0529377834253078,-275.973419605618,
27.6674960851801));
#5195=CARTESIAN_POINT('Ctrl Pts',(6.16909443552594,-275.97345000744,27.670586586093));
#5196=CARTESIAN_POINT('Ctrl Pts',(4.09160037601236,-276.034002396903,26.8816526869775));
#5197=CARTESIAN_POINT('Ctrl Pts',(-0.680303642861998,-276.155109409149,
26.9626114897699));
#5198=CARTESIAN_POINT('Ctrl Pts',(-5.78913741939945,-276.336776327605,31.9973376128047));
#5199=CARTESIAN_POINT('Ctrl Pts',(-6.01189178233835,-276.518438924276,39.1633161778751));
#5200=CARTESIAN_POINT('Ctrl Pts',(-1.23368602023392,-276.70010307724,44.5085044363795));
#5201=CARTESIAN_POINT('Ctrl Pts',(5.91386547476656,-276.881766292254,45.0825420181568));
#5202=CARTESIAN_POINT('Ctrl Pts',(11.4850700588094,-277.063430244891,40.5717772866477));
#5203=CARTESIAN_POINT('Ctrl Pts',(12.4097892561714,-277.245093293719,33.4584068304182));
#5204=CARTESIAN_POINT('Ctrl Pts',(8.32938158412639,-277.420030250484,27.8940006031788));
#5205=CARTESIAN_POINT('Ctrl Pts',(1.94606796544512,-277.588236450969,26.4719270967376));
#5206=CARTESIAN_POINT('Ctrl Pts',(-3.68874481466061,-277.749712768625,29.2312135803709));
#5207=CARTESIAN_POINT('Ctrl Pts',(-6.12871118576389,-277.897737819919,34.4414585217904));
#5208=CARTESIAN_POINT('Ctrl Pts',(-5.33701868307252,-278.032301993591,39.4835824611919));
#5209=CARTESIAN_POINT('Ctrl Pts',(-2.52383949421614,-278.153412444272,43.1081778497642));
#5210=CARTESIAN_POINT('Ctrl Pts',(1.70143676762287,-278.274519788072,44.9054646782336));
#5211=CARTESIAN_POINT('Ctrl Pts',(6.26567095610099,-278.395629101617,44.426459279158));
#5212=CARTESIAN_POINT('Ctrl Pts',(10.0234756636062,-278.516738417124,41.7896906121086));
#5213=CARTESIAN_POINT('Ctrl Pts',(12.0261895350851,-278.637847801887,37.659480361524));
#5214=CARTESIAN_POINT('Ctrl Pts',(11.7707331120463,-278.75895623142,33.076425849627));
#5215=CARTESIAN_POINT('Ctrl Pts',(9.32010645425817,-278.880065555409,29.1946599794573));
#5216=CARTESIAN_POINT('Ctrl Pts',(5.29374845921481,-279.001174818425,26.9922722561803));
#5217=CARTESIAN_POINT('Ctrl Pts',(0.701282570864072,-279.122283621365,27.0234995199129));
#5218=CARTESIAN_POINT('Ctrl Pts',(-3.29077753888758,-279.243392469651,29.2814023004095));
#5219=CARTESIAN_POINT('Ctrl Pts',(-5.96656068051809,-279.377959191871,33.6300158625983));
#5220=CARTESIAN_POINT('Ctrl Pts',(-5.71948175426276,-279.525979171956,39.3739303521823));
#5221=CARTESIAN_POINT('Ctrl Pts',(-1.59275577141529,-279.687458198774,44.1000198737405));
#5222=CARTESIAN_POINT('Ctrl Pts',(4.59680117215586,-279.848939061123,45.1975021942427));
#5223=CARTESIAN_POINT('Ctrl Pts',(9.17179343151926,-279.983503527209,42.6798399226891));
#5224=CARTESIAN_POINT('Ctrl Pts',(11.5731620242874,-280.104612635361,38.8593478521525));
#5225=CARTESIAN_POINT('Ctrl Pts',(12.1479142957579,-280.21226558887,34.8249597639481));
#5226=CARTESIAN_POINT('Ctrl Pts',(10.4946191198319,-280.333373881539,30.5362761422928));
#5227=CARTESIAN_POINT('Ctrl Pts',(6.97714706499258,-280.454482641851,27.5998749021572));
#5228=CARTESIAN_POINT('Ctrl Pts',(1.95822840687676,-280.589049042087,26.6301151104029));
#5229=CARTESIAN_POINT('Ctrl Pts',(-2.3586449803842,-280.710157608977,28.4756152533539));
#5230=CARTESIAN_POINT('Ctrl Pts',(-5.43354547741319,-280.844722802378,32.4414171192098));
#5231=CARTESIAN_POINT('Ctrl Pts',(-6.239200806434,-280.979289157431,37.5967714427347));
#5232=CARTESIAN_POINT('Ctrl Pts',(-3.10060233530297,-281.140768997957,43.0416680645848));
#5233=CARTESIAN_POINT('Ctrl Pts',(2.2581936049819,-281.288788925119,45.1221609375727));
#5234=CARTESIAN_POINT('Ctrl Pts',(7.23752831437322,-281.423355561711,43.9949654470905));
#5235=CARTESIAN_POINT('Ctrl Pts',(10.6629781164141,-281.544464120235,40.9440640596645));
#5236=CARTESIAN_POINT('Ctrl Pts',(12.174446822198,-281.665573377346,36.6077583928358));
#5237=CARTESIAN_POINT('Ctrl Pts',(11.3891006462029,-281.78668268815,32.0858852435085));
#5238=CARTESIAN_POINT('Ctrl Pts',(8.5057787624174,-281.90779155394,28.5139221556678));
#5239=CARTESIAN_POINT('Ctrl Pts',(4.25032108360229,-282.028900419657,26.7930868101544));
#5240=CARTESIAN_POINT('Ctrl Pts',(-0.305240021151393,-282.150009811994,
27.3561552422197));
#5241=CARTESIAN_POINT('Ctrl Pts',(-4.01343023062856,-282.271119043653,30.0616224204464));
#5242=CARTESIAN_POINT('Ctrl Pts',(-5.93979514083035,-282.392228304719,34.2279487667505));
#5243=CARTESIAN_POINT('Ctrl Pts',(-5.60174291990701,-282.51333544997,38.8053876259423));
#5244=CARTESIAN_POINT('Ctrl Pts',(-3.07963210512966,-282.634446354406,42.6416165060438));
#5245=CARTESIAN_POINT('Ctrl Pts',(0.987475874483068,-282.755554343508,44.7695076317921));
#5246=CARTESIAN_POINT('Ctrl Pts',(5.57538078820025,-282.876663714802,44.6537571372439));
#5247=CARTESIAN_POINT('Ctrl Pts',(9.532737808093,-282.997773075026,42.3241403208535));
#5248=CARTESIAN_POINT('Ctrl Pts',(11.8516382193355,-283.118882007699,38.3668136338148));
#5249=CARTESIAN_POINT('Ctrl Pts',(11.9929720241998,-283.260176798581,33.0076287681964));
#5250=CARTESIAN_POINT('Ctrl Pts',(8.35136688950266,-283.421653928206,27.7866843237088));
#5251=CARTESIAN_POINT('Ctrl Pts',(1.32027929250216,-283.603318345685,26.3646079139283));
#5252=CARTESIAN_POINT('Ctrl Pts',(-4.75158094001874,-283.784981300769,30.1852242935541));
#5253=CARTESIAN_POINT('Ctrl Pts',(-6.30653265162445,-283.946460837143,36.358074250179));
#5254=CARTESIAN_POINT('Ctrl Pts',(-4.27659406054387,-284.087754715326,41.319350714738));
#5255=CARTESIAN_POINT('Ctrl Pts',(-0.706492754120396,-284.208864149363,
44.1970621709904));
#5256=CARTESIAN_POINT('Ctrl Pts',(3.82053326280515,-284.329971146271,44.9768778731267));
#5257=CARTESIAN_POINT('Ctrl Pts',(8.15083087247839,-284.451081950372,43.4574527613311));
#5258=CARTESIAN_POINT('Ctrl Pts',(11.2012438478779,-284.572190987318,40.0277216000451));
#5259=CARTESIAN_POINT('Ctrl Pts',(12.1157880760754,-284.683206574741,35.9190965206988));
#5260=CARTESIAN_POINT('Ctrl Pts',(11.2705900084049,-284.78413115369,32.2460299242521));
#5261=CARTESIAN_POINT('Ctrl Pts',(8.70630041883291,-284.905238448688,28.5117908526875));
#5262=CARTESIAN_POINT('Ctrl Pts',(3.20255026163475,-285.056627065495,26.2072880225337));
#5263=CARTESIAN_POINT('Ctrl Pts',(-3.49803659595705,-285.238289849455,28.7751277485855));
#5264=CARTESIAN_POINT('Ctrl Pts',(-6.5747724230073,-285.419953945709,35.2493468848656));
#5265=CARTESIAN_POINT('Ctrl Pts',(-4.3401259557251,-285.601617180117,42.0616609276915));
#5266=CARTESIAN_POINT('Ctrl Pts',(1.97606779675257,-285.783281231722,45.4548835070215));
#5267=CARTESIAN_POINT('Ctrl Pts',(6.69447620342641,-285.907235309758,44.1564040076625));
#5268=CARTESIAN_POINT('Ctrl Pts',(8.5182123108715,-285.970635680245,42.7188476155461));
#5269=CARTESIAN_POINT('Ctrl Pts',(8.59884089604554,-285.973481149381,42.6528286956089));
#5270=CARTESIAN_POINT('Ctrl Pts',(10.2602938149098,-275.973450007484,39.4995612281538));
#5271=CARTESIAN_POINT('Ctrl Pts',(11.2037303042065,-276.035355053554,37.6321259744775));
#5272=CARTESIAN_POINT('Ctrl Pts',(11.5614451493961,-276.159165145693,33.1389300619449));
#5273=CARTESIAN_POINT('Ctrl Pts',(7.20361920530747,-276.344880283903,27.9510674302793));
#5274=CARTESIAN_POINT('Ctrl Pts',(0.461353756559887,-276.530595422112,27.3188758669787));
#5275=CARTESIAN_POINT('Ctrl Pts',(-4.78769995219623,-276.716310560321,31.5979529578756));
#5276=CARTESIAN_POINT('Ctrl Pts',(-5.52132424935818,-276.902025698531,38.3310698538639));
#5277=CARTESIAN_POINT('Ctrl Pts',(-1.32315405883058,-277.08774083674,43.6420670807524));
#5278=CARTESIAN_POINT('Ctrl Pts',(5.40383907608284,-277.273455974949,44.4790221544047));
#5279=CARTESIAN_POINT('Ctrl Pts',(10.1677018513772,-277.438536097802,40.8127087690024));
#5280=CARTESIAN_POINT('Ctrl Pts',(11.4947028345815,-277.582981205298,35.9348768240747));
#5281=CARTESIAN_POINT('Ctrl Pts',(10.4264617328311,-277.706791297438,31.745204323694));
#5282=CARTESIAN_POINT('Ctrl Pts',(7.41588118617304,-277.830601389578,28.6345309880928));
#5283=CARTESIAN_POINT('Ctrl Pts',(3.25960964975518,-277.954411481717,27.4223646820108));
#5284=CARTESIAN_POINT('Ctrl Pts',(-0.94444023139658,-278.078221573857,28.4354844409719));
#5285=CARTESIAN_POINT('Ctrl Pts',(-4.63820038677178,-278.222666681353,31.8861385995598));
#5286=CARTESIAN_POINT('Ctrl Pts',(-5.65815759029647,-278.387746804206,37.8083864220694));
#5287=CARTESIAN_POINT('Ctrl Pts',(-1.77536637172363,-278.573461942415,43.3716072824561));
#5288=CARTESIAN_POINT('Ctrl Pts',(3.76741807494271,-278.72822455759,44.3896083724237));
#5289=CARTESIAN_POINT('Ctrl Pts',(7.68996264037894,-278.852034649729,42.7127320721191));
#5290=CARTESIAN_POINT('Ctrl Pts',(10.7087633616509,-278.975844741869,39.6985299805798));
#5291=CARTESIAN_POINT('Ctrl Pts',(11.8275579999824,-279.130607357043,34.1727282330601));
#5292=CARTESIAN_POINT('Ctrl Pts',(8.11886216736439,-279.316322495253,28.5032125139163));
#5293=CARTESIAN_POINT('Ctrl Pts',(1.49560869932081,-279.502037633462,27.0683717190915));
#5294=CARTESIAN_POINT('Ctrl Pts',(-3.5783827895613,-279.667117756315,30.2933933671195));
#5295=CARTESIAN_POINT('Ctrl Pts',(-5.336545125599,-279.811562863811,35.0318931433121));
#5296=CARTESIAN_POINT('Ctrl Pts',(-4.64879147232344,-279.93537295595,39.3001238243212));
#5297=CARTESIAN_POINT('Ctrl Pts',(-1.92786478121531,-280.05918304809,42.6689684871648));
#5298=CARTESIAN_POINT('Ctrl Pts',(2.1006340868975,-280.18299314023,44.2467547822962));
#5299=CARTESIAN_POINT('Ctrl Pts',(6.383707797109,-280.306803232369,43.6177766083963));
#5300=CARTESIAN_POINT('Ctrl Pts',(9.79096261081021,-280.430613324509,40.9503483429828));
#5301=CARTESIAN_POINT('Ctrl Pts',(11.4281724229515,-280.554423416648,36.9433266930197));
#5302=CARTESIAN_POINT('Ctrl Pts',(10.8642272533296,-280.678233508788,32.6541728866946));
#5303=CARTESIAN_POINT('Ctrl Pts',(8.2468764026965,-280.802043600927,29.2045732316661));
#5304=CARTESIAN_POINT('Ctrl Pts',(4.7092324636215,-280.912097016162,27.7008384029167));
#5305=CARTESIAN_POINT('Ctrl Pts',(0.461315267587342,-281.035907108302,27.8211763599371));
#5306=CARTESIAN_POINT('Ctrl Pts',(-3.96901520759078,-281.180352215798,30.5037566133906));
#5307=CARTESIAN_POINT('Ctrl Pts',(-5.82650583728545,-281.359189015556,36.7609430367893));
#5308=CARTESIAN_POINT('Ctrl Pts',(-2.63892834241967,-281.544904153765,42.7352907063627));
#5309=CARTESIAN_POINT('Ctrl Pts',(3.82381055617162,-281.730619291974,44.7579218024285));
#5310=CARTESIAN_POINT('Ctrl Pts',(9.84752005864849,-281.916334430184,41.66145568267));
#5311=CARTESIAN_POINT('Ctrl Pts',(11.9654044913837,-282.102049568393,35.2290323228194));
#5312=CARTESIAN_POINT('Ctrl Pts',(8.95988895363969,-282.287764706602,29.159949246616));
#5313=CARTESIAN_POINT('Ctrl Pts',(2.55966028999494,-282.473479844812,26.946109448855));
#5314=CARTESIAN_POINT('Ctrl Pts',(-3.55336437134804,-282.659194983021,29.8603045768376));
#5315=CARTESIAN_POINT('Ctrl Pts',(-5.86021056302472,-282.844910121231,36.2270704010404));
#5316=CARTESIAN_POINT('Ctrl Pts',(-3.04420777365923,-283.03062525944,42.3840706448303));
#5317=CARTESIAN_POINT('Ctrl Pts',(3.29102515427142,-283.216340397649,44.7874902157942));
#5318=CARTESIAN_POINT('Ctrl Pts',(9.4908083087813,-283.402055535858,42.0563108778226));
#5319=CARTESIAN_POINT('Ctrl Pts',(11.5641201616256,-283.556818151033,36.8129523349466));
#5320=CARTESIAN_POINT('Ctrl Pts',(10.6756130069147,-283.680628243172,32.640568710252));
#5321=CARTESIAN_POINT('Ctrl Pts',(8.30091565788798,-283.804438335312,29.0972000703847));
#5322=CARTESIAN_POINT('Ctrl Pts',(3.09759221229359,-283.959200950487,26.9288629140386));
#5323=CARTESIAN_POINT('Ctrl Pts',(-2.95481949451549,-284.138037750244,29.3857475955628));
#5324=CARTESIAN_POINT('Ctrl Pts',(-5.19472686173798,-284.28248285774,34.0536181262897));
#5325=CARTESIAN_POINT('Ctrl Pts',(-4.90377816250847,-284.406292949879,38.2937725157255));
#5326=CARTESIAN_POINT('Ctrl Pts',(-3.06544391092384,-284.516346365114,41.6685671642564));
#5327=CARTESIAN_POINT('Ctrl Pts',(0.623082603533131,-284.640156457254,43.9416933852328));
#5328=CARTESIAN_POINT('Ctrl Pts',(4.94230982165562,-284.763966549394,44.0843835716391));
#5329=CARTESIAN_POINT('Ctrl Pts',(9.42205665547771,-284.90841165689,41.740731032133));
#5330=CARTESIAN_POINT('Ctrl Pts',(11.978836635979,-285.073491779743,36.3003305294329));
#5331=CARTESIAN_POINT('Ctrl Pts',(9.71656713450975,-285.259206917952,29.9102680804412));
#5332=CARTESIAN_POINT('Ctrl Pts',(3.62756930835649,-285.444922056161,26.9510127685556));
#5333=CARTESIAN_POINT('Ctrl Pts',(-2.79068653462417,-285.630637194371,29.113965398865));
#5334=CARTESIAN_POINT('Ctrl Pts',(-5.84225989657772,-285.81635233258,35.1597113321083));
#5335=CARTESIAN_POINT('Ctrl Pts',(-3.7764095222444,-286.002067470789,41.6087557940082));
#5336=CARTESIAN_POINT('Ctrl Pts',(2.22649223492888,-286.187782608999,44.7503547888468));
#5337=CARTESIAN_POINT('Ctrl Pts',(6.53794011421678,-286.311592701138,43.4357426287784));
#5338=CARTESIAN_POINT('Ctrl Pts',(8.15910213348641,-286.373497747208,42.113161613004));
#5339=CARTESIAN_POINT('Ctrl Pts',(10.4663780562582,-275.840100605665,39.6038386307544));
#5340=CARTESIAN_POINT('Ctrl Pts',(11.4368544302809,-275.902005651735,37.6829642380574));
#5341=CARTESIAN_POINT('Ctrl Pts',(11.8048899056978,-276.025815743874,33.0611551356052));
#5342=CARTESIAN_POINT('Ctrl Pts',(7.32241274780084,-276.211530882084,27.7247092941526));
#5343=CARTESIAN_POINT('Ctrl Pts',(0.387158486279032,-276.397246020293,27.0742996027992));
#5344=CARTESIAN_POINT('Ctrl Pts',(-5.01222863502295,-276.582961158503,31.4757725854718));
#5345=CARTESIAN_POINT('Ctrl Pts',(-5.76697445033282,-276.768676296712,38.4016145876483));
#5346=CARTESIAN_POINT('Ctrl Pts',(-1.4487254772635,-276.954391434921,43.8647169297003));
#5347=CARTESIAN_POINT('Ctrl Pts',(5.47081560821749,-277.140106573131,44.7257512983176));
#5348=CARTESIAN_POINT('Ctrl Pts',(10.371111969972,-277.305186695983,40.9545739066136));
#5349=CARTESIAN_POINT('Ctrl Pts',(11.7361867291764,-277.449631803479,35.9371358523258));
#5350=CARTESIAN_POINT('Ctrl Pts',(10.6374421996143,-277.573441895619,31.6275129767915));
#5351=CARTESIAN_POINT('Ctrl Pts',(7.54073851442562,-277.697251987758,28.4277411059011));
#5352=CARTESIAN_POINT('Ctrl Pts',(3.26551377211328,-277.821062079898,27.1808012045025));
#5353=CARTESIAN_POINT('Ctrl Pts',(-1.05889704940442,-277.944872172038,28.222846260982));
#5354=CARTESIAN_POINT('Ctrl Pts',(-4.85845476884384,-278.089317279534,31.7722103548098));
#5355=CARTESIAN_POINT('Ctrl Pts',(-5.90771529385842,-278.254397402387,37.8639666586943));
#5356=CARTESIAN_POINT('Ctrl Pts',(-1.91387768955966,-278.440112540596,43.5865069643343));
#5357=CARTESIAN_POINT('Ctrl Pts',(3.78755297501764,-278.594875155771,44.6337485505775));
#5358=CARTESIAN_POINT('Ctrl Pts',(7.82241222213006,-278.71868524791,42.9089415730502));
#5359=CARTESIAN_POINT('Ctrl Pts',(10.9276816507062,-278.842495340049,39.8085110195713));
#5360=CARTESIAN_POINT('Ctrl Pts',(12.0786017375691,-278.997257955224,34.1245510064415));
#5361=CARTESIAN_POINT('Ctrl Pts',(8.26384498603333,-279.182973093433,28.292676240379));
#5362=CARTESIAN_POINT('Ctrl Pts',(1.45102392336407,-279.368688231643,26.8166432873269));
#5363=CARTESIAN_POINT('Ctrl Pts',(-3.76827077409677,-279.533768354496,30.1338911957765));
#5364=CARTESIAN_POINT('Ctrl Pts',(-5.57684655221552,-279.678213461992,35.0080008774257));
#5365=CARTESIAN_POINT('Ctrl Pts',(-4.86948249967201,-279.802023554131,39.398423844924));
#5366=CARTESIAN_POINT('Ctrl Pts',(-2.07072878168175,-279.925833646271,42.8637520920312));
#5367=CARTESIAN_POINT('Ctrl Pts',(2.07305916369918,-280.049643738411,44.486775707931));
#5368=CARTESIAN_POINT('Ctrl Pts',(6.47874898959427,-280.17345383055,43.8398698753659));
#5369=CARTESIAN_POINT('Ctrl Pts',(9.98358593117405,-280.29726392269,41.096146688702));
#5370=CARTESIAN_POINT('Ctrl Pts',(11.6677337017384,-280.421074014829,36.9744518267641));
#5371=CARTESIAN_POINT('Ctrl Pts',(11.087722579202,-280.544884106969,32.5625090293341));
#5372=CARTESIAN_POINT('Ctrl Pts',(8.39551105766754,-280.668694199108,29.0141160093783));
#5373=CARTESIAN_POINT('Ctrl Pts',(4.75662763796586,-280.778747614344,27.4672724495535));
#5374=CARTESIAN_POINT('Ctrl Pts',(0.387109853319438,-280.902557706483,27.5909786595126));
#5375=CARTESIAN_POINT('Ctrl Pts',(-4.17008899523385,-281.047002813979,30.3502691479756));
#5376=CARTESIAN_POINT('Ctrl Pts',(-6.08086372386592,-281.225839613736,36.7865367334632));
#5377=CARTESIAN_POINT('Ctrl Pts',(-2.80214803088413,-281.411554751946,42.9319600116532));
#5378=CARTESIAN_POINT('Ctrl Pts',(3.84555308416517,-281.597269890155,45.0126061220231));
#5379=CARTESIAN_POINT('Ctrl Pts',(10.0417495580604,-281.782985028365,41.8276107945477));
#5380=CARTESIAN_POINT('Ctrl Pts',(12.2203751264655,-281.968700166574,35.2110947280086));
#5381=CARTESIAN_POINT('Ctrl Pts',(9.12893469658414,-282.154415304783,28.9682274801093));
#5382=CARTESIAN_POINT('Ctrl Pts',(2.54553664046058,-282.340130442993,26.6909003633314));
#5383=CARTESIAN_POINT('Ctrl Pts',(-3.74252839502858,-282.525845581202,29.6884055072848));
#5384=CARTESIAN_POINT('Ctrl Pts',(-6.11552365120505,-282.711560719412,36.2373811612871));
#5385=CARTESIAN_POINT('Ctrl Pts',(-3.21902243324603,-282.897275857621,42.5706788311198));
#5386=CARTESIAN_POINT('Ctrl Pts',(3.2975159427794,-283.08299099583,45.0430113523781));
#5387=CARTESIAN_POINT('Ctrl Pts',(9.67481967530577,-283.268706134039,42.2337624645186));
#5388=CARTESIAN_POINT('Ctrl Pts',(11.8075753499112,-283.423468749214,36.8403478951086));
#5389=CARTESIAN_POINT('Ctrl Pts',(10.8937094153074,-283.547278841353,32.5485120326636));
#5390=CARTESIAN_POINT('Ctrl Pts',(8.45109914083969,-283.671088933493,28.9036702198482));
#5391=CARTESIAN_POINT('Ctrl Pts',(3.09886740203008,-283.825851548667,26.673169823203));
#5392=CARTESIAN_POINT('Ctrl Pts',(-3.12684137618962,-284.004688348425,29.2002749070558));
#5393=CARTESIAN_POINT('Ctrl Pts',(-5.43095107056228,-284.149133455921,34.0017248777525));
#5394=CARTESIAN_POINT('Ctrl Pts',(-5.13175017416376,-284.27294354806,38.3632607148244));
#5395=CARTESIAN_POINT('Ctrl Pts',(-3.2408535837765,-284.382996963295,41.8346933787684));
#5396=CARTESIAN_POINT('Ctrl Pts',(0.55321763728311,-284.506807055435,44.1729552005877));
#5397=CARTESIAN_POINT('Ctrl Pts',(4.99608198858191,-284.630617147575,44.3198077108346));
#5398=CARTESIAN_POINT('Ctrl Pts',(9.60410565777412,-284.775062255071,41.9091477743254));
#5399=CARTESIAN_POINT('Ctrl Pts',(12.2341724858999,-284.940142377924,36.3130595399284));
#5400=CARTESIAN_POINT('Ctrl Pts',(9.90725960208963,-285.125857516133,29.7400381292985));
#5401=CARTESIAN_POINT('Ctrl Pts',(3.64401491703012,-285.311572654342,26.6959632677217));
#5402=CARTESIAN_POINT('Ctrl Pts',(-2.95800514728192,-285.497287792552,28.9207157854093));
#5403=CARTESIAN_POINT('Ctrl Pts',(-6.09703992354861,-285.683002930761,35.1394688117125));
#5404=CARTESIAN_POINT('Ctrl Pts',(-3.97216980910608,-285.86871806897,41.7731570847135));
#5405=CARTESIAN_POINT('Ctrl Pts',(2.20251098764244,-286.05443320718,45.0047937430394));
#5406=CARTESIAN_POINT('Ctrl Pts',(6.63739954912625,-286.178243299319,43.6526278748114));
#5407=CARTESIAN_POINT('Ctrl Pts',(8.30499182422489,-286.240148345389,42.2922166027739));
#5408=CARTESIAN_POINT('Ctrl Pts',(10.6724651692123,-275.706751406039,39.7081106124808));
#5409=CARTESIAN_POINT('Ctrl Pts',(11.6699800242462,-275.768656452109,37.7337963372022));
#5410=CARTESIAN_POINT('Ctrl Pts',(12.0483327172229,-275.892466544249,32.9833737069617));
#5411=CARTESIAN_POINT('Ctrl Pts',(7.44120034003818,-276.078181682458,27.4983478916257));
#5412=CARTESIAN_POINT('Ctrl Pts',(0.312956685452103,-276.263896820667,26.829725186934));
#5413=CARTESIAN_POINT('Ctrl Pts',(-5.23676067321401,-276.449611958877,31.3535981135639));
#5414=CARTESIAN_POINT('Ctrl Pts',(-6.01262290043406,-276.635327097086,38.472165878489));
#5415=CARTESIAN_POINT('Ctrl Pts',(-1.57429104683966,-276.821042235295,44.0873702231434));
#5416=CARTESIAN_POINT('Ctrl Pts',(5.53779872438071,-277.006757373505,44.9724787866976));
#5417=CARTESIAN_POINT('Ctrl Pts',(10.574525955466,-277.171837496357,41.0964337138285));
#5418=CARTESIAN_POINT('Ctrl Pts',(11.9776708036458,-277.316282603853,35.9393884702673));
#5419=CARTESIAN_POINT('Ctrl Pts',(10.848419646456,-277.440092695993,31.5098159701354));
#5420=CARTESIAN_POINT('Ctrl Pts',(7.66559041388297,-277.563902788133,28.2209478062067));
#5421=CARTESIAN_POINT('Ctrl Pts',(3.27141148417115,-277.687712880272,26.9392374501714));
#5422=CARTESIAN_POINT('Ctrl Pts',(-1.17335957038385,-277.811522972412,28.0102110138456));
#5423=CARTESIAN_POINT('Ctrl Pts',(-5.07871228575975,-277.955968079908,31.6582879004889));
#5424=CARTESIAN_POINT('Ctrl Pts',(-6.15727164572883,-278.121048202761,37.9195535486276));
#5425=CARTESIAN_POINT('Ctrl Pts',(-2.05238337071506,-278.30676334097,43.8014104306412));
#5426=CARTESIAN_POINT('Ctrl Pts',(3.80769436691635,-278.461525956145,44.8778883142856));
#5427=CARTESIAN_POINT('Ctrl Pts',(7.95486707924442,-278.585336048284,43.1051476548104));
#5428=CARTESIAN_POINT('Ctrl Pts',(11.1466029696373,-278.709146140424,39.9184863016037));
#5429=CARTESIAN_POINT('Ctrl Pts',(12.3296443204198,-278.863908755598,34.0763670904845));
#5430=CARTESIAN_POINT('Ctrl Pts',(8.40882228747368,-279.049623893807,28.0821360131682));
#5431=CARTESIAN_POINT('Ctrl Pts',(1.40643244135805,-279.235339032017,26.5649159139588));
#5432=CARTESIAN_POINT('Ctrl Pts',(-3.95816308627401,-279.40041915487,29.9743939874587));
#5433=CARTESIAN_POINT('Ctrl Pts',(-5.81714873307479,-279.544864262366,34.9841149798633));
#5434=CARTESIAN_POINT('Ctrl Pts',(-5.09017102683092,-279.668674354505,39.4967297736316));
#5435=CARTESIAN_POINT('Ctrl Pts',(-2.21358768112054,-279.792484446645,43.058539586413));
#5436=CARTESIAN_POINT('Ctrl Pts',(2.04549059900301,-279.916294538785,44.7267974857738));
#5437=CARTESIAN_POINT('Ctrl Pts',(6.57379612596743,-280.040104630924,44.0619607291809));
#5438=CARTESIAN_POINT('Ctrl Pts',(10.1762132181235,-280.163914723064,41.2419399929435));
#5439=CARTESIAN_POINT('Ctrl Pts',(11.9072959258943,-280.287724815203,37.0055706155574));
#5440=CARTESIAN_POINT('Ctrl Pts',(11.3112155823774,-280.411534907343,32.4708391930383));
#5441=CARTESIAN_POINT('Ctrl Pts',(8.54414072921814,-280.535344999483,28.8236547463629));
#5442=CARTESIAN_POINT('Ctrl Pts',(4.80401663468283,-280.645398414718,27.233705122316));
#5443=CARTESIAN_POINT('Ctrl Pts',(0.312898289772046,-280.769208506857,27.360782813957));
#5444=CARTESIAN_POINT('Ctrl Pts',(-4.37116695831846,-280.913653614354,30.1967869438839));
#5445=CARTESIAN_POINT('Ctrl Pts',(-6.33522105727424,-281.092490414111,36.812137196217));
#5446=CARTESIAN_POINT('Ctrl Pts',(-2.96536257896407,-281.27820555232,43.1286337480085));
#5447=CARTESIAN_POINT('Ctrl Pts',(3.86730238482382,-281.463920690529,45.2672899909724));
#5448=CARTESIAN_POINT('Ctrl Pts',(10.2359835653761,-281.649635828739,41.9937608321908));
#5449=CARTESIAN_POINT('Ctrl Pts',(12.4753454120195,-281.835350966948,35.1931503548677));
#5450=CARTESIAN_POINT('Ctrl Pts',(9.29797543332966,-282.021066105157,28.7765011301561));
#5451=CARTESIAN_POINT('Ctrl Pts',(2.5314062081767,-282.206781243367,26.4356915260255));
#5452=CARTESIAN_POINT('Ctrl Pts',(-3.93169707659772,-282.392496381576,29.5165113744932));
#5453=CARTESIAN_POINT('Ctrl Pts',(-6.37083659175737,-282.578211519786,36.2476987054904));
#5454=CARTESIAN_POINT('Ctrl Pts',(-3.39383222620878,-282.763926657995,42.757291751781));
#5455=CARTESIAN_POINT('Ctrl Pts',(3.30401351875485,-282.949641796204,45.2985324435005));
#5456=CARTESIAN_POINT('Ctrl Pts',(9.85883584466858,-283.135356934413,42.4112092539975));
#5457=CARTESIAN_POINT('Ctrl Pts',(12.0510313853898,-283.290119549588,36.8677370050313));
#5458=CARTESIAN_POINT('Ctrl Pts',(11.1118034878581,-283.413929641727,32.4564495186514));
#5459=CARTESIAN_POINT('Ctrl Pts',(8.60127756115376,-283.537739733867,28.7101362849016));
#5460=CARTESIAN_POINT('Ctrl Pts',(3.1001358033454,-283.692502349042,26.4174765716155));
#5461=CARTESIAN_POINT('Ctrl Pts',(-3.29886826658411,-283.871339148799,29.0148066938292));
#5462=CARTESIAN_POINT('Ctrl Pts',(-5.66717677365782,-284.015784256295,33.9498378758337));
#5463=CARTESIAN_POINT('Ctrl Pts',(-5.35972045470332,-284.139594348435,38.4327550011242));
#5464=CARTESIAN_POINT('Ctrl Pts',(-3.41625893331186,-284.24964776367,42.0008243336101));
#5465=CARTESIAN_POINT('Ctrl Pts',(0.48335877598729,-284.373457855809,44.4042189859254));
#5466=CARTESIAN_POINT('Ctrl Pts',(5.04986043279758,-284.497267947949,44.5552305394693));
#5467=CARTESIAN_POINT('Ctrl Pts',(9.78615922244529,-284.641713055445,42.0775597674507));
#5468=CARTESIAN_POINT('Ctrl Pts',(12.4895088005678,-284.806793178298,36.3257817775089));
#5469=CARTESIAN_POINT('Ctrl Pts',(10.0979476449046,-284.992508316507,29.5698030307633));
#5470=CARTESIAN_POINT('Ctrl Pts',(3.66045376232821,-285.178223454716,26.4409132035299));
#5471=CARTESIAN_POINT('Ctrl Pts',(-3.12532897385404,-285.363938592926,28.7274705181279));
#5472=CARTESIAN_POINT('Ctrl Pts',(-6.3518206145077,-285.549653731135,35.1192330458364));
#5473=CARTESIAN_POINT('Ctrl Pts',(-4.16792582852544,-285.735368869345,41.9375636540449));
#5474=CARTESIAN_POINT('Ctrl Pts',(2.17853648411426,-285.921084007554,45.2592334611611));
#5475=CARTESIAN_POINT('Ctrl Pts',(6.73686479166324,-286.044894099693,43.8695105856741));
#5476=CARTESIAN_POINT('Ctrl Pts',(8.45088634241705,-286.106799145763,42.4712678073506));
#5477=CARTESIAN_POINT('Ctrl Pts',(10.8785545198715,-275.573402351782,39.8123783543791));
#5478=CARTESIAN_POINT('Ctrl Pts',(11.9031067581115,-275.635307397851,37.7846236171428));
#5479=CARTESIAN_POINT('Ctrl Pts',(12.291774001148,-275.759117489991,32.9055871991376));
#5480=CARTESIAN_POINT('Ctrl Pts',(7.55998327834116,-275.9448326282,27.271983943525));
#5481=CARTESIAN_POINT('Ctrl Pts',(0.238749783259669,-276.13054776641,26.5851522232817));
#5482=CARTESIAN_POINT('Ctrl Pts',(-5.46129532656094,-276.316262904619,31.2314282568301));
#5483=CARTESIAN_POINT('Ctrl Pts',(-6.2582699744391,-276.501978042829,38.5427222915209));
#5484=CARTESIAN_POINT('Ctrl Pts',(-1.69985204149412,-276.687693181038,44.31002620146));
#5485=CARTESIAN_POINT('Ctrl Pts',(5.60478698393123,-276.873408319247,45.2192049734597));
#5486=CARTESIAN_POINT('Ctrl Pts',(10.7779429565291,-277.0384884421,41.2382893507717));
#5487=CARTESIAN_POINT('Ctrl Pts',(12.2191550110493,-277.182933549596,35.9416360783982));
#5488=CARTESIAN_POINT('Ctrl Pts',(11.0593947265011,-277.306743641736,31.392114544043));
#5489=CARTESIAN_POINT('Ctrl Pts',(7.79043806669677,-277.430553733875,28.0141518422394));
#5490=CARTESIAN_POINT('Ctrl Pts',(3.27730418632348,-277.554363826015,26.6976734871364));
#5491=CARTESIAN_POINT('Ctrl Pts',(-1.28782654471187,-277.678173918154,27.7975780654822));
#5492=CARTESIAN_POINT('Ctrl Pts',(-5.29897224565718,-277.822619025651,31.5443699750343));
#5493=CARTESIAN_POINT('Ctrl Pts',(-6.40682693334238,-277.987699148503,37.9751456364452));
#5494=CARTESIAN_POINT('Ctrl Pts',(-2.19088464235684,-278.173414286713,44.0163168477388));
#5495=CARTESIAN_POINT('Ctrl Pts',(3.82784083161497,-278.328176901887,45.1220277463298));
#5496=CARTESIAN_POINT('Ctrl Pts',(8.08732605494124,-278.451986994027,43.3013510582354));
#5497=CARTESIAN_POINT('Ctrl Pts',(11.3655266495791,-278.575797086166,40.0284570810493));
#5498=CARTESIAN_POINT('Ctrl Pts',(12.5806859928758,-278.730559701341,34.0281779482409));
#5499=CARTESIAN_POINT('Ctrl Pts',(8.55379527256579,-278.91627483955,27.8715927027787));
#5500=CARTESIAN_POINT('Ctrl Pts',(1.36183571987831,-279.10198997776,26.3131893756911));
#5501=CARTESIAN_POINT('Ctrl Pts',(-4.14805877448979,-279.267070100612,29.8149006628814));
#5502=CARTESIAN_POINT('Ctrl Pts',(-6.05745149580648,-279.411515208109,34.9602340599902));
#5503=CARTESIAN_POINT('Ctrl Pts',(-5.31085759308237,-279.535325300248,39.5950403164855));
#5504=CARTESIAN_POINT('Ctrl Pts',(-2.35644258950322,-279.659135392388,43.2533301143273));
#5505=CARTESIAN_POINT('Ctrl Pts',(2.01792700441438,-279.782945484527,44.9668199220734));
#5506=CARTESIAN_POINT('Ctrl Pts',(6.66884790456207,-279.906755576667,44.2840496900552));
#5507=CARTESIAN_POINT('Ctrl Pts',(10.3688435989156,-280.030565668806,41.3877293526058));
#5508=CARTESIAN_POINT('Ctrl Pts',(12.1468588812909,-280.154375760946,37.0366844447046));
#5509=CARTESIAN_POINT('Ctrl Pts',(11.534706763266,-280.278185853085,32.3791646870452));
#5510=CARTESIAN_POINT('Ctrl Pts',(8.69276650143627,-280.401995945225,28.6331903314975));
#5511=CARTESIAN_POINT('Ctrl Pts',(4.8514008020079,-280.51204936046,27.0001367287863));
#5512=CARTESIAN_POINT('Ctrl Pts',(0.23868192280309,-280.6358594526,27.1305884252466));
#5513=CARTESIAN_POINT('Ctrl Pts',(-4.57224817822437,-280.780304560096,30.0433088563981));
#5514=CARTESIAN_POINT('Ctrl Pts',(-6.58957795032631,-280.959141359853,36.837742945945));
#5515=CARTESIAN_POINT('Ctrl Pts',(-3.12857310461115,-281.144856498063,43.3253109410722));
#5516=CARTESIAN_POINT('Ctrl Pts',(3.88905697771781,-281.330571636272,45.5219734996861));
#5517=CARTESIAN_POINT('Ctrl Pts',(10.4302210895325,-281.516286774481,42.1599068990016));
#5518=CARTESIAN_POINT('Ctrl Pts',(12.7303154163515,-281.70200191269,35.1752006849458));
#5519=CARTESIAN_POINT('Ctrl Pts',(9.46701225232285,-281.8877170509,28.5847712042432));
#5520=CARTESIAN_POINT('Ctrl Pts',(2.51727047553816,-282.073432189109,26.1804828907767));
#5521=CARTESIAN_POINT('Ctrl Pts',(-4.120869392383,-282.259147327319,29.344621105273));
#5522=CARTESIAN_POINT('Ctrl Pts',(-6.62614940883183,-282.444862465528,36.258021551126));
#5523=CARTESIAN_POINT('Ctrl Pts',(-3.5686382103557,-282.630577603737,42.9439083665272));
#5524=CARTESIAN_POINT('Ctrl Pts',(3.31051639902289,-282.816292741947,45.55405349101));
#5525=CARTESIAN_POINT('Ctrl Pts',(10.0428557616943,-283.002007880156,42.5886522887841));
#5526=CARTESIAN_POINT('Ctrl Pts',(12.2944880752144,-283.15677049533,36.8951210731407));
#5527=CARTESIAN_POINT('Ctrl Pts',(11.3298957280175,-283.28058058747,32.3643824463022));
#5528=CARTESIAN_POINT('Ctrl Pts',(8.75145202024303,-283.404390679609,28.516599164019));
#5529=CARTESIAN_POINT('Ctrl Pts',(3.10139889936688,-283.559153294784,26.1617832024905));
#5530=CARTESIAN_POINT('Ctrl Pts',(-3.47089906587252,-283.737990094541,28.8293419839655));
#5531=CARTESIAN_POINT('Ctrl Pts',(-5.90340363703819,-283.882435202037,33.8979557573932));
#5532=CARTESIAN_POINT('Ctrl Pts',(-5.58768937516715,-284.006245294177,38.5022540424521));
#5533=CARTESIAN_POINT('Ctrl Pts',(-3.59166089858029,-284.116298709412,42.166958987854));
#5534=CARTESIAN_POINT('Ctrl Pts',(0.413504687985535,-284.240108801552,44.6354843035238));
#5535=CARTESIAN_POINT('Ctrl Pts',(5.10364378109631,-284.363918893691,44.7906523364444));
#5536=CARTESIAN_POINT('Ctrl Pts',(9.96821634693286,-284.508364001187,42.2459680438215));
#5537=CARTESIAN_POINT('Ctrl Pts',(12.7448454703638,-284.67344412404,36.3384987215656));
#5538=CARTESIAN_POINT('Ctrl Pts',(10.2886322236838,-284.859159262249,29.3995639148619));
#5539=CARTESIAN_POINT('Ctrl Pts',(3.67688732144376,-285.044874400459,26.1858627071318));
#5540=CARTESIAN_POINT('Ctrl Pts',(-3.29265686987517,-285.230589538668,28.5342286535428));
#5541=CARTESIAN_POINT('Ctrl Pts',(-6.60660181632329,-285.416304676878,35.0990025593497));
#5542=CARTESIAN_POINT('Ctrl Pts',(-4.36367850670105,-285.602019815087,42.1019743434697));
#5543=CARTESIAN_POINT('Ctrl Pts',(2.15456725169072,-285.787734953296,45.5136737682906));
#5544=CARTESIAN_POINT('Ctrl Pts',(6.83633456978304,-285.911545045436,44.0863913083148));
#5545=CARTESIAN_POINT('Ctrl Pts',(8.5967846287554,-285.973450091506,42.6503160480547));
#5546=CARTESIAN_POINT('Ctrl Pts',(-5.00806698393875,-278.335129615367,35.863426655581));
#5547=CARTESIAN_POINT('Ctrl Pts',(-5.00111921501482,-278.290763632225,34.3648524476214));
#5548=CARTESIAN_POINT('Ctrl Pts',(-4.58073716776379,-278.246397649084,32.8636203016898));
#5549=CARTESIAN_POINT('Ctrl Pts',(-3.79037206725042,-278.202031665942,31.5910523124098));
#5550=CARTESIAN_POINT('Ctrl Pts',(-3.05516032025363,-278.160761635229,30.4072868172442));
#5551=CARTESIAN_POINT('Ctrl Pts',(-1.99980027584842,-278.119491604516,29.4213856290648));
#5552=CARTESIAN_POINT('Ctrl Pts',(-0.771445273445688,-278.078221573803,
28.7595817418129));
#5553=CARTESIAN_POINT('Ctrl Pts',(0.456909728957051,-278.036951543089,28.0977778545611));
#5554=CARTESIAN_POINT('Ctrl Pts',(1.85825968935733,-277.995681512376,27.7600712682368));
#5555=CARTESIAN_POINT('Ctrl Pts',(3.25164659230184,-277.954411481663,27.7932456927573));
#5556=CARTESIAN_POINT('Ctrl Pts',(4.64503349524636,-277.91314145095,27.8264201172778));
#5557=CARTESIAN_POINT('Ctrl Pts',(6.03045734073512,-277.871871420236,28.2304755526432));
#5558=CARTESIAN_POINT('Ctrl Pts',(7.22493268792836,-277.830601389523,28.9509488262655));
#5559=CARTESIAN_POINT('Ctrl Pts',(8.41940803512159,-277.78933135881,29.6714220998878));
#5560=CARTESIAN_POINT('Ctrl Pts',(9.42293488401929,-277.748061328097,30.7083132117669));
#5561=CARTESIAN_POINT('Ctrl Pts',(10.1027384920953,-277.706791297384,31.9250375177781));
#5562=CARTESIAN_POINT('Ctrl Pts',(10.7825421001713,-277.665521266671,33.1417618237892));
#5563=CARTESIAN_POINT('Ctrl Pts',(11.1386224674255,-277.624251235957,34.5383193239324));
#5564=CARTESIAN_POINT('Ctrl Pts',(11.1270910820213,-277.582981205244,35.9334312090018));
#5565=CARTESIAN_POINT('Ctrl Pts',(11.115559696617,-277.541711174531,37.3285430940712));
#5566=CARTESIAN_POINT('Ctrl Pts',(10.7364165585542,-277.500441143818,38.7222093640668));
#5567=CARTESIAN_POINT('Ctrl Pts',(10.0325443981815,-277.459171113105,39.9250404646087));
#5568=CARTESIAN_POINT('Ctrl Pts',(8.97673615762255,-277.397266067035,41.7292871154214));
#5569=CARTESIAN_POINT('Ctrl Pts',(7.19028761686632,-277.335361020965,43.1041546349633));
#5570=CARTESIAN_POINT('Ctrl Pts',(5.17589782398958,-277.273455974895,43.6520958824572));
#5571=CARTESIAN_POINT('Ctrl Pts',(3.16150803111284,-277.211550928825,44.2000371299511));
#5572=CARTESIAN_POINT('Ctrl Pts',(0.919176986115595,-277.149645882756,43.9210521053971));
#5573=CARTESIAN_POINT('Ctrl Pts',(-0.901683568145784,-277.087740836686,
42.8963933886283));
#5574=CARTESIAN_POINT('Ctrl Pts',(-2.72254412240718,-277.025835790616,41.8717346718596));
#5575=CARTESIAN_POINT('Ctrl Pts',(-4.1219341859327,-276.963930744546,40.1014022628761));
#5576=CARTESIAN_POINT('Ctrl Pts',(-4.69935850150036,-276.902025698477,38.0940499090398));
#5577=CARTESIAN_POINT('Ctrl Pts',(-4.90735137311044,-276.879727004168,37.3709854845755));
#5578=CARTESIAN_POINT('Ctrl Pts',(-5.00869433653437,-276.857428309859,36.6171677648313));
#5579=CARTESIAN_POINT('Ctrl Pts',(-5.00663066242516,-276.835129615551,35.8627900464856));
#5580=CARTESIAN_POINT('Ctrl Pts',(8.59678462875537,-285.973450091506,42.6503160480547));
#5581=CARTESIAN_POINT('Ctrl Pts',(8.4158668252176,-285.973450091509,42.7842052465761));
#5582=CARTESIAN_POINT('Ctrl Pts',(8.22957351009023,-285.973450091506,42.9107489461216));
#5583=CARTESIAN_POINT('Ctrl Pts',(8.03840448828673,-285.973450091499,43.0298253137513));
#5584=CARTESIAN_POINT('Ctrl Pts',(7.84685118573431,-285.973450091492,43.1491410441988));
#5585=CARTESIAN_POINT('Ctrl Pts',(7.65040186587522,-285.973450091481,43.2609595651868));
#5586=CARTESIAN_POINT('Ctrl Pts',(7.44954403506699,-285.973450091468,43.3651085843516));
#5587=CARTESIAN_POINT('Ctrl Pts',(7.35039461213121,-285.973450091461,43.4165196501187));
#5588=CARTESIAN_POINT('Ctrl Pts',(7.2501707951206,-285.973450091454,43.4660611059191));
#5589=CARTESIAN_POINT('Ctrl Pts',(7.1489306390389,-285.973450091447,43.5137075722907));
#5590=CARTESIAN_POINT('Ctrl Pts',(6.94846902705285,-285.973450091434,43.6080504479239));
#5591=CARTESIAN_POINT('Ctrl Pts',(6.74477620120006,-285.973450091424,43.694612956322));
#5592=CARTESIAN_POINT('Ctrl Pts',(6.53835386147059,-285.973450091412,43.773341664294));
#5593=CARTESIAN_POINT('Ctrl Pts',(6.3291831646552,-285.973450091401,43.8531185853747));
#5594=CARTESIAN_POINT('Ctrl Pts',(6.11720912998298,-285.973450091389,43.9248519477523));
#5595=CARTESIAN_POINT('Ctrl Pts',(5.90293264227871,-285.973450091374,43.9884369561162));
#5596=CARTESIAN_POINT('Ctrl Pts',(5.68968426146004,-285.97345009136,44.0517168811477));
#5597=CARTESIAN_POINT('Ctrl Pts',(5.47415477013991,-285.973450091343,44.1069265501534));
#5598=CARTESIAN_POINT('Ctrl Pts',(5.25682737837715,-285.973450091324,44.1539120376954));
#5599=CARTESIAN_POINT('Ctrl Pts',(5.03792832787277,-285.973450091305,44.2012373128345));
#5600=CARTESIAN_POINT('Ctrl Pts',(4.81720458412604,-285.973450091284,44.240219236889));
#5601=CARTESIAN_POINT('Ctrl Pts',(4.59514969182648,-285.973450091264,44.2706465918941));
#5602=CARTESIAN_POINT('Ctrl Pts',(4.37309479952692,-285.973450091244,44.3010739468991));
#5603=CARTESIAN_POINT('Ctrl Pts',(4.14970805696766,-285.973450091225,44.3229468921196));
#5604=CARTESIAN_POINT('Ctrl Pts',(3.92549328633929,-285.973450091212,44.3359977870066));
#5605=CARTESIAN_POINT('Ctrl Pts',(3.70617228745676,-285.973450091199,44.3487638295599));
#5606=CARTESIAN_POINT('Ctrl Pts',(3.48689273205587,-285.973450091193,44.3530399880886));
#5607=CARTESIAN_POINT('Ctrl Pts',(3.26812085379974,-285.973450091188,44.3487166769576));
#5608=CARTESIAN_POINT('Ctrl Pts',(3.05171831903951,-285.973450091184,44.3444401881566));
#5609=CARTESIAN_POINT('Ctrl Pts',(2.83581188194068,-285.973450091182,44.3317495048835));
#5610=CARTESIAN_POINT('Ctrl Pts',(2.62085262910264,-285.973450091178,44.310487932715));
#5611=CARTESIAN_POINT('Ctrl Pts',(2.50323158514368,-285.973450091177,44.2988540612642));
#5612=CARTESIAN_POINT('Ctrl Pts',(2.38589418555939,-285.973450091175,44.2846531409392));
#5613=CARTESIAN_POINT('Ctrl Pts',(2.26891534487273,-285.973450091173,44.2678529376236));
#5614=CARTESIAN_POINT('Ctrl Pts',(2.05274081943429,-285.973450091169,44.2368065025787));
#5615=CARTESIAN_POINT('Ctrl Pts',(1.83778955785293,-285.973450091164,44.1968861985397));
#5616=CARTESIAN_POINT('Ctrl Pts',(1.62451216581962,-285.97345009116,44.1483577420103));
#5617=CARTESIAN_POINT('Ctrl Pts',(1.41084024474309,-285.973450091156,44.0997395156027));
#5618=CARTESIAN_POINT('Ctrl Pts',(1.19884776044406,-285.973450091152,44.04248088691));
#5619=CARTESIAN_POINT('Ctrl Pts',(0.989012036264205,-285.973450091153,43.9768030444935));
#5620=CARTESIAN_POINT('Ctrl Pts',(0.892682477422852,-285.973450091154,43.9466522319455));
#5621=CARTESIAN_POINT('Ctrl Pts',(0.79680784171016,-285.973450091155,43.9147264974182));
#5622=CARTESIAN_POINT('Ctrl Pts',(0.701436575697314,-285.973450091158,43.8810443310996));
#5623=CARTESIAN_POINT('Ctrl Pts',(0.4985120189993,-285.973450091164,43.8093776860548));
#5624=CARTESIAN_POINT('Ctrl Pts',(0.298633543798438,-285.973450091178,43.730033989852));
#5625=CARTESIAN_POINT('Ctrl Pts',(0.1022040652226,-285.973450091194,43.6433285150988));
#5626=CARTESIAN_POINT('Ctrl Pts',(-0.0964421184500737,-285.97345009121,
43.5556445697554));
#5627=CARTESIAN_POINT('Ctrl Pts',(-0.291561661187088,-285.973450091227,
43.4604314314956));
#5628=CARTESIAN_POINT('Ctrl Pts',(-0.48271850926524,-285.973450091243,43.3579656969026));
#5629=CARTESIAN_POINT('Ctrl Pts',(-0.673317020035198,-285.97345009126,43.2557992476505));
#5630=CARTESIAN_POINT('Ctrl Pts',(-0.85997653887017,-285.973450091275,43.1464220871955));
#5631=CARTESIAN_POINT('Ctrl Pts',(-1.04223655016782,-285.973450091288,43.0300652401264));
#5632=CARTESIAN_POINT('Ctrl Pts',(-1.22172436488459,-285.973450091301,42.9154781946243));
#5633=CARTESIAN_POINT('Ctrl Pts',(-1.39694596628584,-285.973450091312,42.7941217158455));
#5634=CARTESIAN_POINT('Ctrl Pts',(-1.5674262919121,-285.973450091324,42.6661811399442));
#5635=CARTESIAN_POINT('Ctrl Pts',(-1.73790661753837,-285.973450091335,42.5382405640429));
#5636=CARTESIAN_POINT('Ctrl Pts',(-1.90364622930761,-285.973450091347,42.4037155421929));
#5637=CARTESIAN_POINT('Ctrl Pts',(-2.06412667643519,-285.973450091365,42.2627616853721));
#5638=CARTESIAN_POINT('Ctrl Pts',(-2.2246172136401,-285.973450091382,42.1217989661926));
#5639=CARTESIAN_POINT('Ctrl Pts',(-2.37923191020614,-285.973450091407,41.9749476534891));
#5640=CARTESIAN_POINT('Ctrl Pts',(-2.52755435266544,-285.973450091432,41.8224585596805));
#5641=CARTESIAN_POINT('Ctrl Pts',(-2.67416117682229,-285.973450091456,41.671733279061));
#5642=CARTESIAN_POINT('Ctrl Pts',(-2.814620945789,-285.97345009148,41.5154994323118));
#5643=CARTESIAN_POINT('Ctrl Pts',(-2.94849586409927,-285.973450091499,41.3539634139915));
#5644=CARTESIAN_POINT('Ctrl Pts',(-3.02032159588695,-285.97345009151,41.2672971222591));
#5645=CARTESIAN_POINT('Ctrl Pts',(-3.09025124363276,-285.973450091519,41.179104042713));
#5646=CARTESIAN_POINT('Ctrl Pts',(-3.15821216333555,-285.973450091527,41.0894123957161));
#5647=CARTESIAN_POINT('Ctrl Pts',(-3.28650213925565,-285.973450091541,40.9201012786244));
#5648=CARTESIAN_POINT('Ctrl Pts',(-3.40777958917074,-285.973450091549,40.7454512379226));
#5649=CARTESIAN_POINT('Ctrl Pts',(-3.52191433792347,-285.973450091551,40.5659615083665));
#5650=CARTESIAN_POINT('Ctrl Pts',(-3.58137026738371,-285.973450091552,40.4724603720697));
#5651=CARTESIAN_POINT('Ctrl Pts',(-3.63888712221362,-285.973450091552,40.3776455515032));
#5652=CARTESIAN_POINT('Ctrl Pts',(-3.69444120325676,-285.97345009155,40.2815858314659));
#5653=CARTESIAN_POINT('Ctrl Pts',(-0.0517697257641245,-275.97345000744,
27.6705865863476));
#5654=CARTESIAN_POINT('Ctrl Pts',(-2.17567212829635,-276.035355053509,28.4771441774562));
#5655=CARTESIAN_POINT('Ctrl Pts',(-5.75263446153112,-276.159165145649,31.8179551944346));
#5656=CARTESIAN_POINT('Ctrl Pts',(-6.0571146301735,-276.344880283858,39.16885954795));
#5657=CARTESIAN_POINT('Ctrl Pts',(-1.11381795346548,-276.530595422067,44.6127291422514));
#5658=CARTESIAN_POINT('Ctrl Pts',(6.22838595076831,-276.716310560276,45.0252104587826));
#5659=CARTESIAN_POINT('Ctrl Pts',(11.7469502796554,-276.902025698485,40.1635002397355));
#5660=CARTESIAN_POINT('Ctrl Pts',(12.2695528069518,-277.087740836695,32.8308970233492));
#5661=CARTESIAN_POINT('Ctrl Pts',(7.48862614305081,-277.273455974904,27.2339175624428));
#5662=CARTESIAN_POINT('Ctrl Pts',(0.983767758208093,-277.438536097756,26.6855174654213));
#5663=CARTESIAN_POINT('Ctrl Pts',(-3.65143214474825,-277.582981205253,29.6248778554533));
#5664=CARTESIAN_POINT('Ctrl Pts',(-5.86422219068773,-277.706791297392,33.7669118350013));
#5665=CARTESIAN_POINT('Ctrl Pts',(-5.72556941214123,-277.830601389532,38.4645347169974));
#5666=CARTESIAN_POINT('Ctrl Pts',(-3.01446915130349,-277.968168158575,42.9280452600984));
#5667=CARTESIAN_POINT('Ctrl Pts',(2.37105535961435,-278.119491604523,45.3272438614767));
#5668=CARTESIAN_POINT('Ctrl Pts',(7.01267496698769,-278.243301696663,44.0236846738745));
#5669=CARTESIAN_POINT('Ctrl Pts',(10.0963553449974,-278.353355111898,41.3898713668216));
#5670=CARTESIAN_POINT('Ctrl Pts',(11.9175896268115,-278.449651850229,38.2244202488594));
#5671=CARTESIAN_POINT('Ctrl Pts',(11.9170990716694,-278.573461942368,33.5204114320155));
#5672=CARTESIAN_POINT('Ctrl Pts',(9.59501497203228,-278.697272034508,29.435529009887));
#5673=CARTESIAN_POINT('Ctrl Pts',(5.55035970101927,-278.821082126647,27.0464295901232));
#5674=CARTESIAN_POINT('Ctrl Pts',(0.0652579540323331,-278.965527234143,
26.9423826134549));
#5675=CARTESIAN_POINT('Ctrl Pts',(-5.21392996094748,-279.130607356996,30.7951830641868));
#5676=CARTESIAN_POINT('Ctrl Pts',(-6.24588607806654,-279.295687479848,37.2455935223153));
#5677=CARTESIAN_POINT('Ctrl Pts',(-3.66178309185054,-279.440132587344,42.0889376969253));
#5678=CARTESIAN_POINT('Ctrl Pts',(0.302211280086702,-279.563942679484,44.5977348001216));
#5679=CARTESIAN_POINT('Ctrl Pts',(5.78742804035695,-279.70838778698,44.8642543390439));
#5680=CARTESIAN_POINT('Ctrl Pts',(11.1706458854883,-279.873467909832,41.1754413630228));
#5681=CARTESIAN_POINT('Ctrl Pts',(12.5649362312496,-280.059183048042,33.9473974201462));
#5682=CARTESIAN_POINT('Ctrl Pts',(8.48842015627066,-280.244898186251,27.8294087497362));
#5683=CARTESIAN_POINT('Ctrl Pts',(1.2897106261329,-280.43061332446,26.3276940926695));
#5684=CARTESIAN_POINT('Ctrl Pts',(-4.89248598978969,-280.616328462669,30.3115588478094));
#5685=CARTESIAN_POINT('Ctrl Pts',(-6.49923394046648,-280.802043600879,37.4884319306124));
#5686=CARTESIAN_POINT('Ctrl Pts',(-2.61057143955595,-280.987758739087,43.7266706087728));
#5687=CARTESIAN_POINT('Ctrl Pts',(4.5456467323461,-281.173473877297,45.4473485626294));
#5688=CARTESIAN_POINT('Ctrl Pts',(10.8365929137232,-281.359189015506,41.6434308062688));
#5689=CARTESIAN_POINT('Ctrl Pts',(12.6630610550386,-281.544904153715,34.5231548672479));
#5690=CARTESIAN_POINT('Ctrl Pts',(8.95613244457826,-281.730619291924,28.1631574896007));
#5691=CARTESIAN_POINT('Ctrl Pts',(2.65645829266009,-281.895699414777,26.4623705519636));
#5692=CARTESIAN_POINT('Ctrl Pts',(-2.4334717369883,-282.040144522273,28.5278309675162));
#5693=CARTESIAN_POINT('Ctrl Pts',(-5.01684964239252,-282.150197937508,31.7989248726066));
#5694=CARTESIAN_POINT('Ctrl Pts',(-6.10734072025188,-282.274008029648,36.2863827351589));
#5695=CARTESIAN_POINT('Ctrl Pts',(-4.63199305897863,-282.411574798691,41.4295982932744));
#5696=CARTESIAN_POINT('Ctrl Pts',(0.69451721134046,-282.576654921544,45.0565578898833));
#5697=CARTESIAN_POINT('Ctrl Pts',(7.09625221911565,-282.741735044397,44.4466644888362));
#5698=CARTESIAN_POINT('Ctrl Pts',(11.2654297780313,-282.893058490345,40.2827843431568));
#5699=CARTESIAN_POINT('Ctrl Pts',(12.1914021142415,-283.030625259389,35.1375291406268));
#5700=CARTESIAN_POINT('Ctrl Pts',(10.6366895934889,-283.154435351528,30.7073407260965));
#5701=CARTESIAN_POINT('Ctrl Pts',(7.08312330929461,-283.278245443667,27.6281114259666));
#5702=CARTESIAN_POINT('Ctrl Pts',(2.47402721771112,-283.402055535807,26.7162048982091));
#5703=CARTESIAN_POINT('Ctrl Pts',(-1.98263277134115,-283.525865627946,28.2083508313889));
#5704=CARTESIAN_POINT('Ctrl Pts',(-5.112795700015,-283.649675720086,31.7135984219201));
#5705=CARTESIAN_POINT('Ctrl Pts',(-6.09446495391121,-283.773485812225,36.3092826070922));
#5706=CARTESIAN_POINT('Ctrl Pts',(-4.66828423301514,-283.897295904365,40.7874259118902));
#5707=CARTESIAN_POINT('Ctrl Pts',(-1.21092350889422,-284.021105996504,43.9690569852974));
#5708=CARTESIAN_POINT('Ctrl Pts',(3.37071245077848,-284.144916088644,45.0214921578796));
#5709=CARTESIAN_POINT('Ctrl Pts',(7.86623045935432,-284.268726180783,43.6601410990944));
#5710=CARTESIAN_POINT('Ctrl Pts',(11.4705548449925,-284.406292949827,39.8757777042452));
#5711=CARTESIAN_POINT('Ctrl Pts',(12.3777276729733,-284.557616395775,34.051933370536));
#5712=CARTESIAN_POINT('Ctrl Pts',(9.07769128296501,-284.722696518628,28.5250630586772));
#5713=CARTESIAN_POINT('Ctrl Pts',(4.47432774825684,-284.84822619538,26.8913608283357));
#5714=CARTESIAN_POINT('Ctrl Pts',(1.31903505036089,-284.934205426033,27.2180957739744));
#5715=CARTESIAN_POINT('Ctrl Pts',(-0.862411639363673,-284.996110472102,
27.8829659950917));
#5716=CARTESIAN_POINT('Ctrl Pts',(-4.24833459666516,-285.104444302725,30.1187155673735));
#5717=CARTESIAN_POINT('Ctrl Pts',(-6.63768195416106,-285.259206917899,35.75161580518));
#5718=CARTESIAN_POINT('Ctrl Pts',(-3.92180537619213,-285.444922056108,42.5922200297071));
#5719=CARTESIAN_POINT('Ctrl Pts',(2.80816416339743,-285.630637194317,45.5532816922858));
#5720=CARTESIAN_POINT('Ctrl Pts',(9.6820909198874,-285.816352332526,42.9420796936705));
#5721=CARTESIAN_POINT('Ctrl Pts',(12.7478324982891,-286.002067470736,36.2573307643088));
#5722=CARTESIAN_POINT('Ctrl Pts',(10.2349141734393,-286.187782608945,29.3430877770056));
#5723=CARTESIAN_POINT('Ctrl Pts',(5.81520443980076,-286.311592701084,27.2400717783482));
#5724=CARTESIAN_POINT('Ctrl Pts',(3.54684116101044,-286.373497747154,27.1134834744147));
#5725=CARTESIAN_POINT('Ctrl Pts',(0.0303415320730806,-275.840100953152,
27.8864623001649));
#5726=CARTESIAN_POINT('Ctrl Pts',(-2.03758273339147,-275.902005999222,28.6717278449435));
#5727=CARTESIAN_POINT('Ctrl Pts',(-5.5202975892725,-276.025816091361,31.9244193697651));
#5728=CARTESIAN_POINT('Ctrl Pts',(-5.81685461387613,-276.21153122957,39.0815377609541));
#5729=CARTESIAN_POINT('Ctrl Pts',(-1.00394780459906,-276.39724636778,44.3819677489716));
#5730=CARTESIAN_POINT('Ctrl Pts',(6.14469797610422,-276.582961505989,44.7836787138856));
#5731=CARTESIAN_POINT('Ctrl Pts',(11.5178524767615,-276.768676644198,40.0502086634515));
#5732=CARTESIAN_POINT('Ctrl Pts',(12.0267815450555,-276.954391782407,32.9109120305453));
#5733=CARTESIAN_POINT('Ctrl Pts',(7.3719665685501,-277.140106920616,27.4614106836777));
#5734=CARTESIAN_POINT('Ctrl Pts',(1.0385944435998,-277.305187043469,26.9273757600606));
#5735=CARTESIAN_POINT('Ctrl Pts',(-3.47445548856066,-277.449632150965,29.7891846489582));
#5736=CARTESIAN_POINT('Ctrl Pts',(-5.62897111265605,-277.573442243104,33.8219968038352));
#5737=CARTESIAN_POINT('Ctrl Pts',(-5.49403954996318,-277.697252335244,38.3957847326715));
#5738=CARTESIAN_POINT('Ctrl Pts',(-2.85447106972912,-277.834819104288,42.7416681007804));
#5739=CARTESIAN_POINT('Ctrl Pts',(2.38904858171925,-277.986142550236,45.0776957484156));
#5740=CARTESIAN_POINT('Ctrl Pts',(6.90832596374577,-278.109952642375,43.808565797428));
#5741=CARTESIAN_POINT('Ctrl Pts',(9.91075262594839,-278.22000605761,41.2442274454048));
#5742=CARTESIAN_POINT('Ctrl Pts',(11.6840207829617,-278.316302795941,38.162248345499));
#5743=CARTESIAN_POINT('Ctrl Pts',(11.6836093543036,-278.44011288808,33.5822447689999));
#5744=CARTESIAN_POINT('Ctrl Pts',(9.42279661523823,-278.56392298022,29.6050137489552));
#5745=CARTESIAN_POINT('Ctrl Pts',(5.4847985894625,-278.687733072359,27.278837920897));
#5746=CARTESIAN_POINT('Ctrl Pts',(0.144294422315124,-278.832178179855,27.1774566023013));
#5747=CARTESIAN_POINT('Ctrl Pts',(-4.9957798151331,-278.997258302708,30.9286167403091));
#5748=CARTESIAN_POINT('Ctrl Pts',(-6.00062267640962,-279.162338425561,37.2089694684251));
#5749=CARTESIAN_POINT('Ctrl Pts',(-3.48470896351771,-279.306783533057,41.9246716550878));
#5750=CARTESIAN_POINT('Ctrl Pts',(0.374752828913702,-279.430593625196,44.3673886088082));
#5751=CARTESIAN_POINT('Ctrl Pts',(5.71536669147032,-279.575038732692,44.6269594523349));
#5752=CARTESIAN_POINT('Ctrl Pts',(10.9567261543318,-279.740118855545,41.0354652791379));
#5753=CARTESIAN_POINT('Ctrl Pts',(12.3143624750725,-279.925833993754,33.9979838355512));
#5754=CARTESIAN_POINT('Ctrl Pts',(8.34539602171958,-280.111549131963,28.0412178336163));
#5755=CARTESIAN_POINT('Ctrl Pts',(1.33647719992438,-280.297264270172,26.5789894922494));
#5756=CARTESIAN_POINT('Ctrl Pts',(-4.68280281867233,-280.482979408382,30.4577461602738));
#5757=CARTESIAN_POINT('Ctrl Pts',(-6.24729529978291,-280.668694546591,37.4454027004147));
#5758=CARTESIAN_POINT('Ctrl Pts',(-2.46123198960737,-280.8544096848,43.519246082966));
#5759=CARTESIAN_POINT('Ctrl Pts',(4.50631253251043,-281.040124823009,45.1946648971549));
#5760=CARTESIAN_POINT('Ctrl Pts',(10.6314727719559,-281.225839961218,41.4911130664429));
#5761=CARTESIAN_POINT('Ctrl Pts',(12.409892468358,-281.411555099428,34.5585647700478));
#5762=CARTESIAN_POINT('Ctrl Pts',(8.80077396429272,-281.597270237636,28.3661750007593));
#5763=CARTESIAN_POINT('Ctrl Pts',(2.66719330209492,-281.762350360489,26.7101348970085));
#5764=CARTESIAN_POINT('Ctrl Pts',(-2.28858704102717,-281.906795467985,28.7210748229444));
#5765=CARTESIAN_POINT('Ctrl Pts',(-4.80390897449286,-282.01684888322,31.9059010718024));
#5766=CARTESIAN_POINT('Ctrl Pts',(-5.86571610145014,-282.14065897536,36.2750469726956));
#5767=CARTESIAN_POINT('Ctrl Pts',(-4.42933335578884,-282.278225744404,41.2826998474798));
#5768=CARTESIAN_POINT('Ctrl Pts',(0.756710487176642,-282.443305867256,44.8141219021572));
#5769=CARTESIAN_POINT('Ctrl Pts',(6.98969403376907,-282.608385990109,44.2203963600143));
#5770=CARTESIAN_POINT('Ctrl Pts',(11.0490239525783,-282.759709436057,40.1663414702258));
#5771=CARTESIAN_POINT('Ctrl Pts',(11.9506585711616,-282.897276205101,35.1567365106303));
#5772=CARTESIAN_POINT('Ctrl Pts',(10.4369931184289,-283.02108629724,30.843313119234));
#5773=CARTESIAN_POINT('Ctrl Pts',(6.97714789538415,-283.14489638938,27.845207255976));
#5774=CARTESIAN_POINT('Ctrl Pts',(2.48956783177558,-283.268706481519,26.9572751931513));
#5775=CARTESIAN_POINT('Ctrl Pts',(-1.84962842057379,-283.392516573659,28.4100230419197));
#5776=CARTESIAN_POINT('Ctrl Pts',(-4.89732453986521,-283.516326665798,31.8228226130803));
#5777=CARTESIAN_POINT('Ctrl Pts',(-5.85318008226849,-283.640136757938,36.297343348025));
#5778=CARTESIAN_POINT('Ctrl Pts',(-4.46465879890711,-283.763946850077,40.6574556529855));
#5779=CARTESIAN_POINT('Ctrl Pts',(-1.09848444305051,-283.887756942217,43.7552624596707));
#5780=CARTESIAN_POINT('Ctrl Pts',(3.36235740379928,-284.011567034356,44.7800182206397));
#5781=CARTESIAN_POINT('Ctrl Pts',(7.73938547551003,-284.135377126496,43.4546178287695));
#5782=CARTESIAN_POINT('Ctrl Pts',(11.2487473194222,-284.272943895539,39.7700670678374));
#5783=CARTESIAN_POINT('Ctrl Pts',(12.1320875647276,-284.424267341488,34.0997614157811));
#5784=CARTESIAN_POINT('Ctrl Pts',(8.91912322343359,-284.58934746434,28.7185418659896));
#5785=CARTESIAN_POINT('Ctrl Pts',(4.43713475415509,-284.714877141093,27.1278418807758));
#5786=CARTESIAN_POINT('Ctrl Pts',(1.36501605493137,-284.800856371745,27.4459191642543));
#5787=CARTESIAN_POINT('Ctrl Pts',(-0.758933543392814,-284.862761417815,
28.0932316372693));
#5788=CARTESIAN_POINT('Ctrl Pts',(-4.05562958083209,-284.971095248437,30.2699956030761));
#5789=CARTESIAN_POINT('Ctrl Pts',(-6.38206915992656,-285.125857863611,35.754369897021));
#5790=CARTESIAN_POINT('Ctrl Pts',(-3.7378837242642,-285.31157300182,42.4146829958957));
#5791=CARTESIAN_POINT('Ctrl Pts',(2.81463131199794,-285.49728814003,45.2977810096822));
#5792=CARTESIAN_POINT('Ctrl Pts',(9.50738703452218,-285.683003278239,42.7555112312105));
#5793=CARTESIAN_POINT('Ctrl Pts',(12.4924047961559,-285.868718416448,36.2470261908724));
#5794=CARTESIAN_POINT('Ctrl Pts',(10.0458283435585,-286.054433554657,29.5150184202187));
#5795=CARTESIAN_POINT('Ctrl Pts',(5.74265886853805,-286.178243646797,27.4673791177472));
#5796=CARTESIAN_POINT('Ctrl Pts',(3.53409508017348,-286.240148692866,27.344095963025));
#5797=CARTESIAN_POINT('Ctrl Pts',(0.112457240771664,-275.706751753496,28.1023362326066));
#5798=CARTESIAN_POINT('Ctrl Pts',(-1.89948934884546,-275.768656799566,28.8663085786104));
#5799=CARTESIAN_POINT('Ctrl Pts',(-5.28795859151066,-275.892466891705,32.0308786856089));
#5800=CARTESIAN_POINT('Ctrl Pts',(-5.57659649509367,-276.078182029915,38.9942110202668));
#5801=CARTESIAN_POINT('Ctrl Pts',(-0.894082483280851,-276.263897168124,
44.1512041583944));
#5802=CARTESIAN_POINT('Ctrl Pts',(6.06100501983169,-276.449612306333,44.5421487918965));
#5803=CARTESIAN_POINT('Ctrl Pts',(11.2887524050888,-276.635327444542,39.9369218813099));
#5804=CARTESIAN_POINT('Ctrl Pts',(11.7840120302439,-276.821042582751,32.9909320463607));
#5805=CARTESIAN_POINT('Ctrl Pts',(7.25531175611616,-277.00675772096,27.6889061442638));
#5806=CARTESIAN_POINT('Ctrl Pts',(1.09342612755177,-277.171837843813,27.1692328299488));
#5807=CARTESIAN_POINT('Ctrl Pts',(-3.29747548646314,-277.316282951309,29.9534877115165));
#5808=CARTESIAN_POINT('Ctrl Pts',(-5.39371897574935,-277.440093043448,33.8770768716184));
#5809=CARTESIAN_POINT('Ctrl Pts',(-5.26251119721039,-277.563903135588,38.327029968843));
#5810=CARTESIAN_POINT('Ctrl Pts',(-2.69447691199196,-277.701469904632,42.5552876881897));
#5811=CARTESIAN_POINT('Ctrl Pts',(2.40703661879928,-277.85279335058,44.8281473517669));
#5812=CARTESIAN_POINT('Ctrl Pts',(6.80397253495852,-277.976603442719,43.5934491638036));
#5813=CARTESIAN_POINT('Ctrl Pts',(9.72514695046221,-278.086656857954,41.0985874271248));
#5814=CARTESIAN_POINT('Ctrl Pts',(11.4504507325529,-278.182953596285,38.1000813103931));
#5815=CARTESIAN_POINT('Ctrl Pts',(11.4501210040067,-278.306763688425,33.6440829287384));
#5816=CARTESIAN_POINT('Ctrl Pts',(9.25058183609233,-278.430573780564,29.7745020011738));
#5817=CARTESIAN_POINT('Ctrl Pts',(5.41924232388511,-278.554383872703,27.5112475288576));
#5818=CARTESIAN_POINT('Ctrl Pts',(0.223335739808856,-278.698828980199,27.4125288678501));
#5819=CARTESIAN_POINT('Ctrl Pts',(-4.77762697835917,-278.863909103052,31.0620458419905));
#5820=CARTESIAN_POINT('Ctrl Pts',(-5.75536012358843,-279.028989225905,37.1723403390393));
#5821=CARTESIAN_POINT('Ctrl Pts',(-3.30763830711549,-279.173434333401,41.7604019978595));
#5822=CARTESIAN_POINT('Ctrl Pts',(0.44728957221769,-279.29724442554,44.137040994182));
#5823=CARTESIAN_POINT('Ctrl Pts',(5.64330044459357,-279.441689533036,44.3896661449562));
#5824=CARTESIAN_POINT('Ctrl Pts',(10.742803595309,-279.606769655889,40.895493684131));
#5825=CARTESIAN_POINT('Ctrl Pts',(12.0637898581575,-279.792484794098,34.0485754319799));
#5826=CARTESIAN_POINT('Ctrl Pts',(8.20237633320296,-279.978199932307,28.2530298093995));
#5827=CARTESIAN_POINT('Ctrl Pts',(1.38324897119613,-280.163915070517,26.8302838315686));
#5828=CARTESIAN_POINT('Ctrl Pts',(-4.47311668933367,-280.349630208726,30.6039290696328));
#5829=CARTESIAN_POINT('Ctrl Pts',(-5.99535764194685,-280.535345346935,37.402368258186));
#5830=CARTESIAN_POINT('Ctrl Pts',(-2.31189689718662,-280.721060485144,43.3118185324616));
#5831=CARTESIAN_POINT('Ctrl Pts',(4.46697310426311,-280.906775623353,44.9419821388751));
#5832=CARTESIAN_POINT('Ctrl Pts',(10.426349542448,-281.092490761562,41.3387996370744));
#5833=CARTESIAN_POINT('Ctrl Pts',(12.1567247069696,-281.278205899772,34.5939799130655));
#5834=CARTESIAN_POINT('Ctrl Pts',(8.64541975208848,-281.463921037981,28.5691956630508));
#5835=CARTESIAN_POINT('Ctrl Pts',(2.67793344831888,-281.629001160833,26.9578989299486));
#5836=CARTESIAN_POINT('Ctrl Pts',(-2.14369838703573,-281.773446268329,28.9143156029707));
#5837=CARTESIAN_POINT('Ctrl Pts',(-4.59096616407835,-281.883499683565,32.0128728138897));
#5838=CARTESIAN_POINT('Ctrl Pts',(-5.62409180338592,-282.007309775704,36.2637062005112));
#5839=CARTESIAN_POINT('Ctrl Pts',(-4.22667677274881,-282.144876544748,41.1357972487688));
#5840=CARTESIAN_POINT('Ctrl Pts',(0.818898710579297,-282.3099566676,44.5716847115136));
#5841=CARTESIAN_POINT('Ctrl Pts',(6.88313119132577,-282.475036790453,43.9941305232735));
#5842=CARTESIAN_POINT('Ctrl Pts',(10.8326157882764,-282.626360236401,40.0499031288174));
#5843=CARTESIAN_POINT('Ctrl Pts',(11.7099155128294,-282.763927005445,35.1759488691348));
#5844=CARTESIAN_POINT('Ctrl Pts',(10.2372995360922,-282.887737097584,30.9792896072124));
#5845=CARTESIAN_POINT('Ctrl Pts',(6.87117702397471,-283.011547189724,28.0623052072633));
#5846=CARTESIAN_POINT('Ctrl Pts',(2.50511344230135,-283.135357281864,27.1983450793876));
#5847=CARTESIAN_POINT('Ctrl Pts',(-1.71661993284438,-283.259167374003,28.6116924205755));
#5848=CARTESIAN_POINT('Ctrl Pts',(-4.68185119046822,-283.382977466143,31.9320422943098));
#5849=CARTESIAN_POINT('Ctrl Pts',(-5.61189554472209,-283.506787558282,36.2853990867731));
#5850=CARTESIAN_POINT('Ctrl Pts',(-4.26103613442469,-283.630597650421,40.5274812155831));
#5851=CARTESIAN_POINT('Ctrl Pts',(-0.986049853931353,-283.754407742561,
43.5414656778391));
#5852=CARTESIAN_POINT('Ctrl Pts',(3.35399734957389,-283.8782178347,44.5385445424726));
#5853=CARTESIAN_POINT('Ctrl Pts',(7.61253627240885,-284.00202792684,43.2490972639485));
#5854=CARTESIAN_POINT('Ctrl Pts',(11.0269376800513,-284.139594695883,39.6643610716316));
#5855=CARTESIAN_POINT('Ctrl Pts',(11.8864485368433,-284.290918141831,34.1475945404263));
#5856=CARTESIAN_POINT('Ctrl Pts',(8.7605592349587,-284.455998264684,28.9120238952084));
#5857=CARTESIAN_POINT('Ctrl Pts',(4.39994668021884,-284.581527941437,27.3643236189979));
#5858=CARTESIAN_POINT('Ctrl Pts',(1.41100177055434,-284.667507172089,27.6737415187158));
#5859=CARTESIAN_POINT('Ctrl Pts',(-0.655451121033214,-284.729412218159,
28.3034950576305));
#5860=CARTESIAN_POINT('Ctrl Pts',(-3.86292149416848,-284.837746048781,30.4212715868472));
#5861=CARTESIAN_POINT('Ctrl Pts',(-6.12645640014386,-284.992508663955,35.7571186839872));
#5862=CARTESIAN_POINT('Ctrl Pts',(-3.55396582178479,-285.178223802165,42.2371422094802));
#5863=CARTESIAN_POINT('Ctrl Pts',(2.8210931568233,-285.363938940374,45.0422802841751));
#5864=CARTESIAN_POINT('Ctrl Pts',(9.33267934045578,-285.549654078583,42.5689464606489));
#5865=CARTESIAN_POINT('Ctrl Pts',(12.2369769717421,-285.735369216792,36.2367269206699));
#5866=CARTESIAN_POINT('Ctrl Pts',(9.85674614856074,-285.921084355001,29.6869529260274));
#5867=CARTESIAN_POINT('Ctrl Pts',(5.67011804077899,-286.044894447141,27.6946878795643));
#5868=CARTESIAN_POINT('Ctrl Pts',(3.52135378998796,-286.10679949321,27.5747086336381));
#5869=CARTESIAN_POINT('Ctrl Pts',(0.194578641269807,-275.573402351647,28.3182078769454));
#5870=CARTESIAN_POINT('Ctrl Pts',(-1.76139086496506,-275.635307397717,29.0608855503077));
#5871=CARTESIAN_POINT('Ctrl Pts',(-5.05561688339249,-275.759117489856,32.1373317791336));
#5872=CARTESIAN_POINT('Ctrl Pts',(-5.33634081405273,-275.944832628065,38.9068779445016));
#5873=CARTESIAN_POINT('Ctrl Pts',(-0.784223343583302,-276.130547766274,
43.9204377655673));
#5874=CARTESIAN_POINT('Ctrl Pts',(5.97730569262772,-276.316262904484,44.300621212214));
#5875=CARTESIAN_POINT('Ctrl Pts',(11.0596494396266,-276.501978042693,39.8236412381894));
#5876=CARTESIAN_POINT('Ctrl Pts',(11.5412447607715,-276.687693180902,33.0709584678202));
#5877=CARTESIAN_POINT('Ctrl Pts',(7.13866304179583,-276.873408319111,27.9164045889992));
#5878=CARTESIAN_POINT('Ctrl Pts',(1.14826420530273,-277.038488441964,27.4110883229382));
#5879=CARTESIAN_POINT('Ctrl Pts',(-3.12049121020048,-277.18293354946,30.1177859934244));
#5880=CARTESIAN_POINT('Ctrl Pts',(-5.15846549346057,-277.306743641599,33.9321506659421));
#5881=CARTESIAN_POINT('Ctrl Pts',(-5.03098478523362,-277.430553733739,38.2582690920925));
#5882=CARTESIAN_POINT('Ctrl Pts',(-2.53448778158859,-277.568120502783,42.3689031203573));
#5883=CARTESIAN_POINT('Ctrl Pts',(2.42501802059544,-277.719443948731,44.5785986023137));
#5884=CARTESIAN_POINT('Ctrl Pts',(6.69961344755722,-277.84325404087,43.3783354086821));
#5885=CARTESIAN_POINT('Ctrl Pts',(9.53953749957292,-277.953307456105,40.9529524090785));
#5886=CARTESIAN_POINT('Ctrl Pts',(11.2168791477238,-278.049604194436,38.0379205070963));
#5887=CARTESIAN_POINT('Ctrl Pts',(11.2166344123807,-278.173414286575,33.7059272570138));
#5888=CARTESIAN_POINT('Ctrl Pts',(9.07837164180574,-278.297224378715,29.9439947418313));
#5889=CARTESIAN_POINT('Ctrl Pts',(5.35369226171232,-278.421034470854,27.7436587616652));
#5890=CARTESIAN_POINT('Ctrl Pts',(0.302383259016031,-278.56547957835,27.6475989187609));
#5891=CARTESIAN_POINT('Ctrl Pts',(-4.5594707071651,-278.730559701203,31.195469084975));
#5892=CARTESIAN_POINT('Ctrl Pts',(-5.51009866675709,-278.895639824056,37.1357047166597));
#5893=CARTESIAN_POINT('Ctrl Pts',(-3.13057210044135,-279.040084931552,41.5961277211338));
#5894=CARTESIAN_POINT('Ctrl Pts',(0.519820163589793,-279.163895023691,43.9066915676826));
#5895=CARTESIAN_POINT('Ctrl Pts',(5.57122793331797,-279.308340131187,44.152374868092));
#5896=CARTESIAN_POINT('Ctrl Pts',(10.5288774264896,-279.47342025404,40.7555278386096));
#5897=CARTESIAN_POINT('Ctrl Pts',(11.8132187091457,-279.659135392249,34.0991736558477));
#5898=CARTESIAN_POINT('Ctrl Pts',(8.05936233948327,-279.844850530458,28.464845477002));
#5899=CARTESIAN_POINT('Ctrl Pts',(1.43002739111123,-280.030565668667,27.0815768040428));
#5900=CARTESIAN_POINT('Ctrl Pts',(-4.26342678322615,-280.216280806877,30.7501063390011));
#5901=CARTESIAN_POINT('Ctrl Pts',(-5.74342125193209,-280.401995945086,37.3593271485351));
#5902=CARTESIAN_POINT('Ctrl Pts',(-2.16256738655439,-280.587711083295,43.1043871200537));
#5903=CARTESIAN_POINT('Ctrl Pts',(4.42762698745894,-280.773426221504,44.6893005515942));
#5904=CARTESIAN_POINT('Ctrl Pts',(10.2212223703022,-280.959141359713,41.1864917294065));
#5905=CARTESIAN_POINT('Ctrl Pts',(11.9035580118425,-281.144856497922,34.6294017598843));
#5906=CARTESIAN_POINT('Ctrl Pts',(8.49007100747357,-281.330571636132,28.7722203492096));
#5907=CARTESIAN_POINT('Ctrl Pts',(2.68868016700491,-281.495651758984,27.2056625535527));
#5908=CARTESIAN_POINT('Ctrl Pts',(-1.99880467434446,-281.64009686648,29.1075524399898));
#5909=CARTESIAN_POINT('Ctrl Pts',(-4.37802062071903,-281.750150281715,32.1198388485017));
#5910=CARTESIAN_POINT('Ctrl Pts',(-5.38246792556312,-281.873960373855,36.2523590185143));
#5911=CARTESIAN_POINT('Ctrl Pts',(-4.02402419038182,-282.011527142899,40.9888893420839));
#5912=CARTESIAN_POINT('Ctrl Pts',(0.881080466515785,-282.176607265751,44.3292459914083));
#5913=CARTESIAN_POINT('Ctrl Pts',(6.77656239413644,-282.341687388604,43.7678676285556));
#5914=CARTESIAN_POINT('Ctrl Pts',(10.6162046400207,-282.493010834552,39.9334705905435));
#5915=CARTESIAN_POINT('Ctrl Pts',(11.4691730845001,-282.630577603596,35.1951676099875));
#5916=CARTESIAN_POINT('Ctrl Pts',(10.0376096632778,-282.754387695735,31.1152713293272));
#5917=CARTESIAN_POINT('Ctrl Pts',(6.76521196929731,-282.878197787875,28.2794058640873));
#5918=CARTESIAN_POINT('Ctrl Pts',(2.52066544551783,-283.002007880014,27.4394144329036));
#5919=CARTESIAN_POINT('Ctrl Pts',(-1.58360615696572,-283.125817972154,28.8133581674908));
#5920=CARTESIAN_POINT('Ctrl Pts',(-4.46637504849571,-283.249628064293,32.0412562003504));
#5921=CARTESIAN_POINT('Ctrl Pts',(-5.37061144443392,-283.373438156433,36.2734484253603));
#5922=CARTESIAN_POINT('Ctrl Pts',(-4.05741702210896,-283.497248248572,40.3975014367557));
#5923=CARTESIAN_POINT('Ctrl Pts',(-0.873620997612808,-283.621058340712,
43.3276660176651));
#5924=CARTESIAN_POINT('Ctrl Pts',(3.34563088855554,-283.744868432851,44.2970712056203));
#5925=CARTESIAN_POINT('Ctrl Pts',(7.48568167561948,-283.868678524991,43.0435801693203));
#5926=CARTESIAN_POINT('Ctrl Pts',(10.8051253448823,-284.006245294034,39.5586610171598));
#5927=CARTESIAN_POINT('Ctrl Pts',(11.640810901288,-284.157568739983,34.1954341626037));
#5928=CARTESIAN_POINT('Ctrl Pts',(8.6020004621137,-284.322648862835,29.1055100391903));
#5929=CARTESIAN_POINT('Ctrl Pts',(4.36276490347497,-284.448178539588,27.6008062252461));
#5930=CARTESIAN_POINT('Ctrl Pts',(1.45699351241323,-284.53415777024,27.9015625385741));
#5931=CARTESIAN_POINT('Ctrl Pts',(-0.551963166980886,-284.59606281631,28.5137556264833));
#5932=CARTESIAN_POINT('Ctrl Pts',(-3.67020948601327,-284.704396646932,30.5725423797249));
#5933=CARTESIAN_POINT('Ctrl Pts',(-5.87084369477637,-284.859159262106,35.7598606828944));
#5934=CARTESIAN_POINT('Ctrl Pts',(-3.37005272443304,-285.044874400316,42.0595966285221));
#5935=CARTESIAN_POINT('Ctrl Pts',(2.82754821483938,-285.230589538525,44.786779514115));
#5936=CARTESIAN_POINT('Ctrl Pts',(9.15796677996319,-285.416304676734,42.382386421664));
#5937=CARTESIAN_POINT('Ctrl Pts',(11.9815490011852,-285.602019814943,36.2264344367653));
#5938=CARTESIAN_POINT('Ctrl Pts',(9.66766861231157,-285.787734953152,29.8588923672929));
#5939=CARTESIAN_POINT('Ctrl Pts',(5.5975832855234,-285.911545045292,27.921998452366));
#5940=CARTESIAN_POINT('Ctrl Pts',(3.50861863022018,-285.973450091361,27.8053215278028));
#5941=CARTESIAN_POINT('Ctrl Pts',(3.5086186302475,-285.973450091409,27.805321527721));
#5942=CARTESIAN_POINT('Ctrl Pts',(3.71701458924624,-285.97345009141,27.8062784211646));
#5943=CARTESIAN_POINT('Ctrl Pts',(3.92509265392542,-285.973450091418,27.8157027208111));
#5944=CARTESIAN_POINT('Ctrl Pts',(4.13243869156049,-285.973450091433,27.8333037088891));
#5945=CARTESIAN_POINT('Ctrl Pts',(4.34230459109244,-285.973450091448,27.8511186005443));
#5946=CARTESIAN_POINT('Ctrl Pts',(4.55142115942404,-285.97345009147,27.877310236315));
#5947=CARTESIAN_POINT('Ctrl Pts',(4.75936336867065,-285.973450091496,27.9116311730206));
#5948=CARTESIAN_POINT('Ctrl Pts',(4.96932575054818,-285.973450091522,27.9462855399482));
#5949=CARTESIAN_POINT('Ctrl Pts',(5.17809149778427,-285.973450091551,27.9892280608381));
#5950=CARTESIAN_POINT('Ctrl Pts',(5.38521803337595,-285.973450091578,28.0402568902205));
#5951=CARTESIAN_POINT('Ctrl Pts',(5.54397974840178,-285.973450091599,28.0793702971307));
#5952=CARTESIAN_POINT('Ctrl Pts',(5.70177838204701,-285.973450091617,28.1232356424778));
#5953=CARTESIAN_POINT('Ctrl Pts',(5.85840896012777,-285.973450091631,28.1717819642245));
#5954=CARTESIAN_POINT('Ctrl Pts',(6.06244411767999,-285.973450091648,28.235020934083));
#5955=CARTESIAN_POINT('Ctrl Pts',(6.26371421951002,-285.97345009166,28.3059587110544));
#5956=CARTESIAN_POINT('Ctrl Pts',(6.46179660690168,-285.973450091672,28.3842979240997));
#5957=CARTESIAN_POINT('Ctrl Pts',(6.66319345710477,-285.973450091684,28.4639479675107));
#5958=CARTESIAN_POINT('Ctrl Pts',(6.86129567779954,-285.973450091696,28.5512493138804));
#5959=CARTESIAN_POINT('Ctrl Pts',(7.05565626578658,-285.97345009171,28.6459432424762));
#5960=CARTESIAN_POINT('Ctrl Pts',(7.25020316785079,-285.973450091723,28.7407279446805));
#5961=CARTESIAN_POINT('Ctrl Pts',(7.44100193289014,-285.973450091739,28.8429196473706));
#5962=CARTESIAN_POINT('Ctrl Pts',(7.62759149096359,-285.973450091756,28.9523095890897));
#5963=CARTESIAN_POINT('Ctrl Pts',(7.81188553026841,-285.973450091773,29.0603537606226));
#5964=CARTESIAN_POINT('Ctrl Pts',(7.99207390096618,-285.973450091792,29.175420470163));
#5965=CARTESIAN_POINT('Ctrl Pts',(8.16769041980022,-285.973450091808,29.2973536734025));
#5966=CARTESIAN_POINT('Ctrl Pts',(8.34200533919591,-285.973450091825,29.41838315648));
#5967=CARTESIAN_POINT('Ctrl Pts',(8.51181652812331,-285.973450091839,29.5461779905554));
#5968=CARTESIAN_POINT('Ctrl Pts',(8.67663736240201,-285.973450091847,29.6806260093553));
#5969=CARTESIAN_POINT('Ctrl Pts',(8.84691755929194,-285.973450091855,29.8195273516091));
#5970=CARTESIAN_POINT('Ctrl Pts',(9.01120974829497,-285.973450091855,29.9649910578988));
#5971=CARTESIAN_POINT('Ctrl Pts',(9.16906522786244,-285.973450091854,30.1167680107536));
#5972=CARTESIAN_POINT('Ctrl Pts',(9.2043495722327,-285.973450091853,30.1506936640579));
#5973=CARTESIAN_POINT('Ctrl Pts',(9.23931224974143,-285.973450091853,30.1849349365104));
#5974=CARTESIAN_POINT('Ctrl Pts',(9.27394811113217,-285.973450091852,30.2194893742653));
#5975=CARTESIAN_POINT('Ctrl Pts',(9.42542101649536,-285.97345009185,30.3706061898942));
#5976=CARTESIAN_POINT('Ctrl Pts',(9.57064579678554,-285.973450091846,30.5277089518353));
#5977=CARTESIAN_POINT('Ctrl Pts',(9.70952490258478,-285.973450091843,30.6902852177973));
#5978=CARTESIAN_POINT('Ctrl Pts',(9.8501334603284,-285.973450091841,30.8548860348079));
#5979=CARTESIAN_POINT('Ctrl Pts',(9.98423766619634,-285.973450091838,31.0250980246072));
#5980=CARTESIAN_POINT('Ctrl Pts',(10.1117016099737,-285.973450091837,31.2004310971803));
#5981=CARTESIAN_POINT('Ctrl Pts',(10.2404590717337,-285.973450091835,31.3775434688682));
#5982=CARTESIAN_POINT('Ctrl Pts',(10.362441190542,-285.973450091833,31.5598819460761));
#5983=CARTESIAN_POINT('Ctrl Pts',(10.4774672212824,-285.973450091829,31.7469756614152));
#5984=CARTESIAN_POINT('Ctrl Pts',(10.568305414859,-285.973450091825,31.894727044485));
#5985=CARTESIAN_POINT('Ctrl Pts',(10.6548046654788,-285.97345009182,32.0454448410991));
#5986=CARTESIAN_POINT('Ctrl Pts',(10.736855979397,-285.973450091811,32.198908473855));
#5987=CARTESIAN_POINT('Ctrl Pts',(10.8404796604888,-285.973450091799,32.3927197095379));
#5988=CARTESIAN_POINT('Ctrl Pts',(10.9366167045185,-285.973450091781,32.5901734221804));
#5989=CARTESIAN_POINT('Ctrl Pts',(11.0251684926917,-285.973450091762,32.7907458852904));
#5990=CARTESIAN_POINT('Ctrl Pts',(11.115665867737,-285.973450091743,32.9957251611726));
#5991=CARTESIAN_POINT('Ctrl Pts',(11.198241447125,-285.973450091722,33.2039622541718));
#5992=CARTESIAN_POINT('Ctrl Pts',(11.2727496459514,-285.973450091703,33.4149353561627));
#5993=CARTESIAN_POINT('Ctrl Pts',(11.3469982033909,-285.973450091685,33.6251732726351));
#5994=CARTESIAN_POINT('Ctrl Pts',(11.4132357885694,-285.973450091668,33.8381288362382));
#5995=CARTESIAN_POINT('Ctrl Pts',(11.4712735732684,-285.973450091653,34.0533130060021));
#5996=CARTESIAN_POINT('Ctrl Pts',(11.5296157883448,-285.973450091639,34.269625899034));
#5997=CARTESIAN_POINT('Ctrl Pts',(11.5796723233898,-285.973450091626,34.4881914915461));
#5998=CARTESIAN_POINT('Ctrl Pts',(11.6212010800738,-285.973450091614,34.7085307706322));
#5999=CARTESIAN_POINT('Ctrl Pts',(11.6627298367578,-285.973450091603,34.9288700497182));
#6000=CARTESIAN_POINT('Ctrl Pts',(11.6957311595205,-285.973450091591,35.1509836967829));
#6001=CARTESIAN_POINT('Ctrl Pts',(11.7199075106911,-285.973450091577,35.374400374849));
#6002=CARTESIAN_POINT('Ctrl Pts',(11.7442526582837,-285.973450091562,35.5993769217143));
#6003=CARTESIAN_POINT('Ctrl Pts',(11.7595546983672,-285.973450091546,35.8248097306521));
#6004=CARTESIAN_POINT('Ctrl Pts',(11.7656616955982,-285.973450091533,36.0501905271264));
#6005=CARTESIAN_POINT('Ctrl Pts',(11.7671692473736,-285.97345009153,36.1058272348242));
#6006=CARTESIAN_POINT('Ctrl Pts',(11.7681162449539,-285.973450091527,36.161460877456));
#6007=CARTESIAN_POINT('Ctrl Pts',(11.7684999505814,-285.973450091525,36.2170839950056));
#6008=CARTESIAN_POINT('Ctrl Pts',(11.7700144178852,-285.973450091514,36.4366257135226));
#6009=CARTESIAN_POINT('Ctrl Pts',(11.762757856227,-285.973450091506,36.6560027305816));
#6010=CARTESIAN_POINT('Ctrl Pts',(11.7470219822081,-285.973450091504,36.8747855813187));
#6011=CARTESIAN_POINT('Ctrl Pts',(11.7377271601995,-285.973450091503,37.004015623049));
#6012=CARTESIAN_POINT('Ctrl Pts',(11.7254728999463,-285.973450091503,37.1330385682422));
#6013=CARTESIAN_POINT('Ctrl Pts',(11.7103108820831,-285.973450091506,37.2617668468682));
#6014=CARTESIAN_POINT('Ctrl Pts',(-5.00891271879642,-277.361770399615,35.8603289491788));
#6015=CARTESIAN_POINT('Ctrl Pts',(-5.00842631481983,-277.384698177705,36.6353770532298));
#6016=CARTESIAN_POINT('Ctrl Pts',(-4.89760204526671,-277.407625955794,37.4107256449935));
#6017=CARTESIAN_POINT('Ctrl Pts',(-4.67775701963115,-277.430553733883,38.1538444587117));
#6018=CARTESIAN_POINT('Ctrl Pts',(-4.28203568436761,-277.471823764596,39.4914593006847));
#6019=CARTESIAN_POINT('Ctrl Pts',(-3.53308658325086,-277.51309379531,40.7246495092023));
#6020=CARTESIAN_POINT('Ctrl Pts',(-2.52543317194986,-277.554363826023,41.6876057236568));
#6021=CARTESIAN_POINT('Ctrl Pts',(-1.18189529021518,-277.60939053364,42.9715473429296));
#6022=CARTESIAN_POINT('Ctrl Pts',(0.621561365180391,-277.664417241258,43.7750729727567));
#6023=CARTESIAN_POINT('Ctrl Pts',(2.47319978778802,-277.719443948875,43.9101106335217));
#6024=CARTESIAN_POINT('Ctrl Pts',(4.32483821039564,-277.774470656493,44.0451482942867));
#6025=CARTESIAN_POINT('Ctrl Pts',(6.22465840021532,-277.82949736411,43.5116979859894));
#6026=CARTESIAN_POINT('Ctrl Pts',(7.74059205902073,-277.884524071728,42.4348547244584));
#6027=CARTESIAN_POINT('Ctrl Pts',(8.11957547372208,-277.898280748632,42.1656439090756));
#6028=CARTESIAN_POINT('Ctrl Pts',(8.47456598023505,-277.912037425537,41.8624710341158));
#6029=CARTESIAN_POINT('Ctrl Pts',(8.80071391898415,-277.925794102441,41.530983095679));
#6030=CARTESIAN_POINT('Ctrl Pts',(9.77915773523146,-277.967064133154,40.5365192803687));
#6031=CARTESIAN_POINT('Ctrl Pts',(10.4980184416041,-278.008334163867,39.2872198937662));
#6032=CARTESIAN_POINT('Ctrl Pts',(10.8574080055665,-278.04960419458,37.9405713254288));
#6033=CARTESIAN_POINT('Ctrl Pts',(11.216797569529,-278.090874225294,36.5939227570914));
#6034=CARTESIAN_POINT('Ctrl Pts',(11.2167159910813,-278.132144256007,35.1499250070191));
#6035=CARTESIAN_POINT('Ctrl Pts',(10.8602980734172,-278.17341428672,33.8009373794331));
#6036=CARTESIAN_POINT('Ctrl Pts',(10.5038801557531,-278.214684317433,32.4519497518471));
#6037=CARTESIAN_POINT('Ctrl Pts',(9.79112589887269,-278.255954348146,31.1979722467474));
#6038=CARTESIAN_POINT('Ctrl Pts',(8.81396887373098,-278.297224378859,30.2042608308252));
#6039=CARTESIAN_POINT('Ctrl Pts',(7.83681184858927,-278.338494409573,29.2105494149029));
#6040=CARTESIAN_POINT('Ctrl Pts',(6.59525205518629,-278.379764440286,28.4771040881582));
#6041=CARTESIAN_POINT('Ctrl Pts',(5.25285658664867,-278.421034470999,28.0966585900848));
#6042=CARTESIAN_POINT('Ctrl Pts',(3.91046111811105,-278.462304501712,27.7162130920114));
#6043=CARTESIAN_POINT('Ctrl Pts',(2.4672299744388,-278.503574532425,27.6887674226094));
#6044=CARTESIAN_POINT('Ctrl Pts',(1.11510589160227,-278.544844563138,28.0270870376006));
#6045=CARTESIAN_POINT('Ctrl Pts',(-0.913080232652528,-278.606749609208,
28.5345664600874));
#6046=CARTESIAN_POINT('Ctrl Pts',(-2.73627547002693,-278.668654655278,29.8650177724589));
#6047=CARTESIAN_POINT('Ctrl Pts',(-3.82611583114315,-278.730559701348,31.6440376096201));
#6048=CARTESIAN_POINT('Ctrl Pts',(-4.59610537598243,-278.774296600757,32.9009434130286));
#6049=CARTESIAN_POINT('Ctrl Pts',(-5.0000300404008,-278.818033500167,34.3817587978741));
#6050=CARTESIAN_POINT('Ctrl Pts',(-5.00529814341144,-278.861770399576,35.8614268163096));
#6051=CARTESIAN_POINT('Origin',(3.05866235521618,-273.496262676504,35.8612653953175));
#6052=CARTESIAN_POINT('Origin',(3.05866235521385,-285.973450091506,35.861265395317));
#6053=CARTESIAN_POINT('Origin',(3.0586623552132,-126.784481355884,35.8612653953169));
#6054=CARTESIAN_POINT('',(14.4676360828766,-126.784481355884,32.1416796009728));
#6055=CARTESIAN_POINT('',(7.23366250538451,-126.784481355884,32.1416796009728));
#6056=CARTESIAN_POINT('',(14.4955760282806,-126.784481355884,39.4940337109137));
#6057=CARTESIAN_POINT('',(8.88366290902531,-126.784481355884,39.4940333768608));
#6058=CARTESIAN_POINT('Origin',(3.0586623552132,-126.784481355884,35.861265395317));
#6059=CARTESIAN_POINT('Origin',(3.0586623552132,-126.534481355884,35.861265395317));
#6060=CARTESIAN_POINT('',(15.0191386974271,-126.284481355884,39.4940337153934));
#6061=CARTESIAN_POINT('Ctrl Pts',(15.01913869354,-126.284481351847,39.4940337420791));
#6062=CARTESIAN_POINT('Ctrl Pts',(14.7520148846919,-126.540075595996,39.4940337261784));
#6063=CARTESIAN_POINT('Ctrl Pts',(14.4955760282806,-126.784481355884,39.4940337109137));
#6064=CARTESIAN_POINT('',(14.9924246085231,-126.284481355883,32.1416796009728));
#6065=CARTESIAN_POINT('Origin',(3.0586623552132,-126.284481355884,35.861265395317));
#6066=CARTESIAN_POINT('Ctrl Pts',(14.4676360828766,-126.784481355884,32.1416796009728));
#6067=CARTESIAN_POINT('Ctrl Pts',(14.7246753607443,-126.540101825203,32.1416796009728));
#6068=CARTESIAN_POINT('Ctrl Pts',(14.9924246085232,-126.284481355883,32.1416796009728));
#6069=CARTESIAN_POINT('Origin',(9.40866265555586,-122.284481439951,39.4940335271631));
#6070=CARTESIAN_POINT('',(9.40866265555593,-144.784481439951,32.1416796009727));
#6071=CARTESIAN_POINT('',(9.40866265555593,-144.784481439951,39.4940335271631));
#6072=CARTESIAN_POINT('',(9.40866265555593,-144.784481439951,37.67764946124));
#6073=CARTESIAN_POINT('',(9.40866265555586,-122.284481439951,32.1416796009727));
#6074=CARTESIAN_POINT('',(9.40866265555586,-122.284481439951,32.1416796009727));
#6075=CARTESIAN_POINT('',(9.40866265555586,-122.284481439951,39.4940335271631));
#6076=CARTESIAN_POINT('',(9.40866265555586,-122.284481355884,37.6776494612402));
#6077=CARTESIAN_POINT('',(9.40866265555586,-122.284481439951,39.4940335271631));
#6078=CARTESIAN_POINT('Origin',(14.7086636790804,-122.284481439951,39.4940337235979));
#6079=CARTESIAN_POINT('',(5.60866288440671,-140.984481668802,39.4940331819142));
#6080=CARTESIAN_POINT('',(15.0191386974271,-122.284481439951,39.4940337153934));
#6081=CARTESIAN_POINT('',(8.88366290902577,-122.284481355884,39.4940333768608));
#6082=CARTESIAN_POINT('',(15.0191386893214,-127.729586014084,39.4940337420791));
#6083=CARTESIAN_POINT('Origin',(3.05866235521411,-122.284481355884,35.8612653953172));
#6084=CARTESIAN_POINT('',(14.9924246085231,-122.284481439951,32.1416796009728));
#6085=CARTESIAN_POINT('',(7.23366250538497,-122.284481355884,32.1416796009728));
#6086=CARTESIAN_POINT('Origin',(3.0586623552132,-122.284481355884,35.861265395317));
#6087=CARTESIAN_POINT('',(1.35866235521358,-122.284481355884,27.3612653953172));
#6088=CARTESIAN_POINT('Origin',(3.05866235521358,-122.284481355884,27.3612653953172));
#6089=CARTESIAN_POINT('',(1.35866235521358,-122.284481355884,44.3612653953172));
#6090=CARTESIAN_POINT('Origin',(3.05866235521359,-122.284481355884,44.3612653953172));
#6091=CARTESIAN_POINT('Origin',(3.0586623552132,-127.729586014084,35.861265395317));
#6092=CARTESIAN_POINT('',(14.9924246085226,-127.729586014084,32.1416796009728));
#6093=CARTESIAN_POINT('Origin',(3.05866235521359,-122.284472044041,44.3612653953172));
#6094=CARTESIAN_POINT('',(1.35866235521359,-125.584472635444,44.3612653953172));
#6095=CARTESIAN_POINT('',(1.35866235521358,-122.284472044041,44.3612653953172));
#6096=CARTESIAN_POINT('Origin',(3.05866235521359,-125.584472635444,44.3612653953172));
#6097=CARTESIAN_POINT('Origin',(3.05866235521358,-122.284472044041,27.3612653953172));
#6098=CARTESIAN_POINT('',(1.35866235521359,-125.584472635444,27.3612653953172));
#6099=CARTESIAN_POINT('',(1.35866235521358,-122.284472044041,27.3612653953172));
#6100=CARTESIAN_POINT('Origin',(3.05866235521359,-125.584472635444,27.3612653953172));
#6101=CARTESIAN_POINT('Origin',(3.05866281192525,-125.584472635444,35.4873286872093));
#6102=CARTESIAN_POINT('Origin',(3.05866281192525,-125.584472635444,35.4873286872093));
#6103=CARTESIAN_POINT('Origin',(10.4086626555559,-145.784481439951,37.67764946124));
#6104=CARTESIAN_POINT('',(4.78366265555593,-140.159481439951,32.1416796009728));
#6105=CARTESIAN_POINT('Origin',(11.4086626555558,-122.284481439951,32.1416796009728));
#6106=UNCERTAINTY_MEASURE_WITH_UNIT(LENGTH_MEASURE(0.01),#6110,
'DISTANCE_ACCURACY_VALUE',
'Maximum model space distance between geometric entities at asserted c
onnectivities');
#6107=UNCERTAINTY_MEASURE_WITH_UNIT(LENGTH_MEASURE(0.01),#6110,
'DISTANCE_ACCURACY_VALUE',
'Maximum model space distance between geometric entities at asserted c
onnectivities');
#6108=(
GEOMETRIC_REPRESENTATION_CONTEXT(3)
GLOBAL_UNCERTAINTY_ASSIGNED_CONTEXT((#6106))
GLOBAL_UNIT_ASSIGNED_CONTEXT((#6110,#6112,#6113))
REPRESENTATION_CONTEXT('','3D')
);
#6109=(
GEOMETRIC_REPRESENTATION_CONTEXT(3)
GLOBAL_UNCERTAINTY_ASSIGNED_CONTEXT((#6107))
GLOBAL_UNIT_ASSIGNED_CONTEXT((#6110,#6112,#6113))
REPRESENTATION_CONTEXT('','3D')
);
#6110=(
LENGTH_UNIT()
NAMED_UNIT(*)
SI_UNIT(.MILLI.,.METRE.)
);
#6111=(
LENGTH_UNIT()
NAMED_UNIT(*)
SI_UNIT($,.METRE.)
);
#6112=(
NAMED_UNIT(*)
PLANE_ANGLE_UNIT()
SI_UNIT($,.RADIAN.)
);
#6113=(
NAMED_UNIT(*)
SI_UNIT($,.STERADIAN.)
SOLID_ANGLE_UNIT()
);
#6114=SHAPE_DEFINITION_REPRESENTATION(#6115,#6116);
#6115=PRODUCT_DEFINITION_SHAPE('',$,#6118);
#6116=SHAPE_REPRESENTATION('',(#964),#6108);
#6117=PRODUCT_DEFINITION_CONTEXT('part definition',#6122,'design');
#6118=PRODUCT_DEFINITION('2. Barrel Long','2. Barrel Long',#6119,#6117);
#6119=PRODUCT_DEFINITION_FORMATION('',$,#6124);
#6120=PRODUCT_RELATED_PRODUCT_CATEGORY('2. Barrel Long',
'2. Barrel Long',(#6124));
#6121=APPLICATION_PROTOCOL_DEFINITION('international standard',
'automotive_design',2009,#6122);
#6122=APPLICATION_CONTEXT(
'Core Data for Automotive Mechanical Design Process');
#6123=PRODUCT_CONTEXT('part definition',#6122,'mechanical');
#6124=PRODUCT('2. Barrel Long','2. Barrel Long',$,(#6123));
#6125=PRESENTATION_STYLE_ASSIGNMENT((#6127));
#6126=PRESENTATION_STYLE_ASSIGNMENT((#6128));
#6127=SURFACE_STYLE_USAGE(.BOTH.,#6129);
#6128=SURFACE_STYLE_USAGE(.BOTH.,#6130);
#6129=SURFACE_SIDE_STYLE('',(#6131));
#6130=SURFACE_SIDE_STYLE('',(#6132));
#6131=SURFACE_STYLE_FILL_AREA(#6133);
#6132=SURFACE_STYLE_FILL_AREA(#6134);
#6133=FILL_AREA_STYLE('Steel - Satin',(#6135));
#6134=FILL_AREA_STYLE('Plastic - Matte (Black) (1)',(#6136));
#6135=FILL_AREA_STYLE_COLOUR('Steel - Satin',#6137);
#6136=FILL_AREA_STYLE_COLOUR('Plastic - Matte (Black) (1)',#6138);
#6137=COLOUR_RGB('Steel - Satin',0.627450980392157,0.627450980392157,0.627450980392157);
#6138=COLOUR_RGB('Plastic - Matte (Black) (1)',0.0980392156862745,0.0980392156862745,
0.0980392156862745);
ENDSEC;
END-ISO-10303-21;
