ISO-10303-21;
HEADER;
/* Generated by software containing ST-Developer
 * from STEP Tools, Inc. (www.steptools.com) 
 */

FILE_DESCRIPTION(
/* description */ (''),
/* implementation_level */ '2;1');

FILE_NAME(
/* name */ '3. Barrel Locking Nut.step',
/* time_stamp */ '2025-10-08T23:19:33+01:00',
/* author */ (''),
/* organization */ (''),
/* preprocessor_version */ 'ST-DEVELOPER v20.1',
/* originating_system */ 'Autodesk Translation Framework v14.10.0.0',
/* authorisation */ '');

FILE_SCHEMA (('AUTOMOTIVE_DESIGN { 1 0 10303 214 3 1 1 }'));
ENDSEC;

DATA;
#10=MECHANICAL_DESIGN_GEOMETRIC_PRESENTATION_REPRESENTATION('',(#13),#5592);
#11=SHAPE_REPRESENTATION_RELATIONSHIP('SRR','None',#5599,#12);
#12=ADVANCED_BREP_SHAPE_REPRESENTATION('',(#14),#5591);
#13=STYLED_ITEM('',(#5609),#14);
#14=MANIFOLD_SOLID_BREP('3. Barrel Locking Nut',#994);
#15=B_SPLINE_SURFACE_WITH_KNOTS('',3,3,((#2872,#2873,#2874,#2875,#2876,
#2877,#2878,#2879,#2880,#2881,#2882,#2883,#2884,#2885,#2886,#2887,#2888,
#2889,#2890,#2891,#2892,#2893,#2894,#2895,#2896,#2897,#2898,#2899,#2900,
#2901,#2902,#2903,#2904,#2905,#2906,#2907,#2908,#2909,#2910,#2911,#2912,
#2913,#2914,#2915,#2916,#2917,#2918,#2919,#2920,#2921,#2922,#2923,#2924,
#2925,#2926,#2927,#2928,#2929,#2930,#2931,#2932,#2933,#2934,#2935,#2936,
#2937,#2938,#2939,#2940,#2941,#2942,#2943,#2944,#2945,#2946,#2947,#2948,
#2949,#2950,#2951,#2952,#2953,#2954,#2955,#2956,#2957,#2958,#2959,#2960,
#2961,#2962,#2963,#2964,#2965,#2966,#2967,#2968,#2969,#2970,#2971,#2972,
#2973,#2974,#2975,#2976,#2977,#2978,#2979,#2980,#2981,#2982,#2983,#2984,
#2985,#2986,#2987,#2988),(#2989,#2990,#2991,#2992,#2993,#2994,#2995,#2996,
#2997,#2998,#2999,#3000,#3001,#3002,#3003,#3004,#3005,#3006,#3007,#3008,
#3009,#3010,#3011,#3012,#3013,#3014,#3015,#3016,#3017,#3018,#3019,#3020,
#3021,#3022,#3023,#3024,#3025,#3026,#3027,#3028,#3029,#3030,#3031,#3032,
#3033,#3034,#3035,#3036,#3037,#3038,#3039,#3040,#3041,#3042,#3043,#3044,
#3045,#3046,#3047,#3048,#3049,#3050,#3051,#3052,#3053,#3054,#3055,#3056,
#3057,#3058,#3059,#3060,#3061,#3062,#3063,#3064,#3065,#3066,#3067,#3068,
#3069,#3070,#3071,#3072,#3073,#3074,#3075,#3076,#3077,#3078,#3079,#3080,
#3081,#3082,#3083,#3084,#3085,#3086,#3087,#3088,#3089,#3090,#3091,#3092,
#3093,#3094,#3095,#3096,#3097,#3098,#3099,#3100,#3101,#3102,#3103,#3104,
#3105),(#3106,#3107,#3108,#3109,#3110,#3111,#3112,#3113,#3114,#3115,#3116,
#3117,#3118,#3119,#3120,#3121,#3122,#3123,#3124,#3125,#3126,#3127,#3128,
#3129,#3130,#3131,#3132,#3133,#3134,#3135,#3136,#3137,#3138,#3139,#3140,
#3141,#3142,#3143,#3144,#3145,#3146,#3147,#3148,#3149,#3150,#3151,#3152,
#3153,#3154,#3155,#3156,#3157,#3158,#3159,#3160,#3161,#3162,#3163,#3164,
#3165,#3166,#3167,#3168,#3169,#3170,#3171,#3172,#3173,#3174,#3175,#3176,
#3177,#3178,#3179,#3180,#3181,#3182,#3183,#3184,#3185,#3186,#3187,#3188,
#3189,#3190,#3191,#3192,#3193,#3194,#3195,#3196,#3197,#3198,#3199,#3200,
#3201,#3202,#3203,#3204,#3205,#3206,#3207,#3208,#3209,#3210,#3211,#3212,
#3213,#3214,#3215,#3216,#3217,#3218,#3219,#3220,#3221,#3222),(#3223,#3224,
#3225,#3226,#3227,#3228,#3229,#3230,#3231,#3232,#3233,#3234,#3235,#3236,
#3237,#3238,#3239,#3240,#3241,#3242,#3243,#3244,#3245,#3246,#3247,#3248,
#3249,#3250,#3251,#3252,#3253,#3254,#3255,#3256,#3257,#3258,#3259,#3260,
#3261,#3262,#3263,#3264,#3265,#3266,#3267,#3268,#3269,#3270,#3271,#3272,
#3273,#3274,#3275,#3276,#3277,#3278,#3279,#3280,#3281,#3282,#3283,#3284,
#3285,#3286,#3287,#3288,#3289,#3290,#3291,#3292,#3293,#3294,#3295,#3296,
#3297,#3298,#3299,#3300,#3301,#3302,#3303,#3304,#3305,#3306,#3307,#3308,
#3309,#3310,#3311,#3312,#3313,#3314,#3315,#3316,#3317,#3318,#3319,#3320,
#3321,#3322,#3323,#3324,#3325,#3326,#3327,#3328,#3329,#3330,#3331,#3332,
#3333,#3334,#3335,#3336,#3337,#3338,#3339),(#3340,#3341,#3342,#3343,#3344,
#3345,#3346,#3347,#3348,#3349,#3350,#3351,#3352,#3353,#3354,#3355,#3356,
#3357,#3358,#3359,#3360,#3361,#3362,#3363,#3364,#3365,#3366,#3367,#3368,
#3369,#3370,#3371,#3372,#3373,#3374,#3375,#3376,#3377,#3378,#3379,#3380,
#3381,#3382,#3383,#3384,#3385,#3386,#3387,#3388,#3389,#3390,#3391,#3392,
#3393,#3394,#3395,#3396,#3397,#3398,#3399,#3400,#3401,#3402,#3403,#3404,
#3405,#3406,#3407,#3408,#3409,#3410,#3411,#3412,#3413,#3414,#3415,#3416,
#3417,#3418,#3419,#3420,#3421,#3422,#3423,#3424,#3425,#3426,#3427,#3428,
#3429,#3430,#3431,#3432,#3433,#3434,#3435,#3436,#3437,#3438,#3439,#3440,
#3441,#3442,#3443,#3444,#3445,#3446,#3447,#3448,#3449,#3450,#3451,#3452,
#3453,#3454,#3455,#3456)),.UNSPECIFIED.,.F.,.F.,.F.,(4,1,4),(4,1,1,1,1,
1,1,1,1,1,1,1,1,1,1,1,1,1,1,1,1,1,1,1,1,1,1,1,1,1,1,1,1,1,1,1,1,1,1,1,1,
1,1,1,1,1,1,1,1,1,1,1,1,1,1,1,1,1,1,1,1,1,1,1,1,1,1,1,1,1,1,1,1,1,1,1,1,
1,1,1,1,1,1,1,1,1,1,1,1,1,1,1,1,1,1,1,1,1,1,1,1,1,1,1,1,1,1,1,1,1,1,1,1,
1,4),(0.,0.571428571428571,1.),(2.46110109279139,3.18697543082368,3.91284976885597,
4.63872410688826,5.36459844492055,6.09047278295284,6.81634712098513,7.54222145901742,
8.26809579704971,8.993970135082,9.71984447311429,10.4457188111466,11.1715931491789,
11.8974674872112,12.6233418252435,13.3492161632757,14.075090501308,15.0429229520178,
16.0107554027275,16.9785878534372,17.4625040787921,17.9464203041469,18.3765680600179,
19.2368635717599,19.8820852055664,20.5273068393728,21.1725284731793,21.8177501069858,
22.4629717407923,23.1081933745988,23.7534150084052,24.3986366422117,24.6137105201472,
25.2589321539537,25.6890799098247,26.1729961351795,26.6569123605344,27.1408285858893,
27.6247448112441,28.5925772619538,29.5604097126636,30.2056313464701,30.8508529802765,
31.496074614083,32.2219489521153,32.9478232901476,33.6736976281799,34.3995719662122,
35.1254463042445,35.8513206422768,36.577194980309,37.3030693183413,38.0289436563736,
38.7548179944059,39.4806923324382,40.2065666704705,40.9324410085028,41.6583153465351,
42.3841896845674,43.1100640225997,44.0778964733094,45.0457289240191,46.0135613747288,
46.7394357127611,47.4653100507934,48.1911843888257,48.917058726858,49.8848911775677,
50.8527236282774,51.4979452620839,52.1431668958904,52.7883885296969,53.2185362855679,
54.0788317973098,54.7240534311163,55.3692750649228,56.0144966987293,56.6597183325358,
57.6275507832455,58.5953832339552,59.5632156846649,60.5310481353746,61.4988805860844,
61.9827968114392,62.4667130367941,63.4345454875038,64.4023779382135,65.04759957202,
65.6928212058265,66.3380428396329,66.9832644734394,67.6284861072459,68.2737077410524,
68.7038554969234,69.5641510086653,70.2093726424718,70.8545942762783,71.4998159100848,
72.1450375438913,72.8709118819236,73.5967862199559,74.3226605579881,75.0485348960204,
75.7744092340527,76.500283572085,77.2261579101173,77.9520322481496,78.6779065861819,
79.4037809242142,80.1296552622465,80.8555296002788,81.5814039383111,82.3072782763434,
83.0331526143756,83.7590269524079),.UNSPECIFIED.);
#16=B_SPLINE_SURFACE_WITH_KNOTS('',3,3,((#3603,#3604,#3605,#3606,#3607,
#3608,#3609,#3610,#3611,#3612,#3613,#3614,#3615,#3616,#3617,#3618,#3619,
#3620,#3621,#3622,#3623,#3624,#3625,#3626,#3627,#3628,#3629,#3630,#3631,
#3632,#3633,#3634,#3635,#3636,#3637,#3638,#3639,#3640,#3641,#3642,#3643,
#3644,#3645,#3646,#3647,#3648,#3649,#3650,#3651,#3652,#3653,#3654,#3655,
#3656,#3657,#3658,#3659,#3660,#3661,#3662,#3663,#3664,#3665,#3666,#3667,
#3668,#3669,#3670,#3671,#3672,#3673,#3674,#3675,#3676,#3677,#3678,#3679,
#3680,#3681,#3682,#3683,#3684,#3685,#3686,#3687,#3688,#3689,#3690,#3691,
#3692,#3693,#3694,#3695,#3696,#3697,#3698,#3699,#3700,#3701,#3702,#3703,
#3704,#3705,#3706,#3707,#3708,#3709,#3710,#3711,#3712,#3713,#3714,#3715,
#3716,#3717,#3718,#3719),(#3720,#3721,#3722,#3723,#3724,#3725,#3726,#3727,
#3728,#3729,#3730,#3731,#3732,#3733,#3734,#3735,#3736,#3737,#3738,#3739,
#3740,#3741,#3742,#3743,#3744,#3745,#3746,#3747,#3748,#3749,#3750,#3751,
#3752,#3753,#3754,#3755,#3756,#3757,#3758,#3759,#3760,#3761,#3762,#3763,
#3764,#3765,#3766,#3767,#3768,#3769,#3770,#3771,#3772,#3773,#3774,#3775,
#3776,#3777,#3778,#3779,#3780,#3781,#3782,#3783,#3784,#3785,#3786,#3787,
#3788,#3789,#3790,#3791,#3792,#3793,#3794,#3795,#3796,#3797,#3798,#3799,
#3800,#3801,#3802,#3803,#3804,#3805,#3806,#3807,#3808,#3809,#3810,#3811,
#3812,#3813,#3814,#3815,#3816,#3817,#3818,#3819,#3820,#3821,#3822,#3823,
#3824,#3825,#3826,#3827,#3828,#3829,#3830,#3831,#3832,#3833,#3834,#3835,
#3836),(#3837,#3838,#3839,#3840,#3841,#3842,#3843,#3844,#3845,#3846,#3847,
#3848,#3849,#3850,#3851,#3852,#3853,#3854,#3855,#3856,#3857,#3858,#3859,
#3860,#3861,#3862,#3863,#3864,#3865,#3866,#3867,#3868,#3869,#3870,#3871,
#3872,#3873,#3874,#3875,#3876,#3877,#3878,#3879,#3880,#3881,#3882,#3883,
#3884,#3885,#3886,#3887,#3888,#3889,#3890,#3891,#3892,#3893,#3894,#3895,
#3896,#3897,#3898,#3899,#3900,#3901,#3902,#3903,#3904,#3905,#3906,#3907,
#3908,#3909,#3910,#3911,#3912,#3913,#3914,#3915,#3916,#3917,#3918,#3919,
#3920,#3921,#3922,#3923,#3924,#3925,#3926,#3927,#3928,#3929,#3930,#3931,
#3932,#3933,#3934,#3935,#3936,#3937,#3938,#3939,#3940,#3941,#3942,#3943,
#3944,#3945,#3946,#3947,#3948,#3949,#3950,#3951,#3952,#3953),(#3954,#3955,
#3956,#3957,#3958,#3959,#3960,#3961,#3962,#3963,#3964,#3965,#3966,#3967,
#3968,#3969,#3970,#3971,#3972,#3973,#3974,#3975,#3976,#3977,#3978,#3979,
#3980,#3981,#3982,#3983,#3984,#3985,#3986,#3987,#3988,#3989,#3990,#3991,
#3992,#3993,#3994,#3995,#3996,#3997,#3998,#3999,#4000,#4001,#4002,#4003,
#4004,#4005,#4006,#4007,#4008,#4009,#4010,#4011,#4012,#4013,#4014,#4015,
#4016,#4017,#4018,#4019,#4020,#4021,#4022,#4023,#4024,#4025,#4026,#4027,
#4028,#4029,#4030,#4031,#4032,#4033,#4034,#4035,#4036,#4037,#4038,#4039,
#4040,#4041,#4042,#4043,#4044,#4045,#4046,#4047,#4048,#4049,#4050,#4051,
#4052,#4053,#4054,#4055,#4056,#4057,#4058,#4059,#4060,#4061,#4062,#4063,
#4064,#4065,#4066,#4067,#4068,#4069,#4070)),.UNSPECIFIED.,.F.,.F.,.F.,(4,
4),(4,1,1,1,1,1,1,1,1,1,1,1,1,1,1,1,1,1,1,1,1,1,1,1,1,1,1,1,1,1,1,1,1,1,
1,1,1,1,1,1,1,1,1,1,1,1,1,1,1,1,1,1,1,1,1,1,1,1,1,1,1,1,1,1,1,1,1,1,1,1,
1,1,1,1,1,1,1,1,1,1,1,1,1,1,1,1,1,1,1,1,1,1,1,1,1,1,1,1,1,1,1,1,1,1,1,1,
1,1,1,1,1,1,1,1,4),(0.00577284102252292,0.0971146211858818),(14.8825075851197,
15.460587098072,16.0386666110242,16.6167461239765,17.1948256369287,17.772905149881,
18.3509846628332,18.9290641757854,19.5071436887377,20.0852232016899,20.6633027146422,
21.2413822275944,21.8194617405467,22.3975412534989,22.9756207664512,23.5537002794034,
24.1317797923557,24.902552476292,25.6733251602283,26.4440978441647,27.214870528101,
27.9000018027111,28.5851330773211,29.2702643519312,29.52718857991,29.7841128078887,
30.2979612638463,30.8118097198039,31.3256581757614,31.839506631719,32.3533550876765,
32.8672035436341,33.3810519995916,33.8949004555492,34.4087489115067,34.9225973674643,
35.4364458234218,35.9502942793794,36.4641427353369,36.9779911912945,37.491839647252,
38.0056881032096,38.5195365591671,38.8621021964722,39.5472334710823,40.3180061550186,
41.0887788389549,41.8595515228912,42.6303242068276,43.4010968907639,44.1718695747002,
44.9426422586366,45.3280286006047,45.7134149425729,46.2272633985304,46.741111854488,
47.2549603104455,48.0257329943819,48.7965056783182,49.5672783622545,49.9526647042227,
50.3380510461909,50.8518995021484,51.365747958106,51.8795964140635,52.3934448700211,
52.9072933259786,53.4211417819362,53.8065281239044,54.1919144658725,54.5773008078407,
54.9626871498088,55.348073491777,55.7334598337452,56.5042325176815,57.2750052016178,
58.0457778855542,58.8165505694905,59.5873232534268,60.3580959373631,61.1288686212995,
61.8996413052358,62.285027647204,62.6704139891721,63.4411866731085,64.2119593570448,
64.7258078130023,65.2396562689599,65.7535047249174,66.267353180875,66.60991881818,
67.2950500927901,67.4663329114426,67.6376157300951,68.3227470047052,68.8365954606628,
69.3504439166203,69.8642923725779,70.3781408285354,70.9562203414877,71.5342998544399,
72.1123793673922,72.6904588803444,73.2685383932967,73.8466179062489,74.4246974192012,
75.0027769321534,75.5808564451057,76.1589359580579,76.7370154710102,77.3150949839624,
77.8931744969146,78.4712540098669,79.0493335228191,79.6274130357714),
 .UNSPECIFIED.);
#17=B_SPLINE_SURFACE_WITH_KNOTS('',3,3,((#4223,#4224,#4225,#4226,#4227,
#4228,#4229,#4230,#4231,#4232,#4233,#4234,#4235,#4236,#4237,#4238,#4239,
#4240,#4241,#4242,#4243,#4244,#4245,#4246,#4247,#4248,#4249,#4250,#4251,
#4252,#4253,#4254,#4255,#4256,#4257,#4258,#4259,#4260,#4261,#4262,#4263,
#4264,#4265,#4266,#4267,#4268,#4269,#4270,#4271,#4272,#4273,#4274,#4275,
#4276,#4277,#4278,#4279,#4280,#4281,#4282,#4283,#4284,#4285,#4286,#4287,
#4288,#4289,#4290,#4291,#4292,#4293,#4294,#4295,#4296,#4297,#4298,#4299,
#4300,#4301,#4302,#4303,#4304,#4305,#4306,#4307,#4308,#4309,#4310,#4311,
#4312,#4313,#4314,#4315,#4316,#4317,#4318,#4319,#4320,#4321,#4322,#4323,
#4324,#4325,#4326,#4327,#4328,#4329,#4330,#4331,#4332,#4333,#4334,#4335),
(#4336,#4337,#4338,#4339,#4340,#4341,#4342,#4343,#4344,#4345,#4346,#4347,
#4348,#4349,#4350,#4351,#4352,#4353,#4354,#4355,#4356,#4357,#4358,#4359,
#4360,#4361,#4362,#4363,#4364,#4365,#4366,#4367,#4368,#4369,#4370,#4371,
#4372,#4373,#4374,#4375,#4376,#4377,#4378,#4379,#4380,#4381,#4382,#4383,
#4384,#4385,#4386,#4387,#4388,#4389,#4390,#4391,#4392,#4393,#4394,#4395,
#4396,#4397,#4398,#4399,#4400,#4401,#4402,#4403,#4404,#4405,#4406,#4407,
#4408,#4409,#4410,#4411,#4412,#4413,#4414,#4415,#4416,#4417,#4418,#4419,
#4420,#4421,#4422,#4423,#4424,#4425,#4426,#4427,#4428,#4429,#4430,#4431,
#4432,#4433,#4434,#4435,#4436,#4437,#4438,#4439,#4440,#4441,#4442,#4443,
#4444,#4445,#4446,#4447,#4448),(#4449,#4450,#4451,#4452,#4453,#4454,#4455,
#4456,#4457,#4458,#4459,#4460,#4461,#4462,#4463,#4464,#4465,#4466,#4467,
#4468,#4469,#4470,#4471,#4472,#4473,#4474,#4475,#4476,#4477,#4478,#4479,
#4480,#4481,#4482,#4483,#4484,#4485,#4486,#4487,#4488,#4489,#4490,#4491,
#4492,#4493,#4494,#4495,#4496,#4497,#4498,#4499,#4500,#4501,#4502,#4503,
#4504,#4505,#4506,#4507,#4508,#4509,#4510,#4511,#4512,#4513,#4514,#4515,
#4516,#4517,#4518,#4519,#4520,#4521,#4522,#4523,#4524,#4525,#4526,#4527,
#4528,#4529,#4530,#4531,#4532,#4533,#4534,#4535,#4536,#4537,#4538,#4539,
#4540,#4541,#4542,#4543,#4544,#4545,#4546,#4547,#4548,#4549,#4550,#4551,
#4552,#4553,#4554,#4555,#4556,#4557,#4558,#4559,#4560,#4561),(#4562,#4563,
#4564,#4565,#4566,#4567,#4568,#4569,#4570,#4571,#4572,#4573,#4574,#4575,
#4576,#4577,#4578,#4579,#4580,#4581,#4582,#4583,#4584,#4585,#4586,#4587,
#4588,#4589,#4590,#4591,#4592,#4593,#4594,#4595,#4596,#4597,#4598,#4599,
#4600,#4601,#4602,#4603,#4604,#4605,#4606,#4607,#4608,#4609,#4610,#4611,
#4612,#4613,#4614,#4615,#4616,#4617,#4618,#4619,#4620,#4621,#4622,#4623,
#4624,#4625,#4626,#4627,#4628,#4629,#4630,#4631,#4632,#4633,#4634,#4635,
#4636,#4637,#4638,#4639,#4640,#4641,#4642,#4643,#4644,#4645,#4646,#4647,
#4648,#4649,#4650,#4651,#4652,#4653,#4654,#4655,#4656,#4657,#4658,#4659,
#4660,#4661,#4662,#4663,#4664,#4665,#4666,#4667,#4668,#4669,#4670,#4671,
#4672,#4673,#4674),(#4675,#4676,#4677,#4678,#4679,#4680,#4681,#4682,#4683,
#4684,#4685,#4686,#4687,#4688,#4689,#4690,#4691,#4692,#4693,#4694,#4695,
#4696,#4697,#4698,#4699,#4700,#4701,#4702,#4703,#4704,#4705,#4706,#4707,
#4708,#4709,#4710,#4711,#4712,#4713,#4714,#4715,#4716,#4717,#4718,#4719,
#4720,#4721,#4722,#4723,#4724,#4725,#4726,#4727,#4728,#4729,#4730,#4731,
#4732,#4733,#4734,#4735,#4736,#4737,#4738,#4739,#4740,#4741,#4742,#4743,
#4744,#4745,#4746,#4747,#4748,#4749,#4750,#4751,#4752,#4753,#4754,#4755,
#4756,#4757,#4758,#4759,#4760,#4761,#4762,#4763,#4764,#4765,#4766,#4767,
#4768,#4769,#4770,#4771,#4772,#4773,#4774,#4775,#4776,#4777,#4778,#4779,
#4780,#4781,#4782,#4783,#4784,#4785,#4786,#4787)),.UNSPECIFIED.,.F.,.F.,
 .F.,(4,1,4),(4,1,1,1,1,1,1,1,1,1,1,1,1,1,1,1,1,1,1,1,1,1,1,1,1,1,1,1,1,
1,1,1,1,1,1,1,1,1,1,1,1,1,1,1,1,1,1,1,1,1,1,1,1,1,1,1,1,1,1,1,1,1,1,1,1,
1,1,1,1,1,1,1,1,1,1,1,1,1,1,1,1,1,1,1,1,1,1,1,1,1,1,1,1,1,1,1,1,1,1,1,1,
1,1,1,1,1,1,1,1,1,4),(0.,0.571428571428571,1.),(2.46110109279036,3.18697543082266,
3.91284976885496,4.63872410688725,5.36459844491955,6.09047278295185,6.81634712098415,
7.54222145901644,8.26809579704874,8.99397013508104,9.71984447311334,10.4457188111456,
11.1715931491779,11.8974674872102,12.6233418252425,13.3492161632748,14.0750905013071,
15.0429229520168,16.0107554027266,16.9785878534363,17.946420304146,18.376568060017,
19.0217896938235,19.236863571759,19.8820852055655,20.527306839372,21.1725284731785,
21.817750106985,22.4629717407914,23.1081933745979,23.7534150084044,24.3986366422109,
25.2589321539529,25.4740060318884,25.6890799098239,26.6569123605336,27.6247448112433,
28.5925772619531,29.3184515999854,30.0443259380177,30.77020027605,31.4960746140823,
32.2219489521145,32.9478232901468,33.6736976281791,34.3995719662114,35.1254463042437,
35.851320642276,36.5771949803083,37.3030693183406,38.0289436563729,38.7548179944052,
39.4806923324375,40.2065666704698,40.9324410085021,41.6583153465344,42.3841896845667,
43.110064022599,43.8359383606313,44.5618126986636,45.0457289240185,46.0135613747282,
46.7394357127605,47.4653100507928,48.1911843888251,48.9170587268574,49.8848911775671,
50.8527236282768,51.8205560789866,52.7883885296963,53.756220980406,54.7240534311158,
55.6918858818255,56.6597183325352,57.6275507832449,58.5953832339547,59.5632156846644,
60.5310481353741,61.4988805860839,62.4667130367936,63.4345454875033,64.402377938213,
65.0475995720195,65.692821205826,66.3380428396325,66.983264473439,67.41341222931,
68.273707741052,68.4887816189875,68.703855496923,69.5641510086649,70.2093726424714,
70.8545942762779,71.4998159100844,72.1450375438909,72.8709118819232,73.5967862199555,
74.3226605579878,75.0485348960201,75.7744092340524,76.5002835720847,77.226157910117,
77.9520322481493,78.6779065861816,79.4037809242139,80.1296552622462,80.8555296002785,
81.5814039383108,82.3072782763431,83.0331526143754,83.7590269524076),
 .UNSPECIFIED.);
#18=B_SPLINE_SURFACE_WITH_KNOTS('',3,3,((#4930,#4931,#4932,#4933,#4934,
#4935,#4936,#4937,#4938,#4939,#4940,#4941,#4942,#4943,#4944,#4945,#4946,
#4947,#4948,#4949,#4950,#4951,#4952,#4953,#4954,#4955,#4956,#4957,#4958,
#4959,#4960,#4961,#4962,#4963,#4964,#4965,#4966,#4967,#4968,#4969,#4970,
#4971,#4972,#4973,#4974,#4975,#4976,#4977,#4978,#4979,#4980,#4981,#4982,
#4983,#4984,#4985,#4986,#4987,#4988,#4989,#4990,#4991,#4992,#4993,#4994,
#4995,#4996,#4997,#4998,#4999,#5000,#5001,#5002,#5003,#5004,#5005,#5006,
#5007,#5008,#5009,#5010,#5011,#5012,#5013,#5014,#5015,#5016,#5017,#5018,
#5019,#5020,#5021,#5022,#5023,#5024,#5025,#5026,#5027,#5028,#5029,#5030,
#5031,#5032,#5033,#5034,#5035,#5036,#5037,#5038,#5039,#5040,#5041,#5042,
#5043,#5044,#5045,#5046,#5047,#5048,#5049,#5050,#5051,#5052,#5053,#5054,
#5055,#5056),(#5057,#5058,#5059,#5060,#5061,#5062,#5063,#5064,#5065,#5066,
#5067,#5068,#5069,#5070,#5071,#5072,#5073,#5074,#5075,#5076,#5077,#5078,
#5079,#5080,#5081,#5082,#5083,#5084,#5085,#5086,#5087,#5088,#5089,#5090,
#5091,#5092,#5093,#5094,#5095,#5096,#5097,#5098,#5099,#5100,#5101,#5102,
#5103,#5104,#5105,#5106,#5107,#5108,#5109,#5110,#5111,#5112,#5113,#5114,
#5115,#5116,#5117,#5118,#5119,#5120,#5121,#5122,#5123,#5124,#5125,#5126,
#5127,#5128,#5129,#5130,#5131,#5132,#5133,#5134,#5135,#5136,#5137,#5138,
#5139,#5140,#5141,#5142,#5143,#5144,#5145,#5146,#5147,#5148,#5149,#5150,
#5151,#5152,#5153,#5154,#5155,#5156,#5157,#5158,#5159,#5160,#5161,#5162,
#5163,#5164,#5165,#5166,#5167,#5168,#5169,#5170,#5171,#5172,#5173,#5174,
#5175,#5176,#5177,#5178,#5179,#5180,#5181,#5182,#5183),(#5184,#5185,#5186,
#5187,#5188,#5189,#5190,#5191,#5192,#5193,#5194,#5195,#5196,#5197,#5198,
#5199,#5200,#5201,#5202,#5203,#5204,#5205,#5206,#5207,#5208,#5209,#5210,
#5211,#5212,#5213,#5214,#5215,#5216,#5217,#5218,#5219,#5220,#5221,#5222,
#5223,#5224,#5225,#5226,#5227,#5228,#5229,#5230,#5231,#5232,#5233,#5234,
#5235,#5236,#5237,#5238,#5239,#5240,#5241,#5242,#5243,#5244,#5245,#5246,
#5247,#5248,#5249,#5250,#5251,#5252,#5253,#5254,#5255,#5256,#5257,#5258,
#5259,#5260,#5261,#5262,#5263,#5264,#5265,#5266,#5267,#5268,#5269,#5270,
#5271,#5272,#5273,#5274,#5275,#5276,#5277,#5278,#5279,#5280,#5281,#5282,
#5283,#5284,#5285,#5286,#5287,#5288,#5289,#5290,#5291,#5292,#5293,#5294,
#5295,#5296,#5297,#5298,#5299,#5300,#5301,#5302,#5303,#5304,#5305,#5306,
#5307,#5308,#5309,#5310),(#5311,#5312,#5313,#5314,#5315,#5316,#5317,#5318,
#5319,#5320,#5321,#5322,#5323,#5324,#5325,#5326,#5327,#5328,#5329,#5330,
#5331,#5332,#5333,#5334,#5335,#5336,#5337,#5338,#5339,#5340,#5341,#5342,
#5343,#5344,#5345,#5346,#5347,#5348,#5349,#5350,#5351,#5352,#5353,#5354,
#5355,#5356,#5357,#5358,#5359,#5360,#5361,#5362,#5363,#5364,#5365,#5366,
#5367,#5368,#5369,#5370,#5371,#5372,#5373,#5374,#5375,#5376,#5377,#5378,
#5379,#5380,#5381,#5382,#5383,#5384,#5385,#5386,#5387,#5388,#5389,#5390,
#5391,#5392,#5393,#5394,#5395,#5396,#5397,#5398,#5399,#5400,#5401,#5402,
#5403,#5404,#5405,#5406,#5407,#5408,#5409,#5410,#5411,#5412,#5413,#5414,
#5415,#5416,#5417,#5418,#5419,#5420,#5421,#5422,#5423,#5424,#5425,#5426,
#5427,#5428,#5429,#5430,#5431,#5432,#5433,#5434,#5435,#5436,#5437)),
 .UNSPECIFIED.,.F.,.F.,.F.,(4,4),(4,1,1,1,1,1,1,1,1,1,1,1,1,1,1,1,1,1,1,
1,1,1,1,1,1,1,1,1,1,1,1,1,1,1,1,1,1,1,1,1,1,1,1,1,1,1,1,1,1,1,1,1,1,1,1,
1,1,1,1,1,1,1,1,1,1,1,1,1,1,1,1,1,1,1,1,1,1,1,1,1,1,1,1,1,1,1,1,1,1,1,1,
1,1,1,1,1,1,1,1,1,1,1,1,1,1,1,1,1,1,1,1,1,1,1,1,1,1,1,1,1,1,1,1,1,4),(1.46759450357105E-6,
0.0913432477578502),(11.4787739183387,12.0568534312909,12.6349329442432,
13.2130124571954,13.7910919701476,14.3691714830999,14.9472509960521,15.5253305090043,
16.1034100219566,16.6814895349088,17.2595690478611,17.8376485608133,18.4157280737655,
18.9938075867178,19.57188709967,20.1499666126223,20.7280461255745,21.4988188095108,
22.2695914934471,23.0403641773834,23.8111368613198,24.4962681359298,25.1813994105399,
25.86653068515,26.1234549131287,26.3803791411075,26.894227597065,27.4080760530226,
27.9219245089801,28.4357729649377,28.9496214208952,29.4634698768528,29.9773183328103,
30.4911667887679,31.0050152447254,31.5188637006829,32.0327121566405,32.546560612598,
33.0604090685556,33.5742575245131,34.0881059804707,34.6019544364282,35.1158028923858,
35.4583685296908,36.1434998043009,36.9142724882372,37.6850451721735,38.0704315141417,
38.4558178561098,38.841204198078,39.2265905400461,39.6119768820143,39.9973632239824,
40.3827495659506,40.7681359079188,41.1535222498869,41.5389085918551,41.9242949338232,
42.3096812757914,42.8235297317489,43.3373781877065,43.851226643664,44.2366129856322,
44.6219993276004,45.3927720115367,46.163544695473,46.9343173794093,47.4481658353669,
47.9620142913244,48.475862747282,48.7327869752607,48.9897112032395,49.503559659197,
50.0174081151546,50.4027944571228,50.7881807990909,51.1735671410591,51.5589534830272,
52.3297261669635,53.1004988508999,53.8712715348362,54.6420442187725,55.4128169027088,
55.798203244677,56.1835895866451,56.5689759286133,56.9543622705815,57.3397486125496,
57.7251349545178,58.1105212964859,58.4959076384541,58.8812939804222,59.2666803223904,
59.6520666643586,60.0374530063267,60.4228393482949,60.808225690263,61.3220741462206,
61.8359226021781,62.3497710581357,62.8636195140932,63.5487507887033,63.8913164260083,
64.2338820633133,64.9190133379234,65.432861793881,65.9467102498385,66.460558705796,
66.9744071617536,67.5524866747058,68.1305661876581,68.7086457006103,69.2867252135625,
69.8648047265148,70.442884239467,71.0209637524193,71.5990432653715,72.1771227783237,
72.755202291276,73.3332818042282,73.9113613171805,74.4894408301327,75.0675203430849,
75.6455998560372,76.2236793689894),.UNSPECIFIED.);
#19=(
BOUNDED_CURVE()
B_SPLINE_CURVE(2,(#2381,#2382,#2383),.UNSPECIFIED.,.F.,.F.)
B_SPLINE_CURVE_WITH_KNOTS((3,3),(3.73867523042097,4.09027509745045),
 .UNSPECIFIED.)
CURVE()
GEOMETRIC_REPRESENTATION_ITEM()
RATIONAL_B_SPLINE_CURVE((1.61831457659428,1.62081380895071,1.61831457659428))
REPRESENTATION_ITEM('')
);
#20=(
BOUNDED_CURVE()
B_SPLINE_CURVE(2,(#2385,#2386,#2387),.UNSPECIFIED.,.F.,.F.)
B_SPLINE_CURVE_WITH_KNOTS((3,3),(3.14815423807906,5.37061401643213),
 .UNSPECIFIED.)
CURVE()
GEOMETRIC_REPRESENTATION_ITEM()
RATIONAL_B_SPLINE_CURVE((1.69045057201747,1.79130395610315,1.69045057201747))
REPRESENTATION_ITEM('')
);
#21=(
BOUNDED_CURVE()
B_SPLINE_CURVE(2,(#2389,#2390,#2391),.UNSPECIFIED.,.F.,.F.)
B_SPLINE_CURVE_WITH_KNOTS((3,3),(3.738675230421,4.09027509745049),
 .UNSPECIFIED.)
CURVE()
GEOMETRIC_REPRESENTATION_ITEM()
RATIONAL_B_SPLINE_CURVE((1.61831457659428,1.62081380895071,1.61831457659428))
REPRESENTATION_ITEM('')
);
#22=(
BOUNDED_CURVE()
B_SPLINE_CURVE(2,(#2393,#2394,#2395),.UNSPECIFIED.,.F.,.F.)
B_SPLINE_CURVE_WITH_KNOTS((3,3),(3.14815423807905,3.32413696069327),
 .UNSPECIFIED.)
CURVE()
GEOMETRIC_REPRESENTATION_ITEM()
RATIONAL_B_SPLINE_CURVE((1.69045057201748,1.69843652221965,1.70515775728688))
REPRESENTATION_ITEM('')
);
#23=(
BOUNDED_CURVE()
B_SPLINE_CURVE(2,(#2400,#2401,#2402),.UNSPECIFIED.,.F.,.F.)
B_SPLINE_CURVE_WITH_KNOTS((3,3),(3.32413696069327,5.37061401643214),
 .UNSPECIFIED.)
CURVE()
GEOMETRIC_REPRESENTATION_ITEM()
RATIONAL_B_SPLINE_CURVE((1.70515775728688,1.78331800590099,1.69045057201748))
REPRESENTATION_ITEM('')
);
#24=(
BOUNDED_CURVE()
B_SPLINE_CURVE(2,(#2404,#2405,#2406),.UNSPECIFIED.,.F.,.F.)
B_SPLINE_CURVE_WITH_KNOTS((3,3),(3.73867523042098,4.09027509745047),
 .UNSPECIFIED.)
CURVE()
GEOMETRIC_REPRESENTATION_ITEM()
RATIONAL_B_SPLINE_CURVE((1.61831457659429,1.62081380895072,1.61831457659429))
REPRESENTATION_ITEM('')
);
#25=(
BOUNDED_CURVE()
B_SPLINE_CURVE(2,(#2408,#2409,#2410),.UNSPECIFIED.,.F.,.F.)
B_SPLINE_CURVE_WITH_KNOTS((3,3),(3.14815423807905,5.37061401643216),
 .UNSPECIFIED.)
CURVE()
GEOMETRIC_REPRESENTATION_ITEM()
RATIONAL_B_SPLINE_CURVE((1.69045057201748,1.79130395610317,1.69045057201749))
REPRESENTATION_ITEM('')
);
#26=(
BOUNDED_CURVE()
B_SPLINE_CURVE(2,(#2412,#2413,#2414),.UNSPECIFIED.,.F.,.F.)
B_SPLINE_CURVE_WITH_KNOTS((3,3),(3.73867523042097,4.09027509745046),
 .UNSPECIFIED.)
CURVE()
GEOMETRIC_REPRESENTATION_ITEM()
RATIONAL_B_SPLINE_CURVE((1.61831457659429,1.62081380895072,1.61831457659429))
REPRESENTATION_ITEM('')
);
#27=(
BOUNDED_CURVE()
B_SPLINE_CURVE(2,(#2416,#2417,#2418),.UNSPECIFIED.,.F.,.F.)
B_SPLINE_CURVE_WITH_KNOTS((3,3),(3.14815423807906,5.37061401643215),
 .UNSPECIFIED.)
CURVE()
GEOMETRIC_REPRESENTATION_ITEM()
RATIONAL_B_SPLINE_CURVE((1.69045057201749,1.79130395610317,1.69045057201749))
REPRESENTATION_ITEM('')
);
#28=(
BOUNDED_CURVE()
B_SPLINE_CURVE(2,(#2420,#2421,#2422),.UNSPECIFIED.,.F.,.F.)
B_SPLINE_CURVE_WITH_KNOTS((3,3),(3.73867523042098,4.09027509745046),
 .UNSPECIFIED.)
CURVE()
GEOMETRIC_REPRESENTATION_ITEM()
RATIONAL_B_SPLINE_CURVE((1.61831457659429,1.62081380895072,1.61831457659429))
REPRESENTATION_ITEM('')
);
#29=(
BOUNDED_CURVE()
B_SPLINE_CURVE(2,(#2424,#2425,#2426),.UNSPECIFIED.,.F.,.F.)
B_SPLINE_CURVE_WITH_KNOTS((3,3),(3.14815423807905,5.37061401643215),
 .UNSPECIFIED.)
CURVE()
GEOMETRIC_REPRESENTATION_ITEM()
RATIONAL_B_SPLINE_CURVE((1.69045057201748,1.79130395610316,1.69045057201748))
REPRESENTATION_ITEM('')
);
#30=(
BOUNDED_CURVE()
B_SPLINE_CURVE(2,(#2428,#2429,#2430),.UNSPECIFIED.,.F.,.F.)
B_SPLINE_CURVE_WITH_KNOTS((3,3),(3.73867523042097,4.09027509745046),
 .UNSPECIFIED.)
CURVE()
GEOMETRIC_REPRESENTATION_ITEM()
RATIONAL_B_SPLINE_CURVE((1.61831457659429,1.62081380895071,1.61831457659429))
REPRESENTATION_ITEM('')
);
#31=(
BOUNDED_CURVE()
B_SPLINE_CURVE(2,(#2432,#2433,#2434),.UNSPECIFIED.,.F.,.F.)
B_SPLINE_CURVE_WITH_KNOTS((3,3),(3.14815423807906,5.37061401643215),
 .UNSPECIFIED.)
CURVE()
GEOMETRIC_REPRESENTATION_ITEM()
RATIONAL_B_SPLINE_CURVE((1.69045057201748,1.79130395610316,1.69045057201748))
REPRESENTATION_ITEM('')
);
#32=(
BOUNDED_CURVE()
B_SPLINE_CURVE(2,(#2436,#2437,#2438),.UNSPECIFIED.,.F.,.F.)
B_SPLINE_CURVE_WITH_KNOTS((3,3),(3.73867523042096,4.09027509745045),
 .UNSPECIFIED.)
CURVE()
GEOMETRIC_REPRESENTATION_ITEM()
RATIONAL_B_SPLINE_CURVE((1.61831457659428,1.62081380895071,1.61831457659428))
REPRESENTATION_ITEM('')
);
#33=(
BOUNDED_CURVE()
B_SPLINE_CURVE(2,(#2440,#2441,#2442),.UNSPECIFIED.,.F.,.F.)
B_SPLINE_CURVE_WITH_KNOTS((3,3),(3.14815423807906,5.37061401643213),
 .UNSPECIFIED.)
CURVE()
GEOMETRIC_REPRESENTATION_ITEM()
RATIONAL_B_SPLINE_CURVE((1.69045057201747,1.79130395610315,1.69045057201747))
REPRESENTATION_ITEM('')
);
#34=(
BOUNDED_CURVE()
B_SPLINE_CURVE(2,(#2444,#2445,#2446),.UNSPECIFIED.,.F.,.F.)
B_SPLINE_CURVE_WITH_KNOTS((3,3),(3.73867523042097,4.09027509745045),
 .UNSPECIFIED.)
CURVE()
GEOMETRIC_REPRESENTATION_ITEM()
RATIONAL_B_SPLINE_CURVE((1.61831457659428,1.62081380895071,1.61831457659428))
REPRESENTATION_ITEM('')
);
#35=(
BOUNDED_CURVE()
B_SPLINE_CURVE(2,(#2447,#2448,#2449),.UNSPECIFIED.,.F.,.F.)
B_SPLINE_CURVE_WITH_KNOTS((3,3),(3.14815423807907,5.37061401643214),
 .UNSPECIFIED.)
CURVE()
GEOMETRIC_REPRESENTATION_ITEM()
RATIONAL_B_SPLINE_CURVE((1.69045057201747,1.79130395610315,1.69045057201747))
REPRESENTATION_ITEM('')
);
#36=(
BOUNDED_CURVE()
B_SPLINE_CURVE(2,(#2454,#2455,#2456),.UNSPECIFIED.,.F.,.F.)
B_SPLINE_CURVE_WITH_KNOTS((3,3),(3.06550765649257,5.25483823320409),
 .UNSPECIFIED.)
CURVE()
GEOMETRIC_REPRESENTATION_ITEM()
RATIONAL_B_SPLINE_CURVE((1.6694817464669,1.76908411673772,1.6694817464669))
REPRESENTATION_ITEM('')
);
#37=(
BOUNDED_CURVE()
B_SPLINE_CURVE(2,(#2461,#2462,#2463),.UNSPECIFIED.,.F.,.F.)
B_SPLINE_CURVE_WITH_KNOTS((3,3),(0.266801269980991,0.454620567792549),
 .UNSPECIFIED.)
CURVE()
GEOMETRIC_REPRESENTATION_ITEM()
RATIONAL_B_SPLINE_CURVE((1.01073413780289,1.01229505772386,1.01073413780289))
REPRESENTATION_ITEM('')
);
#38=(
BOUNDED_CURVE()
B_SPLINE_CURVE(2,(#2468,#2469,#2470),.UNSPECIFIED.,.F.,.F.)
B_SPLINE_CURVE_WITH_KNOTS((3,3),(2.28788618779809,2.39850701148447),
 .UNSPECIFIED.)
CURVE()
GEOMETRIC_REPRESENTATION_ITEM()
RATIONAL_B_SPLINE_CURVE((1.18233923453831,1.17767879776027,1.17214142023106))
REPRESENTATION_ITEM('')
);
#39=(
BOUNDED_CURVE()
B_SPLINE_CURVE(2,(#2471,#2472,#2473),.UNSPECIFIED.,.F.,.F.)
B_SPLINE_CURVE_WITH_KNOTS((3,3),(1.00149298851553,2.28788618779809),
 .UNSPECIFIED.)
CURVE()
GEOMETRIC_REPRESENTATION_ITEM()
RATIONAL_B_SPLINE_CURVE((1.17214142023106,1.23653476461282,1.18233923453831))
REPRESENTATION_ITEM('')
);
#40=(
BOUNDED_CURVE()
B_SPLINE_CURVE(2,(#2477,#2478,#2479),.UNSPECIFIED.,.F.,.F.)
B_SPLINE_CURVE_WITH_KNOTS((3,3),(0.266801269981006,0.454620567792556),
 .UNSPECIFIED.)
CURVE()
GEOMETRIC_REPRESENTATION_ITEM()
RATIONAL_B_SPLINE_CURVE((1.01073413780284,1.01229505772381,1.01073413780284))
REPRESENTATION_ITEM('')
);
#41=(
BOUNDED_CURVE()
B_SPLINE_CURVE(2,(#2483,#2484,#2485),.UNSPECIFIED.,.F.,.F.)
B_SPLINE_CURVE_WITH_KNOTS((3,3),(3.06550765649273,5.2548382332043),
 .UNSPECIFIED.)
CURVE()
GEOMETRIC_REPRESENTATION_ITEM()
RATIONAL_B_SPLINE_CURVE((1.66948174646694,1.76908411673776,1.66948174646694))
REPRESENTATION_ITEM('')
);
#42=(
BOUNDED_CURVE()
B_SPLINE_CURVE(2,(#2489,#2490,#2491),.UNSPECIFIED.,.F.,.F.)
B_SPLINE_CURVE_WITH_KNOTS((3,3),(0.26680126998099,0.454620567792544),
 .UNSPECIFIED.)
CURVE()
GEOMETRIC_REPRESENTATION_ITEM()
RATIONAL_B_SPLINE_CURVE((1.01073413780286,1.01229505772384,1.01073413780286))
REPRESENTATION_ITEM('')
);
#43=(
BOUNDED_CURVE()
B_SPLINE_CURVE(2,(#2495,#2496,#2497),.UNSPECIFIED.,.F.,.F.)
B_SPLINE_CURVE_WITH_KNOTS((3,3),(3.06550765649257,5.25483823320409),
 .UNSPECIFIED.)
CURVE()
GEOMETRIC_REPRESENTATION_ITEM()
RATIONAL_B_SPLINE_CURVE((1.6694817464669,1.76908411673772,1.6694817464669))
REPRESENTATION_ITEM('')
);
#44=(
BOUNDED_CURVE()
B_SPLINE_CURVE(2,(#2501,#2502,#2503),.UNSPECIFIED.,.F.,.F.)
B_SPLINE_CURVE_WITH_KNOTS((3,3),(0.266801269980991,0.454620567792545),
 .UNSPECIFIED.)
CURVE()
GEOMETRIC_REPRESENTATION_ITEM()
RATIONAL_B_SPLINE_CURVE((1.01073413780286,1.01229505772384,1.01073413780286))
REPRESENTATION_ITEM('')
);
#45=(
BOUNDED_CURVE()
B_SPLINE_CURVE(2,(#2795,#2796,#2797),.UNSPECIFIED.,.F.,.F.)
B_SPLINE_CURVE_WITH_KNOTS((3,3),(3.06550765649257,5.25483823320409),
 .UNSPECIFIED.)
CURVE()
GEOMETRIC_REPRESENTATION_ITEM()
RATIONAL_B_SPLINE_CURVE((1.6694817464669,1.76908411673772,1.6694817464669))
REPRESENTATION_ITEM('')
);
#46=(
BOUNDED_CURVE()
B_SPLINE_CURVE(2,(#2799,#2800,#2801),.UNSPECIFIED.,.F.,.F.)
B_SPLINE_CURVE_WITH_KNOTS((3,3),(0.266801269980991,0.454620567792542),
 .UNSPECIFIED.)
CURVE()
GEOMETRIC_REPRESENTATION_ITEM()
RATIONAL_B_SPLINE_CURVE((1.01073413780284,1.01229505772381,1.01073413780284))
REPRESENTATION_ITEM('')
);
#47=(
BOUNDED_CURVE()
B_SPLINE_CURVE(2,(#2803,#2804,#2805),.UNSPECIFIED.,.F.,.F.)
B_SPLINE_CURVE_WITH_KNOTS((3,3),(3.06550765649257,5.25483823320408),
 .UNSPECIFIED.)
CURVE()
GEOMETRIC_REPRESENTATION_ITEM()
RATIONAL_B_SPLINE_CURVE((1.6694817464669,1.76908411673772,1.6694817464669))
REPRESENTATION_ITEM('')
);
#48=(
BOUNDED_CURVE()
B_SPLINE_CURVE(2,(#2807,#2808,#2809),.UNSPECIFIED.,.F.,.F.)
B_SPLINE_CURVE_WITH_KNOTS((3,3),(0.266801269980988,0.454620567792539),
 .UNSPECIFIED.)
CURVE()
GEOMETRIC_REPRESENTATION_ITEM()
RATIONAL_B_SPLINE_CURVE((1.01073413780284,1.01229505772381,1.01073413780284))
REPRESENTATION_ITEM('')
);
#49=(
BOUNDED_CURVE()
B_SPLINE_CURVE(2,(#2811,#2812,#2813),.UNSPECIFIED.,.F.,.F.)
B_SPLINE_CURVE_WITH_KNOTS((3,3),(3.06550765649257,5.25483823320408),
 .UNSPECIFIED.)
CURVE()
GEOMETRIC_REPRESENTATION_ITEM()
RATIONAL_B_SPLINE_CURVE((1.6694817464669,1.76908411673771,1.6694817464669))
REPRESENTATION_ITEM('')
);
#50=(
BOUNDED_CURVE()
B_SPLINE_CURVE(2,(#2815,#2816,#2817),.UNSPECIFIED.,.F.,.F.)
B_SPLINE_CURVE_WITH_KNOTS((3,3),(0.266801269980993,0.454620567792551),
 .UNSPECIFIED.)
CURVE()
GEOMETRIC_REPRESENTATION_ITEM()
RATIONAL_B_SPLINE_CURVE((1.01073413780289,1.01229505772386,1.01073413780289))
REPRESENTATION_ITEM('')
);
#51=(
BOUNDED_CURVE()
B_SPLINE_CURVE(2,(#2819,#2820,#2821),.UNSPECIFIED.,.F.,.F.)
B_SPLINE_CURVE_WITH_KNOTS((3,3),(3.06550765649257,5.25483823320408),
 .UNSPECIFIED.)
CURVE()
GEOMETRIC_REPRESENTATION_ITEM()
RATIONAL_B_SPLINE_CURVE((1.6694817464669,1.76908411673772,1.6694817464669))
REPRESENTATION_ITEM('')
);
#52=(
BOUNDED_CURVE()
B_SPLINE_CURVE(2,(#2822,#2823,#2824),.UNSPECIFIED.,.F.,.F.)
B_SPLINE_CURVE_WITH_KNOTS((3,3),(0.266801269980988,0.454620567792546),
 .UNSPECIFIED.)
CURVE()
GEOMETRIC_REPRESENTATION_ITEM()
RATIONAL_B_SPLINE_CURVE((1.01073413780289,1.01229505772386,1.01073413780289))
REPRESENTATION_ITEM('')
);
#53=CONICAL_SURFACE('',#1049,16.,0.785398163397446);
#54=CONICAL_SURFACE('',#1060,16.,0.785398163397446);
#55=FACE_BOUND('',#155,.T.);
#56=FACE_BOUND('',#169,.T.);
#57=PLANE('',#1042);
#58=PLANE('',#1047);
#59=PLANE('',#1048);
#60=PLANE('',#1051);
#61=PLANE('',#1052);
#62=PLANE('',#1053);
#63=PLANE('',#1054);
#64=PLANE('',#1055);
#65=PLANE('',#1056);
#66=PLANE('',#1057);
#67=PLANE('',#1058);
#68=PLANE('',#1059);
#69=PLANE('',#1061);
#70=PLANE('',#1062);
#71=PLANE('',#1063);
#72=PLANE('',#1064);
#73=PLANE('',#1065);
#74=PLANE('',#1066);
#75=PLANE('',#1067);
#76=PLANE('',#1068);
#77=PLANE('',#1069);
#78=PLANE('',#1071);
#79=FACE_OUTER_BOUND('',#132,.T.);
#80=FACE_OUTER_BOUND('',#133,.T.);
#81=FACE_OUTER_BOUND('',#134,.T.);
#82=FACE_OUTER_BOUND('',#135,.T.);
#83=FACE_OUTER_BOUND('',#136,.T.);
#84=FACE_OUTER_BOUND('',#137,.T.);
#85=FACE_OUTER_BOUND('',#138,.T.);
#86=FACE_OUTER_BOUND('',#139,.T.);
#87=FACE_OUTER_BOUND('',#140,.T.);
#88=FACE_OUTER_BOUND('',#141,.T.);
#89=FACE_OUTER_BOUND('',#142,.T.);
#90=FACE_OUTER_BOUND('',#143,.T.);
#91=FACE_OUTER_BOUND('',#144,.T.);
#92=FACE_OUTER_BOUND('',#145,.T.);
#93=FACE_OUTER_BOUND('',#146,.T.);
#94=FACE_OUTER_BOUND('',#147,.T.);
#95=FACE_OUTER_BOUND('',#148,.T.);
#96=FACE_OUTER_BOUND('',#149,.T.);
#97=FACE_OUTER_BOUND('',#150,.T.);
#98=FACE_OUTER_BOUND('',#151,.T.);
#99=FACE_OUTER_BOUND('',#152,.T.);
#100=FACE_OUTER_BOUND('',#153,.T.);
#101=FACE_OUTER_BOUND('',#154,.T.);
#102=FACE_OUTER_BOUND('',#156,.T.);
#103=FACE_OUTER_BOUND('',#157,.T.);
#104=FACE_OUTER_BOUND('',#158,.T.);
#105=FACE_OUTER_BOUND('',#159,.T.);
#106=FACE_OUTER_BOUND('',#160,.T.);
#107=FACE_OUTER_BOUND('',#161,.T.);
#108=FACE_OUTER_BOUND('',#162,.T.);
#109=FACE_OUTER_BOUND('',#163,.T.);
#110=FACE_OUTER_BOUND('',#164,.T.);
#111=FACE_OUTER_BOUND('',#165,.T.);
#112=FACE_OUTER_BOUND('',#166,.T.);
#113=FACE_OUTER_BOUND('',#167,.T.);
#114=FACE_OUTER_BOUND('',#168,.T.);
#115=FACE_OUTER_BOUND('',#170,.T.);
#116=FACE_OUTER_BOUND('',#171,.T.);
#117=FACE_OUTER_BOUND('',#172,.T.);
#118=FACE_OUTER_BOUND('',#173,.T.);
#119=FACE_OUTER_BOUND('',#174,.T.);
#120=FACE_OUTER_BOUND('',#175,.T.);
#121=FACE_OUTER_BOUND('',#176,.T.);
#122=FACE_OUTER_BOUND('',#177,.T.);
#123=FACE_OUTER_BOUND('',#178,.T.);
#124=FACE_OUTER_BOUND('',#179,.T.);
#125=FACE_OUTER_BOUND('',#180,.T.);
#126=FACE_OUTER_BOUND('',#181,.T.);
#127=FACE_OUTER_BOUND('',#182,.T.);
#128=FACE_OUTER_BOUND('',#183,.T.);
#129=FACE_OUTER_BOUND('',#184,.T.);
#130=FACE_OUTER_BOUND('',#185,.T.);
#131=FACE_OUTER_BOUND('',#186,.T.);
#132=EDGE_LOOP('',(#610,#611,#612,#613));
#133=EDGE_LOOP('',(#614,#615,#616,#617));
#134=EDGE_LOOP('',(#618,#619,#620,#621));
#135=EDGE_LOOP('',(#622,#623,#624,#625));
#136=EDGE_LOOP('',(#626,#627,#628,#629));
#137=EDGE_LOOP('',(#630,#631,#632,#633));
#138=EDGE_LOOP('',(#634,#635,#636,#637));
#139=EDGE_LOOP('',(#638,#639,#640,#641));
#140=EDGE_LOOP('',(#642,#643,#644,#645));
#141=EDGE_LOOP('',(#646,#647,#648,#649));
#142=EDGE_LOOP('',(#650,#651,#652,#653,#654,#655,#656,#657,#658,#659,#660,
#661));
#143=EDGE_LOOP('',(#662,#663,#664,#665));
#144=EDGE_LOOP('',(#666,#667,#668,#669));
#145=EDGE_LOOP('',(#670,#671,#672,#673));
#146=EDGE_LOOP('',(#674,#675,#676,#677));
#147=EDGE_LOOP('',(#678,#679,#680,#681));
#148=EDGE_LOOP('',(#682,#683,#684,#685));
#149=EDGE_LOOP('',(#686,#687,#688,#689));
#150=EDGE_LOOP('',(#690,#691,#692,#693));
#151=EDGE_LOOP('',(#694,#695,#696,#697));
#152=EDGE_LOOP('',(#698,#699,#700,#701));
#153=EDGE_LOOP('',(#702,#703,#704,#705));
#154=EDGE_LOOP('',(#706));
#155=EDGE_LOOP('',(#707,#708,#709,#710,#711,#712,#713));
#156=EDGE_LOOP('',(#714,#715,#716,#717));
#157=EDGE_LOOP('',(#718,#719,#720,#721));
#158=EDGE_LOOP('',(#722,#723,#724,#725));
#159=EDGE_LOOP('',(#726,#727,#728,#729,#730,#731,#732,#733,#734,#735,#736,
#737,#738,#739,#740,#741,#742,#743,#744,#745));
#160=EDGE_LOOP('',(#746,#747,#748,#749));
#161=EDGE_LOOP('',(#750,#751,#752,#753));
#162=EDGE_LOOP('',(#754,#755,#756,#757,#758,#759));
#163=EDGE_LOOP('',(#760,#761,#762,#763));
#164=EDGE_LOOP('',(#764,#765,#766,#767));
#165=EDGE_LOOP('',(#768,#769,#770,#771));
#166=EDGE_LOOP('',(#772,#773,#774,#775));
#167=EDGE_LOOP('',(#776,#777,#778,#779));
#168=EDGE_LOOP('',(#780));
#169=EDGE_LOOP('',(#781,#782,#783,#784,#785,#786));
#170=EDGE_LOOP('',(#787,#788,#789,#790,#791,#792,#793,#794,#795,#796,#797,
#798,#799,#800,#801,#802,#803,#804,#805,#806));
#171=EDGE_LOOP('',(#807,#808,#809,#810));
#172=EDGE_LOOP('',(#811,#812,#813,#814));
#173=EDGE_LOOP('',(#815,#816,#817,#818));
#174=EDGE_LOOP('',(#819,#820,#821,#822));
#175=EDGE_LOOP('',(#823,#824,#825,#826));
#176=EDGE_LOOP('',(#827,#828,#829,#830));
#177=EDGE_LOOP('',(#831,#832,#833,#834));
#178=EDGE_LOOP('',(#835,#836,#837,#838));
#179=EDGE_LOOP('',(#839,#840,#841,#842,#843,#844));
#180=EDGE_LOOP('',(#845,#846,#847,#848));
#181=EDGE_LOOP('',(#849,#850,#851,#852,#853,#854,#855,#856,#857,#858,#859,
#860,#861,#862));
#182=EDGE_LOOP('',(#863,#864,#865,#866,#867,#868,#869,#870,#871,#872,#873,
#874,#875,#876));
#183=EDGE_LOOP('',(#877,#878,#879,#880,#881,#882,#883,#884,#885,#886,#887,
#888,#889,#890));
#184=EDGE_LOOP('',(#891,#892,#893,#894,#895,#896,#897,#898,#899,#900,#901,
#902,#903,#904));
#185=EDGE_LOOP('',(#905,#906,#907,#908,#909,#910,#911));
#186=EDGE_LOOP('',(#912,#913,#914,#915));
#187=CIRCLE('',#1009,13.60415);
#188=CIRCLE('',#1019,13.60415);
#189=CIRCLE('',#1021,12.7631);
#190=CIRCLE('',#1022,12.7631000000001);
#191=CIRCLE('',#1023,12.7631);
#192=CIRCLE('',#1024,12.7631000000001);
#193=CIRCLE('',#1025,12.7631);
#194=CIRCLE('',#1035,12.7631);
#195=CIRCLE('',#1037,1.);
#196=CIRCLE('',#1038,1.);
#197=CIRCLE('',#1040,10.2);
#198=CIRCLE('',#1041,10.2);
#199=CIRCLE('',#1043,15.5);
#200=CIRCLE('',#1044,1.);
#201=CIRCLE('',#1046,1.);
#202=CIRCLE('',#1050,15.5);
#203=B_SPLINE_CURVE_WITH_KNOTS('',3,(#1260,#1261,#1262,#1263,#1264,#1265,
#1266,#1267,#1268,#1269,#1270,#1271,#1272,#1273,#1274,#1275,#1276,#1277,
#1278,#1279,#1280,#1281),.UNSPECIFIED.,.F.,.F.,(4,3,3,3,3,3,3,4),(85.7488694448787,
86.4292171583248,87.2182388399466,88.0072605215684,88.7962822031902,89.585303884812,
90.3743255664338,91.1633472480553),.UNSPECIFIED.);
#204=B_SPLINE_CURVE_WITH_KNOTS('',3,(#1284,#1285,#1286,#1287,#1288,#1289,
#1290,#1291,#1292,#1293,#1294,#1295,#1296,#1297,#1298,#1299,#1300,#1301,
#1302,#1303,#1304,#1305,#1306,#1307,#1308,#1309,#1310,#1311,#1312,#1313,
#1314),.UNSPECIFIED.,.F.,.F.,(4,3,3,3,3,3,3,3,3,3,4),(5.4035487225637,5.9485101422305,
6.73753623038065,7.52656231853082,8.31558840668097,9.10461449483112,9.89364058298129,
10.6826666711314,11.4716927592816,12.2607188474318,12.8530075215029),
 .UNSPECIFIED.);
#205=B_SPLINE_CURVE_WITH_KNOTS('',3,(#1319,#1320,#1321,#1322,#1323,#1324,
#1325,#1326,#1327,#1328,#1329,#1330,#1331,#1332,#1333,#1334,#1335,#1336,
#1337,#1338,#1339,#1340,#1341,#1342,#1343,#1344,#1345,#1346,#1347,#1348,
#1349,#1350,#1351,#1352,#1353,#1354,#1355),.UNSPECIFIED.,.F.,.F.,(4,3,3,
3,3,3,3,3,3,3,3,3,4),(77.1728710818773,77.8375846712392,78.5389428680177,
79.3279708393934,80.1169988107691,80.9060267821448,81.6950547535205,82.4840827248963,
83.273110696272,84.0621386676477,84.8511666390234,85.6401946103991,85.7488694448787),
 .UNSPECIFIED.);
#206=B_SPLINE_CURVE_WITH_KNOTS('',3,(#1356,#1357,#1358,#1359,#1360,#1361,
#1362,#1363,#1364,#1365,#1366,#1367,#1368,#1369,#1370,#1371,#1372,#1373,
#1374,#1375,#1376,#1377,#1378,#1379,#1380,#1381,#1382,#1383,#1384,#1385,
#1386,#1387,#1388,#1389,#1390,#1391,#1392,#1393,#1394,#1395,#1396,#1397,
#1398),.UNSPECIFIED.,.F.,.F.,(4,3,3,3,3,3,3,3,3,3,3,3,3,3,4),(12.8530075215029,
13.0497455251822,13.8387739779562,14.6278024307302,15.4168308835043,16.1181895081923,
16.8195481328803,17.5209067575683,18.2222653822563,19.1574102151737,19.391196423403,
19.6249826316323,20.5601274645497,21.0276998810084,21.4290111168351),
 .UNSPECIFIED.);
#207=B_SPLINE_CURVE_WITH_KNOTS('',3,(#1403,#1404,#1405,#1406,#1407,#1408,
#1409,#1410,#1411,#1412,#1413,#1414,#1415,#1416,#1417,#1418,#1419,#1420,
#1421,#1422,#1423,#1424,#1425,#1426,#1427,#1428,#1429,#1430,#1431,#1432,
#1433,#1434,#1435,#1436,#1437,#1438,#1439,#1440,#1441,#1442,#1443,#1444,
#1445),.UNSPECIFIED.,.F.,.F.,(4,3,3,3,3,3,3,3,3,3,3,3,3,3,4),(68.5969879234599,
69.0707160524086,69.5967276337769,70.1227392151452,70.8240879903029,71.5254367654606,
72.2267855406183,72.928134315776,73.8632660159863,74.3308318660914,74.7983977161965,
75.7335294164068,76.4348781915646,77.1362269667223,77.1728710818773),
 .UNSPECIFIED.);
#208=B_SPLINE_CURVE_WITH_KNOTS('',3,(#1446,#1447,#1448,#1449,#1450,#1451,
#1452,#1453,#1454,#1455,#1456,#1457,#1458,#1459,#1460,#1461,#1462,#1463,
#1464,#1465,#1466,#1467,#1468,#1469,#1470,#1471,#1472,#1473,#1474,#1475,
#1476,#1477,#1478,#1479),.UNSPECIFIED.,.F.,.F.,(4,3,3,3,3,3,3,3,3,3,3,4),
(21.4290111168351,21.7290608084233,22.430424815719,23.1317888230146,23.8331528303103,
24.8851988412538,25.9372448521973,26.463267857669,26.9892908631408,28.0413368740842,
29.0933828850277,30.0050805287502),.UNSPECIFIED.);
#209=B_SPLINE_CURVE_WITH_KNOTS('',3,(#1484,#1485,#1486,#1487,#1488,#1489,
#1490,#1491,#1492,#1493,#1494,#1495,#1496,#1497,#1498,#1499,#1500,#1501,
#1502,#1503,#1504,#1505,#1506,#1507,#1508,#1509,#1510,#1511,#1512,#1513,
#1514,#1515,#1516,#1517,#1518,#1519,#1520,#1521,#1522,#1523,#1524,#1525,
#1526,#1527,#1528,#1529),.UNSPECIFIED.,.F.,.F.,(4,3,3,3,3,3,3,3,3,3,3,3,
3,3,3,4),(60.0211781529484,60.6545987177889,61.7066128778775,62.7586270379662,
63.2846341180106,63.8106411980549,64.3366482780993,64.8626553581436,65.3886624381879,
65.9146695182323,66.4406765982766,66.9666836783209,67.4926907583653,68.0186978384096,
68.544704918454,68.5969879234599),.UNSPECIFIED.);
#210=B_SPLINE_CURVE_WITH_KNOTS('',3,(#1530,#1531,#1532,#1533,#1534,#1535,
#1536,#1537,#1538,#1539,#1540,#1541,#1542,#1543,#1544,#1545,#1546,#1547,
#1548,#1549,#1550,#1551,#1552,#1553,#1554,#1555,#1556,#1557,#1558,#1559,
#1560,#1561,#1562,#1563,#1564,#1565,#1566,#1567,#1568,#1569),
 .UNSPECIFIED.,.F.,.F.,(4,3,3,3,3,3,3,3,3,3,3,3,3,4),(30.0050805287502,
30.1454292202029,31.1974776615746,32.2495261029463,33.301574544318,34.3536229856897,
35.4056714270614,35.9316956477472,36.4577198684331,36.9837440891189,37.5097683098047,
38.0357925304906,38.5618167511764,38.5811697528985),.UNSPECIFIED.);
#211=B_SPLINE_CURVE_WITH_KNOTS('',3,(#1574,#1575,#1576,#1577,#1578,#1579,
#1580,#1581,#1582,#1583,#1584,#1585,#1586,#1587,#1588,#1589,#1590,#1591,
#1592,#1593,#1594,#1595,#1596,#1597,#1598,#1599,#1600,#1601,#1602,#1603,
#1604,#1605,#1606,#1607,#1608,#1609,#1610,#1611,#1612,#1613,#1614,#1615,
#1616),.UNSPECIFIED.,.F.,.F.,(4,3,3,3,3,3,3,3,3,3,3,3,3,3,4),(51.4452404849405,
51.8876927514975,52.5890459845344,53.2903992175714,53.6410758340898,53.9917524506083,
54.6931056836452,55.3944589166821,55.9204738414599,56.4464887662375,56.9725036910152,
57.4985186157929,58.5505484653483,59.6025783149037,60.0211781529484),
 .UNSPECIFIED.);
#212=B_SPLINE_CURVE_WITH_KNOTS('',3,(#1617,#1618,#1619,#1620,#1621,#1622,
#1623,#1624,#1625,#1626,#1627,#1628,#1629,#1630,#1631,#1632,#1633,#1634,
#1635,#1636,#1637,#1638,#1639,#1640,#1641,#1642,#1643,#1644,#1645,#1646,
#1647,#1648,#1649,#1650,#1651,#1652,#1653),.UNSPECIFIED.,.F.,.F.,(4,3,3,
3,3,3,3,3,3,3,3,3,4),(38.5811697528985,39.2631803118965,39.9645438139668,
40.665907316037,41.3672708181072,42.0686343201774,42.7699978222476,43.2960204488002,
43.8220430753529,44.8740883284582,45.9261335815635,46.9781788346688,47.157232987106),
 .UNSPECIFIED.);
#213=B_SPLINE_CURVE_WITH_KNOTS('',3,(#1658,#1659,#1660,#1661,#1662,#1663,
#1664,#1665,#1666,#1667,#1668,#1669,#1670,#1671,#1672,#1673,#1674,#1675,
#1676,#1677,#1678,#1679,#1680,#1681,#1682,#1683,#1684,#1685,#1686,#1687,
#1688,#1689,#1690,#1691,#1692,#1693,#1694,#1695,#1696,#1697),
 .UNSPECIFIED.,.F.,.F.,(4,3,3,3,3,3,3,3,3,3,3,3,3,4),(42.8692074863182,
43.2960250603692,43.8220458323775,44.3480666043858,44.8740873763941,45.5754484057384,
46.2768094350828,46.9781704644272,47.5041912364355,48.0302120084438,49.0822535524603,
50.1342950964769,51.1863366404935,51.4452404849405),.UNSPECIFIED.);
#214=B_SPLINE_CURVE_WITH_KNOTS('',3,(#1698,#1699,#1700,#1701,#1702,#1703,
#1704,#1705,#1706,#1707,#1708,#1709,#1710,#1711,#1712,#1713,#1714,#1715,
#1716,#1717,#1718,#1719,#1720,#1721,#1722,#1723,#1724,#1725,#1726,#1727,
#1728,#1729,#1730,#1731),.UNSPECIFIED.,.F.,.F.,(4,3,3,3,3,3,3,3,3,3,3,4),
(47.157232987106,47.6795379482317,48.3808955573597,49.0822531664877,49.6082713733337,
50.1342895801797,51.1863259938716,52.2383624075636,53.2903988212556,54.3424352349475,
55.3944716486395,55.7332241645187),.UNSPECIFIED.);
#215=B_SPLINE_CURVE_WITH_KNOTS('',3,(#1736,#1737,#1738,#1739,#1740,#1741,
#1742,#1743,#1744,#1745,#1746,#1747,#1748,#1749,#1750,#1751,#1752,#1753,
#1754,#1755,#1756,#1757,#1758,#1759,#1760,#1761,#1762,#1763,#1764,#1765,
#1766,#1767,#1768,#1769,#1770,#1771,#1772,#1773,#1774,#1775,#1776,#1777,
#1778,#1779,#1780,#1781),.UNSPECIFIED.,.F.,.F.,(4,3,3,3,3,3,3,3,3,3,3,3,
3,3,3,4),(34.293125526202,34.3536233198354,35.0549883533487,35.5225650423576,
36.4577184203755,37.5097659706456,38.5618135209156,39.0878372960507,39.6138610711857,
40.1398848463207,40.6659086214557,41.1919323965908,41.7179561717258,42.2439799468608,
42.7700037219959,42.8692074863182),.UNSPECIFIED.);
#216=B_SPLINE_CURVE_WITH_KNOTS('',3,(#1782,#1783,#1784,#1785,#1786,#1787,
#1788,#1789,#1790,#1791,#1792,#1793,#1794,#1795,#1796,#1797,#1798,#1799,
#1800,#1801,#1802,#1803,#1804,#1805,#1806,#1807,#1808,#1809,#1810,#1811,
#1812,#1813,#1814,#1815,#1816,#1817,#1818),.UNSPECIFIED.,.F.,.F.,(4,3,3,
3,3,3,3,3,3,3,3,3,4),(55.7332241645187,56.4464981786273,57.4985200146501,
58.4336505355593,58.9012157960139,59.6025636866957,60.3039115773776,61.0052594680595,
61.7066073587413,62.4079552494232,63.1093031401051,63.8106510307869,64.3090965078219),
 .UNSPECIFIED.);
#217=B_SPLINE_CURVE_WITH_KNOTS('',3,(#1823,#1824,#1825,#1826,#1827,#1828,
#1829,#1830,#1831,#1832,#1833,#1834,#1835,#1836,#1837,#1838,#1839,#1840,
#1841,#1842,#1843,#1844,#1845,#1846,#1847,#1848,#1849,#1850,#1851,#1852,
#1853,#1854,#1855,#1856,#1857,#1858,#1859,#1860,#1861,#1862),
 .UNSPECIFIED.,.F.,.F.,(4,3,3,3,3,3,3,3,3,3,3,3,3,4),(25.7170404811976,
25.9372399119733,26.6386051977753,27.3399704835773,28.0413357693793,28.7427010551812,
29.4440663409832,30.1454316267852,30.8467969125872,31.5481621983892,32.2495274841911,
32.9508927699931,33.6522580557951,34.293125526202),.UNSPECIFIED.);
#218=B_SPLINE_CURVE_WITH_KNOTS('',3,(#1863,#1864,#1865,#1866,#1867,#1868,
#1869,#1870,#1871,#1872,#1873,#1874,#1875,#1876,#1877,#1878,#1879,#1880,
#1881,#1882,#1883,#1884,#1885,#1886,#1887,#1888,#1889,#1890,#1891,#1892,
#1893,#1894,#1895,#1896,#1897,#1898,#1899,#1900,#1901,#1902,#1903,#1904,
#1905),.UNSPECIFIED.,.F.,.F.,(4,3,3,3,3,3,3,3,3,3,3,3,3,3,4),(64.3090965078219,
64.5119975798234,65.2133408330043,65.9146840861851,66.6160273393659,67.3173705925467,
68.0187138457275,68.7200570989084,69.4214003520892,70.12274360527,70.8240868584508,
71.1747584850413,71.5254301116317,72.4605544492061,72.884912145053),
 .UNSPECIFIED.);
#219=B_SPLINE_CURVE_WITH_KNOTS('',3,(#1910,#1911,#1912,#1913,#1914,#1915,
#1916,#1917,#1918,#1919,#1920,#1921,#1922,#1923,#1924,#1925,#1926,#1927,
#1928,#1929,#1930,#1931,#1932,#1933,#1934,#1935,#1936,#1937,#1938,#1939,
#1940,#1941,#1942,#1943,#1944,#1945,#1946),.UNSPECIFIED.,.F.,.F.,(4,3,3,
3,3,3,3,3,3,3,3,3,4),(17.1409981963441,17.520897348573,18.5729400317586,
19.6249827149442,20.5601317666647,21.4952808183852,22.4304298701057,22.7811107645009,
23.1317916588961,23.8331534476865,24.5345152364769,25.2358770252672,25.7170404811976),
 .UNSPECIFIED.);
#220=B_SPLINE_CURVE_WITH_KNOTS('',3,(#1947,#1948,#1949,#1950,#1951,#1952,
#1953,#1954,#1955,#1956,#1957,#1958,#1959,#1960,#1961,#1962,#1963,#1964,
#1965,#1966,#1967,#1968,#1969,#1970,#1971,#1972,#1973,#1974,#1975,#1976,
#1977),.UNSPECIFIED.,.F.,.F.,(4,3,3,3,3,3,3,3,3,3,4),(72.884912145053,73.3956865902277,
74.3308252145483,75.382856166909,76.4348871192697,77.4869180716304,78.5389490239911,
79.3279722382616,80.1169954525322,80.9060186668027,81.4608588028956),
 .UNSPECIFIED.);
#221=B_SPLINE_CURVE_WITH_KNOTS('',3,(#1983,#1984,#1985,#1986,#1987,#1988,
#1989),.UNSPECIFIED.,.F.,.F.,(4,3,4),(90.0368972002807,90.3743695213395,
91.1633472480322),.UNSPECIFIED.);
#222=B_SPLINE_CURVE_WITH_KNOTS('',3,(#1992,#1993,#1994,#1995,#1996,#1997,
#1998,#1999,#2000,#2001,#2002,#2003,#2004,#2005,#2006,#2007),
 .UNSPECIFIED.,.F.,.F.,(4,3,3,3,3,4),(5.40354872258621,5.94851468853131,
6.73754735903918,7.52658002954703,8.31561270005489,8.56504494856998),
 .UNSPECIFIED.);
#223=B_SPLINE_CURVE_WITH_KNOTS('',3,(#2013,#2014,#2015,#2016,#2017,#2018),
 .UNSPECIFIED.,.F.,.F.,(4,1,1,4),(-83.7590269524079,-83.0331526143756,-82.3072782763434,
-81.8929493478523),.UNSPECIFIED.);
#224=B_SPLINE_CURVE_WITH_KNOTS('',3,(#2034,#2035,#2036,#2037,#2038,#2039,
#2040),.UNSPECIFIED.,.F.,.F.,(4,1,1,1,4),(-5.10313206925041,-4.63872410688725,
-3.91284976885496,-3.18697543082266,-2.92761848719338),.UNSPECIFIED.);
#225=B_SPLINE_CURVE_WITH_KNOTS('',3,(#2045,#2046,#2047,#2048,#2049,#2050,
#2051,#2052,#2053,#2054,#2055,#2056,#2057,#2058,#2059),.UNSPECIFIED.,.F.,
 .F.,(4,1,1,1,1,1,1,1,1,1,1,1,4),(-81.8929493478523,-81.5814039383111,-80.8555296002788,
-80.1296552622465,-79.4037809242142,-78.6779065861819,-77.9520322481496,
-77.2261579101173,-76.500283572085,-75.7744092340527,-75.0485348960204,
-74.3226605579881,-73.8098269751493),.UNSPECIFIED.);
#226=B_SPLINE_CURVE_WITH_KNOTS('',3,(#2060,#2061,#2062,#2063,#2064,#2065,
#2066,#2067,#2068,#2069,#2070,#2071,#2072,#2073,#2074),.UNSPECIFIED.,.F.,
 .F.,(4,1,1,1,1,1,1,1,1,1,1,1,4),(-13.1863958834987,-12.6233418252425,-11.8974674872102,
-11.1715931491779,-10.4457188111456,-9.71984447311334,-8.99397013508104,
-8.26809579704874,-7.54222145901644,-6.81634712098415,-6.09047278295185,
-5.36459844491955,-5.10313206925041),.UNSPECIFIED.);
#227=B_SPLINE_CURVE_WITH_KNOTS('',3,(#2079,#2080,#2081,#2082,#2083,#2084,
#2085,#2086,#2087,#2088,#2089,#2090,#2091,#2092,#2093,#2094),
 .UNSPECIFIED.,.F.,.F.,(4,1,1,1,1,1,1,1,1,1,1,1,1,4),(-73.8098269751493,
-73.5967862199559,-72.8709118819236,-72.1450375438913,-71.4998159100848,
-70.8545942762783,-70.2093726424718,-69.5641510086653,-68.7038554969234,
-68.2737077410524,-67.6284861072459,-66.9832644734394,-66.3380428396329,
-65.726776216457),.UNSPECIFIED.);
#228=B_SPLINE_CURVE_WITH_KNOTS('',3,(#2095,#2096,#2097,#2098,#2099,#2100,
#2101,#2102,#2103,#2104,#2105,#2106,#2107,#2108,#2109,#2110),
 .UNSPECIFIED.,.F.,.F.,(4,1,1,1,1,1,1,1,1,1,1,1,1,4),(-21.2694796800806,
-21.1725284731785,-20.527306839372,-19.8820852055655,-19.236863571759,-19.0217896938235,
-18.376568060017,-17.946420304146,-16.9785878534363,-16.0107554027266,-15.0429229520168,
-14.0750905013071,-13.3492161632748,-13.1863958834987),.UNSPECIFIED.);
#229=B_SPLINE_CURVE_WITH_KNOTS('',3,(#2115,#2116,#2117,#2118,#2119,#2120,
#2121,#2122,#2123,#2124,#2125,#2126,#2127,#2128),.UNSPECIFIED.,.F.,.F.,
(4,1,1,1,1,1,1,1,1,1,1,4),(-65.726776216457,-65.6928212058265,-65.04759957202,
-64.4023779382135,-63.4345454875038,-62.4667130367941,-61.9827968114392,
-61.4988805860844,-60.5310481353746,-59.5632156846649,-58.5953832339552,
-57.6436810761044),.UNSPECIFIED.);
#230=B_SPLINE_CURVE_WITH_KNOTS('',3,(#2129,#2130,#2131,#2132,#2133,#2134,
#2135,#2136,#2137,#2138,#2139,#2140,#2141,#2142,#2143,#2144),
 .UNSPECIFIED.,.F.,.F.,(4,1,1,1,1,1,1,1,1,1,1,1,1,4),(-29.3524497806995,
-29.3184515999854,-28.5925772619531,-27.6247448112433,-26.6569123605336,
-25.6890799098239,-25.4740060318884,-25.2589321539529,-24.3986366422109,
-23.7534150084044,-23.1081933745979,-22.4629717407914,-21.817750106985,
-21.2694796800806),.UNSPECIFIED.);
#231=B_SPLINE_CURVE_WITH_KNOTS('',3,(#2149,#2150,#2151,#2152,#2153,#2154,
#2155,#2156,#2157,#2158,#2159,#2160,#2161,#2162,#2163,#2164),
 .UNSPECIFIED.,.F.,.F.,(4,1,1,1,1,1,1,1,1,1,1,1,1,4),(-57.6436810761044,
-57.6275507832455,-56.6597183325358,-56.0144966987293,-55.3692750649228,
-54.7240534311163,-54.0788317973098,-53.2185362855679,-52.7883885296969,
-52.1431668958904,-51.4979452620839,-50.8527236282774,-49.8848911775677,
-49.5599152197462),.UNSPECIFIED.);
#232=B_SPLINE_CURVE_WITH_KNOTS('',3,(#2165,#2166,#2167,#2168,#2169,#2170,
#2171,#2172,#2173,#2174,#2175,#2176,#2177,#2178,#2179),.UNSPECIFIED.,.F.,
 .F.,(4,1,1,1,1,1,1,1,1,1,1,1,4),(-37.4357599677497,-37.3030693183406,-36.5771949803083,
-35.851320642276,-35.1254463042437,-34.3995719662114,-33.6736976281791,
-32.9478232901468,-32.2219489521145,-31.4960746140823,-30.77020027605,-30.0443259380177,
-29.3524497806995),.UNSPECIFIED.);
#233=B_SPLINE_CURVE_WITH_KNOTS('',3,(#2184,#2185,#2186,#2187,#2188,#2189,
#2190,#2191,#2192,#2193,#2194,#2195,#2196,#2197),.UNSPECIFIED.,.F.,.F.,
(4,1,1,1,1,1,1,1,1,1,1,4),(-49.5599152197462,-48.917058726858,-48.1911843888257,
-47.4653100507934,-46.7394357127611,-46.0135613747288,-45.0457289240191,
-44.0778964733094,-43.1100640225997,-42.3841896845674,-41.6583153465351,
-41.4771258675349),.UNSPECIFIED.);
#234=B_SPLINE_CURVE_WITH_KNOTS('',3,(#2198,#2199,#2200,#2201,#2202,#2203,
#2204,#2205,#2206,#2207,#2208,#2209,#2210,#2211,#2212),.UNSPECIFIED.,.F.,
 .F.,(4,1,1,1,1,1,1,1,1,1,1,1,4),(-45.5187403059233,-45.0457289240185,-44.5618126986636,
-43.8359383606313,-43.110064022599,-42.3841896845667,-41.6583153465344,
-40.9324410085021,-40.2065666704698,-39.4806923324375,-38.7548179944052,
-38.0289436563729,-37.4357599677497),.UNSPECIFIED.);
#235=B_SPLINE_CURVE_WITH_KNOTS('',3,(#2217,#2218,#2219,#2220,#2221,#2222,
#2223,#2224,#2225,#2226,#2227,#2228,#2229,#2230,#2231),.UNSPECIFIED.,.F.,
 .F.,(4,1,1,1,1,1,1,1,1,1,1,1,4),(-41.4771258675349,-40.9324410085028,-40.2065666704705,
-39.4806923324382,-38.7548179944059,-38.0289436563736,-37.3030693183413,
-36.577194980309,-35.8513206422768,-35.1254463042445,-34.3995719662122,
-33.6736976281799,-33.3940883462),.UNSPECIFIED.);
#236=B_SPLINE_CURVE_WITH_KNOTS('',3,(#2232,#2233,#2234,#2235,#2236,#2237,
#2238,#2239,#2240,#2241,#2242,#2243,#2244),.UNSPECIFIED.,.F.,.F.,(4,1,1,
1,1,1,1,1,1,1,4),(-53.6017647887039,-52.7883885296963,-51.8205560789866,
-50.8527236282768,-49.8848911775671,-48.9170587268574,-48.1911843888251,
-47.4653100507928,-46.7394357127605,-46.0135613747282,-45.5187403059233),
 .UNSPECIFIED.);
#237=B_SPLINE_CURVE_WITH_KNOTS('',3,(#2249,#2250,#2251,#2252,#2253,#2254,
#2255,#2256,#2257,#2258,#2259,#2260,#2261,#2262,#2263,#2264),
 .UNSPECIFIED.,.F.,.F.,(4,1,1,1,1,1,1,1,1,1,1,1,1,4),(-33.3940883462,-32.9478232901476,
-32.2219489521153,-31.496074614083,-30.8508529802765,-30.2056313464701,
-29.5604097126636,-28.5925772619538,-27.6247448112441,-27.1408285858893,
-26.6569123605344,-26.1729961351795,-25.6890799098247,-25.3110657078507),
 .UNSPECIFIED.);
#238=B_SPLINE_CURVE_WITH_KNOTS('',3,(#2265,#2266,#2267,#2268,#2269,#2270,
#2271,#2272,#2273,#2274,#2275,#2276,#2277),.UNSPECIFIED.,.F.,.F.,(4,1,1,
1,1,1,1,1,1,1,4),(-61.6853477116675,-61.4988805860839,-60.5310481353741,
-59.5632156846644,-58.5953832339547,-57.6275507832449,-56.6597183325352,
-55.6918858818255,-54.7240534311158,-53.756220980406,-53.6017647887039),
 .UNSPECIFIED.);
#239=B_SPLINE_CURVE_WITH_KNOTS('',3,(#2282,#2283,#2284,#2285,#2286,#2287,
#2288,#2289,#2290,#2291,#2292,#2293,#2294,#2295,#2296,#2297,#2298,#2299),
 .UNSPECIFIED.,.F.,.F.,(4,1,1,1,1,1,1,1,1,1,1,1,1,1,1,4),(-25.3110657078507,
-25.2589321539537,-24.6137105201472,-24.3986366422117,-23.7534150084052,
-23.1081933745988,-22.4629717407923,-21.8177501069858,-21.1725284731793,
-20.5273068393728,-19.8820852055664,-19.2368635717599,-18.3765680600179,
-17.9464203041469,-17.4625040787921,-17.2278812671701),.UNSPECIFIED.);
#240=B_SPLINE_CURVE_WITH_KNOTS('',3,(#2300,#2301,#2302,#2303,#2304,#2305,
#2306,#2307,#2308,#2309,#2310,#2311,#2312,#2313,#2314,#2315),
 .UNSPECIFIED.,.F.,.F.,(4,1,1,1,1,1,1,1,1,1,1,1,1,4),(-69.7683853708226,
-69.5641510086649,-68.703855496923,-68.4887816189875,-68.273707741052,-67.41341222931,
-66.983264473439,-66.3380428396325,-65.692821205826,-65.0475995720195,-64.402377938213,
-63.4345454875033,-62.4667130367936,-61.6853477116675),.UNSPECIFIED.);
#241=B_SPLINE_CURVE_WITH_KNOTS('',3,(#2321,#2322,#2323,#2324,#2325,#2326,
#2327,#2328,#2329,#2330,#2331,#2332),.UNSPECIFIED.,.F.,.F.,(4,1,1,1,1,1,
1,1,1,4),(-83.7590269524076,-83.0331526143754,-82.3072782763431,-81.5814039383108,
-80.8555296002785,-80.1296552622462,-79.4037809242139,-78.6779065861816,
-77.9520322481493,-77.8513021872411),.UNSPECIFIED.);
#242=B_SPLINE_CURVE_WITH_KNOTS('',3,(#2335,#2336,#2337,#2338,#2339,#2340,
#2341,#2342,#2343,#2344,#2345,#2346,#2347),.UNSPECIFIED.,.F.,.F.,(4,1,1,
1,1,1,1,1,1,1,4),(-9.14480264101373,-8.993970135082,-8.26809579704971,-7.54222145901742,
-6.81634712098513,-6.09047278295284,-5.36459844492055,-4.63872410688826,
-3.91284976885597,-3.18697543082368,-2.92761864600075),.UNSPECIFIED.);
#243=B_SPLINE_CURVE_WITH_KNOTS('',3,(#2506,#2507,#2508,#2509,#2510,#2511,
#2512,#2513,#2514,#2515,#2516,#2517,#2518,#2519,#2520,#2521,#2522,#2523,
#2524,#2525,#2526,#2527,#2528,#2529,#2530,#2531,#2532,#2533),
 .UNSPECIFIED.,.F.,.F.,(4,3,3,3,3,3,3,3,3,4),(0.,0.0850505906977847,0.16309256483692,
0.232623052763913,0.267907277582311,0.318543553645254,0.370481758490718,
0.422637119796472,0.473901654213117,0.510326666887132),.UNSPECIFIED.);
#244=B_SPLINE_CURVE_WITH_KNOTS('',3,(#2535,#2536,#2537,#2538,#2539,#2540,
#2541,#2542,#2543,#2544,#2545,#2546,#2547,#2548,#2549,#2550,#2551,#2552,
#2553,#2554,#2555,#2556,#2557,#2558,#2559,#2560,#2561,#2562),
 .UNSPECIFIED.,.F.,.F.,(4,3,3,3,3,3,3,3,3,4),(0.,0.0302834698765702,0.0611070327191053,
0.091892924179112,0.122295965309581,0.1468898728602,0.168277026934665,0.21464010542677,
0.264421076730965,0.3092384380057),.UNSPECIFIED.);
#245=B_SPLINE_CURVE_WITH_KNOTS('',3,(#2563,#2564,#2565,#2566,#2567,#2568,
#2569,#2570,#2571,#2572,#2573,#2574,#2575,#2576,#2577,#2578,#2579,#2580,
#2581,#2582,#2583,#2584,#2585,#2586,#2587,#2588,#2589,#2590,#2591,#2592,
#2593,#2594,#2595,#2596,#2597,#2598,#2599,#2600,#2601,#2602,#2603,#2604,
#2605,#2606,#2607,#2608,#2609,#2610,#2611,#2612,#2613,#2614,#2615,#2616,
#2617,#2618,#2619,#2620,#2621,#2622,#2623,#2624,#2625,#2626,#2627,#2628,
#2629,#2630,#2631,#2632,#2633,#2634,#2635,#2636,#2637,#2638,#2639,#2640,
#2641,#2642,#2643,#2644,#2645,#2646,#2647,#2648,#2649,#2650,#2651,#2652,
#2653,#2654,#2655,#2656,#2657,#2658,#2659,#2660,#2661,#2662,#2663,#2664,
#2665,#2666,#2667,#2668,#2669,#2670,#2671,#2672,#2673,#2674,#2675,#2676,
#2677),.UNSPECIFIED.,.F.,.F.,(4,3,3,3,3,3,3,3,3,3,3,3,3,3,3,3,3,3,3,3,3,
3,3,3,3,3,3,3,3,3,3,3,3,3,3,3,3,3,4),(0.386986135380305,0.476970116230577,
0.498478487670481,0.587717965851611,0.678045061633716,0.768994775118266,
0.860934131316378,0.950949067932191,0.997399850926821,1.00953124183581,
1.10126001270072,1.13675219991071,1.2268585464116,1.31842093464839,1.41021905421047,
1.47152644064312,1.49834842220741,1.51111973272693,1.52030080790155,1.6153951423441,
1.70805519344627,1.804366669559,1.90067814567174,1.99778504742716,2.01970191901615,
2.02939817012615,2.03864182411581,2.1304168374593,2.22327131481381,2.31671732574592,
2.40988718379347,2.50230247752307,2.54611019807108,2.56019616124201,2.65436640987931,
2.6775333597151,2.77013738351308,2.86402627011845,2.92097462092119),
 .UNSPECIFIED.);
#246=B_SPLINE_CURVE_WITH_KNOTS('',3,(#2678,#2679,#2680,#2681,#2682,#2683,
#2684,#2685,#2686,#2687,#2688,#2689,#2690,#2691,#2692,#2693,#2694,#2695,
#2696,#2697,#2698,#2699,#2700,#2701,#2702,#2703,#2704,#2705,#2706,#2707,
#2708,#2709,#2710,#2711,#2712,#2713,#2714,#2715,#2716,#2717,#2718,#2719,
#2720,#2721,#2722,#2723,#2724,#2725,#2726,#2727,#2728,#2729,#2730,#2731,
#2732,#2733,#2734,#2735,#2736,#2737,#2738,#2739,#2740,#2741,#2742,#2743,
#2744,#2745,#2746,#2747,#2748,#2749,#2750,#2751,#2752,#2753,#2754,#2755,
#2756,#2757,#2758,#2759,#2760,#2761,#2762,#2763,#2764,#2765,#2766,#2767,
#2768,#2769,#2770,#2771,#2772,#2773,#2774,#2775,#2776,#2777,#2778,#2779,
#2780,#2781,#2782,#2783,#2784,#2785,#2786,#2787,#2788,#2789,#2790,#2791,
#2792),.UNSPECIFIED.,.F.,.F.,(4,3,3,3,3,3,3,3,3,3,3,3,3,3,3,3,3,3,3,3,3,
3,3,3,3,3,3,3,3,3,3,3,3,3,3,3,3,3,4),(0.665121975730844,0.763006762391361,
0.857443790080968,0.951680804401131,1.01374573747786,1.04386232090502,1.05843167156945,
1.07259412997313,1.16649566473359,1.25999373385374,1.35409700143436,1.44820026901498,
1.5443111708318,1.56926971077805,1.58460957196841,1.59615182405008,1.68805097677027,
1.78069467138596,1.873486791057,1.96533437306551,2.05615880139487,2.09639097193353,
2.10668722645365,2.11588730973814,2.20761663504153,2.21708748354953,2.31157690655022,
2.40352192290228,2.49534707518969,2.58645804443091,2.61327748799849,2.62469945382854,
2.71573118934055,2.80674263695134,2.89683677081688,2.9730028675551,3.06401511209795,
3.12338281549638,3.20369317309202),.UNSPECIFIED.);
#247=B_SPLINE_CURVE_WITH_KNOTS('',3,(#2843,#2844,#2845,#2846,#2847,#2848,
#2849,#2850,#2851,#2852,#2853,#2854,#2855,#2856),.UNSPECIFIED.,.F.,.F.,
(4,1,1,1,1,1,1,1,1,1,1,4),(-17.2278812671701,-16.9785878534372,-16.0107554027275,
-15.0429229520178,-14.075090501308,-13.3492161632757,-12.6233418252435,
-11.8974674872112,-11.1715931491789,-10.4457188111466,-9.71984447311429,
-9.14480264101373),.UNSPECIFIED.);
#248=B_SPLINE_CURVE_WITH_KNOTS('',3,(#2857,#2858,#2859,#2860,#2861,#2862,
#2863,#2864,#2865,#2866,#2867,#2868,#2869,#2870,#2871),.UNSPECIFIED.,.F.,
 .F.,(4,1,1,1,1,1,1,1,1,1,1,1,4),(-77.8513021872411,-77.226157910117,-76.5002835720847,
-75.7744092340524,-75.0485348960201,-74.3226605579878,-73.5967862199555,
-72.8709118819232,-72.1450375438909,-71.4998159100844,-70.8545942762779,
-70.2093726424714,-69.7683853708226),.UNSPECIFIED.);
#249=B_SPLINE_CURVE_WITH_KNOTS('',3,(#3458,#3459,#3460,#3461,#3462,#3463,
#3464,#3465,#3466,#3467,#3468,#3469,#3470,#3471,#3472,#3473,#3474,#3475,
#3476,#3477,#3478,#3479,#3480,#3481,#3482,#3483,#3484,#3485,#3486,#3487,
#3488,#3489,#3490,#3491,#3492,#3493,#3494,#3495,#3496,#3497,#3498,#3499,
#3500,#3501,#3502,#3503,#3504,#3505,#3506,#3507,#3508,#3509,#3510,#3511,
#3512,#3513,#3514,#3515,#3516,#3517,#3518,#3519,#3520,#3521,#3522,#3523,
#3524,#3525,#3526,#3527,#3528,#3529,#3530,#3531,#3532,#3533,#3534,#3535,
#3536,#3537,#3538,#3539,#3540,#3541,#3542,#3543,#3544,#3545,#3546,#3547,
#3548,#3549,#3550,#3551,#3552,#3553,#3554,#3555,#3556,#3557,#3558,#3559,
#3560,#3561,#3562,#3563,#3564,#3565,#3566,#3567,#3568,#3569,#3570,#3571,
#3572,#3573,#3574),.UNSPECIFIED.,.F.,.F.,(4,1,1,1,1,1,1,1,1,1,1,1,1,1,1,
1,1,1,1,1,1,1,1,1,1,1,1,1,1,1,1,1,1,1,1,1,1,1,1,1,1,1,1,1,1,1,1,1,1,1,1,
1,1,1,1,1,1,1,1,1,1,1,1,1,1,1,1,1,1,1,1,1,1,1,1,1,1,1,1,1,1,1,1,1,1,1,1,
1,1,1,1,1,1,1,1,1,1,1,1,1,1,1,1,1,1,1,1,1,1,1,1,1,1,1,4),(2.46110109279139,
3.18697543082368,3.91284976885597,4.63872410688826,5.36459844492055,6.09047278295284,
6.81634712098513,7.54222145901742,8.26809579704971,8.993970135082,9.71984447311429,
10.4457188111466,11.1715931491789,11.8974674872112,12.6233418252435,13.3492161632757,
14.075090501308,15.0429229520178,16.0107554027275,16.9785878534372,17.4625040787921,
17.9464203041469,18.3765680600179,19.2368635717599,19.8820852055664,20.5273068393728,
21.1725284731793,21.8177501069858,22.4629717407923,23.1081933745988,23.7534150084052,
24.3986366422117,24.6137105201472,25.2589321539537,25.6890799098247,26.1729961351795,
26.6569123605344,27.1408285858893,27.6247448112441,28.5925772619538,29.5604097126636,
30.2056313464701,30.8508529802765,31.496074614083,32.2219489521153,32.9478232901476,
33.6736976281799,34.3995719662122,35.1254463042445,35.8513206422768,36.577194980309,
37.3030693183413,38.0289436563736,38.7548179944059,39.4806923324382,40.2065666704705,
40.9324410085028,41.6583153465351,42.3841896845674,43.1100640225997,44.0778964733094,
45.0457289240191,46.0135613747288,46.7394357127611,47.4653100507934,48.1911843888257,
48.917058726858,49.8848911775677,50.8527236282774,51.4979452620839,52.1431668958904,
52.7883885296969,53.2185362855679,54.0788317973098,54.7240534311163,55.3692750649228,
56.0144966987293,56.6597183325358,57.6275507832455,58.5953832339552,59.5632156846649,
60.5310481353746,61.4988805860844,61.9827968114392,62.4667130367941,63.4345454875038,
64.4023779382135,65.04759957202,65.6928212058265,66.3380428396329,66.9832644734394,
67.6284861072459,68.2737077410524,68.7038554969234,69.5641510086653,70.2093726424718,
70.8545942762783,71.4998159100848,72.1450375438913,72.8709118819236,73.5967862199559,
74.3226605579881,75.0485348960204,75.7744092340527,76.500283572085,77.2261579101173,
77.9520322481496,78.6779065861819,79.4037809242142,80.1296552622465,80.8555296002788,
81.5814039383111,82.3072782763434,83.0331526143756,83.2925073438672),
 .UNSPECIFIED.);
#250=B_SPLINE_CURVE_WITH_KNOTS('',3,(#3575,#3576,#3577,#3578,#3579,#3580,
#3581,#3582,#3583,#3584,#3585,#3586,#3587,#3588,#3589,#3590,#3591,#3592,
#3593,#3594,#3595,#3596,#3597,#3598,#3599,#3600,#3601,#3602),
 .UNSPECIFIED.,.F.,.F.,(4,3,3,3,3,3,3,3,3,4),(0.,0.0827570749828219,0.160457838106009,
0.232623048265194,0.267907273619727,0.317856963689108,0.368615088607206,
0.419497288136597,0.469782213565976,0.510326666486437),.UNSPECIFIED.);
#251=B_SPLINE_CURVE_WITH_KNOTS('',3,(#4071,#4072,#4073,#4074,#4075,#4076,
#4077,#4078,#4079,#4080,#4081,#4082,#4083,#4084,#4085,#4086,#4087,#4088,
#4089,#4090,#4091,#4092,#4093,#4094,#4095,#4096,#4097,#4098,#4099,#4100,
#4101,#4102,#4103,#4104,#4105,#4106,#4107),.UNSPECIFIED.,.F.,.F.,(4,3,3,
3,3,3,3,3,3,3,3,3,4),(81.4608588028956,81.6950443862103,82.4840760409342,
83.273107695658,84.0621393503819,84.8511710051058,85.6402026598296,86.4292343145535,
87.2182659692773,88.0072976240012,88.796329278725,89.5853609334489,90.0368972002807),
 .UNSPECIFIED.);
#252=B_SPLINE_CURVE_WITH_KNOTS('',3,(#4108,#4109,#4110,#4111,#4112,#4113,
#4114,#4115,#4116,#4117,#4118,#4119,#4120,#4121,#4122,#4123,#4124,#4125,
#4126,#4127,#4128,#4129,#4130,#4131,#4132,#4133,#4134,#4135,#4136,#4137,
#4138,#4139,#4140,#4141,#4142,#4143,#4144,#4145,#4146,#4147,#4148,#4149,
#4150,#4151,#4152,#4153,#4154,#4155,#4156,#4157,#4158,#4159,#4160,#4161,
#4162,#4163,#4164,#4165,#4166,#4167,#4168,#4169,#4170,#4171,#4172,#4173,
#4174,#4175,#4176,#4177,#4178,#4179,#4180,#4181,#4182,#4183,#4184,#4185,
#4186,#4187,#4188,#4189,#4190,#4191,#4192,#4193,#4194,#4195,#4196,#4197,
#4198,#4199,#4200,#4201,#4202,#4203,#4204,#4205,#4206,#4207,#4208,#4209,
#4210,#4211,#4212,#4213,#4214,#4215,#4216,#4217,#4218,#4219,#4220,#4221,
#4222),.UNSPECIFIED.,.F.,.F.,(4,3,3,3,3,3,3,3,3,3,3,3,3,3,3,3,3,3,3,3,3,
3,3,3,3,3,3,3,3,3,3,3,3,3,3,3,3,3,4),(0.386986135379481,0.476969940410073,
0.498478487670457,0.587717207422096,0.678043785882566,0.768993283321813,
0.86093301246882,0.950948414799049,0.997399361076747,1.00953120544344,1.10125989339994,
1.13675219990984,1.22685917603996,1.31842184248744,1.41022002800446,1.47152729271275,
1.49834922102263,1.51112228091269,1.52030249047922,1.61539640427711,1.7080565560131,
1.80436735084195,1.9006781456708,1.99778504742622,2.01970191881425,2.02939817284292,
2.03864182994619,2.13041661855528,2.22327097198343,2.31671693742476,2.40988678225115,
2.50230202996266,2.54610986240054,2.56019619170072,2.65436641013613,2.67753335971416,
2.77013734327385,2.86402617900885,2.92097462092148),.UNSPECIFIED.);
#253=B_SPLINE_CURVE_WITH_KNOTS('',3,(#4789,#4790,#4791,#4792,#4793,#4794,
#4795,#4796,#4797,#4798,#4799,#4800,#4801,#4802,#4803,#4804,#4805,#4806,
#4807,#4808,#4809,#4810,#4811,#4812,#4813,#4814,#4815,#4816),
 .UNSPECIFIED.,.F.,.F.,(4,3,3,3,3,3,3,3,3,4),(0.,0.0308271131441312,0.0624234753226929,
0.0939320774960368,0.124803527444512,0.146889872862331,0.168277026643059,
0.214801287026087,0.26569587080063,0.309238436486619),.UNSPECIFIED.);
#254=B_SPLINE_CURVE_WITH_KNOTS('',3,(#4817,#4818,#4819,#4820,#4821,#4822,
#4823,#4824,#4825,#4826,#4827,#4828,#4829,#4830,#4831,#4832,#4833,#4834,
#4835,#4836,#4837,#4838,#4839,#4840,#4841,#4842,#4843,#4844,#4845,#4846,
#4847,#4848,#4849,#4850,#4851,#4852,#4853,#4854,#4855,#4856,#4857,#4858,
#4859,#4860,#4861,#4862,#4863,#4864,#4865,#4866,#4867,#4868,#4869,#4870,
#4871,#4872,#4873,#4874,#4875,#4876,#4877,#4878,#4879,#4880,#4881,#4882,
#4883,#4884,#4885,#4886,#4887,#4888,#4889,#4890,#4891,#4892,#4893,#4894,
#4895,#4896,#4897,#4898,#4899,#4900,#4901,#4902,#4903,#4904,#4905,#4906,
#4907,#4908,#4909,#4910,#4911,#4912,#4913,#4914,#4915,#4916,#4917,#4918,
#4919,#4920,#4921,#4922,#4923,#4924,#4925,#4926,#4927,#4928,#4929),
 .UNSPECIFIED.,.F.,.F.,(4,1,1,1,1,1,1,1,1,1,1,1,1,1,1,1,1,1,1,1,1,1,1,1,
1,1,1,1,1,1,1,1,1,1,1,1,1,1,1,1,1,1,1,1,1,1,1,1,1,1,1,1,1,1,1,1,1,1,1,1,
1,1,1,1,1,1,1,1,1,1,1,1,1,1,1,1,1,1,1,1,1,1,1,1,1,1,1,1,1,1,1,1,1,1,1,1,
1,1,1,1,1,1,1,1,1,1,1,1,1,1,4),(2.46110109279036,3.18697543082266,3.91284976885496,
4.63872410688725,5.36459844491955,6.09047278295185,6.81634712098415,7.54222145901644,
8.26809579704874,8.99397013508104,9.71984447311334,10.4457188111456,11.1715931491779,
11.8974674872102,12.6233418252425,13.3492161632748,14.0750905013071,15.0429229520168,
16.0107554027266,16.9785878534363,17.946420304146,18.376568060017,19.0217896938235,
19.236863571759,19.8820852055655,20.527306839372,21.1725284731785,21.817750106985,
22.4629717407914,23.1081933745979,23.7534150084044,24.3986366422109,25.2589321539529,
25.4740060318884,25.6890799098239,26.6569123605336,27.6247448112433,28.5925772619531,
29.3184515999854,30.0443259380177,30.77020027605,31.4960746140823,32.2219489521145,
32.9478232901468,33.6736976281791,34.3995719662114,35.1254463042437,35.851320642276,
36.5771949803083,37.3030693183406,38.0289436563729,38.7548179944052,39.4806923324375,
40.2065666704698,40.9324410085021,41.6583153465344,42.3841896845667,43.110064022599,
43.8359383606313,44.5618126986636,45.0457289240185,46.0135613747282,46.7394357127605,
47.4653100507928,48.1911843888251,48.9170587268574,49.8848911775671,50.8527236282768,
51.8205560789866,52.7883885296963,53.756220980406,54.7240534311158,55.6918858818255,
56.6597183325352,57.6275507832449,58.5953832339547,59.5632156846644,60.5310481353741,
61.4988805860839,62.4667130367936,63.4345454875033,64.402377938213,65.0475995720195,
65.692821205826,66.3380428396325,66.983264473439,67.41341222931,68.273707741052,
68.4887816189875,68.703855496923,69.5641510086649,70.2093726424714,70.8545942762779,
71.4998159100844,72.1450375438909,72.8709118819232,73.5967862199555,74.3226605579878,
75.0485348960201,75.7744092340524,76.5002835720847,77.226157910117,77.9520322481493,
78.6779065861816,79.4037809242139,80.1296552622462,80.8555296002785,81.5814039383108,
82.3072782763431,83.0331526143754,83.2925075552581),.UNSPECIFIED.);
#255=B_SPLINE_CURVE_WITH_KNOTS('',3,(#5438,#5439,#5440,#5441,#5442,#5443,
#5444,#5445,#5446,#5447,#5448,#5449,#5450,#5451,#5452,#5453,#5454,#5455,
#5456,#5457,#5458,#5459,#5460,#5461,#5462,#5463,#5464,#5465,#5466,#5467,
#5468,#5469,#5470,#5471,#5472,#5473,#5474,#5475,#5476,#5477,#5478,#5479,
#5480,#5481,#5482,#5483,#5484,#5485,#5486,#5487,#5488,#5489,#5490,#5491,
#5492,#5493,#5494,#5495,#5496,#5497,#5498,#5499,#5500,#5501,#5502,#5503,
#5504,#5505,#5506,#5507,#5508,#5509,#5510,#5511,#5512,#5513,#5514,#5515,
#5516,#5517,#5518,#5519,#5520,#5521,#5522,#5523,#5524,#5525,#5526,#5527,
#5528,#5529,#5530,#5531,#5532,#5533,#5534,#5535,#5536,#5537,#5538,#5539,
#5540,#5541,#5542,#5543,#5544,#5545,#5546,#5547,#5548,#5549,#5550,#5551,
#5552),.UNSPECIFIED.,.F.,.F.,(4,3,3,3,3,3,3,3,3,3,3,3,3,3,3,3,3,3,3,3,3,
3,3,3,3,3,3,3,3,3,3,3,3,3,3,3,3,3,4),(0.665121975723434,0.763006762383951,
0.857443883170054,0.951680707963508,1.01374565309402,1.04386233688702,1.05843169387155,
1.07259412433446,1.16649566050274,1.25999357528232,1.35409692214495,1.44820026900758,
1.54431117082439,1.56926964742233,1.58460954795908,1.59615181023053,1.68805058296196,
1.78069410037656,1.87348621033236,1.96533390216733,2.05615843326218,2.09639069583215,
2.1066867021051,2.11588718689501,2.20761653532427,2.21708748354209,2.31157690654278,
2.40352193961622,2.49534709975996,2.58645810922379,2.61327761302974,2.62469947692837,
2.71573122489817,2.80674268027399,2.89683687416741,2.97300286754766,3.06401514052086,
3.12338281549597,3.20369317308369),.UNSPECIFIED.);
#256=B_SPLINE_CURVE_WITH_KNOTS('',3,(#5553,#5554,#5555,#5556,#5557,#5558,
#5559,#5560,#5561,#5562,#5563,#5564,#5565,#5566,#5567,#5568,#5569,#5570,
#5571,#5572,#5573,#5574,#5575,#5576,#5577,#5578,#5579,#5580,#5581,#5582,
#5583,#5584,#5585,#5586),.UNSPECIFIED.,.F.,.F.,(4,3,3,3,3,3,3,3,3,3,3,4),
(8.56504494856998,9.10463931830572,9.89366313887881,10.6826869594519,11.471710780025,
12.2607346005981,13.0497584211712,13.8387822417443,14.6278060623174,15.4168298828905,
16.4688616436546,17.1409981963441),.UNSPECIFIED.);
#257=LINE('',#1258,#306);
#258=LINE('',#1318,#307);
#259=LINE('',#1402,#308);
#260=LINE('',#1483,#309);
#261=LINE('',#1573,#310);
#262=LINE('',#1657,#311);
#263=LINE('',#1735,#312);
#264=LINE('',#1822,#313);
#265=LINE('',#1909,#314);
#266=LINE('',#1981,#315);
#267=LINE('',#2011,#316);
#268=LINE('',#2022,#317);
#269=LINE('',#2026,#318);
#270=LINE('',#2030,#319);
#271=LINE('',#2044,#320);
#272=LINE('',#2078,#321);
#273=LINE('',#2114,#322);
#274=LINE('',#2148,#323);
#275=LINE('',#2183,#324);
#276=LINE('',#2216,#325);
#277=LINE('',#2248,#326);
#278=LINE('',#2281,#327);
#279=LINE('',#2319,#328);
#280=LINE('',#2353,#329);
#281=LINE('',#2356,#330);
#282=LINE('',#2361,#331);
#283=LINE('',#2366,#332);
#284=LINE('',#2368,#333);
#285=LINE('',#2373,#334);
#286=LINE('',#2375,#335);
#287=LINE('',#2377,#336);
#288=LINE('',#2397,#337);
#289=LINE('',#2452,#338);
#290=LINE('',#2457,#339);
#291=LINE('',#2460,#340);
#292=LINE('',#2466,#341);
#293=LINE('',#2476,#342);
#294=LINE('',#2482,#343);
#295=LINE('',#2488,#344);
#296=LINE('',#2494,#345);
#297=LINE('',#2500,#346);
#298=LINE('',#2825,#347);
#299=LINE('',#2827,#348);
#300=LINE('',#2829,#349);
#301=LINE('',#2831,#350);
#302=LINE('',#2833,#351);
#303=LINE('',#2835,#352);
#304=LINE('',#2837,#353);
#305=LINE('',#2839,#354);
#306=VECTOR('',#1077,13.60415);
#307=VECTOR('',#1082,13.60415);
#308=VECTOR('',#1085,13.60415);
#309=VECTOR('',#1088,13.60415);
#310=VECTOR('',#1091,13.60415);
#311=VECTOR('',#1094,13.60415);
#312=VECTOR('',#1097,13.60415);
#313=VECTOR('',#1100,13.60415);
#314=VECTOR('',#1103,13.60415);
#315=VECTOR('',#1106,13.60415);
#316=VECTOR('',#1111,12.5);
#317=VECTOR('',#1114,12.5);
#318=VECTOR('',#1117,10.);
#319=VECTOR('',#1120,10.);
#320=VECTOR('',#1127,12.5);
#321=VECTOR('',#1130,12.5);
#322=VECTOR('',#1133,12.5);
#323=VECTOR('',#1136,12.5);
#324=VECTOR('',#1139,12.5);
#325=VECTOR('',#1142,12.5);
#326=VECTOR('',#1145,12.5);
#327=VECTOR('',#1148,12.5);
#328=VECTOR('',#1151,12.5);
#329=VECTOR('',#1158,10.);
#330=VECTOR('',#1161,10.);
#331=VECTOR('',#1166,10.);
#332=VECTOR('',#1173,10.);
#333=VECTOR('',#1174,10.);
#334=VECTOR('',#1181,10.);
#335=VECTOR('',#1184,10.);
#336=VECTOR('',#1187,10.);
#337=VECTOR('',#1190,16.);
#338=VECTOR('',#1195,10.);
#339=VECTOR('',#1196,10.);
#340=VECTOR('',#1199,10.);
#341=VECTOR('',#1202,10.);
#342=VECTOR('',#1205,10.);
#343=VECTOR('',#1208,10.);
#344=VECTOR('',#1211,10.);
#345=VECTOR('',#1214,10.);
#346=VECTOR('',#1217,10.);
#347=VECTOR('',#1222,16.);
#348=VECTOR('',#1225,10.);
#349=VECTOR('',#1228,10.);
#350=VECTOR('',#1231,10.);
#351=VECTOR('',#1234,10.);
#352=VECTOR('',#1237,10.);
#353=VECTOR('',#1240,10.);
#354=VECTOR('',#1243,10.);
#355=VERTEX_POINT('',#1256);
#356=VERTEX_POINT('',#1257);
#357=VERTEX_POINT('',#1259);
#358=VERTEX_POINT('',#1282);
#359=VERTEX_POINT('',#1316);
#360=VERTEX_POINT('',#1317);
#361=VERTEX_POINT('',#1400);
#362=VERTEX_POINT('',#1401);
#363=VERTEX_POINT('',#1481);
#364=VERTEX_POINT('',#1482);
#365=VERTEX_POINT('',#1571);
#366=VERTEX_POINT('',#1572);
#367=VERTEX_POINT('',#1655);
#368=VERTEX_POINT('',#1656);
#369=VERTEX_POINT('',#1733);
#370=VERTEX_POINT('',#1734);
#371=VERTEX_POINT('',#1820);
#372=VERTEX_POINT('',#1821);
#373=VERTEX_POINT('',#1907);
#374=VERTEX_POINT('',#1908);
#375=VERTEX_POINT('',#1979);
#376=VERTEX_POINT('',#1980);
#377=VERTEX_POINT('',#1982);
#378=VERTEX_POINT('',#1990);
#379=VERTEX_POINT('',#2009);
#380=VERTEX_POINT('',#2010);
#381=VERTEX_POINT('',#2012);
#382=VERTEX_POINT('',#2019);
#383=VERTEX_POINT('',#2021);
#384=VERTEX_POINT('',#2023);
#385=VERTEX_POINT('',#2025);
#386=VERTEX_POINT('',#2027);
#387=VERTEX_POINT('',#2029);
#388=VERTEX_POINT('',#2032);
#389=VERTEX_POINT('',#2042);
#390=VERTEX_POINT('',#2043);
#391=VERTEX_POINT('',#2076);
#392=VERTEX_POINT('',#2077);
#393=VERTEX_POINT('',#2112);
#394=VERTEX_POINT('',#2113);
#395=VERTEX_POINT('',#2146);
#396=VERTEX_POINT('',#2147);
#397=VERTEX_POINT('',#2181);
#398=VERTEX_POINT('',#2182);
#399=VERTEX_POINT('',#2214);
#400=VERTEX_POINT('',#2215);
#401=VERTEX_POINT('',#2246);
#402=VERTEX_POINT('',#2247);
#403=VERTEX_POINT('',#2279);
#404=VERTEX_POINT('',#2280);
#405=VERTEX_POINT('',#2317);
#406=VERTEX_POINT('',#2318);
#407=VERTEX_POINT('',#2320);
#408=VERTEX_POINT('',#2333);
#409=VERTEX_POINT('',#2349);
#410=VERTEX_POINT('',#2350);
#411=VERTEX_POINT('',#2352);
#412=VERTEX_POINT('',#2354);
#413=VERTEX_POINT('',#2358);
#414=VERTEX_POINT('',#2360);
#415=VERTEX_POINT('',#2364);
#416=VERTEX_POINT('',#2367);
#417=VERTEX_POINT('',#2371);
#418=VERTEX_POINT('',#2379);
#419=VERTEX_POINT('',#2380);
#420=VERTEX_POINT('',#2384);
#421=VERTEX_POINT('',#2388);
#422=VERTEX_POINT('',#2392);
#423=VERTEX_POINT('',#2396);
#424=VERTEX_POINT('',#2399);
#425=VERTEX_POINT('',#2403);
#426=VERTEX_POINT('',#2407);
#427=VERTEX_POINT('',#2411);
#428=VERTEX_POINT('',#2415);
#429=VERTEX_POINT('',#2419);
#430=VERTEX_POINT('',#2423);
#431=VERTEX_POINT('',#2427);
#432=VERTEX_POINT('',#2431);
#433=VERTEX_POINT('',#2435);
#434=VERTEX_POINT('',#2439);
#435=VERTEX_POINT('',#2443);
#436=VERTEX_POINT('',#2451);
#437=VERTEX_POINT('',#2453);
#438=VERTEX_POINT('',#2459);
#439=VERTEX_POINT('',#2465);
#440=VERTEX_POINT('',#2467);
#441=VERTEX_POINT('',#2475);
#442=VERTEX_POINT('',#2481);
#443=VERTEX_POINT('',#2487);
#444=VERTEX_POINT('',#2493);
#445=VERTEX_POINT('',#2499);
#446=VERTEX_POINT('',#2505);
#447=VERTEX_POINT('',#2534);
#448=VERTEX_POINT('',#2794);
#449=VERTEX_POINT('',#2798);
#450=VERTEX_POINT('',#2802);
#451=VERTEX_POINT('',#2806);
#452=VERTEX_POINT('',#2810);
#453=VERTEX_POINT('',#2814);
#454=VERTEX_POINT('',#2818);
#455=VERTEX_POINT('',#3457);
#456=VERTEX_POINT('',#4788);
#457=EDGE_CURVE('',#355,#356,#257,.T.);
#458=EDGE_CURVE('',#356,#357,#203,.T.);
#459=EDGE_CURVE('',#358,#357,#187,.T.);
#460=EDGE_CURVE('',#355,#358,#204,.F.);
#461=EDGE_CURVE('',#359,#360,#258,.T.);
#462=EDGE_CURVE('',#360,#356,#205,.T.);
#463=EDGE_CURVE('',#359,#355,#206,.F.);
#464=EDGE_CURVE('',#361,#362,#259,.T.);
#465=EDGE_CURVE('',#362,#360,#207,.T.);
#466=EDGE_CURVE('',#361,#359,#208,.F.);
#467=EDGE_CURVE('',#363,#364,#260,.T.);
#468=EDGE_CURVE('',#364,#362,#209,.T.);
#469=EDGE_CURVE('',#363,#361,#210,.F.);
#470=EDGE_CURVE('',#365,#366,#261,.T.);
#471=EDGE_CURVE('',#366,#364,#211,.T.);
#472=EDGE_CURVE('',#365,#363,#212,.F.);
#473=EDGE_CURVE('',#367,#368,#262,.T.);
#474=EDGE_CURVE('',#368,#366,#213,.T.);
#475=EDGE_CURVE('',#367,#365,#214,.F.);
#476=EDGE_CURVE('',#369,#370,#263,.T.);
#477=EDGE_CURVE('',#370,#368,#215,.T.);
#478=EDGE_CURVE('',#369,#367,#216,.F.);
#479=EDGE_CURVE('',#371,#372,#264,.T.);
#480=EDGE_CURVE('',#372,#370,#217,.T.);
#481=EDGE_CURVE('',#371,#369,#218,.F.);
#482=EDGE_CURVE('',#373,#374,#265,.T.);
#483=EDGE_CURVE('',#374,#372,#219,.T.);
#484=EDGE_CURVE('',#373,#371,#220,.F.);
#485=EDGE_CURVE('',#375,#376,#266,.T.);
#486=EDGE_CURVE('',#377,#375,#221,.F.);
#487=EDGE_CURVE('',#378,#377,#188,.T.);
#488=EDGE_CURVE('',#378,#376,#222,.T.);
#489=EDGE_CURVE('',#379,#380,#267,.T.);
#490=EDGE_CURVE('',#381,#380,#223,.T.);
#491=EDGE_CURVE('',#381,#382,#189,.T.);
#492=EDGE_CURVE('',#382,#383,#268,.T.);
#493=EDGE_CURVE('',#384,#383,#190,.T.);
#494=EDGE_CURVE('',#385,#384,#269,.F.);
#495=EDGE_CURVE('',#385,#386,#191,.T.);
#496=EDGE_CURVE('',#387,#386,#270,.F.);
#497=EDGE_CURVE('',#383,#387,#192,.T.);
#498=EDGE_CURVE('',#382,#388,#193,.T.);
#499=EDGE_CURVE('',#379,#388,#224,.T.);
#500=EDGE_CURVE('',#389,#390,#271,.T.);
#501=EDGE_CURVE('',#380,#390,#225,.T.);
#502=EDGE_CURVE('',#389,#379,#226,.T.);
#503=EDGE_CURVE('',#391,#392,#272,.T.);
#504=EDGE_CURVE('',#390,#392,#227,.T.);
#505=EDGE_CURVE('',#391,#389,#228,.T.);
#506=EDGE_CURVE('',#393,#394,#273,.T.);
#507=EDGE_CURVE('',#392,#394,#229,.T.);
#508=EDGE_CURVE('',#393,#391,#230,.T.);
#509=EDGE_CURVE('',#395,#396,#274,.T.);
#510=EDGE_CURVE('',#394,#396,#231,.T.);
#511=EDGE_CURVE('',#395,#393,#232,.T.);
#512=EDGE_CURVE('',#397,#398,#275,.T.);
#513=EDGE_CURVE('',#396,#398,#233,.T.);
#514=EDGE_CURVE('',#397,#395,#234,.T.);
#515=EDGE_CURVE('',#399,#400,#276,.T.);
#516=EDGE_CURVE('',#398,#400,#235,.T.);
#517=EDGE_CURVE('',#399,#397,#236,.T.);
#518=EDGE_CURVE('',#401,#402,#277,.T.);
#519=EDGE_CURVE('',#400,#402,#237,.T.);
#520=EDGE_CURVE('',#401,#399,#238,.T.);
#521=EDGE_CURVE('',#403,#404,#278,.T.);
#522=EDGE_CURVE('',#402,#404,#239,.T.);
#523=EDGE_CURVE('',#403,#401,#240,.T.);
#524=EDGE_CURVE('',#405,#406,#279,.T.);
#525=EDGE_CURVE('',#407,#405,#241,.T.);
#526=EDGE_CURVE('',#408,#407,#194,.T.);
#527=EDGE_CURVE('',#406,#408,#242,.T.);
#528=EDGE_CURVE('',#409,#410,#195,.T.);
#529=EDGE_CURVE('',#410,#411,#280,.T.);
#530=EDGE_CURVE('',#411,#412,#196,.T.);
#531=EDGE_CURVE('',#412,#409,#281,.T.);
#532=EDGE_CURVE('',#410,#413,#197,.T.);
#533=EDGE_CURVE('',#414,#413,#282,.T.);
#534=EDGE_CURVE('',#411,#414,#198,.T.);
#535=EDGE_CURVE('',#415,#415,#199,.T.);
#536=EDGE_CURVE('',#409,#384,#283,.T.);
#537=EDGE_CURVE('',#387,#416,#284,.T.);
#538=EDGE_CURVE('',#413,#416,#200,.T.);
#539=EDGE_CURVE('',#417,#414,#201,.T.);
#540=EDGE_CURVE('',#416,#417,#285,.T.);
#541=EDGE_CURVE('',#417,#386,#286,.F.);
#542=EDGE_CURVE('',#385,#412,#287,.F.);
#543=EDGE_CURVE('',#418,#419,#19,.T.);
#544=EDGE_CURVE('',#419,#420,#20,.T.);
#545=EDGE_CURVE('',#420,#421,#21,.T.);
#546=EDGE_CURVE('',#421,#422,#22,.T.);
#547=EDGE_CURVE('',#422,#423,#288,.T.);
#548=EDGE_CURVE('',#423,#423,#202,.T.);
#549=EDGE_CURVE('',#422,#424,#23,.T.);
#550=EDGE_CURVE('',#424,#425,#24,.T.);
#551=EDGE_CURVE('',#425,#426,#25,.T.);
#552=EDGE_CURVE('',#426,#427,#26,.T.);
#553=EDGE_CURVE('',#427,#428,#27,.T.);
#554=EDGE_CURVE('',#428,#429,#28,.T.);
#555=EDGE_CURVE('',#429,#430,#29,.T.);
#556=EDGE_CURVE('',#430,#431,#30,.T.);
#557=EDGE_CURVE('',#431,#432,#31,.T.);
#558=EDGE_CURVE('',#432,#433,#32,.T.);
#559=EDGE_CURVE('',#433,#434,#33,.T.);
#560=EDGE_CURVE('',#434,#435,#34,.T.);
#561=EDGE_CURVE('',#435,#418,#35,.T.);
#562=EDGE_CURVE('',#436,#425,#289,.T.);
#563=EDGE_CURVE('',#437,#436,#36,.T.);
#564=EDGE_CURVE('',#426,#437,#290,.T.);
#565=EDGE_CURVE('',#424,#438,#291,.T.);
#566=EDGE_CURVE('',#438,#436,#37,.T.);
#567=EDGE_CURVE('',#439,#421,#292,.T.);
#568=EDGE_CURVE('',#440,#439,#38,.T.);
#569=EDGE_CURVE('',#438,#440,#39,.T.);
#570=EDGE_CURVE('',#420,#441,#293,.T.);
#571=EDGE_CURVE('',#441,#439,#40,.T.);
#572=EDGE_CURVE('',#442,#419,#294,.T.);
#573=EDGE_CURVE('',#441,#442,#41,.F.);
#574=EDGE_CURVE('',#418,#443,#295,.T.);
#575=EDGE_CURVE('',#443,#442,#42,.T.);
#576=EDGE_CURVE('',#444,#435,#296,.T.);
#577=EDGE_CURVE('',#443,#444,#43,.F.);
#578=EDGE_CURVE('',#434,#445,#297,.T.);
#579=EDGE_CURVE('',#445,#444,#44,.T.);
#580=EDGE_CURVE('',#408,#446,#243,.T.);
#581=EDGE_CURVE('',#447,#407,#244,.T.);
#582=EDGE_CURVE('',#447,#378,#245,.T.);
#583=EDGE_CURVE('',#377,#446,#246,.T.);
#584=EDGE_CURVE('',#445,#448,#45,.T.);
#585=EDGE_CURVE('',#449,#448,#46,.T.);
#586=EDGE_CURVE('',#449,#450,#47,.T.);
#587=EDGE_CURVE('',#451,#450,#48,.T.);
#588=EDGE_CURVE('',#451,#452,#49,.T.);
#589=EDGE_CURVE('',#453,#452,#50,.T.);
#590=EDGE_CURVE('',#453,#454,#51,.T.);
#591=EDGE_CURVE('',#437,#454,#52,.T.);
#592=EDGE_CURVE('',#440,#415,#298,.T.);
#593=EDGE_CURVE('',#448,#433,#299,.T.);
#594=EDGE_CURVE('',#432,#449,#300,.T.);
#595=EDGE_CURVE('',#450,#431,#301,.T.);
#596=EDGE_CURVE('',#430,#451,#302,.T.);
#597=EDGE_CURVE('',#452,#429,#303,.T.);
#598=EDGE_CURVE('',#428,#453,#304,.T.);
#599=EDGE_CURVE('',#454,#427,#305,.T.);
#600=EDGE_CURVE('',#404,#406,#247,.T.);
#601=EDGE_CURVE('',#405,#403,#248,.T.);
#602=EDGE_CURVE('',#446,#455,#249,.T.);
#603=EDGE_CURVE('',#455,#381,#250,.F.);
#604=EDGE_CURVE('',#375,#373,#251,.F.);
#605=EDGE_CURVE('',#455,#358,#252,.T.);
#606=EDGE_CURVE('',#388,#456,#253,.F.);
#607=EDGE_CURVE('',#456,#447,#254,.T.);
#608=EDGE_CURVE('',#357,#456,#255,.T.);
#609=EDGE_CURVE('',#376,#374,#256,.T.);
#610=ORIENTED_EDGE('',*,*,#457,.T.);
#611=ORIENTED_EDGE('',*,*,#458,.T.);
#612=ORIENTED_EDGE('',*,*,#459,.F.);
#613=ORIENTED_EDGE('',*,*,#460,.F.);
#614=ORIENTED_EDGE('',*,*,#461,.T.);
#615=ORIENTED_EDGE('',*,*,#462,.T.);
#616=ORIENTED_EDGE('',*,*,#457,.F.);
#617=ORIENTED_EDGE('',*,*,#463,.F.);
#618=ORIENTED_EDGE('',*,*,#464,.T.);
#619=ORIENTED_EDGE('',*,*,#465,.T.);
#620=ORIENTED_EDGE('',*,*,#461,.F.);
#621=ORIENTED_EDGE('',*,*,#466,.F.);
#622=ORIENTED_EDGE('',*,*,#467,.T.);
#623=ORIENTED_EDGE('',*,*,#468,.T.);
#624=ORIENTED_EDGE('',*,*,#464,.F.);
#625=ORIENTED_EDGE('',*,*,#469,.F.);
#626=ORIENTED_EDGE('',*,*,#470,.T.);
#627=ORIENTED_EDGE('',*,*,#471,.T.);
#628=ORIENTED_EDGE('',*,*,#467,.F.);
#629=ORIENTED_EDGE('',*,*,#472,.F.);
#630=ORIENTED_EDGE('',*,*,#473,.T.);
#631=ORIENTED_EDGE('',*,*,#474,.T.);
#632=ORIENTED_EDGE('',*,*,#470,.F.);
#633=ORIENTED_EDGE('',*,*,#475,.F.);
#634=ORIENTED_EDGE('',*,*,#476,.T.);
#635=ORIENTED_EDGE('',*,*,#477,.T.);
#636=ORIENTED_EDGE('',*,*,#473,.F.);
#637=ORIENTED_EDGE('',*,*,#478,.F.);
#638=ORIENTED_EDGE('',*,*,#479,.T.);
#639=ORIENTED_EDGE('',*,*,#480,.T.);
#640=ORIENTED_EDGE('',*,*,#476,.F.);
#641=ORIENTED_EDGE('',*,*,#481,.F.);
#642=ORIENTED_EDGE('',*,*,#482,.T.);
#643=ORIENTED_EDGE('',*,*,#483,.T.);
#644=ORIENTED_EDGE('',*,*,#479,.F.);
#645=ORIENTED_EDGE('',*,*,#484,.F.);
#646=ORIENTED_EDGE('',*,*,#485,.F.);
#647=ORIENTED_EDGE('',*,*,#486,.F.);
#648=ORIENTED_EDGE('',*,*,#487,.F.);
#649=ORIENTED_EDGE('',*,*,#488,.T.);
#650=ORIENTED_EDGE('',*,*,#489,.T.);
#651=ORIENTED_EDGE('',*,*,#490,.F.);
#652=ORIENTED_EDGE('',*,*,#491,.T.);
#653=ORIENTED_EDGE('',*,*,#492,.T.);
#654=ORIENTED_EDGE('',*,*,#493,.F.);
#655=ORIENTED_EDGE('',*,*,#494,.F.);
#656=ORIENTED_EDGE('',*,*,#495,.T.);
#657=ORIENTED_EDGE('',*,*,#496,.F.);
#658=ORIENTED_EDGE('',*,*,#497,.F.);
#659=ORIENTED_EDGE('',*,*,#492,.F.);
#660=ORIENTED_EDGE('',*,*,#498,.T.);
#661=ORIENTED_EDGE('',*,*,#499,.F.);
#662=ORIENTED_EDGE('',*,*,#500,.T.);
#663=ORIENTED_EDGE('',*,*,#501,.F.);
#664=ORIENTED_EDGE('',*,*,#489,.F.);
#665=ORIENTED_EDGE('',*,*,#502,.F.);
#666=ORIENTED_EDGE('',*,*,#503,.T.);
#667=ORIENTED_EDGE('',*,*,#504,.F.);
#668=ORIENTED_EDGE('',*,*,#500,.F.);
#669=ORIENTED_EDGE('',*,*,#505,.F.);
#670=ORIENTED_EDGE('',*,*,#506,.T.);
#671=ORIENTED_EDGE('',*,*,#507,.F.);
#672=ORIENTED_EDGE('',*,*,#503,.F.);
#673=ORIENTED_EDGE('',*,*,#508,.F.);
#674=ORIENTED_EDGE('',*,*,#509,.T.);
#675=ORIENTED_EDGE('',*,*,#510,.F.);
#676=ORIENTED_EDGE('',*,*,#506,.F.);
#677=ORIENTED_EDGE('',*,*,#511,.F.);
#678=ORIENTED_EDGE('',*,*,#512,.T.);
#679=ORIENTED_EDGE('',*,*,#513,.F.);
#680=ORIENTED_EDGE('',*,*,#509,.F.);
#681=ORIENTED_EDGE('',*,*,#514,.F.);
#682=ORIENTED_EDGE('',*,*,#515,.T.);
#683=ORIENTED_EDGE('',*,*,#516,.F.);
#684=ORIENTED_EDGE('',*,*,#512,.F.);
#685=ORIENTED_EDGE('',*,*,#517,.F.);
#686=ORIENTED_EDGE('',*,*,#518,.T.);
#687=ORIENTED_EDGE('',*,*,#519,.F.);
#688=ORIENTED_EDGE('',*,*,#515,.F.);
#689=ORIENTED_EDGE('',*,*,#520,.F.);
#690=ORIENTED_EDGE('',*,*,#521,.T.);
#691=ORIENTED_EDGE('',*,*,#522,.F.);
#692=ORIENTED_EDGE('',*,*,#518,.F.);
#693=ORIENTED_EDGE('',*,*,#523,.F.);
#694=ORIENTED_EDGE('',*,*,#524,.F.);
#695=ORIENTED_EDGE('',*,*,#525,.F.);
#696=ORIENTED_EDGE('',*,*,#526,.F.);
#697=ORIENTED_EDGE('',*,*,#527,.F.);
#698=ORIENTED_EDGE('',*,*,#528,.T.);
#699=ORIENTED_EDGE('',*,*,#529,.T.);
#700=ORIENTED_EDGE('',*,*,#530,.T.);
#701=ORIENTED_EDGE('',*,*,#531,.T.);
#702=ORIENTED_EDGE('',*,*,#529,.F.);
#703=ORIENTED_EDGE('',*,*,#532,.T.);
#704=ORIENTED_EDGE('',*,*,#533,.F.);
#705=ORIENTED_EDGE('',*,*,#534,.F.);
#706=ORIENTED_EDGE('',*,*,#535,.F.);
#707=ORIENTED_EDGE('',*,*,#528,.F.);
#708=ORIENTED_EDGE('',*,*,#536,.T.);
#709=ORIENTED_EDGE('',*,*,#493,.T.);
#710=ORIENTED_EDGE('',*,*,#497,.T.);
#711=ORIENTED_EDGE('',*,*,#537,.T.);
#712=ORIENTED_EDGE('',*,*,#538,.F.);
#713=ORIENTED_EDGE('',*,*,#532,.F.);
#714=ORIENTED_EDGE('',*,*,#539,.T.);
#715=ORIENTED_EDGE('',*,*,#533,.T.);
#716=ORIENTED_EDGE('',*,*,#538,.T.);
#717=ORIENTED_EDGE('',*,*,#540,.T.);
#718=ORIENTED_EDGE('',*,*,#540,.F.);
#719=ORIENTED_EDGE('',*,*,#537,.F.);
#720=ORIENTED_EDGE('',*,*,#496,.T.);
#721=ORIENTED_EDGE('',*,*,#541,.F.);
#722=ORIENTED_EDGE('',*,*,#531,.F.);
#723=ORIENTED_EDGE('',*,*,#542,.F.);
#724=ORIENTED_EDGE('',*,*,#494,.T.);
#725=ORIENTED_EDGE('',*,*,#536,.F.);
#726=ORIENTED_EDGE('',*,*,#543,.T.);
#727=ORIENTED_EDGE('',*,*,#544,.T.);
#728=ORIENTED_EDGE('',*,*,#545,.T.);
#729=ORIENTED_EDGE('',*,*,#546,.T.);
#730=ORIENTED_EDGE('',*,*,#547,.T.);
#731=ORIENTED_EDGE('',*,*,#548,.T.);
#732=ORIENTED_EDGE('',*,*,#547,.F.);
#733=ORIENTED_EDGE('',*,*,#549,.T.);
#734=ORIENTED_EDGE('',*,*,#550,.T.);
#735=ORIENTED_EDGE('',*,*,#551,.T.);
#736=ORIENTED_EDGE('',*,*,#552,.T.);
#737=ORIENTED_EDGE('',*,*,#553,.T.);
#738=ORIENTED_EDGE('',*,*,#554,.T.);
#739=ORIENTED_EDGE('',*,*,#555,.T.);
#740=ORIENTED_EDGE('',*,*,#556,.T.);
#741=ORIENTED_EDGE('',*,*,#557,.T.);
#742=ORIENTED_EDGE('',*,*,#558,.T.);
#743=ORIENTED_EDGE('',*,*,#559,.T.);
#744=ORIENTED_EDGE('',*,*,#560,.T.);
#745=ORIENTED_EDGE('',*,*,#561,.T.);
#746=ORIENTED_EDGE('',*,*,#551,.F.);
#747=ORIENTED_EDGE('',*,*,#562,.F.);
#748=ORIENTED_EDGE('',*,*,#563,.F.);
#749=ORIENTED_EDGE('',*,*,#564,.F.);
#750=ORIENTED_EDGE('',*,*,#550,.F.);
#751=ORIENTED_EDGE('',*,*,#565,.T.);
#752=ORIENTED_EDGE('',*,*,#566,.T.);
#753=ORIENTED_EDGE('',*,*,#562,.T.);
#754=ORIENTED_EDGE('',*,*,#546,.F.);
#755=ORIENTED_EDGE('',*,*,#567,.F.);
#756=ORIENTED_EDGE('',*,*,#568,.F.);
#757=ORIENTED_EDGE('',*,*,#569,.F.);
#758=ORIENTED_EDGE('',*,*,#565,.F.);
#759=ORIENTED_EDGE('',*,*,#549,.F.);
#760=ORIENTED_EDGE('',*,*,#545,.F.);
#761=ORIENTED_EDGE('',*,*,#570,.T.);
#762=ORIENTED_EDGE('',*,*,#571,.T.);
#763=ORIENTED_EDGE('',*,*,#567,.T.);
#764=ORIENTED_EDGE('',*,*,#544,.F.);
#765=ORIENTED_EDGE('',*,*,#572,.F.);
#766=ORIENTED_EDGE('',*,*,#573,.F.);
#767=ORIENTED_EDGE('',*,*,#570,.F.);
#768=ORIENTED_EDGE('',*,*,#543,.F.);
#769=ORIENTED_EDGE('',*,*,#574,.T.);
#770=ORIENTED_EDGE('',*,*,#575,.T.);
#771=ORIENTED_EDGE('',*,*,#572,.T.);
#772=ORIENTED_EDGE('',*,*,#561,.F.);
#773=ORIENTED_EDGE('',*,*,#576,.F.);
#774=ORIENTED_EDGE('',*,*,#577,.F.);
#775=ORIENTED_EDGE('',*,*,#574,.F.);
#776=ORIENTED_EDGE('',*,*,#560,.F.);
#777=ORIENTED_EDGE('',*,*,#578,.T.);
#778=ORIENTED_EDGE('',*,*,#579,.T.);
#779=ORIENTED_EDGE('',*,*,#576,.T.);
#780=ORIENTED_EDGE('',*,*,#548,.F.);
#781=ORIENTED_EDGE('',*,*,#580,.F.);
#782=ORIENTED_EDGE('',*,*,#526,.T.);
#783=ORIENTED_EDGE('',*,*,#581,.F.);
#784=ORIENTED_EDGE('',*,*,#582,.T.);
#785=ORIENTED_EDGE('',*,*,#487,.T.);
#786=ORIENTED_EDGE('',*,*,#583,.T.);
#787=ORIENTED_EDGE('',*,*,#575,.F.);
#788=ORIENTED_EDGE('',*,*,#577,.T.);
#789=ORIENTED_EDGE('',*,*,#579,.F.);
#790=ORIENTED_EDGE('',*,*,#584,.T.);
#791=ORIENTED_EDGE('',*,*,#585,.F.);
#792=ORIENTED_EDGE('',*,*,#586,.T.);
#793=ORIENTED_EDGE('',*,*,#587,.F.);
#794=ORIENTED_EDGE('',*,*,#588,.T.);
#795=ORIENTED_EDGE('',*,*,#589,.F.);
#796=ORIENTED_EDGE('',*,*,#590,.T.);
#797=ORIENTED_EDGE('',*,*,#591,.F.);
#798=ORIENTED_EDGE('',*,*,#563,.T.);
#799=ORIENTED_EDGE('',*,*,#566,.F.);
#800=ORIENTED_EDGE('',*,*,#569,.T.);
#801=ORIENTED_EDGE('',*,*,#592,.T.);
#802=ORIENTED_EDGE('',*,*,#535,.T.);
#803=ORIENTED_EDGE('',*,*,#592,.F.);
#804=ORIENTED_EDGE('',*,*,#568,.T.);
#805=ORIENTED_EDGE('',*,*,#571,.F.);
#806=ORIENTED_EDGE('',*,*,#573,.T.);
#807=ORIENTED_EDGE('',*,*,#559,.F.);
#808=ORIENTED_EDGE('',*,*,#593,.F.);
#809=ORIENTED_EDGE('',*,*,#584,.F.);
#810=ORIENTED_EDGE('',*,*,#578,.F.);
#811=ORIENTED_EDGE('',*,*,#558,.F.);
#812=ORIENTED_EDGE('',*,*,#594,.T.);
#813=ORIENTED_EDGE('',*,*,#585,.T.);
#814=ORIENTED_EDGE('',*,*,#593,.T.);
#815=ORIENTED_EDGE('',*,*,#557,.F.);
#816=ORIENTED_EDGE('',*,*,#595,.F.);
#817=ORIENTED_EDGE('',*,*,#586,.F.);
#818=ORIENTED_EDGE('',*,*,#594,.F.);
#819=ORIENTED_EDGE('',*,*,#556,.F.);
#820=ORIENTED_EDGE('',*,*,#596,.T.);
#821=ORIENTED_EDGE('',*,*,#587,.T.);
#822=ORIENTED_EDGE('',*,*,#595,.T.);
#823=ORIENTED_EDGE('',*,*,#555,.F.);
#824=ORIENTED_EDGE('',*,*,#597,.F.);
#825=ORIENTED_EDGE('',*,*,#588,.F.);
#826=ORIENTED_EDGE('',*,*,#596,.F.);
#827=ORIENTED_EDGE('',*,*,#554,.F.);
#828=ORIENTED_EDGE('',*,*,#598,.T.);
#829=ORIENTED_EDGE('',*,*,#589,.T.);
#830=ORIENTED_EDGE('',*,*,#597,.T.);
#831=ORIENTED_EDGE('',*,*,#553,.F.);
#832=ORIENTED_EDGE('',*,*,#599,.F.);
#833=ORIENTED_EDGE('',*,*,#590,.F.);
#834=ORIENTED_EDGE('',*,*,#598,.F.);
#835=ORIENTED_EDGE('',*,*,#552,.F.);
#836=ORIENTED_EDGE('',*,*,#564,.T.);
#837=ORIENTED_EDGE('',*,*,#591,.T.);
#838=ORIENTED_EDGE('',*,*,#599,.T.);
#839=ORIENTED_EDGE('',*,*,#530,.F.);
#840=ORIENTED_EDGE('',*,*,#534,.T.);
#841=ORIENTED_EDGE('',*,*,#539,.F.);
#842=ORIENTED_EDGE('',*,*,#541,.T.);
#843=ORIENTED_EDGE('',*,*,#495,.F.);
#844=ORIENTED_EDGE('',*,*,#542,.T.);
#845=ORIENTED_EDGE('',*,*,#524,.T.);
#846=ORIENTED_EDGE('',*,*,#600,.F.);
#847=ORIENTED_EDGE('',*,*,#521,.F.);
#848=ORIENTED_EDGE('',*,*,#601,.F.);
#849=ORIENTED_EDGE('',*,*,#580,.T.);
#850=ORIENTED_EDGE('',*,*,#602,.T.);
#851=ORIENTED_EDGE('',*,*,#603,.T.);
#852=ORIENTED_EDGE('',*,*,#490,.T.);
#853=ORIENTED_EDGE('',*,*,#501,.T.);
#854=ORIENTED_EDGE('',*,*,#504,.T.);
#855=ORIENTED_EDGE('',*,*,#507,.T.);
#856=ORIENTED_EDGE('',*,*,#510,.T.);
#857=ORIENTED_EDGE('',*,*,#513,.T.);
#858=ORIENTED_EDGE('',*,*,#516,.T.);
#859=ORIENTED_EDGE('',*,*,#519,.T.);
#860=ORIENTED_EDGE('',*,*,#522,.T.);
#861=ORIENTED_EDGE('',*,*,#600,.T.);
#862=ORIENTED_EDGE('',*,*,#527,.T.);
#863=ORIENTED_EDGE('',*,*,#602,.F.);
#864=ORIENTED_EDGE('',*,*,#583,.F.);
#865=ORIENTED_EDGE('',*,*,#486,.T.);
#866=ORIENTED_EDGE('',*,*,#604,.T.);
#867=ORIENTED_EDGE('',*,*,#484,.T.);
#868=ORIENTED_EDGE('',*,*,#481,.T.);
#869=ORIENTED_EDGE('',*,*,#478,.T.);
#870=ORIENTED_EDGE('',*,*,#475,.T.);
#871=ORIENTED_EDGE('',*,*,#472,.T.);
#872=ORIENTED_EDGE('',*,*,#469,.T.);
#873=ORIENTED_EDGE('',*,*,#466,.T.);
#874=ORIENTED_EDGE('',*,*,#463,.T.);
#875=ORIENTED_EDGE('',*,*,#460,.T.);
#876=ORIENTED_EDGE('',*,*,#605,.F.);
#877=ORIENTED_EDGE('',*,*,#581,.T.);
#878=ORIENTED_EDGE('',*,*,#525,.T.);
#879=ORIENTED_EDGE('',*,*,#601,.T.);
#880=ORIENTED_EDGE('',*,*,#523,.T.);
#881=ORIENTED_EDGE('',*,*,#520,.T.);
#882=ORIENTED_EDGE('',*,*,#517,.T.);
#883=ORIENTED_EDGE('',*,*,#514,.T.);
#884=ORIENTED_EDGE('',*,*,#511,.T.);
#885=ORIENTED_EDGE('',*,*,#508,.T.);
#886=ORIENTED_EDGE('',*,*,#505,.T.);
#887=ORIENTED_EDGE('',*,*,#502,.T.);
#888=ORIENTED_EDGE('',*,*,#499,.T.);
#889=ORIENTED_EDGE('',*,*,#606,.T.);
#890=ORIENTED_EDGE('',*,*,#607,.T.);
#891=ORIENTED_EDGE('',*,*,#607,.F.);
#892=ORIENTED_EDGE('',*,*,#608,.F.);
#893=ORIENTED_EDGE('',*,*,#458,.F.);
#894=ORIENTED_EDGE('',*,*,#462,.F.);
#895=ORIENTED_EDGE('',*,*,#465,.F.);
#896=ORIENTED_EDGE('',*,*,#468,.F.);
#897=ORIENTED_EDGE('',*,*,#471,.F.);
#898=ORIENTED_EDGE('',*,*,#474,.F.);
#899=ORIENTED_EDGE('',*,*,#477,.F.);
#900=ORIENTED_EDGE('',*,*,#480,.F.);
#901=ORIENTED_EDGE('',*,*,#483,.F.);
#902=ORIENTED_EDGE('',*,*,#609,.F.);
#903=ORIENTED_EDGE('',*,*,#488,.F.);
#904=ORIENTED_EDGE('',*,*,#582,.F.);
#905=ORIENTED_EDGE('',*,*,#491,.F.);
#906=ORIENTED_EDGE('',*,*,#603,.F.);
#907=ORIENTED_EDGE('',*,*,#605,.T.);
#908=ORIENTED_EDGE('',*,*,#459,.T.);
#909=ORIENTED_EDGE('',*,*,#608,.T.);
#910=ORIENTED_EDGE('',*,*,#606,.F.);
#911=ORIENTED_EDGE('',*,*,#498,.F.);
#912=ORIENTED_EDGE('',*,*,#485,.T.);
#913=ORIENTED_EDGE('',*,*,#609,.T.);
#914=ORIENTED_EDGE('',*,*,#482,.F.);
#915=ORIENTED_EDGE('',*,*,#604,.F.);
#916=CYLINDRICAL_SURFACE('',#1008,13.60415);
#917=CYLINDRICAL_SURFACE('',#1010,13.60415);
#918=CYLINDRICAL_SURFACE('',#1011,13.60415);
#919=CYLINDRICAL_SURFACE('',#1012,13.60415);
#920=CYLINDRICAL_SURFACE('',#1013,13.60415);
#921=CYLINDRICAL_SURFACE('',#1014,13.60415);
#922=CYLINDRICAL_SURFACE('',#1015,13.60415);
#923=CYLINDRICAL_SURFACE('',#1016,13.60415);
#924=CYLINDRICAL_SURFACE('',#1017,13.60415);
#925=CYLINDRICAL_SURFACE('',#1018,13.60415);
#926=CYLINDRICAL_SURFACE('',#1020,12.7631);
#927=CYLINDRICAL_SURFACE('',#1026,12.7631);
#928=CYLINDRICAL_SURFACE('',#1027,12.7631);
#929=CYLINDRICAL_SURFACE('',#1028,12.7631);
#930=CYLINDRICAL_SURFACE('',#1029,12.7631);
#931=CYLINDRICAL_SURFACE('',#1030,12.7631);
#932=CYLINDRICAL_SURFACE('',#1031,12.7631);
#933=CYLINDRICAL_SURFACE('',#1032,12.7631);
#934=CYLINDRICAL_SURFACE('',#1033,12.7631);
#935=CYLINDRICAL_SURFACE('',#1034,12.7631);
#936=CYLINDRICAL_SURFACE('',#1036,1.);
#937=CYLINDRICAL_SURFACE('',#1039,10.2);
#938=CYLINDRICAL_SURFACE('',#1045,1.);
#939=CYLINDRICAL_SURFACE('',#1070,12.7631);
#940=CYLINDRICAL_SURFACE('',#1072,13.60415);
#941=ADVANCED_FACE('',(#79),#916,.F.);
#942=ADVANCED_FACE('',(#80),#917,.F.);
#943=ADVANCED_FACE('',(#81),#918,.F.);
#944=ADVANCED_FACE('',(#82),#919,.F.);
#945=ADVANCED_FACE('',(#83),#920,.F.);
#946=ADVANCED_FACE('',(#84),#921,.F.);
#947=ADVANCED_FACE('',(#85),#922,.F.);
#948=ADVANCED_FACE('',(#86),#923,.F.);
#949=ADVANCED_FACE('',(#87),#924,.F.);
#950=ADVANCED_FACE('',(#88),#925,.F.);
#951=ADVANCED_FACE('',(#89),#926,.F.);
#952=ADVANCED_FACE('',(#90),#927,.F.);
#953=ADVANCED_FACE('',(#91),#928,.F.);
#954=ADVANCED_FACE('',(#92),#929,.F.);
#955=ADVANCED_FACE('',(#93),#930,.F.);
#956=ADVANCED_FACE('',(#94),#931,.F.);
#957=ADVANCED_FACE('',(#95),#932,.F.);
#958=ADVANCED_FACE('',(#96),#933,.F.);
#959=ADVANCED_FACE('',(#97),#934,.F.);
#960=ADVANCED_FACE('',(#98),#935,.F.);
#961=ADVANCED_FACE('',(#99),#936,.T.);
#962=ADVANCED_FACE('',(#100),#937,.F.);
#963=ADVANCED_FACE('',(#101,#55),#57,.T.);
#964=ADVANCED_FACE('',(#102),#938,.T.);
#965=ADVANCED_FACE('',(#103),#58,.F.);
#966=ADVANCED_FACE('',(#104),#59,.F.);
#967=ADVANCED_FACE('',(#105),#53,.T.);
#968=ADVANCED_FACE('',(#106),#60,.F.);
#969=ADVANCED_FACE('',(#107),#61,.T.);
#970=ADVANCED_FACE('',(#108),#62,.F.);
#971=ADVANCED_FACE('',(#109),#63,.T.);
#972=ADVANCED_FACE('',(#110),#64,.F.);
#973=ADVANCED_FACE('',(#111),#65,.T.);
#974=ADVANCED_FACE('',(#112),#66,.F.);
#975=ADVANCED_FACE('',(#113),#67,.T.);
#976=ADVANCED_FACE('',(#114,#56),#68,.T.);
#977=ADVANCED_FACE('',(#115),#54,.T.);
#978=ADVANCED_FACE('',(#116),#69,.F.);
#979=ADVANCED_FACE('',(#117),#70,.T.);
#980=ADVANCED_FACE('',(#118),#71,.F.);
#981=ADVANCED_FACE('',(#119),#72,.T.);
#982=ADVANCED_FACE('',(#120),#73,.F.);
#983=ADVANCED_FACE('',(#121),#74,.T.);
#984=ADVANCED_FACE('',(#122),#75,.F.);
#985=ADVANCED_FACE('',(#123),#76,.T.);
#986=ADVANCED_FACE('',(#124),#77,.F.);
#987=ADVANCED_FACE('',(#125),#939,.F.);
#988=ADVANCED_FACE('',(#126),#15,.F.);
#989=ADVANCED_FACE('',(#127),#16,.F.);
#990=ADVANCED_FACE('',(#128),#17,.F.);
#991=ADVANCED_FACE('',(#129),#18,.F.);
#992=ADVANCED_FACE('',(#130),#78,.F.);
#993=ADVANCED_FACE('',(#131),#940,.F.);
#994=CLOSED_SHELL('',(#941,#942,#943,#944,#945,#946,#947,#948,#949,#950,
#951,#952,#953,#954,#955,#956,#957,#958,#959,#960,#961,#962,#963,#964,#965,
#966,#967,#968,#969,#970,#971,#972,#973,#974,#975,#976,#977,#978,#979,#980,
#981,#982,#983,#984,#985,#986,#987,#988,#989,#990,#991,#992,#993));
#995=DERIVED_UNIT_ELEMENT(#997,1.);
#996=DERIVED_UNIT_ELEMENT(#5594,-3.);
#997=(
MASS_UNIT()
NAMED_UNIT(*)
SI_UNIT(.KILO.,.GRAM.)
);
#998=DERIVED_UNIT((#995,#996));
#999=MEASURE_REPRESENTATION_ITEM('density measure',
POSITIVE_RATIO_MEASURE(7850.),#998);
#1000=PROPERTY_DEFINITION_REPRESENTATION(#1005,#1002);
#1001=PROPERTY_DEFINITION_REPRESENTATION(#1006,#1003);
#1002=REPRESENTATION('material name',(#1004),#5591);
#1003=REPRESENTATION('density',(#999),#5591);
#1004=DESCRIPTIVE_REPRESENTATION_ITEM('Steel','Steel');
#1005=PROPERTY_DEFINITION('material property','material name',#5601);
#1006=PROPERTY_DEFINITION('material property','density of part',#5601);
#1007=AXIS2_PLACEMENT_3D('',#1254,#1073,#1074);
#1008=AXIS2_PLACEMENT_3D('',#1255,#1075,#1076);
#1009=AXIS2_PLACEMENT_3D('',#1283,#1078,#1079);
#1010=AXIS2_PLACEMENT_3D('',#1315,#1080,#1081);
#1011=AXIS2_PLACEMENT_3D('',#1399,#1083,#1084);
#1012=AXIS2_PLACEMENT_3D('',#1480,#1086,#1087);
#1013=AXIS2_PLACEMENT_3D('',#1570,#1089,#1090);
#1014=AXIS2_PLACEMENT_3D('',#1654,#1092,#1093);
#1015=AXIS2_PLACEMENT_3D('',#1732,#1095,#1096);
#1016=AXIS2_PLACEMENT_3D('',#1819,#1098,#1099);
#1017=AXIS2_PLACEMENT_3D('',#1906,#1101,#1102);
#1018=AXIS2_PLACEMENT_3D('',#1978,#1104,#1105);
#1019=AXIS2_PLACEMENT_3D('',#1991,#1107,#1108);
#1020=AXIS2_PLACEMENT_3D('',#2008,#1109,#1110);
#1021=AXIS2_PLACEMENT_3D('',#2020,#1112,#1113);
#1022=AXIS2_PLACEMENT_3D('',#2024,#1115,#1116);
#1023=AXIS2_PLACEMENT_3D('',#2028,#1118,#1119);
#1024=AXIS2_PLACEMENT_3D('',#2031,#1121,#1122);
#1025=AXIS2_PLACEMENT_3D('',#2033,#1123,#1124);
#1026=AXIS2_PLACEMENT_3D('',#2041,#1125,#1126);
#1027=AXIS2_PLACEMENT_3D('',#2075,#1128,#1129);
#1028=AXIS2_PLACEMENT_3D('',#2111,#1131,#1132);
#1029=AXIS2_PLACEMENT_3D('',#2145,#1134,#1135);
#1030=AXIS2_PLACEMENT_3D('',#2180,#1137,#1138);
#1031=AXIS2_PLACEMENT_3D('',#2213,#1140,#1141);
#1032=AXIS2_PLACEMENT_3D('',#2245,#1143,#1144);
#1033=AXIS2_PLACEMENT_3D('',#2278,#1146,#1147);
#1034=AXIS2_PLACEMENT_3D('',#2316,#1149,#1150);
#1035=AXIS2_PLACEMENT_3D('',#2334,#1152,#1153);
#1036=AXIS2_PLACEMENT_3D('',#2348,#1154,#1155);
#1037=AXIS2_PLACEMENT_3D('',#2351,#1156,#1157);
#1038=AXIS2_PLACEMENT_3D('',#2355,#1159,#1160);
#1039=AXIS2_PLACEMENT_3D('',#2357,#1162,#1163);
#1040=AXIS2_PLACEMENT_3D('',#2359,#1164,#1165);
#1041=AXIS2_PLACEMENT_3D('',#2362,#1167,#1168);
#1042=AXIS2_PLACEMENT_3D('',#2363,#1169,#1170);
#1043=AXIS2_PLACEMENT_3D('',#2365,#1171,#1172);
#1044=AXIS2_PLACEMENT_3D('',#2369,#1175,#1176);
#1045=AXIS2_PLACEMENT_3D('',#2370,#1177,#1178);
#1046=AXIS2_PLACEMENT_3D('',#2372,#1179,#1180);
#1047=AXIS2_PLACEMENT_3D('',#2374,#1182,#1183);
#1048=AXIS2_PLACEMENT_3D('',#2376,#1185,#1186);
#1049=AXIS2_PLACEMENT_3D('',#2378,#1188,#1189);
#1050=AXIS2_PLACEMENT_3D('',#2398,#1191,#1192);
#1051=AXIS2_PLACEMENT_3D('',#2450,#1193,#1194);
#1052=AXIS2_PLACEMENT_3D('',#2458,#1197,#1198);
#1053=AXIS2_PLACEMENT_3D('',#2464,#1200,#1201);
#1054=AXIS2_PLACEMENT_3D('',#2474,#1203,#1204);
#1055=AXIS2_PLACEMENT_3D('',#2480,#1206,#1207);
#1056=AXIS2_PLACEMENT_3D('',#2486,#1209,#1210);
#1057=AXIS2_PLACEMENT_3D('',#2492,#1212,#1213);
#1058=AXIS2_PLACEMENT_3D('',#2498,#1215,#1216);
#1059=AXIS2_PLACEMENT_3D('',#2504,#1218,#1219);
#1060=AXIS2_PLACEMENT_3D('',#2793,#1220,#1221);
#1061=AXIS2_PLACEMENT_3D('',#2826,#1223,#1224);
#1062=AXIS2_PLACEMENT_3D('',#2828,#1226,#1227);
#1063=AXIS2_PLACEMENT_3D('',#2830,#1229,#1230);
#1064=AXIS2_PLACEMENT_3D('',#2832,#1232,#1233);
#1065=AXIS2_PLACEMENT_3D('',#2834,#1235,#1236);
#1066=AXIS2_PLACEMENT_3D('',#2836,#1238,#1239);
#1067=AXIS2_PLACEMENT_3D('',#2838,#1241,#1242);
#1068=AXIS2_PLACEMENT_3D('',#2840,#1244,#1245);
#1069=AXIS2_PLACEMENT_3D('',#2841,#1246,#1247);
#1070=AXIS2_PLACEMENT_3D('',#2842,#1248,#1249);
#1071=AXIS2_PLACEMENT_3D('',#5587,#1250,#1251);
#1072=AXIS2_PLACEMENT_3D('',#5588,#1252,#1253);
#1073=DIRECTION('axis',(0.,0.,1.));
#1074=DIRECTION('refdir',(1.,0.,0.));
#1075=DIRECTION('center_axis',(3.15025783237393E-15,-1.,3.64522660586065E-31));
#1076=DIRECTION('ref_axis',(-1.,-3.73435915658065E-15,-3.59045532162709E-14));
#1077=DIRECTION('',(3.47188236230926E-15,-1.,1.19516953564184E-29));
#1078=DIRECTION('center_axis',(-3.02213390737351E-15,1.,1.69770466688032E-30));
#1079=DIRECTION('ref_axis',(-1.,-3.73435915658065E-15,-3.59045532162708E-14));
#1080=DIRECTION('center_axis',(3.15025783237393E-15,-1.,3.64522660586065E-31));
#1081=DIRECTION('ref_axis',(-1.,-3.73435915658065E-15,-3.59045532162709E-14));
#1082=DIRECTION('',(3.47188236230926E-15,-1.,1.19516953564184E-29));
#1083=DIRECTION('center_axis',(3.15025783237393E-15,-1.,3.64522660586065E-31));
#1084=DIRECTION('ref_axis',(-1.,-3.73435915658065E-15,-3.59045532162709E-14));
#1085=DIRECTION('',(3.47188236230926E-15,-1.,1.19516953564184E-29));
#1086=DIRECTION('center_axis',(3.15025783237393E-15,-1.,3.64522660586065E-31));
#1087=DIRECTION('ref_axis',(-1.,-3.73435915658065E-15,-3.59045532162709E-14));
#1088=DIRECTION('',(3.47188236230926E-15,-1.,1.19516953564184E-29));
#1089=DIRECTION('center_axis',(3.15025783237393E-15,-1.,3.64522660586065E-31));
#1090=DIRECTION('ref_axis',(-1.,-3.73435915658065E-15,-3.59045532162709E-14));
#1091=DIRECTION('',(3.47188236230926E-15,-1.,1.19516953564184E-29));
#1092=DIRECTION('center_axis',(3.15025783237393E-15,-1.,3.64522660586065E-31));
#1093=DIRECTION('ref_axis',(-1.,-3.73435915658065E-15,-3.59045532162709E-14));
#1094=DIRECTION('',(3.47188236230926E-15,-1.,1.19516953564184E-29));
#1095=DIRECTION('center_axis',(3.15025783237393E-15,-1.,3.64522660586065E-31));
#1096=DIRECTION('ref_axis',(-1.,-3.73435915658065E-15,-3.59045532162709E-14));
#1097=DIRECTION('',(3.47188236230926E-15,-1.,1.19516953564184E-29));
#1098=DIRECTION('center_axis',(3.15025783237393E-15,-1.,3.64522660586065E-31));
#1099=DIRECTION('ref_axis',(-1.,-3.73435915658065E-15,-3.59045532162709E-14));
#1100=DIRECTION('',(3.47188236230926E-15,-1.,1.19516953564184E-29));
#1101=DIRECTION('center_axis',(3.15025783237393E-15,-1.,3.64522660586065E-31));
#1102=DIRECTION('ref_axis',(-1.,-3.73435915658065E-15,-3.59045532162709E-14));
#1103=DIRECTION('',(3.47188236230926E-15,-1.,1.19516953564184E-29));
#1104=DIRECTION('center_axis',(3.15025783237393E-15,-1.,3.64522660586065E-31));
#1105=DIRECTION('ref_axis',(-1.,-3.73435915658065E-15,-3.59045532162709E-14));
#1106=DIRECTION('',(3.47188236230926E-15,-1.,1.19516953564184E-29));
#1107=DIRECTION('center_axis',(1.6493960169386E-30,-1.,3.75453313659989E-31));
#1108=DIRECTION('ref_axis',(-1.,-3.73435915658065E-15,-3.59045532162709E-14));
#1109=DIRECTION('center_axis',(1.6493960169386E-30,-1.,3.75453313659989E-31));
#1110=DIRECTION('ref_axis',(-1.,-1.6493960169386E-30,-1.11022302462516E-16));
#1111=DIRECTION('',(1.6493960169386E-30,-1.,3.75453313659989E-31));
#1112=DIRECTION('center_axis',(-3.02213390737351E-15,1.,1.69770466688032E-30));
#1113=DIRECTION('ref_axis',(-1.,-1.6493960169386E-30,-1.11022302462516E-16));
#1114=DIRECTION('',(1.6493960169386E-30,-1.,3.75453313659989E-31));
#1115=DIRECTION('center_axis',(-1.94173591992554E-30,1.,-3.75453325414935E-31));
#1116=DIRECTION('ref_axis',(1.,3.21070058521425E-15,-5.89809158205666E-17));
#1117=DIRECTION('',(-1.6493960169386E-30,1.,-3.75453313659989E-31));
#1118=DIRECTION('center_axis',(3.15025783237391E-15,-1.,-1.04241696512326E-22));
#1119=DIRECTION('ref_axis',(-1.,-1.70786399753599E-30,-1.11022302462516E-16));
#1120=DIRECTION('',(1.6493960169386E-30,-1.,3.75453313659989E-31));
#1121=DIRECTION('center_axis',(-1.94173591992554E-30,1.,-3.75453325414935E-31));
#1122=DIRECTION('ref_axis',(1.,3.21070058521425E-15,-5.89809158205666E-17));
#1123=DIRECTION('center_axis',(-3.02213390737351E-15,1.,1.69770466688032E-30));
#1124=DIRECTION('ref_axis',(-1.,-1.6493960169386E-30,-1.11022302462516E-16));
#1125=DIRECTION('center_axis',(1.6493960169386E-30,-1.,3.75453313659989E-31));
#1126=DIRECTION('ref_axis',(-1.,-1.6493960169386E-30,-1.11022302462516E-16));
#1127=DIRECTION('',(1.6493960169386E-30,-1.,3.75453313659989E-31));
#1128=DIRECTION('center_axis',(1.6493960169386E-30,-1.,3.75453313659989E-31));
#1129=DIRECTION('ref_axis',(-1.,-1.6493960169386E-30,-1.11022302462516E-16));
#1130=DIRECTION('',(1.6493960169386E-30,-1.,3.75453313659989E-31));
#1131=DIRECTION('center_axis',(1.6493960169386E-30,-1.,3.75453313659989E-31));
#1132=DIRECTION('ref_axis',(-1.,-1.6493960169386E-30,-1.11022302462516E-16));
#1133=DIRECTION('',(1.6493960169386E-30,-1.,3.75453313659989E-31));
#1134=DIRECTION('center_axis',(1.6493960169386E-30,-1.,3.75453313659989E-31));
#1135=DIRECTION('ref_axis',(-1.,-1.6493960169386E-30,-1.11022302462516E-16));
#1136=DIRECTION('',(1.6493960169386E-30,-1.,3.75453313659989E-31));
#1137=DIRECTION('center_axis',(1.6493960169386E-30,-1.,3.75453313659989E-31));
#1138=DIRECTION('ref_axis',(-1.,-1.6493960169386E-30,-1.11022302462516E-16));
#1139=DIRECTION('',(1.6493960169386E-30,-1.,3.75453313659989E-31));
#1140=DIRECTION('center_axis',(1.6493960169386E-30,-1.,3.75453313659989E-31));
#1141=DIRECTION('ref_axis',(-1.,-1.6493960169386E-30,-1.11022302462516E-16));
#1142=DIRECTION('',(1.6493960169386E-30,-1.,3.75453313659989E-31));
#1143=DIRECTION('center_axis',(1.6493960169386E-30,-1.,3.75453313659989E-31));
#1144=DIRECTION('ref_axis',(-1.,-1.6493960169386E-30,-1.11022302462516E-16));
#1145=DIRECTION('',(1.6493960169386E-30,-1.,3.75453313659989E-31));
#1146=DIRECTION('center_axis',(1.6493960169386E-30,-1.,3.75453313659989E-31));
#1147=DIRECTION('ref_axis',(-1.,-1.6493960169386E-30,-1.11022302462516E-16));
#1148=DIRECTION('',(1.6493960169386E-30,-1.,3.75453313659989E-31));
#1149=DIRECTION('center_axis',(1.6493960169386E-30,-1.,3.75453313659989E-31));
#1150=DIRECTION('ref_axis',(-1.,-1.6493960169386E-30,-1.11022302462516E-16));
#1151=DIRECTION('',(1.6493960169386E-30,-1.,3.75453313659989E-31));
#1152=DIRECTION('center_axis',(1.6493960169386E-30,-1.,3.75453313659989E-31));
#1153=DIRECTION('ref_axis',(-1.,-1.6493960169386E-30,-1.11022302462516E-16));
#1154=DIRECTION('center_axis',(3.05261452713333E-15,-1.,-1.69781042745543E-30));
#1155=DIRECTION('ref_axis',(-0.49853497117437,0.,-0.866869587952057));
#1156=DIRECTION('center_axis',(-1.94173591992554E-30,1.,-3.75453325414935E-31));
#1157=DIRECTION('ref_axis',(-0.49853497117437,0.,-0.866869587952057));
#1158=DIRECTION('',(-3.05261452713333E-15,1.,1.69781042745543E-30));
#1159=DIRECTION('center_axis',(3.15025783237391E-15,-1.,-1.04241696512326E-22));
#1160=DIRECTION('ref_axis',(-0.49853497117437,0.,-0.866869587952057));
#1161=DIRECTION('',(3.05261452713333E-15,-1.,-5.30375586629924E-24));
#1162=DIRECTION('center_axis',(-3.05261452713333E-15,1.,1.69781042745543E-30));
#1163=DIRECTION('ref_axis',(-0.999989893134728,-3.05258367476958E-15,0.00449595689420967));
#1164=DIRECTION('center_axis',(1.94173591992554E-30,-1.,3.75453325414935E-31));
#1165=DIRECTION('ref_axis',(1.,3.05261452713333E-15,-3.46976458930884E-18));
#1166=DIRECTION('',(3.05261452713333E-15,-1.,-1.69781042745543E-30));
#1167=DIRECTION('center_axis',(3.15025783237391E-15,-1.,-1.04241696512326E-22));
#1168=DIRECTION('ref_axis',(1.,3.05261452713333E-15,-3.46976458930884E-18));
#1169=DIRECTION('center_axis',(1.94173591992554E-30,-1.,3.75453325414935E-31));
#1170=DIRECTION('ref_axis',(1.11022302462516E-16,-3.75453325414934E-31,
-1.));
#1171=DIRECTION('center_axis',(-1.94173591992554E-30,1.,-3.75453325414935E-31));
#1172=DIRECTION('ref_axis',(-0.107941093635423,-5.72560334434605E-31,-0.994157291531269));
#1173=DIRECTION('',(0.999999999999999,1.94173593252192E-30,3.35497892509463E-8));
#1174=DIRECTION('',(-1.,-1.94173591992555E-30,-7.89424512767294E-15));
#1175=DIRECTION('center_axis',(-1.94173591992554E-30,1.,-3.75453325414935E-31));
#1176=DIRECTION('ref_axis',(-0.494632538827351,0.,0.86910221006117));
#1177=DIRECTION('center_axis',(-3.05261452713333E-15,1.,1.69781042745543E-30));
#1178=DIRECTION('ref_axis',(-0.494632538827351,0.,0.86910221006117));
#1179=DIRECTION('center_axis',(3.15025783237391E-15,-1.,-1.04241696512326E-22));
#1180=DIRECTION('ref_axis',(-0.494632538827351,0.,0.86910221006117));
#1181=DIRECTION('',(-3.05261452713333E-15,1.,3.1821415614806E-30));
#1182=DIRECTION('center_axis',(7.89424512767294E-15,2.72802289189666E-29,
-1.));
#1183=DIRECTION('ref_axis',(-1.,-1.13772143254384E-15,-7.89424512767294E-15));
#1184=DIRECTION('',(-1.,-3.15025783237391E-15,-7.89424512767294E-15));
#1185=DIRECTION('center_axis',(-3.35497892509463E-8,-1.07718329916E-22,
0.999999999999999));
#1186=DIRECTION('ref_axis',(0.999999999999999,1.91103698077768E-22,3.35497892509463E-8));
#1187=DIRECTION('',(0.999999999999999,3.15025783237391E-15,3.35497892509463E-8));
#1188=DIRECTION('center_axis',(5.16303015525431E-30,-1.,-3.15544362088405E-30));
#1189=DIRECTION('ref_axis',(-0.107941093635423,1.75138720217681E-16,-0.994157291531269));
#1190=DIRECTION('',(-0.0763258792782998,0.707106781186548,-0.702975362407812));
#1191=DIRECTION('center_axis',(1.6493960169386E-30,-1.,3.75453313659989E-31));
#1192=DIRECTION('ref_axis',(-0.107941093635423,1.75138720217681E-16,-0.994157291531269));
#1193=DIRECTION('center_axis',(-0.923879532511287,-2.89594850079844E-15,
-0.38268343236509));
#1194=DIRECTION('ref_axis',(0.38268343236509,1.20555157643463E-15,-0.923879532511287));
#1195=DIRECTION('',(-3.13122923343728E-15,1.,-8.02203640164726E-18));
#1196=DIRECTION('',(3.13455206971269E-15,-1.,-2.98436636800032E-30));
#1197=DIRECTION('center_axis',(0.707106781186546,2.21978586075158E-15,0.707106781186549));
#1198=DIRECTION('ref_axis',(0.707106781186549,0.,-0.707106781186546));
#1199=DIRECTION('',(3.13122923343727E-15,-1.,8.02203640164727E-18));
#1200=DIRECTION('center_axis',(-0.38268343236509,-1.20568094581423E-15,
-0.923879532511287));
#1201=DIRECTION('ref_axis',(0.923879532511287,2.9104587733552E-15,-0.38268343236509));
#1202=DIRECTION('',(-3.14257410611434E-15,1.,-3.32283627541176E-18));
#1203=DIRECTION('center_axis',(-9.61357393951443E-15,3.32283627538155E-18,
1.));
#1204=DIRECTION('ref_axis',(1.,0.,9.61357393951443E-15));
#1205=DIRECTION('',(3.14257410611434E-15,-1.,3.32283627541158E-18));
#1206=DIRECTION('center_axis',(0.38268343236509,1.19954114496475E-15,-0.923879532511287));
#1207=DIRECTION('ref_axis',(0.923879532511287,2.91045869357206E-15,0.38268343236509));
#1208=DIRECTION('',(-3.13455206971269E-15,1.,1.88489566407339E-30));
#1209=DIRECTION('center_axis',(-0.707106781186546,-2.21646302447617E-15,
0.707106781186549));
#1210=DIRECTION('ref_axis',(0.707106781186549,0.,0.707106781186546));
#1211=DIRECTION('',(3.13455206971269E-15,-1.,-1.57930102159217E-30));
#1212=DIRECTION('center_axis',(0.923879532511287,2.89594850079845E-15,-0.38268343236509));
#1213=DIRECTION('ref_axis',(0.38268343236509,1.20555138382109E-15,0.923879532511287));
#1214=DIRECTION('',(-3.13455206971269E-15,1.,1.57930102159217E-30));
#1215=DIRECTION('center_axis',(-1.,-3.13455206971269E-15,3.6050902273179E-15));
#1216=DIRECTION('ref_axis',(3.6050902273179E-15,0.,1.));
#1217=DIRECTION('',(3.13455206971269E-15,-1.,-1.73024302102647E-30));
#1218=DIRECTION('center_axis',(-1.6493960169386E-30,1.,-3.75453313659989E-31));
#1219=DIRECTION('ref_axis',(-1.11022302462516E-16,3.75453313659989E-31,
1.));
#1220=DIRECTION('center_axis',(0.,1.,0.));
#1221=DIRECTION('ref_axis',(-0.107941093635423,-1.75138720217678E-16,-0.994157291531269));
#1222=DIRECTION('',(-0.0763258792782998,-0.707106781186548,-0.702975362407812));
#1223=DIRECTION('center_axis',(0.923879532511287,2.89594850079845E-15,0.382683432365089));
#1224=DIRECTION('ref_axis',(-0.382683432365089,-1.20555157643462E-15,0.923879532511287));
#1225=DIRECTION('',(-3.13122923343728E-15,1.,-8.02203640164687E-18));
#1226=DIRECTION('center_axis',(-0.707106781186548,-2.21978586075158E-15,
-0.707106781186547));
#1227=DIRECTION('ref_axis',(-0.707106781186547,0.,0.707106781186548));
#1228=DIRECTION('',(3.13122923343728E-15,-1.,8.02203640164686E-18));
#1229=DIRECTION('center_axis',(0.38268343236509,1.20568094581423E-15,0.923879532511287));
#1230=DIRECTION('ref_axis',(-0.923879532511287,-2.9104587733552E-15,0.38268343236509));
#1231=DIRECTION('',(-3.14257410611434E-15,1.,-3.32283627541137E-18));
#1232=DIRECTION('center_axis',(-2.4033934848786E-15,-3.32283627541911E-18,
-1.));
#1233=DIRECTION('ref_axis',(-1.,0.,2.4033934848786E-15));
#1234=DIRECTION('',(3.14257410611434E-15,-1.,3.32283627541156E-18));
#1235=DIRECTION('center_axis',(-0.38268343236509,-1.19954114496475E-15,
0.923879532511287));
#1236=DIRECTION('ref_axis',(-0.923879532511287,-2.91045869357206E-15,-0.38268343236509));
#1237=DIRECTION('',(-3.13455206971269E-15,1.,2.14878799659851E-30));
#1238=DIRECTION('center_axis',(0.707106781186549,2.21646302447618E-15,-0.707106781186546));
#1239=DIRECTION('ref_axis',(-0.707106781186546,0.,-0.707106781186549));
#1240=DIRECTION('',(3.13455206971269E-15,-1.,-2.20636269507909E-30));
#1241=DIRECTION('center_axis',(-0.923879532511287,-2.89594850079845E-15,
0.38268343236509));
#1242=DIRECTION('ref_axis',(-0.382683432365089,-1.20555138382109E-15,-0.923879532511287));
#1243=DIRECTION('',(-3.13455206971269E-15,1.,2.53154036969741E-30));
#1244=DIRECTION('center_axis',(1.,3.13455206971269E-15,-2.4033934848786E-15));
#1245=DIRECTION('ref_axis',(-2.4033934848786E-15,0.,-1.));
#1246=DIRECTION('center_axis',(3.15025783237391E-15,-1.,-1.04241696512326E-22));
#1247=DIRECTION('ref_axis',(1.,3.15025783237391E-15,-3.46976458930882E-18));
#1248=DIRECTION('center_axis',(1.6493960169386E-30,-1.,3.75453313659989E-31));
#1249=DIRECTION('ref_axis',(-1.,-1.6493960169386E-30,-1.11022302462516E-16));
#1250=DIRECTION('center_axis',(3.02213390737351E-15,-1.,-1.69770466688032E-30));
#1251=DIRECTION('ref_axis',(-3.46976458930758E-18,1.68721857366437E-30,
-1.));
#1252=DIRECTION('center_axis',(3.15025783237393E-15,-1.,3.64522660586065E-31));
#1253=DIRECTION('ref_axis',(-1.,-3.73435915658065E-15,-3.59045532162709E-14));
#1254=CARTESIAN_POINT('',(0.,0.,0.));
#1255=CARTESIAN_POINT('Origin',(3.05866235521357,-105.672357938379,35.8612653953173));
#1256=CARTESIAN_POINT('',(16.6625632737849,-122.681913902881,35.8604225156837));
#1257=CARTESIAN_POINT('',(16.6640224739829,-123.037841375318,35.8606714588893));
#1258=CARTESIAN_POINT('',(16.6628123552136,-105.672357938379,35.8612653953177));
#1259=CARTESIAN_POINT('',(-6.16909456398788,-123.984877639092,25.865196194745));
#1260=CARTESIAN_POINT('Ctrl Pts',(16.6640224739829,-123.037841375318,35.8606714588893));
#1261=CARTESIAN_POINT('Ctrl Pts',(16.6607464008211,-123.07750749395,38.1204053462601));
#1262=CARTESIAN_POINT('Ctrl Pts',(16.0894601508426,-123.117173612581,40.3817280944382));
#1263=CARTESIAN_POINT('Ctrl Pts',(15.0093641644164,-123.156839731213,42.3660829133658));
#1264=CARTESIAN_POINT('Ctrl Pts',(13.756741226645,-123.202841837206,44.6674046422713));
#1265=CARTESIAN_POINT('Ctrl Pts',(11.8197790711269,-123.2488439432,46.5962098832505));
#1266=CARTESIAN_POINT('Ctrl Pts',(9.51320384594502,-123.294846049193,47.8391731766517));
#1267=CARTESIAN_POINT('Ctrl Pts',(7.20662862076309,-123.340848155186,49.082136470053));
#1268=CARTESIAN_POINT('Ctrl Pts',(4.53044032591736,-123.386850261179,49.6392578158764));
#1269=CARTESIAN_POINT('Ctrl Pts',(1.91948951194336,-123.432852367173,49.4198480283837));
#1270=CARTESIAN_POINT('Ctrl Pts',(-0.691461302030642,-123.478854473166,
49.2004382408911));
#1271=CARTESIAN_POINT('Ctrl Pts',(-3.23717463513285,-123.524856579159,48.2044973200824));
#1272=CARTESIAN_POINT('Ctrl Pts',(-5.30401823487722,-123.570858685152,46.5941894953457));
#1273=CARTESIAN_POINT('Ctrl Pts',(-7.37086183462163,-123.616860791146,44.9838816706089));
#1274=CARTESIAN_POINT('Ctrl Pts',(-8.95883570100822,-123.662862897139,42.7592069419441));
#1275=CARTESIAN_POINT('Ctrl Pts',(-9.80989333470836,-123.708865003132,40.2809505420806));
#1276=CARTESIAN_POINT('Ctrl Pts',(-10.6609509684085,-123.754867109125,37.8026941422172));
#1277=CARTESIAN_POINT('Ctrl Pts',(-10.7750923694221,-123.800869215119,35.0708560711551));
#1278=CARTESIAN_POINT('Ctrl Pts',(-10.1336718362252,-123.846871321112,32.5310130197443));
#1279=CARTESIAN_POINT('Ctrl Pts',(-9.49225130302849,-123.892873427105,29.9911699683344));
#1280=CARTESIAN_POINT('Ctrl Pts',(-8.09526883562173,-123.938875533098,27.6433219365756));
#1281=CARTESIAN_POINT('Ctrl Pts',(-6.16909456398788,-123.984877639092,25.865196194745));
#1282=CARTESIAN_POINT('',(12.2864192744124,-123.984877639091,25.8651961947425));
#1283=CARTESIAN_POINT('Origin',(3.05866235521363,-123.984877639092,35.8612653953173));
#1284=CARTESIAN_POINT('Ctrl Pts',(12.2862400765002,-123.98487763909,25.8664531158783));
#1285=CARTESIAN_POINT('Ctrl Pts',(10.9539600639345,-123.953105086362,24.6399600797088));
#1286=CARTESIAN_POINT('Ctrl Pts',(9.37778756999357,-123.921332533633,23.6762041540639));
#1287=CARTESIAN_POINT('Ctrl Pts',(7.67548203733682,-123.889559980905,23.0621300584917));
#1288=CARTESIAN_POINT('Ctrl Pts',(5.21078742447825,-123.843557874912,22.1730387137136));
#1289=CARTESIAN_POINT('Ctrl Pts',(2.48168147657167,-123.797555768919,22.0169816355549));
#1290=CARTESIAN_POINT('Ctrl Pts',(-0.0683432385125298,-123.751553662925,
22.6191630977675));
#1291=CARTESIAN_POINT('Ctrl Pts',(-2.61836795359679,-123.705551556932,23.2213445599802));
#1292=CARTESIAN_POINT('Ctrl Pts',(-4.98931143585867,-123.659549450939,24.5817645625643));
#1293=CARTESIAN_POINT('Ctrl Pts',(-6.79595240943673,-123.613547344946,26.479446527501));
#1294=CARTESIAN_POINT('Ctrl Pts',(-8.60259338301475,-123.567545238952,28.3771284924377));
#1295=CARTESIAN_POINT('Ctrl Pts',(-9.84493184790898,-123.521543132959,30.812072419727));
#1296=CARTESIAN_POINT('Ctrl Pts',(-10.3210916828852,-123.475541026966,33.3886005155844));
#1297=CARTESIAN_POINT('Ctrl Pts',(-10.7972515178614,-123.429538920973,35.9651286114418));
#1298=CARTESIAN_POINT('Ctrl Pts',(-10.5072327229196,-123.383536814979,38.6832408758673));
#1299=CARTESIAN_POINT('Ctrl Pts',(-9.49816746139004,-123.337534708986,41.1012899935997));
#1300=CARTESIAN_POINT('Ctrl Pts',(-8.48910219986045,-123.291532602993,43.519339111332));
#1301=CARTESIAN_POINT('Ctrl Pts',(-6.76099047174307,-123.245530497,45.6373250823712));
#1302=CARTESIAN_POINT('Ctrl Pts',(-4.59461958191852,-123.199528391006,47.1111135895125));
#1303=CARTESIAN_POINT('Ctrl Pts',(-2.42824869209402,-123.153526285013,48.5849020966538));
#1304=CARTESIAN_POINT('Ctrl Pts',(0.176381359437615,-123.10752417902,49.4144931398973));
#1305=CARTESIAN_POINT('Ctrl Pts',(2.7960429117027,-123.061522073027,49.4650560120163));
#1306=CARTESIAN_POINT('Ctrl Pts',(5.41570446396779,-123.015519967033,49.5156188841353));
#1307=CARTESIAN_POINT('Ctrl Pts',(8.05039751696633,-122.96951786104,48.7871535851297));
#1308=CARTESIAN_POINT('Ctrl Pts',(10.2720398015992,-122.923515755047,47.3981008276803));
#1309=CARTESIAN_POINT('Ctrl Pts',(12.493682086232,-122.877513649054,46.0090480702308));
#1310=CARTESIAN_POINT('Ctrl Pts',(14.3022736024992,-122.83151154306,43.9594078543374));
#1311=CARTESIAN_POINT('Ctrl Pts',(15.4039038747864,-122.785509437067,41.5820624317414));
#1312=CARTESIAN_POINT('Ctrl Pts',(16.2308513523017,-122.750977592338,39.7974892860555));
#1313=CARTESIAN_POINT('Ctrl Pts',(16.6594351490277,-122.716445747609,37.8282584190765));
#1314=CARTESIAN_POINT('Ctrl Pts',(16.6625632737823,-122.68191390288,35.8604225156837));
#1315=CARTESIAN_POINT('Origin',(3.05866235521357,-105.672357938379,35.8612653953173));
#1316=CARTESIAN_POINT('',(16.6605798463879,-121.181913902866,35.8604728634738));
#1317=CARTESIAN_POINT('',(16.6647092358809,-121.537841375299,35.860096250784));
#1318=CARTESIAN_POINT('',(16.6628123552136,-105.672357938379,35.8612653953177));
#1319=CARTESIAN_POINT('Ctrl Pts',(16.6647092358809,-121.537841375299,35.860096250784));
#1320=CARTESIAN_POINT('Ctrl Pts',(16.6635424148642,-121.576595673122,38.067312919882));
#1321=CARTESIAN_POINT('Ctrl Pts',(16.1153461392739,-121.615349970944,40.276697938359));
#1322=CARTESIAN_POINT('Ctrl Pts',(15.0821104511706,-121.654104268767,42.2284601347659));
#1323=CARTESIAN_POINT('Ctrl Pts',(13.9919141160077,-121.69499502965,44.2878198898842));
#1324=CARTESIAN_POINT('Ctrl Pts',(12.3617253553235,-121.735885790533,46.0603691942013));
#1325=CARTESIAN_POINT('Ctrl Pts',(10.4003345736529,-121.776776551415,47.3163172204572));
#1326=CARTESIAN_POINT('Ctrl Pts',(8.19376994427345,-121.822778657409,48.729258749995));
#1327=CARTESIAN_POINT('Ctrl Pts',(5.56802775708309,-121.868780763402,49.4883767869867));
#1328=CARTESIAN_POINT('Ctrl Pts',(2.94814082784254,-121.914782869395,49.4674125994836));
#1329=CARTESIAN_POINT('Ctrl Pts',(0.328253898601936,-121.960784975388,49.4464484119804));
#1330=CARTESIAN_POINT('Ctrl Pts',(-2.28577777268889,-122.006787081382,48.6454019999823));
#1331=CARTESIAN_POINT('Ctrl Pts',(-4.46855217017479,-122.052789187375,47.1957520686004));
#1332=CARTESIAN_POINT('Ctrl Pts',(-6.65132656766064,-122.098791293368,45.7461021372186));
#1333=CARTESIAN_POINT('Ctrl Pts',(-8.40284369134167,-122.144793399362,43.6478486864531));
#1334=CARTESIAN_POINT('Ctrl Pts',(-9.43881753947755,-122.190795505355,41.2412943156357));
#1335=CARTESIAN_POINT('Ctrl Pts',(-10.4747913876134,-122.236797611348,38.8347399448184));
#1336=CARTESIAN_POINT('Ctrl Pts',(-10.7952219602041,-122.282799717341,36.1198846539492));
#1337=CARTESIAN_POINT('Ctrl Pts',(-10.3478910451971,-122.328801823335,33.5381666393942));
#1338=CARTESIAN_POINT('Ctrl Pts',(-9.90056013019005,-122.374803929328,30.9564486248392));
#1339=CARTESIAN_POINT('Ctrl Pts',(-8.6854677275853,-122.420806035321,28.5078678865983));
#1340=CARTESIAN_POINT('Ctrl Pts',(-6.90012482626301,-122.466808141314,26.5901335928511));
#1341=CARTESIAN_POINT('Ctrl Pts',(-5.11478192494079,-122.512810247308,24.6723992991039));
#1342=CARTESIAN_POINT('Ctrl Pts',(-2.75918852490106,-122.558812353301,23.2855114498504));
#1343=CARTESIAN_POINT('Ctrl Pts',(-0.21605966309299,-122.604814459294,22.6548933873127));
#1344=CARTESIAN_POINT('Ctrl Pts',(2.32706919871517,-122.650816565287,22.024275324775));
#1345=CARTESIAN_POINT('Ctrl Pts',(5.05773352229165,-122.696818671281,22.1499270489532));
#1346=CARTESIAN_POINT('Ctrl Pts',(7.53221917618009,-122.742820777274,23.0113996354449));
#1347=CARTESIAN_POINT('Ctrl Pts',(10.0067048300685,-122.788822883267,23.8728722219366));
#1348=CARTESIAN_POINT('Ctrl Pts',(12.2250118142689,-122.83482498926,25.4701656707418));
#1349=CARTESIAN_POINT('Ctrl Pts',(13.8267045969971,-122.880827095253,27.5437500003528));
#1350=CARTESIAN_POINT('Ctrl Pts',(15.4283973797253,-122.926829201247,29.6173343299637));
#1351=CARTESIAN_POINT('Ctrl Pts',(16.4134759609814,-122.97283130724,32.1672095403802));
#1352=CARTESIAN_POINT('Ctrl Pts',(16.6218733915971,-123.018833413233,34.7790662540044));
#1353=CARTESIAN_POINT('Ctrl Pts',(16.6505765011188,-123.025169400595,35.1388039392763));
#1354=CARTESIAN_POINT('Ctrl Pts',(16.664545770914,-123.031505387956,35.4997174294889));
#1355=CARTESIAN_POINT('Ctrl Pts',(16.6640224739829,-123.037841375318,35.8606714588893));
#1356=CARTESIAN_POINT('Ctrl Pts',(16.6625632737849,-122.681913902881,35.8604225156837));
#1357=CARTESIAN_POINT('Ctrl Pts',(16.6636023265341,-122.670443641617,35.2067768123065));
#1358=CARTESIAN_POINT('Ctrl Pts',(16.6176994019659,-122.658973380353,34.5532850200259));
#1359=CARTESIAN_POINT('Ctrl Pts',(16.523861609209,-122.647503119089,33.9067657595599));
#1360=CARTESIAN_POINT('Ctrl Pts',(16.1475200430346,-122.601501013095,31.313865139273));
#1361=CARTESIAN_POINT('Ctrl Pts',(15.0001678823786,-122.555498907102,28.8331145279984));
#1362=CARTESIAN_POINT('Ctrl Pts',(13.2680723295339,-122.509496801109,26.8669441541749));
#1363=CARTESIAN_POINT('Ctrl Pts',(11.5359767766892,-122.463494695116,24.9007737803514));
#1364=CARTESIAN_POINT('Ctrl Pts',(9.21913783165575,-122.417492589123,23.449183643979));
#1365=CARTESIAN_POINT('Ctrl Pts',(6.69435630563109,-122.371490483129,22.7494125368528));
#1366=CARTESIAN_POINT('Ctrl Pts',(4.16957477960643,-122.325488377136,22.0496414297265));
#1367=CARTESIAN_POINT('Ctrl Pts',(1.43685067259052,-122.279486271143,22.1016893518463));
#1368=CARTESIAN_POINT('Ctrl Pts',(-1.06070404344462,-122.23348416515,22.8940089420238));
#1369=CARTESIAN_POINT('Ctrl Pts',(-3.28075267992021,-122.192593404267,23.5982930221816));
#1370=CARTESIAN_POINT('Ctrl Pts',(-5.31498846426286,-122.151702643384,24.8874831116688));
#1371=CARTESIAN_POINT('Ctrl Pts',(-6.90195549775359,-122.110811882501,26.5935488229324));
#1372=CARTESIAN_POINT('Ctrl Pts',(-8.48892253124432,-122.069921121618,28.299614534196));
#1373=CARTESIAN_POINT('Ctrl Pts',(-9.62862081388312,-122.029030360735,30.4225558672359));
#1374=CARTESIAN_POINT('Ctrl Pts',(-10.1719962274568,-121.988139599852,32.6870463852796));
#1375=CARTESIAN_POINT('Ctrl Pts',(-10.7153716410306,-121.947248838969,34.9515369033235));
#1376=CARTESIAN_POINT('Ctrl Pts',(-10.6624241855392,-121.906358078086,37.3575766063712));
#1377=CARTESIAN_POINT('Ctrl Pts',(-10.0226130968331,-121.865467317204,39.5984535521389));
#1378=CARTESIAN_POINT('Ctrl Pts',(-9.38280200812697,-121.824576556321,41.8393304979066));
#1379=CARTESIAN_POINT('Ctrl Pts',(-8.15612728620608,-121.783685795438,43.9150446863942));
#1380=CARTESIAN_POINT('Ctrl Pts',(-6.49721488483269,-121.742795034555,45.5490512700878));
#1381=CARTESIAN_POINT('Ctrl Pts',(-4.28533168300151,-121.688274020044,47.7277267150126));
#1382=CARTESIAN_POINT('Ctrl Pts',(-1.30502593992146,-121.633753005534,49.1211441958589));
#1383=CARTESIAN_POINT('Ctrl Pts',(1.7874819014011,-121.579231991023,49.4093117970599));
#1384=CARTESIAN_POINT('Ctrl Pts',(2.56060886173172,-121.565601737396,49.4813536973601));
#1385=CARTESIAN_POINT('Ctrl Pts',(3.34074845320251,-121.551971483768,49.4843174801825));
#1386=CARTESIAN_POINT('Ctrl Pts',(4.11609007521266,-121.53834123014,49.4239046448639));
#1387=CARTESIAN_POINT('Ctrl Pts',(4.89143169722282,-121.524710976513,49.3634918095453));
#1388=CARTESIAN_POINT('Ctrl Pts',(5.66197534977233,-121.511080722885,49.2397023560857));
#1389=CARTESIAN_POINT('Ctrl Pts',(6.41461166732223,-121.497450469258,49.0486838042009));
#1390=CARTESIAN_POINT('Ctrl Pts',(9.42515693752187,-121.442929454747,48.2846095966616));
#1391=CARTESIAN_POINT('Ctrl Pts',(12.1491848477274,-121.388408440236,46.4448698143197));
#1392=CARTESIAN_POINT('Ctrl Pts',(13.9993490126429,-121.333887425726,43.9497453217987));
#1393=CARTESIAN_POINT('Ctrl Pts',(14.9244310951006,-121.306626918471,42.7021830755382));
#1394=CARTESIAN_POINT('Ctrl Pts',(15.6310472412358,-121.279366411215,41.290774651733));
#1395=CARTESIAN_POINT('Ctrl Pts',(16.0795728834965,-121.25210590396,39.8030929929363));
#1396=CARTESIAN_POINT('Ctrl Pts',(16.4645365243351,-121.228708570262,38.5262354538833));
#1397=CARTESIAN_POINT('Ctrl Pts',(16.659376184726,-121.205311236564,37.1931907602449));
#1398=CARTESIAN_POINT('Ctrl Pts',(16.6605798463879,-121.181913902866,35.8604728634738));
#1399=CARTESIAN_POINT('Origin',(3.05866235521357,-105.672357938379,35.8612653953173));
#1400=CARTESIAN_POINT('',(16.666941827532,-119.681913902909,35.8589003956119));
#1401=CARTESIAN_POINT('',(16.6631140298069,-120.03784137525,35.8611733465227));
#1402=CARTESIAN_POINT('',(16.6628123552136,-105.672357938379,35.8612653953177));
#1403=CARTESIAN_POINT('Ctrl Pts',(16.6631140298069,-120.03784137525,35.8611733465227));
#1404=CARTESIAN_POINT('Ctrl Pts',(16.6625777248785,-120.065461162053,37.4350546825374));
#1405=CARTESIAN_POINT('Ctrl Pts',(16.3873345034039,-120.093080948855,39.0092258799928));
#1406=CARTESIAN_POINT('Ctrl Pts',(15.8519957158345,-120.120700735658,40.4890248011286));
#1407=CARTESIAN_POINT('Ctrl Pts',(15.2575737573114,-120.151368806321,42.1321431279655));
#1408=CARTESIAN_POINT('Ctrl Pts',(14.3424767161302,-120.182036876983,43.6589086927624));
#1409=CARTESIAN_POINT('Ctrl Pts',(13.1739898809416,-120.212704947645,44.9584773472409));
#1410=CARTESIAN_POINT('Ctrl Pts',(12.005503045753,-120.243373018307,46.2580460017194));
#1411=CARTESIAN_POINT('Ctrl Pts',(10.5836264165571,-120.274041088969,47.3304177458794));
#1412=CARTESIAN_POINT('Ctrl Pts',(9.01227742156632,-120.304709159631,48.0944033112314));
#1413=CARTESIAN_POINT('Ctrl Pts',(6.91714542824533,-120.345599920514,49.1130507317008));
#1414=CARTESIAN_POINT('Ctrl Pts',(4.55628478462246,-120.386490681397,49.5834560565117));
#1415=CARTESIAN_POINT('Ctrl Pts',(2.2310294114308,-120.42738144228,49.4418359552321));
#1416=CARTESIAN_POINT('Ctrl Pts',(-0.0942259617608121,-120.468272203163,
49.3002158539526));
#1417=CARTESIAN_POINT('Ctrl Pts',(-2.38387606452124,-120.509162964046,48.5465703265827));
#1418=CARTESIAN_POINT('Ctrl Pts',(-4.33844265127403,-120.550053724929,47.2802700315309));
#1419=CARTESIAN_POINT('Ctrl Pts',(-6.29300923802689,-120.590944485812,46.0139697364791));
#1420=CARTESIAN_POINT('Ctrl Pts',(-7.91249230877206,-120.631835246695,44.2350146737454));
#1421=CARTESIAN_POINT('Ctrl Pts',(-8.99395684914576,-120.672726007577,42.1707944246497));
#1422=CARTESIAN_POINT('Ctrl Pts',(-10.0754213895194,-120.71361676846,40.1065741755542));
#1423=CARTESIAN_POINT('Ctrl Pts',(-10.6188673995216,-120.754507529343,37.7570887400966));
#1424=CARTESIAN_POINT('Ctrl Pts',(-10.5430596293083,-120.795398290226,35.4297637024606));
#1425=CARTESIAN_POINT('Ctrl Pts',(-10.4419826023572,-120.849919304737,32.326663652279));
#1426=CARTESIAN_POINT('Ctrl Pts',(-9.24000996613394,-120.904440319247,29.2629598648913));
#1427=CARTESIAN_POINT('Ctrl Pts',(-7.20200999915811,-120.958961333758,26.9217890624144));
#1428=CARTESIAN_POINT('Ctrl Pts',(-6.18301001567023,-120.986221841013,25.751203661176));
#1429=CARTESIAN_POINT('Ctrl Pts',(-4.95500319949424,-121.013482348268,24.7612515061653));
#1430=CARTESIAN_POINT('Ctrl Pts',(-3.59860411318747,-121.040742855523,23.9999673900606));
#1431=CARTESIAN_POINT('Ctrl Pts',(-2.2422050268807,-121.068003362779,23.238683273956));
#1432=CARTESIAN_POINT('Ctrl Pts',(-0.757413670443099,-121.095263870034,
22.7060671967574));
#1433=CARTESIAN_POINT('Ctrl Pts',(0.772624677982242,-121.122524377289,22.445981854506));
#1434=CARTESIAN_POINT('Ctrl Pts',(3.83270137483302,-121.1770453918,21.925811170003));
#1435=CARTESIAN_POINT('Ctrl Pts',(7.07376603963503,-121.23156640631,22.4957634252885));
#1436=CARTESIAN_POINT('Ctrl Pts',(9.77522806298254,-121.286087420821,24.0257824470086));
#1437=CARTESIAN_POINT('Ctrl Pts',(11.8013245804931,-121.326978181704,25.1732967132988));
#1438=CARTESIAN_POINT('Ctrl Pts',(13.5238946121856,-121.367868942586,26.8608485357083));
#1439=CARTESIAN_POINT('Ctrl Pts',(14.7228879549882,-121.408759703469,28.8593510485281));
#1440=CARTESIAN_POINT('Ctrl Pts',(15.9218812977909,-121.449650464352,30.857853561348));
#1441=CARTESIAN_POINT('Ctrl Pts',(16.5972979517037,-121.490541225235,33.1673067645781));
#1442=CARTESIAN_POINT('Ctrl Pts',(16.6599043238393,-121.531431986118,35.495118469153));
#1443=CARTESIAN_POINT('Ctrl Pts',(16.6631753855296,-121.533568449178,35.6167421222956));
#1444=CARTESIAN_POINT('Ctrl Pts',(16.6647735608755,-121.535704912239,35.7384158915787));
#1445=CARTESIAN_POINT('Ctrl Pts',(16.6647092358809,-121.537841375299,35.860096250784));
#1446=CARTESIAN_POINT('Ctrl Pts',(16.6605798463879,-121.181913902866,35.8604728634738));
#1447=CARTESIAN_POINT('Ctrl Pts',(16.6614797851547,-121.164420475681,34.8640429374814));
#1448=CARTESIAN_POINT('Ctrl Pts',(16.5541358903455,-121.146927048496,33.8677956931491));
#1449=CARTESIAN_POINT('Ctrl Pts',(16.337080309634,-121.129433621311,32.8953512054485));
#1450=CARTESIAN_POINT('Ctrl Pts',(15.829714442707,-121.088542860429,30.6222691730816));
#1451=CARTESIAN_POINT('Ctrl Pts',(14.7228978791799,-121.047652099546,28.4792423752735));
#1452=CARTESIAN_POINT('Ctrl Pts',(13.1630136938584,-121.006761338663,26.7497225064231));
#1453=CARTESIAN_POINT('Ctrl Pts',(11.6031295085369,-120.96587057778,25.0202026375727));
#1454=CARTESIAN_POINT('Ctrl Pts',(9.59017770142107,-120.924979816897,23.70418969768));
#1455=CARTESIAN_POINT('Ctrl Pts',(7.38116212000166,-120.884089056014,22.9625286709345));
#1456=CARTESIAN_POINT('Ctrl Pts',(5.17214653858218,-120.843198295131,22.220867644189));
#1457=CARTESIAN_POINT('Ctrl Pts',(2.76706718285908,-120.802307534248,22.0535585305908));
#1458=CARTESIAN_POINT('Ctrl Pts',(0.481349524195677,-120.761416773365,22.4982727956979));
#1459=CARTESIAN_POINT('Ctrl Pts',(-2.94722696379939,-120.700080632041,23.1653441933585));
#1460=CARTESIAN_POINT('Ctrl Pts',(-6.10723963341012,-120.638744490717,25.2094681931059));
#1461=CARTESIAN_POINT('Ctrl Pts',(-8.10306651294194,-120.577408349392,28.068606021882));
#1462=CARTESIAN_POINT('Ctrl Pts',(-10.0988933924737,-120.516072208068,30.9277438506581));
#1463=CARTESIAN_POINT('Ctrl Pts',(-10.9305344819266,-120.454736066744,34.6018955084628));
#1464=CARTESIAN_POINT('Ctrl Pts',(-10.3738436471922,-120.393399925419,38.0485117264271));
#1465=CARTESIAN_POINT('Ctrl Pts',(-10.095498229825,-120.362731854757,39.7718198354092));
#1466=CARTESIAN_POINT('Ctrl Pts',(-9.47006983141099,-120.332063784095,41.4382440844312));
#1467=CARTESIAN_POINT('Ctrl Pts',(-8.56053860848446,-120.301395713433,42.9323916410183));
#1468=CARTESIAN_POINT('Ctrl Pts',(-7.65100738555794,-120.270727642771,44.4265391976054));
#1469=CARTESIAN_POINT('Ctrl Pts',(-6.45737333811892,-120.240059572109,45.7484100617575));
#1470=CARTESIAN_POINT('Ctrl Pts',(-5.05469484004964,-120.209391501446,46.7875687237163));
#1471=CARTESIAN_POINT('Ctrl Pts',(-2.24933784391107,-120.148055360122,48.8658860476339));
#1472=CARTESIAN_POINT('Ctrl Pts',(1.39219695474857,-120.086719218798,49.8133545627783));
#1473=CARTESIAN_POINT('Ctrl Pts',(4.85039702960415,-120.025383077473,49.3547860526261));
#1474=CARTESIAN_POINT('Ctrl Pts',(8.30859710445972,-119.964046936149,48.8962175424737));
#1475=CARTESIAN_POINT('Ctrl Pts',(11.5834624555112,-119.902710794825,47.0316120070247));
#1476=CARTESIAN_POINT('Ctrl Pts',(13.7454022304175,-119.8413746535,44.2914475357359));
#1477=CARTESIAN_POINT('Ctrl Pts',(15.6189280820903,-119.78822106997,41.9168351462593));
#1478=CARTESIAN_POINT('Ctrl Pts',(16.6566617221523,-119.73506748644,38.8846897149815));
#1479=CARTESIAN_POINT('Ctrl Pts',(16.666941827532,-119.681913902909,35.8589003956119));
#1480=CARTESIAN_POINT('Origin',(3.05866235521357,-105.672357938379,35.8612653953173));
#1481=CARTESIAN_POINT('',(16.6641995078116,-118.181913902976,35.8612762572704));
#1482=CARTESIAN_POINT('',(16.6586034298406,-118.53784137522,35.8594945340854));
#1483=CARTESIAN_POINT('',(16.6628123552136,-105.672357938379,35.8612653953177));
#1484=CARTESIAN_POINT('Ctrl Pts',(16.6586034298406,-118.53784137522,35.8594945340854));
#1485=CARTESIAN_POINT('Ctrl Pts',(16.6539190970865,-118.574772031438,37.9653856253216));
#1486=CARTESIAN_POINT('Ctrl Pts',(16.1715352379159,-118.611702687656,40.0729126715016));
#1487=CARTESIAN_POINT('Ctrl Pts',(15.2301990288968,-118.648633343874,41.9520080684283));
#1488=CARTESIAN_POINT('Ctrl Pts',(13.6667843305729,-118.709969485199,45.0728965830321));
#1489=CARTESIAN_POINT('Ctrl Pts',(10.8373907821028,-118.771305626523,47.5636769028439));
#1490=CARTESIAN_POINT('Ctrl Pts',(7.54468162084352,-118.832641767847,48.7130322689116));
#1491=CARTESIAN_POINT('Ctrl Pts',(4.25197245958424,-118.893977909172,49.8623876349793));
#1492=CARTESIAN_POINT('Ctrl Pts',(0.495947685535732,-118.955314050496,49.670318047303));
#1493=CARTESIAN_POINT('Ctrl Pts',(-2.67440738774042,-119.01665019182,48.2036457224277));
#1494=CARTESIAN_POINT('Ctrl Pts',(-4.25958492437851,-119.047318262483,47.4703095599901));
#1495=CARTESIAN_POINT('Ctrl Pts',(-5.69834503582346,-119.077986333145,46.4183227132528));
#1496=CARTESIAN_POINT('Ctrl Pts',(-6.88961104307952,-119.108654403807,45.1387258053883));
#1497=CARTESIAN_POINT('Ctrl Pts',(-8.08087705033557,-119.139322474469,43.8591288975238));
#1498=CARTESIAN_POINT('Ctrl Pts',(-9.02464895340272,-119.169990545131,42.3519219285321));
#1499=CARTESIAN_POINT('Ctrl Pts',(-9.6490373238318,-119.200658615793,40.7205578348995));
#1500=CARTESIAN_POINT('Ctrl Pts',(-10.2734256942609,-119.231326686456,39.0891937412667));
#1501=CARTESIAN_POINT('Ctrl Pts',(-10.578430532052,-119.261994757118,37.333672522993));
#1502=CARTESIAN_POINT('Ctrl Pts',(-10.5429868097801,-119.29266282778,35.5861726908505));
#1503=CARTESIAN_POINT('Ctrl Pts',(-10.5075430875083,-119.323330898442,33.8386728587082));
#1504=CARTESIAN_POINT('Ctrl Pts',(-10.1316508051736,-119.353998969104,32.0991944126972));
#1505=CARTESIAN_POINT('Ctrl Pts',(-9.44226014707738,-119.384667039766,30.4936998241266));
#1506=CARTESIAN_POINT('Ctrl Pts',(-8.75286948898122,-119.415335110429,28.888205235556));
#1507=CARTESIAN_POINT('Ctrl Pts',(-7.74998045512358,-119.446003181091,27.4166945044258));
#1508=CARTESIAN_POINT('Ctrl Pts',(-6.50744601111762,-119.476671251753,26.1878709386766));
#1509=CARTESIAN_POINT('Ctrl Pts',(-5.26491156711162,-119.507339322415,24.9590473729273));
#1510=CARTESIAN_POINT('Ctrl Pts',(-3.78273171295718,-119.538007393077,23.972910972559));
#1511=CARTESIAN_POINT('Ctrl Pts',(-2.16948047583791,-119.568675463739,23.3014200553296));
#1512=CARTESIAN_POINT('Ctrl Pts',(-0.556229238718637,-119.599343534401,
22.6299291381003));
#1513=CARTESIAN_POINT('Ctrl Pts',(1.18809338136552,-119.630011605064,22.2730837040099));
#1514=CARTESIAN_POINT('Ctrl Pts',(2.93548247435125,-119.660679675726,22.2572435726947));
#1515=CARTESIAN_POINT('Ctrl Pts',(4.68287156733702,-119.691347746388,22.2414034413795));
#1516=CARTESIAN_POINT('Ctrl Pts',(6.4333271332243,-119.72201581705,22.5665686128395));
#1517=CARTESIAN_POINT('Ctrl Pts',(8.058486574481,-119.752683887712,23.208779767885));
#1518=CARTESIAN_POINT('Ctrl Pts',(9.68364601573761,-119.783351958374,23.8509909229303));
#1519=CARTESIAN_POINT('Ctrl Pts',(11.1835093323636,-119.814020029037,24.810248061561));
#1520=CARTESIAN_POINT('Ctrl Pts',(12.448059769211,-119.844688099699,26.0162891340144));
#1521=CARTESIAN_POINT('Ctrl Pts',(13.7126102060586,-119.875356170361,27.2223302064679));
#1522=CARTESIAN_POINT('Ctrl Pts',(14.7418477631276,-119.906024241023,28.6751552127441));
#1523=CARTESIAN_POINT('Ctrl Pts',(15.460270892644,-119.936692311685,30.2680650621352));
#1524=CARTESIAN_POINT('Ctrl Pts',(16.1786940221603,-119.967360382348,31.8609749115262));
#1525=CARTESIAN_POINT('Ctrl Pts',(16.586302724124,-119.99802845301,33.5939696040321));
#1526=CARTESIAN_POINT('Ctrl Pts',(16.6532336371733,-120.028696523672,35.3402024947234));
#1527=CARTESIAN_POINT('Ctrl Pts',(16.6598863028783,-120.031744807531,35.5137710766481));
#1528=CARTESIAN_POINT('Ctrl Pts',(16.6631732196069,-120.03479309139,35.6874704462362));
#1529=CARTESIAN_POINT('Ctrl Pts',(16.6631140298069,-120.03784137525,35.8611733465227));
#1530=CARTESIAN_POINT('Ctrl Pts',(16.666941827532,-119.681913902909,35.8589003956119));
#1531=CARTESIAN_POINT('Ctrl Pts',(16.6685243653556,-119.673731345115,35.3931049715998));
#1532=CARTESIAN_POINT('Ctrl Pts',(16.6457582325523,-119.665548787321,34.9274601752026));
#1533=CARTESIAN_POINT('Ctrl Pts',(16.5979442248415,-119.657366229527,34.4643879564022));
#1534=CARTESIAN_POINT('Ctrl Pts',(16.2395322455981,-119.596030088203,30.993216255486));
#1535=CARTESIAN_POINT('Ctrl Pts',(14.4736940883502,-119.534693946879,27.666596260782));
#1536=CARTESIAN_POINT('Ctrl Pts',(11.7983530079025,-119.473357805554,25.4259221831967));
#1537=CARTESIAN_POINT('Ctrl Pts',(9.12301192745486,-119.41202166423,23.1852481056113));
#1538=CARTESIAN_POINT('Ctrl Pts',(5.53816792380756,-119.350685522906,22.0305199451444));
#1539=CARTESIAN_POINT('Ctrl Pts',(2.05811363974758,-119.289349381581,22.2870808093175));
#1540=CARTESIAN_POINT('Ctrl Pts',(-1.42194064431237,-119.228013240257,22.5436416734907));
#1541=CARTESIAN_POINT('Ctrl Pts',(-4.79720520878491,-119.166677098933,24.2114915623041));
#1542=CARTESIAN_POINT('Ctrl Pts',(-7.11596726264417,-119.105340957608,26.8207631224905));
#1543=CARTESIAN_POINT('Ctrl Pts',(-9.43472931650344,-119.044004816284,29.430034682677));
#1544=CARTESIAN_POINT('Ctrl Pts',(-10.6969888597495,-118.98266867496,32.9807279142365));
#1545=CARTESIAN_POINT('Ctrl Pts',(-10.5414181635207,-118.921332533635,36.4648563775218));
#1546=CARTESIAN_POINT('Ctrl Pts',(-10.385847467292,-118.859996392311,39.948984840807));
#1547=CARTESIAN_POINT('Ctrl Pts',(-8.81244653158852,-118.798660250987,43.3665485358179));
#1548=CARTESIAN_POINT('Ctrl Pts',(-6.27390375578513,-118.737324109662,45.7661093328767));
#1549=CARTESIAN_POINT('Ctrl Pts',(-5.00463236788343,-118.706656039,46.9658897314061));
#1550=CARTESIAN_POINT('Ctrl Pts',(-3.49407551995676,-118.675987968338,47.9111694054475));
#1551=CARTESIAN_POINT('Ctrl Pts',(-1.86375897949145,-118.645319897676,48.5423250384092));
#1552=CARTESIAN_POINT('Ctrl Pts',(-0.233442439026142,-118.614651827014,
49.1734806713708));
#1553=CARTESIAN_POINT('Ctrl Pts',(1.51663379397778,-118.583983756352,49.4905122632528));
#1554=CARTESIAN_POINT('Ctrl Pts',(3.2632050392574,-118.553315685689,49.4648312390945));
#1555=CARTESIAN_POINT('Ctrl Pts',(5.00977628453702,-118.522647615027,49.4391502149363));
#1556=CARTESIAN_POINT('Ctrl Pts',(6.75284254209232,-118.491979544365,49.0707565747378));
#1557=CARTESIAN_POINT('Ctrl Pts',(8.36244275380573,-118.461311473703,48.389208828258));
#1558=CARTESIAN_POINT('Ctrl Pts',(9.97204296551912,-118.430643403041,47.7076610817783));
#1559=CARTESIAN_POINT('Ctrl Pts',(11.4481771313906,-118.399975332378,46.7129592290174));
#1560=CARTESIAN_POINT('Ctrl Pts',(12.6829045639729,-118.369307261716,45.4769448801962));
#1561=CARTESIAN_POINT('Ctrl Pts',(13.9176319965552,-118.338639191054,44.240930531375));
#1562=CARTESIAN_POINT('Ctrl Pts',(14.9109526958483,-118.307971120392,42.7636036864935));
#1563=CARTESIAN_POINT('Ctrl Pts',(15.591289235468,-118.27730304973,41.1536665596423));
#1564=CARTESIAN_POINT('Ctrl Pts',(16.2716257750876,-118.246634979068,39.5437294327912));
#1565=CARTESIAN_POINT('Ctrl Pts',(16.6389781550339,-118.215966908405,37.8011820239703));
#1566=CARTESIAN_POINT('Ctrl Pts',(16.6629468635725,-118.185298837743,36.0541174795333));
#1567=CARTESIAN_POINT('Ctrl Pts',(16.6638286983614,-118.184170526154,35.989841079688));
#1568=CARTESIAN_POINT('Ctrl Pts',(16.6642457345335,-118.183042214565,35.9255585655207));
#1569=CARTESIAN_POINT('Ctrl Pts',(16.6641995078116,-118.181913902976,35.8612762572704));
#1570=CARTESIAN_POINT('Origin',(3.05866235521357,-105.672357938379,35.8612653953173));
#1571=CARTESIAN_POINT('',(16.666647065584,-116.681913903013,35.8628170432155));
#1572=CARTESIAN_POINT('',(16.6653832485644,-117.037841375175,35.8595708934388));
#1573=CARTESIAN_POINT('',(16.6628123552136,-105.672357938379,35.8612653953177));
#1574=CARTESIAN_POINT('Ctrl Pts',(16.6653832485644,-117.037841375175,35.8595708934388));
#1575=CARTESIAN_POINT('Ctrl Pts',(16.6631724679427,-117.063637520372,37.3299731838931));
#1576=CARTESIAN_POINT('Ctrl Pts',(16.4231046685973,-117.089433665569,38.8015683910383));
#1577=CARTESIAN_POINT('Ctrl Pts',(15.9541585664117,-117.115229810766,40.1950583299225));
#1578=CARTESIAN_POINT('Ctrl Pts',(15.2108086284685,-117.156120571649,42.4039489780508));
#1579=CARTESIAN_POINT('Ctrl Pts',(13.8923560221553,-117.197011332532,44.4165844651035));
#1580=CARTESIAN_POINT('Ctrl Pts',(12.161405124197,-117.237902093415,45.9743265989727));
#1581=CARTESIAN_POINT('Ctrl Pts',(10.4304542262387,-117.278792854297,47.5320687328419));
#1582=CARTESIAN_POINT('Ctrl Pts',(8.28700503663539,-117.31968361518,48.6349175135277));
#1583=CARTESIAN_POINT('Ctrl Pts',(6.01301746112321,-117.360574376063,49.1417069010463));
#1584=CARTESIAN_POINT('Ctrl Pts',(4.87602367336713,-117.381019756505,49.3951015948056));
#1585=CARTESIAN_POINT('Ctrl Pts',(3.70639528913386,-117.401465136946,49.4994814402731));
#1586=CARTESIAN_POINT('Ctrl Pts',(2.54207382955243,-117.421910517388,49.455266910161));
#1587=CARTESIAN_POINT('Ctrl Pts',(1.37775236997101,-117.442355897829,49.4110523800489));
#1588=CARTESIAN_POINT('Ctrl Pts',(0.21873783504142,-117.46280127827,49.2182434743572));
#1589=CARTESIAN_POINT('Ctrl Pts',(-0.895773064049255,-117.483246658712,
48.8793472958912));
#1590=CARTESIAN_POINT('Ctrl Pts',(-3.12479486223063,-117.524137419595,48.2015549389594));
#1591=CARTESIAN_POINT('Ctrl Pts',(-5.1758021170564,-117.565028180478,46.9394134909308));
#1592=CARTESIAN_POINT('Ctrl Pts',(-6.78382651413107,-117.605918941361,45.2542903893257));
#1593=CARTESIAN_POINT('Ctrl Pts',(-8.39185091120572,-117.646809702244,43.5691672877205));
#1594=CARTESIAN_POINT('Ctrl Pts',(-9.55689245052928,-117.687700463126,41.4610625325389));
#1595=CARTESIAN_POINT('Ctrl Pts',(-10.1301042746906,-117.728591224009,39.2032875573785));
#1596=CARTESIAN_POINT('Ctrl Pts',(-10.5600131428116,-117.759259294672,37.5099563260081));
#1597=CARTESIAN_POINT('Ctrl Pts',(-10.6570177961538,-117.789927365334,35.7324355958997));
#1598=CARTESIAN_POINT('Ctrl Pts',(-10.4176542161032,-117.820595435996,34.0008095624144));
#1599=CARTESIAN_POINT('Ctrl Pts',(-10.1782906360526,-117.851263506658,32.2691835289293));
#1600=CARTESIAN_POINT('Ctrl Pts',(-9.6025588226091,-117.88193157732,30.5834521920672));
#1601=CARTESIAN_POINT('Ctrl Pts',(-8.73041598252757,-117.912599647982,29.0702089315837));
#1602=CARTESIAN_POINT('Ctrl Pts',(-7.85827314244604,-117.943267718645,27.5569656711001));
#1603=CARTESIAN_POINT('Ctrl Pts',(-6.68971927572644,-117.973935789307,26.216210486995));
#1604=CARTESIAN_POINT('Ctrl Pts',(-5.31243709617605,-118.004603859969,25.1391091352719));
#1605=CARTESIAN_POINT('Ctrl Pts',(-3.93515491662568,-118.035271930631,24.0620077835489));
#1606=CARTESIAN_POINT('Ctrl Pts',(-2.34914442424452,-118.065940001293,23.2485602642077));
#1607=CARTESIAN_POINT('Ctrl Pts',(-0.668689082367795,-118.096608071955,
22.7727864049499));
#1608=CARTESIAN_POINT('Ctrl Pts',(2.69222160138569,-118.15794421328,21.8212386864343));
#1609=CARTESIAN_POINT('Ctrl Pts',(6.43091168312149,-118.219280354604,22.2203856082521));
#1610=CARTESIAN_POINT('Ctrl Pts',(9.50340400044263,-118.280616495928,23.8715580033214));
#1611=CARTESIAN_POINT('Ctrl Pts',(12.5758963177638,-118.341952637253,25.5227303983907));
#1612=CARTESIAN_POINT('Ctrl Pts',(14.9821908706702,-118.403288778577,28.4259282667116));
#1613=CARTESIAN_POINT('Ctrl Pts',(16.0366202230345,-118.464624919901,31.7530255555701));
#1614=CARTESIAN_POINT('Ctrl Pts',(16.4561748167713,-118.489030405007,33.0768685880313));
#1615=CARTESIAN_POINT('Ctrl Pts',(16.6616990535031,-118.513435890114,34.4678243357806));
#1616=CARTESIAN_POINT('Ctrl Pts',(16.6586034298406,-118.53784137522,35.8594945340854));
#1617=CARTESIAN_POINT('Ctrl Pts',(16.6641995078116,-118.181913902976,35.8612762572704));
#1618=CARTESIAN_POINT('Ctrl Pts',(16.6625704474517,-118.142151453682,33.5959250484155));
#1619=CARTESIAN_POINT('Ctrl Pts',(16.0856131699493,-118.102389004388,31.330829568839));
#1620=CARTESIAN_POINT('Ctrl Pts',(15.0005394093658,-118.062626555095,29.3425984657512));
#1621=CARTESIAN_POINT('Ctrl Pts',(13.8846752593364,-118.021735794212,27.2979487004525));
#1622=CARTESIAN_POINT('Ctrl Pts',(12.2314485415065,-117.980845033329,25.5460990257556));
#1623=CARTESIAN_POINT('Ctrl Pts',(10.2544501893979,-117.939954272446,24.3140090047009));
#1624=CARTESIAN_POINT('Ctrl Pts',(8.27745183728945,-117.899063511563,23.0819189836462));
#1625=CARTESIAN_POINT('Ctrl Pts',(5.97668185090245,-117.85817275068,22.3695886162335));
#1626=CARTESIAN_POINT('Ctrl Pts',(3.64941218831678,-117.817281989797,22.2687047677677));
#1627=CARTESIAN_POINT('Ctrl Pts',(1.32214252573109,-117.776391228914,22.1678209193018));
#1628=CARTESIAN_POINT('Ctrl Pts',(-1.0316268130533,-117.735500468032,22.6783835897828));
#1629=CARTESIAN_POINT('Ctrl Pts',(-3.10805049545137,-117.694609707149,23.7340185308177));
#1630=CARTESIAN_POINT('Ctrl Pts',(-5.18447417784943,-117.653718946266,24.7896534718525));
#1631=CARTESIAN_POINT('Ctrl Pts',(-6.98355220386125,-117.612828185383,26.3903606834414));
#1632=CARTESIAN_POINT('Ctrl Pts',(-8.27295916284216,-117.5719374245,28.3307104664066));
#1633=CARTESIAN_POINT('Ctrl Pts',(-9.56236612182309,-117.531046663617,30.2710602493718));
#1634=CARTESIAN_POINT('Ctrl Pts',(-10.3421020137731,-117.490155902734,32.5510526037133));
#1635=CARTESIAN_POINT('Ctrl Pts',(-10.5113051831354,-117.449265141851,34.8735401780269));
#1636=CARTESIAN_POINT('Ctrl Pts',(-10.6382075601571,-117.418597071189,36.6154058587622));
#1637=CARTESIAN_POINT('Ctrl Pts',(-10.4216852807233,-117.387929000527,38.3811751007317));
#1638=CARTESIAN_POINT('Ctrl Pts',(-9.88484672284238,-117.357260929865,40.0453888554965));
#1639=CARTESIAN_POINT('Ctrl Pts',(-9.34800816496147,-117.326592859203,41.7096026102614));
#1640=CARTESIAN_POINT('Ctrl Pts',(-8.49085332863346,-117.29592478854,43.2722608778215));
#1641=CARTESIAN_POINT('Ctrl Pts',(-7.36637928929744,-117.265256717878,44.6084042372468));
#1642=CARTESIAN_POINT('Ctrl Pts',(-5.1174312106254,-117.203920576554,47.2806909560975));
#1643=CARTESIAN_POINT('Ctrl Pts',(-1.79920631992138,-117.14258443523,49.0469180424091));
#1644=CARTESIAN_POINT('Ctrl Pts',(1.67131802645733,-117.081248293905,49.4025934535543));
#1645=CARTESIAN_POINT('Ctrl Pts',(5.14184237283602,-117.019912152581,49.7582688646995));
#1646=CARTESIAN_POINT('Ctrl Pts',(8.76466617488934,-116.958576011257,48.7033926006784));
#1647=CARTESIAN_POINT('Ctrl Pts',(11.501225660511,-116.897239869932,46.5395021499777));
#1648=CARTESIAN_POINT('Ctrl Pts',(14.2377851461326,-116.835903728608,44.3756116992771));
#1649=CARTESIAN_POINT('Ctrl Pts',(16.0880803153225,-116.774567587283,41.1027070618969));
#1650=CARTESIAN_POINT('Ctrl Pts',(16.5503374738711,-116.713231445959,37.6413221353243));
#1651=CARTESIAN_POINT('Ctrl Pts',(16.629011906827,-116.702792264977,37.0522074157272));
#1652=CARTESIAN_POINT('Ctrl Pts',(16.6674793729883,-116.692353083995,36.4576330324387));
#1653=CARTESIAN_POINT('Ctrl Pts',(16.666647065584,-116.681913903013,35.8628170432155));
#1654=CARTESIAN_POINT('Origin',(3.05866235521357,-105.672357938379,35.8612653953173));
#1655=CARTESIAN_POINT('',(16.6593050728238,-115.18191390299,35.8639909146541));
#1656=CARTESIAN_POINT('',(16.6629075419475,-115.537841375182,35.8611776989589));
#1657=CARTESIAN_POINT('',(16.6628123552136,-105.672357938379,35.8612653953177));
#1658=CARTESIAN_POINT('Ctrl Pts',(16.6629075419475,-115.537841375182,35.8611776989589));
#1659=CARTESIAN_POINT('Ctrl Pts',(16.6622424379806,-115.562725699561,37.2791183267242));
#1660=CARTESIAN_POINT('Ctrl Pts',(16.4396439792767,-115.58761002394,38.697234136252));
#1661=CARTESIAN_POINT('Ctrl Pts',(16.0034609481734,-115.61249434832,40.0464289896972));
#1662=CARTESIAN_POINT('Ctrl Pts',(15.4658979500519,-115.643162418982,41.7092108467396));
#1663=CARTESIAN_POINT('Ctrl Pts',(14.6039273054763,-115.673830489644,43.2673105869844));
#1664=CARTESIAN_POINT('Ctrl Pts',(13.4807200719288,-115.704498560306,44.6058277252111));
#1665=CARTESIAN_POINT('Ctrl Pts',(12.3575128383813,-115.735166630968,45.9443448634377));
#1666=CARTESIAN_POINT('Ctrl Pts',(10.9730690158618,-115.76583470163,47.0632793996463));
#1667=CARTESIAN_POINT('Ctrl Pts',(9.42906779199987,-115.796502772293,47.8818701846295));
#1668=CARTESIAN_POINT('Ctrl Pts',(7.88506656813796,-115.827170842955,48.7004609696126));
#1669=CARTESIAN_POINT('Ctrl Pts',(6.18150794293375,-115.857838913617,49.2187080033704));
#1670=CARTESIAN_POINT('Ctrl Pts',(4.44314906881361,-115.888506984279,49.3957503253271));
#1671=CARTESIAN_POINT('Ctrl Pts',(2.12533723665347,-115.929397745162,49.6318067546026));
#1672=CARTESIAN_POINT('Ctrl Pts',(-0.254341704690497,-115.970288506045,
49.261277029565));
#1673=CARTESIAN_POINT('Ctrl Pts',(-2.3887539265448,-116.011179266928,48.3290586213633));
#1674=CARTESIAN_POINT('Ctrl Pts',(-4.52316614839915,-116.052070027811,47.3968402131615));
#1675=CARTESIAN_POINT('Ctrl Pts',(-6.41231165076391,-116.092960788694,45.9029331217955));
#1676=CARTESIAN_POINT('Ctrl Pts',(-7.81291116835382,-116.133851549577,44.0410494267035));
#1677=CARTESIAN_POINT('Ctrl Pts',(-9.21351068594371,-116.174742310459,42.1791657316115));
#1678=CARTESIAN_POINT('Ctrl Pts',(-10.1255642187588,-116.215633071342,39.9493054327935));
#1679=CARTESIAN_POINT('Ctrl Pts',(-10.4303437299177,-116.256523832225,37.6408280091195));
#1680=CARTESIAN_POINT('Ctrl Pts',(-10.6589283632869,-116.287191902887,35.9094699413639));
#1681=CARTESIAN_POINT('Ctrl Pts',(-10.5459213594744,-116.31785997355,34.1338897408769));
#1682=CARTESIAN_POINT('Ctrl Pts',(-10.1072837533023,-116.348528044212,32.441069716664));
#1683=CARTESIAN_POINT('Ctrl Pts',(-9.66864614713016,-116.379196114874,30.7482496924511));
#1684=CARTESIAN_POINT('Ctrl Pts',(-8.90437793859835,-116.409864185536,29.1381898445123));
#1685=CARTESIAN_POINT('Ctrl Pts',(-7.85998316615749,-116.440532256198,27.7386124491624));
#1686=CARTESIAN_POINT('Ctrl Pts',(-5.77119362127576,-116.501868397523,24.9394576584625));
#1687=CARTESIAN_POINT('Ctrl Pts',(-2.56189782075777,-116.563204538847,22.982232678118));
#1688=CARTESIAN_POINT('Ctrl Pts',(0.881928105385034,-116.624540680171,22.4242224150517));
#1689=CARTESIAN_POINT('Ctrl Pts',(4.32575403152786,-116.685876821496,21.8662121519854));
#1690=CARTESIAN_POINT('Ctrl Pts',(8.00411008329547,-116.74721296282,22.7074166061972));
#1691=CARTESIAN_POINT('Ctrl Pts',(10.8624744610339,-116.808549104144,24.7076467267486));
#1692=CARTESIAN_POINT('Ctrl Pts',(13.7208388387724,-116.869885245469,26.7078768472999));
#1693=CARTESIAN_POINT('Ctrl Pts',(15.7592115424816,-116.931221386793,29.8671326341907));
#1694=CARTESIAN_POINT('Ctrl Pts',(16.4231380813495,-116.992557528117,33.2954661772305));
#1695=CARTESIAN_POINT('Ctrl Pts',(16.5865281435775,-117.007652143803,34.1391673973848));
#1696=CARTESIAN_POINT('Ctrl Pts',(16.6666768869586,-117.022746759489,34.9991649177269));
#1697=CARTESIAN_POINT('Ctrl Pts',(16.6653832485644,-117.037841375175,35.8595708934388));
#1698=CARTESIAN_POINT('Ctrl Pts',(16.666647065584,-116.681913903013,35.8628170432155));
#1699=CARTESIAN_POINT('Ctrl Pts',(16.6642191858999,-116.651462323112,34.1277109412147));
#1700=CARTESIAN_POINT('Ctrl Pts',(16.3273831558008,-116.621010743211,32.3905489751096));
#1701=CARTESIAN_POINT('Ctrl Pts',(15.6786569853388,-116.590559163311,30.7808518173056));
#1702=CARTESIAN_POINT('Ctrl Pts',(14.807539401249,-116.549668402428,28.6193304188025));
#1703=CARTESIAN_POINT('Ctrl Pts',(13.374038576544,-116.508777641545,26.6876465902635));
#1704=CARTESIAN_POINT('Ctrl Pts',(11.5546939034624,-116.467886880662,25.2334215951713));
#1705=CARTESIAN_POINT('Ctrl Pts',(9.73534923038079,-116.426996119779,23.779196600079));
#1706=CARTESIAN_POINT('Ctrl Pts',(7.53016070892251,-116.386105358896,22.8024304384335));
#1707=CARTESIAN_POINT('Ctrl Pts',(5.23112029843214,-116.345214598013,22.4303248411601));
#1708=CARTESIAN_POINT('Ctrl Pts',(3.50683999056436,-116.314546527351,22.1512456432051));
#1709=CARTESIAN_POINT('Ctrl Pts',(1.729767995116,-116.283878456689,22.2122880127095));
#1710=CARTESIAN_POINT('Ctrl Pts',(0.0251794633134943,-116.253210386027,
22.6010107130832));
#1711=CARTESIAN_POINT('Ctrl Pts',(-1.67940906848906,-116.222542315365,22.9897334134569));
#1712=CARTESIAN_POINT('Ctrl Pts',(-3.31151413664576,-116.191874244702,23.7061364446999));
#1713=CARTESIAN_POINT('Ctrl Pts',(-4.74122437110014,-116.16120617404,24.7092304705342));
#1714=CARTESIAN_POINT('Ctrl Pts',(-7.60064484000885,-116.099870032716,26.7154185222027));
#1715=CARTESIAN_POINT('Ctrl Pts',(-9.65048597410822,-116.038533891392,29.8683705522361));
#1716=CARTESIAN_POINT('Ctrl Pts',(-10.3088851123117,-115.977197750067,33.2935255947168));
#1717=CARTESIAN_POINT('Ctrl Pts',(-10.9672842505152,-115.915861608743,36.7186806371974));
#1718=CARTESIAN_POINT('Ctrl Pts',(-10.2342413928229,-115.854525467418,40.4160386921252));
#1719=CARTESIAN_POINT('Ctrl Pts',(-8.31847622848931,-115.793189326094,43.3338306217862));
#1720=CARTESIAN_POINT('Ctrl Pts',(-6.40271106415574,-115.73185318477,46.2516225514471));
#1721=CARTESIAN_POINT('Ctrl Pts',(-3.30422359318103,-115.670517043446,48.3898483558413));
#1722=CARTESIAN_POINT('Ctrl Pts',(0.102223943713836,-115.609180902121,49.1473841850689));
#1723=CARTESIAN_POINT('Ctrl Pts',(3.50867148060867,-115.547844760797,49.9049200142965));
#1724=CARTESIAN_POINT('Ctrl Pts',(7.22307908342367,-115.486508619472,49.2817658683576));
#1725=CARTESIAN_POINT('Ctrl Pts',(10.1946969977369,-115.425172478148,47.45245988667));
#1726=CARTESIAN_POINT('Ctrl Pts',(13.1663149120502,-115.363836336824,45.6231539049824));
#1727=CARTESIAN_POINT('Ctrl Pts',(15.3951431378618,-115.302500195499,42.587696087546));
#1728=CARTESIAN_POINT('Ctrl Pts',(16.2526925658366,-115.241164054175,39.2047638876832));
#1729=CARTESIAN_POINT('Ctrl Pts',(16.5288208656145,-115.22141400378,38.1154700392597));
#1730=CARTESIAN_POINT('Ctrl Pts',(16.6627721884898,-115.201663953385,36.9901493396063));
#1731=CARTESIAN_POINT('Ctrl Pts',(16.6593050728238,-115.18191390299,35.8639909146541));
#1732=CARTESIAN_POINT('Origin',(3.05866235521357,-105.672357938379,35.8612653953173));
#1733=CARTESIAN_POINT('',(16.6625619298657,-113.681913902941,35.8605961173379));
#1734=CARTESIAN_POINT('',(16.664268540146,-114.03784137524,35.862253100271));
#1735=CARTESIAN_POINT('',(16.6628123552136,-105.672357938379,35.8612653953177));
#1736=CARTESIAN_POINT('Ctrl Pts',(16.664268540146,-114.03784137524,35.862253100271));
#1737=CARTESIAN_POINT('Ctrl Pts',(16.6643924581057,-114.041368498343,36.063162427072));
#1738=CARTESIAN_POINT('Ctrl Pts',(16.6599980415343,-114.044895621446,36.2640509834041));
#1739=CARTESIAN_POINT('Ctrl Pts',(16.6510414648138,-114.048422744549,36.4647215464004));
#1740=CARTESIAN_POINT('Ctrl Pts',(16.5472057816512,-114.089313505432,38.7911421923193));
#1741=CARTESIAN_POINT('Ctrl Pts',(15.8302018256453,-114.130204266315,41.0882638673995));
#1742=CARTESIAN_POINT('Ctrl Pts',(14.5984832990804,-114.171095027198,43.0664589042068));
#1743=CARTESIAN_POINT('Ctrl Pts',(13.7773376147037,-114.198355534453,44.3852555954117));
#1744=CARTESIAN_POINT('Ctrl Pts',(12.7274298989676,-114.225616041708,45.5623071140508));
#1745=CARTESIAN_POINT('Ctrl Pts',(11.5086053119232,-114.252876548964,46.5252130400719));
#1746=CARTESIAN_POINT('Ctrl Pts',(9.0709561378345,-114.307397563474,48.4510248921141));
#1747=CARTESIAN_POINT('Ctrl Pts',(5.95763947851285,-114.361918577985,49.5202543736841));
#1748=CARTESIAN_POINT('Ctrl Pts',(2.85613801402073,-114.416439592495,49.4719664491492));
#1749=CARTESIAN_POINT('Ctrl Pts',(-0.633051133532908,-114.477775733819,
49.4176425340474));
#1750=CARTESIAN_POINT('Ctrl Pts',(-4.1072866751305,-114.539111875144,47.9489606518442));
#1751=CARTESIAN_POINT('Ctrl Pts',(-6.57245849945055,-114.600448016468,45.4812506336854));
#1752=CARTESIAN_POINT('Ctrl Pts',(-9.03763032377061,-114.661784157793,43.0135406155265));
#1753=CARTESIAN_POINT('Ctrl Pts',(-10.4937384308132,-114.723120299117,39.5468024614121));
#1754=CARTESIAN_POINT('Ctrl Pts',(-10.5486050750369,-114.784456440441,36.0540723642009));
#1755=CARTESIAN_POINT('Ctrl Pts',(-10.5760383971488,-114.815124511103,34.3077073155953));
#1756=CARTESIAN_POINT('Ctrl Pts',(-10.2531613535559,-114.845792581766,32.5548442812155));
#1757=CARTESIAN_POINT('Ctrl Pts',(-9.61757549691606,-114.876460652428,30.9262005130632));
#1758=CARTESIAN_POINT('Ctrl Pts',(-8.98198964027623,-114.90712872309,29.297556744911));
#1759=CARTESIAN_POINT('Ctrl Pts',(-8.0336949705894,-114.937796793752,27.7931322429864));
#1760=CARTESIAN_POINT('Ctrl Pts',(-6.83502868749291,-114.968464864414,26.5225096669675));
#1761=CARTESIAN_POINT('Ctrl Pts',(-5.63636240439642,-114.999132935076,25.2518870909487));
#1762=CARTESIAN_POINT('Ctrl Pts',(-4.18732450789025,-115.029801005739,24.2150664408357));
#1763=CARTESIAN_POINT('Ctrl Pts',(-2.59767714314453,-115.060469076401,23.488445385215));
#1764=CARTESIAN_POINT('Ctrl Pts',(-1.0080297783988,-115.091137147063,22.7618243295943));
#1765=CARTESIAN_POINT('Ctrl Pts',(0.722227054586473,-115.121805217725,22.345402868466));
#1766=CARTESIAN_POINT('Ctrl Pts',(2.46783572190875,-115.152473288387,22.2695529853129));
#1767=CARTESIAN_POINT('Ctrl Pts',(4.21344438923102,-115.183141359049,22.1937031021598));
#1768=CARTESIAN_POINT('Ctrl Pts',(5.97440489089028,-115.213809429711,22.4584247969819));
#1769=CARTESIAN_POINT('Ctrl Pts',(7.62077376156692,-115.244477500374,23.0443943283076));
#1770=CARTESIAN_POINT('Ctrl Pts',(9.26714263224355,-115.275145571036,23.6303638596334));
#1771=CARTESIAN_POINT('Ctrl Pts',(10.7989198719375,-115.305813641698,24.5375812274627));
#1772=CARTESIAN_POINT('Ctrl Pts',(12.1041233887481,-115.33648171236,25.6994367160839));
#1773=CARTESIAN_POINT('Ctrl Pts',(13.4093269055587,-115.367149783022,26.8612922047051));
#1774=CARTESIAN_POINT('Ctrl Pts',(14.4879566994858,-115.397817853684,28.2777858141182));
#1775=CARTESIAN_POINT('Ctrl Pts',(15.2607296224856,-115.428485924347,29.8451059123986));
#1776=CARTESIAN_POINT('Ctrl Pts',(16.0335025454853,-115.459153995009,31.412426010679));
#1777=CARTESIAN_POINT('Ctrl Pts',(16.5004185975578,-115.489822065671,33.1305725978268));
#1778=CARTESIAN_POINT('Ctrl Pts',(16.6272989477602,-115.520490136333,34.8733778783207));
#1779=CARTESIAN_POINT('Ctrl Pts',(16.6512275398764,-115.526273882616,35.2020566424344));
#1780=CARTESIAN_POINT('Ctrl Pts',(16.6630621289292,-115.532057628899,35.5316124389045));
#1781=CARTESIAN_POINT('Ctrl Pts',(16.6629075419475,-115.537841375182,35.8611776989589));
#1782=CARTESIAN_POINT('Ctrl Pts',(16.6593050728238,-115.18191390299,35.8639909146541));
#1783=CARTESIAN_POINT('Ctrl Pts',(16.6520046465229,-115.14032781206,33.4927297925928));
#1784=CARTESIAN_POINT('Ctrl Pts',(16.0354412395514,-115.098741721131,31.1177545036562));
#1785=CARTESIAN_POINT('Ctrl Pts',(14.8540384004431,-115.057155630202,29.0675747129953));
#1786=CARTESIAN_POINT('Ctrl Pts',(13.1115641769367,-114.995819488878,26.0437243204596));
#1787=CARTESIAN_POINT('Ctrl Pts',(10.1403450997859,-114.934483347553,23.7264301176778));
#1788=CARTESIAN_POINT('Ctrl Pts',(6.78516954347392,-114.873147206229,22.7693524348919));
#1789=CARTESIAN_POINT('Ctrl Pts',(3.80279127119657,-114.818626191719,21.9186167168601));
#1790=CARTESIAN_POINT('Ctrl Pts',(0.517039978347425,-114.764105177208,22.1426199775904));
#1791=CARTESIAN_POINT('Ctrl Pts',(-2.33654482273521,-114.709584162698,23.3703208807497));
#1792=CARTESIAN_POINT('Ctrl Pts',(-3.76333722327652,-114.682323655442,23.9841713323294));
#1793=CARTESIAN_POINT('Ctrl Pts',(-5.08208800087622,-114.655063148187,24.8489461945163));
#1794=CARTESIAN_POINT('Ctrl Pts',(-6.2171772146198,-114.627802640932,25.9096344149));
#1795=CARTESIAN_POINT('Ctrl Pts',(-7.91981103523517,-114.586911880049,27.5006667454757));
#1796=CARTESIAN_POINT('Ctrl Pts',(-9.20920633717433,-114.546021119166,29.5325041319943));
#1797=CARTESIAN_POINT('Ctrl Pts',(-9.91302211411903,-114.505130358283,31.752324062258));
#1798=CARTESIAN_POINT('Ctrl Pts',(-10.6168378910637,-114.4642395974,33.9721439925217));
#1799=CARTESIAN_POINT('Ctrl Pts',(-10.7350741430139,-114.423348836517,36.3799464665305));
#1800=CARTESIAN_POINT('Ctrl Pts',(-10.2555598593514,-114.382458075634,38.660179457061));
#1801=CARTESIAN_POINT('Ctrl Pts',(-9.77604557568894,-114.341567314752,40.9404124475916));
#1802=CARTESIAN_POINT('Ctrl Pts',(-8.6987807564137,-114.300676553869,43.0930759546441));
#1803=CARTESIAN_POINT('Ctrl Pts',(-7.1611672557331,-114.259785792986,44.8425538668847));
#1804=CARTESIAN_POINT('Ctrl Pts',(-5.62355375505248,-114.218895032103,46.5920317791253));
#1805=CARTESIAN_POINT('Ctrl Pts',(-3.62559157296646,-114.17800427122,47.9383240965541));
#1806=CARTESIAN_POINT('Ctrl Pts',(-1.42632297582773,-114.137113510337,48.706358200984));
#1807=CARTESIAN_POINT('Ctrl Pts',(0.772945621311011,-114.096222749454,49.4743923054139));
#1808=CARTESIAN_POINT('Ctrl Pts',(3.1735206335025,-114.055331988571,49.6641681968449));
#1809=CARTESIAN_POINT('Ctrl Pts',(5.46630277749654,-114.014441227688,49.2519025146389));
#1810=CARTESIAN_POINT('Ctrl Pts',(7.75908492149054,-113.973550466806,48.8396368324328));
#1811=CARTESIAN_POINT('Ctrl Pts',(9.94407419728711,-113.932659705923,47.8253295765898));
#1812=CARTESIAN_POINT('Ctrl Pts',(11.7379860938659,-113.89176894504,46.3394603742878));
#1813=CARTESIAN_POINT('Ctrl Pts',(13.5318979904447,-113.850878184157,44.8535911719858));
#1814=CARTESIAN_POINT('Ctrl Pts',(14.9347325078058,-113.809987423274,42.8961600232249));
#1815=CARTESIAN_POINT('Ctrl Pts',(15.7666082374522,-113.769096662391,40.7201510655544));
#1816=CARTESIAN_POINT('Ctrl Pts',(16.3578193901574,-113.740035742574,39.1736691592869));
#1817=CARTESIAN_POINT('Ctrl Pts',(16.660645262006,-113.710974822758,37.5167858997734));
#1818=CARTESIAN_POINT('Ctrl Pts',(16.6625619298657,-113.681913902941,35.8605961173379));
#1819=CARTESIAN_POINT('Origin',(3.05866235521357,-105.672357938379,35.8612653953173));
#1820=CARTESIAN_POINT('',(16.658262609674,-112.18191390291,35.8625969114122));
#1821=CARTESIAN_POINT('',(16.6618571631884,-112.537841375301,35.861534115059));
#1822=CARTESIAN_POINT('',(16.6628123552136,-105.672357938379,35.8612653953177));
#1823=CARTESIAN_POINT('Ctrl Pts',(16.6618571631884,-112.537841375301,35.861534115059));
#1824=CARTESIAN_POINT('Ctrl Pts',(16.662527895732,-112.550679367789,36.59318950024));
#1825=CARTESIAN_POINT('Ctrl Pts',(16.6046017436758,-112.563517360277,37.3247541560026));
#1826=CARTESIAN_POINT('Ctrl Pts',(16.4871828255156,-112.576355352765,38.0466584054314));
#1827=CARTESIAN_POINT('Ctrl Pts',(16.113187521332,-112.617246113648,40.3460221160391));
#1828=CARTESIAN_POINT('Ctrl Pts',(15.1356324100233,-112.658136874531,42.5473800796396));
#1829=CARTESIAN_POINT('Ctrl Pts',(13.679706009757,-112.699027635414,44.3656786884022));
#1830=CARTESIAN_POINT('Ctrl Pts',(12.2237796094908,-112.739918396297,46.1839772971648));
#1831=CARTESIAN_POINT('Ctrl Pts',(10.2894819202671,-112.780809157179,47.6192165510896));
#1832=CARTESIAN_POINT('Ctrl Pts',(8.12751923769927,-112.821699918062,48.4869455945273));
#1833=CARTESIAN_POINT('Ctrl Pts',(5.96555655513142,-112.862590678945,49.3546746379651));
#1834=CARTESIAN_POINT('Ctrl Pts',(3.57592887921936,-112.903481439828,49.6548934709159));
#1835=CARTESIAN_POINT('Ctrl Pts',(1.26693790194084,-112.944372200711,49.3481457497496));
#1836=CARTESIAN_POINT('Ctrl Pts',(-1.04205307533769,-112.985262961594,49.0413980285833));
#1837=CARTESIAN_POINT('Ctrl Pts',(-3.27040735398267,-113.026153722477,48.1276837533));
#1838=CARTESIAN_POINT('Ctrl Pts',(-5.13082533263607,-113.06704448336,46.7255830668419));
#1839=CARTESIAN_POINT('Ctrl Pts',(-6.99124331128948,-113.107935244243,45.3234823803838));
#1840=CARTESIAN_POINT('Ctrl Pts',(-8.48372498995128,-113.148826005126,43.4329952827509));
#1841=CARTESIAN_POINT('Ctrl Pts',(-9.41440873858521,-113.189716766008,41.2976382626407));
#1842=CARTESIAN_POINT('Ctrl Pts',(-10.3450924872191,-113.230607526891,39.1622812425306));
#1843=CARTESIAN_POINT('Ctrl Pts',(-10.7139783058252,-113.271498287774,36.7820542999433));
#1844=CARTESIAN_POINT('Ctrl Pts',(-10.474663090615,-113.312389048657,34.464795322717));
#1845=CARTESIAN_POINT('Ctrl Pts',(-10.2353478754048,-113.35327980954,32.1475363454907));
#1846=CARTESIAN_POINT('Ctrl Pts',(-9.3878316263784,-113.394170570423,29.8932453336255));
#1847=CARTESIAN_POINT('Ctrl Pts',(-8.04075750116299,-113.435061331306,27.9928987012824));
#1848=CARTESIAN_POINT('Ctrl Pts',(-6.69368337594755,-113.475952092189,26.0925520689392));
#1849=CARTESIAN_POINT('Ctrl Pts',(-4.84705137454309,-113.516842853072,24.5461498161181));
#1850=CARTESIAN_POINT('Ctrl Pts',(-2.739766296744,-113.557733613954,23.5533066466596));
#1851=CARTESIAN_POINT('Ctrl Pts',(-0.632481218944944,-113.598624374837,
22.5604634772012));
#1852=CARTESIAN_POINT('Ctrl Pts',(1.73545693524875,-113.63951513572,22.1211793911055));
#1853=CARTESIAN_POINT('Ctrl Pts',(4.05868184557857,-113.680405896603,22.2925122607487));
#1854=CARTESIAN_POINT('Ctrl Pts',(6.3819067559084,-113.721296657486,22.463845130392));
#1855=CARTESIAN_POINT('Ctrl Pts',(8.66041842237435,-113.762187418369,23.2457949557741));
#1856=CARTESIAN_POINT('Ctrl Pts',(10.5992212355697,-113.803078179252,24.5366226827669));
#1857=CARTESIAN_POINT('Ctrl Pts',(12.5380240487651,-113.843968940135,25.8274504097597));
#1858=CARTESIAN_POINT('Ctrl Pts',(14.1371180086898,-113.884859701017,27.6271560383631));
#1859=CARTESIAN_POINT('Ctrl Pts',(15.1913312834926,-113.9257504619,29.7048686610436));
#1860=CARTESIAN_POINT('Ctrl Pts',(16.1546110584814,-113.96311409968,31.6033635818569));
#1861=CARTESIAN_POINT('Ctrl Pts',(16.6629558482932,-114.00047773746,33.7339737366709));
#1862=CARTESIAN_POINT('Ctrl Pts',(16.664268540146,-114.03784137524,35.862253100271));
#1863=CARTESIAN_POINT('Ctrl Pts',(16.6625619298657,-113.681913902941,35.8605961173379));
#1864=CARTESIAN_POINT('Ctrl Pts',(16.6633421486715,-113.670084061875,35.1864102338336));
#1865=CARTESIAN_POINT('Ctrl Pts',(16.6142598066244,-113.658254220809,34.5123392638731));
#1866=CARTESIAN_POINT('Ctrl Pts',(16.5144701131597,-113.646424379742,33.845877014585));
#1867=CARTESIAN_POINT('Ctrl Pts',(16.1695393172891,-113.605533618859,31.5421986878661));
#1868=CARTESIAN_POINT('Ctrl Pts',(15.2187607836161,-113.564642857977,29.3294288010086));
#1869=CARTESIAN_POINT('Ctrl Pts',(13.7857743955515,-113.523752097094,27.4928295269753));
#1870=CARTESIAN_POINT('Ctrl Pts',(12.3527880074869,-113.482861336211,25.6562302529421));
#1871=CARTESIAN_POINT('Ctrl Pts',(10.4375937650307,-113.441970575328,24.1958015917332));
#1872=CARTESIAN_POINT('Ctrl Pts',(8.28709849561527,-113.401079814445,23.3006451673996));
#1873=CARTESIAN_POINT('Ctrl Pts',(6.13660322619984,-113.360189053562,22.405488743066));
#1874=CARTESIAN_POINT('Ctrl Pts',(3.75080692982535,-113.319298292679,22.0756045556077));
#1875=CARTESIAN_POINT('Ctrl Pts',(1.43788199627595,-113.278407531796,22.3529443811965));
#1876=CARTESIAN_POINT('Ctrl Pts',(-0.875042937273362,-113.237516770913,
22.6302842067852));
#1877=CARTESIAN_POINT('Ctrl Pts',(-3.11509650799758,-113.196626010031,23.5148480454211));
#1878=CARTESIAN_POINT('Ctrl Pts',(-4.99276454562702,-113.155735249148,24.8933576692));
#1879=CARTESIAN_POINT('Ctrl Pts',(-6.8704325832565,-113.114844488265,26.271867292979));
#1880=CARTESIAN_POINT('Ctrl Pts',(-8.38571508779123,-113.073953727382,28.1443227019011));
#1881=CARTESIAN_POINT('Ctrl Pts',(-9.34355707311723,-113.033062966499,30.2678940517553));
#1882=CARTESIAN_POINT('Ctrl Pts',(-10.3013990584432,-112.992172205616,32.3914654016095));
#1883=CARTESIAN_POINT('Ctrl Pts',(-10.7018005245604,-112.951281444733,34.7661526923958));
#1884=CARTESIAN_POINT('Ctrl Pts',(-10.4920839340952,-112.91039068385,37.0860520592665));
#1885=CARTESIAN_POINT('Ctrl Pts',(-10.2823673436299,-112.869499922967,39.4059514261372));
#1886=CARTESIAN_POINT('Ctrl Pts',(-9.46253269658212,-112.828609162085,41.6710628690925));
#1887=CARTESIAN_POINT('Ctrl Pts',(-8.13943670982187,-112.787718401202,43.5884431765476));
#1888=CARTESIAN_POINT('Ctrl Pts',(-6.81634072306162,-112.746827640319,45.5058234840027));
#1889=CARTESIAN_POINT('Ctrl Pts',(-4.98998339658892,-112.705936879436,47.0754726559577));
#1890=CARTESIAN_POINT('Ctrl Pts',(-2.89539786881651,-112.665046118553,48.0947637091885));
#1891=CARTESIAN_POINT('Ctrl Pts',(-0.800812341044095,-112.62415535767,49.1140547624193));
#1892=CARTESIAN_POINT('Ctrl Pts',(1.56200138802801,-112.583264596787,49.5829876969257));
#1893=CARTESIAN_POINT('Ctrl Pts',(3.8869296137683,-112.542373835904,49.441249028398));
#1894=CARTESIAN_POINT('Ctrl Pts',(5.04939372663844,-112.521928455463,49.3703796941341));
#1895=CARTESIAN_POINT('Ctrl Pts',(6.20238646367566,-112.501483075021,49.1468424591117));
#1896=CARTESIAN_POINT('Ctrl Pts',(7.30975735343429,-112.48103769458,48.7834201660592));
#1897=CARTESIAN_POINT('Ctrl Pts',(8.41712824319291,-112.460592314138,48.4199978730067));
#1898=CARTESIAN_POINT('Ctrl Pts',(9.47887728567295,-112.440146933697,47.9166905219241));
#1899=CARTESIAN_POINT('Ctrl Pts',(10.4559857430641,-112.419701553256,47.2831427015677));
#1900=CARTESIAN_POINT('Ctrl Pts',(13.0616082961073,-112.365180538745,45.593681847284));
#1901=CARTESIAN_POINT('Ctrl Pts',(15.0653422440741,-112.310659524235,42.9780665448313));
#1902=CARTESIAN_POINT('Ctrl Pts',(16.0147542819804,-112.256138509724,40.0240484356019));
#1903=CARTESIAN_POINT('Ctrl Pts',(16.4455957098276,-112.231396974119,38.6835204780318));
#1904=CARTESIAN_POINT('Ctrl Pts',(16.6593177143439,-112.206655438515,37.2733042956796));
#1905=CARTESIAN_POINT('Ctrl Pts',(16.658262609674,-112.18191390291,35.8625969114122));
#1906=CARTESIAN_POINT('Origin',(3.05866235521357,-105.672357938379,35.8612653953173));
#1907=CARTESIAN_POINT('',(16.6620657521922,-110.681913902867,35.8604856380133));
#1908=CARTESIAN_POINT('',(16.6580614730192,-111.037841375317,35.8625343023555));
#1909=CARTESIAN_POINT('',(16.6628123552136,-105.672357938379,35.8612653953177));
#1910=CARTESIAN_POINT('Ctrl Pts',(16.6580614730192,-111.037841375317,35.8625343023555));
#1911=CARTESIAN_POINT('Ctrl Pts',(16.6615018371764,-111.059990237205,37.1263028851301));
#1912=CARTESIAN_POINT('Ctrl Pts',(16.4927618816769,-111.082139099093,38.3892937594441));
#1913=CARTESIAN_POINT('Ctrl Pts',(16.1464487534108,-111.104287960981,39.6014087954463));
#1914=CARTESIAN_POINT('Ctrl Pts',(15.1874147820377,-111.165624102305,42.958080552473));
#1915=CARTESIAN_POINT('Ctrl Pts',(12.8665993224503,-111.22696024363,45.9245932909322));
#1916=CARTESIAN_POINT('Ctrl Pts',(9.84153843889556,-111.288296384954,47.6624099209517));
#1917=CARTESIAN_POINT('Ctrl Pts',(6.81647755534081,-111.349632526278,49.4002265509712));
#1918=CARTESIAN_POINT('Ctrl Pts',(3.0871712478186,-111.410968667603,49.909347072551));
#1919=CARTESIAN_POINT('Ctrl Pts',(-0.296603959812431,-111.472304808927,
49.051848387733));
#1920=CARTESIAN_POINT('Ctrl Pts',(-3.30440414437335,-111.526825823438,48.2896273345614));
#1921=CARTESIAN_POINT('Ctrl Pts',(-6.03919210185976,-111.581346837948,46.4476083899151));
#1922=CARTESIAN_POINT('Ctrl Pts',(-7.88422494823521,-111.635867852459,43.9503195081189));
#1923=CARTESIAN_POINT('Ctrl Pts',(-9.72925779461067,-111.690388866969,41.4530306263226));
#1924=CARTESIAN_POINT('Ctrl Pts',(-10.6845355298751,-111.74490988148,38.3004718073765));
#1925=CARTESIAN_POINT('Ctrl Pts',(-10.5337773291583,-111.79943089599,35.2012799986662));
#1926=CARTESIAN_POINT('Ctrl Pts',(-10.3830191284415,-111.853951910501,32.102088189956));
#1927=CARTESIAN_POINT('Ctrl Pts',(-9.12622499174335,-111.908472925011,29.0562633914817));
#1928=CARTESIAN_POINT('Ctrl Pts',(-7.04794134578987,-111.962993939522,26.7488627261183));
#1929=CARTESIAN_POINT('Ctrl Pts',(-6.26858497855731,-111.983439319963,25.883587476607));
#1930=CARTESIAN_POINT('Ctrl Pts',(-5.37370664908571,-112.003884700405,25.1221531208145));
#1931=CARTESIAN_POINT('Ctrl Pts',(-4.39848423939183,-112.024330080846,24.483954862565));
#1932=CARTESIAN_POINT('Ctrl Pts',(-3.42326182969796,-112.044775461288,23.8457566043155));
#1933=CARTESIAN_POINT('Ctrl Pts',(-2.36769533978183,-112.065220841729,23.3307944436092));
#1934=CARTESIAN_POINT('Ctrl Pts',(-1.26340737273388,-112.08566622217,22.9608301449207));
#1935=CARTESIAN_POINT('Ctrl Pts',(0.945168561362014,-112.126556983053,22.2209015475437));
#1936=CARTESIAN_POINT('Ctrl Pts',(3.34863040398513,-112.167447743936,22.0609643982383));
#1937=CARTESIAN_POINT('Ctrl Pts',(5.63596116143618,-112.208338504819,22.5021233501457));
#1938=CARTESIAN_POINT('Ctrl Pts',(7.92329191888724,-112.249229265702,22.943282302053));
#1939=CARTESIAN_POINT('Ctrl Pts',(10.0944915911662,-112.290120026585,23.985537355173));
#1940=CARTESIAN_POINT('Ctrl Pts',(11.8694844040341,-112.331010787468,25.4941254436165));
#1941=CARTESIAN_POINT('Ctrl Pts',(13.644477216902,-112.371901548351,27.0027135320599));
#1942=CARTESIAN_POINT('Ctrl Pts',(15.0232631703588,-112.412792309233,28.9776346558268));
#1943=CARTESIAN_POINT('Ctrl Pts',(15.8274383985581,-112.453683070116,31.1637799465177));
#1944=CARTESIAN_POINT('Ctrl Pts',(16.3791361644733,-112.481735838511,32.6635668468688));
#1945=CARTESIAN_POINT('Ctrl Pts',(16.660391520899,-112.509788606906,34.2627670893912));
#1946=CARTESIAN_POINT('Ctrl Pts',(16.6618571631884,-112.537841375301,35.861534115059));
#1947=CARTESIAN_POINT('Ctrl Pts',(16.658262609674,-112.18191390291,35.8625969114122));
#1948=CARTESIAN_POINT('Ctrl Pts',(16.6569926615284,-112.152134424004,34.16463719447));
#1949=CARTESIAN_POINT('Ctrl Pts',(16.3445733772649,-112.122354945098,32.4659658693382));
#1950=CARTESIAN_POINT('Ctrl Pts',(15.7250890459342,-112.092575466192,30.8872416629647));
#1951=CARTESIAN_POINT('Ctrl Pts',(14.5909216441358,-112.038054451682,27.9968739155632));
#1952=CARTESIAN_POINT('Ctrl Pts',(12.427496712693,-111.983533437171,25.5085593367663));
#1953=CARTESIAN_POINT('Ctrl Pts',(9.72031956364974,-111.929012422661,23.9922982723352));
#1954=CARTESIAN_POINT('Ctrl Pts',(6.67474527097602,-111.867676281337,22.2865045748501));
#1955=CARTESIAN_POINT('Ctrl Pts',(2.94098457790157,-111.806340140012,21.8109661064843));
#1956=CARTESIAN_POINT('Ctrl Pts',(-0.431293794975831,-111.745003998688,
22.7047211780322));
#1957=CARTESIAN_POINT('Ctrl Pts',(-3.80357216785328,-111.683667857364,23.5984762495801));
#1958=CARTESIAN_POINT('Ctrl Pts',(-6.81436822053365,-111.622331716039,25.8615248610418));
#1959=CARTESIAN_POINT('Ctrl Pts',(-8.61118623050045,-111.560995574715,28.8545876515595));
#1960=CARTESIAN_POINT('Ctrl Pts',(-10.4080042404672,-111.499659433391,31.8476504420772));
#1961=CARTESIAN_POINT('Ctrl Pts',(-10.9908442077205,-111.438323292066,35.5707274116508));
#1962=CARTESIAN_POINT('Ctrl Pts',(-10.1943492594011,-111.376987150742,38.9665664788573));
#1963=CARTESIAN_POINT('Ctrl Pts',(-9.39785431108171,-111.315651009418,42.3624055460638));
#1964=CARTESIAN_POINT('Ctrl Pts',(-7.22202444718973,-111.254314868093,45.4310067109032));
#1965=CARTESIAN_POINT('Ctrl Pts',(-4.284855181433,-111.192978726769,47.3195029622452));
#1966=CARTESIAN_POINT('Ctrl Pts',(-2.0819782321154,-111.146976620776,48.7358751507517));
#1967=CARTESIAN_POINT('Ctrl Pts',(0.549152130751176,-111.100974514782,49.4884383254158));
#1968=CARTESIAN_POINT('Ctrl Pts',(3.1704328386814,-111.054972408789,49.4658095360038));
#1969=CARTESIAN_POINT('Ctrl Pts',(5.79171354661162,-111.008970302796,49.4431807465918));
#1970=CARTESIAN_POINT('Ctrl Pts',(8.40314459960551,-110.962968196803,48.6453599931036));
#1971=CARTESIAN_POINT('Ctrl Pts',(10.5852542238396,-110.916966090809,47.1965324677014));
#1972=CARTESIAN_POINT('Ctrl Pts',(12.7673638480737,-110.870963984816,45.7477049422994));
#1973=CARTESIAN_POINT('Ctrl Pts',(14.5201520435479,-110.824961878823,43.6478706449834));
#1974=CARTESIAN_POINT('Ctrl Pts',(15.5564502391698,-110.77895977283,41.2409129790741));
#1975=CARTESIAN_POINT('Ctrl Pts',(16.2851738324589,-110.746611149509,39.548343362909));
#1976=CARTESIAN_POINT('Ctrl Pts',(16.6596013757821,-110.714262526188,37.7039047794629));
#1977=CARTESIAN_POINT('Ctrl Pts',(16.6620657521922,-110.681913902867,35.8604856380133));
#1978=CARTESIAN_POINT('Origin',(3.05866235521357,-105.672357938379,35.8612653953173));
#1979=CARTESIAN_POINT('',(16.6608148766868,-109.181913902879,35.8606637195684));
#1980=CARTESIAN_POINT('',(16.6617795642848,-109.537841375276,35.8605997442541));
#1981=CARTESIAN_POINT('',(16.6628123552136,-105.672357938379,35.8612653953177));
#1982=CARTESIAN_POINT('',(12.286419274467,-108.984877639093,25.865196194793));
#1983=CARTESIAN_POINT('Ctrl Pts',(16.6608148766868,-109.181913902879,35.8606637195684));
#1984=CARTESIAN_POINT('Ctrl Pts',(16.6614652265952,-109.162237254277,34.73890636601));
#1985=CARTESIAN_POINT('Ctrl Pts',(16.5253407175459,-109.142560605675,33.6174056596529));
#1986=CARTESIAN_POINT('Ctrl Pts',(16.2509837518073,-109.122883957072,32.531028982254));
#1987=CARTESIAN_POINT('Ctrl Pts',(15.609563636369,-109.076881851079,29.991185126091));
#1988=CARTESIAN_POINT('Ctrl Pts',(14.2125935460923,-109.030879745086,27.6433219366347));
#1989=CARTESIAN_POINT('Ctrl Pts',(12.2864192744684,-108.984877639093,25.8651961947942));
#1990=CARTESIAN_POINT('',(-6.16909456393344,-108.984877639093,25.8651961946947));
#1991=CARTESIAN_POINT('Origin',(3.05866235521358,-108.984877639093,35.8612653953173));
#1992=CARTESIAN_POINT('Ctrl Pts',(-6.16891508795132,-108.984877639094,25.8664562679024));
#1993=CARTESIAN_POINT('Ctrl Pts',(-4.83663485521816,-109.016650191823,24.6399620914917));
#1994=CARTESIAN_POINT('Ctrl Pts',(-3.26046162964059,-109.048422744551,23.6762036001962));
#1995=CARTESIAN_POINT('Ctrl Pts',(-1.55815628161952,-109.080195297279,23.0621294915357));
#1996=CARTESIAN_POINT('Ctrl Pts',(0.906538063906243,-109.126197403273,22.1730381278101));
#1997=CARTESIAN_POINT('Ctrl Pts',(3.63564182370664,-109.172199509266,22.0169863816088));
#1998=CARTESIAN_POINT('Ctrl Pts',(6.18566684019066,-109.218201615259,22.6191666819747));
#1999=CARTESIAN_POINT('Ctrl Pts',(8.73569185667466,-109.264203721252,23.2213469823406));
#2000=CARTESIAN_POINT('Ctrl Pts',(11.1066381298423,-109.310205827246,24.5817593292738));
#2001=CARTESIAN_POINT('Ctrl Pts',(12.913277504835,-109.356207933239,26.4794440710403));
#2002=CARTESIAN_POINT('Ctrl Pts',(14.7199168798277,-109.402210039232,28.3771288128069));
#2003=CARTESIAN_POINT('Ctrl Pts',(15.9622493566456,-109.448212145225,30.8120859494067));
#2004=CARTESIAN_POINT('Ctrl Pts',(16.4384121052094,-109.494214251219,33.3886072898184));
#2005=CARTESIAN_POINT('Ctrl Pts',(16.5889386289805,-109.508756625905,34.203107798235));
#2006=CARTESIAN_POINT('Ctrl Pts',(16.6628984014691,-109.523299000591,35.0317554476623));
#2007=CARTESIAN_POINT('Ctrl Pts',(16.6617795642822,-109.537841375278,35.8605997442541));
#2008=CARTESIAN_POINT('Origin',(3.0586623552132,-108.984877639093,35.861265395317));
#2009=CARTESIAN_POINT('',(15.8204845660526,-123.581182119222,35.8612638653825));
#2010=CARTESIAN_POINT('',(15.8201662560867,-123.638587837719,35.8612644137045));
#2011=CARTESIAN_POINT('',(15.8217623552132,-108.984877639093,35.861265395317));
#2012=CARTESIAN_POINT('',(4.58954541141487,-123.984877639092,48.5322211082154));
#2013=CARTESIAN_POINT('Ctrl Pts',(4.58954541141487,-123.984877639092,48.5322211082154));
#2014=CARTESIAN_POINT('Ctrl Pts',(6.97277542126219,-123.939975402214,48.2442833611525));
#2015=CARTESIAN_POINT('Ctrl Pts',(11.5683769051268,-123.850179404086,46.2907864873069));
#2016=CARTESIAN_POINT('Ctrl Pts',(15.2179187058338,-123.734745930776,41.0042749596028));
#2017=CARTESIAN_POINT('Ctrl Pts',(15.8194243798461,-123.664216830846,37.2318499564681));
#2018=CARTESIAN_POINT('Ctrl Pts',(15.8201662560867,-123.638587837719,35.8612644137045));
#2019=CARTESIAN_POINT('',(15.8217623552132,-123.984877639091,35.861265395317));
#2020=CARTESIAN_POINT('Origin',(3.0586623552132,-123.984877639092,35.861265395317));
#2021=CARTESIAN_POINT('',(15.8217623552132,-131.784876163916,35.861265395317));
#2022=CARTESIAN_POINT('',(15.8217623552132,-108.984877639093,35.861265395317));
#2023=CARTESIAN_POINT('',(14.9512726373848,-131.784876163916,40.4940337131167));
#2024=CARTESIAN_POINT('Origin',(3.05866235521375,-131.784876163916,35.8612653953172));
#2025=CARTESIAN_POINT('',(14.951272637384,-126.784478588391,40.4940337131167));
#2026=CARTESIAN_POINT('',(14.9512726373838,-108.984877639093,40.4940337131168));
#2027=CARTESIAN_POINT('',(14.9170868517403,-126.784478588391,31.1416796009731));
#2028=CARTESIAN_POINT('Origin',(3.0586623552132,-126.784478588391,35.861265395317));
#2029=CARTESIAN_POINT('',(14.9170868517408,-131.784876163916,31.1416796009731));
#2030=CARTESIAN_POINT('',(14.91708685174,-108.984877639093,31.141679600973));
#2031=CARTESIAN_POINT('Origin',(3.05866235521375,-131.784876163916,35.8612653953172));
#2032=CARTESIAN_POINT('',(1.52800418594513,-123.984896293796,48.5303837184475));
#2033=CARTESIAN_POINT('Origin',(3.0586623552132,-123.984877639092,35.861265395317));
#2034=CARTESIAN_POINT('Ctrl Pts',(15.8204845660526,-123.581182119222,35.8612638653825));
#2035=CARTESIAN_POINT('Ctrl Pts',(15.818816711219,-123.609909192278,37.397465500117));
#2036=CARTESIAN_POINT('Ctrl Pts',(15.1114587378526,-123.683536949356,41.3361405979834));
#2037=CARTESIAN_POINT('Ctrl Pts',(11.1573071482204,-123.802064102201,46.6129978729794));
#2038=CARTESIAN_POINT('Ctrl Pts',(5.65161925024576,-123.907909324384,48.7067484095486));
#2039=CARTESIAN_POINT('Ctrl Pts',(2.37934147178551,-123.96885316298,48.6344210361371));
#2040=CARTESIAN_POINT('Ctrl Pts',(1.52800418594513,-123.984896293796,48.5303837184475));
#2041=CARTESIAN_POINT('Origin',(3.0586623552132,-108.984877639093,35.861265395317));
#2042=CARTESIAN_POINT('',(15.8205319490863,-122.081157257033,35.8612640252906));
#2043=CARTESIAN_POINT('',(15.8210383762621,-122.138589526794,35.8612643004099));
#2044=CARTESIAN_POINT('',(15.8217623552132,-108.984877639093,35.861265395317));
#2045=CARTESIAN_POINT('Ctrl Pts',(15.8201662560867,-123.638587837719,35.8612644137045));
#2046=CARTESIAN_POINT('Ctrl Pts',(15.8207240934021,-123.619316687165,34.8306831415092));
#2047=CARTESIAN_POINT('Ctrl Pts',(15.4124611257947,-123.555145367701,31.3993952415331));
#2048=CARTESIAN_POINT('Ctrl Pts',(12.37483497325,-123.446070887217,26.1455665790142));
#2049=CARTESIAN_POINT('Ctrl Pts',(5.73517625435184,-123.311371548481,22.6697119663103));
#2050=CARTESIAN_POINT('Ctrl Pts',(-1.73424368053017,-123.176667650582,23.2830535207348));
#2051=CARTESIAN_POINT('Ctrl Pts',(-7.71771008092981,-123.04196778086,27.7958147991799));
#2052=CARTESIAN_POINT('Ctrl Pts',(-10.3605829685069,-122.907264705452,34.808941300138));
#2053=CARTESIAN_POINT('Ctrl Pts',(-8.84325053597706,-122.772563779293,42.1481902750798));
#2054=CARTESIAN_POINT('Ctrl Pts',(-3.63639579816548,-122.637861890148,47.538631026961));
#2055=CARTESIAN_POINT('Ctrl Pts',(3.64612395996545,-122.503159749961,49.3087341758967));
#2056=CARTESIAN_POINT('Ctrl Pts',(10.7463412061048,-122.368459040803,46.9104824349598));
#2057=CARTESIAN_POINT('Ctrl Pts',(15.0021015591167,-122.246934085618,41.6559460986205));
#2058=CARTESIAN_POINT('Ctrl Pts',(15.8187100697153,-122.170311810631,37.5573616032486));
#2059=CARTESIAN_POINT('Ctrl Pts',(15.8210383762621,-122.138589526794,35.8612643004099));
#2060=CARTESIAN_POINT('Ctrl Pts',(15.8205319490863,-122.081157257033,35.8612640252906));
#2061=CARTESIAN_POINT('Ctrl Pts',(15.8179414096403,-122.115986266095,37.7231076295644));
#2062=CARTESIAN_POINT('Ctrl Pts',(14.8830644179738,-122.19571614852,41.9847464548788));
#2063=CARTESIAN_POINT('Ctrl Pts',(10.3095121215236,-122.320345275359,47.2023393294234));
#2064=CARTESIAN_POINT('Ctrl Pts',(3.12259144045382,-122.455048452697,49.320930669377));
#2065=CARTESIAN_POINT('Ctrl Pts',(-4.08606098433161,-122.589748299193,47.2694077033296));
#2066=CARTESIAN_POINT('Ctrl Pts',(-9.07891017486914,-122.724452157967,41.6799579910666));
#2067=CARTESIAN_POINT('Ctrl Pts',(-10.3094623636661,-122.859151658996,34.2874577346186));
#2068=CARTESIAN_POINT('Ctrl Pts',(-7.39556519630849,-122.99385539369,27.3823386636682));
#2069=CARTESIAN_POINT('Ctrl Pts',(-1.24098312434855,-123.128555487535,23.1061019727828));
#2070=CARTESIAN_POINT('Ctrl Pts',(6.24672591174799,-123.263258283738,22.7837753804237));
#2071=CARTESIAN_POINT('Ctrl Pts',(12.7458392637209,-123.397959516932,26.5157849009405));
#2072=CARTESIAN_POINT('Ctrl Pts',(15.4966172195221,-123.503934138889,31.7310131481232));
#2073=CARTESIAN_POINT('Ctrl Pts',(15.8214235851777,-123.565008486803,34.9963668216557));
#2074=CARTESIAN_POINT('Ctrl Pts',(15.8204845660526,-123.581182119222,35.8612638653825));
#2075=CARTESIAN_POINT('Origin',(3.0586623552132,-108.984877639093,35.861265395317));
#2076=CARTESIAN_POINT('',(15.8221503845384,-120.581166071165,35.8612651002949));
#2077=CARTESIAN_POINT('',(15.8237122099274,-120.638604429883,35.8612661174442));
#2078=CARTESIAN_POINT('',(15.8217623552132,-108.984877639093,35.861265395317));
#2079=CARTESIAN_POINT('Ctrl Pts',(15.8210383762621,-122.138589526794,35.8612643004099));
#2080=CARTESIAN_POINT('Ctrl Pts',(15.8220055987718,-122.125411491011,35.1566734499469));
#2081=CARTESIAN_POINT('Ctrl Pts',(15.5709063397536,-122.067333032179,32.0519609257833));
#2082=CARTESIAN_POINT('Ctrl Pts',(13.0911865032868,-121.964352348546,26.8856766570893));
#2083=CARTESIAN_POINT('Ctrl Pts',(6.97094007900787,-121.834641072335,23.0626202458594));
#2084=CARTESIAN_POINT('Ctrl Pts',(0.0926858743304062,-121.709916441802,
22.8856843660348));
#2085=CARTESIAN_POINT('Ctrl Pts',(-5.7842362756872,-121.59018187736,25.9110053088655));
#2086=CARTESIAN_POINT('Ctrl Pts',(-9.47259404172871,-121.470447258396,31.3829894384093));
#2087=CARTESIAN_POINT('Ctrl Pts',(-10.1622808761613,-121.337408199491,38.702197342159));
#2088=CARTESIAN_POINT('Ctrl Pts',(-6.96393810816608,-121.217673462694,44.653860910497));
#2089=CARTESIAN_POINT('Ctrl Pts',(-1.50384046480544,-121.097938447242,48.1836479313126));
#2090=CARTESIAN_POINT('Ctrl Pts',(4.28336839333229,-120.991508001479,49.1181558845229));
#2091=CARTESIAN_POINT('Ctrl Pts',(10.5113806211278,-120.871772109905,46.8902958809601));
#2092=CARTESIAN_POINT('Ctrl Pts',(14.8151508053631,-120.754138299039,42.0399311047125));
#2093=CARTESIAN_POINT('Ctrl Pts',(15.8225480481279,-120.676415737914,37.881886483626));
#2094=CARTESIAN_POINT('Ctrl Pts',(15.8237122099274,-120.638604429883,35.8612661174442));
#2095=CARTESIAN_POINT('Ctrl Pts',(15.8221503845384,-120.581166071165,35.8612651002949));
#2096=CARTESIAN_POINT('Ctrl Pts',(15.822493317849,-120.587163196434,36.1818455073548));
#2097=CARTESIAN_POINT('Ctrl Pts',(15.7322134116155,-120.633071863162,38.6357105287331));
#2098=CARTESIAN_POINT('Ctrl Pts',(14.2164071467782,-120.718891576263,43.1202962624286));
#2099=CARTESIAN_POINT('Ctrl Pts',(9.34949409300129,-120.83862795029,47.5926020374541));
#2100=CARTESIAN_POINT('Ctrl Pts',(4.36441854267115,-120.931753329841,48.8155035019278));
#2101=CARTESIAN_POINT('Ctrl Pts',(-0.615453255976031,-121.024882308649,
48.3560919030612));
#2102=CARTESIAN_POINT('Ctrl Pts',(-4.6131718371354,-121.104703598208,46.5302261809441));
#2103=CARTESIAN_POINT('Ctrl Pts',(-9.18014507215397,-121.231092492916,41.4087322893921));
#2104=CARTESIAN_POINT('Ctrl Pts',(-10.7129875374615,-121.37743388567,33.1652997301131));
#2105=CARTESIAN_POINT('Ctrl Pts',(-5.14838105638254,-121.557037015691,24.4775518980575));
#2106=CARTESIAN_POINT('Ctrl Pts',(4.84848834686032,-121.736638414611,21.9432370470503));
#2107=CARTESIAN_POINT('Ctrl Pts',(13.1109833927409,-121.901274736347,26.50899876274));
#2108=CARTESIAN_POINT('Ctrl Pts',(15.6401561784701,-122.016113422555,32.3841447073391));
#2109=CARTESIAN_POINT('Ctrl Pts',(15.8212810642932,-122.071085632618,35.3228683027092));
#2110=CARTESIAN_POINT('Ctrl Pts',(15.8205319490863,-122.081157257033,35.8612640252906));
#2111=CARTESIAN_POINT('Origin',(3.0586623552132,-108.984877639093,35.861265395317));
#2112=CARTESIAN_POINT('',(15.8219718787105,-119.081195919594,35.8612647561584));
#2113=CARTESIAN_POINT('',(15.8287860081717,-119.138610279841,35.8612682182489));
#2114=CARTESIAN_POINT('',(15.8217623552132,-108.984877639093,35.861265395317));
#2115=CARTESIAN_POINT('Ctrl Pts',(15.8237122099274,-120.638604429883,35.8612661174442));
#2116=CARTESIAN_POINT('Ctrl Pts',(15.823776877496,-120.636504064319,35.7490234668353));
#2117=CARTESIAN_POINT('Ctrl Pts',(15.79489411562,-120.594492012533,33.5040547551764));
#2118=CARTESIAN_POINT('Ctrl Pts',(14.5542939360819,-120.512567759678,29.1621637252177));
#2119=CARTESIAN_POINT('Ctrl Pts',(9.15280325681783,-120.372877353334,23.6567811955476));
#2120=CARTESIAN_POINT('Ctrl Pts',(0.122061354040414,-120.213231164178,22.1339301745318));
#2121=CARTESIAN_POINT('Ctrl Pts',(-7.02613233243623,-120.063562921584,26.9043630122313));
#2122=CARTESIAN_POINT('Ctrl Pts',(-9.65109135073666,-119.943827629676,32.8657757018862));
#2123=CARTESIAN_POINT('Ctrl Pts',(-9.96362031462599,-119.824091996552,39.3757460965125));
#2124=CARTESIAN_POINT('Ctrl Pts',(-5.70040290536009,-119.674423975747,46.8273062371225));
#2125=CARTESIAN_POINT('Ctrl Pts',(4.1631030634849,-119.494821336843,49.848350372172));
#2126=CARTESIAN_POINT('Ctrl Pts',(13.3673756378138,-119.316216811097,45.3492719639373));
#2127=CARTESIAN_POINT('Ctrl Pts',(15.8272626417402,-119.197479960415,39.0027001031648));
#2128=CARTESIAN_POINT('Ctrl Pts',(15.8287860081717,-119.138610279841,35.8612682182489));
#2129=CARTESIAN_POINT('Ctrl Pts',(15.8219718787105,-119.081195919594,35.8612647561584));
#2130=CARTESIAN_POINT('Ctrl Pts',(15.8220762008116,-119.083298959989,35.9736947252749));
#2131=CARTESIAN_POINT('Ctrl Pts',(15.7907229520904,-119.13030270969,38.4866756699126));
#2132=CARTESIAN_POINT('Ctrl Pts',(13.9969081608135,-119.237173017751,44.1637963365888));
#2133=CARTESIAN_POINT('Ctrl Pts',(6.23128362095531,-119.401809133523,49.5294721825746));
#2134=CARTESIAN_POINT('Ctrl Pts',(-3.97496273170839,-119.581410413897,48.0073040353854));
#2135=CARTESIAN_POINT('Ctrl Pts',(-8.70681974528192,-119.714449227451,42.0217547556909));
#2136=CARTESIAN_POINT('Ctrl Pts',(-9.65807514914984,-119.800925799129,37.4816893159618));
#2137=CARTESIAN_POINT('Ctrl Pts',(-9.85926264653561,-119.880747224617,33.2001046493568));
#2138=CARTESIAN_POINT('Ctrl Pts',(-7.65221235724198,-119.987179785215,27.6115577188508));
#2139=CARTESIAN_POINT('Ctrl Pts',(-1.62740647030858,-120.120217551686,23.4055514898815));
#2140=CARTESIAN_POINT('Ctrl Pts',(4.93377344005341,-120.239953376934,22.6822103722536));
#2141=CARTESIAN_POINT('Ctrl Pts',(11.0409916485899,-120.359687389644,25.2097505828301));
#2142=CARTESIAN_POINT('Ctrl Pts',(14.9711082848364,-120.473425341818,30.0999654350736));
#2143=CARTESIAN_POINT('Ctrl Pts',(15.8202110565136,-120.547251625578,34.0483453620876));
#2144=CARTESIAN_POINT('Ctrl Pts',(15.8221503845384,-120.581166071165,35.8612651002949));
#2145=CARTESIAN_POINT('Origin',(3.0586623552132,-108.984877639093,35.861265395317));
#2146=CARTESIAN_POINT('',(15.8223083748685,-117.581162625776,35.8612647435005));
#2147=CARTESIAN_POINT('',(15.8179976104659,-117.638493073045,35.8612823159395));
#2148=CARTESIAN_POINT('',(15.8217623552132,-108.984877639093,35.861265395317));
#2149=CARTESIAN_POINT('Ctrl Pts',(15.8287860081717,-119.138610279841,35.8612682182489));
#2150=CARTESIAN_POINT('Ctrl Pts',(15.8288118275381,-119.137612504245,35.8080244424708));
#2151=CARTESIAN_POINT('Ctrl Pts',(15.8090418275205,-119.076747269993,32.560195920826));
#2152=CARTESIAN_POINT('Ctrl Pts',(13.6108721120154,-118.975970139609,27.2167250626638));
#2153=CARTESIAN_POINT('Ctrl Pts',(7.04588465172762,-118.836280267339,23.1667539200848));
#2154=CARTESIAN_POINT('Ctrl Pts',(0.452590784958985,-118.716545353484,22.8065151635572));
#2155=CARTESIAN_POINT('Ctrl Pts',(-5.4970771585606,-118.596810038415,25.6690924010846));
#2156=CARTESIAN_POINT('Ctrl Pts',(-9.78728672841133,-118.4637718403,31.6365113891269));
#2157=CARTESIAN_POINT('Ctrl Pts',(-10.0318423834743,-118.344036798647,38.390798160723));
#2158=CARTESIAN_POINT('Ctrl Pts',(-7.10243208827614,-118.22430201186,44.1923067076903));
#2159=CARTESIAN_POINT('Ctrl Pts',(-2.57503100717208,-118.117870587655,47.9248841732303));
#2160=CARTESIAN_POINT('Ctrl Pts',(3.91810127724354,-117.998136695858,49.1390516289221));
#2161=CARTESIAN_POINT('Ctrl Pts',(11.2527433575755,-117.858445482684,46.7661475934695));
#2162=CARTESIAN_POINT('Ctrl Pts',(15.308450044914,-117.738564423423,41.2089974275457));
#2163=CARTESIAN_POINT('Ctrl Pts',(15.8223731948096,-117.658595130266,36.9363225912233));
#2164=CARTESIAN_POINT('Ctrl Pts',(15.817997610466,-117.638493073045,35.8612823159396));
#2165=CARTESIAN_POINT('Ctrl Pts',(15.8223083748685,-117.581162625775,35.8612647435005));
#2166=CARTESIAN_POINT('Ctrl Pts',(15.822980950039,-117.589370544046,36.3000091631748));
#2167=CARTESIAN_POINT('Ctrl Pts',(15.680484714105,-117.642479173969,39.1384515693476));
#2168=CARTESIAN_POINT('Ctrl Pts',(13.631484265254,-117.740486725684,44.1917634385293));
#2169=CARTESIAN_POINT('Ctrl Pts',(7.53768703278373,-117.875190063538,48.554655214834));
#2170=CARTESIAN_POINT('Ctrl Pts',(0.0554240190225403,-118.009890697045,
48.9822958938353));
#2171=CARTESIAN_POINT('Ctrl Pts',(-6.49586332625829,-118.144592872053,45.342555787378));
#2172=CARTESIAN_POINT('Ctrl Pts',(-10.0851953854267,-118.279294758787,38.763286228879));
#2173=CARTESIAN_POINT('Ctrl Pts',(-9.59969810065331,-118.413995665717,31.2847616513205));
#2174=CARTESIAN_POINT('Ctrl Pts',(-5.1904795138718,-118.548698762245,25.2243173731409));
#2175=CARTESIAN_POINT('Ctrl Pts',(1.7771248791761,-118.683398646673,22.4626461919323));
#2176=CARTESIAN_POINT('Ctrl Pts',(9.13956832727823,-118.818102424269,23.8521593068628));
#2177=CARTESIAN_POINT('Ctrl Pts',(14.5365094060547,-118.950699118809,28.8896973975297));
#2178=CARTESIAN_POINT('Ctrl Pts',(15.8198488835129,-119.038398232288,33.5732712998707));
#2179=CARTESIAN_POINT('Ctrl Pts',(15.8219718787105,-119.081195919594,35.8612647561584));
#2180=CARTESIAN_POINT('Origin',(3.0586623552132,-108.984877639093,35.861265395317));
#2181=CARTESIAN_POINT('',(15.8121038437008,-116.08119037835,35.8612618487765));
#2182=CARTESIAN_POINT('',(15.8216917273329,-116.138556000804,35.8612659880298));
#2183=CARTESIAN_POINT('',(15.8217623552132,-108.984877639093,35.861265395317));
#2184=CARTESIAN_POINT('Ctrl Pts',(15.817997610466,-117.638493073045,35.8612823159396));
#2185=CARTESIAN_POINT('Ctrl Pts',(15.8093419769096,-117.598727860591,33.7346738563011));
#2186=CARTESIAN_POINT('Ctrl Pts',(14.678128647872,-117.514062125223,29.1984218102854));
#2187=CARTESIAN_POINT('Ctrl Pts',(9.58527791759065,-117.384494603716,24.0942734442578));
#2188=CARTESIAN_POINT('Ctrl Pts',(2.28019493084469,-117.249793762146,22.4211175281023));
#2189=CARTESIAN_POINT('Ctrl Pts',(-4.77740483414134,-117.115091108626,24.9236523898926));
#2190=CARTESIAN_POINT('Ctrl Pts',(-9.95049817421098,-116.96542355247,31.4633357159899));
#2191=CARTESIAN_POINT('Ctrl Pts',(-10.0365220105874,-116.800787505207,40.8994658685416));
#2192=CARTESIAN_POINT('Ctrl Pts',(-3.05063754585756,-116.621184964497,48.5000655603283));
#2193=CARTESIAN_POINT('Ctrl Pts',(6.36383848911542,-116.456549373936,49.1848092824807));
#2194=CARTESIAN_POINT('Ctrl Pts',(13.3096836897556,-116.306881383614,44.5788505604339));
#2195=CARTESIAN_POINT('Ctrl Pts',(15.6168083323963,-116.205872235482,39.4594262836177));
#2196=CARTESIAN_POINT('Ctrl Pts',(15.8226432873702,-116.149763862394,36.4605003161539));
#2197=CARTESIAN_POINT('Ctrl Pts',(15.8216917273329,-116.138556000804,35.8612659880298));
#2198=CARTESIAN_POINT('Ctrl Pts',(15.8121038437008,-116.08119037835,35.8612618487765));
#2199=CARTESIAN_POINT('Ctrl Pts',(15.8115820658353,-116.11044958493,37.4255349288577));
#2200=CARTESIAN_POINT('Ctrl Pts',(15.2453073880285,-116.169642458641,40.5907710235182));
#2201=CARTESIAN_POINT('Ctrl Pts',(12.2378403982624,-116.273734792827,45.4046682200718));
#2202=CARTESIAN_POINT('Ctrl Pts',(6.56055450060267,-116.393471540798,48.8616933169141));
#2203=CARTESIAN_POINT('Ctrl Pts',(-0.942973336846808,-116.528171470285,
48.7133447169123));
#2204=CARTESIAN_POINT('Ctrl Pts',(-7.1915399758012,-116.662874438361,44.5841652684505));
#2205=CARTESIAN_POINT('Ctrl Pts',(-10.2694465460871,-116.79757551405,37.7491723766948));
#2206=CARTESIAN_POINT('Ctrl Pts',(-9.21222253810866,-116.932277214116,30.3297078514167));
#2207=CARTESIAN_POINT('Ctrl Pts',(-4.352491456464,-117.066979578652,24.6247137260107));
#2208=CARTESIAN_POINT('Ctrl Pts',(2.80541906281777,-117.20168003831,22.4032312638087));
#2209=CARTESIAN_POINT('Ctrl Pts',(10.0415816185999,-117.336383513969,24.3538631866417));
#2210=CARTESIAN_POINT('Ctrl Pts',(14.8040414225301,-117.462875386378,29.5355074968427));
#2211=CARTESIAN_POINT('Ctrl Pts',(15.8193016775443,-117.544469737037,33.8998904161892));
#2212=CARTESIAN_POINT('Ctrl Pts',(15.8223083748685,-117.581162625775,35.8612647435005));
#2213=CARTESIAN_POINT('Origin',(3.0586623552132,-108.984877639093,35.861265395317));
#2214=CARTESIAN_POINT('',(15.8243634599617,-114.581209597814,35.8612739894814));
#2215=CARTESIAN_POINT('',(15.8203964373153,-114.638573261501,35.8612666558553));
#2216=CARTESIAN_POINT('',(15.8217623552132,-108.984877639093,35.861265395317));
#2217=CARTESIAN_POINT('Ctrl Pts',(15.8216917273329,-116.138556000804,35.8612659880298));
#2218=CARTESIAN_POINT('Ctrl Pts',(15.8188311840628,-116.104863357368,34.0598707450906));
#2219=CARTESIAN_POINT('Ctrl Pts',(14.9253601281071,-116.026270236166,29.8538964447758));
#2220=CARTESIAN_POINT('Ctrl Pts',(10.4697234414073,-115.902775662338,24.6253474661918));
#2221=CARTESIAN_POINT('Ctrl Pts',(3.31194889502095,-115.768075231382,22.4029206938252));
#2222=CARTESIAN_POINT('Ctrl Pts',(-3.92427517151218,-115.633371798545,24.3540165320302));
#2223=CARTESIAN_POINT('Ctrl Pts',(-8.99573524221145,-115.498672097785,29.8716563467338));
#2224=CARTESIAN_POINT('Ctrl Pts',(-10.3302612726059,-115.363968299503,37.2466285122004));
#2225=CARTESIAN_POINT('Ctrl Pts',(-7.51417560291668,-115.2292685117,44.1917355536956));
#2226=CARTESIAN_POINT('Ctrl Pts',(-1.42032422889815,-115.094565239747,48.5546857242002));
#2227=CARTESIAN_POINT('Ctrl Pts',(6.06182061404486,-114.959864580474,48.9822427940255));
#2228=CARTESIAN_POINT('Ctrl Pts',(12.6133523713575,-114.825162370848,45.342657498904));
#2229=CARTESIAN_POINT('Ctrl Pts',(15.4667156757419,-114.718065338107,40.1114472633647));
#2230=CARTESIAN_POINT('Ctrl Pts',(15.821167533343,-114.655869074631,36.7861478297571));
#2231=CARTESIAN_POINT('Ctrl Pts',(15.8203964373153,-114.638573261501,35.8612666558552));
#2232=CARTESIAN_POINT('Ctrl Pts',(15.8243634599617,-114.581209597814,35.8612739894814));
#2233=CARTESIAN_POINT('Ctrl Pts',(15.8147466284627,-114.631522712559,38.549463730883));
#2234=CARTESIAN_POINT('Ctrl Pts',(13.9137828510507,-114.741702800818,44.4473866493984));
#2235=CARTESIAN_POINT('Ctrl Pts',(5.65202232082126,-114.911751868597,49.6484651005284));
#2236=CARTESIAN_POINT('Ctrl Pts',(-4.46659194635732,-115.091353422276,47.7072424216498));
#2237=CARTESIAN_POINT('Ctrl Pts',(-10.5333986907283,-115.270956361712,39.3578413974814));
#2238=CARTESIAN_POINT('Ctrl Pts',(-9.352146250577,-115.435590759488,29.9940674343447));
#2239=CARTESIAN_POINT('Ctrl Pts',(-3.46770601148505,-115.585260714477,24.0921346675363));
#2240=CARTESIAN_POINT('Ctrl Pts',(3.83764275988859,-115.719961510285,22.4231247469277));
#2241=CARTESIAN_POINT('Ctrl Pts',(10.8931706877486,-115.854664129035,24.9207575508137));
#2242=CARTESIAN_POINT('Ctrl Pts',(15.0597352446917,-115.975073050834,30.1887970011924));
#2243=CARTESIAN_POINT('Ctrl Pts',(15.8126496797862,-116.050582083441,34.2248630072276));
#2244=CARTESIAN_POINT('Ctrl Pts',(15.8121038437008,-116.08119037835,35.8612618487765));
#2245=CARTESIAN_POINT('Origin',(3.0586623552132,-108.984877639093,35.861265395317));
#2246=CARTESIAN_POINT('',(15.8232053306297,-113.081125992215,35.8612609019572));
#2247=CARTESIAN_POINT('',(15.8233033361492,-113.138593326963,35.8612654206155));
#2248=CARTESIAN_POINT('',(15.8217623552132,-108.984877639093,35.861265395317));
#2249=CARTESIAN_POINT('Ctrl Pts',(15.8203964373153,-114.638573261501,35.8612666558552));
#2250=CARTESIAN_POINT('Ctrl Pts',(15.8191657442223,-114.610968609177,34.3851277165808));
#2251=CARTESIAN_POINT('Ctrl Pts',(15.1512923180496,-114.53846346329,30.5068488747906));
#2252=CARTESIAN_POINT('Ctrl Pts',(11.3064038840089,-114.421056882273,25.2234617077396));
#2253=CARTESIAN_POINT('Ctrl Pts',(4.60101503031768,-114.291344873254,22.5667193441855));
#2254=CARTESIAN_POINT('Ctrl Pts',(-2.20362774824519,-114.166621132149,23.6341145893569));
#2255=CARTESIAN_POINT('Ctrl Pts',(-7.42446768582163,-114.046885516953,27.6679987702342));
#2256=CARTESIAN_POINT('Ctrl Pts',(-10.5383370563591,-113.907194951868,34.7271723500648));
#2257=CARTESIAN_POINT('Ctrl Pts',(-8.59929767243658,-113.74754925605,43.6765943390835));
#2258=CARTESIAN_POINT('Ctrl Pts',(-1.52241668160474,-113.597879335656,48.5468556349209));
#2259=CARTESIAN_POINT('Ctrl Pts',(4.99241510147524,-113.478145458136,48.7788738874514));
#2260=CARTESIAN_POINT('Ctrl Pts',(9.60295839074012,-113.388344117716,47.1753062025334));
#2261=CARTESIAN_POINT('Ctrl Pts',(13.3026710601549,-113.29854317073,43.9748817128463));
#2262=CARTESIAN_POINT('Ctrl Pts',(15.3987819698942,-113.215292617407,39.9638723358928));
#2263=CARTESIAN_POINT('Ctrl Pts',(15.8230806914721,-113.161976204459,37.1114186876574));
#2264=CARTESIAN_POINT('Ctrl Pts',(15.8233033361492,-113.138593326963,35.8612654206155));
#2265=CARTESIAN_POINT('Ctrl Pts',(15.8232053306297,-113.081125992215,35.8612609019572));
#2266=CARTESIAN_POINT('Ctrl Pts',(15.8254994446619,-113.092660335663,36.477572299069));
#2267=CARTESIAN_POINT('Ctrl Pts',(15.5621668903989,-113.1640621369,40.2909577472037));
#2268=CARTESIAN_POINT('Ctrl Pts',(11.813627951921,-113.295331533312,46.8273808710431));
#2269=CARTESIAN_POINT('Ctrl Pts',(1.95692565260389,-113.474933868894,49.8493343894006));
#2270=CARTESIAN_POINT('Ctrl Pts',(-7.30419385421055,-113.654536162323,45.3216196670581));
#2271=CARTESIAN_POINT('Ctrl Pts',(-10.9716710054894,-113.834138411568,35.6870245238441));
#2272=CARTESIAN_POINT('Ctrl Pts',(-7.06655477162536,-114.013740417187,26.1463467444885));
#2273=CARTESIAN_POINT('Ctrl Pts',(2.30592508571346,-114.193343082262,21.8515274397047));
#2274=CARTESIAN_POINT('Ctrl Pts',(12.0833098472053,-114.37294398313,25.1138942579008));
#2275=CARTESIAN_POINT('Ctrl Pts',(15.6145330758528,-114.502233793753,31.6429862272622));
#2276=CARTESIAN_POINT('Ctrl Pts',(15.8261896494443,-114.571655382271,35.3507998449124));
#2277=CARTESIAN_POINT('Ctrl Pts',(15.8243634599617,-114.581209597814,35.8612739894814));
#2278=CARTESIAN_POINT('Origin',(3.0586623552132,-108.984877639093,35.861265395317));
#2279=CARTESIAN_POINT('',(15.8230692740752,-111.581142934391,35.8612641892481));
#2280=CARTESIAN_POINT('',(15.8239207319253,-111.638583026036,35.8612685913566));
#2281=CARTESIAN_POINT('',(15.8217623552132,-108.984877639093,35.861265395317));
#2282=CARTESIAN_POINT('Ctrl Pts',(15.8233033361492,-113.138593326963,35.8612654206155));
#2283=CARTESIAN_POINT('Ctrl Pts',(15.823334042028,-113.13536849441,35.6888514414937));
#2284=CARTESIAN_POINT('Ctrl Pts',(15.7764576578,-113.092232081345,33.382799961967));
#2285=CARTESIAN_POINT('Ctrl Pts',(14.8818251748542,-113.035791459877,30.4032847453257));
#2286=CARTESIAN_POINT('Ctrl Pts',(11.9535491791722,-112.942664394209,26.3526042204939));
#2287=CARTESIAN_POINT('Ctrl Pts',(7.74989647478985,-112.849537468271,23.4037422921667));
#2288=CARTESIAN_POINT('Ctrl Pts',(1.18069223885568,-112.729802047497,22.683386136847));
#2289=CARTESIAN_POINT('Ctrl Pts',(-4.92246505106262,-112.610067841435,25.2088654701817));
#2290=CARTESIAN_POINT('Ctrl Pts',(-9.06121358654077,-112.490332766383,30.3588998239244));
#2291=CARTESIAN_POINT('Ctrl Pts',(-10.2145872594321,-112.370597757731,36.8616288710819));
#2292=CARTESIAN_POINT('Ctrl Pts',(-8.09713300092116,-112.250863434735,43.1239462039112));
#2293=CARTESIAN_POINT('Ctrl Pts',(-3.23577290300876,-112.131127792587,47.5862406905739));
#2294=CARTESIAN_POINT('Ctrl Pts',(3.89933513115777,-111.998089643214,49.35709106696));
#2295=CARTESIAN_POINT('Ctrl Pts',(10.2607664802871,-111.878354494545,47.0827403625143));
#2296=CARTESIAN_POINT('Ctrl Pts',(14.2057927510407,-111.768597752777,42.6117212721471));
#2297=CARTESIAN_POINT('Ctrl Pts',(15.6024481828194,-111.697543129097,39.0160538643945));
#2298=CARTESIAN_POINT('Ctrl Pts',(15.8227631173491,-111.653096182882,36.6378190379094));
#2299=CARTESIAN_POINT('Ctrl Pts',(15.8239207319253,-111.638583026036,35.8612685913566));
#2300=CARTESIAN_POINT('Ctrl Pts',(15.8230692740752,-111.581142934391,35.8612641892481));
#2301=CARTESIAN_POINT('Ctrl Pts',(15.8240070258596,-111.593776322378,36.5368600378106));
#2302=CARTESIAN_POINT('Ctrl Pts',(15.5499853616417,-111.659625279403,40.057018153151));
#2303=CARTESIAN_POINT('Ctrl Pts',(13.4397337153392,-111.738778062627,43.9966716450381));
#2304=CARTESIAN_POINT('Ctrl Pts',(10.0439693639402,-111.818601280908,46.610556539015));
#2305=CARTESIAN_POINT('Ctrl Pts',(6.27509301215732,-111.898423674306,48.6529477231377));
#2306=CARTESIAN_POINT('Ctrl Pts',(1.03477606172294,-111.991551456904,49.0335295435685));
#2307=CARTESIAN_POINT('Ctrl Pts',(-4.87814418690468,-112.111286907169,46.3365614306458));
#2308=CARTESIAN_POINT('Ctrl Pts',(-8.7764138463984,-112.217717226657,41.9559858413025));
#2309=CARTESIAN_POINT('Ctrl Pts',(-10.2484208850027,-112.337452233362,35.5066521561431));
#2310=CARTESIAN_POINT('Ctrl Pts',(-8.43786862862664,-112.45718704287,29.1637379258687));
#2311=CARTESIAN_POINT('Ctrl Pts',(-3.033852941011,-112.596878155119,23.6550690151706));
#2312=CARTESIAN_POINT('Ctrl Pts',(5.99149533526697,-112.756523800478,22.1368279250006));
#2313=CARTESIAN_POINT('Ctrl Pts',(14.0297370933265,-112.924592350016,27.4857653702797));
#2314=CARTESIAN_POINT('Ctrl Pts',(15.8135921553792,-113.032792882609,33.2786911665365));
#2315=CARTESIAN_POINT('Ctrl Pts',(15.8232053306297,-113.081125992215,35.8612609019572));
#2316=CARTESIAN_POINT('Origin',(3.0586623552132,-108.984877639093,35.861265395317));
#2317=CARTESIAN_POINT('',(15.8227899772163,-110.081182891964,35.8612666635946));
#2318=CARTESIAN_POINT('',(15.8220354216554,-110.138593040965,35.8612656109677));
#2319=CARTESIAN_POINT('',(15.8217623552132,-108.984877639093,35.861265395317));
#2320=CARTESIAN_POINT('',(1.52777929894234,-108.984877639093,48.5322211082071));
#2321=CARTESIAN_POINT('Ctrl Pts',(1.52777929894275,-108.984877639093,48.5322211082071));
#2322=CARTESIAN_POINT('Ctrl Pts',(-0.855450710902807,-109.029779875971,
48.2442833611312));
#2323=CARTESIAN_POINT('Ctrl Pts',(-5.45105043034585,-109.119575816548,46.2907705603667));
#2324=CARTESIAN_POINT('Ctrl Pts',(-9.70989249779823,-109.254281249256,40.1216859927536));
#2325=CARTESIAN_POINT('Ctrl Pts',(-10.0089033839329,-109.388980148828,32.6339085356984));
#2326=CARTESIAN_POINT('Ctrl Pts',(-6.25750777305243,-109.523684448049,26.1455665306777));
#2327=CARTESIAN_POINT('Ctrl Pts',(0.38214496162052,-109.658383672488,22.669711009599));
#2328=CARTESIAN_POINT('Ctrl Pts',(7.85157187961674,-109.793087679914,23.283053568399));
#2329=CARTESIAN_POINT('Ctrl Pts',(13.8350325951313,-109.927787454573,27.7958133867908));
#2330=CARTESIAN_POINT('Ctrl Pts',(15.7192023370919,-110.023820501008,32.7956381625325));
#2331=CARTESIAN_POINT('Ctrl Pts',(15.8232531099649,-110.074952009163,35.528238377459));
#2332=CARTESIAN_POINT('Ctrl Pts',(15.8227899772163,-110.081182891964,35.8612666635946));
#2333=CARTESIAN_POINT('',(4.5895454113465,-108.984877639093,48.5322211082237));
#2334=CARTESIAN_POINT('Origin',(3.0586623552132,-108.984877639093,35.861265395317));
#2335=CARTESIAN_POINT('Ctrl Pts',(15.8220354216554,-110.138593040965,35.8612656109677));
#2336=CARTESIAN_POINT('Ctrl Pts',(15.8228148774086,-110.12926301292,35.3625144871873));
#2337=CARTESIAN_POINT('Ctrl Pts',(15.6573106135987,-110.075032566603,32.4640265300239));
#2338=CARTESIAN_POINT('Ctrl Pts',(13.5128959679243,-109.975899931412,27.3823458235295));
#2339=CARTESIAN_POINT('Ctrl Pts',(7.35830358398718,-109.841199755704,23.106098365326));
#2340=CARTESIAN_POINT('Ctrl Pts',(-0.129398292701123,-109.706497014371,
22.7837786248804));
#2341=CARTESIAN_POINT('Ctrl Pts',(-6.6285160366441,-109.571795758227,26.5157840354599));
#2342=CARTESIAN_POINT('Ctrl Pts',(-10.1249547683791,-109.437094166483,33.1447257250801));
#2343=CARTESIAN_POINT('Ctrl Pts',(-9.53369198521346,-109.302391809206,40.6160965881827));
#2344=CARTESIAN_POINT('Ctrl Pts',(-5.03998265125735,-109.167691133494,46.612991707254));
#2345=CARTESIAN_POINT('Ctrl Pts',(0.465709737299211,-109.061845996774,48.706759767677));
#2346=CARTESIAN_POINT('Ctrl Pts',(3.73798506395016,-109.00090215723,48.6344283447261));
#2347=CARTESIAN_POINT('Ctrl Pts',(4.58932126567762,-108.98485903221,48.5303898007621));
#2348=CARTESIAN_POINT('Origin',(12.7391541771245,-130.656878931406,41.4940336389007));
#2349=CARTESIAN_POINT('',(12.7391542106743,-131.784876163916,40.4940336389007));
#2350=CARTESIAN_POINT('',(11.8748245501682,-131.784876163916,40.9911079028664));
#2351=CARTESIAN_POINT('Origin',(12.7391541771245,-131.784876163916,41.4940336389007));
#2352=CARTESIAN_POINT('',(11.8748245501682,-126.784478588391,40.9911079028664));
#2353=CARTESIAN_POINT('',(11.8748245501682,-130.656878931406,40.9911079028664));
#2354=CARTESIAN_POINT('',(12.7391542106743,-126.784478588391,40.4940336389007));
#2355=CARTESIAN_POINT('Origin',(12.7391541771245,-126.784478588391,41.4940336389007));
#2356=CARTESIAN_POINT('',(12.7391542106743,-130.656878931406,40.4940336389007));
#2357=CARTESIAN_POINT('Origin',(3.05866235521409,-130.656878931406,35.861265395317));
#2358=CARTESIAN_POINT('',(11.8283415015396,-131.784876163916,30.6523569040394));
#2359=CARTESIAN_POINT('Origin',(3.05866235521409,-131.784876163916,35.861265395317));
#2360=CARTESIAN_POINT('',(11.8283415015396,-126.784478588391,30.6523569040394));
#2361=CARTESIAN_POINT('',(11.8283415015396,-130.656878931406,30.6523569040394));
#2362=CARTESIAN_POINT('Origin',(3.05866235521408,-126.784478588391,35.861265395317));
#2363=CARTESIAN_POINT('Origin',(3.0586623552132,-131.784876163916,46.3612653953169));
#2364=CARTESIAN_POINT('',(4.73174930656271,-131.784876163916,51.2707034140516));
#2365=CARTESIAN_POINT('Origin',(3.05866235521365,-131.784876163916,35.861265395317));
#2366=CARTESIAN_POINT('',(7.8242420166399,-131.784876163916,40.4940334740064));
#2367=CARTESIAN_POINT('',(12.6881139668657,-131.784876163916,31.141679600973));
#2368=CARTESIAN_POINT('',(9.16319761861638,-131.784876163916,31.141679600973));
#2369=CARTESIAN_POINT('Origin',(12.6881139668657,-131.784876163916,30.141679600973));
#2370=CARTESIAN_POINT('Origin',(12.6881139668657,-130.656878931406,30.141679600973));
#2371=CARTESIAN_POINT('',(12.6881139668656,-126.784478588391,31.141679600973));
#2372=CARTESIAN_POINT('Origin',(12.6881139668657,-126.784478588391,30.141679600973));
#2373=CARTESIAN_POINT('',(12.6881139668657,-130.656878931406,31.141679600973));
#2374=CARTESIAN_POINT('Origin',(15.2677328820194,-131.784876247982,31.141679600973));
#2375=CARTESIAN_POINT('',(9.16319761861678,-126.784478588391,31.141679600973));
#2376=CARTESIAN_POINT('Origin',(12.5898214812222,-131.784876247982,40.4940336338906));
#2377=CARTESIAN_POINT('',(7.82424184050394,-126.784478588391,40.4940334740064));
#2378=CARTESIAN_POINT('Origin',(3.05866235521365,-109.484877639093,35.861265395317));
#2379=CARTESIAN_POINT('',(-9.34483635732274,-110.127857038815,46.958201142977));
#2380=CARTESIAN_POINT('',(-8.03827339244636,-110.127857038815,48.2647641078534));
#2381=CARTESIAN_POINT('Ctrl Pts',(-9.34483635732274,-110.127857038815,46.958201142977));
#2382=CARTESIAN_POINT('Ctrl Pts',(-8.69155487487528,-110.076570945739,47.6114826254245));
#2383=CARTESIAN_POINT('Ctrl Pts',(-8.03827339244636,-110.127857038815,48.2647641078534));
#2384=CARTESIAN_POINT('',(2.13478282270234,-110.127857038815,52.4785819629519));
#2385=CARTESIAN_POINT('Ctrl Pts',(-8.03827339244636,-110.127857038815,48.2647641078534));
#2386=CARTESIAN_POINT('Ctrl Pts',(-2.95174528489803,-108.306558538681,50.3716730353919));
#2387=CARTESIAN_POINT('Ctrl Pts',(2.13478282270234,-110.127857038815,52.4785819629519));
#2388=CARTESIAN_POINT('',(3.98254188772491,-110.127857038815,52.4785819629519));
#2389=CARTESIAN_POINT('Ctrl Pts',(2.13478282270234,-110.127857038815,52.4785819629519));
#2390=CARTESIAN_POINT('Ctrl Pts',(3.05866235522674,-110.076570945739,52.4785819629519));
#2391=CARTESIAN_POINT('Ctrl Pts',(3.98254188772491,-110.127857038815,52.4785819629519));
#2392=CARTESIAN_POINT('',(4.82500674999929,-109.848843718139,52.1296215911751));
#2393=CARTESIAN_POINT('Ctrl Pts',(3.98254188772491,-110.127857038815,52.4785819629519));
#2394=CARTESIAN_POINT('Ctrl Pts',(4.40733506820374,-109.975754235859,52.302626866394));
#2395=CARTESIAN_POINT('Ctrl Pts',(4.82500674999929,-109.848843718139,52.1296215911751));
#2396=CARTESIAN_POINT('',(4.73174930656271,-108.984877639093,51.2707034140516));
#2397=CARTESIAN_POINT('',(4.78571985338042,-109.484877639093,51.7677820598173));
#2398=CARTESIAN_POINT('Origin',(3.05866235521365,-108.984877639093,35.861265395317));
#2399=CARTESIAN_POINT('',(14.1555981028737,-110.127857038815,48.2647641078534));
#2400=CARTESIAN_POINT('Ctrl Pts',(4.82500674999929,-109.848843718139,52.1296215911751));
#2401=CARTESIAN_POINT('Ctrl Pts',(9.4508658890512,-108.44326559583,50.2135279981523));
#2402=CARTESIAN_POINT('Ctrl Pts',(14.1555981028737,-110.127857038815,48.2647641078534));
#2403=CARTESIAN_POINT('',(15.4621610677501,-110.127857038815,46.958201142977));
#2404=CARTESIAN_POINT('Ctrl Pts',(14.1555981028737,-110.127857038815,48.2647641078534));
#2405=CARTESIAN_POINT('Ctrl Pts',(14.8088795853211,-110.076570945739,47.6114826254059));
#2406=CARTESIAN_POINT('Ctrl Pts',(15.4621610677501,-110.127857038815,46.958201142977));
#2407=CARTESIAN_POINT('',(19.6759789228486,-110.127857038815,36.7851449278282));
#2408=CARTESIAN_POINT('Ctrl Pts',(15.4621610677501,-110.127857038815,46.958201142977));
#2409=CARTESIAN_POINT('Ctrl Pts',(17.5690699952885,-108.306558538681,41.8716730354286));
#2410=CARTESIAN_POINT('Ctrl Pts',(19.6759789228486,-110.127857038815,36.7851449278282));
#2411=CARTESIAN_POINT('',(19.6759789228486,-110.127857038815,34.9373858628057));
#2412=CARTESIAN_POINT('Ctrl Pts',(19.6759789228486,-110.127857038815,36.7851449278282));
#2413=CARTESIAN_POINT('Ctrl Pts',(19.6759789228486,-110.076570945738,35.8612653953038));
#2414=CARTESIAN_POINT('Ctrl Pts',(19.6759789228486,-110.127857038815,34.9373858628057));
#2415=CARTESIAN_POINT('',(15.4621610677501,-110.127857038815,24.7643296476569));
#2416=CARTESIAN_POINT('Ctrl Pts',(19.6759789228486,-110.127857038815,34.9373858628057));
#2417=CARTESIAN_POINT('Ctrl Pts',(17.5690699953101,-108.306558538681,29.8508577552573));
#2418=CARTESIAN_POINT('Ctrl Pts',(15.4621610677501,-110.127857038815,24.7643296476569));
#2419=CARTESIAN_POINT('',(14.1555981028737,-110.127857038815,23.4577666827806));
#2420=CARTESIAN_POINT('Ctrl Pts',(15.4621610677501,-110.127857038815,24.7643296476569));
#2421=CARTESIAN_POINT('Ctrl Pts',(14.8088795853026,-110.076570945739,24.1110481652095));
#2422=CARTESIAN_POINT('Ctrl Pts',(14.1555981028737,-110.127857038815,23.4577666827806));
#2423=CARTESIAN_POINT('',(3.98254188772493,-110.127857038815,19.243948827682));
#2424=CARTESIAN_POINT('Ctrl Pts',(14.1555981028737,-110.127857038815,23.4577666827806));
#2425=CARTESIAN_POINT('Ctrl Pts',(9.06906999532536,-108.306558538681,21.3508577552421));
#2426=CARTESIAN_POINT('Ctrl Pts',(3.98254188772493,-110.127857038815,19.243948827682));
#2427=CARTESIAN_POINT('',(2.13478282270236,-110.127857038815,19.243948827682));
#2428=CARTESIAN_POINT('Ctrl Pts',(3.98254188772493,-110.127857038815,19.243948827682));
#2429=CARTESIAN_POINT('Ctrl Pts',(3.05866235520055,-110.076570945739,19.243948827682));
#2430=CARTESIAN_POINT('Ctrl Pts',(2.13478282270236,-110.127857038815,19.243948827682));
#2431=CARTESIAN_POINT('',(-8.03827339244639,-110.127857038815,23.4577666827805));
#2432=CARTESIAN_POINT('Ctrl Pts',(2.13478282270236,-110.127857038815,19.243948827682));
#2433=CARTESIAN_POINT('Ctrl Pts',(-2.95174528484598,-108.306558538681,21.3508577552205));
#2434=CARTESIAN_POINT('Ctrl Pts',(-8.03827339244639,-110.127857038815,23.4577666827805));
#2435=CARTESIAN_POINT('',(-9.34483635732276,-110.127857038815,24.7643296476569));
#2436=CARTESIAN_POINT('Ctrl Pts',(-8.03827339244639,-110.127857038815,23.4577666827805));
#2437=CARTESIAN_POINT('Ctrl Pts',(-8.69155487489384,-110.076570945739,24.111048165228));
#2438=CARTESIAN_POINT('Ctrl Pts',(-9.34483635732276,-110.127857038815,24.7643296476569));
#2439=CARTESIAN_POINT('',(-13.5586542124213,-110.127857038815,34.9373858628057));
#2440=CARTESIAN_POINT('Ctrl Pts',(-9.34483635732276,-110.127857038815,24.7643296476569));
#2441=CARTESIAN_POINT('Ctrl Pts',(-11.4517452848612,-108.306558538681,29.8508577552053));
#2442=CARTESIAN_POINT('Ctrl Pts',(-13.5586542124213,-110.127857038815,34.9373858628057));
#2443=CARTESIAN_POINT('',(-13.5586542124213,-110.127857038815,36.7851449278282));
#2444=CARTESIAN_POINT('Ctrl Pts',(-13.5586542124213,-110.127857038815,34.9373858628057));
#2445=CARTESIAN_POINT('Ctrl Pts',(-13.5586542124213,-110.076570945738,35.8612653953301));
#2446=CARTESIAN_POINT('Ctrl Pts',(-13.5586542124213,-110.127857038815,36.7851449278282));
#2447=CARTESIAN_POINT('Ctrl Pts',(-13.5586542124213,-110.127857038815,36.7851449278282));
#2448=CARTESIAN_POINT('Ctrl Pts',(-11.4517452848828,-108.306558538681,41.8716730353766));
#2449=CARTESIAN_POINT('Ctrl Pts',(-9.34483635732274,-110.127857038815,46.958201142977));
#2450=CARTESIAN_POINT('Origin',(15.6338466461787,-108.984877639091,46.5437154910704));
#2451=CARTESIAN_POINT('',(15.4621610677501,-130.641896764193,46.958201142977));
#2452=CARTESIAN_POINT('',(15.46216106775,-108.984877639091,46.958201142977));
#2453=CARTESIAN_POINT('',(19.6759789228486,-130.641896764193,36.7851449278282));
#2454=CARTESIAN_POINT('Ctrl Pts',(19.6759789228486,-130.641896764193,36.7851449278282));
#2455=CARTESIAN_POINT('Ctrl Pts',(17.5690699952993,-132.463195264307,41.8716730354026));
#2456=CARTESIAN_POINT('Ctrl Pts',(15.4621610677501,-130.641896764193,46.958201142977));
#2457=CARTESIAN_POINT('',(19.6759789228485,-108.984877639091,36.7851449278282));
#2458=CARTESIAN_POINT('Origin',(14.8088795853118,-108.984877639091,47.6114826254152));
#2459=CARTESIAN_POINT('',(14.1555981028737,-130.641896764193,48.2647641078534));
#2460=CARTESIAN_POINT('',(14.1555981028736,-108.984877639091,48.2647641078534));
#2461=CARTESIAN_POINT('Ctrl Pts',(14.1555981028737,-130.641896764193,48.2647641078534));
#2462=CARTESIAN_POINT('Ctrl Pts',(14.8088795853125,-130.693182857271,47.6114826254145));
#2463=CARTESIAN_POINT('Ctrl Pts',(15.4621610677501,-130.641896764193,46.958201142977));
#2464=CARTESIAN_POINT('Origin',(4.39702753963144,-108.984877639091,52.3068963845231));
#2465=CARTESIAN_POINT('',(3.98254188772491,-130.641896764193,52.4785819629519));
#2466=CARTESIAN_POINT('',(3.98254188772485,-108.984877639091,52.4785819629519));
#2467=CARTESIAN_POINT('',(4.82500674999929,-130.920910084866,52.1296215911751));
#2468=CARTESIAN_POINT('Ctrl Pts',(4.82500674999929,-130.920910084866,52.1296215911751));
#2469=CARTESIAN_POINT('Ctrl Pts',(4.40733506820384,-130.793999567147,52.3026268663939));
#2470=CARTESIAN_POINT('Ctrl Pts',(3.98254188772491,-130.641896764193,52.4785819629519));
#2471=CARTESIAN_POINT('Ctrl Pts',(14.1555981028737,-130.641896764193,48.2647641078534));
#2472=CARTESIAN_POINT('Ctrl Pts',(9.45086588907384,-132.32648820716,50.2135279981429));
#2473=CARTESIAN_POINT('Ctrl Pts',(4.82500674999929,-130.920910084866,52.1296215911751));
#2474=CARTESIAN_POINT('Origin',(3.05866235521357,-108.984877639091,52.4785819629519));
#2475=CARTESIAN_POINT('',(2.13478282270234,-130.641896764193,52.4785819629519));
#2476=CARTESIAN_POINT('',(2.13478282270228,-108.984877639091,52.4785819629519));
#2477=CARTESIAN_POINT('Ctrl Pts',(2.13478282270234,-130.641896764193,52.4785819629519));
#2478=CARTESIAN_POINT('Ctrl Pts',(3.05866235521459,-130.693182857271,52.4785819629519));
#2479=CARTESIAN_POINT('Ctrl Pts',(3.98254188772491,-130.641896764193,52.4785819629519));
#2480=CARTESIAN_POINT('Origin',(-7.62378774053987,-108.984877639091,48.4364496862821));
#2481=CARTESIAN_POINT('',(-8.03827339244636,-130.641896764193,48.2647641078534));
#2482=CARTESIAN_POINT('',(-8.03827339244643,-108.984877639091,48.2647641078534));
#2483=CARTESIAN_POINT('Ctrl Pts',(-8.03827339244636,-130.641896764193,48.2647641078534));
#2484=CARTESIAN_POINT('Ctrl Pts',(-2.95174528487201,-132.463195264307,50.3716730354026));
#2485=CARTESIAN_POINT('Ctrl Pts',(2.13478282270234,-130.641896764193,52.4785819629519));
#2486=CARTESIAN_POINT('Origin',(-8.69155487488462,-108.984877639091,47.6114826254152));
#2487=CARTESIAN_POINT('',(-9.34483635732274,-130.641896764193,46.958201142977));
#2488=CARTESIAN_POINT('',(-9.34483635732281,-108.984877639091,46.958201142977));
#2489=CARTESIAN_POINT('Ctrl Pts',(-9.34483635732274,-130.641896764193,46.958201142977));
#2490=CARTESIAN_POINT('Ctrl Pts',(-8.69155487488388,-130.693182857271,47.6114826254159));
#2491=CARTESIAN_POINT('Ctrl Pts',(-8.03827339244636,-130.641896764193,48.2647641078534));
#2492=CARTESIAN_POINT('Origin',(-13.3869686339926,-108.984877639092,37.1996305797348));
#2493=CARTESIAN_POINT('',(-13.5586542124213,-130.641896764193,36.7851449278282));
#2494=CARTESIAN_POINT('',(-13.5586542124213,-108.984877639092,36.7851449278283));
#2495=CARTESIAN_POINT('Ctrl Pts',(-13.5586542124213,-130.641896764193,36.7851449278282));
#2496=CARTESIAN_POINT('Ctrl Pts',(-11.451745284872,-132.463195264307,41.8716730354026));
#2497=CARTESIAN_POINT('Ctrl Pts',(-9.34483635732274,-130.641896764193,46.958201142977));
#2498=CARTESIAN_POINT('Origin',(-13.5586542124213,-108.984877639092,35.861265395317));
#2499=CARTESIAN_POINT('',(-13.5586542124213,-130.641896764193,34.9373858628057));
#2500=CARTESIAN_POINT('',(-13.5586542124213,-108.984877639092,34.9373858628057));
#2501=CARTESIAN_POINT('Ctrl Pts',(-13.5586542124213,-130.641896764193,34.9373858628057));
#2502=CARTESIAN_POINT('Ctrl Pts',(-13.5586542124213,-130.693182857271,35.8612653953179));
#2503=CARTESIAN_POINT('Ctrl Pts',(-13.5586542124213,-130.641896764193,36.7851449278283));
#2504=CARTESIAN_POINT('Origin',(3.0586623552132,-108.984877639093,50.861265395317));
#2505=CARTESIAN_POINT('',(9.01038767150632,-108.984877639093,47.2081882212494));
#2506=CARTESIAN_POINT('Ctrl Pts',(4.58832951355656,-108.984877721336,48.530510959993));
#2507=CARTESIAN_POINT('Ctrl Pts',(4.8697373419698,-108.984877618713,48.4961432929206));
#2508=CARTESIAN_POINT('Ctrl Pts',(5.14950885517159,-108.984855928296,48.4529893970233));
#2509=CARTESIAN_POINT('Ctrl Pts',(5.4275088861849,-108.984841405445,48.4011813807735));
#2510=CARTESIAN_POINT('Ctrl Pts',(5.68260025066599,-108.984828079353,48.353642617889));
#2511=CARTESIAN_POINT('Ctrl Pts',(5.93619998745489,-108.984821959471,48.2988168291103));
#2512=CARTESIAN_POINT('Ctrl Pts',(6.18820714620263,-108.984829582243,48.236768172309));
#2513=CARTESIAN_POINT('Ctrl Pts',(6.41272966632221,-108.984836373654,48.1814867237013));
#2514=CARTESIAN_POINT('Ctrl Pts',(6.63598804577251,-108.984854644045,48.1204715529555));
#2515=CARTESIAN_POINT('Ctrl Pts',(6.85791416357416,-108.984865207939,48.0537425845953));
#2516=CARTESIAN_POINT('Ctrl Pts',(6.97053369591239,-108.984870568736,48.0198800303156));
#2517=CARTESIAN_POINT('Ctrl Pts',(7.08281024648869,-108.984873466654,47.9845457209227));
#2518=CARTESIAN_POINT('Ctrl Pts',(7.19473412845801,-108.984869787205,47.9477366471374));
#2519=CARTESIAN_POINT('Ctrl Pts',(7.35535572676729,-108.984864506839,47.8949120652908));
#2520=CARTESIAN_POINT('Ctrl Pts',(7.50892133727325,-108.984849599873,47.8411344016726));
#2521=CARTESIAN_POINT('Ctrl Pts',(7.6553469106469,-108.984835934795,47.7871976459021));
#2522=CARTESIAN_POINT('Ctrl Pts',(7.80553728829318,-108.984821918369,47.731874101445));
#2523=CARTESIAN_POINT('Ctrl Pts',(7.94821627908894,-108.984809359852,47.6763838218558));
#2524=CARTESIAN_POINT('Ctrl Pts',(8.08333896465693,-108.984804769937,47.621553723865));
#2525=CARTESIAN_POINT('Ctrl Pts',(8.21902660552498,-108.984800160831,47.5664943782514));
#2526=CARTESIAN_POINT('Ctrl Pts',(8.34709545990881,-108.984803741441,47.5121013077303));
#2527=CARTESIAN_POINT('Ctrl Pts',(8.46753497114879,-108.984814625143,47.4591730692074));
#2528=CARTESIAN_POINT('Ctrl Pts',(8.58591734478225,-108.984825322949,47.4071488585138));
#2529=CARTESIAN_POINT('Ctrl Pts',(8.69692972217048,-108.98484321468,47.3565402449602));
#2530=CARTESIAN_POINT('Ctrl Pts',(8.80058228377501,-108.98485812948,47.3080614512688));
#2531=CARTESIAN_POINT('Ctrl Pts',(8.87423058494661,-108.9848687269,47.2736157922039));
#2532=CARTESIAN_POINT('Ctrl Pts',(8.9441637082387,-108.984877639093,47.2402444851425));
#2533=CARTESIAN_POINT('Ctrl Pts',(9.0103876715061,-108.984877639093,47.2081882212495));
#2534=CARTESIAN_POINT('',(-2.89306296120905,-108.984877639093,47.2081882211816));
#2535=CARTESIAN_POINT('Ctrl Pts',(-2.89311422127537,-108.984877710345,47.2060959889965));
#2536=CARTESIAN_POINT('Ctrl Pts',(-2.80219819830518,-108.984877757636,47.2499603480953));
#2537=CARTESIAN_POINT('Ctrl Pts',(-2.70430684573831,-108.984894093032,47.2963351039732));
#2538=CARTESIAN_POINT('Ctrl Pts',(-2.59942968647095,-108.984909596442,47.3446024359427));
#2539=CARTESIAN_POINT('Ctrl Pts',(-2.49268208711726,-108.98492537635,47.3937305955053));
#2540=CARTESIAN_POINT('Ctrl Pts',(-2.37869644218644,-108.984940436736,47.4448192443095));
#2541=CARTESIAN_POINT('Ctrl Pts',(-2.25746999074715,-108.984947440447,47.4971649144078));
#2542=CARTESIAN_POINT('Ctrl Pts',(-2.13639169765178,-108.984954435598,47.5494466096252));
#2543=CARTESIAN_POINT('Ctrl Pts',(-2.00808951146533,-108.984953542995,47.6029818946981));
#2544=CARTESIAN_POINT('Ctrl Pts',(-1.87258104122947,-108.984945802666,47.6570228967105));
#2545=CARTESIAN_POINT('Ctrl Pts',(-1.7387577410512,-108.984938158594,47.7103918501172));
#2546=CARTESIAN_POINT('Ctrl Pts',(-1.59790566225154,-108.984923971331,47.7642535926814));
#2547=CARTESIAN_POINT('Ctrl Pts',(-1.4500718758515,-108.984910269667,47.8178479361659));
#2548=CARTESIAN_POINT('Ctrl Pts',(-1.3304848102031,-108.984899185991,47.8612019652329));
#2549=CARTESIAN_POINT('Ctrl Pts',(-1.20632959672402,-108.98488855637,47.9043801913809));
#2550=CARTESIAN_POINT('Ctrl Pts',(-1.07764974349934,-108.984884181036,47.9469635980672));
#2551=CARTESIAN_POINT('Ctrl Pts',(-0.96574821497927,-108.984880376193,47.9839946342269));
#2552=CARTESIAN_POINT('Ctrl Pts',(-0.853500622231272,-108.984883204373,
48.0195566284626));
#2553=CARTESIAN_POINT('Ctrl Pts',(-0.740913558209098,-108.984888536641,
48.0536446787119));
#2554=CARTESIAN_POINT('Ctrl Pts',(-0.496847289818201,-108.984900095934,
48.1275407634294));
#2555=CARTESIAN_POINT('Ctrl Pts',(-0.251185197534484,-108.984920579922,
48.1945124186315));
#2556=CARTESIAN_POINT('Ctrl Pts',(-0.00398736782903656,-108.984926187417,
48.2544507232775));
#2557=CARTESIAN_POINT('Ctrl Pts',(0.261433921422101,-108.984932208298,48.3188076883594));
#2558=CARTESIAN_POINT('Ctrl Pts',(0.528625603114599,-108.984922410837,48.3750566434296));
#2559=CARTESIAN_POINT('Ctrl Pts',(0.797508458829306,-108.984907452227,48.4230157346896));
#2560=CARTESIAN_POINT('Ctrl Pts',(1.03958127841153,-108.984893985125,48.4661928737267));
#2561=CARTESIAN_POINT('Ctrl Pts',(1.28302465856497,-108.984877639093,48.5026502739001));
#2562=CARTESIAN_POINT('Ctrl Pts',(1.52777929894275,-108.984877639093,48.5322211082071));
#2563=CARTESIAN_POINT('Ctrl Pts',(-2.89306296120904,-108.984877639093,47.2081882211816));
#2564=CARTESIAN_POINT('Ctrl Pts',(-3.16221064952066,-108.984877639114,47.0779050291169));
#2565=CARTESIAN_POINT('Ctrl Pts',(-3.42690386958898,-108.984877639163,46.9378440300416));
#2566=CARTESIAN_POINT('Ctrl Pts',(-3.68673981766398,-108.984877639181,46.7883567680032));
#2567=CARTESIAN_POINT('Ctrl Pts',(-3.74884696197821,-108.984877639185,46.7526256575647));
#2568=CARTESIAN_POINT('Ctrl Pts',(-3.81067646188978,-108.984877639188,46.7163558084464));
#2569=CARTESIAN_POINT('Ctrl Pts',(-3.87222254913385,-108.984877639188,46.6795516711615));
#2570=CARTESIAN_POINT('Ctrl Pts',(-4.12757294549318,-108.984877639189,46.5268538886678));
#2571=CARTESIAN_POINT('Ctrl Pts',(-4.37718055236282,-108.984877639192,46.3654806199725));
#2572=CARTESIAN_POINT('Ctrl Pts',(-4.62071969643146,-108.984877639197,46.195907194928));
#2573=CARTESIAN_POINT('Ctrl Pts',(-4.86722700509513,-108.984877639202,46.0242670719882));
#2574=CARTESIAN_POINT('Ctrl Pts',(-5.1075175044445,-108.984877639208,45.8442254007608));
#2575=CARTESIAN_POINT('Ctrl Pts',(-5.34123557871833,-108.984877639216,45.6562241494521));
#2576=CARTESIAN_POINT('Ctrl Pts',(-5.57656465364667,-108.984877639225,45.4669270200224));
#2577=CARTESIAN_POINT('Ctrl Pts',(-5.80523087532088,-108.984877639234,45.269559853186));
#2578=CARTESIAN_POINT('Ctrl Pts',(-6.02684590315172,-108.984877639244,45.0645274081203));
#2579=CARTESIAN_POINT('Ctrl Pts',(-6.2508723701076,-108.984877639253,44.8572639624552));
#2580=CARTESIAN_POINT('Ctrl Pts',(-6.46769391008442,-108.984877639263,44.6421671760456));
#2581=CARTESIAN_POINT('Ctrl Pts',(-6.67687564888641,-108.984877639272,44.4196130840195));
#2582=CARTESIAN_POINT('Ctrl Pts',(-6.88167892071782,-108.984877639281,44.2017173610589));
#2583=CARTESIAN_POINT('Ctrl Pts',(-7.07915920672354,-108.984877639289,43.9766727407882));
#2584=CARTESIAN_POINT('Ctrl Pts',(-7.26886990565564,-108.984877639294,43.7447986427901));
#2585=CARTESIAN_POINT('Ctrl Pts',(-7.36676710848839,-108.984877639297,43.6251436853672));
#2586=CARTESIAN_POINT('Ctrl Pts',(-7.4625946752175,-108.984877639298,43.5036695936387));
#2587=CARTESIAN_POINT('Ctrl Pts',(-7.55628664339963,-108.9848776393,43.3804173153187));
#2588=CARTESIAN_POINT('Ctrl Pts',(-7.5807558518343,-108.9848776393,43.3482279425605));
#2589=CARTESIAN_POINT('Ctrl Pts',(-7.60508173827969,-108.9848776393,43.3159140260623));
#2590=CARTESIAN_POINT('Ctrl Pts',(-7.62924675719254,-108.9848776393,43.2834984267759));
#2591=CARTESIAN_POINT('Ctrl Pts',(-7.81196508680808,-108.984877639302,43.0383951981602));
#2592=CARTESIAN_POINT('Ctrl Pts',(-7.98566651579746,-108.984877639306,42.7872515907425));
#2593=CARTESIAN_POINT('Ctrl Pts',(-8.14998076791111,-108.984877639311,42.530494668053));
#2594=CARTESIAN_POINT('Ctrl Pts',(-8.2135581182048,-108.984877639313,42.4311489046504));
#2595=CARTESIAN_POINT('Ctrl Pts',(-8.27572977196748,-108.984877639316,42.3309623198403));
#2596=CARTESIAN_POINT('Ctrl Pts',(-8.33647293989988,-108.984877639318,42.2299580466072));
#2597=CARTESIAN_POINT('Ctrl Pts',(-8.49068560943458,-108.984877639324,41.9735318650318));
#2598=CARTESIAN_POINT('Ctrl Pts',(-8.63569415635256,-108.984877639332,41.7118377498174));
#2599=CARTESIAN_POINT('Ctrl Pts',(-8.77145291114789,-108.98487763934,41.4454389607542));
#2600=CARTESIAN_POINT('Ctrl Pts',(-8.90940541167448,-108.984877639348,41.1747353943881));
#2601=CARTESIAN_POINT('Ctrl Pts',(-9.03780704885288,-108.984877639357,40.8991733858079));
#2602=CARTESIAN_POINT('Ctrl Pts',(-9.15656555315312,-108.984877639366,40.6193137542369));
#2603=CARTESIAN_POINT('Ctrl Pts',(-9.2756298063547,-108.984877639374,40.3387336119507));
#2604=CARTESIAN_POINT('Ctrl Pts',(-9.38500140936451,-108.984877639382,40.053833107806));
#2605=CARTESIAN_POINT('Ctrl Pts',(-9.484539662575,-108.984877639389,39.7651555291664));
#2606=CARTESIAN_POINT('Ctrl Pts',(-9.55101629830043,-108.984877639393,39.5723621696452));
#2607=CARTESIAN_POINT('Ctrl Pts',(-9.61310604007224,-108.984877639396,39.3778837049285));
#2608=CARTESIAN_POINT('Ctrl Pts',(-9.67075448816872,-108.984877639398,39.1818785195848));
#2609=CARTESIAN_POINT('Ctrl Pts',(-9.69597568421093,-108.984877639399,39.0961262509969));
#2610=CARTESIAN_POINT('Ctrl Pts',(-9.72034665687552,-108.9848776394,39.0100817323239));
#2611=CARTESIAN_POINT('Ctrl Pts',(-9.74386222590382,-108.984877639401,38.9237581308781));
#2612=CARTESIAN_POINT('Ctrl Pts',(-9.75505918513607,-108.984877639401,38.8826550708159));
#2613=CARTESIAN_POINT('Ctrl Pts',(-9.76606220190221,-108.984877639401,38.8414887365739));
#2614=CARTESIAN_POINT('Ctrl Pts',(-9.77687068604725,-108.984877639401,38.8002605468362));
#2615=CARTESIAN_POINT('Ctrl Pts',(-9.78464071914664,-108.984877639401,38.7706223112991));
#2616=CARTESIAN_POINT('Ctrl Pts',(-9.79231001398187,-108.984877639401,38.7409527715441));
#2617=CARTESIAN_POINT('Ctrl Pts',(-9.79987519108254,-108.984877639401,38.7112652554029));
#2618=CARTESIAN_POINT('Ctrl Pts',(-9.87823262391538,-108.9848776394,38.4037724470982));
#2619=CARTESIAN_POINT('Ctrl Pts',(-9.94551877616333,-108.98487763939,38.0939967232926));
#2620=CARTESIAN_POINT('Ctrl Pts',(-10.0016825629381,-108.984877639373,37.7825794633704));
#2621=CARTESIAN_POINT('Ctrl Pts',(-10.0564086345084,-108.984877639358,37.4791340542653));
#2622=CARTESIAN_POINT('Ctrl Pts',(-10.1005744409075,-108.984877639337,37.1741293356604));
#2623=CARTESIAN_POINT('Ctrl Pts',(-10.134084418854,-108.984877639314,36.868135139028));
#2624=CARTESIAN_POINT('Ctrl Pts',(-10.1689149137883,-108.98487763929,36.5500827269146));
#2625=CARTESIAN_POINT('Ctrl Pts',(-10.1922337676285,-108.984877639264,36.2309607201617));
#2626=CARTESIAN_POINT('Ctrl Pts',(-10.2038762050815,-108.984877639239,35.9113930783138));
#2627=CARTESIAN_POINT('Ctrl Pts',(-10.2155186425346,-108.984877639214,35.591825436466));
#2628=CARTESIAN_POINT('Ctrl Pts',(-10.2154848815176,-108.984877639191,35.2718114203715));
#2629=CARTESIAN_POINT('Ctrl Pts',(-10.2035484415794,-108.984877639172,34.9519696997313));
#2630=CARTESIAN_POINT('Ctrl Pts',(-10.191513419927,-108.984877639153,34.6294864423141));
#2631=CARTESIAN_POINT('Ctrl Pts',(-10.1673781421597,-108.984877639139,34.3071775991563));
#2632=CARTESIAN_POINT('Ctrl Pts',(-10.1313408503099,-108.984877639132,33.985644453849));
#2633=CARTESIAN_POINT('Ctrl Pts',(-10.1232072914834,-108.984877639131,33.913074939943));
#2634=CARTESIAN_POINT('Ctrl Pts',(-10.1144671958283,-108.98487763913,33.8405449891137));
#2635=CARTESIAN_POINT('Ctrl Pts',(-10.1051224075805,-108.984877639129,33.7680616158569));
#2636=CARTESIAN_POINT('Ctrl Pts',(-10.100988176422,-108.984877639129,33.7359942204011));
#2637=CARTESIAN_POINT('Ctrl Pts',(-10.0967355885719,-108.984877639128,33.7039359420506));
#2638=CARTESIAN_POINT('Ctrl Pts',(-10.0923647939242,-108.984877639128,33.6718873913101));
#2639=CARTESIAN_POINT('Ctrl Pts',(-10.0881980172056,-108.984877639128,33.6413347879839));
#2640=CARTESIAN_POINT('Ctrl Pts',(-10.0839244367335,-108.984877639128,33.6107957511549));
#2641=CARTESIAN_POINT('Ctrl Pts',(-10.0795454892426,-108.984877639128,33.5802788526231));
#2642=CARTESIAN_POINT('Ctrl Pts',(-10.0360693958215,-108.984877639127,33.2772938238572));
#2643=CARTESIAN_POINT('Ctrl Pts',(-9.9821786019288,-108.984877639127,32.9762509108218));
#2644=CARTESIAN_POINT('Ctrl Pts',(-9.91817928382676,-108.984877639129,32.677648448757));
#2645=CARTESIAN_POINT('Ctrl Pts',(-9.85342720134904,-108.984877639131,32.3755338040223));
#2646=CARTESIAN_POINT('Ctrl Pts',(-9.77832731736586,-108.984877639135,32.0759168016007));
#2647=CARTESIAN_POINT('Ctrl Pts',(-9.69314296167894,-108.984877639139,31.7793106712236));
#2648=CARTESIAN_POINT('Ctrl Pts',(-9.60741593526563,-108.984877639143,31.4808149983017));
#2649=CARTESIAN_POINT('Ctrl Pts',(-9.51147540980435,-108.984877639148,31.1853680916253));
#2650=CARTESIAN_POINT('Ctrl Pts',(-9.4055373353069,-108.984877639153,30.89349881271));
#2651=CARTESIAN_POINT('Ctrl Pts',(-9.2999123304051,-108.984877639158,30.6024920697391));
#2652=CARTESIAN_POINT('Ctrl Pts',(-9.18434857729488,-108.984877639163,30.3150412600336));
#2653=CARTESIAN_POINT('Ctrl Pts',(-9.05901076440778,-108.984877639167,30.0316850412752));
#2654=CARTESIAN_POINT('Ctrl Pts',(-8.93468803776505,-108.984877639172,29.7506236686873));
#2655=CARTESIAN_POINT('Ctrl Pts',(-8.80074870058157,-108.984877639175,29.4735902862332));
#2656=CARTESIAN_POINT('Ctrl Pts',(-8.65730808843692,-108.984877639176,29.2011331922822));
#2657=CARTESIAN_POINT('Ctrl Pts',(-8.58931278161625,-108.984877639177,29.0719800645753));
#2658=CARTESIAN_POINT('Ctrl Pts',(-8.51918184554945,-108.984877639177,28.943855634493));
#2659=CARTESIAN_POINT('Ctrl Pts',(-8.44692417618748,-108.984877639176,28.8168206464626));
#2660=CARTESIAN_POINT('Ctrl Pts',(-8.42369039783249,-108.984877639176,28.7759737331691));
#2661=CARTESIAN_POINT('Ctrl Pts',(-8.40023324939566,-108.984877639176,28.7352336146423));
#2662=CARTESIAN_POINT('Ctrl Pts',(-8.37657113543129,-108.984877639176,28.6946331790441));
#2663=CARTESIAN_POINT('Ctrl Pts',(-8.2183805219624,-108.984877639174,28.4232031697029));
#2664=CARTESIAN_POINT('Ctrl Pts',(-8.05092559972944,-108.984877639171,28.1578194983957));
#2665=CARTESIAN_POINT('Ctrl Pts',(-7.87445328998165,-108.984877639167,27.8990011917846));
#2666=CARTESIAN_POINT('Ctrl Pts',(-7.83103909912528,-108.984877639167,27.8353289512138));
#2667=CARTESIAN_POINT('Ctrl Pts',(-7.78707892215672,-108.984877639166,27.7720541178546));
#2668=CARTESIAN_POINT('Ctrl Pts',(-7.74257597236601,-108.984877639165,27.7091845557633));
#2669=CARTESIAN_POINT('Ctrl Pts',(-7.56468668393096,-108.984877639161,27.4578793789773));
#2670=CARTESIAN_POINT('Ctrl Pts',(-7.37812870430377,-108.984877639157,27.2130477588822));
#2671=CARTESIAN_POINT('Ctrl Pts',(-7.1834080127505,-108.984877639154,26.974957389964));
#2672=CARTESIAN_POINT('Ctrl Pts',(-6.9859856094989,-108.98487763915,26.7335635635147));
#2673=CARTESIAN_POINT('Ctrl Pts',(-6.78017206229132,-108.984877639147,26.4990989160276));
#2674=CARTESIAN_POINT('Ctrl Pts',(-6.56644892342048,-108.984877639145,26.271870359427));
#2675=CARTESIAN_POINT('Ctrl Pts',(-6.43681504738748,-108.984877639144,26.1340447655622));
#2676=CARTESIAN_POINT('Ctrl Pts',(-6.30427034165948,-108.984877639143,25.9988819237742));
#2677=CARTESIAN_POINT('Ctrl Pts',(-6.16891508788785,-108.984877639143,25.8664562679583));
#2678=CARTESIAN_POINT('Ctrl Pts',(12.2864192744364,-108.984877639069,25.8651961948217));
#2679=CARTESIAN_POINT('Ctrl Pts',(12.5184358689265,-108.984877639082,26.0928185188133));
#2680=CARTESIAN_POINT('Ctrl Pts',(12.7418458183698,-108.984877639098,26.3287447980197));
#2681=CARTESIAN_POINT('Ctrl Pts',(12.956394210461,-108.984877639115,26.5723800147485));
#2682=CARTESIAN_POINT('Ctrl Pts',(13.1633856453501,-108.98487763913,26.8074337600071));
#2683=CARTESIAN_POINT('Ctrl Pts',(13.3621288276576,-108.984877639146,27.0496637420874));
#2684=CARTESIAN_POINT('Ctrl Pts',(13.552352746498,-108.984877639161,27.298569620294));
#2685=CARTESIAN_POINT('Ctrl Pts',(13.7421737796495,-108.984877639175,27.5469483270659));
#2686=CARTESIAN_POINT('Ctrl Pts',(13.9235118710781,-108.984877639188,27.80197523331));
#2687=CARTESIAN_POINT('Ctrl Pts',(14.0960523636406,-108.984877639197,28.0631780166524));
#2688=CARTESIAN_POINT('Ctrl Pts',(14.2096883293084,-108.984877639203,28.2352073767139));
#2689=CARTESIAN_POINT('Ctrl Pts',(14.3195073133069,-108.984877639207,28.4099160778181));
#2690=CARTESIAN_POINT('Ctrl Pts',(14.4254077577514,-108.98487763921,28.5871733466402));
#2691=CARTESIAN_POINT('Ctrl Pts',(14.4767952226528,-108.984877639211,28.6731862215426));
#2692=CARTESIAN_POINT('Ctrl Pts',(14.5272598809233,-108.984877639212,28.7597992254762));
#2693=CARTESIAN_POINT('Ctrl Pts',(14.5767892955426,-108.984877639212,28.8469976121293));
#2694=CARTESIAN_POINT('Ctrl Pts',(14.6007498955734,-108.984877639212,28.8891811445208));
#2695=CARTESIAN_POINT('Ctrl Pts',(14.6244916135123,-108.984877639212,28.9315016748382));
#2696=CARTESIAN_POINT('Ctrl Pts',(14.6480129940732,-108.984877639212,28.9739575416698));
#2697=CARTESIAN_POINT('Ctrl Pts',(14.6708774704292,-108.984877639212,29.0152277026978));
#2698=CARTESIAN_POINT('Ctrl Pts',(14.6935368491504,-108.984877639212,29.0566316074291));
#2699=CARTESIAN_POINT('Ctrl Pts',(14.715972736463,-108.984877639212,29.0981358789945));
#2700=CARTESIAN_POINT('Ctrl Pts',(14.8647296960469,-108.984877639211,29.3733221982065));
#2701=CARTESIAN_POINT('Ctrl Pts',(15.0037820676885,-108.984877639212,29.6531226907685));
#2702=CARTESIAN_POINT('Ctrl Pts',(15.132905674424,-108.984877639215,29.9370196281946));
#2703=CARTESIAN_POINT('Ctrl Pts',(15.2614744772492,-108.984877639218,30.2196967489272));
#2704=CARTESIAN_POINT('Ctrl Pts',(15.3801998888266,-108.984877639223,30.5064357630512));
#2705=CARTESIAN_POINT('Ctrl Pts',(15.4888151778464,-108.984877639228,30.7967512906351));
#2706=CARTESIAN_POINT('Ctrl Pts',(15.59813351674,-108.984877639233,31.0889459854787));
#2707=CARTESIAN_POINT('Ctrl Pts',(15.6972107593745,-108.984877639238,31.3847641796193));
#2708=CARTESIAN_POINT('Ctrl Pts',(15.7857244511496,-108.984877639242,31.6837288153544));
#2709=CARTESIAN_POINT('Ctrl Pts',(15.8742381429248,-108.984877639247,31.9826934510895));
#2710=CARTESIAN_POINT('Ctrl Pts',(15.9521885730417,-108.984877639251,32.2848050820517));
#2711=CARTESIAN_POINT('Ctrl Pts',(16.0191983480335,-108.984877639254,32.5895961849687));
#2712=CARTESIAN_POINT('Ctrl Pts',(16.0876377345775,-108.984877639257,32.9008898150438));
#2713=CARTESIAN_POINT('Ctrl Pts',(16.1446644845906,-108.984877639259,33.2149792562811));
#2714=CARTESIAN_POINT('Ctrl Pts',(16.1902731436277,-108.984877639259,33.5312402500304));
#2715=CARTESIAN_POINT('Ctrl Pts',(16.2021170189526,-108.984877639259,33.6133684217229));
#2716=CARTESIAN_POINT('Ctrl Pts',(16.2131905988789,-108.984877639259,33.6956430006027));
#2717=CARTESIAN_POINT('Ctrl Pts',(16.2234931523587,-108.984877639259,33.7780529572134));
#2718=CARTESIAN_POINT('Ctrl Pts',(16.2298252431232,-108.984877639259,33.8287032475683));
#2719=CARTESIAN_POINT('Ctrl Pts',(16.23586607351,-108.984877639259,33.8794046758119));
#2720=CARTESIAN_POINT('Ctrl Pts',(16.2416154249563,-108.984877639259,33.9301546695181));
#2721=CARTESIAN_POINT('Ctrl Pts',(16.2459414395711,-108.984877639259,33.9683407530315));
#2722=CARTESIAN_POINT('Ctrl Pts',(16.2501026239326,-108.984877639259,34.006556650999));
#2723=CARTESIAN_POINT('Ctrl Pts',(16.2540965597122,-108.984877639258,34.0447777536279));
#2724=CARTESIAN_POINT('Ctrl Pts',(16.2858961869917,-108.984877639258,34.3490933172434));
#2725=CARTESIAN_POINT('Ctrl Pts',(16.3071354948213,-108.98487763926,34.6540579434164));
#2726=CARTESIAN_POINT('Ctrl Pts',(16.3179446155354,-108.984877639264,34.9591130770159));
#2727=CARTESIAN_POINT('Ctrl Pts',(16.3288413088003,-108.984877639268,35.2666396841892));
#2728=CARTESIAN_POINT('Ctrl Pts',(16.3291381141333,-108.984877639274,35.5742588826637));
#2729=CARTESIAN_POINT('Ctrl Pts',(16.3189155942273,-108.98487763928,35.8814053918614));
#2730=CARTESIAN_POINT('Ctrl Pts',(16.3086766967569,-108.984877639286,36.1890439824448));
#2731=CARTESIAN_POINT('Ctrl Pts',(16.2878846825617,-108.984877639293,36.4962089921473));
#2732=CARTESIAN_POINT('Ctrl Pts',(16.2565683965031,-108.984877639299,36.8023300552025));
#2733=CARTESIAN_POINT('Ctrl Pts',(16.2255708811735,-108.984877639306,37.1053350899315));
#2734=CARTESIAN_POINT('Ctrl Pts',(16.1842621137225,-108.984877639311,37.4073179036212));
#2735=CARTESIAN_POINT('Ctrl Pts',(16.1326207222174,-108.984877639316,37.7077141001261));
#2736=CARTESIAN_POINT('Ctrl Pts',(16.0815545998546,-108.984877639321,38.0047639758359));
#2737=CARTESIAN_POINT('Ctrl Pts',(16.0203846406102,-108.984877639324,38.3002629204647));
#2738=CARTESIAN_POINT('Ctrl Pts',(15.9490437572516,-108.984877639326,38.5936458734644));
#2739=CARTESIAN_POINT('Ctrl Pts',(15.9174421425928,-108.984877639327,38.7236046655574));
#2740=CARTESIAN_POINT('Ctrl Pts',(15.8838441945388,-108.984877639328,38.8531479558066));
#2741=CARTESIAN_POINT('Ctrl Pts',(15.8482412218381,-108.984877639328,38.9822249825978));
#2742=CARTESIAN_POINT('Ctrl Pts',(15.8391296759361,-108.984877639328,39.0152584953998));
#2743=CARTESIAN_POINT('Ctrl Pts',(15.829886800989,-108.984877639328,39.0482614641774));
#2744=CARTESIAN_POINT('Ctrl Pts',(15.8205124329546,-108.984877639329,39.0812330256715));
#2745=CARTESIAN_POINT('Ctrl Pts',(15.8121360892573,-108.984877639329,39.1106943323217));
#2746=CARTESIAN_POINT('Ctrl Pts',(15.803657364259,-108.984877639329,39.1401213928316));
#2747=CARTESIAN_POINT('Ctrl Pts',(15.7950767097789,-108.984877639328,39.169512375171));
#2748=CARTESIAN_POINT('Ctrl Pts',(15.7095233922942,-108.984877639327,39.4625548288774));
#2749=CARTESIAN_POINT('Ctrl Pts',(15.6138294353128,-108.984877639318,39.7520536659707));
#2750=CARTESIAN_POINT('Ctrl Pts',(15.5080513587742,-108.984877639304,40.0374659133613));
#2751=CARTESIAN_POINT('Ctrl Pts',(15.4971300079952,-108.984877639303,40.0669340921408));
#2752=CARTESIAN_POINT('Ctrl Pts',(15.4861011145712,-108.984877639301,40.0963586982379));
#2753=CARTESIAN_POINT('Ctrl Pts',(15.4749647098001,-108.9848776393,40.1257391269227));
#2754=CARTESIAN_POINT('Ctrl Pts',(15.3638582487229,-108.984877639284,40.4188638402572));
#2755=CARTESIAN_POINT('Ctrl Pts',(15.2420550648196,-108.984877639263,40.7075930104614));
#2756=CARTESIAN_POINT('Ctrl Pts',(15.1099940339701,-108.98487763924,40.9914705309277));
#2757=CARTESIAN_POINT('Ctrl Pts',(14.9814891362225,-108.984877639217,41.2677038111442));
#2758=CARTESIAN_POINT('Ctrl Pts',(14.843270753829,-108.984877639192,41.5393436117786));
#2759=CARTESIAN_POINT('Ctrl Pts',(14.6956948695315,-108.984877639169,41.8059455419685));
#2760=CARTESIAN_POINT('Ctrl Pts',(14.5483113724459,-108.984877639146,42.0721999167142));
#2761=CARTESIAN_POINT('Ctrl Pts',(14.3915943542574,-108.984877639124,42.3334300300149));
#2762=CARTESIAN_POINT('Ctrl Pts',(14.2258569079614,-108.984877639106,42.5891621452096));
#2763=CARTESIAN_POINT('Ctrl Pts',(14.0614085079813,-108.984877639089,42.8429052678846));
#2764=CARTESIAN_POINT('Ctrl Pts',(13.8880790306629,-108.984877639076,43.0912360150737));
#2765=CARTESIAN_POINT('Ctrl Pts',(13.7061396086451,-108.984877639071,43.333654240802));
#2766=CARTESIAN_POINT('Ctrl Pts',(13.6525838831143,-108.98487763907,43.4050125193805));
#2767=CARTESIAN_POINT('Ctrl Pts',(13.5982819158206,-108.984877639069,43.4758582185726));
#2768=CARTESIAN_POINT('Ctrl Pts',(13.5432401234007,-108.984877639069,43.5461778735436));
#2769=CARTESIAN_POINT('Ctrl Pts',(13.519798717144,-108.984877639069,43.5761258735546));
#2770=CARTESIAN_POINT('Ctrl Pts',(13.4962213770572,-108.98487763907,43.6059805729329));
#2771=CARTESIAN_POINT('Ctrl Pts',(13.4725236207768,-108.98487763907,43.6357222633452));
#2772=CARTESIAN_POINT('Ctrl Pts',(13.2836552671116,-108.984877639072,43.8727600671329));
#2773=CARTESIAN_POINT('Ctrl Pts',(13.0869494014621,-108.984877639078,44.1028705290765));
#2774=CARTESIAN_POINT('Ctrl Pts',(12.8827844296308,-108.984877639085,44.3256461751278));
#2775=CARTESIAN_POINT('Ctrl Pts',(12.6786649592805,-108.984877639092,44.548372172007));
#2776=CARTESIAN_POINT('Ctrl Pts',(12.4670892974974,-108.984877639101,44.7637670920934));
#2777=CARTESIAN_POINT('Ctrl Pts',(12.2483943641287,-108.984877639111,44.9713919537002));
#2778=CARTESIAN_POINT('Ctrl Pts',(12.0319036794964,-108.98487763912,45.1769241429629));
#2779=CARTESIAN_POINT('Ctrl Pts',(11.8084360722812,-108.984877639129,45.3748425068348));
#2780=CARTESIAN_POINT('Ctrl Pts',(11.5782843808143,-108.984877639138,45.5646837307231));
#2781=CARTESIAN_POINT('Ctrl Pts',(11.3837128227716,-108.984877639146,45.7251765886172));
#2782=CARTESIAN_POINT('Ctrl Pts',(11.1843633866166,-108.984877639152,45.8798961379251));
#2783=CARTESIAN_POINT('Ctrl Pts',(10.9803971288702,-108.984877639158,46.0285380435095));
#2784=CARTESIAN_POINT('Ctrl Pts',(10.7366741638834,-108.984877639165,46.2061529409468));
#2785=CARTESIAN_POINT('Ctrl Pts',(10.4863590910639,-108.984877639171,46.375091188366));
#2786=CARTESIAN_POINT('Ctrl Pts',(10.2299704777987,-108.984877639174,46.5351253117704));
#2787=CARTESIAN_POINT('Ctrl Pts',(10.0627270126638,-108.984877639176,46.639516302451));
#2788=CARTESIAN_POINT('Ctrl Pts',(9.8928988358461,-108.984877639178,46.7401176001607));
#2789=CARTESIAN_POINT('Ctrl Pts',(9.72062685152334,-108.984877639178,46.8368544926564));
#2790=CARTESIAN_POINT('Ctrl Pts',(9.48757889551255,-108.984877639178,46.967719271138));
#2791=CARTESIAN_POINT('Ctrl Pts',(9.25074675861748,-108.98487763913,47.0911273418252));
#2792=CARTESIAN_POINT('Ctrl Pts',(9.01053159868807,-108.984877639093,47.2070012881504));
#2793=CARTESIAN_POINT('Origin',(3.05866235521365,-131.284876163916,35.861265395317));
#2794=CARTESIAN_POINT('',(-9.34483635732276,-130.641896764193,24.7643296476569));
#2795=CARTESIAN_POINT('Ctrl Pts',(-13.5586542124213,-130.641896764193,34.9373858628057));
#2796=CARTESIAN_POINT('Ctrl Pts',(-11.451745284872,-132.463195264307,29.8508577552313));
#2797=CARTESIAN_POINT('Ctrl Pts',(-9.34483635732276,-130.641896764193,24.7643296476569));
#2798=CARTESIAN_POINT('',(-8.03827339244639,-130.641896764193,23.4577666827805));
#2799=CARTESIAN_POINT('Ctrl Pts',(-8.03827339244639,-130.641896764193,23.4577666827805));
#2800=CARTESIAN_POINT('Ctrl Pts',(-8.69155487488525,-130.693182857271,24.1110481652194));
#2801=CARTESIAN_POINT('Ctrl Pts',(-9.34483635732276,-130.641896764193,24.7643296476569));
#2802=CARTESIAN_POINT('',(2.13478282270236,-130.641896764193,19.243948827682));
#2803=CARTESIAN_POINT('Ctrl Pts',(-8.03827339244639,-130.641896764193,23.4577666827805));
#2804=CARTESIAN_POINT('Ctrl Pts',(-2.95174528487201,-132.463195264307,21.3508577552313));
#2805=CARTESIAN_POINT('Ctrl Pts',(2.13478282270236,-130.641896764193,19.243948827682));
#2806=CARTESIAN_POINT('',(3.98254188772493,-130.641896764193,19.243948827682));
#2807=CARTESIAN_POINT('Ctrl Pts',(3.98254188772493,-130.641896764193,19.243948827682));
#2808=CARTESIAN_POINT('Ctrl Pts',(3.05866235521268,-130.693182857271,19.243948827682));
#2809=CARTESIAN_POINT('Ctrl Pts',(2.13478282270236,-130.641896764193,19.243948827682));
#2810=CARTESIAN_POINT('',(14.1555981028737,-130.641896764193,23.4577666827806));
#2811=CARTESIAN_POINT('Ctrl Pts',(3.98254188772493,-130.641896764193,19.243948827682));
#2812=CARTESIAN_POINT('Ctrl Pts',(9.06906999529931,-132.463195264306,21.3508577552313));
#2813=CARTESIAN_POINT('Ctrl Pts',(14.1555981028737,-130.641896764193,23.4577666827806));
#2814=CARTESIAN_POINT('',(15.4621610677501,-130.641896764193,24.7643296476569));
#2815=CARTESIAN_POINT('Ctrl Pts',(15.4621610677501,-130.641896764193,24.7643296476569));
#2816=CARTESIAN_POINT('Ctrl Pts',(14.8088795853112,-130.693182857271,24.1110481652181));
#2817=CARTESIAN_POINT('Ctrl Pts',(14.1555981028737,-130.641896764193,23.4577666827806));
#2818=CARTESIAN_POINT('',(19.6759789228486,-130.641896764193,34.9373858628057));
#2819=CARTESIAN_POINT('Ctrl Pts',(15.4621610677501,-130.641896764193,24.7643296476569));
#2820=CARTESIAN_POINT('Ctrl Pts',(17.5690699952993,-132.463195264307,29.8508577552313));
#2821=CARTESIAN_POINT('Ctrl Pts',(19.6759789228486,-130.641896764193,34.9373858628057));
#2822=CARTESIAN_POINT('Ctrl Pts',(19.6759789228486,-130.641896764193,36.7851449278282));
#2823=CARTESIAN_POINT('Ctrl Pts',(19.6759789228486,-130.693182857271,35.861265395316));
#2824=CARTESIAN_POINT('Ctrl Pts',(19.6759789228486,-130.641896764193,34.9373858628057));
#2825=CARTESIAN_POINT('',(4.78571985338042,-131.284876163916,51.7677820598173));
#2826=CARTESIAN_POINT('Origin',(-9.5165219357516,-108.984877639092,25.1788152995635));
#2827=CARTESIAN_POINT('',(-9.34483635732283,-108.984877639092,24.7643296476569));
#2828=CARTESIAN_POINT('Origin',(-8.69155487488464,-108.984877639092,24.1110481652187));
#2829=CARTESIAN_POINT('',(-8.03827339244645,-108.984877639092,23.4577666827806));
#2830=CARTESIAN_POINT('Origin',(1.7202971707957,-108.984877639091,19.4156344061108));
#2831=CARTESIAN_POINT('',(2.13478282270229,-108.984877639091,19.243948827682));
#2832=CARTESIAN_POINT('Origin',(3.05866235521358,-108.984877639091,19.243948827682));
#2833=CARTESIAN_POINT('',(3.98254188772486,-108.984877639091,19.243948827682));
#2834=CARTESIAN_POINT('Origin',(13.741112450967,-108.984877639091,23.2860811043518));
#2835=CARTESIAN_POINT('',(14.1555981028736,-108.984877639091,23.4577666827806));
#2836=CARTESIAN_POINT('Origin',(14.8088795853118,-108.984877639091,24.1110481652187));
#2837=CARTESIAN_POINT('',(15.46216106775,-108.984877639091,24.7643296476569));
#2838=CARTESIAN_POINT('Origin',(19.5042933444198,-108.984877639091,34.5229002108991));
#2839=CARTESIAN_POINT('',(19.6759789228485,-108.984877639091,34.9373858628057));
#2840=CARTESIAN_POINT('Origin',(19.6759789228485,-108.984877639091,35.861265395317));
#2841=CARTESIAN_POINT('Origin',(3.05866235521408,-126.784478588391,35.8612653953169));
#2842=CARTESIAN_POINT('Origin',(3.0586623552132,-108.984877639093,35.861265395317));
#2843=CARTESIAN_POINT('Ctrl Pts',(15.8239207319253,-111.638583026036,35.8612685913566));
#2844=CARTESIAN_POINT('Ctrl Pts',(15.8251507303533,-111.623162383903,35.0361616445143));
#2845=CARTESIAN_POINT('Ctrl Pts',(15.4410125370217,-111.54787412651,31.0077884814129));
#2846=CARTESIAN_POINT('Ctrl Pts',(11.2743481402098,-111.412718417446,24.4832083932526));
#2847=CARTESIAN_POINT('Ctrl Pts',(1.26436362489611,-111.233116758004,21.9402947127919));
#2848=CARTESIAN_POINT('Ctrl Pts',(-6.99164516411375,-111.068480611761,26.5103221227009));
#2849=CARTESIAN_POINT('Ctrl Pts',(-10.2907903519331,-110.918813147962,34.1653866577799));
#2850=CARTESIAN_POINT('Ctrl Pts',(-9.13489483301116,-110.784110687478,41.5633920126943));
#2851=CARTESIAN_POINT('Ctrl Pts',(-4.19240188687773,-110.649409968943,47.2021970931374));
#2852=CARTESIAN_POINT('Ctrl Pts',(2.99483698610175,-110.514706869173,49.320999965593));
#2853=CARTESIAN_POINT('Ctrl Pts',(10.203335524629,-110.380006927158,47.2693715657439));
#2854=CARTESIAN_POINT('Ctrl Pts',(14.8504248093785,-110.254633397444,42.0671248327283));
#2855=CARTESIAN_POINT('Ctrl Pts',(15.8190637832703,-110.174163333903,37.7627308038265));
#2856=CARTESIAN_POINT('Ctrl Pts',(15.8220354216554,-110.138593040965,35.8612656109677));
#2857=CARTESIAN_POINT('Ctrl Pts',(15.8227899772163,-110.081182891964,35.8612666635946));
#2858=CARTESIAN_POINT('Ctrl Pts',(15.8199157132203,-110.119852586884,37.9280849035639));
#2859=CARTESIAN_POINT('Ctrl Pts',(14.7197220483636,-110.203422376378,42.3975350279348));
#2860=CARTESIAN_POINT('Ctrl Pts',(9.75372022357393,-110.331893384129,47.5386310005488));
#2861=CARTESIAN_POINT('Ctrl Pts',(2.47120395408256,-110.466595548556,49.3087379583784));
#2862=CARTESIAN_POINT('Ctrl Pts',(-4.62902505652233,-110.601296202024,46.9104746020807));
#2863=CARTESIAN_POINT('Ctrl Pts',(-9.34625745634287,-110.735999495567,41.0861597976758));
#2864=CARTESIAN_POINT('Ctrl Pts',(-10.217489373088,-110.870699290572,33.6433783681984));
#2865=CARTESIAN_POINT('Ctrl Pts',(-6.97378886279482,-111.005402982065,26.8857625630644));
#2866=CARTESIAN_POINT('Ctrl Pts',(-0.853756146448312,-111.135114169418,
23.062450078128));
#2867=CARTESIAN_POINT('Ctrl Pts',(6.02490785772391,-111.259838855267,22.8860130287854));
#2868=CARTESIAN_POINT('Ctrl Pts',(11.901013291975,-111.37957338416,25.9103117250369));
#2869=CARTESIAN_POINT('Ctrl Pts',(15.2015653258575,-111.486674697833,30.8066368715435));
#2870=CARTESIAN_POINT('Ctrl Pts',(15.8210444600501,-111.553864648598,34.4025029560878));
#2871=CARTESIAN_POINT('Ctrl Pts',(15.8230692740752,-111.581142934391,35.8612641892481));
#2872=CARTESIAN_POINT('Ctrl Pts',(9.01038767150633,-108.984877639093,47.2081882212494));
#2873=CARTESIAN_POINT('Ctrl Pts',(6.87626540769902,-109.029778284756,48.3275850568864));
#2874=CARTESIAN_POINT('Ctrl Pts',(1.96419872118836,-109.119579449985,49.3303099001984));
#2875=CARTESIAN_POINT('Ctrl Pts',(-5.07035952812364,-109.254282313671,46.6561370005837));
#2876=CARTESIAN_POINT('Ctrl Pts',(-9.58243043934781,-109.388982989383,40.6363117258439));
#2877=CARTESIAN_POINT('Ctrl Pts',(-10.1769505753765,-109.52368534666,33.1357422902873));
#2878=CARTESIAN_POINT('Ctrl Pts',(-6.66764740145475,-109.658386938404,26.4803879775146));
#2879=CARTESIAN_POINT('Ctrl Pts',(-0.143535869521133,-109.793088194548,
22.7329421269362));
#2880=CARTESIAN_POINT('Ctrl Pts',(7.37354360022009,-109.927790935882,23.0555818978855));
#2881=CARTESIAN_POINT('Ctrl Pts',(13.5527882855061,-110.062491111589,27.347808837313));
#2882=CARTESIAN_POINT('Ctrl Pts',(16.4789527990565,-110.197194744869,34.2795972528102));
#2883=CARTESIAN_POINT('Ctrl Pts',(15.2445464269349,-110.331894356473,41.7012463577247));
#2884=CARTESIAN_POINT('Ctrl Pts',(10.2327650077433,-110.466598107335,47.3131691842888));
#2885=CARTESIAN_POINT('Ctrl Pts',(2.99628172163498,-110.60129804935,49.373743586862));
#2886=CARTESIAN_POINT('Ctrl Pts',(-4.21938372983221,-110.736001149121,47.2475441837037));
#2887=CARTESIAN_POINT('Ctrl Pts',(-9.18195150940885,-110.870701867656,41.5872684628682));
#2888=CARTESIAN_POINT('Ctrl Pts',(-10.3433073887656,-111.00540432814,34.160423080113));
#2889=CARTESIAN_POINT('Ctrl Pts',(-7.03219996588714,-111.155071791939,26.4749503888523));
#2890=CARTESIAN_POINT('Ctrl Pts',(1.25558063426116,-111.319707938182,21.8859779254284));
#2891=CARTESIAN_POINT('Ctrl Pts',(11.3051047203673,-111.499309597624,24.4375943828609));
#2892=CARTESIAN_POINT('Ctrl Pts',(15.9381772048524,-111.648978449684,31.6905173270395));
#2893=CARTESIAN_POINT('Ctrl Pts',(15.95619036087,-111.768713700446,38.2433906793889));
#2894=CARTESIAN_POINT('Ctrl Pts',(14.2503174882063,-111.855188932955,42.6367661215264));
#2895=CARTESIAN_POINT('Ctrl Pts',(10.2903974793761,-111.964945674722,47.1257995237128));
#2896=CARTESIAN_POINT('Ctrl Pts',(3.90432825804815,-112.084680823392,49.409862202693));
#2897=CARTESIAN_POINT('Ctrl Pts',(-3.25895829162537,-112.217718972764,47.6329720182492));
#2898=CARTESIAN_POINT('Ctrl Pts',(-8.13992720010798,-112.337454614912,43.1538062738388));
#2899=CARTESIAN_POINT('Ctrl Pts',(-10.266466228755,-112.457188937909,36.867219644186));
#2900=CARTESIAN_POINT('Ctrl Pts',(-9.10939241028,-112.57692394656,30.3388675091909));
#2901=CARTESIAN_POINT('Ctrl Pts',(-4.95507662727435,-112.696659021612,25.1681340515831));
#2902=CARTESIAN_POINT('Ctrl Pts',(1.1716749891864,-112.816393227674,22.6319913363271));
#2903=CARTESIAN_POINT('Ctrl Pts',(7.76670824032526,-112.936128648448,23.3543426931777));
#2904=CARTESIAN_POINT('Ctrl Pts',(11.9872022744851,-113.029255574386,26.314229028073));
#2905=CARTESIAN_POINT('Ctrl Pts',(14.9274613786817,-113.122382640055,30.3804115041273));
#2906=CARTESIAN_POINT('Ctrl Pts',(16.1982230163365,-113.202206291817,34.6106739195895));
#2907=CARTESIAN_POINT('Ctrl Pts',(15.5291422832968,-113.298658952317,39.8224006923628));
#2908=CARTESIAN_POINT('Ctrl Pts',(13.3438289880414,-113.385134350908,44.0053811778032));
#2909=CARTESIAN_POINT('Ctrl Pts',(9.63002373647795,-113.474935297894,47.2188108680671));
#2910=CARTESIAN_POINT('Ctrl Pts',(5.0016181364881,-113.564736638314,48.8292419164834));
#2911=CARTESIAN_POINT('Ctrl Pts',(-1.53876813925165,-113.684470515834,48.5971349364272));
#2912=CARTESIAN_POINT('Ctrl Pts',(-8.64398977804775,-113.834140436228,43.7086829294552));
#2913=CARTESIAN_POINT('Ctrl Pts',(-10.5917532493323,-113.993786132046,34.7244410333777));
#2914=CARTESIAN_POINT('Ctrl Pts',(-7.46657252652553,-114.13347669713,27.6372173426959));
#2915=CARTESIAN_POINT('Ctrl Pts',(-2.22578513769504,-114.253212312326,23.5868709095555));
#2916=CARTESIAN_POINT('Ctrl Pts',(4.60538400260526,-114.377936053432,22.5144367645275));
#2917=CARTESIAN_POINT('Ctrl Pts',(11.3373792696239,-114.507648062451,25.1807439924307));
#2918=CARTESIAN_POINT('Ctrl Pts',(15.7667311861468,-114.642350603588,31.2656572863556));
#2919=CARTESIAN_POINT('Ctrl Pts',(16.254044532845,-114.777051791545,38.772794432026));
#2920=CARTESIAN_POINT('Ctrl Pts',(12.6519817567489,-114.911753551026,45.3786027411175));
#2921=CARTESIAN_POINT('Ctrl Pts',(6.0752392147664,-115.046455760651,49.0332729716577));
#2922=CARTESIAN_POINT('Ctrl Pts',(-1.4362746997632,-115.181156419924,48.6049828490551));
#2923=CARTESIAN_POINT('Ctrl Pts',(-7.55455130761573,-115.315859691877,44.2257058455747));
#2924=CARTESIAN_POINT('Ctrl Pts',(-10.3825449778005,-115.450559479681,37.2537422890402));
#2925=CARTESIAN_POINT('Ctrl Pts',(-9.04371887219786,-115.585263277962,29.849706754769));
#2926=CARTESIAN_POINT('Ctrl Pts',(-3.95308345395609,-115.719962978723,24.3098101046631));
#2927=CARTESIAN_POINT('Ctrl Pts',(3.31124664821202,-115.854666411559,22.350158661778));
#2928=CARTESIAN_POINT('Ctrl Pts',(10.4973453790767,-115.989366842516,24.5803916759894));
#2929=CARTESIAN_POINT('Ctrl Pts',(15.3771201867223,-116.12406936146,30.3051987098182));
#2930=CARTESIAN_POINT('Ctrl Pts',(16.4388320350996,-116.258770679998,37.7575137487116));
#2931=CARTESIAN_POINT('Ctrl Pts',(13.3509451430508,-116.393472563792,44.6117155077891));
#2932=CARTESIAN_POINT('Ctrl Pts',(6.37846591010036,-116.543140554114,49.2365950917148));
#2933=CARTESIAN_POINT('Ctrl Pts',(-3.07298250362067,-116.707776144674,48.5503539656077));
#2934=CARTESIAN_POINT('Ctrl Pts',(-10.0871948847164,-116.887378685385,40.9208545689796));
#2935=CARTESIAN_POINT('Ctrl Pts',(-10.0020221708384,-117.052014732648,31.4477425851075));
#2936=CARTESIAN_POINT('Ctrl Pts',(-4.80948397379135,-117.201682288803,24.8817852336449));
#2937=CARTESIAN_POINT('Ctrl Pts',(2.27545253687788,-117.336384942324,22.3685567067415));
#2938=CARTESIAN_POINT('Ctrl Pts',(9.60936770398493,-117.471085783894,24.0473482588786));
#2939=CARTESIAN_POINT('Ctrl Pts',(15.5161614412375,-117.620755580535,29.9657604018891));
#2940=CARTESIAN_POINT('Ctrl Pts',(16.7074600885335,-117.785390318421,39.3776749609188));
#2941=CARTESIAN_POINT('Ctrl Pts',(11.2862210831552,-117.945036662861,46.8078414296691));
#2942=CARTESIAN_POINT('Ctrl Pts',(3.92314047557459,-118.084727876036,49.1909661175848));
#2943=CARTESIAN_POINT('Ctrl Pts',(-2.59558495126718,-118.204461767832,47.9728591163197));
#2944=CARTESIAN_POINT('Ctrl Pts',(-7.14119449942713,-118.310893192038,44.2262273919928));
#2945=CARTESIAN_POINT('Ctrl Pts',(-10.0828128057897,-118.430627978825,38.4023572476214));
#2946=CARTESIAN_POINT('Ctrl Pts',(-9.83814945271204,-118.550363020478,31.621576213923));
#2947=CARTESIAN_POINT('Ctrl Pts',(-5.53188212947571,-118.683401218593,25.6302365166256));
#2948=CARTESIAN_POINT('Ctrl Pts',(0.440736319152354,-118.803136533662,22.7556944658266));
#2949=CARTESIAN_POINT('Ctrl Pts',(7.05990824013209,-118.922871447516,23.1165144414122));
#2950=CARTESIAN_POINT('Ctrl Pts',(13.6511274482229,-119.062561319786,27.1815268332368));
#2951=CARTESIAN_POINT('Ctrl Pts',(17.1480864482812,-119.22220828331,35.6791596951086));
#2952=CARTESIAN_POINT('Ctrl Pts',(13.4605781597533,-119.401810216053,45.3599090992613));
#2953=CARTESIAN_POINT('Ctrl Pts',(4.16919149762219,-119.581412517021,49.9030130616583));
#2954=CARTESIAN_POINT('Ctrl Pts',(-5.73334033991546,-119.761015155924,46.8713743781859));
#2955=CARTESIAN_POINT('Ctrl Pts',(-10.0141994197646,-119.91068317673,39.3911556443404));
#2956=CARTESIAN_POINT('Ctrl Pts',(-9.70126567319184,-120.030418809853,32.8556396664581));
#2957=CARTESIAN_POINT('Ctrl Pts',(-7.06677263950105,-120.150154101761,26.870539483184));
#2958=CARTESIAN_POINT('Ctrl Pts',(0.10882717580003,-120.299822344356,22.0805158907627));
#2959=CARTESIAN_POINT('Ctrl Pts',(9.17514350885331,-120.459468533511,23.6081963601084));
#2960=CARTESIAN_POINT('Ctrl Pts',(14.5984905863051,-120.599158939855,29.1344689817352));
#2961=CARTESIAN_POINT('Ctrl Pts',(16.4195841473673,-120.71889475002,35.5049639237561));
#2962=CARTESIAN_POINT('Ctrl Pts',(14.9391249687276,-120.838629128728,41.9757067343002));
#2963=CARTESIAN_POINT('Ctrl Pts',(10.5419693008675,-120.958363290082,46.9325694832554));
#2964=CARTESIAN_POINT('Ctrl Pts',(4.28983608645178,-121.078099181657,49.1699425099052));
#2965=CARTESIAN_POINT('Ctrl Pts',(-1.52016487426416,-121.18452962742,48.2325018366834));
#2966=CARTESIAN_POINT('Ctrl Pts',(-7.00209977898933,-121.304264642871,44.6895725372802));
#2967=CARTESIAN_POINT('Ctrl Pts',(-10.2137231494819,-121.423999379668,38.7149929234022));
#2968=CARTESIAN_POINT('Ctrl Pts',(-9.52225571466738,-121.557038438573,31.3670213326574));
#2969=CARTESIAN_POINT('Ctrl Pts',(-5.82013588250606,-121.676773057538,25.8731334034916));
#2970=CARTESIAN_POINT('Ctrl Pts',(0.0794312605934139,-121.79650762198,22.8352191732942));
#2971=CARTESIAN_POINT('Ctrl Pts',(6.98465692049243,-121.921232252513,23.0119822055567));
#2972=CARTESIAN_POINT('Ctrl Pts',(13.1293640134634,-122.050943528724,26.8492468086166));
#2973=CARTESIAN_POINT('Ctrl Pts',(16.3865137764012,-122.185647114941,33.6330586349629));
#2974=CARTESIAN_POINT('Ctrl Pts',(15.512860123355,-122.320347009649,41.1050494918206));
#2975=CARTESIAN_POINT('Ctrl Pts',(10.7778530092546,-122.45505022098,46.952805543236));
#2976=CARTESIAN_POINT('Ctrl Pts',(3.65011891006663,-122.589750930138,49.3613477316003));
#2977=CARTESIAN_POINT('Ctrl Pts',(-3.66115683239085,-122.724453070326,47.5852262638566));
#2978=CARTESIAN_POINT('Ctrl Pts',(-8.88909090670328,-122.85915495947,42.1743212569367));
#2979=CARTESIAN_POINT('Ctrl Pts',(-10.4132924203397,-122.993855885629,34.8065079740876));
#2980=CARTESIAN_POINT('Ctrl Pts',(-7.76094775867541,-123.128558961037,27.7655710822209));
#2981=CARTESIAN_POINT('Ctrl Pts',(-1.75460621562823,-123.26325883076,23.2343752714011));
#2982=CARTESIAN_POINT('Ctrl Pts',(5.74400186783571,-123.397962728658,22.617690104577));
#2983=CARTESIAN_POINT('Ctrl Pts',(12.4101126075977,-123.532662067395,26.1063271609096));
#2984=CARTESIAN_POINT('Ctrl Pts',(16.1770181061297,-123.667366255931,32.6196200724695));
#2985=CARTESIAN_POINT('Ctrl Pts',(15.8777810317363,-123.802065260399,40.1367658710636));
#2986=CARTESIAN_POINT('Ctrl Pts',(11.6030314351375,-123.936770584264,46.3305781029988));
#2987=CARTESIAN_POINT('Ctrl Pts',(6.98967024484241,-124.026566582391,48.2923074904399));
#2988=CARTESIAN_POINT('Ctrl Pts',(4.5971389349726,-124.071468819269,48.5816734733545));
#2989=CARTESIAN_POINT('Ctrl Pts',(9.00220087132809,-108.974906596932,47.1929738775001));
#2990=CARTESIAN_POINT('Ctrl Pts',(6.87094810895234,-109.019807242595,48.3108269416192));
#2991=CARTESIAN_POINT('Ctrl Pts',(1.96547756130855,-109.109608407824,49.3121338411958));
#2992=CARTESIAN_POINT('Ctrl Pts',(-5.05954992310302,-109.24431127151,46.6414640767093));
#2993=CARTESIAN_POINT('Ctrl Pts',(-9.56545403890098,-109.379011947222,40.6296928721882));
#2994=CARTESIAN_POINT('Ctrl Pts',(-10.1590638271691,-109.513714304499,33.1392283917113));
#2995=CARTESIAN_POINT('Ctrl Pts',(-6.65439852816359,-109.648415896243,26.4928987249554));
#2996=CARTESIAN_POINT('Ctrl Pts',(-0.139030432918944,-109.783117152387,
22.7505990209373));
#2997=CARTESIAN_POINT('Ctrl Pts',(7.36790797427171,-109.917819893721,23.0729110813821));
#2998=CARTESIAN_POINT('Ctrl Pts',(13.5387592110625,-110.052520069428,27.3594384049899));
#2999=CARTESIAN_POINT('Ctrl Pts',(16.4608790227458,-110.187223702708,34.2819215562225));
#3000=CARTESIAN_POINT('Ctrl Pts',(15.2280312575008,-110.321923314311,41.6935454586563));
#3001=CARTESIAN_POINT('Ctrl Pts',(10.2229277965729,-110.456627065174,47.2978294627506));
#3002=CARTESIAN_POINT('Ctrl Pts',(2.99617296869229,-110.591327007189,49.3555220620586));
#3003=CARTESIAN_POINT('Ctrl Pts',(-4.20973223559894,-110.72603010696,47.2320866788851));
#3004=CARTESIAN_POINT('Ctrl Pts',(-9.16552771075349,-110.860730825495,41.5793726970832));
#3005=CARTESIAN_POINT('Ctrl Pts',(-10.3252112621751,-110.995433285979,34.1625251788362));
#3006=CARTESIAN_POINT('Ctrl Pts',(-7.01846002185269,-111.145100749778,26.4874637466043));
#3007=CARTESIAN_POINT('Ctrl Pts',(1.2582119292516,-111.309736896021,21.9047972918318));
#3008=CARTESIAN_POINT('Ctrl Pts',(11.2941475046373,-111.489338555463,24.453114759335));
#3009=CARTESIAN_POINT('Ctrl Pts',(15.9208701899639,-111.639007407523,31.6963281319483));
#3010=CARTESIAN_POINT('Ctrl Pts',(15.9387648391054,-111.758742658285,38.2403622966744));
#3011=CARTESIAN_POINT('Ctrl Pts',(14.235129669466,-111.845217890793,42.6277901506308));
#3012=CARTESIAN_POINT('Ctrl Pts',(10.28048449484,-111.954974632561,47.1107130614698));
#3013=CARTESIAN_POINT('Ctrl Pts',(3.90299681372431,-112.074709781231,49.3916051297693));
#3014=CARTESIAN_POINT('Ctrl Pts',(-3.25060970929215,-112.207747930603,47.6170077359286));
#3015=CARTESIAN_POINT('Ctrl Pts',(-8.12492817199096,-112.327483572751,43.1438148362505));
#3016=CARTESIAN_POINT('Ctrl Pts',(-10.2485140731766,-112.447217895748,36.8656719941273));
#3017=CARTESIAN_POINT('Ctrl Pts',(-9.09290444877637,-112.566952904399,30.3461412343809));
#3018=CARTESIAN_POINT('Ctrl Pts',(-4.9441199805605,-112.686687979451,25.1824376071928));
#3019=CARTESIAN_POINT('Ctrl Pts',(1.17441197381715,-112.806422185513,22.6498050061267));
#3020=CARTESIAN_POINT('Ctrl Pts',(7.76053502121861,-112.926157606287,23.3712715483121));
#3021=CARTESIAN_POINT('Ctrl Pts',(11.9753021939719,-113.019284532225,26.3272344506938));
#3022=CARTESIAN_POINT('Ctrl Pts',(14.9115345610798,-113.112411597894,30.3879690099721));
#3023=CARTESIAN_POINT('Ctrl Pts',(16.1805229456985,-113.192235249656,34.6125476313888));
#3024=CARTESIAN_POINT('Ctrl Pts',(15.5122704043351,-113.288687910156,39.8172368360408));
#3025=CARTESIAN_POINT('Ctrl Pts',(13.3298437494148,-113.375163308747,43.9945463153821));
#3026=CARTESIAN_POINT('Ctrl Pts',(9.62100091013591,-113.464964255733,47.2035896304909));
#3027=CARTESIAN_POINT('Ctrl Pts',(4.9988126901819,-113.554765596153,48.8117835011959));
#3028=CARTESIAN_POINT('Ctrl Pts',(-1.53274715562792,-113.674499473672,48.5798958721252));
#3029=CARTESIAN_POINT('Ctrl Pts',(-8.62832474856502,-113.824169394067,43.6979340206125));
#3030=CARTESIAN_POINT('Ctrl Pts',(-10.5733282712,-113.983815089885,34.7257784871208));
#3031=CARTESIAN_POINT('Ctrl Pts',(-7.45226283390092,-114.123505654969,27.6481559597088));
#3032=CARTESIAN_POINT('Ctrl Pts',(-2.21848523873255,-114.243241270165,23.6033472659673));
#3033=CARTESIAN_POINT('Ctrl Pts',(4.60348815756791,-114.367965011271,22.5324560425667));
#3034=CARTESIAN_POINT('Ctrl Pts',(11.3263686855343,-114.49767702029,25.1952641217995));
#3035=CARTESIAN_POINT('Ctrl Pts',(15.7496606856879,-114.632379561427,31.2720354970778));
#3036=CARTESIAN_POINT('Ctrl Pts',(16.2362099821831,-114.767080749384,38.7690567625661));
#3037=CARTESIAN_POINT('Ctrl Pts',(12.638909966939,-114.901782508864,45.3659061762185));
#3038=CARTESIAN_POINT('Ctrl Pts',(6.07098359839418,-115.03648471849,49.015554480466));
#3039=CARTESIAN_POINT('Ctrl Pts',(-1.43039546744571,-115.171185377763,48.5877346736457));
#3040=CARTESIAN_POINT('Ctrl Pts',(-7.54035949245299,-115.305888649716,44.2142755062074));
#3041=CARTESIAN_POINT('Ctrl Pts',(-10.3644403072549,-115.440588437519,37.2516728034202));
#3042=CARTESIAN_POINT('Ctrl Pts',(-9.0273138570242,-115.575292235801,29.8576402033621));
#3043=CARTESIAN_POINT('Ctrl Pts',(-3.94346372548676,-115.709991936561,24.3252863843436));
#3044=CARTESIAN_POINT('Ctrl Pts',(3.3110988510641,-115.844695369399,22.3683810475068));
#3045=CARTESIAN_POINT('Ctrl Pts',(10.4874758850385,-115.979395800355,24.5957093501099));
#3046=CARTESIAN_POINT('Ctrl Pts',(15.3605887656683,-116.114098319299,30.3128664233643));
#3047=CARTESIAN_POINT('Ctrl Pts',(16.420762987837,-116.248799637837,37.7551478743397));
#3048=CARTESIAN_POINT('Ctrl Pts',(13.3369413112574,-116.383501521631,44.6000627577301));
#3049=CARTESIAN_POINT('Ctrl Pts',(6.37380011017172,-116.533169511952,49.2186072220709));
#3050=CARTESIAN_POINT('Ctrl Pts',(-3.06489690902177,-116.697805102513,48.5331546083086));
#3051=CARTESIAN_POINT('Ctrl Pts',(-10.069541363919,-116.877407643224,40.9138438287731));
#3052=CARTESIAN_POINT('Ctrl Pts',(-9.9843474796831,-117.042043690487,31.4535096582771));
#3053=CARTESIAN_POINT('Ctrl Pts',(-4.79871772331146,-117.191711246642,24.8964770634465));
#3054=CARTESIAN_POINT('Ctrl Pts',(2.27670107968772,-117.326413900163,22.3867399656194));
#3055=CARTESIAN_POINT('Ctrl Pts',(9.60070354780869,-117.461114741733,24.0633718400124));
#3056=CARTESIAN_POINT('Ctrl Pts',(15.4994463201049,-117.610784538374,29.9738873972139));
#3057=CARTESIAN_POINT('Ctrl Pts',(16.6890071063275,-117.775419276261,39.373127487135));
#3058=CARTESIAN_POINT('Ctrl Pts',(11.2749676874557,-117.9350656207,46.7931999096397));
#3059=CARTESIAN_POINT('Ctrl Pts',(3.92178444812147,-118.074756833875,49.1730035694518));
#3060=CARTESIAN_POINT('Ctrl Pts',(-2.58813226448563,-118.194490725671,47.9564482990726));
#3061=CARTESIAN_POINT('Ctrl Pts',(-7.12756055566654,-118.300922149877,44.2148005753573));
#3062=CARTESIAN_POINT('Ctrl Pts',(-10.065129097894,-118.420656936664,38.3987439135416));
#3063=CARTESIAN_POINT('Ctrl Pts',(-9.82069758382599,-118.540391978317,31.6271086948065));
#3064=CARTESIAN_POINT('Ctrl Pts',(-5.52015363142456,-118.673430176432,25.6439102243674));
#3065=CARTESIAN_POINT('Ctrl Pts',(0.444453365847021,-118.793165491501,22.7733292684889));
#3066=CARTESIAN_POINT('Ctrl Pts',(7.05469497716411,-118.912900405355,23.1337570330062));
#3067=CARTESIAN_POINT('Ctrl Pts',(13.6369669433355,-119.052590277625,27.1933809455566));
#3068=CARTESIAN_POINT('Ctrl Pts',(17.1290909179932,-119.212237241149,35.6796066888985));
#3069=CARTESIAN_POINT('Ctrl Pts',(13.4464161381075,-119.391839173892,45.3472493571891));
#3070=CARTESIAN_POINT('Ctrl Pts',(4.16749364465726,-119.57144147486,49.8840940587795));
#3071=CARTESIAN_POINT('Ctrl Pts',(-5.72164191024327,-119.751044113763,46.8564038142196));
#3072=CARTESIAN_POINT('Ctrl Pts',(-9.99662229665673,-119.900712134569,39.3862064974944));
#3073=CARTESIAN_POINT('Ctrl Pts',(-9.68401691305441,-120.020447767692,32.8595103968529));
#3074=CARTESIAN_POINT('Ctrl Pts',(-7.05299243210719,-120.1401830596,26.8825207739932));
#3075=CARTESIAN_POINT('Ctrl Pts',(0.113001942126177,-120.289851302195,22.0990547135544));
#3076=CARTESIAN_POINT('Ctrl Pts',(9.16707137634724,-120.44949749135,23.6248071647305));
#3077=CARTESIAN_POINT('Ctrl Pts',(14.5830270695161,-120.589187897694,29.1437055409998));
#3078=CARTESIAN_POINT('Ctrl Pts',(16.4015719732266,-120.708923707859,35.5056324136449));
#3079=CARTESIAN_POINT('Ctrl Pts',(14.923017547651,-120.828658086567,41.96763429735));
#3080=CARTESIAN_POINT('Ctrl Pts',(10.5317218383943,-120.948392247921,46.9177445285647));
#3081=CARTESIAN_POINT('Ctrl Pts',(4.28798582715865,-121.068128139496,49.1520156639632));
#3082=CARTESIAN_POINT('Ctrl Pts',(-1.51416853594366,-121.174558585259,48.2157538461177));
#3083=CARTESIAN_POINT('Ctrl Pts',(-6.98865934697364,-121.29429360071,44.6775243083252));
#3084=CARTESIAN_POINT('Ctrl Pts',(-10.1958668905979,-121.414028337507,38.7109573831144));
#3085=CARTESIAN_POINT('Ctrl Pts',(-9.50522662526108,-121.547067396412,31.3728997813598));
#3086=CARTESIAN_POINT('Ctrl Pts',(-5.80802236290555,-121.666802015377,25.8864775497979));
#3087=CARTESIAN_POINT('Ctrl Pts',(0.0836352315262688,-121.786536579819,
22.8527402490089));
#3088=CARTESIAN_POINT('Ctrl Pts',(6.97954551922862,-121.911261210352,23.0293650588933));
#3089=CARTESIAN_POINT('Ctrl Pts',(13.1159133286592,-122.040972486563,26.8615423738579));
#3090=CARTESIAN_POINT('Ctrl Pts',(16.3685737181188,-122.17567607278,33.6362535491009));
#3091=CARTESIAN_POINT('Ctrl Pts',(15.4959917425523,-122.310375967488,41.0981562923646));
#3092=CARTESIAN_POINT('Ctrl Pts',(10.7672858757538,-122.445079178819,46.9379595606952));
#3093=CARTESIAN_POINT('Ctrl Pts',(3.64912872752361,-122.579779887977,49.3431522268943));
#3094=CARTESIAN_POINT('Ctrl Pts',(-3.65226295692664,-122.714482028164,47.5693214167465));
#3095=CARTESIAN_POINT('Ctrl Pts',(-8.87307026164845,-122.849183917309,42.165638015262));
#3096=CARTESIAN_POINT('Ctrl Pts',(-10.3951113995226,-122.983884843468,34.8077379845312));
#3097=CARTESIAN_POINT('Ctrl Pts',(-7.74624265432173,-123.118587918876,27.7763331381138));
#3098=CARTESIAN_POINT('Ctrl Pts',(-1.74793578325413,-123.253287788598,23.2513331018482));
#3099=CARTESIAN_POINT('Ctrl Pts',(5.74057015273775,-123.387991686497,22.6355864118008));
#3100=CARTESIAN_POINT('Ctrl Pts',(12.3976414863444,-123.522691025234,26.1196146156576));
#3101=CARTESIAN_POINT('Ctrl Pts',(16.1593762963136,-123.657395213769,32.6241781590445));
#3102=CARTESIAN_POINT('Ctrl Pts',(15.8604320124722,-123.792094218238,40.1311841536423));
#3103=CARTESIAN_POINT('Ctrl Pts',(11.5913654116468,-123.926799542103,46.3165817401654));
#3104=CARTESIAN_POINT('Ctrl Pts',(6.98418364906288,-124.01659554023,48.2756034678696));
#3105=CARTESIAN_POINT('Ctrl Pts',(4.59488300702521,-124.061497777108,48.5645442368865));
#3106=CARTESIAN_POINT('Ctrl Pts',(8.99025468025934,-108.948161903074,47.171260456389));
#3107=CARTESIAN_POINT('Ctrl Pts',(6.86307575573395,-108.993062548737,48.2868717010165));
#3108=CARTESIAN_POINT('Ctrl Pts',(1.96708126266803,-109.082863713966,49.2860452298332));
#3109=CARTESIAN_POINT('Ctrl Pts',(-5.04424963275066,-109.217566577653,46.6202785727542));
#3110=CARTESIAN_POINT('Ctrl Pts',(-9.54119305043508,-109.352267253365,40.619972460602));
#3111=CARTESIAN_POINT('Ctrl Pts',(-10.1333665235676,-109.486969610642,33.1439892731987));
#3112=CARTESIAN_POINT('Ctrl Pts',(-6.63522975840413,-109.621671202386,26.5106634940553));
#3113=CARTESIAN_POINT('Ctrl Pts',(-0.132333236152658,-109.75637245853,22.7758613821294));
#3114=CARTESIAN_POINT('Ctrl Pts',(7.36005758952818,-109.891075199863,23.0978388879571));
#3115=CARTESIAN_POINT('Ctrl Pts',(13.5187949629764,-110.025775375571,27.3763044800141));
#3116=CARTESIAN_POINT('Ctrl Pts',(16.4349897817083,-110.16047900885,34.2854966137092));
#3117=CARTESIAN_POINT('Ctrl Pts',(15.2042431826947,-110.295178620454,41.6827221221233));
#3118=CARTESIAN_POINT('Ctrl Pts',(10.2086146912633,-110.429882371317,47.2759616869623));
#3119=CARTESIAN_POINT('Ctrl Pts',(2.9957734030166,-110.564582313331,49.3293912382704));
#3120=CARTESIAN_POINT('Ctrl Pts',(-4.19609746467518,-110.699285413102,47.2097894275945));
#3121=CARTESIAN_POINT('Ctrl Pts',(-9.14207895626732,-110.833986131637,41.5678292965197));
#3122=CARTESIAN_POINT('Ctrl Pts',(-10.2992313333303,-110.968688592121,34.1652981775065));
#3123=CARTESIAN_POINT('Ctrl Pts',(-6.99858539858615,-111.11835605592,26.5052243931278));
#3124=CARTESIAN_POINT('Ctrl Pts',(1.26223585169471,-111.282992202163,21.9317507098513));
#3125=CARTESIAN_POINT('Ctrl Pts',(11.2786421839234,-111.462593861605,24.4755233109332));
#3126=CARTESIAN_POINT('Ctrl Pts',(15.8961255297235,-111.612262713665,31.7048849611218));
#3127=CARTESIAN_POINT('Ctrl Pts',(15.9137339416838,-111.731997964428,38.2362530422286));
#3128=CARTESIAN_POINT('Ctrl Pts',(14.2132280028272,-111.818473196936,42.6151188163494));
#3129=CARTESIAN_POINT('Ctrl Pts',(10.2660680808761,-111.928229938703,47.0892100849476));
#3130=CARTESIAN_POINT('Ctrl Pts',(3.90083718124182,-112.047965087373,49.3654391793144));
#3131=CARTESIAN_POINT('Ctrl Pts',(-3.23884397014162,-112.181003236746,47.5940031300264));
#3132=CARTESIAN_POINT('Ctrl Pts',(-8.10355799908068,-112.300738878893,43.1292801324069));
#3133=CARTESIAN_POINT('Ctrl Pts',(-10.222784777231,-112.42047320189,36.8632151001254));
#3134=CARTESIAN_POINT('Ctrl Pts',(-9.06916478641877,-112.540208210541,30.3563501484349));
#3135=CARTESIAN_POINT('Ctrl Pts',(-4.92821011155726,-112.659943285594,25.2028071467031));
#3136=CARTESIAN_POINT('Ctrl Pts',(1.17856541942429,-112.779677491655,22.6753108523692));
#3137=CARTESIAN_POINT('Ctrl Pts',(7.75191686512252,-112.899412912429,23.3956406483615));
#3138=CARTESIAN_POINT('Ctrl Pts',(11.9584010794208,-112.992539838368,26.3460332180614));
#3139=CARTESIAN_POINT('Ctrl Pts',(14.8887964392754,-113.085666904036,30.3990270505576));
#3140=CARTESIAN_POINT('Ctrl Pts',(16.1551639346057,-113.165490555798,34.6154718835968));
#3141=CARTESIAN_POINT('Ctrl Pts',(15.4880040614556,-113.261943216298,39.8100581287133));
#3142=CARTESIAN_POINT('Ctrl Pts',(13.3096425056695,-113.348418614889,43.9791942491119));
#3143=CARTESIAN_POINT('Ctrl Pts',(9.60785657406522,-113.438219561875,47.1818812930716));
#3144=CARTESIAN_POINT('Ctrl Pts',(4.99455697638575,-113.528020902295,48.7867824223904));
#3145=CARTESIAN_POINT('Ctrl Pts',(-1.52435194133635,-113.647754779815,48.5550921688349));
#3146=CARTESIAN_POINT('Ctrl Pts',(-8.6059940300873,-113.797424700209,43.6823095561939));
#3147=CARTESIAN_POINT('Ctrl Pts',(-10.5468920132964,-113.957070396027,34.7274520086466));
#3148=CARTESIAN_POINT('Ctrl Pts',(-7.43159380112719,-114.096760961111,27.6636540985751));
#3149=CARTESIAN_POINT('Ctrl Pts',(-2.20779317321517,-114.216496576308,23.6268774569061));
#3150=CARTESIAN_POINT('Ctrl Pts',(4.60101202848623,-114.341220317413,22.5583237833523));
#3151=CARTESIAN_POINT('Ctrl Pts',(11.3107713979216,-114.470932326432,25.2162351993484));
#3152=CARTESIAN_POINT('Ctrl Pts',(15.7252648160068,-114.605634867569,31.2814110638751));
#3153=CARTESIAN_POINT('Ctrl Pts',(16.2105825540485,-114.740336055527,38.763934884368));
#3154=CARTESIAN_POINT('Ctrl Pts',(12.6199934726138,-114.875037815007,45.3478723119286));
#3155=CARTESIAN_POINT('Ctrl Pts',(6.06464346382981,-115.009740024633,48.9902005564454));
#3156=CARTESIAN_POINT('Ctrl Pts',(-1.42219444342097,-115.144440683906,48.5629197296522));
#3157=CARTESIAN_POINT('Ctrl Pts',(-7.5201592739218,-115.279143955858,44.1976930040741));
#3158=CARTESIAN_POINT('Ctrl Pts',(-10.3385033230425,-115.413843743662,37.2484627641807));
#3159=CARTESIAN_POINT('Ctrl Pts',(-9.00368063552905,-115.548547541944,29.8687985295091));
#3160=CARTESIAN_POINT('Ctrl Pts',(-3.92946075838521,-115.683247242704,24.3473529051348));
#3161=CARTESIAN_POINT('Ctrl Pts',(3.311130644148,-115.817950675541,22.3945165473759));
#3162=CARTESIAN_POINT('Ctrl Pts',(10.4735262998249,-115.952651106497,24.6178089589587));
#3163=CARTESIAN_POINT('Ctrl Pts',(15.3369832335543,-116.087353625441,30.3240842428975));
#3164=CARTESIAN_POINT('Ctrl Pts',(16.3948170986681,-116.222054943979,37.7519961556869));
#3165=CARTESIAN_POINT('Ctrl Pts',(13.3167033949118,-116.356756827773,44.5835390138389));
#3166=CARTESIAN_POINT('Ctrl Pts',(6.36686381252794,-116.506424818095,49.1928712428584));
#3167=CARTESIAN_POINT('Ctrl Pts',(-3.0535272021322,-116.671060408656,48.5083841463162));
#3168=CARTESIAN_POINT('Ctrl Pts',(-10.0443159692905,-116.850662949366,40.9035550251011));
#3169=CARTESIAN_POINT('Ctrl Pts',(-9.9589231043087,-117.015298996629,31.4615383665786));
#3170=CARTESIAN_POINT('Ctrl Pts',(-4.78308065705708,-117.164966552785,24.9174058135739));
#3171=CARTESIAN_POINT('Ctrl Pts',(2.27873514623014,-117.299669206305,22.4127994320288));
#3172=CARTESIAN_POINT('Ctrl Pts',(9.5884910798552,-117.434370047875,24.0864682230702));
#3173=CARTESIAN_POINT('Ctrl Pts',(15.4755863218754,-117.584039844516,29.9857674398288));
#3174=CARTESIAN_POINT('Ctrl Pts',(16.6624776402136,-117.748674582403,39.3668542335344));
#3175=CARTESIAN_POINT('Ctrl Pts',(11.2586406299254,-117.908320926842,46.7723476052433));
#3176=CARTESIAN_POINT('Ctrl Pts',(3.91959979611268,-118.048012140017,49.1472627502093));
#3177=CARTESIAN_POINT('Ctrl Pts',(-2.57766668481128,-118.167746031813,47.9328091165096));
#3178=CARTESIAN_POINT('Ctrl Pts',(-7.10815904253827,-118.274177456019,44.1982350729368));
#3179=CARTESIAN_POINT('Ctrl Pts',(-10.0398154086608,-118.393912242806,38.3933235151987));
#3180=CARTESIAN_POINT('Ctrl Pts',(-9.79559756100341,-118.513647284459,31.6348107435233));
#3181=CARTESIAN_POINT('Ctrl Pts',(-5.50314704405122,-118.646685482574,25.6633621386268));
#3182=CARTESIAN_POINT('Ctrl Pts',(0.450020176866701,-118.766420797643,22.7985698154356));
#3183=CARTESIAN_POINT('Ctrl Pts',(7.04744831099746,-118.886155711497,23.1585548832707));
#3184=CARTESIAN_POINT('Ctrl Pts',(13.6168204456838,-119.025845583768,27.2105736876657));
#3185=CARTESIAN_POINT('Ctrl Pts',(17.1018532977969,-119.185492547291,35.6805007996885));
#3186=CARTESIAN_POINT('Ctrl Pts',(13.4259370236303,-119.365094480035,45.3292826752191));
#3187=CARTESIAN_POINT('Ctrl Pts',(4.16480565335119,-119.544696781002,49.8569856372412));
#3188=CARTESIAN_POINT('Ctrl Pts',(-5.70506532078989,-119.724299419905,46.8347740201376));
#3189=CARTESIAN_POINT('Ctrl Pts',(-9.97147940803444,-119.873967440711,39.3788810881585));
#3190=CARTESIAN_POINT('Ctrl Pts',(-9.65922793651868,-119.993703073835,32.8648310355703));
#3191=CARTESIAN_POINT('Ctrl Pts',(-7.03306529916031,-120.113438365742,26.8995128412869));
#3192=CARTESIAN_POINT('Ctrl Pts',(0.119235883719112,-120.263106608338,22.1255901380587));
#3193=CARTESIAN_POINT('Ctrl Pts',(9.15571515883004,-120.422752797492,23.6487344265605));
#3194=CARTESIAN_POINT('Ctrl Pts',(14.5609706197134,-120.562443203837,29.1571555269406));
#3195=CARTESIAN_POINT('Ctrl Pts',(16.3757515627023,-120.682179014001,35.5068390637541));
#3196=CARTESIAN_POINT('Ctrl Pts',(14.8998097023257,-120.801913392709,41.9562648470751));
#3197=CARTESIAN_POINT('Ctrl Pts',(10.51682391936,-120.921647554064,46.8966281818992));
#3198=CARTESIAN_POINT('Ctrl Pts',(4.28509300819555,-121.041383445638,49.1263269608613));
#3199=CARTESIAN_POINT('Ctrl Pts',(-1.50578929245027,-121.147813891401,48.1916570252704));
#3200=CARTESIAN_POINT('Ctrl Pts',(-6.96954545996659,-121.267548906853,44.660066471726));
#3201=CARTESIAN_POINT('Ctrl Pts',(-10.1703127153916,-121.387283643649,38.7049258775667));
#3202=CARTESIAN_POINT('Ctrl Pts',(-9.48072706482345,-121.520322702555,31.3811084525607));
#3203=CARTESIAN_POINT('Ctrl Pts',(-5.79046749222336,-121.640057321519,25.905446082621));
#3204=CARTESIAN_POINT('Ctrl Pts',(0.0898965371477188,-121.759791885961,
22.8778147867559));
#3205=CARTESIAN_POINT('Ctrl Pts',(6.97244976569494,-121.884516516494,23.0543616634451));
#3206=CARTESIAN_POINT('Ctrl Pts',(13.0967866338877,-122.014227792705,26.8793564875909));
#3207=CARTESIAN_POINT('Ctrl Pts',(16.3428883091861,-122.148931378922,33.6410750806481));
#3208=CARTESIAN_POINT('Ctrl Pts',(15.4717076926952,-122.283631273631,41.0884961971258));
#3209=CARTESIAN_POINT('Ctrl Pts',(10.7519326992076,-122.418334484961,46.916809544791));
#3210=CARTESIAN_POINT('Ctrl Pts',(3.64746528663745,-122.55303519412,49.3170705772633));
#3211=CARTESIAN_POINT('Ctrl Pts',(-3.63972051573548,-122.687737334307,47.5463926576326));
#3212=CARTESIAN_POINT('Ctrl Pts',(-8.85021055703784,-122.822439223452,42.1529708039041));
#3213=CARTESIAN_POINT('Ctrl Pts',(-10.3690206985023,-122.95714014961,34.809258846959));
#3214=CARTESIAN_POINT('Ctrl Pts',(-7.72500971850111,-123.091843225019,27.7915708560625));
#3215=CARTESIAN_POINT('Ctrl Pts',(-1.73814231239112,-123.226543094741,23.275563745398));
#3216=CARTESIAN_POINT('Ctrl Pts',(5.73588716895045,-123.36124699264,22.6612983210903));
#3217=CARTESIAN_POINT('Ctrl Pts',(12.3799353005768,-123.495946331376,26.1388371117936));
#3218=CARTESIAN_POINT('Ctrl Pts',(16.1341333748583,-123.630650519912,32.6309517492474));
#3219=CARTESIAN_POINT('Ctrl Pts',(15.8354825985761,-123.76534952438,40.1234096650087));
#3220=CARTESIAN_POINT('Ctrl Pts',(11.5744344179893,-123.900054848245,46.2966681510999));
#3221=CARTESIAN_POINT('Ctrl Pts',(6.97611449885005,-123.989850846373,48.2517146641573));
#3222=CARTESIAN_POINT('Ctrl Pts',(4.59141822845118,-124.03475308325,48.5400048920128));
#3223=CARTESIAN_POINT('Ctrl Pts',(8.98598780642441,-108.913244862792,47.1645186740194));
#3224=CARTESIAN_POINT('Ctrl Pts',(6.8600807652046,-108.958145508455,48.2793253826374));
#3225=CARTESIAN_POINT('Ctrl Pts',(1.96707810693078,-109.047946673684,49.2776306684577));
#3226=CARTESIAN_POINT('Ctrl Pts',(-5.03974804259394,-109.182649537371,46.6131673808954));
#3227=CARTESIAN_POINT('Ctrl Pts',(-9.53358848736866,-109.317350213083,40.6163704628958));
#3228=CARTESIAN_POINT('Ctrl Pts',(-10.1250133821883,-109.45205257036,33.1450125114898));
#3229=CARTESIAN_POINT('Ctrl Pts',(-6.62871912189171,-109.586754162104,26.5159950158352));
#3230=CARTESIAN_POINT('Ctrl Pts',(-0.129682632270286,-109.721455418248,
22.7838483030174));
#3231=CARTESIAN_POINT('Ctrl Pts',(7.35802601199634,-109.856158159581,23.1060051837146));
#3232=CARTESIAN_POINT('Ctrl Pts',(13.5127112705746,-109.990858335288,27.3821186495843));
#3233=CARTESIAN_POINT('Ctrl Pts',(16.4267397757549,-110.125561968568,34.2871560490299));
#3234=CARTESIAN_POINT('Ctrl Pts',(15.1963845882243,-110.260261580172,41.6797126593013));
#3235=CARTESIAN_POINT('Ctrl Pts',(10.2035834814041,-110.394965331035,47.2692158567249));
#3236=CARTESIAN_POINT('Ctrl Pts',(2.9951297510643,-110.529665273049,49.3210010018606));
#3237=CARTESIAN_POINT('Ctrl Pts',(-4.19215500176114,-110.66436837282,47.2023545095162));
#3238=CARTESIAN_POINT('Ctrl Pts',(-9.13477050696412,-110.799069091355,41.56365710236));
#3239=CARTESIAN_POINT('Ctrl Pts',(-10.2908268359721,-110.933771551839,34.1656770466051));
#3240=CARTESIAN_POINT('Ctrl Pts',(-6.99184849381847,-111.083439015638,26.5105411209766));
#3241=CARTESIAN_POINT('Ctrl Pts',(1.26406099626622,-111.248075161881,21.9403341971599));
#3242=CARTESIAN_POINT('Ctrl Pts',(11.2741003070241,-111.427676821323,24.4830296719173));
#3243=CARTESIAN_POINT('Ctrl Pts',(15.8883422471366,-111.577345673383,31.7081255888998));
#3244=CARTESIAN_POINT('Ctrl Pts',(15.905608200802,-111.697080924145,38.2354256246519));
#3245=CARTESIAN_POINT('Ctrl Pts',(14.205939306865,-111.783556156654,42.6114787711624));
#3246=CARTESIAN_POINT('Ctrl Pts',(10.2610101990724,-111.893312898421,47.0825833624742));
#3247=CARTESIAN_POINT('Ctrl Pts',(3.89962919922908,-112.013048047091,49.3570724582608));
#3248=CARTESIAN_POINT('Ctrl Pts',(-3.23551825515236,-112.146086196463,47.5863771241246));
#3249=CARTESIAN_POINT('Ctrl Pts',(-8.09697410308727,-112.265821838611,43.1241890958169));
#3250=CARTESIAN_POINT('Ctrl Pts',(-10.2145655172992,-112.385556161608,36.8619173249968));
#3251=CARTESIAN_POINT('Ctrl Pts',(-9.06133261950913,-112.505291170259,30.3591637774917));
#3252=CARTESIAN_POINT('Ctrl Pts',(-4.92269701611502,-112.625026245312,25.209039121383));
#3253=CARTESIAN_POINT('Ctrl Pts',(1.18040654987396,-112.744760451373,22.6834277440857));
#3254=CARTESIAN_POINT('Ctrl Pts',(7.74962458564924,-112.864495872148,23.403639872308));
#3255=CARTESIAN_POINT('Ctrl Pts',(11.9533429121875,-112.957622798086,26.3524120405064));
#3256=CARTESIAN_POINT('Ctrl Pts',(14.881705939589,-113.050749863754,30.4030271421691));
#3257=CARTESIAN_POINT('Ctrl Pts',(16.1470713994896,-113.130573515517,34.6169115724858));
#3258=CARTESIAN_POINT('Ctrl Pts',(15.4800638103383,-113.227026176016,39.8082289693115));
#3259=CARTESIAN_POINT('Ctrl Pts',(13.3028472333378,-113.313501574607,43.9746587091836));
#3260=CARTESIAN_POINT('Ctrl Pts',(9.60320438381892,-113.403302521593,47.1751635172385));
#3261=CARTESIAN_POINT('Ctrl Pts',(4.99269592663405,-113.493103862013,48.7788315545843));
#3262=CARTESIAN_POINT('Ctrl Pts',(-1.52213981202144,-113.612837739533,48.546954918176));
#3263=CARTESIAN_POINT('Ctrl Pts',(-8.59912813498089,-113.762507659927,43.6768476886058));
#3264=CARTESIAN_POINT('Ctrl Pts',(-10.5383608670759,-113.922153355745,34.7274679608748));
#3265=CARTESIAN_POINT('Ctrl Pts',(-7.42464568575838,-114.061843920829,27.6682268362851));
#3266=CARTESIAN_POINT('Ctrl Pts',(-2.20389379998437,-114.181579536026,23.6342295246297));
#3267=CARTESIAN_POINT('Ctrl Pts',(4.60072565120469,-114.306303277131,22.566686133395));
#3268=CARTESIAN_POINT('Ctrl Pts',(11.3061723427381,-114.43601528615,25.2232825933298));
#3269=CARTESIAN_POINT('Ctrl Pts',(15.71760902104,-114.570717827287,31.2849052544398));
#3270=CARTESIAN_POINT('Ctrl Pts',(16.2022452854373,-114.705419015245,38.7627940702417));
#3271=CARTESIAN_POINT('Ctrl Pts',(12.6135583459623,-114.840120774725,45.3424494198218));
#3272=CARTESIAN_POINT('Ctrl Pts',(6.06210593905207,-114.974822984351,48.9821771253377));
#3273=CARTESIAN_POINT('Ctrl Pts',(-1.42004801203012,-115.109523643624,48.5547828139641));
#3274=CARTESIAN_POINT('Ctrl Pts',(-7.51399412376155,-115.244226915576,44.1919653087282));
#3275=CARTESIAN_POINT('Ctrl Pts',(-10.3302307855355,-115.37892670338,37.2469197046615));
#3276=CARTESIAN_POINT('Ctrl Pts',(-8.99586520876009,-115.513630501662,29.8719187046804));
#3277=CARTESIAN_POINT('Ctrl Pts',(-3.92452528340318,-115.648330202422,24.3541687261492));
#3278=CARTESIAN_POINT('Ctrl Pts',(3.31165614236467,-115.783033635259,22.402915535841));
#3279=CARTESIAN_POINT('Ctrl Pts',(10.4694788631748,-115.917734066215,24.6251865680147));
#3280=CARTESIAN_POINT('Ctrl Pts',(15.3296177726515,-116.052436585159,30.3281548838953));
#3281=CARTESIAN_POINT('Ctrl Pts',(16.3864164966186,-116.187137903697,37.7514949083568));
#3282=CARTESIAN_POINT('Ctrl Pts',(13.3098729148682,-116.321839787491,44.5786272978843));
#3283=CARTESIAN_POINT('Ctrl Pts',(6.36412859756186,-116.471507777813,49.1847371371944));
#3284=CARTESIAN_POINT('Ctrl Pts',(-3.05036282072315,-116.636143368373,48.5001977684158));
#3285=CARTESIAN_POINT('Ctrl Pts',(-10.036412213852,-116.815745909084,40.8997504310477));
#3286=CARTESIAN_POINT('Ctrl Pts',(-9.95059341234452,-116.980381956347,31.4636193092377));
#3287=CARTESIAN_POINT('Ctrl Pts',(-4.7776425669728,-117.130049512503,24.9238228976188));
#3288=CARTESIAN_POINT('Ctrl Pts',(2.2799025820577,-117.264752166023,22.4211349233725));
#3289=CARTESIAN_POINT('Ctrl Pts',(9.58502189413706,-117.399453007593,24.0941317494852));
#3290=CARTESIAN_POINT('Ctrl Pts',(15.4681511785827,-117.549122804234,29.9900555950089));
#3291=CARTESIAN_POINT('Ctrl Pts',(16.653829174997,-117.713757542121,39.3653605474437));
#3292=CARTESIAN_POINT('Ctrl Pts',(11.2529796649866,-117.87340388656,46.7659695150702));
#3293=CARTESIAN_POINT('Ctrl Pts',(3.91839003634627,-118.013095099735,49.1390324176488));
#3294=CARTESIAN_POINT('Ctrl Pts',(-2.57476816504834,-118.132828991531,47.9250067525077));
#3295=CARTESIAN_POINT('Ctrl Pts',(-7.10225073476547,-118.239260415737,44.1925271104737));
#3296=CARTESIAN_POINT('Ctrl Pts',(-10.0317871077381,-118.358995202524,38.3910830026485));
#3297=CARTESIAN_POINT('Ctrl Pts',(-9.78737807224455,-118.478730244177,31.6367908190314));
#3298=CARTESIAN_POINT('Ctrl Pts',(-5.49729892821241,-118.611768442292,25.6692788916514));
#3299=CARTESIAN_POINT('Ctrl Pts',(0.452306875219654,-118.731503757361,22.8065722433165));
#3300=CARTESIAN_POINT('Ctrl Pts',(7.04560848338546,-118.851238671215,23.1666675414569));
#3301=CARTESIAN_POINT('Ctrl Pts',(13.6106835149451,-118.990928543486,27.2164955131199));
#3302=CARTESIAN_POINT('Ctrl Pts',(17.0931175382779,-119.150575507009,35.6813254975181));
#3303=CARTESIAN_POINT('Ctrl Pts',(13.4190008724209,-119.330177439752,45.3239122573974));
#3304=CARTESIAN_POINT('Ctrl Pts',(4.1634072742672,-119.50977974072,49.8483258551593));
#3305=CARTESIAN_POINT('Ctrl Pts',(-5.70016410118977,-119.689382379624,46.8274967764601));
#3306=CARTESIAN_POINT('Ctrl Pts',(-9.96354363088143,-119.839050400429,39.3760286002554));
#3307=CARTESIAN_POINT('Ctrl Pts',(-9.65115617670763,-119.958786033553,32.8660522262478));
#3308=CARTESIAN_POINT('Ctrl Pts',(-7.02632724618515,-120.07852132546,26.9045831977452));
#3309=CARTESIAN_POINT('Ctrl Pts',(0.121762936884817,-120.228189568055,22.1339940575163));
#3310=CARTESIAN_POINT('Ctrl Pts',(9.15253779403674,-120.387835757211,23.6566492172433));
#3311=CARTESIAN_POINT('Ctrl Pts',(14.5541482002546,-120.527526163555,29.1619141442213));
#3312=CARTESIAN_POINT('Ctrl Pts',(16.3674760339709,-120.647261973719,35.5077336355965));
#3313=CARTESIAN_POINT('Ctrl Pts',(14.8921267573999,-120.766996352427,41.9530710354493));
#3314=CARTESIAN_POINT('Ctrl Pts',(10.5116206036882,-120.886730513782,46.8901327893116));
#3315=CARTESIAN_POINT('Ctrl Pts',(4.28365668766187,-121.006466405356,49.118129235686));
#3316=CARTESIAN_POINT('Ctrl Pts',(-1.50357264061949,-121.112896851119,48.1837466463457));
#3317=CARTESIAN_POINT('Ctrl Pts',(-6.96374655073872,-121.232631866571,44.654078616248));
#3318=CARTESIAN_POINT('Ctrl Pts',(-10.1622186976424,-121.352366603367,38.7024853032919));
#3319=CARTESIAN_POINT('Ctrl Pts',(-9.47269102939917,-121.485405662273,31.3832616056066));
#3320=CARTESIAN_POINT('Ctrl Pts',(-5.78445280876003,-121.605140281237,25.9111985381148));
#3321=CARTESIAN_POINT('Ctrl Pts',(0.0924038927271334,-121.724874845679,
22.8857489463792));
#3322=CARTESIAN_POINT('Ctrl Pts',(6.97066138727099,-121.849599476212,23.0625355993268));
#3323=CARTESIAN_POINT('Ctrl Pts',(13.0909910875036,-121.979310752423,26.8854586103175));
#3324=CARTESIAN_POINT('Ctrl Pts',(16.3347282526121,-122.114014338641,33.6431312082181));
#3325=CARTESIAN_POINT('Ctrl Pts',(15.4637127049953,-122.248714233349,41.0858703084831));
#3326=CARTESIAN_POINT('Ctrl Pts',(10.7465813301012,-122.383417444679,46.9103149327802));
#3327=CARTESIAN_POINT('Ctrl Pts',(3.64641645220423,-122.518118153837,49.308721039436));
#3328=CARTESIAN_POINT('Ctrl Pts',(-3.63614162602571,-122.652820294025,47.5387763486588));
#3329=CARTESIAN_POINT('Ctrl Pts',(-8.84311346748304,-122.78752218317,42.1484489915013));
#3330=CARTESIAN_POINT('Ctrl Pts',(-10.3606055125703,-122.922223109329,34.8092332186026));
#3331=CARTESIAN_POINT('Ctrl Pts',(-7.7178852162708,-123.056926184736,27.7960494092284));
#3332=CARTESIAN_POINT('Ctrl Pts',(-1.73451718064261,-123.191626054459,23.2831581138149));
#3333=CARTESIAN_POINT('Ctrl Pts',(5.73488931290899,-123.326329952357,22.6696540783343));
#3334=CARTESIAN_POINT('Ctrl Pts',(12.3746232656341,-123.461029291094,26.1453642305042));
#3335=CARTESIAN_POINT('Ctrl Pts',(16.1261551599241,-123.59573347963,32.6336261300727));
#3336=CARTESIAN_POINT('Ctrl Pts',(15.8273088377557,-123.730432484099,40.1214035281665));
#3337=CARTESIAN_POINT('Ctrl Pts',(11.5686046962676,-123.865137807963,46.2906008008706));
#3338=CARTESIAN_POINT('Ctrl Pts',(6.97304265497777,-123.954933806091,48.2441985041687));
#3339=CARTESIAN_POINT('Ctrl Pts',(4.58982102727222,-123.999836042968,48.532187808782));
#3340=CARTESIAN_POINT('Ctrl Pts',(8.98574193772694,-108.898286458915,47.1646475985581));
#3341=CARTESIAN_POINT('Ctrl Pts',(6.85980876744665,-108.943187104578,48.2794090797494));
#3342=CARTESIAN_POINT('Ctrl Pts',(1.96678737426766,-109.032988269807,49.2776068456998));
#3343=CARTESIAN_POINT('Ctrl Pts',(-5.03998265125735,-109.167691133494,46.612991707254));
#3344=CARTESIAN_POINT('Ctrl Pts',(-9.53369198521346,-109.302391809206,40.6160965881827));
#3345=CARTESIAN_POINT('Ctrl Pts',(-10.1249547683791,-109.437094166483,33.1447257250801));
#3346=CARTESIAN_POINT('Ctrl Pts',(-6.6285160366441,-109.571795758227,26.5157840354599));
#3347=CARTESIAN_POINT('Ctrl Pts',(-0.129398292701123,-109.706497014371,
22.7837786248804));
#3348=CARTESIAN_POINT('Ctrl Pts',(7.35830358398718,-109.841199755704,23.106098365326));
#3349=CARTESIAN_POINT('Ctrl Pts',(13.5128959679243,-109.975899931412,27.3823458235295));
#3350=CARTESIAN_POINT('Ctrl Pts',(16.4267743640065,-110.110603564692,34.2874467825771));
#3351=CARTESIAN_POINT('Ctrl Pts',(15.1962583423872,-110.245303176295,41.6799768230772));
#3352=CARTESIAN_POINT('Ctrl Pts',(10.203335524629,-110.380006927158,47.2693715657439));
#3353=CARTESIAN_POINT('Ctrl Pts',(2.99483698610175,-110.514706869173,49.320999965593));
#3354=CARTESIAN_POINT('Ctrl Pts',(-4.19240188687773,-110.649409968943,47.2021970931374));
#3355=CARTESIAN_POINT('Ctrl Pts',(-9.13489483301116,-110.784110687478,41.5633920126943));
#3356=CARTESIAN_POINT('Ctrl Pts',(-10.2907903519331,-110.918813147962,34.1653866577799));
#3357=CARTESIAN_POINT('Ctrl Pts',(-6.99164516411375,-111.068480611761,26.5103221227009));
#3358=CARTESIAN_POINT('Ctrl Pts',(1.26436362489611,-111.233116758004,21.9402947127919));
#3359=CARTESIAN_POINT('Ctrl Pts',(11.2743481402098,-111.412718417446,24.4832083932526));
#3360=CARTESIAN_POINT('Ctrl Pts',(15.8884327505267,-111.562387269506,31.7084038269419));
#3361=CARTESIAN_POINT('Ctrl Pts',(15.9055569175629,-111.682122520269,38.2357052016363));
#3362=CARTESIAN_POINT('Ctrl Pts',(14.2057927510407,-111.768597752777,42.6117212721471));
#3363=CARTESIAN_POINT('Ctrl Pts',(10.2607664802871,-111.878354494545,47.0827403625143));
#3364=CARTESIAN_POINT('Ctrl Pts',(3.89933513115777,-111.998089643214,49.35709106696));
#3365=CARTESIAN_POINT('Ctrl Pts',(-3.23577290300876,-112.131127792587,47.5862406905739));
#3366=CARTESIAN_POINT('Ctrl Pts',(-8.09713300092116,-112.250863434735,43.1239462039112));
#3367=CARTESIAN_POINT('Ctrl Pts',(-10.2145872594321,-112.370597757731,36.8616288710819));
#3368=CARTESIAN_POINT('Ctrl Pts',(-9.06121358654077,-112.490332766383,30.3588998239244));
#3369=CARTESIAN_POINT('Ctrl Pts',(-4.92246505106262,-112.610067841435,25.2088654701817));
#3370=CARTESIAN_POINT('Ctrl Pts',(1.18069223885568,-112.729802047497,22.683386136847));
#3371=CARTESIAN_POINT('Ctrl Pts',(7.74989647478985,-112.849537468271,23.4037422921667));
#3372=CARTESIAN_POINT('Ctrl Pts',(11.9535491791722,-112.942664394209,26.3526042204939));
#3373=CARTESIAN_POINT('Ctrl Pts',(14.8818251748542,-113.035791459877,30.4032847453257));
#3374=CARTESIAN_POINT('Ctrl Pts',(16.1470988362065,-113.11561511164,34.6171962666256));
#3375=CARTESIAN_POINT('Ctrl Pts',(15.4799782271863,-113.212067772139,39.8084993793097));
#3376=CARTESIAN_POINT('Ctrl Pts',(13.3026710601549,-113.29854317073,43.9748817128463));
#3377=CARTESIAN_POINT('Ctrl Pts',(9.60295839074012,-113.388344117716,47.1753062025334));
#3378=CARTESIAN_POINT('Ctrl Pts',(4.99241510147524,-113.478145458136,48.7788738874514));
#3379=CARTESIAN_POINT('Ctrl Pts',(-1.52241668160474,-113.597879335656,48.5468556349209));
#3380=CARTESIAN_POINT('Ctrl Pts',(-8.59929767243658,-113.74754925605,43.6765943390835));
#3381=CARTESIAN_POINT('Ctrl Pts',(-10.5383370563591,-113.907194951868,34.7271723500648));
#3382=CARTESIAN_POINT('Ctrl Pts',(-7.42446768582163,-114.046885516953,27.6679987702342));
#3383=CARTESIAN_POINT('Ctrl Pts',(-2.20362774824519,-114.166621132149,23.6341145893569));
#3384=CARTESIAN_POINT('Ctrl Pts',(4.60101503031768,-114.291344873254,22.5667193441855));
#3385=CARTESIAN_POINT('Ctrl Pts',(11.3064038840089,-114.421056882273,25.2234617077396));
#3386=CARTESIAN_POINT('Ctrl Pts',(15.717708923021,-114.55575942341,31.2851804891532));
#3387=CARTESIAN_POINT('Ctrl Pts',(16.2021824976388,-114.690460611368,38.7630800362769));
#3388=CARTESIAN_POINT('Ctrl Pts',(12.6133523713575,-114.825162370848,45.342657498904));
#3389=CARTESIAN_POINT('Ctrl Pts',(6.06182061404486,-114.959864580474,48.9822427940255));
#3390=CARTESIAN_POINT('Ctrl Pts',(-1.42032422889815,-115.094565239747,48.5546857242002));
#3391=CARTESIAN_POINT('Ctrl Pts',(-7.51417560291668,-115.2292685117,44.1917355536956));
#3392=CARTESIAN_POINT('Ctrl Pts',(-10.3302612726059,-115.363968299503,37.2466285122004));
#3393=CARTESIAN_POINT('Ctrl Pts',(-8.99573524221145,-115.498672097785,29.8716563467338));
#3394=CARTESIAN_POINT('Ctrl Pts',(-3.92427517151218,-115.633371798545,24.3540165320302));
#3395=CARTESIAN_POINT('Ctrl Pts',(3.31194889502095,-115.768075231382,22.4029206938252));
#3396=CARTESIAN_POINT('Ctrl Pts',(10.4697234414073,-115.902775662338,24.6253474661918));
#3397=CARTESIAN_POINT('Ctrl Pts',(15.3297384736341,-116.037478181283,30.328421666228));
#3398=CARTESIAN_POINT('Ctrl Pts',(16.3863756652734,-116.17217949982,37.7517848264721));
#3399=CARTESIAN_POINT('Ctrl Pts',(13.3096836897556,-116.306881383614,44.5788505604339));
#3400=CARTESIAN_POINT('Ctrl Pts',(6.36383848911542,-116.456549373936,49.1848092824807));
#3401=CARTESIAN_POINT('Ctrl Pts',(-3.05063754585756,-116.621184964497,48.5000655603283));
#3402=CARTESIAN_POINT('Ctrl Pts',(-10.0365220105874,-116.800787505207,40.8994658685416));
#3403=CARTESIAN_POINT('Ctrl Pts',(-9.95049817421098,-116.96542355247,31.4633357159899));
#3404=CARTESIAN_POINT('Ctrl Pts',(-4.77740483414134,-117.115091108626,24.9236523898926));
#3405=CARTESIAN_POINT('Ctrl Pts',(2.28019493084469,-117.249793762146,22.4211175281023));
#3406=CARTESIAN_POINT('Ctrl Pts',(9.58527791759065,-117.384494603716,24.0942734442578));
#3407=CARTESIAN_POINT('Ctrl Pts',(15.4682794928366,-117.534164400358,29.9903254724646));
#3408=CARTESIAN_POINT('Ctrl Pts',(16.6537529144508,-117.698799138244,39.3656565153432));
#3409=CARTESIAN_POINT('Ctrl Pts',(11.2527433575755,-117.858445482684,46.7661475934695));
#3410=CARTESIAN_POINT('Ctrl Pts',(3.91810127724354,-117.998136695858,49.1390516289221));
#3411=CARTESIAN_POINT('Ctrl Pts',(-2.57503100717208,-118.117870587655,47.9248841732303));
#3412=CARTESIAN_POINT('Ctrl Pts',(-7.10243208827614,-118.22430201186,44.1923067076903));
#3413=CARTESIAN_POINT('Ctrl Pts',(-10.0318423834743,-118.344036798647,38.390798160723));
#3414=CARTESIAN_POINT('Ctrl Pts',(-9.78728672841133,-118.4637718403,31.6365113891269));
#3415=CARTESIAN_POINT('Ctrl Pts',(-5.4970771585606,-118.596810038415,25.6690924010846));
#3416=CARTESIAN_POINT('Ctrl Pts',(0.452590784958985,-118.716545353484,22.8065151635572));
#3417=CARTESIAN_POINT('Ctrl Pts',(7.04588465172762,-118.836280267339,23.1667539200848));
#3418=CARTESIAN_POINT('Ctrl Pts',(13.6108721120154,-118.975970139609,27.2167250626638));
#3419=CARTESIAN_POINT('Ctrl Pts',(17.0931216963314,-119.135617103132,35.6816306809108));
#3420=CARTESIAN_POINT('Ctrl Pts',(13.4187953600485,-119.315219035876,45.3241378362596));
#3421=CARTESIAN_POINT('Ctrl Pts',(4.1631030634849,-119.494821336843,49.848350372172));
#3422=CARTESIAN_POINT('Ctrl Pts',(-5.70040290536009,-119.674423975747,46.8273062371225));
#3423=CARTESIAN_POINT('Ctrl Pts',(-9.96362031462599,-119.824091996552,39.3757460965125));
#3424=CARTESIAN_POINT('Ctrl Pts',(-9.65109135073666,-119.943827629676,32.8657757018862));
#3425=CARTESIAN_POINT('Ctrl Pts',(-7.02613233243623,-120.063562921584,26.9043630122313));
#3426=CARTESIAN_POINT('Ctrl Pts',(0.122061354040414,-120.213231164178,22.1339301745318));
#3427=CARTESIAN_POINT('Ctrl Pts',(9.15280325681783,-120.372877353334,23.6567811955476));
#3428=CARTESIAN_POINT('Ctrl Pts',(14.5542939360819,-120.512567759678,29.1621637252177));
#3429=CARTESIAN_POINT('Ctrl Pts',(16.3674843212365,-120.632303569842,35.5080237361695));
#3430=CARTESIAN_POINT('Ctrl Pts',(14.8919945779411,-120.75203794855,41.95332789129));
#3431=CARTESIAN_POINT('Ctrl Pts',(10.5113806211278,-120.871772109905,46.8902958809601));
#3432=CARTESIAN_POINT('Ctrl Pts',(4.28336839333229,-120.991508001479,49.1181558845229));
#3433=CARTESIAN_POINT('Ctrl Pts',(-1.50384046480544,-121.097938447242,48.1836479313126));
#3434=CARTESIAN_POINT('Ctrl Pts',(-6.96393810816608,-121.217673462694,44.653860910497));
#3435=CARTESIAN_POINT('Ctrl Pts',(-10.1622808761613,-121.337408199491,38.702197342159));
#3436=CARTESIAN_POINT('Ctrl Pts',(-9.47259404172871,-121.470447258396,31.3829894384093));
#3437=CARTESIAN_POINT('Ctrl Pts',(-5.7842362756872,-121.59018187736,25.9110053088655));
#3438=CARTESIAN_POINT('Ctrl Pts',(0.0926858743304062,-121.709916441802,
22.8856843660348));
#3439=CARTESIAN_POINT('Ctrl Pts',(6.97094007900787,-121.834641072335,23.0626202458594));
#3440=CARTESIAN_POINT('Ctrl Pts',(13.0911865032868,-121.964352348546,26.8856766570893));
#3441=CARTESIAN_POINT('Ctrl Pts',(16.334776883556,-122.099055934764,33.6434198945467));
#3442=CARTESIAN_POINT('Ctrl Pts',(15.4635993637616,-122.233755829472,41.0861402866154));
#3443=CARTESIAN_POINT('Ctrl Pts',(10.7463412061048,-122.368459040803,46.9104824349598));
#3444=CARTESIAN_POINT('Ctrl Pts',(3.64612395996545,-122.503159749961,49.3087341758967));
#3445=CARTESIAN_POINT('Ctrl Pts',(-3.63639579816548,-122.637861890148,47.538631026961));
#3446=CARTESIAN_POINT('Ctrl Pts',(-8.84325053597706,-122.772563779293,42.1481902750798));
#3447=CARTESIAN_POINT('Ctrl Pts',(-10.3605829685069,-122.907264705452,34.808941300138));
#3448=CARTESIAN_POINT('Ctrl Pts',(-7.71771008092981,-123.04196778086,27.7958147991799));
#3449=CARTESIAN_POINT('Ctrl Pts',(-1.73424368053017,-123.176667650582,23.2830535207348));
#3450=CARTESIAN_POINT('Ctrl Pts',(5.73517625435184,-123.311371548481,22.6697119663103));
#3451=CARTESIAN_POINT('Ctrl Pts',(12.37483497325,-123.446070887217,26.1455665790142));
#3452=CARTESIAN_POINT('Ctrl Pts',(16.1262254372696,-123.580775075753,32.6339103561624));
#3453=CARTESIAN_POINT('Ctrl Pts',(15.8272170502131,-123.715474080221,40.1216812266721));
#3454=CARTESIAN_POINT('Ctrl Pts',(11.5683769051268,-123.850179404086,46.2907864873069));
#3455=CARTESIAN_POINT('Ctrl Pts',(6.97277542126219,-123.939975402214,48.2442833611525));
#3456=CARTESIAN_POINT('Ctrl Pts',(4.58954541141487,-123.984877639092,48.5322211082154));
#3457=CARTESIAN_POINT('',(9.01038767156652,-123.984877639092,47.2081882212178));
#3458=CARTESIAN_POINT('Ctrl Pts',(9.01038767150633,-108.984877639093,47.2081882212494));
#3459=CARTESIAN_POINT('Ctrl Pts',(6.87626540769902,-109.029778284756,48.3275850568864));
#3460=CARTESIAN_POINT('Ctrl Pts',(1.96419872118836,-109.119579449985,49.3303099001984));
#3461=CARTESIAN_POINT('Ctrl Pts',(-5.07035952812364,-109.254282313671,46.6561370005837));
#3462=CARTESIAN_POINT('Ctrl Pts',(-9.58243043934781,-109.388982989383,40.6363117258439));
#3463=CARTESIAN_POINT('Ctrl Pts',(-10.1769505753765,-109.52368534666,33.1357422902873));
#3464=CARTESIAN_POINT('Ctrl Pts',(-6.66764740145475,-109.658386938404,26.4803879775146));
#3465=CARTESIAN_POINT('Ctrl Pts',(-0.143535869521133,-109.793088194548,
22.7329421269362));
#3466=CARTESIAN_POINT('Ctrl Pts',(7.37354360022009,-109.927790935882,23.0555818978855));
#3467=CARTESIAN_POINT('Ctrl Pts',(13.5527882855061,-110.062491111589,27.347808837313));
#3468=CARTESIAN_POINT('Ctrl Pts',(16.4789527990565,-110.197194744869,34.2795972528102));
#3469=CARTESIAN_POINT('Ctrl Pts',(15.2445464269349,-110.331894356473,41.7012463577247));
#3470=CARTESIAN_POINT('Ctrl Pts',(10.2327650077433,-110.466598107335,47.3131691842888));
#3471=CARTESIAN_POINT('Ctrl Pts',(2.99628172163498,-110.60129804935,49.373743586862));
#3472=CARTESIAN_POINT('Ctrl Pts',(-4.21938372983221,-110.736001149121,47.2475441837037));
#3473=CARTESIAN_POINT('Ctrl Pts',(-9.18195150940885,-110.870701867656,41.5872684628682));
#3474=CARTESIAN_POINT('Ctrl Pts',(-10.3433073887656,-111.00540432814,34.160423080113));
#3475=CARTESIAN_POINT('Ctrl Pts',(-7.03219996588714,-111.155071791939,26.4749503888523));
#3476=CARTESIAN_POINT('Ctrl Pts',(1.25558063426116,-111.319707938182,21.8859779254284));
#3477=CARTESIAN_POINT('Ctrl Pts',(11.3051047203673,-111.499309597624,24.4375943828609));
#3478=CARTESIAN_POINT('Ctrl Pts',(15.9381772048524,-111.648978449684,31.6905173270395));
#3479=CARTESIAN_POINT('Ctrl Pts',(15.95619036087,-111.768713700446,38.2433906793889));
#3480=CARTESIAN_POINT('Ctrl Pts',(14.2503174882063,-111.855188932955,42.6367661215264));
#3481=CARTESIAN_POINT('Ctrl Pts',(10.2903974793761,-111.964945674722,47.1257995237128));
#3482=CARTESIAN_POINT('Ctrl Pts',(3.90432825804815,-112.084680823392,49.409862202693));
#3483=CARTESIAN_POINT('Ctrl Pts',(-3.25895829162537,-112.217718972764,47.6329720182492));
#3484=CARTESIAN_POINT('Ctrl Pts',(-8.13992720010798,-112.337454614912,43.1538062738388));
#3485=CARTESIAN_POINT('Ctrl Pts',(-10.266466228755,-112.457188937909,36.867219644186));
#3486=CARTESIAN_POINT('Ctrl Pts',(-9.10939241028,-112.57692394656,30.3388675091909));
#3487=CARTESIAN_POINT('Ctrl Pts',(-4.95507662727435,-112.696659021612,25.1681340515831));
#3488=CARTESIAN_POINT('Ctrl Pts',(1.1716749891864,-112.816393227674,22.6319913363271));
#3489=CARTESIAN_POINT('Ctrl Pts',(7.76670824032526,-112.936128648448,23.3543426931777));
#3490=CARTESIAN_POINT('Ctrl Pts',(11.9872022744851,-113.029255574386,26.314229028073));
#3491=CARTESIAN_POINT('Ctrl Pts',(14.9274613786817,-113.122382640055,30.3804115041273));
#3492=CARTESIAN_POINT('Ctrl Pts',(16.1982230163365,-113.202206291817,34.6106739195895));
#3493=CARTESIAN_POINT('Ctrl Pts',(15.5291422832968,-113.298658952317,39.8224006923628));
#3494=CARTESIAN_POINT('Ctrl Pts',(13.3438289880414,-113.385134350908,44.0053811778032));
#3495=CARTESIAN_POINT('Ctrl Pts',(9.63002373647795,-113.474935297894,47.2188108680671));
#3496=CARTESIAN_POINT('Ctrl Pts',(5.0016181364881,-113.564736638314,48.8292419164834));
#3497=CARTESIAN_POINT('Ctrl Pts',(-1.53876813925165,-113.684470515834,48.5971349364272));
#3498=CARTESIAN_POINT('Ctrl Pts',(-8.64398977804775,-113.834140436228,43.7086829294552));
#3499=CARTESIAN_POINT('Ctrl Pts',(-10.5917532493323,-113.993786132046,34.7244410333777));
#3500=CARTESIAN_POINT('Ctrl Pts',(-7.46657252652553,-114.13347669713,27.6372173426959));
#3501=CARTESIAN_POINT('Ctrl Pts',(-2.22578513769504,-114.253212312326,23.5868709095555));
#3502=CARTESIAN_POINT('Ctrl Pts',(4.60538400260526,-114.377936053432,22.5144367645275));
#3503=CARTESIAN_POINT('Ctrl Pts',(11.3373792696239,-114.507648062451,25.1807439924307));
#3504=CARTESIAN_POINT('Ctrl Pts',(15.7667311861468,-114.642350603588,31.2656572863556));
#3505=CARTESIAN_POINT('Ctrl Pts',(16.254044532845,-114.777051791545,38.772794432026));
#3506=CARTESIAN_POINT('Ctrl Pts',(12.6519817567489,-114.911753551026,45.3786027411175));
#3507=CARTESIAN_POINT('Ctrl Pts',(6.0752392147664,-115.046455760651,49.0332729716577));
#3508=CARTESIAN_POINT('Ctrl Pts',(-1.4362746997632,-115.181156419924,48.6049828490551));
#3509=CARTESIAN_POINT('Ctrl Pts',(-7.55455130761573,-115.315859691877,44.2257058455747));
#3510=CARTESIAN_POINT('Ctrl Pts',(-10.3825449778005,-115.450559479681,37.2537422890402));
#3511=CARTESIAN_POINT('Ctrl Pts',(-9.04371887219786,-115.585263277962,29.849706754769));
#3512=CARTESIAN_POINT('Ctrl Pts',(-3.95308345395609,-115.719962978723,24.3098101046631));
#3513=CARTESIAN_POINT('Ctrl Pts',(3.31124664821202,-115.854666411559,22.350158661778));
#3514=CARTESIAN_POINT('Ctrl Pts',(10.4973453790767,-115.989366842516,24.5803916759894));
#3515=CARTESIAN_POINT('Ctrl Pts',(15.3771201867223,-116.12406936146,30.3051987098182));
#3516=CARTESIAN_POINT('Ctrl Pts',(16.4388320350996,-116.258770679998,37.7575137487116));
#3517=CARTESIAN_POINT('Ctrl Pts',(13.3509451430508,-116.393472563792,44.6117155077891));
#3518=CARTESIAN_POINT('Ctrl Pts',(6.37846591010036,-116.543140554114,49.2365950917148));
#3519=CARTESIAN_POINT('Ctrl Pts',(-3.07298250362067,-116.707776144674,48.5503539656077));
#3520=CARTESIAN_POINT('Ctrl Pts',(-10.0871948847164,-116.887378685385,40.9208545689796));
#3521=CARTESIAN_POINT('Ctrl Pts',(-10.0020221708384,-117.052014732648,31.4477425851075));
#3522=CARTESIAN_POINT('Ctrl Pts',(-4.80948397379135,-117.201682288803,24.8817852336449));
#3523=CARTESIAN_POINT('Ctrl Pts',(2.27545253687788,-117.336384942324,22.3685567067415));
#3524=CARTESIAN_POINT('Ctrl Pts',(9.60936770398493,-117.471085783894,24.0473482588786));
#3525=CARTESIAN_POINT('Ctrl Pts',(15.5161614412375,-117.620755580535,29.9657604018891));
#3526=CARTESIAN_POINT('Ctrl Pts',(16.7074600885335,-117.785390318421,39.3776749609188));
#3527=CARTESIAN_POINT('Ctrl Pts',(11.2862210831552,-117.945036662861,46.8078414296691));
#3528=CARTESIAN_POINT('Ctrl Pts',(3.92314047557459,-118.084727876036,49.1909661175848));
#3529=CARTESIAN_POINT('Ctrl Pts',(-2.59558495126718,-118.204461767832,47.9728591163197));
#3530=CARTESIAN_POINT('Ctrl Pts',(-7.14119449942713,-118.310893192038,44.2262273919928));
#3531=CARTESIAN_POINT('Ctrl Pts',(-10.0828128057897,-118.430627978825,38.4023572476214));
#3532=CARTESIAN_POINT('Ctrl Pts',(-9.83814945271204,-118.550363020478,31.621576213923));
#3533=CARTESIAN_POINT('Ctrl Pts',(-5.53188212947571,-118.683401218593,25.6302365166256));
#3534=CARTESIAN_POINT('Ctrl Pts',(0.440736319152354,-118.803136533662,22.7556944658266));
#3535=CARTESIAN_POINT('Ctrl Pts',(7.05990824013209,-118.922871447516,23.1165144414122));
#3536=CARTESIAN_POINT('Ctrl Pts',(13.6511274482229,-119.062561319786,27.1815268332368));
#3537=CARTESIAN_POINT('Ctrl Pts',(17.1480864482812,-119.22220828331,35.6791596951086));
#3538=CARTESIAN_POINT('Ctrl Pts',(13.4605781597533,-119.401810216053,45.3599090992613));
#3539=CARTESIAN_POINT('Ctrl Pts',(4.16919149762219,-119.581412517021,49.9030130616583));
#3540=CARTESIAN_POINT('Ctrl Pts',(-5.73334033991546,-119.761015155924,46.8713743781859));
#3541=CARTESIAN_POINT('Ctrl Pts',(-10.0141994197646,-119.91068317673,39.3911556443404));
#3542=CARTESIAN_POINT('Ctrl Pts',(-9.70126567319184,-120.030418809853,32.8556396664581));
#3543=CARTESIAN_POINT('Ctrl Pts',(-7.06677263950105,-120.150154101761,26.870539483184));
#3544=CARTESIAN_POINT('Ctrl Pts',(0.10882717580003,-120.299822344356,22.0805158907627));
#3545=CARTESIAN_POINT('Ctrl Pts',(9.17514350885331,-120.459468533511,23.6081963601084));
#3546=CARTESIAN_POINT('Ctrl Pts',(14.5984905863051,-120.599158939855,29.1344689817352));
#3547=CARTESIAN_POINT('Ctrl Pts',(16.4195841473673,-120.71889475002,35.5049639237561));
#3548=CARTESIAN_POINT('Ctrl Pts',(14.9391249687276,-120.838629128728,41.9757067343002));
#3549=CARTESIAN_POINT('Ctrl Pts',(10.5419693008675,-120.958363290082,46.9325694832554));
#3550=CARTESIAN_POINT('Ctrl Pts',(4.28983608645178,-121.078099181657,49.1699425099052));
#3551=CARTESIAN_POINT('Ctrl Pts',(-1.52016487426416,-121.18452962742,48.2325018366834));
#3552=CARTESIAN_POINT('Ctrl Pts',(-7.00209977898933,-121.304264642871,44.6895725372802));
#3553=CARTESIAN_POINT('Ctrl Pts',(-10.2137231494819,-121.423999379668,38.7149929234022));
#3554=CARTESIAN_POINT('Ctrl Pts',(-9.52225571466738,-121.557038438573,31.3670213326574));
#3555=CARTESIAN_POINT('Ctrl Pts',(-5.82013588250606,-121.676773057538,25.8731334034916));
#3556=CARTESIAN_POINT('Ctrl Pts',(0.0794312605934139,-121.79650762198,22.8352191732942));
#3557=CARTESIAN_POINT('Ctrl Pts',(6.98465692049243,-121.921232252513,23.0119822055567));
#3558=CARTESIAN_POINT('Ctrl Pts',(13.1293640134634,-122.050943528724,26.8492468086166));
#3559=CARTESIAN_POINT('Ctrl Pts',(16.3865137764012,-122.185647114941,33.6330586349629));
#3560=CARTESIAN_POINT('Ctrl Pts',(15.512860123355,-122.320347009649,41.1050494918206));
#3561=CARTESIAN_POINT('Ctrl Pts',(10.7778530092546,-122.45505022098,46.952805543236));
#3562=CARTESIAN_POINT('Ctrl Pts',(3.65011891006663,-122.589750930138,49.3613477316003));
#3563=CARTESIAN_POINT('Ctrl Pts',(-3.66115683239085,-122.724453070326,47.5852262638566));
#3564=CARTESIAN_POINT('Ctrl Pts',(-8.88909090670328,-122.85915495947,42.1743212569367));
#3565=CARTESIAN_POINT('Ctrl Pts',(-10.4132924203397,-122.993855885629,34.8065079740876));
#3566=CARTESIAN_POINT('Ctrl Pts',(-7.76094775867541,-123.128558961037,27.7655710822209));
#3567=CARTESIAN_POINT('Ctrl Pts',(-1.75460621562823,-123.26325883076,23.2343752714011));
#3568=CARTESIAN_POINT('Ctrl Pts',(5.74400186783571,-123.397962728658,22.617690104577));
#3569=CARTESIAN_POINT('Ctrl Pts',(12.4101126075977,-123.532662067395,26.1063271609096));
#3570=CARTESIAN_POINT('Ctrl Pts',(16.1770181061297,-123.667366255931,32.6196200724695));
#3571=CARTESIAN_POINT('Ctrl Pts',(15.8777810317363,-123.802065260399,40.1367658710636));
#3572=CARTESIAN_POINT('Ctrl Pts',(12.518825627018,-123.907912203106,45.003656574749));
#3573=CARTESIAN_POINT('Ctrl Pts',(9.77256625544177,-123.968853893408,46.8076769074773));
#3574=CARTESIAN_POINT('Ctrl Pts',(9.00954251657832,-123.984896409782,47.2065708128988));
#3575=CARTESIAN_POINT('Ctrl Pts',(4.58954541141543,-123.984877639091,48.5322211082154));
#3576=CARTESIAN_POINT('Ctrl Pts',(4.86341075552889,-123.984877639091,48.4991331687983));
#3577=CARTESIAN_POINT('Ctrl Pts',(5.13563440532146,-123.984857317485,48.4574240443637));
#3578=CARTESIAN_POINT('Ctrl Pts',(5.4061333194803,-123.984843157584,48.4073247188391));
#3579=CARTESIAN_POINT('Ctrl Pts',(5.66010522530826,-123.984829862827,48.3602863740689));
#3580=CARTESIAN_POINT('Ctrl Pts',(5.91255655855019,-123.984823161431,48.3058512898323));
#3581=CARTESIAN_POINT('Ctrl Pts',(6.1634205214757,-123.98483016684,48.2441700030139));
#3582=CARTESIAN_POINT('Ctrl Pts',(6.39641244945952,-123.984836673169,48.1868830106188));
#3583=CARTESIAN_POINT('Ctrl Pts',(6.62803505125736,-123.984855846405,48.1233451053955));
#3584=CARTESIAN_POINT('Ctrl Pts',(6.85823800814608,-123.984866743483,48.0536467981742));
#3585=CARTESIAN_POINT('Ctrl Pts',(6.97079270022311,-123.984872071465,48.0195687323942));
#3586=CARTESIAN_POINT('Ctrl Pts',(7.08300811606111,-123.984874895899,47.9840175778113));
#3587=CARTESIAN_POINT('Ctrl Pts',(7.19487766696684,-123.98487109172,47.9469982311466));
#3588=CARTESIAN_POINT('Ctrl Pts',(7.35324445381835,-123.98486570638,47.894592237423));
#3589=CARTESIAN_POINT('Ctrl Pts',(7.50475716663626,-123.98485095016,47.8412861049432));
#3590=CARTESIAN_POINT('Ctrl Pts',(7.64933860795166,-123.984837288152,47.7878578020399));
#3591=CARTESIAN_POINT('Ctrl Pts',(7.79626009733291,-123.984823405024,47.7335647630008));
#3592=CARTESIAN_POINT('Ctrl Pts',(7.93602465028152,-123.984810781414,47.6791460284047));
#3593=CARTESIAN_POINT('Ctrl Pts',(8.06859035223137,-123.984805647692,47.6253811421036));
#3594=CARTESIAN_POINT('Ctrl Pts',(8.20148010157198,-123.984800501422,47.5714848313777));
#3595=CARTESIAN_POINT('Ctrl Pts',(8.32713647525745,-123.98480301596,47.5182459450904));
#3596=CARTESIAN_POINT('Ctrl Pts',(8.44554678421148,-123.984812761815,47.4664068564408));
#3597=CARTESIAN_POINT('Ctrl Pts',(8.56256714911107,-123.984822393269,47.4151762742101));
#3598=CARTESIAN_POINT('Ctrl Pts',(8.67251136225119,-123.984839217687,47.3653130665561));
#3599=CARTESIAN_POINT('Ctrl Pts',(8.77538462643982,-123.984854343184,47.3174874617305));
#3600=CARTESIAN_POINT('Ctrl Pts',(8.85833076151021,-123.984866538787,47.2789259451987));
#3601=CARTESIAN_POINT('Ctrl Pts',(8.93668049949047,-123.98487751048,47.2416882952483));
#3602=CARTESIAN_POINT('Ctrl Pts',(9.01043959198368,-123.984877548451,47.2061017947249));
#3603=CARTESIAN_POINT('Ctrl Pts',(12.2864192744656,-108.984877639093,25.8651961947901));
#3604=CARTESIAN_POINT('Ctrl Pts',(14.2125935460915,-109.030879745087,27.6433219366311));
#3605=CARTESIAN_POINT('Ctrl Pts',(17.0065337266477,-109.122883957073,32.3390483155468));
#3606=CARTESIAN_POINT('Ctrl Pts',(16.664144148446,-109.260890275053,40.5345218841615));
#3607=CARTESIAN_POINT('Ctrl Pts',(11.9002101650277,-109.398896593033,47.2085631882661));
#3608=CARTESIAN_POINT('Ctrl Pts',(4.26307291273391,-109.536902911012,50.1963793559785));
#3609=CARTESIAN_POINT('Ctrl Pts',(-3.76548981443053,-109.674909228992,48.525013460857));
#3610=CARTESIAN_POINT('Ctrl Pts',(-9.5763879980096,-109.812915546972,42.7386095129162));
#3611=CARTESIAN_POINT('Ctrl Pts',(-11.2812142825979,-109.950921864952,34.7170636945388));
#3612=CARTESIAN_POINT('Ctrl Pts',(-8.32603053825558,-110.088928182932,27.0675018866577));
#3613=CARTESIAN_POINT('Ctrl Pts',(-1.67100152226046,-110.226934500911,22.2754876065066));
#3614=CARTESIAN_POINT('Ctrl Pts',(6.52077290115606,-110.364940818891,21.8988054974894));
#3615=CARTESIAN_POINT('Ctrl Pts',(13.5880018929744,-110.502947136871,26.0589117077413));
#3616=CARTESIAN_POINT('Ctrl Pts',(17.2323648263318,-110.64095345485,33.405793244159));
#3617=CARTESIAN_POINT('Ctrl Pts',(16.2729402390234,-110.77895977283,41.5480363476678));
#3618=CARTESIAN_POINT('Ctrl Pts',(11.0145756526,-110.91696609081,47.8475392396164));
#3619=CARTESIAN_POINT('Ctrl Pts',(3.18028249361772,-111.05497240879,50.2410015000812));
#3620=CARTESIAN_POINT('Ctrl Pts',(-5.5901520492714,-111.208312762101,47.7324575845338));
#3621=CARTESIAN_POINT('Ctrl Pts',(-11.573684174975,-111.376987150742,39.2938043812245));
#3622=CARTESIAN_POINT('Ctrl Pts',(-9.825164273215,-111.560995574716,28.1245734725028));
#3623=CARTESIAN_POINT('Ctrl Pts',(-0.792776115173275,-111.745003998689,
21.3354276381172));
#3624=CARTESIAN_POINT('Ctrl Pts',(9.99364366482061,-111.922197295848,22.7092054356187));
#3625=CARTESIAN_POINT('Ctrl Pts',(16.7543465755796,-112.092575466193,30.4851884943597));
#3626=CARTESIAN_POINT('Ctrl Pts',(17.0690761920421,-112.256138509725,40.3624512423788));
#3627=CARTESIAN_POINT('Ctrl Pts',(12.3102080656206,-112.385625919187,46.5745375857047));
#3628=CARTESIAN_POINT('Ctrl Pts',(7.35537920071321,-112.481037694581,48.9233052240904));
#3629=CARTESIAN_POINT('Ctrl Pts',(2.74340825256407,-112.562819216346,49.8174541641802));
#3630=CARTESIAN_POINT('Ctrl Pts',(-3.16362607011667,-112.665046118554,48.6451218279139));
#3631=CARTESIAN_POINT('Ctrl Pts',(-8.64269804953534,-112.787718401202,43.9361743120483));
#3632=CARTESIAN_POINT('Ctrl Pts',(-11.1022019906788,-112.910390683851,37.1408399831822));
#3633=CARTESIAN_POINT('Ctrl Pts',(-9.90099759232713,-113.0330629665,30.0167781108228));
#3634=CARTESIAN_POINT('Ctrl Pts',(-5.35515007872242,-113.155735249148,24.3994118840559));
#3635=CARTESIAN_POINT('Ctrl Pts',(1.36501063345066,-113.278407531797,21.7457203681482));
#3636=CARTESIAN_POINT('Ctrl Pts',(8.52239952257488,-113.401079814446,22.7353729305232));
#3637=CARTESIAN_POINT('Ctrl Pts',(14.2679822499441,-113.523752097094,27.1166589141502));
#3638=CARTESIAN_POINT('Ctrl Pts',(17.1203178509632,-113.646424379743,33.7549685747235));
#3639=CARTESIAN_POINT('Ctrl Pts',(16.337567025168,-113.769096662392,40.9387288744644));
#3640=CARTESIAN_POINT('Ctrl Pts',(12.1290634730844,-113.89176894504,46.8110223207476));
#3641=CARTESIAN_POINT('Ctrl Pts',(5.57409564569415,-114.014441227689,49.8539440882771));
#3642=CARTESIAN_POINT('Ctrl Pts',(-1.62762939088085,-114.137113510338,49.284616413984));
#3643=CARTESIAN_POINT('Ctrl Pts',(-7.62151593713934,-114.259785792986,45.2457394616974));
#3644=CARTESIAN_POINT('Ctrl Pts',(-10.8533103949653,-114.382458075635,38.7877489405394));
#3645=CARTESIAN_POINT('Ctrl Pts',(-10.4986016391146,-114.505130358284,31.5643415185126));
#3646=CARTESIAN_POINT('Ctrl Pts',(-7.06021416727657,-114.614172387305,26.1461084877958));
#3647=CARTESIAN_POINT('Ctrl Pts',(-1.12583566807751,-114.736844669953,22.2546216079545));
#3648=CARTESIAN_POINT('Ctrl Pts',(7.49926147565224,-114.879962333044,21.6666130485372));
#3649=CARTESIAN_POINT('Ctrl Pts',(16.0827832540886,-115.057155630203,28.3610185232409));
#3650=CARTESIAN_POINT('Ctrl Pts',(17.6239713636746,-115.241164054176,39.55223827011));
#3651=CARTESIAN_POINT('Ctrl Pts',(10.9374866862393,-115.425172478149,48.6586117224198));
#3652=CARTESIAN_POINT('Ctrl Pts',(-0.205736122206557,-115.609180902122,
50.5280741602366));
#3653=CARTESIAN_POINT('Ctrl Pts',(-9.50119853513155,-115.793189326095,44.1133967470537));
#3654=CARTESIAN_POINT('Ctrl Pts',(-11.7003271082088,-115.977197750068,33.0213225822693));
#3655=CARTESIAN_POINT('Ctrl Pts',(-6.57572427295994,-116.130538103379,25.1389425071851));
#3656=CARTESIAN_POINT('Ctrl Pts',(-0.0473040003326316,-116.253210386027,
22.2733303822127));
#3657=CARTESIAN_POINT('Ctrl Pts',(5.87626931782904,-116.355437288235,22.0698558171981));
#3658=CARTESIAN_POINT('Ctrl Pts',(11.9405377518398,-116.467886880662,24.7559627617236));
#3659=CARTESIAN_POINT('Ctrl Pts',(16.241040225955,-116.590559163311,30.551014247341));
#3660=CARTESIAN_POINT('Ctrl Pts',(17.3216104281169,-116.733676826401,38.920770636977));
#3661=CARTESIAN_POINT('Ctrl Pts',(12.3874899769435,-116.897239869933,47.6485163366581));
#3662=CARTESIAN_POINT('Ctrl Pts',(1.51901857078265,-117.081248293906,50.8131451287219));
#3663=CARTESIAN_POINT('Ctrl Pts',(-6.77654365597825,-117.234588647217,46.3975774129426));
#3664=CARTESIAN_POINT('Ctrl Pts',(-10.2051630012906,-117.357260929865,40.1469443427016));
#3665=CARTESIAN_POINT('Ctrl Pts',(-10.9269039327367,-117.459487832073,34.2610468694693));
#3666=CARTESIAN_POINT('Ctrl Pts',(-8.78263022987405,-117.571937424501,27.9910678950295));
#3667=CARTESIAN_POINT('Ctrl Pts',(-3.38539615183809,-117.694609707149,23.1889462602626));
#3668=CARTESIAN_POINT('Ctrl Pts',(3.67591186451546,-117.817281989798,21.6572582488197));
#3669=CARTESIAN_POINT('Ctrl Pts',(10.5782218236773,-117.939954272447,23.7942493510579));
#3670=CARTESIAN_POINT('Ctrl Pts',(15.5379019771673,-118.062626555095,29.0497983751488));
#3671=CARTESIAN_POINT('Ctrl Pts',(17.1287813282967,-118.175076147523,35.4777854788759));
#3672=CARTESIAN_POINT('Ctrl Pts',(15.9042733951424,-118.27730304973,41.2862768416125));
#3673=CARTESIAN_POINT('Ctrl Pts',(12.924311297263,-118.369307261717,45.7182573762572));
#3674=CARTESIAN_POINT('Ctrl Pts',(8.49590879964808,-118.461311473703,48.7023629345403));
#3675=CARTESIAN_POINT('Ctrl Pts',(3.26671002698173,-118.55331568569,49.8075438551359));
#3676=CARTESIAN_POINT('Ctrl Pts',(-1.9835186720305,-118.645319897676,48.85644907949));
#3677=CARTESIAN_POINT('Ctrl Pts',(-8.02574606373772,-118.767992180325,45.0753303833242));
#3678=CARTESIAN_POINT('Ctrl Pts',(-11.9592484029967,-118.921332533636,36.5314211457962));
#3679=CARTESIAN_POINT('Ctrl Pts',(-8.17246977325836,-119.105340957609,25.8793414511166));
#3680=CARTESIAN_POINT('Ctrl Pts',(1.95332392016005,-119.289349381582,20.8757917846762));
#3681=CARTESIAN_POINT('Ctrl Pts',(12.7078559311032,-119.473357805555,24.3399762660773));
#3682=CARTESIAN_POINT('Ctrl Pts',(18.0053704028473,-119.657366229528,34.3198362501898));
#3683=CARTESIAN_POINT('Ctrl Pts',(14.8583278065637,-119.841374653501,45.1670064715765));
#3684=CARTESIAN_POINT('Ctrl Pts',(5.03373175340839,-120.025383077474,50.760823077924));
#3685=CARTESIAN_POINT('Ctrl Pts',(-4.0701052432415,-120.178723430785,48.3921517900628));
#3686=CARTESIAN_POINT('Ctrl Pts',(-8.84464143299794,-120.301395713434,43.1046683334538));
#3687=CARTESIAN_POINT('Ctrl Pts',(-11.3463550266543,-120.424067996082,36.4389713373652));
#3688=CARTESIAN_POINT('Ctrl Pts',(-9.26725230302189,-120.577408349393,27.2535921928526));
#3689=CARTESIAN_POINT('Ctrl Pts',(-0.840551850725873,-120.740971392925,
21.8025948601923));
#3690=CARTESIAN_POINT('Ctrl Pts',(7.57722589430559,-120.884089056015,22.3881767577861));
#3691=CARTESIAN_POINT('Ctrl Pts',(13.6160813156536,-121.006761338663,26.3362155774647));
#3692=CARTESIAN_POINT('Ctrl Pts',(16.9365310062354,-121.129433621312,32.7652959708894));
#3693=CARTESIAN_POINT('Ctrl Pts',(16.6909714604398,-121.238475650333,39.1736620160254));
#3694=CARTESIAN_POINT('Ctrl Pts',(13.5111988028311,-121.361147932982,45.5249999231496));
#3695=CARTESIAN_POINT('Ctrl Pts',(8.74414995997098,-121.456559708375,48.7445445422482));
#3696=CARTESIAN_POINT('Ctrl Pts',(4.12088804467338,-121.538341230141,49.4872812630061));
#3697=CARTESIAN_POINT('Ctrl Pts',(-0.559949504151756,-121.620122751907,
49.4694985660716));
#3698=CARTESIAN_POINT('Ctrl Pts',(-6.52056099031238,-121.729164780928,46.6826636043787));
#3699=CARTESIAN_POINT('Ctrl Pts',(-10.609476730049,-121.865467317204,39.7636163094192));
#3700=CARTESIAN_POINT('Ctrl Pts',(-10.7683190965231,-121.988139599853,32.5454972002755));
#3701=CARTESIAN_POINT('Ctrl Pts',(-7.34922424860636,-122.110811882502,26.1766732011552));
#3702=CARTESIAN_POINT('Ctrl Pts',(-0.992237422534911,-122.238595510261,
22.1479541715071));
#3703=CARTESIAN_POINT('Ctrl Pts',(6.90229888662271,-122.37149048313,21.9975935076056));
#3704=CARTESIAN_POINT('Ctrl Pts',(13.8528157217234,-122.50949680111,26.3523639167229));
#3705=CARTESIAN_POINT('Ctrl Pts',(17.2948722036918,-122.647503119089,33.7946157505474));
#3706=CARTESIAN_POINT('Ctrl Pts',(16.1108651187699,-122.785509437069,41.9097676384458));
#3707=CARTESIAN_POINT('Ctrl Pts',(10.6850905699671,-122.923515755049,48.0586882861275));
#3708=CARTESIAN_POINT('Ctrl Pts',(2.78101141096917,-123.061522073029,50.2440841831449));
#3709=CARTESIAN_POINT('Ctrl Pts',(-5.03287874362796,-123.199528391009,47.7553110534135));
#3710=CARTESIAN_POINT('Ctrl Pts',(-10.2172139279815,-123.337534708988,41.4013531402945));
#3711=CARTESIAN_POINT('Ctrl Pts',(-11.0872703128071,-123.475541026968,33.2470163470155));
#3712=CARTESIAN_POINT('Ctrl Pts',(-7.36025491812339,-123.613547344948,25.9421845651456));
#3713=CARTESIAN_POINT('Ctrl Pts',(-0.247424471335888,-123.751553662928,
21.8609245573922));
#3714=CARTESIAN_POINT('Ctrl Pts',(7.93989337238617,-123.889559980907,22.3290957918686));
#3715=CARTESIAN_POINT('Ctrl Pts',(14.5407432058198,-124.027566298887,27.1954726260621));
#3716=CARTESIAN_POINT('Ctrl Pts',(17.4106361050487,-124.165572616867,34.8767256567969));
#3717=CARTESIAN_POINT('Ctrl Pts',(15.6156846673053,-124.303578934847,42.8805466745691));
#3718=CARTESIAN_POINT('Ctrl Pts',(11.6994457278506,-124.395583146833,46.6909301365806));
#3719=CARTESIAN_POINT('Ctrl Pts',(9.37800204639372,-124.441585252826,47.9086237401996));
#3720=CARTESIAN_POINT('Ctrl Pts',(12.1076066137623,-108.832641730675,26.0589842902006));
#3721=CARTESIAN_POINT('Ctrl Pts',(13.9964392425933,-108.878643836669,27.8026540536378));
#3722=CARTESIAN_POINT('Ctrl Pts',(16.73620568361,-108.970648048655,32.4073780965));
#3723=CARTESIAN_POINT('Ctrl Pts',(16.4004167620761,-109.108654366635,40.4440021367322));
#3724=CARTESIAN_POINT('Ctrl Pts',(11.7287902504875,-109.246660684615,46.9886636888328));
#3725=CARTESIAN_POINT('Ctrl Pts',(4.23966612471181,-109.384667002594,49.9185355272755));
#3726=CARTESIAN_POINT('Ctrl Pts',(-3.63327642280778,-109.522673320574,48.2795297809515));
#3727=CARTESIAN_POINT('Ctrl Pts',(-9.33152019797618,-109.660679638554,42.6052549956268));
#3728=CARTESIAN_POINT('Ctrl Pts',(-11.0032679171115,-109.798685956534,34.73917865412));
#3729=CARTESIAN_POINT('Ctrl Pts',(-8.10532945689441,-109.936692274514,27.2378966632953));
#3730=CARTESIAN_POINT('Ctrl Pts',(-1.57927008735216,-110.074698592493,22.5387921464061));
#3731=CARTESIAN_POINT('Ctrl Pts',(6.45372963635329,-110.212704910473,22.169446707499));
#3732=CARTESIAN_POINT('Ctrl Pts',(13.38396057957,-110.350711228453,26.248950795874));
#3733=CARTESIAN_POINT('Ctrl Pts',(16.9576549879219,-110.488717546433,33.4534479195969));
#3734=CARTESIAN_POINT('Ctrl Pts',(16.0167909154073,-110.626723864412,41.4378705431082));
#3735=CARTESIAN_POINT('Ctrl Pts',(10.8603186884862,-110.764730182392,47.6152509881028));
#3736=CARTESIAN_POINT('Ctrl Pts',(3.17786260038995,-110.902736500372,49.9622880727454));
#3737=CARTESIAN_POINT('Ctrl Pts',(-5.42256885369496,-111.056076853683,47.5023276048103));
#3738=CARTESIAN_POINT('Ctrl Pts',(-11.290088962502,-111.224751242324,39.2272097980451));
#3739=CARTESIAN_POINT('Ctrl Pts',(-9.5754109674064,-111.408759666298,28.2744731266395));
#3740=CARTESIAN_POINT('Ctrl Pts',(-0.718062713653674,-111.592768090271,
21.6169566301524));
#3741=CARTESIAN_POINT('Ctrl Pts',(9.85928426314046,-111.76996138743,22.964154259825));
#3742=CARTESIAN_POINT('Ctrl Pts',(16.4889145982128,-111.940339557775,30.5894494507243));
#3743=CARTESIAN_POINT('Ctrl Pts',(16.797500995445,-112.103902601307,40.2752684016352));
#3744=CARTESIAN_POINT('Ctrl Pts',(12.1308441634177,-112.233390010769,46.3669288161497));
#3745=CARTESIAN_POINT('Ctrl Pts',(7.2720416032617,-112.328801786163,48.6701501038388));
#3746=CARTESIAN_POINT('Ctrl Pts',(2.7494578793809,-112.410583307928,49.5469482033939));
#3747=CARTESIAN_POINT('Ctrl Pts',(-3.04307877193001,-112.512810210136,48.3973127784928));
#3748=CARTESIAN_POINT('Ctrl Pts',(-8.41593262544468,-112.635482492784,43.7796121662784));
#3749=CARTESIAN_POINT('Ctrl Pts',(-10.8277358669537,-112.758154775433,37.1159770935902));
#3750=CARTESIAN_POINT('Ctrl Pts',(-9.64978269155226,-112.880827058082,30.1300019467141));
#3751=CARTESIAN_POINT('Ctrl Pts',(-5.19202020836822,-113.00349934073,24.6215336115339));
#3752=CARTESIAN_POINT('Ctrl Pts',(1.39789913894603,-113.126171623379,22.0193062916964));
#3753=CARTESIAN_POINT('Ctrl Pts',(8.41655626574422,-113.248843906028,22.9898081606421));
#3754=CARTESIAN_POINT('Ctrl Pts',(14.0507566728947,-113.371516188676,27.2861992713024));
#3755=CARTESIAN_POINT('Ctrl Pts',(16.8477782328813,-113.494188471325,33.7958549026086));
#3756=CARTESIAN_POINT('Ctrl Pts',(16.0801677313132,-113.616860753974,40.8403731991863));
#3757=CARTESIAN_POINT('Ctrl Pts',(11.9532095601997,-113.739533036622,46.5988291181288));
#3758=CARTESIAN_POINT('Ctrl Pts',(5.52527956692548,-113.862205319271,49.5827431882095));
#3759=CARTESIAN_POINT('Ctrl Pts',(-1.53685619580952,-113.98487760192,49.0244191044656));
#3760=CARTESIAN_POINT('Ctrl Pts',(-7.41454918575808,-114.107549884568,45.0637992315022));
#3761=CARTESIAN_POINT('Ctrl Pts',(-10.5836755601205,-114.230222167217,38.7309660680683));
#3762=CARTESIAN_POINT('Ctrl Pts',(-10.2358104684043,-114.352894449866,31.6475672424652));
#3763=CARTESIAN_POINT('Ctrl Pts',(-6.86404364799691,-114.461936478887,26.3343676007374));
#3764=CARTESIAN_POINT('Ctrl Pts',(-1.04467077098749,-114.584608761535,22.5183329546763));
#3765=CARTESIAN_POINT('Ctrl Pts',(7.41325375384225,-114.727726424626,21.9417589678871));
#3766=CARTESIAN_POINT('Ctrl Pts',(15.8303770405884,-114.904919721785,28.5064480915956));
#3767=CARTESIAN_POINT('Ctrl Pts',(17.341644488015,-115.088928145758,39.4807617260526));
#3768=CARTESIAN_POINT('Ctrl Pts',(10.7847203611839,-115.272936569731,48.410602595));
#3769=CARTESIAN_POINT('Ctrl Pts',(-0.142528060350654,-115.456944993704,
50.2437818316638));
#3770=CARTESIAN_POINT('Ctrl Pts',(-9.25779407328016,-115.640953417677,43.9533958657197));
#3771=CARTESIAN_POINT('Ctrl Pts',(-11.4142499432535,-115.82496184165,33.0763032686664));
#3772=CARTESIAN_POINT('Ctrl Pts',(-6.38893995134246,-115.978302194961,25.346725034384));
#3773=CARTESIAN_POINT('Ctrl Pts',(0.0129562710929833,-116.100974477609,
22.5366838030284));
#3774=CARTESIAN_POINT('Ctrl Pts',(5.82171734173971,-116.203201379817,22.3371788538209));
#3775=CARTESIAN_POINT('Ctrl Pts',(11.7684339381267,-116.315650972244,24.9712489697479));
#3776=CARTESIAN_POINT('Ctrl Pts',(15.9855570766678,-116.438323254893,30.6539971072142));
#3777=CARTESIAN_POINT('Ctrl Pts',(17.0451467853763,-116.581440917983,38.8615321418643));
#3778=CARTESIAN_POINT('Ctrl Pts',(12.2066234894569,-116.745003961515,47.4200916058223));
#3779=CARTESIAN_POINT('Ctrl Pts',(1.54879548707463,-116.929012385488,50.5233349460665));
#3780=CARTESIAN_POINT('Ctrl Pts',(-6.58595951929048,-117.082352738799,46.1933154646689));
#3781=CARTESIAN_POINT('Ctrl Pts',(-9.94809674290335,-117.205025021447,40.0638198078438));
#3782=CARTESIAN_POINT('Ctrl Pts',(-10.6558229708789,-117.307251923655,34.2920020771032));
#3783=CARTESIAN_POINT('Ctrl Pts',(-8.55308316630402,-117.419701516083,28.1435597477996));
#3784=CARTESIAN_POINT('Ctrl Pts',(-3.26043959210266,-117.542373798731,23.4345383054881));
#3785=CARTESIAN_POINT('Ctrl Pts',(3.66400991741417,-117.66504608138,21.932568841916));
#3786=CARTESIAN_POINT('Ctrl Pts',(10.4325271641241,-117.787718364029,24.028169952989));
#3787=CARTESIAN_POINT('Ctrl Pts',(15.2960538779682,-117.910390646677,29.1818753571187));
#3788=CARTESIAN_POINT('Ctrl Pts',(16.8560701674442,-118.022840239105,35.4852794980898));
#3789=CARTESIAN_POINT('Ctrl Pts',(15.6552708634402,-118.125067141312,41.1811829624187));
#3790=CARTESIAN_POINT('Ctrl Pts',(12.733048321522,-118.217071353299,45.527248055166));
#3791=CARTESIAN_POINT('Ctrl Pts',(8.39046595047521,-118.309075565285,48.4534951738178));
#3792=CARTESIAN_POINT('Ctrl Pts',(3.2626168468276,-118.401079777272,49.5372322583204));
#3793=CARTESIAN_POINT('Ctrl Pts',(-1.88584562058788,-118.493083989258,48.6045491359236));
#3794=CARTESIAN_POINT('Ctrl Pts',(-7.81094361588582,-118.615756271907,44.8966913320892));
#3795=CARTESIAN_POINT('Ctrl Pts',(-11.668168000305,-118.769096625218,36.5183665315434));
#3796=CARTESIAN_POINT('Ctrl Pts',(-7.95473989709933,-118.953105049191,26.0727663103411));
#3797=CARTESIAN_POINT('Ctrl Pts',(1.97481328286853,-119.137113473164,21.1662415827908));
#3798=CARTESIAN_POINT('Ctrl Pts',(12.5208814518983,-119.321121897137,24.5633286359308));
#3799=CARTESIAN_POINT('Ctrl Pts',(17.7156738733112,-119.50513032111,34.3497779335585));
#3800=CARTESIAN_POINT('Ctrl Pts',(14.6295813275978,-119.689138745083,44.9866901418336));
#3801=CARTESIAN_POINT('Ctrl Pts',(4.99538528166402,-119.873147169056,50.4720423239444));
#3802=CARTESIAN_POINT('Ctrl Pts',(-3.93198709180263,-120.026487522367,48.1492419636294));
#3803=CARTESIAN_POINT('Ctrl Pts',(-8.61395823933704,-120.149159805016,42.9642218992491));
#3804=CARTESIAN_POINT('Ctrl Pts',(-11.0671535726581,-120.271832087664,36.4277112915146));
#3805=CARTESIAN_POINT('Ctrl Pts',(-9.02830888465787,-120.425172440975,27.4203759931224));
#3806=CARTESIAN_POINT('Ctrl Pts',(-0.764914474015598,-120.588735484507,
22.0750688169936));
#3807=CARTESIAN_POINT('Ctrl Pts',(7.48970389279212,-120.731853147597,22.6493373720749));
#3808=CARTESIAN_POINT('Ctrl Pts',(13.4114945481315,-120.854525430245,26.5208799702613));
#3809=CARTESIAN_POINT('Ctrl Pts',(16.6675579289349,-120.977197712894,32.8253637398199));
#3810=CARTESIAN_POINT('Ctrl Pts',(16.4267300206516,-121.086239741915,39.1095191308667));
#3811=CARTESIAN_POINT('Ctrl Pts',(13.3085613734748,-121.208912024564,45.3377389523046));
#3812=CARTESIAN_POINT('Ctrl Pts',(8.63389541493944,-121.304323799957,48.4948602811386));
#3813=CARTESIAN_POINT('Ctrl Pts',(4.10024022928959,-121.386105321723,49.2231808460647));
#3814=CARTESIAN_POINT('Ctrl Pts',(-0.489871324448527,-121.467886843489,
49.205722442709));
#3815=CARTESIAN_POINT('Ctrl Pts',(-6.33493965586698,-121.57692887251,46.4728771126884));
#3816=CARTESIAN_POINT('Ctrl Pts',(-10.3445722280322,-121.713231408786,39.6879198359408));
#3817=CARTESIAN_POINT('Ctrl Pts',(-10.5003044224496,-121.835903691435,32.6097045872715));
#3818=CARTESIAN_POINT('Ctrl Pts',(-7.14745215017579,-121.958575974084,26.364338638092));
#3819=CARTESIAN_POINT('Ctrl Pts',(-0.913661517213348,-122.086359601843,
22.4137335718679));
#3820=CARTESIAN_POINT('Ctrl Pts',(6.82786029823793,-122.219254574712,22.2663216287456));
#3821=CARTESIAN_POINT('Ctrl Pts',(13.6436404002951,-122.357260892692,26.5367163463608));
#3822=CARTESIAN_POINT('Ctrl Pts',(17.0189491288671,-122.495267210671,33.8347343804419));
#3823=CARTESIAN_POINT('Ctrl Pts',(15.857855626983,-122.633273528651,41.792589903707));
#3824=CARTESIAN_POINT('Ctrl Pts',(10.5372189019449,-122.771279846631,47.8223060225919));
#3825=CARTESIAN_POINT('Ctrl Pts',(2.78633034059516,-122.909286164611,49.9653092677547));
#3826=CARTESIAN_POINT('Ctrl Pts',(-4.87609694787837,-123.04729248259,47.5247405444696));
#3827=CARTESIAN_POINT('Ctrl Pts',(-9.95991955461949,-123.18529880057,41.293915085961));
#3828=CARTESIAN_POINT('Ctrl Pts',(-10.8130766492761,-123.32330511855,33.2976252129636));
#3829=CARTESIAN_POINT('Ctrl Pts',(-7.15826799783587,-123.46131143653,26.1343949092111));
#3830=CARTESIAN_POINT('Ctrl Pts',(-0.18328358729214,-123.59931775451,22.1322705262284));
#3831=CARTESIAN_POINT('Ctrl Pts',(7.84534225795279,-123.737324072489,22.5914031166041));
#3832=CARTESIAN_POINT('Ctrl Pts',(14.3182305206099,-123.875330390469,27.3634865709244));
#3833=CARTESIAN_POINT('Ctrl Pts',(17.1324645358115,-124.013336708449,34.8958708916578));
#3834=CARTESIAN_POINT('Ctrl Pts',(15.3722687402594,-124.151343026429,42.7445507455808));
#3835=CARTESIAN_POINT('Ctrl Pts',(11.5319193658033,-124.243347238415,46.4810627399736));
#3836=CARTESIAN_POINT('Ctrl Pts',(9.25546555883842,-124.289349344408,47.6751443989974));
#3837=CARTESIAN_POINT('Ctrl Pts',(11.9287952065923,-108.680405856328,26.2527735693042));
#3838=CARTESIAN_POINT('Ctrl Pts',(13.7802859647208,-108.726407962322,27.9619875956953));
#3839=CARTESIAN_POINT('Ctrl Pts',(16.465878066828,-108.818412174308,32.4757096500683));
#3840=CARTESIAN_POINT('Ctrl Pts',(16.1366887640831,-108.956418492288,40.3534841066677));
#3841=CARTESIAN_POINT('Ctrl Pts',(11.5573688853249,-109.094424810267,46.7687652935814));
#3842=CARTESIAN_POINT('Ctrl Pts',(4.2162575184219,-109.232431128248,49.6406918306632));
#3843=CARTESIAN_POINT('Ctrl Pts',(-3.50106462618094,-109.370437446227,48.0340452181587));
#3844=CARTESIAN_POINT('Ctrl Pts',(-9.08665325135256,-109.508443764207,42.471898867366));
#3845=CARTESIAN_POINT('Ctrl Pts',(-10.7253213861026,-109.646450082187,34.7612917981805));
#3846=CARTESIAN_POINT('Ctrl Pts',(-7.8846272448811,-109.784456400167,27.4082900098454));
#3847=CARTESIAN_POINT('Ctrl Pts',(-1.48753692407292,-109.922462718146,22.8020961064095));
#3848=CARTESIAN_POINT('Ctrl Pts',(6.38668813592725,-110.060469036126,22.4400883762197));
#3849=CARTESIAN_POINT('Ctrl Pts',(13.1799204932528,-110.198475354106,26.4389912323258));
#3850=CARTESIAN_POINT('Ctrl Pts',(16.6829454403785,-110.336481672085,33.5011043946536));
#3851=CARTESIAN_POINT('Ctrl Pts',(15.7606408522422,-110.474487990065,41.3277064049277));
#3852=CARTESIAN_POINT('Ctrl Pts',(10.7060601940697,-110.612494308045,47.3829637276131));
#3853=CARTESIAN_POINT('Ctrl Pts',(3.17544088478283,-110.750500626025,49.6835746402238));
#3854=CARTESIAN_POINT('Ctrl Pts',(-5.25498715008607,-110.903840979336,47.2721965121435));
#3855=CARTESIAN_POINT('Ctrl Pts',(-11.0064941640396,-111.072515367978,39.1606133557077));
#3856=CARTESIAN_POINT('Ctrl Pts',(-9.32565666276699,-111.256523791951,28.4243711592271));
#3857=CARTESIAN_POINT('Ctrl Pts',(-0.643347465874305,-111.440532215924,
21.8984851548919));
#3858=CARTESIAN_POINT('Ctrl Pts',(9.72492651813239,-111.617725513083,23.2191039817305));
#3859=CARTESIAN_POINT('Ctrl Pts',(16.2234832824652,-111.788103683428,30.6937121502983));
#3860=CARTESIAN_POINT('Ctrl Pts',(16.5259252084414,-111.951666726959,40.1880873299027));
#3861=CARTESIAN_POINT('Ctrl Pts',(11.9514788903581,-112.081154136422,46.1593212035598));
#3862=CARTESIAN_POINT('Ctrl Pts',(7.18870234440936,-112.176565911816,48.4169955093567));
#3863=CARTESIAN_POINT('Ctrl Pts',(2.75550573811366,-112.258347433581,49.2764421827828));
#3864=CARTESIAN_POINT('Ctrl Pts',(-2.92253308479769,-112.360574335789,48.1495029222444));
#3865=CARTESIAN_POINT('Ctrl Pts',(-8.18916820789955,-112.483246618437,43.6230485261428));
#3866=CARTESIAN_POINT('Ctrl Pts',(-10.5532698850129,-112.605918901086,37.0911124077257));
#3867=CARTESIAN_POINT('Ctrl Pts',(-9.39856703166633,-112.728591183735,30.2432241486482));
#3868=CARTESIAN_POINT('Ctrl Pts',(-5.0288888734878,-112.851263466383,24.8436542893054));
#3869=CARTESIAN_POINT('Ctrl Pts',(1.43078943560217,-112.973935749032,22.2928920207704));
#3870=CARTESIAN_POINT('Ctrl Pts',(8.31071466441155,-113.096608031681,23.2442441019202));
#3871=CARTESIAN_POINT('Ctrl Pts',(13.8335321878761,-113.219280314329,27.4557410614732));
#3872=CARTESIAN_POINT('Ctrl Pts',(16.5752388616632,-113.341952596978,33.8367430153702));
#3873=CARTESIAN_POINT('Ctrl Pts',(15.8227677749343,-113.464624879627,40.742019199355));
#3874=CARTESIAN_POINT('Ctrl Pts',(11.7773542468605,-113.587297162275,46.3866370492782));
#3875=CARTESIAN_POINT('Ctrl Pts',(5.4764617113525,-113.709969444924,49.3115425868518));
#3876=CARTESIAN_POINT('Ctrl Pts',(-1.44608469503011,-113.832641727573,48.7642211818837));
#3877=CARTESIAN_POINT('Ctrl Pts',(-7.20758360829337,-113.955314010221,44.8818576344746));
#3878=CARTESIAN_POINT('Ctrl Pts',(-10.3140410762208,-114.07798629287,38.6741814284595));
#3879=CARTESIAN_POINT('Ctrl Pts',(-9.97301873372721,-114.200658575519,31.730791254616));
#3880=CARTESIAN_POINT('Ctrl Pts',(-6.66787188307342,-114.30970060454,26.5226254453489));
#3881=CARTESIAN_POINT('Ctrl Pts',(-0.963504143710892,-114.432372887188,
22.7820437905217));
#3882=CARTESIAN_POINT('Ctrl Pts',(7.32724782446339,-114.575490550279,22.2169054702552));
#3883=CARTESIAN_POINT('Ctrl Pts',(15.5779717588633,-114.752683847438,28.6518793211248));
#3884=CARTESIAN_POINT('Ctrl Pts',(17.059317123786,-114.936692271411,39.4092870224312));
#3885=CARTESIAN_POINT('Ctrl Pts',(10.631952403159,-115.120700695384,48.1625944476755));
#3886=CARTESIAN_POINT('Ctrl Pts',(-0.0793218524154821,-115.304709119357,
49.9594890684164));
#3887=CARTESIAN_POINT('Ctrl Pts',(-9.01439063914958,-115.48871754333,43.7933933809936));
#3888=CARTESIAN_POINT('Ctrl Pts',(-11.1281723973183,-115.672725967303,33.1312820888243));
#3889=CARTESIAN_POINT('Ctrl Pts',(-6.20215425713076,-115.826066320614,25.5545063561316));
#3890=CARTESIAN_POINT('Ctrl Pts',(0.0732182688269227,-115.948738603262,
22.8000368497119));
#3891=CARTESIAN_POINT('Ctrl Pts',(5.76716710931009,-116.05096550547,22.6045022671857));
#3892=CARTESIAN_POINT('Ctrl Pts',(11.5963315188974,-116.163415097897,25.1865363192398));
#3893=CARTESIAN_POINT('Ctrl Pts',(15.7300745814344,-116.286087380546,30.7569816451783));
#3894=CARTESIAN_POINT('Ctrl Pts',(16.7686827346244,-116.429205043636,38.8022954497802));
#3895=CARTESIAN_POINT('Ctrl Pts',(12.0257554948853,-116.592768087168,47.1916680402569));
#3896=CARTESIAN_POINT('Ctrl Pts',(1.57857051084835,-116.776776511141,50.2335245469269));
#3897=CARTESIAN_POINT('Ctrl Pts',(-6.39537670361783,-116.930116864452,45.9890522549278));
#3898=CARTESIAN_POINT('Ctrl Pts',(-9.69103100862489,-117.0527891471,39.9806935860485));
#3899=CARTESIAN_POINT('Ctrl Pts',(-10.3847417861985,-117.155016049308,34.3229555147692));
#3900=CARTESIAN_POINT('Ctrl Pts',(-8.32353508845129,-117.267465641736,28.2960501113144));
#3901=CARTESIAN_POINT('Ctrl Pts',(-3.13548141732069,-117.390137924384,23.680129552219));
#3902=CARTESIAN_POINT('Ctrl Pts',(3.65210976939578,-117.512810207033,22.207879533549));
#3903=CARTESIAN_POINT('Ctrl Pts',(10.2868340228805,-117.635482489682,24.2620915251219));
#3904=CARTESIAN_POINT('Ctrl Pts',(15.0542066240735,-117.75815477233,29.3139539302381));
#3905=CARTESIAN_POINT('Ctrl Pts',(16.583359035077,-117.870604364758,35.4927753008009));
#3906=CARTESIAN_POINT('Ctrl Pts',(15.4062676258659,-117.972831266965,41.0760907032737));
#3907=CARTESIAN_POINT('Ctrl Pts',(12.5417840825788,-118.064835478952,45.3362399701404));
#3908=CARTESIAN_POINT('Ctrl Pts',(8.28502146628387,-118.156839690938,48.2046280837248));
#3909=CARTESIAN_POINT('Ctrl Pts',(3.25852189908606,-118.248843902925,49.2669206679029));
#3910=CARTESIAN_POINT('Ctrl Pts',(-1.78817420867258,-118.340848114912,48.3526485348046));
#3911=CARTESIAN_POINT('Ctrl Pts',(-7.5961423198765,-118.46352039756,44.7180508630901));
#3912=CARTESIAN_POINT('Ctrl Pts',(-11.377087660925,-118.616860750871,36.5053100132675));
#3913=CARTESIAN_POINT('Ctrl Pts',(-7.73700873999905,-118.800869174844,26.2661897605999));
#3914=CARTESIAN_POINT('Ctrl Pts',(1.99630454614134,-118.984877598817,21.4566912623002));
#3915=CARTESIAN_POINT('Ctrl Pts',(12.3339084188626,-119.16888602279,24.7866822450246));
#3916=CARTESIAN_POINT('Ctrl Pts',(17.425977517704,-119.352894446763,34.379721513202));
#3917=CARTESIAN_POINT('Ctrl Pts',(14.4008336525188,-119.536902870736,44.8063752940127));
#3918=CARTESIAN_POINT('Ctrl Pts',(4.95703691898464,-119.720911294709,50.1832617989512));
#3919=CARTESIAN_POINT('Ctrl Pts',(-3.79387051802639,-119.87425164802,47.9063312158205));
#3920=CARTESIAN_POINT('Ctrl Pts',(-8.38327594652336,-119.996923930669,42.8237739462762));
#3921=CARTESIAN_POINT('Ctrl Pts',(-10.7879521713387,-120.119596213317,36.416449419442));
#3922=CARTESIAN_POINT('Ctrl Pts',(-8.78936435782973,-120.272936566628,27.5871582437396));
#3923=CARTESIAN_POINT('Ctrl Pts',(-0.689275310215028,-120.43649961016,22.3475422998609));
#3924=CARTESIAN_POINT('Ctrl Pts',(7.40218359214758,-120.57961727325,22.9104985782503));
#3925=CARTESIAN_POINT('Ctrl Pts',(13.2069089724882,-120.702289555898,26.7055457145134));
#3926=CARTESIAN_POINT('Ctrl Pts',(16.398585224084,-120.824961838547,32.8854332718638));
#3927=CARTESIAN_POINT('Ctrl Pts',(16.1624881415428,-120.934003867568,39.0453779683699));
#3928=CARTESIAN_POINT('Ctrl Pts',(13.1059227046112,-121.056676150217,45.15047929232));
#3929=CARTESIAN_POINT('Ctrl Pts',(8.52363922918775,-121.15208792561,48.2451767218983));
#3930=CARTESIAN_POINT('Ctrl Pts',(4.0795906856635,-121.233869447376,48.9590805442073));
#3931=CARTESIAN_POINT('Ctrl Pts',(-0.41979486400098,-121.315650969142,48.9419458413862));
#3932=CARTESIAN_POINT('Ctrl Pts',(-6.14931967905649,-121.424692998163,46.2630893916226));
#3933=CARTESIAN_POINT('Ctrl Pts',(-10.07966820089,-121.560995534439,39.6122216248244));
#3934=CARTESIAN_POINT('Ctrl Pts',(-10.2322893084978,-121.683667817088,32.673910226849));
#3935=CARTESIAN_POINT('Ctrl Pts',(-6.94567880956319,-121.806340099737,26.5520027700022));
#3936=CARTESIAN_POINT('Ctrl Pts',(-0.835083868357519,-121.934123727496,
22.6795124785123));
#3937=CARTESIAN_POINT('Ctrl Pts',(6.7534234611773,-122.067018700365,22.5350502568078));
#3938=CARTESIAN_POINT('Ctrl Pts',(13.4344662683822,-122.205025018345,26.7210701574529));
#3939=CARTESIAN_POINT('Ctrl Pts',(16.7430262955511,-122.343031336324,33.8748548173196));
#3940=CARTESIAN_POINT('Ctrl Pts',(15.6048453500373,-122.481037654304,41.6754138142929));
#3941=CARTESIAN_POINT('Ctrl Pts',(10.3893456773385,-122.619043972284,47.5859247080206));
#3942=CARTESIAN_POINT('Ctrl Pts',(2.79164744801666,-122.757050290264,49.6865342965885));
#3943=CARTESIAN_POINT('Ctrl Pts',(-4.71931664776621,-122.895056608244,47.2941689931317));
#3944=CARTESIAN_POINT('Ctrl Pts',(-9.70262586429545,-123.033062926223,41.1864753413661));
#3945=CARTESIAN_POINT('Ctrl Pts',(-10.538882634212,-123.171069244203,33.3482322900729));
#3946=CARTESIAN_POINT('Ctrl Pts',(-6.9562798056808,-123.309075562183,26.3266039471813));
#3947=CARTESIAN_POINT('Ctrl Pts',(-0.119140924376939,-123.447081880163,
22.4036160961653));
#3948=CARTESIAN_POINT('Ctrl Pts',(7.75079285132834,-123.585088198142,22.8537110792532));
#3949=CARTESIAN_POINT('Ctrl Pts',(14.0957189171162,-123.723094516122,27.5315019832383));
#3950=CARTESIAN_POINT('Ctrl Pts',(16.8542930707491,-123.861100834102,34.9150179465654));
#3951=CARTESIAN_POINT('Ctrl Pts',(15.1288519058298,-123.999107152082,42.6085563978959));
#3952=CARTESIAN_POINT('Ctrl Pts',(11.3643916188851,-124.091111364068,46.2711964226238));
#3953=CARTESIAN_POINT('Ctrl Pts',(9.1329275355421,-124.137113470061,47.4416658413605));
#3954=CARTESIAN_POINT('Ctrl Pts',(11.7499853002979,-108.528170025359,26.446564267692));
#3955=CARTESIAN_POINT('Ctrl Pts',(13.5641339144474,-108.574172131352,28.121322846027));
#3956=CARTESIAN_POINT('Ctrl Pts',(16.1955509592416,-108.666176343338,32.5440433278129));
#3957=CARTESIAN_POINT('Ctrl Pts',(15.8729600318164,-108.804182661318,40.2629681337));
#3958=CARTESIAN_POINT('Ctrl Pts',(11.3859457811905,-108.942188979298,46.5488682200363));
#3959=CARTESIAN_POINT('Ctrl Pts',(4.19284673350529,-109.080195297278,49.3628482907563));
#3960=CARTESIAN_POINT('Ctrl Pts',(-3.36885473980341,-109.218201615257,47.7885595961909));
#3961=CARTESIAN_POINT('Ctrl Pts',(-8.8417873258423,-109.356207933237,42.3385408082287));
#3962=CARTESIAN_POINT('Ctrl Pts',(-10.4473746552227,-109.494214251217,34.7834027671611));
#3963=CARTESIAN_POINT('Ctrl Pts',(-7.66392367698059,-109.632220569197,27.578681643939));
#3964=CARTESIAN_POINT('Ctrl Pts',(-1.39580168949198,-109.770226887176,23.0653993731041));
#3965=CARTESIAN_POINT('Ctrl Pts',(6.31964874905335,-109.908233205156,22.710730596044));
#3966=CARTESIAN_POINT('Ctrl Pts',(12.975881875986,-110.046239523136,26.6290332852832));
#3967=CARTESIAN_POINT('Ctrl Pts',(16.4082362397894,-110.184245841115,33.5487630261284));
#3968=CARTESIAN_POINT('Ctrl Pts',(15.5044899015781,-110.322252159095,41.2175442626455));
#3969=CARTESIAN_POINT('Ctrl Pts',(10.5517998653106,-110.460258477075,47.1506776531845));
#3970=CARTESIAN_POINT('Ctrl Pts',(3.1730169857407,-110.598264795055,49.4048611999298));
#3971=CARTESIAN_POINT('Ctrl Pts',(-5.08740723308794,-110.751605148366,47.0420640847523));
#3972=CARTESIAN_POINT('Ctrl Pts',(-10.7228998600235,-110.920279537008,39.0940146855121));
#3973=CARTESIAN_POINT('Ctrl Pts',(-9.07590116001429,-111.104287960981,28.5742672498491));
#3974=CARTESIAN_POINT('Ctrl Pts',(-0.568630005644985,-111.288296384954,
22.1800131213342));
#3975=CARTESIAN_POINT('Ctrl Pts',(9.59057075725879,-111.465489682113,23.4740547806074));
#3976=CARTESIAN_POINT('Ctrl Pts',(15.9580527579301,-111.635867852458,30.7979769390228));
#3977=CARTESIAN_POINT('Ctrl Pts',(16.2543487125404,-111.79943089599,40.1009083771603));
#3978=CARTESIAN_POINT('Ctrl Pts',(11.7721119738506,-111.928918305452,45.9517149759886));
#3979=CARTESIAN_POINT('Ctrl Pts',(7.10536109454108,-112.024330080846,48.163841543391));
#3980=CARTESIAN_POINT('Ctrl Pts',(2.76155147851084,-112.106111602611,49.0059360889759));
#3981=CARTESIAN_POINT('Ctrl Pts',(-2.80198932722087,-112.208338504819,47.9016920979381));
#3982=CARTESIAN_POINT('Ctrl Pts',(-7.96240499504144,-112.331010787467,43.4664830947079));
#3983=CARTESIAN_POINT('Ctrl Pts',(-10.2788040714142,-112.453683070116,37.0662455695785));
#3984=CARTESIAN_POINT('Ctrl Pts',(-9.14735046086879,-112.576355352765,30.3564443935492));
#3985=CARTESIAN_POINT('Ctrl Pts',(-4.86575578302379,-112.699027635414,25.0657737106464));
#3986=CARTESIAN_POINT('Ctrl Pts',(1.46368187846003,-112.821699918062,22.5664775183756));
#3987=CARTESIAN_POINT('Ctrl Pts',(8.20487504596466,-112.944372200711,23.4986808966733));
#3988=CARTESIAN_POINT('Ctrl Pts',(13.6163090100229,-113.067044483359,27.6252845695129));
#3989=CARTESIAN_POINT('Ctrl Pts',(16.3026997846873,-113.189716766008,33.877633266851));
#3990=CARTESIAN_POINT('Ctrl Pts',(15.5653670233384,-113.312389048657,40.6436672063524));
#3991=CARTESIAN_POINT('Ctrl Pts',(11.6014972546266,-113.435061331305,46.1744463376238));
#3992=CARTESIAN_POINT('Ctrl Pts',(5.42764172669103,-113.557733613954,49.040342341866));
#3993=CARTESIAN_POINT('Ctrl Pts',(-1.35531522370108,-113.680405896603,48.5040225233241));
#3994=CARTESIAN_POINT('Ctrl Pts',(-7.00061943615814,-113.803078179252,44.6999143988054));
#3995=CARTESIAN_POINT('Ctrl Pts',(-10.0444070112842,-113.9257504619,38.6173946712979));
#3996=CARTESIAN_POINT('Ctrl Pts',(-9.71022632188417,-114.048422744549,31.8140132162946));
#3997=CARTESIAN_POINT('Ctrl Pts',(-6.47169862462868,-114.15746477357,26.7108817714064));
#3998=CARTESIAN_POINT('Ctrl Pts',(-0.882335443014173,-114.280137056219,
23.0457540157581));
#3999=CARTESIAN_POINT('Ctrl Pts',(7.24124404214158,-114.423254719309,22.4920526726874));
#4000=CARTESIAN_POINT('Ctrl Pts',(15.3255675921007,-114.600448016468,28.7973125417464));
#4001=CARTESIAN_POINT('Ctrl Pts',(16.7769891726141,-114.784456440441,39.337814523465));
#4002=CARTESIAN_POINT('Ctrl Pts',(10.4791824877928,-114.968464864414,47.9145874732301));
#4003=CARTESIAN_POINT('Ctrl Pts',(-0.0161178653377422,-115.152473288387,
49.675195782788));
#4004=CARTESIAN_POINT('Ctrl Pts',(-8.77098843498577,-115.33648171236,43.6333889743219));
#4005=CARTESIAN_POINT('Ctrl Pts',(-10.8420943933229,-115.520490136333,33.1862586733213));
#4006=CARTESIAN_POINT('Ctrl Pts',(-6.01536691734979,-115.673830489644,25.7622862347686));
#4007=CARTESIAN_POINT('Ctrl Pts',(0.133482335215672,-115.796502772292,23.0633894496153));
#4008=CARTESIAN_POINT('Ctrl Pts',(5.71261896567957,-115.8987296745,22.8718261334296));
#4009=CARTESIAN_POINT('Ctrl Pts',(11.4242307694608,-116.011179266928,25.4018250375445));
#4010=CARTESIAN_POINT('Ctrl Pts',(15.474592868403,-116.133851549576,30.8599681942656));
#4011=CARTESIAN_POINT('Ctrl Pts',(16.4922181934752,-116.276969212666,38.7430609176015));
#4012=CARTESIAN_POINT('Ctrl Pts',(11.8448856936412,-116.440532256198,46.963245869542));
#4013=CARTESIAN_POINT('Ctrl Pts',(1.60834326733337,-116.624540680171,49.9437138867911));
#4014=CARTESIAN_POINT('Ctrl Pts',(-6.20479546961073,-116.777881033482,45.7847875326627));
#4015=CARTESIAN_POINT('Ctrl Pts',(-9.43396590084997,-116.900553316131,39.8975653426416));
#4016=CARTESIAN_POINT('Ctrl Pts',(-10.1136603330345,-117.002780218338,34.3539068319822));
#4017=CARTESIAN_POINT('Ctrl Pts',(-8.09398579408645,-117.115229810766,28.4485386913818));
#4018=CARTESIAN_POINT('Ctrl Pts',(-3.01052130682567,-117.237902093414,23.9257198436374));
#4019=CARTESIAN_POINT('Ctrl Pts',(3.64021177681905,-117.360574376063,22.4831903447818));
#4020=CARTESIAN_POINT('Ctrl Pts',(10.1411426999348,-117.483246658712,24.496014260976));
#4021=CARTESIAN_POINT('Ctrl Pts',(14.812360381597,-117.60591894136,29.4460344104769));
#4022=CARTESIAN_POINT('Ctrl Pts',(16.3106479353107,-117.718368533788,35.5002732403912));
#4023=CARTESIAN_POINT('Ctrl Pts',(15.1572635411822,-117.820595435996,40.9710003845459));
#4024=CARTESIAN_POINT('Ctrl Pts',(12.3505183291026,-117.912599647982,45.1452333649955));
#4025=CARTESIAN_POINT('Ctrl Pts',(8.17957502256118,-118.004603859969,47.9557617957307));
#4026=CARTESIAN_POINT('Ctrl Pts',(3.25442483354775,-118.096608071955,48.9966090836381));
#4027=CARTESIAN_POINT('Ctrl Pts',(-1.69050476055457,-118.188612283942,48.1007471444517));
#4028=CARTESIAN_POINT('Ctrl Pts',(-7.38134240270123,-118.31128456659,44.5394086944435));
#4029=CARTESIAN_POINT('Ctrl Pts',(-11.0860073957755,-118.464624919901,36.4922512136777));
#4030=CARTESIAN_POINT('Ctrl Pts',(-7.51927604696201,-118.648633343874,26.4596115238391));
#4031=CARTESIAN_POINT('Ctrl Pts',(2.0177980866298,-118.832641767847,21.747140801332));
#4032=CARTESIAN_POINT('Ctrl Pts',(12.1469371174586,-119.01665019182,25.010037340122));
#4033=CARTESIAN_POINT('Ctrl Pts',(17.1362813688628,-119.200658615793,34.4096673649693));
#4034=CARTESIAN_POINT('Ctrl Pts',(14.1720845430772,-119.384667039766,44.626062220697));
#4035=CARTESIAN_POINT('Ctrl Pts',(4.9186862905329,-119.568675463739,49.8944815466926));
#4036=CARTESIAN_POINT('Ctrl Pts',(-3.65575583370183,-119.72201581705,47.6634193627411));
#4037=CARTESIAN_POINT('Ctrl Pts',(-8.15259473173784,-119.844688099699,42.6833241728576));
#4038=CARTESIAN_POINT('Ctrl Pts',(-10.5087508315655,-119.967360382348,36.4051853592801));
#4039=CARTESIAN_POINT('Ctrl Pts',(-8.55041850159818,-120.120700735658,27.7539386386286));
#4040=CARTESIAN_POINT('Ctrl Pts',(-0.613634004849532,-120.28426377919,22.6200152164233));
#4041=CARTESIAN_POINT('Ctrl Pts',(7.31466532885009,-120.42738144228,23.171660495036));
#4042=CARTESIAN_POINT('Ctrl Pts',(13.0023248237098,-120.550053724929,26.8902130790001));
#4043=CARTESIAN_POINT('Ctrl Pts',(16.1296129639655,-120.672726007577,32.9455049166545));
#4044=CARTESIAN_POINT('Ctrl Pts',(15.8982457346007,-120.781768036598,38.9812388694664));
#4045=CARTESIAN_POINT('Ctrl Pts',(12.9032825495381,-120.904440319247,44.9632212018435));
#4046=CARTESIAN_POINT('Ctrl Pts',(8.41338107704667,-120.99985209464,47.9954940021882));
#4047=CARTESIAN_POINT('Ctrl Pts',(4.05893907128872,-121.081633616406,48.6949803787565));
#4048=CARTESIAN_POINT('Ctrl Pts',(-0.349720463028844,-121.163415138172,
48.6781686659321));
#4049=CARTESIAN_POINT('Ctrl Pts',(-5.96370132780832,-121.272457167193,46.0533001964486));
#4050=CARTESIAN_POINT('Ctrl Pts',(-9.8147647412226,-121.408759703469,39.5365213313933));
#4051=CARTESIAN_POINT('Ctrl Pts',(-9.96427366601642,-121.531431986118,32.7381137731768));
#4052=CARTESIAN_POINT('Ctrl Pts',(-6.7439039795455,-121.654104268767,26.7396653393898));
#4053=CARTESIAN_POINT('Ctrl Pts',(-0.756504130105043,-121.781887896526,
22.9452907951156));
#4054=CARTESIAN_POINT('Ctrl Pts',(6.67898872198845,-121.914782869395,22.8037794937251));
#4055=CARTESIAN_POINT('Ctrl Pts',(13.2252935604758,-122.052789187375,26.9054256247187));
#4056=CARTESIAN_POINT('Ctrl Pts',(16.467103750046,-122.190795505355,33.9149774193966));
#4057=CARTESIAN_POINT('Ctrl Pts',(15.3518341309648,-122.328801823334,41.5582396955123));
#4058=CARTESIAN_POINT('Ctrl Pts',(10.2414705869364,-122.466808141314,47.3495445290954));
#4059=CARTESIAN_POINT('Ctrl Pts',(2.79696237225624,-122.604814459294,49.4077592570361));
#4060=CARTESIAN_POINT('Ctrl Pts',(-4.56253813872324,-122.742820777274,47.0635961915945));
#4061=CARTESIAN_POINT('Ctrl Pts',(-9.4453329908898,-122.880827095254,41.0790335710415));
#4062=CARTESIAN_POINT('Ctrl Pts',(-10.2646881964361,-123.018833413233,33.3988372242296));
#4063=CARTESIAN_POINT('Ctrl Pts',(-6.75429008855073,-123.156839731213,26.5188114213742));
#4064=CARTESIAN_POINT('Ctrl Pts',(-0.0549961298092578,-123.294846049193,
22.6749611896929));
#4065=CARTESIAN_POINT('Ctrl Pts',(7.65624549032778,-123.432852367173,23.1160198076653));
#4066=CARTESIAN_POINT('Ctrl Pts',(13.8732086083974,-123.570858685152,27.6995191546677));
#4067=CARTESIAN_POINT('Ctrl Pts',(16.5761217289454,-123.708865003132,34.9341671822093));
#4068=CARTESIAN_POINT('Ctrl Pts',(14.8854339828834,-123.846871321112,42.4725639440289));
#4069=CARTESIAN_POINT('Ctrl Pts',(11.196862211801,-123.938875533098,46.0613313971834));
#4070=CARTESIAN_POINT('Ctrl Pts',(9.01038767156656,-123.984877639091,47.2081882212177));
#4071=CARTESIAN_POINT('Ctrl Pts',(16.6620657521922,-110.681913902867,35.8604856380133));
#4072=CARTESIAN_POINT('Ctrl Pts',(16.6631058991029,-110.668260420195,35.0824280664107));
#4073=CARTESIAN_POINT('Ctrl Pts',(16.5978824168457,-110.654606937522,34.3045521039901));
#4074=CARTESIAN_POINT('Ctrl Pts',(16.4650669062197,-110.64095345485,33.5383535053411));
#4075=CARTESIAN_POINT('Ctrl Pts',(16.0175771818783,-110.594951348857,30.9568327320202));
#4076=CARTESIAN_POINT('Ctrl Pts',(14.802789537426,-110.548949242863,28.5078722198812));
#4077=CARTESIAN_POINT('Ctrl Pts',(13.0175242165635,-110.50294713687,26.5900409287697));
#4078=CARTESIAN_POINT('Ctrl Pts',(11.232258895701,-110.456945030877,24.6722096376583));
#4079=CARTESIAN_POINT('Ctrl Pts',(8.87651589842837,-110.410942924884,23.2855075675744));
#4080=CARTESIAN_POINT('Ctrl Pts',(6.3333486625561,-110.36494081889,22.6549368840354));
#4081=CARTESIAN_POINT('Ctrl Pts',(3.79018142668383,-110.318938712897,22.0243662004963));
#4082=CARTESIAN_POINT('Ctrl Pts',(1.05958995221188,-110.272936606904,22.149926903502));
#4083=CARTESIAN_POINT('Ctrl Pts',(-1.41487728768985,-110.226934500911,23.0113763016967));
#4084=CARTESIAN_POINT('Ctrl Pts',(-3.88934452759158,-110.180932394917,23.8728256998913));
#4085=CARTESIAN_POINT('Ctrl Pts',(-6.1076875329231,-110.134930288924,25.4701637932749));
#4086=CARTESIAN_POINT('Ctrl Pts',(-7.70938965964587,-110.088928182931,27.5437598079468));
#4087=CARTESIAN_POINT('Ctrl Pts',(-9.31109178636864,-110.042926076938,29.6173558226186));
#4088=CARTESIAN_POINT('Ctrl Pts',(-10.2961530344827,-109.996923970944,32.1672097585788));
#4089=CARTESIAN_POINT('Ctrl Pts',(-10.5045459444416,-109.950921864951,34.7790610296217));
#4090=CARTESIAN_POINT('Ctrl Pts',(-10.7129388544006,-109.904919758958,37.3909123006645));
#4091=CARTESIAN_POINT('Ctrl Pts',(-10.1446634262046,-109.858917652965,40.0647609067901));
#4092=CARTESIAN_POINT('Ctrl Pts',(-8.89204268151013,-109.812915546971,42.3660858678429));
#4093=CARTESIAN_POINT('Ctrl Pts',(-7.63942193681568,-109.766913440978,44.6674108288958));
#4094=CARTESIAN_POINT('Ctrl Pts',(-5.70245587562279,-109.720911334985,46.5962121448759));
#4095=CARTESIAN_POINT('Ctrl Pts',(-3.39587905716572,-109.674909228992,47.8391737853861));
#4096=CARTESIAN_POINT('Ctrl Pts',(-1.08930223870865,-109.628907122998,49.0821354258964));
#4097=CARTESIAN_POINT('Ctrl Pts',(1.58688533701255,-109.582905017005,49.6392573909368));
#4098=CARTESIAN_POINT('Ctrl Pts',(4.19783533358871,-109.536902911012,49.4198490121717));
#4099=CARTESIAN_POINT('Ctrl Pts',(6.80878533016487,-109.490900805019,49.2004406334065));
#4100=CARTESIAN_POINT('Ctrl Pts',(9.35449774759592,-109.444898699025,48.2045019108358));
#4101=CARTESIAN_POINT('Ctrl Pts',(11.4213429535478,-109.398896593032,46.5941923321998));
#4102=CARTESIAN_POINT('Ctrl Pts',(13.4881881594996,-109.352894487039,44.9838827535638));
#4103=CARTESIAN_POINT('Ctrl Pts',(15.0761661539722,-109.306892381046,42.7592023188624));
#4104=CARTESIAN_POINT('Ctrl Pts',(15.9272200809088,-109.260890275052,40.2809498400761));
#4105=CARTESIAN_POINT('Ctrl Pts',(16.414249607216,-109.234564817661,38.8627293341706));
#4106=CARTESIAN_POINT('Ctrl Pts',(16.6599447712564,-109.20823936027,37.3614668294436));
#4107=CARTESIAN_POINT('Ctrl Pts',(16.6608148766868,-109.181913902879,35.8606637195684));
#4108=CARTESIAN_POINT('Ctrl Pts',(9.01038767156673,-123.984877639091,47.2081882212176));
#4109=CARTESIAN_POINT('Ctrl Pts',(9.27953483399147,-123.98487763907,47.0779052837149));
#4110=CARTESIAN_POINT('Ctrl Pts',(9.54422743240565,-123.984877639022,46.9378443255448));
#4111=CARTESIAN_POINT('Ctrl Pts',(9.80406269186027,-123.984877639003,46.7883569467569));
#4112=CARTESIAN_POINT('Ctrl Pts',(9.86617030062381,-123.984877638999,46.752625446512));
#4113=CARTESIAN_POINT('Ctrl Pts',(9.92800025553483,-123.984877638996,46.7163551876665));
#4114=CARTESIAN_POINT('Ctrl Pts',(9.98954678854726,-123.984877638996,46.6795506216334));
#4115=CARTESIAN_POINT('Ctrl Pts',(10.244894776832,-123.984877638995,46.5268536062816));
#4116=CARTESIAN_POINT('Ctrl Pts',(10.494499994959,-123.984877638993,46.365481077024));
#4117=CARTESIAN_POINT('Ctrl Pts',(10.7380368048235,-123.984877638988,46.1959084108261));
#4118=CARTESIAN_POINT('Ctrl Pts',(10.9845424340555,-123.984877638983,46.0242685802603));
#4119=CARTESIAN_POINT('Ctrl Pts',(11.2248312753581,-123.984877638976,45.8442271747107));
#4120=CARTESIAN_POINT('Ctrl Pts',(11.4585477464297,-123.984877638968,45.6562262149149));
#4121=CARTESIAN_POINT('Ctrl Pts',(11.6938759958723,-123.98487763896,45.4669287445251));
#4122=CARTESIAN_POINT('Ctrl Pts',(11.9225414029798,-123.98487763895,45.2695612088091));
#4123=CARTESIAN_POINT('Ctrl Pts',(12.144155657631,-123.984877638941,45.0645284246259));
#4124=CARTESIAN_POINT('Ctrl Pts',(12.3681827839091,-123.984877638931,44.8572633030495));
#4125=CARTESIAN_POINT('Ctrl Pts',(12.585004932829,-123.984877638921,44.6421647703688));
#4126=CARTESIAN_POINT('Ctrl Pts',(12.7941872535228,-123.984877638912,44.4196089285493));
#4127=CARTESIAN_POINT('Ctrl Pts',(12.9989913238885,-123.984877638903,44.2017112489696));
#4128=CARTESIAN_POINT('Ctrl Pts',(13.1964723661279,-123.984877638896,43.9766646526766));
#4129=CARTESIAN_POINT('Ctrl Pts',(13.3861837990948,-123.98487763889,43.7447886229883));
#4130=CARTESIAN_POINT('Ctrl Pts',(13.4840812183462,-123.984877638888,43.6251328672031));
#4131=CARTESIAN_POINT('Ctrl Pts',(13.5799090024407,-123.984877638886,43.5036579949535));
#4132=CARTESIAN_POINT('Ctrl Pts',(13.6736011919962,-123.984877638885,43.3804049625678));
#4133=CARTESIAN_POINT('Ctrl Pts',(13.6980712868629,-123.984877638884,43.3482143028192));
#4134=CARTESIAN_POINT('Ctrl Pts',(13.7223980506168,-123.984877638884,43.3158990922756));
#4135=CARTESIAN_POINT('Ctrl Pts',(13.7465639363549,-123.984877638884,43.2834821939426));
#4136=CARTESIAN_POINT('Ctrl Pts',(13.9292818253306,-123.984877638882,43.0383785261214));
#4137=CARTESIAN_POINT('Ctrl Pts',(14.1029829062544,-123.984877638878,42.787234654377));
#4138=CARTESIAN_POINT('Ctrl Pts',(14.267296931134,-123.984877638873,42.5304777009546));
#4139=CARTESIAN_POINT('Ctrl Pts',(14.3308744646714,-123.984877638871,42.4311315019363));
#4140=CARTESIAN_POINT('Ctrl Pts',(14.3930463077772,-123.984877638869,42.3309445093087));
#4141=CARTESIAN_POINT('Ctrl Pts',(14.4537896724994,-123.984877638866,42.2299398597536));
#4142=CARTESIAN_POINT('Ctrl Pts',(14.6080034008622,-123.98487763886,41.9735117929003));
#4143=CARTESIAN_POINT('Ctrl Pts',(14.7530129878575,-123.984877638852,41.7118159571248));
#4144=CARTESIAN_POINT('Ctrl Pts',(14.8887727406378,-123.984877638844,41.4454155750312));
#4145=CARTESIAN_POINT('Ctrl Pts',(15.0267257104817,-123.984877638836,41.1747114589382));
#4146=CARTESIAN_POINT('Ctrl Pts',(15.155127848944,-123.984877638827,40.8991490706905));
#4147=CARTESIAN_POINT('Ctrl Pts',(15.2738868625236,-123.984877638818,40.619289184401));
#4148=CARTESIAN_POINT('Ctrl Pts',(15.3929513500858,-123.98487763881,40.3387094376861));
#4149=CARTESIAN_POINT('Ctrl Pts',(15.5023232404691,-123.984877638802,40.0538094747776));
#4150=CARTESIAN_POINT('Ctrl Pts',(15.6018618106617,-123.984877638796,39.765132534333));
#4151=CARTESIAN_POINT('Ctrl Pts',(15.6683384783333,-123.984877638792,39.5723401223334));
#4152=CARTESIAN_POINT('Ctrl Pts',(15.7304282889797,-123.984877638788,39.3778626575099));
#4153=CARTESIAN_POINT('Ctrl Pts',(15.7880768363359,-123.984877638786,39.1818585086875));
#4154=CARTESIAN_POINT('Ctrl Pts',(15.8132980758042,-123.984877638785,39.0961066935777));
#4155=CARTESIAN_POINT('Ctrl Pts',(15.8376690977116,-123.984877638784,39.010062635394));
#4156=CARTESIAN_POINT('Ctrl Pts',(15.8611847212549,-123.984877638784,38.9237395001283));
#4157=CARTESIAN_POINT('Ctrl Pts',(15.8723832624038,-123.984877638784,38.8826309502915));
#4158=CARTESIAN_POINT('Ctrl Pts',(15.8833878083775,-123.984877638783,38.8414591099788));
#4159=CARTESIAN_POINT('Ctrl Pts',(15.8941977687149,-123.984877638783,38.8002253983231));
#4160=CARTESIAN_POINT('Ctrl Pts',(15.9019670661391,-123.984877638783,38.7705900472432));
#4161=CARTESIAN_POINT('Ctrl Pts',(15.9096356430123,-123.984877638783,38.7409234039229));
#4162=CARTESIAN_POINT('Ctrl Pts',(15.9172001220817,-123.984877638783,38.7112387875615));
#4163=CARTESIAN_POINT('Ctrl Pts',(15.9955573660354,-123.984877638784,38.4037483834549));
#4164=CARTESIAN_POINT('Ctrl Pts',(16.0628434446259,-123.984877638795,38.0939751314193));
#4165=CARTESIAN_POINT('Ctrl Pts',(16.1190072475475,-123.984877638811,37.7825603462465));
#4166=CARTESIAN_POINT('Ctrl Pts',(16.1737336363661,-123.984877638827,37.4791156767142));
#4167=CARTESIAN_POINT('Ctrl Pts',(16.2178997289822,-123.984877638848,37.1741116834096));
#4168=CARTESIAN_POINT('Ctrl Pts',(16.2514099380741,-123.984877638871,36.8681181487524));
#4169=CARTESIAN_POINT('Ctrl Pts',(16.2862403890506,-123.984877638895,36.5500690199391));
#4170=CARTESIAN_POINT('Ctrl Pts',(16.3095593272435,-123.984877638921,36.2309502455587));
#4171=CARTESIAN_POINT('Ctrl Pts',(16.3212019544314,-123.984877638945,35.9113857150806));
#4172=CARTESIAN_POINT('Ctrl Pts',(16.3328445816193,-123.98487763897,35.5918211846025));
#4173=CARTESIAN_POINT('Ctrl Pts',(16.3328111157352,-123.984877638993,35.2718101589522));
#4174=CARTESIAN_POINT('Ctrl Pts',(16.3208750548571,-123.984877639012,34.9519712373827));
#4175=CARTESIAN_POINT('Ctrl Pts',(16.3088403302648,-123.984877639031,34.6294885209894));
#4176=CARTESIAN_POINT('Ctrl Pts',(16.2847052637488,-123.984877639045,34.307180026744));
#4177=CARTESIAN_POINT('Ctrl Pts',(16.2486681125215,-123.984877639052,33.9856470747045));
#4178=CARTESIAN_POINT('Ctrl Pts',(16.2405345855078,-123.984877639054,33.9130776050841));
#4179=CARTESIAN_POINT('Ctrl Pts',(16.2317945180779,-123.984877639055,33.8405476906093));
#4180=CARTESIAN_POINT('Ctrl Pts',(16.2224497546406,-123.984877639055,33.7680643461916));
#4181=CARTESIAN_POINT('Ctrl Pts',(16.2183155331761,-123.984877639056,33.7359969535479));
#4182=CARTESIAN_POINT('Ctrl Pts',(16.2140629542784,-123.984877639056,33.7039386765442));
#4183=CARTESIAN_POINT('Ctrl Pts',(16.2096921678563,-123.984877639056,33.6718901257218));
#4184=CARTESIAN_POINT('Ctrl Pts',(16.20552539883,-123.984877639056,33.6413375212228));
#4185=CARTESIAN_POINT('Ctrl Pts',(16.2012518253827,-123.984877639056,33.610798481936));
#4186=CARTESIAN_POINT('Ctrl Pts',(16.1968728842596,-123.984877639056,33.5802815796833));
#4187=CARTESIAN_POINT('Ctrl Pts',(16.1533969751674,-123.984877639057,33.277297357967));
#4188=CARTESIAN_POINT('Ctrl Pts',(16.0995063589999,-123.984877639057,32.9762551170618));
#4189=CARTESIAN_POINT('Ctrl Pts',(16.035507223383,-123.984877639055,32.6776532209455));
#4190=CARTESIAN_POINT('Ctrl Pts',(15.970755253395,-123.984877639053,32.3755388122227));
#4191=CARTESIAN_POINT('Ctrl Pts',(15.8956554637178,-123.98487763905,32.0759219426667));
#4192=CARTESIAN_POINT('Ctrl Pts',(15.8104711968577,-123.984877639046,31.7793158725119));
#4193=CARTESIAN_POINT('Ctrl Pts',(15.7247441871563,-123.984877639042,31.480820007126));
#4194=CARTESIAN_POINT('Ctrl Pts',(15.6288036555369,-123.984877639037,31.18537283956));
#4195=CARTESIAN_POINT('Ctrl Pts',(15.5228655654741,-123.984877639031,30.893503263087));
#4196=CARTESIAN_POINT('Ctrl Pts',(15.4172405086218,-123.984877639026,30.6024961230666));
#4197=CARTESIAN_POINT('Ctrl Pts',(15.3016766873456,-123.984877639021,30.3150448822866));
#4198=CARTESIAN_POINT('Ctrl Pts',(15.1763388035496,-123.984877639017,30.0316882301802));
#4199=CARTESIAN_POINT('Ctrl Pts',(15.0520160508368,-123.984877639013,29.7506265278246));
#4200=CARTESIAN_POINT('Ctrl Pts',(14.9180766917194,-123.984877639009,29.4735928104742));
#4201=CARTESIAN_POINT('Ctrl Pts',(14.7746360748686,-123.984877639008,29.2011354070113));
#4202=CARTESIAN_POINT('Ctrl Pts',(14.7066405582911,-123.984877639008,29.0719817384021));
#4203=CARTESIAN_POINT('Ctrl Pts',(14.6365094033064,-123.984877639007,28.9438567794038));
#4204=CARTESIAN_POINT('Ctrl Pts',(14.5642515073579,-123.984877639008,28.8168212782828));
#4205=CARTESIAN_POINT('Ctrl Pts',(14.5410171115837,-123.984877639008,28.7759732426229));
#4206=CARTESIAN_POINT('Ctrl Pts',(14.5175593343517,-123.984877639008,28.7352320081775));
#4207=CARTESIAN_POINT('Ctrl Pts',(14.4938965811882,-123.984877639008,28.6946304649318));
#4208=CARTESIAN_POINT('Ctrl Pts',(14.335705856926,-123.98487763901,28.4232001927314));
#4209=CARTESIAN_POINT('Ctrl Pts',(14.1682508476005,-123.984877639013,28.1578163107177));
#4210=CARTESIAN_POINT('Ctrl Pts',(13.9917784878173,-123.984877639017,27.8989978776433));
#4211=CARTESIAN_POINT('Ctrl Pts',(13.9483642712111,-123.984877639018,27.8353255862488));
#4212=CARTESIAN_POINT('Ctrl Pts',(13.9044040703968,-123.984877639019,27.7720507074088));
#4213=CARTESIAN_POINT('Ctrl Pts',(13.8599010988661,-123.98487763902,27.7091811056629));
#4214=CARTESIAN_POINT('Ctrl Pts',(13.6820117988481,-123.984877639023,27.4578758767686));
#4215=CARTESIAN_POINT('Ctrl Pts',(13.4954538485994,-123.984877639027,27.2130442921202));
#4216=CARTESIAN_POINT('Ctrl Pts',(13.3007332195293,-123.984877639031,26.9749540258176));
#4217=CARTESIAN_POINT('Ctrl Pts',(13.1033109008102,-123.984877639034,26.7335603293081));
#4218=CARTESIAN_POINT('Ctrl Pts',(12.8974974739706,-123.984877639037,26.4990958793355));
#4219=CARTESIAN_POINT('Ctrl Pts',(12.6837744832231,-123.984877639039,26.2718675669404));
#4220=CARTESIAN_POINT('Ctrl Pts',(12.5541404193998,-123.98487763904,26.13404182602));
#4221=CARTESIAN_POINT('Ctrl Pts',(12.4215955236313,-123.984877639041,25.9988788657656));
#4222=CARTESIAN_POINT('Ctrl Pts',(12.2862400764389,-123.984877639041,25.8664531159362));
#4223=CARTESIAN_POINT('Ctrl Pts',(-2.89306296114846,-123.984877639092,47.2081882212134));
#4224=CARTESIAN_POINT('Ctrl Pts',(-0.758940697348224,-123.939976993429,
48.3275850568632));
#4225=CARTESIAN_POINT('Ctrl Pts',(4.15313216713123,-123.850175881972,49.3302934536348));
#4226=CARTESIAN_POINT('Ctrl Pts',(11.187684023474,-123.715472922023,46.6561431904397));
#4227=CARTESIAN_POINT('Ctrl Pts',(15.6997552141189,-123.580772318401,40.6363098201999));
#4228=CARTESIAN_POINT('Ctrl Pts',(16.2942772660044,-123.446069917534,33.1357422072468));
#4229=CARTESIAN_POINT('Ctrl Pts',(12.7849706226107,-123.311368336755,26.4803888461994));
#4230=CARTESIAN_POINT('Ctrl Pts',(6.26086350037259,-123.176667103561,22.732938870134));
#4231=CARTESIAN_POINT('Ctrl Pts',(-1.25622315769039,-123.041964307357,23.0555855189412));
#4232=CARTESIAN_POINT('Ctrl Pts',(-7.43545748924081,-122.907264213512,27.3478016501624));
#4233=CARTESIAN_POINT('Ctrl Pts',(-10.3616408498936,-122.772560478819,34.2796082461616));
#4234=CARTESIAN_POINT('Ctrl Pts',(-9.12719816514015,-122.63786097779,41.7012274548834));
#4235=CARTESIAN_POINT('Ctrl Pts',(-4.1154906685641,-122.503157119016,47.3132054571453));
#4236=CARTESIAN_POINT('Ctrl Pts',(3.12114712000859,-122.368457272519,49.3736740322012));
#4237=CARTESIAN_POINT('Ctrl Pts',(10.3364931062466,-122.233754095182,47.247686950269));
#4238=CARTESIAN_POINT('Ctrl Pts',(15.299720867787,-122.099053436795,41.5869776033563));
#4239=CARTESIAN_POINT('Ctrl Pts',(16.459726021638,-121.964350922988,34.1610182627364));
#4240=CARTESIAN_POINT('Ctrl Pts',(13.1515462501632,-121.81468355617,26.4736220974687));
#4241=CARTESIAN_POINT('Ctrl Pts',(4.85725344270174,-121.650047234433,21.8889312246353));
#4242=CARTESIAN_POINT('Ctrl Pts',(-5.17910306325272,-121.470445835513,24.4319168135917));
#4243=CARTESIAN_POINT('Ctrl Pts',(-10.7666057472497,-121.290842705492,33.1530027873229));
#4244=CARTESIAN_POINT('Ctrl Pts',(-9.22879555150665,-121.144501312739,41.4289263368056));
#4245=CARTESIAN_POINT('Ctrl Pts',(-4.64457367990605,-121.01811241803,46.5710614305898));
#4246=CARTESIAN_POINT('Ctrl Pts',(-0.631421841943943,-120.938291128471,
48.4045843207584));
#4247=CARTESIAN_POINT('Ctrl Pts',(4.36790337430703,-120.845162149664,48.8664229549059));
#4248=CARTESIAN_POINT('Ctrl Pts',(9.37266456193299,-120.752036770112,47.639357835306));
#4249=CARTESIAN_POINT('Ctrl Pts',(14.2592094434914,-120.632300396086,43.1501422772586));
#4250=CARTESIAN_POINT('Ctrl Pts',(16.3831056597048,-120.512566456279,36.869090319604));
#4251=CARTESIAN_POINT('Ctrl Pts',(15.2265125916283,-120.392831306148,30.3377787945768));
#4252=CARTESIAN_POINT('Ctrl Pts',(11.0736078223757,-120.273096209467,25.1690227834631));
#4253=CARTESIAN_POINT('Ctrl Pts',(4.94277963601238,-120.153362196756,22.6308106050582));
#4254=CARTESIAN_POINT('Ctrl Pts',(-1.64419822589781,-120.033626371508,23.3561596297722));
#4255=CARTESIAN_POINT('Ctrl Pts',(-7.69313906282079,-119.900588605038,27.5778864753148));
#4256=CARTESIAN_POINT('Ctrl Pts',(-9.90954032286689,-119.79415604444,33.188051571327));
#4257=CARTESIAN_POINT('Ctrl Pts',(-9.70810369060212,-119.714334618952,37.4864369291163));
#4258=CARTESIAN_POINT('Ctrl Pts',(-8.75369291363557,-119.627858047273,42.0444102403689));
#4259=CARTESIAN_POINT('Ctrl Pts',(-4.00405004359252,-119.49481923372,48.0540068750409));
#4260=CARTESIAN_POINT('Ctrl Pts',(6.24199297719712,-119.315217953346,49.5834240525548));
#4261=CARTESIAN_POINT('Ctrl Pts',(14.0387190608258,-119.150581837574,44.1977031728395));
#4262=CARTESIAN_POINT('Ctrl Pts',(16.5617281648692,-119.000914281499,36.2162904058999));
#4263=CARTESIAN_POINT('Ctrl Pts',(14.6682792669626,-118.866210940199,28.9440477182857));
#4264=CARTESIAN_POINT('Ctrl Pts',(9.1649056191915,-118.731511244091,23.8058730092308));
#4265=CARTESIAN_POINT('Ctrl Pts',(1.77379089205967,-118.596807466495,22.4099886919812));
#4266=CARTESIAN_POINT('Ctrl Pts',(-5.22146049379835,-118.462107582068,25.1816028340247));
#4267=CARTESIAN_POINT('Ctrl Pts',(-9.64871762283622,-118.32740448554,31.2652368938985));
#4268=CARTESIAN_POINT('Ctrl Pts',(-10.1370587693144,-118.19270357861,38.7730013899867));
#4269=CARTESIAN_POINT('Ctrl Pts',(-6.53449205497514,-118.058001691876,45.3785006517757));
#4270=CARTESIAN_POINT('Ctrl Pts',(0.042005097869719,-117.923299516867,49.0333262694308));
#4271=CARTESIAN_POINT('Ctrl Pts',(7.55363765674156,-117.78859888336,48.604952224949));
#4272=CARTESIAN_POINT('Ctrl Pts',(13.671859903565,-117.653895545506,44.2257338376411));
#4273=CARTESIAN_POINT('Ctrl Pts',(16.4998749060593,-117.519195846541,37.2537021658131));
#4274=CARTESIAN_POINT('Ctrl Pts',(15.1610494106158,-117.384491953794,29.8497824009104));
#4275=CARTESIAN_POINT('Ctrl Pts',(10.0703898487963,-117.249792333791,24.3096561561638));
#4276=CARTESIAN_POINT('Ctrl Pts',(2.80612143996523,-117.115088858133,22.3504704540281));
#4277=CARTESIAN_POINT('Ctrl Pts',(-4.38011367763578,-116.980388398474,24.5797554411225));
#4278=CARTESIAN_POINT('Ctrl Pts',(-9.25960366392419,-116.845686033939,30.3064899583917));
#4279=CARTESIAN_POINT('Ctrl Pts',(-10.321904136899,-116.710984333872,37.7548910134776));
#4280=CARTESIAN_POINT('Ctrl Pts',(-7.23279888942991,-116.576283258184,44.6170511420941));
#4281=CARTESIAN_POINT('Ctrl Pts',(-0.960270138960344,-116.441580290107,
48.7631956200411));
#4282=CARTESIAN_POINT('Ctrl Pts',(6.57263803307108,-116.306880360621,48.9130702728976));
#4283=CARTESIAN_POINT('Ctrl Pts',(12.2726029792961,-116.18714361265,45.4432153281702));
#4284=CARTESIAN_POINT('Ctrl Pts',(16.180435966893,-116.052443350893,39.1898943148136));
#4285=CARTESIAN_POINT('Ctrl Pts',(16.1237400301249,-115.91774092528,31.4533461645037));
#4286=CARTESIAN_POINT('Ctrl Pts',(10.9252440842662,-115.768072948857,24.8788788562264));
#4287=CARTESIAN_POINT('Ctrl Pts',(3.84238691098306,-115.633370330107,22.3705718544944));
#4288=CARTESIAN_POINT('Ctrl Pts',(-3.49179456005268,-115.4986695343,24.0452011335012));
#4289=CARTESIAN_POINT('Ctrl Pts',(-9.40003333835597,-115.34899957931,29.9695168748458));
#4290=CARTESIAN_POINT('Ctrl Pts',(-10.5870930110466,-115.184365181534,39.3698296046914));
#4291=CARTESIAN_POINT('Ctrl Pts',(-4.4975676913299,-115.004762242098,47.7527077079078));
#4292=CARTESIAN_POINT('Ctrl Pts',(5.66044713326907,-114.82516068842,49.7028102491529));
#4293=CARTESIAN_POINT('Ctrl Pts',(14.4212788280132,-114.64555733248,44.1890825579233));
#4294=CARTESIAN_POINT('Ctrl Pts',(17.0435076524798,-114.465956091984,34.1789816453821));
#4295=CARTESIAN_POINT('Ctrl Pts',(12.1200219202839,-114.286352802953,25.0729221362362));
#4296=CARTESIAN_POINT('Ctrl Pts',(2.30473990138114,-114.106751902085,21.7965421456002));
#4297=CARTESIAN_POINT('Ctrl Pts',(-7.10500236130445,-113.927149237009,26.1070085109014));
#4298=CARTESIAN_POINT('Ctrl Pts',(-11.0266202709172,-113.747547231391,35.6845751907863));
#4299=CARTESIAN_POINT('Ctrl Pts',(-7.34598700642113,-113.567944982146,45.3573807209115));
#4300=CARTESIAN_POINT('Ctrl Pts',(1.95084768892583,-113.388342688716,49.9040012747711));
#4301=CARTESIAN_POINT('Ctrl Pts',(11.8465493144908,-113.208740353134,46.8714487883079));
#4302=CARTESIAN_POINT('Ctrl Pts',(16.9965144173413,-113.029137793045,37.8939324378649));
#4303=CARTESIAN_POINT('Ctrl Pts',(14.6275485076552,-112.849535549923,27.8229314703942));
#4304=CARTESIAN_POINT('Ctrl Pts',(6.00471438542905,-112.669932620301,22.0834245202354));
#4305=CARTESIAN_POINT('Ctrl Pts',(-3.05618660829092,-112.510286974942,23.6064776760557));
#4306=CARTESIAN_POINT('Ctrl Pts',(-8.48206900095183,-112.370595862693,29.1360492368949));
#4307=CARTESIAN_POINT('Ctrl Pts',(-10.3005137260565,-112.250861053184,35.5035871887786));
#4308=CARTESIAN_POINT('Ctrl Pts',(-8.82355140481897,-112.131126046479,41.9783748786329));
#4309=CARTESIAN_POINT('Ctrl Pts',(-4.91055981250396,-112.024695726991,46.3766045324064));
#4310=CARTESIAN_POINT('Ctrl Pts',(1.02518781577245,-111.904960276726,49.0848839706637));
#4311=CARTESIAN_POINT('Ctrl Pts',(6.28608438375687,-111.811832494129,48.7034708641811));
#4312=CARTESIAN_POINT('Ctrl Pts',(10.0699844606602,-111.73201010073,46.6535521034793));
#4313=CARTESIAN_POINT('Ctrl Pts',(13.4793826353964,-111.652186882449,44.0298535249182));
#4314=CARTESIAN_POINT('Ctrl Pts',(16.3286705074168,-111.545755834476,38.7120872247747));
#4315=CARTESIAN_POINT('Ctrl Pts',(15.6405538824148,-111.412716867933,31.3682294561083));
#4316=CARTESIAN_POINT('Ctrl Pts',(11.936910840248,-111.292982203982,25.87243703322));
#4317=CARTESIAN_POINT('Ctrl Pts',(6.03816348411041,-111.173247675089,22.8355491576283));
#4318=CARTESIAN_POINT('Ctrl Pts',(-0.867473518077196,-111.04852298924,23.0118113533776));
#4319=CARTESIAN_POINT('Ctrl Pts',(-7.0119660980465,-110.918811801888,26.8493330603566));
#4320=CARTESIAN_POINT('Ctrl Pts',(-10.2692264064546,-110.784108110394,33.6330169412293));
#4321=CARTESIAN_POINT('Ctrl Pts',(-9.39551815101482,-110.649408315389,41.1050690814912));
#4322=CARTESIAN_POINT('Ctrl Pts',(-4.6605368922275,-110.514705021846,46.9527976785895));
#4323=CARTESIAN_POINT('Ctrl Pts',(2.46720901605697,-110.380004368378,49.3613515293053));
#4324=CARTESIAN_POINT('Ctrl Pts',(9.77848125668591,-110.245302203951,47.5852262373051));
#4325=CARTESIAN_POINT('Ctrl Pts',(15.0064153061204,-110.110600305766,42.1743209908785));
#4326=CARTESIAN_POINT('Ctrl Pts',(16.5306197305056,-109.975899421724,34.8065089657134));
#4327=CARTESIAN_POINT('Ctrl Pts',(13.8782702644499,-109.841196274396,27.7655696640215));
#4328=CARTESIAN_POINT('Ctrl Pts',(7.87193442837747,-109.706496499736,23.2343753196913));
#4329=CARTESIAN_POINT('Ctrl Pts',(0.373319334565748,-109.57179249231,22.6176891436773));
#4330=CARTESIAN_POINT('Ctrl Pts',(-6.29278539763906,-109.437093267872,26.1063271126973));
#4331=CARTESIAN_POINT('Ctrl Pts',(-10.0596960629744,-109.302388968651,32.6196182445383));
#4332=CARTESIAN_POINT('Ctrl Pts',(-9.76045648054068,-109.167690069079,40.1367706557989));
#4333=CARTESIAN_POINT('Ctrl Pts',(-5.48570495143836,-109.032984636371,46.3305621138785));
#4334=CARTESIAN_POINT('Ctrl Pts',(-0.872345534483285,-108.943188695793,
48.2923074904186));
#4335=CARTESIAN_POINT('Ctrl Pts',(1.52018577538475,-108.898286458915,48.5816734733461));
#4336=CARTESIAN_POINT('Ctrl Pts',(-2.88487616097014,-123.994848681253,47.1929738774642));
#4337=CARTESIAN_POINT('Ctrl Pts',(-0.753623398601444,-123.94994803559,48.310826941596));
#4338=CARTESIAN_POINT('Ctrl Pts',(4.15185327936159,-123.860146924133,49.3121173140607));
#4339=CARTESIAN_POINT('Ctrl Pts',(11.1768743869673,-123.725443964184,46.6414702188975));
#4340=CARTESIAN_POINT('Ctrl Pts',(15.6827787402361,-123.590743360562,40.6296909373722));
#4341=CARTESIAN_POINT('Ctrl Pts',(16.2763904517755,-123.456040959695,33.1392283286531));
#4342=CARTESIAN_POINT('Ctrl Pts',(12.771721699139,-123.321339378916,26.492899639337));
#4343=CARTESIAN_POINT('Ctrl Pts',(6.25635804622797,-123.186638145722,22.7505958382805));
#4344=CARTESIAN_POINT('Ctrl Pts',(-1.25058750339843,-123.051935349518,23.0729147618388));
#4345=CARTESIAN_POINT('Ctrl Pts',(-7.42142836741611,-122.917235255673,27.359431272451));
#4346=CARTESIAN_POINT('Ctrl Pts',(-10.3435669872775,-122.78253152098,34.2819325381309));
#4347=CARTESIAN_POINT('Ctrl Pts',(-9.11068296468749,-122.647832019951,41.6935265567666));
#4348=CARTESIAN_POINT('Ctrl Pts',(-4.10565335416574,-122.513128161177,47.2978656131396));
#4349=CARTESIAN_POINT('Ctrl Pts',(3.12125573215274,-122.37842831468,49.355452559164));
#4350=CARTESIAN_POINT('Ctrl Pts',(10.3268418610969,-122.243725137343,47.2322291384246));
#4351=CARTESIAN_POINT('Ctrl Pts',(15.2832964111864,-122.109024478956,41.5790823159981));
#4352=CARTESIAN_POINT('Ctrl Pts',(16.4416310376777,-121.974321965149,34.1631193386075));
#4353=CARTESIAN_POINT('Ctrl Pts',(13.1378035721104,-121.824654598331,26.4861378232941));
#4354=CARTESIAN_POINT('Ctrl Pts',(4.85462815035641,-121.660018276594,21.9077455727004));
#4355=CARTESIAN_POINT('Ctrl Pts',(-5.16815743546872,-121.480416877674,24.4474470603731));
#4356=CARTESIAN_POINT('Ctrl Pts',(-10.7480029555124,-121.300813747654,33.1568503994607));
#4357=CARTESIAN_POINT('Ctrl Pts',(-9.21214523904536,-121.1544723549,41.4215970587139));
#4358=CARTESIAN_POINT('Ctrl Pts',(-4.63403353869007,-121.028083460191,46.5567297221728));
#4359=CARTESIAN_POINT('Ctrl Pts',(-0.626264492775449,-120.948262170632,
48.3877241487714));
#4360=CARTESIAN_POINT('Ctrl Pts',(4.36631791280504,-120.855133191825,48.8488672694759));
#4361=CARTESIAN_POINT('Ctrl Pts',(9.36432314145775,-120.762007812273,47.6233851439084));
#4362=CARTESIAN_POINT('Ctrl Pts',(14.2442063961421,-120.642271438247,43.1401555900753));
#4363=CARTESIAN_POINT('Ctrl Pts',(16.3651549280959,-120.52253749844,36.8675403405552));
#4364=CARTESIAN_POINT('Ctrl Pts',(15.210024683097,-120.402802348309,30.345053691392));
#4365=CARTESIAN_POINT('Ctrl Pts',(11.0626493478608,-120.283067251628,25.1833258257087));
#4366=CARTESIAN_POINT('Ctrl Pts',(4.94004705637803,-120.163333238917,22.6486246608664));
#4367=CARTESIAN_POINT('Ctrl Pts',(-1.63803309488054,-120.043597413669,23.3730883224239));
#4368=CARTESIAN_POINT('Ctrl Pts',(-7.67876075947846,-119.910559647199,27.5892098233927));
#4369=CARTESIAN_POINT('Ctrl Pts',(-9.89209134867647,-119.804127086601,33.1918436697245));
#4370=CARTESIAN_POINT('Ctrl Pts',(-9.69086596209018,-119.724305661113,37.4844271961775));
#4371=CARTESIAN_POINT('Ctrl Pts',(-8.73767906314143,-119.637829089434,42.0362348424579));
#4372=CARTESIAN_POINT('Ctrl Pts',(-3.99434899980592,-119.504790275881,48.0376695265601));
#4373=CARTESIAN_POINT('Ctrl Pts',(6.23789571355396,-119.325188995507,49.5648745351654));
#4374=CARTESIAN_POINT('Ctrl Pts',(14.0240310948584,-119.160552879734,44.1863060894168));
#4375=CARTESIAN_POINT('Ctrl Pts',(16.5435258359609,-119.01088532366,36.2156184107001));
#4376=CARTESIAN_POINT('Ctrl Pts',(14.652525403032,-118.87618198236,28.9532097396658));
#4377=CARTESIAN_POINT('Ctrl Pts',(9.1564998468145,-118.741482286253,23.822041652734));
#4378=CARTESIAN_POINT('Ctrl Pts',(1.7753314124964,-118.606778508656,22.4281452865392));
#4379=CARTESIAN_POINT('Ctrl Pts',(-5.21044765355694,-118.472078624229,25.1961218144758));
#4380=CARTESIAN_POINT('Ctrl Pts',(-9.63164814171083,-118.337375527701,31.2716157153502));
#4381=CARTESIAN_POINT('Ctrl Pts',(-10.1192236169224,-118.202674620771,38.7692634147639));
#4382=CARTESIAN_POINT('Ctrl Pts',(-6.52142047662031,-118.067972734037,45.3658041793294));
#4383=CARTESIAN_POINT('Ctrl Pts',(0.0462608550319347,-117.933270559028,
49.0156076360765));
#4384=CARTESIAN_POINT('Ctrl Pts',(7.54775834037817,-117.798569925521,48.5877040254904));
#4385=CARTESIAN_POINT('Ctrl Pts',(13.6576680566572,-117.663866587667,44.2143034202021));
#4386=CARTESIAN_POINT('Ctrl Pts',(16.4817701614441,-117.529166888702,37.2516327236926));
#4387=CARTESIAN_POINT('Ctrl Pts',(15.1446443171264,-117.394462995955,29.8577157897832));
#4388=CARTESIAN_POINT('Ctrl Pts',(10.0607701288819,-117.259763375952,24.3251326831448));
#4389=CARTESIAN_POINT('Ctrl Pts',(2.80626914195615,-117.125059900294,22.3686925311155));
#4390=CARTESIAN_POINT('Ctrl Pts',(-4.37024393849443,-116.990359440636,24.5950739453117));
#4391=CARTESIAN_POINT('Ctrl Pts',(-9.24307260037057,-116.8556570761,30.3141561317745));
#4392=CARTESIAN_POINT('Ctrl Pts',(-10.3038341534476,-116.720955376033,37.752528312516));
#4393=CARTESIAN_POINT('Ctrl Pts',(-7.21879679139958,-116.586254300345,44.6053918629339));
#4394=CARTESIAN_POINT('Ctrl Pts',(-0.954666244932346,-116.451551332268,
48.7458545977352));
#4395=CARTESIAN_POINT('Ctrl Pts',(6.56808492926546,-116.316851402782,48.8954225368423));
#4396=CARTESIAN_POINT('Ctrl Pts',(12.2603175857627,-116.197114654811,45.4301590253242));
#4397=CARTESIAN_POINT('Ctrl Pts',(16.1627888554233,-116.062414393054,39.1852225033721));
#4398=CARTESIAN_POINT('Ctrl Pts',(16.1060595798401,-115.927711967441,31.4591027569477));
#4399=CARTESIAN_POINT('Ctrl Pts',(10.9144796711852,-115.778043991018,24.8935757628625));
#4400=CARTESIAN_POINT('Ctrl Pts',(3.84113779371653,-115.643341372268,22.3887518552025));
#4401=CARTESIAN_POINT('Ctrl Pts',(-3.48313077480521,-115.508640576461,24.0612281107183));
#4402=CARTESIAN_POINT('Ctrl Pts',(-9.38331645928604,-115.358970621471,29.9776382273589));
#4403=CARTESIAN_POINT('Ctrl Pts',(-10.5686441004034,-115.194336223695,39.3652937592113));
#4404=CARTESIAN_POINT('Ctrl Pts',(-4.48720627677324,-115.014733284259,47.7367804161193));
#4405=CARTESIAN_POINT('Ctrl Pts',(5.65713472697303,-114.835131730581,49.6841096078777));
#4406=CARTESIAN_POINT('Ctrl Pts',(14.4060756095155,-114.655528374641,44.1776903740773));
#4407=CARTESIAN_POINT('Ctrl Pts',(17.0246271763493,-114.475927134145,34.1810508909192));
#4408=CARTESIAN_POINT('Ctrl Pts',(12.107646739379,-114.296323845114,25.0873398035544));
#4409=CARTESIAN_POINT('Ctrl Pts',(2.30555766720232,-114.116722944246,21.8155177993131));
#4410=CARTESIAN_POINT('Ctrl Pts',(-7.09143686215871,-113.937120279171,26.1203068322532));
#4411=CARTESIAN_POINT('Ctrl Pts',(-11.0076295458022,-113.757518273552,35.6850143179025));
#4412=CARTESIAN_POINT('Ctrl Pts',(-7.33182155533135,-113.577916024307,45.3447243884295));
#4413=CARTESIAN_POINT('Ctrl Pts',(1.95254197958862,-113.398313730877,49.885081290528));
#4414=CARTESIAN_POINT('Ctrl Pts',(11.834856465406,-113.218711395296,46.8564769089518));
#4415=CARTESIAN_POINT('Ctrl Pts',(16.977749249113,-113.039108835206,37.8909924943116));
#4416=CARTESIAN_POINT('Ctrl Pts',(14.6118336404447,-112.859506592084,27.8336057470303));
#4417=CARTESIAN_POINT('Ctrl Pts',(6.00054568940365,-112.679903662462,22.1019606020948));
#4418=CARTESIAN_POINT('Ctrl Pts',(-3.04811716964531,-112.520258017103,23.623090707891));
#4419=CARTESIAN_POINT('Ctrl Pts',(-8.46660333283884,-112.380566904854,29.1452822550419));
#4420=CARTESIAN_POINT('Ctrl Pts',(-10.2825036765825,-112.260832095345,35.5042602200244));
#4421=CARTESIAN_POINT('Ctrl Pts',(-8.80744328977936,-112.14109708864,41.9702974289605));
#4422=CARTESIAN_POINT('Ctrl Pts',(-4.8996602680691,-112.034666769152,46.3625384663767));
#4423=CARTESIAN_POINT('Ctrl Pts',(1.02811380933048,-111.914931318887,49.067083322771));
#4424=CARTESIAN_POINT('Ctrl Pts',(6.28191976527791,-111.82180353629,48.6861048256129));
#4425=CARTESIAN_POINT('Ctrl Pts',(10.0606849302099,-111.741981142891,46.638899639659));
#4426=CARTESIAN_POINT('Ctrl Pts',(13.4654453880892,-111.66215792461,44.0186912159724));
#4427=CARTESIAN_POINT('Ctrl Pts',(16.310818398889,-111.555726876637,38.7080551014606));
#4428=CARTESIAN_POINT('Ctrl Pts',(15.6235229913379,-111.422687910094,31.3741064714323));
#4429=CARTESIAN_POINT('Ctrl Pts',(11.9247982946745,-111.302953246143,25.885782105652));
#4430=CARTESIAN_POINT('Ctrl Pts',(6.03395900987637,-111.183218717251,22.8530698988962));
#4431=CARTESIAN_POINT('Ctrl Pts',(-0.862361824557081,-111.058494031401,
23.0291944757868));
#4432=CARTESIAN_POINT('Ctrl Pts',(-6.99851549390348,-110.928782844049,26.8616285677489));
#4433=CARTESIAN_POINT('Ctrl Pts',(-10.2512862116188,-110.794079152555,33.6362119151852));
#4434=CARTESIAN_POINT('Ctrl Pts',(-9.3786497379047,-110.65937935755,41.0981758306978));
#4435=CARTESIAN_POINT('Ctrl Pts',(-4.64996970439804,-110.524676064007,46.9379516468751));
#4436=CARTESIAN_POINT('Ctrl Pts',(2.46819919416799,-110.389975410539,49.3431559505843));
#4437=CARTESIAN_POINT('Ctrl Pts',(9.76958734651352,-110.255273246112,47.5693213298466));
#4438=CARTESIAN_POINT('Ctrl Pts',(14.9903945990356,-110.120571347927,42.1656377183762));
#4439=CARTESIAN_POINT('Ctrl Pts',(16.5124386362893,-109.985870463885,34.8077389814316));
#4440=CARTESIAN_POINT('Ctrl Pts',(13.863565109012,-109.851167316557,27.7763317647556));
#4441=CARTESIAN_POINT('Ctrl Pts',(7.86526396561328,-109.716467541897,23.2513332158456));
#4442=CARTESIAN_POINT('Ctrl Pts',(0.376751073219308,-109.581763534471,22.6355855199564));
#4443=CARTESIAN_POINT('Ctrl Pts',(-6.28031423687247,-109.447064310033,26.1196146181306));
#4444=CARTESIAN_POINT('Ctrl Pts',(-10.0420541706973,-109.312360010812,32.6241763461501));
#4445=CARTESIAN_POINT('Ctrl Pts',(-9.74310741300938,-109.177661111239,40.1311889157793));
#4446=CARTESIAN_POINT('Ctrl Pts',(-5.47403884256218,-109.042955678532,46.3165657068541));
#4447=CARTESIAN_POINT('Ctrl Pts',(-0.866858938703668,-108.953159737954,
48.2756034678483));
#4448=CARTESIAN_POINT('Ctrl Pts',(1.52244170333224,-108.908257501076,48.5645442368782));
#4449=CARTESIAN_POINT('Ctrl Pts',(-2.87292996880136,-124.0215933739,47.1712604542073));
#4450=CARTESIAN_POINT('Ctrl Pts',(-0.745751044283035,-123.976692728237,
48.2868716988474));
#4451=CARTESIAN_POINT('Ctrl Pts',(4.15024961385973,-123.886891616781,49.2860288602353));
#4452=CARTESIAN_POINT('Ctrl Pts',(11.1615741357566,-123.752188656832,46.6202847502971));
#4453=CARTESIAN_POINT('Ctrl Pts',(15.6585178409747,-123.61748805321,40.6199705683483));
#4454=CARTESIAN_POINT('Ctrl Pts',(16.2506932212611,-123.482785652342,33.143989185862));
#4455=CARTESIAN_POINT('Ctrl Pts',(12.7525529958743,-123.348084071563,26.5106643499109));
#4456=CARTESIAN_POINT('Ctrl Pts',(6.24966086012197,-123.21338283837,22.7758581206985));
#4457=CARTESIAN_POINT('Ctrl Pts',(-1.24273713765149,-123.078680042166,23.0978424835087));
#4458=CARTESIAN_POINT('Ctrl Pts',(-7.40146419914197,-122.943979948321,27.3762973063235));
#4459=CARTESIAN_POINT('Ctrl Pts',(-10.3176778049852,-122.809276213628,34.2855075710965));
#4460=CARTESIAN_POINT('Ctrl Pts',(-9.08689501285832,-122.674576712598,41.6827032850701));
#4461=CARTESIAN_POINT('Ctrl Pts',(-4.09134019233302,-122.539872853824,47.2759978600145));
#4462=CARTESIAN_POINT('Ctrl Pts',(3.12165509299059,-122.405173007328,49.3293219141363));
#4463=CARTESIAN_POINT('Ctrl Pts',(10.3132075648984,-122.27046982999,47.2099317645013));
#4464=CARTESIAN_POINT('Ctrl Pts',(15.2598468513477,-122.135769171604,41.5675393438483));
#4465=CARTESIAN_POINT('Ctrl Pts',(16.4156529910083,-122.001066657796,34.1658915135838));
#4466=CARTESIAN_POINT('Ctrl Pts',(13.1179249733323,-121.851399290978,26.5039002038003));
#4467=CARTESIAN_POINT('Ctrl Pts',(4.85061314306694,-121.686762969242,21.9346948325923));
#4468=CARTESIAN_POINT('Ctrl Pts',(-5.15266935147757,-121.507161570322,24.4698633314));
#4469=CARTESIAN_POINT('Ctrl Pts',(-10.7213727598572,-121.327558440301,33.1626214990046));
#4470=CARTESIAN_POINT('Ctrl Pts',(-9.18817382092079,-121.181217047548,41.4113004893915));
#4471=CARTESIAN_POINT('Ctrl Pts',(-4.61872587012578,-121.054828152839,46.5363175674132));
#4472=CARTESIAN_POINT('Ctrl Pts',(-0.618649396736468,-120.97500686328,48.3636106087832));
#4473=CARTESIAN_POINT('Ctrl Pts',(4.36429405078391,-120.881877884472,48.8236699892514));
#4474=CARTESIAN_POINT('Ctrl Pts',(9.35256190044623,-120.788752504921,47.600368138833));
#4475=CARTESIAN_POINT('Ctrl Pts',(14.2228339565454,-120.669016130894,43.1256280978402));
#4476=CARTESIAN_POINT('Ctrl Pts',(16.3394264344322,-120.549282191088,36.8650796255211));
#4477=CARTESIAN_POINT('Ctrl Pts',(15.1862856315677,-120.429547040956,30.3552650942699));
#4478=CARTESIAN_POINT('Ctrl Pts',(11.046737446186,-120.309811944276,25.2036927232921));
#4479=CARTESIAN_POINT('Ctrl Pts',(4.93589842397703,-120.190077931565,22.6741344639826));
#4480=CARTESIAN_POINT('Ctrl Pts',(-1.62942348963639,-120.070342106317,23.3974507561344));
#4481=CARTESIAN_POINT('Ctrl Pts',(-7.65828750418043,-119.937304339846,27.605640496736));
#4482=CARTESIAN_POINT('Ctrl Pts',(-9.86711879005246,-119.830871779248,33.1975090200213));
#4483=CARTESIAN_POINT('Ctrl Pts',(-9.66611621764068,-119.75105035376,37.4817768215979));
#4484=CARTESIAN_POINT('Ctrl Pts',(-8.71459687262529,-119.664573782082,42.0247416211985));
#4485=CARTESIAN_POINT('Ctrl Pts',(-3.9802270940453,-119.531534968529,48.014361268842));
#4486=CARTESIAN_POINT('Ctrl Pts',(6.23226930485342,-119.351933688154,49.5382189977603));
#4487=CARTESIAN_POINT('Ctrl Pts',(14.003121812899,-119.187297572382,44.1697626943648));
#4488=CARTESIAN_POINT('Ctrl Pts',(16.5174285949849,-119.037630016308,36.2144127588915));
#4489=CARTESIAN_POINT('Ctrl Pts',(14.629810624855,-118.902926675007,28.9661378637092));
#4490=CARTESIAN_POINT('Ctrl Pts',(9.14422822716651,-118.7682269789,23.8451175795255));
#4491=CARTESIAN_POINT('Ctrl Pts',(1.77729812910216,-118.633523201304,22.4542046490022));
#4492=CARTESIAN_POINT('Ctrl Pts',(-5.1948480484785,-118.498823316877,25.2170913009395));
#4493=CARTESIAN_POINT('Ctrl Pts',(-9.60725351215214,-118.364120220348,31.2809920021501));
#4494=CARTESIAN_POINT('Ctrl Pts',(-10.0935957004278,-118.229419313418,38.7641411883119));
#4495=CARTESIAN_POINT('Ctrl Pts',(-6.50250431916126,-118.094717426684,45.3477705579771));
#4496=CARTESIAN_POINT('Ctrl Pts',(0.0526011080421398,-117.960015251676,
48.9902536991018));
#4497=CARTESIAN_POINT('Ctrl Pts',(7.53955728046173,-117.825314618169,48.5628892180409));
#4498=CARTESIAN_POINT('Ctrl Pts',(13.6374679358387,-117.690611280315,44.1977209138333));
#4499=CARTESIAN_POINT('Ctrl Pts',(16.4558332463318,-117.555911581349,37.2484227748017));
#4500=CARTESIAN_POINT('Ctrl Pts',(15.1210111746317,-117.421207688602,29.8688739175358));
#4501=CARTESIAN_POINT('Ctrl Pts',(10.0467672074754,-117.2865080686,24.3471994550658));
#4502=CARTESIAN_POINT('Ctrl Pts',(2.8062373285599,-117.151804592941,22.3948272881864));
#4503=CARTESIAN_POINT('Ctrl Pts',(-4.35629435774082,-117.017104133283,24.617174826535));
#4504=CARTESIAN_POINT('Ctrl Pts',(-9.21946724032984,-116.882401768747,30.3253711930974));
#4505=CARTESIAN_POINT('Ctrl Pts',(-10.2778881445485,-116.747700068681,37.7493821418015));
#4506=CARTESIAN_POINT('Ctrl Pts',(-7.19855937732551,-116.612998992992,44.5888569208337));
#4507=CARTESIAN_POINT('Ctrl Pts',(-0.946398958978669,-116.478296024916,
48.7210627692732));
#4508=CARTESIAN_POINT('Ctrl Pts',(6.56179388825736,-116.34359609543,48.8700472775328));
#4509=CARTESIAN_POINT('Ctrl Pts',(12.2428671602293,-116.223859347459,45.411281418606));
#4510=CARTESIAN_POINT('Ctrl Pts',(16.1375450935191,-116.089159085701,39.1782760600805));
#4511=CARTESIAN_POINT('Ctrl Pts',(16.0806268162323,-115.954456660089,31.467124043994));
#4512=CARTESIAN_POINT('Ctrl Pts',(10.898845806284,-115.804788683666,24.9145087739408));
#4513=CARTESIAN_POINT('Ctrl Pts',(3.83910269542772,-115.670086064916,22.4148080754864));
#4514=CARTESIAN_POINT('Ctrl Pts',(-3.47091886191568,-115.535385269108,24.0843280067936));
#4515=CARTESIAN_POINT('Ctrl Pts',(-9.35945411417382,-115.385715314119,29.9895117976238));
#4516=CARTESIAN_POINT('Ctrl Pts',(-10.5421209951523,-115.221080916343,39.3590341900599));
#4517=CARTESIAN_POINT('Ctrl Pts',(-4.47214067478328,-115.041477976907,47.7140778563518));
#4518=CARTESIAN_POINT('Ctrl Pts',(5.65263869937453,-114.861876423228,49.6572436550449));
#4519=CARTESIAN_POINT('Ctrl Pts',(14.3844253497033,-114.682273067289,44.161150503368));
#4520=CARTESIAN_POINT('Ctrl Pts',(16.9975191882655,-114.502671826793,34.1837649498583));
#4521=CARTESIAN_POINT('Ctrl Pts',(12.0897131433301,-114.323068537761,25.10785227382));
#4522=CARTESIAN_POINT('Ctrl Pts',(2.30647165775248,-114.143467636894,21.8427436046484));
#4523=CARTESIAN_POINT('Ctrl Pts',(-7.07215904915349,-113.963864971818,26.1395590398516));
#4524=CARTESIAN_POINT('Ctrl Pts',(-10.9804006015558,-113.784262966199,35.6858984297193));
#4525=CARTESIAN_POINT('Ctrl Pts',(-7.31133697458997,-113.604660716954,45.3267627475222));
#4526=CARTESIAN_POINT('Ctrl Pts',(1.95522465536913,-113.425058423525,49.8579703629858));
#4527=CARTESIAN_POINT('Ctrl Pts',(11.8182877980609,-113.245456087943,46.8348487218606));
#4528=CARTESIAN_POINT('Ctrl Pts',(16.9508765005008,-113.065853527854,37.8865255777813));
#4529=CARTESIAN_POINT('Ctrl Pts',(14.5891543664241,-112.886251284732,27.8487033788678));
#4530=CARTESIAN_POINT('Ctrl Pts',(5.99431801387727,-112.706648355109,22.1284891394009));
#4531=CARTESIAN_POINT('Ctrl Pts',(-3.03676358685297,-112.54700270975,23.6470213163961));
#4532=CARTESIAN_POINT('Ctrl Pts',(-8.4445462143577,-112.407311597501,29.1587310024578));
#4533=CARTESIAN_POINT('Ctrl Pts',(-10.2566870032405,-112.287576787993,35.5054660730779));
#4534=CARTESIAN_POINT('Ctrl Pts',(-8.78422981904089,-112.167841781288,41.9589246883981));
#4535=CARTESIAN_POINT('Ctrl Pts',(-4.88385016106665,-112.0614114618,46.3425130200598));
#4536=CARTESIAN_POINT('Ctrl Pts',(1.03256085582451,-111.941676011535,49.0415899141691));
#4537=CARTESIAN_POINT('Ctrl Pts',(6.27616839081211,-111.848548228938,48.6611521760804));
#4538=CARTESIAN_POINT('Ctrl Pts',(10.0475420618095,-111.768725835539,46.6177608810719));
#4539=CARTESIAN_POINT('Ctrl Pts',(13.4456125979261,-111.688902617258,44.0024933441846));
#4540=CARTESIAN_POINT('Ctrl Pts',(16.2852674718282,-111.582471569285,38.7020299750167));
#4541=CARTESIAN_POINT('Ctrl Pts',(15.5990222266034,-111.449432602742,31.3823125077906));
#4542=CARTESIAN_POINT('Ctrl Pts',(11.9072441547735,-111.329697938791,25.9047520337732));
#4543=CARTESIAN_POINT('Ctrl Pts',(6.02769737446642,-111.209963409898,22.8781436474869));
#4544=CARTESIAN_POINT('Ctrl Pts',(-0.855265934027751,-111.085238724049,
23.0541913725317));
#4545=CARTESIAN_POINT('Ctrl Pts',(-6.9793889565322,-110.955527536696,26.8794424390394));
#4546=CARTESIAN_POINT('Ctrl Pts',(-10.225600838308,-110.820823845203,33.6410335253124));
#4547=CARTESIAN_POINT('Ctrl Pts',(-9.35436578763649,-110.686124050198,41.0885157268137));
#4548=CARTESIAN_POINT('Ctrl Pts',(-4.63461656380637,-110.551420756655,46.9168017194408));
#4549=CARTESIAN_POINT('Ctrl Pts',(2.46986262923945,-110.416720103187,49.3170743772024));
#4550=CARTESIAN_POINT('Ctrl Pts',(9.75704494854079,-110.28201793876,47.5463926442658));
#4551=CARTESIAN_POINT('Ctrl Pts',(14.9675349709842,-110.147316040575,42.1529705454717));
#4552=CARTESIAN_POINT('Ctrl Pts',(16.4863480153298,-110.012615156533,34.8092598337513));
#4553=CARTESIAN_POINT('Ctrl Pts',(13.8423322430932,-109.877912009204,27.7915694333449));
#4554=CARTESIAN_POINT('Ctrl Pts',(7.85547051926229,-109.743212234545,23.2755637790916));
#4555=CARTESIAN_POINT('Ctrl Pts',(0.381434040714312,-109.608508227119,22.6612973488951));
#4556=CARTESIAN_POINT('Ctrl Pts',(-6.26260810791243,-109.47380900268,26.1388370526021));
#4557=CARTESIAN_POINT('Ctrl Pts',(-10.016811340446,-109.339104703459,32.6309499248652));
#4558=CARTESIAN_POINT('Ctrl Pts',(-9.71815805647301,-109.204405803887,40.1234144372706));
#4559=CARTESIAN_POINT('Ctrl Pts',(-5.45710796133712,-109.069700371179,46.2966522290245));
#4560=CARTESIAN_POINT('Ctrl Pts',(-0.858789788223767,-108.979904430602,
48.2517146617395));
#4561=CARTESIAN_POINT('Ctrl Pts',(1.52590648217333,-108.935002193724,48.5400048896079));
#4562=CARTESIAN_POINT('Ctrl Pts',(-2.86866309606629,-124.056510415392,47.1645186739836));
#4563=CARTESIAN_POINT('Ctrl Pts',(-0.742756054853516,-124.011609769729,
48.2793253826142));
#4564=CARTESIAN_POINT('Ctrl Pts',(4.1502527469995,-123.921808658273,49.2776142606284));
#4565=CARTESIAN_POINT('Ctrl Pts',(11.1570725321004,-123.787105698324,46.613173536986));
#4566=CARTESIAN_POINT('Ctrl Pts',(15.6509132444088,-123.652405094702,40.6163685565582));
#4567=CARTESIAN_POINT('Ctrl Pts',(16.2423400497976,-123.517702693834,33.1450124328553));
#4568=CARTESIAN_POINT('Ctrl Pts',(12.7460423361327,-123.383001113056,26.5159958920904));
#4569=CARTESIAN_POINT('Ctrl Pts',(6.24701024763348,-123.248299879861,22.7838450751988));
#4570=CARTESIAN_POINT('Ctrl Pts',(-1.24070554752573,-123.113597083658,23.1060088065886));
#4571=CARTESIAN_POINT('Ctrl Pts',(-7.39538048583054,-122.978896989813,27.3821115010186));
#4572=CARTESIAN_POINT('Ctrl Pts',(-10.3094277592054,-122.844193255119,34.2871670020676));
#4573=CARTESIAN_POINT('Ctrl Pts',(-9.07903640505659,-122.709493754091,41.6796938224847));
#4574=CARTESIAN_POINT('Ctrl Pts',(-4.08630893303213,-122.574789895316,47.2692519757302));
#4575=CARTESIAN_POINT('Ctrl Pts',(3.1222986774402,-122.44009004882,49.3209316982222));
#4576=CARTESIAN_POINT('Ctrl Pts',(10.3092652238378,-122.305386871482,47.2024967127207));
#4577=CARTESIAN_POINT('Ctrl Pts',(15.2525380863091,-122.170686213096,41.5633673538038));
#4578=CARTESIAN_POINT('Ctrl Pts',(16.4072490473058,-122.035983699288,34.1662699435701));
#4579=CARTESIAN_POINT('Ctrl Pts',(13.1111867493089,-121.886316332471,26.5092179496621));
#4580=CARTESIAN_POINT('Ctrl Pts',(4.84879089707475,-121.721680010734,21.9432761705278));
#4581=CARTESIAN_POINT('Ctrl Pts',(-5.14813307145133,-121.542078611814,24.4773739249289));
#4582=CARTESIAN_POINT('Ctrl Pts',(-10.7129287550675,-121.362475481793,33.164999857623));
#4583=CARTESIAN_POINT('Ctrl Pts',(-9.18026494410466,-121.21613408904,41.4084666552416));
#4584=CARTESIAN_POINT('Ctrl Pts',(-4.61340369582697,-121.089745194331,46.5300589725729));
#4585=CARTESIAN_POINT('Ctrl Pts',(-0.615724346993948,-121.009923904772,
48.3560119054954));
#4586=CARTESIAN_POINT('Ctrl Pts',(4.36413538925916,-120.916794925964,48.8155314153193));
#4587=CARTESIAN_POINT('Ctrl Pts',(9.34923982933214,-120.823669546413,47.5927384444915));
#4588=CARTESIAN_POINT('Ctrl Pts',(14.2162480123691,-120.703933172386,43.1205391482626));
#4589=CARTESIAN_POINT('Ctrl Pts',(16.3312079276232,-120.58419923258,36.8637808177413));
#4590=CARTESIAN_POINT('Ctrl Pts',(15.1784534393449,-120.464464082448,30.358079259959));
#4591=CARTESIAN_POINT('Ctrl Pts',(11.0412235381395,-120.344728985767,25.2099244263473));
#4592=CARTESIAN_POINT('Ctrl Pts',(4.93405929570216,-120.224994973057,22.6822516234673));
#4593=CARTESIAN_POINT('Ctrl Pts',(-1.62713490613779,-120.105259147809,23.405449738238));
#4594=CARTESIAN_POINT('Ctrl Pts',(-7.65203300268511,-119.972221381338,27.6113250282347));
#4595=CARTESIAN_POINT('Ctrl Pts',(-9.85920434435307,-119.86578882074,33.1998243064467));
#4596=CARTESIAN_POINT('Ctrl Pts',(-9.6581101928188,-119.785967395252,37.4814125410816));
#4597=CARTESIAN_POINT('Ctrl Pts',(-8.70695399410287,-119.699490823574,42.0214971207852));
#4598=CARTESIAN_POINT('Ctrl Pts',(-3.97522593711543,-119.56645201002,48.007151448239));
#4599=CARTESIAN_POINT('Ctrl Pts',(6.23098609584889,-119.386850729647,49.5295406595258));
#4600=CARTESIAN_POINT('Ctrl Pts',(13.9967270142684,-119.222214613874,44.1640342072927));
#4601=CARTESIAN_POINT('Ctrl Pts',(16.5090655539968,-119.0725470578,36.2135102440236));
#4602=CARTESIAN_POINT('Ctrl Pts',(14.62225513083,-118.937843716499,28.9698452118922));
#4603=CARTESIAN_POINT('Ctrl Pts',(9.13982941321837,-118.803144020392,23.8522918747667));
#4604=CARTESIAN_POINT('Ctrl Pts',(1.77741633511647,-118.668440242796,22.4626187022573));
#4605=CARTESIAN_POINT('Ctrl Pts',(-5.19024790793431,-118.533740358368,25.2241382282152));
#4606=CARTESIAN_POINT('Ctrl Pts',(-9.59959821015523,-118.399037261841,31.2844864437458));
#4607=CARTESIAN_POINT('Ctrl Pts',(-10.0852581436081,-118.26433635491,38.7630002490078));
#4608=CARTESIAN_POINT('Ctrl Pts',(-6.496069295357,-118.129634468177,45.3423477017272));
#4609=CARTESIAN_POINT('Ctrl Pts',(0.0551387009435781,-117.994932293168,
48.9822302065696));
#4610=CARTESIAN_POINT('Ctrl Pts',(7.53741080940282,-117.860231659661,48.55475228971));
#4611=CARTESIAN_POINT('Ctrl Pts',(13.6313027729211,-117.725528321807,44.1919931831253));
#4612=CARTESIAN_POINT('Ctrl Pts',(16.4475606734863,-117.590828622842,37.2468797344814));
#4613=CARTESIAN_POINT('Ctrl Pts',(15.1131957148412,-117.456124730095,29.871994064584));
#4614=CARTESIAN_POINT('Ctrl Pts',(10.0418317302041,-117.321425110092,24.3540153896895));
#4615=CARTESIAN_POINT('Ctrl Pts',(2.80571179806533,-117.186721634433,22.4032261333088));
#4616=CARTESIAN_POINT('Ctrl Pts',(-4.35224683346545,-117.052021174775,24.624552819813));
#4617=CARTESIAN_POINT('Ctrl Pts',(-9.21210189463082,-116.917318810239,30.3294411210177));
#4618=CARTESIAN_POINT('Ctrl Pts',(-10.2694872131034,-116.782617110173,37.7488823651633));
#4619=CARTESIAN_POINT('Ctrl Pts',(-7.19172948927824,-116.647916034484,44.5839421802207));
#4620=CARTESIAN_POINT('Ctrl Pts',(-0.943252653766244,-116.513213066408,
48.7132570978582));
#4621=CARTESIAN_POINT('Ctrl Pts',(6.56027137239179,-116.378513136922,48.8617695855088));
#4622=CARTESIAN_POINT('Ctrl Pts',(12.2376331348079,-116.258776388951,45.404866640599));
#4623=CARTESIAN_POINT('Ctrl Pts',(16.1295681754742,-116.124076127193,39.175549276399));
#4624=CARTESIAN_POINT('Ctrl Pts',(16.0722947462111,-115.989373701581,31.4691998823271));
#4625=CARTESIAN_POINT('Ctrl Pts',(10.8934084200504,-115.839705725158,24.9209282942748));
#4626=CARTESIAN_POINT('Ctrl Pts',(3.8379350906494,-115.705003106408,22.4231420265075));
#4627=CARTESIAN_POINT('Ctrl Pts',(-3.46744994650244,-115.5703023106,24.0919930986581));
#4628=CARTESIAN_POINT('Ctrl Pts',(-9.35201799160834,-115.420632355611,29.9937973895025));
#4629=CARTESIAN_POINT('Ctrl Pts',(-10.5334747553062,-115.255997957834,39.3575457578175));
#4630=CARTESIAN_POINT('Ctrl Pts',(-4.4668487799291,-115.076395018399,47.7070783621317));
#4631=CARTESIAN_POINT('Ctrl Pts',(5.65172196727946,-114.89679346472,49.6485213398604));
#4632=CARTESIAN_POINT('Ctrl Pts',(14.3777930297545,-114.717190108781,44.1554074331995));
#4633=CARTESIAN_POINT('Ctrl Pts',(16.9887545044287,-114.537588868285,34.1841031160478));
#4634=CARTESIAN_POINT('Ctrl Pts',(12.0835427629764,-114.357985579254,25.1140907378172));
#4635=CARTESIAN_POINT('Ctrl Pts',(2.30623029001704,-114.178384678386,21.8515113504063));
#4636=CARTESIAN_POINT('Ctrl Pts',(-7.06634326344932,-113.99878201331,26.1461268380913));
#4637=CARTESIAN_POINT('Ctrl Pts',(-10.9716667934222,-113.819180007691,35.6867193145525));
#4638=CARTESIAN_POINT('Ctrl Pts',(-7.30439936412695,-113.639577758446,45.3213940181399));
#4639=CARTESIAN_POINT('Ctrl Pts',(1.95662143750835,-113.459975465017,49.8493100249506));
#4640=CARTESIAN_POINT('Ctrl Pts',(11.8133891627404,-113.280373129435,46.827571017105));
#4641=CARTESIAN_POINT('Ctrl Pts',(16.9423280594231,-113.100770569346,37.8845600203559));
#4642=CARTESIAN_POINT('Ctrl Pts',(14.5815675760005,-112.921168326224,27.8531086162093));
#4643=CARTESIAN_POINT('Ctrl Pts',(5.99179390275481,-112.741565396601,22.1368920020815));
#4644=CARTESIAN_POINT('Ctrl Pts',(-3.03358755244902,-112.581919751242,23.6549370528023));
#4645=CARTESIAN_POINT('Ctrl Pts',(-8.43772269887659,-112.442228638993,29.1634879919898));
#4646=CARTESIAN_POINT('Ctrl Pts',(-10.2484125284697,-112.322493829485,35.5063627426662));
#4647=CARTESIAN_POINT('Ctrl Pts',(-8.77654648043761,-112.20275882278,41.9557285908671));
#4648=CARTESIAN_POINT('Ctrl Pts',(-4.8783709837876,-112.096328503292,46.3363884024842));
#4649=CARTESIAN_POINT('Ctrl Pts',(1.03448845837353,-111.976593053027,49.033485489973));
#4650=CARTESIAN_POINT('Ctrl Pts',(6.27481568242581,-111.88346527043,48.6530166256037));
#4651=CARTESIAN_POINT('Ctrl Pts',(10.0437355396855,-111.803642877031,46.6107082623394));
#4652=CARTESIAN_POINT('Ctrl Pts',(13.4395559495295,-111.72381965875,43.9968975020366));
#4653=CARTESIAN_POINT('Ctrl Pts',(16.2771752733204,-111.617388610777,38.699591069896));
#4654=CARTESIAN_POINT('Ctrl Pts',(15.5909854002255,-111.484349644234,31.3844649598324));
#4655=CARTESIAN_POINT('Ctrl Pts',(11.9012298982756,-111.364614980283,25.9105049392301));
#4656=CARTESIAN_POINT('Ctrl Pts',(6.02518979695119,-111.24488045139,22.8860776412345));
#4657=CARTESIAN_POINT('Ctrl Pts',(-0.853477426394544,-111.120155765541,
23.062365438068));
#4658=CARTESIAN_POINT('Ctrl Pts',(-6.97359344530276,-110.990444578188,26.8855445322159));
#4659=CARTESIAN_POINT('Ctrl Pts',(-10.2174407205258,-110.855740886695,33.6430896824343));
#4660=CARTESIAN_POINT('Ctrl Pts',(-9.34637078460661,-110.72104109169,41.08588981443));
#4661=CARTESIAN_POINT('Ctrl Pts',(-4.62926516966807,-110.586337798147,46.9103070857204));
#4662=CARTESIAN_POINT('Ctrl Pts',(2.47091146223364,-110.451637144679,49.3087248055378));
#4663=CARTESIAN_POINT('Ctrl Pts',(9.75346604349621,-110.316934980252,47.5387763075543));
#4664=CARTESIAN_POINT('Ctrl Pts',(14.9604378533979,-110.182233082067,42.148448718601));
#4665=CARTESIAN_POINT('Ctrl Pts',(16.4779327959418,-110.047532198025,34.8092342071624));
#4666=CARTESIAN_POINT('Ctrl Pts',(13.8352077172767,-109.912829050696,27.7960480066413));
#4667=CARTESIAN_POINT('Ctrl Pts',(7.85184537310998,-109.778129276037,23.283158177091));
#4668=CARTESIAN_POINT('Ctrl Pts',(0.382431907085393,-109.643425268611,22.6696531378624));
#4669=CARTESIAN_POINT('Ctrl Pts',(-6.25729605556392,-109.508726044173,26.1453641946406));
#4670=CARTESIAN_POINT('Ctrl Pts',(-10.0088330877927,-109.374021744951,32.6336243131276));
#4671=CARTESIAN_POINT('Ctrl Pts',(-9.70998427386151,-109.239322845379,40.1214082907404));
#4672=CARTESIAN_POINT('Ctrl Pts',(-5.45127819963022,-109.104617412671,46.2905848589161));
#4673=CARTESIAN_POINT('Ctrl Pts',(-0.8557179446184,-109.014821472094,48.2441985041475));
#4674=CARTESIAN_POINT('Ctrl Pts',(1.5275036830854,-108.969919235216,48.5321878087737));
#4675=CARTESIAN_POINT('Ctrl Pts',(-2.86841722736881,-124.071468819269,47.1646475985223));
#4676=CARTESIAN_POINT('Ctrl Pts',(-0.742484057095569,-124.026568173606,
48.2794090797263));
#4677=CARTESIAN_POINT('Ctrl Pts',(4.15054348788639,-123.936767062149,49.2775904625512));
#4678=CARTESIAN_POINT('Ctrl Pts',(11.1573071482204,-123.802064102201,46.6129978729794));
#4679=CARTESIAN_POINT('Ctrl Pts',(15.6510167594953,-123.667363498579,40.616094689968));
#4680=CARTESIAN_POINT('Ctrl Pts',(16.2422814512684,-123.532661097711,33.1447256421163));
#4681=CARTESIAN_POINT('Ctrl Pts',(12.7458392637209,-123.397959516932,26.5157849009405));
#4682=CARTESIAN_POINT('Ctrl Pts',(6.24672591174799,-123.263258283738,22.7837753804237));
#4683=CARTESIAN_POINT('Ctrl Pts',(-1.24098312434855,-123.128555487535,23.1061019727828));
#4684=CARTESIAN_POINT('Ctrl Pts',(-7.39556519630849,-122.99385539369,27.3823386636682));
#4685=CARTESIAN_POINT('Ctrl Pts',(-10.3094623636661,-122.859151658996,34.2874577346186));
#4686=CARTESIAN_POINT('Ctrl Pts',(-9.07891017486914,-122.724452157967,41.6799579910666));
#4687=CARTESIAN_POINT('Ctrl Pts',(-4.08606098433161,-122.589748299193,47.2694077033296));
#4688=CARTESIAN_POINT('Ctrl Pts',(3.12259144045382,-122.455048452697,49.320930669377));
#4689=CARTESIAN_POINT('Ctrl Pts',(10.3095121215236,-122.320345275359,47.2023393294234));
#4690=CARTESIAN_POINT('Ctrl Pts',(15.2526624197007,-122.185644616973,41.563102232782));
#4691=CARTESIAN_POINT('Ctrl Pts',(16.4072125953596,-122.050942103165,34.1659796307556));
#4692=CARTESIAN_POINT('Ctrl Pts',(13.1109833927409,-121.901274736347,26.50899876274));
#4693=CARTESIAN_POINT('Ctrl Pts',(4.84848834686032,-121.736638414611,21.9432370470503));
#4694=CARTESIAN_POINT('Ctrl Pts',(-5.14838105638254,-121.557037015691,24.4775518980575));
#4695=CARTESIAN_POINT('Ctrl Pts',(-10.7129875374615,-121.37743388567,33.1652997301131));
#4696=CARTESIAN_POINT('Ctrl Pts',(-9.18014507215397,-121.231092492916,41.4087322893921));
#4697=CARTESIAN_POINT('Ctrl Pts',(-4.6131718371354,-121.104703598208,46.5302261809441));
#4698=CARTESIAN_POINT('Ctrl Pts',(-0.615453255976031,-121.024882308649,
48.3560919030612));
#4699=CARTESIAN_POINT('Ctrl Pts',(4.36441854267115,-120.931753329841,48.8155035019278));
#4700=CARTESIAN_POINT('Ctrl Pts',(9.34949409300129,-120.83862795029,47.5926020374541));
#4701=CARTESIAN_POINT('Ctrl Pts',(14.2164071467782,-120.718891576263,43.1202962624286));
#4702=CARTESIAN_POINT('Ctrl Pts',(16.3312295985707,-120.599157636457,36.8634923313369));
#4703=CARTESIAN_POINT('Ctrl Pts',(15.1783344300956,-120.479422486325,30.3578153838445));
#4704=CARTESIAN_POINT('Ctrl Pts',(11.0409916485899,-120.359687389644,25.2097505828301));
#4705=CARTESIAN_POINT('Ctrl Pts',(4.93377344005341,-120.239953376934,22.6822103722536));
#4706=CARTESIAN_POINT('Ctrl Pts',(-1.62740647030858,-120.120217551686,23.4055514898815));
#4707=CARTESIAN_POINT('Ctrl Pts',(-7.65221235724198,-119.987179785215,27.6115577188508));
#4708=CARTESIAN_POINT('Ctrl Pts',(-9.85926264653561,-119.880747224617,33.2001046493568));
#4709=CARTESIAN_POINT('Ctrl Pts',(-9.65807514914984,-119.800925799129,37.4816893159618));
#4710=CARTESIAN_POINT('Ctrl Pts',(-8.70681974528192,-119.714449227451,42.0217547556909));
#4711=CARTESIAN_POINT('Ctrl Pts',(-3.97496273170839,-119.581410413897,48.0073040353854));
#4712=CARTESIAN_POINT('Ctrl Pts',(6.23128362095531,-119.401809133523,49.5294721825746));
#4713=CARTESIAN_POINT('Ctrl Pts',(13.9969081608135,-119.237173017751,44.1637963365888));
#4714=CARTESIAN_POINT('Ctrl Pts',(16.5090734266623,-119.087505461677,36.2132178163257));
#4715=CARTESIAN_POINT('Ctrl Pts',(14.6221056238455,-118.952802120376,28.9695934351636));
#4716=CARTESIAN_POINT('Ctrl Pts',(9.13956832727823,-118.818102424269,23.8521593068628));
#4717=CARTESIAN_POINT('Ctrl Pts',(1.7771248791761,-118.683398646673,22.4626461919323));
#4718=CARTESIAN_POINT('Ctrl Pts',(-5.1904795138718,-118.548698762245,25.2243173731409));
#4719=CARTESIAN_POINT('Ctrl Pts',(-9.59969810065331,-118.413995665717,31.2847616513205));
#4720=CARTESIAN_POINT('Ctrl Pts',(-10.0851953854267,-118.279294758787,38.763286228879));
#4721=CARTESIAN_POINT('Ctrl Pts',(-6.49586332625829,-118.144592872053,45.342555787378));
#4722=CARTESIAN_POINT('Ctrl Pts',(0.0554240190225403,-118.009890697045,
48.9822958938353));
#4723=CARTESIAN_POINT('Ctrl Pts',(7.53768703278373,-117.875190063538,48.554655214834));
#4724=CARTESIAN_POINT('Ctrl Pts',(13.631484265254,-117.740486725684,44.1917634385293));
#4725=CARTESIAN_POINT('Ctrl Pts',(16.4475911754879,-117.605787026718,37.2465885449123));
#4726=CARTESIAN_POINT('Ctrl Pts',(15.1130657673351,-117.471083133971,29.871731696919));
#4727=CARTESIAN_POINT('Ctrl Pts',(10.0415816185999,-117.336383513969,24.3538631866417));
#4728=CARTESIAN_POINT('Ctrl Pts',(2.80541906281777,-117.20168003831,22.4032312638087));
#4729=CARTESIAN_POINT('Ctrl Pts',(-4.352491456464,-117.066979578652,24.6247137260107));
#4730=CARTESIAN_POINT('Ctrl Pts',(-9.21222253810866,-116.932277214116,30.3297078514167));
#4731=CARTESIAN_POINT('Ctrl Pts',(-10.2694465460871,-116.79757551405,37.7491723766948));
#4732=CARTESIAN_POINT('Ctrl Pts',(-7.1915399758012,-116.662874438361,44.5841652684505));
#4733=CARTESIAN_POINT('Ctrl Pts',(-0.942973336846808,-116.528171470285,
48.7133447169123));
#4734=CARTESIAN_POINT('Ctrl Pts',(6.56055450060267,-116.393471540798,48.8616933169141));
#4735=CARTESIAN_POINT('Ctrl Pts',(12.2378403982624,-116.273734792827,45.4046682200718));
#4736=CARTESIAN_POINT('Ctrl Pts',(16.1296408263366,-116.13903453107,39.1752641288537));
#4737=CARTESIAN_POINT('Ctrl Pts',(16.072199588222,-116.004332105458,31.4689168771539));
#4738=CARTESIAN_POINT('Ctrl Pts',(10.8931706877486,-115.854664129035,24.9207575508137));
#4739=CARTESIAN_POINT('Ctrl Pts',(3.83764275988859,-115.719961510285,22.4231247469277));
#4740=CARTESIAN_POINT('Ctrl Pts',(-3.46770601148505,-115.585260714477,24.0921346675363));
#4741=CARTESIAN_POINT('Ctrl Pts',(-9.352146250577,-115.435590759488,29.9940674343447));
#4742=CARTESIAN_POINT('Ctrl Pts',(-10.5333986907283,-115.270956361712,39.3578413974814));
#4743=CARTESIAN_POINT('Ctrl Pts',(-4.46659194635732,-115.091353422276,47.7072424216498));
#4744=CARTESIAN_POINT('Ctrl Pts',(5.65202232082126,-114.911751868597,49.6484651005284));
#4745=CARTESIAN_POINT('Ctrl Pts',(14.3779738157491,-114.732148512658,44.1551615703891));
#4746=CARTESIAN_POINT('Ctrl Pts',(16.9887181165618,-114.552547272162,34.1837999716105));
#4747=CARTESIAN_POINT('Ctrl Pts',(12.0833098472053,-114.37294398313,25.1138942579008));
#4748=CARTESIAN_POINT('Ctrl Pts',(2.30592508571346,-114.193343082262,21.8515274397047));
#4749=CARTESIAN_POINT('Ctrl Pts',(-7.06655477162536,-114.013740417187,26.1463467444885));
#4750=CARTESIAN_POINT('Ctrl Pts',(-10.9716710054894,-113.834138411568,35.6870245238441));
#4751=CARTESIAN_POINT('Ctrl Pts',(-7.30419385421055,-113.654536162323,45.3216196670581));
#4752=CARTESIAN_POINT('Ctrl Pts',(1.95692565260389,-113.474933868894,49.8493343894006));
#4753=CARTESIAN_POINT('Ctrl Pts',(11.813627951921,-113.295331533312,46.8273808710431));
#4754=CARTESIAN_POINT('Ctrl Pts',(16.9423724144388,-113.115728973223,37.8842581100784));
#4755=CARTESIAN_POINT('Ctrl Pts',(14.5813937590226,-112.936126730101,27.8528577127215));
#4756=CARTESIAN_POINT('Ctrl Pts',(5.99149533526697,-112.756523800478,22.1368279250006));
#4757=CARTESIAN_POINT('Ctrl Pts',(-3.033852941011,-112.596878155119,23.6550690151706));
#4758=CARTESIAN_POINT('Ctrl Pts',(-8.43786862862664,-112.45718704287,29.1637379258687));
#4759=CARTESIAN_POINT('Ctrl Pts',(-10.2484208850027,-112.337452233362,35.5066521561431));
#4760=CARTESIAN_POINT('Ctrl Pts',(-8.7764138463984,-112.217717226657,41.9559858413025));
#4761=CARTESIAN_POINT('Ctrl Pts',(-4.87814418690468,-112.111286907169,46.3365614306458));
#4762=CARTESIAN_POINT('Ctrl Pts',(1.03477606172294,-111.991551456904,49.0335295435685));
#4763=CARTESIAN_POINT('Ctrl Pts',(6.27509301215732,-111.898423674306,48.6529477231377));
#4764=CARTESIAN_POINT('Ctrl Pts',(10.0439693639402,-111.818601280908,46.610556539015));
#4765=CARTESIAN_POINT('Ctrl Pts',(13.4397337153392,-111.738778062627,43.9966716450381));
#4766=CARTESIAN_POINT('Ctrl Pts',(16.2772371492836,-111.632347014654,38.6993032807638));
#4767=CARTESIAN_POINT('Ctrl Pts',(15.5908885612532,-111.499308048111,31.3841927252364));
#4768=CARTESIAN_POINT('Ctrl Pts',(11.901013291975,-111.37957338416,25.9103117250369));
#4769=CARTESIAN_POINT('Ctrl Pts',(6.02490785772391,-111.259838855267,22.8860130287854));
#4770=CARTESIAN_POINT('Ctrl Pts',(-0.853756146448312,-111.135114169418,
23.062450078128));
#4771=CARTESIAN_POINT('Ctrl Pts',(-6.97378886279482,-111.005402982065,26.8857625630644));
#4772=CARTESIAN_POINT('Ctrl Pts',(-10.217489373088,-110.870699290572,33.6433783681984));
#4773=CARTESIAN_POINT('Ctrl Pts',(-9.34625745634287,-110.735999495567,41.0861597976758));
#4774=CARTESIAN_POINT('Ctrl Pts',(-4.62902505652233,-110.601296202024,46.9104746020807));
#4775=CARTESIAN_POINT('Ctrl Pts',(2.47120395408256,-110.466595548556,49.3087379583784));
#4776=CARTESIAN_POINT('Ctrl Pts',(9.75372022357393,-110.331893384129,47.5386310005488));
#4777=CARTESIAN_POINT('Ctrl Pts',(14.9605749365747,-110.197191485944,42.148190010099));
#4778=CARTESIAN_POINT('Ctrl Pts',(16.4779102686505,-110.062490601902,34.8089422875689));
#4779=CARTESIAN_POINT('Ctrl Pts',(13.8350325951313,-109.927787454573,27.7958133867908));
#4780=CARTESIAN_POINT('Ctrl Pts',(7.85157187961674,-109.793087679914,23.283053568399));
#4781=CARTESIAN_POINT('Ctrl Pts',(0.38214496162052,-109.658383672488,22.669711009599));
#4782=CARTESIAN_POINT('Ctrl Pts',(-6.25750777305243,-109.523684448049,26.1455665306777));
#4783=CARTESIAN_POINT('Ctrl Pts',(-10.0089033839329,-109.388980148828,32.6339085356984));
#4784=CARTESIAN_POINT('Ctrl Pts',(-9.70989249779823,-109.254281249256,40.1216859927536));
#4785=CARTESIAN_POINT('Ctrl Pts',(-5.45105043034585,-109.119575816548,46.2907705603667));
#4786=CARTESIAN_POINT('Ctrl Pts',(-0.855450710902807,-109.029779875971,
48.2442833611312));
#4787=CARTESIAN_POINT('Ctrl Pts',(1.52777929894275,-108.984877639093,48.5322211082071));
#4788=CARTESIAN_POINT('',(-2.89306296114668,-123.984877639092,47.2081882212143));
#4789=CARTESIAN_POINT('Ctrl Pts',(-2.89306296114846,-123.984877639092,47.2081882212134));
#4790=CARTESIAN_POINT('Ctrl Pts',(-2.80057205449982,-123.984877639092,47.252959218976));
#4791=CARTESIAN_POINT('Ctrl Pts',(-2.70084529462545,-123.984894527516,47.3002977041987));
#4792=CARTESIAN_POINT('Ctrl Pts',(-2.59386687001001,-123.984910340875,47.3495406150428));
#4793=CARTESIAN_POINT('Ctrl Pts',(-2.4842189430816,-123.984926548835,47.400012316317));
#4794=CARTESIAN_POINT('Ctrl Pts',(-2.36695192518407,-123.984941773589,47.4524843613919));
#4795=CARTESIAN_POINT('Ctrl Pts',(-2.24205986863383,-123.98494840774,47.5061909518188));
#4796=CARTESIAN_POINT('Ctrl Pts',(-2.1175147041553,-123.984955023465,47.5597483703053));
#4797=CARTESIAN_POINT('Ctrl Pts',(-1.98538589533741,-123.984953265391,47.6145329352743));
#4798=CARTESIAN_POINT('Ctrl Pts',(-1.84569277937673,-123.984944658626,47.6697411561013));
#4799=CARTESIAN_POINT('Ctrl Pts',(-1.7088244723093,-123.984936225904,47.7238329820931));
#4800=CARTESIAN_POINT('Ctrl Pts',(-1.56469404043663,-123.984921373454,47.7783308918689));
#4801=CARTESIAN_POINT('Ctrl Pts',(-1.41335524097469,-123.984907844957,47.8324455534947));
#4802=CARTESIAN_POINT('Ctrl Pts',(-1.30508300220349,-123.984898166271,47.8711607777823));
#4803=CARTESIAN_POINT('Ctrl Pts',(-1.19312195991552,-123.984889298535,47.909679128893));
#4804=CARTESIAN_POINT('Ctrl Pts',(-1.0775059243745,-123.984885498036,47.9477032249214));
#4805=CARTESIAN_POINT('Ctrl Pts',(-0.96554996765751,-123.984881817849,47.9845235849107));
#4806=CARTESIAN_POINT('Ctrl Pts',(-0.853241135747857,-123.984884719469,
48.0198683212547));
#4807=CARTESIAN_POINT('Ctrl Pts',(-0.740589123242788,-123.984890084544,
48.0537404482462));
#4808=CARTESIAN_POINT('Ctrl Pts',(-0.49553306687401,-123.984901755389,48.1274237289687));
#4809=CARTESIAN_POINT('Ctrl Pts',(-0.248852489790448,-123.984922197242,
48.1941406396627));
#4810=CARTESIAN_POINT('Ctrl Pts',(-0.000639342668316604,-123.984927539644,
48.2538626611423));
#4811=CARTESIAN_POINT('Ctrl Pts',(0.270890063842325,-123.984933383892,48.3191947567061));
#4812=CARTESIAN_POINT('Ctrl Pts',(0.544253450546618,-123.984922483224,48.3761566297105));
#4813=CARTESIAN_POINT('Ctrl Pts',(0.819324336128317,-123.984906765646,48.4246622856088));
#4814=CARTESIAN_POINT('Ctrl Pts',(1.05465963539715,-123.984893318563,48.4661610179189));
#4815=CARTESIAN_POINT('Ctrl Pts',(1.29124458294243,-123.984877660783,48.5014692759534));
#4816=CARTESIAN_POINT('Ctrl Pts',(1.52899750258665,-123.984877575204,48.5305050671641));
#4817=CARTESIAN_POINT('Ctrl Pts',(-2.89306296114846,-123.984877639092,47.2081882212134));
#4818=CARTESIAN_POINT('Ctrl Pts',(-0.758940697348224,-123.939976993429,
48.3275850568632));
#4819=CARTESIAN_POINT('Ctrl Pts',(4.15313216713123,-123.850175881972,49.3302934536348));
#4820=CARTESIAN_POINT('Ctrl Pts',(11.187684023474,-123.715472922023,46.6561431904397));
#4821=CARTESIAN_POINT('Ctrl Pts',(15.6997552141189,-123.580772318401,40.6363098201999));
#4822=CARTESIAN_POINT('Ctrl Pts',(16.2942772660044,-123.446069917534,33.1357422072468));
#4823=CARTESIAN_POINT('Ctrl Pts',(12.7849706226107,-123.311368336755,26.4803888461994));
#4824=CARTESIAN_POINT('Ctrl Pts',(6.26086350037259,-123.176667103561,22.732938870134));
#4825=CARTESIAN_POINT('Ctrl Pts',(-1.25622315769039,-123.041964307357,23.0555855189412));
#4826=CARTESIAN_POINT('Ctrl Pts',(-7.43545748924081,-122.907264213512,27.3478016501624));
#4827=CARTESIAN_POINT('Ctrl Pts',(-10.3616408498936,-122.772560478819,34.2796082461616));
#4828=CARTESIAN_POINT('Ctrl Pts',(-9.12719816514015,-122.63786097779,41.7012274548834));
#4829=CARTESIAN_POINT('Ctrl Pts',(-4.1154906685641,-122.503157119016,47.3132054571453));
#4830=CARTESIAN_POINT('Ctrl Pts',(3.12114712000859,-122.368457272519,49.3736740322012));
#4831=CARTESIAN_POINT('Ctrl Pts',(10.3364931062466,-122.233754095182,47.247686950269));
#4832=CARTESIAN_POINT('Ctrl Pts',(15.299720867787,-122.099053436795,41.5869776033563));
#4833=CARTESIAN_POINT('Ctrl Pts',(16.459726021638,-121.964350922988,34.1610182627364));
#4834=CARTESIAN_POINT('Ctrl Pts',(13.1515462501632,-121.81468355617,26.4736220974687));
#4835=CARTESIAN_POINT('Ctrl Pts',(4.85725344270174,-121.650047234433,21.8889312246353));
#4836=CARTESIAN_POINT('Ctrl Pts',(-5.17910306325272,-121.470445835513,24.4319168135917));
#4837=CARTESIAN_POINT('Ctrl Pts',(-10.7666057472497,-121.290842705492,33.1530027873229));
#4838=CARTESIAN_POINT('Ctrl Pts',(-9.22879555150665,-121.144501312739,41.4289263368056));
#4839=CARTESIAN_POINT('Ctrl Pts',(-4.64457367990605,-121.01811241803,46.5710614305898));
#4840=CARTESIAN_POINT('Ctrl Pts',(-0.631421841943943,-120.938291128471,
48.4045843207584));
#4841=CARTESIAN_POINT('Ctrl Pts',(4.36790337430703,-120.845162149664,48.8664229549059));
#4842=CARTESIAN_POINT('Ctrl Pts',(9.37266456193299,-120.752036770112,47.639357835306));
#4843=CARTESIAN_POINT('Ctrl Pts',(14.2592094434914,-120.632300396086,43.1501422772586));
#4844=CARTESIAN_POINT('Ctrl Pts',(16.3831056597048,-120.512566456279,36.869090319604));
#4845=CARTESIAN_POINT('Ctrl Pts',(15.2265125916283,-120.392831306148,30.3377787945768));
#4846=CARTESIAN_POINT('Ctrl Pts',(11.0736078223757,-120.273096209467,25.1690227834631));
#4847=CARTESIAN_POINT('Ctrl Pts',(4.94277963601238,-120.153362196756,22.6308106050582));
#4848=CARTESIAN_POINT('Ctrl Pts',(-1.64419822589781,-120.033626371508,23.3561596297722));
#4849=CARTESIAN_POINT('Ctrl Pts',(-7.69313906282079,-119.900588605038,27.5778864753148));
#4850=CARTESIAN_POINT('Ctrl Pts',(-9.90954032286689,-119.79415604444,33.188051571327));
#4851=CARTESIAN_POINT('Ctrl Pts',(-9.70810369060212,-119.714334618952,37.4864369291163));
#4852=CARTESIAN_POINT('Ctrl Pts',(-8.75369291363557,-119.627858047273,42.0444102403689));
#4853=CARTESIAN_POINT('Ctrl Pts',(-4.00405004359252,-119.49481923372,48.0540068750409));
#4854=CARTESIAN_POINT('Ctrl Pts',(6.24199297719712,-119.315217953346,49.5834240525548));
#4855=CARTESIAN_POINT('Ctrl Pts',(14.0387190608258,-119.150581837574,44.1977031728395));
#4856=CARTESIAN_POINT('Ctrl Pts',(16.5617281648692,-119.000914281499,36.2162904058999));
#4857=CARTESIAN_POINT('Ctrl Pts',(14.6682792669626,-118.866210940199,28.9440477182857));
#4858=CARTESIAN_POINT('Ctrl Pts',(9.1649056191915,-118.731511244091,23.8058730092308));
#4859=CARTESIAN_POINT('Ctrl Pts',(1.77379089205967,-118.596807466495,22.4099886919812));
#4860=CARTESIAN_POINT('Ctrl Pts',(-5.22146049379835,-118.462107582068,25.1816028340247));
#4861=CARTESIAN_POINT('Ctrl Pts',(-9.64871762283622,-118.32740448554,31.2652368938985));
#4862=CARTESIAN_POINT('Ctrl Pts',(-10.1370587693144,-118.19270357861,38.7730013899867));
#4863=CARTESIAN_POINT('Ctrl Pts',(-6.53449205497514,-118.058001691876,45.3785006517757));
#4864=CARTESIAN_POINT('Ctrl Pts',(0.042005097869719,-117.923299516867,49.0333262694308));
#4865=CARTESIAN_POINT('Ctrl Pts',(7.55363765674156,-117.78859888336,48.604952224949));
#4866=CARTESIAN_POINT('Ctrl Pts',(13.671859903565,-117.653895545506,44.2257338376411));
#4867=CARTESIAN_POINT('Ctrl Pts',(16.4998749060593,-117.519195846541,37.2537021658131));
#4868=CARTESIAN_POINT('Ctrl Pts',(15.1610494106158,-117.384491953794,29.8497824009104));
#4869=CARTESIAN_POINT('Ctrl Pts',(10.0703898487963,-117.249792333791,24.3096561561638));
#4870=CARTESIAN_POINT('Ctrl Pts',(2.80612143996523,-117.115088858133,22.3504704540281));
#4871=CARTESIAN_POINT('Ctrl Pts',(-4.38011367763578,-116.980388398474,24.5797554411225));
#4872=CARTESIAN_POINT('Ctrl Pts',(-9.25960366392419,-116.845686033939,30.3064899583917));
#4873=CARTESIAN_POINT('Ctrl Pts',(-10.321904136899,-116.710984333872,37.7548910134776));
#4874=CARTESIAN_POINT('Ctrl Pts',(-7.23279888942991,-116.576283258184,44.6170511420941));
#4875=CARTESIAN_POINT('Ctrl Pts',(-0.960270138960344,-116.441580290107,
48.7631956200411));
#4876=CARTESIAN_POINT('Ctrl Pts',(6.57263803307108,-116.306880360621,48.9130702728976));
#4877=CARTESIAN_POINT('Ctrl Pts',(12.2726029792961,-116.18714361265,45.4432153281702));
#4878=CARTESIAN_POINT('Ctrl Pts',(16.180435966893,-116.052443350893,39.1898943148136));
#4879=CARTESIAN_POINT('Ctrl Pts',(16.1237400301249,-115.91774092528,31.4533461645037));
#4880=CARTESIAN_POINT('Ctrl Pts',(10.9252440842662,-115.768072948857,24.8788788562264));
#4881=CARTESIAN_POINT('Ctrl Pts',(3.84238691098306,-115.633370330107,22.3705718544944));
#4882=CARTESIAN_POINT('Ctrl Pts',(-3.49179456005268,-115.4986695343,24.0452011335012));
#4883=CARTESIAN_POINT('Ctrl Pts',(-9.40003333835597,-115.34899957931,29.9695168748458));
#4884=CARTESIAN_POINT('Ctrl Pts',(-10.5870930110466,-115.184365181534,39.3698296046914));
#4885=CARTESIAN_POINT('Ctrl Pts',(-4.4975676913299,-115.004762242098,47.7527077079078));
#4886=CARTESIAN_POINT('Ctrl Pts',(5.66044713326907,-114.82516068842,49.7028102491529));
#4887=CARTESIAN_POINT('Ctrl Pts',(14.4212788280132,-114.64555733248,44.1890825579233));
#4888=CARTESIAN_POINT('Ctrl Pts',(17.0435076524798,-114.465956091984,34.1789816453821));
#4889=CARTESIAN_POINT('Ctrl Pts',(12.1200219202839,-114.286352802953,25.0729221362362));
#4890=CARTESIAN_POINT('Ctrl Pts',(2.30473990138114,-114.106751902085,21.7965421456002));
#4891=CARTESIAN_POINT('Ctrl Pts',(-7.10500236130445,-113.927149237009,26.1070085109014));
#4892=CARTESIAN_POINT('Ctrl Pts',(-11.0266202709172,-113.747547231391,35.6845751907863));
#4893=CARTESIAN_POINT('Ctrl Pts',(-7.34598700642113,-113.567944982146,45.3573807209115));
#4894=CARTESIAN_POINT('Ctrl Pts',(1.95084768892583,-113.388342688716,49.9040012747711));
#4895=CARTESIAN_POINT('Ctrl Pts',(11.8465493144908,-113.208740353134,46.8714487883079));
#4896=CARTESIAN_POINT('Ctrl Pts',(16.9965144173413,-113.029137793045,37.8939324378649));
#4897=CARTESIAN_POINT('Ctrl Pts',(14.6275485076552,-112.849535549923,27.8229314703942));
#4898=CARTESIAN_POINT('Ctrl Pts',(6.00471438542905,-112.669932620301,22.0834245202354));
#4899=CARTESIAN_POINT('Ctrl Pts',(-3.05618660829092,-112.510286974942,23.6064776760557));
#4900=CARTESIAN_POINT('Ctrl Pts',(-8.48206900095183,-112.370595862693,29.1360492368949));
#4901=CARTESIAN_POINT('Ctrl Pts',(-10.3005137260565,-112.250861053184,35.5035871887786));
#4902=CARTESIAN_POINT('Ctrl Pts',(-8.82355140481897,-112.131126046479,41.9783748786329));
#4903=CARTESIAN_POINT('Ctrl Pts',(-4.91055981250396,-112.024695726991,46.3766045324064));
#4904=CARTESIAN_POINT('Ctrl Pts',(1.02518781577245,-111.904960276726,49.0848839706637));
#4905=CARTESIAN_POINT('Ctrl Pts',(6.28608438375687,-111.811832494129,48.7034708641811));
#4906=CARTESIAN_POINT('Ctrl Pts',(10.0699844606602,-111.73201010073,46.6535521034793));
#4907=CARTESIAN_POINT('Ctrl Pts',(13.4793826353964,-111.652186882449,44.0298535249182));
#4908=CARTESIAN_POINT('Ctrl Pts',(16.3286705074168,-111.545755834476,38.7120872247747));
#4909=CARTESIAN_POINT('Ctrl Pts',(15.6405538824148,-111.412716867933,31.3682294561083));
#4910=CARTESIAN_POINT('Ctrl Pts',(11.936910840248,-111.292982203982,25.87243703322));
#4911=CARTESIAN_POINT('Ctrl Pts',(6.03816348411041,-111.173247675089,22.8355491576283));
#4912=CARTESIAN_POINT('Ctrl Pts',(-0.867473518077196,-111.04852298924,23.0118113533776));
#4913=CARTESIAN_POINT('Ctrl Pts',(-7.0119660980465,-110.918811801888,26.8493330603566));
#4914=CARTESIAN_POINT('Ctrl Pts',(-10.2692264064546,-110.784108110394,33.6330169412293));
#4915=CARTESIAN_POINT('Ctrl Pts',(-9.39551815101482,-110.649408315389,41.1050690814912));
#4916=CARTESIAN_POINT('Ctrl Pts',(-4.6605368922275,-110.514705021846,46.9527976785895));
#4917=CARTESIAN_POINT('Ctrl Pts',(2.46720901605697,-110.380004368378,49.3613515293053));
#4918=CARTESIAN_POINT('Ctrl Pts',(9.77848125668591,-110.245302203951,47.5852262373051));
#4919=CARTESIAN_POINT('Ctrl Pts',(15.0064153061204,-110.110600305766,42.1743209908785));
#4920=CARTESIAN_POINT('Ctrl Pts',(16.5306197305056,-109.975899421724,34.8065089657134));
#4921=CARTESIAN_POINT('Ctrl Pts',(13.8782702644499,-109.841196274396,27.7655696640215));
#4922=CARTESIAN_POINT('Ctrl Pts',(7.87193442837747,-109.706496499736,23.2343753196913));
#4923=CARTESIAN_POINT('Ctrl Pts',(0.373319334565748,-109.57179249231,22.6176891436773));
#4924=CARTESIAN_POINT('Ctrl Pts',(-6.29278539763906,-109.437093267872,26.1063271126973));
#4925=CARTESIAN_POINT('Ctrl Pts',(-10.0596960629744,-109.302388968651,32.6196182445383));
#4926=CARTESIAN_POINT('Ctrl Pts',(-9.76045648054068,-109.167690069079,40.1367706557989));
#4927=CARTESIAN_POINT('Ctrl Pts',(-6.40149914235713,-109.061843027769,45.0036456373406));
#4928=CARTESIAN_POINT('Ctrl Pts',(-3.65523954304599,-109.000901335074,46.8076704866856));
#4929=CARTESIAN_POINT('Ctrl Pts',(-2.89221528031226,-108.984858809792,47.2065659841865));
#4930=CARTESIAN_POINT('Ctrl Pts',(-2.89306296120883,-108.984877639093,47.2081882211812));
#4931=CARTESIAN_POINT('Ctrl Pts',(-5.07953750143619,-109.030879745086,46.0613313971336));
#4932=CARTESIAN_POINT('Ctrl Pts',(-8.76812472195683,-109.122883957073,42.4725983275095));
#4933=CARTESIAN_POINT('Ctrl Pts',(-10.4587899350119,-109.260890275053,34.9341539630267));
#4934=CARTESIAN_POINT('Ctrl Pts',(-7.75588577613043,-109.398896593032,27.6995287537719));
#4935=CARTESIAN_POINT('Ctrl Pts',(-1.53891798638521,-109.536902911012,23.1160142338718));
#4936=CARTESIAN_POINT('Ctrl Pts',(6.17231745134563,-109.674909228992,22.6749706817441));
#4937=CARTESIAN_POINT('Ctrl Pts',(12.8716192956448,-109.812915546972,26.5187992818249));
#4938=CARTESIAN_POINT('Ctrl Pts',(16.3820004844048,-109.950921864951,33.3988624085991));
#4939=CARTESIAN_POINT('Ctrl Pts',(15.5626786624614,-110.088928182931,41.0789832554451));
#4940=CARTESIAN_POINT('Ctrl Pts',(10.6798166975725,-110.226934500911,47.0636957894126));
#4941=CARTESIAN_POINT('Ctrl Pts',(3.32045459205575,-110.364940818891,49.4075528721872));
#4942=CARTESIAN_POINT('Ctrl Pts',(-4.12433295770775,-110.50294713687,47.3499604490195));
#4943=CARTESIAN_POINT('Ctrl Pts',(-9.234125729265,-110.64095345485,41.5573898037632));
#4944=CARTESIAN_POINT('Ctrl Pts',(-10.3505560553307,-110.77895977283,33.9167068554132));
#4945=CARTESIAN_POINT('Ctrl Pts',(-7.10638220675544,-110.91696609081,26.901905731896));
#4946=CARTESIAN_POINT('Ctrl Pts',(-0.564908264576811,-111.05497240879,22.8109516913937));
#4947=CARTESIAN_POINT('Ctrl Pts',(8.02569471420328,-111.2083127621,22.9501014514294));
#4948=CARTESIAN_POINT('Ctrl Pts',(15.529945451738,-111.376987150742,29.1643350888524));
#4949=CARTESIAN_POINT('Ctrl Pts',(16.6680833958282,-111.560995574715,39.7512075631349));
#4950=CARTESIAN_POINT('Ctrl Pts',(10.1106038820248,-111.745003998688,48.1333559656845));
#4951=CARTESIAN_POINT('Ctrl Pts',(-0.0364756013184589,-111.922197295847,
49.5187711282217));
#4952=CARTESIAN_POINT('Ctrl Pts',(-8.08582683638681,-112.092575466193,44.0972904879001));
#4953=CARTESIAN_POINT('Ctrl Pts',(-10.785147110582,-112.256138509724,35.1895903854029));
#4954=CARTESIAN_POINT('Ctrl Pts',(-7.97392132534906,-112.385625919187,28.3763437568623));
#4955=CARTESIAN_POINT('Ctrl Pts',(-4.04069891785932,-112.48103769458,25.0295452845539));
#4956=CARTESIAN_POINT('Ctrl Pts',(-0.0639737991416861,-112.562819216346,
23.0894142954048));
#4957=CARTESIAN_POINT('Ctrl Pts',(5.5952887537201,-112.665046118553,22.7127402703169));
#4958=CARTESIAN_POINT('Ctrl Pts',(11.7301820821837,-112.787718401202,25.6576049617881));
#4959=CARTESIAN_POINT('Ctrl Pts',(15.6261019384329,-112.910390683851,31.2378040083487));
#4960=CARTESIAN_POINT('Ctrl Pts',(16.2748466684209,-113.033062966499,38.0117018701055));
#4961=CARTESIAN_POINT('Ctrl Pts',(13.5127966519404,-113.155735249148,44.2318065948193));
#4962=CARTESIAN_POINT('Ctrl Pts',(8.0473837680015,-113.278407531796,48.2872369009105));
#4963=CARTESIAN_POINT('Ctrl Pts',(1.29536361590662,-113.401079814445,49.13561924575));
#4964=CARTESIAN_POINT('Ctrl Pts',(-5.00101819149326,-113.523752097094,46.553956323054));
#4965=CARTESIAN_POINT('Ctrl Pts',(-9.21818853529227,-113.646424379743,41.2123351316196));
#4966=CARTESIAN_POINT('Ctrl Pts',(-10.2605930706604,-113.769096662391,34.4868800734049));
#4967=CARTESIAN_POINT('Ctrl Pts',(-7.86597757733523,-113.89176894504,28.1172151887456));
#4968=CARTESIAN_POINT('Ctrl Pts',(-2.64827369466039,-114.014441227689,23.7476908914614));
#4969=CARTESIAN_POINT('Ctrl Pts',(4.04245583180537,-114.137113510337,22.5063724445007));
#4970=CARTESIAN_POINT('Ctrl Pts',(10.4805549390762,-114.259785792986,24.7157252077752));
#4971=CARTESIAN_POINT('Ctrl Pts',(14.9989608302838,-114.382458075635,29.800833760365));
#4972=CARTESIAN_POINT('Ctrl Pts',(16.4382049133764,-114.505130358283,36.457036267386));
#4973=CARTESIAN_POINT('Ctrl Pts',(14.6374549825933,-114.614172387304,42.2265297320032));
#4974=CARTESIAN_POINT('Ctrl Pts',(10.1876631380825,-114.736844669953,47.2153348589303));
#4975=CARTESIAN_POINT('Ctrl Pts',(2.49045045941822,-114.879962333043,49.8589688500953));
#4976=CARTESIAN_POINT('Ctrl Pts',(-6.96268187982095,-115.057155630202,45.8629557486873));
#4977=CARTESIAN_POINT('Ctrl Pts',(-10.3913971906019,-115.210495983513,37.7001125035087));
#4978=CARTESIAN_POINT('Ctrl Pts',(-9.17508106332302,-115.333168266162,31.0963395512266));
#4979=CARTESIAN_POINT('Ctrl Pts',(-6.49567997609593,-115.425172478148,26.8454621259488));
#4980=CARTESIAN_POINT('Ctrl Pts',(-2.40138082539679,-115.517176690135,23.9158064101795));
#4981=CARTESIAN_POINT('Ctrl Pts',(2.4875438837073,-115.609180902121,22.7391134030478));
#4982=CARTESIAN_POINT('Ctrl Pts',(7.46325111438392,-115.701185114108,23.4870288438015));
#4983=CARTESIAN_POINT('Ctrl Pts',(11.7914136351099,-115.793189326094,26.0503625154315));
#4984=CARTESIAN_POINT('Ctrl Pts',(14.8392022089203,-115.885193538081,30.0527041971102));
#4985=CARTESIAN_POINT('Ctrl Pts',(16.1585701366728,-115.977197750067,34.9074086609128));
#4986=CARTESIAN_POINT('Ctrl Pts',(15.5563586668168,-116.069201962054,39.9014897481719));
#4987=CARTESIAN_POINT('Ctrl Pts',(13.1208733123391,-116.16120617404,44.3040262006043));
#4988=CARTESIAN_POINT('Ctrl Pts',(9.20909179977178,-116.253210386027,47.4656968782164));
#4989=CARTESIAN_POINT('Ctrl Pts',(3.86077707372706,-116.355437288234,49.0928146771832));
#4990=CARTESIAN_POINT('Ctrl Pts',(-2.30283140196047,-116.467886880662,48.1331955745429));
#4991=CARTESIAN_POINT('Ctrl Pts',(-7.64078247892111,-116.590559163311,43.9121503298919));
#4992=CARTESIAN_POINT('Ctrl Pts',(-10.0031704340979,-116.703008755739,38.1366338802281));
#4993=CARTESIAN_POINT('Ctrl Pts',(-9.64846360312324,-116.805235657946,32.5621784213183));
#4994=CARTESIAN_POINT('Ctrl Pts',(-6.76923783282573,-116.927907940594,26.49637999681));
#4995=CARTESIAN_POINT('Ctrl Pts',(0.787406563201822,-117.081248293906,21.8877275746174));
#4996=CARTESIAN_POINT('Ctrl Pts',(11.1808499661275,-117.265256717878,24.2644511958469));
#4997=CARTESIAN_POINT('Ctrl Pts',(16.300555305954,-117.42881976141,32.1991881042687));
#4998=CARTESIAN_POINT('Ctrl Pts',(15.7460441156754,-117.5719374245,40.127722315566));
#4999=CARTESIAN_POINT('Ctrl Pts',(12.0207607336995,-117.694609707149,45.8145944541597));
#5000=CARTESIAN_POINT('Ctrl Pts',(6.97376401166903,-117.796836609356,48.4114695369512));
#5001=CARTESIAN_POINT('Ctrl Pts',(2.56729873709172,-117.878618131122,48.8047743192554));
#5002=CARTESIAN_POINT('Ctrl Pts',(-1.79919581173703,-117.960399652888,48.0784463454259));
#5003=CARTESIAN_POINT('Ctrl Pts',(-6.62860542021195,-118.062626555095,45.1066368687689));
#5004=CARTESIAN_POINT('Ctrl Pts',(-9.64625186157883,-118.175076147523,39.6464882238173));
#5005=CARTESIAN_POINT('Ctrl Pts',(-9.95087864884114,-118.27730304973,34.0659498807856));
#5006=CARTESIAN_POINT('Ctrl Pts',(-8.32418295136646,-118.369307261717,29.3027944761714));
#5007=CARTESIAN_POINT('Ctrl Pts',(-5.02242005315445,-118.461311473703,25.5143653502051));
#5008=CARTESIAN_POINT('Ctrl Pts',(0.952689583549645,-118.583983756352,22.4496887521548));
#5009=CARTESIAN_POINT('Ctrl Pts',(9.75594196974033,-118.737324109662,23.3894069691446));
#5010=CARTESIAN_POINT('Ctrl Pts',(16.5551847626582,-118.921332533635,31.5924645546783));
#5011=CARTESIAN_POINT('Ctrl Pts',(15.7149139663183,-119.105340957608,42.1911364030419));
#5012=CARTESIAN_POINT('Ctrl Pts',(7.72039820125057,-119.289349381581,49.2290956732117));
#5013=CARTESIAN_POINT('Ctrl Pts',(-1.12366403343608,-119.442689734892,48.7769689375448));
#5014=CARTESIAN_POINT('Ctrl Pts',(-6.54412143546081,-119.565362017541,44.81377956431));
#5015=CARTESIAN_POINT('Ctrl Pts',(-9.21086484287222,-119.657366229527,40.5551165499725));
#5016=CARTESIAN_POINT('Ctrl Pts',(-10.072744707345,-119.749370441514,35.5948013467792));
#5017=CARTESIAN_POINT('Ctrl Pts',(-9.01070942407921,-119.841374653501,30.6797884254806));
#5018=CARTESIAN_POINT('Ctrl Pts',(-6.17704744918483,-119.933378865487,26.5219085725447));
#5019=CARTESIAN_POINT('Ctrl Pts',(-1.9891017179481,-120.025383077474,23.7354628197736));
#5020=CARTESIAN_POINT('Ctrl Pts',(2.93956909913468,-120.11738728946,22.727104781268));
#5021=CARTESIAN_POINT('Ctrl Pts',(7.88559646323252,-120.209391501446,23.6458072126361));
#5022=CARTESIAN_POINT('Ctrl Pts',(12.123586436447,-120.301395713433,26.3561835790805));
#5023=CARTESIAN_POINT('Ctrl Pts',(15.0318158338203,-120.39339992542,30.4611837355043));
#5024=CARTESIAN_POINT('Ctrl Pts',(16.1836079868734,-120.485404137406,35.3578447822718));
#5025=CARTESIAN_POINT('Ctrl Pts',(15.4101913108739,-120.577408349393,40.3293439549099));
#5026=CARTESIAN_POINT('Ctrl Pts',(12.8245929604571,-120.669412561379,44.6433460144193));
#5027=CARTESIAN_POINT('Ctrl Pts',(8.36064632641714,-120.771639463586,48.010130799858));
#5028=CARTESIAN_POINT('Ctrl Pts',(2.24581017167893,-120.884089056014,49.2286127485817));
#5029=CARTESIAN_POINT('Ctrl Pts',(-4.22376009314776,-121.006761338663,47.0992358790435));
#5030=CARTESIAN_POINT('Ctrl Pts',(-8.79977576711664,-121.129433621312,42.0727600834443));
#5031=CARTESIAN_POINT('Ctrl Pts',(-10.5060349767854,-121.265736157588,34.6965533208742));
#5032=CARTESIAN_POINT('Ctrl Pts',(-7.9589449937866,-121.388408440237,28.2040116871679));
#5033=CARTESIAN_POINT('Ctrl Pts',(-3.33259186903451,-121.497450469258,24.4743888577154));
#5034=CARTESIAN_POINT('Ctrl Pts',(2.26119880298304,-121.606492498279,22.4677251893371));
#5035=CARTESIAN_POINT('Ctrl Pts',(9.12957891048029,-121.729164780927,23.6754519805087));
#5036=CARTESIAN_POINT('Ctrl Pts',(14.5376791307373,-121.865467317204,28.9734591451018));
#5037=CARTESIAN_POINT('Ctrl Pts',(16.4462015486621,-121.988139599852,35.4989264947203));
#5038=CARTESIAN_POINT('Ctrl Pts',(14.8916631110484,-122.110811882501,42.1281893869205));
#5039=CARTESIAN_POINT('Ctrl Pts',(10.0936196165124,-122.23859551026,47.3453844169479));
#5040=CARTESIAN_POINT('Ctrl Pts',(2.94924627870669,-122.371490483129,49.4109768843728));
#5041=CARTESIAN_POINT('Ctrl Pts',(-4.43688492974715,-122.509496801109,47.1476791565543));
#5042=CARTESIAN_POINT('Ctrl Pts',(-9.38598341471583,-122.647503119089,41.2190124887373));
#5043=CARTESIAN_POINT('Ctrl Pts',(-10.291488346189,-122.785509437069,33.5480435708708));
#5044=CARTESIAN_POINT('Ctrl Pts',(-6.85827285512117,-122.923515755048,26.6293868909992));
#5045=CARTESIAN_POINT('Ctrl Pts',(-0.202462431394243,-123.061522073028,
22.7105592779308));
#5046=CARTESIAN_POINT('Ctrl Pts',(7.51319385021903,-123.199528391008,23.065485237676));
#5047=CARTESIAN_POINT('Ctrl Pts',(13.7812140560984,-123.337534708988,27.5786413641079));
#5048=CARTESIAN_POINT('Ctrl Pts',(16.5647140110033,-123.475541026967,34.7834225988464));
#5049=CARTESIAN_POINT('Ctrl Pts',(14.9591032521576,-123.613547344947,42.3385312846938));
#5050=CARTESIAN_POINT('Ctrl Pts',(9.48618170198921,-123.751553662927,47.7885611628116));
#5051=CARTESIAN_POINT('Ctrl Pts',(1.92447819672706,-123.889559980907,49.3628481077725));
#5052=CARTESIAN_POINT('Ctrl Pts',(-5.26862343832899,-124.027566298886,46.5488618258398));
#5053=CARTESIAN_POINT('Ctrl Pts',(-9.75562602457673,-124.165572616866,40.2629778620757));
#5054=CARTESIAN_POINT('Ctrl Pts',(-10.0782495640497,-124.303578934846,32.544014775452));
#5055=CARTESIAN_POINT('Ctrl Pts',(-7.44680920397997,-124.395583146833,28.1213228459725));
#5056=CARTESIAN_POINT('Ctrl Pts',(-5.63266058982177,-124.441585252826,26.4465642676469));
#5057=CARTESIAN_POINT('Ctrl Pts',(-3.01560282518578,-108.832641808123,47.4416658413232));
#5058=CARTESIAN_POINT('Ctrl Pts',(-5.24706690852158,-108.878643914117,46.2711964225729));
#5059=CARTESIAN_POINT('Ctrl Pts',(-9.01154296301992,-108.970648126103,42.6085914888681));
#5060=CARTESIAN_POINT('Ctrl Pts',(-10.7369611309748,-109.108654444083,34.9150044553787));
#5061=CARTESIAN_POINT('Ctrl Pts',(-7.97839612354737,-109.246660762063,27.5315117798687));
#5062=CARTESIAN_POINT('Ctrl Pts',(-1.63346528986488,-109.384667080042,22.8537053907698));
#5063=CARTESIAN_POINT('Ctrl Pts',(6.23646217612804,-109.522673398022,22.4036257835368));
#5064=CARTESIAN_POINT('Ctrl Pts',(13.0736091053782,-109.660679716002,26.3265915578385));
#5065=CARTESIAN_POINT('Ctrl Pts',(16.6561946664082,-109.798686033981,33.3482579926517));
#5066=CARTESIAN_POINT('Ctrl Pts',(15.8199719674878,-109.936692351961,41.1864239904369));
#5067=CARTESIAN_POINT('Ctrl Pts',(10.836594256338,-110.074698669941,47.2942706403381));
#5068=CARTESIAN_POINT('Ctrl Pts',(3.32577141586243,-110.212704987921,49.6863236650206));
#5069=CARTESIAN_POINT('Ctrl Pts',(-4.27221190023155,-110.350711305901,47.5863491861961));
#5070=CARTESIAN_POINT('Ctrl Pts',(-9.4871290479143,-110.48871762388,41.6745464345916));
#5071=CARTESIAN_POINT('Ctrl Pts',(-10.6264946000812,-110.62672394186,33.8766198393984));
#5072=CARTESIAN_POINT('Ctrl Pts',(-7.31552224472815,-110.76473025984,26.717477836915));
#5073=CARTESIAN_POINT('Ctrl Pts',(-0.639409804733775,-110.90273657782,22.5423700344401));
#5074=CARTESIAN_POINT('Ctrl Pts',(8.12797870741161,-111.05607693113,22.6844281371504));
#5075=CARTESIAN_POINT('Ctrl Pts',(15.7866272406175,-111.224751319772,29.026583775874));
#5076=CARTESIAN_POINT('Ctrl Pts',(16.9481317763742,-111.408759743745,39.8313297266328));
#5077=CARTESIAN_POINT('Ctrl Pts',(10.2556620190696,-111.592768167718,48.3859404164434));
#5078=CARTESIAN_POINT('Ctrl Pts',(-0.100241717390453,-111.769961464877,
49.7998131875889));
#5079=CARTESIAN_POINT('Ctrl Pts',(-8.31521251847956,-111.940339635223,44.2667217910133));
#5080=CARTESIAN_POINT('Ctrl Pts',(-11.0700357513766,-112.103902678754,35.1756958098923));
#5081=CARTESIAN_POINT('Ctrl Pts',(-8.20092216010372,-112.233390088217,28.222253841451));
#5082=CARTESIAN_POINT('Ctrl Pts',(-4.18674041467004,-112.32880186361,24.8066020105997));
#5083=CARTESIAN_POINT('Ctrl Pts',(-0.128168046389252,-112.410583385376,
22.8265657390095));
#5084=CARTESIAN_POINT('Ctrl Pts',(5.64755859196893,-112.512810287583,22.4421696259834));
#5085=CARTESIAN_POINT('Ctrl Pts',(11.9086867123332,-112.635482570232,25.4476687464269));
#5086=CARTESIAN_POINT('Ctrl Pts',(15.8847517270132,-112.758154852881,31.1427231713199));
#5087=CARTESIAN_POINT('Ctrl Pts',(16.5468116859652,-112.880827135529,38.0560246477963));
#5088=CARTESIAN_POINT('Ctrl Pts',(13.7278889447221,-113.003499418178,44.4041186849286));
#5089=CARTESIAN_POINT('Ctrl Pts',(8.14998203861263,-113.126171700827,48.5429773178262));
#5090=CARTESIAN_POINT('Ctrl Pts',(1.25900745337721,-113.248843983476,49.4087833537188));
#5091=CARTESIAN_POINT('Ctrl Pts',(-5.16693431501912,-113.371516266124,46.7739594995761));
#5092=CARTESIAN_POINT('Ctrl Pts',(-9.47086208345766,-113.494188548773,41.3223909558371));
#5093=CARTESIAN_POINT('Ctrl Pts',(-10.5346832365294,-113.616860831422,34.4585271368233));
#5094=CARTESIAN_POINT('Ctrl Pts',(-8.09075568409992,-113.73953311407,27.9577932218848));
#5095=CARTESIAN_POINT('Ctrl Pts',(-2.76565375265163,-113.862205396719,23.4983755577324));
#5096=CARTESIAN_POINT('Ctrl Pts',(4.06277095359062,-113.984877679367,22.2315468572036));
#5097=CARTESIAN_POINT('Ctrl Pts',(10.6333483666286,-114.107549962016,24.4863995093655));
#5098=CARTESIAN_POINT('Ctrl Pts',(15.2447121542406,-114.230222244665,29.6761782036723));
#5099=CARTESIAN_POINT('Ctrl Pts',(16.7135397880588,-114.352894527313,36.4693663896926));
#5100=CARTESIAN_POINT('Ctrl Pts',(14.8757021023985,-114.461936556334,42.3575810354612));
#5101=CARTESIAN_POINT('Ctrl Pts',(10.334311864648,-114.584608838983,47.4490277293887));
#5102=CARTESIAN_POINT('Ctrl Pts',(2.47868425217356,-114.727726502073,50.1470250188318));
#5103=CARTESIAN_POINT('Ctrl Pts',(-7.16896353358544,-114.904919799233,46.0687285805475));
#5104=CARTESIAN_POINT('Ctrl Pts',(-10.6681959259693,-115.058260152543,37.7378840851243));
#5105=CARTESIAN_POINT('Ctrl Pts',(-9.42681477507695,-115.180932435192,30.9982182444908));
#5106=CARTESIAN_POINT('Ctrl Pts',(-6.69225206160611,-115.272936647179,26.6598758595345));
#5107=CARTESIAN_POINT('Ctrl Pts',(-2.513680944397,-115.364940859165,23.6699520172671));
#5108=CARTESIAN_POINT('Ctrl Pts',(2.47585921600115,-115.456945071152,22.4690692939283));
#5109=CARTESIAN_POINT('Ctrl Pts',(7.55395776645793,-115.548949283138,23.2324020418012));
#5110=CARTESIAN_POINT('Ctrl Pts',(11.9711763039744,-115.640953495125,25.8485091878966));
#5111=CARTESIAN_POINT('Ctrl Pts',(15.0816645429655,-115.732957707111,29.9332310565029));
#5112=CARTESIAN_POINT('Ctrl Pts',(16.4281584764645,-115.824961919098,34.8878474958643));
#5113=CARTESIAN_POINT('Ctrl Pts',(15.8135280498095,-115.916966131084,39.9846987784452));
#5114=CARTESIAN_POINT('Ctrl Pts',(13.3278998272986,-116.00897034307,44.4778224572697));
#5115=CARTESIAN_POINT('Ctrl Pts',(9.33560117448934,-116.100974555057,47.704536855048));
#5116=CARTESIAN_POINT('Ctrl Pts',(3.87721484943271,-116.203201457264,49.3651112802494));
#5117=CARTESIAN_POINT('Ctrl Pts',(-2.41322969540907,-116.315651049692,48.3857120231958));
#5118=CARTESIAN_POINT('Ctrl Pts',(-7.86100861582373,-116.438323332341,44.0777739481709));
#5119=CARTESIAN_POINT('Ctrl Pts',(-10.2719821155774,-116.550772924769,38.1833906709828));
#5120=CARTESIAN_POINT('Ctrl Pts',(-9.90994670759922,-116.652999826976,32.4942201862616));
#5121=CARTESIAN_POINT('Ctrl Pts',(-6.97143765371472,-116.775672109625,26.3036085336195));
#5122=CARTESIAN_POINT('Ctrl Pts',(0.740739159698473,-116.929012462936,21.6001539113289));
#5123=CARTESIAN_POINT('Ctrl Pts',(11.3480571367604,-117.113020886909,24.0258423669908));
#5124=CARTESIAN_POINT('Ctrl Pts',(16.5730796781816,-117.27658393044,32.1238951328132));
#5125=CARTESIAN_POINT('Ctrl Pts',(16.0071158616371,-117.41970159353,40.2155879808397));
#5126=CARTESIAN_POINT('Ctrl Pts',(12.2051401278842,-117.542373876179,46.0194710031688));
#5127=CARTESIAN_POINT('Ctrl Pts',(7.05426758379728,-117.644600778386,48.6697609446598));
#5128=CARTESIAN_POINT('Ctrl Pts',(2.55711948731616,-117.726382300152,49.0711365898319));
#5129=CARTESIAN_POINT('Ctrl Pts',(-1.89922948898781,-117.808163821918,48.3298387333104));
#5130=CARTESIAN_POINT('Ctrl Pts',(-6.82800816305086,-117.910390724125,45.2968471345267));
#5131=CARTESIAN_POINT('Ctrl Pts',(-9.90772637544647,-118.022840316553,39.7243182096332));
#5132=CARTESIAN_POINT('Ctrl Pts',(-10.218592998943,-118.12506721876,34.0289362243324));
#5133=CARTESIAN_POINT('Ctrl Pts',(-8.55839665880042,-118.217071430747,29.1677681903044));
#5134=CARTESIAN_POINT('Ctrl Pts',(-5.18866694361421,-118.309075642733,25.3013940849914));
#5135=CARTESIAN_POINT('Ctrl Pts',(0.909420614815181,-118.431747925382,22.1736805649974));
#5136=CARTESIAN_POINT('Ctrl Pts',(9.89383047985275,-118.585088278693,23.1327831538724));
#5137=CARTESIAN_POINT('Ctrl Pts',(16.8329523239656,-118.769096702666,31.5046871294846));
#5138=CARTESIAN_POINT('Ctrl Pts',(15.9753343292169,-118.953105126639,42.3214649622318));
#5139=CARTESIAN_POINT('Ctrl Pts',(7.81626251760044,-119.137113550612,49.5042169237681));
#5140=CARTESIAN_POINT('Ctrl Pts',(-1.20979956416726,-119.290453903923,49.04273976226));
#5141=CARTESIAN_POINT('Ctrl Pts',(-6.74178405357714,-119.413126186571,44.9979635518107));
#5142=CARTESIAN_POINT('Ctrl Pts',(-9.46338425103937,-119.505130398558,40.6516474927566));
#5143=CARTESIAN_POINT('Ctrl Pts',(-10.34297491117,-119.597134610544,35.5892493321763));
#5144=CARTESIAN_POINT('Ctrl Pts',(-9.25905835612006,-119.689138822531,30.5730957582361));
#5145=CARTESIAN_POINT('Ctrl Pts',(-6.36706070060693,-119.781143034517,26.3296655492927));
#5146=CARTESIAN_POINT('Ctrl Pts',(-2.09291659369154,-119.873147246504,23.4858992799592));
#5147=CARTESIAN_POINT('Ctrl Pts',(2.93718673355108,-119.96515145849,22.4568159024302));
#5148=CARTESIAN_POINT('Ctrl Pts',(7.9849937444525,-120.057155670477,23.3944501164712));
#5149=CARTESIAN_POINT('Ctrl Pts',(12.3101833046667,-120.149159882463,26.1606254831054));
#5150=CARTESIAN_POINT('Ctrl Pts',(15.2782398399554,-120.24116409445,30.3501177106685));
#5151=CARTESIAN_POINT('Ctrl Pts',(16.4537092335206,-120.333168306436,35.3475532852433));
#5152=CARTESIAN_POINT('Ctrl Pts',(15.6643504817058,-120.425172518423,40.4213570470084));
#5153=CARTESIAN_POINT('Ctrl Pts',(13.0255205451773,-120.517176730409,44.8241235987217));
#5154=CARTESIAN_POINT('Ctrl Pts',(8.46969268035883,-120.619403632616,48.2601702753621));
#5155=CARTESIAN_POINT('Ctrl Pts',(2.22901279060404,-120.731853225045,49.5036955263357));
#5156=CARTESIAN_POINT('Ctrl Pts',(-4.3736838426275,-120.854525507693,47.3304644300707));
#5157=CARTESIAN_POINT('Ctrl Pts',(-9.04384327195123,-120.977197790342,42.2005247975315));
#5158=CARTESIAN_POINT('Ctrl Pts',(-10.7851771913319,-121.113500326618,34.6725139766914));
#5159=CARTESIAN_POINT('Ctrl Pts',(-8.18563673198884,-121.236172609267,28.0463754232761));
#5160=CARTESIAN_POINT('Ctrl Pts',(-3.46405831755031,-121.345214638288,24.2400246949323));
#5161=CARTESIAN_POINT('Ctrl Pts',(2.24485758805784,-121.454256667309,22.1920949948516));
#5162=CARTESIAN_POINT('Ctrl Pts',(9.25457598674606,-121.576928949957,23.4247114286704));
#5163=CARTESIAN_POINT('Ctrl Pts',(14.7739420381198,-121.713231486234,28.831774618883));
#5164=CARTESIAN_POINT('Ctrl Pts',(16.7217059802974,-121.835903768882,35.4915396908445));
#5165=CARTESIAN_POINT('Ctrl Pts',(15.1351420995879,-121.958576051531,42.2572182667427));
#5166=CARTESIAN_POINT('Ctrl Pts',(10.2383323409884,-122.08635967929,47.5817530906365));
#5167=CARTESIAN_POINT('Ctrl Pts',(2.94692397840516,-122.21925465216,49.6898162052367));
#5168=CARTESIAN_POINT('Ctrl Pts',(-4.59119483369562,-122.357260970139,47.3799035122803));
#5169=CARTESIAN_POINT('Ctrl Pts',(-9.64211005322891,-122.495267288119,41.3292048518381));
#5170=CARTESIAN_POINT('Ctrl Pts',(-10.5662094133547,-122.633273606099,33.5003701306968));
#5171=CARTESIAN_POINT('Ctrl Pts',(-7.06230562339683,-122.771279924079,26.4393521163816));
#5172=CARTESIAN_POINT('Ctrl Pts',(-0.269504665359055,-122.909286242058,
22.4399135318242));
#5173=CARTESIAN_POINT('Ctrl Pts',(7.60493047241784,-123.047292560038,22.8021837383435));
#5174=CARTESIAN_POINT('Ctrl Pts',(14.0019169177068,-123.185298878018,27.408248900919));
#5175=CARTESIAN_POINT('Ctrl Pts',(16.8426610431672,-123.323305195998,34.7613120380632));
#5176=CARTESIAN_POINT('Ctrl Pts',(15.2039689969471,-123.461311513977,42.4718891478041));
#5177=CARTESIAN_POINT('Ctrl Pts',(9.61839163469365,-123.599317831957,48.0340468170327));
#5178=CARTESIAN_POINT('Ctrl Pts',(1.90106741633062,-123.737324149937,49.6406916439148));
#5179=CARTESIAN_POINT('Ctrl Pts',(-5.44004659115594,-123.875330467917,46.768758767783));
#5180=CARTESIAN_POINT('Ctrl Pts',(-10.0193545655759,-124.013336785896,40.3534940352892));
#5181=CARTESIAN_POINT('Ctrl Pts',(-10.3485771512923,-124.151343103876,32.4756805099994));
#5182=CARTESIAN_POINT('Ctrl Pts',(-7.66296125425255,-124.243347315863,27.9619875956397));
#5183=CARTESIAN_POINT('Ctrl Pts',(-5.81147049611518,-124.289349421856,26.2527735692581));
#5184=CARTESIAN_POINT('Ctrl Pts',(-3.13814084848352,-108.680405933776,47.6751443989593));
#5185=CARTESIAN_POINT('Ctrl Pts',(-5.41459465544107,-108.72640803977,46.4810627399217));
#5186=CARTESIAN_POINT('Ctrl Pts',(-9.25496011555879,-108.818412251756,42.7445865440538));
#5187=CARTESIAN_POINT('Ctrl Pts',(-11.0151324501987,-108.956418569736,34.895857128469));
#5188=CARTESIAN_POINT('Ctrl Pts',(-8.20090776574035,-109.094424887716,27.3634965650858));
#5189=CARTESIAN_POINT('Ctrl Pts',(-1.72801463897352,-109.232431205695,22.5913973134316));
#5190=CARTESIAN_POINT('Ctrl Pts',(6.30060476925501,-109.370437523675,22.13228040892));
#5191=CARTESIAN_POINT('Ctrl Pts',(13.2755973901314,-109.508443841655,26.1343822700708));
#5192=CARTESIAN_POINT('Ctrl Pts',(16.9303884257029,-109.646450159634,33.2976514337493));
#5193=CARTESIAN_POINT('Ctrl Pts',(16.0772660894259,-109.784456477614,41.2938626996915));
#5194=CARTESIAN_POINT('Ctrl Pts',(10.9933736061927,-109.922462795594,47.524844241069));
#5195=CARTESIAN_POINT('Ctrl Pts',(3.33109042282165,-110.060469113574,49.9650943894535));
#5196=CARTESIAN_POINT('Ctrl Pts',(-4.42008897688742,-110.198475431554,47.8227390590495));
#5197=CARTESIAN_POINT('Ctrl Pts',(-9.74013142457445,-110.336481749533,41.7917050359996));
#5198=CARTESIAN_POINT('Ctrl Pts',(-10.9024334323589,-110.474488067513,33.8365349887048));
#5199=CARTESIAN_POINT('Ctrl Pts',(-7.52466370728901,-110.612494385493,26.5330515978718));
#5200=CARTESIAN_POINT('Ctrl Pts',(-0.71391344158774,-110.750500703473,22.2737889868327));
#5201=CARTESIAN_POINT('Ctrl Pts',(8.2302606097236,-110.903841056783,22.4187540472038));
#5202=CARTESIAN_POINT('Ctrl Pts',(16.0433079258407,-111.072515445425,28.8888304654519));
#5203=CARTESIAN_POINT('Ctrl Pts',(17.2281807576488,-111.256523869398,39.9114496887997));
#5204=CARTESIAN_POINT('Ctrl Pts',(10.4007221207443,-111.440532293371,48.6385237066519));
#5205=CARTESIAN_POINT('Ctrl Pts',(-0.164005625907794,-111.617725590531,
50.0808557195555));
#5206=CARTESIAN_POINT('Ctrl Pts',(-8.54459685141149,-111.788103760876,44.4361548746811));
#5207=CARTESIAN_POINT('Ctrl Pts',(-11.3549244736086,-111.951666804408,35.1618034673332));
#5208=CARTESIAN_POINT('Ctrl Pts',(-8.42792418012462,-112.08115421387,28.0681657189091));
#5209=CARTESIAN_POINT('Ctrl Pts',(-4.33278364384649,-112.176565989263,24.5836599020022));
#5210=CARTESIAN_POINT('Ctrl Pts',(-0.192364346369697,-112.258347511029,
22.5637177107937));
#5211=CARTESIAN_POINT('Ctrl Pts',(5.69982630575289,-112.360574413237,22.1715985981381));
#5212=CARTESIAN_POINT('Ctrl Pts',(12.0871896808912,-112.483246695885,25.2377311529625));
#5213=CARTESIAN_POINT('Ctrl Pts',(16.1434007459853,-112.605918978534,31.0476403173799));
#5214=CARTESIAN_POINT('Ctrl Pts',(16.8187770246489,-112.728591261182,38.100345290847));
#5215=CARTESIAN_POINT('Ctrl Pts',(13.942982566569,-112.851263543831,44.576429073691));
#5216=CARTESIAN_POINT('Ctrl Pts',(8.25258230267634,-112.97393582648,48.7987169064773));
#5217=CARTESIAN_POINT('Ctrl Pts',(1.22265343403057,-113.096608109129,49.6819477202511));
#5218=CARTESIAN_POINT('Ctrl Pts',(-5.33284869927305,-113.219280391777,46.9939639546953));
#5219=CARTESIAN_POINT('Ctrl Pts',(-9.72353474531929,-113.341952674426,41.4324487486736));
#5220=CARTESIAN_POINT('Ctrl Pts',(-10.8087735981498,-113.464624957075,34.4301763500096));
#5221=CARTESIAN_POINT('Ctrl Pts',(-8.31553501806417,-113.587297239723,27.798373031029));
#5222=CARTESIAN_POINT('Ctrl Pts',(-2.88303575231751,-113.709969522372,23.2490611673973));
#5223=CARTESIAN_POINT('Ctrl Pts',(4.08308392067368,-113.832641805021,21.9567211371501));
#5224=CARTESIAN_POINT('Ctrl Pts',(10.7861399831579,-113.955314087669,24.2570726360926));
#5225=CARTESIAN_POINT('Ctrl Pts',(15.4904624781821,-114.077986370318,29.5515207339566));
#5226=CARTESIAN_POINT('Ctrl Pts',(16.9888747329255,-114.200658652966,36.481694354013));
#5227=CARTESIAN_POINT('Ctrl Pts',(15.1139502259227,-114.309700681988,42.4886304601866));
#5228=CARTESIAN_POINT('Ctrl Pts',(10.4809624076788,-114.432372964636,47.6827194286016));
#5229=CARTESIAN_POINT('Ctrl Pts',(2.46692030240751,-114.575490627726,50.4350812520568));
#5230=CARTESIAN_POINT('Ctrl Pts',(-7.37524355562936,-114.752683924886,46.2745030085207));
#5231=CARTESIAN_POINT('Ctrl Pts',(-10.9449943390157,-114.906024278196,37.7756578313232));
#5232=CARTESIAN_POINT('Ctrl Pts',(-9.67854923126426,-115.028696560845,30.9000989190529));
#5233=CARTESIAN_POINT('Ctrl Pts',(-6.88882558199077,-115.120700772832,26.4742911507133));
#5234=CARTESIAN_POINT('Ctrl Pts',(-2.62598297843928,-115.212704984818,23.4240985276172));
#5235=CARTESIAN_POINT('Ctrl Pts',(2.46417243410978,-115.304709196805,22.1990253022516));
#5236=CARTESIAN_POINT('Ctrl Pts',(7.64466241528932,-115.396713408791,22.9777745537154));
#5237=CARTESIAN_POINT('Ctrl Pts',(12.1509373744333,-115.488717620778,25.6466544716185));
#5238=CARTESIAN_POINT('Ctrl Pts',(15.3241259178868,-115.580721832764,29.8137560281102));
#5239=CARTESIAN_POINT('Ctrl Pts',(16.6977466371593,-115.672726044751,34.8682842209561));
#5240=CARTESIAN_POINT('Ctrl Pts',(16.0706980599117,-115.764730256737,40.0679057862828));
#5241=CARTESIAN_POINT('Ctrl Pts',(13.5349276837728,-115.856734468724,44.6516170755698));
#5242=CARTESIAN_POINT('Ctrl Pts',(9.46211240793327,-115.94873868071,47.9433758180057));
#5243=CARTESIAN_POINT('Ctrl Pts',(3.89365475653117,-116.050965582917,49.6374077283509));
#5244=CARTESIAN_POINT('Ctrl Pts',(-2.52362600032251,-116.163415175345,48.6382293124639));
#5245=CARTESIAN_POINT('Ctrl Pts',(-8.08123343420895,-116.286087457994,44.2433992756336));
#5246=CARTESIAN_POINT('Ctrl Pts',(-10.5407934049725,-116.398537050422,38.2301495628727));
#5247=CARTESIAN_POINT('Ctrl Pts',(-10.171430319331,-116.500763952629,32.4262640059809));
#5248=CARTESIAN_POINT('Ctrl Pts',(-7.17363896512635,-116.623436235278,26.1108386728504));
#5249=CARTESIAN_POINT('Ctrl Pts',(0.694069508042197,-116.776776588589,21.3125806411637));
#5250=CARTESIAN_POINT('Ctrl Pts',(11.5152624222388,-116.960785012562,23.7872322512866));
#5251=CARTESIAN_POINT('Ctrl Pts',(16.8456034345912,-117.124348056093,32.0486000338363));
#5252=CARTESIAN_POINT('Ctrl Pts',(16.2681882708222,-117.267465719183,40.3034515926637));
#5253=CARTESIAN_POINT('Ctrl Pts',(12.3895211091221,-117.390138001832,46.2243460881547));
#5254=CARTESIAN_POINT('Ctrl Pts',(7.13477317148822,-117.492364904039,48.9280516971128));
#5255=CARTESIAN_POINT('Ctrl Pts',(2.54694232499237,-117.574146425805,49.3374989145644));
#5256=CARTESIAN_POINT('Ctrl Pts',(-1.99926118745779,-117.655927947571,48.5812318806278));
#5257=CARTESIAN_POINT('Ctrl Pts',(-7.02740939678434,-117.758154849778,45.4870589440306));
#5258=CARTESIAN_POINT('Ctrl Pts',(-10.1692002545328,-117.870604442206,39.8021502361026));
#5259=CARTESIAN_POINT('Ctrl Pts',(-10.4863076133105,-117.972831344413,33.9919246685088));
#5260=CARTESIAN_POINT('Ctrl Pts',(-8.79261140142773,-118.0648355564,29.0327437520292));
#5261=CARTESIAN_POINT('Ctrl Pts',(-5.354915486379,-118.156839768386,25.0884241424553));
#5262=CARTESIAN_POINT('Ctrl Pts',(0.866149488268905,-118.279512051035,21.8976727433631));
#5263=CARTESIAN_POINT('Ctrl Pts',(10.0317169664795,-118.432852404346,22.8761582830678));
#5264=CARTESIAN_POINT('Ctrl Pts',(17.1107191711433,-118.616860828319,31.4169075369443));
#5265=CARTESIAN_POINT('Ctrl Pts',(16.2357556879427,-118.800869252292,42.45179146896));
#5266=CARTESIAN_POINT('Ctrl Pts',(7.91212897985787,-118.984877676265,49.7793373969752));
#5267=CARTESIAN_POINT('Ctrl Pts',(-1.29593300484951,-119.138218029576,49.308511236274));
#5268=CARTESIAN_POINT('Ctrl Pts',(-6.93944520997073,-119.260890312224,45.1821490699599));
#5269=CARTESIAN_POINT('Ctrl Pts',(-9.71590287883249,-119.352894524211,40.7481804043117));
#5270=CARTESIAN_POINT('Ctrl Pts',(-10.6132051325499,-119.444898736197,35.5836994348674));
#5271=CARTESIAN_POINT('Ctrl Pts',(-9.50740810007164,-119.536902948184,30.4664050465941));
#5272=CARTESIAN_POINT('Ctrl Pts',(-6.55707543966835,-119.62890716017,26.1374240328981));
#5273=CARTESIAN_POINT('Ctrl Pts',(-2.19673341434932,-119.720911372157,23.2363365772958));
#5274=CARTESIAN_POINT('Ctrl Pts',(2.93480225097396,-119.812915584143,22.1865270681928));
#5275=CARTESIAN_POINT('Ctrl Pts',(8.08438904720718,-119.90491979613,23.1430922658311));
#5276=CARTESIAN_POINT('Ctrl Pts',(12.4967786231372,-119.996924008116,25.9650659442505));
#5277=CARTESIAN_POINT('Ctrl Pts',(15.5246629524408,-120.088928220103,30.2390497662061));
#5278=CARTESIAN_POINT('Ctrl Pts',(16.723810373633,-120.180932432089,35.3372596734518));
#5279=CARTESIAN_POINT('Ctrl Pts',(15.9185103488992,-120.272936644076,40.5133681393968));
#5280=CARTESIAN_POINT('Ctrl Pts',(13.2264495266843,-120.364940856062,45.0048995917799));
#5281=CARTESIAN_POINT('Ctrl Pts',(8.57874098241535,-120.467167758269,48.5102088726454));
#5282=CARTESIAN_POINT('Ctrl Pts',(2.21221756592809,-120.579617350697,49.7787784092861));
#5283=CARTESIAN_POINT('Ctrl Pts',(-4.52360576647926,-120.702289633346,47.5616941332739));
#5284=CARTESIAN_POINT('Ctrl Pts',(-9.28790975258552,-120.824961915995,42.3282914112253));
#5285=CARTESIAN_POINT('Ctrl Pts',(-11.0643195673792,-120.961264452271,34.6484768213574));
#5286=CARTESIAN_POINT('Ctrl Pts',(-8.41232968324301,-121.08393673492,27.8887409502407));
#5287=CARTESIAN_POINT('Ctrl Pts',(-3.59552658926596,-121.192978763941,24.0056615844443));
#5288=CARTESIAN_POINT('Ctrl Pts',(2.22851421564859,-121.302020792962,21.9164649548007));
#5289=CARTESIAN_POINT('Ctrl Pts',(9.37957108688251,-121.424693075611,23.1739699218363));
#5290=CARTESIAN_POINT('Ctrl Pts',(15.0102038130457,-121.560995611887,28.6900882555149));
#5291=CARTESIAN_POINT('Ctrl Pts',(16.997210327536,-121.683667894535,35.4841507296426));
#5292=CARTESIAN_POINT('Ctrl Pts',(15.3786220755132,-121.806340177184,42.3862452269512));
#5293=CARTESIAN_POINT('Ctrl Pts',(10.3830469030634,-121.934123804943,47.8181206080745));
#5294=CARTESIAN_POINT('Ctrl Pts',(2.94460386254041,-122.067018777813,49.9686555175325));
#5295=CARTESIAN_POINT('Ctrl Pts',(-4.7455029037865,-122.205025095792,47.6121290544579));
#5296=CARTESIAN_POINT('Ctrl Pts',(-9.89823580400174,-122.343031413772,41.439399210651));
#5297=CARTESIAN_POINT('Ctrl Pts',(-10.8409308275927,-122.481037731752,33.4526988470383));
#5298=CARTESIAN_POINT('Ctrl Pts',(-7.26633986066827,-122.619044049732,26.2493189582273));
#5299=CARTESIAN_POINT('Ctrl Pts',(-0.336549012908368,-122.757050367711,
22.1692683368446));
#5300=CARTESIAN_POINT('Ctrl Pts',(7.69666502332468,-122.895056685691,22.5388815456901));
#5301=CARTESIAN_POINT('Ctrl Pts',(14.2226184234185,-123.033063003671,27.2378547252757));
#5302=CARTESIAN_POINT('Ctrl Pts',(17.1206078754631,-123.171069321651,34.7391993021932));
#5303=CARTESIAN_POINT('Ctrl Pts',(15.4488357628504,-123.30907563963,42.6052450800353));
#5304=CARTESIAN_POINT('Ctrl Pts',(9.75060347765175,-123.44708195761,48.2795314120762));
#5305=CARTESIAN_POINT('Ctrl Pts',(1.87765881456521,-123.58508827559,49.9185353367625));
#5306=CARTESIAN_POINT('Ctrl Pts',(-5.61146800500831,-123.72309459357,46.9886570314361));
#5307=CARTESIAN_POINT('Ctrl Pts',(-10.2830823722986,-123.86110091155,40.4440122656014));
#5308=CARTESIAN_POINT('Ctrl Pts',(-10.6189052477349,-123.999107229529,32.4073483687338));
#5309=CARTESIAN_POINT('Ctrl Pts',(-7.8791145321242,-124.091111441516,27.8026540535811));
#5310=CARTESIAN_POINT('Ctrl Pts',(-5.99028190328414,-124.137113547509,26.0589842901537));
#5311=CARTESIAN_POINT('Ctrl Pts',(-3.26067733604023,-108.528170025358,47.9086237401608));
#5312=CARTESIAN_POINT('Ctrl Pts',(-5.58212101748965,-108.574172131352,46.6909301365276));
#5313=CARTESIAN_POINT('Ctrl Pts',(-9.49837636070766,-108.666176343338,42.8805831805508));
#5314=CARTESIAN_POINT('Ctrl Pts',(-11.2933038735995,-108.804182661318,34.8767116216081));
#5315=CARTESIAN_POINT('Ctrl Pts',(-8.4234204896506,-108.942188979297,27.1954828177584));
#5316=CARTESIAN_POINT('Ctrl Pts',(-1.82256569589547,-109.080195297277,22.3290898740078));
#5317=CARTESIAN_POINT('Ctrl Pts',(6.36474558350792,-109.218201615257,21.8609346354037));
#5318=CARTESIAN_POINT('Ctrl Pts',(13.4775844030127,-109.356207933237,25.9421716762044));
#5319=CARTESIAN_POINT('Ctrl Pts',(17.2045818334672,-109.494214251216,33.2470430860059));
#5320=CARTESIAN_POINT('Ctrl Pts',(16.3345608943966,-109.632220569196,41.4012997186784));
#5321=CARTESIAN_POINT('Ctrl Pts',(11.1501544517017,-109.770226887176,47.7554167994093));
#5322=CARTESIAN_POINT('Ctrl Pts',(3.33641125196098,-109.908233205156,50.2438650580987));
#5323=CARTESIAN_POINT('Ctrl Pts',(-4.56796449689852,-110.046239523136,48.0591298808927));
#5324=CARTESIAN_POINT('Ctrl Pts',(-9.99313301619081,-110.184245841115,41.9088652826875));
#5325=CARTESIAN_POINT('Ctrl Pts',(-11.1783725059086,-110.322252159095,33.7964519450962));
#5326=CARTESIAN_POINT('Ctrl Pts',(-7.73380635985084,-110.460258477075,26.3486267400858));
#5327=CARTESIAN_POINT('Ctrl Pts',(-0.788418828785285,-110.598264795055,
22.0052084465574));
#5328=CARTESIAN_POINT('Ctrl Pts',(8.33254076735878,-110.751605148365,22.1530793086114));
#5329=CARTESIAN_POINT('Ctrl Pts',(16.299987691103,-110.920279537007,28.7510754872308));
#5330=CARTESIAN_POINT('Ctrl Pts',(17.5082302416261,-111.10428796098,39.991567814014));
#5331=CARTESIAN_POINT('Ctrl Pts',(10.5457838628636,-111.288296384953,48.8911060293925));
#5332=CARTESIAN_POINT('Ctrl Pts',(-0.227767692201366,-111.465489682113,
50.3618986472896));
#5333=CARTESIAN_POINT('Ctrl Pts',(-8.77398005934712,-111.635867852458,44.6055894452694));
#5334=CARTESIAN_POINT('Ctrl Pts',(-11.6398132651407,-111.79943089599,35.1479129884302));
#5335=CARTESIAN_POINT('Ctrl Pts',(-8.65492719048244,-111.928918305452,27.9140790920532));
#5336=CARTESIAN_POINT('Ctrl Pts',(-4.47882831961468,-112.024330080845,24.3607187650211));
#5337=CARTESIAN_POINT('Ctrl Pts',(-0.256562359949794,-112.106111602611,
22.3008701221954));
#5338=CARTESIAN_POINT('Ctrl Pts',(5.75209224660845,-112.208338504818,21.9010272489319));
#5339=CARTESIAN_POINT('Ctrl Pts',(12.2656912634459,-112.331010787467,25.0277924082923));
#5340=CARTESIAN_POINT('Ctrl Pts',(16.4020491238167,-112.453683070116,30.9525557795933));
#5341=CARTESIAN_POINT('Ctrl Pts',(17.0907426326419,-112.576355352764,38.1446641524388));
#5342=CARTESIAN_POINT('Ctrl Pts',(14.1580772987153,-112.699027635413,44.7487380432407));
#5343=CARTESIAN_POINT('Ctrl Pts',(8.35518423104388,-112.821699918062,49.0544558050153));
#5344=CARTESIAN_POINT('Ctrl Pts',(1.18630120330717,-112.94437220071,49.9551123038677));
#5345=CARTESIAN_POINT('Ctrl Pts',(-5.49876163262832,-113.067044483359,47.2139694780175));
#5346=CARTESIAN_POINT('Ctrl Pts',(-9.97620666861406,-113.189716766008,41.5425081851184));
#5347=CARTESIAN_POINT('Ctrl Pts',(-11.0828641244323,-113.312389048657,34.4018273573558));
#5348=CARTESIAN_POINT('Ctrl Pts',(-8.54031537735284,-113.435061331305,27.6389543217597));
#5349=CARTESIAN_POINT('Ctrl Pts',(-3.00041937313911,-113.557733613954,22.999747563296));
#5350=CARTESIAN_POINT('Ctrl Pts',(4.10339508944252,-113.680405896603,21.6818953050087));
#5351=CARTESIAN_POINT('Ctrl Pts',(10.9389300888409,-113.803078179251,24.0277447811554));
#5352=CARTESIAN_POINT('Ctrl Pts',(15.7362119686155,-113.9257504619,29.4268616669661));
#5353=CARTESIAN_POINT('Ctrl Pts',(17.2642097376582,-114.048422744548,36.494020517239));
#5354=CARTESIAN_POINT('Ctrl Pts',(15.3521991883089,-114.15746477357,42.6196783174535));
#5355=CARTESIAN_POINT('Ctrl Pts',(10.6276144674958,-114.280137056218,47.9164101513301));
#5356=CARTESIAN_POINT('Ctrl Pts',(2.45515823677603,-114.423254719308,50.7231375404514));
#5357=CARTESIAN_POINT('Ctrl Pts',(-7.5815222167288,-114.600448016468,46.4802787696419));
#5358=CARTESIAN_POINT('Ctrl Pts',(-11.2217924843355,-114.753788369778,37.813433384355));
#5359=CARTESIAN_POINT('Ctrl Pts',(-9.93028430996404,-114.876460652427,30.8019812468353));
#5360=CARTESIAN_POINT('Ctrl Pts',(-7.08540030090335,-114.968464864414,26.288707741061));
#5361=CARTESIAN_POINT('Ctrl Pts',(-2.73828661138451,-115.0604690764,23.1782457907217));
#5362=CARTESIAN_POINT('Ctrl Pts',(2.45248388757171,-115.152473288387,21.9289814073366));
#5363=CARTESIAN_POINT('Ctrl Pts',(7.7353653925499,-115.244477500373,22.7231464918031));
#5364=CARTESIAN_POINT('Ctrl Pts',(12.3306971116322,-115.336481712359,25.4447985952912));
#5365=CARTESIAN_POINT('Ctrl Pts',(15.5665864934138,-115.428485924346,29.6942794235309));
#5366=CARTESIAN_POINT('Ctrl Pts',(16.9673346496313,-115.520490136333,34.8487191849744));
#5367=CARTESIAN_POINT('Ctrl Pts',(16.3278685946284,-115.612494348319,40.1511111064952));
#5368=CARTESIAN_POINT('Ctrl Pts',(13.7419566609016,-115.704498560306,44.8254103272298));
#5369=CARTESIAN_POINT('Ctrl Pts',(9.58862519334271,-115.796502772292,48.1822139358558));
#5370=CARTESIAN_POINT('Ctrl Pts',(3.91009644266146,-115.898729674499,49.9097040483819));
#5371=CARTESIAN_POINT('Ctrl Pts',(-2.63402064603486,-116.011179266927,48.8907473045284));
#5372=CARTESIAN_POINT('Ctrl Pts',(-8.30145715312947,-116.133851549576,44.4090260304302));
#5373=CARTESIAN_POINT('Ctrl Pts',(-10.8096043683711,-116.246301142004,38.2769102086801));
#5374=CARTESIAN_POINT('Ctrl Pts',(-10.432914355663,-116.348528044211,32.3583095403897));
#5375=CARTESIAN_POINT('Ctrl Pts',(-7.37584152153552,-116.47120032686,25.918070148634));
#5376=CARTESIAN_POINT('Ctrl Pts',(0.64739797976003,-116.624540680171,21.0250076977725));
#5377=CARTESIAN_POINT('Ctrl Pts',(11.6824661350638,-116.808549104144,23.5486210604082));
#5378=CARTESIAN_POINT('Ctrl Pts',(17.1181266782889,-116.972112147675,31.9733031587844));
#5379=CARTESIAN_POINT('Ctrl Pts',(16.5292612347827,-117.115229810765,40.3913134909985));
#5380=CARTESIAN_POINT('Ctrl Pts',(12.5739034158429,-117.237902093414,46.4292199521569));
#5381=CARTESIAN_POINT('Ctrl Pts',(7.21528044183399,-117.340128995621,49.1863419038716));
#5382=CARTESIAN_POINT('Ctrl Pts',(2.53676690490055,-117.421910517387,49.6038612857417));
#5383=CARTESIAN_POINT('Ctrl Pts',(-2.09929123481816,-117.503692039153,48.8326256629746));
#5384=CARTESIAN_POINT('Ctrl Pts',(-7.22680937188288,-117.60591894136,45.677272042903));
#5385=CARTESIAN_POINT('Ctrl Pts',(-10.430673605023,-117.718368533788,39.8799839661528));
#5386=CARTESIAN_POINT('Ctrl Pts',(-10.754022449497,-117.820595435995,33.9549148657912));
#5387=CARTESIAN_POINT('Ctrl Pts',(-9.02682700916656,-117.912599647982,28.8977208552047));
#5388=CARTESIAN_POINT('Ctrl Pts',(-5.52116540900746,-118.004603859968,24.8754553028891));
#5389=CARTESIAN_POINT('Ctrl Pts',(0.82287656051759,-118.127276142617,21.6216652255244));
#5390=CARTESIAN_POINT('Ctrl Pts',(10.1696017648579,-118.280616495928,22.6195325300688));
#5391=CARTESIAN_POINT('Ctrl Pts',(17.3884854235777,-118.464624919901,31.3291261350322));
#5392=CARTESIAN_POINT('Ctrl Pts',(16.4961778790439,-118.648633343874,42.5821162632208));
#5393=CARTESIAN_POINT('Ctrl Pts',(8.00799723363312,-118.832641767847,50.0544572226568));
#5394=CARTESIAN_POINT('Ctrl Pts',(-1.38206470148885,-118.985982121158,49.5742832534658));
#5395=CARTESIAN_POINT('Ctrl Pts',(-7.13710514726924,-119.108654403806,45.3663358665161));
#5396=CARTESIAN_POINT('Ctrl Pts',(-9.96842085647079,-119.200658615793,40.8447149595409));
#5397=CARTESIAN_POINT('Ctrl Pts',(-10.8834353698441,-119.292662827779,35.5781513047192));
#5398=CARTESIAN_POINT('Ctrl Pts',(-9.75575852283979,-119.384667039766,30.3597159666858));
#5399=CARTESIAN_POINT('Ctrl Pts',(-6.74709142126665,-119.476671251752,25.9451837732949));
#5400=CARTESIAN_POINT('Ctrl Pts',(-2.3005518588032,-119.568675463739,22.9867745721897));
#5401=CARTESIAN_POINT('Ctrl Pts',(2.93241600144968,-119.660679675725,21.9162382699184));
#5402=CARTESIAN_POINT('Ctrl Pts',(8.18378269911191,-119.752683887712,22.8917337842986));
#5403=CARTESIAN_POINT('Ctrl Pts',(12.6833726489904,-119.844688099698,25.7695052001911));
#5404=CARTESIAN_POINT('Ctrl Pts',(15.7710853201976,-119.936692311685,30.1279802190199));
#5405=CARTESIAN_POINT('Ctrl Pts',(16.9939114260887,-120.028696523671,35.326964296538));
#5406=CARTESIAN_POINT('Ctrl Pts',(16.1726707984936,-120.120700735658,40.6053775631689));
#5407=CARTESIAN_POINT('Ctrl Pts',(13.4273796749497,-120.212704947644,45.1856742575601));
#5408=CARTESIAN_POINT('Ctrl Pts',(8.68779091096287,-120.314931849852,48.7602467380937));
#5409=CARTESIAN_POINT('Ctrl Pts',(2.19542414099963,-120.427381442279,50.0538613813236));
#5410=CARTESIAN_POINT('Ctrl Pts',(-4.67352616728234,-120.550053724928,47.7929247992136));
#5411=CARTESIAN_POINT('Ctrl Pts',(-9.5319753795181,-120.672726007577,42.4560596110123));
#5412=CARTESIAN_POINT('Ctrl Pts',(-11.3434620795257,-120.809028543853,34.6244414928196));
#5413=CARTESIAN_POINT('Ctrl Pts',(-8.63902364802312,-120.931700826502,27.7311079711967));
#5414=CARTESIAN_POINT('Ctrl Pts',(-3.72699638331858,-121.040742855523,23.7712993511536));
#5415=CARTESIAN_POINT('Ctrl Pts',(2.21216904243214,-121.149784884544,21.6408350423592));
#5416=CARTESIAN_POINT('Ctrl Pts',(9.50456453823706,-121.272457167193,22.9232276167517));
#5417=CARTESIAN_POINT('Ctrl Pts',(15.2464646438791,-121.408759703469,28.5484003581175));
#5418=CARTESIAN_POINT('Ctrl Pts',(17.2727146056175,-121.531431986118,35.4767599678081));
#5419=CARTESIAN_POINT('Ctrl Pts',(15.6221028766928,-121.654104268766,42.5152705855677));
#5420=CARTESIAN_POINT('Ctrl Pts',(10.5277629995544,-121.781887896525,48.0544871615589));
#5421=CARTESIAN_POINT('Ctrl Pts',(2.94228556989242,-121.914782869395,50.2474948239796));
#5422=CARTESIAN_POINT('Ctrl Pts',(-4.89980944398011,-122.052789187374,47.8443555879851));
#5423=CARTESIAN_POINT('Ctrl Pts',(-10.1543608150238,-122.190795505354,41.5495952356878));
#5424=CARTESIAN_POINT('Ctrl Pts',(-11.1156525327959,-122.328801823334,33.4050293630799));
#5425=CARTESIAN_POINT('Ctrl Pts',(-7.47037532498135,-122.466808141314,26.0592871483568));
#5426=CARTESIAN_POINT('Ctrl Pts',(-0.403595124861555,-122.604814459293,
21.8986236005958));
#5427=CARTESIAN_POINT('Ctrl Pts',(7.78839784586853,-122.742820777273,22.2755787731303));
#5428=CARTESIAN_POINT('Ctrl Pts',(14.44331879847,-122.880827095253,27.0674591195463));
#5429=CARTESIAN_POINT('Ctrl Pts',(17.3985545422386,-123.018833413233,34.7170847507968));
#5430=CARTESIAN_POINT('Ctrl Pts',(15.6937033821639,-123.156839731212,42.7385994012926));
#5431=CARTESIAN_POINT('Ctrl Pts',(9.88281691560951,-123.294846049192,48.5250151242305));
#5432=CARTESIAN_POINT('Ctrl Pts',(1.85425203107135,-123.432852367172,50.1963791617008));
#5433=CARTESIAN_POINT('Ctrl Pts',(-5.78288796823565,-123.570858685152,47.2085563992746));
#5434=CARTESIAN_POINT('Ctrl Pts',(-10.5468095673958,-123.708865003131,40.5345322132797));
#5435=CARTESIAN_POINT('Ctrl Pts',(-10.8892337704368,-123.846871321111,32.3390180000926));
#5436=CARTESIAN_POINT('Ctrl Pts',(-8.09526883562153,-123.938875533098,27.6433219365733));
#5437=CARTESIAN_POINT('Ctrl Pts',(-6.16909456398644,-123.984877639091,25.8651961947423));
#5438=CARTESIAN_POINT('Ctrl Pts',(-6.1690945639573,-123.984877639116,25.8651961947739));
#5439=CARTESIAN_POINT('Ctrl Pts',(-6.40111115844853,-123.984877639102,26.0928185187642));
#5440=CARTESIAN_POINT('Ctrl Pts',(-6.6245212979036,-123.984877639086,26.3287445652726));
#5441=CARTESIAN_POINT('Ctrl Pts',(-6.83907002320104,-123.98487763907,26.5723793733827));
#5442=CARTESIAN_POINT('Ctrl Pts',(-7.04606198361352,-123.984877639054,26.8074329561318));
#5443=CARTESIAN_POINT('Ctrl Pts',(-7.24480580851437,-123.984877639038,27.0496626260515));
#5444=CARTESIAN_POINT('Ctrl Pts',(-7.43503044477347,-123.984877639024,27.2985680912053));
#5445=CARTESIAN_POINT('Ctrl Pts',(-7.62485162493363,-123.984877639009,27.5469456414163));
#5446=CARTESIAN_POINT('Ctrl Pts',(-7.80618998873654,-123.984877638997,27.8019712507572));
#5447=CARTESIAN_POINT('Ctrl Pts',(-7.97873083986826,-123.984877638987,28.0631726494923));
#5448=CARTESIAN_POINT('Ctrl Pts',(-8.09236729230321,-123.984877638981,28.2352014770344));
#5449=CARTESIAN_POINT('Ctrl Pts',(-8.20218678363295,-123.984877638977,28.4099096193882));
#5450=CARTESIAN_POINT('Ctrl Pts',(-8.30808774410782,-123.984877638974,28.5871663174752));
#5451=CARTESIAN_POINT('Ctrl Pts',(-8.35947562068275,-123.984877638973,28.6731791853711));
#5452=CARTESIAN_POINT('Ctrl Pts',(-8.40994068688165,-123.984877638972,28.7597921832453));
#5453=CARTESIAN_POINT('Ctrl Pts',(-8.45947050419851,-123.984877638972,28.8469905662883));
#5454=CARTESIAN_POINT('Ctrl Pts',(-8.48343122958342,-123.984877638972,28.8891739746529));
#5455=CARTESIAN_POINT('Ctrl Pts',(-8.50717307292073,-123.984877638972,28.9314943807221));
#5456=CARTESIAN_POINT('Ctrl Pts',(-8.53069457876796,-123.984877638972,28.9739501232707));
#5457=CARTESIAN_POINT('Ctrl Pts',(-8.55355912188389,-123.984877638972,29.0152200641634));
#5458=CARTESIAN_POINT('Ctrl Pts',(-8.57621856825962,-123.984877638972,29.0566237480588));
#5459=CARTESIAN_POINT('Ctrl Pts',(-8.59865452396523,-123.984877638973,29.0981277984975));
#5460=CARTESIAN_POINT('Ctrl Pts',(-8.74741223272704,-123.984877638974,29.3733131986025));
#5461=CARTESIAN_POINT('Ctrl Pts',(-8.88646534779504,-123.984877638972,29.6531127767763));
#5462=CARTESIAN_POINT('Ctrl Pts',(-9.01558965091212,-123.984877638969,29.9370088545773));
#5463=CARTESIAN_POINT('Ctrl Pts',(-9.14415893296496,-123.984877638966,30.2196846485167));
#5464=CARTESIAN_POINT('Ctrl Pts',(-9.2628848099423,-123.984877638961,30.506422376573));
#5465=CARTESIAN_POINT('Ctrl Pts',(-9.37150051126968,-123.984877638957,30.7967367104585));
#5466=CARTESIAN_POINT('Ctrl Pts',(-9.48081953769752,-123.984877638952,31.0889309323855));
#5467=CARTESIAN_POINT('Ctrl Pts',(-9.57989736307101,-123.984877638947,31.384748765196));
#5468=CARTESIAN_POINT('Ctrl Pts',(-9.66841149023477,-123.984877638942,31.6837132006432));
#5469=CARTESIAN_POINT('Ctrl Pts',(-9.75692561739853,-123.984877638937,31.9826776360904));
#5470=CARTESIAN_POINT('Ctrl Pts',(-9.83487633558911,-123.984877638933,32.2847892277671));
#5471=CARTESIAN_POINT('Ctrl Pts',(-9.9018862077004,-123.98487763893,32.5895805029802));
#5472=CARTESIAN_POINT('Ctrl Pts',(-9.97032563577566,-123.984877638927,32.9008740467624));
#5473=CARTESIAN_POINT('Ctrl Pts',(-10.0273522472653,-123.984877638925,33.2149636178095));
#5474=CARTESIAN_POINT('Ctrl Pts',(-10.0729606236579,-123.984877638925,33.5312249139019));
#5475=CARTESIAN_POINT('Ctrl Pts',(-10.084804395523,-123.984877638925,33.6133529556551));
#5476=CARTESIAN_POINT('Ctrl Pts',(-10.0958778661801,-123.984877638925,33.6956274154885));
#5477=CARTESIAN_POINT('Ctrl Pts',(-10.106180305216,-123.984877638925,33.7780372632663));
#5478=CARTESIAN_POINT('Ctrl Pts',(-10.1125123579547,-123.984877638925,33.8286877452058));
#5479=CARTESIAN_POINT('Ctrl Pts',(-10.1185531453885,-123.984877638925,33.8793893694141));
#5480=CARTESIAN_POINT('Ctrl Pts',(-10.124302449099,-123.984877638925,33.9301395632683));
#5481=CARTESIAN_POINT('Ctrl Pts',(-10.1286284205189,-123.984877638926,33.9683257331453));
#5482=CARTESIAN_POINT('Ctrl Pts',(-10.1327895595341,-123.984877638926,34.006541719802));
#5483=CARTESIAN_POINT('Ctrl Pts',(-10.1367834479033,-123.984877638926,34.0447629132608));
#5484=CARTESIAN_POINT('Ctrl Pts',(-10.1685825381447,-123.984877638927,34.3490776731049));
#5485=CARTESIAN_POINT('Ctrl Pts',(-10.1898212837187,-123.984877638924,34.6540416247355));
#5486=CARTESIAN_POINT('Ctrl Pts',(-10.2006298486804,-123.98487763892,34.9590961796709));
#5487=CARTESIAN_POINT('Ctrl Pts',(-10.2115260059031,-123.984877638916,35.2666228868572));
#5488=CARTESIAN_POINT('Ctrl Pts',(-10.211822234687,-123.98487763891,35.5742422832143));
#5489=CARTESIAN_POINT('Ctrl Pts',(-10.2015991308822,-123.984877638904,35.881389050979));
#5490=CARTESIAN_POINT('Ctrl Pts',(-10.1913596300643,-123.984877638898,36.189028456761));
#5491=CARTESIAN_POINT('Ctrl Pts',(-10.170566966976,-123.984877638891,36.4961943408586));
#5492=CARTESIAN_POINT('Ctrl Pts',(-10.1392500200236,-123.984877638885,36.8023162974389));
#5493=CARTESIAN_POINT('Ctrl Pts',(-10.1082518102161,-123.984877638879,37.1053226106405));
#5494=CARTESIAN_POINT('Ctrl Pts',(-10.0669423096951,-123.984877638873,37.4073067189219));
#5495=CARTESIAN_POINT('Ctrl Pts',(-10.0153001790965,-123.984877638868,37.7077041849556));
#5496=CARTESIAN_POINT('Ctrl Pts',(-9.96423332915559,-123.984877638864,38.0047552969596));
#5497=CARTESIAN_POINT('Ctrl Pts',(-9.90306263771613,-123.98487763886,38.300255453607));
#5498=CARTESIAN_POINT('Ctrl Pts',(-9.83172104933732,-123.984877638858,38.5936395539625));
#5499=CARTESIAN_POINT('Ctrl Pts',(-9.80011908584556,-123.984877638857,38.7235990045325));
#5500=CARTESIAN_POINT('Ctrl Pts',(-9.76652078968165,-123.984877638856,38.853142939598));
#5501=CARTESIAN_POINT('Ctrl Pts',(-9.73091747236484,-123.984877638856,38.9822205937902));
#5502=CARTESIAN_POINT('Ctrl Pts',(-9.72180607879622,-123.984877638856,39.0152533951383));
#5503=CARTESIAN_POINT('Ctrl Pts',(-9.71256336334479,-123.984877638856,39.0482556529337));
#5504=CARTESIAN_POINT('Ctrl Pts',(-9.70318916202837,-123.984877638856,39.0812265039222));
#5505=CARTESIAN_POINT('Ctrl Pts',(-9.69481239978261,-123.984877638856,39.110689171775));
#5506=CARTESIAN_POINT('Ctrl Pts',(-9.68633324739428,-123.984877638856,39.140117591818));
#5507=CARTESIAN_POINT('Ctrl Pts',(-9.67775215767721,-123.984877638856,39.1695099285687));
#5508=CARTESIAN_POINT('Ctrl Pts',(-9.59219821280001,-123.984877638857,39.4625531714539));
#5509=CARTESIAN_POINT('Ctrl Pts',(-9.49650369793942,-123.984877638866,39.7520527043972));
#5510=CARTESIAN_POINT('Ctrl Pts',(-9.39072516537906,-123.98487763888,40.0374655148309));
#5511=CARTESIAN_POINT('Ctrl Pts',(-9.37980365528888,-123.984877638882,40.0669340545579));
#5512=CARTESIAN_POINT('Ctrl Pts',(-9.3687746014293,-123.984877638883,40.0963590192916));
#5513=CARTESIAN_POINT('Ctrl Pts',(-9.357638035135,-123.984877638885,40.125739804239));
#5514=CARTESIAN_POINT('Ctrl Pts',(-9.24653113230367,-123.984877638901,40.4188649859138));
#5515=CARTESIAN_POINT('Ctrl Pts',(-9.12472762364808,-123.984877638922,40.7075944808574));
#5516=CARTESIAN_POINT('Ctrl Pts',(-8.99266636536508,-123.984877638945,40.9914722081631));
#5517=CARTESIAN_POINT('Ctrl Pts',(-8.86416122293808,-123.984877638967,41.267705739886));
#5518=CARTESIAN_POINT('Ctrl Pts',(-8.72594268449946,-123.984877638992,41.5393456786978));
#5519=CARTESIAN_POINT('Ctrl Pts',(-8.57836671531132,-123.984877639015,41.8059476566078));
#5520=CARTESIAN_POINT('Ctrl Pts',(-8.43098314763947,-123.984877639039,42.0722020533699));
#5521=CARTESIAN_POINT('Ctrl Pts',(-8.27426613164516,-123.984877639061,42.3334320994136));
#5522=CARTESIAN_POINT('Ctrl Pts',(-8.108528743028,-123.984877639078,42.589164080714));
#5523=CARTESIAN_POINT('Ctrl Pts',(-7.94408034174921,-123.984877639096,42.8429071608457));
#5524=CARTESIAN_POINT('Ctrl Pts',(-7.77075091145145,-123.984877639108,43.0912377960178));
#5525=CARTESIAN_POINT('Ctrl Pts',(-7.58881156816472,-123.984877639113,43.333655861837));
#5526=CARTESIAN_POINT('Ctrl Pts',(-7.53525576916255,-123.984877639114,43.4050142221179));
#5527=CARTESIAN_POINT('Ctrl Pts',(-7.48095372845069,-123.984877639115,43.4758599970135));
#5528=CARTESIAN_POINT('Ctrl Pts',(-7.42591186227364,-123.984877639115,43.5461797221687));
#5529=CARTESIAN_POINT('Ctrl Pts',(-7.40247068645063,-123.984877639115,43.5761274175446));
#5530=CARTESIAN_POINT('Ctrl Pts',(-7.37889357986718,-123.984877639115,43.6059818132506));
#5531=CARTESIAN_POINT('Ctrl Pts',(-7.35519605977242,-123.984877639114,43.6357232014569));
#5532=CARTESIAN_POINT('Ctrl Pts',(-7.16632787714307,-123.984877639112,43.872760744497));
#5533=CARTESIAN_POINT('Ctrl Pts',(-6.96962221164281,-123.984877639107,44.1028709119403));
#5534=CARTESIAN_POINT('Ctrl Pts',(-6.76545745171471,-123.984877639099,44.3256462524214));
#5535=CARTESIAN_POINT('Ctrl Pts',(-6.56133820373895,-123.984877639092,44.5483719323211));
#5536=CARTESIAN_POINT('Ctrl Pts',(-6.34976277686173,-123.984877639083,44.7637665250995));
#5537=CARTESIAN_POINT('Ctrl Pts',(-6.13106807372828,-123.984877639074,44.9713910715461));
#5538=CARTESIAN_POINT('Ctrl Pts',(-5.91457749123836,-123.984877639064,45.176923068231));
#5539=CARTESIAN_POINT('Ctrl Pts',(-5.69110997349895,-123.984877639055,45.3748412425684));
#5540=CARTESIAN_POINT('Ctrl Pts',(-5.46095834264635,-123.984877639046,45.5646823009775));
#5541=CARTESIAN_POINT('Ctrl Pts',(-5.266387229521,-123.984877639039,45.7251746942519));
#5542=CARTESIAN_POINT('Ctrl Pts',(-5.06703823698801,-123.984877639032,45.8798938194802));
#5543=CARTESIAN_POINT('Ctrl Pts',(-4.86307241066969,-123.984877639026,46.0285353561912));
#5544=CARTESIAN_POINT('Ctrl Pts',(-4.61934955433654,-123.984877639019,46.2061501093627));
#5545=CARTESIAN_POINT('Ctrl Pts',(-4.36903455074452,-123.984877639014,46.3750882623955));
#5546=CARTESIAN_POINT('Ctrl Pts',(-4.11264597212744,-123.98487763901,46.535122333201));
#5547=CARTESIAN_POINT('Ctrl Pts',(-3.94540266190759,-123.984877639008,46.6395132069827));
#5548=CARTESIAN_POINT('Ctrl Pts',(-3.77557462937828,-123.984877639007,46.7401144115712));
#5549=CARTESIAN_POINT('Ctrl Pts',(-3.60330277970949,-123.984877639006,46.8368512326626));
#5550=CARTESIAN_POINT('Ctrl Pts',(-3.3702548943045,-123.984877639006,46.96771597719));
#5551=CARTESIAN_POINT('Ctrl Pts',(-3.13342280590356,-123.984877639054,47.0911240469819));
#5552=CARTESIAN_POINT('Ctrl Pts',(-2.89320767563839,-123.984877639092,47.2069980196247));
#5553=CARTESIAN_POINT('Ctrl Pts',(16.6617795642848,-109.537841375276,35.8605997442541));
#5554=CARTESIAN_POINT('Ctrl Pts',(16.6593591674765,-109.569301106583,37.6536507024594));
#5555=CARTESIAN_POINT('Ctrl Pts',(16.3055761323089,-109.60076083789,39.4476219556303));
#5556=CARTESIAN_POINT('Ctrl Pts',(15.6154966437916,-109.632220569197,41.1012764600211));
#5557=CARTESIAN_POINT('Ctrl Pts',(14.6064254134974,-109.67822267519,43.5193387455881));
#5558=CARTESIAN_POINT('Ctrl Pts',(12.8782899325993,-109.724224781183,45.6373777724983));
#5559=CARTESIAN_POINT('Ctrl Pts',(10.7119316588602,-109.770226887177,47.1111386624015));
#5560=CARTESIAN_POINT('Ctrl Pts',(8.54557338512107,-109.81622899317,48.5848995523048));
#5561=CARTESIAN_POINT('Ctrl Pts',(5.94099231854101,-109.862231099163,49.4143823052012));
#5562=CARTESIAN_POINT('Ctrl Pts',(3.32130582710782,-109.908233205156,49.4650011521151));
#5563=CARTESIAN_POINT('Ctrl Pts',(0.701619335674653,-109.95423531115,49.515619999029));
#5564=CARTESIAN_POINT('Ctrl Pts',(-1.93317258061164,-110.000237417143,48.7873749399604));
#5565=CARTESIAN_POINT('Ctrl Pts',(-4.1547632919701,-110.046239523136,47.3982083107253));
#5566=CARTESIAN_POINT('Ctrl Pts',(-6.37635400332858,-110.09224162913,46.0090416814902));
#5567=CARTESIAN_POINT('Ctrl Pts',(-8.18474350975922,-110.138243735123,43.9589534820886));
#5568=CARTESIAN_POINT('Ctrl Pts',(-9.28647817792748,-110.184245841116,41.5818404927893));
#5569=CARTESIAN_POINT('Ctrl Pts',(-10.3882128460957,-110.230247947109,39.2047275034901));
#5570=CARTESIAN_POINT('Ctrl Pts',(-10.7832926760016,-110.276250053103,36.5005897242932));
#5571=CARTESIAN_POINT('Ctrl Pts',(-10.4067382332783,-110.322252159096,33.9072166338598));
#5572=CARTESIAN_POINT('Ctrl Pts',(-10.030183790555,-110.368254265089,31.3138435434264));
#5573=CARTESIAN_POINT('Ctrl Pts',(-8.88199507520252,-110.414256371082,28.8312351417565));
#5574=CARTESIAN_POINT('Ctrl Pts',(-7.15033612901545,-110.460258477075,26.8660278920002));
#5575=CARTESIAN_POINT('Ctrl Pts',(-5.41867718282836,-110.506260583069,24.9008206422438));
#5576=CARTESIAN_POINT('Ctrl Pts',(-3.10354800580668,-110.552262689062,23.4530145444011));
#5577=CARTESIAN_POINT('Ctrl Pts',(-0.577839477874331,-110.598264795055,
22.7512921247879));
#5578=CARTESIAN_POINT('Ctrl Pts',(1.94786905005802,-110.644266901049,22.0495697051747));
#5579=CARTESIAN_POINT('Ctrl Pts',(4.68415692890103,-110.690269007042,22.0939309637908));
#5580=CARTESIAN_POINT('Ctrl Pts',(7.17901003257357,-110.736271113035,22.8904746129685));
#5581=CARTESIAN_POINT('Ctrl Pts',(10.5054808374703,-110.797607254359,23.9525328118721));
#5582=CARTESIAN_POINT('Ctrl Pts',(13.4027342642861,-110.858943395684,26.3518041495517));
#5583=CARTESIAN_POINT('Ctrl Pts',(15.0527347361146,-110.920279537008,29.4248552061886));
#5584=CARTESIAN_POINT('Ctrl Pts',(16.1069097814242,-110.959466816444,31.3882084246754));
#5585=CARTESIAN_POINT('Ctrl Pts',(16.6519745457417,-110.998654095881,33.6265885979379));
#5586=CARTESIAN_POINT('Ctrl Pts',(16.6580614730192,-111.037841375317,35.8625343023555));
#5587=CARTESIAN_POINT('Origin',(3.05866235521363,-123.984877639092,35.8612653953173));
#5588=CARTESIAN_POINT('Origin',(3.05866235521357,-105.672357938379,35.8612653953173));
#5589=UNCERTAINTY_MEASURE_WITH_UNIT(LENGTH_MEASURE(0.01),#5593,
'DISTANCE_ACCURACY_VALUE',
'Maximum model space distance between geometric entities at asserted c
onnectivities');
#5590=UNCERTAINTY_MEASURE_WITH_UNIT(LENGTH_MEASURE(0.01),#5593,
'DISTANCE_ACCURACY_VALUE',
'Maximum model space distance between geometric entities at asserted c
onnectivities');
#5591=(
GEOMETRIC_REPRESENTATION_CONTEXT(3)
GLOBAL_UNCERTAINTY_ASSIGNED_CONTEXT((#5589))
GLOBAL_UNIT_ASSIGNED_CONTEXT((#5593,#5595,#5596))
REPRESENTATION_CONTEXT('','3D')
);
#5592=(
GEOMETRIC_REPRESENTATION_CONTEXT(3)
GLOBAL_UNCERTAINTY_ASSIGNED_CONTEXT((#5590))
GLOBAL_UNIT_ASSIGNED_CONTEXT((#5593,#5595,#5596))
REPRESENTATION_CONTEXT('','3D')
);
#5593=(
LENGTH_UNIT()
NAMED_UNIT(*)
SI_UNIT(.MILLI.,.METRE.)
);
#5594=(
LENGTH_UNIT()
NAMED_UNIT(*)
SI_UNIT($,.METRE.)
);
#5595=(
NAMED_UNIT(*)
PLANE_ANGLE_UNIT()
SI_UNIT($,.RADIAN.)
);
#5596=(
NAMED_UNIT(*)
SI_UNIT($,.STERADIAN.)
SOLID_ANGLE_UNIT()
);
#5597=SHAPE_DEFINITION_REPRESENTATION(#5598,#5599);
#5598=PRODUCT_DEFINITION_SHAPE('',$,#5601);
#5599=SHAPE_REPRESENTATION('',(#1007),#5591);
#5600=PRODUCT_DEFINITION_CONTEXT('part definition',#5605,'design');
#5601=PRODUCT_DEFINITION('3. Barrel Locking Nut',
'3. Barrel Locking Nut',#5602,#5600);
#5602=PRODUCT_DEFINITION_FORMATION('',$,#5607);
#5603=PRODUCT_RELATED_PRODUCT_CATEGORY('3. Barrel Locking Nut',
'3. Barrel Locking Nut',(#5607));
#5604=APPLICATION_PROTOCOL_DEFINITION('international standard',
'automotive_design',2009,#5605);
#5605=APPLICATION_CONTEXT(
'Core Data for Automotive Mechanical Design Process');
#5606=PRODUCT_CONTEXT('part definition',#5605,'mechanical');
#5607=PRODUCT('3. Barrel Locking Nut','3. Barrel Locking Nut',$,(#5606));
#5608=PRESENTATION_STYLE_ASSIGNMENT((#5610));
#5609=PRESENTATION_STYLE_ASSIGNMENT((#5611));
#5610=SURFACE_STYLE_USAGE(.BOTH.,#5612);
#5611=SURFACE_STYLE_USAGE(.BOTH.,#5613);
#5612=SURFACE_SIDE_STYLE('',(#5614));
#5613=SURFACE_SIDE_STYLE('',(#5615));
#5614=SURFACE_STYLE_FILL_AREA(#5616);
#5615=SURFACE_STYLE_FILL_AREA(#5617);
#5616=FILL_AREA_STYLE('Steel - Satin',(#5618));
#5617=FILL_AREA_STYLE('Plastic - Matte (Black) (1)',(#5619));
#5618=FILL_AREA_STYLE_COLOUR('Steel - Satin',#5620);
#5619=FILL_AREA_STYLE_COLOUR('Plastic - Matte (Black) (1)',#5621);
#5620=COLOUR_RGB('Steel - Satin',0.627450980392157,0.627450980392157,0.627450980392157);
#5621=COLOUR_RGB('Plastic - Matte (Black) (1)',0.0980392156862745,0.0980392156862745,
0.0980392156862745);
ENDSEC;
END-ISO-10303-21;
