ISO-10303-21;
HEADER;
/* Generated by software containing ST-Developer
 * from STEP Tools, Inc. (www.steptools.com) 
 */

FILE_DESCRIPTION(
/* description */ (''),
/* implementation_level */ '2;1');

FILE_NAME(
/* name */ '48. Front Sight Left.step',
/* time_stamp */ '2025-10-08T23:28:30+01:00',
/* author */ (''),
/* organization */ (''),
/* preprocessor_version */ 'ST-DEVELOPER v20.1',
/* originating_system */ 'Autodesk Translation Framework v14.10.0.0',
/* authorisation */ '');

FILE_SCHEMA (('AUTOMOTIVE_DESIGN { 1 0 10303 214 3 1 1 }'));
ENDSEC;

DATA;
#10=MECHANICAL_DESIGN_GEOMETRIC_PRESENTATION_REPRESENTATION('',(#13),#2250);
#11=SHAPE_REPRESENTATION_RELATIONSHIP('SRR','None',#2257,#12);
#12=ADVANCED_BREP_SHAPE_REPRESENTATION('',(#14),#2249);
#13=STYLED_ITEM('',(#2267),#14);
#14=MANIFOLD_SOLID_BREP('48. Front Sight Left',#1360);
#15=B_SPLINE_CURVE_WITH_KNOTS('',3,(#2202,#2203,#2204,#2205,#2206,#2207,
#2208,#2209,#2210,#2211),.UNSPECIFIED.,.F.,.F.,(4,2,2,2,4),(1.55805778550848,
1.5826611607199,1.68602880877706,1.78939645683423,1.86452330910398),
 .UNSPECIFIED.);
#16=B_SPLINE_CURVE_WITH_KNOTS('',3,(#2223,#2224,#2225,#2226,#2227,#2228,
#2229,#2230,#2231,#2232,#2233,#2234),.UNSPECIFIED.,.F.,.F.,(4,2,2,2,2,4),
(0.127201242143567,0.232037558225759,0.345748614270074,0.459459670314389,
0.574572473992073,0.581663192071307),.UNSPECIFIED.);
#17=ELLIPSE('',#1411,8.18598822027609,4.);
#18=ELLIPSE('',#1413,10.4855286600519,4.);
#19=ELLIPSE('',#1436,10.4855286600519,4.);
#20=ELLIPSE('',#1446,8.18598822027607,4.);
#21=ELLIPSE('',#1465,3.46410161513776,3.);
#22=ELLIPSE('',#1468,9.89949493661167,7.);
#23=ELLIPSE('',#1470,9.89949493661166,7.);
#24=ELLIPSE('',#1473,3.46410161513776,3.);
#25=FACE_BOUND('',#169,.T.);
#26=FACE_BOUND('',#171,.T.);
#27=FACE_BOUND('',#173,.T.);
#28=FACE_BOUND('',#175,.T.);
#29=FACE_BOUND('',#177,.T.);
#30=FACE_BOUND('',#218,.T.);
#31=PLANE('',#1377);
#32=PLANE('',#1381);
#33=PLANE('',#1385);
#34=PLANE('',#1389);
#35=PLANE('',#1393);
#36=PLANE('',#1400);
#37=PLANE('',#1404);
#38=PLANE('',#1406);
#39=PLANE('',#1408);
#40=PLANE('',#1409);
#41=PLANE('',#1410);
#42=PLANE('',#1415);
#43=PLANE('',#1416);
#44=PLANE('',#1417);
#45=PLANE('',#1418);
#46=PLANE('',#1419);
#47=PLANE('',#1420);
#48=PLANE('',#1421);
#49=PLANE('',#1422);
#50=PLANE('',#1423);
#51=PLANE('',#1424);
#52=PLANE('',#1425);
#53=PLANE('',#1426);
#54=PLANE('',#1427);
#55=PLANE('',#1428);
#56=PLANE('',#1429);
#57=PLANE('',#1430);
#58=PLANE('',#1431);
#59=PLANE('',#1432);
#60=PLANE('',#1433);
#61=PLANE('',#1434);
#62=PLANE('',#1435);
#63=PLANE('',#1437);
#64=PLANE('',#1438);
#65=PLANE('',#1439);
#66=PLANE('',#1440);
#67=PLANE('',#1441);
#68=PLANE('',#1442);
#69=PLANE('',#1443);
#70=PLANE('',#1444);
#71=PLANE('',#1445);
#72=PLANE('',#1447);
#73=PLANE('',#1448);
#74=PLANE('',#1449);
#75=PLANE('',#1450);
#76=PLANE('',#1451);
#77=PLANE('',#1452);
#78=PLANE('',#1453);
#79=PLANE('',#1456);
#80=PLANE('',#1458);
#81=PLANE('',#1463);
#82=PLANE('',#1467);
#83=PLANE('',#1471);
#84=PLANE('',#1474);
#85=FACE_OUTER_BOUND('',#154,.T.);
#86=FACE_OUTER_BOUND('',#155,.T.);
#87=FACE_OUTER_BOUND('',#156,.T.);
#88=FACE_OUTER_BOUND('',#157,.T.);
#89=FACE_OUTER_BOUND('',#158,.T.);
#90=FACE_OUTER_BOUND('',#159,.T.);
#91=FACE_OUTER_BOUND('',#160,.T.);
#92=FACE_OUTER_BOUND('',#161,.T.);
#93=FACE_OUTER_BOUND('',#162,.T.);
#94=FACE_OUTER_BOUND('',#163,.T.);
#95=FACE_OUTER_BOUND('',#164,.T.);
#96=FACE_OUTER_BOUND('',#165,.T.);
#97=FACE_OUTER_BOUND('',#166,.T.);
#98=FACE_OUTER_BOUND('',#167,.T.);
#99=FACE_OUTER_BOUND('',#168,.T.);
#100=FACE_OUTER_BOUND('',#170,.T.);
#101=FACE_OUTER_BOUND('',#172,.T.);
#102=FACE_OUTER_BOUND('',#174,.T.);
#103=FACE_OUTER_BOUND('',#176,.T.);
#104=FACE_OUTER_BOUND('',#178,.T.);
#105=FACE_OUTER_BOUND('',#179,.T.);
#106=FACE_OUTER_BOUND('',#180,.T.);
#107=FACE_OUTER_BOUND('',#181,.T.);
#108=FACE_OUTER_BOUND('',#182,.T.);
#109=FACE_OUTER_BOUND('',#183,.T.);
#110=FACE_OUTER_BOUND('',#184,.T.);
#111=FACE_OUTER_BOUND('',#185,.T.);
#112=FACE_OUTER_BOUND('',#186,.T.);
#113=FACE_OUTER_BOUND('',#187,.T.);
#114=FACE_OUTER_BOUND('',#188,.T.);
#115=FACE_OUTER_BOUND('',#189,.T.);
#116=FACE_OUTER_BOUND('',#190,.T.);
#117=FACE_OUTER_BOUND('',#191,.T.);
#118=FACE_OUTER_BOUND('',#192,.T.);
#119=FACE_OUTER_BOUND('',#193,.T.);
#120=FACE_OUTER_BOUND('',#194,.T.);
#121=FACE_OUTER_BOUND('',#195,.T.);
#122=FACE_OUTER_BOUND('',#196,.T.);
#123=FACE_OUTER_BOUND('',#197,.T.);
#124=FACE_OUTER_BOUND('',#198,.T.);
#125=FACE_OUTER_BOUND('',#199,.T.);
#126=FACE_OUTER_BOUND('',#200,.T.);
#127=FACE_OUTER_BOUND('',#201,.T.);
#128=FACE_OUTER_BOUND('',#202,.T.);
#129=FACE_OUTER_BOUND('',#203,.T.);
#130=FACE_OUTER_BOUND('',#204,.T.);
#131=FACE_OUTER_BOUND('',#205,.T.);
#132=FACE_OUTER_BOUND('',#206,.T.);
#133=FACE_OUTER_BOUND('',#207,.T.);
#134=FACE_OUTER_BOUND('',#208,.T.);
#135=FACE_OUTER_BOUND('',#209,.T.);
#136=FACE_OUTER_BOUND('',#210,.T.);
#137=FACE_OUTER_BOUND('',#211,.T.);
#138=FACE_OUTER_BOUND('',#212,.T.);
#139=FACE_OUTER_BOUND('',#213,.T.);
#140=FACE_OUTER_BOUND('',#214,.T.);
#141=FACE_OUTER_BOUND('',#215,.T.);
#142=FACE_OUTER_BOUND('',#216,.T.);
#143=FACE_OUTER_BOUND('',#217,.T.);
#144=FACE_OUTER_BOUND('',#219,.T.);
#145=FACE_OUTER_BOUND('',#220,.T.);
#146=FACE_OUTER_BOUND('',#221,.T.);
#147=FACE_OUTER_BOUND('',#222,.T.);
#148=FACE_OUTER_BOUND('',#223,.T.);
#149=FACE_OUTER_BOUND('',#224,.T.);
#150=FACE_OUTER_BOUND('',#225,.T.);
#151=FACE_OUTER_BOUND('',#226,.T.);
#152=FACE_OUTER_BOUND('',#227,.T.);
#153=FACE_OUTER_BOUND('',#228,.T.);
#154=EDGE_LOOP('',(#890,#891,#892,#893));
#155=EDGE_LOOP('',(#894,#895,#896,#897));
#156=EDGE_LOOP('',(#898,#899,#900,#901));
#157=EDGE_LOOP('',(#902,#903,#904,#905));
#158=EDGE_LOOP('',(#906,#907,#908,#909));
#159=EDGE_LOOP('',(#910,#911,#912,#913));
#160=EDGE_LOOP('',(#914,#915,#916,#917));
#161=EDGE_LOOP('',(#918,#919,#920,#921));
#162=EDGE_LOOP('',(#922,#923,#924,#925));
#163=EDGE_LOOP('',(#926,#927,#928,#929));
#164=EDGE_LOOP('',(#930,#931,#932,#933));
#165=EDGE_LOOP('',(#934,#935,#936,#937));
#166=EDGE_LOOP('',(#938,#939,#940,#941));
#167=EDGE_LOOP('',(#942,#943,#944,#945));
#168=EDGE_LOOP('',(#946,#947,#948,#949,#950,#951,#952,#953,#954,#955,#956,
#957,#958,#959,#960,#961,#962,#963,#964,#965));
#169=EDGE_LOOP('',(#966));
#170=EDGE_LOOP('',(#967,#968,#969,#970,#971,#972,#973,#974,#975,#976,#977,
#978,#979,#980,#981,#982,#983,#984,#985,#986));
#171=EDGE_LOOP('',(#987));
#172=EDGE_LOOP('',(#988,#989,#990,#991,#992,#993,#994,#995,#996,#997,#998,
#999,#1000,#1001,#1002,#1003,#1004,#1005,#1006,#1007));
#173=EDGE_LOOP('',(#1008,#1009,#1010,#1011,#1012,#1013));
#174=EDGE_LOOP('',(#1014,#1015,#1016,#1017,#1018,#1019,#1020,#1021,#1022,
#1023,#1024,#1025,#1026,#1027,#1028,#1029,#1030,#1031,#1032,#1033));
#175=EDGE_LOOP('',(#1034,#1035,#1036,#1037,#1038,#1039));
#176=EDGE_LOOP('',(#1040,#1041,#1042,#1043,#1044,#1045));
#177=EDGE_LOOP('',(#1046));
#178=EDGE_LOOP('',(#1047,#1048,#1049,#1050));
#179=EDGE_LOOP('',(#1051,#1052,#1053,#1054));
#180=EDGE_LOOP('',(#1055,#1056,#1057,#1058));
#181=EDGE_LOOP('',(#1059,#1060,#1061,#1062));
#182=EDGE_LOOP('',(#1063,#1064,#1065,#1066));
#183=EDGE_LOOP('',(#1067,#1068,#1069,#1070));
#184=EDGE_LOOP('',(#1071,#1072,#1073,#1074));
#185=EDGE_LOOP('',(#1075,#1076,#1077,#1078));
#186=EDGE_LOOP('',(#1079,#1080,#1081,#1082));
#187=EDGE_LOOP('',(#1083,#1084,#1085,#1086));
#188=EDGE_LOOP('',(#1087,#1088,#1089,#1090));
#189=EDGE_LOOP('',(#1091,#1092,#1093,#1094));
#190=EDGE_LOOP('',(#1095,#1096,#1097,#1098));
#191=EDGE_LOOP('',(#1099,#1100,#1101,#1102));
#192=EDGE_LOOP('',(#1103,#1104,#1105,#1106));
#193=EDGE_LOOP('',(#1107,#1108,#1109,#1110));
#194=EDGE_LOOP('',(#1111,#1112,#1113,#1114));
#195=EDGE_LOOP('',(#1115,#1116,#1117,#1118));
#196=EDGE_LOOP('',(#1119,#1120,#1121,#1122));
#197=EDGE_LOOP('',(#1123,#1124,#1125,#1126));
#198=EDGE_LOOP('',(#1127,#1128,#1129,#1130,#1131,#1132,#1133,#1134,#1135,
#1136,#1137,#1138,#1139));
#199=EDGE_LOOP('',(#1140,#1141,#1142,#1143));
#200=EDGE_LOOP('',(#1144,#1145,#1146,#1147));
#201=EDGE_LOOP('',(#1148,#1149,#1150,#1151));
#202=EDGE_LOOP('',(#1152,#1153,#1154,#1155));
#203=EDGE_LOOP('',(#1156,#1157,#1158,#1159));
#204=EDGE_LOOP('',(#1160,#1161,#1162,#1163));
#205=EDGE_LOOP('',(#1164,#1165,#1166,#1167));
#206=EDGE_LOOP('',(#1168,#1169,#1170,#1171));
#207=EDGE_LOOP('',(#1172,#1173,#1174,#1175,#1176,#1177,#1178,#1179,#1180,
#1181,#1182,#1183,#1184));
#208=EDGE_LOOP('',(#1185,#1186,#1187,#1188));
#209=EDGE_LOOP('',(#1189,#1190,#1191,#1192));
#210=EDGE_LOOP('',(#1193,#1194,#1195,#1196));
#211=EDGE_LOOP('',(#1197,#1198,#1199,#1200));
#212=EDGE_LOOP('',(#1201,#1202,#1203,#1204));
#213=EDGE_LOOP('',(#1205,#1206,#1207,#1208));
#214=EDGE_LOOP('',(#1209,#1210,#1211,#1212,#1213,#1214));
#215=EDGE_LOOP('',(#1215,#1216,#1217,#1218));
#216=EDGE_LOOP('',(#1219,#1220,#1221,#1222));
#217=EDGE_LOOP('',(#1223,#1224,#1225,#1226));
#218=EDGE_LOOP('',(#1227));
#219=EDGE_LOOP('',(#1228,#1229,#1230,#1231,#1232));
#220=EDGE_LOOP('',(#1233,#1234,#1235,#1236));
#221=EDGE_LOOP('',(#1237,#1238,#1239,#1240));
#222=EDGE_LOOP('',(#1241,#1242,#1243,#1244,#1245));
#223=EDGE_LOOP('',(#1246,#1247,#1248,#1249,#1250));
#224=EDGE_LOOP('',(#1251,#1252,#1253,#1254));
#225=EDGE_LOOP('',(#1255,#1256,#1257,#1258,#1259,#1260));
#226=EDGE_LOOP('',(#1261,#1262,#1263,#1264));
#227=EDGE_LOOP('',(#1265,#1266,#1267,#1268,#1269));
#228=EDGE_LOOP('',(#1270,#1271,#1272,#1273,#1274,#1275));
#229=LINE('',#1844,#388);
#230=LINE('',#1847,#389);
#231=LINE('',#1850,#390);
#232=LINE('',#1852,#391);
#233=LINE('',#1853,#392);
#234=LINE('',#1859,#393);
#235=LINE('',#1862,#394);
#236=LINE('',#1864,#395);
#237=LINE('',#1865,#396);
#238=LINE('',#1871,#397);
#239=LINE('',#1874,#398);
#240=LINE('',#1877,#399);
#241=LINE('',#1879,#400);
#242=LINE('',#1880,#401);
#243=LINE('',#1885,#402);
#244=LINE('',#1889,#403);
#245=LINE('',#1891,#404);
#246=LINE('',#1892,#405);
#247=LINE('',#1898,#406);
#248=LINE('',#1901,#407);
#249=LINE('',#1904,#408);
#250=LINE('',#1906,#409);
#251=LINE('',#1907,#410);
#252=LINE('',#1913,#411);
#253=LINE('',#1919,#412);
#254=LINE('',#1922,#413);
#255=LINE('',#1925,#414);
#256=LINE('',#1927,#415);
#257=LINE('',#1928,#416);
#258=LINE('',#1934,#417);
#259=LINE('',#1937,#418);
#260=LINE('',#1939,#419);
#261=LINE('',#1941,#420);
#262=LINE('',#1943,#421);
#263=LINE('',#1945,#422);
#264=LINE('',#1947,#423);
#265=LINE('',#1949,#424);
#266=LINE('',#1950,#425);
#267=LINE('',#1952,#426);
#268=LINE('',#1954,#427);
#269=LINE('',#1956,#428);
#270=LINE('',#1958,#429);
#271=LINE('',#1959,#430);
#272=LINE('',#1964,#431);
#273=LINE('',#1966,#432);
#274=LINE('',#1968,#433);
#275=LINE('',#1970,#434);
#276=LINE('',#1971,#435);
#277=LINE('',#1973,#436);
#278=LINE('',#1975,#437);
#279=LINE('',#1977,#438);
#280=LINE('',#1979,#439);
#281=LINE('',#1981,#440);
#282=LINE('',#1983,#441);
#283=LINE('',#1985,#442);
#284=LINE('',#1986,#443);
#285=LINE('',#1991,#444);
#286=LINE('',#1993,#445);
#287=LINE('',#1995,#446);
#288=LINE('',#1997,#447);
#289=LINE('',#1999,#448);
#290=LINE('',#2001,#449);
#291=LINE('',#2003,#450);
#292=LINE('',#2004,#451);
#293=LINE('',#2006,#452);
#294=LINE('',#2008,#453);
#295=LINE('',#2010,#454);
#296=LINE('',#2012,#455);
#297=LINE('',#2013,#456);
#298=LINE('',#2016,#457);
#299=LINE('',#2018,#458);
#300=LINE('',#2020,#459);
#301=LINE('',#2022,#460);
#302=LINE('',#2024,#461);
#303=LINE('',#2025,#462);
#304=LINE('',#2028,#463);
#305=LINE('',#2030,#464);
#306=LINE('',#2032,#465);
#307=LINE('',#2034,#466);
#308=LINE('',#2036,#467);
#309=LINE('',#2038,#468);
#310=LINE('',#2040,#469);
#311=LINE('',#2041,#470);
#312=LINE('',#2043,#471);
#313=LINE('',#2045,#472);
#314=LINE('',#2047,#473);
#315=LINE('',#2049,#474);
#316=LINE('',#2050,#475);
#317=LINE('',#2053,#476);
#318=LINE('',#2055,#477);
#319=LINE('',#2057,#478);
#320=LINE('',#2059,#479);
#321=LINE('',#2061,#480);
#322=LINE('',#2062,#481);
#323=LINE('',#2068,#482);
#324=LINE('',#2072,#483);
#325=LINE('',#2075,#484);
#326=LINE('',#2081,#485);
#327=LINE('',#2082,#486);
#328=LINE('',#2083,#487);
#329=LINE('',#2086,#488);
#330=LINE('',#2087,#489);
#331=LINE('',#2088,#490);
#332=LINE('',#2091,#491);
#333=LINE('',#2092,#492);
#334=LINE('',#2094,#493);
#335=LINE('',#2095,#494);
#336=LINE('',#2097,#495);
#337=LINE('',#2102,#496);
#338=LINE('',#2103,#497);
#339=LINE('',#2104,#498);
#340=LINE('',#2105,#499);
#341=LINE('',#2108,#500);
#342=LINE('',#2109,#501);
#343=LINE('',#2112,#502);
#344=LINE('',#2113,#503);
#345=LINE('',#2114,#504);
#346=LINE('',#2116,#505);
#347=LINE('',#2118,#506);
#348=LINE('',#2121,#507);
#349=LINE('',#2123,#508);
#350=LINE('',#2125,#509);
#351=LINE('',#2127,#510);
#352=LINE('',#2129,#511);
#353=LINE('',#2131,#512);
#354=LINE('',#2133,#513);
#355=LINE('',#2136,#514);
#356=LINE('',#2137,#515);
#357=LINE('',#2139,#516);
#358=LINE('',#2141,#517);
#359=LINE('',#2145,#518);
#360=LINE('',#2147,#519);
#361=LINE('',#2148,#520);
#362=LINE('',#2152,#521);
#363=LINE('',#2154,#522);
#364=LINE('',#2156,#523);
#365=LINE('',#2158,#524);
#366=LINE('',#2162,#525);
#367=LINE('',#2164,#526);
#368=LINE('',#2166,#527);
#369=LINE('',#2168,#528);
#370=LINE('',#2172,#529);
#371=LINE('',#2173,#530);
#372=LINE('',#2175,#531);
#373=LINE('',#2176,#532);
#374=LINE('',#2178,#533);
#375=LINE('',#2180,#534);
#376=LINE('',#2182,#535);
#377=LINE('',#2184,#536);
#378=LINE('',#2190,#537);
#379=LINE('',#2194,#538);
#380=LINE('',#2201,#539);
#381=LINE('',#2212,#540);
#382=LINE('',#2214,#541);
#383=LINE('',#2217,#542);
#384=LINE('',#2219,#543);
#385=LINE('',#2220,#544);
#386=LINE('',#2237,#545);
#387=LINE('',#2238,#546);
#388=VECTOR('',#1481,10.);
#389=VECTOR('',#1484,10.);
#390=VECTOR('',#1487,10.);
#391=VECTOR('',#1488,10.);
#392=VECTOR('',#1489,10.);
#393=VECTOR('',#1494,10.);
#394=VECTOR('',#1497,10.);
#395=VECTOR('',#1500,10.);
#396=VECTOR('',#1501,10.);
#397=VECTOR('',#1506,10.);
#398=VECTOR('',#1509,10.);
#399=VECTOR('',#1512,10.);
#400=VECTOR('',#1513,10.);
#401=VECTOR('',#1514,10.);
#402=VECTOR('',#1519,10.);
#403=VECTOR('',#1524,10.);
#404=VECTOR('',#1525,10.);
#405=VECTOR('',#1526,10.);
#406=VECTOR('',#1531,10.);
#407=VECTOR('',#1534,10.);
#408=VECTOR('',#1537,10.);
#409=VECTOR('',#1538,10.);
#410=VECTOR('',#1539,10.);
#411=VECTOR('',#1546,10.);
#412=VECTOR('',#1551,10.);
#413=VECTOR('',#1554,10.);
#414=VECTOR('',#1557,10.);
#415=VECTOR('',#1558,10.);
#416=VECTOR('',#1559,10.);
#417=VECTOR('',#1566,10.);
#418=VECTOR('',#1569,10.);
#419=VECTOR('',#1570,10.);
#420=VECTOR('',#1571,10.);
#421=VECTOR('',#1572,10.);
#422=VECTOR('',#1573,10.);
#423=VECTOR('',#1574,10.);
#424=VECTOR('',#1575,10.);
#425=VECTOR('',#1576,10.);
#426=VECTOR('',#1577,10.);
#427=VECTOR('',#1578,10.);
#428=VECTOR('',#1579,10.);
#429=VECTOR('',#1580,10.);
#430=VECTOR('',#1581,10.);
#431=VECTOR('',#1586,10.);
#432=VECTOR('',#1587,10.);
#433=VECTOR('',#1588,10.);
#434=VECTOR('',#1589,10.);
#435=VECTOR('',#1590,10.);
#436=VECTOR('',#1591,10.);
#437=VECTOR('',#1592,10.);
#438=VECTOR('',#1593,10.);
#439=VECTOR('',#1594,10.);
#440=VECTOR('',#1595,10.);
#441=VECTOR('',#1596,10.);
#442=VECTOR('',#1597,10.);
#443=VECTOR('',#1598,10.);
#444=VECTOR('',#1603,10.);
#445=VECTOR('',#1604,10.);
#446=VECTOR('',#1605,10.);
#447=VECTOR('',#1606,10.);
#448=VECTOR('',#1607,10.);
#449=VECTOR('',#1608,10.);
#450=VECTOR('',#1609,10.);
#451=VECTOR('',#1610,10.);
#452=VECTOR('',#1611,10.);
#453=VECTOR('',#1612,10.);
#454=VECTOR('',#1613,10.);
#455=VECTOR('',#1614,10.);
#456=VECTOR('',#1615,10.);
#457=VECTOR('',#1616,10.);
#458=VECTOR('',#1617,10.);
#459=VECTOR('',#1618,10.);
#460=VECTOR('',#1619,10.);
#461=VECTOR('',#1620,10.);
#462=VECTOR('',#1621,10.);
#463=VECTOR('',#1624,10.);
#464=VECTOR('',#1625,10.);
#465=VECTOR('',#1626,10.);
#466=VECTOR('',#1627,10.);
#467=VECTOR('',#1628,10.);
#468=VECTOR('',#1629,10.);
#469=VECTOR('',#1630,10.);
#470=VECTOR('',#1631,10.);
#471=VECTOR('',#1632,10.);
#472=VECTOR('',#1633,10.);
#473=VECTOR('',#1634,10.);
#474=VECTOR('',#1635,10.);
#475=VECTOR('',#1636,10.);
#476=VECTOR('',#1637,10.);
#477=VECTOR('',#1638,10.);
#478=VECTOR('',#1639,10.);
#479=VECTOR('',#1640,10.);
#480=VECTOR('',#1641,10.);
#481=VECTOR('',#1642,10.);
#482=VECTOR('',#1647,10.);
#483=VECTOR('',#1650,10.);
#484=VECTOR('',#1653,10.);
#485=VECTOR('',#1658,10.);
#486=VECTOR('',#1659,10.);
#487=VECTOR('',#1660,10.);
#488=VECTOR('',#1663,10.);
#489=VECTOR('',#1664,10.);
#490=VECTOR('',#1665,10.);
#491=VECTOR('',#1668,10.);
#492=VECTOR('',#1669,10.);
#493=VECTOR('',#1672,10.);
#494=VECTOR('',#1673,10.);
#495=VECTOR('',#1676,10.);
#496=VECTOR('',#1681,10.);
#497=VECTOR('',#1682,10.);
#498=VECTOR('',#1683,10.);
#499=VECTOR('',#1684,10.);
#500=VECTOR('',#1687,10.);
#501=VECTOR('',#1688,10.);
#502=VECTOR('',#1691,10.);
#503=VECTOR('',#1692,10.);
#504=VECTOR('',#1693,10.);
#505=VECTOR('',#1696,10.);
#506=VECTOR('',#1699,10.);
#507=VECTOR('',#1704,10.);
#508=VECTOR('',#1707,10.);
#509=VECTOR('',#1710,10.);
#510=VECTOR('',#1713,10.);
#511=VECTOR('',#1716,10.);
#512=VECTOR('',#1719,10.);
#513=VECTOR('',#1722,10.);
#514=VECTOR('',#1727,10.);
#515=VECTOR('',#1728,10.);
#516=VECTOR('',#1729,10.);
#517=VECTOR('',#1730,10.);
#518=VECTOR('',#1733,10.);
#519=VECTOR('',#1734,3.5);
#520=VECTOR('',#1735,10.);
#521=VECTOR('',#1742,10.);
#522=VECTOR('',#1745,10.);
#523=VECTOR('',#1748,10.);
#524=VECTOR('',#1751,10.);
#525=VECTOR('',#1758,10.);
#526=VECTOR('',#1759,10.);
#527=VECTOR('',#1760,10.);
#528=VECTOR('',#1761,10.);
#529=VECTOR('',#1764,10.);
#530=VECTOR('',#1765,10.);
#531=VECTOR('',#1768,10.);
#532=VECTOR('',#1769,10.);
#533=VECTOR('',#1772,10.);
#534=VECTOR('',#1775,10.);
#535=VECTOR('',#1778,10.);
#536=VECTOR('',#1781,10.);
#537=VECTOR('',#1788,10.);
#538=VECTOR('',#1795,1.65000000000001);
#539=VECTOR('',#1804,10.);
#540=VECTOR('',#1805,10.);
#541=VECTOR('',#1808,1.5);
#542=VECTOR('',#1811,10.);
#543=VECTOR('',#1812,10.);
#544=VECTOR('',#1813,10.);
#545=VECTOR('',#1820,10.);
#546=VECTOR('',#1821,10.);
#547=CIRCLE('',#1375,3.);
#548=CIRCLE('',#1376,3.);
#549=CIRCLE('',#1379,3.);
#550=CIRCLE('',#1380,3.);
#551=CIRCLE('',#1383,3.);
#552=CIRCLE('',#1384,3.);
#553=CIRCLE('',#1387,3.);
#554=CIRCLE('',#1388,3.);
#555=CIRCLE('',#1391,3.);
#556=CIRCLE('',#1392,3.);
#557=CIRCLE('',#1395,3.);
#558=CIRCLE('',#1396,3.);
#559=CIRCLE('',#1398,3.);
#560=CIRCLE('',#1399,3.);
#561=CIRCLE('',#1402,3.);
#562=CIRCLE('',#1403,3.);
#563=CIRCLE('',#1405,1.65000000000001);
#564=CIRCLE('',#1407,1.65000000000001);
#565=CIRCLE('',#1412,7.);
#566=CIRCLE('',#1414,1.65);
#567=CIRCLE('',#1454,3.);
#568=CIRCLE('',#1455,3.);
#569=CIRCLE('',#1459,7.);
#570=CIRCLE('',#1460,1.65);
#571=VERTEX_POINT('',#1840);
#572=VERTEX_POINT('',#1841);
#573=VERTEX_POINT('',#1843);
#574=VERTEX_POINT('',#1845);
#575=VERTEX_POINT('',#1849);
#576=VERTEX_POINT('',#1851);
#577=VERTEX_POINT('',#1855);
#578=VERTEX_POINT('',#1856);
#579=VERTEX_POINT('',#1858);
#580=VERTEX_POINT('',#1860);
#581=VERTEX_POINT('',#1867);
#582=VERTEX_POINT('',#1868);
#583=VERTEX_POINT('',#1870);
#584=VERTEX_POINT('',#1872);
#585=VERTEX_POINT('',#1876);
#586=VERTEX_POINT('',#1878);
#587=VERTEX_POINT('',#1882);
#588=VERTEX_POINT('',#1884);
#589=VERTEX_POINT('',#1888);
#590=VERTEX_POINT('',#1890);
#591=VERTEX_POINT('',#1894);
#592=VERTEX_POINT('',#1895);
#593=VERTEX_POINT('',#1897);
#594=VERTEX_POINT('',#1899);
#595=VERTEX_POINT('',#1903);
#596=VERTEX_POINT('',#1905);
#597=VERTEX_POINT('',#1909);
#598=VERTEX_POINT('',#1911);
#599=VERTEX_POINT('',#1915);
#600=VERTEX_POINT('',#1916);
#601=VERTEX_POINT('',#1918);
#602=VERTEX_POINT('',#1920);
#603=VERTEX_POINT('',#1924);
#604=VERTEX_POINT('',#1926);
#605=VERTEX_POINT('',#1930);
#606=VERTEX_POINT('',#1932);
#607=VERTEX_POINT('',#1936);
#608=VERTEX_POINT('',#1938);
#609=VERTEX_POINT('',#1940);
#610=VERTEX_POINT('',#1942);
#611=VERTEX_POINT('',#1944);
#612=VERTEX_POINT('',#1946);
#613=VERTEX_POINT('',#1948);
#614=VERTEX_POINT('',#1951);
#615=VERTEX_POINT('',#1953);
#616=VERTEX_POINT('',#1955);
#617=VERTEX_POINT('',#1957);
#618=VERTEX_POINT('',#1960);
#619=VERTEX_POINT('',#1963);
#620=VERTEX_POINT('',#1965);
#621=VERTEX_POINT('',#1967);
#622=VERTEX_POINT('',#1969);
#623=VERTEX_POINT('',#1972);
#624=VERTEX_POINT('',#1974);
#625=VERTEX_POINT('',#1976);
#626=VERTEX_POINT('',#1978);
#627=VERTEX_POINT('',#1980);
#628=VERTEX_POINT('',#1982);
#629=VERTEX_POINT('',#1984);
#630=VERTEX_POINT('',#1987);
#631=VERTEX_POINT('',#1990);
#632=VERTEX_POINT('',#1992);
#633=VERTEX_POINT('',#1994);
#634=VERTEX_POINT('',#1996);
#635=VERTEX_POINT('',#1998);
#636=VERTEX_POINT('',#2000);
#637=VERTEX_POINT('',#2002);
#638=VERTEX_POINT('',#2005);
#639=VERTEX_POINT('',#2007);
#640=VERTEX_POINT('',#2009);
#641=VERTEX_POINT('',#2011);
#642=VERTEX_POINT('',#2014);
#643=VERTEX_POINT('',#2015);
#644=VERTEX_POINT('',#2017);
#645=VERTEX_POINT('',#2019);
#646=VERTEX_POINT('',#2021);
#647=VERTEX_POINT('',#2023);
#648=VERTEX_POINT('',#2027);
#649=VERTEX_POINT('',#2029);
#650=VERTEX_POINT('',#2031);
#651=VERTEX_POINT('',#2033);
#652=VERTEX_POINT('',#2035);
#653=VERTEX_POINT('',#2037);
#654=VERTEX_POINT('',#2039);
#655=VERTEX_POINT('',#2042);
#656=VERTEX_POINT('',#2044);
#657=VERTEX_POINT('',#2046);
#658=VERTEX_POINT('',#2048);
#659=VERTEX_POINT('',#2051);
#660=VERTEX_POINT('',#2052);
#661=VERTEX_POINT('',#2054);
#662=VERTEX_POINT('',#2056);
#663=VERTEX_POINT('',#2058);
#664=VERTEX_POINT('',#2060);
#665=VERTEX_POINT('',#2064);
#666=VERTEX_POINT('',#2065);
#667=VERTEX_POINT('',#2067);
#668=VERTEX_POINT('',#2069);
#669=VERTEX_POINT('',#2071);
#670=VERTEX_POINT('',#2073);
#671=VERTEX_POINT('',#2076);
#672=VERTEX_POINT('',#2079);
#673=VERTEX_POINT('',#2080);
#674=VERTEX_POINT('',#2085);
#675=VERTEX_POINT('',#2090);
#676=VERTEX_POINT('',#2100);
#677=VERTEX_POINT('',#2101);
#678=VERTEX_POINT('',#2107);
#679=VERTEX_POINT('',#2111);
#680=VERTEX_POINT('',#2138);
#681=VERTEX_POINT('',#2140);
#682=VERTEX_POINT('',#2142);
#683=VERTEX_POINT('',#2144);
#684=VERTEX_POINT('',#2146);
#685=VERTEX_POINT('',#2163);
#686=VERTEX_POINT('',#2165);
#687=VERTEX_POINT('',#2167);
#688=VERTEX_POINT('',#2169);
#689=VERTEX_POINT('',#2171);
#690=VERTEX_POINT('',#2187);
#691=VERTEX_POINT('',#2189);
#692=VERTEX_POINT('',#2197);
#693=VERTEX_POINT('',#2200);
#694=VERTEX_POINT('',#2216);
#695=VERTEX_POINT('',#2218);
#696=VERTEX_POINT('',#2222);
#697=EDGE_CURVE('',#571,#572,#547,.T.);
#698=EDGE_CURVE('',#572,#573,#229,.T.);
#699=EDGE_CURVE('',#573,#574,#548,.T.);
#700=EDGE_CURVE('',#574,#571,#230,.T.);
#701=EDGE_CURVE('',#572,#575,#231,.T.);
#702=EDGE_CURVE('',#575,#576,#232,.T.);
#703=EDGE_CURVE('',#576,#573,#233,.F.);
#704=EDGE_CURVE('',#577,#578,#549,.T.);
#705=EDGE_CURVE('',#578,#579,#234,.T.);
#706=EDGE_CURVE('',#579,#580,#550,.T.);
#707=EDGE_CURVE('',#580,#577,#235,.T.);
#708=EDGE_CURVE('',#574,#579,#236,.T.);
#709=EDGE_CURVE('',#578,#571,#237,.T.);
#710=EDGE_CURVE('',#581,#582,#551,.T.);
#711=EDGE_CURVE('',#582,#583,#238,.T.);
#712=EDGE_CURVE('',#583,#584,#552,.T.);
#713=EDGE_CURVE('',#584,#581,#239,.T.);
#714=EDGE_CURVE('',#582,#585,#240,.T.);
#715=EDGE_CURVE('',#586,#585,#241,.T.);
#716=EDGE_CURVE('',#586,#583,#242,.T.);
#717=EDGE_CURVE('',#585,#587,#553,.T.);
#718=EDGE_CURVE('',#587,#588,#243,.T.);
#719=EDGE_CURVE('',#588,#586,#554,.T.);
#720=EDGE_CURVE('',#587,#589,#244,.F.);
#721=EDGE_CURVE('',#589,#590,#245,.T.);
#722=EDGE_CURVE('',#590,#588,#246,.T.);
#723=EDGE_CURVE('',#591,#592,#555,.T.);
#724=EDGE_CURVE('',#592,#593,#247,.T.);
#725=EDGE_CURVE('',#593,#594,#556,.T.);
#726=EDGE_CURVE('',#594,#591,#248,.T.);
#727=EDGE_CURVE('',#595,#592,#249,.T.);
#728=EDGE_CURVE('',#596,#595,#250,.T.);
#729=EDGE_CURVE('',#593,#596,#251,.T.);
#730=EDGE_CURVE('',#597,#596,#557,.T.);
#731=EDGE_CURVE('',#595,#598,#558,.T.);
#732=EDGE_CURVE('',#598,#597,#252,.T.);
#733=EDGE_CURVE('',#599,#600,#559,.T.);
#734=EDGE_CURVE('',#600,#601,#253,.T.);
#735=EDGE_CURVE('',#601,#602,#560,.T.);
#736=EDGE_CURVE('',#602,#599,#254,.T.);
#737=EDGE_CURVE('',#603,#600,#255,.T.);
#738=EDGE_CURVE('',#604,#603,#256,.T.);
#739=EDGE_CURVE('',#601,#604,#257,.T.);
#740=EDGE_CURVE('',#605,#604,#561,.T.);
#741=EDGE_CURVE('',#603,#606,#562,.T.);
#742=EDGE_CURVE('',#606,#605,#258,.T.);
#743=EDGE_CURVE('',#607,#576,#259,.T.);
#744=EDGE_CURVE('',#608,#607,#260,.F.);
#745=EDGE_CURVE('',#608,#609,#261,.T.);
#746=EDGE_CURVE('',#610,#609,#262,.T.);
#747=EDGE_CURVE('',#611,#610,#263,.T.);
#748=EDGE_CURVE('',#612,#611,#264,.F.);
#749=EDGE_CURVE('',#613,#612,#265,.T.);
#750=EDGE_CURVE('',#598,#613,#266,.F.);
#751=EDGE_CURVE('',#614,#591,#267,.F.);
#752=EDGE_CURVE('',#615,#614,#268,.T.);
#753=EDGE_CURVE('',#615,#616,#269,.F.);
#754=EDGE_CURVE('',#617,#616,#270,.T.);
#755=EDGE_CURVE('',#580,#617,#271,.F.);
#756=EDGE_CURVE('',#618,#618,#563,.F.);
#757=EDGE_CURVE('',#619,#577,#272,.T.);
#758=EDGE_CURVE('',#619,#620,#273,.T.);
#759=EDGE_CURVE('',#621,#620,#274,.T.);
#760=EDGE_CURVE('',#621,#622,#275,.T.);
#761=EDGE_CURVE('',#594,#622,#276,.T.);
#762=EDGE_CURVE('',#623,#597,#277,.T.);
#763=EDGE_CURVE('',#623,#624,#278,.T.);
#764=EDGE_CURVE('',#624,#625,#279,.T.);
#765=EDGE_CURVE('',#625,#626,#280,.T.);
#766=EDGE_CURVE('',#627,#626,#281,.T.);
#767=EDGE_CURVE('',#628,#627,#282,.T.);
#768=EDGE_CURVE('',#628,#629,#283,.T.);
#769=EDGE_CURVE('',#629,#575,#284,.T.);
#770=EDGE_CURVE('',#630,#630,#564,.T.);
#771=EDGE_CURVE('',#590,#631,#285,.T.);
#772=EDGE_CURVE('',#631,#632,#286,.T.);
#773=EDGE_CURVE('',#632,#633,#287,.T.);
#774=EDGE_CURVE('',#634,#633,#288,.T.);
#775=EDGE_CURVE('',#635,#634,#289,.T.);
#776=EDGE_CURVE('',#635,#636,#290,.T.);
#777=EDGE_CURVE('',#636,#637,#291,.T.);
#778=EDGE_CURVE('',#606,#637,#292,.T.);
#779=EDGE_CURVE('',#638,#599,#293,.T.);
#780=EDGE_CURVE('',#638,#639,#294,.T.);
#781=EDGE_CURVE('',#640,#639,#295,.T.);
#782=EDGE_CURVE('',#640,#641,#296,.T.);
#783=EDGE_CURVE('',#584,#641,#297,.T.);
#784=EDGE_CURVE('',#642,#643,#298,.T.);
#785=EDGE_CURVE('',#643,#644,#299,.T.);
#786=EDGE_CURVE('',#644,#645,#300,.T.);
#787=EDGE_CURVE('',#645,#646,#301,.T.);
#788=EDGE_CURVE('',#646,#647,#302,.T.);
#789=EDGE_CURVE('',#647,#642,#303,.T.);
#790=EDGE_CURVE('',#648,#605,#304,.F.);
#791=EDGE_CURVE('',#649,#648,#305,.T.);
#792=EDGE_CURVE('',#650,#649,#306,.F.);
#793=EDGE_CURVE('',#650,#651,#307,.T.);
#794=EDGE_CURVE('',#652,#651,#308,.T.);
#795=EDGE_CURVE('',#653,#652,#309,.T.);
#796=EDGE_CURVE('',#654,#653,#310,.F.);
#797=EDGE_CURVE('',#589,#654,#311,.T.);
#798=EDGE_CURVE('',#655,#581,#312,.F.);
#799=EDGE_CURVE('',#656,#655,#313,.T.);
#800=EDGE_CURVE('',#656,#657,#314,.F.);
#801=EDGE_CURVE('',#658,#657,#315,.T.);
#802=EDGE_CURVE('',#602,#658,#316,.F.);
#803=EDGE_CURVE('',#659,#660,#317,.T.);
#804=EDGE_CURVE('',#660,#661,#318,.T.);
#805=EDGE_CURVE('',#661,#662,#319,.F.);
#806=EDGE_CURVE('',#662,#663,#320,.T.);
#807=EDGE_CURVE('',#663,#664,#321,.T.);
#808=EDGE_CURVE('',#664,#659,#322,.F.);
#809=EDGE_CURVE('',#665,#666,#17,.T.);
#810=EDGE_CURVE('',#667,#665,#323,.T.);
#811=EDGE_CURVE('',#667,#668,#565,.T.);
#812=EDGE_CURVE('',#669,#668,#324,.T.);
#813=EDGE_CURVE('',#670,#669,#18,.T.);
#814=EDGE_CURVE('',#666,#670,#325,.T.);
#815=EDGE_CURVE('',#671,#671,#566,.T.);
#816=EDGE_CURVE('',#672,#673,#326,.T.);
#817=EDGE_CURVE('',#673,#627,#327,.T.);
#818=EDGE_CURVE('',#672,#626,#328,.T.);
#819=EDGE_CURVE('',#673,#674,#329,.T.);
#820=EDGE_CURVE('',#674,#609,#330,.T.);
#821=EDGE_CURVE('',#609,#627,#331,.T.);
#822=EDGE_CURVE('',#674,#675,#332,.T.);
#823=EDGE_CURVE('',#675,#610,#333,.T.);
#824=EDGE_CURVE('',#626,#610,#334,.T.);
#825=EDGE_CURVE('',#675,#672,#335,.T.);
#826=EDGE_CURVE('',#611,#625,#336,.T.);
#827=EDGE_CURVE('',#676,#677,#337,.T.);
#828=EDGE_CURVE('',#677,#651,#338,.T.);
#829=EDGE_CURVE('',#651,#634,#339,.T.);
#830=EDGE_CURVE('',#676,#634,#340,.T.);
#831=EDGE_CURVE('',#677,#678,#341,.T.);
#832=EDGE_CURVE('',#678,#652,#342,.T.);
#833=EDGE_CURVE('',#678,#679,#343,.T.);
#834=EDGE_CURVE('',#679,#633,#344,.T.);
#835=EDGE_CURVE('',#633,#652,#345,.T.);
#836=EDGE_CURVE('',#679,#676,#346,.T.);
#837=EDGE_CURVE('',#635,#650,#347,.T.);
#838=EDGE_CURVE('',#653,#632,#348,.T.);
#839=EDGE_CURVE('',#628,#608,#349,.T.);
#840=EDGE_CURVE('',#654,#631,#350,.F.);
#841=EDGE_CURVE('',#636,#649,#351,.T.);
#842=EDGE_CURVE('',#629,#607,#352,.F.);
#843=EDGE_CURVE('',#612,#624,#353,.T.);
#844=EDGE_CURVE('',#617,#619,#354,.T.);
#845=EDGE_CURVE('',#616,#656,#355,.T.);
#846=EDGE_CURVE('',#641,#655,#356,.T.);
#847=EDGE_CURVE('',#640,#680,#357,.T.);
#848=EDGE_CURVE('',#681,#680,#358,.T.);
#849=EDGE_CURVE('',#682,#681,#19,.T.);
#850=EDGE_CURVE('',#683,#682,#359,.T.);
#851=EDGE_CURVE('',#684,#683,#360,.T.);
#852=EDGE_CURVE('',#684,#620,#361,.F.);
#853=EDGE_CURVE('',#623,#613,#362,.F.);
#854=EDGE_CURVE('',#614,#622,#363,.F.);
#855=EDGE_CURVE('',#638,#658,#364,.F.);
#856=EDGE_CURVE('',#648,#637,#365,.F.);
#857=EDGE_CURVE('',#657,#615,#366,.T.);
#858=EDGE_CURVE('',#621,#685,#367,.F.);
#859=EDGE_CURVE('',#686,#685,#368,.T.);
#860=EDGE_CURVE('',#687,#686,#369,.T.);
#861=EDGE_CURVE('',#688,#687,#20,.T.);
#862=EDGE_CURVE('',#689,#688,#370,.T.);
#863=EDGE_CURVE('',#639,#689,#371,.F.);
#864=EDGE_CURVE('',#642,#660,#372,.T.);
#865=EDGE_CURVE('',#643,#659,#373,.F.);
#866=EDGE_CURVE('',#647,#661,#374,.T.);
#867=EDGE_CURVE('',#646,#662,#375,.F.);
#868=EDGE_CURVE('',#645,#663,#376,.T.);
#869=EDGE_CURVE('',#644,#664,#377,.T.);
#870=EDGE_CURVE('',#690,#689,#567,.T.);
#871=EDGE_CURVE('',#690,#691,#378,.F.);
#872=EDGE_CURVE('',#680,#691,#568,.T.);
#873=EDGE_CURVE('',#618,#630,#379,.T.);
#874=EDGE_CURVE('',#685,#684,#569,.F.);
#875=EDGE_CURVE('',#692,#692,#570,.F.);
#876=EDGE_CURVE('',#666,#693,#380,.T.);
#877=EDGE_CURVE('',#693,#688,#15,.T.);
#878=EDGE_CURVE('',#687,#665,#381,.T.);
#879=EDGE_CURVE('',#671,#692,#382,.T.);
#880=EDGE_CURVE('',#694,#690,#383,.T.);
#881=EDGE_CURVE('',#695,#694,#384,.T.);
#882=EDGE_CURVE('',#691,#695,#385,.T.);
#883=EDGE_CURVE('',#681,#696,#16,.T.);
#884=EDGE_CURVE('',#695,#696,#21,.T.);
#885=EDGE_CURVE('',#669,#682,#386,.T.);
#886=EDGE_CURVE('',#696,#670,#387,.T.);
#887=EDGE_CURVE('',#668,#683,#22,.T.);
#888=EDGE_CURVE('',#686,#667,#23,.T.);
#889=EDGE_CURVE('',#693,#694,#24,.T.);
#890=ORIENTED_EDGE('',*,*,#697,.T.);
#891=ORIENTED_EDGE('',*,*,#698,.T.);
#892=ORIENTED_EDGE('',*,*,#699,.T.);
#893=ORIENTED_EDGE('',*,*,#700,.T.);
#894=ORIENTED_EDGE('',*,*,#698,.F.);
#895=ORIENTED_EDGE('',*,*,#701,.T.);
#896=ORIENTED_EDGE('',*,*,#702,.T.);
#897=ORIENTED_EDGE('',*,*,#703,.T.);
#898=ORIENTED_EDGE('',*,*,#704,.T.);
#899=ORIENTED_EDGE('',*,*,#705,.T.);
#900=ORIENTED_EDGE('',*,*,#706,.T.);
#901=ORIENTED_EDGE('',*,*,#707,.T.);
#902=ORIENTED_EDGE('',*,*,#700,.F.);
#903=ORIENTED_EDGE('',*,*,#708,.T.);
#904=ORIENTED_EDGE('',*,*,#705,.F.);
#905=ORIENTED_EDGE('',*,*,#709,.T.);
#906=ORIENTED_EDGE('',*,*,#710,.T.);
#907=ORIENTED_EDGE('',*,*,#711,.T.);
#908=ORIENTED_EDGE('',*,*,#712,.T.);
#909=ORIENTED_EDGE('',*,*,#713,.T.);
#910=ORIENTED_EDGE('',*,*,#711,.F.);
#911=ORIENTED_EDGE('',*,*,#714,.T.);
#912=ORIENTED_EDGE('',*,*,#715,.F.);
#913=ORIENTED_EDGE('',*,*,#716,.T.);
#914=ORIENTED_EDGE('',*,*,#717,.T.);
#915=ORIENTED_EDGE('',*,*,#718,.T.);
#916=ORIENTED_EDGE('',*,*,#719,.T.);
#917=ORIENTED_EDGE('',*,*,#715,.T.);
#918=ORIENTED_EDGE('',*,*,#718,.F.);
#919=ORIENTED_EDGE('',*,*,#720,.T.);
#920=ORIENTED_EDGE('',*,*,#721,.T.);
#921=ORIENTED_EDGE('',*,*,#722,.T.);
#922=ORIENTED_EDGE('',*,*,#723,.T.);
#923=ORIENTED_EDGE('',*,*,#724,.T.);
#924=ORIENTED_EDGE('',*,*,#725,.T.);
#925=ORIENTED_EDGE('',*,*,#726,.T.);
#926=ORIENTED_EDGE('',*,*,#724,.F.);
#927=ORIENTED_EDGE('',*,*,#727,.F.);
#928=ORIENTED_EDGE('',*,*,#728,.F.);
#929=ORIENTED_EDGE('',*,*,#729,.F.);
#930=ORIENTED_EDGE('',*,*,#730,.T.);
#931=ORIENTED_EDGE('',*,*,#728,.T.);
#932=ORIENTED_EDGE('',*,*,#731,.T.);
#933=ORIENTED_EDGE('',*,*,#732,.T.);
#934=ORIENTED_EDGE('',*,*,#733,.T.);
#935=ORIENTED_EDGE('',*,*,#734,.T.);
#936=ORIENTED_EDGE('',*,*,#735,.T.);
#937=ORIENTED_EDGE('',*,*,#736,.T.);
#938=ORIENTED_EDGE('',*,*,#734,.F.);
#939=ORIENTED_EDGE('',*,*,#737,.F.);
#940=ORIENTED_EDGE('',*,*,#738,.F.);
#941=ORIENTED_EDGE('',*,*,#739,.F.);
#942=ORIENTED_EDGE('',*,*,#740,.T.);
#943=ORIENTED_EDGE('',*,*,#738,.T.);
#944=ORIENTED_EDGE('',*,*,#741,.T.);
#945=ORIENTED_EDGE('',*,*,#742,.T.);
#946=ORIENTED_EDGE('',*,*,#703,.F.);
#947=ORIENTED_EDGE('',*,*,#743,.F.);
#948=ORIENTED_EDGE('',*,*,#744,.F.);
#949=ORIENTED_EDGE('',*,*,#745,.T.);
#950=ORIENTED_EDGE('',*,*,#746,.F.);
#951=ORIENTED_EDGE('',*,*,#747,.F.);
#952=ORIENTED_EDGE('',*,*,#748,.F.);
#953=ORIENTED_EDGE('',*,*,#749,.F.);
#954=ORIENTED_EDGE('',*,*,#750,.F.);
#955=ORIENTED_EDGE('',*,*,#731,.F.);
#956=ORIENTED_EDGE('',*,*,#727,.T.);
#957=ORIENTED_EDGE('',*,*,#723,.F.);
#958=ORIENTED_EDGE('',*,*,#751,.F.);
#959=ORIENTED_EDGE('',*,*,#752,.F.);
#960=ORIENTED_EDGE('',*,*,#753,.T.);
#961=ORIENTED_EDGE('',*,*,#754,.F.);
#962=ORIENTED_EDGE('',*,*,#755,.F.);
#963=ORIENTED_EDGE('',*,*,#706,.F.);
#964=ORIENTED_EDGE('',*,*,#708,.F.);
#965=ORIENTED_EDGE('',*,*,#699,.F.);
#966=ORIENTED_EDGE('',*,*,#756,.F.);
#967=ORIENTED_EDGE('',*,*,#757,.F.);
#968=ORIENTED_EDGE('',*,*,#758,.T.);
#969=ORIENTED_EDGE('',*,*,#759,.F.);
#970=ORIENTED_EDGE('',*,*,#760,.T.);
#971=ORIENTED_EDGE('',*,*,#761,.F.);
#972=ORIENTED_EDGE('',*,*,#725,.F.);
#973=ORIENTED_EDGE('',*,*,#729,.T.);
#974=ORIENTED_EDGE('',*,*,#730,.F.);
#975=ORIENTED_EDGE('',*,*,#762,.F.);
#976=ORIENTED_EDGE('',*,*,#763,.T.);
#977=ORIENTED_EDGE('',*,*,#764,.T.);
#978=ORIENTED_EDGE('',*,*,#765,.T.);
#979=ORIENTED_EDGE('',*,*,#766,.F.);
#980=ORIENTED_EDGE('',*,*,#767,.F.);
#981=ORIENTED_EDGE('',*,*,#768,.T.);
#982=ORIENTED_EDGE('',*,*,#769,.T.);
#983=ORIENTED_EDGE('',*,*,#701,.F.);
#984=ORIENTED_EDGE('',*,*,#697,.F.);
#985=ORIENTED_EDGE('',*,*,#709,.F.);
#986=ORIENTED_EDGE('',*,*,#704,.F.);
#987=ORIENTED_EDGE('',*,*,#770,.T.);
#988=ORIENTED_EDGE('',*,*,#722,.F.);
#989=ORIENTED_EDGE('',*,*,#771,.T.);
#990=ORIENTED_EDGE('',*,*,#772,.T.);
#991=ORIENTED_EDGE('',*,*,#773,.T.);
#992=ORIENTED_EDGE('',*,*,#774,.F.);
#993=ORIENTED_EDGE('',*,*,#775,.F.);
#994=ORIENTED_EDGE('',*,*,#776,.T.);
#995=ORIENTED_EDGE('',*,*,#777,.T.);
#996=ORIENTED_EDGE('',*,*,#778,.F.);
#997=ORIENTED_EDGE('',*,*,#741,.F.);
#998=ORIENTED_EDGE('',*,*,#737,.T.);
#999=ORIENTED_EDGE('',*,*,#733,.F.);
#1000=ORIENTED_EDGE('',*,*,#779,.F.);
#1001=ORIENTED_EDGE('',*,*,#780,.T.);
#1002=ORIENTED_EDGE('',*,*,#781,.F.);
#1003=ORIENTED_EDGE('',*,*,#782,.T.);
#1004=ORIENTED_EDGE('',*,*,#783,.F.);
#1005=ORIENTED_EDGE('',*,*,#712,.F.);
#1006=ORIENTED_EDGE('',*,*,#716,.F.);
#1007=ORIENTED_EDGE('',*,*,#719,.F.);
#1008=ORIENTED_EDGE('',*,*,#784,.T.);
#1009=ORIENTED_EDGE('',*,*,#785,.T.);
#1010=ORIENTED_EDGE('',*,*,#786,.T.);
#1011=ORIENTED_EDGE('',*,*,#787,.T.);
#1012=ORIENTED_EDGE('',*,*,#788,.T.);
#1013=ORIENTED_EDGE('',*,*,#789,.T.);
#1014=ORIENTED_EDGE('',*,*,#790,.F.);
#1015=ORIENTED_EDGE('',*,*,#791,.F.);
#1016=ORIENTED_EDGE('',*,*,#792,.F.);
#1017=ORIENTED_EDGE('',*,*,#793,.T.);
#1018=ORIENTED_EDGE('',*,*,#794,.F.);
#1019=ORIENTED_EDGE('',*,*,#795,.F.);
#1020=ORIENTED_EDGE('',*,*,#796,.F.);
#1021=ORIENTED_EDGE('',*,*,#797,.F.);
#1022=ORIENTED_EDGE('',*,*,#720,.F.);
#1023=ORIENTED_EDGE('',*,*,#717,.F.);
#1024=ORIENTED_EDGE('',*,*,#714,.F.);
#1025=ORIENTED_EDGE('',*,*,#710,.F.);
#1026=ORIENTED_EDGE('',*,*,#798,.F.);
#1027=ORIENTED_EDGE('',*,*,#799,.F.);
#1028=ORIENTED_EDGE('',*,*,#800,.T.);
#1029=ORIENTED_EDGE('',*,*,#801,.F.);
#1030=ORIENTED_EDGE('',*,*,#802,.F.);
#1031=ORIENTED_EDGE('',*,*,#735,.F.);
#1032=ORIENTED_EDGE('',*,*,#739,.T.);
#1033=ORIENTED_EDGE('',*,*,#740,.F.);
#1034=ORIENTED_EDGE('',*,*,#803,.T.);
#1035=ORIENTED_EDGE('',*,*,#804,.T.);
#1036=ORIENTED_EDGE('',*,*,#805,.T.);
#1037=ORIENTED_EDGE('',*,*,#806,.T.);
#1038=ORIENTED_EDGE('',*,*,#807,.T.);
#1039=ORIENTED_EDGE('',*,*,#808,.T.);
#1040=ORIENTED_EDGE('',*,*,#809,.F.);
#1041=ORIENTED_EDGE('',*,*,#810,.F.);
#1042=ORIENTED_EDGE('',*,*,#811,.T.);
#1043=ORIENTED_EDGE('',*,*,#812,.F.);
#1044=ORIENTED_EDGE('',*,*,#813,.F.);
#1045=ORIENTED_EDGE('',*,*,#814,.F.);
#1046=ORIENTED_EDGE('',*,*,#815,.F.);
#1047=ORIENTED_EDGE('',*,*,#816,.T.);
#1048=ORIENTED_EDGE('',*,*,#817,.T.);
#1049=ORIENTED_EDGE('',*,*,#766,.T.);
#1050=ORIENTED_EDGE('',*,*,#818,.F.);
#1051=ORIENTED_EDGE('',*,*,#819,.T.);
#1052=ORIENTED_EDGE('',*,*,#820,.T.);
#1053=ORIENTED_EDGE('',*,*,#821,.T.);
#1054=ORIENTED_EDGE('',*,*,#817,.F.);
#1055=ORIENTED_EDGE('',*,*,#822,.T.);
#1056=ORIENTED_EDGE('',*,*,#823,.T.);
#1057=ORIENTED_EDGE('',*,*,#746,.T.);
#1058=ORIENTED_EDGE('',*,*,#820,.F.);
#1059=ORIENTED_EDGE('',*,*,#824,.T.);
#1060=ORIENTED_EDGE('',*,*,#823,.F.);
#1061=ORIENTED_EDGE('',*,*,#825,.T.);
#1062=ORIENTED_EDGE('',*,*,#818,.T.);
#1063=ORIENTED_EDGE('',*,*,#824,.F.);
#1064=ORIENTED_EDGE('',*,*,#765,.F.);
#1065=ORIENTED_EDGE('',*,*,#826,.F.);
#1066=ORIENTED_EDGE('',*,*,#747,.T.);
#1067=ORIENTED_EDGE('',*,*,#816,.F.);
#1068=ORIENTED_EDGE('',*,*,#825,.F.);
#1069=ORIENTED_EDGE('',*,*,#822,.F.);
#1070=ORIENTED_EDGE('',*,*,#819,.F.);
#1071=ORIENTED_EDGE('',*,*,#827,.T.);
#1072=ORIENTED_EDGE('',*,*,#828,.T.);
#1073=ORIENTED_EDGE('',*,*,#829,.T.);
#1074=ORIENTED_EDGE('',*,*,#830,.F.);
#1075=ORIENTED_EDGE('',*,*,#831,.T.);
#1076=ORIENTED_EDGE('',*,*,#832,.T.);
#1077=ORIENTED_EDGE('',*,*,#794,.T.);
#1078=ORIENTED_EDGE('',*,*,#828,.F.);
#1079=ORIENTED_EDGE('',*,*,#833,.T.);
#1080=ORIENTED_EDGE('',*,*,#834,.T.);
#1081=ORIENTED_EDGE('',*,*,#835,.T.);
#1082=ORIENTED_EDGE('',*,*,#832,.F.);
#1083=ORIENTED_EDGE('',*,*,#774,.T.);
#1084=ORIENTED_EDGE('',*,*,#834,.F.);
#1085=ORIENTED_EDGE('',*,*,#836,.T.);
#1086=ORIENTED_EDGE('',*,*,#830,.T.);
#1087=ORIENTED_EDGE('',*,*,#829,.F.);
#1088=ORIENTED_EDGE('',*,*,#793,.F.);
#1089=ORIENTED_EDGE('',*,*,#837,.F.);
#1090=ORIENTED_EDGE('',*,*,#775,.T.);
#1091=ORIENTED_EDGE('',*,*,#827,.F.);
#1092=ORIENTED_EDGE('',*,*,#836,.F.);
#1093=ORIENTED_EDGE('',*,*,#833,.F.);
#1094=ORIENTED_EDGE('',*,*,#831,.F.);
#1095=ORIENTED_EDGE('',*,*,#835,.F.);
#1096=ORIENTED_EDGE('',*,*,#773,.F.);
#1097=ORIENTED_EDGE('',*,*,#838,.F.);
#1098=ORIENTED_EDGE('',*,*,#795,.T.);
#1099=ORIENTED_EDGE('',*,*,#821,.F.);
#1100=ORIENTED_EDGE('',*,*,#745,.F.);
#1101=ORIENTED_EDGE('',*,*,#839,.F.);
#1102=ORIENTED_EDGE('',*,*,#767,.T.);
#1103=ORIENTED_EDGE('',*,*,#838,.T.);
#1104=ORIENTED_EDGE('',*,*,#772,.F.);
#1105=ORIENTED_EDGE('',*,*,#840,.F.);
#1106=ORIENTED_EDGE('',*,*,#796,.T.);
#1107=ORIENTED_EDGE('',*,*,#837,.T.);
#1108=ORIENTED_EDGE('',*,*,#792,.T.);
#1109=ORIENTED_EDGE('',*,*,#841,.F.);
#1110=ORIENTED_EDGE('',*,*,#776,.F.);
#1111=ORIENTED_EDGE('',*,*,#839,.T.);
#1112=ORIENTED_EDGE('',*,*,#744,.T.);
#1113=ORIENTED_EDGE('',*,*,#842,.F.);
#1114=ORIENTED_EDGE('',*,*,#768,.F.);
#1115=ORIENTED_EDGE('',*,*,#826,.T.);
#1116=ORIENTED_EDGE('',*,*,#764,.F.);
#1117=ORIENTED_EDGE('',*,*,#843,.F.);
#1118=ORIENTED_EDGE('',*,*,#748,.T.);
#1119=ORIENTED_EDGE('',*,*,#707,.F.);
#1120=ORIENTED_EDGE('',*,*,#755,.T.);
#1121=ORIENTED_EDGE('',*,*,#844,.T.);
#1122=ORIENTED_EDGE('',*,*,#757,.T.);
#1123=ORIENTED_EDGE('',*,*,#702,.F.);
#1124=ORIENTED_EDGE('',*,*,#769,.F.);
#1125=ORIENTED_EDGE('',*,*,#842,.T.);
#1126=ORIENTED_EDGE('',*,*,#743,.T.);
#1127=ORIENTED_EDGE('',*,*,#844,.F.);
#1128=ORIENTED_EDGE('',*,*,#754,.T.);
#1129=ORIENTED_EDGE('',*,*,#845,.T.);
#1130=ORIENTED_EDGE('',*,*,#799,.T.);
#1131=ORIENTED_EDGE('',*,*,#846,.F.);
#1132=ORIENTED_EDGE('',*,*,#782,.F.);
#1133=ORIENTED_EDGE('',*,*,#847,.T.);
#1134=ORIENTED_EDGE('',*,*,#848,.F.);
#1135=ORIENTED_EDGE('',*,*,#849,.F.);
#1136=ORIENTED_EDGE('',*,*,#850,.F.);
#1137=ORIENTED_EDGE('',*,*,#851,.F.);
#1138=ORIENTED_EDGE('',*,*,#852,.T.);
#1139=ORIENTED_EDGE('',*,*,#758,.F.);
#1140=ORIENTED_EDGE('',*,*,#713,.F.);
#1141=ORIENTED_EDGE('',*,*,#783,.T.);
#1142=ORIENTED_EDGE('',*,*,#846,.T.);
#1143=ORIENTED_EDGE('',*,*,#798,.T.);
#1144=ORIENTED_EDGE('',*,*,#721,.F.);
#1145=ORIENTED_EDGE('',*,*,#797,.T.);
#1146=ORIENTED_EDGE('',*,*,#840,.T.);
#1147=ORIENTED_EDGE('',*,*,#771,.F.);
#1148=ORIENTED_EDGE('',*,*,#732,.F.);
#1149=ORIENTED_EDGE('',*,*,#750,.T.);
#1150=ORIENTED_EDGE('',*,*,#853,.F.);
#1151=ORIENTED_EDGE('',*,*,#762,.T.);
#1152=ORIENTED_EDGE('',*,*,#726,.F.);
#1153=ORIENTED_EDGE('',*,*,#761,.T.);
#1154=ORIENTED_EDGE('',*,*,#854,.F.);
#1155=ORIENTED_EDGE('',*,*,#751,.T.);
#1156=ORIENTED_EDGE('',*,*,#736,.F.);
#1157=ORIENTED_EDGE('',*,*,#802,.T.);
#1158=ORIENTED_EDGE('',*,*,#855,.F.);
#1159=ORIENTED_EDGE('',*,*,#779,.T.);
#1160=ORIENTED_EDGE('',*,*,#742,.F.);
#1161=ORIENTED_EDGE('',*,*,#778,.T.);
#1162=ORIENTED_EDGE('',*,*,#856,.F.);
#1163=ORIENTED_EDGE('',*,*,#790,.T.);
#1164=ORIENTED_EDGE('',*,*,#853,.T.);
#1165=ORIENTED_EDGE('',*,*,#749,.T.);
#1166=ORIENTED_EDGE('',*,*,#843,.T.);
#1167=ORIENTED_EDGE('',*,*,#763,.F.);
#1168=ORIENTED_EDGE('',*,*,#856,.T.);
#1169=ORIENTED_EDGE('',*,*,#777,.F.);
#1170=ORIENTED_EDGE('',*,*,#841,.T.);
#1171=ORIENTED_EDGE('',*,*,#791,.T.);
#1172=ORIENTED_EDGE('',*,*,#855,.T.);
#1173=ORIENTED_EDGE('',*,*,#801,.T.);
#1174=ORIENTED_EDGE('',*,*,#857,.T.);
#1175=ORIENTED_EDGE('',*,*,#752,.T.);
#1176=ORIENTED_EDGE('',*,*,#854,.T.);
#1177=ORIENTED_EDGE('',*,*,#760,.F.);
#1178=ORIENTED_EDGE('',*,*,#858,.T.);
#1179=ORIENTED_EDGE('',*,*,#859,.F.);
#1180=ORIENTED_EDGE('',*,*,#860,.F.);
#1181=ORIENTED_EDGE('',*,*,#861,.F.);
#1182=ORIENTED_EDGE('',*,*,#862,.F.);
#1183=ORIENTED_EDGE('',*,*,#863,.F.);
#1184=ORIENTED_EDGE('',*,*,#780,.F.);
#1185=ORIENTED_EDGE('',*,*,#784,.F.);
#1186=ORIENTED_EDGE('',*,*,#864,.T.);
#1187=ORIENTED_EDGE('',*,*,#803,.F.);
#1188=ORIENTED_EDGE('',*,*,#865,.F.);
#1189=ORIENTED_EDGE('',*,*,#789,.F.);
#1190=ORIENTED_EDGE('',*,*,#866,.T.);
#1191=ORIENTED_EDGE('',*,*,#804,.F.);
#1192=ORIENTED_EDGE('',*,*,#864,.F.);
#1193=ORIENTED_EDGE('',*,*,#788,.F.);
#1194=ORIENTED_EDGE('',*,*,#867,.T.);
#1195=ORIENTED_EDGE('',*,*,#805,.F.);
#1196=ORIENTED_EDGE('',*,*,#866,.F.);
#1197=ORIENTED_EDGE('',*,*,#787,.F.);
#1198=ORIENTED_EDGE('',*,*,#868,.T.);
#1199=ORIENTED_EDGE('',*,*,#806,.F.);
#1200=ORIENTED_EDGE('',*,*,#867,.F.);
#1201=ORIENTED_EDGE('',*,*,#786,.F.);
#1202=ORIENTED_EDGE('',*,*,#869,.T.);
#1203=ORIENTED_EDGE('',*,*,#807,.F.);
#1204=ORIENTED_EDGE('',*,*,#868,.F.);
#1205=ORIENTED_EDGE('',*,*,#785,.F.);
#1206=ORIENTED_EDGE('',*,*,#865,.T.);
#1207=ORIENTED_EDGE('',*,*,#808,.F.);
#1208=ORIENTED_EDGE('',*,*,#869,.F.);
#1209=ORIENTED_EDGE('',*,*,#781,.T.);
#1210=ORIENTED_EDGE('',*,*,#863,.T.);
#1211=ORIENTED_EDGE('',*,*,#870,.F.);
#1212=ORIENTED_EDGE('',*,*,#871,.T.);
#1213=ORIENTED_EDGE('',*,*,#872,.F.);
#1214=ORIENTED_EDGE('',*,*,#847,.F.);
#1215=ORIENTED_EDGE('',*,*,#845,.F.);
#1216=ORIENTED_EDGE('',*,*,#753,.F.);
#1217=ORIENTED_EDGE('',*,*,#857,.F.);
#1218=ORIENTED_EDGE('',*,*,#800,.F.);
#1219=ORIENTED_EDGE('',*,*,#756,.T.);
#1220=ORIENTED_EDGE('',*,*,#873,.T.);
#1221=ORIENTED_EDGE('',*,*,#770,.F.);
#1222=ORIENTED_EDGE('',*,*,#873,.F.);
#1223=ORIENTED_EDGE('',*,*,#759,.T.);
#1224=ORIENTED_EDGE('',*,*,#852,.F.);
#1225=ORIENTED_EDGE('',*,*,#874,.F.);
#1226=ORIENTED_EDGE('',*,*,#858,.F.);
#1227=ORIENTED_EDGE('',*,*,#875,.F.);
#1228=ORIENTED_EDGE('',*,*,#809,.T.);
#1229=ORIENTED_EDGE('',*,*,#876,.T.);
#1230=ORIENTED_EDGE('',*,*,#877,.T.);
#1231=ORIENTED_EDGE('',*,*,#861,.T.);
#1232=ORIENTED_EDGE('',*,*,#878,.T.);
#1233=ORIENTED_EDGE('',*,*,#815,.T.);
#1234=ORIENTED_EDGE('',*,*,#879,.T.);
#1235=ORIENTED_EDGE('',*,*,#875,.T.);
#1236=ORIENTED_EDGE('',*,*,#879,.F.);
#1237=ORIENTED_EDGE('',*,*,#871,.F.);
#1238=ORIENTED_EDGE('',*,*,#880,.F.);
#1239=ORIENTED_EDGE('',*,*,#881,.F.);
#1240=ORIENTED_EDGE('',*,*,#882,.F.);
#1241=ORIENTED_EDGE('',*,*,#883,.F.);
#1242=ORIENTED_EDGE('',*,*,#848,.T.);
#1243=ORIENTED_EDGE('',*,*,#872,.T.);
#1244=ORIENTED_EDGE('',*,*,#882,.T.);
#1245=ORIENTED_EDGE('',*,*,#884,.T.);
#1246=ORIENTED_EDGE('',*,*,#813,.T.);
#1247=ORIENTED_EDGE('',*,*,#885,.T.);
#1248=ORIENTED_EDGE('',*,*,#849,.T.);
#1249=ORIENTED_EDGE('',*,*,#883,.T.);
#1250=ORIENTED_EDGE('',*,*,#886,.T.);
#1251=ORIENTED_EDGE('',*,*,#885,.F.);
#1252=ORIENTED_EDGE('',*,*,#812,.T.);
#1253=ORIENTED_EDGE('',*,*,#887,.T.);
#1254=ORIENTED_EDGE('',*,*,#850,.T.);
#1255=ORIENTED_EDGE('',*,*,#859,.T.);
#1256=ORIENTED_EDGE('',*,*,#874,.T.);
#1257=ORIENTED_EDGE('',*,*,#851,.T.);
#1258=ORIENTED_EDGE('',*,*,#887,.F.);
#1259=ORIENTED_EDGE('',*,*,#811,.F.);
#1260=ORIENTED_EDGE('',*,*,#888,.F.);
#1261=ORIENTED_EDGE('',*,*,#878,.F.);
#1262=ORIENTED_EDGE('',*,*,#860,.T.);
#1263=ORIENTED_EDGE('',*,*,#888,.T.);
#1264=ORIENTED_EDGE('',*,*,#810,.T.);
#1265=ORIENTED_EDGE('',*,*,#877,.F.);
#1266=ORIENTED_EDGE('',*,*,#889,.T.);
#1267=ORIENTED_EDGE('',*,*,#880,.T.);
#1268=ORIENTED_EDGE('',*,*,#870,.T.);
#1269=ORIENTED_EDGE('',*,*,#862,.T.);
#1270=ORIENTED_EDGE('',*,*,#886,.F.);
#1271=ORIENTED_EDGE('',*,*,#884,.F.);
#1272=ORIENTED_EDGE('',*,*,#881,.T.);
#1273=ORIENTED_EDGE('',*,*,#889,.F.);
#1274=ORIENTED_EDGE('',*,*,#876,.F.);
#1275=ORIENTED_EDGE('',*,*,#814,.T.);
#1276=CYLINDRICAL_SURFACE('',#1374,3.);
#1277=CYLINDRICAL_SURFACE('',#1378,3.);
#1278=CYLINDRICAL_SURFACE('',#1382,3.);
#1279=CYLINDRICAL_SURFACE('',#1386,3.);
#1280=CYLINDRICAL_SURFACE('',#1390,3.);
#1281=CYLINDRICAL_SURFACE('',#1394,3.);
#1282=CYLINDRICAL_SURFACE('',#1397,3.);
#1283=CYLINDRICAL_SURFACE('',#1401,3.);
#1284=CYLINDRICAL_SURFACE('',#1457,1.65000000000001);
#1285=CYLINDRICAL_SURFACE('',#1461,4.);
#1286=CYLINDRICAL_SURFACE('',#1462,1.65);
#1287=CYLINDRICAL_SURFACE('',#1464,3.);
#1288=CYLINDRICAL_SURFACE('',#1466,4.);
#1289=CYLINDRICAL_SURFACE('',#1469,7.);
#1290=CYLINDRICAL_SURFACE('',#1472,3.);
#1291=ADVANCED_FACE('',(#85),#1276,.F.);
#1292=ADVANCED_FACE('',(#86),#31,.F.);
#1293=ADVANCED_FACE('',(#87),#1277,.F.);
#1294=ADVANCED_FACE('',(#88),#32,.T.);
#1295=ADVANCED_FACE('',(#89),#1278,.F.);
#1296=ADVANCED_FACE('',(#90),#33,.T.);
#1297=ADVANCED_FACE('',(#91),#1279,.F.);
#1298=ADVANCED_FACE('',(#92),#34,.F.);
#1299=ADVANCED_FACE('',(#93),#1280,.F.);
#1300=ADVANCED_FACE('',(#94),#35,.F.);
#1301=ADVANCED_FACE('',(#95),#1281,.F.);
#1302=ADVANCED_FACE('',(#96),#1282,.F.);
#1303=ADVANCED_FACE('',(#97),#36,.F.);
#1304=ADVANCED_FACE('',(#98),#1283,.F.);
#1305=ADVANCED_FACE('',(#99,#25),#37,.F.);
#1306=ADVANCED_FACE('',(#100,#26),#38,.T.);
#1307=ADVANCED_FACE('',(#101,#27),#39,.F.);
#1308=ADVANCED_FACE('',(#102,#28),#40,.F.);
#1309=ADVANCED_FACE('',(#103,#29),#41,.T.);
#1310=ADVANCED_FACE('',(#104),#42,.T.);
#1311=ADVANCED_FACE('',(#105),#43,.T.);
#1312=ADVANCED_FACE('',(#106),#44,.T.);
#1313=ADVANCED_FACE('',(#107),#45,.T.);
#1314=ADVANCED_FACE('',(#108),#46,.T.);
#1315=ADVANCED_FACE('',(#109),#47,.T.);
#1316=ADVANCED_FACE('',(#110),#48,.T.);
#1317=ADVANCED_FACE('',(#111),#49,.T.);
#1318=ADVANCED_FACE('',(#112),#50,.T.);
#1319=ADVANCED_FACE('',(#113),#51,.T.);
#1320=ADVANCED_FACE('',(#114),#52,.T.);
#1321=ADVANCED_FACE('',(#115),#53,.T.);
#1322=ADVANCED_FACE('',(#116),#54,.T.);
#1323=ADVANCED_FACE('',(#117),#55,.T.);
#1324=ADVANCED_FACE('',(#118),#56,.F.);
#1325=ADVANCED_FACE('',(#119),#57,.F.);
#1326=ADVANCED_FACE('',(#120),#58,.F.);
#1327=ADVANCED_FACE('',(#121),#59,.F.);
#1328=ADVANCED_FACE('',(#122),#60,.F.);
#1329=ADVANCED_FACE('',(#123),#61,.T.);
#1330=ADVANCED_FACE('',(#124),#62,.T.);
#1331=ADVANCED_FACE('',(#125),#63,.F.);
#1332=ADVANCED_FACE('',(#126),#64,.T.);
#1333=ADVANCED_FACE('',(#127),#65,.T.);
#1334=ADVANCED_FACE('',(#128),#66,.T.);
#1335=ADVANCED_FACE('',(#129),#67,.T.);
#1336=ADVANCED_FACE('',(#130),#68,.T.);
#1337=ADVANCED_FACE('',(#131),#69,.T.);
#1338=ADVANCED_FACE('',(#132),#70,.T.);
#1339=ADVANCED_FACE('',(#133),#71,.T.);
#1340=ADVANCED_FACE('',(#134),#72,.F.);
#1341=ADVANCED_FACE('',(#135),#73,.F.);
#1342=ADVANCED_FACE('',(#136),#74,.F.);
#1343=ADVANCED_FACE('',(#137),#75,.F.);
#1344=ADVANCED_FACE('',(#138),#76,.F.);
#1345=ADVANCED_FACE('',(#139),#77,.F.);
#1346=ADVANCED_FACE('',(#140),#78,.F.);
#1347=ADVANCED_FACE('',(#141),#79,.F.);
#1348=ADVANCED_FACE('',(#142),#1284,.F.);
#1349=ADVANCED_FACE('',(#143,#30),#80,.F.);
#1350=ADVANCED_FACE('',(#144),#1285,.T.);
#1351=ADVANCED_FACE('',(#145),#1286,.F.);
#1352=ADVANCED_FACE('',(#146),#81,.T.);
#1353=ADVANCED_FACE('',(#147),#1287,.T.);
#1354=ADVANCED_FACE('',(#148),#1288,.T.);
#1355=ADVANCED_FACE('',(#149),#82,.T.);
#1356=ADVANCED_FACE('',(#150),#1289,.T.);
#1357=ADVANCED_FACE('',(#151),#83,.T.);
#1358=ADVANCED_FACE('',(#152),#1290,.T.);
#1359=ADVANCED_FACE('',(#153),#84,.T.);
#1360=CLOSED_SHELL('',(#1291,#1292,#1293,#1294,#1295,#1296,#1297,#1298,
#1299,#1300,#1301,#1302,#1303,#1304,#1305,#1306,#1307,#1308,#1309,#1310,
#1311,#1312,#1313,#1314,#1315,#1316,#1317,#1318,#1319,#1320,#1321,#1322,
#1323,#1324,#1325,#1326,#1327,#1328,#1329,#1330,#1331,#1332,#1333,#1334,
#1335,#1336,#1337,#1338,#1339,#1340,#1341,#1342,#1343,#1344,#1345,#1346,
#1347,#1348,#1349,#1350,#1351,#1352,#1353,#1354,#1355,#1356,#1357,#1358,
#1359));
#1361=DERIVED_UNIT_ELEMENT(#1363,1.);
#1362=DERIVED_UNIT_ELEMENT(#2252,-3.);
#1363=(
MASS_UNIT()
NAMED_UNIT(*)
SI_UNIT(.KILO.,.GRAM.)
);
#1364=DERIVED_UNIT((#1361,#1362));
#1365=MEASURE_REPRESENTATION_ITEM('density measure',
POSITIVE_RATIO_MEASURE(7850.),#1364);
#1366=PROPERTY_DEFINITION_REPRESENTATION(#1371,#1368);
#1367=PROPERTY_DEFINITION_REPRESENTATION(#1372,#1369);
#1368=REPRESENTATION('material name',(#1370),#2249);
#1369=REPRESENTATION('density',(#1365),#2249);
#1370=DESCRIPTIVE_REPRESENTATION_ITEM('Steel','Steel');
#1371=PROPERTY_DEFINITION('material property','material name',#2259);
#1372=PROPERTY_DEFINITION('material property','density of part',#2259);
#1373=AXIS2_PLACEMENT_3D('',#1838,#1475,#1476);
#1374=AXIS2_PLACEMENT_3D('',#1839,#1477,#1478);
#1375=AXIS2_PLACEMENT_3D('',#1842,#1479,#1480);
#1376=AXIS2_PLACEMENT_3D('',#1846,#1482,#1483);
#1377=AXIS2_PLACEMENT_3D('',#1848,#1485,#1486);
#1378=AXIS2_PLACEMENT_3D('',#1854,#1490,#1491);
#1379=AXIS2_PLACEMENT_3D('',#1857,#1492,#1493);
#1380=AXIS2_PLACEMENT_3D('',#1861,#1495,#1496);
#1381=AXIS2_PLACEMENT_3D('',#1863,#1498,#1499);
#1382=AXIS2_PLACEMENT_3D('',#1866,#1502,#1503);
#1383=AXIS2_PLACEMENT_3D('',#1869,#1504,#1505);
#1384=AXIS2_PLACEMENT_3D('',#1873,#1507,#1508);
#1385=AXIS2_PLACEMENT_3D('',#1875,#1510,#1511);
#1386=AXIS2_PLACEMENT_3D('',#1881,#1515,#1516);
#1387=AXIS2_PLACEMENT_3D('',#1883,#1517,#1518);
#1388=AXIS2_PLACEMENT_3D('',#1886,#1520,#1521);
#1389=AXIS2_PLACEMENT_3D('',#1887,#1522,#1523);
#1390=AXIS2_PLACEMENT_3D('',#1893,#1527,#1528);
#1391=AXIS2_PLACEMENT_3D('',#1896,#1529,#1530);
#1392=AXIS2_PLACEMENT_3D('',#1900,#1532,#1533);
#1393=AXIS2_PLACEMENT_3D('',#1902,#1535,#1536);
#1394=AXIS2_PLACEMENT_3D('',#1908,#1540,#1541);
#1395=AXIS2_PLACEMENT_3D('',#1910,#1542,#1543);
#1396=AXIS2_PLACEMENT_3D('',#1912,#1544,#1545);
#1397=AXIS2_PLACEMENT_3D('',#1914,#1547,#1548);
#1398=AXIS2_PLACEMENT_3D('',#1917,#1549,#1550);
#1399=AXIS2_PLACEMENT_3D('',#1921,#1552,#1553);
#1400=AXIS2_PLACEMENT_3D('',#1923,#1555,#1556);
#1401=AXIS2_PLACEMENT_3D('',#1929,#1560,#1561);
#1402=AXIS2_PLACEMENT_3D('',#1931,#1562,#1563);
#1403=AXIS2_PLACEMENT_3D('',#1933,#1564,#1565);
#1404=AXIS2_PLACEMENT_3D('',#1935,#1567,#1568);
#1405=AXIS2_PLACEMENT_3D('',#1961,#1582,#1583);
#1406=AXIS2_PLACEMENT_3D('',#1962,#1584,#1585);
#1407=AXIS2_PLACEMENT_3D('',#1988,#1599,#1600);
#1408=AXIS2_PLACEMENT_3D('',#1989,#1601,#1602);
#1409=AXIS2_PLACEMENT_3D('',#2026,#1622,#1623);
#1410=AXIS2_PLACEMENT_3D('',#2063,#1643,#1644);
#1411=AXIS2_PLACEMENT_3D('',#2066,#1645,#1646);
#1412=AXIS2_PLACEMENT_3D('',#2070,#1648,#1649);
#1413=AXIS2_PLACEMENT_3D('',#2074,#1651,#1652);
#1414=AXIS2_PLACEMENT_3D('',#2077,#1654,#1655);
#1415=AXIS2_PLACEMENT_3D('',#2078,#1656,#1657);
#1416=AXIS2_PLACEMENT_3D('',#2084,#1661,#1662);
#1417=AXIS2_PLACEMENT_3D('',#2089,#1666,#1667);
#1418=AXIS2_PLACEMENT_3D('',#2093,#1670,#1671);
#1419=AXIS2_PLACEMENT_3D('',#2096,#1674,#1675);
#1420=AXIS2_PLACEMENT_3D('',#2098,#1677,#1678);
#1421=AXIS2_PLACEMENT_3D('',#2099,#1679,#1680);
#1422=AXIS2_PLACEMENT_3D('',#2106,#1685,#1686);
#1423=AXIS2_PLACEMENT_3D('',#2110,#1689,#1690);
#1424=AXIS2_PLACEMENT_3D('',#2115,#1694,#1695);
#1425=AXIS2_PLACEMENT_3D('',#2117,#1697,#1698);
#1426=AXIS2_PLACEMENT_3D('',#2119,#1700,#1701);
#1427=AXIS2_PLACEMENT_3D('',#2120,#1702,#1703);
#1428=AXIS2_PLACEMENT_3D('',#2122,#1705,#1706);
#1429=AXIS2_PLACEMENT_3D('',#2124,#1708,#1709);
#1430=AXIS2_PLACEMENT_3D('',#2126,#1711,#1712);
#1431=AXIS2_PLACEMENT_3D('',#2128,#1714,#1715);
#1432=AXIS2_PLACEMENT_3D('',#2130,#1717,#1718);
#1433=AXIS2_PLACEMENT_3D('',#2132,#1720,#1721);
#1434=AXIS2_PLACEMENT_3D('',#2134,#1723,#1724);
#1435=AXIS2_PLACEMENT_3D('',#2135,#1725,#1726);
#1436=AXIS2_PLACEMENT_3D('',#2143,#1731,#1732);
#1437=AXIS2_PLACEMENT_3D('',#2149,#1736,#1737);
#1438=AXIS2_PLACEMENT_3D('',#2150,#1738,#1739);
#1439=AXIS2_PLACEMENT_3D('',#2151,#1740,#1741);
#1440=AXIS2_PLACEMENT_3D('',#2153,#1743,#1744);
#1441=AXIS2_PLACEMENT_3D('',#2155,#1746,#1747);
#1442=AXIS2_PLACEMENT_3D('',#2157,#1749,#1750);
#1443=AXIS2_PLACEMENT_3D('',#2159,#1752,#1753);
#1444=AXIS2_PLACEMENT_3D('',#2160,#1754,#1755);
#1445=AXIS2_PLACEMENT_3D('',#2161,#1756,#1757);
#1446=AXIS2_PLACEMENT_3D('',#2170,#1762,#1763);
#1447=AXIS2_PLACEMENT_3D('',#2174,#1766,#1767);
#1448=AXIS2_PLACEMENT_3D('',#2177,#1770,#1771);
#1449=AXIS2_PLACEMENT_3D('',#2179,#1773,#1774);
#1450=AXIS2_PLACEMENT_3D('',#2181,#1776,#1777);
#1451=AXIS2_PLACEMENT_3D('',#2183,#1779,#1780);
#1452=AXIS2_PLACEMENT_3D('',#2185,#1782,#1783);
#1453=AXIS2_PLACEMENT_3D('',#2186,#1784,#1785);
#1454=AXIS2_PLACEMENT_3D('',#2188,#1786,#1787);
#1455=AXIS2_PLACEMENT_3D('',#2191,#1789,#1790);
#1456=AXIS2_PLACEMENT_3D('',#2192,#1791,#1792);
#1457=AXIS2_PLACEMENT_3D('',#2193,#1793,#1794);
#1458=AXIS2_PLACEMENT_3D('',#2195,#1796,#1797);
#1459=AXIS2_PLACEMENT_3D('',#2196,#1798,#1799);
#1460=AXIS2_PLACEMENT_3D('',#2198,#1800,#1801);
#1461=AXIS2_PLACEMENT_3D('',#2199,#1802,#1803);
#1462=AXIS2_PLACEMENT_3D('',#2213,#1806,#1807);
#1463=AXIS2_PLACEMENT_3D('',#2215,#1809,#1810);
#1464=AXIS2_PLACEMENT_3D('',#2221,#1814,#1815);
#1465=AXIS2_PLACEMENT_3D('',#2235,#1816,#1817);
#1466=AXIS2_PLACEMENT_3D('',#2236,#1818,#1819);
#1467=AXIS2_PLACEMENT_3D('',#2239,#1822,#1823);
#1468=AXIS2_PLACEMENT_3D('',#2240,#1824,#1825);
#1469=AXIS2_PLACEMENT_3D('',#2241,#1826,#1827);
#1470=AXIS2_PLACEMENT_3D('',#2242,#1828,#1829);
#1471=AXIS2_PLACEMENT_3D('',#2243,#1830,#1831);
#1472=AXIS2_PLACEMENT_3D('',#2244,#1832,#1833);
#1473=AXIS2_PLACEMENT_3D('',#2245,#1834,#1835);
#1474=AXIS2_PLACEMENT_3D('',#2246,#1836,#1837);
#1475=DIRECTION('axis',(0.,0.,1.));
#1476=DIRECTION('refdir',(1.,0.,0.));
#1477=DIRECTION('center_axis',(-3.66373598126302E-15,-2.87270207621772E-15,
1.));
#1478=DIRECTION('ref_axis',(-0.38268343236509,-0.923879532511287,-6.40904929300959E-15));
#1479=DIRECTION('center_axis',(-1.93054326343218E-16,1.48908663177849E-14,
-1.));
#1480=DIRECTION('ref_axis',(-0.38268343236509,-0.923879532511287,-6.40904929300959E-15));
#1481=DIRECTION('',(-3.66373598126302E-15,-2.87270207621772E-15,1.));
#1482=DIRECTION('center_axis',(6.29270849323309E-17,-1.48908663177849E-14,
1.));
#1483=DIRECTION('ref_axis',(-0.38268343236509,-0.923879532511287,-6.40904929300959E-15));
#1484=DIRECTION('',(3.66373598126302E-15,2.87270207621772E-15,-1.));
#1485=DIRECTION('center_axis',(-0.707106781186548,-0.707106781186547,-4.62195967525045E-15));
#1486=DIRECTION('ref_axis',(6.53643805748073E-15,3.15544361007042E-30,-1.));
#1487=DIRECTION('',(-0.707106781186547,0.707106781186548,1.06659425743427E-14));
#1488=DIRECTION('',(-6.53643805748073E-15,3.15544363169768E-30,1.));
#1489=DIRECTION('',(-0.707106781186547,0.707106781186548,1.0573928719524E-14));
#1490=DIRECTION('center_axis',(-3.66373598126302E-15,-2.87270207621772E-15,
1.));
#1491=DIRECTION('ref_axis',(0.38268343236509,-0.923879532511287,2.61336577845947E-30));
#1492=DIRECTION('center_axis',(-1.93054326343218E-16,1.48908663177849E-14,
-1.));
#1493=DIRECTION('ref_axis',(0.38268343236509,-0.923879532511287,2.61336577845947E-30));
#1494=DIRECTION('',(-3.66373598126302E-15,-2.87270207621772E-15,1.));
#1495=DIRECTION('center_axis',(6.29270849323309E-17,-1.48908663177849E-14,
1.));
#1496=DIRECTION('ref_axis',(0.38268343236509,-0.923879532511287,2.61336577845947E-30));
#1497=DIRECTION('',(3.66373598126302E-15,2.87270207621772E-15,-1.));
#1498=DIRECTION('center_axis',(-8.3266731803571E-17,1.,2.87270207621772E-15));
#1499=DIRECTION('ref_axis',(-3.6637359713433E-15,-2.87270207621772E-15,
1.));
#1500=DIRECTION('',(1.,8.32667318035712E-17,-6.29270849323296E-17));
#1501=DIRECTION('',(-1.,-8.32667318035716E-17,1.93054326343217E-16));
#1502=DIRECTION('center_axis',(-3.66373598126302E-15,-2.87270207621772E-15,
1.));
#1503=DIRECTION('ref_axis',(0.38268343236509,-0.923879532511287,2.61336577845947E-30));
#1504=DIRECTION('center_axis',(-6.29270849323309E-17,1.48908663177849E-14,
-1.));
#1505=DIRECTION('ref_axis',(0.38268343236509,-0.923879532511287,2.61336577845947E-30));
#1506=DIRECTION('',(-3.66373598126302E-15,-2.87270207621772E-15,1.));
#1507=DIRECTION('center_axis',(6.94197596595311E-29,4.96101224965188E-17,
1.));
#1508=DIRECTION('ref_axis',(0.38268343236509,-0.923879532511287,2.61336577845947E-30));
#1509=DIRECTION('',(3.66373598126302E-15,2.87270207621772E-15,-1.));
#1510=DIRECTION('center_axis',(-8.3266731803571E-17,1.,2.87270207621772E-15));
#1511=DIRECTION('ref_axis',(-3.6637359713433E-15,-2.87270207621772E-15,
1.));
#1512=DIRECTION('',(-1.,-8.32667318035712E-17,6.29270849323296E-17));
#1513=DIRECTION('',(3.66373598126302E-15,2.87270207621772E-15,-1.));
#1514=DIRECTION('',(1.,8.3266731803571E-17,-6.94238905322958E-29));
#1515=DIRECTION('center_axis',(-3.66373598126302E-15,-2.87270207621772E-15,
1.));
#1516=DIRECTION('ref_axis',(-0.38268343236509,-0.923879532511287,-6.40904929300959E-15));
#1517=DIRECTION('center_axis',(-6.29270849323309E-17,1.48908663177849E-14,
-1.));
#1518=DIRECTION('ref_axis',(-0.38268343236509,-0.923879532511287,-6.40904929300959E-15));
#1519=DIRECTION('',(-3.66373598126302E-15,-2.87270207621772E-15,1.));
#1520=DIRECTION('center_axis',(6.94197596595311E-29,4.96101224965188E-17,
1.));
#1521=DIRECTION('ref_axis',(-0.38268343236509,-0.923879532511287,-6.40904929300959E-15));
#1522=DIRECTION('center_axis',(-0.707106781186548,-0.707106781186547,-4.62195967525045E-15));
#1523=DIRECTION('ref_axis',(6.53643805748073E-15,3.15544361007042E-30,-1.));
#1524=DIRECTION('',(0.707106781186547,-0.707106781186548,-1.0573928719524E-14));
#1525=DIRECTION('',(-6.53643805748073E-15,3.15544363169768E-30,1.));
#1526=DIRECTION('',(0.707106781186547,-0.707106781186548,3.50796540327347E-17));
#1527=DIRECTION('center_axis',(3.66373598126302E-15,-2.87270207621772E-15,
-1.));
#1528=DIRECTION('ref_axis',(0.382683432365089,0.923879532511287,-3.21713377619669E-30));
#1529=DIRECTION('center_axis',(6.29270849323309E-17,-1.48908663177849E-14,
1.));
#1530=DIRECTION('ref_axis',(0.382683432365089,0.923879532511287,-3.21713377619669E-30));
#1531=DIRECTION('',(3.66373598126302E-15,-2.87270207621772E-15,-1.));
#1532=DIRECTION('center_axis',(-1.93054326343218E-16,1.48908663177849E-14,
-1.));
#1533=DIRECTION('ref_axis',(0.382683432365089,0.923879532511287,-3.21713377619669E-30));
#1534=DIRECTION('',(-3.66373598126302E-15,2.87270207621772E-15,1.));
#1535=DIRECTION('center_axis',(8.32667351122934E-17,1.,-2.87270207621772E-15));
#1536=DIRECTION('ref_axis',(-3.6637359713433E-15,2.87270207621772E-15,1.));
#1537=DIRECTION('',(1.,-8.32667351122936E-17,-6.29270849323321E-17));
#1538=DIRECTION('',(-3.66373598126302E-15,2.87270207621772E-15,1.));
#1539=DIRECTION('',(-1.,8.3266735112294E-17,1.93054326343219E-16));
#1540=DIRECTION('center_axis',(-3.66373598126302E-15,2.87270207621772E-15,
1.));
#1541=DIRECTION('ref_axis',(-0.38268343236509,0.923879532511287,-2.61336577845947E-30));
#1542=DIRECTION('center_axis',(-1.93054326343218E-16,1.48908663177849E-14,
-1.));
#1543=DIRECTION('ref_axis',(-0.38268343236509,0.923879532511287,-2.61336577845947E-30));
#1544=DIRECTION('center_axis',(6.29270849323309E-17,-1.48908663177849E-14,
1.));
#1545=DIRECTION('ref_axis',(-0.38268343236509,0.923879532511287,-2.61336577845947E-30));
#1546=DIRECTION('',(3.66373598126302E-15,-2.87270207621772E-15,-1.));
#1547=DIRECTION('center_axis',(3.66373598126302E-15,-2.87270207621772E-15,
-1.));
#1548=DIRECTION('ref_axis',(0.382683432365089,0.923879532511287,-3.21713377619668E-30));
#1549=DIRECTION('center_axis',(6.94197596595311E-29,4.96101224965188E-17,
1.));
#1550=DIRECTION('ref_axis',(0.382683432365089,0.923879532511287,-3.21713377619668E-30));
#1551=DIRECTION('',(3.66373598126302E-15,-2.87270207621772E-15,-1.));
#1552=DIRECTION('center_axis',(-6.29270849323309E-17,1.48908663177849E-14,
-1.));
#1553=DIRECTION('ref_axis',(0.382683432365089,0.923879532511287,-3.21713377619668E-30));
#1554=DIRECTION('',(-3.66373598126302E-15,2.87270207621772E-15,1.));
#1555=DIRECTION('center_axis',(8.32667351122934E-17,1.,-2.87270207621772E-15));
#1556=DIRECTION('ref_axis',(-3.6637359713433E-15,2.87270207621772E-15,1.));
#1557=DIRECTION('',(1.,-8.32667351122934E-17,-6.94156287866023E-29));
#1558=DIRECTION('',(-3.66373598126302E-15,2.87270207621772E-15,1.));
#1559=DIRECTION('',(-1.,8.32667351122936E-17,6.29270849323321E-17));
#1560=DIRECTION('center_axis',(-3.66373598126302E-15,2.87270207621772E-15,
1.));
#1561=DIRECTION('ref_axis',(-0.382683432365091,0.923879532511286,-2.61336577845946E-30));
#1562=DIRECTION('center_axis',(-6.29270849323309E-17,1.48908663177849E-14,
-1.));
#1563=DIRECTION('ref_axis',(-0.382683432365091,0.923879532511286,-2.61336577845946E-30));
#1564=DIRECTION('center_axis',(6.94197596595311E-29,4.96101224965188E-17,
1.));
#1565=DIRECTION('ref_axis',(-0.382683432365091,0.923879532511286,-2.61336577845946E-30));
#1566=DIRECTION('',(3.66373598126302E-15,-2.87270207621772E-15,-1.));
#1567=DIRECTION('center_axis',(-6.29270849323309E-17,1.48908663177849E-14,
-1.));
#1568=DIRECTION('ref_axis',(1.71894667257514E-24,1.,1.48908663177849E-14));
#1569=DIRECTION('',(1.,-1.6543612197136E-24,-6.29270849323309E-17));
#1570=DIRECTION('',(-1.654361214321E-24,-1.,-1.48908663177849E-14));
#1571=DIRECTION('',(-1.,8.32667351122829E-17,-3.6637359713433E-15));
#1572=DIRECTION('',(8.32667351122283E-17,1.,1.48908663177849E-14));
#1573=DIRECTION('',(-1.,8.32667351122829E-17,-3.6637359713433E-15));
#1574=DIRECTION('',(-1.654361214321E-24,-1.,-1.48908663177849E-14));
#1575=DIRECTION('',(-1.,1.6543612197136E-24,6.29270849323309E-17));
#1576=DIRECTION('',(0.707106781186547,0.707106781186548,1.04849363825721E-14));
#1577=DIRECTION('',(0.707106781186547,-0.707106781186548,-1.0573928719524E-14));
#1578=DIRECTION('',(-1.,1.6543612197136E-24,6.29270849323309E-17));
#1579=DIRECTION('',(-8.32667351122283E-17,-1.,-1.48908663177849E-14));
#1580=DIRECTION('',(1.,-1.6543612197136E-24,-6.29270849323309E-17));
#1581=DIRECTION('',(-0.707106781186547,-0.707106781186548,-1.04849363825721E-14));
#1582=DIRECTION('center_axis',(-6.29270849323309E-17,1.48908663177849E-14,
-1.));
#1583=DIRECTION('ref_axis',(-1.,8.32667351186928E-17,-1.01979474056492E-17));
#1584=DIRECTION('center_axis',(-1.93054326343218E-16,1.48908663177849E-14,
-1.));
#1585=DIRECTION('ref_axis',(-1.,8.32667351122255E-17,1.9305432634322E-16));
#1586=DIRECTION('',(-0.707106781186547,-0.707106781186548,-1.03929225277533E-14));
#1587=DIRECTION('',(1.,-8.32667351186929E-17,-1.33562220163385E-15));
#1588=DIRECTION('',(1.65437858915517E-24,1.,1.48908663177849E-14));
#1589=DIRECTION('',(-1.,8.32667351186929E-17,1.33562220163385E-15));
#1590=DIRECTION('',(0.707106781186547,-0.707106781186548,-1.06659425743427E-14));
#1591=DIRECTION('',(0.707106781186547,0.707106781186548,1.03929225277533E-14));
#1592=DIRECTION('',(-1.,8.32667351186929E-17,1.33562220163385E-15));
#1593=DIRECTION('',(1.654361214321E-24,1.,1.48908663177849E-14));
#1594=DIRECTION('',(-1.,8.32667351122829E-17,-3.6637359713433E-15));
#1595=DIRECTION('',(-8.32667351122283E-17,-1.,-1.48908663177849E-14));
#1596=DIRECTION('',(-1.,8.32667351122829E-17,-3.6637359713433E-15));
#1597=DIRECTION('',(1.654361214321E-24,1.,1.48908663177849E-14));
#1598=DIRECTION('',(1.,-8.32667351186929E-17,-1.33562220163385E-15));
#1599=DIRECTION('center_axis',(1.93054326343218E-16,-1.48908663177849E-14,
1.));
#1600=DIRECTION('ref_axis',(-1.,8.32667351186928E-17,-1.01979474056492E-17));
#1601=DIRECTION('center_axis',(-6.94197596595311E-29,-4.96101224965188E-17,
-1.));
#1602=DIRECTION('ref_axis',(-1.,-1.87326390656616E-14,7.09974814698912E-29));
#1603=DIRECTION('',(-1.,1.6543607921573E-24,6.9419759659449E-29));
#1604=DIRECTION('',(-1.65436077978166E-24,-1.,4.96101224965156E-17));
#1605=DIRECTION('',(-1.,8.32667351122829E-17,-3.6637359713433E-15));
#1606=DIRECTION('',(8.32667351122831E-17,1.,-4.96101224965188E-17));
#1607=DIRECTION('',(-1.,8.32667351122829E-17,-3.6637359713433E-15));
#1608=DIRECTION('',(-1.65436077978166E-24,-1.,4.96101224965156E-17));
#1609=DIRECTION('',(1.,-1.6543607921573E-24,-6.9419759659449E-29));
#1610=DIRECTION('',(-0.707106781186547,-0.707106781186548,3.50796540328328E-17));
#1611=DIRECTION('',(-0.707106781186547,0.707106781186548,-3.50796540327347E-17));
#1612=DIRECTION('',(1.,-1.6543607921573E-24,-6.9419759659449E-29));
#1613=DIRECTION('',(-1.6543612197136E-24,-1.,4.96101224965188E-17));
#1614=DIRECTION('',(-1.,1.6543607921573E-24,6.9419759659449E-29));
#1615=DIRECTION('',(0.707106781186547,0.707106781186548,-3.50796540328328E-17));
#1616=DIRECTION('',(0.499999999999997,0.86602540378444,-4.29636263668779E-17));
#1617=DIRECTION('',(1.,-8.32667351186928E-17,-6.9415628786602E-29));
#1618=DIRECTION('',(0.499999999999999,-0.866025403784439,4.29636263668085E-17));
#1619=DIRECTION('',(-0.500000000000001,-0.866025403784438,4.29636263668778E-17));
#1620=DIRECTION('',(-1.,8.32667351186928E-17,6.9415628786602E-29));
#1621=DIRECTION('',(-0.499999999999996,0.866025403784441,-4.29636263668085E-17));
#1622=DIRECTION('center_axis',(6.29270849323309E-17,-1.48908663177849E-14,
1.));
#1623=DIRECTION('ref_axis',(2.07117489857182E-16,-1.,-1.48908663177849E-14));
#1624=DIRECTION('',(-0.707106781186547,-0.707106781186548,-1.04849363825721E-14));
#1625=DIRECTION('',(1.,-1.6543612197136E-24,-6.29270849323309E-17));
#1626=DIRECTION('',(1.654361214321E-24,1.,1.48908663177849E-14));
#1627=DIRECTION('',(-1.,8.32667351122829E-17,-3.6637359713433E-15));
#1628=DIRECTION('',(-8.32667351122283E-17,-1.,-1.48908663177849E-14));
#1629=DIRECTION('',(-1.,8.32667351122829E-17,-3.6637359713433E-15));
#1630=DIRECTION('',(1.654361214321E-24,1.,1.48908663177849E-14));
#1631=DIRECTION('',(-1.,1.6543612197136E-24,6.29270849323309E-17));
#1632=DIRECTION('',(0.707106781186547,0.707106781186548,1.04849363825721E-14));
#1633=DIRECTION('',(-1.,1.6543612197136E-24,6.29270849323309E-17));
#1634=DIRECTION('',(8.32667351122283E-17,1.,1.48908663177849E-14));
#1635=DIRECTION('',(1.,-1.6543612197136E-24,-6.29270849323309E-17));
#1636=DIRECTION('',(-0.707106781186547,0.707106781186548,1.0573928719524E-14));
#1637=DIRECTION('',(-0.499999999999997,-0.86602540378444,-1.28644049730936E-14));
#1638=DIRECTION('',(0.499999999999996,-0.866025403784441,-1.2927332058026E-14));
#1639=DIRECTION('',(-1.,8.32667351186928E-17,6.29270849323321E-17));
#1640=DIRECTION('',(0.500000000000001,0.866025403784438,1.28644049730936E-14));
#1641=DIRECTION('',(-0.499999999999999,0.866025403784439,1.2927332058026E-14));
#1642=DIRECTION('',(1.,-8.32667351186928E-17,-6.29270849323321E-17));
#1643=DIRECTION('center_axis',(1.,-1.6543612197136E-24,-7.88860905221012E-31));
#1644=DIRECTION('ref_axis',(-7.88860905221012E-31,-3.15544362088405E-30,
-1.));
#1645=DIRECTION('center_axis',(-1.,1.6543612197136E-24,7.88860905221012E-31));
#1646=DIRECTION('ref_axis',(-9.26532482813495E-25,-0.56005491563075,0.828455485513756));
#1647=DIRECTION('',(7.88860905221012E-31,3.15544362088405E-30,1.));
#1648=DIRECTION('center_axis',(1.,-1.65436096438328E-24,-1.98523946547015E-23));
#1649=DIRECTION('ref_axis',(1.65436096438311E-24,1.,-8.51402282009417E-15));
#1650=DIRECTION('',(-7.88860905221012E-31,-3.15544362088405E-30,-1.));
#1651=DIRECTION('center_axis',(-1.,1.6543612197136E-24,7.88860905221012E-31));
#1652=DIRECTION('ref_axis',(6.82733046558146E-25,0.412686369605931,0.910873185652908));
#1653=DIRECTION('',(1.55459130008557E-24,0.93969262078591,0.342020143325666));
#1654=DIRECTION('center_axis',(1.,-1.6543612197136E-24,-7.88860905221012E-31));
#1655=DIRECTION('ref_axis',(1.6543612197136E-24,1.,-1.65436437158535E-24));
#1656=DIRECTION('center_axis',(-0.707106781186546,1.05883110240932E-14,
-0.707106781186549));
#1657=DIRECTION('ref_axis',(-0.707106781186549,1.16981227204027E-24,0.707106781186546));
#1658=DIRECTION('',(8.32667351122283E-17,1.,1.48908663177849E-14));
#1659=DIRECTION('',(0.577350269189607,0.57735026918961,-0.577350269189661));
#1660=DIRECTION('',(0.577350269189651,-0.577350269189634,-0.577350269189592));
#1661=DIRECTION('center_axis',(-0.707106781186551,0.707106781186544,7.93878000123408E-15));
#1662=DIRECTION('ref_axis',(1.12271303464415E-14,3.15544360231032E-30,1.));
#1663=DIRECTION('',(-3.6637359713433E-15,-1.48908663177849E-14,1.));
#1664=DIRECTION('',(0.577350269189369,0.577350269189744,0.577350269189764));
#1665=DIRECTION('',(3.6637359713433E-15,1.48908663177849E-14,-1.));
#1666=DIRECTION('center_axis',(-0.707106781186551,-1.04705540780029E-14,
0.707106781186544));
#1667=DIRECTION('ref_axis',(0.707106781186544,-1.16980780956909E-24,0.707106781186551));
#1668=DIRECTION('',(-8.32667351122283E-17,-1.,-1.48908663177849E-14));
#1669=DIRECTION('',(0.577350269189382,-0.577350269189717,0.577350269189778));
#1670=DIRECTION('center_axis',(-0.707106781186538,-0.707106781186557,-1.31200851008621E-14));
#1671=DIRECTION('ref_axis',(-1.85546022891286E-14,3.15544365158006E-30,
1.));
#1672=DIRECTION('',(-3.6637359713433E-15,-1.48908663177849E-14,1.));
#1673=DIRECTION('',(3.6637359713433E-15,1.48908663177849E-14,-1.));
#1674=DIRECTION('center_axis',(-8.32667351122283E-17,-1.,-1.48908663177849E-14));
#1675=DIRECTION('ref_axis',(1.98589398336321E-23,-1.48908663177849E-14,
1.));
#1676=DIRECTION('',(2.46348714940565E-38,1.48908663177849E-14,-1.));
#1677=DIRECTION('center_axis',(-1.,8.32667351122829E-17,-3.6637359713433E-15));
#1678=DIRECTION('ref_axis',(-3.6637359713433E-15,-1.48908663177849E-14,
1.));
#1679=DIRECTION('center_axis',(-0.707106781186546,-0.707106781186549,-1.3120085100862E-14));
#1680=DIRECTION('ref_axis',(-1.85546022891283E-14,3.15544365158006E-30,
1.));
#1681=DIRECTION('',(3.6637359713433E-15,1.48908663177849E-14,-1.));
#1682=DIRECTION('',(0.577350269189628,-0.577350269189614,-0.577350269189635));
#1683=DIRECTION('',(-3.6637359713433E-15,-1.48908663177849E-14,1.));
#1684=DIRECTION('',(0.577350269189598,-0.577350269189609,0.57735026918967));
#1685=DIRECTION('center_axis',(-0.707106781186546,1.05883110240932E-14,
-0.707106781186549));
#1686=DIRECTION('ref_axis',(-0.707106781186549,1.16981227204027E-24,0.707106781186546));
#1687=DIRECTION('',(8.32667351122283E-17,1.,1.48908663177849E-14));
#1688=DIRECTION('',(0.577350269189621,0.577350269189639,-0.577350269189618));
#1689=DIRECTION('center_axis',(-0.707106781186547,0.707106781186548,7.93878000123415E-15));
#1690=DIRECTION('ref_axis',(1.12271303464416E-14,3.15544360231032E-30,1.));
#1691=DIRECTION('',(-3.6637359713433E-15,-1.48908663177849E-14,1.));
#1692=DIRECTION('',(0.577350269189622,0.577350269189612,0.577350269189643));
#1693=DIRECTION('',(3.6637359713433E-15,1.48908663177849E-14,-1.));
#1694=DIRECTION('center_axis',(-0.70710678118655,9.39581270779432E-17,0.707106781186545));
#1695=DIRECTION('ref_axis',(0.707106781186545,-1.1698078095691E-24,0.70710678118655));
#1696=DIRECTION('',(-8.32667351122831E-17,-1.,4.96101224965188E-17));
#1697=DIRECTION('center_axis',(-8.32667351122283E-17,-1.,-1.48908663177849E-14));
#1698=DIRECTION('ref_axis',(1.98589398336321E-23,-1.48908663177849E-14,
1.));
#1699=DIRECTION('',(2.46348714940565E-38,1.48908663177849E-14,-1.));
#1700=DIRECTION('center_axis',(-1.,8.32667351122829E-17,-3.6637359713433E-15));
#1701=DIRECTION('ref_axis',(-3.6637359713433E-15,-1.48908663177849E-14,
1.));
#1702=DIRECTION('center_axis',(8.32667351122283E-17,1.,1.48908663177849E-14));
#1703=DIRECTION('ref_axis',(-1.98588885576732E-23,1.48908663177849E-14,
-1.));
#1704=DIRECTION('',(-2.46348714940565E-38,-1.48908663177849E-14,1.));
#1705=DIRECTION('center_axis',(8.32667351122283E-17,1.,1.48908663177849E-14));
#1706=DIRECTION('ref_axis',(-1.98588885576732E-23,1.48908663177849E-14,
-1.));
#1707=DIRECTION('',(-2.46348714940565E-38,-1.48908663177849E-14,1.));
#1708=DIRECTION('center_axis',(1.,-1.654361214321E-24,-1.75162308040602E-46));
#1709=DIRECTION('ref_axis',(1.654361214321E-24,1.,-4.96101224962821E-17));
#1710=DIRECTION('',(-1.75162308040602E-46,-7.00649232162409E-46,-1.));
#1711=DIRECTION('center_axis',(1.,-1.654361214321E-24,-1.75162308040602E-46));
#1712=DIRECTION('ref_axis',(1.654361214321E-24,1.,-4.96101224962821E-17));
#1713=DIRECTION('',(-1.75162308040602E-46,-7.00649232162409E-46,-1.));
#1714=DIRECTION('center_axis',(1.,-1.654361214321E-24,-1.75162308040602E-46));
#1715=DIRECTION('ref_axis',(1.654361214321E-24,1.,-4.96101224962821E-17));
#1716=DIRECTION('',(-1.75162308040602E-46,-7.00649232162409E-46,-1.));
#1717=DIRECTION('center_axis',(1.,-1.654361214321E-24,-1.75162308040602E-46));
#1718=DIRECTION('ref_axis',(1.654361214321E-24,1.,-4.96101224962821E-17));
#1719=DIRECTION('',(-1.75162308040602E-46,-7.00649232162409E-46,-1.));
#1720=DIRECTION('center_axis',(0.707106781186548,-0.707106781186547,5.59345438406013E-16));
#1721=DIRECTION('ref_axis',(-7.9103390504531E-16,-3.15544361957539E-30,
1.));
#1722=DIRECTION('',(7.91033905045304E-16,-3.1554436221927E-30,-1.));
#1723=DIRECTION('center_axis',(1.6543612197136E-24,1.,-3.15544362088405E-30));
#1724=DIRECTION('ref_axis',(-7.88358054172306E-31,-3.15544362088405E-30,
-1.));
#1725=DIRECTION('center_axis',(1.6543612197136E-24,1.,-3.15544362088405E-30));
#1726=DIRECTION('ref_axis',(-7.88358054172306E-31,-3.15544362088405E-30,
-1.));
#1727=DIRECTION('',(6.29270849323324E-17,3.15544362077994E-30,1.));
#1728=DIRECTION('',(7.91033905045304E-16,-3.1554436221927E-30,-1.));
#1729=DIRECTION('',(7.88860905221012E-31,3.15544362088405E-30,1.));
#1730=DIRECTION('',(-1.,1.6543612197136E-24,1.0651501221861E-25));
#1731=DIRECTION('center_axis',(-1.6543612197136E-24,-1.,3.15544362088405E-30));
#1732=DIRECTION('ref_axis',(0.412686369605931,-6.82735202214883E-25,-0.910873185652908));
#1733=DIRECTION('',(7.88860905221012E-31,3.15544362088405E-30,1.));
#1734=DIRECTION('',(1.,-1.6543612197136E-24,-7.88860905221012E-31));
#1735=DIRECTION('',(-7.88860905221012E-31,-3.15544362088405E-30,-1.));
#1736=DIRECTION('center_axis',(0.707106781186548,-0.707106781186547,5.59345438406013E-16));
#1737=DIRECTION('ref_axis',(-7.9103390504531E-16,-3.15544361957539E-30,
1.));
#1738=DIRECTION('center_axis',(1.6543612197136E-24,1.,-3.15544362088405E-30));
#1739=DIRECTION('ref_axis',(-7.88358054172306E-31,-3.15544362088405E-30,
-1.));
#1740=DIRECTION('center_axis',(0.707106781186548,-0.707106781186547,4.62195967525045E-15));
#1741=DIRECTION('ref_axis',(6.53643805748073E-15,-3.15544363169768E-30,
-1.));
#1742=DIRECTION('',(6.53643805748073E-15,-3.15544363169768E-30,-1.));
#1743=DIRECTION('center_axis',(-0.707106781186548,-0.707106781186547,-5.59345438406013E-16));
#1744=DIRECTION('ref_axis',(-7.9103390504531E-16,3.1554436221927E-30,1.));
#1745=DIRECTION('',(-7.9103390504531E-16,3.1554436221927E-30,1.));
#1746=DIRECTION('center_axis',(-0.707106781186548,-0.707106781186547,-5.59345438406013E-16));
#1747=DIRECTION('ref_axis',(-7.9103390504531E-16,3.1554436221927E-30,1.));
#1748=DIRECTION('',(-7.9103390504531E-16,3.1554436221927E-30,1.));
#1749=DIRECTION('center_axis',(0.707106781186548,-0.707106781186547,4.62195967525045E-15));
#1750=DIRECTION('ref_axis',(6.53643805748073E-15,-3.15544363169768E-30,
-1.));
#1751=DIRECTION('',(6.53643805748073E-15,-3.15544363169768E-30,-1.));
#1752=DIRECTION('center_axis',(-1.6543612197136E-24,-1.,3.15544362088405E-30));
#1753=DIRECTION('ref_axis',(7.88358054172306E-31,3.15544362088405E-30,1.));
#1754=DIRECTION('center_axis',(-1.6543612197136E-24,-1.,3.15544362088405E-30));
#1755=DIRECTION('ref_axis',(7.88358054172306E-31,3.15544362088405E-30,1.));
#1756=DIRECTION('center_axis',(-1.6543612197136E-24,-1.,3.15544362088405E-30));
#1757=DIRECTION('ref_axis',(7.88358054172306E-31,3.15544362088405E-30,1.));
#1758=DIRECTION('',(-6.29270849323324E-17,-3.15544362077994E-30,-1.));
#1759=DIRECTION('',(7.88860905221012E-31,3.15544362088405E-30,1.));
#1760=DIRECTION('',(-1.,1.6543612197136E-24,7.88860905221012E-31));
#1761=DIRECTION('',(-7.88860905221012E-31,-3.15544362088405E-30,-1.));
#1762=DIRECTION('center_axis',(1.6543612197136E-24,1.,-3.15544362088405E-30));
#1763=DIRECTION('ref_axis',(0.560054915630749,-9.26535750494214E-25,-0.828455485513757));
#1764=DIRECTION('',(1.,-1.6543612197136E-24,-1.0651501221861E-25));
#1765=DIRECTION('',(-7.88860905221012E-31,-3.15544362088405E-30,-1.));
#1766=DIRECTION('center_axis',(-0.86602540378444,0.499999999999997,3.25321268049148E-16));
#1767=DIRECTION('ref_axis',(0.499999999999997,0.86602540378444,-3.09451195065907E-17));
#1768=DIRECTION('',(-1.36808113833699E-17,6.26946675693536E-16,-1.));
#1769=DIRECTION('',(1.36808113833697E-17,-6.26946675693536E-16,1.));
#1770=DIRECTION('center_axis',(-0.866025403784441,-0.499999999999996,-3.01625407644385E-16));
#1771=DIRECTION('ref_axis',(-0.499999999999996,0.866025403784441,-3.09450996475798E-17));
#1772=DIRECTION('',(-1.36808113833682E-17,6.26946675693536E-16,-1.));
#1773=DIRECTION('center_axis',(-8.32667351186928E-17,-1.,-6.26946675693536E-16));
#1774=DIRECTION('ref_axis',(-1.,8.32667351186928E-17,1.98590124088354E-23));
#1775=DIRECTION('',(1.368081138337E-17,-6.26946675693536E-16,1.));
#1776=DIRECTION('center_axis',(0.866025403784438,-0.500000000000001,-3.2532126804915E-16));
#1777=DIRECTION('ref_axis',(-0.500000000000001,-0.866025403784438,3.09451195065907E-17));
#1778=DIRECTION('',(-1.36808113833699E-17,6.26946675693536E-16,-1.));
#1779=DIRECTION('center_axis',(0.866025403784439,0.499999999999999,3.01625407644387E-16));
#1780=DIRECTION('ref_axis',(0.499999999999999,-0.866025403784439,3.09450996475783E-17));
#1781=DIRECTION('',(-1.36808113833685E-17,6.26946675693536E-16,-1.));
#1782=DIRECTION('center_axis',(8.32667351186928E-17,1.,6.26946675693536E-16));
#1783=DIRECTION('ref_axis',(1.,-8.32667351186928E-17,-1.98590124088354E-23));
#1784=DIRECTION('center_axis',(1.,-1.6543612197136E-24,-7.88860905221012E-31));
#1785=DIRECTION('ref_axis',(-7.88860889258401E-31,9.64880618271934E-15,
-1.));
#1786=DIRECTION('center_axis',(1.,-1.6543612197136E-24,-7.88860905221012E-31));
#1787=DIRECTION('ref_axis',(-1.35517292706616E-24,-0.819152044288993,0.573576436351045));
#1788=DIRECTION('',(-1.82971058510862E-24,-0.939692620785909,-0.342020143325667));
#1789=DIRECTION('center_axis',(1.,-1.6543612197136E-24,-7.88860905221012E-31));
#1790=DIRECTION('ref_axis',(9.48903262130796E-25,0.57357643635105,0.819152044288989));
#1791=DIRECTION('center_axis',(1.,-8.32667351122274E-17,-6.29270849323324E-17));
#1792=DIRECTION('ref_axis',(-6.29270849323309E-17,1.48908663177849E-14,
-1.));
#1793=DIRECTION('center_axis',(1.01979474056499E-17,9.72626226593811E-16,
-1.));
#1794=DIRECTION('ref_axis',(-1.,8.32667351186928E-17,-1.01979474056492E-17));
#1795=DIRECTION('',(1.01979474056499E-17,9.72626226593811E-16,-1.));
#1796=DIRECTION('center_axis',(1.,-1.65437858915517E-24,-7.88860905221012E-31));
#1797=DIRECTION('ref_axis',(1.65437858915517E-24,1.,-1.65436438054968E-24));
#1798=DIRECTION('center_axis',(-1.,1.65437858915517E-24,7.88860905221012E-31));
#1799=DIRECTION('ref_axis',(1.6543612197136E-24,1.,-1.6543643385202E-24));
#1800=DIRECTION('center_axis',(1.,-1.65437858915517E-24,-7.88860905221012E-31));
#1801=DIRECTION('ref_axis',(1.6543612197136E-24,1.,-1.65436437158535E-24));
#1802=DIRECTION('center_axis',(0.488639843152021,0.488639843152022,-0.722815472557648));
#1803=DIRECTION('ref_axis',(0.844916904846259,-0.471629644661118,0.252350752291024));
#1804=DIRECTION('',(-0.488639843152021,-0.488639843152022,0.722815472557648));
#1805=DIRECTION('',(0.488639843152021,0.488639843152022,-0.722815472557648));
#1806=DIRECTION('center_axis',(1.,-1.6543612197136E-24,-7.88860905221012E-31));
#1807=DIRECTION('ref_axis',(1.6543612197136E-24,1.,-1.65436437158535E-24));
#1808=DIRECTION('',(-1.,1.6543612197136E-24,7.88860905221012E-31));
#1809=DIRECTION('center_axis',(-4.65733490494123E-25,-0.342020143325667,
0.939692620785909));
#1810=DIRECTION('ref_axis',(9.84296746961954E-25,0.939692620785909,0.342020143325667));
#1811=DIRECTION('',(-1.,1.6543612197136E-24,1.0651501221861E-25));
#1812=DIRECTION('',(1.12172823216915E-15,-0.939692620785909,-0.342020143325667));
#1813=DIRECTION('',(1.,-1.6543612197136E-24,-1.0651501221861E-25));
#1814=DIRECTION('center_axis',(1.,-1.6543612197136E-24,-1.0651501221861E-25));
#1815=DIRECTION('ref_axis',(9.48903262130796E-25,0.57357643635105,0.819152044288989));
#1816=DIRECTION('center_axis',(-0.866025403784439,0.171010071662833,-0.469846310392955));
#1817=DIRECTION('ref_axis',(-0.5,-0.296198132726021,0.813797681349375));
#1818=DIRECTION('center_axis',(-0.381478142846466,0.381478142846466,0.841991005332493));
#1819=DIRECTION('ref_axis',(0.910847900185402,0.310401482361752,0.272042317435121));
#1820=DIRECTION('',(-0.381478142846466,0.381478142846466,0.841991005332493));
#1821=DIRECTION('',(0.381478142846466,-0.381478142846466,-0.841991005332493));
#1822=DIRECTION('center_axis',(0.707106781186547,0.707106781186548,-2.78904447747368E-30));
#1823=DIRECTION('ref_axis',(-7.88860905221012E-31,-3.15544362088405E-30,
-1.));
#1824=DIRECTION('center_axis',(-0.707106781186547,-0.707106781186548,2.78904447747368E-30));
#1825=DIRECTION('ref_axis',(-0.707106781186548,0.707106781186547,-5.41073248851838E-15));
#1826=DIRECTION('center_axis',(1.,-1.6543612197136E-24,-7.88860905221012E-31));
#1827=DIRECTION('ref_axis',(-7.88860905430921E-31,6.12323383030033E-17,
-1.));
#1828=DIRECTION('center_axis',(-0.707106781186548,0.707106781186547,-1.6734266864842E-30));
#1829=DIRECTION('ref_axis',(0.707106781186547,0.707106781186548,-6.62991405401282E-15));
#1830=DIRECTION('center_axis',(0.707106781186548,-0.707106781186547,1.6734266864842E-30));
#1831=DIRECTION('ref_axis',(-7.88860905221012E-31,-3.15544362088405E-30,
-1.));
#1832=DIRECTION('center_axis',(1.,-1.6543612197136E-24,-1.0651501221861E-25));
#1833=DIRECTION('ref_axis',(-1.35517292706616E-24,-0.819152044288993,0.573576436351045));
#1834=DIRECTION('center_axis',(-0.866025403784439,0.171010071662833,-0.469846310392955));
#1835=DIRECTION('ref_axis',(-0.5,-0.296198132726021,0.813797681349375));
#1836=DIRECTION('center_axis',(0.866025403784439,-0.171010071662833,0.469846310392955));
#1837=DIRECTION('ref_axis',(0.484220415495546,0.0526380228855522,-0.873361224101472));
#1838=CARTESIAN_POINT('',(0.,0.,0.));
#1839=CARTESIAN_POINT('Origin',(-3.11438744263255,175.180801050822,91.4518294934498));
#1840=CARTESIAN_POINT('',(-3.11438744263252,172.180801050822,83.4695057386492));
#1841=CARTESIAN_POINT('',(-5.23570778619217,173.059480707262,83.4695057386492));
#1842=CARTESIAN_POINT('Origin',(-3.11438744263252,175.180801050822,83.4695057386492));
#1843=CARTESIAN_POINT('',(-5.23570778619218,173.059480707262,86.450904638575));
#1844=CARTESIAN_POINT('',(-5.23570778619219,173.059480707262,91.4518294934498));
#1845=CARTESIAN_POINT('',(-3.11438744263253,172.180801050822,86.450904638575));
#1846=CARTESIAN_POINT('Origin',(-3.11438744263253,175.180801050822,86.4509046385748));
#1847=CARTESIAN_POINT('',(-3.11438744263255,172.180801050822,91.4518294934498));
#1848=CARTESIAN_POINT('Origin',(-5.00347473915856,172.827247660229,92.0515212084915));
#1849=CARTESIAN_POINT('',(-6.35702812975858,174.180801050829,83.4695057386492));
#1850=CARTESIAN_POINT('',(-2.46599405515277,170.289766976223,83.4695057386492));
#1851=CARTESIAN_POINT('',(-6.35702812975843,174.180801050829,86.450904638575));
#1852=CARTESIAN_POINT('',(-6.3570281297585,174.180801050829,96.7103360089667));
#1853=CARTESIAN_POINT('',(-2.2534747173858,170.077247638456,86.4509046385749));
#1854=CARTESIAN_POINT('Origin',(3.11439013046412,175.180801050822,92.6971792184313));
#1855=CARTESIAN_POINT('',(5.2357104740238,173.059480707262,83.4695057386492));
#1856=CARTESIAN_POINT('',(3.11439013046415,172.180801050822,83.4695057386492));
#1857=CARTESIAN_POINT('Origin',(3.11439013046415,175.180801050822,83.4695057386492));
#1858=CARTESIAN_POINT('',(3.11439013046414,172.180801050822,86.450904638575));
#1859=CARTESIAN_POINT('',(3.11439013046412,172.180801050822,92.6971792184313));
#1860=CARTESIAN_POINT('',(5.23571047402379,173.059480707262,86.450904638575));
#1861=CARTESIAN_POINT('Origin',(3.11439013046414,175.180801050822,86.4509046385749));
#1862=CARTESIAN_POINT('',(5.23571047402376,173.059480707262,92.6971792184313));
#1863=CARTESIAN_POINT('Origin',(1.92493407670389,172.180801050822,90.8521377784082));
#1864=CARTESIAN_POINT('',(-2.36249359238177,172.180801050822,86.450904638575));
#1865=CARTESIAN_POINT('',(0.712467732084303,172.180801050822,83.4695057386492));
#1866=CARTESIAN_POINT('Origin',(3.11439013046412,175.180801050822,92.6971792184313));
#1867=CARTESIAN_POINT('',(5.23571047402376,173.059480707262,93.250904638575));
#1868=CARTESIAN_POINT('',(3.11439013046411,172.180801050822,93.250904638575));
#1869=CARTESIAN_POINT('Origin',(3.11439013046411,175.180801050822,93.250904638575));
#1870=CARTESIAN_POINT('',(3.1143901304641,172.180801050822,98.2323035385006));
#1871=CARTESIAN_POINT('',(3.11439013046412,172.180801050822,92.6971792184313));
#1872=CARTESIAN_POINT('',(5.23571047402375,173.059480707262,98.2323035385006));
#1873=CARTESIAN_POINT('Origin',(3.1143901304641,175.180801050822,98.2323035385006));
#1874=CARTESIAN_POINT('',(5.23571047402376,173.059480707262,92.6971792184313));
#1875=CARTESIAN_POINT('Origin',(1.92493407670389,172.180801050822,90.8521377784082));
#1876=CARTESIAN_POINT('',(-3.11438744263256,172.180801050822,93.250904638575));
#1877=CARTESIAN_POINT('',(-2.36249359238177,172.180801050822,93.250904638575));
#1878=CARTESIAN_POINT('',(-3.11438744263258,172.180801050822,98.2323035385006));
#1879=CARTESIAN_POINT('',(-3.11438744263255,172.180801050822,91.4518294934498));
#1880=CARTESIAN_POINT('',(3.71246798655861,172.180801050822,98.2323035385006));
#1881=CARTESIAN_POINT('Origin',(-3.11438744263255,175.180801050822,91.4518294934498));
#1882=CARTESIAN_POINT('',(-5.2357077861922,173.059480707262,93.250904638575));
#1883=CARTESIAN_POINT('Origin',(-3.11438744263256,175.180801050822,93.250904638575));
#1884=CARTESIAN_POINT('',(-5.23570778619222,173.059480707262,98.2323035385006));
#1885=CARTESIAN_POINT('',(-5.2357077861922,173.059480707262,91.4518294934498));
#1886=CARTESIAN_POINT('Origin',(-3.11438744263258,175.180801050822,98.2323035385006));
#1887=CARTESIAN_POINT('Origin',(-5.00347473915856,172.827247660229,92.0515212084915));
#1888=CARTESIAN_POINT('',(-6.35702812975847,174.180801050829,93.250904638575));
#1889=CARTESIAN_POINT('',(-5.75347471738579,173.577247638456,93.250904638575));
#1890=CARTESIAN_POINT('',(-6.35702812976231,174.180801050832,98.2323035385006));
#1891=CARTESIAN_POINT('',(-6.3570281297585,174.180801050829,96.7103360089667));
#1892=CARTESIAN_POINT('',(0.559006072083431,167.264766848987,98.2323035385006));
#1893=CARTESIAN_POINT('Origin',(3.11439013046411,159.180801050835,92.6971792184313));
#1894=CARTESIAN_POINT('',(5.23571047402378,161.302121394395,86.4509046385748));
#1895=CARTESIAN_POINT('',(3.11439013046414,162.180801050835,86.4509046385748));
#1896=CARTESIAN_POINT('Origin',(3.11439013046414,159.180801050835,86.4509046385748));
#1897=CARTESIAN_POINT('',(3.11439013046415,162.180801050835,83.4695057386491));
#1898=CARTESIAN_POINT('',(3.11439013046411,162.180801050835,92.6971792184313));
#1899=CARTESIAN_POINT('',(5.23571047402378,161.302121394395,83.469505738649));
#1900=CARTESIAN_POINT('Origin',(3.11439013046415,159.180801050835,83.4695057386492));
#1901=CARTESIAN_POINT('',(5.23571047402375,161.302121394395,92.6971792184313));
#1902=CARTESIAN_POINT('Origin',(1.92493407670389,162.180801050835,90.8521377784082));
#1903=CARTESIAN_POINT('',(-3.11438744263252,162.180801050835,86.4509046385748));
#1904=CARTESIAN_POINT('',(-2.36249359238176,162.180801050835,86.4509046385748));
#1905=CARTESIAN_POINT('',(-3.11438744263251,162.180801050835,83.4695057386491));
#1906=CARTESIAN_POINT('',(-3.11438744263254,162.180801050835,91.4518294934499));
#1907=CARTESIAN_POINT('',(0.712467732084303,162.180801050835,83.4695057386491));
#1908=CARTESIAN_POINT('Origin',(-3.11438744263254,159.180801050835,91.4518294934499));
#1909=CARTESIAN_POINT('',(-5.23570778619215,161.302121394395,83.469505738649));
#1910=CARTESIAN_POINT('Origin',(-3.11438744263251,159.180801050835,83.4695057386492));
#1911=CARTESIAN_POINT('',(-5.23570778619216,161.302121394395,86.4509046385748));
#1912=CARTESIAN_POINT('Origin',(-3.11438744263252,159.180801050835,86.4509046385748));
#1913=CARTESIAN_POINT('',(-5.23570778619218,161.302121394395,91.4518294934498));
#1914=CARTESIAN_POINT('Origin',(3.11439013046411,159.180801050835,92.6971792184313));
#1915=CARTESIAN_POINT('',(5.23571047402373,161.302121394395,98.2323035385006));
#1916=CARTESIAN_POINT('',(3.11439013046409,162.180801050835,98.2323035385006));
#1917=CARTESIAN_POINT('Origin',(3.11439013046409,159.180801050835,98.2323035385006));
#1918=CARTESIAN_POINT('',(3.11439013046411,162.180801050835,93.2509046385748));
#1919=CARTESIAN_POINT('',(3.11439013046411,162.180801050835,92.6971792184313));
#1920=CARTESIAN_POINT('',(5.23571047402375,161.302121394395,93.2509046385748));
#1921=CARTESIAN_POINT('Origin',(3.11439013046411,159.180801050835,93.2509046385751));
#1922=CARTESIAN_POINT('',(5.23571047402375,161.302121394395,92.6971792184313));
#1923=CARTESIAN_POINT('Origin',(1.92493407670389,162.180801050835,90.8521377784082));
#1924=CARTESIAN_POINT('',(-3.11438744263256,162.180801050835,98.2323035385006));
#1925=CARTESIAN_POINT('',(3.71246798655861,162.180801050835,98.2323035385006));
#1926=CARTESIAN_POINT('',(-3.11438744263254,162.180801050835,93.2509046385748));
#1927=CARTESIAN_POINT('',(-3.11438744263254,162.180801050835,91.4518294934499));
#1928=CARTESIAN_POINT('',(-2.36249359238177,162.180801050835,93.2509046385748));
#1929=CARTESIAN_POINT('Origin',(-3.11438744263254,159.180801050835,91.4518294934499));
#1930=CARTESIAN_POINT('',(-5.23570778619219,161.302121394395,93.2509046385748));
#1931=CARTESIAN_POINT('Origin',(-3.11438744263254,159.180801050835,93.2509046385751));
#1932=CARTESIAN_POINT('',(-5.23570778619221,161.302121394395,98.2323035385006));
#1933=CARTESIAN_POINT('Origin',(-3.11438744263256,159.180801050835,98.2323035385005));
#1934=CARTESIAN_POINT('',(-5.23570778619218,161.302121394395,91.4518294934498));
#1935=CARTESIAN_POINT('Origin',(-6.64992126146742,160.180801050829,86.4509046385748));
#1936=CARTESIAN_POINT('',(-7.64992134856527,174.180801050829,86.450904638575));
#1937=CARTESIAN_POINT('',(-0.495157207925354,174.180801050829,86.450904638575));
#1938=CARTESIAN_POINT('',(-7.64992134856503,170.830801050831,86.4509046385753));
#1939=CARTESIAN_POINT('',(-7.64992134856527,163.680801059189,86.4509046385748));
#1940=CARTESIAN_POINT('',(-8.64992134856503,170.830801050831,86.4509046385753));
#1941=CARTESIAN_POINT('',(-7.64992134856503,170.830801050831,86.4509046385753));
#1942=CARTESIAN_POINT('',(-8.64992134856535,163.530801050831,86.4509046385752));
#1943=CARTESIAN_POINT('',(-8.64992134856535,163.68080105083,86.4509046385748));
#1944=CARTESIAN_POINT('',(-7.64992134856503,163.530801050831,86.4509046385752));
#1945=CARTESIAN_POINT('',(-7.64992134856503,163.530801050831,86.4509046385752));
#1946=CARTESIAN_POINT('',(-7.64992134856527,160.180801050829,86.4509046385748));
#1947=CARTESIAN_POINT('',(-7.64992134856527,163.680801059189,86.4509046385748));
#1948=CARTESIAN_POINT('',(-6.35702812975844,160.180801050829,86.4509046385748));
#1949=CARTESIAN_POINT('',(-0.495157207925353,160.180801050829,86.4509046385748));
#1950=CARTESIAN_POINT('',(-5.75347471738566,160.784354463201,86.4509046385748));
#1951=CARTESIAN_POINT('',(6.35703081759006,160.180801050829,86.4509046385748));
#1952=CARTESIAN_POINT('',(2.42851610252564,164.109315765893,86.4509046385748));
#1953=CARTESIAN_POINT('',(7.64992403639683,160.180801050829,86.4509046385748));
#1954=CARTESIAN_POINT('',(-0.495157207925353,160.180801050829,86.4509046385748));
#1955=CARTESIAN_POINT('',(7.64992403639683,174.180801050829,86.450904638575));
#1956=CARTESIAN_POINT('',(7.64992403639683,163.680801050829,86.4509046385748));
#1957=CARTESIAN_POINT('',(6.35703081759004,174.180801050829,86.450904638575));
#1958=CARTESIAN_POINT('',(-0.495157207925354,174.180801050829,86.450904638575));
#1959=CARTESIAN_POINT('',(-1.07148389747421,166.752286335764,86.4509046385749));
#1960=CARTESIAN_POINT('',(1.65000130036702,167.180801050829,86.4509046385748));
#1961=CARTESIAN_POINT('Origin',(1.3003670093196E-6,167.180801050829,86.4509046385748));
#1962=CARTESIAN_POINT('Origin',(-0.499998612535283,167.180801050829,83.4695057386491));
#1963=CARTESIAN_POINT('',(6.35703081759022,174.180801050829,83.4695057386492));
#1964=CARTESIAN_POINT('',(2.21599676475883,170.039766997997,83.4695057386492));
#1965=CARTESIAN_POINT('',(6.64992412349478,174.180801050829,83.4695057386491));
#1966=CARTESIAN_POINT('',(-6.64992117436969,174.180801050829,83.4695057386492));
#1967=CARTESIAN_POINT('',(6.64992412349482,160.180801050829,83.4695057386492));
#1968=CARTESIAN_POINT('',(6.6499241234948,163.930801050829,83.4695057386491));
#1969=CARTESIAN_POINT('',(6.35703081758989,160.180801050829,83.4695057386492));
#1970=CARTESIAN_POINT('',(6.64992412349483,160.180801050829,83.4695057386492));
#1971=CARTESIAN_POINT('',(2.21599676475866,164.32183510366,83.4695057386491));
#1972=CARTESIAN_POINT('',(-6.35702812975827,160.180801050829,83.4695057386492));
#1973=CARTESIAN_POINT('',(-2.46599405515262,164.071835125434,83.4695057386491));
#1974=CARTESIAN_POINT('',(-7.64992117436952,160.180801050829,83.4695057386492));
#1975=CARTESIAN_POINT('',(6.64992412349483,160.180801050829,83.4695057386492));
#1976=CARTESIAN_POINT('',(-7.64992134856503,163.530801050831,83.4695057386495));
#1977=CARTESIAN_POINT('',(-7.64992134856527,167.180801059189,83.4695057386491));
#1978=CARTESIAN_POINT('',(-8.64992134856504,163.530801050831,83.4695057386495));
#1979=CARTESIAN_POINT('',(-7.64992134856503,163.530801050831,83.4695057386495));
#1980=CARTESIAN_POINT('',(-8.64992134856468,170.830801050832,83.4695057386495));
#1981=CARTESIAN_POINT('',(-8.64992134856468,167.18080105083,83.4695057386491));
#1982=CARTESIAN_POINT('',(-7.64992134856503,170.830801050832,83.4695057386495));
#1983=CARTESIAN_POINT('',(-7.64992134856503,170.830801050832,83.4695057386495));
#1984=CARTESIAN_POINT('',(-7.64992117436957,174.180801050829,83.4695057386492));
#1985=CARTESIAN_POINT('',(-7.64992134856527,167.180801059189,83.4695057386491));
#1986=CARTESIAN_POINT('',(-6.64992117436969,174.180801050829,83.4695057386492));
#1987=CARTESIAN_POINT('',(1.65000130036702,167.180801050829,83.4695057386491));
#1988=CARTESIAN_POINT('Origin',(1.30036700935E-6,167.180801050829,83.4695057386491));
#1989=CARTESIAN_POINT('Origin',(5.50000189641333,161.080801050833,98.2323035385006));
#1990=CARTESIAN_POINT('',(-7.64992134856527,174.180801050832,98.2323035385006));
#1991=CARTESIAN_POINT('',(5.57980437101502,174.180801050832,98.2323035385006));
#1992=CARTESIAN_POINT('',(-7.64992134856503,170.830801050831,98.2323035385006));
#1993=CARTESIAN_POINT('',(-7.64992134856527,161.080801050832,98.2323035385006));
#1994=CARTESIAN_POINT('',(-8.64992134856504,170.830801050831,98.2323035385006));
#1995=CARTESIAN_POINT('',(-7.64992134856503,170.830801050831,98.2323035385006));
#1996=CARTESIAN_POINT('',(-8.64992134856502,163.530801050831,98.2323035385006));
#1997=CARTESIAN_POINT('',(-8.64992134856502,164.130801050832,98.2323035385006));
#1998=CARTESIAN_POINT('',(-7.64992134856503,163.530801050831,98.2323035385006));
#1999=CARTESIAN_POINT('',(-7.64992134856503,163.530801050831,98.2323035385006));
#2000=CARTESIAN_POINT('',(-7.64992134856527,160.180801050832,98.2323035385006));
#2001=CARTESIAN_POINT('',(-7.64992134856527,161.080801050832,98.2323035385006));
#2002=CARTESIAN_POINT('',(-6.35702812975474,160.180801050832,98.2323035385006));
#2003=CARTESIAN_POINT('',(5.57980437101502,160.180801050832,98.2323035385006));
#2004=CARTESIAN_POINT('',(-2.49099392791461,164.046835252673,98.2323035385006));
#2005=CARTESIAN_POINT('',(6.35703081758626,160.180801050832,98.2323035385006));
#2006=CARTESIAN_POINT('',(5.24099689199491,161.296834976424,98.2323035385006));
#2007=CARTESIAN_POINT('',(7.64992394929908,160.180801050832,98.2323035385005));
#2008=CARTESIAN_POINT('',(5.57980437101502,160.180801050832,98.2323035385006));
#2009=CARTESIAN_POINT('',(7.64992394929908,174.180801050832,98.2323035385006));
#2010=CARTESIAN_POINT('',(7.64992394929908,161.080801050831,98.2323035385006));
#2011=CARTESIAN_POINT('',(6.35703081759383,174.180801050832,98.2323035385006));
#2012=CARTESIAN_POINT('',(5.57980437101502,174.180801050832,98.2323035385006));
#2013=CARTESIAN_POINT('',(2.19099689199687,170.014767125235,98.2323035385006));
#2014=CARTESIAN_POINT('',(-4.99200593390685,167.180801050833,98.2323035385009));
#2015=CARTESIAN_POINT('',(-3.31769015325699,170.080801050832,98.2323035385006));
#2016=CARTESIAN_POINT('',(-5.02619369588811,167.121586110084,98.2323035385006));
#2017=CARTESIAN_POINT('',(3.11769275399103,170.080801050832,98.2323035385006));
#2018=CARTESIAN_POINT('',(1.5519997898217,170.080801050832,98.2323035385006));
#2019=CARTESIAN_POINT('',(4.79200853464089,167.180801050833,98.2323035385009));
#2020=CARTESIAN_POINT('',(5.00319463706525,166.815015991581,98.2323035385006));
#2021=CARTESIAN_POINT('',(3.11769275399094,164.280801050833,98.2323035385006));
#2022=CARTESIAN_POINT('',(3.55981896409117,165.046586110084,98.2323035385006));
#2023=CARTESIAN_POINT('',(-3.31769015325692,164.280801050833,98.2323035385006));
#2024=CARTESIAN_POINT('',(3.94800340695864,164.280801050833,98.2323035385006));
#2025=CARTESIAN_POINT('',(-1.18681440577713,160.590015991581,98.2323035385006));
#2026=CARTESIAN_POINT('Origin',(-6.64992126146742,174.180801050829,93.250904638575));
#2027=CARTESIAN_POINT('',(-6.35702812975849,160.180801050829,93.2509046385748));
#2028=CARTESIAN_POINT('',(-2.25347471738573,164.284354463201,93.2509046385749));
#2029=CARTESIAN_POINT('',(-7.64992134856527,160.180801050829,93.2509046385748));
#2030=CARTESIAN_POINT('',(-0.495157207925354,160.180801050829,93.2509046385748));
#2031=CARTESIAN_POINT('',(-7.64992134856503,163.530801050831,93.2509046385748));
#2032=CARTESIAN_POINT('',(-7.64992134856527,170.680801059189,93.250904638575));
#2033=CARTESIAN_POINT('',(-8.64992134856505,163.530801050831,93.2509046385748));
#2034=CARTESIAN_POINT('',(-7.64992134856503,163.530801050831,93.2509046385748));
#2035=CARTESIAN_POINT('',(-8.64992134856504,170.830801050831,93.2509046385749));
#2036=CARTESIAN_POINT('',(-8.64992134856504,170.68080105083,93.2509046385749));
#2037=CARTESIAN_POINT('',(-7.64992134856503,170.830801050831,93.2509046385749));
#2038=CARTESIAN_POINT('',(-7.64992134856503,170.830801050831,93.2509046385749));
#2039=CARTESIAN_POINT('',(-7.64992134856527,174.180801050829,93.250904638575));
#2040=CARTESIAN_POINT('',(-7.64992134856527,170.680801059189,93.250904638575));
#2041=CARTESIAN_POINT('',(-0.495157207925355,174.180801050829,93.250904638575));
#2042=CARTESIAN_POINT('',(6.35703081759004,174.180801050829,93.250904638575));
#2043=CARTESIAN_POINT('',(2.42851610252575,170.252286335764,93.2509046385749));
#2044=CARTESIAN_POINT('',(7.64992403639683,174.180801050829,93.250904638575));
#2045=CARTESIAN_POINT('',(-0.495157207925355,174.180801050829,93.250904638575));
#2046=CARTESIAN_POINT('',(7.64992403639683,160.180801050829,93.2509046385748));
#2047=CARTESIAN_POINT('',(7.64992403639683,170.680801050829,93.2509046385749));
#2048=CARTESIAN_POINT('',(6.35703081759005,160.180801050829,93.2509046385748));
#2049=CARTESIAN_POINT('',(-0.495157207925354,160.180801050829,93.2509046385748));
#2050=CARTESIAN_POINT('',(-1.07148389747433,167.609315765893,93.2509046385749));
#2051=CARTESIAN_POINT('',(-3.31769015325695,170.080801050832,93.2509046385749));
#2052=CARTESIAN_POINT('',(-4.99200593390685,167.180801050832,93.2509046412205));
#2053=CARTESIAN_POINT('',(-3.70870089322995,169.403550582894,93.2509046385749));
#2054=CARTESIAN_POINT('',(-3.31769015325696,164.280801050833,93.2509046385749));
#2055=CARTESIAN_POINT('',(-5.54178799790543,168.133051518768,93.2509046385749));
#2056=CARTESIAN_POINT('',(3.11769275399098,164.280801050833,93.2509046385748));
#2057=CARTESIAN_POINT('',(-2.12695817198174,164.280801050833,93.2509046385749));
#2058=CARTESIAN_POINT('',(4.79200853464089,167.180801050832,93.2509046412205));
#2059=CARTESIAN_POINT('',(4.87731176674932,167.328550582894,93.2509046385749));
#2060=CARTESIAN_POINT('',(3.11769275399099,170.080801050832,93.2509046385749));
#2061=CARTESIAN_POINT('',(0.648221044936924,174.358051518768,93.250904638575));
#2062=CARTESIAN_POINT('',(-4.52296178911867,170.080801050832,93.2509046385749));
#2063=CARTESIAN_POINT('Origin',(14.499789501973,167.180801050829,86.619150809442));
#2064=CARTESIAN_POINT('',(14.499789501973,163.180801050829,100.727453577881));
#2065=CARTESIAN_POINT('',(14.499789501973,164.689513398532,103.547153784768));
#2066=CARTESIAN_POINT('Origin',(14.499789501973,168.837655300321,96.5435317847242));
#2067=CARTESIAN_POINT('',(14.4997895019728,163.180801050829,82.11371345598));
#2068=CARTESIAN_POINT('',(14.499789501973,163.180801050829,81.4941507169654));
#2069=CARTESIAN_POINT('',(14.4997895019728,171.180801050829,82.11371345598));
#2070=CARTESIAN_POINT('Origin',(14.4997895019728,167.180801050829,76.369150809442));
#2071=CARTESIAN_POINT('',(14.499789501973,171.180801050829,101.580288885613));
#2072=CARTESIAN_POINT('',(14.499789501973,171.180801050829,93.994150809442));
#2073=CARTESIAN_POINT('',(14.499789501973,168.304008129823,104.86272227887));
#2074=CARTESIAN_POINT('Origin',(14.499789501973,165.523946801336,95.3374405260588));
#2075=CARTESIAN_POINT('',(14.499789501973,162.360892259831,102.699605003398));
#2076=CARTESIAN_POINT('',(14.499789501973,165.530801050829,76.369150809442));
#2077=CARTESIAN_POINT('Origin',(14.499789501973,167.180801050829,76.369150809442));
#2078=CARTESIAN_POINT('Origin',(-8.89992134856486,167.18080105083,83.7195057386493));
#2079=CARTESIAN_POINT('',(-9.14992134856503,164.030801050831,83.9695057386494));
#2080=CARTESIAN_POINT('',(-9.14992134856503,170.330801050831,83.9695057386495));
#2081=CARTESIAN_POINT('',(-9.14992134856503,167.18080105083,83.9695057386495));
#2082=CARTESIAN_POINT('',(-9.14992134856503,170.330801050831,83.9695057386495));
#2083=CARTESIAN_POINT('',(-9.14992134856503,164.030801050831,83.9695057386494));
#2084=CARTESIAN_POINT('Origin',(-8.89992134856503,170.580801050831,86.4509046385753));
#2085=CARTESIAN_POINT('',(-9.14992134856504,170.330801050831,85.9509046385753));
#2086=CARTESIAN_POINT('',(-9.14992134856504,170.330801050831,86.4509046385753));
#2087=CARTESIAN_POINT('',(-9.14992134856504,170.330801050831,85.9509046385753));
#2088=CARTESIAN_POINT('',(-8.64992134856503,170.830801050831,86.4509046385753));
#2089=CARTESIAN_POINT('Origin',(-8.8999213485652,163.68080105083,86.200904638575));
#2090=CARTESIAN_POINT('',(-9.14992134856504,164.030801050831,85.9509046385752));
#2091=CARTESIAN_POINT('',(-9.14992134856504,163.68080105083,85.9509046385752));
#2092=CARTESIAN_POINT('',(-9.14992134856504,164.030801050831,85.9509046385752));
#2093=CARTESIAN_POINT('Origin',(-8.89992134856504,163.780801050831,84.9602051886123));
#2094=CARTESIAN_POINT('',(-8.64992134856505,163.530801050831,84.9602051886123));
#2095=CARTESIAN_POINT('',(-9.14992134856503,164.030801050831,84.9602051886123));
#2096=CARTESIAN_POINT('Origin',(-7.64992134856503,163.530801050831,83.4695057386495));
#2097=CARTESIAN_POINT('',(-7.64992134856527,163.530801050831,84.6443282740457));
#2098=CARTESIAN_POINT('Origin',(-9.14992134856504,167.180801050831,86.4509046385752));
#2099=CARTESIAN_POINT('Origin',(-8.89992134856502,163.780801050831,89.850904638575));
#2100=CARTESIAN_POINT('',(-9.14992134856505,164.030801050831,97.7323035385005));
#2101=CARTESIAN_POINT('',(-9.14992134856503,164.030801050831,93.7509046385748));
#2102=CARTESIAN_POINT('',(-9.14992134856502,164.030801050831,89.850904638575));
#2103=CARTESIAN_POINT('',(-9.14992134856503,164.030801050831,93.7509046385748));
#2104=CARTESIAN_POINT('',(-8.64992134856503,163.530801050831,89.850904638575));
#2105=CARTESIAN_POINT('',(-9.14992134856505,164.030801050831,97.7323035385005));
#2106=CARTESIAN_POINT('Origin',(-8.89992134856503,170.68080105083,93.5009046385749));
#2107=CARTESIAN_POINT('',(-9.14992134856503,170.330801050831,93.7509046385749));
#2108=CARTESIAN_POINT('',(-9.14992134856503,170.68080105083,93.7509046385749));
#2109=CARTESIAN_POINT('',(-9.14992134856503,170.330801050831,93.7509046385749));
#2110=CARTESIAN_POINT('Origin',(-8.89992134856502,170.580801050831,92.3416040885379));
#2111=CARTESIAN_POINT('',(-9.14992134856505,170.330801050831,97.7323035385005));
#2112=CARTESIAN_POINT('',(-9.14992134856502,170.330801050831,92.3416040885379));
#2113=CARTESIAN_POINT('',(-9.14992134856505,170.330801050831,97.7323035385005));
#2114=CARTESIAN_POINT('',(-8.64992134856502,170.830801050831,92.3416040885379));
#2115=CARTESIAN_POINT('Origin',(-8.89992134856504,164.130801050832,97.9823035385005));
#2116=CARTESIAN_POINT('',(-9.14992134856505,164.130801050832,97.7323035385005));
#2117=CARTESIAN_POINT('Origin',(-7.64992134856503,163.530801050831,93.2509046385748));
#2118=CARTESIAN_POINT('',(-7.64992134856527,163.530801050831,89.5350277240084));
#2119=CARTESIAN_POINT('Origin',(-9.149921348565,167.180801050831,86.4509046385752));
#2120=CARTESIAN_POINT('Origin',(-7.64992134856503,170.830801050831,98.2323035385006));
#2121=CARTESIAN_POINT('',(-7.64992134856527,170.830801050831,92.0257271739713));
#2122=CARTESIAN_POINT('Origin',(-7.64992134856503,170.830801050831,86.4509046385753));
#2123=CARTESIAN_POINT('',(-7.64992134856527,170.830801050831,86.1350277240087));
#2124=CARTESIAN_POINT('Origin',(-7.64992134856527,167.18080106755,85.819150809442));
#2125=CARTESIAN_POINT('',(-7.64992134856527,174.180801050829,93.594150809442));
#2126=CARTESIAN_POINT('Origin',(-7.64992134856527,167.18080106755,85.819150809442));
#2127=CARTESIAN_POINT('',(-7.64992134856527,160.180801050829,81.0941507169653));
#2128=CARTESIAN_POINT('Origin',(-7.64992134856527,167.18080106755,85.819150809442));
#2129=CARTESIAN_POINT('',(-7.64992134856527,174.180801050829,93.594150809442));
#2130=CARTESIAN_POINT('Origin',(-7.64992134856527,167.18080106755,85.819150809442));
#2131=CARTESIAN_POINT('',(-7.64992134856527,160.180801050829,81.0941507169653));
#2132=CARTESIAN_POINT('Origin',(5.0034774269901,172.827247660229,94.5422206584544));
#2133=CARTESIAN_POINT('',(6.35703081759002,174.180801050829,97.9556857339482));
#2134=CARTESIAN_POINT('Origin',(5.65960684561671,174.180801050829,101.369150809442));
#2135=CARTESIAN_POINT('Origin',(5.65960684561671,174.180801050829,101.369150809442));
#2136=CARTESIAN_POINT('',(7.64992403639683,174.180801050829,95.6100277240085));
#2137=CARTESIAN_POINT('',(6.35703081759002,174.180801050829,97.9556857339482));
#2138=CARTESIAN_POINT('',(7.64992394929908,174.180801050829,108.246886621504));
#2139=CARTESIAN_POINT('',(7.64992394929908,174.180801050829,101.369150809442));
#2140=CARTESIAN_POINT('',(11.499685579016,174.180801050829,108.246886621504));
#2141=CARTESIAN_POINT('',(5.65960684561671,174.180801050829,108.246886621504));
#2142=CARTESIAN_POINT('',(11.499789501973,174.180801050829,108.201829499053));
#2143=CARTESIAN_POINT('Origin',(5.84293525248064,174.180801050829,114.444677858606));
#2144=CARTESIAN_POINT('',(11.499789501973,174.180801050829,76.369150809442));
#2145=CARTESIAN_POINT('',(11.499789501973,174.180801050829,93.994150809442));
#2146=CARTESIAN_POINT('',(6.6499241234948,174.180801050829,76.369150809442));
#2147=CARTESIAN_POINT('',(-9.8096038964915,174.180801050829,76.369150809442));
#2148=CARTESIAN_POINT('',(6.6499241234948,174.180801050829,86.5442324316565));
#2149=CARTESIAN_POINT('Origin',(5.0034774269901,172.827247660229,94.5422206584544));
#2150=CARTESIAN_POINT('Origin',(5.65960684561671,174.180801050829,101.369150809442));
#2151=CARTESIAN_POINT('Origin',(-5.00347473915856,161.534354441429,92.0515212084915));
#2152=CARTESIAN_POINT('',(-6.35702812975843,160.180801050829,84.21033591649));
#2153=CARTESIAN_POINT('Origin',(5.0034774269901,161.534354441429,94.5422206584544));
#2154=CARTESIAN_POINT('',(6.35703081759005,160.180801050829,85.4556856414715));
#2155=CARTESIAN_POINT('Origin',(5.0034774269901,161.534354441429,94.5422206584544));
#2156=CARTESIAN_POINT('',(6.35703081759005,160.180801050829,85.4556856414715));
#2157=CARTESIAN_POINT('Origin',(-5.00347473915856,161.534354441429,92.0515212084915));
#2158=CARTESIAN_POINT('',(-6.35702812975843,160.180801050829,84.21033591649));
#2159=CARTESIAN_POINT('Origin',(5.65960684561671,160.180801050829,76.3691506244887));
#2160=CARTESIAN_POINT('Origin',(5.65960684561671,160.180801050829,76.3691506244887));
#2161=CARTESIAN_POINT('Origin',(5.65960684561671,160.180801050829,76.3691506244887));
#2162=CARTESIAN_POINT('',(7.64992403639683,160.180801050829,83.1100276315318));
#2163=CARTESIAN_POINT('',(6.6499241234948,160.180801050829,76.369150809442));
#2164=CARTESIAN_POINT('',(6.6499241234948,160.180801050829,74.0442323391799));
#2165=CARTESIAN_POINT('',(11.499789501973,160.180801050829,76.369150809442));
#2166=CARTESIAN_POINT('',(-10.6596038964915,160.180801050829,76.369150809442));
#2167=CARTESIAN_POINT('',(11.499789501973,160.180801050829,105.165172785723));
#2168=CARTESIAN_POINT('',(11.499789501973,160.180801050829,81.4941507169654));
#2169=CARTESIAN_POINT('',(11.4974011329529,160.180801050829,105.335124747375));
#2170=CARTESIAN_POINT('Origin',(5.84293525248064,160.180801050829,109.34909457888));
#2171=CARTESIAN_POINT('',(7.64992394929908,160.180801050829,105.335124747375));
#2172=CARTESIAN_POINT('',(5.65960684561671,160.180801050829,105.335124747375));
#2173=CARTESIAN_POINT('',(7.64992394929908,160.180801050829,88.8691507169653));
#2174=CARTESIAN_POINT('Origin',(-4.99200593390685,167.180801050832,98.2323035385009));
#2175=CARTESIAN_POINT('',(-4.99200593390685,167.180801050832,98.2323035385009));
#2176=CARTESIAN_POINT('',(-3.31769015325695,170.080801050832,98.2323035385009));
#2177=CARTESIAN_POINT('Origin',(-2.59600231676994,163.030801050833,98.2323035385009));
#2178=CARTESIAN_POINT('',(-3.31769015325696,164.280801050833,98.2323035385009));
#2179=CARTESIAN_POINT('Origin',(2.39600491750395,164.280801050833,98.2323035385009));
#2180=CARTESIAN_POINT('',(3.11769275399098,164.280801050833,98.2323035385009));
#2181=CARTESIAN_POINT('Origin',(4.79200853464089,167.180801050832,98.2323035385009));
#2182=CARTESIAN_POINT('',(4.79200853464089,167.180801050832,98.2323035385009));
#2183=CARTESIAN_POINT('Origin',(2.39600491750396,171.330801050832,98.2323035385009));
#2184=CARTESIAN_POINT('',(3.11769275399099,170.080801050832,98.2323035385009));
#2185=CARTESIAN_POINT('Origin',(-2.39600231676993,170.080801050832,98.2323035385009));
#2186=CARTESIAN_POINT('Origin',(7.64992394929908,161.080801050829,101.369150809442));
#2187=CARTESIAN_POINT('',(7.64992394929908,162.154740620852,108.154202609732));
#2188=CARTESIAN_POINT('Origin',(7.64992394929908,163.180801050829,105.335124747375));
#2189=CARTESIAN_POINT('',(7.64992394929908,170.154740620852,111.065964483862));
#2190=CARTESIAN_POINT('',(7.64992394929908,161.447720311293,107.896868262031));
#2191=CARTESIAN_POINT('Origin',(7.64992394929908,171.180801050829,108.246886621504));
#2192=CARTESIAN_POINT('Origin',(7.64992403639683,167.180801050829,89.8509046385749));
#2193=CARTESIAN_POINT('Origin',(1.30036700921985E-6,167.180801050829,96.2323035371784));
#2194=CARTESIAN_POINT('',(1.65000130036702,167.180801050829,96.2323035371784));
#2195=CARTESIAN_POINT('Origin',(6.6499241234948,160.680801050829,71.7193140538711));
#2196=CARTESIAN_POINT('Origin',(6.6499241234948,167.180801050829,76.369150809442));
#2197=CARTESIAN_POINT('',(6.6499241234948,165.530801050829,76.369150809442));
#2198=CARTESIAN_POINT('Origin',(6.6499241234948,167.180801050829,76.369150809442));
#2199=CARTESIAN_POINT('Origin',(13.3877674217813,167.725633220129,98.1884790329947));
#2200=CARTESIAN_POINT('',(11.5225918331005,161.712315729659,107.951142878334));
#2201=CARTESIAN_POINT('',(16.8518690369191,167.041592933478,100.067864274567));
#2202=CARTESIAN_POINT('Ctrl Pts',(11.5225918331005,161.712315729659,107.951142878334));
#2203=CARTESIAN_POINT('Ctrl Pts',(11.5304295105877,161.639122078451,107.91005608267));
#2204=CARTESIAN_POINT('Ctrl Pts',(11.5371117965843,161.568421873577,107.866315804211));
#2205=CARTESIAN_POINT('Ctrl Pts',(11.5661033971635,161.215844691171,107.627965539654));
#2206=CARTESIAN_POINT('Ctrl Pts',(11.5712242854736,160.945387293333,107.369304019124));
#2207=CARTESIAN_POINT('Ctrl Pts',(11.5512291934267,160.520603450019,106.76980543654));
#2208=CARTESIAN_POINT('Ctrl Pts',(11.5270980893198,160.366209052751,106.428984080685));
#2209=CARTESIAN_POINT('Ctrl Pts',(11.4990182707401,160.215462094669,105.854101428848));
#2210=CARTESIAN_POINT('Ctrl Pts',(11.4901725519668,160.180801050829,105.594930494937));
#2211=CARTESIAN_POINT('Ctrl Pts',(11.4974011329529,160.180801050829,105.335124747375));
#2212=CARTESIAN_POINT('',(16.2161945465275,164.897206095383,98.1884790329947));
#2213=CARTESIAN_POINT('Origin',(-9.8096038964915,167.180801050829,76.369150809442));
#2214=CARTESIAN_POINT('',(-9.8096038964915,165.530801050829,76.369150809442));
#2215=CARTESIAN_POINT('Origin',(5.65960684561671,163.319918586479,108.578292706844));
#2216=CARTESIAN_POINT('',(11.4997890918043,162.154740620852,108.154202609732));
#2217=CARTESIAN_POINT('',(5.65960684561671,162.154740620852,108.154202609732));
#2218=CARTESIAN_POINT('',(11.4997890918043,170.154740620852,111.065964483862));
#2219=CARTESIAN_POINT('',(11.4997890918043,162.407846797817,108.246325724257));
#2220=CARTESIAN_POINT('',(5.65960684561671,170.154740620852,111.065964483862));
#2221=CARTESIAN_POINT('Origin',(5.65960684561671,171.180801050829,108.246886621504));
#2222=CARTESIAN_POINT('',(11.6073552755664,171.196442356229,111.246845846155));
#2223=CARTESIAN_POINT('Ctrl Pts',(11.499685579016,174.180801050829,108.246886621504));
#2224=CARTESIAN_POINT('Ctrl Pts',(11.4980061161738,174.180801050829,108.611886264359));
#2225=CARTESIAN_POINT('Ctrl Pts',(11.5420544859566,174.110502694056,108.979555715529));
#2226=CARTESIAN_POINT('Ctrl Pts',(11.6389998051615,173.85615866308,109.65528510394));
#2227=CARTESIAN_POINT('Ctrl Pts',(11.6996068520371,173.645217363899,110.003724403093));
#2228=CARTESIAN_POINT('Ctrl Pts',(11.7739761990085,173.099149440461,110.587776693341));
#2229=CARTESIAN_POINT('Ctrl Pts',(11.7866078359122,172.763728431998,110.823257825178));
#2230=CARTESIAN_POINT('Ctrl Pts',(11.7505392555736,172.069740600732,111.137680648407));
#2231=CARTESIAN_POINT('Ctrl Pts',(11.6990288479591,171.669394441164,111.23365408772));
#2232=CARTESIAN_POINT('Ctrl Pts',(11.61711732108,171.245603074877,111.246287545055));
#2233=CARTESIAN_POINT('Ctrl Pts',(11.6122771407186,171.221015547679,111.246717725483));
#2234=CARTESIAN_POINT('Ctrl Pts',(11.6073552755664,171.196442356229,111.246845846155));
#2235=CARTESIAN_POINT('Origin',(13.2318398993732,171.180801050829,108.246886621504));
#2236=CARTESIAN_POINT('Origin',(12.4492843465379,167.574451956771,99.8632749143193));
#2237=CARTESIAN_POINT('',(15.277711471284,170.402879081518,99.8632749143193));
#2238=CARTESIAN_POINT('',(15.9133859616756,166.89041167012,101.742660155891));
#2239=CARTESIAN_POINT('Origin',(12.999789501973,172.680801050829,93.994150809442));
#2240=CARTESIAN_POINT('Origin',(18.499789501973,167.180801050829,76.369150809442));
#2241=CARTESIAN_POINT('Origin',(-9.8096038964915,167.180801050829,76.369150809442));
#2242=CARTESIAN_POINT('Origin',(18.499789501973,167.180801050829,76.369150809442));
#2243=CARTESIAN_POINT('Origin',(12.999789501973,161.680801050829,81.4941507169654));
#2244=CARTESIAN_POINT('Origin',(5.65960684561671,163.180801050829,105.335124747375));
#2245=CARTESIAN_POINT('Origin',(13.2318398993732,163.180801050829,105.335124747375));
#2246=CARTESIAN_POINT('Origin',(12.5604492298427,162.124106113842,106.188033219599));
#2247=UNCERTAINTY_MEASURE_WITH_UNIT(LENGTH_MEASURE(0.01),#2251,
'DISTANCE_ACCURACY_VALUE',
'Maximum model space distance between geometric entities at asserted c
onnectivities');
#2248=UNCERTAINTY_MEASURE_WITH_UNIT(LENGTH_MEASURE(0.01),#2251,
'DISTANCE_ACCURACY_VALUE',
'Maximum model space distance between geometric entities at asserted c
onnectivities');
#2249=(
GEOMETRIC_REPRESENTATION_CONTEXT(3)
GLOBAL_UNCERTAINTY_ASSIGNED_CONTEXT((#2247))
GLOBAL_UNIT_ASSIGNED_CONTEXT((#2251,#2253,#2254))
REPRESENTATION_CONTEXT('','3D')
);
#2250=(
GEOMETRIC_REPRESENTATION_CONTEXT(3)
GLOBAL_UNCERTAINTY_ASSIGNED_CONTEXT((#2248))
GLOBAL_UNIT_ASSIGNED_CONTEXT((#2251,#2253,#2254))
REPRESENTATION_CONTEXT('','3D')
);
#2251=(
LENGTH_UNIT()
NAMED_UNIT(*)
SI_UNIT(.MILLI.,.METRE.)
);
#2252=(
LENGTH_UNIT()
NAMED_UNIT(*)
SI_UNIT($,.METRE.)
);
#2253=(
NAMED_UNIT(*)
PLANE_ANGLE_UNIT()
SI_UNIT($,.RADIAN.)
);
#2254=(
NAMED_UNIT(*)
SI_UNIT($,.STERADIAN.)
SOLID_ANGLE_UNIT()
);
#2255=SHAPE_DEFINITION_REPRESENTATION(#2256,#2257);
#2256=PRODUCT_DEFINITION_SHAPE('',$,#2259);
#2257=SHAPE_REPRESENTATION('',(#1373),#2249);
#2258=PRODUCT_DEFINITION_CONTEXT('part definition',#2263,'design');
#2259=PRODUCT_DEFINITION('48. Front Sight Left','48. Front Sight Left',
#2260,#2258);
#2260=PRODUCT_DEFINITION_FORMATION('',$,#2265);
#2261=PRODUCT_RELATED_PRODUCT_CATEGORY('48. Front Sight Left',
'48. Front Sight Left',(#2265));
#2262=APPLICATION_PROTOCOL_DEFINITION('international standard',
'automotive_design',2009,#2263);
#2263=APPLICATION_CONTEXT(
'Core Data for Automotive Mechanical Design Process');
#2264=PRODUCT_CONTEXT('part definition',#2263,'mechanical');
#2265=PRODUCT('48. Front Sight Left','48. Front Sight Left',$,(#2264));
#2266=PRESENTATION_STYLE_ASSIGNMENT((#2268));
#2267=PRESENTATION_STYLE_ASSIGNMENT((#2269));
#2268=SURFACE_STYLE_USAGE(.BOTH.,#2270);
#2269=SURFACE_STYLE_USAGE(.BOTH.,#2271);
#2270=SURFACE_SIDE_STYLE('',(#2272));
#2271=SURFACE_SIDE_STYLE('',(#2273));
#2272=SURFACE_STYLE_FILL_AREA(#2274);
#2273=SURFACE_STYLE_FILL_AREA(#2275);
#2274=FILL_AREA_STYLE('Steel - Satin',(#2276));
#2275=FILL_AREA_STYLE('Plastic - Matte (Black) (1)',(#2277));
#2276=FILL_AREA_STYLE_COLOUR('Steel - Satin',#2278);
#2277=FILL_AREA_STYLE_COLOUR('Plastic - Matte (Black) (1)',#2279);
#2278=COLOUR_RGB('Steel - Satin',0.627450980392157,0.627450980392157,0.627450980392157);
#2279=COLOUR_RGB('Plastic - Matte (Black) (1)',0.0980392156862745,0.0980392156862745,
0.0980392156862745);
ENDSEC;
END-ISO-10303-21;
