ISO-10303-21;
HEADER;
/* Generated by software containing ST-Developer
 * from STEP Tools, Inc. (www.steptools.com) 
 */

FILE_DESCRIPTION(
/* description */ (''),
/* implementation_level */ '2;1');

FILE_NAME(
/* name */ '6. Round Suppressor Long.step',
/* time_stamp */ '2025-10-08T23:21:46+01:00',
/* author */ (''),
/* organization */ (''),
/* preprocessor_version */ 'ST-DEVELOPER v20.1',
/* originating_system */ 'Autodesk Translation Framework v14.10.0.0',
/* authorisation */ '');

FILE_SCHEMA (('AUTOMOTIVE_DESIGN { 1 0 10303 214 3 1 1 }'));
ENDSEC;

DATA;
#10=MECHANICAL_DESIGN_GEOMETRIC_PRESENTATION_REPRESENTATION('',(#13),#8403);
#11=SHAPE_REPRESENTATION_RELATIONSHIP('SRR','None',#8410,#12);
#12=ADVANCED_BREP_SHAPE_REPRESENTATION('',(#14),#8402);
#13=STYLED_ITEM('',(#8420),#14);
#14=MANIFOLD_SOLID_BREP('6. Round Suppressor Long',#1195);
#15=FACE_BOUND('',#161,.T.);
#16=FACE_BOUND('',#166,.T.);
#17=FACE_BOUND('',#176,.T.);
#18=B_SPLINE_SURFACE_WITH_KNOTS('',3,3,((#3433,#3434,#3435,#3436,#3437,
#3438,#3439,#3440,#3441,#3442,#3443,#3444,#3445,#3446,#3447,#3448,#3449,
#3450,#3451,#3452,#3453,#3454,#3455,#3456,#3457,#3458,#3459,#3460,#3461,
#3462,#3463,#3464,#3465,#3466,#3467,#3468,#3469,#3470,#3471,#3472,#3473,
#3474,#3475,#3476,#3477,#3478,#3479,#3480,#3481,#3482,#3483,#3484,#3485,
#3486,#3487,#3488,#3489,#3490,#3491,#3492,#3493,#3494,#3495,#3496,#3497,
#3498,#3499,#3500,#3501,#3502,#3503,#3504,#3505,#3506,#3507),(#3508,#3509,
#3510,#3511,#3512,#3513,#3514,#3515,#3516,#3517,#3518,#3519,#3520,#3521,
#3522,#3523,#3524,#3525,#3526,#3527,#3528,#3529,#3530,#3531,#3532,#3533,
#3534,#3535,#3536,#3537,#3538,#3539,#3540,#3541,#3542,#3543,#3544,#3545,
#3546,#3547,#3548,#3549,#3550,#3551,#3552,#3553,#3554,#3555,#3556,#3557,
#3558,#3559,#3560,#3561,#3562,#3563,#3564,#3565,#3566,#3567,#3568,#3569,
#3570,#3571,#3572,#3573,#3574,#3575,#3576,#3577,#3578,#3579,#3580,#3581,
#3582),(#3583,#3584,#3585,#3586,#3587,#3588,#3589,#3590,#3591,#3592,#3593,
#3594,#3595,#3596,#3597,#3598,#3599,#3600,#3601,#3602,#3603,#3604,#3605,
#3606,#3607,#3608,#3609,#3610,#3611,#3612,#3613,#3614,#3615,#3616,#3617,
#3618,#3619,#3620,#3621,#3622,#3623,#3624,#3625,#3626,#3627,#3628,#3629,
#3630,#3631,#3632,#3633,#3634,#3635,#3636,#3637,#3638,#3639,#3640,#3641,
#3642,#3643,#3644,#3645,#3646,#3647,#3648,#3649,#3650,#3651,#3652,#3653,
#3654,#3655,#3656,#3657),(#3658,#3659,#3660,#3661,#3662,#3663,#3664,#3665,
#3666,#3667,#3668,#3669,#3670,#3671,#3672,#3673,#3674,#3675,#3676,#3677,
#3678,#3679,#3680,#3681,#3682,#3683,#3684,#3685,#3686,#3687,#3688,#3689,
#3690,#3691,#3692,#3693,#3694,#3695,#3696,#3697,#3698,#3699,#3700,#3701,
#3702,#3703,#3704,#3705,#3706,#3707,#3708,#3709,#3710,#3711,#3712,#3713,
#3714,#3715,#3716,#3717,#3718,#3719,#3720,#3721,#3722,#3723,#3724,#3725,
#3726,#3727,#3728,#3729,#3730,#3731,#3732),(#3733,#3734,#3735,#3736,#3737,
#3738,#3739,#3740,#3741,#3742,#3743,#3744,#3745,#3746,#3747,#3748,#3749,
#3750,#3751,#3752,#3753,#3754,#3755,#3756,#3757,#3758,#3759,#3760,#3761,
#3762,#3763,#3764,#3765,#3766,#3767,#3768,#3769,#3770,#3771,#3772,#3773,
#3774,#3775,#3776,#3777,#3778,#3779,#3780,#3781,#3782,#3783,#3784,#3785,
#3786,#3787,#3788,#3789,#3790,#3791,#3792,#3793,#3794,#3795,#3796,#3797,
#3798,#3799,#3800,#3801,#3802,#3803,#3804,#3805,#3806,#3807)),
 .UNSPECIFIED.,.F.,.F.,.F.,(4,1,4),(4,1,1,1,1,1,1,1,1,1,1,1,1,1,1,1,1,1,
1,1,1,1,1,1,1,1,1,1,1,1,1,1,1,1,1,1,1,1,1,1,1,1,1,1,1,1,1,1,1,1,1,1,1,1,
1,1,1,1,1,1,1,1,1,1,1,1,1,1,1,1,1,1,4),(0.,0.571428571428571,1.),(1.59526947469516,
2.22643710341796,2.85760473214077,3.48877236086357,4.11993998958638,4.75110761830918,
5.38227524703199,6.01344287575479,6.6446105044776,7.20564839667564,7.76668628887369,
8.32772418107174,8.88876207326979,9.44979996546784,10.0108378576659,10.4316162768144,
10.852394695963,11.2731731151115,11.69395153426,12.1147299534086,12.5355083725571,
12.9562867917056,13.3770652108542,13.7978436300027,14.2186220491513,14.6394004682998,
15.0601788874483,15.6212167796464,16.1822546718444,16.7432925640425,17.3043304562405,
17.8653683484386,18.4264062406366,18.9874441328347,19.5484820250327,19.6887414980822,
20.1095199172308,20.5302983363793,20.9510767555278,21.3718551746764,21.7926335938249,
22.2134120129735,22.634190432122,23.0549688512705,23.4757472704191,23.8965256895676,
24.3173041087161,24.7380825278647,25.1588609470132,25.5796393661617,26.0004177853103,
26.4211962044588,26.8419746236074,27.2627530427559,27.6835314619044,28.104309881053,
28.5250883002015,28.94586671935,29.3666451384986,29.7874235576471,30.2082019767957,
30.6289803959442,31.0497588150927,31.4705372342413,31.8913156533898,32.5224832821126,
33.1536509108354,33.7848185395582,34.415986168281,35.0471537970038,35.6783214257266,
36.3094890544494,36.9406566831722),.UNSPECIFIED.);
#19=B_SPLINE_SURFACE_WITH_KNOTS('',3,3,((#3930,#3931,#3932,#3933,#3934,
#3935,#3936,#3937,#3938,#3939,#3940,#3941,#3942,#3943,#3944,#3945,#3946,
#3947,#3948,#3949,#3950,#3951,#3952,#3953,#3954,#3955,#3956,#3957,#3958,
#3959,#3960,#3961,#3962,#3963,#3964,#3965,#3966,#3967,#3968,#3969,#3970,
#3971,#3972,#3973,#3974,#3975,#3976,#3977,#3978,#3979,#3980,#3981,#3982,
#3983,#3984,#3985,#3986,#3987,#3988,#3989,#3990,#3991,#3992,#3993,#3994,
#3995,#3996,#3997,#3998),(#3999,#4000,#4001,#4002,#4003,#4004,#4005,#4006,
#4007,#4008,#4009,#4010,#4011,#4012,#4013,#4014,#4015,#4016,#4017,#4018,
#4019,#4020,#4021,#4022,#4023,#4024,#4025,#4026,#4027,#4028,#4029,#4030,
#4031,#4032,#4033,#4034,#4035,#4036,#4037,#4038,#4039,#4040,#4041,#4042,
#4043,#4044,#4045,#4046,#4047,#4048,#4049,#4050,#4051,#4052,#4053,#4054,
#4055,#4056,#4057,#4058,#4059,#4060,#4061,#4062,#4063,#4064,#4065,#4066,
#4067),(#4068,#4069,#4070,#4071,#4072,#4073,#4074,#4075,#4076,#4077,#4078,
#4079,#4080,#4081,#4082,#4083,#4084,#4085,#4086,#4087,#4088,#4089,#4090,
#4091,#4092,#4093,#4094,#4095,#4096,#4097,#4098,#4099,#4100,#4101,#4102,
#4103,#4104,#4105,#4106,#4107,#4108,#4109,#4110,#4111,#4112,#4113,#4114,
#4115,#4116,#4117,#4118,#4119,#4120,#4121,#4122,#4123,#4124,#4125,#4126,
#4127,#4128,#4129,#4130,#4131,#4132,#4133,#4134,#4135,#4136),(#4137,#4138,
#4139,#4140,#4141,#4142,#4143,#4144,#4145,#4146,#4147,#4148,#4149,#4150,
#4151,#4152,#4153,#4154,#4155,#4156,#4157,#4158,#4159,#4160,#4161,#4162,
#4163,#4164,#4165,#4166,#4167,#4168,#4169,#4170,#4171,#4172,#4173,#4174,
#4175,#4176,#4177,#4178,#4179,#4180,#4181,#4182,#4183,#4184,#4185,#4186,
#4187,#4188,#4189,#4190,#4191,#4192,#4193,#4194,#4195,#4196,#4197,#4198,
#4199,#4200,#4201,#4202,#4203,#4204,#4205)),.UNSPECIFIED.,.F.,.F.,.F.,(4,
4),(4,1,1,1,1,1,1,1,1,1,1,1,1,1,1,1,1,1,1,1,1,1,1,1,1,1,1,1,1,1,1,1,1,1,
1,1,1,1,1,1,1,1,1,1,1,1,1,1,1,1,1,1,1,1,1,1,1,1,1,1,1,1,1,1,1,1,4),(0.005772030268516,
0.0968182001390713),(14.8831637251991,15.6651815829194,16.4471994406397,
17.22921729836,18.0112351560803,18.7932530138006,19.5752708715209,20.3572887292412,
21.1393065869615,21.6606518254417,22.1819970639219,22.7033423024021,23.2246875408823,
23.9198145255225,24.2673780178427,25.049395875563,25.8314137332833,26.6134315910036,
27.3954494487239,28.1774673064442,28.9594851641645,29.7415030218848,30.5235208796051,
31.0448661180853,31.5662113565655,32.0875565950457,32.6089018335259,33.1302470720061,
33.6515923104863,34.1729375489665,34.6942827874467,35.2156280259269,35.7369732644071,
36.2583185028873,36.7796637413675,37.5616815990878,38.3436994568081,39.1257173145284,
39.9077351722486,40.6897530299689,41.4717708876892,42.2537887454095,43.0358066031298,
43.8178244608501,44.5998423185704,45.3818601762907,46.163878034011,46.6852232724912,
47.2065685109714,47.7279137494516,48.2492589879318,48.770604226412,49.2919494648922,
49.8132947033724,50.3346399418526,50.8559851803328,51.377330418813,51.8986756572932,
52.4200208957734,53.2020387534937,53.984056611214,54.7660744689343,55.5480923266546,
56.3301101843749,57.1121280420952,57.8941458998155,58.6761637575358),
 .UNSPECIFIED.);
#20=B_SPLINE_SURFACE_WITH_KNOTS('',3,3,((#4491,#4492,#4493,#4494,#4495,
#4496,#4497,#4498,#4499,#4500,#4501,#4502,#4503,#4504,#4505,#4506,#4507,
#4508,#4509,#4510,#4511,#4512,#4513,#4514,#4515,#4516,#4517,#4518,#4519,
#4520,#4521,#4522,#4523,#4524,#4525,#4526,#4527,#4528,#4529,#4530,#4531,
#4532,#4533,#4534,#4535,#4536,#4537,#4538,#4539,#4540,#4541,#4542,#4543,
#4544,#4545,#4546,#4547,#4548,#4549,#4550,#4551,#4552,#4553,#4554,#4555,
#4556,#4557,#4558,#4559,#4560,#4561,#4562,#4563,#4564,#4565,#4566),(#4567,
#4568,#4569,#4570,#4571,#4572,#4573,#4574,#4575,#4576,#4577,#4578,#4579,
#4580,#4581,#4582,#4583,#4584,#4585,#4586,#4587,#4588,#4589,#4590,#4591,
#4592,#4593,#4594,#4595,#4596,#4597,#4598,#4599,#4600,#4601,#4602,#4603,
#4604,#4605,#4606,#4607,#4608,#4609,#4610,#4611,#4612,#4613,#4614,#4615,
#4616,#4617,#4618,#4619,#4620,#4621,#4622,#4623,#4624,#4625,#4626,#4627,
#4628,#4629,#4630,#4631,#4632,#4633,#4634,#4635,#4636,#4637,#4638,#4639,
#4640,#4641,#4642),(#4643,#4644,#4645,#4646,#4647,#4648,#4649,#4650,#4651,
#4652,#4653,#4654,#4655,#4656,#4657,#4658,#4659,#4660,#4661,#4662,#4663,
#4664,#4665,#4666,#4667,#4668,#4669,#4670,#4671,#4672,#4673,#4674,#4675,
#4676,#4677,#4678,#4679,#4680,#4681,#4682,#4683,#4684,#4685,#4686,#4687,
#4688,#4689,#4690,#4691,#4692,#4693,#4694,#4695,#4696,#4697,#4698,#4699,
#4700,#4701,#4702,#4703,#4704,#4705,#4706,#4707,#4708,#4709,#4710,#4711,
#4712,#4713,#4714,#4715,#4716,#4717,#4718),(#4719,#4720,#4721,#4722,#4723,
#4724,#4725,#4726,#4727,#4728,#4729,#4730,#4731,#4732,#4733,#4734,#4735,
#4736,#4737,#4738,#4739,#4740,#4741,#4742,#4743,#4744,#4745,#4746,#4747,
#4748,#4749,#4750,#4751,#4752,#4753,#4754,#4755,#4756,#4757,#4758,#4759,
#4760,#4761,#4762,#4763,#4764,#4765,#4766,#4767,#4768,#4769,#4770,#4771,
#4772,#4773,#4774,#4775,#4776,#4777,#4778,#4779,#4780,#4781,#4782,#4783,
#4784,#4785,#4786,#4787,#4788,#4789,#4790,#4791,#4792,#4793,#4794),(#4795,
#4796,#4797,#4798,#4799,#4800,#4801,#4802,#4803,#4804,#4805,#4806,#4807,
#4808,#4809,#4810,#4811,#4812,#4813,#4814,#4815,#4816,#4817,#4818,#4819,
#4820,#4821,#4822,#4823,#4824,#4825,#4826,#4827,#4828,#4829,#4830,#4831,
#4832,#4833,#4834,#4835,#4836,#4837,#4838,#4839,#4840,#4841,#4842,#4843,
#4844,#4845,#4846,#4847,#4848,#4849,#4850,#4851,#4852,#4853,#4854,#4855,
#4856,#4857,#4858,#4859,#4860,#4861,#4862,#4863,#4864,#4865,#4866,#4867,
#4868,#4869,#4870)),.UNSPECIFIED.,.F.,.F.,.F.,(4,1,4),(4,1,1,1,1,1,1,1,
1,1,1,1,1,1,1,1,1,1,1,1,1,1,1,1,1,1,1,1,1,1,1,1,1,1,1,1,1,1,1,1,1,1,1,1,
1,1,1,1,1,1,1,1,1,1,1,1,1,1,1,1,1,1,1,1,1,1,1,1,1,1,1,1,1,4),(0.,0.571428571428571,
1.),(1.59526947469533,2.22643710341813,2.85760473214093,3.48877236086373,
4.11993998958653,4.75110761830933,5.06669143267073,5.38227524703212,6.01344287575492,
6.64461050447772,7.20564839667576,7.76668628887381,8.32772418107185,8.74850260022038,
9.16928101936891,9.59005943851745,10.010837857666,10.4316162768145,10.852394695963,
11.2731731151116,11.6939515342601,12.1147299534086,12.5355083725572,12.9562867917057,
13.3770652108542,13.9381031030523,14.4991409952503,15.0601788874484,15.6212167796464,
15.9017357257454,16.322514144894,16.7432925640425,17.164070983191,17.5848494023396,
17.8653683484386,18.4264062406366,18.9874441328347,19.5484820250327,20.1095199172307,
20.5302983363793,20.9510767555278,21.3718551746763,21.7926335938249,22.2134120129734,
22.6341904321219,23.0549688512705,23.475747270419,24.0367851626171,24.5978230548151,
25.1588609470131,25.5796393661617,26.0004177853102,26.4211962044587,26.8419746236073,
27.4731422523301,28.1043098810529,28.7354775097757,29.0510613241371,29.3666451384985,
29.9276830306965,30.2082019767955,30.6289803959441,31.0497588150926,31.4705372342411,
31.8913156533896,32.206899467751,32.5224832821124,33.1536509108352,33.784818539558,
34.4159861682808,35.0471537970036,35.6783214257264,36.3094890544492,36.940656683172),
 .UNSPECIFIED.);
#21=B_SPLINE_SURFACE_WITH_KNOTS('',3,3,((#4970,#4971,#4972,#4973,#4974,
#4975,#4976,#4977,#4978,#4979,#4980,#4981,#4982,#4983,#4984,#4985,#4986,
#4987,#4988,#4989,#4990,#4991,#4992,#4993,#4994,#4995,#4996,#4997,#4998,
#4999,#5000,#5001,#5002,#5003,#5004,#5005,#5006,#5007,#5008,#5009,#5010,
#5011,#5012,#5013,#5014,#5015,#5016,#5017,#5018,#5019,#5020,#5021,#5022,
#5023,#5024,#5025,#5026,#5027,#5028,#5029,#5030,#5031,#5032,#5033,#5034,
#5035,#5036,#5037,#5038,#5039,#5040,#5041),(#5042,#5043,#5044,#5045,#5046,
#5047,#5048,#5049,#5050,#5051,#5052,#5053,#5054,#5055,#5056,#5057,#5058,
#5059,#5060,#5061,#5062,#5063,#5064,#5065,#5066,#5067,#5068,#5069,#5070,
#5071,#5072,#5073,#5074,#5075,#5076,#5077,#5078,#5079,#5080,#5081,#5082,
#5083,#5084,#5085,#5086,#5087,#5088,#5089,#5090,#5091,#5092,#5093,#5094,
#5095,#5096,#5097,#5098,#5099,#5100,#5101,#5102,#5103,#5104,#5105,#5106,
#5107,#5108,#5109,#5110,#5111,#5112,#5113),(#5114,#5115,#5116,#5117,#5118,
#5119,#5120,#5121,#5122,#5123,#5124,#5125,#5126,#5127,#5128,#5129,#5130,
#5131,#5132,#5133,#5134,#5135,#5136,#5137,#5138,#5139,#5140,#5141,#5142,
#5143,#5144,#5145,#5146,#5147,#5148,#5149,#5150,#5151,#5152,#5153,#5154,
#5155,#5156,#5157,#5158,#5159,#5160,#5161,#5162,#5163,#5164,#5165,#5166,
#5167,#5168,#5169,#5170,#5171,#5172,#5173,#5174,#5175,#5176,#5177,#5178,
#5179,#5180,#5181,#5182,#5183,#5184,#5185),(#5186,#5187,#5188,#5189,#5190,
#5191,#5192,#5193,#5194,#5195,#5196,#5197,#5198,#5199,#5200,#5201,#5202,
#5203,#5204,#5205,#5206,#5207,#5208,#5209,#5210,#5211,#5212,#5213,#5214,
#5215,#5216,#5217,#5218,#5219,#5220,#5221,#5222,#5223,#5224,#5225,#5226,
#5227,#5228,#5229,#5230,#5231,#5232,#5233,#5234,#5235,#5236,#5237,#5238,
#5239,#5240,#5241,#5242,#5243,#5244,#5245,#5246,#5247,#5248,#5249,#5250,
#5251,#5252,#5253,#5254,#5255,#5256,#5257)),.UNSPECIFIED.,.F.,.F.,.F.,(4,
4),(4,1,1,1,1,1,1,1,1,1,1,1,1,1,1,1,1,1,1,1,1,1,1,1,1,1,1,1,1,1,1,1,1,1,
1,1,1,1,1,1,1,1,1,1,1,1,1,1,1,1,1,1,1,1,1,1,1,1,1,1,1,1,1,1,1,1,1,1,1,4),
(3.44000403060754E-6,0.0910496098745306),(11.4843225396515,12.2663403973718,
13.0483582550921,13.8303761128124,14.6123939705327,15.394411828253,16.1764296859733,
16.9584475436936,17.7404654014139,18.2618106398941,18.7831558783743,19.3045011168545,
19.8258463553347,20.5209733399749,21.2161003246152,21.3898820707753,21.9112273092555,
22.4325725477357,22.9539177862159,23.4752630246961,23.9966082631763,24.7786261208966,
25.5606439786169,26.0819892170971,26.6033344555773,27.1246796940574,27.9066975517777,
28.688715409498,29.4707332672183,30.2527511249386,31.0347689826589,31.8167868403792,
32.5988046980995,33.3808225558198,34.1628404135401,34.9448582712604,35.7268761289807,
36.508893986701,37.0302392251812,37.5515844636614,37.8991479559815,38.5942749406218,
39.2894019252621,39.9845289099023,40.6796558945426,41.2010011330228,41.722346371503,
42.2436916099832,42.7650368484634,43.2863820869436,43.8077273254238,44.329072563904,
44.8504178023842,45.3717630408644,45.8931082793446,46.4144535178248,46.9357987563049,
47.6309257409452,48.3260527255855,49.0211797102257,49.2166841746558,49.4121886390859,
49.803197567946,50.5852154256663,51.3672332833866,52.1492511411069,52.9312689988272,
53.7132868565475,54.4953047142678,55.2773225719881),.UNSPECIFIED.);
#22=B_SPLINE_SURFACE_WITH_KNOTS('',3,3,((#5383,#5384,#5385,#5386,#5387,
#5388,#5389,#5390,#5391,#5392,#5393,#5394,#5395,#5396,#5397,#5398,#5399,
#5400,#5401,#5402,#5403,#5404,#5405,#5406,#5407,#5408,#5409,#5410,#5411,
#5412,#5413,#5414,#5415,#5416,#5417,#5418,#5419,#5420,#5421,#5422,#5423,
#5424,#5425,#5426,#5427,#5428,#5429,#5430,#5431,#5432,#5433,#5434,#5435,
#5436,#5437,#5438,#5439,#5440,#5441,#5442,#5443,#5444,#5445,#5446,#5447,
#5448,#5449,#5450,#5451,#5452,#5453,#5454,#5455,#5456,#5457,#5458,#5459,
#5460,#5461,#5462,#5463,#5464,#5465,#5466,#5467,#5468,#5469,#5470,#5471,
#5472,#5473,#5474,#5475,#5476,#5477,#5478,#5479,#5480,#5481,#5482,#5483,
#5484,#5485,#5486,#5487,#5488,#5489,#5490,#5491,#5492,#5493,#5494,#5495,
#5496,#5497),(#5498,#5499,#5500,#5501,#5502,#5503,#5504,#5505,#5506,#5507,
#5508,#5509,#5510,#5511,#5512,#5513,#5514,#5515,#5516,#5517,#5518,#5519,
#5520,#5521,#5522,#5523,#5524,#5525,#5526,#5527,#5528,#5529,#5530,#5531,
#5532,#5533,#5534,#5535,#5536,#5537,#5538,#5539,#5540,#5541,#5542,#5543,
#5544,#5545,#5546,#5547,#5548,#5549,#5550,#5551,#5552,#5553,#5554,#5555,
#5556,#5557,#5558,#5559,#5560,#5561,#5562,#5563,#5564,#5565,#5566,#5567,
#5568,#5569,#5570,#5571,#5572,#5573,#5574,#5575,#5576,#5577,#5578,#5579,
#5580,#5581,#5582,#5583,#5584,#5585,#5586,#5587,#5588,#5589,#5590,#5591,
#5592,#5593,#5594,#5595,#5596,#5597,#5598,#5599,#5600,#5601,#5602,#5603,
#5604,#5605,#5606,#5607,#5608,#5609,#5610,#5611,#5612),(#5613,#5614,#5615,
#5616,#5617,#5618,#5619,#5620,#5621,#5622,#5623,#5624,#5625,#5626,#5627,
#5628,#5629,#5630,#5631,#5632,#5633,#5634,#5635,#5636,#5637,#5638,#5639,
#5640,#5641,#5642,#5643,#5644,#5645,#5646,#5647,#5648,#5649,#5650,#5651,
#5652,#5653,#5654,#5655,#5656,#5657,#5658,#5659,#5660,#5661,#5662,#5663,
#5664,#5665,#5666,#5667,#5668,#5669,#5670,#5671,#5672,#5673,#5674,#5675,
#5676,#5677,#5678,#5679,#5680,#5681,#5682,#5683,#5684,#5685,#5686,#5687,
#5688,#5689,#5690,#5691,#5692,#5693,#5694,#5695,#5696,#5697,#5698,#5699,
#5700,#5701,#5702,#5703,#5704,#5705,#5706,#5707,#5708,#5709,#5710,#5711,
#5712,#5713,#5714,#5715,#5716,#5717,#5718,#5719,#5720,#5721,#5722,#5723,
#5724,#5725,#5726,#5727),(#5728,#5729,#5730,#5731,#5732,#5733,#5734,#5735,
#5736,#5737,#5738,#5739,#5740,#5741,#5742,#5743,#5744,#5745,#5746,#5747,
#5748,#5749,#5750,#5751,#5752,#5753,#5754,#5755,#5756,#5757,#5758,#5759,
#5760,#5761,#5762,#5763,#5764,#5765,#5766,#5767,#5768,#5769,#5770,#5771,
#5772,#5773,#5774,#5775,#5776,#5777,#5778,#5779,#5780,#5781,#5782,#5783,
#5784,#5785,#5786,#5787,#5788,#5789,#5790,#5791,#5792,#5793,#5794,#5795,
#5796,#5797,#5798,#5799,#5800,#5801,#5802,#5803,#5804,#5805,#5806,#5807,
#5808,#5809,#5810,#5811,#5812,#5813,#5814,#5815,#5816,#5817,#5818,#5819,
#5820,#5821,#5822,#5823,#5824,#5825,#5826,#5827,#5828,#5829,#5830,#5831,
#5832,#5833,#5834,#5835,#5836,#5837,#5838,#5839,#5840,#5841,#5842),(#5843,
#5844,#5845,#5846,#5847,#5848,#5849,#5850,#5851,#5852,#5853,#5854,#5855,
#5856,#5857,#5858,#5859,#5860,#5861,#5862,#5863,#5864,#5865,#5866,#5867,
#5868,#5869,#5870,#5871,#5872,#5873,#5874,#5875,#5876,#5877,#5878,#5879,
#5880,#5881,#5882,#5883,#5884,#5885,#5886,#5887,#5888,#5889,#5890,#5891,
#5892,#5893,#5894,#5895,#5896,#5897,#5898,#5899,#5900,#5901,#5902,#5903,
#5904,#5905,#5906,#5907,#5908,#5909,#5910,#5911,#5912,#5913,#5914,#5915,
#5916,#5917,#5918,#5919,#5920,#5921,#5922,#5923,#5924,#5925,#5926,#5927,
#5928,#5929,#5930,#5931,#5932,#5933,#5934,#5935,#5936,#5937,#5938,#5939,
#5940,#5941,#5942,#5943,#5944,#5945,#5946,#5947,#5948,#5949,#5950,#5951,
#5952,#5953,#5954,#5955,#5956,#5957)),.UNSPECIFIED.,.F.,.F.,.F.,(4,1,4),
(4,1,1,1,1,1,1,1,1,1,1,1,1,1,1,1,1,1,1,1,1,1,1,1,1,1,1,1,1,1,1,1,1,1,1,
1,1,1,1,1,1,1,1,1,1,1,1,1,1,1,1,1,1,1,1,1,1,1,1,1,1,1,1,1,1,1,1,1,1,1,1,
1,1,1,1,1,1,1,1,1,1,1,1,1,1,1,1,1,1,1,1,1,1,1,1,1,1,1,1,1,1,1,1,1,1,1,1,
1,1,1,1,1,4),(0.,0.571428571428571,1.),(2.46110109279014,3.18697543082249,
3.91284976885485,4.6387241068872,5.36459844491955,6.09047278295191,6.81634712098426,
7.54222145901662,8.26809579704897,8.99397013508133,9.71984447311368,10.445718811146,
11.1715931491784,11.8974674872107,12.6233418252431,13.3492161632755,14.0750905013078,
15.0429229520176,16.0107554027274,16.9785878534372,17.946420304147,18.8067158158891,
19.2368635717601,19.8820852055666,20.5273068393732,21.1725284731797,21.8177501069863,
22.4629717407928,23.1081933745993,23.7534150084059,24.3986366422124,24.6137105201479,
25.2589321539545,25.6890799098255,26.6569123605353,27.6247448112451,28.5925772619549,
29.5604097126647,30.0443259380196,30.2056313464712,30.8508529802778,31.4960746140843,
32.2219489521167,32.947823290149,33.6736976281814,34.3995719662137,35.1254463042461,
35.8513206422785,36.5771949803108,37.3030693183432,38.0289436563755,38.7548179944079,
39.4806923324402,40.2065666704726,40.9324410085049,41.6583153465373,42.3841896845696,
43.110064022602,44.0778964733118,45.0457289240216,46.0135613747314,46.7394357127638,
47.4653100507961,48.1911843888285,48.9170587268608,49.8848911775706,50.8527236282804,
51.497945262087,52.1431668958935,52.7883885297001,53.2185362855711,54.0788317973131,
54.7240534311197,55.3692750649262,56.0144966987327,56.6597183325393,57.6275507832491,
58.5953832339589,59.5632156846687,60.5310481353785,61.4988805860883,61.9827968114432,
62.4667130367981,63.4345454875079,64.4023779382177,65.0475995720243,65.6928212058308,
66.3380428396373,66.9832644734439,67.6284861072504,68.2737077410569,68.703855496928,
69.56415100867,70.2093726424766,70.8545942762831,71.4998159100896,72.1450375438962,
72.8709118819285,73.5967862199609,74.3226605579932,75.0485348960256,75.7744092340579,
76.5002835720903,77.2261579101227,77.952032248155,78.6779065861874,79.4037809242197,
80.1296552622521,80.8555296002844,81.5814039383168,82.3072782763491,83.0331526143815,
83.7590269524138),.UNSPECIFIED.);
#23=B_SPLINE_SURFACE_WITH_KNOTS('',3,3,((#6146,#6147,#6148,#6149,#6150,
#6151,#6152,#6153,#6154,#6155,#6156,#6157,#6158,#6159,#6160,#6161,#6162,
#6163,#6164,#6165,#6166,#6167,#6168,#6169,#6170,#6171,#6172,#6173,#6174,
#6175,#6176,#6177,#6178,#6179,#6180,#6181,#6182,#6183,#6184,#6185,#6186,
#6187,#6188,#6189,#6190,#6191,#6192,#6193,#6194,#6195,#6196,#6197,#6198,
#6199,#6200,#6201,#6202,#6203,#6204,#6205,#6206,#6207,#6208,#6209,#6210,
#6211,#6212,#6213,#6214,#6215,#6216,#6217,#6218,#6219,#6220,#6221,#6222,
#6223,#6224,#6225,#6226,#6227,#6228,#6229,#6230,#6231,#6232,#6233,#6234,
#6235,#6236,#6237,#6238,#6239,#6240,#6241,#6242,#6243,#6244,#6245,#6246,
#6247,#6248,#6249,#6250,#6251,#6252,#6253,#6254,#6255,#6256,#6257,#6258,
#6259,#6260,#6261,#6262,#6263,#6264),(#6265,#6266,#6267,#6268,#6269,#6270,
#6271,#6272,#6273,#6274,#6275,#6276,#6277,#6278,#6279,#6280,#6281,#6282,
#6283,#6284,#6285,#6286,#6287,#6288,#6289,#6290,#6291,#6292,#6293,#6294,
#6295,#6296,#6297,#6298,#6299,#6300,#6301,#6302,#6303,#6304,#6305,#6306,
#6307,#6308,#6309,#6310,#6311,#6312,#6313,#6314,#6315,#6316,#6317,#6318,
#6319,#6320,#6321,#6322,#6323,#6324,#6325,#6326,#6327,#6328,#6329,#6330,
#6331,#6332,#6333,#6334,#6335,#6336,#6337,#6338,#6339,#6340,#6341,#6342,
#6343,#6344,#6345,#6346,#6347,#6348,#6349,#6350,#6351,#6352,#6353,#6354,
#6355,#6356,#6357,#6358,#6359,#6360,#6361,#6362,#6363,#6364,#6365,#6366,
#6367,#6368,#6369,#6370,#6371,#6372,#6373,#6374,#6375,#6376,#6377,#6378,
#6379,#6380,#6381,#6382,#6383),(#6384,#6385,#6386,#6387,#6388,#6389,#6390,
#6391,#6392,#6393,#6394,#6395,#6396,#6397,#6398,#6399,#6400,#6401,#6402,
#6403,#6404,#6405,#6406,#6407,#6408,#6409,#6410,#6411,#6412,#6413,#6414,
#6415,#6416,#6417,#6418,#6419,#6420,#6421,#6422,#6423,#6424,#6425,#6426,
#6427,#6428,#6429,#6430,#6431,#6432,#6433,#6434,#6435,#6436,#6437,#6438,
#6439,#6440,#6441,#6442,#6443,#6444,#6445,#6446,#6447,#6448,#6449,#6450,
#6451,#6452,#6453,#6454,#6455,#6456,#6457,#6458,#6459,#6460,#6461,#6462,
#6463,#6464,#6465,#6466,#6467,#6468,#6469,#6470,#6471,#6472,#6473,#6474,
#6475,#6476,#6477,#6478,#6479,#6480,#6481,#6482,#6483,#6484,#6485,#6486,
#6487,#6488,#6489,#6490,#6491,#6492,#6493,#6494,#6495,#6496,#6497,#6498,
#6499,#6500,#6501,#6502),(#6503,#6504,#6505,#6506,#6507,#6508,#6509,#6510,
#6511,#6512,#6513,#6514,#6515,#6516,#6517,#6518,#6519,#6520,#6521,#6522,
#6523,#6524,#6525,#6526,#6527,#6528,#6529,#6530,#6531,#6532,#6533,#6534,
#6535,#6536,#6537,#6538,#6539,#6540,#6541,#6542,#6543,#6544,#6545,#6546,
#6547,#6548,#6549,#6550,#6551,#6552,#6553,#6554,#6555,#6556,#6557,#6558,
#6559,#6560,#6561,#6562,#6563,#6564,#6565,#6566,#6567,#6568,#6569,#6570,
#6571,#6572,#6573,#6574,#6575,#6576,#6577,#6578,#6579,#6580,#6581,#6582,
#6583,#6584,#6585,#6586,#6587,#6588,#6589,#6590,#6591,#6592,#6593,#6594,
#6595,#6596,#6597,#6598,#6599,#6600,#6601,#6602,#6603,#6604,#6605,#6606,
#6607,#6608,#6609,#6610,#6611,#6612,#6613,#6614,#6615,#6616,#6617,#6618,
#6619,#6620,#6621)),.UNSPECIFIED.,.F.,.F.,.F.,(4,4),(4,1,1,1,1,1,1,1,1,
1,1,1,1,1,1,1,1,1,1,1,1,1,1,1,1,1,1,1,1,1,1,1,1,1,1,1,1,1,1,1,1,1,1,1,1,
1,1,1,1,1,1,1,1,1,1,1,1,1,1,1,1,1,1,1,1,1,1,1,1,1,1,1,1,1,1,1,1,1,1,1,1,
1,1,1,1,1,1,1,1,1,1,1,1,1,1,1,1,1,1,1,1,1,1,1,1,1,1,1,1,1,1,1,1,1,1,1,4),
(1.46759455835116E-6,0.0913432477578627),(11.4787739183341,12.0568534312864,
12.6349329442387,13.213012457191,13.7910919701433,14.3691714830955,14.9472509960478,
15.5253305090001,16.1034100219524,16.6814895349047,17.259569047857,17.8376485608093,
18.4157280737615,18.9938075867138,19.5718870996661,20.1499666126184,20.7280461255707,
21.2418945815283,21.7557430374859,22.2695914934435,22.783439949401,23.4685712240112,
23.8111368613162,24.3249853172738,24.8388337732314,25.352682229189,25.8665306851466,
26.5516619597567,26.8942275970618,27.2796139390299,27.6650002809981,28.0503866229663,
28.4357729649345,28.8211593069027,29.2065456488709,29.9773183328073,30.7480910167437,
31.51886370068,31.9042500426482,32.2896363846164,32.6750227265846,33.0604090685528,
33.4029747058579,34.088105980468,34.6019544364256,35.1158028923832,35.6296513483407,
36.1434998042983,36.4860654416034,37.1711967162135,37.6850451721711,38.1988936281287,
38.7127420840863,39.2265905400439,39.7404389960014,40.254287451959,40.7681359079166,
41.2819843638742,41.9671156384843,42.3096812757894,42.823529731747,43.3373781877046,
43.8512266436622,44.3650750996197,45.0502063742299,45.3927720115349,45.7781583535031,
46.1635446954713,46.5489310374395,46.9343173794077,47.7050900633441,48.4758627472804,
49.2466354312168,50.0174081151532,50.7881807990896,51.558953483026,52.3297261669624,
53.1004988508987,53.8712715348351,54.6420442187715,55.0274305607397,55.4128169027079,
56.1835895866443,56.9543622705806,57.725134954517,58.3032144674693,58.8812939804216,
59.4593734933739,60.0374530063262,60.6155325192785,61.1936120322307,61.771691545183,
62.3497710581353,62.8636195140929,63.3774679700505,63.8913164260081,64.6620891099445,
65.4328617938808,66.2036344778172,66.5890208197854,66.9744071617536,67.5524866747059,
68.1305661876582,68.7086457006105,69.2867252135628,69.864804726515,70.4428842394673,
71.0209637524196,71.5990432653719,72.1771227783242,72.7552022912765,73.3332818042288,
73.911361317181,74.4894408301333,75.0675203430856,75.6455998560379,76.2236793689902),
 .UNSPECIFIED.);
#24=B_SPLINE_SURFACE_WITH_KNOTS('',3,3,((#6886,#6887,#6888,#6889,#6890,
#6891,#6892,#6893,#6894,#6895,#6896,#6897,#6898,#6899,#6900,#6901,#6902,
#6903,#6904,#6905,#6906,#6907,#6908,#6909,#6910,#6911,#6912,#6913,#6914,
#6915,#6916,#6917,#6918,#6919,#6920,#6921,#6922,#6923,#6924,#6925,#6926,
#6927,#6928,#6929,#6930,#6931,#6932,#6933,#6934,#6935,#6936,#6937,#6938,
#6939,#6940,#6941,#6942,#6943,#6944,#6945,#6946,#6947,#6948,#6949,#6950,
#6951,#6952,#6953,#6954,#6955,#6956,#6957,#6958,#6959,#6960,#6961,#6962,
#6963,#6964,#6965,#6966,#6967,#6968,#6969,#6970,#6971,#6972,#6973,#6974,
#6975,#6976,#6977,#6978,#6979,#6980,#6981,#6982,#6983,#6984,#6985,#6986,
#6987,#6988,#6989,#6990,#6991,#6992,#6993,#6994,#6995,#6996),(#6997,#6998,
#6999,#7000,#7001,#7002,#7003,#7004,#7005,#7006,#7007,#7008,#7009,#7010,
#7011,#7012,#7013,#7014,#7015,#7016,#7017,#7018,#7019,#7020,#7021,#7022,
#7023,#7024,#7025,#7026,#7027,#7028,#7029,#7030,#7031,#7032,#7033,#7034,
#7035,#7036,#7037,#7038,#7039,#7040,#7041,#7042,#7043,#7044,#7045,#7046,
#7047,#7048,#7049,#7050,#7051,#7052,#7053,#7054,#7055,#7056,#7057,#7058,
#7059,#7060,#7061,#7062,#7063,#7064,#7065,#7066,#7067,#7068,#7069,#7070,
#7071,#7072,#7073,#7074,#7075,#7076,#7077,#7078,#7079,#7080,#7081,#7082,
#7083,#7084,#7085,#7086,#7087,#7088,#7089,#7090,#7091,#7092,#7093,#7094,
#7095,#7096,#7097,#7098,#7099,#7100,#7101,#7102,#7103,#7104,#7105,#7106,
#7107),(#7108,#7109,#7110,#7111,#7112,#7113,#7114,#7115,#7116,#7117,#7118,
#7119,#7120,#7121,#7122,#7123,#7124,#7125,#7126,#7127,#7128,#7129,#7130,
#7131,#7132,#7133,#7134,#7135,#7136,#7137,#7138,#7139,#7140,#7141,#7142,
#7143,#7144,#7145,#7146,#7147,#7148,#7149,#7150,#7151,#7152,#7153,#7154,
#7155,#7156,#7157,#7158,#7159,#7160,#7161,#7162,#7163,#7164,#7165,#7166,
#7167,#7168,#7169,#7170,#7171,#7172,#7173,#7174,#7175,#7176,#7177,#7178,
#7179,#7180,#7181,#7182,#7183,#7184,#7185,#7186,#7187,#7188,#7189,#7190,
#7191,#7192,#7193,#7194,#7195,#7196,#7197,#7198,#7199,#7200,#7201,#7202,
#7203,#7204,#7205,#7206,#7207,#7208,#7209,#7210,#7211,#7212,#7213,#7214,
#7215,#7216,#7217,#7218),(#7219,#7220,#7221,#7222,#7223,#7224,#7225,#7226,
#7227,#7228,#7229,#7230,#7231,#7232,#7233,#7234,#7235,#7236,#7237,#7238,
#7239,#7240,#7241,#7242,#7243,#7244,#7245,#7246,#7247,#7248,#7249,#7250,
#7251,#7252,#7253,#7254,#7255,#7256,#7257,#7258,#7259,#7260,#7261,#7262,
#7263,#7264,#7265,#7266,#7267,#7268,#7269,#7270,#7271,#7272,#7273,#7274,
#7275,#7276,#7277,#7278,#7279,#7280,#7281,#7282,#7283,#7284,#7285,#7286,
#7287,#7288,#7289,#7290,#7291,#7292,#7293,#7294,#7295,#7296,#7297,#7298,
#7299,#7300,#7301,#7302,#7303,#7304,#7305,#7306,#7307,#7308,#7309,#7310,
#7311,#7312,#7313,#7314,#7315,#7316,#7317,#7318,#7319,#7320,#7321,#7322,
#7323,#7324,#7325,#7326,#7327,#7328,#7329),(#7330,#7331,#7332,#7333,#7334,
#7335,#7336,#7337,#7338,#7339,#7340,#7341,#7342,#7343,#7344,#7345,#7346,
#7347,#7348,#7349,#7350,#7351,#7352,#7353,#7354,#7355,#7356,#7357,#7358,
#7359,#7360,#7361,#7362,#7363,#7364,#7365,#7366,#7367,#7368,#7369,#7370,
#7371,#7372,#7373,#7374,#7375,#7376,#7377,#7378,#7379,#7380,#7381,#7382,
#7383,#7384,#7385,#7386,#7387,#7388,#7389,#7390,#7391,#7392,#7393,#7394,
#7395,#7396,#7397,#7398,#7399,#7400,#7401,#7402,#7403,#7404,#7405,#7406,
#7407,#7408,#7409,#7410,#7411,#7412,#7413,#7414,#7415,#7416,#7417,#7418,
#7419,#7420,#7421,#7422,#7423,#7424,#7425,#7426,#7427,#7428,#7429,#7430,
#7431,#7432,#7433,#7434,#7435,#7436,#7437,#7438,#7439,#7440)),
 .UNSPECIFIED.,.F.,.F.,.F.,(4,1,4),(4,1,1,1,1,1,1,1,1,1,1,1,1,1,1,1,1,1,
1,1,1,1,1,1,1,1,1,1,1,1,1,1,1,1,1,1,1,1,1,1,1,1,1,1,1,1,1,1,1,1,1,1,1,1,
1,1,1,1,1,1,1,1,1,1,1,1,1,1,1,1,1,1,1,1,1,1,1,1,1,1,1,1,1,1,1,1,1,1,1,1,
1,1,1,1,1,1,1,1,1,1,1,1,1,1,1,1,1,1,4),(0.,0.571428571428571,1.),(2.46110109278988,
3.18697543082224,3.9128497688546,4.63872410688696,5.36459844491932,6.09047278295168,
6.81634712098403,7.54222145901639,8.26809579704875,8.99397013508111,9.71984447311347,
10.4457188111458,11.1715931491782,11.8974674872105,12.6233418252429,13.3492161632753,
14.0750905013076,14.7203121351142,15.3655337689207,16.0107554027272,16.6559770365338,
17.0861247924048,17.9464203041469,18.5916419379534,19.2368635717599,19.8820852055665,
20.527306839373,21.1725284731796,21.8177501069861,22.7855825576959,23.7534150084057,
24.7212474591155,25.6890799098254,26.6569123605352,27.624744811245,28.5925772619548,
29.5604097126646,30.2056313464711,30.8508529802777,31.4960746140842,32.1412962478908,
32.7865178816973,33.4317395155038,34.3995719662137,35.3674044169235,36.3352368676333,
37.3030693183431,38.0289436563754,38.7548179944078,39.4806923324402,40.2065666704725,
41.1743991211823,42.1422315718921,43.1100640226019,43.8359383606343,44.5618126986667,
45.287687036699,46.0135613747314,46.7394357127637,47.4653100507961,48.1911843888285,
48.9170587268608,49.6429330648932,50.3688074029255,51.0946817409579,51.8205560789903,
52.5464304170226,53.272304755055,53.9981790930873,54.7240534311197,55.6918858818295,
56.6597183325393,57.1436345578942,57.6275507832491,58.5953832339589,59.5632156846687,
60.5310481353785,61.4988805860884,62.4667130367982,63.434545487508,64.4023779382178,
65.0475995720243,65.6928212058309,66.3380428396374,66.983264473444,67.6284861072505,
68.2737077410571,68.9189293748636,69.5641510086701,70.2093726424767,70.8545942762832,
71.4998159100898,72.1450375438963,72.8709118819287,73.596786219961,74.3226605579934,
75.0485348960257,75.7744092340581,76.5002835720904,77.2261579101228,77.9520322481551,
78.6779065861875,79.4037809242199,80.1296552622522,80.8555296002846,81.581403938317,
82.3072782763493,83.0331526143817,83.759026952414),.UNSPECIFIED.);
#25=B_SPLINE_SURFACE_WITH_KNOTS('',3,3,((#7775,#7776,#7777,#7778,#7779,
#7780,#7781,#7782,#7783,#7784,#7785,#7786,#7787,#7788,#7789,#7790,#7791,
#7792,#7793,#7794,#7795,#7796,#7797,#7798,#7799,#7800,#7801,#7802,#7803,
#7804,#7805,#7806,#7807,#7808,#7809,#7810,#7811,#7812,#7813,#7814,#7815,
#7816,#7817,#7818,#7819,#7820,#7821,#7822,#7823,#7824,#7825,#7826,#7827,
#7828,#7829,#7830,#7831,#7832,#7833,#7834,#7835,#7836,#7837,#7838,#7839,
#7840,#7841,#7842,#7843,#7844,#7845,#7846,#7847,#7848,#7849,#7850,#7851,
#7852,#7853,#7854,#7855,#7856,#7857,#7858,#7859,#7860,#7861,#7862,#7863,
#7864,#7865,#7866,#7867,#7868,#7869,#7870,#7871,#7872,#7873,#7874,#7875,
#7876,#7877,#7878,#7879,#7880,#7881,#7882,#7883,#7884,#7885,#7886,#7887,
#7888,#7889,#7890,#7891,#7892,#7893,#7894,#7895,#7896,#7897,#7898,#7899,
#7900),(#7901,#7902,#7903,#7904,#7905,#7906,#7907,#7908,#7909,#7910,#7911,
#7912,#7913,#7914,#7915,#7916,#7917,#7918,#7919,#7920,#7921,#7922,#7923,
#7924,#7925,#7926,#7927,#7928,#7929,#7930,#7931,#7932,#7933,#7934,#7935,
#7936,#7937,#7938,#7939,#7940,#7941,#7942,#7943,#7944,#7945,#7946,#7947,
#7948,#7949,#7950,#7951,#7952,#7953,#7954,#7955,#7956,#7957,#7958,#7959,
#7960,#7961,#7962,#7963,#7964,#7965,#7966,#7967,#7968,#7969,#7970,#7971,
#7972,#7973,#7974,#7975,#7976,#7977,#7978,#7979,#7980,#7981,#7982,#7983,
#7984,#7985,#7986,#7987,#7988,#7989,#7990,#7991,#7992,#7993,#7994,#7995,
#7996,#7997,#7998,#7999,#8000,#8001,#8002,#8003,#8004,#8005,#8006,#8007,
#8008,#8009,#8010,#8011,#8012,#8013,#8014,#8015,#8016,#8017,#8018,#8019,
#8020,#8021,#8022,#8023,#8024,#8025,#8026),(#8027,#8028,#8029,#8030,#8031,
#8032,#8033,#8034,#8035,#8036,#8037,#8038,#8039,#8040,#8041,#8042,#8043,
#8044,#8045,#8046,#8047,#8048,#8049,#8050,#8051,#8052,#8053,#8054,#8055,
#8056,#8057,#8058,#8059,#8060,#8061,#8062,#8063,#8064,#8065,#8066,#8067,
#8068,#8069,#8070,#8071,#8072,#8073,#8074,#8075,#8076,#8077,#8078,#8079,
#8080,#8081,#8082,#8083,#8084,#8085,#8086,#8087,#8088,#8089,#8090,#8091,
#8092,#8093,#8094,#8095,#8096,#8097,#8098,#8099,#8100,#8101,#8102,#8103,
#8104,#8105,#8106,#8107,#8108,#8109,#8110,#8111,#8112,#8113,#8114,#8115,
#8116,#8117,#8118,#8119,#8120,#8121,#8122,#8123,#8124,#8125,#8126,#8127,
#8128,#8129,#8130,#8131,#8132,#8133,#8134,#8135,#8136,#8137,#8138,#8139,
#8140,#8141,#8142,#8143,#8144,#8145,#8146,#8147,#8148,#8149,#8150,#8151,
#8152),(#8153,#8154,#8155,#8156,#8157,#8158,#8159,#8160,#8161,#8162,#8163,
#8164,#8165,#8166,#8167,#8168,#8169,#8170,#8171,#8172,#8173,#8174,#8175,
#8176,#8177,#8178,#8179,#8180,#8181,#8182,#8183,#8184,#8185,#8186,#8187,
#8188,#8189,#8190,#8191,#8192,#8193,#8194,#8195,#8196,#8197,#8198,#8199,
#8200,#8201,#8202,#8203,#8204,#8205,#8206,#8207,#8208,#8209,#8210,#8211,
#8212,#8213,#8214,#8215,#8216,#8217,#8218,#8219,#8220,#8221,#8222,#8223,
#8224,#8225,#8226,#8227,#8228,#8229,#8230,#8231,#8232,#8233,#8234,#8235,
#8236,#8237,#8238,#8239,#8240,#8241,#8242,#8243,#8244,#8245,#8246,#8247,
#8248,#8249,#8250,#8251,#8252,#8253,#8254,#8255,#8256,#8257,#8258,#8259,
#8260,#8261,#8262,#8263,#8264,#8265,#8266,#8267,#8268,#8269,#8270,#8271,
#8272,#8273,#8274,#8275,#8276,#8277,#8278)),.UNSPECIFIED.,.F.,.F.,.F.,(4,
4),(4,1,1,1,1,1,1,1,1,1,1,1,1,1,1,1,1,1,1,1,1,1,1,1,1,1,1,1,1,1,1,1,1,1,
1,1,1,1,1,1,1,1,1,1,1,1,1,1,1,1,1,1,1,1,1,1,1,1,1,1,1,1,1,1,1,1,1,1,1,1,
1,1,1,1,1,1,1,1,1,1,1,1,1,1,1,1,1,1,1,1,1,1,1,1,1,1,1,1,1,1,1,1,1,1,1,1,
1,1,1,1,1,1,1,1,1,1,1,1,1,1,1,1,1,4),(0.00577284102252133,0.0971146211858296),
(14.8825075851144,15.4605870980667,16.038666611019,16.6167461239713,17.1948256369236,
17.7729051498759,18.3509846628282,18.9290641757805,19.5071436887327,20.085223201685,
20.6633027146373,21.2413822275896,21.8194617405419,22.3975412534942,22.9756207664465,
23.5537002793988,24.1317797923511,24.6456282483086,25.1594767042662,25.6733251602238,
26.1871736161814,26.5297392534865,27.2148705280966,27.7287189840542,28.2425674400118,
28.7564158959694,29.270264351927,29.612829989232,30.2979612638421,31.0687339477785,
31.8395066317149,32.6102793156513,33.3810519995877,34.1518246835241,34.5372110254922,
34.9225973674604,35.3079837094286,35.6933700513968,36.078756393365,36.4641427353332,
36.9779911912908,37.4918396472484,38.005688103206,38.3910744451742,38.7764607871424,
39.1618471291106,39.5472334710787,40.0610819270363,40.5749303829939,41.0887788389515,
41.6026272949091,42.1164757508667,42.6303242068243,43.1441726627819,43.6580211187395,
44.1718695746971,44.6857180306546,45.1995664866122,45.7134149425698,46.098801284538,
46.4841876265062,46.8695739684744,47.2549603104426,47.7688087664002,48.2826572223578,
48.7965056783154,49.1818920202836,49.5672783622518,49.9526647042199,50.3380510461881,
50.7234373881563,51.1088237301245,51.4942100720927,51.8795964140609,52.2649827560291,
52.6503690979973,53.0357554399655,53.4211417819337,53.8065281239019,54.1919144658701,
54.5773008078382,54.9626871498064,55.3480734917746,55.7334598337428,56.5042325176792,
57.2750052016156,58.045777885552,58.8165505694884,59.5873232534248,60.3580959373611,
61.1288686212975,61.5142549632657,61.8996413052339,62.2850276472021,62.6704139891703,
62.9273382171491,63.6981109010855,64.2119593570431,64.7258078130006,65.2396562689582,
65.7535047249158,66.2673531808734,66.6099188181785,67.2950500927886,68.065822776725,
68.8365954606614,69.6073681445978,70.3781408285341,70.9562203414864,71.5342998544387,
72.112379367391,72.6904588803433,73.2685383932956,73.8466179062479,74.4246974192002,
75.0027769321525,75.5808564451048,76.158935958057,76.7370154710093,77.3150949839616,
77.8931744969139,78.4712540098662,79.0493335228185,79.6274130357708),
 .UNSPECIFIED.);
#26=CONICAL_SURFACE('',#1265,16.,0.523598775598299);
#27=CONICAL_SURFACE('',#1285,14.0000001192093,0.785398163397448);
#28=(
BOUNDED_CURVE()
B_SPLINE_CURVE(2,(#3210,#3211,#3212),.UNSPECIFIED.,.F.,.F.)
B_SPLINE_CURVE_WITH_KNOTS((3,3),(0.,1.20000000000004),.UNSPECIFIED.)
CURVE()
GEOMETRIC_REPRESENTATION_ITEM()
RATIONAL_B_SPLINE_CURVE((1.,1.06249999999998,1.))
REPRESENTATION_ITEM('')
);
#29=(
BOUNDED_CURVE()
B_SPLINE_CURVE(2,(#3245,#3246,#3247),.UNSPECIFIED.,.F.,.F.)
B_SPLINE_CURVE_WITH_KNOTS((3,3),(0.,1.20000000000005),.UNSPECIFIED.)
CURVE()
GEOMETRIC_REPRESENTATION_ITEM()
RATIONAL_B_SPLINE_CURVE((1.,1.06250000000001,1.))
REPRESENTATION_ITEM('')
);
#30=(
BOUNDED_CURVE()
B_SPLINE_CURVE(2,(#3280,#3281,#3282),.UNSPECIFIED.,.F.,.F.)
B_SPLINE_CURVE_WITH_KNOTS((3,3),(0.,1.20000000000005),.UNSPECIFIED.)
CURVE()
GEOMETRIC_REPRESENTATION_ITEM()
RATIONAL_B_SPLINE_CURVE((1.,1.06250000000001,1.))
REPRESENTATION_ITEM('')
);
#31=(
BOUNDED_CURVE()
B_SPLINE_CURVE(2,(#3315,#3316,#3317),.UNSPECIFIED.,.F.,.F.)
B_SPLINE_CURVE_WITH_KNOTS((3,3),(0.,0.600000000000024),.UNSPECIFIED.)
CURVE()
GEOMETRIC_REPRESENTATION_ITEM()
RATIONAL_B_SPLINE_CURVE((1.,1.03125,1.03125))
REPRESENTATION_ITEM('')
);
#32=(
BOUNDED_CURVE()
B_SPLINE_CURVE(2,(#3319,#3320,#3321),.UNSPECIFIED.,.F.,.F.)
B_SPLINE_CURVE_WITH_KNOTS((3,3),(0.600000000000024,1.20000000000005),
 .UNSPECIFIED.)
CURVE()
GEOMETRIC_REPRESENTATION_ITEM()
RATIONAL_B_SPLINE_CURVE((1.03125,1.03125,1.))
REPRESENTATION_ITEM('')
);
#33=(
BOUNDED_CURVE()
B_SPLINE_CURVE(2,(#3356,#3357,#3358),.UNSPECIFIED.,.F.,.F.)
B_SPLINE_CURVE_WITH_KNOTS((3,3),(0.,1.20000000000005),.UNSPECIFIED.)
CURVE()
GEOMETRIC_REPRESENTATION_ITEM()
RATIONAL_B_SPLINE_CURVE((1.,1.06250000000001,1.))
REPRESENTATION_ITEM('')
);
#34=(
BOUNDED_CURVE()
B_SPLINE_CURVE(2,(#3387,#3388,#3389),.UNSPECIFIED.,.F.,.F.)
B_SPLINE_CURVE_WITH_KNOTS((3,3),(0.,1.20000000000005),.UNSPECIFIED.)
CURVE()
GEOMETRIC_REPRESENTATION_ITEM()
RATIONAL_B_SPLINE_CURVE((1.,1.06250000000001,1.))
REPRESENTATION_ITEM('')
);
#35=PLANE('',#1255);
#36=PLANE('',#1257);
#37=PLANE('',#1259);
#38=PLANE('',#1261);
#39=PLANE('',#1263);
#40=PLANE('',#1273);
#41=PLANE('',#1277);
#42=PLANE('',#1279);
#43=PLANE('',#1282);
#44=PLANE('',#1284);
#45=FACE_OUTER_BOUND('',#110,.T.);
#46=FACE_OUTER_BOUND('',#111,.T.);
#47=FACE_OUTER_BOUND('',#112,.T.);
#48=FACE_OUTER_BOUND('',#113,.T.);
#49=FACE_OUTER_BOUND('',#114,.T.);
#50=FACE_OUTER_BOUND('',#115,.T.);
#51=FACE_OUTER_BOUND('',#116,.T.);
#52=FACE_OUTER_BOUND('',#117,.T.);
#53=FACE_OUTER_BOUND('',#118,.T.);
#54=FACE_OUTER_BOUND('',#119,.T.);
#55=FACE_OUTER_BOUND('',#120,.T.);
#56=FACE_OUTER_BOUND('',#121,.T.);
#57=FACE_OUTER_BOUND('',#122,.T.);
#58=FACE_OUTER_BOUND('',#123,.T.);
#59=FACE_OUTER_BOUND('',#124,.T.);
#60=FACE_OUTER_BOUND('',#125,.T.);
#61=FACE_OUTER_BOUND('',#126,.T.);
#62=FACE_OUTER_BOUND('',#127,.T.);
#63=FACE_OUTER_BOUND('',#128,.T.);
#64=FACE_OUTER_BOUND('',#129,.T.);
#65=FACE_OUTER_BOUND('',#130,.T.);
#66=FACE_OUTER_BOUND('',#131,.T.);
#67=FACE_OUTER_BOUND('',#132,.T.);
#68=FACE_OUTER_BOUND('',#133,.T.);
#69=FACE_OUTER_BOUND('',#134,.T.);
#70=FACE_OUTER_BOUND('',#135,.T.);
#71=FACE_OUTER_BOUND('',#136,.T.);
#72=FACE_OUTER_BOUND('',#137,.T.);
#73=FACE_OUTER_BOUND('',#138,.T.);
#74=FACE_OUTER_BOUND('',#139,.T.);
#75=FACE_OUTER_BOUND('',#140,.T.);
#76=FACE_OUTER_BOUND('',#141,.T.);
#77=FACE_OUTER_BOUND('',#142,.T.);
#78=FACE_OUTER_BOUND('',#143,.T.);
#79=FACE_OUTER_BOUND('',#144,.T.);
#80=FACE_OUTER_BOUND('',#145,.T.);
#81=FACE_OUTER_BOUND('',#146,.T.);
#82=FACE_OUTER_BOUND('',#147,.T.);
#83=FACE_OUTER_BOUND('',#148,.T.);
#84=FACE_OUTER_BOUND('',#149,.T.);
#85=FACE_OUTER_BOUND('',#150,.T.);
#86=FACE_OUTER_BOUND('',#151,.T.);
#87=FACE_OUTER_BOUND('',#152,.T.);
#88=FACE_OUTER_BOUND('',#153,.T.);
#89=FACE_OUTER_BOUND('',#154,.T.);
#90=FACE_OUTER_BOUND('',#155,.T.);
#91=FACE_OUTER_BOUND('',#156,.T.);
#92=FACE_OUTER_BOUND('',#157,.T.);
#93=FACE_OUTER_BOUND('',#158,.T.);
#94=FACE_OUTER_BOUND('',#159,.T.);
#95=FACE_OUTER_BOUND('',#160,.T.);
#96=FACE_OUTER_BOUND('',#162,.T.);
#97=FACE_OUTER_BOUND('',#163,.T.);
#98=FACE_OUTER_BOUND('',#164,.T.);
#99=FACE_OUTER_BOUND('',#165,.T.);
#100=FACE_OUTER_BOUND('',#167,.T.);
#101=FACE_OUTER_BOUND('',#168,.T.);
#102=FACE_OUTER_BOUND('',#169,.T.);
#103=FACE_OUTER_BOUND('',#170,.T.);
#104=FACE_OUTER_BOUND('',#171,.T.);
#105=FACE_OUTER_BOUND('',#172,.T.);
#106=FACE_OUTER_BOUND('',#173,.T.);
#107=FACE_OUTER_BOUND('',#174,.T.);
#108=FACE_OUTER_BOUND('',#175,.T.);
#109=FACE_OUTER_BOUND('',#177,.T.);
#110=EDGE_LOOP('',(#717,#718,#719,#720));
#111=EDGE_LOOP('',(#721,#722,#723,#724));
#112=EDGE_LOOP('',(#725,#726,#727,#728));
#113=EDGE_LOOP('',(#729,#730,#731,#732));
#114=EDGE_LOOP('',(#733,#734,#735,#736));
#115=EDGE_LOOP('',(#737,#738,#739,#740));
#116=EDGE_LOOP('',(#741,#742,#743,#744));
#117=EDGE_LOOP('',(#745,#746,#747,#748));
#118=EDGE_LOOP('',(#749,#750,#751,#752));
#119=EDGE_LOOP('',(#753,#754,#755,#756));
#120=EDGE_LOOP('',(#757,#758,#759,#760,#761,#762,#763,#764));
#121=EDGE_LOOP('',(#765,#766,#767,#768));
#122=EDGE_LOOP('',(#769,#770,#771,#772));
#123=EDGE_LOOP('',(#773,#774,#775,#776));
#124=EDGE_LOOP('',(#777,#778,#779,#780));
#125=EDGE_LOOP('',(#781,#782,#783,#784));
#126=EDGE_LOOP('',(#785,#786,#787,#788));
#127=EDGE_LOOP('',(#789,#790,#791,#792));
#128=EDGE_LOOP('',(#793,#794,#795,#796));
#129=EDGE_LOOP('',(#797,#798,#799,#800));
#130=EDGE_LOOP('',(#801,#802,#803,#804));
#131=EDGE_LOOP('',(#805,#806,#807,#808));
#132=EDGE_LOOP('',(#809,#810,#811,#812));
#133=EDGE_LOOP('',(#813,#814,#815,#816));
#134=EDGE_LOOP('',(#817,#818,#819,#820));
#135=EDGE_LOOP('',(#821,#822,#823,#824));
#136=EDGE_LOOP('',(#825,#826,#827,#828));
#137=EDGE_LOOP('',(#829,#830,#831,#832));
#138=EDGE_LOOP('',(#833,#834,#835,#836));
#139=EDGE_LOOP('',(#837,#838,#839,#840));
#140=EDGE_LOOP('',(#841,#842,#843,#844));
#141=EDGE_LOOP('',(#845,#846,#847,#848));
#142=EDGE_LOOP('',(#849,#850,#851,#852));
#143=EDGE_LOOP('',(#853,#854,#855,#856));
#144=EDGE_LOOP('',(#857,#858,#859,#860));
#145=EDGE_LOOP('',(#861,#862));
#146=EDGE_LOOP('',(#863,#864,#865,#866));
#147=EDGE_LOOP('',(#867,#868));
#148=EDGE_LOOP('',(#869,#870,#871,#872));
#149=EDGE_LOOP('',(#873,#874));
#150=EDGE_LOOP('',(#875,#876,#877,#878,#879));
#151=EDGE_LOOP('',(#880,#881,#882));
#152=EDGE_LOOP('',(#883,#884,#885,#886));
#153=EDGE_LOOP('',(#887,#888));
#154=EDGE_LOOP('',(#889,#890,#891,#892,#893,#894,#895,#896,#897,#898,#899,
#900,#901,#902,#903,#904));
#155=EDGE_LOOP('',(#905,#906,#907,#908));
#156=EDGE_LOOP('',(#909,#910));
#157=EDGE_LOOP('',(#911,#912,#913,#914,#915,#916,#917,#918,#919,#920,#921,
#922,#923,#924,#925,#926,#927,#928,#929,#930,#931,#932,#933,#934,#935,#936,
#937,#938));
#158=EDGE_LOOP('',(#939,#940,#941,#942,#943,#944,#945,#946,#947,#948));
#159=EDGE_LOOP('',(#949,#950,#951,#952,#953,#954,#955,#956,#957,#958,#959));
#160=EDGE_LOOP('',(#960));
#161=EDGE_LOOP('',(#961,#962,#963,#964,#965,#966));
#162=EDGE_LOOP('',(#967,#968,#969,#970,#971,#972,#973,#974,#975,#976));
#163=EDGE_LOOP('',(#977,#978,#979,#980,#981,#982,#983,#984,#985,#986,#987));
#164=EDGE_LOOP('',(#988,#989,#990,#991));
#165=EDGE_LOOP('',(#992));
#166=EDGE_LOOP('',(#993,#994,#995,#996,#997,#998));
#167=EDGE_LOOP('',(#999,#1000,#1001,#1002));
#168=EDGE_LOOP('',(#1003,#1004,#1005,#1006,#1007,#1008,#1009,#1010,#1011,
#1012,#1013,#1014,#1015,#1016));
#169=EDGE_LOOP('',(#1017,#1018,#1019,#1020,#1021,#1022,#1023,#1024,#1025,
#1026,#1027,#1028,#1029,#1030));
#170=EDGE_LOOP('',(#1031,#1032,#1033,#1034,#1035,#1036,#1037,#1038,#1039,
#1040,#1041,#1042,#1043,#1044));
#171=EDGE_LOOP('',(#1045,#1046,#1047,#1048));
#172=EDGE_LOOP('',(#1049,#1050,#1051,#1052,#1053,#1054,#1055));
#173=EDGE_LOOP('',(#1056,#1057,#1058,#1059));
#174=EDGE_LOOP('',(#1060,#1061,#1062,#1063,#1064,#1065,#1066,#1067,#1068,
#1069,#1070,#1071,#1072,#1073));
#175=EDGE_LOOP('',(#1074));
#176=EDGE_LOOP('',(#1075,#1076,#1077,#1078,#1079,#1080));
#177=EDGE_LOOP('',(#1081,#1082,#1083,#1084));
#178=CIRCLE('',#1210,13.60415);
#179=CIRCLE('',#1220,13.60415);
#180=CIRCLE('',#1222,12.7631);
#181=CIRCLE('',#1223,12.7631);
#182=CIRCLE('',#1224,12.7631);
#183=CIRCLE('',#1234,12.7631);
#184=CIRCLE('',#1236,8.263);
#185=CIRCLE('',#1242,8.263);
#186=CIRCLE('',#1244,9.1015);
#187=CIRCLE('',#1251,9.1015);
#188=CIRCLE('',#1253,15.);
#189=CIRCLE('',#1254,15.);
#190=CIRCLE('',#1266,17.);
#191=CIRCLE('',#1267,17.);
#192=CIRCLE('',#1268,15.);
#193=CIRCLE('',#1269,17.);
#194=CIRCLE('',#1270,17.);
#195=CIRCLE('',#1271,17.);
#196=CIRCLE('',#1272,17.);
#197=CIRCLE('',#1276,17.);
#198=B_SPLINE_CURVE_WITH_KNOTS('',3,(#1504,#1505,#1506,#1507,#1508,#1509,
#1510,#1511,#1512,#1513,#1514,#1515,#1516,#1517,#1518,#1519,#1520,#1521,
#1522,#1523,#1524,#1525),.UNSPECIFIED.,.F.,.F.,(4,3,3,3,3,3,3,4),(85.7488694448931,
86.4292171583399,87.2182388399617,88.0072605215836,88.7962822032055,89.5853038848273,
90.3743255664492,91.1633472480705),.UNSPECIFIED.);
#199=B_SPLINE_CURVE_WITH_KNOTS('',3,(#1528,#1529,#1530,#1531,#1532,#1533,
#1534,#1535,#1536,#1537,#1538,#1539,#1540,#1541,#1542,#1543,#1544,#1545,
#1546,#1547,#1548,#1549,#1550,#1551,#1552,#1553,#1554,#1555,#1556,#1557,
#1558),.UNSPECIFIED.,.F.,.F.,(4,3,3,3,3,3,3,3,3,3,4),(5.40354872262024,
5.94851014228906,6.73753623043927,7.52656231858948,8.31558840673969,9.10461449488992,
9.89364058304015,10.6826666711904,11.4716927593406,12.2607188474908,12.8530075215603),
 .UNSPECIFIED.);
#200=B_SPLINE_CURVE_WITH_KNOTS('',3,(#1563,#1564,#1565,#1566,#1567,#1568,
#1569,#1570,#1571,#1572,#1573,#1574,#1575,#1576,#1577,#1578,#1579,#1580,
#1581,#1582,#1583,#1584,#1585,#1586,#1587,#1588,#1589,#1590,#1591,#1592,
#1593,#1594,#1595,#1596,#1597,#1598,#1599,#1600,#1601,#1602),
 .UNSPECIFIED.,.F.,.F.,(4,3,3,3,3,3,3,3,3,3,3,3,3,4),(77.1728710818916,
77.4869055728642,78.0129242204481,78.538942868032,79.3279708394078,80.1169988107836,
80.9060267821594,81.6950547535352,82.484082724911,83.2731106962867,84.0621386676626,
84.8511666390383,85.6401946104141,85.7488694448931),.UNSPECIFIED.);
#201=B_SPLINE_CURVE_WITH_KNOTS('',3,(#1603,#1604,#1605,#1606,#1607,#1608,
#1609,#1610,#1611,#1612,#1613,#1614,#1615,#1616,#1617,#1618,#1619,#1620,
#1621,#1622,#1623,#1624,#1625,#1626,#1627,#1628,#1629,#1630,#1631,#1632,
#1633,#1634,#1635,#1636),.UNSPECIFIED.,.F.,.F.,(4,3,3,3,3,3,3,3,3,3,3,4),
(12.8530075215603,13.0497455252412,13.8387739780153,14.6278024307894,15.4168308835635,
16.4688688205956,17.5209067576277,18.5729446946598,19.6249826316919,20.5601274646094,
21.0276998810681,21.4290111168927),.UNSPECIFIED.);
#202=B_SPLINE_CURVE_WITH_KNOTS('',3,(#1641,#1642,#1643,#1644,#1645,#1646,
#1647,#1648,#1649,#1650,#1651,#1652,#1653,#1654,#1655,#1656,#1657,#1658,
#1659,#1660,#1661,#1662,#1663,#1664,#1665,#1666,#1667,#1668,#1669,#1670,
#1671,#1672,#1673,#1674),.UNSPECIFIED.,.F.,.F.,(4,3,3,3,3,3,3,3,3,3,3,4),
(68.5969879234742,69.0707160524221,69.8597334244746,70.6487507965271,71.4377681685796,
72.2267855406321,72.9281343157898,73.6294830909476,74.3308318661054,75.382855028842,
76.4348781915787,77.1728710818916),.UNSPECIFIED.);
#203=B_SPLINE_CURVE_WITH_KNOTS('',3,(#1675,#1676,#1677,#1678,#1679,#1680,
#1681,#1682,#1683,#1684,#1685,#1686,#1687,#1688,#1689,#1690,#1691,#1692,
#1693,#1694,#1695,#1696,#1697,#1698,#1699,#1700,#1701,#1702,#1703,#1704,
#1705,#1706,#1707,#1708,#1709,#1710,#1711,#1712,#1713,#1714),
 .UNSPECIFIED.,.F.,.F.,(4,3,3,3,3,3,3,3,3,3,3,3,3,4),(21.4290111168927,
21.729060808483,22.4304248157788,23.1317888230745,23.8331528303702,24.5345168376659,
25.5865628486095,25.9372448522574,26.4632678577292,26.9892908632009,27.5153138686727,
28.0413368741445,29.0933828850881,30.0050805288077),.UNSPECIFIED.);
#204=B_SPLINE_CURVE_WITH_KNOTS('',3,(#1719,#1720,#1721,#1722,#1723,#1724,
#1725,#1726,#1727,#1728,#1729,#1730,#1731,#1732,#1733,#1734,#1735,#1736,
#1737,#1738,#1739,#1740,#1741,#1742,#1743,#1744,#1745,#1746,#1747,#1748,
#1749,#1750,#1751,#1752),.UNSPECIFIED.,.F.,.F.,(4,3,3,3,3,3,3,3,3,3,3,4),
(60.0211781529627,60.6545987178017,61.7066128778904,62.2326199579348,62.7586270379792,
63.810641198068,64.8626553581567,65.9146695182455,66.7036801383121,67.4926907583787,
68.2817013784452,68.5969879234742),.UNSPECIFIED.);
#205=B_SPLINE_CURVE_WITH_KNOTS('',3,(#1753,#1754,#1755,#1756,#1757,#1758,
#1759,#1760,#1761,#1762,#1763,#1764,#1765,#1766,#1767,#1768,#1769,#1770,
#1771,#1772,#1773,#1774,#1775,#1776,#1777,#1778,#1779,#1780,#1781,#1782,
#1783,#1784,#1785,#1786,#1787,#1788,#1789,#1790,#1791,#1792),
 .UNSPECIFIED.,.F.,.F.,(4,3,3,3,3,3,3,3,3,3,3,3,3,4),(30.0050805288077,
30.1454292202633,31.1974776616351,32.2495261030069,33.3015745443786,34.3536229857504,
35.4056714271222,35.9316956478081,36.457719868494,36.9837440891798,37.5097683098657,
38.0357925305516,38.5618167512375,38.5811697529561),.UNSPECIFIED.);
#206=B_SPLINE_CURVE_WITH_KNOTS('',3,(#1797,#1798,#1799,#1800,#1801,#1802,
#1803,#1804,#1805,#1806,#1807,#1808,#1809,#1810,#1811,#1812,#1813,#1814,
#1815,#1816,#1817,#1818,#1819,#1820,#1821,#1822,#1823,#1824),
 .UNSPECIFIED.,.F.,.F.,(4,3,3,3,3,3,3,3,3,4),(51.4452404849548,52.2383693680281,
53.2903992175836,54.3424290671391,55.3944589166945,56.44648876625,57.4985186158055,
58.550548465361,59.6025783149164,60.0211781529627),.UNSPECIFIED.);
#207=B_SPLINE_CURVE_WITH_KNOTS('',3,(#1825,#1826,#1827,#1828,#1829,#1830,
#1831,#1832,#1833,#1834,#1835,#1836,#1837,#1838,#1839,#1840,#1841,#1842,
#1843,#1844,#1845,#1846,#1847,#1848,#1849,#1850,#1851,#1852,#1853,#1854,
#1855,#1856,#1857,#1858,#1859,#1860,#1861,#1862,#1863,#1864,#1865,#1866,
#1867,#1868,#1869,#1870,#1871,#1872,#1873),.UNSPECIFIED.,.F.,.F.,(4,3,3,
3,3,3,3,3,3,3,3,3,3,3,3,3,4),(38.5811697529561,39.0878394364401,39.6138620629928,
40.1398846895454,40.6659073160981,41.1919299426508,41.7179525692035,42.2439751957562,
42.7699978223089,43.2960204488616,43.8220430754143,44.348065701967,44.8740883285196,
45.5754518305899,46.2768153326601,46.9781788347304,47.1572329871636),
 .UNSPECIFIED.);
#208=B_SPLINE_CURVE_WITH_KNOTS('',3,(#1878,#1879,#1880,#1881,#1882,#1883,
#1884,#1885,#1886,#1887,#1888,#1889,#1890,#1891,#1892,#1893,#1894,#1895,
#1896,#1897,#1898,#1899,#1900,#1901,#1902,#1903,#1904,#1905,#1906,#1907,
#1908,#1909,#1910,#1911,#1912,#1913,#1914,#1915,#1916,#1917,#1918,#1919,
#1920),.UNSPECIFIED.,.F.,.F.,(4,3,3,3,3,3,3,3,3,3,3,3,3,3,4),(42.8692074863324,
43.4713653177167,44.4065133568426,44.8740873764056,45.57544840575,46.2768094350944,
46.9781704644389,47.6795314937833,48.6146795329092,49.0822535524722,49.6082743244805,
50.1342950964889,50.6603158684972,51.1863366405055,51.4452404849548),
 .UNSPECIFIED.);
#209=B_SPLINE_CURVE_WITH_KNOTS('',3,(#1921,#1922,#1923,#1924,#1925,#1926,
#1927,#1928,#1929,#1930,#1931,#1932,#1933,#1934,#1935,#1936,#1937,#1938,
#1939,#1940,#1941,#1942,#1943,#1944,#1945,#1946,#1947,#1948,#1949,#1950,
#1951,#1952,#1953,#1954,#1955,#1956,#1957,#1958,#1959,#1960,#1961,#1962,
#1963),.UNSPECIFIED.,.F.,.F.,(4,3,3,3,3,3,3,3,3,3,3,3,3,3,4),(47.1572329871636,
47.5041985460114,48.0302167528574,48.5562349597034,49.0822531665494,49.7836107756775,
50.4849683848055,51.1863259939335,51.8876836030615,52.5890412121896,53.2903988213176,
53.9917564304456,54.6931140395736,55.3944716487017,55.7332241645762),
 .UNSPECIFIED.);
#210=B_SPLINE_CURVE_WITH_KNOTS('',3,(#1968,#1969,#1970,#1971,#1972,#1973,
#1974,#1975,#1976,#1977,#1978,#1979,#1980,#1981,#1982,#1983,#1984,#1985,
#1986,#1987,#1988,#1989,#1990,#1991,#1992,#1993,#1994,#1995,#1996,#1997,
#1998,#1999,#2000,#2001,#2002,#2003,#2004,#2005,#2006,#2007,#2008,#2009,
#2010),.UNSPECIFIED.,.F.,.F.,(4,3,3,3,3,3,3,3,3,3,3,3,3,3,4),(34.2931255262163,
34.353623319846,35.0549883533594,35.7563533868729,36.4577184203863,36.9252951093952,
37.8604484874132,38.5618135209266,39.26317855444,39.9645435879535,40.6659086214669,
41.3672736549803,42.0686386884938,42.7700037220072,42.8692074863324),
 .UNSPECIFIED.);
#211=B_SPLINE_CURVE_WITH_KNOTS('',3,(#2011,#2012,#2013,#2014,#2015,#2016,
#2017,#2018,#2019,#2020,#2021,#2022,#2023,#2024,#2025,#2026,#2027,#2028,
#2029,#2030,#2031,#2032,#2033,#2034,#2035,#2036,#2037,#2038,#2039,#2040,
#2041,#2042,#2043,#2044,#2045,#2046,#2047,#2048,#2049,#2050,#2051,#2052,
#2053,#2054,#2055,#2056),.UNSPECIFIED.,.F.,.F.,(4,3,3,3,3,3,3,3,3,3,3,3,
3,3,3,4),(55.7332241645762,56.0958242333486,56.7971721240305,57.4985200147124,
58.0245309327239,58.5505418507353,59.0765527687467,59.6025636867582,60.3039115774401,
61.005259468122,61.7066073588039,62.2326182768154,62.7586291948268,63.2846401128382,
63.8106510308497,64.3090965078794),.UNSPECIFIED.);
#212=B_SPLINE_CURVE_WITH_KNOTS('',3,(#2061,#2062,#2063,#2064,#2065,#2066,
#2067,#2068,#2069,#2070,#2071,#2072,#2073,#2074,#2075,#2076,#2077,#2078,
#2079,#2080,#2081,#2082,#2083,#2084,#2085,#2086,#2087,#2088,#2089,#2090,
#2091,#2092,#2093,#2094,#2095,#2096,#2097,#2098,#2099,#2100),
 .UNSPECIFIED.,.F.,.F.,(4,3,3,3,3,3,3,3,3,3,3,3,3,4),(25.7170404812118,
25.9372399119833,26.4632638763348,26.9892878406863,28.0413357693894,29.0933836980924,
30.1454316267955,30.671455591147,31.1974795554985,31.7235035198501,32.2495274842016,
32.7171043414029,33.6522580558057,34.2931255262163),.UNSPECIFIED.);
#213=B_SPLINE_CURVE_WITH_KNOTS('',3,(#2101,#2102,#2103,#2104,#2105,#2106,
#2107,#2108,#2109,#2110,#2111,#2112,#2113,#2114,#2115,#2116,#2117,#2118,
#2119,#2120,#2121,#2122,#2123,#2124,#2125,#2126,#2127,#2128,#2129,#2130,
#2131,#2132,#2133,#2134),.UNSPECIFIED.,.F.,.F.,(4,3,3,3,3,3,3,3,3,3,3,4),
(64.3090965078794,64.336661766591,64.8626692064766,65.9146840862479,66.9666989660192,
68.0187138457905,69.0707287255618,70.1227436053331,71.0578679429076,71.5254301116949,
72.2267733648757,72.8849121451104),.UNSPECIFIED.);
#214=B_SPLINE_CURVE_WITH_KNOTS('',3,(#2139,#2140,#2141,#2142,#2143,#2144,
#2145,#2146,#2147,#2148,#2149,#2150,#2151,#2152,#2153,#2154,#2155,#2156,
#2157,#2158,#2159,#2160,#2161,#2162,#2163,#2164,#2165,#2166,#2167,#2168,
#2169,#2170,#2171,#2172,#2173,#2174,#2175,#2176,#2177,#2178,#2179,#2180,
#2181),.UNSPECIFIED.,.F.,.F.,(4,3,3,3,3,3,3,3,3,3,3,3,3,3,4),(17.1409981963583,
17.5208973485822,18.2222591373727,19.1574081890933,19.6249827149535,20.326344503744,
21.0277062925344,21.7290680813249,22.4304298701153,23.3655789218359,23.8331534476962,
24.3591747892891,24.8851961308819,25.4112174724747,25.7170404812118),
 .UNSPECIFIED.);
#215=B_SPLINE_CURVE_WITH_KNOTS('',3,(#2182,#2183,#2184,#2185,#2186,#2187,
#2188,#2189,#2190,#2191,#2192,#2193,#2194,#2195,#2196,#2197,#2198,#2199,
#2200,#2201,#2202,#2203,#2204,#2205,#2206,#2207,#2208,#2209,#2210,#2211,
#2212,#2213,#2214,#2215,#2216,#2217,#2218,#2219,#2220,#2221),
 .UNSPECIFIED.,.F.,.F.,(4,3,3,3,3,3,3,3,3,3,3,3,3,4),(72.8849121451104,
72.9281172781307,73.6294712463712,74.3308252146117,75.2659638389323,75.7335331510927,
76.4348871193332,77.1362410875737,77.8375950558142,78.5389490240547,79.3279722383252,
80.1169954525958,80.9060186668663,81.4608588029528),.UNSPECIFIED.);
#216=B_SPLINE_CURVE_WITH_KNOTS('',3,(#2227,#2228,#2229,#2230,#2231,#2232,
#2233),.UNSPECIFIED.,.F.,.F.,(4,3,4),(90.036897200338,90.3743695214039,
91.1633472480967),.UNSPECIFIED.);
#217=B_SPLINE_CURVE_WITH_KNOTS('',3,(#2236,#2237,#2238,#2239,#2240,#2241,
#2242,#2243,#2244,#2245,#2246,#2247,#2248,#2249,#2250,#2251),
 .UNSPECIFIED.,.F.,.F.,(4,3,3,3,3,4),(5.40354872259372,5.94851468853955,
6.73754735904747,7.5265800295554,8.31561270006332,8.56504494858418),
 .UNSPECIFIED.);
#218=B_SPLINE_CURVE_WITH_KNOTS('',3,(#2257,#2258,#2259,#2260,#2261,#2262),
 .UNSPECIFIED.,.F.,.F.,(4,1,1,4),(-83.759026952414,-83.0331526143817,-82.3072782763493,
-81.892949449945),.UNSPECIFIED.);
#219=B_SPLINE_CURVE_WITH_KNOTS('',3,(#2270,#2271,#2272,#2273,#2274,#2275,
#2276),.UNSPECIFIED.,.F.,.F.,(4,1,1,1,4),(-5.10313228614745,-4.6387241068872,
-3.91284976885485,-3.18697543082249,-2.9276190106447),.UNSPECIFIED.);
#220=B_SPLINE_CURVE_WITH_KNOTS('',3,(#2281,#2282,#2283,#2284,#2285,#2286,
#2287,#2288,#2289,#2290,#2291,#2292,#2293,#2294,#2295),.UNSPECIFIED.,.F.,
 .F.,(4,1,1,1,1,1,1,1,1,1,1,1,4),(-81.892949449945,-81.581403938317,-80.8555296002846,
-80.1296552622522,-79.4037809242199,-78.6779065861875,-77.9520322481551,
-77.2261579101228,-76.5002835720904,-75.7744092340581,-75.0485348960257,
-74.3226605579934,-73.8098300832343),.UNSPECIFIED.);
#221=B_SPLINE_CURVE_WITH_KNOTS('',3,(#2296,#2297,#2298,#2299,#2300,#2301,
#2302,#2303,#2304,#2305,#2306,#2307,#2308,#2309,#2310),.UNSPECIFIED.,.F.,
 .F.,(4,1,1,1,1,1,1,1,1,1,1,1,4),(-13.1863831934534,-12.6233418252431,-11.8974674872107,
-11.1715931491784,-10.445718811146,-9.71984447311368,-8.99397013508133,
-8.26809579704897,-7.54222145901662,-6.81634712098426,-6.09047278295191,
-5.36459844491955,-5.10313228614745),.UNSPECIFIED.);
#222=B_SPLINE_CURVE_WITH_KNOTS('',3,(#2315,#2316,#2317,#2318,#2319,#2320,
#2321,#2322,#2323,#2324,#2325,#2326,#2327,#2328,#2329,#2330),
 .UNSPECIFIED.,.F.,.F.,(4,1,1,1,1,1,1,1,1,1,1,1,1,4),(-73.8098300832343,
-73.596786219961,-72.8709118819287,-72.1450375438963,-71.4998159100898,
-70.8545942762832,-70.2093726424767,-69.5641510086701,-68.9189293748636,
-68.2737077410571,-67.6284861072505,-66.983264473444,-66.3380428396374,
-65.726749212764),.UNSPECIFIED.);
#223=B_SPLINE_CURVE_WITH_KNOTS('',3,(#2331,#2332,#2333,#2334,#2335,#2336,
#2337,#2338,#2339,#2340,#2341,#2342,#2343,#2344,#2345),.UNSPECIFIED.,.F.,
 .F.,(4,1,1,1,1,1,1,1,1,1,1,1,4),(-21.2694877720186,-21.1725284731797,-20.5273068393732,
-19.8820852055666,-19.2368635717601,-18.8067158158891,-17.946420304147,
-16.9785878534372,-16.0107554027274,-15.0429229520176,-14.0750905013078,
-13.3492161632755,-13.1863831934534),.UNSPECIFIED.);
#224=B_SPLINE_CURVE_WITH_KNOTS('',3,(#2350,#2351,#2352,#2353,#2354,#2355,
#2356,#2357,#2358,#2359,#2360,#2361,#2362),.UNSPECIFIED.,.F.,.F.,(4,1,1,
1,1,1,1,1,1,1,4),(-65.726749212764,-65.6928212058309,-65.0475995720243,
-64.4023779382178,-63.434545487508,-62.4667130367982,-61.4988805860884,
-60.5310481353785,-59.5632156846687,-58.5953832339589,-57.6436140464954),
 .UNSPECIFIED.);
#225=B_SPLINE_CURVE_WITH_KNOTS('',3,(#2363,#2364,#2365,#2366,#2367,#2368,
#2369,#2370,#2371,#2372,#2373,#2374,#2375,#2376,#2377),.UNSPECIFIED.,.F.,
 .F.,(4,1,1,1,1,1,1,1,1,1,1,1,4),(-29.3524145173958,-28.5925772619549,-27.6247448112451,
-26.6569123605353,-25.6890799098255,-25.2589321539545,-24.6137105201479,
-24.3986366422124,-23.7534150084059,-23.1081933745993,-22.4629717407928,
-21.8177501069863,-21.2694877720186),.UNSPECIFIED.);
#226=B_SPLINE_CURVE_WITH_KNOTS('',3,(#2382,#2383,#2384,#2385,#2386,#2387,
#2388,#2389,#2390,#2391,#2392,#2393,#2394,#2395,#2396,#2397),
 .UNSPECIFIED.,.F.,.F.,(4,1,1,1,1,1,1,1,1,1,1,1,1,4),(-57.6436140464954,
-57.6275507832491,-57.1436345578942,-56.6597183325393,-55.6918858818295,
-54.7240534311197,-53.9981790930873,-53.272304755055,-52.5464304170226,
-51.8205560789903,-51.0946817409579,-50.3688074029255,-49.6429330648932,
-49.5603493297181),.UNSPECIFIED.);
#227=B_SPLINE_CURVE_WITH_KNOTS('',3,(#2398,#2399,#2400,#2401,#2402,#2403,
#2404,#2405,#2406,#2407,#2408,#2409,#2410,#2411,#2412,#2413,#2414),
 .UNSPECIFIED.,.F.,.F.,(4,1,1,1,1,1,1,1,1,1,1,1,1,1,4),(-37.4357599868331,
-37.3030693183432,-36.5771949803108,-35.8513206422785,-35.1254463042461,
-34.3995719662137,-33.6736976281814,-32.947823290149,-32.2219489521167,
-31.4960746140843,-30.8508529802778,-30.2056313464712,-30.0443259380196,
-29.5604097126647,-29.3524145173958),.UNSPECIFIED.);
#228=B_SPLINE_CURVE_WITH_KNOTS('',3,(#2419,#2420,#2421,#2422,#2423,#2424,
#2425,#2426,#2427,#2428,#2429,#2430,#2431,#2432),.UNSPECIFIED.,.F.,.F.,
(4,1,1,1,1,1,1,1,1,1,1,4),(-49.5603493297181,-48.9170587268608,-48.1911843888285,
-47.4653100507961,-46.7394357127637,-46.0135613747314,-45.287687036699,
-44.5618126986667,-43.8359383606343,-43.1100640226019,-42.1422315718921,
-41.477674822154),.UNSPECIFIED.);
#229=B_SPLINE_CURVE_WITH_KNOTS('',3,(#2433,#2434,#2435,#2436,#2437,#2438,
#2439,#2440,#2441,#2442,#2443,#2444,#2445,#2446),.UNSPECIFIED.,.F.,.F.,
(4,1,1,1,1,1,1,1,1,1,1,4),(-45.518902888127,-45.0457289240216,-44.0778964733118,
-43.110064022602,-42.3841896845696,-41.6583153465373,-40.9324410085049,
-40.2065666704726,-39.4806923324402,-38.7548179944079,-38.0289436563755,
-37.4357599868331),.UNSPECIFIED.);
#230=B_SPLINE_CURVE_WITH_KNOTS('',3,(#2451,#2452,#2453,#2454,#2455,#2456,
#2457,#2458,#2459,#2460,#2461,#2462,#2463,#2464),.UNSPECIFIED.,.F.,.F.,
(4,1,1,1,1,1,1,1,1,1,1,4),(-41.477674822154,-41.1743991211823,-40.2065666704725,
-39.4806923324402,-38.7548179944078,-38.0289436563754,-37.3030693183431,
-36.3352368676333,-35.3674044169235,-34.3995719662137,-33.4317395155038,
-33.3941121836431),.UNSPECIFIED.);
#231=B_SPLINE_CURVE_WITH_KNOTS('',3,(#2465,#2466,#2467,#2468,#2469,#2470,
#2471,#2472,#2473,#2474,#2475,#2476,#2477,#2478,#2479),.UNSPECIFIED.,.F.,
 .F.,(4,1,1,1,1,1,1,1,1,1,1,1,4),(-53.6019376501234,-53.2185362855711,-52.7883885297001,
-52.1431668958935,-51.497945262087,-50.8527236282804,-49.8848911775706,
-48.9170587268608,-48.1911843888285,-47.4653100507961,-46.7394357127638,
-46.0135613747314,-45.518902888127),.UNSPECIFIED.);
#232=B_SPLINE_CURVE_WITH_KNOTS('',3,(#2484,#2485,#2486,#2487,#2488,#2489,
#2490,#2491,#2492,#2493,#2494,#2495,#2496,#2497),.UNSPECIFIED.,.F.,.F.,
(4,1,1,1,1,1,1,1,1,1,1,4),(-33.3941121836431,-32.7865178816973,-32.1412962478908,
-31.4960746140842,-30.8508529802777,-30.2056313464711,-29.5604097126646,
-28.5925772619548,-27.624744811245,-26.6569123605352,-25.6890799098254,
-25.3108315462968),.UNSPECIFIED.);
#233=B_SPLINE_CURVE_WITH_KNOTS('',3,(#2498,#2499,#2500,#2501,#2502,#2503,
#2504,#2505,#2506,#2507,#2508,#2509,#2510,#2511),.UNSPECIFIED.,.F.,.F.,
(4,1,1,1,1,1,1,1,1,1,1,4),(-61.6852407211441,-61.4988805860883,-60.5310481353785,
-59.5632156846687,-58.5953832339589,-57.6275507832491,-56.6597183325393,
-56.0144966987327,-55.3692750649262,-54.7240534311197,-54.0788317973131,
-53.6019376501234),.UNSPECIFIED.);
#234=B_SPLINE_CURVE_WITH_KNOTS('',3,(#2516,#2517,#2518,#2519,#2520,#2521,
#2522,#2523,#2524,#2525,#2526,#2527,#2528,#2529),.UNSPECIFIED.,.F.,.F.,
(4,1,1,1,1,1,1,1,1,1,1,4),(-25.3108315462968,-24.7212474591155,-23.7534150084057,
-22.7855825576959,-21.8177501069861,-21.1725284731796,-20.527306839373,
-19.8820852055665,-19.2368635717599,-18.5916419379534,-17.9464203041469,
-17.2278855781963),.UNSPECIFIED.);
#235=B_SPLINE_CURVE_WITH_KNOTS('',3,(#2530,#2531,#2532,#2533,#2534,#2535,
#2536,#2537,#2538,#2539,#2540,#2541,#2542,#2543,#2544,#2545),
 .UNSPECIFIED.,.F.,.F.,(4,1,1,1,1,1,1,1,1,1,1,1,1,4),(-69.768467024742,
-69.56415100867,-68.703855496928,-68.2737077410569,-67.6284861072504,-66.9832644734439,
-66.3380428396373,-65.6928212058308,-65.0475995720243,-64.4023779382177,
-63.4345454875079,-62.4667130367981,-61.9827968114432,-61.6852407211441),
 .UNSPECIFIED.);
#236=B_SPLINE_CURVE_WITH_KNOTS('',3,(#2551,#2552,#2553,#2554,#2555,#2556,
#2557,#2558,#2559,#2560,#2561,#2562),.UNSPECIFIED.,.F.,.F.,(4,1,1,1,1,1,
1,1,1,4),(-83.7590269524138,-83.0331526143815,-82.3072782763491,-81.5814039383168,
-80.8555296002844,-80.1296552622521,-79.4037809242197,-78.6779065861874,
-77.952032248155,-77.8513020295958),.UNSPECIFIED.);
#237=B_SPLINE_CURVE_WITH_KNOTS('',3,(#2565,#2566,#2567,#2568,#2569,#2570,
#2571,#2572,#2573,#2574,#2575,#2576,#2577),.UNSPECIFIED.,.F.,.F.,(4,1,1,
1,1,1,1,1,1,1,4),(-9.14480281029737,-8.99397013508111,-8.26809579704875,
-7.54222145901639,-6.81634712098403,-6.09047278295168,-5.36459844491932,
-4.63872410688696,-3.9128497688546,-3.18697543082224,-2.92761881405064),
 .UNSPECIFIED.);
#238=B_SPLINE_CURVE_WITH_KNOTS('',3,(#2583,#2584,#2585,#2586,#2587,#2588,
#2589,#2590,#2591,#2592,#2593),.UNSPECIFIED.,.F.,.F.,(4,1,1,1,1,1,1,1,4),
(-36.9406566831722,-36.3094890544494,-35.6783214257266,-35.0471537970038,
-34.415986168281,-33.7848185395582,-33.1536509108354,-32.5224832821126,
-32.2284774804993),.UNSPECIFIED.);
#239=B_SPLINE_CURVE_WITH_KNOTS('',3,(#2596,#2597,#2598,#2599,#2600,#2601,
#2602,#2603,#2604,#2605,#2606,#2607,#2608),.UNSPECIFIED.,.F.,.F.,(4,1,1,
1,1,1,1,1,1,1,4),(-6.82082251772166,-6.64461050447772,-6.01344287575492,
-5.38227524703212,-5.06669143267073,-4.75110761830933,-4.11993998958653,
-3.48877236086373,-2.85760473214093,-2.22643710341813,-1.89845436375009),
 .UNSPECIFIED.);
#240=B_SPLINE_CURVE_WITH_KNOTS('',3,(#2613,#2614,#2615,#2616,#2617,#2618,
#2619,#2620,#2621,#2622,#2623,#2624,#2625,#2626,#2627,#2628),
 .UNSPECIFIED.,.F.,.F.,(4,1,1,1,1,1,1,1,1,1,1,1,1,4),(-32.2284774804993,
-31.8913156533898,-31.4705372342413,-31.0497588150927,-30.6289803959442,
-30.2082019767957,-29.7874235576471,-29.3666451384986,-28.94586671935,-28.5250883002015,
-28.104309881053,-27.6835314619044,-27.2627530427559,-26.9721421306374),
 .UNSPECIFIED.);
#241=B_SPLINE_CURVE_WITH_KNOTS('',3,(#2629,#2630,#2631,#2632,#2633,#2634,
#2635,#2636,#2637,#2638,#2639,#2640,#2641,#2642,#2643),.UNSPECIFIED.,.F.,
 .F.,(4,1,1,1,1,1,1,1,1,1,1,1,4),(-12.0771882657342,-11.6939515342601,-11.2731731151116,
-10.852394695963,-10.4316162768145,-10.010837857666,-9.59005943851745,-9.16928101936891,
-8.74850260022038,-8.32772418107185,-7.76668628887381,-7.20564839667576,
-6.82082251772166),.UNSPECIFIED.);
#242=B_SPLINE_CURVE_WITH_KNOTS('',3,(#2648,#2649,#2650,#2651,#2652,#2653,
#2654,#2655,#2656,#2657,#2658,#2659,#2660,#2661,#2662,#2663,#2664),
 .UNSPECIFIED.,.F.,.F.,(4,1,1,1,1,1,1,1,1,1,1,1,1,1,4),(-26.9721421306374,
-26.8419746236074,-26.4211962044588,-26.0004177853103,-25.5796393661617,
-25.1588609470132,-24.7380825278647,-24.3173041087161,-23.8965256895676,
-23.4757472704191,-23.0549688512705,-22.634190432122,-22.2134120129735,
-21.7926335938249,-21.7155808202564),.UNSPECIFIED.);
#243=B_SPLINE_CURVE_WITH_KNOTS('',3,(#2665,#2666,#2667,#2668,#2669,#2670,
#2671,#2672,#2673,#2674,#2675,#2676,#2677,#2678,#2679,#2680),
 .UNSPECIFIED.,.F.,.F.,(4,1,1,1,1,1,1,1,1,1,1,1,1,4),(-17.3337887842653,
-17.164070983191,-16.7432925640425,-16.322514144894,-15.9017357257454,-15.6212167796464,
-15.0601788874484,-14.4991409952503,-13.9381031030523,-13.3770652108542,
-12.9562867917057,-12.5355083725572,-12.1147299534086,-12.0771882657342),
 .UNSPECIFIED.);
#244=B_SPLINE_CURVE_WITH_KNOTS('',3,(#2685,#2686,#2687,#2688,#2689,#2690,
#2691,#2692,#2693,#2694,#2695,#2696,#2697,#2698,#2699),.UNSPECIFIED.,.F.,
 .F.,(4,1,1,1,1,1,1,1,1,1,1,1,4),(-21.7155808202564,-21.3718551746764,-20.9510767555278,
-20.5302983363793,-20.1095199172308,-19.6887414980822,-19.5484820250327,
-18.9874441328347,-18.4264062406366,-17.8653683484386,-17.3043304562405,
-16.7432925640425,-16.4590307070854),.UNSPECIFIED.);
#245=B_SPLINE_CURVE_WITH_KNOTS('',3,(#2700,#2701,#2702,#2703,#2704,#2705,
#2706,#2707,#2708,#2709,#2710,#2711,#2712,#2713,#2714),.UNSPECIFIED.,.F.,
 .F.,(4,1,1,1,1,1,1,1,1,1,1,1,4),(-22.5901825344008,-22.2134120129734,-21.7926335938249,
-21.3718551746763,-20.9510767555278,-20.5302983363793,-20.1095199172307,
-19.5484820250327,-18.9874441328347,-18.4264062406366,-17.8653683484386,
-17.5848494023396,-17.3337887842653),.UNSPECIFIED.);
#246=B_SPLINE_CURVE_WITH_KNOTS('',3,(#2719,#2720,#2721,#2722,#2723,#2724,
#2725,#2726,#2727,#2728,#2729,#2730,#2731,#2732,#2733,#2734),
 .UNSPECIFIED.,.F.,.F.,(4,1,1,1,1,1,1,1,1,1,1,1,1,4),(-16.4590307070854,
-16.1822546718444,-15.6212167796464,-15.0601788874483,-14.6394004682998,
-14.2186220491513,-13.7978436300027,-13.3770652108542,-12.9562867917056,
-12.5355083725571,-12.1147299534086,-11.69395153426,-11.2731731151115,-11.2025437578173),
 .UNSPECIFIED.);
#247=B_SPLINE_CURVE_WITH_KNOTS('',3,(#2735,#2736,#2737,#2738,#2739,#2740,
#2741,#2742,#2743,#2744,#2745,#2746,#2747,#2748,#2749),.UNSPECIFIED.,.F.,
 .F.,(4,1,1,1,1,1,1,1,1,1,1,1,4),(-27.846626966468,-27.4731422523301,-26.8419746236073,
-26.4211962044587,-26.0004177853102,-25.5796393661617,-25.1588609470131,
-24.5978230548151,-24.0367851626171,-23.475747270419,-23.0549688512705,
-22.6341904321219,-22.5901825344008),.UNSPECIFIED.);
#248=B_SPLINE_CURVE_WITH_KNOTS('',3,(#2755,#2756,#2757,#2758,#2759,#2760,
#2761,#2762,#2763,#2764),.UNSPECIFIED.,.F.,.F.,(4,1,1,1,1,1,1,4),(-36.940656683172,
-36.3094890544492,-35.6783214257264,-35.0471537970036,-34.4159861682808,
-33.784818539558,-33.1536509108352,-33.1031825326277),.UNSPECIFIED.);
#249=B_SPLINE_CURVE_WITH_KNOTS('',3,(#2767,#2768,#2769,#2770,#2771,#2772,
#2773,#2774,#2775,#2776),.UNSPECIFIED.,.F.,.F.,(4,1,1,1,1,1,1,4),(-5.94586123561749,
-5.38227524703199,-4.75110761830918,-4.11993998958638,-3.48877236086357,
-2.85760473214077,-2.22643710341796,-1.89845804648293),.UNSPECIFIED.);
#250=B_SPLINE_CURVE_WITH_KNOTS('',3,(#2782,#2783,#2784,#2785,#2786,#2787,
#2788,#2789,#2790,#2791),.UNSPECIFIED.,.F.,.F.,(4,3,3,4),(40.1533869502159,
40.4328155955784,41.1470187069936,41.861221818408),.UNSPECIFIED.);
#251=B_SPLINE_CURVE_WITH_KNOTS('',3,(#2794,#2795,#2796,#2797,#2798,#2799,
#2800,#2801,#2802,#2803,#2804,#2805,#2806,#2807,#2808,#2809),
 .UNSPECIFIED.,.F.,.F.,(4,3,3,3,3,4),(3.60517086904994,4.00633775445343,
4.72062603820062,5.43491432194782,6.14920260569501,6.67644163663823),
 .UNSPECIFIED.);
#252=B_SPLINE_CURVE_WITH_KNOTS('',3,(#2814,#2815,#2816,#2817,#2818,#2819,
#2820,#2821,#2822,#2823,#2824,#2825,#2826,#2827,#2828,#2829,#2830,#2831,
#2832,#2833,#2834,#2835,#2836,#2837,#2838,#2839,#2840,#2841,#2842,#2843,
#2844,#2845,#2846,#2847),.UNSPECIFIED.,.F.,.F.,(4,3,3,3,3,3,3,3,3,3,3,4),
(34.4147571792575,34.8776198170881,35.5125010458683,36.1473822746484,36.3259426202428,
36.5045029658372,36.8616236570261,37.5758650394037,38.2901064217814,39.0043478041591,
39.7185891865367,40.1533869502159),.UNSPECIFIED.);
#253=B_SPLINE_CURVE_WITH_KNOTS('',3,(#2848,#2849,#2850,#2851,#2852,#2853,
#2854,#2855,#2856,#2857,#2858,#2859,#2860,#2861,#2862,#2863,#2864,#2865,
#2866,#2867,#2868,#2869,#2870,#2871,#2872,#2873,#2874,#2875,#2876,#2877,
#2878,#2879,#2880,#2881,#2882,#2883,#2884,#2885,#2886,#2887),
 .UNSPECIFIED.,.F.,.F.,(4,3,3,3,3,3,3,3,3,3,3,3,3,4),(6.67644163663823,
6.86347795263819,7.57771683438353,8.05387608888042,8.53003534337731,9.0061945978742,
9.48235385237109,9.95851310686798,10.4346723613649,10.9108316158618,11.3869908703587,
11.8631501248555,12.3393093793524,12.4150513161694),.UNSPECIFIED.);
#254=B_SPLINE_CURVE_WITH_KNOTS('',3,(#2892,#2893,#2894,#2895,#2896,#2897,
#2898,#2899,#2900,#2901,#2902,#2903,#2904,#2905,#2906,#2907,#2908,#2909,
#2910,#2911,#2912,#2913,#2914,#2915,#2916,#2917,#2918,#2919,#2920,#2921,
#2922,#2923,#2924,#2925,#2926,#2927,#2928,#2929,#2930,#2931),
 .UNSPECIFIED.,.F.,.F.,(4,3,3,3,3,3,3,3,3,3,3,3,3,4),(28.6760769070271,
29.004920843017,29.4810859549691,29.9572510669212,30.4334161788733,30.9095812908253,
31.3857464027774,31.8619115147295,32.3380766266816,32.8142417386336,33.2904068505857,
33.7665719625378,34.2427370744899,34.4147571792575),.UNSPECIFIED.);
#255=B_SPLINE_CURVE_WITH_KNOTS('',3,(#2932,#2933,#2934,#2935,#2936,#2937,
#2938,#2939,#2940,#2941,#2942,#2943,#2944,#2945,#2946,#2947,#2948,#2949,
#2950,#2951,#2952,#2953,#2954,#2955,#2956,#2957,#2958,#2959),
 .UNSPECIFIED.,.F.,.F.,(4,3,3,3,3,3,3,3,3,4),(12.4150513161694,12.8154627228028,
13.2916149481345,14.0058432861319,14.7200716241294,15.4342999621268,16.1485283001243,
16.8627566381218,17.5769849761192,18.1535762810195),.UNSPECIFIED.);
#256=B_SPLINE_CURVE_WITH_KNOTS('',3,(#2964,#2965,#2966,#2967,#2968,#2969,
#2970,#2971,#2972,#2973,#2974,#2975,#2976,#2977,#2978,#2979,#2980,#2981,
#2982,#2983,#2984,#2985,#2986,#2987,#2988,#2989,#2990,#2991,#2992,#2993,
#2994,#2995,#2996,#2997),.UNSPECIFIED.,.F.,.F.,(4,3,3,3,3,3,3,3,3,3,3,4),
(22.9373749354001,23.2909191367386,24.0051695054558,24.7194198741731,25.1955867866513,
25.6717536991294,25.9891983074482,26.6240875240858,27.2589767407234,27.8938659573609,
28.5287551739985,28.6760769070271),.UNSPECIFIED.);
#257=B_SPLINE_CURVE_WITH_KNOTS('',3,(#2998,#2999,#3000,#3001,#3002,#3003,
#3004,#3005,#3006,#3007,#3008,#3009,#3010,#3011,#3012,#3013,#3014,#3015,
#3016,#3017,#3018,#3019,#3020,#3021,#3022,#3023,#3024,#3025,#3026,#3027,
#3028,#3029,#3030,#3031),.UNSPECIFIED.,.F.,.F.,(4,3,3,3,3,3,3,3,3,3,3,4),
(18.1535762810195,18.2912140726408,19.005446346784,19.7196786209272,20.4339108950703,
21.1481431692135,21.8623754433567,22.3385302927855,22.8146851422143,23.2908399916431,
23.7669948410719,23.8921328712756),.UNSPECIFIED.);
#258=B_SPLINE_CURVE_WITH_KNOTS('',3,(#3036,#3037,#3038,#3039,#3040,#3041,
#3042,#3043,#3044,#3045,#3046,#3047,#3048,#3049,#3050,#3051,#3052,#3053,
#3054,#3055,#3056,#3057,#3058,#3059,#3060,#3061,#3062,#3063),
 .UNSPECIFIED.,.F.,.F.,(4,3,3,3,3,3,3,3,3,4),(17.1986798558795,17.5769226249402,
18.2911721358389,19.0054216467377,19.7196711576364,20.4339206685351,21.1481701794339,
21.8624196903326,22.5766692012314,22.9373749354001),.UNSPECIFIED.);
#259=B_SPLINE_CURVE_WITH_KNOTS('',3,(#3064,#3065,#3066,#3067,#3068,#3069,
#3070,#3071,#3072,#3073,#3074,#3075,#3076,#3077,#3078,#3079,#3080,#3081,
#3082,#3083,#3084,#3085,#3086,#3087,#3088,#3089,#3090,#3091,#3092,#3093,
#3094,#3095,#3096,#3097),.UNSPECIFIED.,.F.,.F.,(4,3,3,3,3,3,3,3,3,3,3,4),
(23.8921328712756,24.2431544427657,24.7193157386491,25.1954770345326,25.6716383304161,
26.1477996262996,26.6239609221831,27.1001222180666,27.5762835139501,28.2905254577753,
29.0047674016005,29.6307671531991),.UNSPECIFIED.);
#260=B_SPLINE_CURVE_WITH_KNOTS('',3,(#3102,#3103,#3104,#3105,#3106,#3107,
#3108,#3109,#3110,#3111,#3112,#3113,#3114,#3115,#3116,#3117,#3118,#3119,
#3120,#3121,#3122,#3123,#3124,#3125,#3126,#3127,#3128,#3129,#3130,#3131,
#3132,#3133,#3134,#3135),.UNSPECIFIED.,.F.,.F.,(4,3,3,3,3,3,3,3,3,3,3,4),
(11.4600203272838,11.8629595928855,12.3391229836214,12.8152863743573,13.2914497650931,
14.005694851197,14.7199399373008,15.1961033280367,15.6722667187725,16.1484301095084,
16.8626751956122,17.1986798558795),.UNSPECIFIED.);
#261=B_SPLINE_CURVE_WITH_KNOTS('',3,(#3136,#3137,#3138,#3139,#3140,#3141,
#3142,#3143,#3144,#3145,#3146,#3147,#3148,#3149,#3150,#3151,#3152,#3153,
#3154,#3155,#3156,#3157,#3158,#3159,#3160,#3161,#3162,#3163,#3164,#3165,
#3166,#3167,#3168,#3169),.UNSPECIFIED.,.F.,.F.,(4,3,3,3,3,3,3,3,3,3,3,4),
(29.6307671531991,29.7190100905795,30.4332580657608,31.1475060409421,31.8617540161234,
32.5760019913047,33.290249966486,33.607693511011,34.242580600061,34.7187459168485,
35.194911233636,35.3694498940476),.UNSPECIFIED.);
#262=B_SPLINE_CURVE_WITH_KNOTS('',3,(#3175,#3176,#3177,#3178,#3179,#3180,
#3181),.UNSPECIFIED.,.F.,.F.,(4,3,4),(41.1081523156475,41.1469961607576,
41.8612218184192),.UNSPECIFIED.);
#263=B_SPLINE_CURVE_WITH_KNOTS('',3,(#3184,#3185,#3186,#3187,#3188,#3189,
#3190,#3191,#3192,#3193,#3194,#3195,#3196),.UNSPECIFIED.,.F.,.F.,(4,3,3,
3,4),(3.60517086903915,4.006316280205,4.72056632850212,5.43481637679923,
5.72142534833176),.UNSPECIFIED.);
#264=B_SPLINE_CURVE_WITH_KNOTS('',3,(#3215,#3216,#3217,#3218,#3219,#3220,
#3221,#3222,#3223,#3224,#3225,#3226,#3227,#3228,#3229,#3230,#3231,#3232,
#3233,#3234,#3235,#3236,#3237),.UNSPECIFIED.,.F.,.F.,(4,2,2,2,2,3,2,2,2,
2,4),(-0.65723122101908,-0.60298672715973,-0.54874223330038,-0.411556674975285,
-0.27437111665019,0.,0.27437111665019,0.411556674975285,0.54874223330038,
0.60298672715973,0.65723122101908),.UNSPECIFIED.);
#265=B_SPLINE_CURVE_WITH_KNOTS('',3,(#3250,#3251,#3252,#3253,#3254,#3255,
#3256,#3257,#3258,#3259,#3260,#3261,#3262,#3263,#3264,#3265,#3266,#3267,
#3268,#3269,#3270,#3271,#3272),.UNSPECIFIED.,.F.,.F.,(4,2,2,2,2,3,2,2,2,
2,4),(-0.657231221019083,-0.602986727159733,-0.548742233300382,-0.411556674975287,
-0.274371116650191,0.,0.274371116650191,0.411556674975286,0.548742233300382,
0.602986727159732,0.657231221019082),.UNSPECIFIED.);
#266=B_SPLINE_CURVE_WITH_KNOTS('',3,(#3285,#3286,#3287,#3288,#3289,#3290,
#3291,#3292,#3293,#3294,#3295,#3296,#3297,#3298,#3299,#3300,#3301,#3302,
#3303,#3304,#3305,#3306,#3307),.UNSPECIFIED.,.F.,.F.,(4,2,2,2,2,3,2,2,2,
2,4),(-0.65723122101908,-0.60298672715973,-0.548742233300379,-0.411556674975284,
-0.274371116650189,0.,0.27437111665019,0.411556674975285,0.54874223330038,
0.60298672715973,0.657231221019081),.UNSPECIFIED.);
#267=B_SPLINE_CURVE_WITH_KNOTS('',3,(#3325,#3326,#3327,#3328,#3329,#3330,
#3331,#3332,#3333,#3334,#3335,#3336),.UNSPECIFIED.,.F.,.F.,(4,2,2,2,2,4),
(-0.657231221019079,-0.602986727159729,-0.548742233300378,-0.411556674975284,
-0.274371116650189,0.),.UNSPECIFIED.);
#268=B_SPLINE_CURVE_WITH_KNOTS('',3,(#3337,#3338,#3339,#3340,#3341,#3342,
#3343,#3344,#3345,#3346,#3347,#3348),.UNSPECIFIED.,.F.,.F.,(4,2,2,2,2,4),
(0.,0.274371116650189,0.411556674975284,0.548742233300379,0.602986727159729,
0.657231221019079),.UNSPECIFIED.);
#269=B_SPLINE_CURVE_WITH_KNOTS('',3,(#3361,#3362,#3363,#3364,#3365,#3366,
#3367,#3368,#3369,#3370,#3371,#3372,#3373,#3374,#3375,#3376,#3377,#3378,
#3379,#3380,#3381,#3382,#3383),.UNSPECIFIED.,.F.,.F.,(4,2,2,2,2,3,2,2,2,
2,4),(-0.657231221019079,-0.602986727159729,-0.548742233300379,-0.411556674975284,
-0.274371116650189,0.,0.274371116650189,0.411556674975284,0.548742233300378,
0.602986727159728,0.657231221019078),.UNSPECIFIED.);
#270=B_SPLINE_CURVE_WITH_KNOTS('',3,(#3406,#3407,#3408,#3409,#3410,#3411,
#3412,#3413,#3414,#3415,#3416,#3417,#3418,#3419,#3420,#3421,#3422,#3423,
#3424,#3425,#3426,#3427,#3428),.UNSPECIFIED.,.F.,.F.,(4,2,2,2,2,3,2,2,2,
2,4),(-0.657231221019079,-0.602986727159729,-0.548742233300379,-0.411556674975284,
-0.274371116650189,0.,0.274371116650189,0.411556674975284,0.548742233300378,
0.602986727159729,0.657231221019079),.UNSPECIFIED.);
#271=B_SPLINE_CURVE_WITH_KNOTS('',3,(#3809,#3810,#3811,#3812,#3813,#3814),
 .UNSPECIFIED.,.F.,.F.,(4,2,4),(0.,0.0950980502692684,0.200920150619872),
 .UNSPECIFIED.);
#272=B_SPLINE_CURVE_WITH_KNOTS('',3,(#3815,#3816,#3817,#3818,#3819,#3820,
#3821,#3822,#3823,#3824,#3825,#3826,#3827,#3828),.UNSPECIFIED.,.F.,.F.,
(4,1,1,1,1,1,1,1,1,1,1,4),(-11.2025437578173,-10.852394695963,-10.4316162768144,
-10.0108378576659,-9.44979996546784,-8.88876207326979,-8.32772418107174,
-7.76668628887369,-7.20564839667564,-6.6446105044776,-6.01344287575479,
-5.94586123561749),.UNSPECIFIED.);
#273=B_SPLINE_CURVE_WITH_KNOTS('',3,(#3830,#3831,#3832,#3833,#3834,#3835,
#3836,#3837,#3838,#3839,#3840,#3841,#3842,#3843,#3844,#3845,#3846,#3847,
#3848,#3849,#3850,#3851,#3852,#3853,#3854),.UNSPECIFIED.,.F.,.F.,(4,3,3,
3,3,3,3,3,4),(9.3656065523366E-9,0.0593465623930502,0.110973502566818,0.150767087736633,
0.173613480732779,0.209553496157978,0.248310644980492,0.288983172345373,
0.329655699710255),.UNSPECIFIED.);
#274=B_SPLINE_CURVE_WITH_KNOTS('',3,(#3855,#3856,#3857,#3858,#3859,#3860,
#3861,#3862,#3863,#3864,#3865,#3866,#3867,#3868,#3869,#3870,#3871,#3872,
#3873,#3874,#3875,#3876,#3877,#3878,#3879,#3880,#3881,#3882,#3883,#3884,
#3885,#3886,#3887,#3888,#3889,#3890,#3891,#3892,#3893,#3894,#3895,#3896,
#3897,#3898,#3899,#3900,#3901,#3902,#3903,#3904,#3905,#3906,#3907,#3908,
#3909,#3910,#3911,#3912,#3913,#3914,#3915,#3916,#3917,#3918,#3919,#3920,
#3921,#3922,#3923,#3924,#3925,#3926,#3927,#3928,#3929),.UNSPECIFIED.,.F.,
 .F.,(4,1,1,1,1,1,1,1,1,1,1,1,1,1,1,1,1,1,1,1,1,1,1,1,1,1,1,1,1,1,1,1,1,
1,1,1,1,1,1,1,1,1,1,1,1,1,1,1,1,1,1,1,1,1,1,1,1,1,1,1,1,1,1,1,1,1,1,1,1,
1,1,1,4),(1.59526947469516,2.22643710341796,2.85760473214077,3.48877236086357,
4.11993998958638,4.75110761830918,5.38227524703199,6.01344287575479,6.6446105044776,
7.20564839667564,7.76668628887369,8.32772418107174,8.88876207326979,9.44979996546784,
10.0108378576659,10.4316162768144,10.852394695963,11.2731731151115,11.69395153426,
12.1147299534086,12.5355083725571,12.9562867917056,13.3770652108542,13.7978436300027,
14.2186220491513,14.6394004682998,15.0601788874483,15.6212167796464,16.1822546718444,
16.7432925640425,17.3043304562405,17.8653683484386,18.4264062406366,18.9874441328347,
19.5484820250327,19.6887414980822,20.1095199172308,20.5302983363793,20.9510767555278,
21.3718551746764,21.7926335938249,22.2134120129735,22.634190432122,23.0549688512705,
23.4757472704191,23.8965256895676,24.3173041087161,24.7380825278647,25.1588609470132,
25.5796393661617,26.0004177853103,26.4211962044588,26.8419746236074,27.2627530427559,
27.6835314619044,28.104309881053,28.5250883002015,28.94586671935,29.3666451384986,
29.7874235576471,30.2082019767957,30.6289803959442,31.0497588150927,31.4705372342413,
31.8913156533898,32.5224832821126,33.1536509108354,33.7848185395582,34.415986168281,
35.0471537970038,35.6783214257266,36.3094890544494,36.6374697744777),
 .UNSPECIFIED.);
#275=B_SPLINE_CURVE_WITH_KNOTS('',3,(#4206,#4207,#4208,#4209,#4210,#4211,
#4212,#4213,#4214,#4215,#4216,#4217,#4218,#4219,#4220,#4221,#4222,#4223,
#4224,#4225,#4226,#4227,#4228,#4229,#4230,#4231,#4232,#4233,#4234,#4235,
#4236,#4237,#4238,#4239,#4240,#4241,#4242,#4243,#4244,#4245,#4246,#4247,
#4248,#4249,#4250,#4251,#4252,#4253,#4254,#4255,#4256,#4257,#4258,#4259,
#4260,#4261,#4262,#4263,#4264,#4265,#4266,#4267,#4268,#4269,#4270,#4271,
#4272,#4273,#4274,#4275,#4276,#4277,#4278,#4279,#4280,#4281,#4282,#4283,
#4284,#4285,#4286,#4287,#4288,#4289,#4290),.UNSPECIFIED.,.F.,.F.,(4,3,3,
3,3,3,3,3,3,3,3,3,3,3,3,3,3,3,3,3,3,3,3,3,3,3,3,3,4),(0.44681580838351,
0.516085820631474,0.585857885566053,0.655552294704279,0.713751944717101,
0.782354407966664,0.852115292972683,0.920606966327959,0.991002457159349,
1.05734841681707,1.06139794799074,1.12893319034924,1.1495291929716,1.21701865959049,
1.28499876149183,1.35286604222203,1.4028878281182,1.46966684442997,1.53680499355698,
1.60347498318576,1.67084721206188,1.73821944093801,1.8039120426096,1.82741192656614,
1.89307837893735,1.95920914480396,2.02521381553491,2.06739061266352,2.11673444413243),
 .UNSPECIFIED.);
#276=B_SPLINE_CURVE_WITH_KNOTS('',3,(#4291,#4292,#4293,#4294,#4295,#4296,
#4297,#4298,#4299,#4300,#4301,#4302,#4303,#4304,#4305,#4306,#4307,#4308,
#4309,#4310,#4311,#4312,#4313,#4314,#4315,#4316,#4317,#4318),
 .UNSPECIFIED.,.F.,.F.,(4,3,3,3,3,3,3,3,3,4),(35.3694498940476,35.671077584864,
36.1472445346791,36.8614949594018,37.5757453841245,38.2899958088471,39.0042462335698,
39.7184966582925,40.4327470830152,41.1081523156475),.UNSPECIFIED.);
#277=B_SPLINE_CURVE_WITH_KNOTS('',3,(#4319,#4320,#4321,#4322,#4323,#4324,
#4325,#4326,#4327,#4328,#4329,#4330,#4331,#4332,#4333,#4334,#4335,#4336,
#4337,#4338,#4339,#4340,#4341,#4342,#4343,#4344,#4345,#4346,#4347,#4348,
#4349,#4350,#4351,#4352,#4353,#4354,#4355,#4356,#4357,#4358,#4359,#4360,
#4361,#4362,#4363,#4364,#4365,#4366,#4367,#4368,#4369,#4370,#4371,#4372,
#4373,#4374,#4375,#4376,#4377,#4378,#4379,#4380,#4381,#4382,#4383,#4384,
#4385,#4386,#4387,#4388,#4389,#4390,#4391,#4392,#4393,#4394,#4395,#4396,
#4397,#4398,#4399,#4400),.UNSPECIFIED.,.F.,.F.,(4,3,3,3,3,3,3,3,3,3,3,3,
3,3,3,3,3,3,3,3,3,3,3,3,3,3,3,4),(0.250571952789679,0.315259558631029,0.322528267289806,
0.386216054013506,0.452462767004412,0.518373994805819,0.584788450391473,
0.651202905977128,0.718065514085655,0.785084500900305,0.85143611478572,
0.915745649389932,0.982260567224988,0.986021685526348,1.05136563885906,
1.1202698311016,1.18799588283547,1.25748914533235,1.32698240782922,1.39665915394436,
1.46551795930059,1.53560367579518,1.60568939228978,1.67408290655991,1.74150783141548,
1.80993389459768,1.87941961782529,1.91593028755543),.UNSPECIFIED.);
#278=B_SPLINE_CURVE_WITH_KNOTS('',3,(#4403,#4404,#4405,#4406,#4407,#4408),
 .UNSPECIFIED.,.F.,.F.,(4,2,4),(0.,0.0950980502674585,0.200920150615554),
 .UNSPECIFIED.);
#279=B_SPLINE_CURVE_WITH_KNOTS('',3,(#4409,#4410,#4411,#4412,#4413,#4414,
#4415,#4416,#4417,#4418,#4419,#4420,#4421,#4422,#4423,#4424,#4425,#4426,
#4427,#4428,#4429,#4430,#4431,#4432,#4433,#4434,#4435,#4436,#4437,#4438,
#4439,#4440,#4441,#4442,#4443,#4444,#4445,#4446,#4447,#4448,#4449,#4450,
#4451,#4452,#4453,#4454,#4455,#4456,#4457,#4458,#4459,#4460,#4461,#4462,
#4463,#4464,#4465,#4466,#4467,#4468,#4469,#4470,#4471,#4472,#4473,#4474,
#4475,#4476,#4477,#4478,#4479,#4480,#4481,#4482,#4483,#4484,#4485,#4486,
#4487,#4488,#4489,#4490),.UNSPECIFIED.,.F.,.F.,(4,3,3,3,3,3,3,3,3,3,3,3,
3,3,3,3,3,3,3,3,3,3,3,3,3,3,3,4),(0.250571952790033,0.315260014131791,0.32252826728981,
0.386217020504868,0.452463491872935,0.518375078882811,0.584788992429972,
0.651202905977134,0.71806578598623,0.785084763569658,0.851436007818218,
0.915745649390327,0.982260306448778,0.98602168552652,1.05136498676814,1.12026934203349,
1.18799517969741,1.25748879376347,1.32698240782952,1.39665915394474,1.46551791364333,
1.53560365296687,1.6056893922904,1.67408290656016,1.74150784143976,1.80993388204903,
1.87941957196334,1.91593028755593),.UNSPECIFIED.);
#280=B_SPLINE_CURVE_WITH_KNOTS('',3,(#4871,#4872,#4873,#4874,#4875,#4876,
#4877,#4878,#4879,#4880,#4881,#4882,#4883,#4884,#4885,#4886),
 .UNSPECIFIED.,.F.,.F.,(4,1,1,1,1,1,1,1,1,1,1,1,1,4),(-33.1031825326277,
-32.5224832821124,-32.206899467751,-31.8913156533896,-31.4705372342411,
-31.0497588150926,-30.6289803959441,-30.2082019767955,-29.9276830306965,
-29.3666451384985,-29.0510613241371,-28.7354775097757,-28.1043098810529,
-27.846626966468),.UNSPECIFIED.);
#281=B_SPLINE_CURVE_WITH_KNOTS('',3,(#4888,#4889,#4890,#4891,#4892,#4893),
 .UNSPECIFIED.,.F.,.F.,(4,2,4),(9.36560647822066E-9,0.173613485166015,0.329655699710708),
 .UNSPECIFIED.);
#282=B_SPLINE_CURVE_WITH_KNOTS('',3,(#4894,#4895,#4896,#4897,#4898,#4899,
#4900,#4901,#4902,#4903,#4904,#4905,#4906,#4907,#4908,#4909,#4910,#4911,
#4912,#4913,#4914,#4915,#4916,#4917,#4918,#4919,#4920,#4921,#4922,#4923,
#4924,#4925,#4926,#4927,#4928,#4929,#4930,#4931,#4932,#4933,#4934,#4935,
#4936,#4937,#4938,#4939,#4940,#4941,#4942,#4943,#4944,#4945,#4946,#4947,
#4948,#4949,#4950,#4951,#4952,#4953,#4954,#4955,#4956,#4957,#4958,#4959,
#4960,#4961,#4962,#4963,#4964,#4965,#4966,#4967,#4968,#4969),
 .UNSPECIFIED.,.F.,.F.,(4,1,1,1,1,1,1,1,1,1,1,1,1,1,1,1,1,1,1,1,1,1,1,1,
1,1,1,1,1,1,1,1,1,1,1,1,1,1,1,1,1,1,1,1,1,1,1,1,1,1,1,1,1,1,1,1,1,1,1,1,
1,1,1,1,1,1,1,1,1,1,1,1,1,4),(1.59526947469533,2.22643710341813,2.85760473214093,
3.48877236086373,4.11993998958653,4.75110761830933,5.06669143267073,5.38227524703212,
6.01344287575492,6.64461050447772,7.20564839667576,7.76668628887381,8.32772418107185,
8.74850260022038,9.16928101936891,9.59005943851745,10.010837857666,10.4316162768145,
10.852394695963,11.2731731151116,11.6939515342601,12.1147299534086,12.5355083725572,
12.9562867917057,13.3770652108542,13.9381031030523,14.4991409952503,15.0601788874484,
15.6212167796464,15.9017357257454,16.322514144894,16.7432925640425,17.164070983191,
17.5848494023396,17.8653683484386,18.4264062406366,18.9874441328347,19.5484820250327,
20.1095199172307,20.5302983363793,20.9510767555278,21.3718551746763,21.7926335938249,
22.2134120129734,22.6341904321219,23.0549688512705,23.475747270419,24.0367851626171,
24.5978230548151,25.1588609470131,25.5796393661617,26.0004177853102,26.4211962044587,
26.8419746236073,27.4731422523301,28.1043098810529,28.7354775097757,29.0510613241371,
29.3666451384985,29.9276830306965,30.2082019767955,30.6289803959441,31.0497588150926,
31.4705372342411,31.8913156533896,32.206899467751,32.5224832821124,33.1536509108352,
33.784818539558,34.4159861682808,35.0471537970036,35.6783214257264,36.3094890544492,
36.6374715831471),.UNSPECIFIED.);
#283=B_SPLINE_CURVE_WITH_KNOTS('',3,(#5258,#5259,#5260,#5261,#5262,#5263,
#5264,#5265,#5266,#5267,#5268,#5269,#5270,#5271,#5272,#5273,#5274,#5275,
#5276,#5277,#5278,#5279,#5280,#5281,#5282,#5283,#5284,#5285,#5286,#5287,
#5288,#5289,#5290,#5291,#5292,#5293,#5294,#5295,#5296,#5297,#5298,#5299,
#5300,#5301,#5302,#5303,#5304,#5305,#5306,#5307,#5308,#5309,#5310,#5311,
#5312,#5313,#5314,#5315,#5316,#5317,#5318,#5319,#5320,#5321,#5322,#5323,
#5324,#5325,#5326,#5327,#5328,#5329,#5330,#5331,#5332,#5333,#5334,#5335,
#5336,#5337,#5338,#5339,#5340,#5341,#5342),.UNSPECIFIED.,.F.,.F.,(4,3,3,
3,3,3,3,3,3,3,3,3,3,3,3,3,3,3,3,3,3,3,3,3,3,3,3,3,4),(0.446815808384108,
0.516085354492292,0.585857426177833,0.655552480690065,0.713751944717082,
0.782354244372576,0.852115170277159,0.920607675019423,0.991002811505166,
1.05734965670564,1.06139794799091,1.12893398655191,1.14952919297234,1.21701898264771,
1.28499893658593,1.35286603078554,1.40288782811833,1.4696668670169,1.53680501049726,
1.60347511428679,1.67084727761256,1.73821944093832,1.80391211477122,1.827411926567,
1.89307896551803,1.95920939780344,2.02521088206165,2.06739061266379,2.11673444413366),
 .UNSPECIFIED.);
#284=B_SPLINE_CURVE_WITH_KNOTS('',3,(#5343,#5344,#5345,#5346,#5347,#5348,
#5349,#5350,#5351,#5352,#5353,#5354,#5355,#5356,#5357,#5358,#5359,#5360,
#5361,#5362,#5363,#5364,#5365,#5366,#5367,#5368,#5369,#5370,#5371,#5372,
#5373,#5374,#5375,#5376,#5377,#5378,#5379),.UNSPECIFIED.,.F.,.F.,(4,3,3,
3,3,3,3,3,3,3,3,3,4),(5.72142534833176,6.14905864390276,6.86329569597897,
7.57753274805518,8.05369078277265,8.52984881749013,9.00600685220761,9.48216488692508,
10.1170422665484,10.7519196461717,10.9106389910775,11.386797025795,11.4600203272838),
 .UNSPECIFIED.);
#285=B_SPLINE_CURVE_WITH_KNOTS('',3,(#5959,#5960,#5961,#5962,#5963,#5964,
#5965,#5966,#5967,#5968,#5969,#5970,#5971,#5972,#5973,#5974,#5975,#5976,
#5977,#5978,#5979,#5980,#5981,#5982,#5983,#5984,#5985,#5986),
 .UNSPECIFIED.,.F.,.F.,(4,3,3,3,3,3,3,3,3,4),(0.,0.0302838390679602,0.0611080594689035,
0.0918946682158971,0.122298381287761,0.146889872859785,0.168277026934202,
0.214640636988091,0.264422495450133,0.309238438004853),.UNSPECIFIED.);
#286=B_SPLINE_CURVE_WITH_KNOTS('',3,(#5987,#5988,#5989,#5990,#5991,#5992,
#5993,#5994,#5995,#5996,#5997,#5998,#5999,#6000,#6001),.UNSPECIFIED.,.F.,
 .F.,(4,1,1,1,1,1,1,1,1,1,1,1,4),(-77.8513020295958,-77.2261579101227,-76.5002835720903,
-75.7744092340579,-75.0485348960256,-74.3226605579932,-73.5967862199609,
-72.8709118819285,-72.1450375438962,-71.4998159100896,-70.8545942762831,
-70.2093726424766,-69.768467024742),.UNSPECIFIED.);
#287=B_SPLINE_CURVE_WITH_KNOTS('',3,(#6003,#6004,#6005,#6006,#6007,#6008,
#6009,#6010,#6011,#6012,#6013,#6014,#6015,#6016,#6017,#6018,#6019,#6020,
#6021,#6022,#6023,#6024,#6025,#6026,#6027,#6028,#6029,#6030),
 .UNSPECIFIED.,.F.,.F.,(4,3,3,3,3,3,3,3,3,4),(0.,0.0308266795324582,0.0624224783899666,
0.0939306356526033,0.124801978110327,0.146889872862153,0.168277026642822,
0.214801108281359,0.265694335478881,0.309238436485817),.UNSPECIFIED.);
#288=B_SPLINE_CURVE_WITH_KNOTS('',3,(#6031,#6032,#6033,#6034,#6035,#6036,
#6037,#6038,#6039,#6040,#6041,#6042,#6043,#6044,#6045,#6046,#6047,#6048,
#6049,#6050,#6051,#6052,#6053,#6054,#6055,#6056,#6057,#6058,#6059,#6060,
#6061,#6062,#6063,#6064,#6065,#6066,#6067,#6068,#6069,#6070,#6071,#6072,
#6073,#6074,#6075,#6076,#6077,#6078,#6079,#6080,#6081,#6082,#6083,#6084,
#6085,#6086,#6087,#6088,#6089,#6090,#6091,#6092,#6093,#6094,#6095,#6096,
#6097,#6098,#6099,#6100,#6101,#6102,#6103,#6104,#6105,#6106,#6107,#6108,
#6109,#6110,#6111,#6112,#6113,#6114,#6115,#6116,#6117,#6118,#6119,#6120,
#6121,#6122,#6123,#6124,#6125,#6126,#6127,#6128,#6129,#6130,#6131,#6132,
#6133,#6134,#6135,#6136,#6137,#6138,#6139,#6140,#6141,#6142,#6143,#6144,
#6145),.UNSPECIFIED.,.F.,.F.,(4,1,1,1,1,1,1,1,1,1,1,1,1,1,1,1,1,1,1,1,1,
1,1,1,1,1,1,1,1,1,1,1,1,1,1,1,1,1,1,1,1,1,1,1,1,1,1,1,1,1,1,1,1,1,1,1,1,
1,1,1,1,1,1,1,1,1,1,1,1,1,1,1,1,1,1,1,1,1,1,1,1,1,1,1,1,1,1,1,1,1,1,1,1,
1,1,1,1,1,1,1,1,1,1,1,1,1,1,1,1,1,1,1,4),(2.46110109279014,3.18697543082249,
3.91284976885485,4.6387241068872,5.36459844491955,6.09047278295191,6.81634712098426,
7.54222145901662,8.26809579704897,8.99397013508133,9.71984447311368,10.445718811146,
11.1715931491784,11.8974674872107,12.6233418252431,13.3492161632755,14.0750905013078,
15.0429229520176,16.0107554027274,16.9785878534372,17.946420304147,18.8067158158891,
19.2368635717601,19.8820852055666,20.5273068393732,21.1725284731797,21.8177501069863,
22.4629717407928,23.1081933745993,23.7534150084059,24.3986366422124,24.6137105201479,
25.2589321539545,25.6890799098255,26.6569123605353,27.6247448112451,28.5925772619549,
29.5604097126647,30.0443259380196,30.2056313464712,30.8508529802778,31.4960746140843,
32.2219489521167,32.947823290149,33.6736976281814,34.3995719662137,35.1254463042461,
35.8513206422785,36.5771949803108,37.3030693183432,38.0289436563755,38.7548179944079,
39.4806923324402,40.2065666704726,40.9324410085049,41.6583153465373,42.3841896845696,
43.110064022602,44.0778964733118,45.0457289240216,46.0135613747314,46.7394357127638,
47.4653100507961,48.1911843888285,48.9170587268608,49.8848911775706,50.8527236282804,
51.497945262087,52.1431668958935,52.7883885297001,53.2185362855711,54.0788317973131,
54.7240534311197,55.3692750649262,56.0144966987327,56.6597183325393,57.6275507832491,
58.5953832339589,59.5632156846687,60.5310481353785,61.4988805860883,61.9827968114432,
62.4667130367981,63.4345454875079,64.4023779382177,65.0475995720243,65.6928212058308,
66.3380428396373,66.9832644734439,67.6284861072504,68.2737077410569,68.703855496928,
69.56415100867,70.2093726424766,70.8545942762831,71.4998159100896,72.1450375438962,
72.8709118819285,73.5967862199609,74.3226605579932,75.0485348960256,75.7744092340579,
76.5002835720903,77.2261579101227,77.952032248155,78.6779065861874,79.4037809242197,
80.1296552622521,80.8555296002844,81.5814039383168,82.3072782763491,83.0331526143815,
83.2925068590699),.UNSPECIFIED.);
#289=B_SPLINE_CURVE_WITH_KNOTS('',3,(#6622,#6623,#6624,#6625,#6626,#6627,
#6628,#6629,#6630,#6631,#6632,#6633,#6634,#6635,#6636,#6637,#6638,#6639,
#6640,#6641,#6642,#6643,#6644,#6645,#6646,#6647,#6648,#6649,#6650,#6651,
#6652,#6653,#6654,#6655,#6656,#6657,#6658,#6659,#6660,#6661,#6662,#6663,
#6664,#6665,#6666,#6667,#6668,#6669,#6670,#6671,#6672,#6673,#6674,#6675,
#6676,#6677,#6678,#6679,#6680,#6681,#6682,#6683,#6684,#6685,#6686,#6687,
#6688,#6689,#6690,#6691,#6692,#6693,#6694,#6695,#6696,#6697,#6698,#6699,
#6700,#6701,#6702,#6703,#6704,#6705,#6706,#6707,#6708,#6709,#6710,#6711,
#6712,#6713,#6714,#6715,#6716,#6717,#6718,#6719,#6720,#6721,#6722,#6723,
#6724,#6725,#6726,#6727,#6728,#6729,#6730,#6731,#6732,#6733,#6734,#6735,
#6736,#6737,#6738,#6739),.UNSPECIFIED.,.F.,.F.,(4,3,3,3,3,3,3,3,3,3,3,3,
3,3,3,3,3,3,3,3,3,3,3,3,3,3,3,3,3,3,3,3,3,3,3,3,3,3,3,4),(0.386986135377385,
0.47590296505794,0.498478487670511,0.589349459353472,0.617244685910444,
0.706433363391981,0.797125510405828,0.888105900548866,0.948568421645891,
0.978627760988246,0.992986274721048,1.00217686523819,1.01230982872116,1.10378823419461,
1.19562496241309,1.28706315816029,1.37180606932507,1.46774460301053,1.5138227222645,
1.52271518130869,1.61373812635375,1.70582099719127,1.79846481153049,1.89078855337834,
1.98233599942269,2.02158058426922,2.03157399519468,2.12490393819112,2.13931433880879,
2.2307823337702,2.32386353065954,2.41731883165327,2.51055273064274,2.53620409878493,
2.55156286491974,2.55984975858165,2.65376916349054,2.74806630403956,2.84201863015754,
2.9209746209177),.UNSPECIFIED.);
#290=B_SPLINE_CURVE_WITH_KNOTS('',3,(#6740,#6741,#6742,#6743,#6744,#6745,
#6746,#6747,#6748,#6749,#6750,#6751,#6752,#6753,#6754,#6755,#6756,#6757,
#6758,#6759,#6760,#6761,#6762,#6763,#6764,#6765,#6766,#6767,#6768,#6769,
#6770,#6771,#6772,#6773,#6774,#6775,#6776),.UNSPECIFIED.,.F.,.F.,(4,3,3,
3,3,3,3,3,3,3,3,3,4),(8.56504494858418,9.10463931831421,9.89366313888737,
10.6826869594605,11.4717107800337,12.2607346006068,13.04975842118,13.8387822417532,
14.6278060623263,15.4168298828995,16.1181843900756,16.8195388972518,17.1409981963583),
 .UNSPECIFIED.);
#291=B_SPLINE_CURVE_WITH_KNOTS('',3,(#6777,#6778,#6779,#6780,#6781,#6782,
#6783,#6784,#6785,#6786,#6787,#6788,#6789,#6790,#6791,#6792,#6793,#6794,
#6795,#6796,#6797,#6798,#6799,#6800,#6801,#6802,#6803,#6804,#6805,#6806,
#6807,#6808,#6809,#6810,#6811,#6812,#6813,#6814,#6815,#6816,#6817,#6818,
#6819,#6820,#6821,#6822,#6823,#6824,#6825,#6826,#6827,#6828,#6829,#6830,
#6831,#6832,#6833,#6834,#6835,#6836,#6837,#6838,#6839,#6840,#6841,#6842,
#6843,#6844,#6845,#6846,#6847,#6848,#6849,#6850,#6851,#6852,#6853,#6854,
#6855,#6856,#6857,#6858,#6859,#6860,#6861,#6862,#6863,#6864,#6865,#6866,
#6867,#6868,#6869,#6870,#6871,#6872,#6873,#6874,#6875,#6876,#6877,#6878,
#6879,#6880,#6881,#6882,#6883,#6884,#6885),.UNSPECIFIED.,.F.,.F.,(4,3,3,
3,3,3,3,3,3,3,3,3,3,3,3,3,3,3,3,3,3,3,3,3,3,3,3,3,3,3,3,3,3,3,3,3,4),(1.42448742076314,
1.52011246159,1.61573750241685,1.66792574795131,1.76020263094368,1.8539762084716,
1.94796172050941,2.04153764837372,2.09221450506675,2.13807907658151,2.14820235344031,
2.24123697147395,2.33420986874219,2.42638559321672,2.44695250191791,2.54258976320599,
2.62627236683307,2.65491742434083,2.66868732712609,2.76033167432504,2.8525857276671,
2.94457286791719,3.03582768759224,3.12393913990741,3.167994866065,3.17725347347966,
3.21205059222258,3.30193539138828,3.39741085369837,3.48892997354601,3.5801749648477,
3.67037535683939,3.68383724062865,3.77443910542762,3.86889975216471,3.95799350650099,
3.9633603989018),.UNSPECIFIED.);
#292=B_SPLINE_CURVE_WITH_KNOTS('',3,(#7442,#7443,#7444,#7445,#7446,#7447,
#7448,#7449,#7450,#7451,#7452,#7453,#7454,#7455,#7456,#7457,#7458,#7459,
#7460,#7461,#7462,#7463,#7464,#7465,#7466,#7467,#7468,#7469),
 .UNSPECIFIED.,.F.,.F.,(4,3,3,3,3,3,3,3,3,4),(0.,0.0850493975872743,0.163091350334578,
0.232623052764188,0.267907277582616,0.318543570408033,0.37048155909978,
0.422636611997143,0.473900844387776,0.510326666887639),.UNSPECIFIED.);
#293=B_SPLINE_CURVE_WITH_KNOTS('',3,(#7471,#7472,#7473,#7474,#7475,#7476,
#7477,#7478,#7479,#7480,#7481,#7482,#7483,#7484,#7485,#7486,#7487,#7488,
#7489,#7490,#7491,#7492,#7493,#7494,#7495,#7496,#7497,#7498,#7499,#7500,
#7501,#7502,#7503,#7504,#7505,#7506,#7507,#7508,#7509,#7510,#7511,#7512,
#7513,#7514,#7515,#7516,#7517,#7518,#7519,#7520,#7521,#7522,#7523,#7524,
#7525,#7526,#7527,#7528,#7529,#7530,#7531,#7532,#7533,#7534,#7535,#7536,
#7537,#7538,#7539,#7540,#7541,#7542,#7543,#7544,#7545,#7546,#7547,#7548,
#7549,#7550,#7551,#7552,#7553,#7554,#7555,#7556,#7557,#7558,#7559,#7560,
#7561,#7562,#7563,#7564,#7565,#7566,#7567,#7568,#7569,#7570,#7571,#7572,
#7573,#7574,#7575,#7576,#7577,#7578,#7579,#7580,#7581),.UNSPECIFIED.,.F.,
 .F.,(4,1,1,1,1,1,1,1,1,1,1,1,1,1,1,1,1,1,1,1,1,1,1,1,1,1,1,1,1,1,1,1,1,
1,1,1,1,1,1,1,1,1,1,1,1,1,1,1,1,1,1,1,1,1,1,1,1,1,1,1,1,1,1,1,1,1,1,1,1,
1,1,1,1,1,1,1,1,1,1,1,1,1,1,1,1,1,1,1,1,1,1,1,1,1,1,1,1,1,1,1,1,1,1,1,1,
1,1,1,4),(2.46110109278988,3.18697543082224,3.9128497688546,4.63872410688696,
5.36459844491932,6.09047278295168,6.81634712098403,7.54222145901639,8.26809579704875,
8.99397013508111,9.71984447311347,10.4457188111458,11.1715931491782,11.8974674872105,
12.6233418252429,13.3492161632753,14.0750905013076,14.7203121351142,15.3655337689207,
16.0107554027272,16.6559770365338,17.0861247924048,17.9464203041469,18.5916419379534,
19.2368635717599,19.8820852055665,20.527306839373,21.1725284731796,21.8177501069861,
22.7855825576959,23.7534150084057,24.7212474591155,25.6890799098254,26.6569123605352,
27.624744811245,28.5925772619548,29.5604097126646,30.2056313464711,30.8508529802777,
31.4960746140842,32.1412962478908,32.7865178816973,33.4317395155038,34.3995719662137,
35.3674044169235,36.3352368676333,37.3030693183431,38.0289436563754,38.7548179944078,
39.4806923324402,40.2065666704725,41.1743991211823,42.1422315718921,43.1100640226019,
43.8359383606343,44.5618126986667,45.287687036699,46.0135613747314,46.7394357127637,
47.4653100507961,48.1911843888285,48.9170587268608,49.6429330648932,50.3688074029255,
51.0946817409579,51.8205560789903,52.5464304170226,53.272304755055,53.9981790930873,
54.7240534311197,55.6918858818295,56.6597183325393,57.1436345578942,57.6275507832491,
58.5953832339589,59.5632156846687,60.5310481353785,61.4988805860884,62.4667130367982,
63.434545487508,64.4023779382178,65.0475995720243,65.6928212058309,66.3380428396374,
66.983264473444,67.6284861072505,68.2737077410571,68.9189293748636,69.5641510086701,
70.2093726424767,70.8545942762832,71.4998159100898,72.1450375438963,72.8709118819287,
73.596786219961,74.3226605579934,75.0485348960257,75.7744092340581,76.5002835720904,
77.2261579101228,77.9520322481551,78.6779065861875,79.4037809242199,80.1296552622522,
80.8555296002846,81.581403938317,82.3072782763493,83.0331526143817,83.292507113067),
 .UNSPECIFIED.);
#294=B_SPLINE_CURVE_WITH_KNOTS('',3,(#7582,#7583,#7584,#7585,#7586,#7587,
#7588,#7589,#7590,#7591,#7592,#7593,#7594,#7595,#7596,#7597,#7598,#7599,
#7600,#7601,#7602,#7603,#7604,#7605,#7606,#7607,#7608,#7609),
 .UNSPECIFIED.,.F.,.F.,(4,3,3,3,3,3,3,3,3,4),(0.,0.0827574942216939,0.160458697348501,
0.23262304826528,0.267907273619841,0.317857372708644,0.368615930796371,
0.419498514422032,0.469783646176324,0.510326666486794),.UNSPECIFIED.);
#295=B_SPLINE_CURVE_WITH_KNOTS('',3,(#7610,#7611,#7612,#7613,#7614,#7615,
#7616,#7617,#7618,#7619,#7620,#7621,#7622,#7623,#7624,#7625),
 .UNSPECIFIED.,.F.,.F.,(4,1,1,1,1,1,1,1,1,1,1,1,1,4),(-17.2278855781963,
-17.0861247924048,-16.6559770365338,-16.0107554027272,-15.3655337689207,
-14.7203121351142,-14.0750905013076,-13.3492161632753,-12.6233418252429,
-11.8974674872105,-11.1715931491782,-10.4457188111458,-9.71984447311347,
-9.14480281029737),.UNSPECIFIED.);
#296=B_SPLINE_CURVE_WITH_KNOTS('',3,(#7628,#7629,#7630,#7631,#7632,#7633,
#7634,#7635,#7636,#7637,#7638,#7639,#7640,#7641,#7642,#7643,#7644,#7645,
#7646,#7647,#7648,#7649,#7650,#7651,#7652,#7653,#7654,#7655,#7656,#7657,
#7658,#7659,#7660,#7661,#7662,#7663,#7664,#7665,#7666,#7667,#7668,#7669,
#7670,#7671,#7672,#7673,#7674,#7675,#7676,#7677,#7678,#7679,#7680,#7681,
#7682,#7683,#7684,#7685,#7686,#7687,#7688,#7689,#7690,#7691,#7692,#7693,
#7694,#7695,#7696,#7697,#7698,#7699,#7700,#7701,#7702,#7703,#7704,#7705,
#7706,#7707,#7708,#7709,#7710,#7711,#7712,#7713,#7714,#7715,#7716,#7717,
#7718,#7719,#7720,#7721,#7722,#7723,#7724,#7725,#7726,#7727,#7728,#7729,
#7730,#7731,#7732,#7733,#7734,#7735,#7736),.UNSPECIFIED.,.F.,.F.,(4,3,3,
3,3,3,3,3,3,3,3,3,3,3,3,3,3,3,3,3,3,3,3,3,3,3,3,3,3,3,3,3,3,3,3,3,4),(1.42448742076294,
1.52011246158989,1.61573750241683,1.66792574795147,1.76020268117067,1.85397626582362,
1.9479617888635,2.04153775816205,2.09221460113155,2.13807932197162,2.14820232043155,
2.24123694587483,2.33420987012962,2.42638567522948,2.44695250191807,2.54258976320615,
2.62627236683323,2.65491743011784,2.66868732262327,2.7603317355528,2.8525857993273,
2.94457280036198,3.03582738694804,3.12393898958539,3.16799479090407,3.17725344531193,
3.21205059222275,3.30193512918565,3.39741065704639,3.48892979352759,3.58017492836144,
3.67037562154923,3.68383724062863,3.77443918105185,3.86889978997696,3.9579938887455,
3.96336039890208),.UNSPECIFIED.);
#297=B_SPLINE_CURVE_WITH_KNOTS('',3,(#7738,#7739,#7740,#7741,#7742,#7743,
#7744,#7745,#7746,#7747,#7748,#7749,#7750,#7751,#7752,#7753,#7754,#7755,
#7756,#7757,#7758,#7759,#7760,#7761,#7762,#7763,#7764,#7765,#7766,#7767,
#7768,#7769,#7770,#7771,#7772,#7773,#7774),.UNSPECIFIED.,.F.,.F.,(4,3,3,
3,3,3,3,3,3,3,3,3,4),(81.4608588029528,81.695044386274,82.484076040998,
83.2731076957219,84.0621393504458,84.8511710051697,85.6402026598937,86.4292343146176,
87.2182659693415,88.0072976240654,88.7963292787894,89.5853609335133,90.036897200338),
 .UNSPECIFIED.);
#298=B_SPLINE_CURVE_WITH_KNOTS('',3,(#8279,#8280,#8281,#8282,#8283,#8284,
#8285,#8286,#8287,#8288,#8289,#8290,#8291,#8292,#8293,#8294,#8295,#8296,
#8297,#8298,#8299,#8300,#8301,#8302,#8303,#8304,#8305,#8306,#8307,#8308,
#8309,#8310,#8311,#8312,#8313,#8314,#8315,#8316,#8317,#8318,#8319,#8320,
#8321,#8322,#8323,#8324,#8325,#8326,#8327,#8328,#8329,#8330,#8331,#8332,
#8333,#8334,#8335,#8336,#8337,#8338,#8339,#8340,#8341,#8342,#8343,#8344,
#8345,#8346,#8347,#8348,#8349,#8350,#8351,#8352,#8353,#8354,#8355,#8356,
#8357,#8358,#8359,#8360,#8361,#8362,#8363,#8364,#8365,#8366,#8367,#8368,
#8369,#8370,#8371,#8372,#8373,#8374,#8375,#8376,#8377,#8378,#8379,#8380,
#8381,#8382,#8383,#8384,#8385,#8386,#8387,#8388,#8389,#8390,#8391,#8392,
#8393,#8394,#8395,#8396),.UNSPECIFIED.,.F.,.F.,(4,3,3,3,3,3,3,3,3,3,3,3,
3,3,3,3,3,3,3,3,3,3,3,3,3,3,3,3,3,3,3,3,3,3,3,3,3,3,3,4),(0.386986135376779,
0.475903001568496,0.498478487670522,0.589349460875331,0.617244685909578,
0.706433429002024,0.797125591969532,0.888105987198954,0.948568497464611,
0.97862791862021,0.992981747349906,1.00310734250594,1.01198761175314,1.10346400456476,
1.19530025634439,1.28673987845098,1.37180606932421,1.46774460300968,1.51382269798625,
1.52271517093844,1.61373816274778,1.70582107746183,1.79846489773204,1.89078852364625,
1.98233576870874,2.02158041123354,2.03157392505842,2.12490386397081,2.13931433880793,
2.23078208536937,2.32386313714746,2.41731840825995,2.51055241711538,2.53620380485297,
2.55156238226125,2.55984921577988,2.65376849411129,2.74806561346148,2.84201811801199,
2.92097462091681),.UNSPECIFIED.);
#299=LINE('',#1502,#355);
#300=LINE('',#1562,#356);
#301=LINE('',#1640,#357);
#302=LINE('',#1718,#358);
#303=LINE('',#1796,#359);
#304=LINE('',#1877,#360);
#305=LINE('',#1967,#361);
#306=LINE('',#2060,#362);
#307=LINE('',#2138,#363);
#308=LINE('',#2225,#364);
#309=LINE('',#2255,#365);
#310=LINE('',#2266,#366);
#311=LINE('',#2280,#367);
#312=LINE('',#2314,#368);
#313=LINE('',#2349,#369);
#314=LINE('',#2381,#370);
#315=LINE('',#2418,#371);
#316=LINE('',#2450,#372);
#317=LINE('',#2483,#373);
#318=LINE('',#2515,#374);
#319=LINE('',#2549,#375);
#320=LINE('',#2581,#376);
#321=LINE('',#2612,#377);
#322=LINE('',#2647,#378);
#323=LINE('',#2684,#379);
#324=LINE('',#2718,#380);
#325=LINE('',#2753,#381);
#326=LINE('',#2780,#382);
#327=LINE('',#2813,#383);
#328=LINE('',#2891,#384);
#329=LINE('',#2963,#385);
#330=LINE('',#3035,#386);
#331=LINE('',#3101,#387);
#332=LINE('',#3173,#388);
#333=LINE('',#3201,#389);
#334=LINE('',#3206,#390);
#335=LINE('',#3208,#391);
#336=LINE('',#3213,#392);
#337=LINE('',#3241,#393);
#338=LINE('',#3243,#394);
#339=LINE('',#3248,#395);
#340=LINE('',#3276,#396);
#341=LINE('',#3278,#397);
#342=LINE('',#3283,#398);
#343=LINE('',#3311,#399);
#344=LINE('',#3313,#400);
#345=LINE('',#3322,#401);
#346=LINE('',#3352,#402);
#347=LINE('',#3354,#403);
#348=LINE('',#3359,#404);
#349=LINE('',#3393,#405);
#350=LINE('',#3402,#406);
#351=LINE('',#3403,#407);
#352=LINE('',#3404,#408);
#353=LINE('',#3432,#409);
#354=LINE('',#8399,#410);
#355=VECTOR('',#1290,13.60415);
#356=VECTOR('',#1295,13.60415);
#357=VECTOR('',#1298,13.60415);
#358=VECTOR('',#1301,13.60415);
#359=VECTOR('',#1304,13.60415);
#360=VECTOR('',#1307,13.60415);
#361=VECTOR('',#1310,13.60415);
#362=VECTOR('',#1313,13.60415);
#363=VECTOR('',#1316,13.60415);
#364=VECTOR('',#1319,13.60415);
#365=VECTOR('',#1324,14.);
#366=VECTOR('',#1327,14.);
#367=VECTOR('',#1334,14.);
#368=VECTOR('',#1337,14.);
#369=VECTOR('',#1340,14.);
#370=VECTOR('',#1343,14.);
#371=VECTOR('',#1346,14.);
#372=VECTOR('',#1349,14.);
#373=VECTOR('',#1352,14.);
#374=VECTOR('',#1355,14.);
#375=VECTOR('',#1358,14.);
#376=VECTOR('',#1363,4.5);
#377=VECTOR('',#1368,4.5);
#378=VECTOR('',#1371,4.5);
#379=VECTOR('',#1374,4.5);
#380=VECTOR('',#1377,4.5);
#381=VECTOR('',#1380,4.5);
#382=VECTOR('',#1385,9.1015);
#383=VECTOR('',#1390,9.1015);
#384=VECTOR('',#1393,9.1015);
#385=VECTOR('',#1396,9.1015);
#386=VECTOR('',#1399,9.1015);
#387=VECTOR('',#1402,9.1015);
#388=VECTOR('',#1405,9.1015);
#389=VECTOR('',#1412,15.);
#390=VECTOR('',#1417,10.);
#391=VECTOR('',#1418,10.);
#392=VECTOR('',#1419,10.);
#393=VECTOR('',#1424,10.);
#394=VECTOR('',#1425,10.);
#395=VECTOR('',#1426,10.);
#396=VECTOR('',#1431,10.);
#397=VECTOR('',#1432,10.);
#398=VECTOR('',#1433,10.);
#399=VECTOR('',#1438,10.);
#400=VECTOR('',#1439,10.);
#401=VECTOR('',#1440,10.);
#402=VECTOR('',#1445,10.);
#403=VECTOR('',#1446,10.);
#404=VECTOR('',#1447,10.);
#405=VECTOR('',#1456,16.);
#406=VECTOR('',#1469,10.);
#407=VECTOR('',#1470,10.);
#408=VECTOR('',#1471,10.);
#409=VECTOR('',#1478,20.);
#410=VECTOR('',#1497,14.0000001192093);
#411=VERTEX_POINT('',#1500);
#412=VERTEX_POINT('',#1501);
#413=VERTEX_POINT('',#1503);
#414=VERTEX_POINT('',#1526);
#415=VERTEX_POINT('',#1560);
#416=VERTEX_POINT('',#1561);
#417=VERTEX_POINT('',#1638);
#418=VERTEX_POINT('',#1639);
#419=VERTEX_POINT('',#1716);
#420=VERTEX_POINT('',#1717);
#421=VERTEX_POINT('',#1794);
#422=VERTEX_POINT('',#1795);
#423=VERTEX_POINT('',#1875);
#424=VERTEX_POINT('',#1876);
#425=VERTEX_POINT('',#1965);
#426=VERTEX_POINT('',#1966);
#427=VERTEX_POINT('',#2058);
#428=VERTEX_POINT('',#2059);
#429=VERTEX_POINT('',#2136);
#430=VERTEX_POINT('',#2137);
#431=VERTEX_POINT('',#2223);
#432=VERTEX_POINT('',#2224);
#433=VERTEX_POINT('',#2226);
#434=VERTEX_POINT('',#2234);
#435=VERTEX_POINT('',#2253);
#436=VERTEX_POINT('',#2254);
#437=VERTEX_POINT('',#2256);
#438=VERTEX_POINT('',#2263);
#439=VERTEX_POINT('',#2265);
#440=VERTEX_POINT('',#2268);
#441=VERTEX_POINT('',#2278);
#442=VERTEX_POINT('',#2279);
#443=VERTEX_POINT('',#2312);
#444=VERTEX_POINT('',#2313);
#445=VERTEX_POINT('',#2347);
#446=VERTEX_POINT('',#2348);
#447=VERTEX_POINT('',#2379);
#448=VERTEX_POINT('',#2380);
#449=VERTEX_POINT('',#2416);
#450=VERTEX_POINT('',#2417);
#451=VERTEX_POINT('',#2448);
#452=VERTEX_POINT('',#2449);
#453=VERTEX_POINT('',#2481);
#454=VERTEX_POINT('',#2482);
#455=VERTEX_POINT('',#2513);
#456=VERTEX_POINT('',#2514);
#457=VERTEX_POINT('',#2547);
#458=VERTEX_POINT('',#2548);
#459=VERTEX_POINT('',#2550);
#460=VERTEX_POINT('',#2563);
#461=VERTEX_POINT('',#2579);
#462=VERTEX_POINT('',#2580);
#463=VERTEX_POINT('',#2582);
#464=VERTEX_POINT('',#2594);
#465=VERTEX_POINT('',#2610);
#466=VERTEX_POINT('',#2611);
#467=VERTEX_POINT('',#2645);
#468=VERTEX_POINT('',#2646);
#469=VERTEX_POINT('',#2682);
#470=VERTEX_POINT('',#2683);
#471=VERTEX_POINT('',#2716);
#472=VERTEX_POINT('',#2717);
#473=VERTEX_POINT('',#2751);
#474=VERTEX_POINT('',#2752);
#475=VERTEX_POINT('',#2754);
#476=VERTEX_POINT('',#2765);
#477=VERTEX_POINT('',#2778);
#478=VERTEX_POINT('',#2779);
#479=VERTEX_POINT('',#2781);
#480=VERTEX_POINT('',#2792);
#481=VERTEX_POINT('',#2811);
#482=VERTEX_POINT('',#2812);
#483=VERTEX_POINT('',#2889);
#484=VERTEX_POINT('',#2890);
#485=VERTEX_POINT('',#2961);
#486=VERTEX_POINT('',#2962);
#487=VERTEX_POINT('',#3033);
#488=VERTEX_POINT('',#3034);
#489=VERTEX_POINT('',#3099);
#490=VERTEX_POINT('',#3100);
#491=VERTEX_POINT('',#3171);
#492=VERTEX_POINT('',#3172);
#493=VERTEX_POINT('',#3174);
#494=VERTEX_POINT('',#3182);
#495=VERTEX_POINT('',#3198);
#496=VERTEX_POINT('',#3200);
#497=VERTEX_POINT('',#3204);
#498=VERTEX_POINT('',#3205);
#499=VERTEX_POINT('',#3207);
#500=VERTEX_POINT('',#3209);
#501=VERTEX_POINT('',#3239);
#502=VERTEX_POINT('',#3240);
#503=VERTEX_POINT('',#3242);
#504=VERTEX_POINT('',#3244);
#505=VERTEX_POINT('',#3274);
#506=VERTEX_POINT('',#3275);
#507=VERTEX_POINT('',#3277);
#508=VERTEX_POINT('',#3279);
#509=VERTEX_POINT('',#3309);
#510=VERTEX_POINT('',#3310);
#511=VERTEX_POINT('',#3312);
#512=VERTEX_POINT('',#3314);
#513=VERTEX_POINT('',#3318);
#514=VERTEX_POINT('',#3324);
#515=VERTEX_POINT('',#3350);
#516=VERTEX_POINT('',#3351);
#517=VERTEX_POINT('',#3353);
#518=VERTEX_POINT('',#3355);
#519=VERTEX_POINT('',#3385);
#520=VERTEX_POINT('',#3386);
#521=VERTEX_POINT('',#3392);
#522=VERTEX_POINT('',#3400);
#523=VERTEX_POINT('',#3401);
#524=VERTEX_POINT('',#3430);
#525=VERTEX_POINT('',#3808);
#526=VERTEX_POINT('',#3829);
#527=VERTEX_POINT('',#4402);
#528=VERTEX_POINT('',#4887);
#529=VERTEX_POINT('',#5958);
#530=VERTEX_POINT('',#6002);
#531=VERTEX_POINT('',#7441);
#532=VERTEX_POINT('',#7470);
#533=EDGE_CURVE('',#411,#412,#299,.T.);
#534=EDGE_CURVE('',#412,#413,#198,.T.);
#535=EDGE_CURVE('',#414,#413,#178,.T.);
#536=EDGE_CURVE('',#411,#414,#199,.F.);
#537=EDGE_CURVE('',#415,#416,#300,.T.);
#538=EDGE_CURVE('',#416,#412,#200,.T.);
#539=EDGE_CURVE('',#415,#411,#201,.F.);
#540=EDGE_CURVE('',#417,#418,#301,.T.);
#541=EDGE_CURVE('',#418,#416,#202,.T.);
#542=EDGE_CURVE('',#417,#415,#203,.F.);
#543=EDGE_CURVE('',#419,#420,#302,.T.);
#544=EDGE_CURVE('',#420,#418,#204,.T.);
#545=EDGE_CURVE('',#419,#417,#205,.F.);
#546=EDGE_CURVE('',#421,#422,#303,.T.);
#547=EDGE_CURVE('',#422,#420,#206,.T.);
#548=EDGE_CURVE('',#421,#419,#207,.F.);
#549=EDGE_CURVE('',#423,#424,#304,.T.);
#550=EDGE_CURVE('',#424,#422,#208,.T.);
#551=EDGE_CURVE('',#423,#421,#209,.F.);
#552=EDGE_CURVE('',#425,#426,#305,.T.);
#553=EDGE_CURVE('',#426,#424,#210,.T.);
#554=EDGE_CURVE('',#425,#423,#211,.F.);
#555=EDGE_CURVE('',#427,#428,#306,.T.);
#556=EDGE_CURVE('',#428,#426,#212,.T.);
#557=EDGE_CURVE('',#427,#425,#213,.F.);
#558=EDGE_CURVE('',#429,#430,#307,.T.);
#559=EDGE_CURVE('',#430,#428,#214,.T.);
#560=EDGE_CURVE('',#429,#427,#215,.F.);
#561=EDGE_CURVE('',#431,#432,#308,.T.);
#562=EDGE_CURVE('',#433,#431,#216,.F.);
#563=EDGE_CURVE('',#434,#433,#179,.T.);
#564=EDGE_CURVE('',#434,#432,#217,.T.);
#565=EDGE_CURVE('',#435,#436,#309,.T.);
#566=EDGE_CURVE('',#437,#436,#218,.T.);
#567=EDGE_CURVE('',#437,#438,#180,.T.);
#568=EDGE_CURVE('',#438,#439,#310,.T.);
#569=EDGE_CURVE('',#439,#439,#181,.T.);
#570=EDGE_CURVE('',#438,#440,#182,.T.);
#571=EDGE_CURVE('',#435,#440,#219,.T.);
#572=EDGE_CURVE('',#441,#442,#311,.T.);
#573=EDGE_CURVE('',#436,#442,#220,.T.);
#574=EDGE_CURVE('',#441,#435,#221,.T.);
#575=EDGE_CURVE('',#443,#444,#312,.T.);
#576=EDGE_CURVE('',#442,#444,#222,.T.);
#577=EDGE_CURVE('',#443,#441,#223,.T.);
#578=EDGE_CURVE('',#445,#446,#313,.T.);
#579=EDGE_CURVE('',#444,#446,#224,.T.);
#580=EDGE_CURVE('',#445,#443,#225,.T.);
#581=EDGE_CURVE('',#447,#448,#314,.T.);
#582=EDGE_CURVE('',#446,#448,#226,.T.);
#583=EDGE_CURVE('',#447,#445,#227,.T.);
#584=EDGE_CURVE('',#449,#450,#315,.T.);
#585=EDGE_CURVE('',#448,#450,#228,.T.);
#586=EDGE_CURVE('',#449,#447,#229,.T.);
#587=EDGE_CURVE('',#451,#452,#316,.T.);
#588=EDGE_CURVE('',#450,#452,#230,.T.);
#589=EDGE_CURVE('',#451,#449,#231,.T.);
#590=EDGE_CURVE('',#453,#454,#317,.T.);
#591=EDGE_CURVE('',#452,#454,#232,.T.);
#592=EDGE_CURVE('',#453,#451,#233,.T.);
#593=EDGE_CURVE('',#455,#456,#318,.T.);
#594=EDGE_CURVE('',#454,#456,#234,.T.);
#595=EDGE_CURVE('',#455,#453,#235,.T.);
#596=EDGE_CURVE('',#457,#458,#319,.T.);
#597=EDGE_CURVE('',#459,#457,#236,.T.);
#598=EDGE_CURVE('',#460,#459,#183,.F.);
#599=EDGE_CURVE('',#458,#460,#237,.T.);
#600=EDGE_CURVE('',#461,#462,#320,.T.);
#601=EDGE_CURVE('',#463,#462,#238,.T.);
#602=EDGE_CURVE('',#464,#463,#184,.T.);
#603=EDGE_CURVE('',#461,#464,#239,.T.);
#604=EDGE_CURVE('',#465,#466,#321,.T.);
#605=EDGE_CURVE('',#462,#466,#240,.T.);
#606=EDGE_CURVE('',#465,#461,#241,.T.);
#607=EDGE_CURVE('',#467,#468,#322,.T.);
#608=EDGE_CURVE('',#466,#468,#242,.T.);
#609=EDGE_CURVE('',#467,#465,#243,.T.);
#610=EDGE_CURVE('',#469,#470,#323,.T.);
#611=EDGE_CURVE('',#468,#470,#244,.T.);
#612=EDGE_CURVE('',#469,#467,#245,.T.);
#613=EDGE_CURVE('',#471,#472,#324,.T.);
#614=EDGE_CURVE('',#470,#472,#246,.T.);
#615=EDGE_CURVE('',#471,#469,#247,.T.);
#616=EDGE_CURVE('',#473,#474,#325,.T.);
#617=EDGE_CURVE('',#475,#473,#248,.T.);
#618=EDGE_CURVE('',#475,#476,#185,.F.);
#619=EDGE_CURVE('',#474,#476,#249,.T.);
#620=EDGE_CURVE('',#477,#478,#326,.T.);
#621=EDGE_CURVE('',#478,#479,#250,.T.);
#622=EDGE_CURVE('',#480,#479,#186,.T.);
#623=EDGE_CURVE('',#477,#480,#251,.F.);
#624=EDGE_CURVE('',#481,#482,#327,.T.);
#625=EDGE_CURVE('',#482,#478,#252,.T.);
#626=EDGE_CURVE('',#481,#477,#253,.F.);
#627=EDGE_CURVE('',#483,#484,#328,.T.);
#628=EDGE_CURVE('',#484,#482,#254,.T.);
#629=EDGE_CURVE('',#483,#481,#255,.F.);
#630=EDGE_CURVE('',#485,#486,#329,.T.);
#631=EDGE_CURVE('',#486,#484,#256,.T.);
#632=EDGE_CURVE('',#485,#483,#257,.F.);
#633=EDGE_CURVE('',#487,#488,#330,.T.);
#634=EDGE_CURVE('',#488,#486,#258,.T.);
#635=EDGE_CURVE('',#487,#485,#259,.F.);
#636=EDGE_CURVE('',#489,#490,#331,.T.);
#637=EDGE_CURVE('',#490,#488,#260,.T.);
#638=EDGE_CURVE('',#489,#487,#261,.F.);
#639=EDGE_CURVE('',#491,#492,#332,.T.);
#640=EDGE_CURVE('',#493,#491,#262,.F.);
#641=EDGE_CURVE('',#494,#493,#187,.T.);
#642=EDGE_CURVE('',#494,#492,#263,.T.);
#643=EDGE_CURVE('',#495,#495,#188,.T.);
#644=EDGE_CURVE('',#495,#496,#333,.T.);
#645=EDGE_CURVE('',#496,#496,#189,.T.);
#646=EDGE_CURVE('',#497,#498,#334,.T.);
#647=EDGE_CURVE('',#499,#497,#335,.T.);
#648=EDGE_CURVE('',#500,#499,#28,.T.);
#649=EDGE_CURVE('',#498,#500,#336,.T.);
#650=EDGE_CURVE('',#498,#497,#264,.T.);
#651=EDGE_CURVE('',#501,#502,#337,.T.);
#652=EDGE_CURVE('',#501,#503,#338,.T.);
#653=EDGE_CURVE('',#503,#504,#29,.T.);
#654=EDGE_CURVE('',#504,#502,#339,.T.);
#655=EDGE_CURVE('',#502,#501,#265,.T.);
#656=EDGE_CURVE('',#505,#506,#340,.T.);
#657=EDGE_CURVE('',#505,#507,#341,.T.);
#658=EDGE_CURVE('',#507,#508,#30,.T.);
#659=EDGE_CURVE('',#508,#506,#342,.T.);
#660=EDGE_CURVE('',#506,#505,#266,.T.);
#661=EDGE_CURVE('',#509,#510,#343,.T.);
#662=EDGE_CURVE('',#509,#511,#344,.T.);
#663=EDGE_CURVE('',#511,#512,#31,.T.);
#664=EDGE_CURVE('',#512,#513,#32,.T.);
#665=EDGE_CURVE('',#513,#510,#345,.T.);
#666=EDGE_CURVE('',#510,#514,#267,.T.);
#667=EDGE_CURVE('',#514,#509,#268,.T.);
#668=EDGE_CURVE('',#515,#516,#346,.T.);
#669=EDGE_CURVE('',#515,#517,#347,.T.);
#670=EDGE_CURVE('',#517,#518,#33,.T.);
#671=EDGE_CURVE('',#518,#516,#348,.T.);
#672=EDGE_CURVE('',#516,#515,#269,.T.);
#673=EDGE_CURVE('',#519,#520,#34,.T.);
#674=EDGE_CURVE('',#519,#518,#190,.T.);
#675=EDGE_CURVE('',#517,#513,#191,.T.);
#676=EDGE_CURVE('',#512,#521,#349,.T.);
#677=EDGE_CURVE('',#521,#521,#192,.T.);
#678=EDGE_CURVE('',#511,#508,#193,.T.);
#679=EDGE_CURVE('',#507,#504,#194,.T.);
#680=EDGE_CURVE('',#503,#500,#195,.T.);
#681=EDGE_CURVE('',#499,#520,#196,.T.);
#682=EDGE_CURVE('',#522,#523,#350,.T.);
#683=EDGE_CURVE('',#522,#519,#351,.T.);
#684=EDGE_CURVE('',#520,#523,#352,.T.);
#685=EDGE_CURVE('',#523,#522,#270,.T.);
#686=EDGE_CURVE('',#524,#524,#197,.T.);
#687=EDGE_CURVE('',#524,#514,#353,.T.);
#688=EDGE_CURVE('',#525,#463,#271,.T.);
#689=EDGE_CURVE('',#472,#474,#272,.T.);
#690=EDGE_CURVE('',#476,#526,#273,.T.);
#691=EDGE_CURVE('',#526,#525,#274,.T.);
#692=EDGE_CURVE('',#493,#526,#275,.T.);
#693=EDGE_CURVE('',#491,#489,#276,.F.);
#694=EDGE_CURVE('',#525,#480,#277,.T.);
#695=EDGE_CURVE('',#527,#475,#278,.T.);
#696=EDGE_CURVE('',#527,#494,#279,.T.);
#697=EDGE_CURVE('',#473,#471,#280,.T.);
#698=EDGE_CURVE('',#464,#528,#281,.T.);
#699=EDGE_CURVE('',#528,#527,#282,.T.);
#700=EDGE_CURVE('',#479,#528,#283,.T.);
#701=EDGE_CURVE('',#492,#490,#284,.T.);
#702=EDGE_CURVE('',#529,#459,#285,.T.);
#703=EDGE_CURVE('',#457,#455,#286,.T.);
#704=EDGE_CURVE('',#440,#530,#287,.F.);
#705=EDGE_CURVE('',#530,#529,#288,.T.);
#706=EDGE_CURVE('',#413,#530,#289,.F.);
#707=EDGE_CURVE('',#432,#430,#290,.T.);
#708=EDGE_CURVE('',#529,#434,#291,.F.);
#709=EDGE_CURVE('',#460,#531,#292,.T.);
#710=EDGE_CURVE('',#531,#532,#293,.T.);
#711=EDGE_CURVE('',#532,#437,#294,.F.);
#712=EDGE_CURVE('',#456,#458,#295,.T.);
#713=EDGE_CURVE('',#532,#414,#296,.F.);
#714=EDGE_CURVE('',#431,#429,#297,.F.);
#715=EDGE_CURVE('',#433,#531,#298,.F.);
#716=EDGE_CURVE('',#496,#439,#354,.T.);
#717=ORIENTED_EDGE('',*,*,#533,.T.);
#718=ORIENTED_EDGE('',*,*,#534,.T.);
#719=ORIENTED_EDGE('',*,*,#535,.F.);
#720=ORIENTED_EDGE('',*,*,#536,.F.);
#721=ORIENTED_EDGE('',*,*,#537,.T.);
#722=ORIENTED_EDGE('',*,*,#538,.T.);
#723=ORIENTED_EDGE('',*,*,#533,.F.);
#724=ORIENTED_EDGE('',*,*,#539,.F.);
#725=ORIENTED_EDGE('',*,*,#540,.T.);
#726=ORIENTED_EDGE('',*,*,#541,.T.);
#727=ORIENTED_EDGE('',*,*,#537,.F.);
#728=ORIENTED_EDGE('',*,*,#542,.F.);
#729=ORIENTED_EDGE('',*,*,#543,.T.);
#730=ORIENTED_EDGE('',*,*,#544,.T.);
#731=ORIENTED_EDGE('',*,*,#540,.F.);
#732=ORIENTED_EDGE('',*,*,#545,.F.);
#733=ORIENTED_EDGE('',*,*,#546,.T.);
#734=ORIENTED_EDGE('',*,*,#547,.T.);
#735=ORIENTED_EDGE('',*,*,#543,.F.);
#736=ORIENTED_EDGE('',*,*,#548,.F.);
#737=ORIENTED_EDGE('',*,*,#549,.T.);
#738=ORIENTED_EDGE('',*,*,#550,.T.);
#739=ORIENTED_EDGE('',*,*,#546,.F.);
#740=ORIENTED_EDGE('',*,*,#551,.F.);
#741=ORIENTED_EDGE('',*,*,#552,.T.);
#742=ORIENTED_EDGE('',*,*,#553,.T.);
#743=ORIENTED_EDGE('',*,*,#549,.F.);
#744=ORIENTED_EDGE('',*,*,#554,.F.);
#745=ORIENTED_EDGE('',*,*,#555,.T.);
#746=ORIENTED_EDGE('',*,*,#556,.T.);
#747=ORIENTED_EDGE('',*,*,#552,.F.);
#748=ORIENTED_EDGE('',*,*,#557,.F.);
#749=ORIENTED_EDGE('',*,*,#558,.T.);
#750=ORIENTED_EDGE('',*,*,#559,.T.);
#751=ORIENTED_EDGE('',*,*,#555,.F.);
#752=ORIENTED_EDGE('',*,*,#560,.F.);
#753=ORIENTED_EDGE('',*,*,#561,.F.);
#754=ORIENTED_EDGE('',*,*,#562,.F.);
#755=ORIENTED_EDGE('',*,*,#563,.F.);
#756=ORIENTED_EDGE('',*,*,#564,.T.);
#757=ORIENTED_EDGE('',*,*,#565,.T.);
#758=ORIENTED_EDGE('',*,*,#566,.F.);
#759=ORIENTED_EDGE('',*,*,#567,.T.);
#760=ORIENTED_EDGE('',*,*,#568,.T.);
#761=ORIENTED_EDGE('',*,*,#569,.T.);
#762=ORIENTED_EDGE('',*,*,#568,.F.);
#763=ORIENTED_EDGE('',*,*,#570,.T.);
#764=ORIENTED_EDGE('',*,*,#571,.F.);
#765=ORIENTED_EDGE('',*,*,#572,.T.);
#766=ORIENTED_EDGE('',*,*,#573,.F.);
#767=ORIENTED_EDGE('',*,*,#565,.F.);
#768=ORIENTED_EDGE('',*,*,#574,.F.);
#769=ORIENTED_EDGE('',*,*,#575,.T.);
#770=ORIENTED_EDGE('',*,*,#576,.F.);
#771=ORIENTED_EDGE('',*,*,#572,.F.);
#772=ORIENTED_EDGE('',*,*,#577,.F.);
#773=ORIENTED_EDGE('',*,*,#578,.T.);
#774=ORIENTED_EDGE('',*,*,#579,.F.);
#775=ORIENTED_EDGE('',*,*,#575,.F.);
#776=ORIENTED_EDGE('',*,*,#580,.F.);
#777=ORIENTED_EDGE('',*,*,#581,.T.);
#778=ORIENTED_EDGE('',*,*,#582,.F.);
#779=ORIENTED_EDGE('',*,*,#578,.F.);
#780=ORIENTED_EDGE('',*,*,#583,.F.);
#781=ORIENTED_EDGE('',*,*,#584,.T.);
#782=ORIENTED_EDGE('',*,*,#585,.F.);
#783=ORIENTED_EDGE('',*,*,#581,.F.);
#784=ORIENTED_EDGE('',*,*,#586,.F.);
#785=ORIENTED_EDGE('',*,*,#587,.T.);
#786=ORIENTED_EDGE('',*,*,#588,.F.);
#787=ORIENTED_EDGE('',*,*,#584,.F.);
#788=ORIENTED_EDGE('',*,*,#589,.F.);
#789=ORIENTED_EDGE('',*,*,#590,.T.);
#790=ORIENTED_EDGE('',*,*,#591,.F.);
#791=ORIENTED_EDGE('',*,*,#587,.F.);
#792=ORIENTED_EDGE('',*,*,#592,.F.);
#793=ORIENTED_EDGE('',*,*,#593,.T.);
#794=ORIENTED_EDGE('',*,*,#594,.F.);
#795=ORIENTED_EDGE('',*,*,#590,.F.);
#796=ORIENTED_EDGE('',*,*,#595,.F.);
#797=ORIENTED_EDGE('',*,*,#596,.F.);
#798=ORIENTED_EDGE('',*,*,#597,.F.);
#799=ORIENTED_EDGE('',*,*,#598,.F.);
#800=ORIENTED_EDGE('',*,*,#599,.F.);
#801=ORIENTED_EDGE('',*,*,#600,.T.);
#802=ORIENTED_EDGE('',*,*,#601,.F.);
#803=ORIENTED_EDGE('',*,*,#602,.F.);
#804=ORIENTED_EDGE('',*,*,#603,.F.);
#805=ORIENTED_EDGE('',*,*,#604,.T.);
#806=ORIENTED_EDGE('',*,*,#605,.F.);
#807=ORIENTED_EDGE('',*,*,#600,.F.);
#808=ORIENTED_EDGE('',*,*,#606,.F.);
#809=ORIENTED_EDGE('',*,*,#607,.T.);
#810=ORIENTED_EDGE('',*,*,#608,.F.);
#811=ORIENTED_EDGE('',*,*,#604,.F.);
#812=ORIENTED_EDGE('',*,*,#609,.F.);
#813=ORIENTED_EDGE('',*,*,#610,.T.);
#814=ORIENTED_EDGE('',*,*,#611,.F.);
#815=ORIENTED_EDGE('',*,*,#607,.F.);
#816=ORIENTED_EDGE('',*,*,#612,.F.);
#817=ORIENTED_EDGE('',*,*,#613,.T.);
#818=ORIENTED_EDGE('',*,*,#614,.F.);
#819=ORIENTED_EDGE('',*,*,#610,.F.);
#820=ORIENTED_EDGE('',*,*,#615,.F.);
#821=ORIENTED_EDGE('',*,*,#616,.F.);
#822=ORIENTED_EDGE('',*,*,#617,.F.);
#823=ORIENTED_EDGE('',*,*,#618,.T.);
#824=ORIENTED_EDGE('',*,*,#619,.F.);
#825=ORIENTED_EDGE('',*,*,#620,.T.);
#826=ORIENTED_EDGE('',*,*,#621,.T.);
#827=ORIENTED_EDGE('',*,*,#622,.F.);
#828=ORIENTED_EDGE('',*,*,#623,.F.);
#829=ORIENTED_EDGE('',*,*,#624,.T.);
#830=ORIENTED_EDGE('',*,*,#625,.T.);
#831=ORIENTED_EDGE('',*,*,#620,.F.);
#832=ORIENTED_EDGE('',*,*,#626,.F.);
#833=ORIENTED_EDGE('',*,*,#627,.T.);
#834=ORIENTED_EDGE('',*,*,#628,.T.);
#835=ORIENTED_EDGE('',*,*,#624,.F.);
#836=ORIENTED_EDGE('',*,*,#629,.F.);
#837=ORIENTED_EDGE('',*,*,#630,.T.);
#838=ORIENTED_EDGE('',*,*,#631,.T.);
#839=ORIENTED_EDGE('',*,*,#627,.F.);
#840=ORIENTED_EDGE('',*,*,#632,.F.);
#841=ORIENTED_EDGE('',*,*,#633,.T.);
#842=ORIENTED_EDGE('',*,*,#634,.T.);
#843=ORIENTED_EDGE('',*,*,#630,.F.);
#844=ORIENTED_EDGE('',*,*,#635,.F.);
#845=ORIENTED_EDGE('',*,*,#636,.T.);
#846=ORIENTED_EDGE('',*,*,#637,.T.);
#847=ORIENTED_EDGE('',*,*,#633,.F.);
#848=ORIENTED_EDGE('',*,*,#638,.F.);
#849=ORIENTED_EDGE('',*,*,#639,.F.);
#850=ORIENTED_EDGE('',*,*,#640,.F.);
#851=ORIENTED_EDGE('',*,*,#641,.F.);
#852=ORIENTED_EDGE('',*,*,#642,.T.);
#853=ORIENTED_EDGE('',*,*,#643,.T.);
#854=ORIENTED_EDGE('',*,*,#644,.T.);
#855=ORIENTED_EDGE('',*,*,#645,.F.);
#856=ORIENTED_EDGE('',*,*,#644,.F.);
#857=ORIENTED_EDGE('',*,*,#646,.F.);
#858=ORIENTED_EDGE('',*,*,#647,.F.);
#859=ORIENTED_EDGE('',*,*,#648,.F.);
#860=ORIENTED_EDGE('',*,*,#649,.F.);
#861=ORIENTED_EDGE('',*,*,#650,.T.);
#862=ORIENTED_EDGE('',*,*,#646,.T.);
#863=ORIENTED_EDGE('',*,*,#651,.F.);
#864=ORIENTED_EDGE('',*,*,#652,.T.);
#865=ORIENTED_EDGE('',*,*,#653,.T.);
#866=ORIENTED_EDGE('',*,*,#654,.T.);
#867=ORIENTED_EDGE('',*,*,#655,.T.);
#868=ORIENTED_EDGE('',*,*,#651,.T.);
#869=ORIENTED_EDGE('',*,*,#656,.F.);
#870=ORIENTED_EDGE('',*,*,#657,.T.);
#871=ORIENTED_EDGE('',*,*,#658,.T.);
#872=ORIENTED_EDGE('',*,*,#659,.T.);
#873=ORIENTED_EDGE('',*,*,#660,.T.);
#874=ORIENTED_EDGE('',*,*,#656,.T.);
#875=ORIENTED_EDGE('',*,*,#661,.F.);
#876=ORIENTED_EDGE('',*,*,#662,.T.);
#877=ORIENTED_EDGE('',*,*,#663,.T.);
#878=ORIENTED_EDGE('',*,*,#664,.T.);
#879=ORIENTED_EDGE('',*,*,#665,.T.);
#880=ORIENTED_EDGE('',*,*,#666,.T.);
#881=ORIENTED_EDGE('',*,*,#667,.T.);
#882=ORIENTED_EDGE('',*,*,#661,.T.);
#883=ORIENTED_EDGE('',*,*,#668,.F.);
#884=ORIENTED_EDGE('',*,*,#669,.T.);
#885=ORIENTED_EDGE('',*,*,#670,.T.);
#886=ORIENTED_EDGE('',*,*,#671,.T.);
#887=ORIENTED_EDGE('',*,*,#672,.T.);
#888=ORIENTED_EDGE('',*,*,#668,.T.);
#889=ORIENTED_EDGE('',*,*,#673,.F.);
#890=ORIENTED_EDGE('',*,*,#674,.T.);
#891=ORIENTED_EDGE('',*,*,#670,.F.);
#892=ORIENTED_EDGE('',*,*,#675,.T.);
#893=ORIENTED_EDGE('',*,*,#664,.F.);
#894=ORIENTED_EDGE('',*,*,#676,.T.);
#895=ORIENTED_EDGE('',*,*,#677,.T.);
#896=ORIENTED_EDGE('',*,*,#676,.F.);
#897=ORIENTED_EDGE('',*,*,#663,.F.);
#898=ORIENTED_EDGE('',*,*,#678,.T.);
#899=ORIENTED_EDGE('',*,*,#658,.F.);
#900=ORIENTED_EDGE('',*,*,#679,.T.);
#901=ORIENTED_EDGE('',*,*,#653,.F.);
#902=ORIENTED_EDGE('',*,*,#680,.T.);
#903=ORIENTED_EDGE('',*,*,#648,.T.);
#904=ORIENTED_EDGE('',*,*,#681,.T.);
#905=ORIENTED_EDGE('',*,*,#682,.F.);
#906=ORIENTED_EDGE('',*,*,#683,.T.);
#907=ORIENTED_EDGE('',*,*,#673,.T.);
#908=ORIENTED_EDGE('',*,*,#684,.T.);
#909=ORIENTED_EDGE('',*,*,#685,.T.);
#910=ORIENTED_EDGE('',*,*,#682,.T.);
#911=ORIENTED_EDGE('',*,*,#686,.T.);
#912=ORIENTED_EDGE('',*,*,#687,.T.);
#913=ORIENTED_EDGE('',*,*,#666,.F.);
#914=ORIENTED_EDGE('',*,*,#665,.F.);
#915=ORIENTED_EDGE('',*,*,#675,.F.);
#916=ORIENTED_EDGE('',*,*,#669,.F.);
#917=ORIENTED_EDGE('',*,*,#672,.F.);
#918=ORIENTED_EDGE('',*,*,#671,.F.);
#919=ORIENTED_EDGE('',*,*,#674,.F.);
#920=ORIENTED_EDGE('',*,*,#683,.F.);
#921=ORIENTED_EDGE('',*,*,#685,.F.);
#922=ORIENTED_EDGE('',*,*,#684,.F.);
#923=ORIENTED_EDGE('',*,*,#681,.F.);
#924=ORIENTED_EDGE('',*,*,#647,.T.);
#925=ORIENTED_EDGE('',*,*,#650,.F.);
#926=ORIENTED_EDGE('',*,*,#649,.T.);
#927=ORIENTED_EDGE('',*,*,#680,.F.);
#928=ORIENTED_EDGE('',*,*,#652,.F.);
#929=ORIENTED_EDGE('',*,*,#655,.F.);
#930=ORIENTED_EDGE('',*,*,#654,.F.);
#931=ORIENTED_EDGE('',*,*,#679,.F.);
#932=ORIENTED_EDGE('',*,*,#657,.F.);
#933=ORIENTED_EDGE('',*,*,#660,.F.);
#934=ORIENTED_EDGE('',*,*,#659,.F.);
#935=ORIENTED_EDGE('',*,*,#678,.F.);
#936=ORIENTED_EDGE('',*,*,#662,.F.);
#937=ORIENTED_EDGE('',*,*,#667,.F.);
#938=ORIENTED_EDGE('',*,*,#687,.F.);
#939=ORIENTED_EDGE('',*,*,#688,.T.);
#940=ORIENTED_EDGE('',*,*,#601,.T.);
#941=ORIENTED_EDGE('',*,*,#605,.T.);
#942=ORIENTED_EDGE('',*,*,#608,.T.);
#943=ORIENTED_EDGE('',*,*,#611,.T.);
#944=ORIENTED_EDGE('',*,*,#614,.T.);
#945=ORIENTED_EDGE('',*,*,#689,.T.);
#946=ORIENTED_EDGE('',*,*,#619,.T.);
#947=ORIENTED_EDGE('',*,*,#690,.T.);
#948=ORIENTED_EDGE('',*,*,#691,.T.);
#949=ORIENTED_EDGE('',*,*,#691,.F.);
#950=ORIENTED_EDGE('',*,*,#692,.F.);
#951=ORIENTED_EDGE('',*,*,#640,.T.);
#952=ORIENTED_EDGE('',*,*,#693,.T.);
#953=ORIENTED_EDGE('',*,*,#638,.T.);
#954=ORIENTED_EDGE('',*,*,#635,.T.);
#955=ORIENTED_EDGE('',*,*,#632,.T.);
#956=ORIENTED_EDGE('',*,*,#629,.T.);
#957=ORIENTED_EDGE('',*,*,#626,.T.);
#958=ORIENTED_EDGE('',*,*,#623,.T.);
#959=ORIENTED_EDGE('',*,*,#694,.F.);
#960=ORIENTED_EDGE('',*,*,#686,.F.);
#961=ORIENTED_EDGE('',*,*,#690,.F.);
#962=ORIENTED_EDGE('',*,*,#618,.F.);
#963=ORIENTED_EDGE('',*,*,#695,.F.);
#964=ORIENTED_EDGE('',*,*,#696,.T.);
#965=ORIENTED_EDGE('',*,*,#641,.T.);
#966=ORIENTED_EDGE('',*,*,#692,.T.);
#967=ORIENTED_EDGE('',*,*,#695,.T.);
#968=ORIENTED_EDGE('',*,*,#617,.T.);
#969=ORIENTED_EDGE('',*,*,#697,.T.);
#970=ORIENTED_EDGE('',*,*,#615,.T.);
#971=ORIENTED_EDGE('',*,*,#612,.T.);
#972=ORIENTED_EDGE('',*,*,#609,.T.);
#973=ORIENTED_EDGE('',*,*,#606,.T.);
#974=ORIENTED_EDGE('',*,*,#603,.T.);
#975=ORIENTED_EDGE('',*,*,#698,.T.);
#976=ORIENTED_EDGE('',*,*,#699,.T.);
#977=ORIENTED_EDGE('',*,*,#699,.F.);
#978=ORIENTED_EDGE('',*,*,#700,.F.);
#979=ORIENTED_EDGE('',*,*,#621,.F.);
#980=ORIENTED_EDGE('',*,*,#625,.F.);
#981=ORIENTED_EDGE('',*,*,#628,.F.);
#982=ORIENTED_EDGE('',*,*,#631,.F.);
#983=ORIENTED_EDGE('',*,*,#634,.F.);
#984=ORIENTED_EDGE('',*,*,#637,.F.);
#985=ORIENTED_EDGE('',*,*,#701,.F.);
#986=ORIENTED_EDGE('',*,*,#642,.F.);
#987=ORIENTED_EDGE('',*,*,#696,.F.);
#988=ORIENTED_EDGE('',*,*,#639,.T.);
#989=ORIENTED_EDGE('',*,*,#701,.T.);
#990=ORIENTED_EDGE('',*,*,#636,.F.);
#991=ORIENTED_EDGE('',*,*,#693,.F.);
#992=ORIENTED_EDGE('',*,*,#643,.F.);
#993=ORIENTED_EDGE('',*,*,#688,.F.);
#994=ORIENTED_EDGE('',*,*,#694,.T.);
#995=ORIENTED_EDGE('',*,*,#622,.T.);
#996=ORIENTED_EDGE('',*,*,#700,.T.);
#997=ORIENTED_EDGE('',*,*,#698,.F.);
#998=ORIENTED_EDGE('',*,*,#602,.T.);
#999=ORIENTED_EDGE('',*,*,#616,.T.);
#1000=ORIENTED_EDGE('',*,*,#689,.F.);
#1001=ORIENTED_EDGE('',*,*,#613,.F.);
#1002=ORIENTED_EDGE('',*,*,#697,.F.);
#1003=ORIENTED_EDGE('',*,*,#702,.T.);
#1004=ORIENTED_EDGE('',*,*,#597,.T.);
#1005=ORIENTED_EDGE('',*,*,#703,.T.);
#1006=ORIENTED_EDGE('',*,*,#595,.T.);
#1007=ORIENTED_EDGE('',*,*,#592,.T.);
#1008=ORIENTED_EDGE('',*,*,#589,.T.);
#1009=ORIENTED_EDGE('',*,*,#586,.T.);
#1010=ORIENTED_EDGE('',*,*,#583,.T.);
#1011=ORIENTED_EDGE('',*,*,#580,.T.);
#1012=ORIENTED_EDGE('',*,*,#577,.T.);
#1013=ORIENTED_EDGE('',*,*,#574,.T.);
#1014=ORIENTED_EDGE('',*,*,#571,.T.);
#1015=ORIENTED_EDGE('',*,*,#704,.T.);
#1016=ORIENTED_EDGE('',*,*,#705,.T.);
#1017=ORIENTED_EDGE('',*,*,#705,.F.);
#1018=ORIENTED_EDGE('',*,*,#706,.F.);
#1019=ORIENTED_EDGE('',*,*,#534,.F.);
#1020=ORIENTED_EDGE('',*,*,#538,.F.);
#1021=ORIENTED_EDGE('',*,*,#541,.F.);
#1022=ORIENTED_EDGE('',*,*,#544,.F.);
#1023=ORIENTED_EDGE('',*,*,#547,.F.);
#1024=ORIENTED_EDGE('',*,*,#550,.F.);
#1025=ORIENTED_EDGE('',*,*,#553,.F.);
#1026=ORIENTED_EDGE('',*,*,#556,.F.);
#1027=ORIENTED_EDGE('',*,*,#559,.F.);
#1028=ORIENTED_EDGE('',*,*,#707,.F.);
#1029=ORIENTED_EDGE('',*,*,#564,.F.);
#1030=ORIENTED_EDGE('',*,*,#708,.F.);
#1031=ORIENTED_EDGE('',*,*,#709,.T.);
#1032=ORIENTED_EDGE('',*,*,#710,.T.);
#1033=ORIENTED_EDGE('',*,*,#711,.T.);
#1034=ORIENTED_EDGE('',*,*,#566,.T.);
#1035=ORIENTED_EDGE('',*,*,#573,.T.);
#1036=ORIENTED_EDGE('',*,*,#576,.T.);
#1037=ORIENTED_EDGE('',*,*,#579,.T.);
#1038=ORIENTED_EDGE('',*,*,#582,.T.);
#1039=ORIENTED_EDGE('',*,*,#585,.T.);
#1040=ORIENTED_EDGE('',*,*,#588,.T.);
#1041=ORIENTED_EDGE('',*,*,#591,.T.);
#1042=ORIENTED_EDGE('',*,*,#594,.T.);
#1043=ORIENTED_EDGE('',*,*,#712,.T.);
#1044=ORIENTED_EDGE('',*,*,#599,.T.);
#1045=ORIENTED_EDGE('',*,*,#596,.T.);
#1046=ORIENTED_EDGE('',*,*,#712,.F.);
#1047=ORIENTED_EDGE('',*,*,#593,.F.);
#1048=ORIENTED_EDGE('',*,*,#703,.F.);
#1049=ORIENTED_EDGE('',*,*,#567,.F.);
#1050=ORIENTED_EDGE('',*,*,#711,.F.);
#1051=ORIENTED_EDGE('',*,*,#713,.T.);
#1052=ORIENTED_EDGE('',*,*,#535,.T.);
#1053=ORIENTED_EDGE('',*,*,#706,.T.);
#1054=ORIENTED_EDGE('',*,*,#704,.F.);
#1055=ORIENTED_EDGE('',*,*,#570,.F.);
#1056=ORIENTED_EDGE('',*,*,#561,.T.);
#1057=ORIENTED_EDGE('',*,*,#707,.T.);
#1058=ORIENTED_EDGE('',*,*,#558,.F.);
#1059=ORIENTED_EDGE('',*,*,#714,.F.);
#1060=ORIENTED_EDGE('',*,*,#710,.F.);
#1061=ORIENTED_EDGE('',*,*,#715,.F.);
#1062=ORIENTED_EDGE('',*,*,#562,.T.);
#1063=ORIENTED_EDGE('',*,*,#714,.T.);
#1064=ORIENTED_EDGE('',*,*,#560,.T.);
#1065=ORIENTED_EDGE('',*,*,#557,.T.);
#1066=ORIENTED_EDGE('',*,*,#554,.T.);
#1067=ORIENTED_EDGE('',*,*,#551,.T.);
#1068=ORIENTED_EDGE('',*,*,#548,.T.);
#1069=ORIENTED_EDGE('',*,*,#545,.T.);
#1070=ORIENTED_EDGE('',*,*,#542,.T.);
#1071=ORIENTED_EDGE('',*,*,#539,.T.);
#1072=ORIENTED_EDGE('',*,*,#536,.T.);
#1073=ORIENTED_EDGE('',*,*,#713,.F.);
#1074=ORIENTED_EDGE('',*,*,#677,.F.);
#1075=ORIENTED_EDGE('',*,*,#702,.F.);
#1076=ORIENTED_EDGE('',*,*,#708,.T.);
#1077=ORIENTED_EDGE('',*,*,#563,.T.);
#1078=ORIENTED_EDGE('',*,*,#715,.T.);
#1079=ORIENTED_EDGE('',*,*,#709,.F.);
#1080=ORIENTED_EDGE('',*,*,#598,.T.);
#1081=ORIENTED_EDGE('',*,*,#645,.T.);
#1082=ORIENTED_EDGE('',*,*,#716,.T.);
#1083=ORIENTED_EDGE('',*,*,#569,.F.);
#1084=ORIENTED_EDGE('',*,*,#716,.F.);
#1085=CYLINDRICAL_SURFACE('',#1209,13.60415);
#1086=CYLINDRICAL_SURFACE('',#1211,13.60415);
#1087=CYLINDRICAL_SURFACE('',#1212,13.60415);
#1088=CYLINDRICAL_SURFACE('',#1213,13.60415);
#1089=CYLINDRICAL_SURFACE('',#1214,13.60415);
#1090=CYLINDRICAL_SURFACE('',#1215,13.60415);
#1091=CYLINDRICAL_SURFACE('',#1216,13.60415);
#1092=CYLINDRICAL_SURFACE('',#1217,13.60415);
#1093=CYLINDRICAL_SURFACE('',#1218,13.60415);
#1094=CYLINDRICAL_SURFACE('',#1219,13.60415);
#1095=CYLINDRICAL_SURFACE('',#1221,12.7631);
#1096=CYLINDRICAL_SURFACE('',#1225,12.7631);
#1097=CYLINDRICAL_SURFACE('',#1226,12.7631);
#1098=CYLINDRICAL_SURFACE('',#1227,12.7631);
#1099=CYLINDRICAL_SURFACE('',#1228,12.7631);
#1100=CYLINDRICAL_SURFACE('',#1229,12.7631);
#1101=CYLINDRICAL_SURFACE('',#1230,12.7631);
#1102=CYLINDRICAL_SURFACE('',#1231,12.7631);
#1103=CYLINDRICAL_SURFACE('',#1232,12.7631);
#1104=CYLINDRICAL_SURFACE('',#1233,12.7631);
#1105=CYLINDRICAL_SURFACE('',#1235,8.263);
#1106=CYLINDRICAL_SURFACE('',#1237,8.263);
#1107=CYLINDRICAL_SURFACE('',#1238,8.263);
#1108=CYLINDRICAL_SURFACE('',#1239,8.263);
#1109=CYLINDRICAL_SURFACE('',#1240,8.263);
#1110=CYLINDRICAL_SURFACE('',#1241,8.263);
#1111=CYLINDRICAL_SURFACE('',#1243,9.1015);
#1112=CYLINDRICAL_SURFACE('',#1245,9.1015);
#1113=CYLINDRICAL_SURFACE('',#1246,9.1015);
#1114=CYLINDRICAL_SURFACE('',#1247,9.1015);
#1115=CYLINDRICAL_SURFACE('',#1248,9.1015);
#1116=CYLINDRICAL_SURFACE('',#1249,9.1015);
#1117=CYLINDRICAL_SURFACE('',#1250,9.1015);
#1118=CYLINDRICAL_SURFACE('',#1252,15.);
#1119=CYLINDRICAL_SURFACE('',#1256,3.);
#1120=CYLINDRICAL_SURFACE('',#1258,3.);
#1121=CYLINDRICAL_SURFACE('',#1260,3.);
#1122=CYLINDRICAL_SURFACE('',#1262,3.);
#1123=CYLINDRICAL_SURFACE('',#1264,3.);
#1124=CYLINDRICAL_SURFACE('',#1274,3.);
#1125=CYLINDRICAL_SURFACE('',#1275,17.);
#1126=CYLINDRICAL_SURFACE('',#1278,9.1015);
#1127=CYLINDRICAL_SURFACE('',#1280,8.263);
#1128=CYLINDRICAL_SURFACE('',#1281,12.7631);
#1129=CYLINDRICAL_SURFACE('',#1283,13.60415);
#1130=ADVANCED_FACE('',(#45),#1085,.F.);
#1131=ADVANCED_FACE('',(#46),#1086,.F.);
#1132=ADVANCED_FACE('',(#47),#1087,.F.);
#1133=ADVANCED_FACE('',(#48),#1088,.F.);
#1134=ADVANCED_FACE('',(#49),#1089,.F.);
#1135=ADVANCED_FACE('',(#50),#1090,.F.);
#1136=ADVANCED_FACE('',(#51),#1091,.F.);
#1137=ADVANCED_FACE('',(#52),#1092,.F.);
#1138=ADVANCED_FACE('',(#53),#1093,.F.);
#1139=ADVANCED_FACE('',(#54),#1094,.F.);
#1140=ADVANCED_FACE('',(#55),#1095,.F.);
#1141=ADVANCED_FACE('',(#56),#1096,.F.);
#1142=ADVANCED_FACE('',(#57),#1097,.F.);
#1143=ADVANCED_FACE('',(#58),#1098,.F.);
#1144=ADVANCED_FACE('',(#59),#1099,.F.);
#1145=ADVANCED_FACE('',(#60),#1100,.F.);
#1146=ADVANCED_FACE('',(#61),#1101,.F.);
#1147=ADVANCED_FACE('',(#62),#1102,.F.);
#1148=ADVANCED_FACE('',(#63),#1103,.F.);
#1149=ADVANCED_FACE('',(#64),#1104,.F.);
#1150=ADVANCED_FACE('',(#65),#1105,.F.);
#1151=ADVANCED_FACE('',(#66),#1106,.F.);
#1152=ADVANCED_FACE('',(#67),#1107,.F.);
#1153=ADVANCED_FACE('',(#68),#1108,.F.);
#1154=ADVANCED_FACE('',(#69),#1109,.F.);
#1155=ADVANCED_FACE('',(#70),#1110,.F.);
#1156=ADVANCED_FACE('',(#71),#1111,.F.);
#1157=ADVANCED_FACE('',(#72),#1112,.F.);
#1158=ADVANCED_FACE('',(#73),#1113,.F.);
#1159=ADVANCED_FACE('',(#74),#1114,.F.);
#1160=ADVANCED_FACE('',(#75),#1115,.F.);
#1161=ADVANCED_FACE('',(#76),#1116,.F.);
#1162=ADVANCED_FACE('',(#77),#1117,.F.);
#1163=ADVANCED_FACE('',(#78),#1118,.F.);
#1164=ADVANCED_FACE('',(#79),#35,.F.);
#1165=ADVANCED_FACE('',(#80),#1119,.F.);
#1166=ADVANCED_FACE('',(#81),#36,.F.);
#1167=ADVANCED_FACE('',(#82),#1120,.F.);
#1168=ADVANCED_FACE('',(#83),#37,.F.);
#1169=ADVANCED_FACE('',(#84),#1121,.F.);
#1170=ADVANCED_FACE('',(#85),#38,.F.);
#1171=ADVANCED_FACE('',(#86),#1122,.F.);
#1172=ADVANCED_FACE('',(#87),#39,.F.);
#1173=ADVANCED_FACE('',(#88),#1123,.F.);
#1174=ADVANCED_FACE('',(#89),#26,.T.);
#1175=ADVANCED_FACE('',(#90),#40,.F.);
#1176=ADVANCED_FACE('',(#91),#1124,.F.);
#1177=ADVANCED_FACE('',(#92),#1125,.T.);
#1178=ADVANCED_FACE('',(#93),#18,.F.);
#1179=ADVANCED_FACE('',(#94),#19,.F.);
#1180=ADVANCED_FACE('',(#95,#15),#41,.T.);
#1181=ADVANCED_FACE('',(#96),#20,.F.);
#1182=ADVANCED_FACE('',(#97),#21,.F.);
#1183=ADVANCED_FACE('',(#98),#1126,.F.);
#1184=ADVANCED_FACE('',(#99,#16),#42,.T.);
#1185=ADVANCED_FACE('',(#100),#1127,.F.);
#1186=ADVANCED_FACE('',(#101),#22,.F.);
#1187=ADVANCED_FACE('',(#102),#23,.F.);
#1188=ADVANCED_FACE('',(#103),#24,.F.);
#1189=ADVANCED_FACE('',(#104),#1128,.F.);
#1190=ADVANCED_FACE('',(#105),#43,.T.);
#1191=ADVANCED_FACE('',(#106),#1129,.F.);
#1192=ADVANCED_FACE('',(#107),#25,.F.);
#1193=ADVANCED_FACE('',(#108,#17),#44,.F.);
#1194=ADVANCED_FACE('',(#109),#27,.F.);
#1195=CLOSED_SHELL('',(#1130,#1131,#1132,#1133,#1134,#1135,#1136,#1137,
#1138,#1139,#1140,#1141,#1142,#1143,#1144,#1145,#1146,#1147,#1148,#1149,
#1150,#1151,#1152,#1153,#1154,#1155,#1156,#1157,#1158,#1159,#1160,#1161,
#1162,#1163,#1164,#1165,#1166,#1167,#1168,#1169,#1170,#1171,#1172,#1173,
#1174,#1175,#1176,#1177,#1178,#1179,#1180,#1181,#1182,#1183,#1184,#1185,
#1186,#1187,#1188,#1189,#1190,#1191,#1192,#1193,#1194));
#1196=DERIVED_UNIT_ELEMENT(#1198,1.);
#1197=DERIVED_UNIT_ELEMENT(#8405,-3.);
#1198=(
MASS_UNIT()
NAMED_UNIT(*)
SI_UNIT(.KILO.,.GRAM.)
);
#1199=DERIVED_UNIT((#1196,#1197));
#1200=MEASURE_REPRESENTATION_ITEM('density measure',
POSITIVE_RATIO_MEASURE(7850.),#1199);
#1201=PROPERTY_DEFINITION_REPRESENTATION(#1206,#1203);
#1202=PROPERTY_DEFINITION_REPRESENTATION(#1207,#1204);
#1203=REPRESENTATION('material name',(#1205),#8402);
#1204=REPRESENTATION('density',(#1200),#8402);
#1205=DESCRIPTIVE_REPRESENTATION_ITEM('Steel','Steel');
#1206=PROPERTY_DEFINITION('material property','material name',#8412);
#1207=PROPERTY_DEFINITION('material property','density of part',#8412);
#1208=AXIS2_PLACEMENT_3D('',#1498,#1286,#1287);
#1209=AXIS2_PLACEMENT_3D('',#1499,#1288,#1289);
#1210=AXIS2_PLACEMENT_3D('',#1527,#1291,#1292);
#1211=AXIS2_PLACEMENT_3D('',#1559,#1293,#1294);
#1212=AXIS2_PLACEMENT_3D('',#1637,#1296,#1297);
#1213=AXIS2_PLACEMENT_3D('',#1715,#1299,#1300);
#1214=AXIS2_PLACEMENT_3D('',#1793,#1302,#1303);
#1215=AXIS2_PLACEMENT_3D('',#1874,#1305,#1306);
#1216=AXIS2_PLACEMENT_3D('',#1964,#1308,#1309);
#1217=AXIS2_PLACEMENT_3D('',#2057,#1311,#1312);
#1218=AXIS2_PLACEMENT_3D('',#2135,#1314,#1315);
#1219=AXIS2_PLACEMENT_3D('',#2222,#1317,#1318);
#1220=AXIS2_PLACEMENT_3D('',#2235,#1320,#1321);
#1221=AXIS2_PLACEMENT_3D('',#2252,#1322,#1323);
#1222=AXIS2_PLACEMENT_3D('',#2264,#1325,#1326);
#1223=AXIS2_PLACEMENT_3D('',#2267,#1328,#1329);
#1224=AXIS2_PLACEMENT_3D('',#2269,#1330,#1331);
#1225=AXIS2_PLACEMENT_3D('',#2277,#1332,#1333);
#1226=AXIS2_PLACEMENT_3D('',#2311,#1335,#1336);
#1227=AXIS2_PLACEMENT_3D('',#2346,#1338,#1339);
#1228=AXIS2_PLACEMENT_3D('',#2378,#1341,#1342);
#1229=AXIS2_PLACEMENT_3D('',#2415,#1344,#1345);
#1230=AXIS2_PLACEMENT_3D('',#2447,#1347,#1348);
#1231=AXIS2_PLACEMENT_3D('',#2480,#1350,#1351);
#1232=AXIS2_PLACEMENT_3D('',#2512,#1353,#1354);
#1233=AXIS2_PLACEMENT_3D('',#2546,#1356,#1357);
#1234=AXIS2_PLACEMENT_3D('',#2564,#1359,#1360);
#1235=AXIS2_PLACEMENT_3D('',#2578,#1361,#1362);
#1236=AXIS2_PLACEMENT_3D('',#2595,#1364,#1365);
#1237=AXIS2_PLACEMENT_3D('',#2609,#1366,#1367);
#1238=AXIS2_PLACEMENT_3D('',#2644,#1369,#1370);
#1239=AXIS2_PLACEMENT_3D('',#2681,#1372,#1373);
#1240=AXIS2_PLACEMENT_3D('',#2715,#1375,#1376);
#1241=AXIS2_PLACEMENT_3D('',#2750,#1378,#1379);
#1242=AXIS2_PLACEMENT_3D('',#2766,#1381,#1382);
#1243=AXIS2_PLACEMENT_3D('',#2777,#1383,#1384);
#1244=AXIS2_PLACEMENT_3D('',#2793,#1386,#1387);
#1245=AXIS2_PLACEMENT_3D('',#2810,#1388,#1389);
#1246=AXIS2_PLACEMENT_3D('',#2888,#1391,#1392);
#1247=AXIS2_PLACEMENT_3D('',#2960,#1394,#1395);
#1248=AXIS2_PLACEMENT_3D('',#3032,#1397,#1398);
#1249=AXIS2_PLACEMENT_3D('',#3098,#1400,#1401);
#1250=AXIS2_PLACEMENT_3D('',#3170,#1403,#1404);
#1251=AXIS2_PLACEMENT_3D('',#3183,#1406,#1407);
#1252=AXIS2_PLACEMENT_3D('',#3197,#1408,#1409);
#1253=AXIS2_PLACEMENT_3D('',#3199,#1410,#1411);
#1254=AXIS2_PLACEMENT_3D('',#3202,#1413,#1414);
#1255=AXIS2_PLACEMENT_3D('',#3203,#1415,#1416);
#1256=AXIS2_PLACEMENT_3D('',#3214,#1420,#1421);
#1257=AXIS2_PLACEMENT_3D('',#3238,#1422,#1423);
#1258=AXIS2_PLACEMENT_3D('',#3249,#1427,#1428);
#1259=AXIS2_PLACEMENT_3D('',#3273,#1429,#1430);
#1260=AXIS2_PLACEMENT_3D('',#3284,#1434,#1435);
#1261=AXIS2_PLACEMENT_3D('',#3308,#1436,#1437);
#1262=AXIS2_PLACEMENT_3D('',#3323,#1441,#1442);
#1263=AXIS2_PLACEMENT_3D('',#3349,#1443,#1444);
#1264=AXIS2_PLACEMENT_3D('',#3360,#1448,#1449);
#1265=AXIS2_PLACEMENT_3D('',#3384,#1450,#1451);
#1266=AXIS2_PLACEMENT_3D('',#3390,#1452,#1453);
#1267=AXIS2_PLACEMENT_3D('',#3391,#1454,#1455);
#1268=AXIS2_PLACEMENT_3D('',#3394,#1457,#1458);
#1269=AXIS2_PLACEMENT_3D('',#3395,#1459,#1460);
#1270=AXIS2_PLACEMENT_3D('',#3396,#1461,#1462);
#1271=AXIS2_PLACEMENT_3D('',#3397,#1463,#1464);
#1272=AXIS2_PLACEMENT_3D('',#3398,#1465,#1466);
#1273=AXIS2_PLACEMENT_3D('',#3399,#1467,#1468);
#1274=AXIS2_PLACEMENT_3D('',#3405,#1472,#1473);
#1275=AXIS2_PLACEMENT_3D('',#3429,#1474,#1475);
#1276=AXIS2_PLACEMENT_3D('',#3431,#1476,#1477);
#1277=AXIS2_PLACEMENT_3D('',#4401,#1479,#1480);
#1278=AXIS2_PLACEMENT_3D('',#5380,#1481,#1482);
#1279=AXIS2_PLACEMENT_3D('',#5381,#1483,#1484);
#1280=AXIS2_PLACEMENT_3D('',#5382,#1485,#1486);
#1281=AXIS2_PLACEMENT_3D('',#7626,#1487,#1488);
#1282=AXIS2_PLACEMENT_3D('',#7627,#1489,#1490);
#1283=AXIS2_PLACEMENT_3D('',#7737,#1491,#1492);
#1284=AXIS2_PLACEMENT_3D('',#8397,#1493,#1494);
#1285=AXIS2_PLACEMENT_3D('',#8398,#1495,#1496);
#1286=DIRECTION('axis',(0.,0.,1.));
#1287=DIRECTION('refdir',(1.,0.,0.));
#1288=DIRECTION('center_axis',(-1.52859472590348E-37,-1.,2.08483391994936E-22));
#1289=DIRECTION('ref_axis',(-1.,-6.460249467411E-36,-3.17200755260254E-14));
#1290=DIRECTION('',(-1.22464679914735E-16,-1.,2.0848338809535E-22));
#1291=DIRECTION('center_axis',(1.52859472590348E-37,1.,-2.08483391994936E-22));
#1292=DIRECTION('ref_axis',(-1.,-6.460249467411E-36,-3.17200755260254E-14));
#1293=DIRECTION('center_axis',(-1.52859472590348E-37,-1.,2.08483391994936E-22));
#1294=DIRECTION('ref_axis',(-1.,-6.460249467411E-36,-3.17200755260254E-14));
#1295=DIRECTION('',(-1.22464679914735E-16,-1.,2.0848338809535E-22));
#1296=DIRECTION('center_axis',(-1.52859472590348E-37,-1.,2.08483391994936E-22));
#1297=DIRECTION('ref_axis',(-1.,-6.460249467411E-36,-3.17200755260254E-14));
#1298=DIRECTION('',(-1.22464679914735E-16,-1.,2.0848338809535E-22));
#1299=DIRECTION('center_axis',(-1.52859472590348E-37,-1.,2.08483391994936E-22));
#1300=DIRECTION('ref_axis',(-1.,-6.460249467411E-36,-3.17200755260254E-14));
#1301=DIRECTION('',(-1.22464679914735E-16,-1.,2.0848338809535E-22));
#1302=DIRECTION('center_axis',(-1.52859472590348E-37,-1.,2.08483391994936E-22));
#1303=DIRECTION('ref_axis',(-1.,-6.460249467411E-36,-3.17200755260254E-14));
#1304=DIRECTION('',(-1.22464679914735E-16,-1.,2.0848338809535E-22));
#1305=DIRECTION('center_axis',(-1.52859472590348E-37,-1.,2.08483391994936E-22));
#1306=DIRECTION('ref_axis',(-1.,-6.460249467411E-36,-3.17200755260254E-14));
#1307=DIRECTION('',(-1.22464679914735E-16,-1.,2.0848338809535E-22));
#1308=DIRECTION('center_axis',(-1.52859472590348E-37,-1.,2.08483391994936E-22));
#1309=DIRECTION('ref_axis',(-1.,-6.460249467411E-36,-3.17200755260254E-14));
#1310=DIRECTION('',(-1.22464679914735E-16,-1.,2.0848338809535E-22));
#1311=DIRECTION('center_axis',(-1.52859472590348E-37,-1.,2.08483391994936E-22));
#1312=DIRECTION('ref_axis',(-1.,-6.460249467411E-36,-3.17200755260254E-14));
#1313=DIRECTION('',(-1.22464679914735E-16,-1.,2.0848338809535E-22));
#1314=DIRECTION('center_axis',(-1.52859472590348E-37,-1.,2.08483391994936E-22));
#1315=DIRECTION('ref_axis',(-1.,-6.460249467411E-36,-3.17200755260254E-14));
#1316=DIRECTION('',(-1.22464679914735E-16,-1.,2.0848338809535E-22));
#1317=DIRECTION('center_axis',(-1.52859472590348E-37,-1.,2.08483391994936E-22));
#1318=DIRECTION('ref_axis',(-1.,-6.460249467411E-36,-3.17200755260254E-14));
#1319=DIRECTION('',(-1.22464679914735E-16,-1.,2.0848338809535E-22));
#1320=DIRECTION('center_axis',(-1.41241112548451E-37,-1.,2.35098870164458E-38));
#1321=DIRECTION('ref_axis',(-1.,-6.460249467411E-36,-3.17200755260254E-14));
#1322=DIRECTION('center_axis',(-1.52859472590348E-37,-1.,2.08483391994936E-22));
#1323=DIRECTION('ref_axis',(-1.,1.4124111254862E-37,-5.57279883570325E-17));
#1324=DIRECTION('',(-1.52859472590348E-37,-1.,2.08483391994936E-22));
#1325=DIRECTION('center_axis',(1.52859472590348E-37,1.,-2.08483391994936E-22));
#1326=DIRECTION('ref_axis',(-1.,1.4124111254862E-37,-5.57279883570325E-17));
#1327=DIRECTION('',(-1.52859472590348E-37,-1.,2.08483391994936E-22));
#1328=DIRECTION('center_axis',(-1.52859472590348E-37,-1.,2.08483391994936E-22));
#1329=DIRECTION('ref_axis',(-1.,1.4124111254862E-37,-5.57279883570325E-17));
#1330=DIRECTION('center_axis',(1.52859472590348E-37,1.,-2.08483391994936E-22));
#1331=DIRECTION('ref_axis',(-1.,1.4124111254862E-37,-5.57279883570325E-17));
#1332=DIRECTION('center_axis',(-1.52859472590348E-37,-1.,2.08483391994936E-22));
#1333=DIRECTION('ref_axis',(-1.,1.4124111254862E-37,-5.57279883570325E-17));
#1334=DIRECTION('',(-1.52859472590348E-37,-1.,2.08483391994936E-22));
#1335=DIRECTION('center_axis',(-1.52859472590348E-37,-1.,2.08483391994936E-22));
#1336=DIRECTION('ref_axis',(-1.,1.4124111254862E-37,-5.57279883570325E-17));
#1337=DIRECTION('',(-1.52859472590348E-37,-1.,2.08483391994936E-22));
#1338=DIRECTION('center_axis',(-1.52859472590348E-37,-1.,2.08483391994936E-22));
#1339=DIRECTION('ref_axis',(-1.,1.4124111254862E-37,-5.57279883570325E-17));
#1340=DIRECTION('',(-1.52859472590348E-37,-1.,2.08483391994936E-22));
#1341=DIRECTION('center_axis',(-1.52859472590348E-37,-1.,2.08483391994936E-22));
#1342=DIRECTION('ref_axis',(-1.,1.4124111254862E-37,-5.57279883570325E-17));
#1343=DIRECTION('',(-1.52859472590348E-37,-1.,2.08483391994936E-22));
#1344=DIRECTION('center_axis',(-1.52859472590348E-37,-1.,2.08483391994936E-22));
#1345=DIRECTION('ref_axis',(-1.,1.4124111254862E-37,-5.57279883570325E-17));
#1346=DIRECTION('',(-1.52859472590348E-37,-1.,2.08483391994936E-22));
#1347=DIRECTION('center_axis',(-1.52859472590348E-37,-1.,2.08483391994936E-22));
#1348=DIRECTION('ref_axis',(-1.,1.4124111254862E-37,-5.57279883570325E-17));
#1349=DIRECTION('',(-1.52859472590348E-37,-1.,2.08483391994936E-22));
#1350=DIRECTION('center_axis',(-1.52859472590348E-37,-1.,2.08483391994936E-22));
#1351=DIRECTION('ref_axis',(-1.,1.4124111254862E-37,-5.57279883570325E-17));
#1352=DIRECTION('',(-1.52859472590348E-37,-1.,2.08483391994936E-22));
#1353=DIRECTION('center_axis',(-1.52859472590348E-37,-1.,2.08483391994936E-22));
#1354=DIRECTION('ref_axis',(-1.,1.4124111254862E-37,-5.57279883570325E-17));
#1355=DIRECTION('',(-1.52859472590348E-37,-1.,2.08483391994936E-22));
#1356=DIRECTION('center_axis',(-1.52859472590348E-37,-1.,2.08483391994936E-22));
#1357=DIRECTION('ref_axis',(-1.,1.4124111254862E-37,-5.57279883570325E-17));
#1358=DIRECTION('',(-1.52859472590348E-37,-1.,2.08483391994936E-22));
#1359=DIRECTION('center_axis',(1.41241112548451E-37,1.,-2.35098870164458E-38));
#1360=DIRECTION('ref_axis',(-1.,1.4124111254862E-37,-5.57279883570325E-17));
#1361=DIRECTION('center_axis',(1.41059322098674E-37,1.,-3.99668079279578E-37));
#1362=DIRECTION('ref_axis',(1.,-1.41059322098675E-37,-3.30872245021211E-24));
#1363=DIRECTION('',(1.41059322098674E-37,1.,-3.99668079279578E-37));
#1364=DIRECTION('center_axis',(-1.41195904875355E-37,-1.,-7.8885808403457E-31));
#1365=DIRECTION('ref_axis',(1.,-1.41059322098675E-37,-3.30872245021211E-24));
#1366=DIRECTION('center_axis',(1.41059322098674E-37,1.,-3.99668079279578E-37));
#1367=DIRECTION('ref_axis',(1.,-1.41059322098675E-37,-3.30872245021211E-24));
#1368=DIRECTION('',(1.41059322098674E-37,1.,-3.99668079279578E-37));
#1369=DIRECTION('center_axis',(1.41059322098674E-37,1.,-3.99668079279578E-37));
#1370=DIRECTION('ref_axis',(1.,-1.41059322098675E-37,-3.30872245021211E-24));
#1371=DIRECTION('',(1.41059322098674E-37,1.,-3.99668079279578E-37));
#1372=DIRECTION('center_axis',(1.41059322098674E-37,1.,-3.99668079279578E-37));
#1373=DIRECTION('ref_axis',(1.,-1.41059322098675E-37,-3.30872245021211E-24));
#1374=DIRECTION('',(1.41059322098674E-37,1.,-3.99668079279578E-37));
#1375=DIRECTION('center_axis',(1.41059322098674E-37,1.,-3.99668079279578E-37));
#1376=DIRECTION('ref_axis',(1.,-1.41059322098675E-37,-3.30872245021211E-24));
#1377=DIRECTION('',(1.41059322098674E-37,1.,-3.99668079279578E-37));
#1378=DIRECTION('center_axis',(1.41059322098674E-37,1.,-3.99668079279578E-37));
#1379=DIRECTION('ref_axis',(1.,-1.41059322098675E-37,-3.30872245021211E-24));
#1380=DIRECTION('',(1.41059322098674E-37,1.,-3.99668079279578E-37));
#1381=DIRECTION('center_axis',(1.41059322098674E-37,1.,-7.7582627154271E-37));
#1382=DIRECTION('ref_axis',(1.,-1.41059322098675E-37,-3.30872245021211E-24));
#1383=DIRECTION('center_axis',(1.41059322098674E-37,1.,-7.7582627154271E-37));
#1384=DIRECTION('ref_axis',(1.,-2.48073978225527E-36,-1.1222166095963E-14));
#1385=DIRECTION('',(1.22464679914735E-16,1.,-1.38931735254499E-30));
#1386=DIRECTION('center_axis',(-1.41195904875355E-37,-1.,-7.8885808403457E-31));
#1387=DIRECTION('ref_axis',(1.,-2.48073978225527E-36,-1.1222166095963E-14));
#1388=DIRECTION('center_axis',(1.41059322098674E-37,1.,-7.7582627154271E-37));
#1389=DIRECTION('ref_axis',(1.,-2.48073978225527E-36,-1.1222166095963E-14));
#1390=DIRECTION('',(1.22464679914735E-16,1.,-1.38931735254499E-30));
#1391=DIRECTION('center_axis',(1.41059322098674E-37,1.,-7.7582627154271E-37));
#1392=DIRECTION('ref_axis',(1.,-2.48073978225527E-36,-1.1222166095963E-14));
#1393=DIRECTION('',(1.22464679914735E-16,1.,-1.38931735254499E-30));
#1394=DIRECTION('center_axis',(1.41059322098674E-37,1.,-7.7582627154271E-37));
#1395=DIRECTION('ref_axis',(1.,-2.48073978225527E-36,-1.1222166095963E-14));
#1396=DIRECTION('',(1.22464679914735E-16,1.,-1.38931735254499E-30));
#1397=DIRECTION('center_axis',(1.41059322098674E-37,1.,-7.7582627154271E-37));
#1398=DIRECTION('ref_axis',(1.,-2.48073978225527E-36,-1.1222166095963E-14));
#1399=DIRECTION('',(1.22464679914735E-16,1.,-1.38931735254499E-30));
#1400=DIRECTION('center_axis',(1.41059322098674E-37,1.,-7.7582627154271E-37));
#1401=DIRECTION('ref_axis',(1.,-2.48073978225527E-36,-1.1222166095963E-14));
#1402=DIRECTION('',(1.22464679914735E-16,1.,-1.38931735254499E-30));
#1403=DIRECTION('center_axis',(1.41059322098674E-37,1.,-7.7582627154271E-37));
#1404=DIRECTION('ref_axis',(1.,-2.48073978225527E-36,-1.1222166095963E-14));
#1405=DIRECTION('',(1.22464679914735E-16,1.,-1.38931735254499E-30));
#1406=DIRECTION('center_axis',(1.41059322098674E-37,1.,-7.7582627154271E-37));
#1407=DIRECTION('ref_axis',(1.,-2.48073978225527E-36,-1.1222166095963E-14));
#1408=DIRECTION('center_axis',(1.41104529038335E-37,1.,-2.08483391994937E-22));
#1409=DIRECTION('ref_axis',(-1.,1.41059322098843E-37,-2.16837125774651E-19));
#1410=DIRECTION('center_axis',(-1.4115069724605E-37,-1.,-1.57771694389541E-30));
#1411=DIRECTION('ref_axis',(-1.,1.41150697246392E-37,-2.16837125774651E-19));
#1412=DIRECTION('',(1.41104529038335E-37,1.,-2.08483391994937E-22));
#1413=DIRECTION('center_axis',(-1.4115069724605E-37,-1.,-1.5777176962118E-30));
#1414=DIRECTION('ref_axis',(-1.,1.41059322098843E-37,-2.16837125774651E-19));
#1415=DIRECTION('center_axis',(4.80740668286361E-16,-2.08483391994937E-22,
-1.));
#1416=DIRECTION('ref_axis',(1.,-1.29259171340553E-37,4.80740668286361E-16));
#1417=DIRECTION('',(-1.,1.29304378590451E-37,-4.80740668286361E-16));
#1418=DIRECTION('',(-1.29304378590452E-37,-1.,7.7582627154271E-37));
#1419=DIRECTION('',(1.29304378590452E-37,1.,-7.7582627154271E-37));
#1420=DIRECTION('center_axis',(-1.,1.29304378590451E-37,-4.80740668286361E-16));
#1421=DIRECTION('ref_axis',(6.00648004044153E-16,-0.382683322230069,-0.923879578130698));
#1422=DIRECTION('center_axis',(0.866025403784439,-2.08483391994937E-22,
-0.5));
#1423=DIRECTION('ref_axis',(0.5,6.1125706242759E-37,0.866025403784439));
#1424=DIRECTION('',(-0.5,-6.1125706242759E-37,-0.866025403784439));
#1425=DIRECTION('',(1.29304378590452E-37,1.,-7.7582627154271E-37));
#1426=DIRECTION('',(-1.29304378590452E-37,-1.,7.7582627154271E-37));
#1427=DIRECTION('center_axis',(-0.5,-6.1125706242759E-37,-0.866025403784439));
#1428=DIRECTION('ref_axis',(0.800103184698835,-0.382683322230069,-0.461939789065349));
#1429=DIRECTION('center_axis',(0.866025403784439,-2.08483391994936E-22,
0.5));
#1430=DIRECTION('ref_axis',(-0.5,7.28806497509818E-37,0.866025403784439));
#1431=DIRECTION('',(0.5,-7.28806497509818E-37,-0.866025403784439));
#1432=DIRECTION('',(1.29304378590452E-37,1.,-7.7582627154271E-37));
#1433=DIRECTION('',(-1.29304378590452E-37,-1.,7.7582627154271E-37));
#1434=DIRECTION('center_axis',(0.5,-7.28806497509818E-37,-0.866025403784439));
#1435=DIRECTION('ref_axis',(0.800103184698835,-0.382683322230069,0.46193978906535));
#1436=DIRECTION('center_axis',(-3.58275988371625E-16,-2.08483391994936E-22,
1.));
#1437=DIRECTION('ref_axis',(-1.,1.29349585840349E-37,-3.58275988371625E-16));
#1438=DIRECTION('',(1.,-1.29304378590451E-37,3.58275988371625E-16));
#1439=DIRECTION('',(1.29304378590452E-37,1.,-7.7582627154271E-37));
#1440=DIRECTION('',(-1.29304378590452E-37,-1.,7.7582627154271E-37));
#1441=DIRECTION('center_axis',(1.,-1.29304378590451E-37,3.58275988371625E-16));
#1442=DIRECTION('ref_axis',(-4.87505387228616E-16,-0.382683322230069,0.923879578130698));
#1443=DIRECTION('center_axis',(-0.866025403784439,-2.08483391994936E-22,
0.5));
#1444=DIRECTION('ref_axis',(-0.5,-6.1125706242759E-37,-0.866025403784439));
#1445=DIRECTION('',(0.5,6.1125706242759E-37,0.866025403784439));
#1446=DIRECTION('',(1.29304378590452E-37,1.,-7.7582627154271E-37));
#1447=DIRECTION('',(-1.29304378590452E-37,-1.,7.7582627154271E-37));
#1448=DIRECTION('center_axis',(0.5,6.1125706242759E-37,0.866025403784439));
#1449=DIRECTION('ref_axis',(-0.800103184698835,-0.382683322230069,0.461939789065349));
#1450=DIRECTION('center_axis',(-1.29304378590452E-37,-1.,7.7582627154271E-37));
#1451=DIRECTION('ref_axis',(-2.77338912412262E-16,7.93458686805044E-37,
1.));
#1452=DIRECTION('center_axis',(1.29304378590452E-37,1.,-7.7582627154271E-37));
#1453=DIRECTION('ref_axis',(-2.77338912412262E-16,7.46784646404747E-37,
1.));
#1454=DIRECTION('center_axis',(1.29304378590452E-37,1.,-7.7582627154271E-37));
#1455=DIRECTION('ref_axis',(-2.77338912412262E-16,7.46784646404747E-37,
1.));
#1456=DIRECTION('',(-1.99901796163499E-16,0.866025403784439,0.5));
#1457=DIRECTION('center_axis',(-1.41241112548451E-37,-1.,2.35098870164458E-38));
#1458=DIRECTION('ref_axis',(-3.33066904078825E-16,2.35098870164458E-38,
1.));
#1459=DIRECTION('center_axis',(1.29304378590452E-37,1.,-7.7582627154271E-37));
#1460=DIRECTION('ref_axis',(-2.77338912412262E-16,7.46784646404747E-37,
1.));
#1461=DIRECTION('center_axis',(1.29304378590452E-37,1.,-7.7582627154271E-37));
#1462=DIRECTION('ref_axis',(-2.77338912412262E-16,7.46784646404747E-37,
1.));
#1463=DIRECTION('center_axis',(1.29304378590452E-37,1.,-7.7582627154271E-37));
#1464=DIRECTION('ref_axis',(-2.77338912412262E-16,7.46784646404747E-37,
1.));
#1465=DIRECTION('center_axis',(1.29304378590452E-37,1.,-7.7582627154271E-37));
#1466=DIRECTION('ref_axis',(-2.77338912412262E-16,7.46784646404747E-37,
1.));
#1467=DIRECTION('center_axis',(-0.866025403784439,-2.08483391994937E-22,
-0.5));
#1468=DIRECTION('ref_axis',(0.5,-7.28806497509818E-37,-0.866025403784439));
#1469=DIRECTION('',(-0.5,7.28806497509818E-37,0.866025403784439));
#1470=DIRECTION('',(1.29304378590452E-37,1.,-7.7582627154271E-37));
#1471=DIRECTION('',(-1.29304378590452E-37,-1.,7.7582627154271E-37));
#1472=DIRECTION('center_axis',(-0.5,7.28806497509818E-37,0.866025403784439));
#1473=DIRECTION('ref_axis',(-0.800103184698835,-0.382683322230069,-0.461939789065349));
#1474=DIRECTION('center_axis',(-1.41059322098674E-37,-1.,3.99668079279578E-37));
#1475=DIRECTION('ref_axis',(-2.77555752847567E-16,3.87221668506165E-37,
1.));
#1476=DIRECTION('center_axis',(1.41059322098674E-37,1.,-7.7582627154271E-37));
#1477=DIRECTION('ref_axis',(-2.77555752847567E-16,3.87221668506165E-37,
1.));
#1478=DIRECTION('',(1.41059322098674E-37,1.,-3.99668079279578E-37));
#1479=DIRECTION('center_axis',(-1.41059322098674E-37,-1.,7.7582627154271E-37));
#1480=DIRECTION('ref_axis',(1.,-1.41059322098674E-37,2.16837125774651E-19));
#1481=DIRECTION('center_axis',(1.41059322098674E-37,1.,-7.7582627154271E-37));
#1482=DIRECTION('ref_axis',(1.,-2.48073978225527E-36,-1.1222166095963E-14));
#1483=DIRECTION('center_axis',(1.41195904875355E-37,1.,7.8885808403457E-31));
#1484=DIRECTION('ref_axis',(-1.,1.41195904919317E-37,-5.57279883570325E-17));
#1485=DIRECTION('center_axis',(1.41059322098674E-37,1.,-3.99668079279578E-37));
#1486=DIRECTION('ref_axis',(1.,-1.41059322098675E-37,-3.30872245021211E-24));
#1487=DIRECTION('center_axis',(-1.52859472590348E-37,-1.,2.08483391994936E-22));
#1488=DIRECTION('ref_axis',(-1.,1.4124111254862E-37,-5.57279883570325E-17));
#1489=DIRECTION('center_axis',(1.52859472590348E-37,1.,-2.08483391994936E-22));
#1490=DIRECTION('ref_axis',(-5.57279883578403E-17,2.08483391994936E-22,
1.));
#1491=DIRECTION('center_axis',(-1.52859472590348E-37,-1.,2.08483391994936E-22));
#1492=DIRECTION('ref_axis',(-1.,-6.460249467411E-36,-3.17200755260254E-14));
#1493=DIRECTION('center_axis',(-1.41241112548451E-37,-1.,2.35098870164458E-38));
#1494=DIRECTION('ref_axis',(1.,-1.41241112548451E-37,5.57279883570325E-17));
#1495=DIRECTION('center_axis',(-1.41059322098674E-37,-1.,-7.77876909732643E-61));
#1496=DIRECTION('ref_axis',(-1.,1.41101746274907E-37,-2.16837125774651E-19));
#1497=DIRECTION('',(-0.707106781186548,0.707106781186548,-8.67489326255976E-17));
#1498=CARTESIAN_POINT('',(0.,0.,0.));
#1499=CARTESIAN_POINT('Origin',(9.13485862305058E-15,-87.1120857769034,
35.8612653953169));
#1500=CARTESIAN_POINT('',(13.6041438232627,-104.121641741405,35.861000575194));
#1501=CARTESIAN_POINT('',(13.6053580620221,-104.477569213842,35.8606715751294));
#1502=CARTESIAN_POINT('',(13.60415,-87.1120857769034,35.8612653953173));
#1503=CARTESIAN_POINT('',(-9.22775691919611,-105.424605477616,25.8651961947397));
#1504=CARTESIAN_POINT('Ctrl Pts',(13.6053580620221,-104.477569213842,35.8606715751294));
#1505=CARTESIAN_POINT('Ctrl Pts',(13.6020818576184,-104.517235332474,38.1204054882683));
#1506=CARTESIAN_POINT('Ctrl Pts',(13.0307970489292,-104.556901451106,40.3817281599538));
#1507=CARTESIAN_POINT('Ctrl Pts',(11.9507014155258,-104.596567569737,42.3660826035447));
#1508=CARTESIAN_POINT('Ctrl Pts',(10.6980788871677,-104.642569675731,44.6674038971577));
#1509=CARTESIAN_POINT('Ctrl Pts',(8.76111567736678,-104.688571781724,46.5962083009057));
#1510=CARTESIAN_POINT('Ctrl Pts',(6.45454062340233,-104.734573887717,47.8391718721164));
#1511=CARTESIAN_POINT('Ctrl Pts',(4.14796556943784,-104.78057599371,49.0821354433271));
#1512=CARTESIAN_POINT('Ctrl Pts',(1.47177867130985,-104.826578099704,49.6392581820006));
#1513=CARTESIAN_POINT('Ctrl Pts',(-1.13917227207965,-104.872580205697,49.4198478170522));
#1514=CARTESIAN_POINT('Ctrl Pts',(-3.7501232154691,-104.91858231169,49.2004374521039));
#1515=CARTESIAN_POINT('Ctrl Pts',(-6.29583820412005,-104.964584417683,48.2044939835337));
#1516=CARTESIAN_POINT('Ctrl Pts',(-8.36268085024131,-105.010586523677,46.5941872371472));
#1517=CARTESIAN_POINT('Ctrl Pts',(-10.4295234963626,-105.05658862967,44.9838804907607));
#1518=CARTESIAN_POINT('Ctrl Pts',(-12.0174937999542,-105.102590735663,42.7592104665578));
#1519=CARTESIAN_POINT('Ctrl Pts',(-12.8685539751876,-105.148592841656,40.2809513642252));
#1520=CARTESIAN_POINT('Ctrl Pts',(-13.719614150421,-105.19459494765,37.8026922618927));
#1521=CARTESIAN_POINT('Ctrl Pts',(-13.8337641972963,-105.240597053643,35.0708440814305));
#1522=CARTESIAN_POINT('Ctrl Pts',(-13.192343457398,-105.286599159636,32.5310015000986));
#1523=CARTESIAN_POINT('Ctrl Pts',(-12.5509227175003,-105.332601265629,29.9911589187685));
#1524=CARTESIAN_POINT('Ctrl Pts',(-11.1539311908301,-105.378603371623,27.6433219365684));
#1525=CARTESIAN_POINT('Ctrl Pts',(-9.22775691919585,-105.424605477616,25.8651961947395));
#1526=CARTESIAN_POINT('',(9.2277569192057,-105.424605477616,25.8651961947485));
#1527=CARTESIAN_POINT('Origin',(9.13485862305058E-15,-105.424605477616,
35.8612653953169));
#1528=CARTESIAN_POINT('Ctrl Pts',(9.22757731738246,-105.424605477614,25.8664602591408));
#1529=CARTESIAN_POINT('Ctrl Pts',(7.89529709333632,-105.392832924886,24.6399653000379));
#1530=CARTESIAN_POINT('Ctrl Pts',(6.31912325826635,-105.361060372157,23.6762043120817));
#1531=CARTESIAN_POINT('Ctrl Pts',(4.6168178119358,-105.329287819429,23.0621295355403));
#1532=CARTESIAN_POINT('Ctrl Pts',(2.15212332407416,-105.283285713436,22.1730372048196));
#1533=CARTESIAN_POINT('Ctrl Pts',(-0.576979506474373,-105.237283607443,
22.0169883252734));
#1534=CARTESIAN_POINT('Ctrl Pts',(-3.12700400968061,-105.191281501449,22.6191691326836));
#1535=CARTESIAN_POINT('Ctrl Pts',(-5.67702851288686,-105.145279395456,23.2213499400938));
#1536=CARTESIAN_POINT('Ctrl Pts',(-8.04797468875081,-105.099277289463,24.5817604344604));
#1537=CARTESIAN_POINT('Ctrl Pts',(-9.85461397570529,-105.05327518347,26.4794446678091));
#1538=CARTESIAN_POINT('Ctrl Pts',(-11.6612532626598,-105.007273077476,28.3771289011578));
#1539=CARTESIAN_POINT('Ctrl Pts',(-12.9035856607048,-104.961270971483,30.8120868734887));
#1540=CARTESIAN_POINT('Ctrl Pts',(-13.3797482057678,-104.91526886549,33.3886079872409));
#1541=CARTESIAN_POINT('Ctrl Pts',(-13.8559107508309,-104.869266759497,35.9651291009931));
#1542=CARTESIAN_POINT('Ctrl Pts',(-13.5659034429119,-104.823264653503,38.6832133561666));
#1543=CARTESIAN_POINT('Ctrl Pts',(-12.5568326009258,-104.77726254751,41.1012754164556));
#1544=CARTESIAN_POINT('Ctrl Pts',(-11.5477617589397,-104.731260441517,43.5193374767445));
#1545=CARTESIAN_POINT('Ctrl Pts',(-9.81962738288644,-104.685258335523,45.637377342149));
#1546=CARTESIAN_POINT('Ctrl Pts',(-7.65326880156435,-104.63925622953,47.111137867139));
#1547=CARTESIAN_POINT('Ctrl Pts',(-5.4869102202423,-104.593254123537,48.584898392129));
#1548=CARTESIAN_POINT('Ctrl Pts',(-2.88232743365144,-104.547252017544,49.4143795767048));
#1549=CARTESIAN_POINT('Ctrl Pts',(-0.262642497943546,-104.501249911551,
49.4649986809059));
#1550=CARTESIAN_POINT('Ctrl Pts',(2.35704243776435,-104.455247805557,49.515617785107));
#1551=CARTESIAN_POINT('Ctrl Pts',(4.99182952258926,-104.409245699564,48.7873748089335));
#1552=CARTESIAN_POINT('Ctrl Pts',(7.21342267885315,-104.363243593571,47.398208176707));
#1553=CARTESIAN_POINT('Ctrl Pts',(9.43501583511704,-104.317241487578,46.0090415444805));
#1554=CARTESIAN_POINT('Ctrl Pts',(11.2434150628199,-104.271239381584,43.958951256201));
#1555=CARTESIAN_POINT('Ctrl Pts',(12.3451436986396,-104.225237275591,41.5818380876691));
#1556=CARTESIAN_POINT('Ctrl Pts',(13.1721650135165,-104.190705430862,39.7974392853382));
#1557=CARTESIAN_POINT('Ctrl Pts',(13.6009864263708,-104.156173586133,37.8287672440026));
#1558=CARTESIAN_POINT('Ctrl Pts',(13.6041438232601,-104.121641741404,35.861000575194));
#1559=CARTESIAN_POINT('Origin',(9.13485862305058E-15,-87.1120857769034,
35.8612653953169));
#1560=CARTESIAN_POINT('',(13.6014033023407,-102.62164174139,35.8603667950568));
#1561=CARTESIAN_POINT('',(13.5975677725851,-102.977569213823,35.8622291683489));
#1562=CARTESIAN_POINT('',(13.60415,-87.1120857769034,35.8612653953173));
#1563=CARTESIAN_POINT('Ctrl Pts',(13.5975677725852,-102.977569213823,35.8622291683489));
#1564=CARTESIAN_POINT('Ctrl Pts',(13.6008464681936,-102.995878131205,36.9059074668045));
#1565=CARTESIAN_POINT('Ctrl Pts',(13.4862672104048,-103.014187048586,37.9492432135751));
#1566=CARTESIAN_POINT('Ctrl Pts',(13.2499718392899,-103.032495965967,38.9646344563707));
#1567=CARTESIAN_POINT('Ctrl Pts',(12.8541689096206,-103.063164036629,40.6654499516673));
#1568=CARTESIAN_POINT('Ctrl Pts',(12.1168620887609,-103.093832107291,42.287860406053));
#1569=CARTESIAN_POINT('Ctrl Pts',(11.1064559954862,-103.124500177953,43.715125587118));
#1570=CARTESIAN_POINT('Ctrl Pts',(10.0960499022115,-103.155168248615,45.142390768183));
#1571=CARTESIAN_POINT('Ctrl Pts',(8.81254453652175,-103.185836319277,46.3745106759274));
#1572=CARTESIAN_POINT('Ctrl Pts',(7.34197833707293,-103.21650438994,47.3162788658975));
#1573=CARTESIAN_POINT('Ctrl Pts',(5.1361290378998,-103.262506495933,48.7289311508526));
#1574=CARTESIAN_POINT('Ctrl Pts',(2.50939286276875,-103.308508601926,49.4882920708158));
#1575=CARTESIAN_POINT('Ctrl Pts',(-0.110750956609028,-103.354510707919,
49.4674102457473));
#1576=CARTESIAN_POINT('Ctrl Pts',(-2.73089477598685,-103.400512813913,49.4465284206788));
#1577=CARTESIAN_POINT('Ctrl Pts',(-5.34444623961142,-103.446514919906,48.6454038505787));
#1578=CARTESIAN_POINT('Ctrl Pts',(-7.52709818699019,-103.492517025899,47.1957337362097));
#1579=CARTESIAN_POINT('Ctrl Pts',(-9.70975013436892,-103.538519131892,45.7460636218408));
#1580=CARTESIAN_POINT('Ctrl Pts',(-11.4615025655017,-103.584521237886,43.6478479632031));
#1581=CARTESIAN_POINT('Ctrl Pts',(-12.497536168845,-103.630523343879,41.2413032046463));
#1582=CARTESIAN_POINT('Ctrl Pts',(-13.5335697721882,-103.676525449872,38.8347584460893));
#1583=CARTESIAN_POINT('Ctrl Pts',(-13.8538845477418,-103.722527555865,36.1198845876131));
#1584=CARTESIAN_POINT('Ctrl Pts',(-13.4065242542535,-103.768529661859,33.5381620874023));
#1585=CARTESIAN_POINT('Ctrl Pts',(-12.9591639607652,-103.814531767852,30.9564395871915));
#1586=CARTESIAN_POINT('Ctrl Pts',(-11.7441285982352,-103.860533873845,28.507868445246));
#1587=CARTESIAN_POINT('Ctrl Pts',(-9.9588002934986,-103.906535979838,26.5901366495585));
#1588=CARTESIAN_POINT('Ctrl Pts',(-8.17347198876208,-103.952538085832,24.6724048538712));
#1589=CARTESIAN_POINT('Ctrl Pts',(-5.81785074181904,-103.998540191825,23.2855124044419));
#1590=CARTESIAN_POINT('Ctrl Pts',(-3.27471495816159,-104.044542297818,22.6548931916827));
#1591=CARTESIAN_POINT('Ctrl Pts',(-0.731579174504083,-104.090544403811,
22.0242739789236));
#1592=CARTESIAN_POINT('Ctrl Pts',(1.99907114586783,-104.136546509805,22.1499280028344));
#1593=CARTESIAN_POINT('Ctrl Pts',(4.47355312744907,-104.182548615798,23.0114011503244));
#1594=CARTESIAN_POINT('Ctrl Pts',(6.94803510903026,-104.228550721791,23.8728742978144));
#1595=CARTESIAN_POINT('Ctrl Pts',(9.16634875182078,-104.274552827785,25.4701665688835));
#1596=CARTESIAN_POINT('Ctrl Pts',(10.7680431137332,-104.320554933778,27.5437503882552));
#1597=CARTESIAN_POINT('Ctrl Pts',(12.3697374756457,-104.366557039771,29.617334207627));
#1598=CARTESIAN_POINT('Ctrl Pts',(13.3548125566801,-104.412559145764,32.1672095753014));
#1599=CARTESIAN_POINT('Ctrl Pts',(13.5632091737397,-104.458561251758,34.7790663508776));
#1600=CARTESIAN_POINT('Ctrl Pts',(13.5919121712081,-104.464897239119,35.1388040446801));
#1601=CARTESIAN_POINT('Ctrl Pts',(13.6058813799169,-104.471233226481,35.4997175416154));
#1602=CARTESIAN_POINT('Ctrl Pts',(13.6053580620221,-104.477569213842,35.8606715751294));
#1603=CARTESIAN_POINT('Ctrl Pts',(13.6041438232627,-104.121641741405,35.861000575194));
#1604=CARTESIAN_POINT('Ctrl Pts',(13.605192599183,-104.110171480141,35.2073778690975));
#1605=CARTESIAN_POINT('Ctrl Pts',(13.5592764104804,-104.098701218877,34.5538550558441));
#1606=CARTESIAN_POINT('Ctrl Pts',(13.4653887284051,-104.087230957613,33.9072187223509));
#1607=CARTESIAN_POINT('Ctrl Pts',(13.0888470784115,-104.041228851619,31.313848574349));
#1608=CARTESIAN_POINT('Ctrl Pts',(11.9407057344877,-103.995226745626,28.8312443271299));
#1609=CARTESIAN_POINT('Ctrl Pts',(10.2090198126871,-103.949224639633,26.8660282029517));
#1610=CARTESIAN_POINT('Ctrl Pts',(8.47733389088648,-103.90322253364,24.9008120787734));
#1611=CARTESIAN_POINT('Ctrl Pts',(6.16210339120909,-103.857220427646,23.4529840776359));
#1612=CARTESIAN_POINT('Ctrl Pts',(3.63644734277245,-103.811218321653,22.7512894534586));
#1613=CARTESIAN_POINT('Ctrl Pts',(1.11079129433574,-103.76521621566,22.0495948292812));
#1614=CARTESIAN_POINT('Ctrl Pts',(-1.62529030286023,-103.719214109667,22.0940335820642));
#1615=CARTESIAN_POINT('Ctrl Pts',(-4.12020709720748,-103.673212003674,22.89053670961));
#1616=CARTESIAN_POINT('Ctrl Pts',(-7.44676282300374,-103.611875862349,23.9525408796712));
#1617=CARTESIAN_POINT('Ctrl Pts',(-10.3445811215134,-103.550539721025,26.3515483826442));
#1618=CARTESIAN_POINT('Ctrl Pts',(-11.9943436160109,-103.4892035797,29.4247202311827));
#1619=CARTESIAN_POINT('Ctrl Pts',(-13.6441061105083,-103.427867438376,32.4978920797212));
#1620=CARTESIAN_POINT('Ctrl Pts',(-14.0458128009936,-103.366531297052,36.2452282738253));
#1621=CARTESIAN_POINT('Ctrl Pts',(-13.0872691250381,-103.305195155727,39.6016591805031));
#1622=CARTESIAN_POINT('Ctrl Pts',(-12.1287254490825,-103.243859014403,42.958090087181));
#1623=CARTESIAN_POINT('Ctrl Pts',(-9.80993140668619,-103.182522873079,45.9236157064327));
#1624=CARTESIAN_POINT('Ctrl Pts',(-6.78384797713426,-103.121186731754,47.6619249029319));
#1625=CARTESIAN_POINT('Ctrl Pts',(-3.75776454758234,-103.05985059043,49.4002340994311));
#1626=CARTESIAN_POINT('Ctrl Pts',(-0.0243917308748126,-102.998514449106,
49.9113268731779));
#1627=CARTESIAN_POINT('Ctrl Pts',(3.35719212590549,-102.937178307781,49.0528476392424));
#1628=CARTESIAN_POINT('Ctrl Pts',(6.36304444304358,-102.882657293271,48.2897549868554));
#1629=CARTESIAN_POINT('Ctrl Pts',(9.09094005110338,-102.82813627876,46.4445313654355));
#1630=CARTESIAN_POINT('Ctrl Pts',(10.9414248884249,-102.77361526425,43.9490962500725));
#1631=CARTESIAN_POINT('Ctrl Pts',(11.8666673070857,-102.746354756994,42.7013786923911));
#1632=CARTESIAN_POINT('Ctrl Pts',(12.5725570330619,-102.719094249739,41.2911082612239));
#1633=CARTESIAN_POINT('Ctrl Pts',(13.0206992232346,-102.691833742484,39.8036519908538));
#1634=CARTESIAN_POINT('Ctrl Pts',(13.4053337522033,-102.668436408786,38.5269878997205));
#1635=CARTESIAN_POINT('Ctrl Pts',(13.6000969502965,-102.645039075088,37.1934643784145));
#1636=CARTESIAN_POINT('Ctrl Pts',(13.6014033023407,-102.62164174139,35.8603667950568));
#1637=CARTESIAN_POINT('Origin',(9.13485862305058E-15,-87.1120857769034,
35.8612653953169));
#1638=CARTESIAN_POINT('',(13.6094625410719,-101.121641741434,35.8576586565208));
#1639=CARTESIAN_POINT('',(13.6026310935532,-101.477569213774,35.8611943195091));
#1640=CARTESIAN_POINT('',(13.60415,-87.1120857769034,35.8612653953173));
#1641=CARTESIAN_POINT('Ctrl Pts',(13.6026310935532,-101.477569213774,35.8611943195091));
#1642=CARTESIAN_POINT('Ctrl Pts',(13.6012757248682,-101.505189000577,37.435525878772));
#1643=CARTESIAN_POINT('Ctrl Pts',(13.330116175112,-101.53280878738,39.0101461951448));
#1644=CARTESIAN_POINT('Ctrl Pts',(12.7949045563204,-101.560428574182,40.4893733217883));
#1645=CARTESIAN_POINT('Ctrl Pts',(11.9034834243543,-101.606430680176,42.9530984603506));
#1646=CARTESIAN_POINT('Ctrl Pts',(10.2795678067837,-101.652432786169,45.1521978162169));
#1647=CARTESIAN_POINT('Ctrl Pts',(8.18696838105415,-101.698434892162,46.7288897988341));
#1648=CARTESIAN_POINT('Ctrl Pts',(6.09436895532463,-101.744436998155,48.3055817814514));
#1649=CARTESIAN_POINT('Ctrl Pts',(3.53308572143617,-101.790439104149,49.2598663908196));
#1650=CARTESIAN_POINT('Ctrl Pts',(0.918672431066009,-101.836441210142,49.4366010014436));
#1651=CARTESIAN_POINT('Ctrl Pts',(-1.69574085930415,-101.882443316135,49.6133356120676));
#1652=CARTESIAN_POINT('Ctrl Pts',(-4.36328420615607,-101.928445422129,49.0125202239473));
#1653=CARTESIAN_POINT('Ctrl Pts',(-6.64886337724228,-101.974447528122,47.732453239046));
#1654=CARTESIAN_POINT('Ctrl Pts',(-8.93444254832857,-102.020449634115,46.4523862541447));
#1655=CARTESIAN_POINT('Ctrl Pts',(-10.8380575436491,-102.066451740108,44.4930676724623));
#1656=CARTESIAN_POINT('Ctrl Pts',(-12.0543491358606,-102.112453846102,42.1711377199744));
#1657=CARTESIAN_POINT('Ctrl Pts',(-13.1354972178263,-102.153344606984,40.1071999844296));
#1658=CARTESIAN_POINT('Ctrl Pts',(-13.6735749565947,-102.194235367867,37.7567544991127));
#1659=CARTESIAN_POINT('Ctrl Pts',(-13.599269340149,-102.23512612875,35.4291554993717));
#1660=CARTESIAN_POINT('Ctrl Pts',(-13.5249637237032,-102.276016889633,33.1015564996306));
#1661=CARTESIAN_POINT('Ctrl Pts',(-12.8382747520432,-102.316907650516,30.7968039854654));
#1662=CARTESIAN_POINT('Ctrl Pts',(-11.6302298716628,-102.357798411399,28.803621382933));
#1663=CARTESIAN_POINT('Ctrl Pts',(-10.4221849912825,-102.398689172282,26.8104387804007));
#1664=CARTESIAN_POINT('Ctrl Pts',(-8.69278420218192,-102.439579933165,25.128826089501));
#1665=CARTESIAN_POINT('Ctrl Pts',(-6.66089706887107,-102.480470694048,23.9923825081598));
#1666=CARTESIAN_POINT('Ctrl Pts',(-3.61306636890478,-102.541806835372,22.2877171361479));
#1667=CARTESIAN_POINT('Ctrl Pts',(0.115358605534525,-102.603142976696,21.8096822606425));
#1668=CARTESIAN_POINT('Ctrl Pts',(3.48773354405552,-102.664479118021,22.7041404515841));
#1669=CARTESIAN_POINT('Ctrl Pts',(6.86010848257643,-102.725815259345,23.5985986425258));
#1670=CARTESIAN_POINT('Ctrl Pts',(9.87643338517907,-102.787151400669,25.8655498999144));
#1671=CARTESIAN_POINT('Ctrl Pts',(11.6718006891921,-102.848487541994,28.8566511057273));
#1672=CARTESIAN_POINT('Ctrl Pts',(12.9312485348224,-102.891514765937,30.9549047395677));
#1673=CARTESIAN_POINT('Ctrl Pts',(13.5898626108188,-102.93454198988,33.4095128805544));
#1674=CARTESIAN_POINT('Ctrl Pts',(13.5975677725851,-102.977569213823,35.8622291683489));
#1675=CARTESIAN_POINT('Ctrl Pts',(13.6014033023407,-102.62164174139,35.8603667950568));
#1676=CARTESIAN_POINT('Ctrl Pts',(13.6023800193743,-102.604148314205,34.8636529897112));
#1677=CARTESIAN_POINT('Ctrl Pts',(13.4952130503895,-102.58665488702,33.8671772865609));
#1678=CARTESIAN_POINT('Ctrl Pts',(13.2784038249442,-102.569161459835,32.8948821751164));
#1679=CARTESIAN_POINT('Ctrl Pts',(12.7716138116935,-102.528270698952,30.6221493086959));
#1680=CARTESIAN_POINT('Ctrl Pts',(11.6657524554909,-102.487379938069,28.4815361196167));
#1681=CARTESIAN_POINT('Ctrl Pts',(10.1049707297423,-102.446489177187,26.750897303732));
#1682=CARTESIAN_POINT('Ctrl Pts',(8.54418900399368,-102.405598416304,25.0202584878473));
#1683=CARTESIAN_POINT('Ctrl Pts',(6.52848690869898,-102.364707655421,23.6995940451572));
#1684=CARTESIAN_POINT('Ctrl Pts',(4.3211408107269,-102.323816894538,22.96021468838));
#1685=CARTESIAN_POINT('Ctrl Pts',(2.11379471275488,-102.282926133655,22.2208353316028));
#1686=CARTESIAN_POINT('Ctrl Pts',(-0.285195387894502,-102.242035372772,
22.0627410607386));
#1687=CARTESIAN_POINT('Ctrl Pts',(-2.57480529291711,-102.201144611889,22.5030609119378));
#1688=CARTESIAN_POINT('Ctrl Pts',(-4.86441519793975,-102.160253851006,22.943380763137));
#1689=CARTESIAN_POINT('Ctrl Pts',(-7.04464490733561,-102.119363090123,23.9821147363997));
#1690=CARTESIAN_POINT('Ctrl Pts',(-8.81623396338984,-102.078472329241,25.491988872575));
#1691=CARTESIAN_POINT('Ctrl Pts',(-11.4736175474711,-102.017136187916,27.7568000768379));
#1692=CARTESIAN_POINT('Ctrl Pts',(-13.2115596615338,-101.955800046592,31.0816766476543));
#1693=CARTESIAN_POINT('Ctrl Pts',(-13.5471295556317,-101.894463905268,34.5605883377949));
#1694=CARTESIAN_POINT('Ctrl Pts',(-13.6589861869977,-101.874018524826,35.7202255678419));
#1695=CARTESIAN_POINT('Ctrl Pts',(-13.615023682812,-101.853573144385,36.896977811147));
#1696=CARTESIAN_POINT('Ctrl Pts',(-13.4255505421758,-101.833127763943,38.0475946547812));
#1697=CARTESIAN_POINT('Ctrl Pts',(-13.1413408312215,-101.802459693281,39.7735199202324));
#1698=CARTESIAN_POINT('Ctrl Pts',(-12.5297321882535,-101.771791622619,41.4406405364239));
#1699=CARTESIAN_POINT('Ctrl Pts',(-11.6226502377009,-101.741123551957,42.9332383367613));
#1700=CARTESIAN_POINT('Ctrl Pts',(-10.7155682871482,-101.710455481294,44.4258361370986));
#1701=CARTESIAN_POINT('Ctrl Pts',(-9.51301302901091,-101.679787410632,45.743911121582));
#1702=CARTESIAN_POINT('Ctrl Pts',(-8.10959654743682,-101.64911933997,46.7850096851));
#1703=CARTESIAN_POINT('Ctrl Pts',(-6.70618006586274,-101.618451269308,47.8261082486181));
#1704=CARTESIAN_POINT('Ctrl Pts',(-5.10190236085191,-101.587783198646,48.5902303911708));
#1705=CARTESIAN_POINT('Ctrl Pts',(-3.41007770880141,-101.557115127984,49.0297658732515));
#1706=CARTESIAN_POINT('Ctrl Pts',(-1.71825305675077,-101.526447057321,49.4693013553321));
#1707=CARTESIAN_POINT('Ctrl Pts',(0.0611185423395136,-101.495778986659,
49.5842501769406));
#1708=CARTESIAN_POINT('Ctrl Pts',(1.79233155211879,-101.465110915997,49.3516957046507));
#1709=CARTESIAN_POINT('Ctrl Pts',(5.25475757167713,-101.403774774673,48.8865867600709));
#1710=CARTESIAN_POINT('Ctrl Pts',(8.52454923399137,-101.342438633348,47.0314646398974));
#1711=CARTESIAN_POINT('Ctrl Pts',(10.6854845019008,-101.281102492024,44.2934506230968));
#1712=CARTESIAN_POINT('Ctrl Pts',(12.5581398529884,-101.227948908494,41.920701806389));
#1713=CARTESIAN_POINT('Ctrl Pts',(13.5980588934931,-101.174795324964,38.8849129924816));
#1714=CARTESIAN_POINT('Ctrl Pts',(13.6094625410719,-101.121641741434,35.8576586565208));
#1715=CARTESIAN_POINT('Origin',(9.13485862305058E-15,-87.1120857769034,
35.8612653953169));
#1716=CARTESIAN_POINT('',(13.6045072350551,-99.6216417415002,35.8613211662418));
#1717=CARTESIAN_POINT('',(13.5975759087467,-99.9775692137443,35.8598906706405));
#1718=CARTESIAN_POINT('',(13.60415,-87.1120857769034,35.8612653953173));
#1719=CARTESIAN_POINT('Ctrl Pts',(13.5975759087467,-99.9775692137443,35.8598906706405));
#1720=CARTESIAN_POINT('Ctrl Pts',(13.592949566657,-100.014499869962,37.967488680214));
#1721=CARTESIAN_POINT('Ctrl Pts',(13.1111451242498,-100.05143052618,40.0768901023956));
#1722=CARTESIAN_POINT('Ctrl Pts',(12.170732470304,-100.088361182398,41.9552156718981));
#1723=CARTESIAN_POINT('Ctrl Pts',(10.6088516549422,-100.149697323723,45.0748256215305));
#1724=CARTESIAN_POINT('Ctrl Pts',(7.78194126405752,-100.211033465047,47.5570335786266));
#1725=CARTESIAN_POINT('Ctrl Pts',(4.48703203894889,-100.272369606371,48.7114487953907));
#1726=CARTESIAN_POINT('Ctrl Pts',(2.83957742639458,-100.303037677033,49.2886564037728));
#1727=CARTESIAN_POINT('Ctrl Pts',(1.07512310528432,-100.333705747696,49.5339158270718));
#1728=CARTESIAN_POINT('Ctrl Pts',(-0.672293180992584,-100.364373818358,
49.4469411068695));
#1729=CARTESIAN_POINT('Ctrl Pts',(-2.41970946726948,-100.39504188902,49.3599663866673));
#1730=CARTESIAN_POINT('Ctrl Pts',(-4.15008771871298,-100.425709959682,48.9407575229638));
#1731=CARTESIAN_POINT('Ctrl Pts',(-5.73214802609614,-100.456378030344,48.2035847851221));
#1732=CARTESIAN_POINT('Ctrl Pts',(-8.89626864086243,-100.517714171669,46.7292393094386));
#1733=CARTESIAN_POINT('Ctrl Pts',(-11.4671174793873,-100.579050312993,43.9830383372023));
#1734=CARTESIAN_POINT('Ctrl Pts',(-12.7141516627769,-100.640386454317,40.7242593944472));
#1735=CARTESIAN_POINT('Ctrl Pts',(-13.9611858461666,-100.701722595642,37.4654804516922));
#1736=CARTESIAN_POINT('Ctrl Pts',(-13.8844053744209,-100.763058736966,33.6941235384184));
#1737=CARTESIAN_POINT('Ctrl Pts',(-12.5070743265103,-100.82439487829,30.4886650099105));
#1738=CARTESIAN_POINT('Ctrl Pts',(-11.1297432785997,-100.885731019615,27.2832064814025));
#1739=CARTESIAN_POINT('Ctrl Pts',(-8.4518616545241,-100.947067160939,24.6436463376603));
#1740=CARTESIAN_POINT('Ctrl Pts',(-5.23011250612625,-101.008403302263,23.2973139815011));
#1741=CARTESIAN_POINT('Ctrl Pts',(-2.81380064482792,-101.054405408257,22.2875647143817));
#1742=CARTESIAN_POINT('Ctrl Pts',(-0.0915633010983286,-101.10040751425,
22.0052560777778));
#1743=CARTESIAN_POINT('Ctrl Pts',(2.48553175901889,-101.146409620243,22.4850483357714));
#1744=CARTESIAN_POINT('Ctrl Pts',(5.06262681913616,-101.192411726236,22.9648405937651));
#1745=CARTESIAN_POINT('Ctrl Pts',(7.49457959564111,-101.23841383223,24.2067337463564));
#1746=CARTESIAN_POINT('Ctrl Pts',(9.39016375203749,-101.284415938223,26.0144002296123));
#1747=CARTESIAN_POINT('Ctrl Pts',(11.2857479084338,-101.330418044216,27.8220667128683));
#1748=CARTESIAN_POINT('Ctrl Pts',(12.6449634447217,-101.376420150209,30.1955065267889));
#1749=CARTESIAN_POINT('Ctrl Pts',(13.2451078896849,-101.422422256203,32.7464018943783));
#1750=CARTESIAN_POINT('Ctrl Pts',(13.4849240135221,-101.440804575393,33.7657328979456));
#1751=CARTESIAN_POINT('Ctrl Pts',(13.6035331577135,-101.459186894583,34.8133996554724));
#1752=CARTESIAN_POINT('Ctrl Pts',(13.6026310935532,-101.477569213774,35.8611943195091));
#1753=CARTESIAN_POINT('Ctrl Pts',(13.6094625410719,-101.121641741434,35.8576586565208));
#1754=CARTESIAN_POINT('Ctrl Pts',(13.6112180389928,-101.113459183639,35.3916377052215));
#1755=CARTESIAN_POINT('Ctrl Pts',(13.5885997022897,-101.105276625845,34.9258190046182));
#1756=CARTESIAN_POINT('Ctrl Pts',(13.5408933045854,-101.097094068051,34.462652541699));
#1757=CARTESIAN_POINT('Ctrl Pts',(13.1832879658558,-101.035757926727,30.9907743905295));
#1758=CARTESIAN_POINT('Ctrl Pts',(11.4159984148917,-100.974421785402,27.6679240016183));
#1759=CARTESIAN_POINT('Ctrl Pts',(8.7397466517176,-100.913085644078,25.4277577102605));
#1760=CARTESIAN_POINT('Ctrl Pts',(6.06349488854346,-100.851749502754,23.1875914189027));
#1761=CARTESIAN_POINT('Ctrl Pts',(2.47828091315927,-100.790413361429,22.0301092250983));
#1762=CARTESIAN_POINT('Ctrl Pts',(-1.00150581860886,-100.729077220105,22.2856400668795));
#1763=CARTESIAN_POINT('Ctrl Pts',(-4.481292550377,-100.667741078781,22.5411709086607));
#1764=CARTESIAN_POINT('Ctrl Pts',(-7.85565203852899,-100.606404937456,24.2097147860275));
#1765=CARTESIAN_POINT('Ctrl Pts',(-10.1737266989638,-100.545068796132,26.8198357806069));
#1766=CARTESIAN_POINT('Ctrl Pts',(-12.4918013593986,-100.483732654808,29.4299567751862));
#1767=CARTESIAN_POINT('Ctrl Pts',(-13.7535911921163,-100.422396513483,32.981654886978));
#1768=CARTESIAN_POINT('Ctrl Pts',(-13.5985465009256,-100.361060372159,36.4657727643471));
#1769=CARTESIAN_POINT('Ctrl Pts',(-13.4435018097349,-100.299724230835,39.9498906417161));
#1770=CARTESIAN_POINT('Ctrl Pts',(-11.871622594636,-100.23838808951,43.3664282846624));
#1771=CARTESIAN_POINT('Ctrl Pts',(-9.3329598106693,-100.177051948186,45.7658919886109));
#1772=CARTESIAN_POINT('Ctrl Pts',(-8.06362841868596,-100.146383877524,46.9656238405852));
#1773=CARTESIAN_POINT('Ctrl Pts',(-6.55260113448575,-100.115715806862,47.91108720781));
#1774=CARTESIAN_POINT('Ctrl Pts',(-4.92222443133024,-100.085047736199,48.5423152652763));
#1775=CARTESIAN_POINT('Ctrl Pts',(-3.29184772817468,-100.054379665537,49.1735433227426));
#1776=CARTESIAN_POINT('Ctrl Pts',(-1.54212160606378,-100.023711594875,49.4905360704502));
#1777=CARTESIAN_POINT('Ctrl Pts',(0.204433516340018,-99.9930435242129,49.4648316732319));
#1778=CARTESIAN_POINT('Ctrl Pts',(1.95098863874377,-99.9623754535507,49.4391272760135));
#1779=CARTESIAN_POINT('Ctrl Pts',(3.69437276144043,-99.9317073828886,49.0707257338691));
#1780=CARTESIAN_POINT('Ctrl Pts',(5.30390253967161,-99.9010393122264,48.3891970824027));
#1781=CARTESIAN_POINT('Ctrl Pts',(6.91343231790278,-99.8703712415643,47.7076684309363));
#1782=CARTESIAN_POINT('Ctrl Pts',(8.38910775166845,-99.8397031709021,46.7130126701479));
#1783=CARTESIAN_POINT('Ctrl Pts',(9.62403263479256,-99.8090351002399,45.4769691678348));
#1784=CARTESIAN_POINT('Ctrl Pts',(10.8589575179167,-99.7783670295777,44.2409256655217));
#1785=CARTESIAN_POINT('Ctrl Pts',(11.8531318503993,-99.7476989589155,42.763494421684));
#1786=CARTESIAN_POINT('Ctrl Pts',(12.532997349474,-99.7170308882534,41.1536199897176));
#1787=CARTESIAN_POINT('Ctrl Pts',(13.2128628485487,-99.6863628175912,39.5437455577511));
#1788=CARTESIAN_POINT('Ctrl Pts',(13.5784195142155,-99.655694746929,37.8014279376559));
#1789=CARTESIAN_POINT('Ctrl Pts',(13.6031594344513,-99.6250266762669,36.0541837880878));
#1790=CARTESIAN_POINT('Ctrl Pts',(13.604069642955,-99.623898364678,35.9899007803865));
#1791=CARTESIAN_POINT('Ctrl Pts',(13.6045185273918,-99.6227700530891,35.9256111042141));
#1792=CARTESIAN_POINT('Ctrl Pts',(13.6045072350551,-99.6216417415002,35.8613211662418));
#1793=CARTESIAN_POINT('Origin',(9.13485862305058E-15,-87.1120857769034,
35.8612653953169));
#1794=CARTESIAN_POINT('',(13.6049244422104,-98.1216417415369,35.8616624906908));
#1795=CARTESIAN_POINT('',(13.5996829632146,-98.4775692136988,35.8603115604955));
#1796=CARTESIAN_POINT('',(13.60415,-87.1120857769034,35.8612653953173));
#1797=CARTESIAN_POINT('Ctrl Pts',(13.5996829632146,-98.4775692136988,35.8603115604955));
#1798=CARTESIAN_POINT('Ctrl Pts',(13.5892089018559,-98.5238107393372,38.4960487359296));
#1799=CARTESIAN_POINT('Ctrl Pts',(12.8213693906461,-98.5700522649756,41.134022293667));
#1800=CARTESIAN_POINT('Ctrl Pts',(11.3784335212629,-98.616293790614,43.3321850150834));
#1801=CARTESIAN_POINT('Ctrl Pts',(9.4644802685417,-98.6776299319384,46.247893730859));
#1802=CARTESIAN_POINT('Ctrl Pts',(6.36275152795716,-98.7389660732628,48.3897921240723));
#1803=CARTESIAN_POINT('Ctrl Pts',(2.95560897832883,-98.8003022145871,49.1482706088076));
#1804=CARTESIAN_POINT('Ctrl Pts',(-0.45153357129953,-98.8616383559115,49.9067490935429));
#1805=CARTESIAN_POINT('Ctrl Pts',(-4.16408992997166,-98.9229744972357,49.2818076698003));
#1806=CARTESIAN_POINT('Ctrl Pts',(-7.13548579679511,-98.98431063856,47.4520173730935));
#1807=CARTESIAN_POINT('Ctrl Pts',(-10.1068816636185,-99.0456467798844,45.6222270763867));
#1808=CARTESIAN_POINT('Ctrl Pts',(-12.3371170385932,-99.1069829212088,42.5875879067157));
#1809=CARTESIAN_POINT('Ctrl Pts',(-13.1945367574727,-99.1683190625332,39.2049456162359));
#1810=CARTESIAN_POINT('Ctrl Pts',(-14.0519564763521,-99.2296552038575,35.822303325756));
#1811=CARTESIAN_POINT('Ctrl Pts',(-13.5365605391364,-99.2909913451818,32.0916579144672));
#1812=CARTESIAN_POINT('Ctrl Pts',(-11.7946513939742,-99.3523274865061,29.0675220778209));
#1813=CARTESIAN_POINT('Ctrl Pts',(-10.0527422488119,-99.4136636278305,26.0433862411745));
#1814=CARTESIAN_POINT('Ctrl Pts',(-7.08431989570316,-99.4749997691548,23.7257599791707));
#1815=CARTESIAN_POINT('Ctrl Pts',(-3.72808459945754,-99.5363359104792,22.7701689028573));
#1816=CARTESIAN_POINT('Ctrl Pts',(-0.371849303211914,-99.5976720518035,
21.8145778265438));
#1817=CARTESIAN_POINT('Ctrl Pts',(3.37219893617061,-99.6590081931279,22.2210219359209));
#1818=CARTESIAN_POINT('Ctrl Pts',(6.44590115416029,-99.7203443344522,23.8732632893812));
#1819=CARTESIAN_POINT('Ctrl Pts',(9.51960337214988,-99.7816804757765,25.5255046428415));
#1820=CARTESIAN_POINT('Ctrl Pts',(11.9229595687467,-99.8430166171009,28.4235432403849));
#1821=CARTESIAN_POINT('Ctrl Pts',(12.9762120471257,-99.9043527584253,31.751068510241));
#1822=CARTESIAN_POINT('Ctrl Pts',(13.3952983658813,-99.9287582435316,33.0750818351909));
#1823=CARTESIAN_POINT('Ctrl Pts',(13.6006332094971,-99.9531637286379,34.4670924617712));
#1824=CARTESIAN_POINT('Ctrl Pts',(13.5975759087467,-99.9775692137443,35.8598906706405));
#1825=CARTESIAN_POINT('Ctrl Pts',(13.6045072350551,-99.6216417415002,35.8613211662418));
#1826=CARTESIAN_POINT('Ctrl Pts',(13.604211596059,-99.5921019824269,34.1781785864321));
#1827=CARTESIAN_POINT('Ctrl Pts',(13.2885022992602,-99.5625622233536,32.4948565641713));
#1828=CARTESIAN_POINT('Ctrl Pts',(12.6779670629258,-99.5330224642804,30.9263202304736));
#1829=CARTESIAN_POINT('Ctrl Pts',(12.0441115963597,-99.5023543936182,29.2978715014682));
#1830=CARTESIAN_POINT('Ctrl Pts',(11.0924774884227,-99.471686322956,27.7931447224983));
#1831=CARTESIAN_POINT('Ctrl Pts',(9.89293308084736,-99.4410182522939,26.5224422260118));
#1832=CARTESIAN_POINT('Ctrl Pts',(8.69338867327203,-99.4103501816317,25.2517397295252));
#1833=CARTESIAN_POINT('Ctrl Pts',(7.24593396605832,-99.3796821109695,24.215061515522));
#1834=CARTESIAN_POINT('Ctrl Pts',(5.65670224425274,-99.3490140403073,23.4884780070807));
#1835=CARTESIAN_POINT('Ctrl Pts',(4.06747052244708,-99.3183459696452,22.7618944986392));
#1836=CARTESIAN_POINT('Ctrl Pts',(2.33646178604952,-99.287677898983,22.3454056957597));
#1837=CARTESIAN_POINT('Ctrl Pts',(0.590655186021639,-99.2570098283209,22.2695379879455));
#1838=CARTESIAN_POINT('Ctrl Pts',(-1.15515141400622,-99.2263417576587,22.1936702801314));
#1839=CARTESIAN_POINT('Ctrl Pts',(-2.91575587766446,-99.1956736869965,22.4584236673827));
#1840=CARTESIAN_POINT('Ctrl Pts',(-4.56203027895909,-99.1650056163343,23.0444017648302));
#1841=CARTESIAN_POINT('Ctrl Pts',(-6.20830468025369,-99.1343375456721,23.6303798622776));
#1842=CARTESIAN_POINT('Ctrl Pts',(-7.74024901918468,-99.10366947501,24.5375826699211));
#1843=CARTESIAN_POINT('Ctrl Pts',(-9.04549837060572,-99.0730014043479,25.6994338317461));
#1844=CARTESIAN_POINT('Ctrl Pts',(-10.3507477220268,-99.0423333336857,26.8612849935712));
#1845=CARTESIAN_POINT('Ctrl Pts',(-11.4293020859378,-99.0116652630235,28.2777845095778));
#1846=CARTESIAN_POINT('Ctrl Pts',(-12.2020510465033,-98.9809971923613,29.8451070361343));
#1847=CARTESIAN_POINT('Ctrl Pts',(-12.9748000070687,-98.9503291216991,31.4124295626907));
#1848=CARTESIAN_POINT('Ctrl Pts',(-13.4417435642885,-98.919661051037,33.1305750997971));
#1849=CARTESIAN_POINT('Ctrl Pts',(-13.568639849666,-98.8889929803748,34.8733783770379));
#1850=CARTESIAN_POINT('Ctrl Pts',(-13.6955361350436,-98.8583249097127,36.6161816542789));
#1851=CARTESIAN_POINT('Ctrl Pts',(-13.4823851485789,-98.8276568390504,38.3836426716545));
#1852=CARTESIAN_POINT('Ctrl Pts',(-12.9448050061841,-98.7969887683883,40.0464267687138));
#1853=CARTESIAN_POINT('Ctrl Pts',(-12.4072248637894,-98.7663206977261,41.7092108657731));
#1854=CARTESIAN_POINT('Ctrl Pts',(-11.5452155654645,-98.7356526270639,43.2673180425162));
#1855=CARTESIAN_POINT('Ctrl Pts',(-10.4220368287065,-98.7049845564018,44.6058309543519));
#1856=CARTESIAN_POINT('Ctrl Pts',(-9.29885809194849,-98.6743164857396,45.9443438661875));
#1857=CARTESIAN_POINT('Ctrl Pts',(-7.91450991675736,-98.6436484150775,47.0632625131158));
#1858=CARTESIAN_POINT('Ctrl Pts',(-6.37045591434298,-98.6129803444153,47.8818559010977));
#1859=CARTESIAN_POINT('Ctrl Pts',(-4.82640191192856,-98.5823122737531,48.7004492890797));
#1860=CARTESIAN_POINT('Ctrl Pts',(-3.12264208229084,-98.5516442030909,49.2187174181153));
#1861=CARTESIAN_POINT('Ctrl Pts',(-1.38437892219551,-98.5209761324287,49.3956883573079));
#1862=CARTESIAN_POINT('Ctrl Pts',(0.933305291264899,-98.4800853715458,49.6316496095647));
#1863=CARTESIAN_POINT('Ctrl Pts',(3.31232875887229,-98.439194610663,49.2608603021007));
#1864=CARTESIAN_POINT('Ctrl Pts',(5.44695716352868,-98.3983038497801,48.328599737698));
#1865=CARTESIAN_POINT('Ctrl Pts',(7.58158556818507,-98.3574130888972,47.3963391732952));
#1866=CARTESIAN_POINT('Ctrl Pts',(9.47181890989047,-98.3165223280143,45.9026073519538));
#1867=CARTESIAN_POINT('Ctrl Pts',(10.8721771992412,-98.2756315671314,44.0411638453243));
#1868=CARTESIAN_POINT('Ctrl Pts',(12.272535488592,-98.2347408062485,42.1797203386948));
#1869=CARTESIAN_POINT('Ctrl Pts',(13.183018725588,-98.1938500453656,39.9505651467772));
#1870=CARTESIAN_POINT('Ctrl Pts',(13.4886562721726,-98.1529592844827,37.64103686336));
#1871=CARTESIAN_POINT('Ctrl Pts',(13.5666838166541,-98.1425201035008,37.051427298438));
#1872=CARTESIAN_POINT('Ctrl Pts',(13.6052904134338,-98.1320809225188,36.4565794000255));
#1873=CARTESIAN_POINT('Ctrl Pts',(13.6049244422104,-98.1216417415369,35.8616624906908));
#1874=CARTESIAN_POINT('Origin',(9.13485862305058E-15,-87.1120857769034,
35.8612653953169));
#1875=CARTESIAN_POINT('',(13.6027753368584,-96.6216417415139,35.8612652506975));
#1876=CARTESIAN_POINT('',(13.6043321773279,-96.9775692137063,35.8605550966716));
#1877=CARTESIAN_POINT('',(13.60415,-87.1120857769034,35.8612653953173));
#1878=CARTESIAN_POINT('Ctrl Pts',(13.6043321773279,-96.9775692137063,35.8605550966716));
#1879=CARTESIAN_POINT('Ctrl Pts',(13.6035158183403,-97.012676228306,37.8625746271346));
#1880=CARTESIAN_POINT('Ctrl Pts',(13.1600607059127,-97.0477832429058,39.867095538511));
#1881=CARTESIAN_POINT('Ctrl Pts',(12.3048526204827,-97.0828902575056,41.6737385176378));
#1882=CARTESIAN_POINT('Ctrl Pts',(10.9767188282243,-97.1374112720161,44.4794458443154));
#1883=CARTESIAN_POINT('Ctrl Pts',(8.65552203657213,-97.1919322865266,46.8079125296428));
#1884=CARTESIAN_POINT('Ctrl Pts',(5.85284138617147,-97.2464533010371,48.1469573842434));
#1885=CARTESIAN_POINT('Ctrl Pts',(4.45150106097118,-97.2737138082923,48.8164798115437));
#1886=CARTESIAN_POINT('Ctrl Pts',(2.92978977108372,-97.3009743155476,49.2386467811624));
#1887=CARTESIAN_POINT('Ctrl Pts',(1.38323772935674,-97.3282348228028,49.3942893427632));
#1888=CARTESIAN_POINT('Ctrl Pts',(-0.936590333233776,-97.3691255836857,
49.6277531851644));
#1889=CARTESIAN_POINT('Ctrl Pts',(-3.31231008746329,-97.4100163445686,49.2615371095255));
#1890=CARTESIAN_POINT('Ctrl Pts',(-5.44623837047388,-97.4509071054516,48.3299855598208));
#1891=CARTESIAN_POINT('Ctrl Pts',(-7.58016665348447,-97.4917978663345,47.3984340101161));
#1892=CARTESIAN_POINT('Ctrl Pts',(-9.47230346527605,-97.5326886272174,45.9015469863456));
#1893=CARTESIAN_POINT('Ctrl Pts',(-10.8727192024757,-97.5735793881003,44.0400102497356));
#1894=CARTESIAN_POINT('Ctrl Pts',(-12.2731349396753,-97.6144701489832,42.1784735131256));
#1895=CARTESIAN_POINT('Ctrl Pts',(-13.181829602283,-97.655360909866,39.9522870636761));
#1896=CARTESIAN_POINT('Ctrl Pts',(-13.4872813155087,-97.6962516707489,37.6421281518369));
#1897=CARTESIAN_POINT('Ctrl Pts',(-13.7927330287345,-97.7371424316318,35.3319692399977));
#1898=CARTESIAN_POINT('Ctrl Pts',(-13.4949417925783,-97.7780331925147,32.9378378657687));
#1899=CARTESIAN_POINT('Ctrl Pts',(-12.6237491941173,-97.8189239533976,30.7786310841704));
#1900=CARTESIAN_POINT('Ctrl Pts',(-11.4621590628359,-97.8734449679082,27.8996887087061));
#1901=CARTESIAN_POINT('Ctrl Pts',(-9.28118873190141,-97.9279659824187,25.4383900534739));
#1902=CARTESIAN_POINT('Ctrl Pts',(-6.56109826203661,-97.9824869969292,23.9387589101799));
#1903=CARTESIAN_POINT('Ctrl Pts',(-5.20105302710421,-98.0097475041845,23.188943338533));
#1904=CARTESIAN_POINT('Ctrl Pts',(-3.70622775743927,-98.0370080114397,22.6795446448705));
#1905=CARTESIAN_POINT('Ctrl Pts',(-2.17186259116158,-98.064268518695,22.4327739448567));
#1906=CARTESIAN_POINT('Ctrl Pts',(-0.445701779099174,-98.0949365893572,
22.1551569073412));
#1907=CARTESIAN_POINT('Ctrl Pts',(1.33050171461373,-98.1256046600193,22.2099284242873));
#1908=CARTESIAN_POINT('Ctrl Pts',(3.03371028409893,-98.1562727306815,22.5989345836893));
#1909=CARTESIAN_POINT('Ctrl Pts',(4.73691885358415,-98.1869408013436,22.9879407430914));
#1910=CARTESIAN_POINT('Ctrl Pts',(6.36713249884165,-98.2176088720058,23.7111815449495));
#1911=CARTESIAN_POINT('Ctrl Pts',(7.79846461752163,-98.248276942668,24.7131651410818));
#1912=CARTESIAN_POINT('Ctrl Pts',(9.22979673620156,-98.2789450133302,25.7151487372142));
#1913=CARTESIAN_POINT('Ctrl Pts',(10.462247328304,-98.3096130839923,26.9958751276208));
#1914=CARTESIAN_POINT('Ctrl Pts',(11.4143420619633,-98.3402811546545,28.4619378507958));
#1915=CARTESIAN_POINT('Ctrl Pts',(12.3664367956226,-98.3709492253167,29.9280005739709));
#1916=CARTESIAN_POINT('Ctrl Pts',(13.0381756708387,-98.4016172959789,31.5793996299143));
#1917=CARTESIAN_POINT('Ctrl Pts',(13.3649719601732,-98.4322853666411,33.2952521735996));
#1918=CARTESIAN_POINT('Ctrl Pts',(13.5258188699585,-98.447379982327,34.1397831193492));
#1919=CARTESIAN_POINT('Ctrl Pts',(13.6031020098117,-98.4624745980129,34.999928189424));
#1920=CARTESIAN_POINT('Ctrl Pts',(13.5996829632146,-98.4775692136988,35.8603115604955));
#1921=CARTESIAN_POINT('Ctrl Pts',(13.6049244422104,-98.1216417415369,35.8616624906908));
#1922=CARTESIAN_POINT('Ctrl Pts',(13.6042152686155,-98.1014128518567,34.7088413499651));
#1923=CARTESIAN_POINT('Ctrl Pts',(13.4571636652257,-98.0811839621764,33.5557610724525));
#1924=CARTESIAN_POINT('Ctrl Pts',(13.1670322242726,-98.0609550724962,32.4400357421671));
#1925=CARTESIAN_POINT('Ctrl Pts',(12.7271775573522,-98.030287001834,30.7485369100687));
#1926=CARTESIAN_POINT('Ctrl Pts',(11.9584657644296,-97.9996189311718,29.1428953224031));
#1927=CARTESIAN_POINT('Ctrl Pts',(10.9156589140433,-97.9689508605096,27.741064537717));
#1928=CARTESIAN_POINT('Ctrl Pts',(9.87285206365702,-97.9382827898474,26.3392337530309));
#1929=CARTESIAN_POINT('Ctrl Pts',(8.55595015580715,-97.9076147191853,25.1412137713242));
#1930=CARTESIAN_POINT('Ctrl Pts',(7.06230751241593,-97.8769466485231,24.2337011904095));
#1931=CARTESIAN_POINT('Ctrl Pts',(5.56866486902473,-97.846278577861,23.3261886094948));
#1932=CARTESIAN_POINT('Ctrl Pts',(3.8982814900922,-97.8156105071988,22.7091834293722));
#1933=CARTESIAN_POINT('Ctrl Pts',(2.1733891907865,-97.7849424365367,22.430910919324));
#1934=CARTESIAN_POINT('Ctrl Pts',(-0.126467208287762,-97.7440516756537,
22.0598809059264));
#1935=CARTESIAN_POINT('Ctrl Pts',(-2.52322835469208,-97.7031609147708,22.2910423059945));
#1936=CARTESIAN_POINT('Ctrl Pts',(-4.70878843316223,-97.6622701538879,23.0967928100464));
#1937=CARTESIAN_POINT('Ctrl Pts',(-6.89434851163238,-97.621379393005,23.9025433140984));
#1938=CARTESIAN_POINT('Ctrl Pts',(-8.86870752216835,-97.5804886321222,25.2828829221344));
#1939=CARTESIAN_POINT('Ctrl Pts',(-10.3756562107407,-97.5395978712393,27.0592918026555));
#1940=CARTESIAN_POINT('Ctrl Pts',(-11.882604899313,-97.4987071103564,28.8357006831767));
#1941=CARTESIAN_POINT('Ctrl Pts',(-12.9221432659217,-97.4578163494735,31.0081788361831));
#1942=CARTESIAN_POINT('Ctrl Pts',(-13.361156597688,-97.4169255885906,33.2959398499972));
#1943=CARTESIAN_POINT('Ctrl Pts',(-13.8001699294542,-97.3760348277077,35.5837008638113));
#1944=CARTESIAN_POINT('Ctrl Pts',(-13.6386582263782,-97.3351440668248,37.9867447384331));
#1945=CARTESIAN_POINT('Ctrl Pts',(-12.8968276263317,-97.2942533059419,40.1948525340778));
#1946=CARTESIAN_POINT('Ctrl Pts',(-12.1549970262852,-97.253362545059,42.4029603297224));
#1947=CARTESIAN_POINT('Ctrl Pts',(-10.8328475292683,-97.2124717841762,44.4161320463899));
#1948=CARTESIAN_POINT('Ctrl Pts',(-9.10127597178647,-97.1715810232933,45.9744110632908));
#1949=CARTESIAN_POINT('Ctrl Pts',(-7.3697044143046,-97.1306902624104,47.5326900801918));
#1950=CARTESIAN_POINT('Ctrl Pts',(-5.2287107963577,-97.0897995015274,48.6360763973262));
#1951=CARTESIAN_POINT('Ctrl Pts',(-2.95493537290193,-97.0489087406445,49.1419906287768));
#1952=CARTESIAN_POINT('Ctrl Pts',(-0.681159949446138,-97.0080179797616,
49.6479048602273));
#1953=CARTESIAN_POINT('Ctrl Pts',(1.72539727951855,-96.9671272188788,49.556347005994));
#1954=CARTESIAN_POINT('Ctrl Pts',(3.95441769565329,-96.9262364579959,48.8793222736464));
#1955=CARTESIAN_POINT('Ctrl Pts',(6.18343811178798,-96.885345697113,48.2022975412989));
#1956=CARTESIAN_POINT('Ctrl Pts',(8.23492171509274,-96.84445493623,46.9398059308371));
#1957=CARTESIAN_POINT('Ctrl Pts',(9.84309793255451,-96.8035641753471,45.2546229998271));
#1958=CARTESIAN_POINT('Ctrl Pts',(11.4512741500163,-96.7626734144642,43.569440068817));
#1959=CARTESIAN_POINT('Ctrl Pts',(12.6161429816352,-96.7217826535814,41.4615658172587));
#1960=CARTESIAN_POINT('Ctrl Pts',(13.1883136172183,-96.6808918926985,39.2034223921763));
#1961=CARTESIAN_POINT('Ctrl Pts',(13.4646694160158,-96.6611418423037,38.1127494508743));
#1962=CARTESIAN_POINT('Ctrl Pts',(13.6027578652547,-96.6413917919088,36.9870210285832));
#1963=CARTESIAN_POINT('Ctrl Pts',(13.6027753368584,-96.6216417415139,35.8612652506975));
#1964=CARTESIAN_POINT('Origin',(9.13485862305058E-15,-87.1120857769034,
35.8612653953169));
#1965=CARTESIAN_POINT('',(13.602636400209,-95.1216417414657,35.862222399981));
#1966=CARTESIAN_POINT('',(13.6042691898272,-95.4775692137641,35.8624841344539));
#1967=CARTESIAN_POINT('',(13.60415,-87.1120857769034,35.8612653953173));
#1968=CARTESIAN_POINT('Ctrl Pts',(13.6042691898272,-95.4775692137641,35.8624841344539));
#1969=CARTESIAN_POINT('Ctrl Pts',(13.6043218149461,-95.4810963368669,36.0635502203019));
#1970=CARTESIAN_POINT('Ctrl Pts',(13.5998857094736,-95.4846234599698,36.2645854875065));
#1971=CARTESIAN_POINT('Ctrl Pts',(13.5909240478607,-95.4881505830727,36.4653877120419));
#1972=CARTESIAN_POINT('Ctrl Pts',(13.4870294143482,-95.5290413439556,38.7933347410336));
#1973=CARTESIAN_POINT('Ctrl Pts',(12.7748861986063,-95.5699321048384,41.089960122743));
#1974=CARTESIAN_POINT('Ctrl Pts',(11.5412395813256,-95.6108228657213,43.0659659681697));
#1975=CARTESIAN_POINT('Ctrl Pts',(10.3075929640449,-95.6517136266042,45.0419718135964));
#1976=CARTESIAN_POINT('Ctrl Pts',(8.55244294522549,-95.6926043874872,46.6973581227404));
#1977=CARTESIAN_POINT('Ctrl Pts',(6.50737132479837,-95.7334951483701,47.8105164780806));
#1978=CARTESIAN_POINT('Ctrl Pts',(4.46229970437124,-95.774385909253,48.9236748334208));
#1979=CARTESIAN_POINT('Ctrl Pts',(2.12730648233644,-95.8152766701358,49.4946052349572));
#1980=CARTESIAN_POINT('Ctrl Pts',(-0.204028913737716,-95.8561674310187,
49.4632674170841));
#1981=CARTESIAN_POINT('Ctrl Pts',(-1.75825251112047,-95.8834279382739,49.4423755385021));
#1982=CARTESIAN_POINT('Ctrl Pts',(-3.3108504080763,-95.9106884455292,49.1538088957381));
#1983=CARTESIAN_POINT('Ctrl Pts',(-4.76498917953069,-95.9379489527845,48.608377148514));
#1984=CARTESIAN_POINT('Ctrl Pts',(-7.67326672243952,-95.9924699672951,47.5175136540659));
#1985=CARTESIAN_POINT('Ctrl Pts',(-10.1877077633427,-96.0469909818055,45.3991897417776));
#1986=CARTESIAN_POINT('Ctrl Pts',(-11.754230529737,-96.101511996316,42.7192757194377));
#1987=CARTESIAN_POINT('Ctrl Pts',(-12.9291226045326,-96.1424027571989,40.7093402026829));
#1988=CARTESIAN_POINT('Ctrl Pts',(-13.570810649917,-96.1832935180819,38.383510249024));
#1989=CARTESIAN_POINT('Ctrl Pts',(-13.6032074011513,-96.2241842789648,36.0529847024542));
#1990=CARTESIAN_POINT('Ctrl Pts',(-13.6356041523855,-96.2650750398477,33.7224591558844));
#1991=CARTESIAN_POINT('Ctrl Pts',(-13.0587096094696,-96.3059658007305,31.3872380164036));
#1992=CARTESIAN_POINT('Ctrl Pts',(-11.9430208944323,-96.3468565616134,29.3431723586085));
#1993=CARTESIAN_POINT('Ctrl Pts',(-10.8273321793951,-96.3877473224963,27.2991067008133));
#1994=CARTESIAN_POINT('Ctrl Pts',(-9.17284929223646,-96.4286380833792,25.5461965247037));
#1995=CARTESIAN_POINT('Ctrl Pts',(-7.19541580148501,-96.4695288442621,24.3139298408298));
#1996=CARTESIAN_POINT('Ctrl Pts',(-5.21798231073359,-96.5104196051451,23.0816631569559));
#1997=CARTESIAN_POINT('Ctrl Pts',(-2.91759821638933,-96.5513103660279,22.3700399653177));
#1998=CARTESIAN_POINT('Ctrl Pts',(-0.590683490822878,-96.5922011269108,
22.2689190798118));
#1999=CARTESIAN_POINT('Ctrl Pts',(1.73623123474357,-96.6330918877937,22.167798194306));
#2000=CARTESIAN_POINT('Ctrl Pts',(4.08967659153221,-96.6739826486766,22.6771796149326));
#2001=CARTESIAN_POINT('Ctrl Pts',(6.16655484095974,-96.7148734095595,23.7332578008386));
#2002=CARTESIAN_POINT('Ctrl Pts',(8.24343309038729,-96.7557641704424,24.7893359867446));
#2003=CARTESIAN_POINT('Ctrl Pts',(10.0437442324537,-96.7966549313253,26.3921109379299));
#2004=CARTESIAN_POINT('Ctrl Pts',(11.3325502041913,-96.8375456922082,28.3316843171858));
#2005=CARTESIAN_POINT('Ctrl Pts',(12.6213561759288,-96.8784364530911,30.2712576964416));
#2006=CARTESIAN_POINT('Ctrl Pts',(13.3986569773375,-96.919327213974,32.5476295037678));
#2007=CARTESIAN_POINT('Ctrl Pts',(13.5685561745245,-96.9602179748569,34.8721795853148));
#2008=CARTESIAN_POINT('Ctrl Pts',(13.5925873695676,-96.96600172114,35.2009728775849));
#2009=CARTESIAN_POINT('Ctrl Pts',(13.6044666693465,-96.9717854674231,35.5307300417617));
#2010=CARTESIAN_POINT('Ctrl Pts',(13.6043321773279,-96.9775692137063,35.8605550966716));
#2011=CARTESIAN_POINT('Ctrl Pts',(13.6027753368584,-96.6216417415139,35.8612652506975));
#2012=CARTESIAN_POINT('Ctrl Pts',(13.6027940386899,-96.6005010310259,34.6562416429256));
#2013=CARTESIAN_POINT('Ctrl Pts',(13.4446132278573,-96.5793603205378,33.4511866915522));
#2014=CARTESIAN_POINT('Ctrl Pts',(13.1284737470708,-96.5582196100498,32.2890610628102));
#2015=CARTESIAN_POINT('Ctrl Pts',(12.516990801793,-96.5173288491669,30.0412557571328));
#2016=CARTESIAN_POINT('Ctrl Pts',(11.3145524716901,-96.476438088284,27.9540577443846));
#2017=CARTESIAN_POINT('Ctrl Pts',(9.67691750583882,-96.4355473274012,26.2976378499535));
#2018=CARTESIAN_POINT('Ctrl Pts',(8.0392825399875,-96.3946565665183,24.6412179555223));
#2019=CARTESIAN_POINT('Ctrl Pts',(5.96645093838774,-96.3537658056354,23.4155761794083));
#2020=CARTESIAN_POINT('Ctrl Pts',(3.72623170246397,-96.3128750447525,22.7764256710431));
#2021=CARTESIAN_POINT('Ctrl Pts',(2.04606727552117,-96.2822069740903,22.2970627897693));
#2022=CARTESIAN_POINT('Ctrl Pts',(0.271747304271083,-96.2515389034281,22.1476012466042));
#2023=CARTESIAN_POINT('Ctrl Pts',(-1.46576760559357,-96.220870832766,22.3361816549525));
#2024=CARTESIAN_POINT('Ctrl Pts',(-3.20328251545821,-96.1902027621038,22.5247620633007));
#2025=CARTESIAN_POINT('Ctrl Pts',(-4.90399236393739,-96.1595346914416,23.0513844231623));
#2026=CARTESIAN_POINT('Ctrl Pts',(-6.44279851868518,-96.1288666207794,23.8787867867889));
#2027=CARTESIAN_POINT('Ctrl Pts',(-7.98160467343298,-96.0981985501172,24.7061891504155));
#2028=CARTESIAN_POINT('Ctrl Pts',(-9.35850713444936,-96.0675304794551,25.834371517807));
#2029=CARTESIAN_POINT('Ctrl Pts',(-10.4741168305383,-96.0368624087929,27.1798051976521));
#2030=CARTESIAN_POINT('Ctrl Pts',(-11.5897265266272,-96.0061943381307,28.5252388774971));
#2031=CARTESIAN_POINT('Ctrl Pts',(-12.4440434577887,-95.9755262674686,30.0879238697957));
#2032=CARTESIAN_POINT('Ctrl Pts',(-12.970807107576,-95.9448581968064,31.7538242362209));
#2033=CARTESIAN_POINT('Ctrl Pts',(-13.6731586406257,-95.9039674359235,33.975024724788));
#2034=CARTESIAN_POINT('Ctrl Pts',(-13.7931932290102,-95.8630766750406,36.3797192118026));
#2035=CARTESIAN_POINT('Ctrl Pts',(-13.314339770447,-95.8221859141578,38.6594336816362));
#2036=CARTESIAN_POINT('Ctrl Pts',(-12.8354863118839,-95.7812951532748,40.9391481514697));
#2037=CARTESIAN_POINT('Ctrl Pts',(-11.7577448063732,-95.7404043923919,43.0938826041223));
#2038=CARTESIAN_POINT('Ctrl Pts',(-10.2198882154758,-95.699513631509,44.8433002790708));
#2039=CARTESIAN_POINT('Ctrl Pts',(-8.68203162457824,-95.6586228706261,46.5927179540193));
#2040=CARTESIAN_POINT('Ctrl Pts',(-6.68405994829394,-95.6177321097432,47.9368188512638));
#2041=CARTESIAN_POINT('Ctrl Pts',(-4.48492860520513,-95.5768413488604,48.7057793385561));
#2042=CARTESIAN_POINT('Ctrl Pts',(-2.83558009788853,-95.5461732781982,49.2824997040254));
#2043=CARTESIAN_POINT('Ctrl Pts',(-1.07307927799441,-95.5155052075361,49.5357035888966));
#2044=CARTESIAN_POINT('Ctrl Pts',(0.672458806672524,-95.4848371368739,49.4490059334947));
#2045=CARTESIAN_POINT('Ctrl Pts',(2.41799689133944,-95.4541690662117,49.3623082780927));
#2046=CARTESIAN_POINT('Ctrl Pts',(4.14657224077915,-95.4235009955495,48.9357090824176));
#2047=CARTESIAN_POINT('Ctrl Pts',(5.73115868069262,-95.3928329248873,48.199810844806));
#2048=CARTESIAN_POINT('Ctrl Pts',(7.31574512060611,-95.3621648542252,47.4639126071943));
#2049=CARTESIAN_POINT('Ctrl Pts',(8.7563426509934,-95.331496783563,46.4187153276461));
#2050=CARTESIAN_POINT('Ctrl Pts',(9.94863280735525,-95.3008287129008,45.1405339454506));
#2051=CARTESIAN_POINT('Ctrl Pts',(11.1409229637171,-95.2701606422386,43.8623525632552));
#2052=CARTESIAN_POINT('Ctrl Pts',(12.0849057460536,-95.2394925715764,42.3511870784124));
#2053=CARTESIAN_POINT('Ctrl Pts',(12.70812746144,-95.2088245009143,40.7194521351373));
#2054=CARTESIAN_POINT('Ctrl Pts',(13.2986894337949,-95.1797635810981,39.1732277615795));
#2055=CARTESIAN_POINT('Ctrl Pts',(13.6012282193632,-95.1507026612819,37.518739626534));
#2056=CARTESIAN_POINT('Ctrl Pts',(13.602636400209,-95.1216417414657,35.862222399981));
#2057=CARTESIAN_POINT('Origin',(9.13485862305058E-15,-87.1120857769034,
35.8612653953169));
#2058=CARTESIAN_POINT('',(13.6051272657019,-93.6216417414341,35.8596054190294));
#2059=CARTESIAN_POINT('',(13.6041455281557,-93.9775692138255,35.8619175345595));
#2060=CARTESIAN_POINT('',(13.60415,-87.1120857769034,35.8612653953173));
#2061=CARTESIAN_POINT('Ctrl Pts',(13.6041455281557,-93.9775692138255,35.8619175345595));
#2062=CARTESIAN_POINT('Ctrl Pts',(13.6044286868677,-93.9904072063132,36.5938137528748));
#2063=CARTESIAN_POINT('Ctrl Pts',(13.5459671940128,-94.0032451988008,37.3255582022032));
#2064=CARTESIAN_POINT('Ctrl Pts',(13.4283065114757,-94.0160831912884,38.0472837412882));
#2065=CARTESIAN_POINT('Ctrl Pts',(13.1472324938923,-94.0467512619506,39.7713796116233));
#2066=CARTESIAN_POINT('Ctrl Pts',(12.5283314127952,-94.0774193326128,41.4383014049933));
#2067=CARTESIAN_POINT('Ctrl Pts',(11.620644078011,-94.108087403275,42.9325039632494));
#2068=CARTESIAN_POINT('Ctrl Pts',(10.7129567432268,-94.1387554739372,44.4267065215055));
#2069=CARTESIAN_POINT('Ctrl Pts',(9.51648315475568,-94.1694235445993,45.7481898446476));
#2070=CARTESIAN_POINT('Ctrl Pts',(8.11264259056296,-94.2000916152615,46.7873079674286));
#2071=CARTESIAN_POINT('Ctrl Pts',(5.30496146217749,-94.2614277565858,48.8655442129907));
#2072=CARTESIAN_POINT('Ctrl Pts',(1.66781243090582,-94.3227638979102,49.8143196571083));
#2073=CARTESIAN_POINT('Ctrl Pts',(-1.79041459243231,-94.3841000392345,49.3553527354861));
#2074=CARTESIAN_POINT('Ctrl Pts',(-5.24864161577044,-94.4454361805589,48.8963858138639));
#2075=CARTESIAN_POINT('Ctrl Pts',(-8.52794663117501,-94.5067723218831,47.0296765265019));
#2076=CARTESIAN_POINT('Ctrl Pts',(-10.6883321931735,-94.5681084632075,44.2905934924059));
#2077=CARTESIAN_POINT('Ctrl Pts',(-12.8487177551719,-94.6294446045318,41.55151045831));
#2078=CARTESIAN_POINT('Ctrl Pts',(-13.8901838637642,-94.6907807458562,37.9400536774802));
#2079=CARTESIAN_POINT('Ctrl Pts',(-13.5367352142439,-94.7521168871805,34.4645987109442));
#2080=CARTESIAN_POINT('Ctrl Pts',(-13.3600108894837,-94.7827849578427,32.7268712276762));
#2081=CARTESIAN_POINT('Ctrl Pts',(-12.8345578751954,-94.8134530285049,31.0231441979817));
#2082=CARTESIAN_POINT('Ctrl Pts',(-12.0133524097206,-94.8441210991671,29.4799466927998));
#2083=CARTESIAN_POINT('Ctrl Pts',(-11.1921469442458,-94.8747891698292,27.9367491876178));
#2084=CARTESIAN_POINT('Ctrl Pts',(-10.0751890275845,-94.9054572404914,26.5540812069486));
#2085=CARTESIAN_POINT('Ctrl Pts',(-8.73610760366893,-94.9361253111535,25.4317448708714));
#2086=CARTESIAN_POINT('Ctrl Pts',(-7.39702617975338,-94.9667933818157,24.3094085347942));
#2087=CARTESIAN_POINT('Ctrl Pts',(-5.83582124858358,-94.9974614524779,23.4474038433092));
#2088=CARTESIAN_POINT('Ctrl Pts',(-4.1728127803607,-95.0281295231401,22.9120917815745));
#2089=CARTESIAN_POINT('Ctrl Pts',(-2.50980431213778,-95.0587975938022,22.3767797198398));
#2090=CARTESIAN_POINT('Ctrl Pts',(-0.744992306861773,-95.0894656644644,
22.1681602878555));
#2091=CARTESIAN_POINT('Ctrl Pts',(0.998760604853244,-95.1201337351266,22.2949949501738));
#2092=CARTESIAN_POINT('Ctrl Pts',(2.54876319304436,-95.1473942423818,22.4077368722345));
#2093=CARTESIAN_POINT('Ctrl Pts',(4.08212649743418,-95.1746547496371,22.78552894288));
#2094=CARTESIAN_POINT('Ctrl Pts',(5.50208275182886,-95.2019152568924,23.4145286458465));
#2095=CARTESIAN_POINT('Ctrl Pts',(8.34199526061821,-95.2564362714029,24.6725280517797));
#2096=CARTESIAN_POINT('Ctrl Pts',(10.728279569427,-95.3109572859134,26.9353579869971));
#2097=CARTESIAN_POINT('Ctrl Pts',(12.1352425198437,-95.365478300424,29.7026802840135));
#2098=CARTESIAN_POINT('Ctrl Pts',(13.0994442046661,-95.402841938204,31.5991458735584));
#2099=CARTESIAN_POINT('Ctrl Pts',(13.6037117196664,-95.4402055759841,33.7325441855619));
#2100=CARTESIAN_POINT('Ctrl Pts',(13.6042691898272,-95.4775692137641,35.8624841344539));
#2101=CARTESIAN_POINT('Ctrl Pts',(13.602636400209,-95.1216417414656,35.862222399981));
#2102=CARTESIAN_POINT('Ctrl Pts',(13.6027142765822,-95.1200345906197,35.7706123243597));
#2103=CARTESIAN_POINT('Ctrl Pts',(13.6018711745093,-95.1184274397737,35.6789960429609));
#2104=CARTESIAN_POINT('Ctrl Pts',(13.6001048770245,-95.1168202889278,35.5873915241317));
#2105=CARTESIAN_POINT('Ctrl Pts',(13.5663999287863,-95.0861522182656,33.8393702581087));
#2106=CARTESIAN_POINT('Ctrl Pts',(13.1965293838736,-95.0554841476034,32.09563212777));
#2107=CARTESIAN_POINT('Ctrl Pts',(12.5049752664608,-95.0248160769413,30.4918085219263));
#2108=CARTESIAN_POINT('Ctrl Pts',(11.1218670316351,-94.9634799356169,27.2841613102387));
#2109=CARTESIAN_POINT('Ctrl Pts',(8.45202450680916,-94.9021437942926,24.6361721965305));
#2110=CARTESIAN_POINT('Ctrl Pts',(5.23227650423386,-94.8408076529683,23.295086567461));
#2111=CARTESIAN_POINT('Ctrl Pts',(2.01252850165856,-94.7794715116439,21.9540009383916));
#2112=CARTESIAN_POINT('Ctrl Pts',(-1.75712497866597,-94.7181353703195,21.9198187939609));
#2113=CARTESIAN_POINT('Ctrl Pts',(-5.00336972757108,-94.6567992289952,23.2023469682973));
#2114=CARTESIAN_POINT('Ctrl Pts',(-8.24961447647614,-94.5954630876709,24.4848751426336));
#2115=CARTESIAN_POINT('Ctrl Pts',(-10.9724504939618,-94.5341269463466,27.0841136357371));
#2116=CARTESIAN_POINT('Ctrl Pts',(-12.4070904851993,-94.4727908050222,30.2652611933745));
#2117=CARTESIAN_POINT('Ctrl Pts',(-13.8417304764369,-94.4114546636979,33.4464087510118));
#2118=CARTESIAN_POINT('Ctrl Pts',(-13.9881744414265,-94.3501185223735,37.2094653731831));
#2119=CARTESIAN_POINT('Ctrl Pts',(-12.8006447240736,-94.2887823810492,40.4911213214603));
#2120=CARTESIAN_POINT('Ctrl Pts',(-11.6131150067208,-94.2274462397248,43.7727772697375));
#2121=CARTESIAN_POINT('Ctrl Pts',(-9.09161160702542,-94.1661100984005,46.5730325441206));
#2122=CARTESIAN_POINT('Ctrl Pts',(-5.95506283473069,-94.1047739570762,48.1012256991184));
#2123=CARTESIAN_POINT('Ctrl Pts',(-3.16701948157978,-94.0502529425657,49.459619614672));
#2124=CARTESIAN_POINT('Ctrl Pts',(0.106985647452121,-93.9957319280551,49.812927411205));
#2125=CARTESIAN_POINT('Ctrl Pts',(3.13127690449783,-93.9412109135446,49.1022642022905));
#2126=CARTESIAN_POINT('Ctrl Pts',(4.64342253302066,-93.9139504062893,48.7469325978332));
#2127=CARTESIAN_POINT('Ctrl Pts',(6.093139693547,-93.8866898990341,48.125608242014));
#2128=CARTESIAN_POINT('Ctrl Pts',(7.39592141484047,-93.8594293917788,47.2793925705695));
#2129=CARTESIAN_POINT('Ctrl Pts',(9.35009399678068,-93.8185386308959,46.0100690634027));
#2130=CARTESIAN_POINT('Ctrl Pts',(10.973661840447,-93.777647870013,44.2347400960788));
#2131=CARTESIAN_POINT('Ctrl Pts',(12.0542044030352,-93.7367571091301,42.171477903436));
#2132=CARTESIAN_POINT('Ctrl Pts',(13.0681828806325,-93.6983853198981,40.2353177470337));
#2133=CARTESIAN_POINT('Ctrl Pts',(13.6039787615917,-93.6600135306661,38.0456064906385));
#2134=CARTESIAN_POINT('Ctrl Pts',(13.6051272657019,-93.6216417414341,35.8596054190294));
#2135=CARTESIAN_POINT('Origin',(9.13485862305058E-15,-87.1120857769034,
35.8612653953169));
#2136=CARTESIAN_POINT('',(13.6033224094356,-92.1216417413912,35.8605711618759));
#2137=CARTESIAN_POINT('',(13.6028868003981,-92.4775692138413,35.8602131250312));
#2138=CARTESIAN_POINT('',(13.60415,-87.1120857769034,35.8612653953173));
#2139=CARTESIAN_POINT('Ctrl Pts',(13.6028868003981,-92.4775692138413,35.8602131250312));
#2140=CARTESIAN_POINT('Ctrl Pts',(13.602201393793,-92.499718075729,37.1219510708141));
#2141=CARTESIAN_POINT('Ctrl Pts',(13.4278334943944,-92.5218669376166,38.3840431517153));
#2142=CARTESIAN_POINT('Ctrl Pts',(13.0812877173624,-92.5440157995043,39.5980710129954));
#2143=CARTESIAN_POINT('Ctrl Pts',(12.4415022252018,-92.5849065603872,41.8393836019925));
#2144=CARTESIAN_POINT('Ctrl Pts',(11.2148697128157,-92.6257973212701,43.9168752376137));
#2145=CARTESIAN_POINT('Ctrl Pts',(9.55597126163198,-92.6666880821529,45.5502997510147));
#2146=CARTESIAN_POINT('Ctrl Pts',(7.34410666005374,-92.7212090966635,47.7281991022162));
#2147=CARTESIAN_POINT('Ctrl Pts',(4.36376927839096,-92.775730111174,49.1166457916931));
#2148=CARTESIAN_POINT('Ctrl Pts',(1.27154970110268,-92.8302511256845,49.4103498951486));
#2149=CARTESIAN_POINT('Ctrl Pts',(-0.274560087541438,-92.8575116329398,
49.5572019468763));
#2150=CARTESIAN_POINT('Ctrl Pts',(-1.84864042509195,-92.8847721401951,49.4303683520987));
#2151=CARTESIAN_POINT('Ctrl Pts',(-3.3544046704314,-92.9120326474503,49.0447340472332));
#2152=CARTESIAN_POINT('Ctrl Pts',(-5.61305103844058,-92.9529234083332,48.466282589935));
#2153=CARTESIAN_POINT('Ctrl Pts',(-7.7179861989749,-92.9938141692161,47.305529534939));
#2154=CARTESIAN_POINT('Ctrl Pts',(-9.40149443564934,-93.034704930099,45.6970371251919));
#2155=CARTESIAN_POINT('Ctrl Pts',(-11.0850026723238,-93.0755956909819,44.0885447154448));
#2156=CARTESIAN_POINT('Ctrl Pts',(-12.3470839851383,-93.1164864518648,42.0323129509466));
#2157=CARTESIAN_POINT('Ctrl Pts',(-13.0220140570565,-93.1573772127477,39.8027510310395));
#2158=CARTESIAN_POINT('Ctrl Pts',(-13.6969441289746,-93.1982679736306,37.5731891111323));
#2159=CARTESIAN_POINT('Ctrl Pts',(-13.7847229599964,-93.2391587345135,35.1702970358162));
#2160=CARTESIAN_POINT('Ctrl Pts',(-13.2772244133062,-93.2800494953964,32.8959703590624));
#2161=CARTESIAN_POINT('Ctrl Pts',(-12.7697258666161,-93.3209402562793,30.6216436823086));
#2162=CARTESIAN_POINT('Ctrl Pts',(-11.6669499422142,-93.3618310171622,28.4758824041171));
#2163=CARTESIAN_POINT('Ctrl Pts',(-10.1064141546089,-93.402721778045,26.7478910961317));
#2164=CARTESIAN_POINT('Ctrl Pts',(-8.02569977113528,-93.4572427925556,24.4439026854846));
#2165=CARTESIAN_POINT('Ctrl Pts',(-5.13119007530023,-93.5117638070661,22.8826164440928));
#2166=CARTESIAN_POINT('Ctrl Pts',(-2.06151393374772,-93.5662848215766,22.4097098619388));
#2167=CARTESIAN_POINT('Ctrl Pts',(-0.526675862971488,-93.5935453288319,
22.1732565708618));
#2168=CARTESIAN_POINT('Ctrl Pts',(1.05195381923408,-93.6208058360871,22.2088981945943));
#2169=CARTESIAN_POINT('Ctrl Pts',(2.57778604335139,-93.6480663433424,22.5047725248625));
#2170=CARTESIAN_POINT('Ctrl Pts',(4.29434729548339,-93.6787344140046,22.8376311464142));
#2171=CARTESIAN_POINT('Ctrl Pts',(5.94408676472241,-93.7094024846668,23.4998467871752));
#2172=CARTESIAN_POINT('Ctrl Pts',(7.40929066403009,-93.740070555329,24.4507546309657));
#2173=CARTESIAN_POINT('Ctrl Pts',(8.87449456333776,-93.7707386259911,25.4016624747563));
#2174=CARTESIAN_POINT('Ctrl Pts',(10.1551628927141,-93.8014066966532,26.6412625215763));
#2175=CARTESIAN_POINT('Ctrl Pts',(11.1555042599202,-93.8320747673154,28.0743601129791));
#2176=CARTESIAN_POINT('Ctrl Pts',(12.1558456271263,-93.8627428379776,29.5074577043819));
#2177=CARTESIAN_POINT('Ctrl Pts',(12.8758600321621,-93.8934109086398,31.1340528403673));
#2178=CARTESIAN_POINT('Ctrl Pts',(13.2642437576453,-93.924078979302,32.8379853820101));
#2179=CARTESIAN_POINT('Ctrl Pts',(13.4900457737995,-93.9419090574765,33.8286329762547));
#2180=CARTESIAN_POINT('Ctrl Pts',(13.6037522624661,-93.959739135651,34.8454216298649));
#2181=CARTESIAN_POINT('Ctrl Pts',(13.6041455281557,-93.9775692138255,35.8619175345595));
#2182=CARTESIAN_POINT('Ctrl Pts',(13.6051272657019,-93.6216417414341,35.8596054190294));
#2183=CARTESIAN_POINT('Ctrl Pts',(13.6052026609168,-93.6191227697832,35.7161022142418));
#2184=CARTESIAN_POINT('Ctrl Pts',(13.602974016742,-93.6166037981323,35.5726149983326));
#2185=CARTESIAN_POINT('Ctrl Pts',(13.5984253592638,-93.6140848264814,35.4292165506434));
#2186=CARTESIAN_POINT('Ctrl Pts',(13.5245864713943,-93.5731940655985,33.1014128084556));
#2187=CARTESIAN_POINT('Ctrl Pts',(12.8393914141452,-93.5323033047156,30.7970007420419));
#2188=CARTESIAN_POINT('Ctrl Pts',(11.6309050763879,-93.4914125438328,28.8041097722674));
#2189=CARTESIAN_POINT('Ctrl Pts',(10.4224187386305,-93.4505217829499,26.811218802493));
#2190=CARTESIAN_POINT('Ctrl Pts',(8.69064112036486,-93.4096310220669,25.1298489293579));
#2191=CARTESIAN_POINT('Ctrl Pts',(6.65918409029505,-93.368740261184,23.9925112757533));
#2192=CARTESIAN_POINT('Ctrl Pts',(3.95057471686861,-93.3142192466735,22.4760610709471));
#2193=CARTESIAN_POINT('Ctrl Pts',(0.709201944679308,-93.259698232163,21.9267792564174));
#2194=CARTESIAN_POINT('Ctrl Pts',(-2.35074659162557,-93.2051772176525,22.4591472973435));
#2195=CARTESIAN_POINT('Ctrl Pts',(-3.880720859778,-93.1779167103972,22.7253313178065));
#2196=CARTESIAN_POINT('Ctrl Pts',(-5.36533906895934,-93.150656203142,23.2619278021335));
#2197=CARTESIAN_POINT('Ctrl Pts',(-6.7157829895745,-93.1233956958867,24.0310909724478));
#2198=CARTESIAN_POINT('Ctrl Pts',(-8.74144887049722,-93.0825049350038,25.1848357279191));
#2199=CARTESIAN_POINT('Ctrl Pts',(-10.4652226021461,-93.0416141741209,26.8618555268619));
#2200=CARTESIAN_POINT('Ctrl Pts',(-11.6645011715859,-93.000723413238,28.8575827323863));
#2201=CARTESIAN_POINT('Ctrl Pts',(-12.8637797410257,-92.9598326523551,30.8533099379108));
#2202=CARTESIAN_POINT('Ctrl Pts',(-13.5385631482563,-92.9189418914723,33.1677445500169));
#2203=CARTESIAN_POINT('Ctrl Pts',(-13.6010243267859,-92.8780511305894,35.4967127982332));
#2204=CARTESIAN_POINT('Ctrl Pts',(-13.6634855053154,-92.8371603697065,37.8256810464494));
#2205=CARTESIAN_POINT('Ctrl Pts',(-13.1136244551438,-92.7962696088235,40.1691829307757));
#2206=CARTESIAN_POINT('Ctrl Pts',(-12.0235209158304,-92.7553788479406,42.2278352814596));
#2207=CARTESIAN_POINT('Ctrl Pts',(-10.9334173765169,-92.7144880870577,44.2864876321436));
#2208=CARTESIAN_POINT('Ctrl Pts',(-9.3030713480616,-92.6735973261749,46.0602904491851));
#2209=CARTESIAN_POINT('Ctrl Pts',(-7.34163433507074,-92.632706565292,47.3166118251407));
#2210=CARTESIAN_POINT('Ctrl Pts',(-5.13501769545598,-92.5867044592987,48.7299733730909));
#2211=CARTESIAN_POINT('Ctrl Pts',(-2.50936402853846,-92.5407023533054,49.4883974721666));
#2212=CARTESIAN_POINT('Ctrl Pts',(0.110500306862383,-92.4947002473122,49.4672530070449));
#2213=CARTESIAN_POINT('Ctrl Pts',(2.73036464226318,-92.4486981413189,49.4461085419231));
#2214=CARTESIAN_POINT('Ctrl Pts',(5.34443964614731,-92.4026960353257,48.6453955126038));
#2215=CARTESIAN_POINT('Ctrl Pts',(7.52722460055884,-92.3566939293325,47.1958308904959));
#2216=CARTESIAN_POINT('Ctrl Pts',(9.71000955497037,-92.3106918233392,45.7462662683879));
#2217=CARTESIAN_POINT('Ctrl Pts',(11.4615044599093,-92.2646897173459,43.6478500534914));
#2218=CARTESIAN_POINT('Ctrl Pts',(12.4974727599482,-92.2186876113527,41.241254367639));
#2219=CARTESIAN_POINT('Ctrl Pts',(13.225964371068,-92.1863389880322,39.5489392954164));
#2220=CARTESIAN_POINT('Ctrl Pts',(13.6006363199345,-92.1539903647117,37.7042330254658));
#2221=CARTESIAN_POINT('Ctrl Pts',(13.6033224094356,-92.1216417413912,35.8605711618759));
#2222=CARTESIAN_POINT('Origin',(9.13485862305058E-15,-87.1120857769034,
35.8612653953169));
#2223=CARTESIAN_POINT('',(13.6021703727835,-90.6216417414034,35.8606401740865));
#2224=CARTESIAN_POINT('',(13.6031144104237,-90.9775692138005,35.8606039153393));
#2225=CARTESIAN_POINT('',(13.60415,-87.1120857769034,35.8612653953173));
#2226=CARTESIAN_POINT('',(9.22775691920298,-90.4246054776158,25.865196194746));
#2227=CARTESIAN_POINT('Ctrl Pts',(13.6021703727835,-90.6216417414034,35.8606401740865));
#2228=CARTESIAN_POINT('Ctrl Pts',(13.60282659987,-90.6019650928008,34.7388760669164));
#2229=CARTESIAN_POINT('Ctrl Pts',(13.4667065929972,-90.5822884441981,33.6173702158861));
#2230=CARTESIAN_POINT('Ctrl Pts',(13.1923493020987,-90.5626117955955,32.5309941958337));
#2231=CARTESIAN_POINT('Ctrl Pts',(12.5509284264812,-90.5166096896022,29.9911518765371));
#2232=CARTESIAN_POINT('Ctrl Pts',(11.1539311908356,-90.470607583609,27.6433219365758));
#2233=CARTESIAN_POINT('Ctrl Pts',(9.22775691920237,-90.4246054776158,25.8651961947454));
#2234=CARTESIAN_POINT('',(-9.227756919199,-90.4246054776158,25.8651961947424));
#2235=CARTESIAN_POINT('Origin',(9.13485862305058E-15,-90.4246054776158,
35.8612653953169));
#2236=CARTESIAN_POINT('Ctrl Pts',(-9.22757744775652,-90.4246054776173,25.8664589219135));
#2237=CARTESIAN_POINT('Ctrl Pts',(-7.8952974573108,-90.4563780303458,24.6399648225724));
#2238=CARTESIAN_POINT('Ctrl Pts',(-6.31912411650483,-90.4881505830741,23.6762054074789));
#2239=CARTESIAN_POINT('Ctrl Pts',(-4.61681846961798,-90.5199231358026,23.0621303280321));
#2240=CARTESIAN_POINT('Ctrl Pts',(-2.15212369138049,-90.5659252417958,22.1730375587483));
#2241=CARTESIAN_POINT('Ctrl Pts',(0.57698088608804,-90.611927347789,22.0169843084856));
#2242=CARTESIAN_POINT('Ctrl Pts',(3.12700487751081,-90.6579294537823,22.6191665808807));
#2243=CARTESIAN_POINT('Ctrl Pts',(5.6770288689336,-90.7039315597755,23.2213488532758));
#2244=CARTESIAN_POINT('Ctrl Pts',(8.04797227431062,-90.7499336657688,24.5817666483287));
#2245=CARTESIAN_POINT('Ctrl Pts',(9.85461303657577,-90.7959357717621,26.4794476982713));
#2246=CARTESIAN_POINT('Ctrl Pts',(11.6612537988409,-90.8419378777554,28.3771287482139));
#2247=CARTESIAN_POINT('Ctrl Pts',(12.9035919179942,-90.8879399837486,30.8120730530463));
#2248=CARTESIAN_POINT('Ctrl Pts',(13.3797516130351,-90.9339420897419,33.3886011156707));
#2249=CARTESIAN_POINT('Ctrl Pts',(13.5302771715175,-90.9484844644286,34.2031037491596));
#2250=CARTESIAN_POINT('Ctrl Pts',(13.6042351096979,-90.9630268391153,35.0317554777761));
#2251=CARTESIAN_POINT('Ctrl Pts',(13.6031144104211,-90.977569213802,35.8606039153393));
#2252=CARTESIAN_POINT('Origin',(9.13485862305059E-15,-90.4246054776157,
35.861265395317));
#2253=CARTESIAN_POINT('',(12.7618190870699,-105.020909906809,35.861263863475));
#2254=CARTESIAN_POINT('',(12.7615024076954,-105.078315689965,35.8612644128162));
#2255=CARTESIAN_POINT('',(12.7631,-90.4246054776157,35.861265395317));
#2256=CARTESIAN_POINT('',(1.53088305620979,-105.424605477616,48.5322211082145));
#2257=CARTESIAN_POINT('Ctrl Pts',(1.53088305620965,-105.424605477616,48.5322211082145));
#2258=CARTESIAN_POINT('Ctrl Pts',(3.91411306605687,-105.379703240738,48.24428336115));
#2259=CARTESIAN_POINT('Ctrl Pts',(8.50971643787466,-105.28990717939,46.2908038374088));
#2260=CARTESIAN_POINT('Ctrl Pts',(12.1592563236795,-105.174473815371,41.0042731206281));
#2261=CARTESIAN_POINT('Ctrl Pts',(12.7607606833901,-105.10394468737,37.2318490250093));
#2262=CARTESIAN_POINT('Ctrl Pts',(12.7615024076954,-105.078315689965,35.8612644128162));
#2263=CARTESIAN_POINT('',(12.7631,-105.424605477616,35.861265395317));
#2264=CARTESIAN_POINT('Origin',(9.13485862305059E-15,-105.424605477616,
35.861265395317));
#2265=CARTESIAN_POINT('',(12.7631,-106.887705716034,35.861265395317));
#2266=CARTESIAN_POINT('',(12.7631,-90.4246054776157,35.861265395317));
#2267=CARTESIAN_POINT('Origin',(9.13485862305059E-15,-106.887705716034,
35.861265395317));
#2268=CARTESIAN_POINT('',(-1.5306606121571,-105.424623974401,48.5304037621165));
#2269=CARTESIAN_POINT('Origin',(9.13485862305059E-15,-105.424605477616,
35.861265395317));
#2270=CARTESIAN_POINT('Ctrl Pts',(12.7618190870699,-105.020909906809,35.861263863475));
#2271=CARTESIAN_POINT('Ctrl Pts',(12.7601518770334,-105.049636975476,37.3974670112119));
#2272=CARTESIAN_POINT('Ctrl Pts',(12.0527963043983,-105.123264704297,41.3361434651014));
#2273=CARTESIAN_POINT('Ctrl Pts',(8.09864600092025,-105.241792082946,46.612976884889));
#2274=CARTESIAN_POINT('Ctrl Pts',(2.59294285917336,-105.347637020914,48.706785757171));
#2275=CARTESIAN_POINT('Ctrl Pts',(-0.679326892793207,-105.408580862642,
48.6344451116784));
#2276=CARTESIAN_POINT('Ctrl Pts',(-1.5306606121571,-105.424623974401,48.5304037621165));
#2277=CARTESIAN_POINT('Origin',(9.13485862305059E-15,-90.4246054776157,
35.861265395317));
#2278=CARTESIAN_POINT('',(12.7618851360677,-103.52088745487,35.8612639965064));
#2279=CARTESIAN_POINT('',(12.7624151053436,-103.578317927308,35.8612643385987));
#2280=CARTESIAN_POINT('',(12.7631,-90.4246054776157,35.861265395317));
#2281=CARTESIAN_POINT('Ctrl Pts',(12.7615024076954,-105.078315689965,35.8612644128162));
#2282=CARTESIAN_POINT('Ctrl Pts',(12.7620601310867,-105.059044525131,34.830683248718));
#2283=CARTESIAN_POINT('Ctrl Pts',(12.3537970845222,-104.994873176408,31.3993972222298));
#2284=CARTESIAN_POINT('Ctrl Pts',(9.3161755412208,-104.88579878906,26.1455664617295));
#2285=CARTESIAN_POINT('Ctrl Pts',(2.67650973736825,-104.751099323567,22.6697132683119));
#2286=CARTESIAN_POINT('Ctrl Pts',(-4.79290157790369,-104.616395547093,23.28305291649));
#2287=CARTESIAN_POINT('Ctrl Pts',(-10.776376116158,-104.481695572012,27.7958173981012));
#2288=CARTESIAN_POINT('Ctrl Pts',(-13.4192400064167,-104.346992576262,34.8089380759741));
#2289=CARTESIAN_POINT('Ctrl Pts',(-11.9019182723763,-104.212291603562,42.1481948957631));
#2290=CARTESIAN_POINT('Ctrl Pts',(-6.69504833325831,-104.077589724121,47.5386223386492));
#2291=CARTESIAN_POINT('Ctrl Pts',(0.587444589507846,-103.942887611477,49.3087477356635));
#2292=CARTESIAN_POINT('Ctrl Pts',(7.68771106482004,-103.808186839228,46.9104552090781));
#2293=CARTESIAN_POINT('Ctrl Pts',(11.9433766086232,-103.686662160982,41.6559979800058));
#2294=CARTESIAN_POINT('Ctrl Pts',(12.7600745252946,-103.61004002975,37.5573580167262));
#2295=CARTESIAN_POINT('Ctrl Pts',(12.7624151053436,-103.578317927308,35.8612643385987));
#2296=CARTESIAN_POINT('Ctrl Pts',(12.7618851360677,-103.52088745487,35.8612639965064));
#2297=CARTESIAN_POINT('Ctrl Pts',(12.7592850336434,-103.555715672579,37.7230710318942));
#2298=CARTESIAN_POINT('Ctrl Pts',(11.824362317101,-103.635444713178,41.9849369159384));
#2299=CARTESIAN_POINT('Ctrl Pts',(7.25084195446115,-103.76007321986,47.2022539822431));
#2300=CARTESIAN_POINT('Ctrl Pts',(0.0639396018813208,-103.894776148313,
49.3209703773964));
#2301=CARTESIAN_POINT('Ctrl Pts',(-7.14473171863584,-104.029476309935,47.2693814943682));
#2302=CARTESIAN_POINT('Ctrl Pts',(-12.1375642602623,-104.164179809108,41.6799744607521));
#2303=CARTESIAN_POINT('Ctrl Pts',(-13.3681250811909,-104.298879680058,34.2874439990192));
#2304=CARTESIAN_POINT('Ctrl Pts',(-10.4542268007682,-104.43358307485,27.3823512967779));
#2305=CARTESIAN_POINT('Ctrl Pts',(-4.2996416834724,-104.568283443354,23.1060953533211));
#2306=CARTESIAN_POINT('Ctrl Pts',(3.18805896759508,-104.702986055355,22.7837834254941));
#2307=CARTESIAN_POINT('Ctrl Pts',(9.68717941287554,-104.837687365672,26.5157833067965));
#2308=CARTESIAN_POINT('Ctrl Pts',(12.4379509095208,-104.943662003044,31.7310117868309));
#2309=CARTESIAN_POINT('Ctrl Pts',(12.7627577419506,-105.004736297832,34.9963670893222));
#2310=CARTESIAN_POINT('Ctrl Pts',(12.7618190870699,-105.020909906809,35.861263863475));
#2311=CARTESIAN_POINT('Origin',(9.13485862305059E-15,-90.4246054776157,
35.861265395317));
#2312=CARTESIAN_POINT('',(12.7635118935592,-102.020892350228,35.8612651369299));
#2313=CARTESIAN_POINT('',(12.7644484447892,-102.07832701531,35.8612657385467));
#2314=CARTESIAN_POINT('',(12.7631,-90.4246054776157,35.861265395317));
#2315=CARTESIAN_POINT('Ctrl Pts',(12.7624151053436,-103.578317927308,35.8612643385987));
#2316=CARTESIAN_POINT('Ctrl Pts',(12.7633874465762,-103.565139694757,35.1566604442388));
#2317=CARTESIAN_POINT('Ctrl Pts',(12.5122851277477,-103.507061030795,32.05194111352));
#2318=CARTESIAN_POINT('Ctrl Pts',(10.0322566749219,-103.404080252718,26.88588198668));
#2319=CARTESIAN_POINT('Ctrl Pts',(3.91280718027997,-103.274368855382,23.0622171847483));
#2320=CARTESIAN_POINT('Ctrl Pts',(-2.967004827128,-103.149644330553,22.8864652280447));
#2321=CARTESIAN_POINT('Ctrl Pts',(-8.84074143424767,-103.029909636902,25.9093846406667));
#2322=CARTESIAN_POINT('Ctrl Pts',(-12.5350197912228,-102.910175232118,31.3858417354678));
#2323=CARTESIAN_POINT('Ctrl Pts',(-13.1441929886832,-102.790439668637,37.9641918122731));
#2324=CARTESIAN_POINT('Ctrl Pts',(-10.5136549166991,-102.67070504313,44.0237473636456));
#2325=CARTESIAN_POINT('Ctrl Pts',(-5.29434881987267,-102.550970111922,48.0736482235029));
#2326=CARTESIAN_POINT('Ctrl Pts',(1.22865515700677,-102.431235307439,49.1146983379557));
#2327=CARTESIAN_POINT('Ctrl Pts',(7.45084114248363,-102.311500568839,46.89234602331));
#2328=CARTESIAN_POINT('Ctrl Pts',(11.7576966325964,-102.193864366093,42.0389490908641));
#2329=CARTESIAN_POINT('Ctrl Pts',(12.7634799652577,-102.116139930317,37.8816846751644));
#2330=CARTESIAN_POINT('Ctrl Pts',(12.7644484447892,-102.07832701531,35.8612657385467));
#2331=CARTESIAN_POINT('Ctrl Pts',(12.7635118935592,-102.020892350228,35.8612651369299));
#2332=CARTESIAN_POINT('Ctrl Pts',(12.7638291620771,-102.026889979079,36.1818629856507));
#2333=CARTESIAN_POINT('Ctrl Pts',(12.6733514909499,-102.072799186567,38.635662452403));
#2334=CARTESIAN_POINT('Ctrl Pts',(11.1575144129458,-102.158619775628,43.1197620373581));
#2335=CARTESIAN_POINT('Ctrl Pts',(6.29142083437413,-102.278355198486,47.5935140450536));
#2336=CARTESIAN_POINT('Ctrl Pts',(0.592028943558264,-102.384786179003,48.9888927632172));
#2337=CARTESIAN_POINT('Ctrl Pts',(-5.80223124390179,-102.504520751,47.8588446023172));
#2338=CARTESIAN_POINT('Ctrl Pts',(-11.9657346023854,-102.644211833317,42.9242973418045));
#2339=CARTESIAN_POINT('Ctrl Pts',(-13.7693100180102,-102.817162164715,33.1573881591871));
#2340=CARTESIAN_POINT('Ctrl Pts',(-8.20818251082389,-102.996764656647,24.4815170500072));
#2341=CARTESIAN_POINT('Ctrl Pts',(1.79041896607951,-103.176366441614,21.9411658646885));
#2342=CARTESIAN_POINT('Ctrl Pts',(10.0520855495054,-103.341002415891,26.5099120624268));
#2343=CARTESIAN_POINT('Ctrl Pts',(12.5814996348345,-103.45584205395,32.3841018535195));
#2344=CARTESIAN_POINT('Ctrl Pts',(12.7626370921823,-103.510815047329,35.3228247522081));
#2345=CARTESIAN_POINT('Ctrl Pts',(12.7618851360677,-103.52088745487,35.8612639965064));
#2346=CARTESIAN_POINT('Origin',(9.13485862305059E-15,-90.4246054776157,
35.861265395317));
#2347=CARTESIAN_POINT('',(12.7636078226685,-100.52092986735,35.8612669165308));
#2348=CARTESIAN_POINT('',(12.7669663370623,-100.578325890353,35.8612713362871));
#2349=CARTESIAN_POINT('',(12.7631,-90.4246054776157,35.861265395317));
#2350=CARTESIAN_POINT('Ctrl Pts',(12.7644484447892,-102.07832701531,35.8612657385467));
#2351=CARTESIAN_POINT('Ctrl Pts',(12.7645021973212,-102.076228323641,35.7491284862088));
#2352=CARTESIAN_POINT('Ctrl Pts',(12.7354654479926,-102.034218022717,33.5045637191549));
#2353=CARTESIAN_POINT('Ctrl Pts',(11.4963340165061,-101.952296002216,29.1629213245918));
#2354=CARTESIAN_POINT('Ctrl Pts',(6.09268725825738,-101.812605059134,23.6555451184924));
#2355=CARTESIAN_POINT('Ctrl Pts',(-2.93303090510273,-101.652959297453,22.1365629200096));
#2356=CARTESIAN_POINT('Ctrl Pts',(-11.5224284040678,-101.47335639318,27.8529772102518));
#2357=CARTESIAN_POINT('Ctrl Pts',(-13.8842642040992,-101.2937541415,37.8842347547735));
#2358=CARTESIAN_POINT('Ctrl Pts',(-8.75387355464425,-101.114151535521,46.8273153487559));
#2359=CARTESIAN_POINT('Ctrl Pts',(1.09957604495889,-100.934549294944,49.8495146690081));
#2360=CARTESIAN_POINT('Ctrl Pts',(10.3159693970281,-100.755940435184,45.3462646305554));
#2361=CARTESIAN_POINT('Ctrl Pts',(12.761847261837,-100.637199475682,39.0053453539375));
#2362=CARTESIAN_POINT('Ctrl Pts',(12.7669663370623,-100.578325890353,35.8612713362871));
#2363=CARTESIAN_POINT('Ctrl Pts',(12.7636078226685,-100.52092986735,35.8612669165308));
#2364=CARTESIAN_POINT('Ctrl Pts',(12.7533234181785,-100.567931151543,38.3737511976203));
#2365=CARTESIAN_POINT('Ctrl Pts',(11.0456282179846,-100.674800661196,44.0919213651681));
#2366=CARTESIAN_POINT('Ctrl Pts',(3.17018337829102,-100.841536732412,49.5332703923373));
#2367=CARTESIAN_POINT('Ctrl Pts',(-7.03475555199117,-101.021138523528,48.0036261799396));
#2368=CARTESIAN_POINT('Ctrl Pts',(-12.2316248769219,-101.167481881868,41.4246662230798));
#2369=CARTESIAN_POINT('Ctrl Pts',(-13.081599287518,-101.293868084509,34.6153149017523));
#2370=CARTESIAN_POINT('Ctrl Pts',(-11.825299271117,-101.373691618595,30.4038858338305));
#2371=CARTESIAN_POINT('Ctrl Pts',(-8.89359121722041,-101.466818765571,26.3522018638682));
#2372=CARTESIAN_POINT('Ctrl Pts',(-4.69195469478157,-101.559945633232,23.4040034617418));
#2373=CARTESIAN_POINT('Ctrl Pts',(1.87844996948206,-101.679681058454,22.6831105253904));
#2374=CARTESIAN_POINT('Ctrl Pts',(7.98073674090359,-101.799415271867,25.2093808405675));
#2375=CARTESIAN_POINT('Ctrl Pts',(11.9130191184261,-101.913152721539,30.0999955307215));
#2376=CARTESIAN_POINT('Ctrl Pts',(12.7617178791584,-101.986978388,34.0484248293961));
#2377=CARTESIAN_POINT('Ctrl Pts',(12.7635118935592,-102.020892350228,35.8612651369299));
#2378=CARTESIAN_POINT('Origin',(9.13485862305059E-15,-90.4246054776157,
35.861265395317));
#2379=CARTESIAN_POINT('',(12.7636440108591,-99.0208904104219,35.8612647472754));
#2380=CARTESIAN_POINT('',(12.7643549100152,-99.0783012727606,35.8612639377367));
#2381=CARTESIAN_POINT('',(12.7631,-90.4246054776157,35.861265395317));
#2382=CARTESIAN_POINT('Ctrl Pts',(12.7669663370623,-100.578325890353,35.8612713362871));
#2383=CARTESIAN_POINT('Ctrl Pts',(12.7670527330646,-100.577332265101,35.8082079578162));
#2384=CARTESIAN_POINT('Ctrl Pts',(12.7590355290621,-100.546405035277,34.1565745970926));
#2385=CARTESIAN_POINT('Ctrl Pts',(12.0847083627558,-100.485544244741,30.9138326801431));
#2386=CARTESIAN_POINT('Ctrl Pts',(8.55960687035693,-100.365808554936,25.4336224295471));
#2387=CARTESIAN_POINT('Ctrl Pts',(0.754177090519147,-100.216141459936,21.8465749933654));
#2388=CARTESIAN_POINT('Ctrl Pts',(-8.20265090574524,-100.051504178011,24.8508570242222));
#2389=CARTESIAN_POINT('Ctrl Pts',(-12.8229001425354,-99.9018373585911,31.7854306600281));
#2390=CARTESIAN_POINT('Ctrl Pts',(-13.0229123953557,-99.7671339433326,39.270602042884));
#2391=CARTESIAN_POINT('Ctrl Pts',(-9.1772262123019,-99.632434141625,45.7083366038348));
#2392=CARTESIAN_POINT('Ctrl Pts',(-2.49064552052708,-99.4977304062363,49.0887762302988));
#2393=CARTESIAN_POINT('Ctrl Pts',(4.96996452097393,-99.3630306455182,48.370888304005));
#2394=CARTESIAN_POINT('Ctrl Pts',(10.889015614246,-99.2283272580503,43.7737881668705));
#2395=CARTESIAN_POINT('Ctrl Pts',(12.681285879742,-99.133418585566,38.8068184806535));
#2396=CARTESIAN_POINT('Ctrl Pts',(12.7646951066715,-99.0834096709913,36.1342835308218));
#2397=CARTESIAN_POINT('Ctrl Pts',(12.7643549100152,-99.0783012727606,35.8612639377367));
#2398=CARTESIAN_POINT('Ctrl Pts',(12.7636440108591,-99.0208904104219,35.8612647472754));
#2399=CARTESIAN_POINT('Ctrl Pts',(12.7643168408429,-99.0290983229494,36.3000119657513));
#2400=CARTESIAN_POINT('Ctrl Pts',(12.6218220791656,-99.0822069249052,39.1384696865831));
#2401=CARTESIAN_POINT('Ctrl Pts',(10.5728191155824,-99.1802147184736,44.1917426400021));
#2402=CARTESIAN_POINT('Ctrl Pts',(4.47902200680385,-99.3149177894038,48.5546754276301));
#2403=CARTESIAN_POINT('Ctrl Pts',(-3.00322857476202,-99.4496185921342,48.9822527582886));
#2404=CARTESIAN_POINT('Ctrl Pts',(-9.55454914656835,-99.5843207204022,45.3426386960844));
#2405=CARTESIAN_POINT('Ctrl Pts',(-13.1437981586099,-99.7190225083505,38.7631119917418));
#2406=CARTESIAN_POINT('Ctrl Pts',(-12.6584829261395,-99.8537236929421,31.2851173776443));
#2407=CARTESIAN_POINT('Ctrl Pts',(-8.2488773503589,-99.9884262759753,25.2235921689524));
#2408=CARTESIAN_POINT('Ctrl Pts',(-1.54012847832695,-100.118138079062,22.5664578699143));
#2409=CARTESIAN_POINT('Ctrl Pts',(5.25836316360145,-100.242862377238,23.634544414305));
#2410=CARTESIAN_POINT('Ctrl Pts',(9.18300255159321,-100.332663052075,26.6591878461502));
#2411=CARTESIAN_POINT('Ctrl Pts',(11.5910388709111,-100.412487677908,30.1895878734225));
#2412=CARTESIAN_POINT('Ctrl Pts',(12.59113997287,-100.465264413772,32.8862248058602));
#2413=CARTESIAN_POINT('Ctrl Pts',(12.7664230396176,-100.508063900048,35.1735082485882));
#2414=CARTESIAN_POINT('Ctrl Pts',(12.7636078226685,-100.52092986735,35.8612669165308));
#2415=CARTESIAN_POINT('Origin',(9.13485862305059E-15,-90.4246054776157,
35.861265395317));
#2416=CARTESIAN_POINT('',(12.7556672413984,-97.5208876413229,35.8612690491866));
#2417=CARTESIAN_POINT('',(12.7607996521651,-97.5783857307561,35.8612558863674));
#2418=CARTESIAN_POINT('',(12.7631,-90.4246054776157,35.861265395317));
#2419=CARTESIAN_POINT('Ctrl Pts',(12.7643549100152,-99.0783012727606,35.8612639377367));
#2420=CARTESIAN_POINT('Ctrl Pts',(12.7617049292211,-99.0385091203404,33.7345626174921));
#2421=CARTESIAN_POINT('Ctrl Pts',(11.6117951353465,-98.9538159646897,29.2054286795347));
#2422=CARTESIAN_POINT('Ctrl Pts',(6.52962750315616,-98.8242227878964,24.0906975618144));
#2423=CARTESIAN_POINT('Ctrl Pts',(-0.776914184405441,-98.6895215114091,
22.423403695554));
#2424=CARTESIAN_POINT('Ctrl Pts',(-7.84295245495873,-98.5548188115622,24.9215038861964));
#2425=CARTESIAN_POINT('Ctrl Pts',(-12.4769821227138,-98.4201185617289,30.812066176231));
#2426=CARTESIAN_POINT('Ctrl Pts',(-13.2443132621618,-98.285415041963,38.2655605767922));
#2427=CARTESIAN_POINT('Ctrl Pts',(-9.90332210886105,-98.1507152738223,44.9786842133336));
#2428=CARTESIAN_POINT('Ctrl Pts',(-3.49734286300597,-98.0160117300628,48.8550464596115));
#2429=CARTESIAN_POINT('Ctrl Pts',(4.83691623923571,-97.8663447933145,48.7096784067097));
#2430=CARTESIAN_POINT('Ctrl Pts',(11.3588875810467,-97.7204676499025,43.4744542965719));
#2431=CARTESIAN_POINT('Ctrl Pts',(12.7530574688724,-97.6194931965641,38.0610264191558));
#2432=CARTESIAN_POINT('Ctrl Pts',(12.7607996521651,-97.5783857307561,35.8612558863674));
#2433=CARTESIAN_POINT('Ctrl Pts',(12.7556672413984,-97.5208876413229,35.8612690491866));
#2434=CARTESIAN_POINT('Ctrl Pts',(12.7563854481894,-97.5501569190777,37.4270681299574));
#2435=CARTESIAN_POINT('Ctrl Pts',(11.9051405764142,-97.6392938262734,42.1943826427912));
#2436=CARTESIAN_POINT('Ctrl Pts',(6.10916886697681,-97.7882982229779,48.5000010784992));
#2437=CARTESIAN_POINT('Ctrl Pts',(-3.30512885446774,-97.9529337015071,49.184842437359));
#2438=CARTESIAN_POINT('Ctrl Pts',(-10.2510265382159,-98.1026017212686,44.5788078095835));
#2439=CARTESIAN_POINT('Ctrl Pts',(-13.3277146171362,-98.2373036136093,37.7518164113147));
#2440=CARTESIAN_POINT('Ctrl Pts',(-12.2710693985703,-98.3720049669342,30.3284021541984));
#2441=CARTESIAN_POINT('Ctrl Pts',(-7.41106612930483,-98.5067073903107,24.6253593932938));
#2442=CARTESIAN_POINT('Ctrl Pts',(-0.253281376112875,-98.6414079805747,
22.402918513873));
#2443=CARTESIAN_POINT('Ctrl Pts',(6.98293369001605,-98.7761111990757,24.3540162481705));
#2444=CARTESIAN_POINT('Ctrl Pts',(11.7453724075908,-98.9026033806152,29.5354513778579));
#2445=CARTESIAN_POINT('Ctrl Pts',(12.7606361749403,-98.9841975538123,33.8998782532683));
#2446=CARTESIAN_POINT('Ctrl Pts',(12.7636440108591,-99.0208904104219,35.8612647472754));
#2447=CARTESIAN_POINT('Origin',(9.13485862305059E-15,-90.4246054776157,
35.861265395317));
#2448=CARTESIAN_POINT('',(12.758042443412,-96.0209055666132,35.8612690669049));
#2449=CARTESIAN_POINT('',(12.7680909366727,-96.0783058508916,35.8612684720521));
#2450=CARTESIAN_POINT('',(12.7631,-90.4246054776157,35.861265395317));
#2451=CARTESIAN_POINT('Ctrl Pts',(12.7607996521651,-97.5783857307561,35.8612558863674));
#2452=CARTESIAN_POINT('Ctrl Pts',(12.7643328584204,-97.5596260153323,34.8573732976024));
#2453=CARTESIAN_POINT('Ctrl Pts',(12.2904720629107,-97.4809990498436,30.653392653546));
#2454=CARTESIAN_POINT('Ctrl Pts',(8.21630921150744,-97.35747027976,24.8607819267972));
#2455=CARTESIAN_POINT('Ctrl Pts',(0.250108267818142,-97.2078029451202,22.4076475350253));
#2456=CARTESIAN_POINT('Ctrl Pts',(-6.9835896931168,-97.073099874312,24.3523516283114));
#2457=CARTESIAN_POINT('Ctrl Pts',(-12.0495778491477,-96.938399498334,29.8710951318467));
#2458=CARTESIAN_POINT('Ctrl Pts',(-13.5502764526624,-96.7887301152015,38.069660428354));
#2459=CARTESIAN_POINT('Ctrl Pts',(-9.20830664639155,-96.6240952883862,46.4506532111373));
#2460=CARTESIAN_POINT('Ctrl Pts',(0.519299694240084,-96.4444933919776,49.8864038904233));
#2461=CARTESIAN_POINT('Ctrl Pts',(9.96163783138885,-96.2648895777736,45.742999050141));
#2462=CARTESIAN_POINT('Ctrl Pts',(12.715820654461,-96.1428283681014,39.3080192178946));
#2463=CARTESIAN_POINT('Ctrl Pts',(12.7680151226225,-96.080633375546,35.9856110814595));
#2464=CARTESIAN_POINT('Ctrl Pts',(12.7680909366727,-96.0783058508916,35.8612684720521));
#2465=CARTESIAN_POINT('Ctrl Pts',(12.758042443412,-96.0209055666132,35.8612690669049));
#2466=CARTESIAN_POINT('Ctrl Pts',(12.7589933298541,-96.0446217214346,37.1293392585729));
#2467=CARTESIAN_POINT('Ctrl Pts',(12.368783406289,-96.094945646851,39.8201331376848));
#2468=CARTESIAN_POINT('Ctrl Pts',(10.1610695193608,-96.1851810880672,44.1922874906996));
#2469=CARTESIAN_POINT('Ctrl Pts',(5.63368871302334,-96.291612526672,47.924982421145));
#2470=CARTESIAN_POINT('Ctrl Pts',(-0.859419333754957,-96.4113464445057,
49.1389232436961));
#2471=CARTESIAN_POINT('Ctrl Pts',(-8.19409649901615,-96.5510376065634,46.7662418616136));
#2472=CARTESIAN_POINT('Ctrl Pts',(-13.5951046565779,-96.7106839074219,39.3656340705236));
#2473=CARTESIAN_POINT('Ctrl Pts',(-12.4096193433601,-96.8753188239949,29.9903016691056));
#2474=CARTESIAN_POINT('Ctrl Pts',(-6.52659260359003,-97.0249884642057,24.0943171098687));
#2475=CARTESIAN_POINT('Ctrl Pts',(0.778440512019708,-97.1596894111511,22.4210813056609));
#2476=CARTESIAN_POINT('Ctrl Pts',(7.83612885726581,-97.2943919459456,24.9236859110943));
#2477=CARTESIAN_POINT('Ctrl Pts',(11.9973851951069,-97.4147905748582,30.1844170903739));
#2478=CARTESIAN_POINT('Ctrl Pts',(12.754916424339,-97.4902893883831,34.2243746670433));
#2479=CARTESIAN_POINT('Ctrl Pts',(12.7556672413984,-97.5208876413229,35.8612690491866));
#2480=CARTESIAN_POINT('Origin',(9.13485862305059E-15,-90.4246054776157,
35.861265395317));
#2481=CARTESIAN_POINT('',(12.765211448351,-94.5208737911457,35.8612609441645));
#2482=CARTESIAN_POINT('',(12.7581866687457,-94.5782779318525,35.8612773463045));
#2483=CARTESIAN_POINT('',(12.7631,-90.4246054776157,35.861265395317));
#2484=CARTESIAN_POINT('Ctrl Pts',(12.7680909366727,-96.0783058508916,35.8612684720521));
#2485=CARTESIAN_POINT('Ctrl Pts',(12.7693151580744,-96.0407217159629,33.8534231843621));
#2486=CARTESIAN_POINT('Ctrl Pts',(11.762435874785,-95.963225489396,29.7090376202897));
#2487=CARTESIAN_POINT('Ctrl Pts',(7.48538499382267,-95.8458184587313,24.8517900083828));
#2488=CARTESIAN_POINT('Ctrl Pts',(1.26736407440277,-95.726083294753,22.611646709244));
#2489=CARTESIAN_POINT('Ctrl Pts',(-5.26088951646413,-95.6063485903981,23.6332661248137));
#2490=CARTESIAN_POINT('Ctrl Pts',(-10.483895570033,-95.4866136164883,27.6679477757009));
#2491=CARTESIAN_POINT('Ctrl Pts',(-13.5944652460302,-95.3469233236031,34.7285544864942));
#2492=CARTESIAN_POINT('Ctrl Pts',(-11.6592193360145,-95.1872760192565,43.6739829262576));
#2493=CARTESIAN_POINT('Ctrl Pts',(-3.16477571689607,-95.0076743906313,49.5320062410282));
#2494=CARTESIAN_POINT('Ctrl Pts',(7.02608240392852,-94.8280720621142,48.0052656999243));
#2495=CARTESIAN_POINT('Ctrl Pts',(12.1308153595463,-94.6849401025181,41.5668410341489));
#2496=CARTESIAN_POINT('Ctrl Pts',(12.7610910784847,-94.6016753175977,37.1133875626451));
#2497=CARTESIAN_POINT('Ctrl Pts',(12.7581866687457,-94.5782779318525,35.8612773463045));
#2498=CARTESIAN_POINT('Ctrl Pts',(12.765211448351,-94.5208737911457,35.8612609441645));
#2499=CARTESIAN_POINT('Ctrl Pts',(12.7666581094789,-94.5324015672483,36.4774443904539));
#2500=CARTESIAN_POINT('Ctrl Pts',(12.4981454070179,-94.6037970226344,40.292109979061));
#2501=CARTESIAN_POINT('Ctrl Pts',(8.75900345539316,-94.7350591740551,46.827330247327));
#2502=CARTESIAN_POINT('Ctrl Pts',(-1.10442336010006,-94.9146618001661,49.8483285783088));
#2503=CARTESIAN_POINT('Ctrl Pts',(-10.3601313817417,-95.0942640862967,45.3241438204759));
#2504=CARTESIAN_POINT('Ctrl Pts',(-14.0344550148748,-95.2738660631308,35.6816304241619));
#2505=CARTESIAN_POINT('Ctrl Pts',(-10.5522358751168,-95.4335129173392,27.2166945748735));
#2506=CARTESIAN_POINT('Ctrl Pts',(-3.98718724373395,-95.5732028596354,23.1668035681104));
#2507=CARTESIAN_POINT('Ctrl Pts',(2.60605214116971,-95.6929377511577,22.8064806062964));
#2508=CARTESIAN_POINT('Ctrl Pts',(8.55574070340088,-95.8126730765087,25.669083973151));
#2509=CARTESIAN_POINT('Ctrl Pts',(12.0811613649442,-95.9219952279336,30.5727426340673));
#2510=CARTESIAN_POINT('Ctrl Pts',(12.7568596824184,-95.9914062051766,34.2839787686858));
#2511=CARTESIAN_POINT('Ctrl Pts',(12.758042443412,-96.0209055666132,35.8612690669049));
#2512=CARTESIAN_POINT('Origin',(9.13485862305059E-15,-90.4246054776157,
35.861265395317));
#2513=CARTESIAN_POINT('',(12.7651005388222,-93.0208556352142,35.8612630970475));
#2514=CARTESIAN_POINT('',(12.7620123530933,-93.0783116478278,35.8612621527857));
#2515=CARTESIAN_POINT('',(12.7631,-90.4246054776157,35.861265395317));
#2516=CARTESIAN_POINT('Ctrl Pts',(12.7581866687457,-94.5782779318525,35.8612773463045));
#2517=CARTESIAN_POINT('Ctrl Pts',(12.7536595010699,-94.5418079093828,33.9095854683412));
#2518=CARTESIAN_POINT('Ctrl Pts',(11.586394263685,-94.4454704623961,28.7496571206236));
#2519=CARTESIAN_POINT('Ctrl Pts',(4.94695874597055,-94.2892658652521,22.7299430787104));
#2520=CARTESIAN_POINT('Ctrl Pts',(-5.37042377657085,-94.1096630327705,22.8944809566172));
#2521=CARTESIAN_POINT('Ctrl Pts',(-11.9408943987074,-93.9500173805636,29.2658044155388));
#2522=CARTESIAN_POINT('Ctrl Pts',(-13.2679173209201,-93.8103252102012,36.8656919493868));
#2523=CARTESIAN_POINT('Ctrl Pts',(-11.1596078496792,-93.6905912279077,43.1202282496058));
#2524=CARTESIAN_POINT('Ctrl Pts',(-6.29176592205491,-93.5708556221243,47.5909088528821));
#2525=CARTESIAN_POINT('Ctrl Pts',(0.124093441133109,-93.4511212077763,49.1713192385637));
#2526=CARTESIAN_POINT('Ctrl Pts',(6.50060224298562,-93.3313864316976,47.4730595683004));
#2527=CARTESIAN_POINT('Ctrl Pts',(11.4814420025348,-93.2071162315199,42.7437165547239));
#2528=CARTESIAN_POINT('Ctrl Pts',(12.7550102300907,-93.1227581682073,38.2364880761148));
#2529=CARTESIAN_POINT('Ctrl Pts',(12.7620123530933,-93.0783116478278,35.8612621527857));
#2530=CARTESIAN_POINT('Ctrl Pts',(12.7651005388222,-93.0208556352142,35.8612630970475));
#2531=CARTESIAN_POINT('Ctrl Pts',(12.7661777596603,-93.0334940767307,36.5372447169297));
#2532=CARTESIAN_POINT('Ctrl Pts',(12.4924106655012,-93.0993480885624,40.0578603539552));
#2533=CARTESIAN_POINT('Ctrl Pts',(10.0226343441267,-93.1918096629852,44.6538833859031));
#2534=CARTESIAN_POINT('Ctrl Pts',(4.56245653747715,-93.3115446466925,48.183608346853));
#2535=CARTESIAN_POINT('Ctrl Pts',(-1.22468008124364,-93.4179751556519,49.1182037681056));
#2536=CARTESIAN_POINT('Ctrl Pts',(-7.45271014987663,-93.537710961635,46.8902292408353));
#2537=CARTESIAN_POINT('Ctrl Pts',(-11.8333379865827,-93.6574451889354,41.9533797045877));
#2538=CARTESIAN_POINT('Ctrl Pts',(-13.3088102327094,-93.7771795751737,35.5080018542274));
#2539=CARTESIAN_POINT('Ctrl Pts',(-11.4956355020667,-93.8969153567855,29.1621855643993));
#2540=CARTESIAN_POINT('Ctrl Pts',(-6.09413672757369,-94.0366056920031,23.6567704945766));
#2541=CARTESIAN_POINT('Ctrl Pts',(2.93652318307662,-94.1962519420418,22.1339135720923));
#2542=CARTESIAN_POINT('Ctrl Pts',(10.0849823944339,-94.3459202407932,26.9043451255974));
#2543=CARTESIAN_POINT('Ctrl Pts',(12.4568700414114,-94.4541277274793,32.2918497849168));
#2544=CARTESIAN_POINT('Ctrl Pts',(12.7629016044079,-94.5024677088262,34.8774178216533));
#2545=CARTESIAN_POINT('Ctrl Pts',(12.765211448351,-94.5208737911457,35.8612609441645));
#2546=CARTESIAN_POINT('Origin',(9.13485862305059E-15,-90.4246054776157,
35.861265395317));
#2547=CARTESIAN_POINT('',(12.7641229855597,-91.5209107220954,35.8612666572099));
#2548=CARTESIAN_POINT('',(12.7633717658263,-91.5783208950516,35.8612656059837));
#2549=CARTESIAN_POINT('',(12.7631,-90.4246054776157,35.861265395317));
#2550=CARTESIAN_POINT('',(-1.53088305621803,-90.4246054776158,48.5322211082135));
#2551=CARTESIAN_POINT('Ctrl Pts',(-1.53088305621803,-90.4246054776158,48.5322211082135));
#2552=CARTESIAN_POINT('Ctrl Pts',(-3.91411306606487,-90.4695077144936,48.2442833611474));
#2553=CARTESIAN_POINT('Ctrl Pts',(-8.50971854174133,-90.5593038464665,46.2908229939881));
#2554=CARTESIAN_POINT('Ctrl Pts',(-12.7685544219222,-90.6940089151923,40.1216697498623));
#2555=CARTESIAN_POINT('Ctrl Pts',(-13.0675568865608,-90.8287081676857,32.6339147517799));
#2556=CARTESIAN_POINT('Ctrl Pts',(-9.31617861345444,-90.9634120946745,26.1455664614691));
#2557=CARTESIAN_POINT('Ctrl Pts',(-2.67650554822844,-91.098111703273,22.6697143445036));
#2558=CARTESIAN_POINT('Ctrl Pts',(4.79289756400769,-91.2328153426692,23.2830529580569));
#2559=CARTESIAN_POINT('Ctrl Pts',(10.7763782697913,-91.3675154367414,27.7958187642392));
#2560=CARTESIAN_POINT('Ctrl Pts',(12.6605355143611,-91.4635483206288,32.795636849613));
#2561=CARTESIAN_POINT('Ctrl Pts',(12.7645860891408,-91.5146798296431,35.5282377838196));
#2562=CARTESIAN_POINT('Ctrl Pts',(12.7641229855597,-91.5209107220954,35.8612666572099));
#2563=CARTESIAN_POINT('',(1.53088305621346,-90.4246054776158,48.532221108214));
#2564=CARTESIAN_POINT('Origin',(9.13485862305059E-15,-90.4246054776158,
35.861265395317));
#2565=CARTESIAN_POINT('Ctrl Pts',(12.7633717658263,-91.5783208950516,35.8612656059837));
#2566=CARTESIAN_POINT('Ctrl Pts',(12.7641463447613,-91.568990853273,35.3625070399561));
#2567=CARTESIAN_POINT('Ctrl Pts',(12.5986171177755,-91.5147603833785,32.4639836793857));
#2568=CARTESIAN_POINT('Ctrl Pts',(10.4542589790867,-91.4156278231713,27.3823835663064));
#2569=CARTESIAN_POINT('Ctrl Pts',(4.29962731697744,-91.2809275548748,23.1060796001264));
#2570=CARTESIAN_POINT('Ctrl Pts',(-3.18805287758143,-91.1462248752905,22.7837894747589));
#2571=CARTESIAN_POINT('Ctrl Pts',(-9.68718230860702,-91.0115235932238,26.515779462573));
#2572=CARTESIAN_POINT('Ctrl Pts',(-13.1836138536167,-90.8768219896125,33.1447275783228));
#2573=CARTESIAN_POINT('Ctrl Pts',(-12.5923548475066,-90.7421196804196,40.6160978345174));
#2574=CARTESIAN_POINT('Ctrl Pts',(-8.09864501563522,-90.6074189250815,46.6129852862309));
#2575=CARTESIAN_POINT('Ctrl Pts',(-2.59294803851759,-90.5015738819159,48.7067720191005));
#2576=CARTESIAN_POINT('Ctrl Pts',(0.679324659407929,-90.4406300410286,48.6344362115966));
#2577=CARTESIAN_POINT('Ctrl Pts',(1.53065970777556,-90.4245869220005,48.5303963422156));
#2578=CARTESIAN_POINT('Origin',(1.11100064049565E-14,-311.683180873997,
35.861265395317));
#2579=CARTESIAN_POINT('',(-8.26259527549703,-289.088194544919,35.861267729198));
#2580=CARTESIAN_POINT('',(-8.25757998877745,-289.028271666543,35.8612750610107));
#2581=CARTESIAN_POINT('',(-8.26299999999999,-311.683180873997,35.861265395317));
#2582=CARTESIAN_POINT('',(-6.57377696853416,-287.683605716034,30.8550067755521));
#2583=CARTESIAN_POINT('Ctrl Pts',(-6.57377696853421,-287.683605716034,30.8550067755522));
#2584=CARTESIAN_POINT('Ctrl Pts',(-5.31475000421111,-287.743644673291,29.2017636873596));
#2585=CARTESIAN_POINT('Ctrl Pts',(-1.49928449874041,-287.863710077288,26.8977480049425));
#2586=CARTESIAN_POINT('Ctrl Pts',(5.05012048957115,-288.043824611549,28.3027397462721));
#2587=CARTESIAN_POINT('Ctrl Pts',(8.85469758957356,-288.223932859798,33.8120915907103));
#2588=CARTESIAN_POINT('Ctrl Pts',(7.85653254434005,-288.404043905057,40.43300935095));
#2589=CARTESIAN_POINT('Ctrl Pts',(2.59255009859789,-288.58415365576,44.5723071219696));
#2590=CARTESIAN_POINT('Ctrl Pts',(-4.07534215327164,-288.764263979758,43.9862422981834));
#2591=CARTESIAN_POINT('Ctrl Pts',(-7.74272068299309,-288.912303230681,39.8763393049349));
#2592=CARTESIAN_POINT('Ctrl Pts',(-8.25906735511519,-289.000305828374,36.8298915091087));
#2593=CARTESIAN_POINT('Ctrl Pts',(-8.25757998877745,-289.028271666543,35.8612750610107));
#2594=CARTESIAN_POINT('',(-7.61122660994903,-287.683605714681,32.6446835928435));
#2595=CARTESIAN_POINT('Origin',(1.11100064049565E-14,-287.683605716034,
35.861265395317));
#2596=CARTESIAN_POINT('Ctrl Pts',(-8.26259527549703,-289.088194544919,35.861267729198));
#2597=CARTESIAN_POINT('Ctrl Pts',(-8.26411809072028,-289.071433374348,36.4414566355272));
#2598=CARTESIAN_POINT('Ctrl Pts',(-7.99349432604441,-288.994635801572,39.0984859990891));
#2599=CARTESIAN_POINT('Ctrl Pts',(-5.17752541434101,-288.857799880491,43.3353625377695));
#2600=CARTESIAN_POINT('Ctrl Pts',(0.256976159979777,-288.70770678416,44.5914013217161));
#2601=CARTESIAN_POINT('Ctrl Pts',(4.24423648833469,-288.58763471603,43.1762465379479));
#2602=CARTESIAN_POINT('Ctrl Pts',(7.45224230662131,-288.467563277958,40.4162126277434));
#2603=CARTESIAN_POINT('Ctrl Pts',(9.05706649851073,-288.317469136818,35.076986167228));
#2604=CARTESIAN_POINT('Ctrl Pts',(6.05842946466239,-288.137359757555,29.0858100017327));
#2605=CARTESIAN_POINT('Ctrl Pts',(-0.223551113215897,-287.95724918681,26.7742243322287));
#2606=CARTESIAN_POINT('Ctrl Pts',(-5.40059757630104,-287.805978335251,28.9762915331916));
#2607=CARTESIAN_POINT('Ctrl Pts',(-7.18534740424566,-287.714744108148,31.6515498015761));
#2608=CARTESIAN_POINT('Ctrl Pts',(-7.60559980249496,-287.683546516763,32.6470571042156));
#2609=CARTESIAN_POINT('Origin',(1.11100064049565E-14,-311.683180873997,
35.861265395317));
#2610=CARTESIAN_POINT('',(-8.2636490781435,-290.588150257928,35.8612658717807));
#2611=CARTESIAN_POINT('',(-8.26271012227183,-290.5282190133,35.8612649138969));
#2612=CARTESIAN_POINT('',(-8.26299999999999,-311.683180873997,35.861265395317));
#2613=CARTESIAN_POINT('Ctrl Pts',(-8.25757998877745,-289.028271666543,35.8612750610107));
#2614=CARTESIAN_POINT('Ctrl Pts',(-8.25587429742966,-289.060342506785,34.7504789827804));
#2615=CARTESIAN_POINT('Ctrl Pts',(-7.76253772774775,-289.132437723097,32.2519223781506));
#2616=CARTESIAN_POINT('Ctrl Pts',(-5.31296291942813,-289.244556720159,29.0772444326751));
#2617=CARTESIAN_POINT('Ctrl Pts',(-1.38909738402809,-289.364630344677,27.353651823431));
#2618=CARTESIAN_POINT('Ctrl Pts',(2.88566271771879,-289.484703801806,27.7390173475289));
#2619=CARTESIAN_POINT('Ctrl Pts',(6.44246953124815,-289.604777452251,30.135320171418));
#2620=CARTESIAN_POINT('Ctrl Pts',(8.40451661729485,-289.724851011962,33.9502807008937));
#2621=CARTESIAN_POINT('Ctrl Pts',(8.28634546861269,-289.844922355382,38.2380520599409));
#2622=CARTESIAN_POINT('Ctrl Pts',(6.11336353220035,-289.964997573941,41.9375745874218));
#2623=CARTESIAN_POINT('Ctrl Pts',(2.42773618542466,-290.085069979593,44.1317833583434));
#2624=CARTESIAN_POINT('Ctrl Pts',(-1.85965521482736,-290.205143880747,44.2772048446552));
#2625=CARTESIAN_POINT('Ctrl Pts',(-5.68674967886042,-290.325216583282,42.339998221579));
#2626=CARTESIAN_POINT('Ctrl Pts',(-7.85527887031701,-290.432909061007,39.1611550452148));
#2627=CARTESIAN_POINT('Ctrl Pts',(-8.2618084082782,-290.500576172092,36.8181102406271));
#2628=CARTESIAN_POINT('Ctrl Pts',(-8.26271012227183,-290.5282190133,35.8612649138969));
#2629=CARTESIAN_POINT('Ctrl Pts',(-8.2636490781435,-290.588150257928,35.8612658717807));
#2630=CARTESIAN_POINT('Ctrl Pts',(-8.26274750923916,-290.551696698568,37.1228216127978));
#2631=CARTESIAN_POINT('Ctrl Pts',(-7.64773480740373,-290.475218707385,39.7696239698116));
#2632=CARTESIAN_POINT('Ctrl Pts',(-4.93613096536574,-290.358716447065,42.9276748854281));
#2633=CARTESIAN_POINT('Ctrl Pts',(-0.918707041176163,-290.238643216966,
44.4316308677295));
#2634=CARTESIAN_POINT('Ctrl Pts',(3.32616088130071,-290.118569619975,43.8133328196249));
#2635=CARTESIAN_POINT('Ctrl Pts',(6.74725132043761,-289.998495980175,41.2247509501609));
#2636=CARTESIAN_POINT('Ctrl Pts',(8.49648470890926,-289.878422422886,37.3087745054059));
#2637=CARTESIAN_POINT('Ctrl Pts',(8.14370628644435,-289.7583511803,33.0323231822572));
#2638=CARTESIAN_POINT('Ctrl Pts',(5.77035311796982,-289.638276016779,29.4609988289011));
#2639=CARTESIAN_POINT('Ctrl Pts',(1.54909385743963,-289.504862827365,27.2406711929155));
#2640=CARTESIAN_POINT('Ctrl Pts',(-3.79617271462254,-289.358103758403,27.8002746135411));
#2641=CARTESIAN_POINT('Ctrl Pts',(-7.54086270923339,-289.214768475232,31.4765184693517));
#2642=CARTESIAN_POINT('Ctrl Pts',(-8.25926962989556,-289.124798928916,34.5942048216966));
#2643=CARTESIAN_POINT('Ctrl Pts',(-8.26259527549703,-289.088194544919,35.861267729198));
#2644=CARTESIAN_POINT('Origin',(1.11100064049565E-14,-311.683180873997,
35.861265395317));
#2645=CARTESIAN_POINT('',(-8.26151590861811,-292.088173418759,35.8612679402163));
#2646=CARTESIAN_POINT('',(-8.26322353622395,-292.02823165401,35.8612653177588));
#2647=CARTESIAN_POINT('',(-8.26299999999999,-311.683180873997,35.861265395317));
#2648=CARTESIAN_POINT('Ctrl Pts',(-8.26271012227183,-290.5282190133,35.8612649138969));
#2649=CARTESIAN_POINT('Ctrl Pts',(-8.26311400890414,-290.540600515774,35.4326844112381));
#2650=CARTESIAN_POINT('Ctrl Pts',(-8.12456799289111,-290.593006387531,33.6189464504277));
#2651=CARTESIAN_POINT('Ctrl Pts',(-6.81721036881239,-290.685437216816,30.5866660082834));
#2652=CARTESIAN_POINT('Ctrl Pts',(-3.43041413959804,-290.80551013065,27.9527086542408));
#2653=CARTESIAN_POINT('Ctrl Pts',(0.80595552723885,-290.925583719653,27.2800960513241));
#2654=CARTESIAN_POINT('Ctrl Pts',(4.84304088324198,-291.045656891852,28.7309624297458));
#2655=CARTESIAN_POINT('Ctrl Pts',(7.67997254135926,-291.165730826654,31.9481823134711));
#2656=CARTESIAN_POINT('Ctrl Pts',(8.61620753991389,-291.285802619469,36.1351887089969));
#2657=CARTESIAN_POINT('Ctrl Pts',(7.41586879568992,-291.405877733311,40.2533813876049));
#2658=CARTESIAN_POINT('Ctrl Pts',(4.38064350446989,-291.525950630319,43.2845856419015));
#2659=CARTESIAN_POINT('Ctrl Pts',(0.259914558304173,-291.646024180481,44.4768946086217));
#2660=CARTESIAN_POINT('Ctrl Pts',(-3.92509764134548,-291.766096828234,43.5352582948609));
#2661=CARTESIAN_POINT('Ctrl Pts',(-7.13817480451761,-291.886170500695,40.6929626258096));
#2662=CARTESIAN_POINT('Ctrl Pts',(-8.18952326023532,-291.973548670722,37.7535755407964));
#2663=CARTESIAN_POINT('Ctrl Pts',(-8.26348328598015,-292.020902392088,36.1149146362961));
#2664=CARTESIAN_POINT('Ctrl Pts',(-8.26322353622395,-292.02823165401,35.8612653177588));
#2665=CARTESIAN_POINT('Ctrl Pts',(-8.26151590861812,-292.088173418759,35.8612679402163));
#2666=CARTESIAN_POINT('Ctrl Pts',(-8.26221475765823,-292.072029931987,36.4198775416017));
#2667=CARTESIAN_POINT('Ctrl Pts',(-8.0696863088401,-292.015862198302,38.3629435345012));
#2668=CARTESIAN_POINT('Ctrl Pts',(-6.56038721906703,-291.919669848355,41.4515212869026));
#2669=CARTESIAN_POINT('Ctrl Pts',(-3.05278195493669,-291.79959659765,43.9234418108638));
#2670=CARTESIAN_POINT('Ctrl Pts',(0.734361772013489,-291.692863972016,44.3388999795708));
#2671=CARTESIAN_POINT('Ctrl Pts',(4.75485182438099,-291.572790683772,43.0632970796875));
#2672=CARTESIAN_POINT('Ctrl Pts',(8.12099029148601,-291.439377901816,39.5325538748334));
#2673=CARTESIAN_POINT('Ctrl Pts',(8.64098922460638,-291.279280094999,33.6837026777287));
#2674=CARTESIAN_POINT('Ctrl Pts',(5.41437667308516,-291.119178630482,28.7908784705404));
#2675=CARTESIAN_POINT('Ctrl Pts',(0.31426059949992,-290.972425964585,27.1076949997547));
#2676=CARTESIAN_POINT('Ctrl Pts',(-4.28340822709772,-290.839009467419,28.3837569349216));
#2677=CARTESIAN_POINT('Ctrl Pts',(-7.35785380975353,-290.718936928653,31.3703128760335));
#2678=CARTESIAN_POINT('Ctrl Pts',(-8.23057844068512,-290.635316742855,34.2289720454759));
#2679=CARTESIAN_POINT('Ctrl Pts',(-8.26373739540394,-290.59172123124,35.7376844722866));
#2680=CARTESIAN_POINT('Ctrl Pts',(-8.2636490781435,-290.588150257928,35.8612658717807));
#2681=CARTESIAN_POINT('Origin',(1.11100064049565E-14,-311.683180873997,
35.861265395317));
#2682=CARTESIAN_POINT('',(-8.26360524457166,-293.588138775385,35.8612655766646));
#2683=CARTESIAN_POINT('',(-8.2596532525807,-293.528239915014,35.8612659609691));
#2684=CARTESIAN_POINT('',(-8.26299999999999,-311.683180873997,35.861265395317));
#2685=CARTESIAN_POINT('Ctrl Pts',(-8.26322353622395,-292.02823165401,35.8612653177588));
#2686=CARTESIAN_POINT('Ctrl Pts',(-8.26206481540829,-292.060926846789,34.7297580179254));
#2687=CARTESIAN_POINT('Ctrl Pts',(-7.74132891266022,-292.133646461783,32.2121005573095));
#2688=CARTESIAN_POINT('Ctrl Pts',(-5.26325344835283,-292.246389813055,29.0352428978508));
#2689=CARTESIAN_POINT('Ctrl Pts',(-1.32318438203927,-292.366464530881,27.3443428300079));
#2690=CARTESIAN_POINT('Ctrl Pts',(2.95165196243498,-292.486534150387,27.7581928376583));
#2691=CARTESIAN_POINT('Ctrl Pts',(5.69753941079006,-292.579929773455,29.6480626215046));
#2692=CARTESIAN_POINT('Ctrl Pts',(7.90175526874954,-292.686659192838,32.6311838674435));
#2693=CARTESIAN_POINT('Ctrl Pts',(8.84291759809454,-292.806730641739,36.9193481730096));
#2694=CARTESIAN_POINT('Ctrl Pts',(6.27014723627817,-292.966832415125,42.1933162954122));
#2695=CARTESIAN_POINT('Ctrl Pts',(0.979543509672675,-293.126928279739,44.7127828484162));
#2696=CARTESIAN_POINT('Ctrl Pts',(-4.73642296785489,-293.287027029531,43.4093839913673));
#2697=CARTESIAN_POINT('Ctrl Pts',(-7.79645378059084,-293.420793794928,39.5822814241184));
#2698=CARTESIAN_POINT('Ctrl Pts',(-8.25969286939483,-293.501200315416,36.7976551425499));
#2699=CARTESIAN_POINT('Ctrl Pts',(-8.2596532525807,-293.528239915014,35.8612659609691));
#2700=CARTESIAN_POINT('Ctrl Pts',(-8.26360524457166,-293.588138775385,35.8612655766646));
#2701=CARTESIAN_POINT('Ctrl Pts',(-8.26258766767844,-293.552300368619,37.1013358083774));
#2702=CARTESIAN_POINT('Ctrl Pts',(-7.66345286324354,-293.476437220224,39.7282360638642));
#2703=CARTESIAN_POINT('Ctrl Pts',(-4.98994085589522,-293.360549834159,42.8892395509731));
#2704=CARTESIAN_POINT('Ctrl Pts',(-0.985094956507847,-293.24047661202,44.4245298711775));
#2705=CARTESIAN_POINT('Ctrl Pts',(3.26657523732132,-293.120403578342,43.8384802561435));
#2706=CARTESIAN_POINT('Ctrl Pts',(6.7031670797849,-293.000329770866,41.2768660107095));
#2707=CARTESIAN_POINT('Ctrl Pts',(8.69253833896891,-292.866916410926,36.9399602247702));
#2708=CARTESIAN_POINT('Ctrl Pts',(7.83985226051625,-292.720156481459,31.6372191320592));
#2709=CARTESIAN_POINT('Ctrl Pts',(3.5211014982733,-292.560063145419,27.6752871815903));
#2710=CARTESIAN_POINT('Ctrl Pts',(-2.33617841016004,-292.399963648476,27.2606067786772));
#2711=CARTESIAN_POINT('Ctrl Pts',(-6.35638566725061,-292.266548067721,30.0239167918854));
#2712=CARTESIAN_POINT('Ctrl Pts',(-7.99866748632295,-292.162617856729,33.2846251838703));
#2713=CARTESIAN_POINT('Ctrl Pts',(-8.2604821132776,-292.112054200512,35.0349263844199));
#2714=CARTESIAN_POINT('Ctrl Pts',(-8.26151590861812,-292.088173418759,35.8612679402163));
#2715=CARTESIAN_POINT('Origin',(1.11100064049565E-14,-311.683180873997,
35.861265395317));
#2716=CARTESIAN_POINT('',(-8.25982209626657,-295.088118145746,35.8612584451457));
#2717=CARTESIAN_POINT('',(-8.26330593195379,-295.028232037085,35.8612652508117));
#2718=CARTESIAN_POINT('',(-8.26299999999999,-311.683180873997,35.861265395317));
#2719=CARTESIAN_POINT('Ctrl Pts',(-8.2596532525807,-293.528239915014,35.8612659609691));
#2720=CARTESIAN_POINT('Ctrl Pts',(-8.25961467904552,-293.55456744714,34.9495358826009));
#2721=CARTESIAN_POINT('Ctrl Pts',(-7.81233851855752,-293.634262314452,32.1898002650054));
#2722=CARTESIAN_POINT('Ctrl Pts',(-4.80263606520191,-293.767320002922,28.3565727567327));
#2723=CARTESIAN_POINT('Ctrl Pts',(0.424128243848329,-293.914074845186,27.1130856099154));
#2724=CARTESIAN_POINT('Ctrl Pts',(4.89707918180595,-294.047489841876,28.7709279318135));
#2725=CARTESIAN_POINT('Ctrl Pts',(7.71065307305741,-294.167565088524,32.0050994520618));
#2726=CARTESIAN_POINT('Ctrl Pts',(8.61274662895135,-294.287636840748,36.2016423692174));
#2727=CARTESIAN_POINT('Ctrl Pts',(7.38264226335221,-294.407710815542,40.3100927530934));
#2728=CARTESIAN_POINT('Ctrl Pts',(4.32356113334167,-294.527784171694,43.3182213935715));
#2729=CARTESIAN_POINT('Ctrl Pts',(0.19386553881798,-294.647857020061,44.478539673028));
#2730=CARTESIAN_POINT('Ctrl Pts',(-3.98395371465692,-294.767930570927,43.5050425674891));
#2731=CARTESIAN_POINT('Ctrl Pts',(-7.1750317086558,-294.888004108978,40.6377435563143));
#2732=CARTESIAN_POINT('Ctrl Pts',(-8.1966563692999,-294.97477111595,37.7115305805812));
#2733=CARTESIAN_POINT('Ctrl Pts',(-8.2635419200514,-295.021513778504,36.0938025553335));
#2734=CARTESIAN_POINT('Ctrl Pts',(-8.26330593195379,-295.028232037085,35.8612652508117));
#2735=CARTESIAN_POINT('Ctrl Pts',(-8.25982209626657,-295.088118145746,35.8612584451457));
#2736=CARTESIAN_POINT('Ctrl Pts',(-8.25748253313299,-295.052592314229,37.09296761232));
#2737=CARTESIAN_POINT('Ctrl Pts',(-7.52896531629233,-294.957029593168,40.4091240005058));
#2738=CARTESIAN_POINT('Ctrl Pts',(-3.83023534855665,-294.821442368728,43.8219560262822));
#2739=CARTESIAN_POINT('Ctrl Pts',(1.14594684149697,-294.681356395919,44.4018252114443));
#2740=CARTESIAN_POINT('Ctrl Pts',(5.1207092381657,-294.561282853663,42.7959367928476));
#2741=CARTESIAN_POINT('Ctrl Pts',(7.82681345482109,-294.441209470093,39.4672341852453));
#2742=CARTESIAN_POINT('Ctrl Pts',(8.68714377223015,-294.30779641259,34.7786025112184));
#2743=CARTESIAN_POINT('Ctrl Pts',(6.57342966383041,-294.161039391126,29.8396294677682));
#2744=CARTESIAN_POINT('Ctrl Pts',(1.40107338826023,-294.000938984908,27.064721551696));
#2745=CARTESIAN_POINT('Ctrl Pts',(-3.88209032726063,-293.854186026683,28.0137987589667));
#2746=CARTESIAN_POINT('Ctrl Pts',(-7.32308404688419,-293.720769636001,31.3174475864624));
#2747=CARTESIAN_POINT('Ctrl Pts',(-8.22434347296137,-293.636535253301,34.18679428432));
#2748=CARTESIAN_POINT('Ctrl Pts',(-8.26372410052587,-293.592324806005,35.7164217504612));
#2749=CARTESIAN_POINT('Ctrl Pts',(-8.26360524457166,-293.588138775385,35.8612655766646));
#2750=CARTESIAN_POINT('Origin',(1.11100064049565E-14,-311.683180873997,
35.861265395317));
#2751=CARTESIAN_POINT('',(-8.26636915652756,-296.588128078798,35.8612746252853));
#2752=CARTESIAN_POINT('',(-8.26620005791589,-296.528278868473,35.8612571260287));
#2753=CARTESIAN_POINT('',(-8.26299999999999,-311.683180873997,35.861265395317));
#2754=CARTESIAN_POINT('',(1.03431674118731,-297.683188021927,44.0592747804604));
#2755=CARTESIAN_POINT('Ctrl Pts',(1.03431674118731,-297.683188021927,44.0592747804604));
#2756=CARTESIAN_POINT('Ctrl Pts',(3.09603900797546,-297.623149064671,43.7991538467027));
#2757=CARTESIAN_POINT('Ctrl Pts',(7.00290498835067,-297.50308363879,41.6535894678722));
#2758=CARTESIAN_POINT('Ctrl Pts',(9.07188987593518,-297.322969121387,35.2831167973612));
#2759=CARTESIAN_POINT('Ctrl Pts',(6.21374306822619,-297.142860856956,29.2278036588999));
#2760=CARTESIAN_POINT('Ctrl Pts',(-0.0153763166300248,-296.962749860897,
26.7725081283271));
#2761=CARTESIAN_POINT('Ctrl Pts',(-6.23545273166783,-296.782640018113,29.2472103448674));
#2762=CARTESIAN_POINT('Ctrl Pts',(-8.20374857509354,-296.65776603106,33.4557166537299));
#2763=CARTESIAN_POINT('Ctrl Pts',(-8.2668540464668,-296.592928643954,35.6954355950245));
#2764=CARTESIAN_POINT('Ctrl Pts',(-8.26636915652756,-296.588128078798,35.8612746252853));
#2765=CARTESIAN_POINT('',(-1.03431683410816,-297.68318802328,44.0592747687369));
#2766=CARTESIAN_POINT('Origin',(1.11100064049565E-14,-297.683188021927,
35.861265395317));
#2767=CARTESIAN_POINT('Ctrl Pts',(-8.26620005791589,-296.528278868473,35.8612571260287));
#2768=CARTESIAN_POINT('Ctrl Pts',(-8.26052361951052,-296.581887387315,34.0079649427969));
#2769=CARTESIAN_POINT('Ctrl Pts',(-6.89467806832731,-296.695531872153,30.069601150812));
#2770=CARTESIAN_POINT('Ctrl Pts',(-1.29083635388449,-296.869214166598,26.8644929797094));
#2771=CARTESIAN_POINT('Ctrl Pts',(5.22200182004511,-297.049324089446,28.4212674637421));
#2772=CARTESIAN_POINT('Ctrl Pts',(8.89960801414107,-297.229434342152,34.01654903548));
#2773=CARTESIAN_POINT('Ctrl Pts',(7.74980746136011,-297.409544418577,40.6125261393375));
#2774=CARTESIAN_POINT('Ctrl Pts',(3.24799312391342,-297.560815114637,43.9863070619525));
#2775=CARTESIAN_POINT('Ctrl Pts',(0.0384599727810064,-297.652048962291,
44.1887893842243));
#2776=CARTESIAN_POINT('Ctrl Pts',(-1.03354022595342,-297.683246192145,44.0531502489245));
#2777=CARTESIAN_POINT('Origin',(1.11100064049565E-14,-300.995534517559,
35.8612653953169));
#2778=CARTESIAN_POINT('',(-9.10102624556149,-288.486341532465,35.8575341171596));
#2779=CARTESIAN_POINT('',(-9.09798746411363,-288.130034511329,35.8624841678601));
#2780=CARTESIAN_POINT('',(-9.10149999999999,-300.995534517559,35.861265395317));
#2781=CARTESIAN_POINT('',(2.68272237183513,-287.683605716034,44.5584087726366));
#2782=CARTESIAN_POINT('Ctrl Pts',(-9.09798746411363,-288.130034511329,35.8624841678601));
#2783=CARTESIAN_POINT('Ctrl Pts',(-9.10018691587439,-288.10568692054,36.7917780146072));
#2784=CARTESIAN_POINT('Ctrl Pts',(-8.96357280625739,-288.08133932975,37.7204755619351));
#2785=CARTESIAN_POINT('Ctrl Pts',(-8.68427285920939,-288.056991738961,38.6041516971772));
#2786=CARTESIAN_POINT('Ctrl Pts',(-7.97039869308362,-287.99476073514,40.8627756992176));
#2787=CARTESIAN_POINT('Ctrl Pts',(-6.32438163223212,-287.932529731319,42.8272822881925));
#2788=CARTESIAN_POINT('Ctrl Pts',(-4.22787815201841,-287.870298727497,43.9260186233872));
#2789=CARTESIAN_POINT('Ctrl Pts',(-2.13137467180721,-287.808067723676,45.0247549585806));
#2790=CARTESIAN_POINT('Ctrl Pts',(0.415615227765168,-287.745836719855,45.2577210399959));
#2791=CARTESIAN_POINT('Ctrl Pts',(2.68272237183506,-287.683605716034,44.5584087726366));
#2792=CARTESIAN_POINT('',(8.88034089467003,-287.683605716034,33.8670618338791));
#2793=CARTESIAN_POINT('Origin',(1.11100064049565E-14,-287.683605716034,
35.8612653953169));
#2794=CARTESIAN_POINT('Ctrl Pts',(8.87604954919835,-287.683605716035,33.8672452268038));
#2795=CARTESIAN_POINT('Ctrl Pts',(9.16646626214958,-287.718556615478,35.1694291618735));
#2796=CARTESIAN_POINT('Ctrl Pts',(9.17873577124882,-287.75350751492,36.5348344581171));
#2797=CARTESIAN_POINT('Ctrl Pts',(8.89051781458013,-287.788458414363,37.833579770655));
#2798=CARTESIAN_POINT('Ctrl Pts',(8.37733809535442,-287.850689418185,40.1460302596439));
#2799=CARTESIAN_POINT('Ctrl Pts',(6.91153055497119,-287.912920422006,42.2471502864001));
#2800=CARTESIAN_POINT('Ctrl Pts',(4.91806776189056,-287.975151425827,43.5261101978967));
#2801=CARTESIAN_POINT('Ctrl Pts',(2.92460496880992,-288.037382429648,44.8050701093933));
#2802=CARTESIAN_POINT('Ctrl Pts',(0.40348692303188,-288.099613433469,45.2618699056305));
#2803=CARTESIAN_POINT('Ctrl Pts',(-1.91227449071514,-288.16184443729,44.7648369430163));
#2804=CARTESIAN_POINT('Ctrl Pts',(-4.22803590446217,-288.224075441112,44.2678039804021));
#2805=CARTESIAN_POINT('Ctrl Pts',(-6.33844068617819,-288.286306444933,42.8169382589366));
#2806=CARTESIAN_POINT('Ctrl Pts',(-7.63112837773453,-288.348537448754,40.8314825781143));
#2807=CARTESIAN_POINT('Ctrl Pts',(-8.58530251346712,-288.394472143324,39.365954229188));
#2808=CARTESIAN_POINT('Ctrl Pts',(-9.09395262503447,-288.440406837895,37.6091605113007));
#2809=CARTESIAN_POINT('Ctrl Pts',(-9.10102624556045,-288.486341532466,35.8575341171596));
#2810=CARTESIAN_POINT('Origin',(1.11100064049565E-14,-300.995534517559,
35.8612653953169));
#2811=CARTESIAN_POINT('',(-9.10252847546305,-289.986341532559,35.8618460517237));
#2812=CARTESIAN_POINT('',(-9.1009014212288,-289.630034511396,35.8609591253004));
#2813=CARTESIAN_POINT('',(-9.10149999999999,-300.995534517559,35.861265395317));
#2814=CARTESIAN_POINT('Ctrl Pts',(-9.1009014212288,-289.630034511396,35.8609591253004));
#2815=CARTESIAN_POINT('Ctrl Pts',(-9.09645500639105,-289.589705839193,37.3989626986829));
#2816=CARTESIAN_POINT('Ctrl Pts',(-8.70649736041231,-289.549377166991,38.9381883607139));
#2817=CARTESIAN_POINT('Ctrl Pts',(-7.96086876123665,-289.509048494788,40.2807063694245));
#2818=CARTESIAN_POINT('Ctrl Pts',(-6.9381342336087,-289.453732046947,42.122158699698));
#2819=CARTESIAN_POINT('Ctrl Pts',(-5.24624101928705,-289.398415599106,43.5935256075455));
#2820=CARTESIAN_POINT('Ctrl Pts',(-3.28182229154549,-289.343099151265,44.3523154917367));
#2821=CARTESIAN_POINT('Ctrl Pts',(-1.31740356380399,-289.287782703424,45.1111053759278));
#2822=CARTESIAN_POINT('Ctrl Pts',(0.919540677357432,-289.232466255583,45.1573182364627));
#2823=CARTESIAN_POINT('Ctrl Pts',(2.91755601276505,-289.177149807742,44.4837767830565));
#2824=CARTESIAN_POINT('Ctrl Pts',(3.47949782584846,-289.161592056787,44.294343249286));
#2825=CARTESIAN_POINT('Ctrl Pts',(4.02253998916029,-289.146034305831,44.0479760246666));
#2826=CARTESIAN_POINT('Ctrl Pts',(4.53642793909883,-289.130476554876,43.7519264863281));
#2827=CARTESIAN_POINT('Ctrl Pts',(5.05031588903735,-289.114918803921,43.4558769479895));
#2828=CARTESIAN_POINT('Ctrl Pts',(5.53504962560256,-289.099361052965,43.1101450959318));
#2829=CARTESIAN_POINT('Ctrl Pts',(5.98226521972588,-289.08380330201,42.7204743558399));
#2830=CARTESIAN_POINT('Ctrl Pts',(6.87669640797257,-289.0526878001,41.9411328756561));
#2831=CARTESIAN_POINT('Ctrl Pts',(7.62105502645185,-289.021572298189,40.9860358433355));
#2832=CARTESIAN_POINT('Ctrl Pts',(8.14832943810886,-288.990456796278,39.9241262135358));
#2833=CARTESIAN_POINT('Ctrl Pts',(9.20287826142286,-288.928225792457,37.8003069539363));
#2834=CARTESIAN_POINT('Ctrl Pts',(9.38909025744793,-288.865994788636,35.2492373044202));
#2835=CARTESIAN_POINT('Ctrl Pts',(8.64617623913207,-288.803763784815,33.0017359118719));
#2836=CARTESIAN_POINT('Ctrl Pts',(7.90326222081623,-288.741532780994,30.7542345193236));
#2837=CARTESIAN_POINT('Ctrl Pts',(6.23122218815943,-288.679301777172,28.8103013837432));
#2838=CARTESIAN_POINT('Ctrl Pts',(4.11835666748011,-288.617070773351,27.7385827999698));
#2839=CARTESIAN_POINT('Ctrl Pts',(2.00549114680077,-288.55483976953,26.6668642161963));
#2840=CARTESIAN_POINT('Ctrl Pts',(-0.548199861901122,-288.492608765709,
26.4673601842296));
#2841=CARTESIAN_POINT('Ctrl Pts',(-2.8016651491741,-288.430377761888,27.1963062870233));
#2842=CARTESIAN_POINT('Ctrl Pts',(-5.05513043644708,-288.368146758067,27.925252389817));
#2843=CARTESIAN_POINT('Ctrl Pts',(-7.00837000229116,-288.305915754246,29.5826486273711));
#2844=CARTESIAN_POINT('Ctrl Pts',(-8.09412414951318,-288.243684750424,31.6877174537011));
#2845=CARTESIAN_POINT('Ctrl Pts',(-8.75508203681168,-288.205801337393,32.9691878930532));
#2846=CARTESIAN_POINT('Ctrl Pts',(-9.09456524709771,-288.167917924361,34.4165578366444));
#2847=CARTESIAN_POINT('Ctrl Pts',(-9.09798746411363,-288.130034511329,35.8624841678601));
#2848=CARTESIAN_POINT('Ctrl Pts',(-9.10102624556149,-288.486341532465,35.8575341171596));
#2849=CARTESIAN_POINT('Ctrl Pts',(-9.10353576279438,-288.502637841716,35.2361074226494));
#2850=CARTESIAN_POINT('Ctrl Pts',(-9.04291553693531,-288.518934150966,34.6153311011658));
#2851=CARTESIAN_POINT('Ctrl Pts',(-8.91666268812028,-288.535230460217,34.0084415981134));
#2852=CARTESIAN_POINT('Ctrl Pts',(-8.43453870555195,-288.597461464038,31.6909019391139));
#2853=CARTESIAN_POINT('Ctrl Pts',(-6.99532013901857,-288.659692467859,29.5758682612943));
#2854=CARTESIAN_POINT('Ctrl Pts',(-5.02010061424022,-288.72192347168,28.2652347950049));
#2855=CARTESIAN_POINT('Ctrl Pts',(-3.70328759772131,-288.763410807561,27.391479150812));
#2856=CARTESIAN_POINT('Ctrl Pts',(-2.14825193309353,-288.804898143442,26.8752347117436));
#2857=CARTESIAN_POINT('Ctrl Pts',(-0.569245426738882,-288.846385479323,
26.7772798517539));
#2858=CARTESIAN_POINT('Ctrl Pts',(1.00976107961576,-288.887872815203,26.6793249917641));
#2859=CARTESIAN_POINT('Ctrl Pts',(2.61273842769728,-288.929360151084,26.9996597108531));
#2860=CARTESIAN_POINT('Ctrl Pts',(4.03006103896596,-288.970847486965,27.6993319803477));
#2861=CARTESIAN_POINT('Ctrl Pts',(5.44738365023463,-289.012334822846,28.3990042498424));
#2862=CARTESIAN_POINT('Ctrl Pts',(6.67905152469048,-289.053822158726,29.4780140697429));
#2863=CARTESIAN_POINT('Ctrl Pts',(7.5599397241696,-289.095309494607,30.7914489724849));
#2864=CARTESIAN_POINT('Ctrl Pts',(8.44082792364873,-289.136796830488,32.104883875227));
#2865=CARTESIAN_POINT('Ctrl Pts',(8.97093644815113,-289.178284166369,33.6527438608107));
#2866=CARTESIAN_POINT('Ctrl Pts',(9.08050527990182,-289.21977150225,35.2299827559228));
#2867=CARTESIAN_POINT('Ctrl Pts',(9.19007411165251,-289.26125883813,36.8072216510349));
#2868=CARTESIAN_POINT('Ctrl Pts',(8.87910325065149,-289.302746174011,38.4138394556754));
#2869=CARTESIAN_POINT('Ctrl Pts',(8.18866607955387,-289.344233509892,39.8364687920021));
#2870=CARTESIAN_POINT('Ctrl Pts',(7.49822890845627,-289.385720845773,41.2590981283287));
#2871=CARTESIAN_POINT('Ctrl Pts',(6.42832542726208,-289.427208181653,42.4977389963415));
#2872=CARTESIAN_POINT('Ctrl Pts',(5.1211045864219,-289.468695517534,43.3872012209249));
#2873=CARTESIAN_POINT('Ctrl Pts',(3.81388374558168,-289.510182853415,44.2766634455083));
#2874=CARTESIAN_POINT('Ctrl Pts',(2.26934554509545,-289.551670189296,44.8169470266621));
#2875=CARTESIAN_POINT('Ctrl Pts',(0.692700865962194,-289.593157525177,44.9369786446651));
#2876=CARTESIAN_POINT('Ctrl Pts',(-0.883943813171015,-289.634644861057,
45.0570102626681));
#2877=CARTESIAN_POINT('Ctrl Pts',(-2.49269497095126,-289.676132196938,44.7567899175202));
#2878=CARTESIAN_POINT('Ctrl Pts',(-3.91959648638679,-289.717619532819,44.0760543968521));
#2879=CARTESIAN_POINT('Ctrl Pts',(-5.34649800182234,-289.7591068687,43.3953188761841));
#2880=CARTESIAN_POINT('Ctrl Pts',(-6.59154987491318,-289.80059420458,42.3340681799958));
#2881=CARTESIAN_POINT('Ctrl Pts',(-7.49022061628411,-289.842081540461,41.0328234006837));
#2882=CARTESIAN_POINT('Ctrl Pts',(-8.38889135765504,-289.883568876342,39.7315786213716));
#2883=CARTESIAN_POINT('Ctrl Pts',(-8.94118096730607,-289.925056212223,38.1903397589356));
#2884=CARTESIAN_POINT('Ctrl Pts',(-9.07195286517042,-289.966543548103,36.6152259023913));
#2885=CARTESIAN_POINT('Ctrl Pts',(-9.09275455437825,-289.973142876255,36.3646749090519));
#2886=CARTESIAN_POINT('Ctrl Pts',(-9.10289067085471,-289.979742204407,36.1132667839637));
#2887=CARTESIAN_POINT('Ctrl Pts',(-9.10252847546305,-289.986341532559,35.8618460517237));
#2888=CARTESIAN_POINT('Origin',(1.11100064049565E-14,-300.995534517559,
35.8612653953169));
#2889=CARTESIAN_POINT('',(-9.10290199340764,-291.486341532629,35.8590811637564));
#2890=CARTESIAN_POINT('',(-9.10445646251139,-291.130034511335,35.8598502562112));
#2891=CARTESIAN_POINT('',(-9.10149999999999,-300.995534517559,35.861265395317));
#2892=CARTESIAN_POINT('Ctrl Pts',(-9.10445646251139,-291.130034511335,35.8598502562112));
#2893=CARTESIAN_POINT('Ctrl Pts',(-9.10263563784102,-291.101382981682,36.9524865145585));
#2894=CARTESIAN_POINT('Ctrl Pts',(-8.90390878394732,-291.07273145203,38.0461699069876));
#2895=CARTESIAN_POINT('Ctrl Pts',(-8.5183434914078,-291.044079922377,39.0684412350246));
#2896=CARTESIAN_POINT('Ctrl Pts',(-7.96004601168015,-291.002592586496,40.5486872973238));
#2897=CARTESIAN_POINT('Ctrl Pts',(-7.01000512327294,-290.961105250615,41.879203969201));
#2898=CARTESIAN_POINT('Ctrl Pts',(-5.79038191674241,-290.919617914734,42.8847774963077));
#2899=CARTESIAN_POINT('Ctrl Pts',(-4.57075871021186,-290.878130578854,43.8903510234144));
#2900=CARTESIAN_POINT('Ctrl Pts',(-3.08155318555797,-290.836643242973,44.5709814057506));
#2901=CARTESIAN_POINT('Ctrl Pts',(-1.52242075751748,-290.795155907092,44.8355537872222));
#2902=CARTESIAN_POINT('Ctrl Pts',(0.0367116705230419,-290.753668571211,
45.1001261686938));
#2903=CARTESIAN_POINT('Ctrl Pts',(1.66577100195008,-290.71218123533,44.9486405493009));
#2904=CARTESIAN_POINT('Ctrl Pts',(3.14919577916769,-290.67069389945,44.4015459234053));
#2905=CARTESIAN_POINT('Ctrl Pts',(4.63262055638528,-290.629206563569,43.8544512975098));
#2906=CARTESIAN_POINT('Ctrl Pts',(5.97041077939341,-290.587719227688,42.9117476651116));
#2907=CARTESIAN_POINT('Ctrl Pts',(6.98442555675591,-290.546231891807,41.6985227211532));
#2908=CARTESIAN_POINT('Ctrl Pts',(7.99844033411839,-290.504744555927,40.4852977771948));
#2909=CARTESIAN_POINT('Ctrl Pts',(8.68867966583532,-290.463257220046,39.0015515216762));
#2910=CARTESIAN_POINT('Ctrl Pts',(8.9636895858358,-290.421769884165,37.4444813429815));
#2911=CARTESIAN_POINT('Ctrl Pts',(9.23869950583629,-290.380282548284,35.8874111642867));
#2912=CARTESIAN_POINT('Ctrl Pts',(9.09848001412033,-290.338795212403,34.2570170624159));
#2913=CARTESIAN_POINT('Ctrl Pts',(8.56142565570398,-290.297307876523,32.7698532760352));
#2914=CARTESIAN_POINT('Ctrl Pts',(8.02437129728761,-290.255820540642,31.2826894896545));
#2915=CARTESIAN_POINT('Ctrl Pts',(7.09048207217081,-290.214333204761,29.938756018764));
#2916=CARTESIAN_POINT('Ctrl Pts',(5.88416352803719,-290.17284586888,28.9167246090722));
#2917=CARTESIAN_POINT('Ctrl Pts',(4.67784498390361,-290.131358533,27.8946931993804));
#2918=CARTESIAN_POINT('Ctrl Pts',(3.19909712075318,-290.089871197119,27.1945638508873));
#2919=CARTESIAN_POINT('Ctrl Pts',(1.64376335070356,-290.048383861238,26.908796036451));
#2920=CARTESIAN_POINT('Ctrl Pts',(0.088429580653909,-290.006896525357,26.6230282220146));
#2921=CARTESIAN_POINT('Ctrl Pts',(-1.54349009629492,-289.965409189477,26.7516219416351));
#2922=CARTESIAN_POINT('Ctrl Pts',(-3.03385340402085,-289.923921853596,27.2785075906978));
#2923=CARTESIAN_POINT('Ctrl Pts',(-4.52421671174676,-289.882434517715,27.8053932397605));
#2924=CARTESIAN_POINT('Ctrl Pts',(-5.87302365024977,-289.840947181834,28.7305708182654));
#2925=CARTESIAN_POINT('Ctrl Pts',(-6.90450668276326,-289.799459845953,29.9301567937914));
#2926=CARTESIAN_POINT('Ctrl Pts',(-7.93598971527678,-289.757972510073,31.1297427693173));
#2927=CARTESIAN_POINT('Ctrl Pts',(-8.65014884180079,-289.716485174192,32.6037371418643));
#2928=CARTESIAN_POINT('Ctrl Pts',(-8.94459039379994,-289.674997838311,34.1568710609731));
#2929=CARTESIAN_POINT('Ctrl Pts',(-9.05096077951595,-289.660010062673,34.7179584921544));
#2930=CARTESIAN_POINT('Ctrl Pts',(-9.1025538899153,-289.645022287034,35.2893744132383));
#2931=CARTESIAN_POINT('Ctrl Pts',(-9.1009014212288,-289.630034511396,35.8609591253004));
#2932=CARTESIAN_POINT('Ctrl Pts',(-9.10252847546304,-289.986341532559,35.8618460517237));
#2933=CARTESIAN_POINT('Ctrl Pts',(-9.10061369333177,-290.021229540288,34.5326852269103));
#2934=CARTESIAN_POINT('Ctrl Pts',(-8.80529063402155,-290.056117548017,33.2031720556692));
#2935=CARTESIAN_POINT('Ctrl Pts',(-8.24127219520484,-290.091005555746,31.9980855779996));
#2936=CARTESIAN_POINT('Ctrl Pts',(-7.57056544129726,-290.132492891627,30.565047960805));
#2937=CARTESIAN_POINT('Ctrl Pts',(-6.51989774740444,-290.173980227507,29.3079615770685));
#2938=CARTESIAN_POINT('Ctrl Pts',(-5.22385616013941,-290.215467563388,28.4037632838772));
#2939=CARTESIAN_POINT('Ctrl Pts',(-3.27979377924189,-290.277698567209,27.0474658440903));
#2940=CARTESIAN_POINT('Ctrl Pts',(-0.783640138256948,-290.33992957103,26.4851666080301));
#2941=CARTESIAN_POINT('Ctrl Pts',(1.54899148785277,-290.402160574852,26.8869883949199));
#2942=CARTESIAN_POINT('Ctrl Pts',(3.88162311396252,-290.464391578673,27.2888101818096));
#2943=CARTESIAN_POINT('Ctrl Pts',(6.05073272519703,-290.526622582494,28.6547529916494));
#2944=CARTESIAN_POINT('Ctrl Pts',(7.42379046837828,-290.588853586315,30.5864038488954));
#2945=CARTESIAN_POINT('Ctrl Pts',(8.79684821155951,-290.651084590136,32.5180547061414));
#2946=CARTESIAN_POINT('Ctrl Pts',(9.37385408668749,-290.713315593957,35.0154136107937));
#2947=CARTESIAN_POINT('Ctrl Pts',(8.98628410486797,-290.775546597779,37.3516718160247));
#2948=CARTESIAN_POINT('Ctrl Pts',(8.59871412304845,-290.8377776016,39.6879300212557));
#2949=CARTESIAN_POINT('Ctrl Pts',(7.24656828428138,-290.900008605421,41.8630875270653));
#2950=CARTESIAN_POINT('Ctrl Pts',(5.3245016534261,-290.962239609242,43.2475802838067));
#2951=CARTESIAN_POINT('Ctrl Pts',(3.40243502257083,-291.024470613063,44.632073040548));
#2952=CARTESIAN_POINT('Ctrl Pts',(0.910447599627345,-291.086701616884,45.2259010482211));
#2953=CARTESIAN_POINT('Ctrl Pts',(-1.42857225289811,-291.148932620705,44.854902115406));
#2954=CARTESIAN_POINT('Ctrl Pts',(-3.76759210542357,-291.211163624527,44.483903182591));
#2955=CARTESIAN_POINT('Ctrl Pts',(-5.953644387531,-291.273394628348,43.1480773092877));
#2956=CARTESIAN_POINT('Ctrl Pts',(-7.35154282783922,-291.335625632169,41.236075838699));
#2957=CARTESIAN_POINT('Ctrl Pts',(-8.48005599783654,-291.385864265656,39.6925310586234));
#2958=CARTESIAN_POINT('Ctrl Pts',(-9.09491239404643,-291.436102899142,37.7734802761141));
#2959=CARTESIAN_POINT('Ctrl Pts',(-9.10290199340764,-291.486341532629,35.8590811637564));
#2960=CARTESIAN_POINT('Origin',(1.11100064049565E-14,-300.995534517559,
35.8612653953169));
#2961=CARTESIAN_POINT('',(-9.10108205565507,-292.986341532732,35.861684977555));
#2962=CARTESIAN_POINT('',(-9.09551507635119,-292.630034511193,35.8615097836595));
#2963=CARTESIAN_POINT('',(-9.10149999999999,-300.995534517559,35.861265395317));
#2964=CARTESIAN_POINT('Ctrl Pts',(-9.09551507635119,-292.630034511193,35.8615097836595));
#2965=CARTESIAN_POINT('Ctrl Pts',(-9.09608855929398,-292.599231012157,37.0373383665082));
#2966=CARTESIAN_POINT('Ctrl Pts',(-8.87553124903304,-292.568427513121,38.213117491874));
#2967=CARTESIAN_POINT('Ctrl Pts',(-8.4329361356136,-292.537624014084,39.2989275411177));
#2968=CARTESIAN_POINT('Ctrl Pts',(-7.53877998270412,-292.475393010263,41.4925435729832));
#2969=CARTESIAN_POINT('Ctrl Pts',(-5.73838966451562,-292.413162006442,43.3189561402109));
#2970=CARTESIAN_POINT('Ctrl Pts',(-3.55959447060526,-292.350931002621,44.2437757480249));
#2971=CARTESIAN_POINT('Ctrl Pts',(-1.3807992766949,-292.2886999988,45.1685953558389));
#2972=CARTESIAN_POINT('Ctrl Pts',(1.1764007929373,-292.226468994979,45.191822004239));
#2973=CARTESIAN_POINT('Ctrl Pts',(3.37975662319698,-292.164237991158,44.3156805782439));
#2974=CARTESIAN_POINT('Ctrl Pts',(4.84866051003678,-292.122750655277,43.7315862942471));
#2975=CARTESIAN_POINT('Ctrl Pts',(6.16030029048879,-292.081263319396,42.7477728660747));
#2976=CARTESIAN_POINT('Ctrl Pts',(7.13983458996801,-292.039775983515,41.5063839895766));
#2977=CARTESIAN_POINT('Ctrl Pts',(8.11936888944721,-291.998288647634,40.2649951130785));
#2978=CARTESIAN_POINT('Ctrl Pts',(8.76679770795362,-291.956801311754,38.7660307882548));
#2979=CARTESIAN_POINT('Ctrl Pts',(9.0020404646639,-291.915313975873,37.202040927198));
#2980=CARTESIAN_POINT('Ctrl Pts',(9.15886896913742,-291.887655751952,36.1593810198269));
#2981=CARTESIAN_POINT('Ctrl Pts',(9.13250366836821,-291.859997528032,35.0878208741299));
#2982=CARTESIAN_POINT('Ctrl Pts',(8.92167370543315,-291.832339304111,34.0547294850995));
#2983=CARTESIAN_POINT('Ctrl Pts',(8.50001377956305,-291.77702285627,31.9885467070388));
#2984=CARTESIAN_POINT('Ctrl Pts',(7.34049520502959,-291.721706408429,30.0762389556443));
#2985=CARTESIAN_POINT('Ctrl Pts',(5.69839579905613,-291.666389960588,28.7580625383302));
#2986=CARTESIAN_POINT('Ctrl Pts',(4.05629639308267,-291.611073512747,27.439886121016));
#2987=CARTESIAN_POINT('Ctrl Pts',(1.93161615566922,-291.555757064906,26.7158410377822));
#2988=CARTESIAN_POINT('Ctrl Pts',(-0.175693237265367,-291.500440617065,
26.7567581849546));
#2989=CARTESIAN_POINT('Ctrl Pts',(-2.28300263019996,-291.445124169224,26.7976753321269));
#2990=CARTESIAN_POINT('Ctrl Pts',(-4.37294117865567,-291.389807721383,27.6035547097055));
#2991=CARTESIAN_POINT('Ctrl Pts',(-5.9637990728477,-291.334491273542,28.9838553128751));
#2992=CARTESIAN_POINT('Ctrl Pts',(-7.5546569670397,-291.279174825701,30.3641559160447));
#2993=CARTESIAN_POINT('Ctrl Pts',(-8.64643420696803,-291.22385837786,32.3188777448054));
#2994=CARTESIAN_POINT('Ctrl Pts',(-8.98744039851973,-291.168541930019,34.3985017306332));
#2995=CARTESIAN_POINT('Ctrl Pts',(-9.06656857048482,-291.155706123791,34.8810643598469));
#2996=CARTESIAN_POINT('Ctrl Pts',(-9.10527218693959,-291.142870317563,35.370352227324));
#2997=CARTESIAN_POINT('Ctrl Pts',(-9.10445646251137,-291.130034511335,35.8598502562112));
#2998=CARTESIAN_POINT('Ctrl Pts',(-9.10290199340764,-291.486341532629,35.8590811637564));
#2999=CARTESIAN_POINT('Ctrl Pts',(-9.10480917574349,-291.498333902964,35.4020985284836));
#3000=CARTESIAN_POINT('Ctrl Pts',(-9.07213613394068,-291.510326273298,34.945380952689));
#3001=CARTESIAN_POINT('Ctrl Pts',(-9.00361502856405,-291.522318643632,34.4940993275819));
#3002=CARTESIAN_POINT('Ctrl Pts',(-8.64804419047166,-291.584549647454,32.1523013549278));
#3003=CARTESIAN_POINT('Ctrl Pts',(-7.32715791577786,-291.646780651275,29.9568824774938));
#3004=CARTESIAN_POINT('Ctrl Pts',(-5.4245460495497,-291.709011655096,28.5461539848512));
#3005=CARTESIAN_POINT('Ctrl Pts',(-3.52193418332157,-291.771242658917,27.1354254922087));
#3006=CARTESIAN_POINT('Ctrl Pts',(-1.03759672555907,-291.833473662738,26.5093873843576));
#3007=CARTESIAN_POINT('Ctrl Pts',(1.30639615123097,-291.895704666559,26.8488559381901));
#3008=CARTESIAN_POINT('Ctrl Pts',(3.65038902802102,-291.957935670381,27.1883244920226));
#3009=CARTESIAN_POINT('Ctrl Pts',(5.85403732383864,-292.020166674202,28.4932997075386));
#3010=CARTESIAN_POINT('Ctrl Pts',(7.27793793072575,-292.082397678023,30.3868802230343));
#3011=CARTESIAN_POINT('Ctrl Pts',(8.70183853761286,-292.144628681844,32.2804607385299));
#3012=CARTESIAN_POINT('Ctrl Pts',(9.34599145556944,-292.206859685665,34.7626465540051));
#3013=CARTESIAN_POINT('Ctrl Pts',(9.02147837627118,-292.269090689486,37.1074593382057));
#3014=CARTESIAN_POINT('Ctrl Pts',(8.69696529697291,-292.331321693308,39.4522721224062));
#3015=CARTESIAN_POINT('Ctrl Pts',(7.40378622041979,-292.393552697129,41.6597118753321));
#3016=CARTESIAN_POINT('Ctrl Pts',(5.52172727044066,-292.45578370095,43.1006299441141));
#3017=CARTESIAN_POINT('Ctrl Pts',(4.2670213037879,-292.497271036831,44.0612419899687));
#3018=CARTESIAN_POINT('Ctrl Pts',(2.75059094894579,-292.538758372711,44.6811777317594));
#3019=CARTESIAN_POINT('Ctrl Pts',(1.1816843953656,-292.580245708592,44.8858802764978));
#3020=CARTESIAN_POINT('Ctrl Pts',(-0.387222158214587,-292.621733044473,
45.0905828212362));
#3021=CARTESIAN_POINT('Ctrl Pts',(-2.00860491053285,-292.663220380354,44.8800521689223));
#3022=CARTESIAN_POINT('Ctrl Pts',(-3.46989785220061,-292.704707716234,44.2777251298521));
#3023=CARTESIAN_POINT('Ctrl Pts',(-4.93119079386835,-292.746195052115,43.6753980907819));
#3024=CARTESIAN_POINT('Ctrl Pts',(-6.23239392488559,-292.787682387996,42.6812746649555));
#3025=CARTESIAN_POINT('Ctrl Pts',(-7.19980270945482,-292.829169723877,41.4301224914881));
#3026=CARTESIAN_POINT('Ctrl Pts',(-8.16721149402406,-292.870657059758,40.1789703180208));
#3027=CARTESIAN_POINT('Ctrl Pts',(-8.8008259321453,-292.912144395638,38.6707893969125));
#3028=CARTESIAN_POINT('Ctrl Pts',(-9.01683026328761,-292.953631731519,37.1046034826115));
#3029=CARTESIAN_POINT('Ctrl Pts',(-9.07359825913404,-292.96453499859,36.6929949051001));
#3030=CARTESIAN_POINT('Ctrl Pts',(-9.10152240644972,-292.975438265661,36.2773799895962));
#3031=CARTESIAN_POINT('Ctrl Pts',(-9.10108205565507,-292.986341532732,35.861684977555));
#3032=CARTESIAN_POINT('Origin',(1.11100064049565E-14,-300.995534517559,
35.8612653953169));
#3033=CARTESIAN_POINT('',(-9.10482760180887,-294.486341532791,35.8597290603425));
#3034=CARTESIAN_POINT('',(-9.09654588228672,-294.130034511079,35.8596945941421));
#3035=CARTESIAN_POINT('',(-9.10149999999999,-300.995534517559,35.861265395317));
#3036=CARTESIAN_POINT('Ctrl Pts',(-9.09654588228672,-294.130034511079,35.8596945941421));
#3037=CARTESIAN_POINT('Ctrl Pts',(-9.09575560992091,-294.09707904265,37.1183674608388));
#3038=CARTESIAN_POINT('Ctrl Pts',(-8.84172775679696,-294.064123574221,38.3777493437987));
#3039=CARTESIAN_POINT('Ctrl Pts',(-8.33699814183735,-294.031168105792,39.5264109942561));
#3040=CARTESIAN_POINT('Ctrl Pts',(-7.38389894177527,-293.968937101971,41.6954703633612));
#3041=CARTESIAN_POINT('Ctrl Pts',(-5.53684399452945,-293.90670609815,43.4697220236956));
#3042=CARTESIAN_POINT('Ctrl Pts',(-3.3325640821742,-293.844475094329,44.3361475596277));
#3043=CARTESIAN_POINT('Ctrl Pts',(-1.12828416981894,-293.782244090508,45.2025730955599));
#3044=CARTESIAN_POINT('Ctrl Pts',(1.43322070764573,-293.720013086686,45.1611725070896));
#3045=CARTESIAN_POINT('Ctrl Pts',(3.60803533167151,-293.657782082865,44.2229369354286));
#3046=CARTESIAN_POINT('Ctrl Pts',(5.78284995569728,-293.595551079044,43.2847013637676));
#3047=CARTESIAN_POINT('Ctrl Pts',(7.57097432628417,-293.533320075223,41.4496308089158));
#3048=CARTESIAN_POINT('Ctrl Pts',(8.45251301302839,-293.471089071402,39.251083749882));
#3049=CARTESIAN_POINT('Ctrl Pts',(9.33405169977261,-293.408858067581,37.0525366908482));
#3050=CARTESIAN_POINT('Ctrl Pts',(9.30900470267416,-293.34662706376,34.4905131276324));
#3051=CARTESIAN_POINT('Ctrl Pts',(8.38553313229838,-293.284396059939,32.3096484637415));
#3052=CARTESIAN_POINT('Ctrl Pts',(7.46206156192261,-293.222165056117,30.1287837998507));
#3053=CARTESIAN_POINT('Ctrl Pts',(5.64016541826951,-293.159934052296,28.3290780352848));
#3054=CARTESIAN_POINT('Ctrl Pts',(3.44714412131331,-293.097703048475,27.4320997758463));
#3055=CARTESIAN_POINT('Ctrl Pts',(1.25412282435708,-293.035472044654,26.5351215164078));
#3056=CARTESIAN_POINT('Ctrl Pts',(-1.31002362590226,-292.973241040833,26.5408707620967));
#3057=CARTESIAN_POINT('Ctrl Pts',(-3.49689121563564,-292.911010037011,27.4499208030178));
#3058=CARTESIAN_POINT('Ctrl Pts',(-5.68375880536902,-292.84877903319,28.3589708439389));
#3059=CARTESIAN_POINT('Ctrl Pts',(-7.49334753457644,-292.786548029369,30.1713216800922));
#3060=CARTESIAN_POINT('Ctrl Pts',(-8.40418090536496,-292.724317025548,32.3579068464204));
#3061=CARTESIAN_POINT('Ctrl Pts',(-8.8641641670997,-292.692889520763,33.4621621461552));
#3062=CARTESIAN_POINT('Ctrl Pts',(-9.0949299760057,-292.661462015978,34.6618617056879));
#3063=CARTESIAN_POINT('Ctrl Pts',(-9.0955150763512,-292.630034511193,35.8615097836595));
#3064=CARTESIAN_POINT('Ctrl Pts',(-9.10108205565507,-292.986341532732,35.861684977555));
#3065=CARTESIAN_POINT('Ctrl Pts',(-9.09984685533243,-293.016925601542,34.6956450402409));
#3066=CARTESIAN_POINT('Ctrl Pts',(-8.87543316880105,-293.047509670352,33.5289748846917));
#3067=CARTESIAN_POINT('Ctrl Pts',(-8.43842058877136,-293.078093739161,32.4483293540247));
#3068=CARTESIAN_POINT('Ctrl Pts',(-7.84561235894937,-293.119581075042,30.9824320472327));
#3069=CARTESIAN_POINT('Ctrl Pts',(-6.86160167514199,-293.161068410923,29.6748283411424));
#3070=CARTESIAN_POINT('Ctrl Pts',(-5.61750787605143,-293.202555746804,28.6990359354855));
#3071=CARTESIAN_POINT('Ctrl Pts',(-4.37341407696088,-293.244043082685,27.7232435298287));
#3072=CARTESIAN_POINT('Ctrl Pts',(-2.86923716258717,-293.285530418565,27.0792624246053));
#3073=CARTESIAN_POINT('Ctrl Pts',(-1.30420683997552,-293.327017754446,26.8526321263762));
#3074=CARTESIAN_POINT('Ctrl Pts',(0.260823482636105,-293.368505090327,26.6260018281472));
#3075=CARTESIAN_POINT('Ctrl Pts',(1.88670721348567,-293.409992426208,26.8167223369125));
#3076=CARTESIAN_POINT('Ctrl Pts',(3.35635097692979,-293.451479762088,27.3995952391571));
#3077=CARTESIAN_POINT('Ctrl Pts',(4.82599474037393,-293.492967097969,27.9824681414017));
#3078=CARTESIAN_POINT('Ctrl Pts',(6.13939853641262,-293.53445443385,28.9574934371258));
#3079=CARTESIAN_POINT('Ctrl Pts',(7.12376618326798,-293.575941769731,30.1954566355831));
#3080=CARTESIAN_POINT('Ctrl Pts',(8.10813383012332,-293.617429105612,31.4334198340405));
#3081=CARTESIAN_POINT('Ctrl Pts',(8.76346532779534,-293.658916441492,32.9343209352312));
#3082=CARTESIAN_POINT('Ctrl Pts',(9.00034499761315,-293.700403777373,34.4970253464487));
#3083=CARTESIAN_POINT('Ctrl Pts',(9.23722466743097,-293.741891113254,36.0597297576662));
#3084=CARTESIAN_POINT('Ctrl Pts',(9.05565250939459,-293.783378449135,37.6842374789105));
#3085=CARTESIAN_POINT('Ctrl Pts',(8.4831506890366,-293.824865785015,39.1590704723197));
#3086=CARTESIAN_POINT('Ctrl Pts',(7.91064886867862,-293.866353120896,40.6339034657289));
#3087=CARTESIAN_POINT('Ctrl Pts',(6.94721738599906,-293.907840456777,41.9590617313029));
#3088=CARTESIAN_POINT('Ctrl Pts',(5.71532534367899,-293.949327792658,42.9488152695466));
#3089=CARTESIAN_POINT('Ctrl Pts',(3.8674872801989,-294.011558796479,44.4334455769121));
#3090=CARTESIAN_POINT('Ctrl Pts',(1.41561295752768,-294.0737898003,45.1634152477843));
#3091=CARTESIAN_POINT('Ctrl Pts',(-0.938975800638766,-294.136020804121,
44.9198880763068));
#3092=CARTESIAN_POINT('Ctrl Pts',(-3.29356455880521,-294.198251807942,44.6763609048293));
#3093=CARTESIAN_POINT('Ctrl Pts',(-5.55086775246688,-294.260482811763,43.4593368910021));
#3094=CARTESIAN_POINT('Ctrl Pts',(-7.05068652877993,-294.322713815585,41.6253743030787));
#3095=CARTESIAN_POINT('Ctrl Pts',(-8.36520773483873,-294.377256387987,40.0179916305734));
#3096=CARTESIAN_POINT('Ctrl Pts',(-9.09785176299827,-294.431798960389,37.936694949792));
#3097=CARTESIAN_POINT('Ctrl Pts',(-9.10482760180887,-294.486341532791,35.8597290603425));
#3098=CARTESIAN_POINT('Origin',(1.11100064049565E-14,-300.995534517559,
35.8612653953169));
#3099=CARTESIAN_POINT('',(-9.10022758193062,-295.986341532722,35.8627401570333));
#3100=CARTESIAN_POINT('',(-9.10403071003025,-295.630034511081,35.8591718314085));
#3101=CARTESIAN_POINT('',(-9.10149999999999,-300.995534517559,35.861265395317));
#3102=CARTESIAN_POINT('Ctrl Pts',(-9.10403071003025,-295.630034511081,35.8591718314085));
#3103=CARTESIAN_POINT('Ctrl Pts',(-9.10241775104382,-295.594927073221,37.1972444590056));
#3104=CARTESIAN_POINT('Ctrl Pts',(-8.80256961806591,-295.55981963536,38.5371120567562));
#3105=CARTESIAN_POINT('Ctrl Pts',(-8.23074473761102,-295.5247121975,39.7477566892684));
#3106=CARTESIAN_POINT('Ctrl Pts',(-7.55500499907263,-295.483224861619,41.1784056788436));
#3107=CARTESIAN_POINT('Ctrl Pts',(-6.49945683129832,-295.441737525739,42.4285981701935));
#3108=CARTESIAN_POINT('Ctrl Pts',(-5.20241824997588,-295.400250189858,43.3314667466539));
#3109=CARTESIAN_POINT('Ctrl Pts',(-3.90537966865345,-295.358762853977,44.2343353231144));
#3110=CARTESIAN_POINT('Ctrl Pts',(-2.3668506737829,-295.317275518096,44.7898799846854));
#3111=CARTESIAN_POINT('Ctrl Pts',(-0.79074257218875,-295.275788182215,44.9285539970569));
#3112=CARTESIAN_POINT('Ctrl Pts',(0.785365529405403,-295.234300846335,45.0672280094284));
#3113=CARTESIAN_POINT('Ctrl Pts',(2.39905273772316,-295.192813510454,44.7890313726004));
#3114=CARTESIAN_POINT('Ctrl Pts',(3.83145830647857,-295.151326174573,44.1210363767594));
#3115=CARTESIAN_POINT('Ctrl Pts',(5.98006665961169,-295.089095170752,43.119043882998));
#3116=CARTESIAN_POINT('Ctrl Pts',(7.72079132372953,-295.026864166931,41.2400050814574));
#3117=CARTESIAN_POINT('Ctrl Pts',(8.54172174916935,-294.96463316311,39.021349236292));
#3118=CARTESIAN_POINT('Ctrl Pts',(9.36265217460917,-294.902402159289,36.8026933911267));
#3119=CARTESIAN_POINT('Ctrl Pts',(9.26378836137098,-294.840171155467,34.2444205023367));
#3120=CARTESIAN_POINT('Ctrl Pts',(8.28460352862835,-294.777940151646,32.0845355174902));
#3121=CARTESIAN_POINT('Ctrl Pts',(7.63181364013326,-294.736452815766,30.6446121942592));
#3122=CARTESIAN_POINT('Ctrl Pts',(6.58776996519176,-294.694965479885,29.3817501616698));
#3123=CARTESIAN_POINT('Ctrl Pts',(5.30160224318121,-294.653478144004,28.4619357580931));
#3124=CARTESIAN_POINT('Ctrl Pts',(4.01543452117066,-294.611990808123,27.5421213545164));
#3125=CARTESIAN_POINT('Ctrl Pts',(2.48714275209105,-294.570503472242,26.9653545799523));
#3126=CARTESIAN_POINT('Ctrl Pts',(0.913550953042106,-294.529016136362,26.805546910301));
#3127=CARTESIAN_POINT('Ctrl Pts',(-0.660040846006834,-294.487528800481,
26.6457392406497));
#3128=CARTESIAN_POINT('Ctrl Pts',(-2.27893267502513,-294.4460414646,26.9028906759111));
#3129=CARTESIAN_POINT('Ctrl Pts',(-3.72037915534646,-294.404554128719,27.5512815011275));
#3130=CARTESIAN_POINT('Ctrl Pts',(-5.88254887582845,-294.342323124898,28.5238677389522));
#3131=CARTESIAN_POINT('Ctrl Pts',(-7.64546656174229,-294.280092121077,30.3767426041758));
#3132=CARTESIAN_POINT('Ctrl Pts',(-8.49735367826003,-294.217861117256,32.5851135757255));
#3133=CARTESIAN_POINT('Ctrl Pts',(-8.89810973068597,-294.188585581864,33.6240047805461));
#3134=CARTESIAN_POINT('Ctrl Pts',(-9.09724790983232,-294.159310046471,34.7415699303741));
#3135=CARTESIAN_POINT('Ctrl Pts',(-9.09654588228673,-294.130034511079,35.8596945941421));
#3136=CARTESIAN_POINT('Ctrl Pts',(-9.10482760180887,-294.486341532791,35.8597290603425));
#3137=CARTESIAN_POINT('Ctrl Pts',(-9.10581093016914,-294.49402996421,35.5669557440642));
#3138=CARTESIAN_POINT('Ctrl Pts',(-9.09237501948825,-294.501718395629,35.2742684818757));
#3139=CARTESIAN_POINT('Ctrl Pts',(-9.06411711737961,-294.509406827048,34.9830068167181));
#3140=CARTESIAN_POINT('Ctrl Pts',(-8.83539457070181,-294.571637830869,32.6255030803005));
#3141=CARTESIAN_POINT('Ctrl Pts',(-7.6356151183818,-294.63386883469,30.3613967694849));
#3142=CARTESIAN_POINT('Ctrl Pts',(-5.81217076854139,-294.696099838512,28.849928607969));
#3143=CARTESIAN_POINT('Ctrl Pts',(-3.98872641870097,-294.758330842333,27.338460446453));
#3144=CARTESIAN_POINT('Ctrl Pts',(-1.54161717134016,-294.820561846154,26.5796304342365));
#3145=CARTESIAN_POINT('Ctrl Pts',(0.817344784785995,-294.882792849975,26.7916584136895));
#3146=CARTESIAN_POINT('Ctrl Pts',(3.17630674091214,-294.945023853796,27.0036863931425));
#3147=CARTESIAN_POINT('Ctrl Pts',(5.44712140580364,-295.007254857617,28.186572364265));
#3148=CARTESIAN_POINT('Ctrl Pts',(6.97128688750109,-295.069485861439,30.0009444862995));
#3149=CARTESIAN_POINT('Ctrl Pts',(8.49545236919855,-295.13171686526,31.8153166083341));
#3150=CARTESIAN_POINT('Ctrl Pts',(9.27296866770198,-295.193947869081,34.2611748812809));
#3151=CARTESIAN_POINT('Ctrl Pts',(9.07549989811909,-295.256178872902,36.6186768685703));
#3152=CARTESIAN_POINT('Ctrl Pts',(8.8780311285362,-295.318409876723,38.9761788558596));
#3153=CARTESIAN_POINT('Ctrl Pts',(7.70557729086702,-295.380640880544,41.2453245574915));
#3154=CARTESIAN_POINT('Ctrl Pts',(5.90458076074195,-295.442871884366,42.7909558770443));
#3155=CARTESIAN_POINT('Ctrl Pts',(5.10413785846415,-295.470530108286,43.4779031301789));
#3156=CARTESIAN_POINT('Ctrl Pts',(4.17953837496052,-295.498188332207,44.0219339621621));
#3157=CARTESIAN_POINT('Ctrl Pts',(3.19078613548365,-295.525846556127,44.3889099511946));
#3158=CARTESIAN_POINT('Ctrl Pts',(1.21328165652988,-295.581163003968,45.1228619292597));
#3159=CARTESIAN_POINT('Ctrl Pts',(-1.0208338463168,-295.636479451809,45.1485945355223));
#3160=CARTESIAN_POINT('Ctrl Pts',(-3.00948337664472,-295.69179589965,44.4544201921149));
#3161=CARTESIAN_POINT('Ctrl Pts',(-4.50097052439067,-295.733283235531,43.9337894345594));
#3162=CARTESIAN_POINT('Ctrl Pts',(-5.85438306259484,-295.774770571412,43.0082110178145));
#3163=CARTESIAN_POINT('Ctrl Pts',(-6.88831189610679,-295.816257907292,41.8101619124338));
#3164=CARTESIAN_POINT('Ctrl Pts',(-7.92224072961872,-295.857745243173,40.6121128070531));
#3165=CARTESIAN_POINT('Ctrl Pts',(-8.63668585843846,-295.899232579054,39.1415930130366));
#3166=CARTESIAN_POINT('Ctrl Pts',(-8.9366269437861,-295.940719914935,37.5904118706918));
#3167=CARTESIAN_POINT('Ctrl Pts',(-9.04657051462861,-295.955927120864,37.0218255644335));
#3168=CARTESIAN_POINT('Ctrl Pts',(-9.10082160892379,-295.971134326793,36.4424016552113));
#3169=CARTESIAN_POINT('Ctrl Pts',(-9.10022758193062,-295.986341532722,35.8627401570333));
#3170=CARTESIAN_POINT('Origin',(1.11100064049565E-14,-300.995534517559,
35.8612653953169));
#3171=CARTESIAN_POINT('',(-9.10539946773282,-297.486341532578,35.8605493504468));
#3172=CARTESIAN_POINT('',(-9.09760182274784,-297.130034511186,35.8597281690271));
#3173=CARTESIAN_POINT('',(-9.10149999999999,-300.995534517559,35.861265395317));
#3174=CARTESIAN_POINT('',(-6.17890311300174,-297.683188021927,29.1785669455784));
#3175=CARTESIAN_POINT('Ctrl Pts',(-9.10539946773284,-297.486341532578,35.8605493504468));
#3176=CARTESIAN_POINT('Ctrl Pts',(-9.10564292749435,-297.489726025207,35.7317839092314));
#3177=CARTESIAN_POINT('Ctrl Pts',(-9.10304322017704,-297.493110517835,35.6030370027674));
#3178=CARTESIAN_POINT('Ctrl Pts',(-9.09755961253876,-297.496495010464,35.4744218267298));
#3179=CARTESIAN_POINT('Ctrl Pts',(-8.99673197148766,-297.558726014285,33.1095617457995));
#3180=CARTESIAN_POINT('Ctrl Pts',(-7.92089962148482,-297.620957018106,30.7892378040738));
#3181=CARTESIAN_POINT('Ctrl Pts',(-6.17890311300214,-297.683188021927,29.1785669455788));
#3182=CARTESIAN_POINT('',(6.17890311300244,-297.683188021927,29.178566945579));
#3183=CARTESIAN_POINT('Origin',(1.11100064049565E-14,-297.683188021927,
35.8612653953169));
#3184=CARTESIAN_POINT('Ctrl Pts',(6.17658770363849,-297.683188021926,29.1822002264015));
#3185=CARTESIAN_POINT('Ctrl Pts',(5.19565232477238,-297.648237122484,28.2778841848317));
#3186=CARTESIAN_POINT('Ctrl Pts',(4.02052775767498,-297.613286223041,27.5825024966997));
#3187=CARTESIAN_POINT('Ctrl Pts',(2.75237568488945,-297.578335323598,27.1805138975839));
#3188=CARTESIAN_POINT('Ctrl Pts',(0.494397271020348,-297.516104319777,26.4647625307694));
#3189=CARTESIAN_POINT('Ctrl Pts',(-2.0585038938689,-297.453873315955,26.6791478617293));
#3190=CARTESIAN_POINT('Ctrl Pts',(-4.16474655052983,-297.391642312134,27.7623755288044));
#3191=CARTESIAN_POINT('Ctrl Pts',(-6.27098920719075,-297.329411308313,28.8456031958794));
#3192=CARTESIAN_POINT('Ctrl Pts',(-7.93057335562335,-297.267180304492,30.7976731990697));
#3193=CARTESIAN_POINT('Ctrl Pts',(-8.66194667840947,-297.204949300671,33.0504115934472));
#3194=CARTESIAN_POINT('Ctrl Pts',(-8.95542675075923,-297.179977704176,33.9543737785163));
#3195=CARTESIAN_POINT('Ctrl Pts',(-9.09944659738153,-297.155006107681,34.9067494967767));
#3196=CARTESIAN_POINT('Ctrl Pts',(-9.0976018227468,-297.130034511186,35.8597281690271));
#3197=CARTESIAN_POINT('Origin',(8.02463559842543E-15,-272.124605716034,
35.861265395317));
#3198=CARTESIAN_POINT('',(15.,-287.683605716034,35.861265395317));
#3199=CARTESIAN_POINT('Origin',(8.02463559842543E-15,-287.683605716034,
35.861265395317));
#3200=CARTESIAN_POINT('',(15.,-109.124605716034,35.861265395317));
#3201=CARTESIAN_POINT('',(15.,-272.124605716034,35.861265395317));
#3202=CARTESIAN_POINT('Origin',(8.02463559842543E-15,-109.124605716034,
35.861265395317));
#3203=CARTESIAN_POINT('Origin',(-5.74456264653797,-90.4246054776158,51.8612653953168));
#3204=CARTESIAN_POINT('',(5.74456264653826,-103.681965209484,51.8612653953168));
#3205=CARTESIAN_POINT('',(-5.74456264653826,-103.681965209484,51.8612653953168));
#3206=CARTESIAN_POINT('',(-4.30842198490348,-103.681965209484,51.8612653953168));
#3207=CARTESIAN_POINT('',(5.74456264653797,-93.8887070927534,51.8612653953168));
#3208=CARTESIAN_POINT('',(5.74456264653826,-30.8743206251647,51.8612653953168));
#3209=CARTESIAN_POINT('',(-5.74456264653797,-93.8887070927534,51.8612653953168));
#3210=CARTESIAN_POINT('Ctrl Pts',(-5.7445626465382,-93.8887070927535,51.8612653953168));
#3211=CARTESIAN_POINT('Ctrl Pts',(5.37800464225205E-15,-90.5264908192373,
51.8612653953168));
#3212=CARTESIAN_POINT('Ctrl Pts',(5.7445626465382,-93.8887070927535,51.8612653953168));
#3213=CARTESIAN_POINT('',(-5.74456264653826,-30.8743206251647,51.8612653953168));
#3214=CARTESIAN_POINT('Origin',(-4.30842198490348,-103.681965209484,54.8612653953168));
#3215=CARTESIAN_POINT('Ctrl Pts',(-5.74456264653826,-103.681965209484,51.8612653953168));
#3216=CARTESIAN_POINT('Ctrl Pts',(-5.74456264653826,-103.862780189015,51.8612653953168));
#3217=CARTESIAN_POINT('Ctrl Pts',(-5.69600387998975,-104.048351238793,51.8788784161656));
#3218=CARTESIAN_POINT('Ctrl Pts',(-5.5230907454394,-104.382755704725,51.9393205523669));
#3219=CARTESIAN_POINT('Ctrl Pts',(-5.39982584928903,-104.532280176264,51.9814340715665));
#3220=CARTESIAN_POINT('Ctrl Pts',(-4.95023803620998,-104.960685272353,52.1281027593247));
#3221=CARTESIAN_POINT('Ctrl Pts',(-4.5658595059841,-105.157406696292,52.2421888582778));
#3222=CARTESIAN_POINT('Ctrl Pts',(-3.73907561661626,-105.477638396899,52.4504504036653));
#3223=CARTESIAN_POINT('Ctrl Pts',(-3.29381993066725,-105.593014082995,52.5457276953352));
#3224=CARTESIAN_POINT('Ctrl Pts',(-1.90452359394362,-105.855623055199,52.7803429416081));
#3225=CARTESIAN_POINT('Ctrl Pts',(-0.914570388833965,-105.918033186983,
52.8612653953169));
#3226=CARTESIAN_POINT('Ctrl Pts',(8.04096109611477E-16,-105.918033186983,
52.8612653953169));
#3227=CARTESIAN_POINT('Ctrl Pts',(0.914570388833968,-105.918033186983,52.8612653953169));
#3228=CARTESIAN_POINT('Ctrl Pts',(1.90452359394362,-105.855623055199,52.7803429416081));
#3229=CARTESIAN_POINT('Ctrl Pts',(3.29381993066725,-105.593014082995,52.5457276953352));
#3230=CARTESIAN_POINT('Ctrl Pts',(3.73907561661627,-105.477638396899,52.4504504036653));
#3231=CARTESIAN_POINT('Ctrl Pts',(4.56585950598412,-105.157406696292,52.2421888582779));
#3232=CARTESIAN_POINT('Ctrl Pts',(4.95023803620999,-104.960685272353,52.1281027593247));
#3233=CARTESIAN_POINT('Ctrl Pts',(5.39982584928903,-104.532280176264,51.9814340715665));
#3234=CARTESIAN_POINT('Ctrl Pts',(5.52309074543941,-104.382755704725,51.9393205523669));
#3235=CARTESIAN_POINT('Ctrl Pts',(5.69600387998975,-104.048351238793,51.8788784161656));
#3236=CARTESIAN_POINT('Ctrl Pts',(5.74456264653826,-103.862780189015,51.8612653953168));
#3237=CARTESIAN_POINT('Ctrl Pts',(5.74456264653826,-103.681965209484,51.8612653953168));
#3238=CARTESIAN_POINT('Origin',(-16.7286877838199,-90.4246054776158,38.8863282097838));
#3239=CARTESIAN_POINT('',(-10.9841251372818,-103.681965209484,48.8362025808502));
#3240=CARTESIAN_POINT('',(-16.7286877838201,-103.681965209484,38.8863282097835));
#3241=CARTESIAN_POINT('',(-16.0106174530027,-103.681965209484,40.1300625061671));
#3242=CARTESIAN_POINT('',(-10.984125137282,-93.8887070927534,48.8362025808499));
#3243=CARTESIAN_POINT('',(-10.9841251372818,-30.8743206251647,48.8362025808502));
#3244=CARTESIAN_POINT('',(-16.7286877838199,-93.8887070927534,38.8863282097838));
#3245=CARTESIAN_POINT('Ctrl Pts',(-10.9841251372818,-93.8887070927535,48.8362025808501));
#3246=CARTESIAN_POINT('Ctrl Pts',(-13.8564064605509,-90.5264908192373,43.8612653953168));
#3247=CARTESIAN_POINT('Ctrl Pts',(-16.7286877838201,-93.8887070927535,38.8863282097836));
#3248=CARTESIAN_POINT('',(-16.7286877838201,-30.8743206251647,38.8863282097835));
#3249=CARTESIAN_POINT('Origin',(-18.608693664356,-103.681965209484,41.6300625061671));
#3250=CARTESIAN_POINT('Ctrl Pts',(-16.7286877838201,-103.681965209484,38.8863282097835));
#3251=CARTESIAN_POINT('Ctrl Pts',(-16.7286877838201,-103.862780189015,38.8863282097835));
#3252=CARTESIAN_POINT('Ctrl Pts',(-16.7196617240382,-104.048351238793,38.9371878456153));
#3253=CARTESIAN_POINT('Ctrl Pts',(-16.6855495821724,-104.382755704725,39.1171560808846));
#3254=CARTESIAN_POINT('Ctrl Pts',(-16.6603885115668,-104.532280176264,39.2449633719455));
#3255=CARTESIAN_POINT('Ctrl Pts',(-16.5626134145656,-104.960685272353,39.7076521831829));
#3256=CARTESIAN_POINT('Ctrl Pts',(-16.4692256093648,-105.157406696292,40.0975768045045));
#3257=CARTESIAN_POINT('Ctrl Pts',(-16.2361934536178,-105.477638396899,40.9177234288304));
#3258=CARTESIAN_POINT('Ctrl Pts',(-16.0960781656333,-105.593014082995,41.3509648098767));
#3259=CARTESIAN_POINT('Ctrl Pts',(-15.6046127606589,-105.855623055199,42.6714383540005));
#3260=CARTESIAN_POINT('Ctrl Pts',(-15.1797170587524,-105.918033186983,43.5692242050377));
#3261=CARTESIAN_POINT('Ctrl Pts',(-14.7224318643354,-105.918033186983,44.3612653953169));
#3262=CARTESIAN_POINT('Ctrl Pts',(-14.2651466699185,-105.918033186983,45.1533065855961));
#3263=CARTESIAN_POINT('Ctrl Pts',(-13.7000891667152,-105.855623055199,45.9701699829245));
#3264=CARTESIAN_POINT('Ctrl Pts',(-12.802258234966,-105.593014082995,47.0560282807754));
#3265=CARTESIAN_POINT('Ctrl Pts',(-12.4971178370015,-105.477638396899,47.3939923701518));
#3266=CARTESIAN_POINT('Ctrl Pts',(-11.9033661033807,-105.157406696292,48.0058774490903));
#3267=CARTESIAN_POINT('Ctrl Pts',(-11.6123753783557,-104.960685272353,48.2817159714587));
#3268=CARTESIAN_POINT('Ctrl Pts',(-11.2605626622778,-104.532280176264,48.5977360949379));
#3269=CARTESIAN_POINT('Ctrl Pts',(-11.162458836733,-104.382755704725,48.6834298667992));
#3270=CARTESIAN_POINT('Ctrl Pts',(-11.0236578440484,-104.048351238793,48.8029559658671));
#3271=CARTESIAN_POINT('Ctrl Pts',(-10.9841251372818,-103.862780189015,48.8362025808502));
#3272=CARTESIAN_POINT('Ctrl Pts',(-10.9841251372818,-103.681965209484,48.8362025808502));
#3273=CARTESIAN_POINT('Origin',(-10.9841251372819,-90.4246054776158,22.8863282097839));
#3274=CARTESIAN_POINT('',(-16.7286877838201,-103.681965209484,32.8362025808502));
#3275=CARTESIAN_POINT('',(-10.9841251372818,-103.681965209484,22.8863282097836));
#3276=CARTESIAN_POINT('',(-11.7021954680992,-103.681965209484,24.1300625061671));
#3277=CARTESIAN_POINT('',(-16.7286877838199,-93.8887070927534,32.83620258085));
#3278=CARTESIAN_POINT('',(-16.7286877838201,-30.8743206251647,32.8362025808502));
#3279=CARTESIAN_POINT('',(-10.9841251372819,-93.8887070927534,22.8863282097839));
#3280=CARTESIAN_POINT('Ctrl Pts',(-16.7286877838201,-93.8887070927535,32.8362025808502));
#3281=CARTESIAN_POINT('Ctrl Pts',(-13.8564064605509,-90.5264908192373,27.8612653953169));
#3282=CARTESIAN_POINT('Ctrl Pts',(-10.9841251372818,-93.8887070927535,22.8863282097837));
#3283=CARTESIAN_POINT('',(-10.9841251372818,-30.8743206251647,22.8863282097836));
#3284=CARTESIAN_POINT('Origin',(-14.3002716794525,-103.681965209484,22.6300625061671));
#3285=CARTESIAN_POINT('Ctrl Pts',(-10.9841251372818,-103.681965209484,22.8863282097836));
#3286=CARTESIAN_POINT('Ctrl Pts',(-10.9841251372818,-103.862780189015,22.8863282097836));
#3287=CARTESIAN_POINT('Ctrl Pts',(-11.0236578440484,-104.048351238793,22.9195748247667));
#3288=CARTESIAN_POINT('Ctrl Pts',(-11.162458836733,-104.382755704725,23.0391009238346));
#3289=CARTESIAN_POINT('Ctrl Pts',(-11.2605626622778,-104.532280176264,23.1247946956959));
#3290=CARTESIAN_POINT('Ctrl Pts',(-11.6123753783557,-104.960685272353,23.4408148191752));
#3291=CARTESIAN_POINT('Ctrl Pts',(-11.9033661033807,-105.157406696292,23.7166533415435));
#3292=CARTESIAN_POINT('Ctrl Pts',(-12.4971178370015,-105.477638396899,24.328538420482));
#3293=CARTESIAN_POINT('Ctrl Pts',(-12.802258234966,-105.593014082995,24.6665025098584));
#3294=CARTESIAN_POINT('Ctrl Pts',(-13.7000891667152,-105.855623055199,25.7523608077093));
#3295=CARTESIAN_POINT('Ctrl Pts',(-14.2651466699185,-105.918033186983,26.5692242050377));
#3296=CARTESIAN_POINT('Ctrl Pts',(-14.7224318643354,-105.918033186983,27.3612653953169));
#3297=CARTESIAN_POINT('Ctrl Pts',(-15.1797170587524,-105.918033186983,28.1533065855961));
#3298=CARTESIAN_POINT('Ctrl Pts',(-15.6046127606588,-105.855623055199,29.0510924366333));
#3299=CARTESIAN_POINT('Ctrl Pts',(-16.0960781656332,-105.593014082995,30.3715659807571));
#3300=CARTESIAN_POINT('Ctrl Pts',(-16.2361934536178,-105.477638396899,30.8048073618033));
#3301=CARTESIAN_POINT('Ctrl Pts',(-16.4692256093648,-105.157406696292,31.6249539861293));
#3302=CARTESIAN_POINT('Ctrl Pts',(-16.5626134145656,-104.960685272353,32.0148786074508));
#3303=CARTESIAN_POINT('Ctrl Pts',(-16.6603885115668,-104.532280176264,32.4775674186883));
#3304=CARTESIAN_POINT('Ctrl Pts',(-16.6855495821724,-104.382755704725,32.6053747097492));
#3305=CARTESIAN_POINT('Ctrl Pts',(-16.7196617240382,-104.048351238793,32.7853429450184));
#3306=CARTESIAN_POINT('Ctrl Pts',(-16.7286877838201,-103.862780189015,32.8362025808502));
#3307=CARTESIAN_POINT('Ctrl Pts',(-16.7286877838201,-103.681965209484,32.8362025808502));
#3308=CARTESIAN_POINT('Origin',(5.74456264653799,-90.4246054776158,19.861265395317));
#3309=CARTESIAN_POINT('',(-5.74456264653825,-103.681965209484,19.861265395317));
#3310=CARTESIAN_POINT('',(5.74456264653828,-103.681965209484,19.861265395317));
#3311=CARTESIAN_POINT('',(4.30842198490349,-103.681965209484,19.861265395317));
#3312=CARTESIAN_POINT('',(-5.74456264653796,-93.8887070927534,19.861265395317));
#3313=CARTESIAN_POINT('',(-5.74456264653825,-30.8743206251647,19.861265395317));
#3314=CARTESIAN_POINT('',(1.55710623444757E-14,-92.1566562851845,19.861265395317));
#3315=CARTESIAN_POINT('Ctrl Pts',(-5.74456264653822,-93.8887070927535,19.861265395317));
#3316=CARTESIAN_POINT('Ctrl Pts',(-2.78524249529124,-92.1566562851845,19.861265395317));
#3317=CARTESIAN_POINT('Ctrl Pts',(1.56104085886688E-14,-92.1566562851845,
19.861265395317));
#3318=CARTESIAN_POINT('',(5.74456264653799,-93.8887070927534,19.861265395317));
#3319=CARTESIAN_POINT('Ctrl Pts',(1.56104085886688E-14,-92.1566562851845,
19.861265395317));
#3320=CARTESIAN_POINT('Ctrl Pts',(2.78524249529127,-92.1566562851845,19.861265395317));
#3321=CARTESIAN_POINT('Ctrl Pts',(5.74456264653825,-93.8887070927535,19.861265395317));
#3322=CARTESIAN_POINT('',(5.74456264653828,-30.8743206251647,19.861265395317));
#3323=CARTESIAN_POINT('Origin',(4.3084219849035,-103.681965209484,16.861265395317));
#3324=CARTESIAN_POINT('',(1.6796126992373E-14,-105.918033186983,18.8612653953169));
#3325=CARTESIAN_POINT('Ctrl Pts',(5.74456264653827,-103.681965209484,19.861265395317));
#3326=CARTESIAN_POINT('Ctrl Pts',(5.74456264653827,-103.862780189015,19.861265395317));
#3327=CARTESIAN_POINT('Ctrl Pts',(5.69600387998977,-104.048351238793,19.8436523744682));
#3328=CARTESIAN_POINT('Ctrl Pts',(5.52309074543942,-104.382755704725,19.7832102382669));
#3329=CARTESIAN_POINT('Ctrl Pts',(5.39982584928904,-104.532280176264,19.7410967190673));
#3330=CARTESIAN_POINT('Ctrl Pts',(4.95023803620999,-104.960685272353,19.5944280313091));
#3331=CARTESIAN_POINT('Ctrl Pts',(4.56585950598409,-105.157406696292,19.4803419323559));
#3332=CARTESIAN_POINT('Ctrl Pts',(3.73907561661625,-105.477638396899,19.2720803869685));
#3333=CARTESIAN_POINT('Ctrl Pts',(3.29381993066726,-105.593014082995,19.1768030952986));
#3334=CARTESIAN_POINT('Ctrl Pts',(1.90452359394363,-105.855623055199,18.9421878490257));
#3335=CARTESIAN_POINT('Ctrl Pts',(0.91457038883398,-105.918033186983,18.8612653953169));
#3336=CARTESIAN_POINT('Ctrl Pts',(1.52655665885959E-14,-105.918033186983,
18.8612653953169));
#3337=CARTESIAN_POINT('Ctrl Pts',(1.56819002228303E-14,-105.918033186983,
18.8612653953169));
#3338=CARTESIAN_POINT('Ctrl Pts',(-0.914570388833949,-105.918033186983,
18.8612653953169));
#3339=CARTESIAN_POINT('Ctrl Pts',(-1.9045235939436,-105.855623055199,18.9421878490257));
#3340=CARTESIAN_POINT('Ctrl Pts',(-3.29381993066723,-105.593014082995,19.1768030952986));
#3341=CARTESIAN_POINT('Ctrl Pts',(-3.73907561661625,-105.477638396899,19.2720803869685));
#3342=CARTESIAN_POINT('Ctrl Pts',(-4.5658595059841,-105.157406696292,19.4803419323559));
#3343=CARTESIAN_POINT('Ctrl Pts',(-4.95023803620996,-104.960685272353,19.5944280313091));
#3344=CARTESIAN_POINT('Ctrl Pts',(-5.39982584928901,-104.532280176264,19.7410967190673));
#3345=CARTESIAN_POINT('Ctrl Pts',(-5.52309074543938,-104.382755704725,19.7832102382669));
#3346=CARTESIAN_POINT('Ctrl Pts',(-5.69600387998974,-104.048351238793,19.8436523744682));
#3347=CARTESIAN_POINT('Ctrl Pts',(-5.74456264653824,-103.862780189015,19.861265395317));
#3348=CARTESIAN_POINT('Ctrl Pts',(-5.74456264653824,-103.681965209484,19.861265395317));
#3349=CARTESIAN_POINT('Origin',(16.7286877838199,-90.4246054776158,32.83620258085));
#3350=CARTESIAN_POINT('',(10.9841251372818,-103.681965209484,22.8863282097836));
#3351=CARTESIAN_POINT('',(16.7286877838201,-103.681965209484,32.8362025808502));
#3352=CARTESIAN_POINT('',(16.0106174530027,-103.681965209484,31.5924682844667));
#3353=CARTESIAN_POINT('',(10.984125137282,-93.8887070927534,22.8863282097839));
#3354=CARTESIAN_POINT('',(10.9841251372818,-30.8743206251647,22.8863282097836));
#3355=CARTESIAN_POINT('',(16.7286877838199,-93.8887070927534,32.83620258085));
#3356=CARTESIAN_POINT('Ctrl Pts',(10.9841251372818,-93.8887070927535,22.8863282097836));
#3357=CARTESIAN_POINT('Ctrl Pts',(13.856406460551,-90.5264908192373,27.8612653953169));
#3358=CARTESIAN_POINT('Ctrl Pts',(16.7286877838201,-93.8887070927535,32.8362025808502));
#3359=CARTESIAN_POINT('',(16.7286877838201,-30.8743206251647,32.8362025808502));
#3360=CARTESIAN_POINT('Origin',(18.608693664356,-103.681965209484,30.0924682844667));
#3361=CARTESIAN_POINT('Ctrl Pts',(16.7286877838201,-103.681965209484,32.8362025808502));
#3362=CARTESIAN_POINT('Ctrl Pts',(16.7286877838201,-103.862780189015,32.8362025808502));
#3363=CARTESIAN_POINT('Ctrl Pts',(16.7196617240382,-104.048351238793,32.7853429450184));
#3364=CARTESIAN_POINT('Ctrl Pts',(16.6855495821724,-104.382755704725,32.6053747097491));
#3365=CARTESIAN_POINT('Ctrl Pts',(16.6603885115668,-104.532280176264,32.4775674186883));
#3366=CARTESIAN_POINT('Ctrl Pts',(16.5626134145657,-104.960685272353,32.0148786074508));
#3367=CARTESIAN_POINT('Ctrl Pts',(16.4692256093648,-105.157406696292,31.6249539861293));
#3368=CARTESIAN_POINT('Ctrl Pts',(16.2361934536178,-105.477638396899,30.8048073618033));
#3369=CARTESIAN_POINT('Ctrl Pts',(16.0960781656333,-105.593014082995,30.3715659807571));
#3370=CARTESIAN_POINT('Ctrl Pts',(15.6046127606589,-105.855623055199,29.0510924366333));
#3371=CARTESIAN_POINT('Ctrl Pts',(15.1797170587525,-105.918033186983,28.1533065855961));
#3372=CARTESIAN_POINT('Ctrl Pts',(14.7224318643355,-105.918033186983,27.3612653953169));
#3373=CARTESIAN_POINT('Ctrl Pts',(14.2651466699185,-105.918033186983,26.5692242050377));
#3374=CARTESIAN_POINT('Ctrl Pts',(13.7000891667152,-105.855623055199,25.7523608077093));
#3375=CARTESIAN_POINT('Ctrl Pts',(12.802258234966,-105.593014082995,24.6665025098584));
#3376=CARTESIAN_POINT('Ctrl Pts',(12.4971178370016,-105.477638396899,24.3285384204821));
#3377=CARTESIAN_POINT('Ctrl Pts',(11.9033661033807,-105.157406696292,23.7166533415435));
#3378=CARTESIAN_POINT('Ctrl Pts',(11.6123753783557,-104.960685272353,23.4408148191752));
#3379=CARTESIAN_POINT('Ctrl Pts',(11.2605626622778,-104.532280176264,23.1247946956959));
#3380=CARTESIAN_POINT('Ctrl Pts',(11.162458836733,-104.382755704725,23.0391009238346));
#3381=CARTESIAN_POINT('Ctrl Pts',(11.0236578440485,-104.048351238793,22.9195748247667));
#3382=CARTESIAN_POINT('Ctrl Pts',(10.9841251372818,-103.862780189015,22.8863282097836));
#3383=CARTESIAN_POINT('Ctrl Pts',(10.9841251372818,-103.681965209484,22.8863282097836));
#3384=CARTESIAN_POINT('Origin',(9.13485862305058E-15,-92.1566562851847,
35.8612653953169));
#3385=CARTESIAN_POINT('',(16.72868778382,-93.8887070927534,38.8863282097838));
#3386=CARTESIAN_POINT('',(10.984125137282,-93.8887070927534,48.8362025808499));
#3387=CARTESIAN_POINT('Ctrl Pts',(16.7286877838201,-93.8887070927535,38.8863282097836));
#3388=CARTESIAN_POINT('Ctrl Pts',(13.856406460551,-90.5264908192373,43.8612653953169));
#3389=CARTESIAN_POINT('Ctrl Pts',(10.9841251372819,-93.8887070927535,48.8362025808501));
#3390=CARTESIAN_POINT('Origin',(9.13485862305058E-15,-93.8887070927535,
35.8612653953169));
#3391=CARTESIAN_POINT('Origin',(9.13485862305058E-15,-93.8887070927535,
35.8612653953169));
#3392=CARTESIAN_POINT('',(1.5967832382954E-14,-90.4246054776158,20.861265395317));
#3393=CARTESIAN_POINT('',(1.55317161002825E-14,-92.1566562851847,19.8612653953169));
#3394=CARTESIAN_POINT('Origin',(9.13485862305059E-15,-90.4246054776158,
35.861265395317));
#3395=CARTESIAN_POINT('Origin',(9.13485862305058E-15,-93.8887070927535,
35.8612653953169));
#3396=CARTESIAN_POINT('Origin',(9.13485862305058E-15,-93.8887070927535,
35.8612653953169));
#3397=CARTESIAN_POINT('Origin',(9.13485862305058E-15,-93.8887070927535,
35.8612653953169));
#3398=CARTESIAN_POINT('Origin',(9.13485862305058E-15,-93.8887070927535,
35.8612653953169));
#3399=CARTESIAN_POINT('Origin',(10.984125137282,-90.4246054776158,48.8362025808499));
#3400=CARTESIAN_POINT('',(16.7286877838201,-103.681965209484,38.8863282097835));
#3401=CARTESIAN_POINT('',(10.9841251372818,-103.681965209484,48.8362025808502));
#3402=CARTESIAN_POINT('',(11.7021954680992,-103.681965209484,47.5924682844666));
#3403=CARTESIAN_POINT('',(16.7286877838201,-30.8743206251647,38.8863282097836));
#3404=CARTESIAN_POINT('',(10.9841251372818,-30.8743206251647,48.8362025808501));
#3405=CARTESIAN_POINT('Origin',(14.3002716794525,-103.681965209484,49.0924682844666));
#3406=CARTESIAN_POINT('Ctrl Pts',(10.9841251372818,-103.681965209484,48.8362025808501));
#3407=CARTESIAN_POINT('Ctrl Pts',(10.9841251372818,-103.862780189015,48.8362025808501));
#3408=CARTESIAN_POINT('Ctrl Pts',(11.0236578440485,-104.048351238793,48.8029559658671));
#3409=CARTESIAN_POINT('Ctrl Pts',(11.162458836733,-104.382755704725,48.6834298667992));
#3410=CARTESIAN_POINT('Ctrl Pts',(11.2605626622778,-104.532280176264,48.5977360949379));
#3411=CARTESIAN_POINT('Ctrl Pts',(11.6123753783557,-104.960685272353,48.2817159714586));
#3412=CARTESIAN_POINT('Ctrl Pts',(11.9033661033807,-105.157406696292,48.0058774490903));
#3413=CARTESIAN_POINT('Ctrl Pts',(12.4971178370016,-105.477638396899,47.3939923701518));
#3414=CARTESIAN_POINT('Ctrl Pts',(12.802258234966,-105.593014082995,47.0560282807754));
#3415=CARTESIAN_POINT('Ctrl Pts',(13.7000891667152,-105.855623055199,45.9701699829245));
#3416=CARTESIAN_POINT('Ctrl Pts',(14.2651466699185,-105.918033186983,45.1533065855961));
#3417=CARTESIAN_POINT('Ctrl Pts',(14.7224318643355,-105.918033186983,44.3612653953169));
#3418=CARTESIAN_POINT('Ctrl Pts',(15.1797170587525,-105.918033186983,43.5692242050377));
#3419=CARTESIAN_POINT('Ctrl Pts',(15.6046127606589,-105.855623055199,42.6714383540005));
#3420=CARTESIAN_POINT('Ctrl Pts',(16.0960781656333,-105.593014082995,41.3509648098767));
#3421=CARTESIAN_POINT('Ctrl Pts',(16.2361934536178,-105.477638396899,40.9177234288305));
#3422=CARTESIAN_POINT('Ctrl Pts',(16.4692256093648,-105.157406696292,40.0975768045045));
#3423=CARTESIAN_POINT('Ctrl Pts',(16.5626134145657,-104.960685272353,39.707652183183));
#3424=CARTESIAN_POINT('Ctrl Pts',(16.6603885115668,-104.532280176264,39.2449633719455));
#3425=CARTESIAN_POINT('Ctrl Pts',(16.6855495821724,-104.382755704725,39.1171560808846));
#3426=CARTESIAN_POINT('Ctrl Pts',(16.7196617240382,-104.048351238793,38.9371878456154));
#3427=CARTESIAN_POINT('Ctrl Pts',(16.7286877838201,-103.862780189015,38.8863282097836));
#3428=CARTESIAN_POINT('Ctrl Pts',(16.7286877838201,-103.681965209484,38.8863282097836));
#3429=CARTESIAN_POINT('Origin',(1.11100064049565E-14,-110.683320625165,
35.861265395317));
#3430=CARTESIAN_POINT('',(1.77594784390616E-14,-297.683188021927,18.861265395317));
#3431=CARTESIAN_POINT('Origin',(1.11100064049565E-14,-297.683188021927,
35.861265395317));
#3432=CARTESIAN_POINT('',(1.79103537619157E-14,-110.683320625165,18.861265395317));
#3433=CARTESIAN_POINT('Ctrl Pts',(-3.90092677015675,-297.683188021927,43.2021768378767));
#3434=CARTESIAN_POINT('Ctrl Pts',(-2.0548461042563,-297.623151976208,44.1831756615008));
#3435=CARTESIAN_POINT('Ctrl Pts',(2.40157799214859,-297.50307896673,44.6832951359346));
#3436=CARTESIAN_POINT('Ctrl Pts',(7.7952943052046,-297.322968974011,40.6436024089462));
#3437=CARTESIAN_POINT('Ctrl Pts',(8.95402716337519,-297.142858897587,34.0080451759009));
#3438=CARTESIAN_POINT('Ctrl Pts',(5.25583472197061,-296.96274864488,28.3777966255162));
#3439=CARTESIAN_POINT('Ctrl Pts',(-1.29595863607867,-296.782638722033,26.809651376955));
#3440=CARTESIAN_POINT('Ctrl Pts',(-7.14338008109585,-296.602528037345,30.1517678967456));
#3441=CARTESIAN_POINT('Ctrl Pts',(-9.11553668813628,-296.422418884337,36.5967249379677));
#3442=CARTESIAN_POINT('Ctrl Pts',(-6.24807333559245,-296.248976646979,42.4094782744461));
#3443=CARTESIAN_POINT('Ctrl Pts',(-0.583439254374365,-296.082210951831,
44.8060051549854));
#3444=CARTESIAN_POINT('Ctrl Pts',(5.09538311584335,-295.922114921357,43.2302332677328));
#3445=CARTESIAN_POINT('Ctrl Pts',(8.5797568982667,-295.76201549048,38.4680719365468));
#3446=CARTESIAN_POINT('Ctrl Pts',(8.33424390266573,-295.601915079691,32.5751048020858));
#3447=CARTESIAN_POINT('Ctrl Pts',(4.49137807870288,-295.44182111757,28.1011833589965));
#3448=CARTESIAN_POINT('Ctrl Pts',(-0.820487127364996,-295.295063398838,
27.0910338196539));
#3449=CARTESIAN_POINT('Ctrl Pts',(-5.2405652193937,-295.161648399353,28.954248934423));
#3450=CARTESIAN_POINT('Ctrl Pts',(-7.92229854181158,-295.041575067939,32.3334148640744));
#3451=CARTESIAN_POINT('Ctrl Pts',(-8.6410178378923,-294.921501794891,36.5901148569062));
#3452=CARTESIAN_POINT('Ctrl Pts',(-7.21988923902246,-294.801428664413,40.6645085463538));
#3453=CARTESIAN_POINT('Ctrl Pts',(-4.01035392742414,-294.681355126361,43.5501171290397));
#3454=CARTESIAN_POINT('Ctrl Pts',(0.1924615985534,-294.561281575495,44.5307561591112));
#3455=CARTESIAN_POINT('Ctrl Pts',(4.34750039273165,-294.441208727129,43.3646498865258));
#3456=CARTESIAN_POINT('Ctrl Pts',(7.42599719117282,-294.321135370977,40.3392286421109));
#3457=CARTESIAN_POINT('Ctrl Pts',(8.66477592194916,-294.201061396183,36.2062786099747));
#3458=CARTESIAN_POINT('Ctrl Pts',(7.75847734504021,-294.080989643959,31.9840651139524));
#3459=CARTESIAN_POINT('Ctrl Pts',(4.92884081609182,-293.960914397311,28.7294763308791));
#3460=CARTESIAN_POINT('Ctrl Pts',(0.429311920086668,-293.827499400621,27.0602616186576));
#3461=CARTESIAN_POINT('Ctrl Pts',(-4.82946078411102,-293.680744558357,28.3097120362263));
#3462=CARTESIAN_POINT('Ctrl Pts',(-8.47406586791631,-293.520648104897,32.9487263648907));
#3463=CARTESIAN_POINT('Ctrl Pts',(-8.45041005910899,-293.360544485627,38.8445353009588));
#3464=CARTESIAN_POINT('Ctrl Pts',(-4.76734910387443,-293.200451584965,43.4536544938943));
#3465=CARTESIAN_POINT('Ctrl Pts',(0.982825048178779,-293.040352835173,44.7666521487019));
#3466=CARTESIAN_POINT('Ctrl Pts',(6.30620521268294,-292.880256970559,42.2335181907833));
#3467=CARTESIAN_POINT('Ctrl Pts',(8.89612540552214,-292.720155197173,36.9283973747005));
#3468=CARTESIAN_POINT('Ctrl Pts',(7.95054898362183,-292.600083748272,32.6139962405713));
#3469=CARTESIAN_POINT('Ctrl Pts',(5.73388371330449,-292.493354328889,29.6121595396921));
#3470=CARTESIAN_POINT('Ctrl Pts',(2.97194124742961,-292.399958705822,27.7100295059762));
#3471=CARTESIAN_POINT('Ctrl Pts',(-1.32864597960839,-292.279889086316,27.2923959798133));
#3472=CARTESIAN_POINT('Ctrl Pts',(-5.29306917041525,-292.159814368489,28.9923522538614));
#3473=CARTESIAN_POINT('Ctrl Pts',(-7.94922548974194,-292.03974180411,32.3954203917145));
#3474=CARTESIAN_POINT('Ctrl Pts',(-8.63510473205446,-291.919668418449,36.6559441523632));
#3475=CARTESIAN_POINT('Ctrl Pts',(-7.18282576363242,-291.79959505613,40.7200728686073));
#3476=CARTESIAN_POINT('Ctrl Pts',(-3.9511506483106,-291.679521383668,43.5805333491314));
#3477=CARTESIAN_POINT('Ctrl Pts',(0.258910890533501,-291.559448735916,44.5291208922854));
#3478=CARTESIAN_POINT('Ctrl Pts',(4.40493833135669,-291.439375185754,43.3308276178455));
#3479=CARTESIAN_POINT('Ctrl Pts',(7.45944179851635,-291.319302288746,40.2821839527848));
#3480=CARTESIAN_POINT('Ctrl Pts',(8.66827765688478,-291.199227174904,36.1394237552188));
#3481=CARTESIAN_POINT('Ctrl Pts',(7.72762813422082,-291.079155382088,31.9267942918674));
#3482=CARTESIAN_POINT('Ctrl Pts',(4.8744873887665,-290.959081447286,28.6892527637712));
#3483=CARTESIAN_POINT('Ctrl Pts',(0.813400369997894,-290.839008275088,27.2283971401137));
#3484=CARTESIAN_POINT('Ctrl Pts',(-3.44881230227966,-290.718934686085,27.9038138534388));
#3485=CARTESIAN_POINT('Ctrl Pts',(-6.85689587670588,-290.59886177225,30.5527010160416));
#3486=CARTESIAN_POINT('Ctrl Pts',(-8.56669921596646,-290.478787910519,34.5151719607664));
#3487=CARTESIAN_POINT('Ctrl Pts',(-8.15453189903721,-290.358715228041,38.8110146556497));
#3488=CARTESIAN_POINT('Ctrl Pts',(-5.72310809163919,-290.238641138717,42.3775117266514));
#3489=CARTESIAN_POINT('Ctrl Pts',(-1.87342845538015,-290.118568436182,44.3275885007401));
#3490=CARTESIAN_POINT('Ctrl Pts',(2.43995709467747,-289.998494535028,44.1825691383654));
#3491=CARTESIAN_POINT('Ctrl Pts',(6.1485490212249,-289.878422129376,41.9761816404932));
#3492=CARTESIAN_POINT('Ctrl Pts',(8.33579004988403,-289.758346910817,38.2549166249474));
#3493=CARTESIAN_POINT('Ctrl Pts',(8.45595890550272,-289.638275567396,33.941227655002));
#3494=CARTESIAN_POINT('Ctrl Pts',(6.48317699975284,-289.518202007685,30.1025891578384));
#3495=CARTESIAN_POINT('Ctrl Pts',(2.90555831930575,-289.398128357241,27.6907182138194));
#3496=CARTESIAN_POINT('Ctrl Pts',(-1.39496072303418,-289.278054900112,27.3017416044469));
#3497=CARTESIAN_POINT('Ctrl Pts',(-5.34309208456118,-289.157981275594,29.0345931471597));
#3498=CARTESIAN_POINT('Ctrl Pts',(-8.42337151184724,-289.017896626867,33.0242188100709));
#3499=CARTESIAN_POINT('Ctrl Pts',(-8.58982086307276,-288.857798638475,39.0023400233527));
#3500=CARTESIAN_POINT('Ctrl Pts',(-4.1024394440217,-288.677688535192,44.0342021242541));
#3501=CARTESIAN_POINT('Ctrl Pts',(2.605636833332,-288.497578211194,44.6258085919917));
#3502=CARTESIAN_POINT('Ctrl Pts',(7.90271906430629,-288.317468460491,40.4630309648916));
#3503=CARTESIAN_POINT('Ctrl Pts',(8.90890605748971,-288.137357415232,33.80233676193));
#3504=CARTESIAN_POINT('Ctrl Pts',(5.08294848169458,-287.957249166983,28.2585000768361));
#3505=CARTESIAN_POINT('Ctrl Pts',(-1.50567841893403,-287.777134632722,26.8430453422978));
#3506=CARTESIAN_POINT('Ctrl Pts',(-5.34492722902222,-287.657069228725,29.1598655555265));
#3507=CARTESIAN_POINT('Ctrl Pts',(-6.6120692854194,-287.597030271469,30.8227388013171));
#3508=CARTESIAN_POINT('Ctrl Pts',(-3.8925719138161,-297.693156003921,43.1870497900168));
#3509=CARTESIAN_POINT('Ctrl Pts',(-2.05030609827951,-297.633119958201,44.1659422450757));
#3510=CARTESIAN_POINT('Ctrl Pts',(2.39688420880486,-297.513046948723,44.6648701146735));
#3511=CARTESIAN_POINT('Ctrl Pts',(7.77924175519138,-297.332936956005,40.633395749931));
#3512=CARTESIAN_POINT('Ctrl Pts',(8.93534598905395,-297.15282687958,34.0115983394082));
#3513=CARTESIAN_POINT('Ctrl Pts',(5.24465322156126,-296.972716626874,28.393182190422));
#3514=CARTESIAN_POINT('Ctrl Pts',(-1.29356726628897,-296.792606704026,26.8285177175574));
#3515=CARTESIAN_POINT('Ctrl Pts',(-7.12871737177957,-296.612496019338,30.1638811791218));
#3516=CARTESIAN_POINT('Ctrl Pts',(-9.09655528088875,-296.432386866331,36.5955008741405));
#3517=CARTESIAN_POINT('Ctrl Pts',(-6.23486056734623,-296.258944628972,42.3960730332515));
#3518=CARTESIAN_POINT('Ctrl Pts',(-0.581920506970904,-296.092178933824,
44.7874209362573));
#3519=CARTESIAN_POINT('Ctrl Pts',(5.08503647714445,-295.93208290335,43.2147416790762));
#3520=CARTESIAN_POINT('Ctrl Pts',(8.56199929616086,-295.771983472474,38.4623619939514));
#3521=CARTESIAN_POINT('Ctrl Pts',(8.31680527541348,-295.611883061684,32.5816565106869));
#3522=CARTESIAN_POINT('Ctrl Pts',(4.48178085176895,-295.451789099564,28.1171752303462));
#3523=CARTESIAN_POINT('Ctrl Pts',(-0.819079015193254,-295.305031380831,
27.1092985476738));
#3524=CARTESIAN_POINT('Ctrl Pts',(-5.22989927881543,-295.171616381347,28.9687889039118));
#3525=CARTESIAN_POINT('Ctrl Pts',(-7.90594294191692,-295.051543049933,32.3410169586165));
#3526=CARTESIAN_POINT('Ctrl Pts',(-8.62302414323628,-294.931469776885,36.5888895240858));
#3527=CARTESIAN_POINT('Ctrl Pts',(-7.20471416019821,-294.811396646406,40.654762513188));
#3528=CARTESIAN_POINT('Ctrl Pts',(-4.00175605080969,-294.691323108355,43.5342627693226));
#3529=CARTESIAN_POINT('Ctrl Pts',(0.192352368645322,-294.571249557489,44.5127212162495));
#3530=CARTESIAN_POINT('Ctrl Pts',(4.33871190895589,-294.451176709123,43.3489006372106));
#3531=CARTESIAN_POINT('Ctrl Pts',(7.41070444169245,-294.33110335297,40.3296666300956));
#3532=CARTESIAN_POINT('Ctrl Pts',(8.6467699904708,-294.211029378176,36.2052707167599));
#3533=CARTESIAN_POINT('Ctrl Pts',(7.74220990401999,-294.090957625953,31.9918636063522));
#3534=CARTESIAN_POINT('Ctrl Pts',(4.91835601059134,-293.970882379304,28.7441420832366));
#3535=CARTESIAN_POINT('Ctrl Pts',(0.428122358073378,-293.837467382614,27.0785496486283));
#3536=CARTESIAN_POINT('Ctrl Pts',(-4.8196719084308,-293.69071254035,28.3255783622275));
#3537=CARTESIAN_POINT('Ctrl Pts',(-8.45654094126833,-293.53061608689,32.9550635246825));
#3538=CARTESIAN_POINT('Ctrl Pts',(-8.43273739532662,-293.370512467621,38.8386145268222));
#3539=CARTESIAN_POINT('Ctrl Pts',(-4.75717527462861,-293.210419566959,43.4380268648935));
#3540=CARTESIAN_POINT('Ctrl Pts',(0.981083741871403,-293.050320817167,44.7481024481603));
#3541=CARTESIAN_POINT('Ctrl Pts',(6.2932972038491,-292.890224952553,42.2200582669198));
#3542=CARTESIAN_POINT('Ctrl Pts',(8.87766695271636,-292.730123179167,36.9258756530052));
#3543=CARTESIAN_POINT('Ctrl Pts',(7.93390271419,-292.610051730266,32.6204770119883));
#3544=CARTESIAN_POINT('Ctrl Pts',(5.72175601815165,-292.503322310883,29.6249629243428));
#3545=CARTESIAN_POINT('Ctrl Pts',(2.9654883746295,-292.409926687816,27.7268826370735));
#3546=CARTESIAN_POINT('Ctrl Pts',(-1.32617053939072,-292.289857068309,27.3102592104222));
#3547=CARTESIAN_POINT('Ctrl Pts',(-5.28229265263108,-292.169782350483,29.0068144519993));
#3548=CARTESIAN_POINT('Ctrl Pts',(-7.93281130059436,-292.049709786104,32.4028944949066));
#3549=CARTESIAN_POINT('Ctrl Pts',(-8.617121182409,-291.929636400443,36.654581661918));
#3550=CARTESIAN_POINT('Ctrl Pts',(-7.16772572619133,-291.809563038123,40.7102100544229));
#3551=CARTESIAN_POINT('Ctrl Pts',(-3.94267493792596,-291.689489365662,43.5646136409368));
#3552=CARTESIAN_POINT('Ctrl Pts',(0.258663951245722,-291.56941671791,44.5110870283289));
#3553=CARTESIAN_POINT('Ctrl Pts',(4.39602928274581,-291.449343167747,43.3151460658171));
#3554=CARTESIAN_POINT('Ctrl Pts',(7.44408115159012,-291.329270270739,40.2727378638912));
#3555=CARTESIAN_POINT('Ctrl Pts',(8.65026017079053,-291.209195156897,36.1385589587478));
#3556=CARTESIAN_POINT('Ctrl Pts',(7.71142644264851,-291.089123364082,31.9347154175514));
#3557=CARTESIAN_POINT('Ctrl Pts',(4.86410916905399,-290.96904942928,28.7040042398532));
#3558=CARTESIAN_POINT('Ctrl Pts',(0.81141580329491,-290.848976257082,27.2463200184522));
#3559=CARTESIAN_POINT('Ctrl Pts',(-3.44190292513385,-290.728902668078,27.9204764008303));
#3560=CARTESIAN_POINT('Ctrl Pts',(-6.84281637585765,-290.608829754244,30.5639703230874));
#3561=CARTESIAN_POINT('Ctrl Pts',(-8.54892823082231,-290.488755892513,34.5182590737435));
#3562=CARTESIAN_POINT('Ctrl Pts',(-8.13747662474712,-290.368683210034,38.8051543356172));
#3563=CARTESIAN_POINT('Ctrl Pts',(-5.71098360598061,-290.248609120711,42.3641553580158));
#3564=CARTESIAN_POINT('Ctrl Pts',(-1.86925189277849,-290.128536418175,44.3100466942315));
#3565=CARTESIAN_POINT('Ctrl Pts',(2.43516205642758,-290.008462517021,44.1651818855955));
#3566=CARTESIAN_POINT('Ctrl Pts',(6.13596823036667,-289.88839011137,41.9632602614596));
#3567=CARTESIAN_POINT('Ctrl Pts',(8.31853624435657,-289.768314892811,38.2496542066495));
#3568=CARTESIAN_POINT('Ctrl Pts',(8.43831238940066,-289.64824354939,33.9449393208904));
#3569=CARTESIAN_POINT('Ctrl Pts',(6.46950187768466,-289.528169989679,30.1143472232336));
#3570=CARTESIAN_POINT('Ctrl Pts',(2.89924208929493,-289.408096339235,27.7076117185871));
#3571=CARTESIAN_POINT('Ctrl Pts',(-1.3923471280896,-289.288022882105,27.319587681955));
#3572=CARTESIAN_POINT('Ctrl Pts',(-5.33221014249085,-289.167949257587,29.0489683274395));
#3573=CARTESIAN_POINT('Ctrl Pts',(-8.40594848769542,-289.027864608861,33.0303969765512));
#3574=CARTESIAN_POINT('Ctrl Pts',(-8.57185287701193,-288.867766620468,38.9960973024036));
#3575=CARTESIAN_POINT('Ctrl Pts',(-4.09363376269518,-288.687656517186,44.0173435618661));
#3576=CARTESIAN_POINT('Ctrl Pts',(2.60051282637722,-288.507546193188,44.6074951831759));
#3577=CARTESIAN_POINT('Ctrl Pts',(7.88643933800904,-288.327436442485,40.4531962760126));
#3578=CARTESIAN_POINT('Ctrl Pts',(8.89031158799641,-288.147325397226,33.80631862241));
#3579=CARTESIAN_POINT('Ctrl Pts',(5.07212069773624,-287.967217148977,28.2741406527353));
#3580=CARTESIAN_POINT('Ctrl Pts',(-1.50284716013136,-287.787102614716,26.8618464883119));
#3581=CARTESIAN_POINT('Ctrl Pts',(-5.33404995373923,-287.667037210719,29.1739838619343));
#3582=CARTESIAN_POINT('Ctrl Pts',(-6.59849538011058,-287.606998253462,30.8334336737378));
#3583=CARTESIAN_POINT('Ctrl Pts',(-3.88027556144066,-297.719895710276,43.1655210088901));
#3584=CARTESIAN_POINT('Ctrl Pts',(-2.04341051182607,-297.659859664557,44.141327753912));
#3585=CARTESIAN_POINT('Ctrl Pts',(2.39052552536714,-297.539786655078,44.6383623605056));
#3586=CARTESIAN_POINT('Ctrl Pts',(7.75645180688254,-297.35967666236,40.618436139412));
#3587=CARTESIAN_POINT('Ctrl Pts',(8.90849489131002,-297.179566585935,34.0163059146435));
#3588=CARTESIAN_POINT('Ctrl Pts',(5.22831187782744,-296.999456333229,28.4150031495222));
#3589=CARTESIAN_POINT('Ctrl Pts',(-1.29052948536366,-296.819346410382,26.8556077380924));
#3590=CARTESIAN_POINT('Ctrl Pts',(-7.10795058154328,-296.639235725693,30.1815436477872));
#3591=CARTESIAN_POINT('Ctrl Pts',(-9.06932696205958,-296.459126572686,36.594139583021));
#3592=CARTESIAN_POINT('Ctrl Pts',(-6.21564677436741,-296.285684335327,42.3771265844144));
#3593=CARTESIAN_POINT('Ctrl Pts',(-0.579374555445185,-296.11891864018,44.760824354714));
#3594=CARTESIAN_POINT('Ctrl Pts',(5.07052140463941,-295.958822609705,43.1923159294722));
#3595=CARTESIAN_POINT('Ctrl Pts',(8.53667475364561,-295.798723178829,38.4538148727529));
#3596=CARTESIAN_POINT('Ctrl Pts',(8.2916683967287,-295.638622768039,32.590692918416));
#3597=CARTESIAN_POINT('Ctrl Pts',(4.4676874913772,-295.478528805919,28.139883291679));
#3598=CARTESIAN_POINT('Ctrl Pts',(-0.817427551708339,-295.331771087186,
27.1355074784327));
#3599=CARTESIAN_POINT('Ctrl Pts',(-5.21491189280497,-295.198356087702,28.9898462225005));
#3600=CARTESIAN_POINT('Ctrl Pts',(-7.88265648589393,-295.078282756288,32.3522501436638));
#3601=CARTESIAN_POINT('Ctrl Pts',(-8.59720950186905,-294.95820948324,36.5875036237743));
#3602=CARTESIAN_POINT('Ctrl Pts',(-7.18276330556939,-294.838136352762,40.6411067408842));
#3603=CARTESIAN_POINT('Ctrl Pts',(-3.98910664975955,-294.71806281471,43.5117163493913));
#3604=CARTESIAN_POINT('Ctrl Pts',(0.192567729729651,-294.597989263844,44.486870591216));
#3605=CARTESIAN_POINT('Ctrl Pts',(4.32643956896002,-294.477916415478,43.3261464140903));
#3606=CARTESIAN_POINT('Ctrl Pts',(7.38898468243668,-294.357843059325,40.3156484570286));
#3607=CARTESIAN_POINT('Ctrl Pts',(8.6209808792037,-294.237769084532,36.2034537190945));
#3608=CARTESIAN_POINT('Ctrl Pts',(7.71874268705014,-294.117697332308,32.0027155819886));
#3609=CARTESIAN_POINT('Ctrl Pts',(4.90301498155726,-293.997622085659,28.7649442012931));
#3610=CARTESIAN_POINT('Ctrl Pts',(0.426043992276989,-293.86420708897,27.1047349928656));
#3611=CARTESIAN_POINT('Ctrl Pts',(-4.80596751810014,-293.717452246705,28.3485190690373));
#3612=CARTESIAN_POINT('Ctrl Pts',(-8.43155590827444,-293.557355793246,32.9645182432003));
#3613=CARTESIAN_POINT('Ctrl Pts',(-8.40728518286312,-293.397252173976,38.8304947398538));
#3614=CARTESIAN_POINT('Ctrl Pts',(-4.74228515209031,-293.237159273314,43.4158358659519));
#3615=CARTESIAN_POINT('Ctrl Pts',(0.978961024366985,-293.077060523522,44.7214741153689));
#3616=CARTESIAN_POINT('Ctrl Pts',(6.2750957905626,-292.916964658908,42.2004928148301));
#3617=CARTESIAN_POINT('Ctrl Pts',(8.85124881513923,-292.756862885522,36.9218912860397));
#3618=CARTESIAN_POINT('Ctrl Pts',(7.9099211701445,-292.636791436621,32.6294360811261));
#3619=CARTESIAN_POINT('Ctrl Pts',(5.7040944898802,-292.530062017238,29.6430613196601));
#3620=CARTESIAN_POINT('Ctrl Pts',(2.95588975999206,-292.436666394171,27.7508984095043));
#3621=CARTESIAN_POINT('Ctrl Pts',(-1.32299129862828,-292.316596774664,27.3359141370308));
#3622=CARTESIAN_POINT('Ctrl Pts',(-5.26714549138856,-292.196522056838,29.0277633754781));
#3623=CARTESIAN_POINT('Ctrl Pts',(-7.90943959999538,-292.076449492459,32.4139453091619));
#3624=CARTESIAN_POINT('Ctrl Pts',(-8.59131809895309,-291.956376106798,36.652999147615));
#3625=CARTESIAN_POINT('Ctrl Pts',(-7.1458804643644,-291.836302744478,40.6963853271708));
#3626=CARTESIAN_POINT('Ctrl Pts',(-3.93019909248365,-291.716229072017,43.541971336267));
#3627=CARTESIAN_POINT('Ctrl Pts',(0.258680505834282,-291.596156424265,44.4852353424037));
#3628=CARTESIAN_POINT('Ctrl Pts',(4.38358269520255,-291.476082874102,43.292488275785));
#3629=CARTESIAN_POINT('Ctrl Pts',(7.42225213514351,-291.356009977094,40.2588885812665));
#3630=CARTESIAN_POINT('Ctrl Pts',(8.62445705036997,-291.235934863252,36.1369356782381));
#3631=CARTESIAN_POINT('Ctrl Pts',(7.68804158703642,-291.115863070437,31.9457377615021));
#3632=CARTESIAN_POINT('Ctrl Pts',(4.84893273807541,-290.995789135635,28.7249308485547));
#3633=CARTESIAN_POINT('Ctrl Pts',(0.808210618493738,-290.875715963437,27.2719726426124));
#3634=CARTESIAN_POINT('Ctrl Pts',(-3.4323559508637,-290.755642374433,27.9445028351628));
#3635=CARTESIAN_POINT('Ctrl Pts',(-6.8228656330237,-290.635569460599,30.580412783717));
#3636=CARTESIAN_POINT('Ctrl Pts',(-8.52352568196203,-290.515495598868,34.5230492315962));
#3637=CARTESIAN_POINT('Ctrl Pts',(-8.1129079050699,-290.39542291639,38.7971066716494));
#3638=CARTESIAN_POINT('Ctrl Pts',(-5.69334252783253,-290.275348827066,42.3452563716658));
#3639=CARTESIAN_POINT('Ctrl Pts',(-1.86289484256514,-290.15527612453,44.2849878363321));
#3640=CARTESIAN_POINT('Ctrl Pts',(2.42864918215194,-290.035202223377,44.1401654328187));
#3641=CARTESIAN_POINT('Ctrl Pts',(6.11820328512723,-289.915129817725,41.9444782904309));
#3642=CARTESIAN_POINT('Ctrl Pts',(8.29391480320893,-289.795054599166,38.2417692942764));
#3643=CARTESIAN_POINT('Ctrl Pts',(8.41293791807017,-289.674983255745,33.949887812289));
#3644=CARTESIAN_POINT('Ctrl Pts',(6.4496593089592,-289.554909696034,30.1309164473379));
#3645=CARTESIAN_POINT('Ctrl Pts',(2.88984045589846,-289.43483604559,27.7316935632575));
#3646=CARTESIAN_POINT('Ctrl Pts',(-1.38896935669473,-289.31476258846,27.3452207262192));
#3647=CARTESIAN_POINT('Ctrl Pts',(-5.31691005885051,-289.194688963942,29.0697969921238));
#3648=CARTESIAN_POINT('Ctrl Pts',(-8.38110885975351,-289.054604315216,33.0396225061033));
#3649=CARTESIAN_POINT('Ctrl Pts',(-8.54597103650451,-288.894506326823,38.9875180824298));
#3650=CARTESIAN_POINT('Ctrl Pts',(-4.08066599562569,-288.714396223541,43.9933638283673));
#3651=CARTESIAN_POINT('Ctrl Pts',(2.59354574266816,-288.534285899543,44.5811414978628));
#3652=CARTESIAN_POINT('Ctrl Pts',(7.86331004163431,-288.35417614884,40.4387648634039));
#3653=CARTESIAN_POINT('Ctrl Pts',(8.86357649641095,-288.174065103581,33.8116440029534));
#3654=CARTESIAN_POINT('Ctrl Pts',(5.05628588821782,-287.993956855332,28.2963314267913));
#3655=CARTESIAN_POINT('Ctrl Pts',(-1.49918469872899,-287.813842321071,26.8888595342489));
#3656=CARTESIAN_POINT('Ctrl Pts',(-5.31871731701073,-287.693776917074,29.1944349956149));
#3657=CARTESIAN_POINT('Ctrl Pts',(-6.57924275176891,-287.633737959818,30.849054973315));
#3658=CARTESIAN_POINT('Ctrl Pts',(-3.87566481683217,-297.754807258958,43.158963074027));
#3659=CARTESIAN_POINT('Ctrl Pts',(-2.04045397946821,-297.694771213239,44.1336076743635));
#3660=CARTESIAN_POINT('Ctrl Pts',(2.38928332775075,-297.57469820376,44.629629774411));
#3661=CARTESIAN_POINT('Ctrl Pts',(7.74955946621418,-297.394588211042,40.6129253689617));
#3662=CARTESIAN_POINT('Ctrl Pts',(8.89970143208901,-297.214478134617,34.0170093045593));
#3663=CARTESIAN_POINT('Ctrl Pts',(5.22238480024828,-297.034367881911,28.4215390673815));
#3664=CARTESIAN_POINT('Ctrl Pts',(-1.29037113360337,-296.854257959064,26.8644284310468));
#3665=CARTESIAN_POINT('Ctrl Pts',(-7.10179470012865,-296.674147274376,30.1878642785504));
#3666=CARTESIAN_POINT('Ctrl Pts',(-9.06051164392591,-296.494038121368,36.5945253003508));
#3667=CARTESIAN_POINT('Ctrl Pts',(-6.20888196505024,-296.32059588401,42.3716057240451));
#3668=CARTESIAN_POINT('Ctrl Pts',(-0.577743769635322,-296.153830188862,
44.7523292745556));
#3669=CARTESIAN_POINT('Ctrl Pts',(5.06652535602218,-295.993734158387,43.1846533288831));
#3670=CARTESIAN_POINT('Ctrl Pts',(8.52877088651521,-295.833634727511,38.4502925988998));
#3671=CARTESIAN_POINT('Ctrl Pts',(8.28329781422383,-295.673534316721,32.5928413184792));
#3672=CARTESIAN_POINT('Ctrl Pts',(4.4624609745623,-295.513440354601,28.1467780735908));
#3673=CARTESIAN_POINT('Ctrl Pts',(-0.817692624576689,-295.366682635868,
27.1440016327831));
#3674=CARTESIAN_POINT('Ctrl Pts',(-5.21072075739162,-295.233267636384,28.9970859150461));
#3675=CARTESIAN_POINT('Ctrl Pts',(-7.87549403427603,-295.11319430497,32.3565750055766));
#3676=CARTESIAN_POINT('Ctrl Pts',(-8.58884961888503,-294.993121031922,36.5878393474743));
#3677=CARTESIAN_POINT('Ctrl Pts',(-7.17527677270302,-294.873047901444,40.6373716864269));
#3678=CARTESIAN_POINT('Ctrl Pts',(-3.98434764892671,-294.752974363392,43.5048349028023));
#3679=CARTESIAN_POINT('Ctrl Pts',(0.193420249330558,-294.632900812526,44.4785475716889));
#3680=CARTESIAN_POINT('Ctrl Pts',(4.32317487947687,-294.51282796416,43.3184430067812));
#3681=CARTESIAN_POINT('Ctrl Pts',(7.38241048264216,-294.392754608007,40.3104729414209));
#3682=CARTESIAN_POINT('Ctrl Pts',(8.61272719884385,-294.272680633214,36.2020874056762));
#3683=CARTESIAN_POINT('Ctrl Pts',(7.71084967654731,-294.15260888099,32.0054978417622));
#3684=CARTESIAN_POINT('Ctrl Pts',(4.89744533825946,-294.032533634341,28.7711828458838));
#3685=CARTESIAN_POINT('Ctrl Pts',(0.424579810375376,-293.899118637652,27.1131097713069));
#3686=CARTESIAN_POINT('Ctrl Pts',(-4.80224729346995,-293.752363795388,28.3563265738106));
#3687=CARTESIAN_POINT('Ctrl Pts',(-8.4237909794731,-293.592267341927,32.9683181673035));
#3688=CARTESIAN_POINT('Ctrl Pts',(-8.39883832476451,-293.432163722658,38.828648897037));
#3689=CARTESIAN_POINT('Ctrl Pts',(-4.73681059032461,-293.272070821996,43.4091377008073));
#3690=CARTESIAN_POINT('Ctrl Pts',(0.979086755173577,-293.111972072204,44.7128318801366));
#3691=CARTESIAN_POINT('Ctrl Pts',(6.26981659590311,-292.95187620759,42.1936393471043));
#3692=CARTESIAN_POINT('Ctrl Pts',(8.84286211431967,-292.791774434204,36.9198039258093));
#3693=CARTESIAN_POINT('Ctrl Pts',(7.901919359128,-292.671702985303,32.6315916576968));
#3694=CARTESIAN_POINT('Ctrl Pts',(5.69786042842906,-292.56497356592,29.648358749733));
#3695=CARTESIAN_POINT('Ctrl Pts',(2.95207012009351,-292.471577942853,27.7583478569979));
#3696=CARTESIAN_POINT('Ctrl Pts',(-1.32274396898604,-292.351508323346,27.3442764133598));
#3697=CARTESIAN_POINT('Ctrl Pts',(-5.26289947511692,-292.23143360552,29.0349727279697));
#3698=CARTESIAN_POINT('Ctrl Pts',(-7.90224371092812,-292.111361041141,32.4182140567082));
#3699=CARTESIAN_POINT('Ctrl Pts',(-8.5829560314526,-291.99128765548,36.6532711089183));
#3700=CARTESIAN_POINT('Ctrl Pts',(-7.13842269067112,-291.871214293161,40.6925926511868));
#3701=CARTESIAN_POINT('Ctrl Pts',(-3.92549316724595,-291.751140620699,43.5350536367306));
#3702=CARTESIAN_POINT('Ctrl Pts',(0.259469464898258,-291.631067972947,44.4769059045576));
#3703=CARTESIAN_POINT('Ctrl Pts',(4.38025898598485,-291.510994422785,43.2848100435739));
#3704=CARTESIAN_POINT('Ctrl Pts',(7.41564080642546,-291.390921525776,40.2537629697466));
#3705=CARTESIAN_POINT('Ctrl Pts',(8.61619101068444,-291.270846411935,36.1356349173573));
#3706=CARTESIAN_POINT('Ctrl Pts',(7.68017290521063,-291.150774619119,31.9485797690612));
#3707=CARTESIAN_POINT('Ctrl Pts',(4.84340789893007,-291.030700684317,28.7312145642019));
#3708=CARTESIAN_POINT('Ctrl Pts',(0.806397941022775,-290.910627512119,27.2801392536849));
#3709=CARTESIAN_POINT('Ctrl Pts',(-3.43000357262789,-290.790553923116,27.9525331691178));
#3710=CARTESIAN_POINT('Ctrl Pts',(-6.81693650551805,-290.670481009281,30.5863150100555));
#3711=CARTESIAN_POINT('Ctrl Pts',(-8.5154843857398,-290.55040714755,34.5253626093916));
#3712=CARTESIAN_POINT('Ctrl Pts',(-8.10474879524619,-290.430334465072,38.795257847957));
#3713=CARTESIAN_POINT('Ctrl Pts',(-5.6870820087798,-290.310260375748,42.3397033951872));
#3714=CARTESIAN_POINT('Ctrl Pts',(-1.86009044063526,-290.190187673212,44.277106961177));
#3715=CARTESIAN_POINT('Ctrl Pts',(2.42730818255337,-290.070113772059,44.1319065351052));
#3716=CARTESIAN_POINT('Ctrl Pts',(6.11304807667417,-289.950041366407,41.9378892415702));
#3717=CARTESIAN_POINT('Ctrl Pts',(8.2862207761646,-289.829966147848,38.2384784427702));
#3718=CARTESIAN_POINT('Ctrl Pts',(8.40461382384102,-289.709894804427,33.9507160955612));
#3719=CARTESIAN_POINT('Ctrl Pts',(6.44276383024797,-289.589821244716,30.1356545318643));
#3720=CARTESIAN_POINT('Ctrl Pts',(2.88608172508414,-289.469747594272,27.739168472855));
#3721=CARTESIAN_POINT('Ctrl Pts',(-1.38865745132958,-289.349674137142,27.3535820114086));
#3722=CARTESIAN_POINT('Ctrl Pts',(-5.31261109867812,-289.229600512625,29.0769714795685));
#3723=CARTESIAN_POINT('Ctrl Pts',(-8.37338296575057,-289.089515863898,33.0433439601884));
#3724=CARTESIAN_POINT('Ctrl Pts',(-8.53737179986209,-288.929417875505,38.9855385623007));
#3725=CARTESIAN_POINT('Ctrl Pts',(-4.07576090628719,-288.749307772223,43.9860296451667));
#3726=CARTESIAN_POINT('Ctrl Pts',(2.59209944581439,-288.569197448225,44.5724389851302));
#3727=CARTESIAN_POINT('Ctrl Pts',(7.85629434138448,-288.389087697522,40.4334141820297));
#3728=CARTESIAN_POINT('Ctrl Pts',(8.85480153652415,-288.208976652263,33.8125494450779));
#3729=CARTESIAN_POINT('Ctrl Pts',(5.05050919323454,-288.028868404014,28.3030027468017));
#3730=CARTESIAN_POINT('Ctrl Pts',(-1.49882028132693,-287.848753869753,26.897672041785));
#3731=CARTESIAN_POINT('Ctrl Pts',(-5.31440768652096,-287.728688465756,29.2014913203042));
#3732=CARTESIAN_POINT('Ctrl Pts',(-6.57351829839,-287.6686495085,30.8546671127489));
#3733=CARTESIAN_POINT('Ctrl Pts',(-3.87528773916822,-297.769763466493,43.1591633076375));
#3734=CARTESIAN_POINT('Ctrl Pts',(-2.04002404704113,-297.709727420773,44.1337144687648));
#3735=CARTESIAN_POINT('Ctrl Pts',(2.38973595608068,-297.589654411295,44.6295081010193));
#3736=CARTESIAN_POINT('Ctrl Pts',(7.74980746136011,-297.409544418577,40.6125261393375));
#3737=CARTESIAN_POINT('Ctrl Pts',(8.89960801414107,-297.229434342152,34.01654903548));
#3738=CARTESIAN_POINT('Ctrl Pts',(5.22200182004511,-297.049324089446,28.4212674637421));
#3739=CARTESIAN_POINT('Ctrl Pts',(-1.29083635388449,-296.869214166598,26.8644929797094));
#3740=CARTESIAN_POINT('Ctrl Pts',(-7.1020894311969,-296.68910348191,30.1882297430864));
#3741=CARTESIAN_POINT('Ctrl Pts',(-9.06047612766272,-296.508994328903,36.5949937635647));
#3742=CARTESIAN_POINT('Ctrl Pts',(-6.20854704606766,-296.335552091544,42.3719275738405));
#3743=CARTESIAN_POINT('Ctrl Pts',(-0.577285803068866,-296.168786396396,
44.752361927844));
#3744=CARTESIAN_POINT('Ctrl Pts',(5.06690453192607,-296.008690365922,43.1843924834826));
#3745=CARTESIAN_POINT('Ctrl Pts',(8.52890748954255,-295.848590935046,38.4498528385117));
#3746=CARTESIAN_POINT('Ctrl Pts',(8.28313021145126,-295.688490524256,32.5924130338682));
#3747=CARTESIAN_POINT('Ctrl Pts',(4.46206275622334,-295.528396562136,28.1465443295557));
#3748=CARTESIAN_POINT('Ctrl Pts',(-0.818142348854659,-295.381638843403,
27.1440419930603));
#3749=CARTESIAN_POINT('Ctrl Pts',(-5.21107664477858,-295.248223843919,28.9973533101953));
#3750=CARTESIAN_POINT('Ctrl Pts',(-7.87567687560896,-295.128150512504,32.3569811008985));
#3751=CARTESIAN_POINT('Ctrl Pts',(-8.58881415267873,-295.008077239457,36.5882832291181));
#3752=CARTESIAN_POINT('Ctrl Pts',(-7.1750317086558,-294.888004108978,40.6377435563143));
#3753=CARTESIAN_POINT('Ctrl Pts',(-3.98395371465692,-294.767930570927,43.5050425674891));
#3754=CARTESIAN_POINT('Ctrl Pts',(0.19386553881798,-294.647857020061,44.478539673028));
#3755=CARTESIAN_POINT('Ctrl Pts',(4.32356113334167,-294.527784171694,43.3182213935715));
#3756=CARTESIAN_POINT('Ctrl Pts',(7.38264226335221,-294.407710815542,40.3100927530934));
#3757=CARTESIAN_POINT('Ctrl Pts',(8.61274662895135,-294.287636840748,36.2016423692174));
#3758=CARTESIAN_POINT('Ctrl Pts',(7.71065307305741,-294.167565088524,32.0050994520618));
#3759=CARTESIAN_POINT('Ctrl Pts',(4.89707918180595,-294.047489841876,28.7709279318135));
#3760=CARTESIAN_POINT('Ctrl Pts',(0.424128243848329,-293.914074845186,27.1130856099154));
#3761=CARTESIAN_POINT('Ctrl Pts',(-4.80263606520191,-293.767320002922,28.3565727567327));
#3762=CARTESIAN_POINT('Ctrl Pts',(-8.4239426901137,-293.607223549462,32.9687536568829));
#3763=CARTESIAN_POINT('Ctrl Pts',(-8.39868696497001,-293.447119930192,38.8290837254458));
#3764=CARTESIAN_POINT('Ctrl Pts',(-4.73642296785489,-293.287027029531,43.4093839913673));
#3765=CARTESIAN_POINT('Ctrl Pts',(0.979543509672675,-293.126928279739,44.7127828484162));
#3766=CARTESIAN_POINT('Ctrl Pts',(6.27014723627817,-292.966832415125,42.1933162954122));
#3767=CARTESIAN_POINT('Ctrl Pts',(8.84291759809454,-292.806730641739,36.9193481730096));
#3768=CARTESIAN_POINT('Ctrl Pts',(7.90175526874954,-292.686659192838,32.6311838674435));
#3769=CARTESIAN_POINT('Ctrl Pts',(5.69753941079006,-292.579929773455,29.6480626215046));
#3770=CARTESIAN_POINT('Ctrl Pts',(2.95165196243498,-292.486534150387,27.7581928376583));
#3771=CARTESIAN_POINT('Ctrl Pts',(-1.32318438203927,-292.366464530881,27.3443428300079));
#3772=CARTESIAN_POINT('Ctrl Pts',(-5.26325344835283,-292.246389813055,29.0352428978508));
#3773=CARTESIAN_POINT('Ctrl Pts',(-7.9024234957948,-292.126317248675,32.4186215320335));
#3774=CARTESIAN_POINT('Ctrl Pts',(-8.58291716990415,-292.006243863015,36.6537147181408));
#3775=CARTESIAN_POINT('Ctrl Pts',(-7.13817480451761,-291.886170500695,40.6929626258096));
#3776=CARTESIAN_POINT('Ctrl Pts',(-3.92509764134548,-291.766096828234,43.5352582948609));
#3777=CARTESIAN_POINT('Ctrl Pts',(0.259914558304173,-291.646024180481,44.4768946086217));
#3778=CARTESIAN_POINT('Ctrl Pts',(4.38064350446989,-291.525950630319,43.2845856419015));
#3779=CARTESIAN_POINT('Ctrl Pts',(7.41586879568992,-291.405877733311,40.2533813876049));
#3780=CARTESIAN_POINT('Ctrl Pts',(8.61620753991389,-291.285802619469,36.1351887089969));
#3781=CARTESIAN_POINT('Ctrl Pts',(7.67997254135926,-291.165730826654,31.9481823134711));
#3782=CARTESIAN_POINT('Ctrl Pts',(4.84304088324198,-291.045656891852,28.7309624297458));
#3783=CARTESIAN_POINT('Ctrl Pts',(0.80595552723885,-290.925583719653,27.2800960513241));
#3784=CARTESIAN_POINT('Ctrl Pts',(-3.43041413959804,-290.80551013065,27.9527086542408));
#3785=CARTESIAN_POINT('Ctrl Pts',(-6.81721036881239,-290.685437216816,30.5866660082834));
#3786=CARTESIAN_POINT('Ctrl Pts',(-8.51555582130722,-290.565363355085,34.5258021748191));
#3787=CARTESIAN_POINT('Ctrl Pts',(-8.10459884844769,-290.445290672606,38.7956773221874));
#3788=CARTESIAN_POINT('Ctrl Pts',(-5.68674967886042,-290.325216583282,42.339998221579));
#3789=CARTESIAN_POINT('Ctrl Pts',(-1.85965521482736,-290.205143880747,44.2772048446552));
#3790=CARTESIAN_POINT('Ctrl Pts',(2.42773618542466,-290.085069979593,44.1317833583434));
#3791=CARTESIAN_POINT('Ctrl Pts',(6.11336353220035,-289.964997573941,41.9375745874218));
#3792=CARTESIAN_POINT('Ctrl Pts',(8.28634546861269,-289.844922355382,38.2380520599409));
#3793=CARTESIAN_POINT('Ctrl Pts',(8.40451661729485,-289.724851011962,33.9502807008937));
#3794=CARTESIAN_POINT('Ctrl Pts',(6.44246953124815,-289.604777452251,30.135320171418));
#3795=CARTESIAN_POINT('Ctrl Pts',(2.88566271771879,-289.484703801806,27.7390173475289));
#3796=CARTESIAN_POINT('Ctrl Pts',(-1.38909738402809,-289.364630344677,27.353651823431));
#3797=CARTESIAN_POINT('Ctrl Pts',(-5.31296291942813,-289.244556720159,29.0772444326751));
#3798=CARTESIAN_POINT('Ctrl Pts',(-8.37353102603693,-289.104472071433,33.0437769246311));
#3799=CARTESIAN_POINT('Ctrl Pts',(-8.53721237784736,-288.94437408304,38.9859802191928));
#3800=CARTESIAN_POINT('Ctrl Pts',(-4.07534215327164,-288.764263979758,43.9862422981834));
#3801=CARTESIAN_POINT('Ctrl Pts',(2.59255009859789,-288.58415365576,44.5723071219696));
#3802=CARTESIAN_POINT('Ctrl Pts',(7.85653254434005,-288.404043905057,40.43300935095));
#3803=CARTESIAN_POINT('Ctrl Pts',(8.85469758957356,-288.223932859798,33.8120915907103));
#3804=CARTESIAN_POINT('Ctrl Pts',(5.05012048957115,-288.043824611549,28.3027397462721));
#3805=CARTESIAN_POINT('Ctrl Pts',(-1.49928449874041,-287.863710077288,26.8977480049425));
#3806=CARTESIAN_POINT('Ctrl Pts',(-5.31475000421111,-287.743644673291,29.2017636873596));
#3807=CARTESIAN_POINT('Ctrl Pts',(-6.57377696853421,-287.683605716034,30.8550067755522));
#3808=CARTESIAN_POINT('',(-4.39461293363796,-287.683605716034,28.8048082362936));
#3809=CARTESIAN_POINT('Ctrl Pts',(-4.39461293363729,-287.683605716034,28.8048082362931));
#3810=CARTESIAN_POINT('Ctrl Pts',(-4.65503392532303,-287.683605716034,28.9855450247473));
#3811=CARTESIAN_POINT('Ctrl Pts',(-5.00762148715239,-287.683605716133,29.2402217629829));
#3812=CARTESIAN_POINT('Ctrl Pts',(-5.83082061548033,-287.683605716133,29.9725309146984));
#3813=CARTESIAN_POINT('Ctrl Pts',(-6.22313574569682,-287.683605716034,30.3945756692154));
#3814=CARTESIAN_POINT('Ctrl Pts',(-6.57377696853353,-287.683605716034,30.8550067755513));
#3815=CARTESIAN_POINT('Ctrl Pts',(-8.26330593195379,-295.028232037085,35.8612652508117));
#3816=CARTESIAN_POINT('Ctrl Pts',(-8.26213600751793,-295.061538186673,34.7084483182529));
#3817=CARTESIAN_POINT('Ctrl Pts',(-7.72658890500895,-295.134868777067,32.1690054025209));
#3818=CARTESIAN_POINT('Ctrl Pts',(-5.21107664477858,-295.248223843919,28.9973533101953));
#3819=CARTESIAN_POINT('Ctrl Pts',(-0.818142348854659,-295.381638843403,
27.1440419930603));
#3820=CARTESIAN_POINT('Ctrl Pts',(4.46206275622334,-295.528396562136,28.1465443295557));
#3821=CARTESIAN_POINT('Ctrl Pts',(8.28313021145126,-295.688490524256,32.5924130338682));
#3822=CARTESIAN_POINT('Ctrl Pts',(8.52890748954255,-295.848590935046,38.4498528385117));
#3823=CARTESIAN_POINT('Ctrl Pts',(5.06690453192607,-296.008690365922,43.1843924834826));
#3824=CARTESIAN_POINT('Ctrl Pts',(-0.577285803068866,-296.168786396396,
44.752361927844));
#3825=CARTESIAN_POINT('Ctrl Pts',(-6.20854704606766,-296.335552091544,42.3719275738405));
#3826=CARTESIAN_POINT('Ctrl Pts',(-8.1789740219963,-296.455385107541,38.3805849098934));
#3827=CARTESIAN_POINT('Ctrl Pts',(-8.26688074023473,-296.521850476529,36.0834921140042));
#3828=CARTESIAN_POINT('Ctrl Pts',(-8.26620005791589,-296.528278868473,35.8612571260287));
#3829=CARTESIAN_POINT('',(-3.90092677015675,-297.683188021927,43.2021768378767));
#3830=CARTESIAN_POINT('Ctrl Pts',(-1.03156308176557,-297.68318865165,44.0534001790855));
#3831=CARTESIAN_POINT('Ctrl Pts',(-1.22795992955817,-297.68318857795,44.0285967903446));
#3832=CARTESIAN_POINT('Ctrl Pts',(-1.42295804263247,-297.683213466953,43.997490345659));
#3833=CARTESIAN_POINT('Ctrl Pts',(-1.61660071331095,-297.68322774885,43.9601333998889));
#3834=CARTESIAN_POINT('Ctrl Pts',(-1.78505495478279,-297.683240173002,43.927635728062));
#3835=CARTESIAN_POINT('Ctrl Pts',(-1.95248329937187,-297.683243284758,43.8904073911152));
#3836=CARTESIAN_POINT('Ctrl Pts',(-2.1189191954583,-297.68323272171,43.8484514990401));
#3837=CARTESIAN_POINT('Ctrl Pts',(-2.24720650018597,-297.683224579807,43.8161122715158));
#3838=CARTESIAN_POINT('Ctrl Pts',(-2.3749042410295,-297.683208384665,43.7809637569804));
#3839=CARTESIAN_POINT('Ctrl Pts',(-2.50203084237822,-297.683198783606,43.7429941318244));
#3840=CARTESIAN_POINT('Ctrl Pts',(-2.57501708582131,-297.683193271421,43.7211949153293));
#3841=CARTESIAN_POINT('Ctrl Pts',(-2.64781517445773,-297.683190280632,43.6984656463778));
#3842=CARTESIAN_POINT('Ctrl Pts',(-2.72042795321885,-297.683194032016,43.674799076391));
#3843=CARTESIAN_POINT('Ctrl Pts',(-2.83465624252391,-297.683199933377,43.6375688278116));
#3844=CARTESIAN_POINT('Ctrl Pts',(-2.94372003688341,-297.683215128532,43.5995542006517));
#3845=CARTESIAN_POINT('Ctrl Pts',(-3.04740479104559,-297.683227764587,43.561445581482));
#3846=CARTESIAN_POINT('Ctrl Pts',(-3.15921680337076,-297.683241391111,43.5203498444015));
#3847=CARTESIAN_POINT('Ctrl Pts',(-3.26477354828957,-297.683251734567,43.4791458664804));
#3848=CARTESIAN_POINT('Ctrl Pts',(-3.36386593525746,-297.683252065516,43.4387078464326));
#3849=CARTESIAN_POINT('Ctrl Pts',(-3.46785546862224,-297.683252412821,43.3962713791757));
#3850=CARTESIAN_POINT('Ctrl Pts',(-3.56472695241511,-297.683241312477,43.3546801385889));
#3851=CARTESIAN_POINT('Ctrl Pts',(-3.65429344221834,-297.683225314327,43.3149314721528));
#3852=CARTESIAN_POINT('Ctrl Pts',(-3.74385993202157,-297.683209316177,43.2751828057166));
#3853=CARTESIAN_POINT('Ctrl Pts',(-3.82612337190526,-297.683188021927,43.2372784947326));
#3854=CARTESIAN_POINT('Ctrl Pts',(-3.90092677015604,-297.683188021927,43.2021768378771));
#3855=CARTESIAN_POINT('Ctrl Pts',(-3.90092677015675,-297.683188021927,43.2021768378767));
#3856=CARTESIAN_POINT('Ctrl Pts',(-2.0548461042563,-297.623151976208,44.1831756615008));
#3857=CARTESIAN_POINT('Ctrl Pts',(2.40157799214859,-297.50307896673,44.6832951359346));
#3858=CARTESIAN_POINT('Ctrl Pts',(7.7952943052046,-297.322968974011,40.6436024089462));
#3859=CARTESIAN_POINT('Ctrl Pts',(8.95402716337519,-297.142858897587,34.0080451759009));
#3860=CARTESIAN_POINT('Ctrl Pts',(5.25583472197061,-296.96274864488,28.3777966255162));
#3861=CARTESIAN_POINT('Ctrl Pts',(-1.29595863607867,-296.782638722033,26.809651376955));
#3862=CARTESIAN_POINT('Ctrl Pts',(-7.14338008109585,-296.602528037345,30.1517678967456));
#3863=CARTESIAN_POINT('Ctrl Pts',(-9.11553668813628,-296.422418884337,36.5967249379677));
#3864=CARTESIAN_POINT('Ctrl Pts',(-6.24807333559245,-296.248976646979,42.4094782744461));
#3865=CARTESIAN_POINT('Ctrl Pts',(-0.583439254374365,-296.082210951831,
44.8060051549854));
#3866=CARTESIAN_POINT('Ctrl Pts',(5.09538311584335,-295.922114921357,43.2302332677328));
#3867=CARTESIAN_POINT('Ctrl Pts',(8.5797568982667,-295.76201549048,38.4680719365468));
#3868=CARTESIAN_POINT('Ctrl Pts',(8.33424390266573,-295.601915079691,32.5751048020858));
#3869=CARTESIAN_POINT('Ctrl Pts',(4.49137807870288,-295.44182111757,28.1011833589965));
#3870=CARTESIAN_POINT('Ctrl Pts',(-0.820487127364996,-295.295063398838,
27.0910338196539));
#3871=CARTESIAN_POINT('Ctrl Pts',(-5.2405652193937,-295.161648399353,28.954248934423));
#3872=CARTESIAN_POINT('Ctrl Pts',(-7.92229854181158,-295.041575067939,32.3334148640744));
#3873=CARTESIAN_POINT('Ctrl Pts',(-8.6410178378923,-294.921501794891,36.5901148569062));
#3874=CARTESIAN_POINT('Ctrl Pts',(-7.21988923902246,-294.801428664413,40.6645085463538));
#3875=CARTESIAN_POINT('Ctrl Pts',(-4.01035392742414,-294.681355126361,43.5501171290397));
#3876=CARTESIAN_POINT('Ctrl Pts',(0.1924615985534,-294.561281575495,44.5307561591112));
#3877=CARTESIAN_POINT('Ctrl Pts',(4.34750039273165,-294.441208727129,43.3646498865258));
#3878=CARTESIAN_POINT('Ctrl Pts',(7.42599719117282,-294.321135370977,40.3392286421109));
#3879=CARTESIAN_POINT('Ctrl Pts',(8.66477592194916,-294.201061396183,36.2062786099747));
#3880=CARTESIAN_POINT('Ctrl Pts',(7.75847734504021,-294.080989643959,31.9840651139524));
#3881=CARTESIAN_POINT('Ctrl Pts',(4.92884081609182,-293.960914397311,28.7294763308791));
#3882=CARTESIAN_POINT('Ctrl Pts',(0.429311920086668,-293.827499400621,27.0602616186576));
#3883=CARTESIAN_POINT('Ctrl Pts',(-4.82946078411102,-293.680744558357,28.3097120362263));
#3884=CARTESIAN_POINT('Ctrl Pts',(-8.47406586791631,-293.520648104897,32.9487263648907));
#3885=CARTESIAN_POINT('Ctrl Pts',(-8.45041005910899,-293.360544485627,38.8445353009588));
#3886=CARTESIAN_POINT('Ctrl Pts',(-4.76734910387443,-293.200451584965,43.4536544938943));
#3887=CARTESIAN_POINT('Ctrl Pts',(0.982825048178779,-293.040352835173,44.7666521487019));
#3888=CARTESIAN_POINT('Ctrl Pts',(6.30620521268294,-292.880256970559,42.2335181907833));
#3889=CARTESIAN_POINT('Ctrl Pts',(8.89612540552214,-292.720155197173,36.9283973747005));
#3890=CARTESIAN_POINT('Ctrl Pts',(7.95054898362183,-292.600083748272,32.6139962405713));
#3891=CARTESIAN_POINT('Ctrl Pts',(5.73388371330449,-292.493354328889,29.6121595396921));
#3892=CARTESIAN_POINT('Ctrl Pts',(2.97194124742961,-292.399958705822,27.7100295059762));
#3893=CARTESIAN_POINT('Ctrl Pts',(-1.32864597960839,-292.279889086316,27.2923959798133));
#3894=CARTESIAN_POINT('Ctrl Pts',(-5.29306917041525,-292.159814368489,28.9923522538614));
#3895=CARTESIAN_POINT('Ctrl Pts',(-7.94922548974194,-292.03974180411,32.3954203917145));
#3896=CARTESIAN_POINT('Ctrl Pts',(-8.63510473205446,-291.919668418449,36.6559441523632));
#3897=CARTESIAN_POINT('Ctrl Pts',(-7.18282576363242,-291.79959505613,40.7200728686073));
#3898=CARTESIAN_POINT('Ctrl Pts',(-3.9511506483106,-291.679521383668,43.5805333491314));
#3899=CARTESIAN_POINT('Ctrl Pts',(0.258910890533501,-291.559448735916,44.5291208922854));
#3900=CARTESIAN_POINT('Ctrl Pts',(4.40493833135669,-291.439375185754,43.3308276178455));
#3901=CARTESIAN_POINT('Ctrl Pts',(7.45944179851635,-291.319302288746,40.2821839527848));
#3902=CARTESIAN_POINT('Ctrl Pts',(8.66827765688478,-291.199227174904,36.1394237552188));
#3903=CARTESIAN_POINT('Ctrl Pts',(7.72762813422082,-291.079155382088,31.9267942918674));
#3904=CARTESIAN_POINT('Ctrl Pts',(4.8744873887665,-290.959081447286,28.6892527637712));
#3905=CARTESIAN_POINT('Ctrl Pts',(0.813400369997894,-290.839008275088,27.2283971401137));
#3906=CARTESIAN_POINT('Ctrl Pts',(-3.44881230227966,-290.718934686085,27.9038138534388));
#3907=CARTESIAN_POINT('Ctrl Pts',(-6.85689587670588,-290.59886177225,30.5527010160416));
#3908=CARTESIAN_POINT('Ctrl Pts',(-8.56669921596646,-290.478787910519,34.5151719607664));
#3909=CARTESIAN_POINT('Ctrl Pts',(-8.15453189903721,-290.358715228041,38.8110146556497));
#3910=CARTESIAN_POINT('Ctrl Pts',(-5.72310809163919,-290.238641138717,42.3775117266514));
#3911=CARTESIAN_POINT('Ctrl Pts',(-1.87342845538015,-290.118568436182,44.3275885007401));
#3912=CARTESIAN_POINT('Ctrl Pts',(2.43995709467747,-289.998494535028,44.1825691383654));
#3913=CARTESIAN_POINT('Ctrl Pts',(6.1485490212249,-289.878422129376,41.9761816404932));
#3914=CARTESIAN_POINT('Ctrl Pts',(8.33579004988403,-289.758346910817,38.2549166249474));
#3915=CARTESIAN_POINT('Ctrl Pts',(8.45595890550272,-289.638275567396,33.941227655002));
#3916=CARTESIAN_POINT('Ctrl Pts',(6.48317699975284,-289.518202007685,30.1025891578384));
#3917=CARTESIAN_POINT('Ctrl Pts',(2.90555831930575,-289.398128357241,27.6907182138194));
#3918=CARTESIAN_POINT('Ctrl Pts',(-1.39496072303418,-289.278054900112,27.3017416044469));
#3919=CARTESIAN_POINT('Ctrl Pts',(-5.34309208456118,-289.157981275594,29.0345931471597));
#3920=CARTESIAN_POINT('Ctrl Pts',(-8.42337151184724,-289.017896626867,33.0242188100709));
#3921=CARTESIAN_POINT('Ctrl Pts',(-8.58982086307276,-288.857798638475,39.0023400233527));
#3922=CARTESIAN_POINT('Ctrl Pts',(-4.1024394440217,-288.677688535192,44.0342021242541));
#3923=CARTESIAN_POINT('Ctrl Pts',(2.605636833332,-288.497578211194,44.6258085919917));
#3924=CARTESIAN_POINT('Ctrl Pts',(7.90271906430629,-288.317468460491,40.4630309648916));
#3925=CARTESIAN_POINT('Ctrl Pts',(8.90890605748971,-288.137357415232,33.80233676193));
#3926=CARTESIAN_POINT('Ctrl Pts',(5.08294848169458,-287.957249166983,28.2585000768361));
#3927=CARTESIAN_POINT('Ctrl Pts',(-0.450710170860537,-287.805974498377,
27.0696873762215));
#3928=CARTESIAN_POINT('Ctrl Pts',(-3.46880018480978,-287.714744330849,28.2350437925268));
#3929=CARTESIAN_POINT('Ctrl Pts',(-4.3913435414969,-287.683547657994,28.8100505148438));
#3930=CARTESIAN_POINT('Ctrl Pts',(-6.17890311299586,-297.683188021927,29.1785669455722));
#3931=CARTESIAN_POINT('Ctrl Pts',(-7.92089962148257,-297.620957018106,30.7892378040676));
#3932=CARTESIAN_POINT('Ctrl Pts',(-10.0725643214936,-297.496495010463,35.4298856875249));
#3933=CARTESIAN_POINT('Ctrl Pts',(-7.45003311778445,-297.309801999,42.6580743479402));
#3934=CARTESIAN_POINT('Ctrl Pts',(-0.496761042455012,-297.123108987537,
45.9314549810557));
#3935=CARTESIAN_POINT('Ctrl Pts',(6.74501622705672,-296.936415976073,43.3573016755034));
#3936=CARTESIAN_POINT('Ctrl Pts',(10.0664828633104,-296.74972296461,36.425381644344));
#3937=CARTESIAN_POINT('Ctrl Pts',(7.54293436174792,-296.563029953146,29.168841873317));
#3938=CARTESIAN_POINT('Ctrl Pts',(0.628512555100854,-296.376336941683,25.795125272779));
#3939=CARTESIAN_POINT('Ctrl Pts',(-5.82538101016237,-296.21038759816,28.0060845111636));
#3940=CARTESIAN_POINT('Ctrl Pts',(-9.00744211288539,-296.065181922577,32.7755457470007));
#3941=CARTESIAN_POINT('Ctrl Pts',(-9.3511309872588,-295.940719914935,37.6710732190202));
#3942=CARTESIAN_POINT('Ctrl Pts',(-7.2077956007994,-295.816257907292,42.0826326010701));
#3943=CARTESIAN_POINT('Ctrl Pts',(-2.69642047345202,-295.67796678769,45.1678939902198));
#3944=CARTESIAN_POINT('Ctrl Pts',(2.33033940795334,-295.553504780047,45.109995626129));
#3945=CARTESIAN_POINT('Ctrl Pts',(7.18448669634785,-295.408299104465,42.2538337582172));
#3946=CARTESIAN_POINT('Ctrl Pts',(10.050484966206,-295.256178872902,36.7070331542277));
#3947=CARTESIAN_POINT('Ctrl Pts',(7.7179360706956,-295.069485861438,29.369458335387));
#3948=CARTESIAN_POINT('Ctrl Pts',(0.905492076020718,-294.882792849975,25.8208004220195));
#3949=CARTESIAN_POINT('Ctrl Pts',(-6.4358356660622,-294.696099838511,28.0972904586689));
#3950=CARTESIAN_POINT('Ctrl Pts',(-10.0351740230224,-294.509406827048,34.889609391116));
#3951=CARTESIAN_POINT('Ctrl Pts',(-7.80817094612906,-294.322713815584,42.2423128771754));
#3952=CARTESIAN_POINT('Ctrl Pts',(-1.03626136514358,-294.136020804121,45.8933849186571));
#3953=CARTESIAN_POINT('Ctrl Pts',(5.50207016198003,-293.970071460598,43.9467991296645));
#3954=CARTESIAN_POINT('Ctrl Pts',(8.87408035135876,-293.824865785015,39.3087452001551));
#3955=CARTESIAN_POINT('Ctrl Pts',(9.41879682546795,-293.700403777373,34.4352220364218));
#3956=CARTESIAN_POINT('Ctrl Pts',(7.45280233245179,-293.57594176973,29.9325187328494));
#3957=CARTESIAN_POINT('Ctrl Pts',(3.51259094433547,-293.451479762088,27.0074428456772));
#3958=CARTESIAN_POINT('Ctrl Pts',(-1.36506024821355,-293.327017754446,26.4352813193813));
#3959=CARTESIAN_POINT('Ctrl Pts',(-5.87759099133498,-293.202555746803,28.3672246350516));
#3960=CARTESIAN_POINT('Ctrl Pts',(-8.82962304275728,-293.078093739161,32.2900357533227));
#3961=CARTESIAN_POINT('Ctrl Pts',(-9.43444037026713,-292.953631731519,37.1626084758043));
#3962=CARTESIAN_POINT('Ctrl Pts',(-7.53359705590332,-292.829169723877,41.6871512391294));
#3963=CARTESIAN_POINT('Ctrl Pts',(-3.62998766285133,-292.704707716234,44.6695215166089));
#3964=CARTESIAN_POINT('Ctrl Pts',(1.23416059410376,-292.580245708592,45.3011134735507));
#3965=CARTESIAN_POINT('Ctrl Pts',(6.54166683605146,-292.435040033009,43.1313383772832));
#3966=CARTESIAN_POINT('Ctrl Pts',(9.99014437352666,-292.269090689486,37.2448323694804));
#3967=CARTESIAN_POINT('Ctrl Pts',(8.05768561965677,-292.082397678022,29.7982749230543));
#3968=CARTESIAN_POINT('Ctrl Pts',(1.44674073220349,-291.895704666559,25.8833492765059));
#3969=CARTESIAN_POINT('Ctrl Pts',(-6.00627164108442,-291.709011655095,27.7614636000593));
#3970=CARTESIAN_POINT('Ctrl Pts',(-9.96893046516607,-291.522318643632,34.3477202323616));
#3971=CARTESIAN_POINT('Ctrl Pts',(-8.13969666963895,-291.335625632169,41.8122514359849));
#3972=CARTESIAN_POINT('Ctrl Pts',(-1.58153982331624,-291.148932620705,45.8197290558948));
#3973=CARTESIAN_POINT('Ctrl Pts',(5.89442244551468,-290.962239609242,44.0382450328755));
#3974=CARTESIAN_POINT('Ctrl Pts',(9.95085996181611,-290.775546597778,37.5127725154462));
#3975=CARTESIAN_POINT('Ctrl Pts',(8.21984233643206,-290.588853586315,30.0206958014887));
#3976=CARTESIAN_POINT('Ctrl Pts',(1.71251350272813,-290.402160574851,25.9228673719693));
#3977=CARTESIAN_POINT('Ctrl Pts',(-4.94389620656551,-290.236211231328,27.4223320014632));
#3978=CARTESIAN_POINT('Ctrl Pts',(-8.62123313519063,-290.091005555745,31.8221343445412));
#3979=CARTESIAN_POINT('Ctrl Pts',(-9.4934705769577,-289.966543548103,36.6491008964997));
#3980=CARTESIAN_POINT('Ctrl Pts',(-7.83660174800451,-289.842081540461,41.2728174838079));
#3981=CARTESIAN_POINT('Ctrl Pts',(-4.10144612873176,-289.717619532818,44.4565695723728));
#3982=CARTESIAN_POINT('Ctrl Pts',(0.724807344609333,-289.593157525176,45.3572306078166));
#3983=CARTESIAN_POINT('Ctrl Pts',(5.35842194606821,-289.468695517534,43.7363798643549));
#3984=CARTESIAN_POINT('Ctrl Pts',(8.56813238965101,-289.344233509892,40.0204572603161));
#3985=CARTESIAN_POINT('Ctrl Pts',(9.50104497265413,-289.219771502249,35.2006038463944));
#3986=CARTESIAN_POINT('Ctrl Pts',(7.91071939914684,-289.095309494607,30.557023889643));
#3987=CARTESIAN_POINT('Ctrl Pts',(4.21571577577903,-288.970847486965,27.3199944299414));
#3988=CARTESIAN_POINT('Ctrl Pts',(-0.593216268465783,-288.846385479322,
26.3589902726746));
#3989=CARTESIAN_POINT('Ctrl Pts',(-6.03584109466336,-288.701179803739,28.165845809414));
#3990=CARTESIAN_POINT('Ctrl Pts',(-9.87375727208595,-288.535230460216,33.8059356169335));
#3991=CARTESIAN_POINT('Ctrl Pts',(-8.4488454678957,-288.348537448753,41.3660725374721));
#3992=CARTESIAN_POINT('Ctrl Pts',(-2.11763112274653,-288.161844437289,45.7186697018694));
#3993=CARTESIAN_POINT('Ctrl Pts',(5.44572301458892,-287.975151425826,44.3482703131577));
#3994=CARTESIAN_POINT('Ctrl Pts',(9.8431456357394,-287.788458414362,38.0449102328882));
#3995=CARTESIAN_POINT('Ctrl Pts',(8.52480132994366,-287.601765402899,30.4735673792216));
#3996=CARTESIAN_POINT('Ctrl Pts',(2.24732236844183,-287.415072391436,26.0331345376421));
#3997=CARTESIAN_POINT('Ctrl Pts',(-2.79709716155126,-287.290610383793,26.881156143819));
#3998=CARTESIAN_POINT('Ctrl Pts',(-4.81105363510292,-287.228379379972,28.1352660961859));
#3999=CARTESIAN_POINT('Ctrl Pts',(-6.00056903876671,-297.834930327439,29.3716361964006));
#4000=CARTESIAN_POINT('Ctrl Pts',(-7.69223767787579,-297.772699323618,30.9358202467769));
#4001=CARTESIAN_POINT('Ctrl Pts',(-9.78170031299361,-297.648237315975,35.4424891690462));
#4002=CARTESIAN_POINT('Ctrl Pts',(-7.23479619721682,-297.461544304512,42.4619078586027));
#4003=CARTESIAN_POINT('Ctrl Pts',(-0.482269546880588,-297.274851293049,
45.6406604976371));
#4004=CARTESIAN_POINT('Ctrl Pts',(6.55034604927169,-297.088158281585,43.1407370525593));
#4005=CARTESIAN_POINT('Ctrl Pts',(9.77579639925144,-296.901465270122,36.4089451537446));
#4006=CARTESIAN_POINT('Ctrl Pts',(7.32501620428658,-296.714772258658,29.3619926250329));
#4007=CARTESIAN_POINT('Ctrl Pts',(0.610216466540602,-296.528079247195,26.0858009040078));
#4008=CARTESIAN_POINT('Ctrl Pts',(-5.65727279798703,-296.362129903671,28.2330069651154));
#4009=CARTESIAN_POINT('Ctrl Pts',(-8.74737470826189,-296.216924228089,32.8647844050359));
#4010=CARTESIAN_POINT('Ctrl Pts',(-9.08106759728488,-296.092462220447,37.6189463727256));
#4011=CARTESIAN_POINT('Ctrl Pts',(-6.99956225010066,-295.968000212804,41.9030799004657));
#4012=CARTESIAN_POINT('Ctrl Pts',(-2.61841944813246,-295.829709093202,44.8991811783739));
#4013=CARTESIAN_POINT('Ctrl Pts',(2.26317943307036,-295.705247085559,44.8428817499958));
#4014=CARTESIAN_POINT('Ctrl Pts',(6.97710968747668,-295.560041409977,42.0691281224202));
#4015=CARTESIAN_POINT('Ctrl Pts',(9.76026457293062,-295.407921178414,36.6824635105024));
#4016=CARTESIAN_POINT('Ctrl Pts',(7.49496721907701,-295.22122816695,29.5568132468234));
#4017=CARTESIAN_POINT('Ctrl Pts',(0.879197889773451,-295.034535155487,26.1107305959207));
#4018=CARTESIAN_POINT('Ctrl Pts',(-6.2500977360203,-294.847842144023,28.321587983407));
#4019=CARTESIAN_POINT('Ctrl Pts',(-9.74539759970329,-294.66114913256,34.9178141480834));
#4020=CARTESIAN_POINT('Ctrl Pts',(-7.58259794779032,-294.474456121096,42.0581577339287));
#4021=CARTESIAN_POINT('Ctrl Pts',(-1.00619101260574,-294.287763109633,45.6036976399819));
#4022=CARTESIAN_POINT('Ctrl Pts',(5.34330169876472,-294.12181376611,43.7132293626038));
#4023=CARTESIAN_POINT('Ctrl Pts',(8.61786935421547,-293.976608090527,39.2090617582292));
#4024=CARTESIAN_POINT('Ctrl Pts',(9.14678499026162,-293.852146082885,34.4762657491935));
#4025=CARTESIAN_POINT('Ctrl Pts',(7.23749805591455,-293.727684075242,30.103617730441));
#4026=CARTESIAN_POINT('Ctrl Pts',(3.41102754963508,-293.6032220676,27.2630679043716));
#4027=CARTESIAN_POINT('Ctrl Pts',(-1.3257776781237,-293.478760059958,26.7074998171715));
#4028=CARTESIAN_POINT('Ctrl Pts',(-5.70796983963251,-293.354298052315,28.5837190316592));
#4029=CARTESIAN_POINT('Ctrl Pts',(-8.5746976576802,-293.229836044673,32.3932921333425));
#4030=CARTESIAN_POINT('Ctrl Pts',(-9.16197860157317,-293.105374037031,37.1251660204437));
#4031=CARTESIAN_POINT('Ctrl Pts',(-7.31596112532015,-292.980912029388,41.5190237762655));
#4032=CARTESIAN_POINT('Ctrl Pts',(-3.52503480918816,-292.856450021746,44.415214008008));
#4033=CARTESIAN_POINT('Ctrl Pts',(1.19865827722735,-292.731988014104,45.0284965190974));
#4034=CARTESIAN_POINT('Ctrl Pts',(6.35286559313646,-292.586782338521,42.9213019578204));
#4035=CARTESIAN_POINT('Ctrl Pts',(9.70167427681142,-292.420832994998,37.2047333160207));
#4036=CARTESIAN_POINT('Ctrl Pts',(7.82491188671558,-292.234139983535,29.973241756571));
#4037=CARTESIAN_POINT('Ctrl Pts',(1.40481755722521,-292.047446972071,26.1714653344017));
#4038=CARTESIAN_POINT('Ctrl Pts',(-5.83294331615843,-291.860753960607,27.9954527180145));
#4039=CARTESIAN_POINT('Ctrl Pts',(-9.68107486080627,-291.674060949144,34.391572420429));
#4040=CARTESIAN_POINT('Ctrl Pts',(-7.90455629138232,-291.487367937681,41.6405201995023));
#4041=CARTESIAN_POINT('Ctrl Pts',(-1.53572427271285,-291.300674926217,45.532176694175));
#4042=CARTESIAN_POINT('Ctrl Pts',(5.72432516492938,-291.113981914754,43.8020288391661));
#4043=CARTESIAN_POINT('Ctrl Pts',(9.66352819115519,-290.92728890329,37.4649365954344));
#4044=CARTESIAN_POINT('Ctrl Pts',(7.98238915750996,-290.740595891827,30.1892373252549));
#4045=CARTESIAN_POINT('Ctrl Pts',(1.66291605390613,-290.553902880363,26.2098383859048));
#4046=CARTESIAN_POINT('Ctrl Pts',(-4.80125153444178,-290.38795353684,27.6660989517076));
#4047=CARTESIAN_POINT('Ctrl Pts',(-8.37233232251701,-290.242747861257,31.9388995108326));
#4048=CARTESIAN_POINT('Ctrl Pts',(-9.21931162527193,-290.118285853615,36.6264881035552));
#4049=CARTESIAN_POINT('Ctrl Pts',(-7.61022182319596,-289.993823845973,41.1166593367488));
#4050=CARTESIAN_POINT('Ctrl Pts',(-3.98288183630648,-289.869361838331,44.2084184281307));
#4051=CARTESIAN_POINT('Ctrl Pts',(0.704014681660191,-289.744899830688,45.083000532609));
#4052=CARTESIAN_POINT('Ctrl Pts',(5.20379862338763,-289.620437823046,43.5088885603628));
#4053=CARTESIAN_POINT('Ctrl Pts',(8.32076673701097,-289.495975815404,39.900225811683));
#4054=CARTESIAN_POINT('Ctrl Pts',(9.22666913777846,-289.371513807761,35.2195440661916));
#4055=CARTESIAN_POINT('Ctrl Pts',(7.68220070265148,-289.247051800119,30.7100821001356));
#4056=CARTESIAN_POINT('Ctrl Pts',(4.09385244902555,-289.122589792477,27.5665835713159));
#4057=CARTESIAN_POINT('Ctrl Pts',(-0.576223716053548,-288.998127784834,
26.6334006514054));
#4058=CARTESIAN_POINT('Ctrl Pts',(-5.86165300338377,-288.852922109252,28.3881578185975));
#4059=CARTESIAN_POINT('Ctrl Pts',(-9.5886579003322,-288.686972765729,33.8654317967542));
#4060=CARTESIAN_POINT('Ctrl Pts',(-8.2047841328425,-288.500279754265,41.2072303142535));
#4061=CARTESIAN_POINT('Ctrl Pts',(-2.05633607451407,-288.313586742802,45.4340434674727));
#4062=CARTESIAN_POINT('Ctrl Pts',(5.28858754632722,-288.126893731338,44.1031078876312));
#4063=CARTESIAN_POINT('Ctrl Pts',(9.55893211484372,-287.940200719874,37.9817090822952));
#4064=CARTESIAN_POINT('Ctrl Pts',(8.27854828220308,-287.753507708411,30.6290266820209));
#4065=CARTESIAN_POINT('Ctrl Pts',(2.18228258945816,-287.566814696948,26.3169135456863));
#4066=CARTESIAN_POINT('Ctrl Pts',(-2.71645449694199,-287.442352689305,27.140519700441));
#4067=CARTESIAN_POINT('Ctrl Pts',(-4.67223476272051,-287.380121685484,28.3584433762057));
#4068=CARTESIAN_POINT('Ctrl Pts',(-5.82223909648098,-297.986672464438,29.5647093982255));
#4069=CARTESIAN_POINT('Ctrl Pts',(-7.46357883821024,-297.924441460617,31.0824077156134));
#4070=CARTESIAN_POINT('Ctrl Pts',(-9.49083646840173,-297.799979452975,35.4550989798641));
#4071=CARTESIAN_POINT('Ctrl Pts',(-7.01955493132372,-297.613286441511,42.265745975094));
#4072=CARTESIAN_POINT('Ctrl Pts',(-0.467771723144041,-297.426593430048,
45.3498662202124));
#4073=CARTESIAN_POINT('Ctrl Pts',(6.35568050686939,-297.239900418584,42.9241681157284));
#4074=CARTESIAN_POINT('Ctrl Pts',(9.48511018342841,-297.053207407121,36.3925023368165));
#4075=CARTESIAN_POINT('Ctrl Pts',(7.10709376556554,-296.866514395657,29.5551387113574));
#4076=CARTESIAN_POINT('Ctrl Pts',(0.591914051087624,-296.679821384194,26.3764762464366));
#4077=CARTESIAN_POINT('Ctrl Pts',(-5.48916945577355,-296.513872040671,28.4599331599824));
#4078=CARTESIAN_POINT('Ctrl Pts',(-8.4873091461425,-296.368666365088,32.9540287510564));
#4079=CARTESIAN_POINT('Ctrl Pts',(-8.81100297233188,-296.244204357446,37.5668253784372));
#4080=CARTESIAN_POINT('Ctrl Pts',(-6.79132491663236,-296.119742349803,41.7235316595813));
#4081=CARTESIAN_POINT('Ctrl Pts',(-2.54041255128024,-295.981451230201,44.6304699616589));
#4082=CARTESIAN_POINT('Ctrl Pts',(2.19602524091915,-295.856989222559,44.5757663133763));
#4083=CARTESIAN_POINT('Ctrl Pts',(6.76973661779857,-295.711783546976,41.884417909876));
#4084=CARTESIAN_POINT('Ctrl Pts',(9.47004460461794,-295.559663315413,36.6578875471987));
#4085=CARTESIAN_POINT('Ctrl Pts',(7.27199421042722,-295.372970303949,29.7441633810166));
#4086=CARTESIAN_POINT('Ctrl Pts',(0.852897389888707,-295.186277292486,26.4006603069021));
#4087=CARTESIAN_POINT('Ctrl Pts',(-6.06436461292266,-294.999584281023,28.5458896307279));
#4088=CARTESIAN_POINT('Ctrl Pts',(-9.4556216807965,-294.812891269559,34.9460252160076));
#4089=CARTESIAN_POINT('Ctrl Pts',(-7.35702086091184,-294.626198258096,41.8740074258936));
#4090=CARTESIAN_POINT('Ctrl Pts',(-0.976114350270823,-294.439505246632,
45.3140109064311));
#4091=CARTESIAN_POINT('Ctrl Pts',(5.18453825349805,-294.273555903109,43.4796560551606));
#4092=CARTESIAN_POINT('Ctrl Pts',(8.3616604275558,-294.128350227526,39.1093727077714));
#4093=CARTESIAN_POINT('Ctrl Pts',(8.87477216146674,-294.003888219884,34.5173035632858));
#4094=CARTESIAN_POINT('Ctrl Pts',(7.0221899774613,-293.879426212242,30.2747121113067));
#4095=CARTESIAN_POINT('Ctrl Pts',(3.30945855975186,-293.754964204599,27.5186908499329));
#4096=CARTESIAN_POINT('Ctrl Pts',(-1.28650101214032,-293.630502196957,26.97971927145));
#4097=CARTESIAN_POINT('Ctrl Pts',(-5.53835333113639,-293.506040189315,28.8002171972727));
#4098=CARTESIAN_POINT('Ctrl Pts',(-8.31977442188362,-293.381578181672,32.4965540948605));
#4099=CARTESIAN_POINT('Ctrl Pts',(-8.8895159163493,-293.25711617403,37.0877294745772));
#4100=CARTESIAN_POINT('Ctrl Pts',(-7.09832145680658,-293.132654166388,41.3509009821389));
#4101=CARTESIAN_POINT('Ctrl Pts',(-3.42007638724814,-293.008192158745,44.1609086857544));
#4102=CARTESIAN_POINT('Ctrl Pts',(1.16316187486246,-292.883730151103,44.7558786909181));
#4103=CARTESIAN_POINT('Ctrl Pts',(6.16406884640851,-292.73852447552,42.7112613556465));
#4104=CARTESIAN_POINT('Ctrl Pts',(9.41320494360312,-292.572575131997,37.1646279753384));
#4105=CARTESIAN_POINT('Ctrl Pts',(7.59213426226593,-292.385882120534,30.1482035949389));
#4106=CARTESIAN_POINT('Ctrl Pts',(1.36288810223559,-292.19918910907,26.4595805889212));
#4107=CARTESIAN_POINT('Ctrl Pts',(-5.65962001355809,-292.012496097607,28.2294456923664));
#4108=CARTESIAN_POINT('Ctrl Pts',(-9.3932201018246,-291.825803086143,34.4354308835684));
#4109=CARTESIAN_POINT('Ctrl Pts',(-7.66941209100945,-291.63911007468,41.4687940109142));
#4110=CARTESIAN_POINT('Ctrl Pts',(-1.48990245301609,-291.452417063216,45.2446252206844));
#4111=CARTESIAN_POINT('Ctrl Pts',(5.55423295606187,-291.265724051753,43.5658088575192));
#4112=CARTESIAN_POINT('Ctrl Pts',(9.37619735366727,-291.079031040289,37.4170944109623));
#4113=CARTESIAN_POINT('Ctrl Pts',(7.74493222474541,-290.892338028826,30.3577737493639));
#4114=CARTESIAN_POINT('Ctrl Pts',(1.61331234710395,-290.705645017363,26.4968084292603));
#4115=CARTESIAN_POINT('Ctrl Pts',(-4.65861210804815,-290.539695673839,27.9098690955264));
#4116=CARTESIAN_POINT('Ctrl Pts',(-8.12343395525474,-290.394489998257,32.0556701328043));
#4117=CARTESIAN_POINT('Ctrl Pts',(-8.94515207796507,-290.270027990614,36.6038812626015));
#4118=CARTESIAN_POINT('Ctrl Pts',(-7.38383841855646,-290.145565982972,40.960506053685));
#4119=CARTESIAN_POINT('Ctrl Pts',(-3.8643121041724,-290.02110397533,43.9602697685011));
#4120=CARTESIAN_POINT('Ctrl Pts',(0.683227973471402,-289.896641967687,44.8087699016398));
#4121=CARTESIAN_POINT('Ctrl Pts',(5.04918018918705,-289.772179960045,43.2813938101068));
#4122=CARTESIAN_POINT('Ctrl Pts',(8.07340360554063,-289.647717952403,39.7799889394027));
#4123=CARTESIAN_POINT('Ctrl Pts',(8.95229278813519,-289.523255944761,35.2384783277512));
#4124=CARTESIAN_POINT('Ctrl Pts',(7.45367859253139,-289.398793937118,30.8631353995623));
#4125=CARTESIAN_POINT('Ctrl Pts',(3.97198371510171,-289.274331929476,27.8131701556582));
#4126=CARTESIAN_POINT('Ctrl Pts',(-0.559237123575859,-289.149869921833,
26.9078115025753));
#4127=CARTESIAN_POINT('Ctrl Pts',(-5.68746968079831,-289.004664246251,28.6104736976597));
#4128=CARTESIAN_POINT('Ctrl Pts',(-9.30355971497722,-288.838714902728,33.9249341977275));
#4129=CARTESIAN_POINT('Ctrl Pts',(-7.96071925266446,-288.652021891264,41.0483933377195));
#4130=CARTESIAN_POINT('Ctrl Pts',(-1.99503481486619,-288.465328879801,45.1494184588802));
#4131=CARTESIAN_POINT('Ctrl Pts',(5.13145734942522,-288.278635868337,43.8579419536983));
#4132=CARTESIAN_POINT('Ctrl Pts',(9.27471986131032,-288.091942856874,37.9185017283189));
#4133=CARTESIAN_POINT('Ctrl Pts',(8.03229176208782,-287.90524984541,30.7844806897261));
#4134=CARTESIAN_POINT('Ctrl Pts',(2.11723661573412,-287.718556833947,26.6006912451731));
#4135=CARTESIAN_POINT('Ctrl Pts',(-2.63581744125258,-287.594094826305,27.3998851106168));
#4136=CARTESIAN_POINT('Ctrl Pts',(-4.53342069192509,-287.531863822483,28.5816237591424));
#4137=CARTESIAN_POINT('Ctrl Pts',(-5.64391458353891,-298.138414357989,29.7577878089448));
#4138=CARTESIAN_POINT('Ctrl Pts',(-7.23492407245175,-298.076183354168,31.2290018062033));
#4139=CARTESIAN_POINT('Ctrl Pts',(-9.19997282574207,-297.951721346526,35.4677171210314));
#4140=CARTESIAN_POINT('Ctrl Pts',(-6.80430793639098,-297.765028335062,42.0695901438527));
#4141=CARTESIAN_POINT('Ctrl Pts',(-0.453265570434723,-297.578335323599,
45.0590722000359));
#4142=CARTESIAN_POINT('Ctrl Pts',(6.16102105569042,-297.391642312135,42.7075934912142));
#4143=CARTESIAN_POINT('Ctrl Pts',(9.19442428045922,-297.204949300672,36.3760511932199));
#4144=CARTESIAN_POINT('Ctrl Pts',(6.88916568202906,-297.018256289208,29.7482786668931));
#4145=CARTESIAN_POINT('Ctrl Pts',(0.573603308142738,-296.831563277745,26.6671512226355));
#4146=CARTESIAN_POINT('Ctrl Pts',(-5.32107251481389,-296.665613934222,28.6868642889055));
#4147=CARTESIAN_POINT('Ctrl Pts',(-8.22724599650978,-296.520408258639,33.0432805871043));
#4148=CARTESIAN_POINT('Ctrl Pts',(-8.54093670921953,-296.395946250997,37.5147120833253));
#4149=CARTESIAN_POINT('Ctrl Pts',(-6.58308233170335,-296.271484243354,41.5439892794696));
#4150=CARTESIAN_POINT('Ctrl Pts',(-2.46239792335941,-296.133193123752,44.3617608314439));
#4151=CARTESIAN_POINT('Ctrl Pts',(2.12887865602166,-296.008731116109,44.3086488103293));
#4152=CARTESIAN_POINT('Ctrl Pts',(6.56236872241278,-295.863525440527,41.6997016651126));
#4153=CARTESIAN_POINT('Ctrl Pts',(9.17982518178637,-295.711405208964,36.6333032657484));
#4154=CARTESIAN_POINT('Ctrl Pts',(7.04901572020675,-295.5247121975,29.9315072369302));
#4155=CARTESIAN_POINT('Ctrl Pts',(0.826588579572397,-295.338019186037,26.6905894224603));
#4156=CARTESIAN_POINT('Ctrl Pts',(-5.87863780725463,-295.151326174574,28.7701967143309));
#4157=CARTESIAN_POINT('Ctrl Pts',(-9.16584641193517,-294.96463316311,34.9742445909304));
#4158=CARTESIAN_POINT('Ctrl Pts',(-7.13143838248546,-294.777940151647,41.6898634725699));
#4159=CARTESIAN_POINT('Ctrl Pts',(-0.946029382380478,-294.591247140183,
45.0243248765011));
#4160=CARTESIAN_POINT('Ctrl Pts',(5.02578140469421,-294.42529779666,43.2460780772627));
#4161=CARTESIAN_POINT('Ctrl Pts',(8.10545421364434,-294.280092121077,39.0096762713915));
#4162=CARTESIAN_POINT('Ctrl Pts',(8.60275801202011,-294.155630113435,34.5583336162582));
#4163=CARTESIAN_POINT('Ctrl Pts',(6.80687688524822,-294.031168105793,30.4458004243741));
#4164=CARTESIAN_POINT('Ctrl Pts',(3.20788220132445,-293.90670609815,27.7743110267025));
#4165=CARTESIAN_POINT('Ctrl Pts',(-1.24723211448103,-293.782244090508,27.2519399974809));
#4166=CARTESIAN_POINT('Ctrl Pts',(-5.36874292535714,-293.657782082866,29.0167203334824));
#4167=CARTESIAN_POINT('Ctrl Pts',(-8.06485400255214,-293.533320075223,32.5998234069253));
#4168=CARTESIAN_POINT('Ctrl Pts',(-8.61705201194737,-293.408858067581,37.0503007042569));
#4169=CARTESIAN_POINT('Ctrl Pts',(-6.88067685861235,-293.284396059939,41.1827843243882));
#4170=CARTESIAN_POINT('Ctrl Pts',(-3.31511063204923,-293.159934052296,43.9066062287825));
#4171=CARTESIAN_POINT('Ctrl Pts',(1.12767325467247,-293.035472044654,44.4832596998339));
#4172=CARTESIAN_POINT('Ctrl Pts',(5.97527800795372,-292.890266369071,42.5012152386519));
#4173=CARTESIAN_POINT('Ctrl Pts',(9.12473660148883,-292.724317025548,37.1245143583424));
#4174=CARTESIAN_POINT('Ctrl Pts',(7.35935150523534,-292.537624014085,30.3231588676643));
#4175=CARTESIAN_POINT('Ctrl Pts',(1.32095038032075,-292.350931002621,26.7476947998644));
#4176=CARTESIAN_POINT('Ctrl Pts',(-5.48630331243464,-292.164237991158,28.4634437531435));
#4177=CARTESIAN_POINT('Ctrl Pts',(-9.10536644171176,-291.977544979694,34.4792976072242));
#4178=CARTESIAN_POINT('Ctrl Pts',(-7.43426284927288,-291.790851968231,41.297074457534));
#4179=CARTESIAN_POINT('Ctrl Pts',(-1.44407238056837,-291.604158956767,44.9570749024684));
#4180=CARTESIAN_POINT('Ctrl Pts',(5.38414741384515,-291.417465945304,43.3295838795099));
#4181=CARTESIAN_POINT('Ctrl Pts',(9.08886773054489,-291.23077293384,37.3692439796943));
#4182=CARTESIAN_POINT('Ctrl Pts',(7.50747034037523,-291.044079922377,30.5263034700113));
#4183=CARTESIAN_POINT('Ctrl Pts',(1.56370040200456,-290.857386910913,26.7837772089272));
#4184=CARTESIAN_POINT('Ctrl Pts',(-4.51597957865994,-290.69143756739,28.1536434538675));
#4185=CARTESIAN_POINT('Ctrl Pts',(-7.87453879446111,-290.546231891808,32.1724479403737));
#4186=CARTESIAN_POINT('Ctrl Pts',(-8.6709917338035,-290.421769884165,36.5812822538256));
#4187=CARTESIAN_POINT('Ctrl Pts',(-7.15745042341016,-290.297307876523,40.804359164493));
#4188=CARTESIAN_POINT('Ctrl Pts',(-3.74573520734875,-290.172845868881,43.7121243669825));
#4189=CARTESIAN_POINT('Ctrl Pts',(0.662449101152066,-290.048383861238,44.5345385262462));
#4190=CARTESIAN_POINT('Ctrl Pts',(4.89456818117498,-289.923921853596,43.0538945134221));
#4191=CARTESIAN_POINT('Ctrl Pts',(7.82604378032884,-289.799459845954,39.6597449235209));
#4192=CARTESIAN_POINT('Ctrl Pts',(8.67791574795429,-289.674997838311,35.2574047487466));
#4193=CARTESIAN_POINT('Ctrl Pts',(7.22515197896475,-289.550535830669,31.0161822429778));
#4194=CARTESIAN_POINT('Ctrl Pts',(3.8501078591677,-289.426073823027,28.0597533865139));
#4195=CARTESIAN_POINT('Ctrl Pts',(-0.542258373972311,-289.301611815384,
27.1822229885774));
#4196=CARTESIAN_POINT('Ctrl Pts',(-5.51329262581039,-289.156406139802,28.8327946803972));
#4197=CARTESIAN_POINT('Ctrl Pts',(-9.01846307743989,-288.990456796279,33.9844447889901));
#4198=CARTESIAN_POINT('Ctrl Pts',(-7.71664969522992,-288.803763784815,40.8895632586295));
#4199=CARTESIAN_POINT('Ctrl Pts',(-1.93372537764833,-288.617070773352,44.8647950499796));
#4200=CARTESIAN_POINT('Ctrl Pts',(4.97433408251568,-288.430377761888,43.6127713907783));
#4201=CARTESIAN_POINT('Ctrl Pts',(8.99050926218444,-288.243684750425,37.8552862072697));
#4202=CARTESIAN_POINT('Ctrl Pts',(7.78603066035518,-288.056991738961,30.9399277360775));
#4203=CARTESIAN_POINT('Ctrl Pts',(2.05218248623103,-287.870298727498,26.884467236095));
#4204=CARTESIAN_POINT('Ctrl Pts',(-2.55518776343984,-287.745836719855,27.6592529723358));
#4205=CARTESIAN_POINT('Ctrl Pts',(-4.39461293363799,-287.683605716034,28.8048082362936));
#4206=CARTESIAN_POINT('Ctrl Pts',(-6.1789031129412,-297.683188021973,29.1785669456314));
#4207=CARTESIAN_POINT('Ctrl Pts',(-6.34049533495842,-297.683188021965,29.3421916325793));
#4208=CARTESIAN_POINT('Ctrl Pts',(-6.49538220147875,-297.683188021959,29.5120495737068));
#4209=CARTESIAN_POINT('Ctrl Pts',(-6.64341989493881,-297.683188021959,29.6876368163125));
#4210=CARTESIAN_POINT('Ctrl Pts',(-6.79253053063332,-297.683188021959,29.8644966737775));
#4211=CARTESIAN_POINT('Ctrl Pts',(-6.93469263947485,-297.683188021964,30.0471698083594));
#4212=CARTESIAN_POINT('Ctrl Pts',(-7.06971541902578,-297.683188021974,30.2351716383047));
#4213=CARTESIAN_POINT('Ctrl Pts',(-7.20458791921373,-297.683188021984,30.4229642235925));
#4214=CARTESIAN_POINT('Ctrl Pts',(-7.33233720981932,-297.683188021999,30.6160743090471));
#4215=CARTESIAN_POINT('Ctrl Pts',(-7.45272569283422,-297.683188022017,30.8140394410192));
#4216=CARTESIAN_POINT('Ctrl Pts',(-7.55325839931208,-297.683188022032,30.9793540127041));
#4217=CARTESIAN_POINT('Ctrl Pts',(-7.64865735741534,-297.68318802205,31.1480547523004));
#4218=CARTESIAN_POINT('Ctrl Pts',(-7.73875697802927,-297.683188022066,31.3198783403931));
#4219=CARTESIAN_POINT('Ctrl Pts',(-7.84496306043481,-297.683188022086,31.522417596739));
#4220=CARTESIAN_POINT('Ctrl Pts',(-7.94340961762436,-297.683188022103,31.7285370443989));
#4221=CARTESIAN_POINT('Ctrl Pts',(-8.0339599753094,-297.68318802212,31.9377489594206));
#4222=CARTESIAN_POINT('Ctrl Pts',(-8.12603936707614,-297.683188022138,32.1504936285533));
#4223=CARTESIAN_POINT('Ctrl Pts',(-8.20995399941166,-297.683188022155,32.3664367126483));
#4224=CARTESIAN_POINT('Ctrl Pts',(-8.2855109983397,-297.683188022175,32.5850890733632));
#4225=CARTESIAN_POINT('Ctrl Pts',(-8.35969333260679,-297.683188022194,32.7997633291033));
#4226=CARTESIAN_POINT('Ctrl Pts',(-8.42581945099419,-297.683188022215,33.0170498650009));
#4227=CARTESIAN_POINT('Ctrl Pts',(-8.48365705286092,-297.683188022238,33.2364984109872));
#4228=CARTESIAN_POINT('Ctrl Pts',(-8.54310232806686,-297.683188022261,33.4620468222051));
#4229=CARTESIAN_POINT('Ctrl Pts',(-8.59379241354608,-297.683188022285,33.6898797804295));
#4230=CARTESIAN_POINT('Ctrl Pts',(-8.63541708926399,-297.683188022309,33.9195116783421));
#4231=CARTESIAN_POINT('Ctrl Pts',(-8.67464728743906,-297.683188022331,34.1359339016281));
#4232=CARTESIAN_POINT('Ctrl Pts',(-8.70582476335645,-297.683188022352,34.3539545718694));
#4233=CARTESIAN_POINT('Ctrl Pts',(-8.7286388370551,-297.683188022367,34.5731613266101));
#4234=CARTESIAN_POINT('Ctrl Pts',(-8.73003133033001,-297.683188022368,34.586540959543));
#4235=CARTESIAN_POINT('Ctrl Pts',(-8.73139265015336,-297.683188022369,34.5999250079164));
#4236=CARTESIAN_POINT('Ctrl Pts',(-8.73272271963825,-297.68318802237,34.6133133765696));
#4237=CARTESIAN_POINT('Ctrl Pts',(-8.75490468618287,-297.683188022385,34.8365952042679));
#4238=CARTESIAN_POINT('Ctrl Pts',(-8.76831608351615,-297.683188022395,35.0602416886096));
#4239=CARTESIAN_POINT('Ctrl Pts',(-8.77277121239523,-297.683188022402,35.2838158356612));
#4240=CARTESIAN_POINT('Ctrl Pts',(-8.77412987852083,-297.683188022404,35.3519985141881));
#4241=CARTESIAN_POINT('Ctrl Pts',(-8.77465520778949,-297.683188022406,35.4201745151921));
#4242=CARTESIAN_POINT('Ctrl Pts',(-8.77434096770446,-297.683188022408,35.4883315338793));
#4243=CARTESIAN_POINT('Ctrl Pts',(-8.7733112583906,-297.683188022414,35.7116700584403));
#4244=CARTESIAN_POINT('Ctrl Pts',(-8.76327068485259,-297.683188022419,35.934805071447));
#4245=CARTESIAN_POINT('Ctrl Pts',(-8.74447054148436,-297.683188022424,36.157267744463));
#4246=CARTESIAN_POINT('Ctrl Pts',(-8.72553372473414,-297.683188022429,36.3813476777994));
#4247=CARTESIAN_POINT('Ctrl Pts',(-8.69770926988775,-297.683188022435,36.6047461284067));
#4248=CARTESIAN_POINT('Ctrl Pts',(-8.66120159423332,-297.68318802244,36.8269742941546));
#4249=CARTESIAN_POINT('Ctrl Pts',(-8.62475450746605,-297.683188022445,37.0488336454816));
#4250=CARTESIAN_POINT('Ctrl Pts',(-8.5796526882765,-297.68318802245,37.269527245952));
#4251=CARTESIAN_POINT('Ctrl Pts',(-8.52605177982817,-297.683188022451,37.4885492160742));
#4252=CARTESIAN_POINT('Ctrl Pts',(-8.48654506705886,-297.683188022452,37.6499800260039));
#4253=CARTESIAN_POINT('Ctrl Pts',(-8.44242024241264,-297.683188022452,37.8105023713409));
#4254=CARTESIAN_POINT('Ctrl Pts',(-8.39372442982748,-297.683188022447,37.9699037552474));
#4255=CARTESIAN_POINT('Ctrl Pts',(-8.3287155860871,-297.683188022441,38.1827043865185));
#4256=CARTESIAN_POINT('Ctrl Pts',(-8.25580787634224,-297.683188022427,38.3927041149037));
#4257=CARTESIAN_POINT('Ctrl Pts',(-8.17524920820676,-297.683188022412,38.5994520532521));
#4258=CARTESIAN_POINT('Ctrl Pts',(-8.09425730126549,-297.683188022396,38.8073118673549));
#4259=CARTESIAN_POINT('Ctrl Pts',(-8.00553164253617,-297.683188022378,39.0118854811432));
#4260=CARTESIAN_POINT('Ctrl Pts',(-7.90927457343087,-297.683188022361,39.212697733937));
#4261=CARTESIAN_POINT('Ctrl Pts',(-7.81368871230137,-297.683188022344,39.4121097073855));
#4262=CARTESIAN_POINT('Ctrl Pts',(-7.71067575429716,-297.683188022327,39.6078131910743));
#4263=CARTESIAN_POINT('Ctrl Pts',(-7.60038996086642,-297.683188022312,39.7993168776478));
#4264=CARTESIAN_POINT('Ctrl Pts',(-7.48894252014875,-297.683188022296,39.99283768475));
#4265=CARTESIAN_POINT('Ctrl Pts',(-7.37006799842837,-297.683188022281,40.1820704641738));
#4266=CARTESIAN_POINT('Ctrl Pts',(-7.2438848235289,-297.683188022265,40.3664716050076));
#4267=CARTESIAN_POINT('Ctrl Pts',(-7.11770164862943,-297.68318802225,40.5508727458413));
#4268=CARTESIAN_POINT('Ctrl Pts',(-6.98420952570765,-297.683188022233,40.7304429103661));
#4269=CARTESIAN_POINT('Ctrl Pts',(-6.84349038134961,-297.68318802221,40.9045918352103));
#4270=CARTESIAN_POINT('Ctrl Pts',(-6.70627944366671,-297.683188022188,41.0743991303253));
#4271=CARTESIAN_POINT('Ctrl Pts',(-6.56271673045575,-297.68318802216,41.2384086940233));
#4272=CARTESIAN_POINT('Ctrl Pts',(-6.41297988575117,-297.683188022132,41.3961724320875));
#4273=CARTESIAN_POINT('Ctrl Pts',(-6.35941527748423,-297.683188022122,41.45260846054));
#4274=CARTESIAN_POINT('Ctrl Pts',(-6.30506019722477,-297.683188022112,41.5082449395884));
#4275=CARTESIAN_POINT('Ctrl Pts',(-6.24992152841553,-297.683188022103,41.5630603118938));
#4276=CARTESIAN_POINT('Ctrl Pts',(-6.09584584123892,-297.683188022075,41.7162326016533));
#4277=CARTESIAN_POINT('Ctrl Pts',(-5.93565416391732,-297.68318802205,41.8629964806003));
#4278=CARTESIAN_POINT('Ctrl Pts',(-5.76984658100122,-297.683188022028,42.0032004236364));
#4279=CARTESIAN_POINT('Ctrl Pts',(-5.60286660798929,-297.683188022007,42.1443957188853));
#4280=CARTESIAN_POINT('Ctrl Pts',(-5.43019037868961,-297.683188021989,42.2789382790799));
#4281=CARTESIAN_POINT('Ctrl Pts',(-5.25229921074099,-297.683188021976,42.4066290567521));
#4282=CARTESIAN_POINT('Ctrl Pts',(-5.07474723757803,-297.683188021963,42.5340763594589));
#4283=CARTESIAN_POINT('Ctrl Pts',(-4.8919995089284,-297.683188021955,42.654698222607));
#4284=CARTESIAN_POINT('Ctrl Pts',(-4.70451546515809,-297.683188021948,42.7682488549804));
#4285=CARTESIAN_POINT('Ctrl Pts',(-4.58471369368674,-297.683188021943,42.8408073865571));
#4286=CARTESIAN_POINT('Ctrl Pts',(-4.46297764823779,-297.68318802194,42.9104776382699));
#4287=CARTESIAN_POINT('Ctrl Pts',(-4.33942504885049,-297.683188021935,42.9771845160827));
#4288=CARTESIAN_POINT('Ctrl Pts',(-4.19487214070886,-297.68318802193,43.0552296015663));
#4289=CARTESIAN_POINT('Ctrl Pts',(-4.04823566824324,-297.683188021921,43.1290013453427));
#4290=CARTESIAN_POINT('Ctrl Pts',(-3.89972968624787,-297.683188021927,43.1984384257523));
#4291=CARTESIAN_POINT('Ctrl Pts',(-9.10022758193061,-295.986341532722,35.8627401570333));
#4292=CARTESIAN_POINT('Ctrl Pts',(-9.099201022111,-296.012621662674,34.8610058758545));
#4293=CARTESIAN_POINT('Ctrl Pts',(-8.93438190481578,-296.038901792626,33.858562045644));
#4294=CARTESIAN_POINT('Ctrl Pts',(-8.61014343441522,-296.065181922577,32.9101153872179));
#4295=CARTESIAN_POINT('Ctrl Pts',(-8.09828179782115,-296.106669258458,31.4128425367618));
#4296=CARTESIAN_POINT('Ctrl Pts',(-7.18912148275749,-296.148156594339,30.0501393265227));
#4297=CARTESIAN_POINT('Ctrl Pts',(-5.99823593719301,-296.18964393022,29.0114214765408));
#4298=CARTESIAN_POINT('Ctrl Pts',(-4.21190761884629,-296.251874934041,27.453344701568));
#4299=CARTESIAN_POINT('Ctrl Pts',(-1.79169753187273,-296.314105937862,26.6242349871738));
#4300=CARTESIAN_POINT('Ctrl Pts',(0.570811146055141,-296.376336941683,26.7719662300664));
#4301=CARTESIAN_POINT('Ctrl Pts',(2.93331982398302,-296.438567945504,26.9196974729589));
#4302=CARTESIAN_POINT('Ctrl Pts',(5.23812709286523,-296.500798949325,28.0442696731381));
#4303=CARTESIAN_POINT('Ctrl Pts',(6.81112214423339,-296.563029953146,29.8159790683989));
#4304=CARTESIAN_POINT('Ctrl Pts',(8.38411719560155,-296.625260956968,31.5876884636596));
#4305=CARTESIAN_POINT('Ctrl Pts',(9.22530002945567,-296.687491960789,34.0065350540018));
#4306=CARTESIAN_POINT('Ctrl Pts',(9.09231367367382,-296.74972296461,36.371278354366));
#4307=CARTESIAN_POINT('Ctrl Pts',(8.95932731789196,-296.811953968431,38.7360216547303));
#4308=CARTESIAN_POINT('Ctrl Pts',(7.85217177247411,-296.874184972252,41.0466616651166));
#4309=CARTESIAN_POINT('Ctrl Pts',(6.0916311215133,-296.936415976073,42.6310072212351));
#4310=CARTESIAN_POINT('Ctrl Pts',(4.33109047055251,-296.998646979895,44.2153527773536));
#4311=CARTESIAN_POINT('Ctrl Pts',(1.91716471404879,-297.060877983716,45.0734038792043));
#4312=CARTESIAN_POINT('Ctrl Pts',(-0.448676843424581,-297.123108987537,
44.9568659912771));
#4313=CARTESIAN_POINT('Ctrl Pts',(-2.81451840089797,-297.185339991358,44.8403281033499));
#4314=CARTESIAN_POINT('Ctrl Pts',(-5.13227575934099,-297.247570995179,43.7492012256449));
#4315=CARTESIAN_POINT('Ctrl Pts',(-6.728242972514,-297.309801999,41.9989396767232));
#4316=CARTESIAN_POINT('Ctrl Pts',(-8.2374119832363,-297.368648510193,40.3438677751896));
#4317=CARTESIAN_POINT('Ctrl Pts',(-9.10116640855581,-297.427495021386,38.0994069309895));
#4318=CARTESIAN_POINT('Ctrl Pts',(-9.10539946773282,-297.486341532578,35.8605493504468));
#4319=CARTESIAN_POINT('Ctrl Pts',(-4.39461293363801,-287.683605716034,28.8048082362936));
#4320=CARTESIAN_POINT('Ctrl Pts',(-4.21799374487953,-287.683605716019,28.6822313857975));
#4321=CARTESIAN_POINT('Ctrl Pts',(-4.03626021601229,-287.683605716036,28.5667573559388));
#4322=CARTESIAN_POINT('Ctrl Pts',(-3.84987383668949,-287.683605716047,28.4584712720135));
#4323=CARTESIAN_POINT('Ctrl Pts',(-3.82893028387684,-287.683605716049,28.4463035625177));
#4324=CARTESIAN_POINT('Ctrl Pts',(-3.80792795849139,-287.68360571605,28.4342266574738));
#4325=CARTESIAN_POINT('Ctrl Pts',(-3.78686749748952,-287.683605716051,28.4222407145014));
#4326=CARTESIAN_POINT('Ctrl Pts',(-3.60234749912369,-287.68360571606,28.3172265755673));
#4327=CARTESIAN_POINT('Ctrl Pts',(-3.41405795798604,-287.683605716068,28.2195846026646));
#4328=CARTESIAN_POINT('Ctrl Pts',(-3.22251400696976,-287.683605716078,28.129289059118));
#4329=CARTESIAN_POINT('Ctrl Pts',(-3.02327396738148,-287.683605716088,28.0353655101079));
#4330=CARTESIAN_POINT('Ctrl Pts',(-2.82051234707285,-287.683605716101,27.9493901602594));
#4331=CARTESIAN_POINT('Ctrl Pts',(-2.61476987359877,-287.683605716118,27.871376959974));
#4332=CARTESIAN_POINT('Ctrl Pts',(-2.41006931676606,-287.683605716135,27.7937588324719));
#4333=CARTESIAN_POINT('Ctrl Pts',(-2.20241732600628,-287.683605716156,27.72402227607));
#4334=CARTESIAN_POINT('Ctrl Pts',(-1.99231732224793,-287.683605716181,27.662226579978));
#4335=CARTESIAN_POINT('Ctrl Pts',(-1.78061321911396,-287.683605716206,27.5999590779092));
#4336=CARTESIAN_POINT('Ctrl Pts',(-1.56642291914061,-287.683605716234,27.5457538990134));
#4337=CARTESIAN_POINT('Ctrl Pts',(-1.35024191589491,-287.683605716262,27.4997211791693));
#4338=CARTESIAN_POINT('Ctrl Pts',(-1.13406091264921,-287.68360571629,27.4536884593252));
#4339=CARTESIAN_POINT('Ctrl Pts',(-0.915888504685425,-287.683605716318,
27.4158279881544));
#4340=CARTESIAN_POINT('Ctrl Pts',(-0.696210991147787,-287.68360571634,27.3863026038134));
#4341=CARTESIAN_POINT('Ctrl Pts',(-0.475051134179908,-287.683605716362,
27.356577987613));
#4342=CARTESIAN_POINT('Ctrl Pts',(-0.253219522219892,-287.683605716379,
27.3354165172792));
#4343=CARTESIAN_POINT('Ctrl Pts',(-0.0312429324317906,-287.683605716394,
27.3228416784942));
#4344=CARTESIAN_POINT('Ctrl Pts',(0.191252817659541,-287.683605716409,27.3102374295938));
#4345=CARTESIAN_POINT('Ctrl Pts',(0.413894912789897,-287.683605716422,27.3062598370664));
#4346=CARTESIAN_POINT('Ctrl Pts',(0.636172198232204,-287.683605716437,27.3109814012898));
#4347=CARTESIAN_POINT('Ctrl Pts',(0.856236053568531,-287.683605716451,27.3156559483277));
#4348=CARTESIAN_POINT('Ctrl Pts',(1.07594301625172,-287.683605716467,27.328857172808));
#4349=CARTESIAN_POINT('Ctrl Pts',(1.29480567208975,-287.683605716482,27.3507051653996));
#4350=CARTESIAN_POINT('Ctrl Pts',(1.50693247225307,-287.683605716498,27.3718807503376));
#4351=CARTESIAN_POINT('Ctrl Pts',(1.71826672893525,-287.683605716513,27.4011791397393));
#4352=CARTESIAN_POINT('Ctrl Pts',(1.92836345723689,-287.683605716527,27.438756400781));
#4353=CARTESIAN_POINT('Ctrl Pts',(2.14566508609182,-287.683605716541,27.4776223083956));
#4354=CARTESIAN_POINT('Ctrl Pts',(2.36164346566377,-287.683605716554,27.5253446727391));
#4355=CARTESIAN_POINT('Ctrl Pts',(2.57589556787514,-287.683605716559,27.5816522589684));
#4356=CARTESIAN_POINT('Ctrl Pts',(2.58801055694767,-287.683605716559,27.5848361987516));
#4357=CARTESIAN_POINT('Ctrl Pts',(2.60012002218689,-287.68360571656,27.5880476019971));
#4358=CARTESIAN_POINT('Ctrl Pts',(2.61222388909727,-287.68360571656,27.5912864243404));
#4359=CARTESIAN_POINT('Ctrl Pts',(2.82251095032874,-287.683605716565,27.6475562459995));
#4360=CARTESIAN_POINT('Ctrl Pts',(3.03033090213101,-287.683605716563,27.7118898901448));
#4361=CARTESIAN_POINT('Ctrl Pts',(3.23532389333193,-287.683605716558,27.7838972272662));
#4362=CARTESIAN_POINT('Ctrl Pts',(3.4514858448772,-287.683605716554,27.8598278550723));
#4363=CARTESIAN_POINT('Ctrl Pts',(3.66450501228415,-287.683605716547,27.9442909909286));
#4364=CARTESIAN_POINT('Ctrl Pts',(3.8739573644089,-287.68360571654,28.0368899894931));
#4365=CARTESIAN_POINT('Ctrl Pts',(4.07982844966668,-287.683605716533,28.1279057080319));
#4366=CARTESIAN_POINT('Ctrl Pts',(4.28225423333275,-287.683605716526,28.2267819631741));
#4367=CARTESIAN_POINT('Ctrl Pts',(4.48082101579856,-287.683605716519,28.3331955170721));
#4368=CARTESIAN_POINT('Ctrl Pts',(4.68456910362859,-287.683605716512,28.4423857746604));
#4369=CARTESIAN_POINT('Ctrl Pts',(4.88425493317311,-287.683605716505,28.5595119647826));
#4370=CARTESIAN_POINT('Ctrl Pts',(5.07940953029,-287.683605716497,28.6842770868733));
#4371=CARTESIAN_POINT('Ctrl Pts',(5.2745641274069,-287.683605716488,28.809042208964));
#4372=CARTESIAN_POINT('Ctrl Pts',(5.46518820283848,-287.683605716477,28.9414466465833));
#4373=CARTESIAN_POINT('Ctrl Pts',(5.65078002110391,-287.68360571646,29.0812405355718));
#4374=CARTESIAN_POINT('Ctrl Pts',(5.83686185893545,-287.683605716443,29.2214035234865));
#4375=CARTESIAN_POINT('Ctrl Pts',(6.01716284228317,-287.683605716421,29.3684518232702));
#4376=CARTESIAN_POINT('Ctrl Pts',(6.19125969845711,-287.683605716397,29.5220047012085));
#4377=CARTESIAN_POINT('Ctrl Pts',(6.36331281805319,-287.683605716373,29.6737550099322));
#4378=CARTESIAN_POINT('Ctrl Pts',(6.52930720605358,-287.683605716348,29.831858558873));
#4379=CARTESIAN_POINT('Ctrl Pts',(6.68881361318956,-287.683605716325,29.9959966036922));
#4380=CARTESIAN_POINT('Ctrl Pts',(6.85116207061297,-287.683605716302,30.1630592243063));
#4381=CARTESIAN_POINT('Ctrl Pts',(7.00679004350257,-287.68360571628,30.3363735592314));
#4382=CARTESIAN_POINT('Ctrl Pts',(7.15521301288833,-287.68360571626,30.5156490512081));
#4383=CARTESIAN_POINT('Ctrl Pts',(7.30363598227409,-287.68360571624,30.6949245431847));
#4384=CARTESIAN_POINT('Ctrl Pts',(7.44485464661071,-287.683605716222,30.8801615897422));
#4385=CARTESIAN_POINT('Ctrl Pts',(7.57834198731483,-287.683605716205,31.0711095949713));
#4386=CARTESIAN_POINT('Ctrl Pts',(7.70860630931879,-287.683605716188,31.2574472080212));
#4387=CARTESIAN_POINT('Ctrl Pts',(7.83150811329988,-287.683605716172,31.4492241273009));
#4388=CARTESIAN_POINT('Ctrl Pts',(7.94695314908308,-287.683605716153,31.6459616367241));
#4389=CARTESIAN_POINT('Ctrl Pts',(8.06076031712359,-287.683605716134,31.8399079475629));
#4390=CARTESIAN_POINT('Ctrl Pts',(8.16690145901206,-287.683605716119,32.0379602334451));
#4391=CARTESIAN_POINT('Ctrl Pts',(8.26540166048076,-287.683605716108,32.2395780394302));
#4392=CARTESIAN_POINT('Ctrl Pts',(8.36536441199432,-287.683605716098,32.4441895055985));
#4393=CARTESIAN_POINT('Ctrl Pts',(8.45745787326327,-287.683605716093,32.6524736736128));
#4394=CARTESIAN_POINT('Ctrl Pts',(8.54166847624899,-287.683605716093,32.8639027355328));
#4395=CARTESIAN_POINT('Ctrl Pts',(8.62718318190017,-287.683605716094,33.0786060312598));
#4396=CARTESIAN_POINT('Ctrl Pts',(8.70456926783964,-287.6836057161,33.2965529494301));
#4397=CARTESIAN_POINT('Ctrl Pts',(8.77376779927567,-287.68360571611,33.5172204862396));
#4398=CARTESIAN_POINT('Ctrl Pts',(8.81012756657342,-287.683605716116,33.6331683267798));
#4399=CARTESIAN_POINT('Ctrl Pts',(8.84422607774264,-287.683605716122,33.7498677378827));
#4400=CARTESIAN_POINT('Ctrl Pts',(8.87604954904299,-287.683605716129,33.8672452268567));
#4401=CARTESIAN_POINT('Origin',(1.54737333920481E-14,-297.683188021927,
35.861265395317));
#4402=CARTESIAN_POINT('',(3.90092677015468,-297.683188021927,43.2021768378778));
#4403=CARTESIAN_POINT('Ctrl Pts',(3.90092677015549,-297.683188021927,43.2021768378774));
#4404=CARTESIAN_POINT('Ctrl Pts',(3.61395757782131,-297.683188021927,43.336837753731));
#4405=CARTESIAN_POINT('Ctrl Pts',(3.21679642477528,-297.683188021828,43.5141545557203));
#4406=CARTESIAN_POINT('Ctrl Pts',(2.17039343571114,-297.683188021828,43.8590810450653));
#4407=CARTESIAN_POINT('Ctrl Pts',(1.60851001683777,-297.683188021927,43.9868306431362));
#4408=CARTESIAN_POINT('Ctrl Pts',(1.0343167411878,-297.683188021927,44.0592747804603));
#4409=CARTESIAN_POINT('Ctrl Pts',(3.90092677015468,-297.683188021927,43.2021768378778));
#4410=CARTESIAN_POINT('Ctrl Pts',(4.09555248954898,-297.683188021942,43.1108482969957));
#4411=CARTESIAN_POINT('Ctrl Pts',(4.28659821569618,-297.683188021925,43.0115331900166));
#4412=CARTESIAN_POINT('Ctrl Pts',(4.47375882645888,-297.683188021914,42.90458802328));
#4413=CARTESIAN_POINT('Ctrl Pts',(4.4947879108373,-297.683188021913,42.8925718253952));
#4414=CARTESIAN_POINT('Ctrl Pts',(4.51576791869288,-297.683188021912,42.8804592567952));
#4415=CARTESIAN_POINT('Ctrl Pts',(4.53669839426762,-297.68318802191,42.8682507893108));
#4416=CARTESIAN_POINT('Ctrl Pts',(4.72009380845604,-297.683188021901,42.7612786881319));
#4417=CARTESIAN_POINT('Ctrl Pts',(4.89900165111348,-297.683188021893,42.6473482052718));
#4418=CARTESIAN_POINT('Ctrl Pts',(5.07318580467394,-297.683188021884,42.5269178671816));
#4419=CARTESIAN_POINT('Ctrl Pts',(5.25436513319132,-297.683188021873,42.4016510886469));
#4420=CARTESIAN_POINT('Ctrl Pts',(5.43043432900883,-297.68318802186,42.269351783507));
#4421=CARTESIAN_POINT('Ctrl Pts',(5.60111011474164,-297.683188021843,42.1304806860417));
#4422=CARTESIAN_POINT('Ctrl Pts',(5.77092311261899,-297.683188021826,41.992311599678));
#4423=CARTESIAN_POINT('Ctrl Pts',(5.9353975605921,-297.683188021805,41.847636463804));
#4424=CARTESIAN_POINT('Ctrl Pts',(6.09422965920911,-297.68318802178,41.696861013626));
#4425=CARTESIAN_POINT('Ctrl Pts',(6.25427225178821,-297.683188021756,41.5449364709556));
#4426=CARTESIAN_POINT('Ctrl Pts',(6.40858671663007,-297.683188021727,41.3868178330688));
#4427=CARTESIAN_POINT('Ctrl Pts',(6.5568292530023,-297.683188021699,41.2228784600594));
#4428=CARTESIAN_POINT('Ctrl Pts',(6.70507178937453,-297.683188021671,41.05893908705));
#4429=CARTESIAN_POINT('Ctrl Pts',(6.84724293107954,-297.683188021643,40.8891784776689));
#4430=CARTESIAN_POINT('Ctrl Pts',(6.98295789430586,-297.683188021621,40.7139356073868));
#4431=CARTESIAN_POINT('Ctrl Pts',(7.11959030786174,-297.683188021599,40.5375080731202));
#4432=CARTESIAN_POINT('Ctrl Pts',(7.24915113433459,-297.683188021583,40.3562047375637));
#4433=CARTESIAN_POINT('Ctrl Pts',(7.37135583749179,-297.683188021568,40.1704694964429));
#4434=CARTESIAN_POINT('Ctrl Pts',(7.49384583882538,-297.683188021553,39.9843006392318));
#4435=CARTESIAN_POINT('Ctrl Pts',(7.60894583669252,-297.683188021539,39.7936786573304));
#4436=CARTESIAN_POINT('Ctrl Pts',(7.7163367283243,-297.683188021524,39.5990093438376));
#4437=CARTESIAN_POINT('Ctrl Pts',(7.8226576472291,-297.68318802151,39.4062795882816));
#4438=CARTESIAN_POINT('Ctrl Pts',(7.92142273442856,-297.683188021495,39.209582199582));
#4439=CARTESIAN_POINT('Ctrl Pts',(8.01228362713053,-297.683188021479,39.0092785605835));
#4440=CARTESIAN_POINT('Ctrl Pts',(8.10034876454824,-297.683188021464,38.8151381887568));
#4441=CARTESIAN_POINT('Ctrl Pts',(8.1809888679996,-297.683188021448,38.6176095234992));
#4442=CARTESIAN_POINT('Ctrl Pts',(8.2538457229262,-297.683188021434,38.4169992098828));
#4443=CARTESIAN_POINT('Ctrl Pts',(8.32920065573773,-297.68318802142,38.2095104743466));
#4444=CARTESIAN_POINT('Ctrl Pts',(8.39622973486327,-297.683188021408,37.9987245989035));
#4445=CARTESIAN_POINT('Ctrl Pts',(8.45496551314906,-297.683188021402,37.7851263352617));
#4446=CARTESIAN_POINT('Ctrl Pts',(8.4582869995301,-297.683188021402,37.7730474330252));
#4447=CARTESIAN_POINT('Ctrl Pts',(8.46158195158972,-297.683188021402,37.7609595342468));
#4448=CARTESIAN_POINT('Ctrl Pts',(8.46485037035277,-297.683188021401,37.7488627256527));
#4449=CARTESIAN_POINT('Ctrl Pts',(8.52162988323972,-297.683188021397,37.5387149602471));
#4450=CARTESIAN_POINT('Ctrl Pts',(8.57019575001763,-297.683188021399,37.3266572570205));
#4451=CARTESIAN_POINT('Ctrl Pts',(8.61070503548259,-297.683188021403,37.1131966327229));
#4452=CARTESIAN_POINT('Ctrl Pts',(8.65342198035964,-297.683188021408,36.8881029136686));
#4453=CARTESIAN_POINT('Ctrl Pts',(8.68718073737738,-297.683188021415,36.6614487394433));
#4454=CARTESIAN_POINT('Ctrl Pts',(8.71211182950966,-297.683188021422,36.4337999452992));
#4455=CARTESIAN_POINT('Ctrl Pts',(8.73661650837986,-297.683188021429,36.2100447818235));
#4456=CARTESIAN_POINT('Ctrl Pts',(8.75259275967459,-297.683188021436,35.9853279681256));
#4457=CARTESIAN_POINT('Ctrl Pts',(8.76011277591902,-297.683188021442,35.7601695725357));
#4458=CARTESIAN_POINT('Ctrl Pts',(8.76782907924854,-297.683188021449,35.5291341038495));
#4459=CARTESIAN_POINT('Ctrl Pts',(8.76664218704172,-297.683188021456,35.297632965835));
#4460=CARTESIAN_POINT('Ctrl Pts',(8.75657387386745,-297.683188021465,35.0662209056677));
#4461=CARTESIAN_POINT('Ctrl Pts',(8.74650556069319,-297.683188021473,34.8348088455004));
#4462=CARTESIAN_POINT('Ctrl Pts',(8.72755585113916,-297.683188021484,34.6034850558391));
#4463=CARTESIAN_POINT('Ctrl Pts',(8.69968930822326,-297.683188021501,34.3728089876453));
#4464=CARTESIAN_POINT('Ctrl Pts',(8.67174933040005,-297.683188021518,34.1415250336531));
#4465=CARTESIAN_POINT('Ctrl Pts',(8.63495333602006,-297.683188021541,33.9117892825797));
#4466=CARTESIAN_POINT('Ctrl Pts',(8.58941846072865,-297.683188021565,33.6841589283696));
#4467=CARTESIAN_POINT('Ctrl Pts',(8.54441815272903,-297.683188021588,33.459200893809));
#4468=CARTESIAN_POINT('Ctrl Pts',(8.49088282277485,-297.683188021613,33.2362983616616));
#4469=CARTESIAN_POINT('Ctrl Pts',(8.42887297786166,-297.683188021636,33.0159826039859));
#4470=CARTESIAN_POINT('Ctrl Pts',(8.3657581926825,-297.68318802166,32.7917410865826));
#4471=CARTESIAN_POINT('Ctrl Pts',(8.29386434632166,-297.683188021682,32.5701785643036));
#4472=CARTESIAN_POINT('Ctrl Pts',(8.21319984236317,-297.683188021702,32.3518599939509));
#4473=CARTESIAN_POINT('Ctrl Pts',(8.13253533840468,-297.683188021721,32.1335414235983));
#4474=CARTESIAN_POINT('Ctrl Pts',(8.04310018318795,-297.683188021739,31.9184660014748));
#4475=CARTESIAN_POINT('Ctrl Pts',(7.94484689379511,-297.683188021756,31.7072154125395));
#4476=CARTESIAN_POINT('Ctrl Pts',(7.84896593691286,-297.683188021773,31.5010654837765));
#4477=CARTESIAN_POINT('Ctrl Pts',(7.74468682933831,-297.683188021789,31.2985575414574));
#4478=CARTESIAN_POINT('Ctrl Pts',(7.63237645873267,-297.683188021808,31.1000131779856));
#4479=CARTESIAN_POINT('Ctrl Pts',(7.52165946658296,-297.683188021827,30.9042856186042));
#4480=CARTESIAN_POINT('Ctrl Pts',(7.4035456325987,-297.683188021843,30.7131312774921));
#4481=CARTESIAN_POINT('Ctrl Pts',(7.27851510589782,-297.683188021853,30.5267994655406));
#4482=CARTESIAN_POINT('Ctrl Pts',(7.15162816247385,-297.683188021864,30.3377010532966));
#4483=CARTESIAN_POINT('Ctrl Pts',(7.01761728589608,-297.683188021869,30.1535689730166));
#4484=CARTESIAN_POINT('Ctrl Pts',(6.87693229782357,-297.683188021868,29.9746796337756));
#4485=CARTESIAN_POINT('Ctrl Pts',(6.7340686545415,-297.683188021868,29.7930200047105));
#4486=CARTESIAN_POINT('Ctrl Pts',(6.58432223582326,-297.683188021861,29.6167662248039));
#4487=CARTESIAN_POINT('Ctrl Pts',(6.42811595491315,-297.683188021851,29.4462315421042));
#4488=CARTESIAN_POINT('Ctrl Pts',(6.34603857893664,-297.683188021846,29.3566254187946));
#4489=CARTESIAN_POINT('Ctrl Pts',(6.26217693886967,-297.683188021839,29.2685987208879));
#4490=CARTESIAN_POINT('Ctrl Pts',(6.17658770351499,-297.683188021832,29.1822002265095));
#4491=CARTESIAN_POINT('Ctrl Pts',(-8.30735530308131,-287.683605716034,35.5545760704335));
#4492=CARTESIAN_POINT('Ctrl Pts',(-8.23022956228803,-287.743641761754,33.4654556485644));
#4493=CARTESIAN_POINT('Ctrl Pts',(-6.42816769126656,-287.863714870598,29.3588810985434));
#4494=CARTESIAN_POINT('Ctrl Pts',(-0.227622090393117,-288.043824631376,
26.7192892955385));
#4495=CARTESIAN_POINT('Ctrl Pts',(6.09307333988098,-288.22393520212,29.042987597922));
#4496=CARTESIAN_POINT('Ctrl Pts',(9.11165239576493,-288.404044581383,35.0695301889166));
#4497=CARTESIAN_POINT('Ctrl Pts',(7.49871147458313,-288.554138722523,40.4415538271079));
#4498=CARTESIAN_POINT('Ctrl Pts',(4.27211379598589,-288.674210160596,43.2192531193009));
#4499=CARTESIAN_POINT('Ctrl Pts',(0.261142703920889,-288.794282228726,44.6441660914086));
#4500=CARTESIAN_POINT('Ctrl Pts',(-5.20662840850723,-288.944375325056,43.3821501971239));
#4501=CARTESIAN_POINT('Ctrl Pts',(-8.79910758604223,-289.117816232762,37.980428900106));
#4502=CARTESIAN_POINT('Ctrl Pts',(-8.0282307134685,-289.284582773778,31.8848545429861));
#4503=CARTESIAN_POINT('Ctrl Pts',(-3.82156111518195,-289.444679202969,27.7526185840289));
#4504=CARTESIAN_POINT('Ctrl Pts',(1.5558918288668,-289.591438271931,27.1880292727197));
#4505=CARTESIAN_POINT('Ctrl Pts',(5.80336554556445,-289.724851461344,29.4205335237474));
#4506=CARTESIAN_POINT('Ctrl Pts',(8.19215226695015,-289.844926624865,33.0127644796397));
#4507=CARTESIAN_POINT('Ctrl Pts',(8.54834503782583,-289.964997867452,37.3149947265543));
#4508=CARTESIAN_POINT('Ctrl Pts',(6.78969515820824,-290.08507142474,41.2551969154504));
#4509=CARTESIAN_POINT('Ctrl Pts',(3.34867182341016,-290.20514506454,43.8604701368083));
#4510=CARTESIAN_POINT('Ctrl Pts',(-0.921704440256054,-290.325218661531,
44.4837802199643));
#4511=CARTESIAN_POINT('Ctrl Pts',(-4.9638947875361,-290.445291891631,42.971922699977));
#4512=CARTESIAN_POINT('Ctrl Pts',(-7.77650252483501,-290.565365114093,39.6982079509841));
#4513=CARTESIAN_POINT('Ctrl Pts',(-8.66327273873839,-290.685438563914,35.4754227527575));
#4514=CARTESIAN_POINT('Ctrl Pts',(-7.4037325241339,-290.805512373218,31.3453307919222));
#4515=CARTESIAN_POINT('Ctrl Pts',(-4.31157124361897,-290.925584911985,28.3397783267685));
#4516=CARTESIAN_POINT('Ctrl Pts',(0.313544619348702,-291.05900140915,27.0546175333507));
#4517=CARTESIAN_POINT('Ctrl Pts',(5.4450340237326,-291.205754075047,28.7464635414866));
#4518=CARTESIAN_POINT('Ctrl Pts',(8.69263997451885,-291.365855539564,33.6679379008258));
#4519=CARTESIAN_POINT('Ctrl Pts',(8.17124295057445,-291.525953346381,39.5523464605411));
#4520=CARTESIAN_POINT('Ctrl Pts',(4.78578599411548,-291.659366128338,43.1054672808549));
#4521=CARTESIAN_POINT('Ctrl Pts',(0.741342306693105,-291.779439416581,44.3899936304075));
#4522=CARTESIAN_POINT('Ctrl Pts',(-3.068848444897,-291.886172042215,43.9731534912671));
#4523=CARTESIAN_POINT('Ctrl Pts',(-6.59842382118207,-292.00624529292,41.4873200658615));
#4524=CARTESIAN_POINT('Ctrl Pts',(-8.49498041017514,-292.126318505585,37.6091950589675));
#4525=CARTESIAN_POINT('Ctrl Pts',(-8.3043428522721,-292.233049675937,33.7810540624872));
#4526=CARTESIAN_POINT('Ctrl Pts',(-6.39660540866957,-292.353123512286,29.9904857305993));
#4527=CARTESIAN_POINT('Ctrl Pts',(-2.35289119102973,-292.486539093042,27.2092475820803));
#4528=CARTESIAN_POINT('Ctrl Pts',(3.53996559714875,-292.646638589984,27.6246860845051));
#4529=CARTESIAN_POINT('Ctrl Pts',(7.88604181227417,-292.806731926025,31.6093070461995));
#4530=CARTESIAN_POINT('Ctrl Pts',(8.74547502843948,-292.953491855492,36.9438894543684));
#4531=CARTESIAN_POINT('Ctrl Pts',(6.74535967240747,-293.086905215431,41.3076406025065));
#4532=CARTESIAN_POINT('Ctrl Pts',(3.2887330418044,-293.206979022908,43.8857876069852));
#4533=CARTESIAN_POINT('Ctrl Pts',(-0.988496311176281,-293.327052056585,
44.4766560987738));
#4534=CARTESIAN_POINT('Ctrl Pts',(-5.01804187346499,-293.447125278725,42.9332708188964));
#4535=CARTESIAN_POINT('Ctrl Pts',(-7.80587163573923,-293.567198699185,39.6390914522222));
#4536=CARTESIAN_POINT('Ctrl Pts',(-8.6600282229766,-293.687272513484,35.407409006081));
#4537=CARTESIAN_POINT('Ctrl Pts',(-7.36876811902945,-293.807345080566,31.2921351207644));
#4538=CARTESIAN_POINT('Ctrl Pts',(-3.90793490501434,-293.940761471248,27.9674608424024));
#4539=CARTESIAN_POINT('Ctrl Pts',(1.40692279841017,-294.087514429474,27.0110589181669));
#4540=CARTESIAN_POINT('Ctrl Pts',(6.61141618629423,-294.247614835691,29.8012157376062));
#4541=CARTESIAN_POINT('Ctrl Pts',(8.73940136255572,-294.394371857156,34.7694511223092));
#4542=CARTESIAN_POINT('Ctrl Pts',(7.87526598831511,-294.527784914658,39.4867193912001));
#4543=CARTESIAN_POINT('Ctrl Pts',(5.15377789830736,-294.647858298229,42.8363792944775));
#4544=CARTESIAN_POINT('Ctrl Pts',(1.15543743231095,-294.767931840484,44.4531766329156));
#4545=CARTESIAN_POINT('Ctrl Pts',(-3.85103794988294,-294.908017813294,43.8712859660043));
#4546=CARTESIAN_POINT('Ctrl Pts',(-8.2460475900506,-295.068115881827,39.8184124402865));
#4547=CARTESIAN_POINT('Ctrl Pts',(-8.71589271951017,-295.2482262415,33.0877016023548));
#4548=CARTESIAN_POINT('Ctrl Pts',(-5.16175357185102,-295.398315650459,28.7516319415942));
#4549=CARTESIAN_POINT('Ctrl Pts',(-1.11640296562171,-295.518390530285,27.4258439304197));
#4550=CARTESIAN_POINT('Ctrl Pts',(2.90207464039138,-295.631793407871,27.6408664846026));
#4551=CARTESIAN_POINT('Ctrl Pts',(6.28180166086932,-295.741860027373,29.8677384446977));
#4552=CARTESIAN_POINT('Ctrl Pts',(8.26235107502707,-295.861933027375,33.6215798076878));
#4553=CARTESIAN_POINT('Ctrl Pts',(8.5266669331019,-295.968665485521,37.4443335336953));
#4554=CARTESIAN_POINT('Ctrl Pts',(6.70605383279418,-296.088738382556,41.3602537485569));
#4555=CARTESIAN_POINT('Ctrl Pts',(3.2260733725819,-296.208812546367,43.9105829687257));
#4556=CARTESIAN_POINT('Ctrl Pts',(-0.698414374480287,-296.318878928332,
44.4220396595033));
#4557=CARTESIAN_POINT('Ctrl Pts',(-4.07192427913463,-296.418940131663,43.3337123493881));
#4558=CARTESIAN_POINT('Ctrl Pts',(-7.37241282963536,-296.539013032677,40.640566185066));
#4559=CARTESIAN_POINT('Ctrl Pts',(-9.12948315440354,-296.689105316369,35.3167086121691));
#4560=CARTESIAN_POINT('Ctrl Pts',(-6.27517279958923,-296.869215462679,29.209041876815));
#4561=CARTESIAN_POINT('Ctrl Pts',(-0.0181877699763063,-297.049325305462,
26.7175004401972));
#4562=CARTESIAN_POINT('Ctrl Pts',(6.24936949249348,-297.229436301522,29.1857942588506));
#4563=CARTESIAN_POINT('Ctrl Pts',(9.12662714812695,-297.409544565953,35.2769040497181));
#4564=CARTESIAN_POINT('Ctrl Pts',(7.04702450522813,-297.589659083356,41.6865546359723));
#4565=CARTESIAN_POINT('Ctrl Pts',(3.1171528311966,-297.709724509236,43.8462741694668));
#4566=CARTESIAN_POINT('Ctrl Pts',(1.04302920464397,-297.769763466493,44.1085862058524));
#4567=CARTESIAN_POINT('Ctrl Pts',(-8.29007806751561,-287.673637734041,35.5549343058817));
#4568=CARTESIAN_POINT('Ctrl Pts',(-8.21304320613444,-287.73367377976,33.4701706732849));
#4569=CARTESIAN_POINT('Ctrl Pts',(-6.41458103577452,-287.853746888604,29.3721829971669));
#4570=CARTESIAN_POINT('Ctrl Pts',(-0.226842875220719,-288.033856649382,
26.7382943723268));
#4571=CARTESIAN_POINT('Ctrl Pts',(6.08063161464655,-288.213967220126,29.057370733596));
#4572=CARTESIAN_POINT('Ctrl Pts',(9.09273185355649,-288.39407659939,35.0714819721968));
#4573=CARTESIAN_POINT('Ctrl Pts',(7.48296034344851,-288.544170740529,40.432286513882));
#4574=CARTESIAN_POINT('Ctrl Pts',(4.26298359679808,-288.664242178602,43.2040971476922));
#4575=CARTESIAN_POINT('Ctrl Pts',(0.260311713567606,-288.784314246732,44.6259105553455));
#4576=CARTESIAN_POINT('Ctrl Pts',(-5.19605537677816,-288.934407343063,43.3663358252529));
#4577=CARTESIAN_POINT('Ctrl Pts',(-8.78087945698856,-289.107848250768,37.9757245126424));
#4578=CARTESIAN_POINT('Ctrl Pts',(-8.01140187862519,-289.274614791785,31.892850136773));
#4579=CARTESIAN_POINT('Ctrl Pts',(-3.81334226478164,-289.434711220975,27.7693522822757));
#4580=CARTESIAN_POINT('Ctrl Pts',(1.55294586991986,-289.581470289937,27.2061183331079));
#4581=CARTESIAN_POINT('Ctrl Pts',(5.79151477607072,-289.71488347935,29.4341212321418));
#4582=CARTESIAN_POINT('Ctrl Pts',(8.17521252528693,-289.834958642872,33.0189677603936));
#4583=CARTESIAN_POINT('Ctrl Pts',(8.53052220337647,-289.955029885458,37.312255841747));
#4584=CARTESIAN_POINT('Ctrl Pts',(6.77539481219333,-290.075103442747,41.2442076157737));
#4585=CARTESIAN_POINT('Ctrl Pts',(3.34143995365196,-290.195177082547,43.8439479252075));
#4586=CARTESIAN_POINT('Ctrl Pts',(-0.920077345180915,-290.315250679538,
44.465818677558));
#4587=CARTESIAN_POINT('Ctrl Pts',(-4.95381112868156,-290.435323909637,42.9569693090206));
#4588=CARTESIAN_POINT('Ctrl Pts',(-7.76046005105259,-290.555397132099,39.6899679236767));
#4589=CARTESIAN_POINT('Ctrl Pts',(-8.64524465085685,-290.67547058192,35.4759340618124));
#4590=CARTESIAN_POINT('Ctrl Pts',(-7.38818437642168,-290.795544391224,31.3544733705391));
#4591=CARTESIAN_POINT('Ctrl Pts',(-4.30235354622505,-290.915616929991,28.3552739965638));
#4592=CARTESIAN_POINT('Ctrl Pts',(0.313190468658976,-291.049033427157,27.0729433786984));
#4593=CARTESIAN_POINT('Ctrl Pts',(5.43395163754245,-291.195786093053,28.7614397351856));
#4594=CARTESIAN_POINT('Ctrl Pts',(8.67463374543467,-291.355887557571,33.6727861361528));
#4595=CARTESIAN_POINT('Ctrl Pts',(8.15412548566867,-291.515985364388,39.544949189205));
#4596=CARTESIAN_POINT('Ctrl Pts',(4.77558615350439,-291.649398146344,43.0905682489885));
#4597=CARTESIAN_POINT('Ctrl Pts',(0.739521416767964,-291.769471434587,44.3722827236521));
#4598=CARTESIAN_POINT('Ctrl Pts',(-3.06274041025085,-291.876204060222,43.9561827354727));
#4599=CARTESIAN_POINT('Ctrl Pts',(-6.58488960790635,-291.996277310927,41.4753977065062));
#4600=CARTESIAN_POINT('Ctrl Pts',(-8.47737501298637,-292.116350523591,37.6052759372537));
#4601=CARTESIAN_POINT('Ctrl Pts',(-8.28700226691113,-292.223081693943,33.7850940704362));
#4602=CARTESIAN_POINT('Ctrl Pts',(-6.38311194737567,-292.343155530292,30.0024826333791));
#4603=CARTESIAN_POINT('Ctrl Pts',(-2.34771193167759,-292.476571111048,27.2271609685885));
#4604=CARTESIAN_POINT('Ctrl Pts',(3.53288467721684,-292.636670607991,27.6419374053403));
#4605=CARTESIAN_POINT('Ctrl Pts',(7.86978778096414,-292.796763944031,31.6184126426963));
#4606=CARTESIAN_POINT('Ctrl Pts',(8.7272510641503,-292.943523873498,36.9419293584193));
#4607=CARTESIAN_POINT('Ctrl Pts',(6.7311500803835,-293.076937233438,41.2965422752837));
#4608=CARTESIAN_POINT('Ctrl Pts',(3.28162440435167,-293.197011040914,43.8692105750844));
#4609=CARTESIAN_POINT('Ctrl Pts',(-0.986729974221087,-293.317084074591,
44.4587073539054));
#4610=CARTESIAN_POINT('Ctrl Pts',(-5.00784442225731,-293.437157296731,42.9183960179637));
#4611=CARTESIAN_POINT('Ctrl Pts',(-7.78976613456796,-293.557230717192,39.6309732765766));
#4612=CARTESIAN_POINT('Ctrl Pts',(-8.64200469867419,-293.677304531491,35.4080623269267));
#4613=CARTESIAN_POINT('Ctrl Pts',(-7.35329134794538,-293.797377098573,31.3013889621302));
#4614=CARTESIAN_POINT('Ctrl Pts',(-3.89954537119081,-293.930793489255,27.9837473380648));
#4615=CARTESIAN_POINT('Ctrl Pts',(1.40429848478955,-294.07754644748,27.0295084840824));
#4616=CARTESIAN_POINT('Ctrl Pts',(6.59786855884863,-294.237646853698,29.8140406874642));
#4617=CARTESIAN_POINT('Ctrl Pts',(8.7212662294697,-294.384403875162,34.7720192836607));
#4618=CARTESIAN_POINT('Ctrl Pts',(7.85876947385857,-294.517816932664,39.4794417709719));
#4619=CARTESIAN_POINT('Ctrl Pts',(5.14282774638851,-294.637890316235,42.8220471731821));
#4620=CARTESIAN_POINT('Ctrl Pts',(1.15274680842398,-294.757963858491,44.4353484161001));
#4621=CARTESIAN_POINT('Ctrl Pts',(-3.84329452143401,-294.8980498313,43.8545016959977));
#4622=CARTESIAN_POINT('Ctrl Pts',(-8.22903246931923,-295.058147899833,39.8099056402434));
#4623=CARTESIAN_POINT('Ctrl Pts',(-8.6976755446269,-295.238258259507,33.0931775502778));
#4624=CARTESIAN_POINT('Ctrl Pts',(-5.15077446990895,-295.388347668465,28.7662395924793));
#4625=CARTESIAN_POINT('Ctrl Pts',(-1.11379724813481,-295.508422548292,27.4433468136624));
#4626=CARTESIAN_POINT('Ctrl Pts',(2.89631445403415,-295.621825425877,27.6580580932588));
#4627=CARTESIAN_POINT('Ctrl Pts',(6.268945888733,-295.73189204538,29.880416628586));
#4628=CARTESIAN_POINT('Ctrl Pts',(8.24524220074697,-295.851965045381,33.6265080148289));
#4629=CARTESIAN_POINT('Ctrl Pts',(8.50888440268308,-295.958697503528,37.4413327115202));
#4630=CARTESIAN_POINT('Ctrl Pts',(6.6919253860776,-296.078770400563,41.349038019224));
#4631=CARTESIAN_POINT('Ctrl Pts',(3.21909443369361,-296.198844564374,43.8939543765946));
#4632=CARTESIAN_POINT('Ctrl Pts',(-0.697251726784537,-296.308910946338,
44.404213585622));
#4633=CARTESIAN_POINT('Ctrl Pts',(-4.06370731803715,-296.40897214967,43.3180383006821));
#4634=CARTESIAN_POINT('Ctrl Pts',(-7.35723801058226,-296.529045050684,40.6303857913911));
#4635=CARTESIAN_POINT('Ctrl Pts',(-9.11048103122744,-296.679137334376,35.3175333801096));
#4636=CARTESIAN_POINT('Ctrl Pts',(-6.26189928246746,-296.859247480685,29.2226652281085));
#4637=CARTESIAN_POINT('Ctrl Pts',(-0.0178436071436612,-297.039357323468,
26.7365142350284));
#4638=CARTESIAN_POINT('Ctrl Pts',(6.2365992015519,-297.219468319528,29.1998854647131));
#4639=CARTESIAN_POINT('Ctrl Pts',(9.10766560289077,-297.399576583959,35.2784270919902));
#4640=CARTESIAN_POINT('Ctrl Pts',(7.03217873057442,-297.579691101362,41.6746764653282));
#4641=CARTESIAN_POINT('Ctrl Pts',(3.11039349967008,-297.699756527242,43.8297831679593));
#4642=CARTESIAN_POINT('Ctrl Pts',(1.04058405345821,-297.759795484499,44.0914791185168));
#4643=CARTESIAN_POINT('Ctrl Pts',(-8.26528566042357,-287.646898027412,35.5550931207211));
#4644=CARTESIAN_POINT('Ctrl Pts',(-8.18828976148839,-287.706934073132,33.4765494849816));
#4645=CARTESIAN_POINT('Ctrl Pts',(-6.39483590200948,-287.827007181976,29.3909789668291));
#4646=CARTESIAN_POINT('Ctrl Pts',(-0.225331542032127,-288.007116942754,
26.765512587025));
#4647=CARTESIAN_POINT('Ctrl Pts',(6.06309585954417,-288.187227513498,29.0782423322569));
#4648=CARTESIAN_POINT('Ctrl Pts',(9.06565218561378,-288.367336892761,35.0746708638195));
#4649=CARTESIAN_POINT('Ctrl Pts',(7.46020354275666,-288.517431033901,40.4193133955084));
#4650=CARTESIAN_POINT('Ctrl Pts',(4.24958319219796,-288.637502471974,43.1825585178207));
#4651=CARTESIAN_POINT('Ctrl Pts',(0.258725901040553,-288.757574540104,44.5997632446642));
#4652=CARTESIAN_POINT('Ctrl Pts',(-5.18122283218365,-288.907667636434,43.3434511489787));
#4653=CARTESIAN_POINT('Ctrl Pts',(-8.75485447030785,-289.08110854414,37.9686119209832));
#4654=CARTESIAN_POINT('Ctrl Pts',(-7.98711824951407,-289.247875085156,31.9039733837128));
#4655=CARTESIAN_POINT('Ctrl Pts',(-3.80121658732233,-289.407971514346,27.7931667442624));
#4656=CARTESIAN_POINT('Ctrl Pts',(1.54910078568813,-289.554730583309,27.2321034815108));
#4657=CARTESIAN_POINT('Ctrl Pts',(5.77480648215549,-289.688143772722,29.4538421910217));
#4658=CARTESIAN_POINT('Ctrl Pts',(8.1510603602323,-289.808218936243,33.0281951872076));
#4659=CARTESIAN_POINT('Ctrl Pts',(8.50491468835035,-289.92829017883,37.3087052785532));
#4660=CARTESIAN_POINT('Ctrl Pts',(6.7546721432827,-290.048363736118,41.2287531651295));
#4661=CARTESIAN_POINT('Ctrl Pts',(3.33073343763633,-290.168437375918,43.8204168292768));
#4662=CARTESIAN_POINT('Ctrl Pts',(-0.918115212404193,-290.288510972909,
44.4400414402336));
#4663=CARTESIAN_POINT('Ctrl Pts',(-4.93966656247281,-290.408584203009,42.935329410876));
#4664=CARTESIAN_POINT('Ctrl Pts',(-7.73763669872655,-290.528657425471,39.677827055102));
#4665=CARTESIAN_POINT('Ctrl Pts',(-8.61939444488647,-290.648730875292,35.4762958337898));
#4666=CARTESIAN_POINT('Ctrl Pts',(-7.36571235405113,-290.768804684596,31.3672560732155));
#4667=CARTESIAN_POINT('Ctrl Pts',(-4.2888206374866,-290.888877223363,28.3772949654127));
#4668=CARTESIAN_POINT('Ctrl Pts',(0.313054701807284,-291.022293720528,27.0992117208067));
#4669=CARTESIAN_POINT('Ctrl Pts',(5.41837168882043,-291.169046386425,28.7831381934602));
#4670=CARTESIAN_POINT('Ctrl Pts',(8.64893522020334,-291.329147850942,33.6801184440879));
#4671=CARTESIAN_POINT('Ctrl Pts',(8.12944267528682,-291.489245657759,39.5346889632164));
#4672=CARTESIAN_POINT('Ctrl Pts',(4.76067198201498,-291.622658439716,43.0694116109235));
#4673=CARTESIAN_POINT('Ctrl Pts',(0.736527649288466,-291.742731727959,44.3469365437549));
#4674=CARTESIAN_POINT('Ctrl Pts',(-3.05433226261629,-291.849464353593,43.9317304493049));
#4675=CARTESIAN_POINT('Ctrl Pts',(-6.56574149050652,-291.969537604298,41.4580345671564));
#4676=CARTESIAN_POINT('Ctrl Pts',(-8.45221907703918,-292.089610816963,37.5992934219301));
#4677=CARTESIAN_POINT('Ctrl Pts',(-8.26206992584003,-292.196341987315,33.7905457952537));
#4678=CARTESIAN_POINT('Ctrl Pts',(-6.36351047273598,-292.316415823664,30.0193903039934));
#4679=CARTESIAN_POINT('Ctrl Pts',(-2.33990856038872,-292.44983140442,27.252727653142));
#4680=CARTESIAN_POINT('Ctrl Pts',(3.52308079824987,-292.609930901362,27.6667973709957));
#4681=CARTESIAN_POINT('Ctrl Pts',(7.84667294323159,-292.770024237403,31.6318015484999));
#4682=CARTESIAN_POINT('Ctrl Pts',(8.70109442416589,-292.91678416687,36.9395019890107));
#4683=CARTESIAN_POINT('Ctrl Pts',(6.71055435676844,-293.050197526809,41.2809256424727));
#4684=CARTESIAN_POINT('Ctrl Pts',(3.27109488400565,-293.170271334286,43.8455987825096));
#4685=CARTESIAN_POINT('Ctrl Pts',(-0.984568300829669,-293.290344367963,
44.4329449896381));
#4686=CARTESIAN_POINT('Ctrl Pts',(-4.99353486245419,-293.410417590103,42.8968663299597));
#4687=CARTESIAN_POINT('Ctrl Pts',(-7.7668498516099,-293.530491010563,39.619006009517));
#4688=CARTESIAN_POINT('Ctrl Pts',(-8.61615784904514,-293.650564824863,35.4086264833735));
#4689=CARTESIAN_POINT('Ctrl Pts',(-7.33091811158567,-293.770637391945,31.3143340160967));
#4690=CARTESIAN_POINT('Ctrl Pts',(-3.88717973962081,-293.904053782627,28.0069107083808));
#4691=CARTESIAN_POINT('Ctrl Pts',(1.40090607996261,-294.050806740852,27.0560105123826));
#4692=CARTESIAN_POINT('Ctrl Pts',(6.57872240845989,-294.21090714707,29.8326986504868));
#4693=CARTESIAN_POINT('Ctrl Pts',(8.69532156999449,-294.357664168533,34.7760624764679));
#4694=CARTESIAN_POINT('Ctrl Pts',(7.83497055726105,-294.491077226036,39.4693586826002));
#4695=CARTESIAN_POINT('Ctrl Pts',(5.12683422523079,-294.611150609607,42.801732045358));
#4696=CARTESIAN_POINT('Ctrl Pts',(1.14852140455859,-294.731224151863,44.4098514191829));
#4697=CARTESIAN_POINT('Ctrl Pts',(-3.83255301685782,-294.871310124672,43.8302806622695));
#4698=CARTESIAN_POINT('Ctrl Pts',(-8.204821223214,-295.031408193205,39.797365154171));
#4699=CARTESIAN_POINT('Ctrl Pts',(-8.67145068152606,-295.211518552878,33.1006480867013));
#4700=CARTESIAN_POINT('Ctrl Pts',(-5.13475464565694,-295.361607961837,28.786959704715));
#4701=CARTESIAN_POINT('Ctrl Pts',(-1.10970427600926,-295.481682841663,27.4683825648091));
#4702=CARTESIAN_POINT('Ctrl Pts',(2.88841634886324,-295.595085719249,27.6828175536919));
#4703=CARTESIAN_POINT('Ctrl Pts',(6.25076517488107,-295.705152338751,29.8988431218646));
#4704=CARTESIAN_POINT('Ctrl Pts',(8.22082882182347,-295.825225338753,33.6339417646607));
#4705=CARTESIAN_POINT('Ctrl Pts',(8.48333025121537,-295.931957796899,37.4373851890975));
#4706=CARTESIAN_POINT('Ctrl Pts',(6.67144054771216,-296.052030693935,41.333269283129));
#4707=CARTESIAN_POINT('Ctrl Pts',(3.20874908649789,-296.172104857746,43.8702603947746));
#4708=CARTESIAN_POINT('Ctrl Pts',(-0.695946633531046,-296.28217123971,44.378641155013));
#4709=CARTESIAN_POINT('Ctrl Pts',(-4.05225394589412,-296.382232443041,43.2953993434835));
#4710=CARTESIAN_POINT('Ctrl Pts',(-7.33570980973019,-296.502305344055,40.6154665903556));
#4711=CARTESIAN_POINT('Ctrl Pts',(-9.08322620381076,-296.652397627747,35.318326828986));
#4712=CARTESIAN_POINT('Ctrl Pts',(-6.24259639274253,-296.832507774057,29.2419157685941));
#4713=CARTESIAN_POINT('Ctrl Pts',(-0.0169566880937674,-297.01261761684,
26.7637593487939));
#4714=CARTESIAN_POINT('Ctrl Pts',(6.2185831792081,-297.1927286129,29.2203460073152));
#4715=CARTESIAN_POINT('Ctrl Pts',(9.08052603134889,-297.372836877331,35.2809969501331));
#4716=CARTESIAN_POINT('Ctrl Pts',(7.01064486754016,-297.552951394734,41.6579606834225));
#4717=CARTESIAN_POINT('Ctrl Pts',(3.10038975555316,-297.673016820614,43.8062616098721));
#4718=CARTESIAN_POINT('Ctrl Pts',(1.03672476923158,-297.733055777871,44.0669884142225));
#4719=CARTESIAN_POINT('Ctrl Pts',(-8.25729971227649,-287.611986479003,35.554393037618));
#4720=CARTESIAN_POINT('Ctrl Pts',(-8.18012799608873,-287.672022524723,33.4778633747516));
#4721=CARTESIAN_POINT('Ctrl Pts',(-6.3879037430877,-287.792095633567,29.3964334564583));
#4722=CARTESIAN_POINT('Ctrl Pts',(-0.224020789923834,-287.972205394345,
26.7742385301499));
#4723=CARTESIAN_POINT('Ctrl Pts',(6.05807793186923,-288.152315965089,29.0854985849685));
#4724=CARTESIAN_POINT('Ctrl Pts',(9.05702394810869,-288.332425344353,35.0765182663813));
#4725=CARTESIAN_POINT('Ctrl Pts',(7.45247503398174,-288.482519485492,40.4158278969463));
#4726=CARTESIAN_POINT('Ctrl Pts',(4.24461360509425,-288.602590923565,43.1760258676884));
#4727=CARTESIAN_POINT('Ctrl Pts',(0.257428810753158,-288.722662991695,44.5913858253002));
#4728=CARTESIAN_POINT('Ctrl Pts',(-5.17713840959062,-288.872756088025,43.3356283119144));
#4729=CARTESIAN_POINT('Ctrl Pts',(-8.74668324124767,-289.046196995731,37.9655297510014));
#4730=CARTESIAN_POINT('Ctrl Pts',(-7.97895649527159,-289.212963536747,31.9068183257787));
#4731=CARTESIAN_POINT('Ctrl Pts',(-3.79658837486935,-289.373059965938,27.8004726900582));
#4732=CARTESIAN_POINT('Ctrl Pts',(1.54864769771408,-289.5198190349,27.2405934247641));
#4733=CARTESIAN_POINT('Ctrl Pts',(5.77002131458808,-289.653232224313,29.4607020516371));
#4734=CARTESIAN_POINT('Ctrl Pts',(8.14355828784918,-289.773307387834,33.0319042339065));
#4735=CARTESIAN_POINT('Ctrl Pts',(8.49655798117066,-289.893378630421,37.3083344655759));
#4736=CARTESIAN_POINT('Ctrl Pts',(6.74752680395131,-290.01345218771,41.2244009267288));
#4737=CARTESIAN_POINT('Ctrl Pts',(3.32657100716987,-290.133525827509,43.8131590010349));
#4738=CARTESIAN_POINT('Ctrl Pts',(-0.918264041725222,-290.2535994245,44.4316762770507));
#4739=CARTESIAN_POINT('Ctrl Pts',(-4.93576469827901,-290.3736726546,42.927928209622));
#4740=CARTESIAN_POINT('Ctrl Pts',(-7.73065058651205,-290.493745877062,39.6732236764644));
#4741=CARTESIAN_POINT('Ctrl Pts',(-8.611054452046,-290.613819326883,35.4756290728606));
#4742=CARTESIAN_POINT('Ctrl Pts',(-7.35808397746819,-290.733893136187,31.3706941611379));
#4743=CARTESIAN_POINT('Ctrl Pts',(-4.2837937304248,-290.853965674954,28.3839799132085));
#4744=CARTESIAN_POINT('Ctrl Pts',(0.313808798829308,-290.987382172119,27.1076812739281));
#4745=CARTESIAN_POINT('Ctrl Pts',(5.41401046124644,-291.134134838016,28.79059994868));
#4746=CARTESIAN_POINT('Ctrl Pts',(8.64087376593528,-291.294236302534,33.683255675505));
#4747=CARTESIAN_POINT('Ctrl Pts',(8.12117774399293,-291.45433410935,39.5321343830392));
#4748=CARTESIAN_POINT('Ctrl Pts',(4.75522175805503,-291.587746891307,43.0630508486824));
#4749=CARTESIAN_POINT('Ctrl Pts',(0.734801296548923,-291.70782017955,44.3388598659472));
#4750=CARTESIAN_POINT('Ctrl Pts',(-3.0523649765884,-291.814552805184,43.9235978609237));
#4751=CARTESIAN_POINT('Ctrl Pts',(-6.56009644111677,-291.93462605589,41.4518585479023));
#4752=CARTESIAN_POINT('Ctrl Pts',(-8.44429588914581,-292.054699268554,37.5966045218089));
#4753=CARTESIAN_POINT('Ctrl Pts',(-8.253870051317,-292.161430438906,33.7915408409287));
#4754=CARTESIAN_POINT('Ctrl Pts',(-6.35668699970893,-292.281504275255,30.0242474637137));
#4755=CARTESIAN_POINT('Ctrl Pts',(-2.33662318771161,-292.414919856011,27.2607296973948));
#4756=CARTESIAN_POINT('Ctrl Pts',(3.52067869851706,-292.575019352953,27.6751082364209));
#4757=CARTESIAN_POINT('Ctrl Pts',(7.83963267217123,-292.735112688994,31.6368147841151));
#4758=CARTESIAN_POINT('Ctrl Pts',(8.69259164099899,-292.881872618461,36.9395102938386));
#4759=CARTESIAN_POINT('Ctrl Pts',(6.70344535982,-293.0152859784,41.2765186112833));
#4760=CARTESIAN_POINT('Ctrl Pts',(3.26698654105679,-293.135359785877,43.838309478278));
#4761=CARTESIAN_POINT('Ctrl Pts',(-0.984652279560309,-293.255432819554,
44.4245787648286));
#4762=CARTESIAN_POINT('Ctrl Pts',(-4.9895765863612,-293.375506041694,42.8894956731821));
#4763=CARTESIAN_POINT('Ctrl Pts',(-7.75982856807389,-293.495579462154,39.6144556698407));
#4764=CARTESIAN_POINT('Ctrl Pts',(-8.60781287060745,-293.615653276454,35.4080254480564));
#4765=CARTESIAN_POINT('Ctrl Pts',(-7.3233170687207,-293.735725843536,31.3178269659484));
#4766=CARTESIAN_POINT('Ctrl Pts',(-3.8824953170971,-293.869142234218,28.0140018310034));
#4767=CARTESIAN_POINT('Ctrl Pts',(1.40061955861841,-294.015895192443,27.0646508084522));
#4768=CARTESIAN_POINT('Ctrl Pts',(6.5731163598498,-294.175995598661,29.8392915658019));
#4769=CARTESIAN_POINT('Ctrl Pts',(8.68708624409004,-294.322752620125,34.7781549408465));
#4770=CARTESIAN_POINT('Ctrl Pts',(7.82699830343438,-294.456165677627,39.4668282278293));
#4771=CARTESIAN_POINT('Ctrl Pts',(5.12106662125989,-294.576239061198,42.7956704590602));
#4772=CARTESIAN_POINT('Ctrl Pts',(1.14638796889775,-294.696312603454,44.4017639333106));
#4773=CARTESIAN_POINT('Ctrl Pts',(-3.82982212645561,-294.836398576263,43.8221524258752));
#4774=CARTESIAN_POINT('Ctrl Pts',(-8.19739984705009,-294.996496644796,39.7925900432638));
#4775=CARTESIAN_POINT('Ctrl Pts',(-8.66277498311779,-295.176607004469,33.1022615016456));
#4776=CARTESIAN_POINT('Ctrl Pts',(-5.12895963585151,-295.326696413428,28.7931471617942));
#4777=CARTESIAN_POINT('Ctrl Pts',(-1.10762621782978,-295.446771293254,27.4763243023322));
#4778=CARTESIAN_POINT('Ctrl Pts',(2.88662047722322,-295.56017417084,27.6910344933682));
#4779=CARTESIAN_POINT('Ctrl Pts',(6.24547087370209,-295.670240790342,29.9053340830302));
#4780=CARTESIAN_POINT('Ctrl Pts',(8.21318531359359,-295.790313790344,33.6370709645807));
#4781=CARTESIAN_POINT('Ctrl Pts',(8.47497871322025,-295.897046248491,37.4368916454686));
#4782=CARTESIAN_POINT('Ctrl Pts',(6.66436337022468,-296.017119145526,41.3288039979084));
#4783=CARTESIAN_POINT('Ctrl Pts',(3.20469789997306,-296.137193309337,43.8629408561074));
#4784=CARTESIAN_POINT('Ctrl Pts',(-0.696302893686053,-296.247259691301,
44.3703616307264));
#4785=CARTESIAN_POINT('Ctrl Pts',(-4.04924912769206,-296.347320894632,43.2877592720229));
#4786=CARTESIAN_POINT('Ctrl Pts',(-7.3292211557633,-296.467393795646,40.6100120151537));
#4787=CARTESIAN_POINT('Ctrl Pts',(-9.07442127638643,-296.617486079338,35.3177558251079));
#4788=CARTESIAN_POINT('Ctrl Pts',(-6.23579273956526,-296.797596225648,29.2475342509028));
#4789=CARTESIAN_POINT('Ctrl Pts',(-0.0158460576342911,-296.977706068431,
26.7725110808055));
#4790=CARTESIAN_POINT('Ctrl Pts',(6.2133991301099,-297.157817064491,29.227484119269));
#4791=CARTESIAN_POINT('Ctrl Pts',(9.0718573021942,-297.337925328922,35.28264858963));
#4792=CARTESIAN_POINT('Ctrl Pts',(7.00320355772036,-297.518039846325,41.6532259663091));
#4793=CARTESIAN_POINT('Ctrl Pts',(3.09644632340417,-297.638105272205,43.7989942868225));
#4794=CARTESIAN_POINT('Ctrl Pts',(1.03474032702875,-297.698144229462,44.0592213379835));
#4795=CARTESIAN_POINT('Ctrl Pts',(-8.25728383433564,-287.597030271469,35.5539663891041));
#4796=CARTESIAN_POINT('Ctrl Pts',(-8.18000477185697,-287.657066317188,33.477437860093));
#4797=CARTESIAN_POINT('Ctrl Pts',(-6.38757141448342,-287.777139426032,29.3961028547177));
#4798=CARTESIAN_POINT('Ctrl Pts',(-0.223551113215897,-287.95724918681,26.7742243322287));
#4799=CARTESIAN_POINT('Ctrl Pts',(6.05842946466239,-288.137359757555,29.0858100017327));
#4800=CARTESIAN_POINT('Ctrl Pts',(9.05706649851073,-288.317469136818,35.076986167228));
#4801=CARTESIAN_POINT('Ctrl Pts',(7.45224230662131,-288.467563277958,40.4162126277434));
#4802=CARTESIAN_POINT('Ctrl Pts',(4.24423648833469,-288.58763471603,43.1762465379479));
#4803=CARTESIAN_POINT('Ctrl Pts',(0.256976159979777,-288.70770678416,44.5914013217161));
#4804=CARTESIAN_POINT('Ctrl Pts',(-5.17752541434101,-288.857799880491,43.3353625377695));
#4805=CARTESIAN_POINT('Ctrl Pts',(-8.74679436256963,-289.031240788196,37.965078865908));
#4806=CARTESIAN_POINT('Ctrl Pts',(-7.97875416490928,-289.198007329213,31.9064060637205));
#4807=CARTESIAN_POINT('Ctrl Pts',(-3.79617271462254,-289.358103758403,27.8002746135411));
#4808=CARTESIAN_POINT('Ctrl Pts',(1.54909385743963,-289.504862827365,27.2406711929155));
#4809=CARTESIAN_POINT('Ctrl Pts',(5.77035311796982,-289.638276016779,29.4609988289011));
#4810=CARTESIAN_POINT('Ctrl Pts',(8.14370628644435,-289.7583511803,33.0323231822572));
#4811=CARTESIAN_POINT('Ctrl Pts',(8.49648470890926,-289.878422422886,37.3087745054059));
#4812=CARTESIAN_POINT('Ctrl Pts',(6.74725132043761,-289.998495980175,41.2247509501609));
#4813=CARTESIAN_POINT('Ctrl Pts',(3.32616088130071,-290.118569619975,43.8133328196249));
#4814=CARTESIAN_POINT('Ctrl Pts',(-0.918707041176163,-290.238643216966,
44.4316308677295));
#4815=CARTESIAN_POINT('Ctrl Pts',(-4.93613096536574,-290.358716447065,42.9276748854281));
#4816=CARTESIAN_POINT('Ctrl Pts',(-7.73084937221445,-290.478789669528,39.6728251589262));
#4817=CARTESIAN_POINT('Ctrl Pts',(-8.61103651808388,-290.598863119349,35.4751841185595));
#4818=CARTESIAN_POINT('Ctrl Pts',(-7.35785380975353,-290.718936928653,31.3703128760335));
#4819=CARTESIAN_POINT('Ctrl Pts',(-4.28340822709772,-290.839009467419,28.3837569349216));
#4820=CARTESIAN_POINT('Ctrl Pts',(0.31426059949992,-290.972425964585,27.1076949997547));
#4821=CARTESIAN_POINT('Ctrl Pts',(5.41437667308516,-291.119178630482,28.7908784705404));
#4822=CARTESIAN_POINT('Ctrl Pts',(8.64098922460638,-291.279280094999,33.6837026777287));
#4823=CARTESIAN_POINT('Ctrl Pts',(8.12099029148601,-291.439377901816,39.5325538748334));
#4824=CARTESIAN_POINT('Ctrl Pts',(4.75485182438099,-291.572790683772,43.0632970796875));
#4825=CARTESIAN_POINT('Ctrl Pts',(0.734361772013489,-291.692863972016,44.3388999795708));
#4826=CARTESIAN_POINT('Ctrl Pts',(-3.05278195493669,-291.79959659765,43.9234418108638));
#4827=CARTESIAN_POINT('Ctrl Pts',(-6.56038721906703,-291.919669848355,41.4515212869026));
#4828=CARTESIAN_POINT('Ctrl Pts',(-8.44438725315818,-292.039743061019,37.5961684080426));
#4829=CARTESIAN_POINT('Ctrl Pts',(-8.25376542334737,-292.146474231371,33.7911155890941));
#4830=CARTESIAN_POINT('Ctrl Pts',(-6.35638566725061,-292.266548067721,30.0239167918854));
#4831=CARTESIAN_POINT('Ctrl Pts',(-2.33617841016004,-292.399963648476,27.2606067786772));
#4832=CARTESIAN_POINT('Ctrl Pts',(3.5211014982733,-292.560063145419,27.6752871815903));
#4833=CARTESIAN_POINT('Ctrl Pts',(7.83985226051625,-292.720156481459,31.6372191320592));
#4834=CARTESIAN_POINT('Ctrl Pts',(8.69253833896891,-292.866916410926,36.9399602247702));
#4835=CARTESIAN_POINT('Ctrl Pts',(6.7031670797849,-293.000329770866,41.2768660107095));
#4836=CARTESIAN_POINT('Ctrl Pts',(3.26657523732132,-293.120403578342,43.8384802561435));
#4837=CARTESIAN_POINT('Ctrl Pts',(-0.985094956507847,-293.24047661202,44.4245298711775));
#4838=CARTESIAN_POINT('Ctrl Pts',(-4.98994085589522,-293.360549834159,42.8892395509731));
#4839=CARTESIAN_POINT('Ctrl Pts',(-7.76002431592941,-293.48062325462,39.6140556532822));
#4840=CARTESIAN_POINT('Ctrl Pts',(-8.60779142441358,-293.600697068919,35.4075805323913));
#4841=CARTESIAN_POINT('Ctrl Pts',(-7.32308404688419,-293.720769636001,31.3174475864624));
#4842=CARTESIAN_POINT('Ctrl Pts',(-3.88209032726063,-293.854186026683,28.0137987589667));
#4843=CARTESIAN_POINT('Ctrl Pts',(1.40107338826023,-294.000938984908,27.064721551696));
#4844=CARTESIAN_POINT('Ctrl Pts',(6.57342966383041,-294.161039391126,29.8396294677682));
#4845=CARTESIAN_POINT('Ctrl Pts',(8.68714377223015,-294.30779641259,34.7786025112184));
#4846=CARTESIAN_POINT('Ctrl Pts',(7.82681345482109,-294.441209470093,39.4672341852453));
#4847=CARTESIAN_POINT('Ctrl Pts',(5.1207092381657,-294.561282853663,42.7959367928476));
#4848=CARTESIAN_POINT('Ctrl Pts',(1.14594684149697,-294.681356395919,44.4018252114443));
#4849=CARTESIAN_POINT('Ctrl Pts',(-3.83023534855665,-294.821442368728,43.8219560262822));
#4850=CARTESIAN_POINT('Ctrl Pts',(-8.1976049610585,-294.981540437261,39.7921676902946));
#4851=CARTESIAN_POINT('Ctrl Pts',(-8.66263432971937,-295.161650796935,33.1018130387659));
#4852=CARTESIAN_POINT('Ctrl Pts',(-5.12859717522904,-295.311740205893,28.7928814174014));
#4853=CARTESIAN_POINT('Ctrl Pts',(-1.1071934674685,-295.43181508572,27.4762653728811));
#4854=CARTESIAN_POINT('Ctrl Pts',(2.88704360322413,-295.545217963306,27.6911817331084));
#4855=CARTESIAN_POINT('Ctrl Pts',(6.24577859202282,-295.655284582808,29.9056545411863));
#4856=CARTESIAN_POINT('Ctrl Pts',(8.2133028385393,-295.775357582809,33.6374963435527));
#4857=CARTESIAN_POINT('Ctrl Pts',(8.47489880930378,-295.882090040956,37.4373287452734));
#4858=CARTESIAN_POINT('Ctrl Pts',(6.66408217459696,-296.002162937991,41.3291509969949));
#4859=CARTESIAN_POINT('Ctrl Pts',(3.20428523011235,-296.122237101802,43.8631079214327));
#4860=CARTESIAN_POINT('Ctrl Pts',(-0.696742145695347,-296.232303483766,
44.3703277499657));
#4861=CARTESIAN_POINT('Ctrl Pts',(-4.04963386920848,-296.332364687098,43.2875514248695));
#4862=CARTESIAN_POINT('Ctrl Pts',(-7.32946933650978,-296.452437588112,40.6096331463172));
#4863=CARTESIAN_POINT('Ctrl Pts',(-9.07439509832687,-296.602529871804,35.3172871072037));
#4864=CARTESIAN_POINT('Ctrl Pts',(-6.23545273166783,-296.782640018113,29.2472103448674));
#4865=CARTESIAN_POINT('Ctrl Pts',(-0.0153763166300248,-296.962749860897,
26.7725081283271));
#4866=CARTESIAN_POINT('Ctrl Pts',(6.21374306822619,-297.142860856956,29.2278036588999));
#4867=CARTESIAN_POINT('Ctrl Pts',(9.07188987593518,-297.322969121387,35.2831167973612));
#4868=CARTESIAN_POINT('Ctrl Pts',(7.00290498835067,-297.50308363879,41.6535894678722));
#4869=CARTESIAN_POINT('Ctrl Pts',(3.09603900797546,-297.623149064671,43.7991538467027));
#4870=CARTESIAN_POINT('Ctrl Pts',(1.03431674118731,-297.683188021927,44.0592747804604));
#4871=CARTESIAN_POINT('Ctrl Pts',(-8.26636915652756,-296.588128078798,35.8612746252853));
#4872=CARTESIAN_POINT('Ctrl Pts',(-8.26078991593578,-296.532891816269,37.7694516660169));
#4873=CARTESIAN_POINT('Ctrl Pts',(-7.19834095690852,-296.447637053115,40.7166967743778));
#4874=CARTESIAN_POINT('Ctrl Pts',(-4.04963386920848,-296.332364687098,43.2875514248695));
#4875=CARTESIAN_POINT('Ctrl Pts',(-0.696742145695347,-296.232303483766,
44.3703277499657));
#4876=CARTESIAN_POINT('Ctrl Pts',(3.20428523011235,-296.122237101802,43.8631079214327));
#4877=CARTESIAN_POINT('Ctrl Pts',(6.66408217459696,-296.002162937991,41.3291509969949));
#4878=CARTESIAN_POINT('Ctrl Pts',(8.47489880930378,-295.882090040956,37.4373287452734));
#4879=CARTESIAN_POINT('Ctrl Pts',(8.2133028385393,-295.775357582809,33.6374963435527));
#4880=CARTESIAN_POINT('Ctrl Pts',(6.24577859202282,-295.655284582808,29.9056545411863));
#4881=CARTESIAN_POINT('Ctrl Pts',(2.88704360322413,-295.545217963306,27.6911817331084));
#4882=CARTESIAN_POINT('Ctrl Pts',(-1.1071934674685,-295.43181508572,27.4762653728811));
#4883=CARTESIAN_POINT('Ctrl Pts',(-5.12859717522904,-295.311740205893,28.7928814174014));
#4884=CARTESIAN_POINT('Ctrl Pts',(-7.82614728803223,-295.197176129635,32.0819127640312));
#4885=CARTESIAN_POINT('Ctrl Pts',(-8.26143625991049,-295.112628920783,35.0114501501769));
#4886=CARTESIAN_POINT('Ctrl Pts',(-8.25982209626657,-295.088118145746,35.8612584451457));
#4887=CARTESIAN_POINT('',(-8.30735530308124,-287.683605716034,35.5545760704323));
#4888=CARTESIAN_POINT('Ctrl Pts',(-7.61122660994904,-287.683605716034,32.6446835928435));
#4889=CARTESIAN_POINT('Ctrl Pts',(-7.83650474291989,-287.683605716034,33.1777472678458));
#4890=CARTESIAN_POINT('Ctrl Pts',(-8.00776826660172,-287.68360571615,33.7278960833873));
#4891=CARTESIAN_POINT('Ctrl Pts',(-8.23415558768467,-287.68360571615,34.8061849860682));
#4892=CARTESIAN_POINT('Ctrl Pts',(-8.27993619017668,-287.683605716034,35.2387508474047));
#4893=CARTESIAN_POINT('Ctrl Pts',(-8.30735530308135,-287.683605716034,35.5545760704335));
#4894=CARTESIAN_POINT('Ctrl Pts',(-8.30735530308131,-287.683605716034,35.5545760704335));
#4895=CARTESIAN_POINT('Ctrl Pts',(-8.23022956228803,-287.743641761754,33.4654556485644));
#4896=CARTESIAN_POINT('Ctrl Pts',(-6.42816769126656,-287.863714870598,29.3588810985434));
#4897=CARTESIAN_POINT('Ctrl Pts',(-0.227622090393117,-288.043824631376,
26.7192892955385));
#4898=CARTESIAN_POINT('Ctrl Pts',(6.09307333988098,-288.22393520212,29.042987597922));
#4899=CARTESIAN_POINT('Ctrl Pts',(9.11165239576493,-288.404044581383,35.0695301889166));
#4900=CARTESIAN_POINT('Ctrl Pts',(7.49871147458313,-288.554138722523,40.4415538271079));
#4901=CARTESIAN_POINT('Ctrl Pts',(4.27211379598589,-288.674210160596,43.2192531193009));
#4902=CARTESIAN_POINT('Ctrl Pts',(0.261142703920889,-288.794282228726,44.6441660914086));
#4903=CARTESIAN_POINT('Ctrl Pts',(-5.20662840850723,-288.944375325056,43.3821501971239));
#4904=CARTESIAN_POINT('Ctrl Pts',(-8.79910758604223,-289.117816232762,37.980428900106));
#4905=CARTESIAN_POINT('Ctrl Pts',(-8.0282307134685,-289.284582773778,31.8848545429861));
#4906=CARTESIAN_POINT('Ctrl Pts',(-3.82156111518195,-289.444679202969,27.7526185840289));
#4907=CARTESIAN_POINT('Ctrl Pts',(1.5558918288668,-289.591438271931,27.1880292727197));
#4908=CARTESIAN_POINT('Ctrl Pts',(5.80336554556445,-289.724851461344,29.4205335237474));
#4909=CARTESIAN_POINT('Ctrl Pts',(8.19215226695015,-289.844926624865,33.0127644796397));
#4910=CARTESIAN_POINT('Ctrl Pts',(8.54834503782583,-289.964997867452,37.3149947265543));
#4911=CARTESIAN_POINT('Ctrl Pts',(6.78969515820824,-290.08507142474,41.2551969154504));
#4912=CARTESIAN_POINT('Ctrl Pts',(3.34867182341016,-290.20514506454,43.8604701368083));
#4913=CARTESIAN_POINT('Ctrl Pts',(-0.921704440256054,-290.325218661531,
44.4837802199643));
#4914=CARTESIAN_POINT('Ctrl Pts',(-4.9638947875361,-290.445291891631,42.971922699977));
#4915=CARTESIAN_POINT('Ctrl Pts',(-7.77650252483501,-290.565365114093,39.6982079509841));
#4916=CARTESIAN_POINT('Ctrl Pts',(-8.66327273873839,-290.685438563914,35.4754227527575));
#4917=CARTESIAN_POINT('Ctrl Pts',(-7.4037325241339,-290.805512373218,31.3453307919222));
#4918=CARTESIAN_POINT('Ctrl Pts',(-4.31157124361897,-290.925584911985,28.3397783267685));
#4919=CARTESIAN_POINT('Ctrl Pts',(0.313544619348702,-291.05900140915,27.0546175333507));
#4920=CARTESIAN_POINT('Ctrl Pts',(5.4450340237326,-291.205754075047,28.7464635414866));
#4921=CARTESIAN_POINT('Ctrl Pts',(8.69263997451885,-291.365855539564,33.6679379008258));
#4922=CARTESIAN_POINT('Ctrl Pts',(8.17124295057445,-291.525953346381,39.5523464605411));
#4923=CARTESIAN_POINT('Ctrl Pts',(4.78578599411548,-291.659366128338,43.1054672808549));
#4924=CARTESIAN_POINT('Ctrl Pts',(0.741342306693105,-291.779439416581,44.3899936304075));
#4925=CARTESIAN_POINT('Ctrl Pts',(-3.068848444897,-291.886172042215,43.9731534912671));
#4926=CARTESIAN_POINT('Ctrl Pts',(-6.59842382118207,-292.00624529292,41.4873200658615));
#4927=CARTESIAN_POINT('Ctrl Pts',(-8.49498041017514,-292.126318505585,37.6091950589675));
#4928=CARTESIAN_POINT('Ctrl Pts',(-8.3043428522721,-292.233049675937,33.7810540624872));
#4929=CARTESIAN_POINT('Ctrl Pts',(-6.39660540866957,-292.353123512286,29.9904857305993));
#4930=CARTESIAN_POINT('Ctrl Pts',(-2.35289119102973,-292.486539093042,27.2092475820803));
#4931=CARTESIAN_POINT('Ctrl Pts',(3.53996559714875,-292.646638589984,27.6246860845051));
#4932=CARTESIAN_POINT('Ctrl Pts',(7.88604181227417,-292.806731926025,31.6093070461995));
#4933=CARTESIAN_POINT('Ctrl Pts',(8.74547502843948,-292.953491855492,36.9438894543684));
#4934=CARTESIAN_POINT('Ctrl Pts',(6.74535967240747,-293.086905215431,41.3076406025065));
#4935=CARTESIAN_POINT('Ctrl Pts',(3.2887330418044,-293.206979022908,43.8857876069852));
#4936=CARTESIAN_POINT('Ctrl Pts',(-0.988496311176281,-293.327052056585,
44.4766560987738));
#4937=CARTESIAN_POINT('Ctrl Pts',(-5.01804187346499,-293.447125278725,42.9332708188964));
#4938=CARTESIAN_POINT('Ctrl Pts',(-7.80587163573923,-293.567198699185,39.6390914522222));
#4939=CARTESIAN_POINT('Ctrl Pts',(-8.6600282229766,-293.687272513484,35.407409006081));
#4940=CARTESIAN_POINT('Ctrl Pts',(-7.36876811902945,-293.807345080566,31.2921351207644));
#4941=CARTESIAN_POINT('Ctrl Pts',(-3.90793490501434,-293.940761471248,27.9674608424024));
#4942=CARTESIAN_POINT('Ctrl Pts',(1.40692279841017,-294.087514429474,27.0110589181669));
#4943=CARTESIAN_POINT('Ctrl Pts',(6.61141618629423,-294.247614835691,29.8012157376062));
#4944=CARTESIAN_POINT('Ctrl Pts',(8.73940136255572,-294.394371857156,34.7694511223092));
#4945=CARTESIAN_POINT('Ctrl Pts',(7.87526598831511,-294.527784914658,39.4867193912001));
#4946=CARTESIAN_POINT('Ctrl Pts',(5.15377789830736,-294.647858298229,42.8363792944775));
#4947=CARTESIAN_POINT('Ctrl Pts',(1.15543743231095,-294.767931840484,44.4531766329156));
#4948=CARTESIAN_POINT('Ctrl Pts',(-3.85103794988294,-294.908017813294,43.8712859660043));
#4949=CARTESIAN_POINT('Ctrl Pts',(-8.2460475900506,-295.068115881827,39.8184124402865));
#4950=CARTESIAN_POINT('Ctrl Pts',(-8.71589271951017,-295.2482262415,33.0877016023548));
#4951=CARTESIAN_POINT('Ctrl Pts',(-5.16175357185102,-295.398315650459,28.7516319415942));
#4952=CARTESIAN_POINT('Ctrl Pts',(-1.11640296562171,-295.518390530285,27.4258439304197));
#4953=CARTESIAN_POINT('Ctrl Pts',(2.90207464039138,-295.631793407871,27.6408664846026));
#4954=CARTESIAN_POINT('Ctrl Pts',(6.28180166086932,-295.741860027373,29.8677384446977));
#4955=CARTESIAN_POINT('Ctrl Pts',(8.26235107502707,-295.861933027375,33.6215798076878));
#4956=CARTESIAN_POINT('Ctrl Pts',(8.5266669331019,-295.968665485521,37.4443335336953));
#4957=CARTESIAN_POINT('Ctrl Pts',(6.70605383279418,-296.088738382556,41.3602537485569));
#4958=CARTESIAN_POINT('Ctrl Pts',(3.2260733725819,-296.208812546367,43.9105829687257));
#4959=CARTESIAN_POINT('Ctrl Pts',(-0.698414374480287,-296.318878928332,
44.4220396595033));
#4960=CARTESIAN_POINT('Ctrl Pts',(-4.07192427913463,-296.418940131663,43.3337123493881));
#4961=CARTESIAN_POINT('Ctrl Pts',(-7.37241282963536,-296.539013032677,40.640566185066));
#4962=CARTESIAN_POINT('Ctrl Pts',(-9.12948315440354,-296.689105316369,35.3167086121691));
#4963=CARTESIAN_POINT('Ctrl Pts',(-6.27517279958923,-296.869215462679,29.209041876815));
#4964=CARTESIAN_POINT('Ctrl Pts',(-0.0181877699763063,-297.049325305462,
26.7175004401972));
#4965=CARTESIAN_POINT('Ctrl Pts',(6.24936949249348,-297.229436301522,29.1857942588506));
#4966=CARTESIAN_POINT('Ctrl Pts',(9.12662714812695,-297.409544565953,35.2769040497181));
#4967=CARTESIAN_POINT('Ctrl Pts',(7.38000764452257,-297.560819392445,40.6602501247334));
#4968=CARTESIAN_POINT('Ctrl Pts',(4.85816870541825,-297.652049742578,42.6869288043634));
#4969=CARTESIAN_POINT('Ctrl Pts',(3.89802304193048,-297.683246590631,43.196704175322));
#4970=CARTESIAN_POINT('Ctrl Pts',(3.90092677015462,-297.683188021927,43.2021768378777));
#4971=CARTESIAN_POINT('Ctrl Pts',(5.81450138349656,-297.620957018106,42.1853120392377));
#4972=CARTESIAN_POINT('Ctrl Pts',(8.79549836209339,-297.496495010463,38.5878929900987));
#4973=CARTESIAN_POINT('Ctrl Pts',(8.16249068420882,-297.309801999,31.5933024265731));
#4974=CARTESIAN_POINT('Ctrl Pts',(2.7837422848352,-297.123108987537,27.0831313953641));
#4975=CARTESIAN_POINT('Ctrl Pts',(-4.21149812617083,-296.936415976073,27.6702194741909));
#4976=CARTESIAN_POINT('Ctrl Pts',(-8.75919632701149,-296.749722964609,33.0188641630984));
#4977=CARTESIAN_POINT('Ctrl Pts',(-8.22019116632134,-296.563029953146,40.0154876227705));
#4978=CARTESIAN_POINT('Ctrl Pts',(-2.8992450689838,-296.376336941682,44.6049676478287));
#4979=CARTESIAN_POINT('Ctrl Pts',(3.31585494928222,-296.21038759816,44.1557462580813));
#4980=CARTESIAN_POINT('Ctrl Pts',(7.23641749647804,-296.065181922577,40.683447352979));
#4981=CARTESIAN_POINT('Ctrl Pts',(8.68107124660711,-295.940719914935,36.4420159499754));
#4982=CARTESIAN_POINT('Ctrl Pts',(7.81382875198595,-295.816257907292,32.0424497420273));
#4983=CARTESIAN_POINT('Ctrl Pts',(4.55196330500613,-295.67796678769,28.2754185221745));
#4984=CARTESIAN_POINT('Ctrl Pts',(-0.90282554115994,-295.525846556127,26.8937459193157));
#4985=CARTESIAN_POINT('Ctrl Pts',(-5.04919691613999,-295.401384548485,28.8888449999438));
#4986=CARTESIAN_POINT('Ctrl Pts',(-7.5023788724827,-295.290751652802,31.8797447293641));
#4987=CARTESIAN_POINT('Ctrl Pts',(-8.67544676702093,-295.193947869081,35.1608554194454));
#4988=CARTESIAN_POINT('Ctrl Pts',(-7.86478532841548,-295.069485861438,39.5754902461373));
#4989=CARTESIAN_POINT('Ctrl Pts',(-4.97264634289262,-294.945023853796,43.001290502322));
#4990=CARTESIAN_POINT('Ctrl Pts',(-0.756995193209372,-294.820561846154,
44.5237506176266));
#4991=CARTESIAN_POINT('Ctrl Pts',(4.40166247911083,-294.675356170571,43.634673310425));
#4992=CARTESIAN_POINT('Ctrl Pts',(8.64168161864732,-294.509406827048,39.0582105635074));
#4993=CARTESIAN_POINT('Ctrl Pts',(8.40119580942934,-294.343457483525,32.8271495320596));
#4994=CARTESIAN_POINT('Ctrl Pts',(5.06381308993415,-294.198251807942,28.7898825888925));
#4995=CARTESIAN_POINT('Ctrl Pts',(0.87621589613017,-294.0737898003,27.2092731096158));
#4996=CARTESIAN_POINT('Ctrl Pts',(-4.29907647307013,-293.928584124717,28.0310725723028));
#4997=CARTESIAN_POINT('Ctrl Pts',(-8.59314678763409,-293.762634781194,32.5438065109309));
#4998=CARTESIAN_POINT('Ctrl Pts',(-8.43143888010331,-293.57594176973,39.5690733819772));
#4999=CARTESIAN_POINT('Ctrl Pts',(-3.37056192397594,-293.389248758267,44.4309579410388));
#5000=CARTESIAN_POINT('Ctrl Pts',(3.64822984508897,-293.202555746803,44.3178669782772));
#5001=CARTESIAN_POINT('Ctrl Pts',(8.54812541144432,-293.01586273534,39.2898303869464));
#5002=CARTESIAN_POINT('Ctrl Pts',(8.47984503748221,-292.829169723877,32.2696196059719));
#5003=CARTESIAN_POINT('Ctrl Pts',(3.48790927064955,-292.642476712413,27.3379916369507));
#5004=CARTESIAN_POINT('Ctrl Pts',(-3.53811579500322,-292.45578370095,27.3533939018709));
#5005=CARTESIAN_POINT('Ctrl Pts',(-8.49682279324215,-292.269090689486,32.3191731932421));
#5006=CARTESIAN_POINT('Ctrl Pts',(-8.53026858818977,-292.082397678023,39.3360796222328));
#5007=CARTESIAN_POINT('Ctrl Pts',(-3.5972646474998,-291.895704666559,44.3408840238171));
#5008=CARTESIAN_POINT('Ctrl Pts',(2.63116850884427,-291.729755323036,44.3977673174768));
#5009=CARTESIAN_POINT('Ctrl Pts',(6.82435786368859,-291.584549647453,41.2529356232443));
#5010=CARTESIAN_POINT('Ctrl Pts',(8.40144827254652,-291.473916751771,37.6020669045261));
#5011=CARTESIAN_POINT('Ctrl Pts',(8.29330301669785,-291.349454744129,33.1977844233071));
#5012=CARTESIAN_POINT('Ctrl Pts',(5.64585479814552,-291.211163624526,28.8310525695081));
#5013=CARTESIAN_POINT('Ctrl Pts',(-0.175887795026634,-291.045214281003,
26.846803719928));
#5014=CARTESIAN_POINT('Ctrl Pts',(-5.90264417869518,-290.87926493748,29.0547095764467));
#5015=CARTESIAN_POINT('Ctrl Pts',(-8.64517279067171,-290.727144705917,33.9643659268087));
#5016=CARTESIAN_POINT('Ctrl Pts',(-8.13833728999569,-290.588853586315,38.9269467522566));
#5017=CARTESIAN_POINT('Ctrl Pts',(-5.53531007528461,-290.464391578672,42.5728290486742));
#5018=CARTESIAN_POINT('Ctrl Pts',(-1.45482742837622,-290.33992957103,44.4380301121744));
#5019=CARTESIAN_POINT('Ctrl Pts',(3.00898298401357,-290.215467563388,44.0231671391735));
#5020=CARTESIAN_POINT('Ctrl Pts',(6.67479455145941,-290.091005555746,41.4402457549002));
#5021=CARTESIAN_POINT('Ctrl Pts',(8.56632437399652,-289.966543548103,37.3747233816928));
#5022=CARTESIAN_POINT('Ctrl Pts',(8.18233192924454,-289.842081540461,32.9072571047069));
#5023=CARTESIAN_POINT('Ctrl Pts',(5.62356376656846,-289.717619532819,29.2246136154211));
#5024=CARTESIAN_POINT('Ctrl Pts',(1.57173885595087,-289.593157525176,27.3059848172197));
#5025=CARTESIAN_POINT('Ctrl Pts',(-2.89990606063242,-289.468695517534,27.6581212449894));
#5026=CARTESIAN_POINT('Ctrl Pts',(-6.5959021576546,-289.344233509892,30.193017934788));
#5027=CARTESIAN_POINT('Ctrl Pts',(-8.77042568861805,-289.205942390289,34.6805711979925));
#5028=CARTESIAN_POINT('Ctrl Pts',(-7.88260549922615,-289.053822158726,40.2354691871502));
#5029=CARTESIAN_POINT('Ctrl Pts',(-3.2468461145856,-288.887872815203,44.2673972021884));
#5030=CARTESIAN_POINT('Ctrl Pts',(1.41409007644706,-288.761682168566,44.3639202454235));
#5031=CARTESIAN_POINT('Ctrl Pts',(4.16969188514697,-288.675250218814,43.1139256622244));
#5032=CARTESIAN_POINT('Ctrl Pts',(5.94071524315708,-288.613019214993,41.8508932175536));
#5033=CARTESIAN_POINT('Ctrl Pts',(8.32042334378656,-288.504114958306,38.7977710424023));
#5034=CARTESIAN_POINT('Ctrl Pts',(8.74591454000513,-288.348537448753,32.9726318808249));
#5035=CARTESIAN_POINT('Ctrl Pts',(4.16461964549254,-288.16184443729,27.6458266503588));
#5036=CARTESIAN_POINT('Ctrl Pts',(-2.8327283205888,-287.975151425826,27.0988153139579));
#5037=CARTESIAN_POINT('Ctrl Pts',(-8.18503211850948,-287.788458414363,31.6399834330039));
#5038=CARTESIAN_POINT('Ctrl Pts',(-8.78346051829654,-287.601765402899,38.6347268446892));
#5039=CARTESIAN_POINT('Ctrl Pts',(-4.27347405402685,-287.415072391436,44.0179018828326));
#5040=CARTESIAN_POINT('Ctrl Pts',(0.379180383197073,-287.290610383793,44.4437017935763));
#5041=CARTESIAN_POINT('Ctrl Pts',(2.44991435299276,-287.228379379972,43.8050762022678));
#5042=CARTESIAN_POINT('Ctrl Pts',(4.02440055787949,-297.834929915478,43.4341965102047));
#5043=CARTESIAN_POINT('Ctrl Pts',(5.99845634832793,-297.772698911657,42.3851454787583));
#5044=CARTESIAN_POINT('Ctrl Pts',(9.07363345203571,-297.648236904014,38.6739316760233));
#5045=CARTESIAN_POINT('Ctrl Pts',(8.42047883445966,-297.461543892551,31.4582085589349));
#5046=CARTESIAN_POINT('Ctrl Pts',(2.87158707066911,-297.274850881087,26.8055442155353));
#5047=CARTESIAN_POINT('Ctrl Pts',(-4.34480731695811,-297.088157869624,27.4113274300419));
#5048=CARTESIAN_POINT('Ctrl Pts',(-9.03618588236792,-296.90146485816,32.9291644238343));
#5049=CARTESIAN_POINT('Ctrl Pts',(-8.48000577456199,-296.714771846697,40.1469865047961));
#5050=CARTESIAN_POINT('Ctrl Pts',(-2.99074230824143,-296.528078835233,44.8814684190653));
#5051=CARTESIAN_POINT('Ctrl Pts',(3.42084899018176,-296.362129491711,44.4179256411069));
#5052=CARTESIAN_POINT('Ctrl Pts',(7.46529984963328,-296.216923816128,40.8357699252616));
#5053=CARTESIAN_POINT('Ctrl Pts',(8.95554761196074,-296.092461808485,36.4602116496215));
#5054=CARTESIAN_POINT('Ctrl Pts',(8.06080199226418,-295.967999800843,31.9215630017932));
#5055=CARTESIAN_POINT('Ctrl Pts',(4.69573583792064,-295.829708681241,28.0354935819697));
#5056=CARTESIAN_POINT('Ctrl Pts',(-0.931540824436737,-295.677588449678,
26.6102413610195));
#5057=CARTESIAN_POINT('Ctrl Pts',(-5.20896798015214,-295.553126442035,28.6684976395861));
#5058=CARTESIAN_POINT('Ctrl Pts',(-7.73965396326479,-295.442493546353,31.7540060177353));
#5059=CARTESIAN_POINT('Ctrl Pts',(-8.9497475888316,-295.345689762631,35.138876396968));
#5060=CARTESIAN_POINT('Ctrl Pts',(-8.11337163297765,-295.221227754989,39.6930711611102));
#5061=CARTESIAN_POINT('Ctrl Pts',(-5.1297279158202,-295.096765747347,43.2271281346211));
#5062=CARTESIAN_POINT('Ctrl Pts',(-0.780763489772568,-294.972303739704,
44.7976427196526));
#5063=CARTESIAN_POINT('Ctrl Pts',(4.54097603803226,-294.827098064122,43.8803574665788));
#5064=CARTESIAN_POINT('Ctrl Pts',(8.9149625318948,-294.661148720599,39.1591219905421));
#5065=CARTESIAN_POINT('Ctrl Pts',(8.66675452199562,-294.495199377076,32.7310610660754));
#5066=CARTESIAN_POINT('Ctrl Pts',(5.22377834658551,-294.349993701493,28.5662134490403));
#5067=CARTESIAN_POINT('Ctrl Pts',(0.903753737083229,-294.225531693851,26.9357104823502));
#5068=CARTESIAN_POINT('Ctrl Pts',(-4.43514770289065,-294.080326018268,27.7835911177325));
#5069=CARTESIAN_POINT('Ctrl Pts',(-8.86489549681016,-293.914376674745,32.4390839330289));
#5070=CARTESIAN_POINT('Ctrl Pts',(-8.69794092295304,-293.727683663281,39.6864622280821));
#5071=CARTESIAN_POINT('Ctrl Pts',(-3.47696388301565,-293.540990651818,44.7019661218177));
#5072=CARTESIAN_POINT('Ctrl Pts',(3.76373551777151,-293.354297640354,44.5851657148669));
#5073=CARTESIAN_POINT('Ctrl Pts',(8.81845282084169,-293.167604628891,39.3980666126734));
#5074=CARTESIAN_POINT('Ctrl Pts',(8.74787973096833,-292.980911617427,32.1559024811404));
#5075=CARTESIAN_POINT('Ctrl Pts',(3.59802222987274,-292.794218605964,27.0684488178653));
#5076=CARTESIAN_POINT('Ctrl Pts',(-3.6501410213183,-292.6075255945,27.0844720892264));
#5077=CARTESIAN_POINT('Ctrl Pts',(-8.76553035927449,-292.420832583037,32.2073466531039));
#5078=CARTESIAN_POINT('Ctrl Pts',(-8.79989972771467,-292.234139571574,39.4461039011482));
#5079=CARTESIAN_POINT('Ctrl Pts',(-3.71083587657947,-292.04744656011,44.6090487057221));
#5080=CARTESIAN_POINT('Ctrl Pts',(2.71451976224285,-291.881497216587,44.6676116268348));
#5081=CARTESIAN_POINT('Ctrl Pts',(7.04022318891446,-291.736291541004,41.4232712953698));
#5082=CARTESIAN_POINT('Ctrl Pts',(8.66710606076814,-291.625658645322,37.6569447156563));
#5083=CARTESIAN_POINT('Ctrl Pts',(8.55545760847373,-291.50119663768,33.1134162003468));
#5084=CARTESIAN_POINT('Ctrl Pts',(5.82422297587845,-291.362905518077,28.6086739764669));
#5085=CARTESIAN_POINT('Ctrl Pts',(-0.181620728473498,-291.196956174554,
26.5618011447056));
#5086=CARTESIAN_POINT('Ctrl Pts',(-6.08939511496518,-291.031006831031,28.8396225581725));
#5087=CARTESIAN_POINT('Ctrl Pts',(-8.91853928085939,-290.878886599468,33.9045574896031));
#5088=CARTESIAN_POINT('Ctrl Pts',(-8.39558472972926,-290.740595479866,39.0240281958983));
#5089=CARTESIAN_POINT('Ctrl Pts',(-5.71018929192965,-290.616133472223,42.7851309530509));
#5090=CARTESIAN_POINT('Ctrl Pts',(-1.50066038931725,-290.491671464581,44.7092253429361));
#5091=CARTESIAN_POINT('Ctrl Pts',(3.10427227161856,-290.367209456939,44.2811606868389));
#5092=CARTESIAN_POINT('Ctrl Pts',(6.88593477791096,-290.242747449296,41.6165063754696));
#5093=CARTESIAN_POINT('Ctrl Pts',(8.83719063591935,-290.118285441654,37.4224102362203));
#5094=CARTESIAN_POINT('Ctrl Pts',(8.44097245705356,-289.993823434012,32.8137055360304));
#5095=CARTESIAN_POINT('Ctrl Pts',(5.80123468712856,-289.86936142637,29.0146784803608));
#5096=CARTESIAN_POINT('Ctrl Pts',(1.6212685590236,-289.744899418727,27.0354666106304));
#5097=CARTESIAN_POINT('Ctrl Pts',(-2.99174750202882,-289.620437411085,27.3988216737169));
#5098=CARTESIAN_POINT('Ctrl Pts',(-6.80454978423258,-289.495975403442,30.013933493998));
#5099=CARTESIAN_POINT('Ctrl Pts',(-9.0477385755866,-289.35768428384,34.6434090710665));
#5100=CARTESIAN_POINT('Ctrl Pts',(-8.13174262582886,-289.205564052277,40.3739166805252));
#5101=CARTESIAN_POINT('Ctrl Pts',(-3.34933973017639,-289.039614708754,44.5332318025878));
#5102=CARTESIAN_POINT('Ctrl Pts',(1.45896089648693,-288.913424062117,44.6327176457529));
#5103=CARTESIAN_POINT('Ctrl Pts',(4.30166140643986,-288.826992112365,43.3431500121171));
#5104=CARTESIAN_POINT('Ctrl Pts',(6.1286542697822,-288.764761108544,42.0401510879142));
#5105=CARTESIAN_POINT('Ctrl Pts',(8.58354222007187,-288.655856851857,38.8904544074878));
#5106=CARTESIAN_POINT('Ctrl Pts',(9.0223748371546,-288.500279342304,32.8811364832964));
#5107=CARTESIAN_POINT('Ctrl Pts',(4.29613370700471,-288.313586330841,27.3860035944637));
#5108=CARTESIAN_POINT('Ctrl Pts',(-2.92245650570052,-288.126893319377,26.8218311534509));
#5109=CARTESIAN_POINT('Ctrl Pts',(-8.44389490371977,-287.940200307913,31.5066773265431));
#5110=CARTESIAN_POINT('Ctrl Pts',(-9.06111008617341,-287.75350729645,38.7225816174505));
#5111=CARTESIAN_POINT('Ctrl Pts',(-4.40843083494668,-287.566814284986,44.2758678939318));
#5112=CARTESIAN_POINT('Ctrl Pts',(0.391332481014661,-287.442352277344,44.715041351729));
#5113=CARTESIAN_POINT('Ctrl Pts',(2.52752367566369,-287.380121273523,44.0561851380634));
#5114=CARTESIAN_POINT('Ctrl Pts',(4.14786763768348,-297.986672052477,43.6662195904859));
#5115=CARTESIAN_POINT('Ctrl Pts',(6.1824054920967,-297.924441048656,42.5849840717592));
#5116=CARTESIAN_POINT('Ctrl Pts',(9.35176592982624,-297.799979041013,38.759978274933));
#5117=CARTESIAN_POINT('Ctrl Pts',(8.67847070963393,-297.61328602955,31.3231221463788));
#5118=CARTESIAN_POINT('Ctrl Pts',(2.95943975202999,-297.426593018087,26.5279597003415));
#5119=CARTESIAN_POINT('Ctrl Pts',(-4.47810902738099,-297.239900006623,27.1524317118793));
#5120=CARTESIAN_POINT('Ctrl Pts',(-9.31317272052118,-297.053206995159,32.8394568073716));
#5121=CARTESIAN_POINT('Ctrl Pts',(-8.73982400440317,-296.866513983696,40.2784778810738));
#5122=CARTESIAN_POINT('Ctrl Pts',(-3.08224740978782,-296.679820972232,45.1579664217174));
#5123=CARTESIAN_POINT('Ctrl Pts',(3.52583547240844,-296.51387162871,44.6801078871573));
#5124=CARTESIAN_POINT('Ctrl Pts',(7.69417771987679,-296.368665953127,40.988098964207));
#5125=CARTESIAN_POINT('Ctrl Pts',(9.23002330745921,-296.244203945485,36.4784151935039));
#5126=CARTESIAN_POINT('Ctrl Pts',(8.30777855766943,-296.119741937842,31.8006833942606));
#5127=CARTESIAN_POINT('Ctrl Pts',(4.83951515700862,-295.98145081824,27.7955728863815));
#5128=CARTESIAN_POINT('Ctrl Pts',(-0.960247978678821,-295.829330586677,
26.3267361340327));
#5129=CARTESIAN_POINT('Ctrl Pts',(-5.36873265366037,-295.704868579034,28.4481458260174));
#5130=CARTESIAN_POINT('Ctrl Pts',(-7.97692532567316,-295.594235683352,31.6282605848801));
#5131=CARTESIAN_POINT('Ctrl Pts',(-9.22404763247711,-295.49743189963,35.116889538108));
#5132=CARTESIAN_POINT('Ctrl Pts',(-8.3619611680557,-295.372969891988,39.8106448989213));
#5133=CARTESIAN_POINT('Ctrl Pts',(-5.2868158645595,-295.248507884346,43.4529611486049));
#5134=CARTESIAN_POINT('Ctrl Pts',(-0.804539611116129,-295.124045876703,
45.0715339928759));
#5135=CARTESIAN_POINT('Ctrl Pts',(4.68028249120736,-294.978840201121,44.1260454742785));
#5136=CARTESIAN_POINT('Ctrl Pts',(9.18824040858718,-294.812890857598,39.2600411831122));
#5137=CARTESIAN_POINT('Ctrl Pts',(8.93231584185814,-294.646941514075,32.6349802500173));
#5138=CARTESIAN_POINT('Ctrl Pts',(5.38374991685115,-294.501735838492,28.3425490079546));
#5139=CARTESIAN_POINT('Ctrl Pts',(0.931299391177822,-294.37727383085,26.6621487926115));
#5140=CARTESIAN_POINT('Ctrl Pts',(-4.57121177690091,-294.232068155267,27.5361059053714));
#5141=CARTESIAN_POINT('Ctrl Pts',(-9.13664106183905,-294.066118811744,32.3343536358269));
#5142=CARTESIAN_POINT('Ctrl Pts',(-8.96444618002229,-293.87942580028,39.8038433847821));
#5143=CARTESIAN_POINT('Ctrl Pts',(-3.5833735390039,-293.692732788817,44.9729711106904));
#5144=CARTESIAN_POINT('Ctrl Pts',(3.87923347906122,-293.506039777354,44.8524676113881));
#5145=CARTESIAN_POINT('Ctrl Pts',(9.08877698637235,-293.31934676589,39.5063105149415));
#5146=CARTESIAN_POINT('Ctrl Pts',(9.01591753258799,-293.132653754427,32.0421930875789));
#5147=CARTESIAN_POINT('Ctrl Pts',(3.70814284254689,-292.945960742963,26.7989092963495));
#5148=CARTESIAN_POINT('Ctrl Pts',(-3.76215849287207,-292.7592677315,26.8155472161216));
#5149=CARTESIAN_POINT('Ctrl Pts',(-9.03423457829206,-292.572574720036,32.0955124847908));
#5150=CARTESIAN_POINT('Ctrl Pts',(-9.06953386900025,-292.385881708573,39.5561204052558));
#5151=CARTESIAN_POINT('Ctrl Pts',(-3.82441471750593,-292.199188697109,44.8772099918564));
#5152=CARTESIAN_POINT('Ctrl Pts',(2.7978632497052,-292.033239353586,44.9374581758661));
#5153=CARTESIAN_POINT('Ctrl Pts',(7.25608352246551,-291.888033678003,41.5936130519491));
#5154=CARTESIAN_POINT('Ctrl Pts',(8.93276213634584,-291.777400782321,37.71183009913));
#5155=CARTESIAN_POINT('Ctrl Pts',(8.81761447045075,-291.652938774679,33.0290555254081));
#5156=CARTESIAN_POINT('Ctrl Pts',(6.00259741945536,-291.514647655076,28.386300609045));
#5157=CARTESIAN_POINT('Ctrl Pts',(-0.187345504248668,-291.348698311553,
26.2767985588529));
#5158=CARTESIAN_POINT('Ctrl Pts',(-6.2761397946651,-291.18274896803,28.6245303125859));
#5159=CARTESIAN_POINT('Ctrl Pts',(-9.19190391072496,-291.030628736467,33.8447412632907));
#5160=CARTESIAN_POINT('Ctrl Pts',(-8.6528348078682,-290.892337616865,39.1211022256154));
#5161=CARTESIAN_POINT('Ctrl Pts',(-5.88507448838844,-290.767875609222,42.9974277381393));
#5162=CARTESIAN_POINT('Ctrl Pts',(-1.54650108550811,-290.64341360158,44.980419114851));
#5163=CARTESIAN_POINT('Ctrl Pts',(3.19955412513085,-290.518951593938,44.5391568210332));
#5164=CARTESIAN_POINT('Ctrl Pts',(7.09706984607203,-290.394489586296,41.7927729419396));
#5165=CARTESIAN_POINT('Ctrl Pts',(9.10805538615562,-290.270027578653,37.4701048155306));
#5166=CARTESIAN_POINT('Ctrl Pts',(8.69961552137707,-290.145565571011,32.7201614189677));
#5167=CARTESIAN_POINT('Ctrl Pts',(5.97891151831571,-290.021103563369,28.8047485431525));
#5168=CARTESIAN_POINT('Ctrl Pts',(1.67080597653696,-289.896641555726,26.7649499674535));
#5169=CARTESIAN_POINT('Ctrl Pts',(-3.08358147382322,-289.772179548084,27.1395196165772));
#5170=CARTESIAN_POINT('Ctrl Pts',(-7.01319217276215,-289.647717540441,29.8348431799813));
#5171=CARTESIAN_POINT('Ctrl Pts',(-9.32505024904953,-289.509426420839,34.6062390292061));
#5172=CARTESIAN_POINT('Ctrl Pts',(-8.38088357869932,-289.357306189276,40.5123569704139));
#5173=CARTESIAN_POINT('Ctrl Pts',(-3.45184089689351,-289.191356845753,44.7990633239927));
#5174=CARTESIAN_POINT('Ctrl Pts',(1.50382400120963,-289.065166199116,44.9015161864536));
#5175=CARTESIAN_POINT('Ctrl Pts',(4.43362429643783,-288.978734249364,43.5723780143328));
#5176=CARTESIAN_POINT('Ctrl Pts',(6.31658777759179,-288.916503245543,42.2294142326261));
#5177=CARTESIAN_POINT('Ctrl Pts',(8.84665829957466,-288.807598988856,38.9831452504429));
#5178=CARTESIAN_POINT('Ctrl Pts',(9.29883760256451,-288.652021479303,32.7896490463657));
#5179=CARTESIAN_POINT('Ctrl Pts',(4.42765513152846,-288.46532846784,27.1261844427443));
#5180=CARTESIAN_POINT('Ctrl Pts',(-3.01217671623023,-288.278635456376,26.5448445760777));
#5181=CARTESIAN_POINT('Ctrl Pts',(-8.70275373385455,-288.091942444913,31.3733638849237));
#5182=CARTESIAN_POINT('Ctrl Pts',(-9.33876201721726,-287.905249433449,38.8104283984618));
#5183=CARTESIAN_POINT('Ctrl Pts',(-4.54339492415797,-287.718556421986,44.5338299018146));
#5184=CARTESIAN_POINT('Ctrl Pts',(0.40347680690383,-287.594094414343,44.9863811135143));
#5185=CARTESIAN_POINT('Ctrl Pts',(2.60512576896906,-287.531863410522,44.3072961587158));
#5186=CARTESIAN_POINT('Ctrl Pts',(4.27132962493599,-298.138414357989,43.8982452686988));
#5187=CARTESIAN_POINT('Ctrl Pts',(6.36635021931042,-298.076183354168,42.7848265877289));
#5188=CARTESIAN_POINT('Ctrl Pts',(9.62989643290605,-297.951721346526,38.8460308895972));
#5189=CARTESIAN_POINT('Ctrl Pts',(8.93646542445753,-297.765028335062,31.1880413935758));
#5190=CARTESIAN_POINT('Ctrl Pts',(3.04729843590997,-297.578335323598,26.2503771998082));
#5191=CARTESIAN_POINT('Ctrl Pts',(-4.61140505875874,-297.391642312135,26.8935331926881));
#5192=CARTESIAN_POINT('Ctrl Pts',(-9.59015750405716,-297.204949300671,32.7497432022595));
#5193=CARTESIAN_POINT('Ctrl Pts',(-8.99964499547599,-297.018256289208,40.4099635589549));
#5194=CARTESIAN_POINT('Ctrl Pts',(-3.1737584887221,-296.831563277745,45.4344623306834));
#5195=CARTESIAN_POINT('Ctrl Pts',(3.63081621508201,-296.665613934222,44.9422923181808));
#5196=CARTESIAN_POINT('Ctrl Pts',(7.92305219211182,-296.520408258639,41.140432922289));
#5197=CARTESIAN_POINT('Ctrl Pts',(9.50449850390153,-296.395946250996,36.4966246984077));
#5198=CARTESIAN_POINT('Ctrl Pts',(8.55475765857942,-296.271484243354,31.6798092020607));
#5199=CARTESIAN_POINT('Ctrl Pts',(4.98329963765011,-296.133193123751,27.5556554073538));
#5200=CARTESIAN_POINT('Ctrl Pts',(-0.988948957152113,-295.981072892189,
26.043230388644));
#5201=CARTESIAN_POINT('Ctrl Pts',(-5.52849247726002,-295.856610884546,28.2277906207021));
#5202=CARTESIAN_POINT('Ctrl Pts',(-8.21419386363156,-295.745977988864,31.5025100404224));
#5203=CARTESIAN_POINT('Ctrl Pts',(-9.49834709475441,-295.649174205143,35.0948967240925));
#5204=CARTESIAN_POINT('Ctrl Pts',(-8.61055316684704,-295.5247121975,39.9282131874937));
#5205=CARTESIAN_POINT('Ctrl Pts',(-5.44390866352405,-295.400250189858,43.6787906615435));
#5206=CARTESIAN_POINT('Ctrl Pts',(-0.828321678912365,-295.275788182215,
45.3454246462566));
#5207=CARTESIAN_POINT('Ctrl Pts',(4.81958355019986,-295.130582506633,44.3717364173585));
#5208=CARTESIAN_POINT('Ctrl Pts',(9.46151598784745,-294.96463316311,39.3609662799168));
#5209=CARTESIAN_POINT('Ctrl Pts',(9.19787915254562,-294.798683819587,32.5389052431434));
#5210=CARTESIAN_POINT('Ctrl Pts',(5.54372629025032,-294.653478144004,28.1188881290803));
#5211=CARTESIAN_POINT('Ctrl Pts',(0.958850983011457,-294.529016136362,26.3885878053882));
#5212=CARTESIAN_POINT('Ctrl Pts',(-4.70727041855261,-294.383810460779,27.288617828803));
#5213=CARTESIAN_POINT('Ctrl Pts',(-9.40838424765621,-294.217861117256,32.2296174693994));
#5214=CARTESIAN_POINT('Ctrl Pts',(-9.2309538890212,-294.031168105792,39.9212187030268));
#5215=CARTESIAN_POINT('Ctrl Pts',(-3.68978904728365,-293.844475094329,45.2439736840302));
#5216=CARTESIAN_POINT('Ctrl Pts',(3.99472558511045,-293.657782082865,45.1197719186195));
#5217=CARTESIAN_POINT('Ctrl Pts',(9.35909869687115,-293.471089071402,39.6145602540641));
#5218=CARTESIAN_POINT('Ctrl Pts',(9.28395770557583,-293.284396059939,31.9284895644166));
#5219=CARTESIAN_POINT('Ctrl Pts',(3.81826927461646,-293.097703048475,26.5293722707187));
#5220=CARTESIAN_POINT('Ctrl Pts',(-3.87417007616165,-292.911010037011,26.5466200077856));
#5221=CARTESIAN_POINT('Ctrl Pts',(-9.30293626378396,-292.724317025548,31.9836725162454));
#5222=CARTESIAN_POINT('Ctrl Pts',(-9.33917030089285,-292.537624014084,39.6661310057554));
#5223=CARTESIAN_POINT('Ctrl Pts',(-3.93799934632711,-292.350931002621,45.1453687074389));
#5224=CARTESIAN_POINT('Ctrl Pts',(2.8812008393588,-292.184981659098,45.2073064365059));
#5225=CARTESIAN_POINT('Ctrl Pts',(7.47194007094089,-292.039775983515,41.7639594379023));
#5226=CARTESIAN_POINT('Ctrl Pts',(9.19841692029136,-291.929143087833,37.7667212383723));
#5227=CARTESIAN_POINT('Ctrl Pts',(9.0797730668299,-291.804681080191,32.944700582736));
#5228=CARTESIAN_POINT('Ctrl Pts',(6.18097663049622,-291.666389960588,28.1639312042497));
#5229=CARTESIAN_POINT('Ctrl Pts',(-0.193064081744279,-291.500440617065,
25.9917959545483));
#5230=CARTESIAN_POINT('Ctrl Pts',(-6.46287972711145,-291.334491273542,28.4094340872839));
#5231=CARTESIAN_POINT('Ctrl Pts',(-9.46526713691441,-291.182371041979,33.7849191163759));
#5232=CARTESIAN_POINT('Ctrl Pts',(-8.91008690008747,-291.044079922377,39.2181706254466));
#5233=CARTESIAN_POINT('Ctrl Pts',(-6.05996423486582,-290.919617914734,43.2097206410784));
#5234=CARTESIAN_POINT('Ctrl Pts',(-1.59234766090408,-290.795155907092,45.2516117880868));
#5235=CARTESIAN_POINT('Ctrl Pts',(3.29483033337731,-290.67069389945,44.797154929908));
#5236=CARTESIAN_POINT('Ctrl Pts',(7.30820100240154,-290.546231891807,41.9690440327135));
#5237=CARTESIAN_POINT('Ctrl Pts',(9.37891899755235,-290.421769884165,37.5178052661576));
#5238=CARTESIAN_POINT('Ctrl Pts',(8.95826052240447,-290.297307876523,32.6266229605449));
#5239=CARTESIAN_POINT('Ctrl Pts',(6.15659284705414,-290.17284586888,28.5948225478735));
#5240=CARTESIAN_POINT('Ctrl Pts',(1.72034925760282,-290.048383861238,26.494434502394));
#5241=CARTESIAN_POINT('Ctrl Pts',(-3.17540977324382,-289.923921853596,26.8802156612555));
#5242=CARTESIAN_POINT('Ctrl Pts',(-7.22183058875283,-289.799459845953,29.6557483967703));
#5243=CARTESIAN_POINT('Ctrl Pts',(-9.60236101049959,-289.661168726351,34.5690629719269));
#5244=CARTESIAN_POINT('Ctrl Pts',(-8.6300274479304,-289.509048494788,40.6507917918507));
#5245=CARTESIAN_POINT('Ctrl Pts',(-3.55434780496543,-289.343099151265,45.0648925153931));
#5246=CARTESIAN_POINT('Ctrl Pts',(1.54868124518407,-289.216908504628,45.1703156034882));
#5247=CARTESIAN_POINT('Ctrl Pts',(4.56558215247222,-289.130476554876,43.8016088000473));
#5248=CARTESIAN_POINT('Ctrl Pts',(6.50451709873302,-289.068245551055,42.4186813918164));
#5249=CARTESIAN_POINT('Ctrl Pts',(9.1097722634104,-288.959341294368,39.0758417786946));
#5250=CARTESIAN_POINT('Ctrl Pts',(9.57530225347313,-288.803763784815,32.6981676549039));
#5251=CARTESIAN_POINT('Ctrl Pts',(4.55918215550268,-288.617070773351,26.8663682481628));
#5252=CARTESIAN_POINT('Ctrl Pts',(-3.10189087060304,-288.430377761888,26.2678561522629));
#5253=CARTESIAN_POINT('Ctrl Pts',(-8.96160956813532,-288.243684750424,31.2400448649251));
#5254=CARTESIAN_POINT('Ctrl Pts',(-9.61641575393525,-288.056991738961,38.8982691102427));
#5255=CARTESIAN_POINT('Ctrl Pts',(-4.67836457138062,-287.870298727497,44.7917888771675));
#5256=CARTESIAN_POINT('Ctrl Pts',(0.415615227771341,-287.745836719855,45.2577210399966));
#5257=CARTESIAN_POINT('Ctrl Pts',(2.68272237184331,-287.683605716034,44.5584087726342));
#5258=CARTESIAN_POINT('Ctrl Pts',(2.68272237181967,-287.683605715988,44.5584087725576));
#5259=CARTESIAN_POINT('Ctrl Pts',(2.46012325652816,-287.683605715997,44.616149629048));
#5260=CARTESIAN_POINT('Ctrl Pts',(2.23549413854952,-287.683605716002,44.6649629775048));
#5261=CARTESIAN_POINT('Ctrl Pts',(2.00934317963955,-287.683605716002,44.7049772556809));
#5262=CARTESIAN_POINT('Ctrl Pts',(1.78155157707618,-287.683605716002,44.7452818230154));
#5263=CARTESIAN_POINT('Ctrl Pts',(1.55221528691932,-287.683605715997,44.7766591245699));
#5264=CARTESIAN_POINT('Ctrl Pts',(1.3218492867566,-287.683605715987,44.799187238542));
#5265=CARTESIAN_POINT('Ctrl Pts',(1.09173757369945,-287.683605715977,44.8216904850905));
#5266=CARTESIAN_POINT('Ctrl Pts',(0.86059773312838,-287.683605715962,44.8353639431053));
#5267=CARTESIAN_POINT('Ctrl Pts',(0.62894908155519,-287.683605715944,44.8402341086979));
#5268=CARTESIAN_POINT('Ctrl Pts',(0.435508851706817,-287.683605715929,44.8443009830148));
#5269=CARTESIAN_POINT('Ctrl Pts',(0.241713723364952,-287.683605715912,44.8422281865697));
#5270=CARTESIAN_POINT('Ctrl Pts',(0.0478745802328099,-287.683605715895,
44.8340045931756));
#5271=CARTESIAN_POINT('Ctrl Pts',(-0.180615979042932,-287.683605715875,
44.8243109192174));
#5272=CARTESIAN_POINT('Ctrl Pts',(-0.408312397144543,-287.683605715858,
44.8061086753782));
#5273=CARTESIAN_POINT('Ctrl Pts',(-0.634724129396202,-287.683605715841,
44.7795243394694));
#5274=CARTESIAN_POINT('Ctrl Pts',(-0.864959736028251,-287.683605715824,
44.7524910199324));
#5275=CARTESIAN_POINT('Ctrl Pts',(-1.09386762027181,-287.683605715806,44.7167900854061));
#5276=CARTESIAN_POINT('Ctrl Pts',(-1.32092782171799,-287.683605715786,44.6725001094882));
#5277=CARTESIAN_POINT('Ctrl Pts',(-1.54385952342166,-287.683605715767,44.6290154316938));
#5278=CARTESIAN_POINT('Ctrl Pts',(-1.76501075506773,-287.683605715746,44.5772509266326));
#5279=CARTESIAN_POINT('Ctrl Pts',(-1.9838753943756,-287.683605715724,44.5172315605939));
#5280=CARTESIAN_POINT('Ctrl Pts',(-2.20881980565032,-287.683605715701,44.4555449354663));
#5281=CARTESIAN_POINT('Ctrl Pts',(-2.43134966320439,-287.683605715676,44.3851385650574));
#5282=CARTESIAN_POINT('Ctrl Pts',(-2.65088921586958,-287.683605715653,44.3059877400114));
#5283=CARTESIAN_POINT('Ctrl Pts',(-2.85780346368853,-287.683605715631,44.2313887293557));
#5284=CARTESIAN_POINT('Ctrl Pts',(-3.06206175521437,-287.68360571561,44.1490215793065));
#5285=CARTESIAN_POINT('Ctrl Pts',(-3.26315145407564,-287.683605715594,44.0588244289721));
#5286=CARTESIAN_POINT('Ctrl Pts',(-3.27542136190618,-287.683605715593,44.0533208615221));
#5287=CARTESIAN_POINT('Ctrl Pts',(-3.28767946200091,-287.683605715592,44.0477881302235));
#5288=CARTESIAN_POINT('Ctrl Pts',(-3.29992563357077,-287.683605715591,44.0422262163276));
#5289=CARTESIAN_POINT('Ctrl Pts',(-3.5042236588578,-287.683605715576,43.9494390118306));
#5290=CARTESIAN_POINT('Ctrl Pts',(-3.70443822264727,-287.683605715567,43.8488815549856));
#5291=CARTESIAN_POINT('Ctrl Pts',(-3.90009806389106,-287.68360571556,43.7406124664455));
#5292=CARTESIAN_POINT('Ctrl Pts',(-3.95976479745232,-287.683605715558,43.7075956612709));
#5293=CARTESIAN_POINT('Ctrl Pts',(-4.01900782511569,-287.683605715555,43.6738613723253));
#5294=CARTESIAN_POINT('Ctrl Pts',(-4.07781337590227,-287.683605715554,43.6394103819044));
#5295=CARTESIAN_POINT('Ctrl Pts',(-4.27051716208016,-287.683605715547,43.5265156601839));
#5296=CARTESIAN_POINT('Ctrl Pts',(-4.45852541336738,-287.683605715543,43.4059280021544));
#5297=CARTESIAN_POINT('Ctrl Pts',(-4.64155866617945,-287.683605715537,43.2780996614305));
#5298=CARTESIAN_POINT('Ctrl Pts',(-4.82592125132271,-287.683605715532,43.1493429301351));
#5299=CARTESIAN_POINT('Ctrl Pts',(-5.00523676621526,-287.683605715526,43.0132394125326));
#5300=CARTESIAN_POINT('Ctrl Pts',(-5.17918496541169,-287.683605715521,42.8702108098912));
#5301=CARTESIAN_POINT('Ctrl Pts',(-5.35284437729428,-287.683605715516,42.7274196621136));
#5302=CARTESIAN_POINT('Ctrl Pts',(-5.52115468966963,-287.683605715511,42.5777258093963));
#5303=CARTESIAN_POINT('Ctrl Pts',(-5.68375642318878,-287.68360571551,42.4215173190256));
#5304=CARTESIAN_POINT('Ctrl Pts',(-5.80360288274299,-287.683605715509,42.3063830328279));
#5305=CARTESIAN_POINT('Ctrl Pts',(-5.92034734207022,-287.68360571551,42.187708975597));
#5306=CARTESIAN_POINT('Ctrl Pts',(-6.03382964264644,-287.683605715514,42.0656423684466));
#5307=CARTESIAN_POINT('Ctrl Pts',(-6.18532837656959,-287.68360571552,41.9026835956364));
#5308=CARTESIAN_POINT('Ctrl Pts',(-6.33044262597934,-287.683605715534,41.7342955410469));
#5309=CARTESIAN_POINT('Ctrl Pts',(-6.46890675184889,-287.683605715549,41.5609185306765));
#5310=CARTESIAN_POINT('Ctrl Pts',(-6.60811546917758,-287.683605715565,41.3866091846537));
#5311=CARTESIAN_POINT('Ctrl Pts',(-6.74060277884629,-287.683605715583,41.2072565100295));
#5312=CARTESIAN_POINT('Ctrl Pts',(-6.86605919234482,-287.6836057156,41.0232735782172));
#5313=CARTESIAN_POINT('Ctrl Pts',(-6.99064101238662,-287.683605715617,40.8405732453875));
#5314=CARTESIAN_POINT('Ctrl Pts',(-7.10828996256888,-287.683605715634,40.653306381983));
#5315=CARTESIAN_POINT('Ctrl Pts',(-7.21865847033886,-287.683605715649,40.461852563031));
#5316=CARTESIAN_POINT('Ctrl Pts',(-7.3301891971392,-287.683605715665,40.2683826683313));
#5317=CARTESIAN_POINT('Ctrl Pts',(-7.43428584164845,-287.68360571568,40.0706366209556));
#5318=CARTESIAN_POINT('Ctrl Pts',(-7.53053762097478,-287.683605715696,39.868989202983));
#5319=CARTESIAN_POINT('Ctrl Pts',(-7.62678940030111,-287.683605715712,39.6673417850103));
#5320=CARTESIAN_POINT('Ctrl Pts',(-7.71519673942038,-287.683605715729,39.4617924095165));
#5321=CARTESIAN_POINT('Ctrl Pts',(-7.79529019468742,-287.683605715751,39.2527076615607));
#5322=CARTESIAN_POINT('Ctrl Pts',(-7.87338703725971,-287.683605715773,39.0488350905631));
#5323=CARTESIAN_POINT('Ctrl Pts',(-7.94328314757741,-287.683605715801,38.842373268272));
#5324=CARTESIAN_POINT('Ctrl Pts',(-8.00468006041193,-287.683605715829,38.6337003407555));
#5325=CARTESIAN_POINT('Ctrl Pts',(-8.02664317764055,-287.683605715839,38.5590531352546));
#5326=CARTESIAN_POINT('Ctrl Pts',(-8.04751824237586,-287.683605715849,38.4841227941595));
#5327=CARTESIAN_POINT('Ctrl Pts',(-8.06729006188534,-287.683605715859,38.4089260712138));
#5328=CARTESIAN_POINT('Ctrl Pts',(-8.12253973167609,-287.683605715886,38.1987990209386));
#5329=CARTESIAN_POINT('Ctrl Pts',(-8.16917860817646,-287.683605715912,37.9865925756505));
#5330=CARTESIAN_POINT('Ctrl Pts',(-8.20732613460526,-287.683605715933,37.7728160370841));
#5331=CARTESIAN_POINT('Ctrl Pts',(-8.24574285711404,-287.683605715955,37.5575309392069));
#5332=CARTESIAN_POINT('Ctrl Pts',(-8.27554789442426,-287.683605715972,37.3406527967767));
#5333=CARTESIAN_POINT('Ctrl Pts',(-8.29681015584153,-287.683605715985,37.1226984964054));
#5334=CARTESIAN_POINT('Ctrl Pts',(-8.31803095787969,-287.683605715998,36.9051691861042));
#5335=CARTESIAN_POINT('Ctrl Pts',(-8.33074212946885,-287.683605716007,36.6865671977283));
#5336=CARTESIAN_POINT('Ctrl Pts',(-8.3349611668852,-287.683605716014,36.4674138676259));
#5337=CARTESIAN_POINT('Ctrl Pts',(-8.33765743748612,-287.683605716018,36.3273590108575));
#5338=CARTESIAN_POINT('Ctrl Pts',(-8.3368843851369,-287.683605716022,36.1870791604682));
#5339=CARTESIAN_POINT('Ctrl Pts',(-8.3326360073066,-287.683605716026,36.0467140270332));
#5340=CARTESIAN_POINT('Ctrl Pts',(-8.32766587585301,-287.683605716031,35.8825023696574));
#5341=CARTESIAN_POINT('Ctrl Pts',(-8.31795364227377,-287.683605716041,35.7186314896356));
#5342=CARTESIAN_POINT('Ctrl Pts',(-8.30355349068824,-287.683605716034,35.5553176088474));
#5343=CARTESIAN_POINT('Ctrl Pts',(-9.09760182274784,-297.130034511186,35.8597281690271));
#5344=CARTESIAN_POINT('Ctrl Pts',(-9.09484928709982,-297.09277510386,37.281640481666));
#5345=CARTESIAN_POINT('Ctrl Pts',(-8.7673616493395,-297.055515696534,38.7048951371146));
#5346=CARTESIAN_POINT('Ctrl Pts',(-8.12708266244711,-297.018256289208,39.970676628127));
#5347=CARTESIAN_POINT('Ctrl Pts',(-7.05768282655794,-296.956025285387,42.0847964828643));
#5348=CARTESIAN_POINT('Ctrl Pts',(-5.11572065764001,-296.893794281566,43.7596294067738));
#5349=CARTESIAN_POINT('Ctrl Pts',(-2.86888181621778,-296.831563277745,44.5047639913843));
#5350=CARTESIAN_POINT('Ctrl Pts',(-0.622042974795553,-296.769332273923,
45.2498985759948));
#5351=CARTESIAN_POINT('Ctrl Pts',(1.92967253913096,-296.707101270102,45.0653348213063));
#5352=CARTESIAN_POINT('Ctrl Pts',(4.05407656736637,-296.644870266281,44.0138883319159));
#5353=CARTESIAN_POINT('Ctrl Pts',(5.47034591952329,-296.6033829304,43.3129240056557));
#5354=CARTESIAN_POINT('Ctrl Pts',(6.6966990558175,-296.56189559452,42.2266784639723));
#5355=CARTESIAN_POINT('Ctrl Pts',(7.57345000926288,-296.520408258639,40.9095876558171));
#5356=CARTESIAN_POINT('Ctrl Pts',(8.45020096270829,-296.478920922758,39.5924968476619));
#5357=CARTESIAN_POINT('Ctrl Pts',(8.97734973330486,-296.437433586877,38.0445607730348));
#5358=CARTESIAN_POINT('Ctrl Pts',(9.08263397771612,-296.395946250996,36.4677901529968));
#5359=CARTESIAN_POINT('Ctrl Pts',(9.18791822212739,-296.354458915116,34.8910195329587));
#5360=CARTESIAN_POINT('Ctrl Pts',(8.87133794035336,-296.312971579235,33.2854143675098));
#5361=CARTESIAN_POINT('Ctrl Pts',(8.17732909632695,-296.271484243354,31.8639887155792));
#5362=CARTESIAN_POINT('Ctrl Pts',(7.48332025230054,-296.229996907473,30.4425630636487));
#5363=CARTESIAN_POINT('Ctrl Pts',(6.41188284602176,-296.188509571593,29.2053169252367));
#5364=CARTESIAN_POINT('Ctrl Pts',(5.10157786901546,-296.147022235712,28.3215421816195));
#5365=CARTESIAN_POINT('Ctrl Pts',(3.35450456634038,-296.091705787871,27.1431758567967));
#5366=CARTESIAN_POINT('Ctrl Pts',(1.18277780459415,-296.03638934003,26.5932031227204));
#5367=CARTESIAN_POINT('Ctrl Pts',(-0.91187302519182,-295.981072892189,26.8036745850285));
#5368=CARTESIAN_POINT('Ctrl Pts',(-3.0065238549778,-295.925756444348,27.0141460473366));
#5369=CARTESIAN_POINT('Ctrl Pts',(-5.02409875280353,-295.870439996507,27.9850617060291));
#5370=CARTESIAN_POINT('Ctrl Pts',(-6.50189428691728,-295.815123548666,29.4891326056557));
#5371=CARTESIAN_POINT('Ctrl Pts',(-6.87134317044571,-295.801294436705,29.8651503305623));
#5372=CARTESIAN_POINT('Ctrl Pts',(-7.20705584374215,-295.787465324745,30.2744902580274));
#5373=CARTESIAN_POINT('Ctrl Pts',(-7.50470296411171,-295.773636212785,30.7097947280429));
#5374=CARTESIAN_POINT('Ctrl Pts',(-8.39764432522044,-295.732148876904,32.0157081380896));
#5375=CARTESIAN_POINT('Ctrl Pts',(-8.94799570998738,-295.690661541023,33.5553024310911));
#5376=CARTESIAN_POINT('Ctrl Pts',(-9.07520574771961,-295.649174205142,35.130652321492));
#5377=CARTESIAN_POINT('Ctrl Pts',(-9.09476803222627,-295.642794307122,35.3729086976627));
#5378=CARTESIAN_POINT('Ctrl Pts',(-9.10432382495038,-295.636414409101,35.6160106260208));
#5379=CARTESIAN_POINT('Ctrl Pts',(-9.10403071003024,-295.630034511081,35.8591718314085));
#5380=CARTESIAN_POINT('Origin',(1.11100064049565E-14,-300.995534517559,
35.8612653953169));
#5381=CARTESIAN_POINT('Origin',(8.0168594260555E-15,-287.683605716034,35.861265395317));
#5382=CARTESIAN_POINT('Origin',(1.11100064049565E-14,-311.683180873997,
35.861265395317));
#5383=CARTESIAN_POINT('Ctrl Pts',(-5.95172531637259,-105.424605477616,47.2081882212077));
#5384=CARTESIAN_POINT('Ctrl Pts',(-3.81760305257303,-105.379704831953,48.3275850568597));
#5385=CARTESIAN_POINT('Ctrl Pts',(1.09444939002516,-105.289903542221,49.3303477303959));
#5386=CARTESIAN_POINT('Ctrl Pts',(8.12902288354919,-105.155200902768,46.6561221202696));
#5387=CARTESIAN_POINT('Ctrl Pts',(12.6410920926609,-105.020500057778,40.6363166478057));
#5388=CARTESIAN_POINT('Ctrl Pts',(13.235609627188,-104.885797802921,33.1357417458533));
#5389=CARTESIAN_POINT('Ctrl Pts',(9.72631078177832,-104.751096185494,26.4803872461248));
#5390=CARTESIAN_POINT('Ctrl Pts',(3.20219653722708,-104.616394875178,22.7329469461473));
#5391=CARTESIAN_POINT('Ctrl Pts',(-4.31488170110756,-104.481692263176,23.0555788740223));
#5392=CARTESIAN_POINT('Ctrl Pts',(-10.4941190923498,-104.346991894672,27.3478143328635));
#5393=CARTESIAN_POINT('Ctrl Pts',(-13.4203035671084,-104.21228849988,34.2795944567002));
#5394=CARTESIAN_POINT('Ctrl Pts',(-12.1858522202058,-104.07758862893,41.7012439901388));
#5395=CARTESIAN_POINT('Ctrl Pts',(-7.17416143239767,-103.942885129757,47.3131791444414));
#5396=CARTESIAN_POINT('Ctrl Pts',(0.0624953176406513,-103.808184968135,
49.3737138971219));
#5397=CARTESIAN_POINT('Ctrl Pts',(7.27782291932372,-103.673482039682,47.2476012677126));
#5398=CARTESIAN_POINT('Ctrl Pts',(12.2410472540569,-103.538781203169,41.5871555294799));
#5399=CARTESIAN_POINT('Ctrl Pts',(13.4011203969722,-103.404078820031,34.1606315919195));
#5400=CARTESIAN_POINT('Ctrl Pts',(10.09264736928,-103.254411235713,26.4745389458352));
#5401=CARTESIAN_POINT('Ctrl Pts',(1.79918664600631,-103.089775261436,21.8868520019933));
#5402=CARTESIAN_POINT('Ctrl Pts',(-8.23890947999272,-102.91017347647,24.4358973576767));
#5403=CARTESIAN_POINT('Ctrl Pts',(-13.8229180639109,-102.730570984537,33.1450605132887));
#5404=CARTESIAN_POINT('Ctrl Pts',(-12.013506010325,-102.55762065314,42.9504637963101));
#5405=CARTESIAN_POINT('Ctrl Pts',(-5.82647522967001,-102.417929570822,47.9051208271265));
#5406=CARTESIAN_POINT('Ctrl Pts',(0.592695540983943,-102.298194998826,49.0404016896013));
#5407=CARTESIAN_POINT('Ctrl Pts',(6.31459349656436,-102.191764018309,47.6402734903517));
#5408=CARTESIAN_POINT('Ctrl Pts',(11.2003158742975,-102.072028595451,43.1496059300721));
#5409=CARTESIAN_POINT('Ctrl Pts',(13.3242427757128,-101.952294131869,36.8692715301096));
#5410=CARTESIAN_POINT('Ctrl Pts',(12.16855859313,-101.832559186311,30.3378530088175));
#5411=CARTESIAN_POINT('Ctrl Pts',(8.01334672158467,-101.712824091689,25.1686513920119));
#5412=CARTESIAN_POINT('Ctrl Pts',(1.88746913393225,-101.593089878277,22.6317147054393));
#5413=CARTESIAN_POINT('Ctrl Pts',(-4.70876931643468,-101.473354453054,23.3546047952894));
#5414=CARTESIAN_POINT('Ctrl Pts',(-8.92723918564949,-101.380227585394,26.3138252581423));
#5415=CARTESIAN_POINT('Ctrl Pts',(-11.8709439213031,-101.287100438417,30.3810146786975));
#5416=CARTESIAN_POINT('Ctrl Pts',(-13.1326964424538,-101.207276904332,34.6087860443971));
#5417=CARTESIAN_POINT('Ctrl Pts',(-12.2802492212059,-101.08089070169,41.4449236044562));
#5418=CARTESIAN_POINT('Ctrl Pts',(-7.06384682996308,-100.934547343351,48.0503144673191));
#5419=CARTESIAN_POINT('Ctrl Pts',(3.18088270456948,-100.754945552235,49.5872368368299));
#5420=CARTESIAN_POINT('Ctrl Pts',(11.6980020137351,-100.575343491798,43.7041163723937));
#5421=CARTESIAN_POINT('Ctrl Pts',(13.534680079496,-100.425673865513,35.2871811128613));
#5422=CARTESIAN_POINT('Ctrl Pts',(11.6371670166666,-100.325896497731,30.1688256007297));
#5423=CARTESIAN_POINT('Ctrl Pts',(9.22014048562534,-100.246071871898,26.6242901638629));
#5424=CARTESIAN_POINT('Ctrl Pts',(5.28050511307828,-100.156271197061,23.5873019241017));
#5425=CARTESIAN_POINT('Ctrl Pts',(-1.54448870323066,-100.031546898885,22.5141745458568));
#5426=CARTESIAN_POINT('Ctrl Pts',(-8.27985720257901,-99.9018350957977,25.180874821775));
#5427=CARTESIAN_POINT('Ctrl Pts',(-12.707502972956,-99.7671325127646,31.2655939985461));
#5428=CARTESIAN_POINT('Ctrl Pts',(-13.1956612871144,-99.6324313281729,38.7728264776864));
#5429=CARTESIAN_POINT('Ctrl Pts',(-9.59317797766164,-99.4977295402247,45.3785838823658));
#5430=CARTESIAN_POINT('Ctrl Pts',(-3.01664745223783,-99.3630274119565,49.0332829661071));
#5431=CARTESIAN_POINT('Ctrl Pts',(4.49497261775242,-99.2283266092264,48.6049725166031));
#5432=CARTESIAN_POINT('Ctrl Pts',(10.6131947455635,-99.0936235382959,44.2257129572729));
#5433=CARTESIAN_POINT('Ctrl Pts',(13.4412131770074,-98.9589235085545,37.2537350644751));
#5434=CARTESIAN_POINT('Ctrl Pts',(12.102379052256,-98.8242199693467,29.8497124863399));
#5435=CARTESIAN_POINT('Ctrl Pts',(7.01174195746338,-98.689520018898,24.3098098192081));
#5436=CARTESIAN_POINT('Ctrl Pts',(-0.25257910879796,-98.5548168003972,22.3501564739348));
#5437=CARTESIAN_POINT('Ctrl Pts',(-7.43868808823511,-98.420116210133,24.5804036491872));
#5438=CARTESIAN_POINT('Ctrl Pts',(-12.318451082873,-98.2854137867567,30.3051791221861));
#5439=CARTESIAN_POINT('Ctrl Pts',(-13.3801709960607,-98.1507124334317,37.7575454571398));
#5440=CARTESIAN_POINT('Ctrl Pts',(-10.2922880065161,-98.0160105410911,44.6116725887846));
#5441=CARTESIAN_POINT('Ctrl Pts',(-3.3197560943854,-97.8663425213296,49.236628382448));
#5442=CARTESIAN_POINT('Ctrl Pts',(6.13151331946434,-97.7017070428003,48.5502892146378));
#5443=CARTESIAN_POINT('Ctrl Pts',(13.1460251325157,-97.522104381336,40.9209038436262));
#5444=CARTESIAN_POINT('Ctrl Pts',(13.0605150439438,-97.3574684487655,31.4477140168787));
#5445=CARTESIAN_POINT('Ctrl Pts',(7.86820823431139,-97.2078007657681,24.8818188939486));
#5446=CARTESIAN_POINT('Ctrl Pts',(0.783182805104261,-97.0730982309734,22.368520338991));
#5447=CARTESIAN_POINT('Ctrl Pts',(-6.55068230552942,-96.9383972840282,24.0473920984634));
#5448=CARTESIAN_POINT('Ctrl Pts',(-12.4575012974058,-96.7887276438173,29.9657365049901));
#5449=CARTESIAN_POINT('Ctrl Pts',(-13.6488118830681,-96.6240927272444,39.3776524263847));
#5450=CARTESIAN_POINT('Ctrl Pts',(-8.22757429718197,-96.4644464263859,46.807936065207));
#5451=CARTESIAN_POINT('Ctrl Pts',(-0.864458439172798,-96.3247552643281,
49.1908372318087));
#5452=CARTESIAN_POINT('Ctrl Pts',(5.65424262653107,-96.2050213464945,47.9729577485869));
#5453=CARTESIAN_POINT('Ctrl Pts',(10.1998318352782,-96.0985899078896,44.2262080965711));
#5454=CARTESIAN_POINT('Ctrl Pts',(13.1414888263274,-95.9788551408471,38.4023691143779));
#5455=CARTESIAN_POINT('Ctrl Pts',(12.8968192712587,-95.8591200974933,31.621593881113));
#5456=CARTESIAN_POINT('Ctrl Pts',(8.59054568003818,-95.7260818963312,25.6302280558209));
#5457=CARTESIAN_POINT('Ctrl Pts',(2.61790653520403,-95.6063465709801,22.7556597707232));
#5458=CARTESIAN_POINT('Ctrl Pts',(-4.00121070105224,-95.4866116794579,23.1165642883738));
#5459=CARTESIAN_POINT('Ctrl Pts',(-10.5924913098177,-95.3469217371616,27.1814962227058));
#5460=CARTESIAN_POINT('Ctrl Pts',(-14.089419749842,-95.1872748829533,35.6791594378985));
#5461=CARTESIAN_POINT('Ctrl Pts',(-10.4019141758407,-95.0076729061191,45.3599151071283));
#5462=CARTESIAN_POINT('Ctrl Pts',(-1.11051172352255,-94.8280706199885,49.9029911845907));
#5463=CARTESIAN_POINT('Ctrl Pts',(8.79194064477096,-94.6484679938777,46.8713984746807));
#5464=CARTESIAN_POINT('Ctrl Pts',(13.0730378000857,-94.4987999085447,39.3911331987049));
#5465=CARTESIAN_POINT('Ctrl Pts',(12.7597298605323,-94.3790643051978,32.8556653256223));
#5466=CARTESIAN_POINT('Ctrl Pts',(10.1256234391909,-94.2593290606157,26.8705215501052));
#5467=CARTESIAN_POINT('Ctrl Pts',(2.94975705851422,-94.1096607618643,22.0804992134759));
#5468=CARTESIAN_POINT('Ctrl Pts',(-6.11647696190777,-93.9500145118254,23.6081856177362));
#5469=CARTESIAN_POINT('Ctrl Pts',(-11.5398321704032,-93.8103241766081,29.1344909059896));
#5470=CARTESIAN_POINT('Ctrl Pts',(-13.3609100101135,-93.6905883949961,35.5049419575573));
#5471=CARTESIAN_POINT('Ctrl Pts',(-11.8804684064762,-93.5708540087578,41.975758749878));
#5472=CARTESIAN_POINT('Ctrl Pts',(-7.48329878942637,-93.4511197814574,46.9325025830549));
#5473=CARTESIAN_POINT('Ctrl Pts',(-1.23114767869277,-93.3313839754744,49.1699905843654));
#5474=CARTESIAN_POINT('Ctrl Pts',(4.57878077058403,-93.2249534665149,48.2324620913032));
#5475=CARTESIAN_POINT('Ctrl Pts',(10.0607961448656,-93.1052184828076,44.6895951050117));
#5476=CARTESIAN_POINT('Ctrl Pts',(13.2723569211037,-92.9854837360202,38.7149778071799));
#5477=CARTESIAN_POINT('Ctrl Pts',(12.5809634224069,-92.852444674472,31.3670141895195));
#5478=CARTESIAN_POINT('Ctrl Pts',(8.87876266894798,-92.7327100632607,25.8731598490894));
#5479=CARTESIAN_POINT('Ctrl Pts',(2.97923069555215,-92.6129754664959,22.8352113473535));
#5480=CARTESIAN_POINT('Ctrl Pts',(-3.92598918303398,-92.4882509414813,23.0119878853649));
#5481=CARTESIAN_POINT('Ctrl Pts',(-10.0707080858389,-92.3585394691902,26.8492447538339));
#5482=CARTESIAN_POINT('Ctrl Pts',(-13.3278449843721,-92.2238361240531,33.6330581972804));
#5483=CARTESIAN_POINT('Ctrl Pts',(-12.4541985080751,-92.0891359977394,41.105051859746));
#5484=CARTESIAN_POINT('Ctrl Pts',(-7.71919013143404,-91.9544329785469,46.95280030747));
#5485=CARTESIAN_POINT('Ctrl Pts',(-0.591454459134353,-91.8197321388727,
49.361350613477));
#5486=CARTESIAN_POINT('Ctrl Pts',(6.71981513840213,-91.6850300554501,47.5852206295683));
#5487=CARTESIAN_POINT('Ctrl Pts',(11.9477564412461,-91.5503281878906,42.1743247772338));
#5488=CARTESIAN_POINT('Ctrl Pts',(13.4719475693335,-91.4156271622122,34.8065042268628));
#5489=CARTESIAN_POINT('Ctrl Pts',(10.819615969894,-91.2809242565637,27.7655750635499));
#5490=CARTESIAN_POINT('Ctrl Pts',(4.81326006598414,-91.1462241624917,23.2343747054519));
#5491=CARTESIAN_POINT('Ctrl Pts',(-2.68533112929269,-91.0115205230955,22.6176924931397));
#5492=CARTESIAN_POINT('Ctrl Pts',(-9.35145627127756,-90.8768209144969,26.1063270421491));
#5493=CARTESIAN_POINT('Ctrl Pts',(-13.1183495317003,-90.742116987508,32.6196244860893));
#5494=CARTESIAN_POINT('Ctrl Pts',(-12.8191184009304,-90.607417735015,40.1367543493217));
#5495=CARTESIAN_POINT('Ctrl Pts',(-8.54437309198899,-90.4727126662889,46.3306147522115));
#5496=CARTESIAN_POINT('Ctrl Pts',(-3.93100788964515,-90.382916534316,48.2923074904348));
#5497=CARTESIAN_POINT('Ctrl Pts',(-1.53847657977583,-90.3380142974382,48.5816734733525));
#5498=CARTESIAN_POINT('Ctrl Pts',(-5.94353851619425,-105.434576519777,47.1929738774584));
#5499=CARTESIAN_POINT('Ctrl Pts',(-3.81228575382624,-105.389675874114,48.3108269415925));
#5500=CARTESIAN_POINT('Ctrl Pts',(1.09317065744394,-105.299874584382,49.3121718527106));
#5501=CARTESIAN_POINT('Ctrl Pts',(8.11821334557686,-105.165171944929,46.641449301487));
#5502=CARTESIAN_POINT('Ctrl Pts',(12.6241158565255,-105.030471099939,40.6296978587823));
#5503=CARTESIAN_POINT('Ctrl Pts',(13.2177230228777,-104.895768845082,33.1392278036344));
#5504=CARTESIAN_POINT('Ctrl Pts',(9.71306202307487,-104.761067227655,26.4928978906783));
#5505=CARTESIAN_POINT('Ctrl Pts',(3.19769113267935,-104.626365917338,22.7506036802161));
#5506=CARTESIAN_POINT('Ctrl Pts',(-4.30924612428698,-104.491663305337,23.0729079171597));
#5507=CARTESIAN_POINT('Ctrl Pts',(-10.4800901503654,-104.356962936833,27.359443798368));
#5508=CARTESIAN_POINT('Ctrl Pts',(-13.4022299256675,-104.222259542041,34.2819187468843));
#5509=CARTESIAN_POINT('Ctrl Pts',(-12.1693372332175,-104.087559671091,41.6935431679417));
#5510=CARTESIAN_POINT('Ctrl Pts',(-7.16432421895228,-103.952856171918,47.2978395328477));
#5511=CARTESIAN_POINT('Ctrl Pts',(0.062603914527408,-103.818156010296,49.355492585331));
#5512=CARTESIAN_POINT('Ctrl Pts',(7.26817182189169,-103.683453081843,47.2321437769192));
#5513=CARTESIAN_POINT('Ctrl Pts',(12.2246229911137,-103.54875224533,41.5792600545701));
#5514=CARTESIAN_POINT('Ctrl Pts',(13.3830256092921,-103.414049862192,34.1627332333163));
#5515=CARTESIAN_POINT('Ctrl Pts',(10.0789049968409,-103.264382277874,26.4870530395691));
#5516=CARTESIAN_POINT('Ctrl Pts',(1.79656080344057,-103.099746303597,21.9056692448966));
#5517=CARTESIAN_POINT('Ctrl Pts',(-8.22796284126898,-102.920144518631,24.4514214774608));
#5518=CARTESIAN_POINT('Ctrl Pts',(-13.804317870525,-102.740542026698,33.1489199588529));
#5519=CARTESIAN_POINT('Ctrl Pts',(-11.997205522867,-102.567591695301,42.9410766898092));
#5520=CARTESIAN_POINT('Ctrl Pts',(-5.81844374647578,-102.427900612984,47.8889651860121));
#5521=CARTESIAN_POINT('Ctrl Pts',(0.592080140562285,-102.308166040987,49.0226215234791));
#5522=CARTESIAN_POINT('Ctrl Pts',(6.30625046706764,-102.20173506047,47.6242999092511));
#5523=CARTESIAN_POINT('Ctrl Pts',(11.1853139094333,-102.081999637612,43.1396199066355));
#5524=CARTESIAN_POINT('Ctrl Pts',(13.3062923431618,-101.96226517403,36.8677212634906));
#5525=CARTESIAN_POINT('Ctrl Pts',(12.1520699263427,-101.842530228472,30.3451279628037));
#5526=CARTESIAN_POINT('Ctrl Pts',(8.00239072630189,-101.72279513385,25.1829541733457));
#5527=CARTESIAN_POINT('Ctrl Pts',(1.8847316700778,-101.603060920438,22.649528533038));
#5528=CARTESIAN_POINT('Ctrl Pts',(-4.70259529877966,-101.483325495215,23.3715332671171));
#5529=CARTESIAN_POINT('Ctrl Pts',(-8.91534080518752,-101.390198627555,26.3268309697102));
#5530=CARTESIAN_POINT('Ctrl Pts',(-11.8550143482056,-101.297071480578,30.3885713029567));
#5531=CARTESIAN_POINT('Ctrl Pts',(-13.1150057630657,-101.217247946493,34.6106625802427));
#5532=CARTESIAN_POINT('Ctrl Pts',(-12.2636117274364,-101.090861743851,41.4375666462792));
#5533=CARTESIAN_POINT('Ctrl Pts',(-7.0541468316901,-100.944518385512,48.0339810171208));
#5534=CARTESIAN_POINT('Ctrl Pts',(3.17678827152689,-100.764916594396,49.5686821565963));
#5535=CARTESIAN_POINT('Ctrl Pts',(11.6823424239114,-100.585314533959,43.6933736954186));
#5536=CARTESIAN_POINT('Ctrl Pts',(13.5164193182004,-100.435644907675,35.2877622920201));
#5537=CARTESIAN_POINT('Ctrl Pts',(11.6213934732122,-100.335867539892,30.1763320906667));
#5538=CARTESIAN_POINT('Ctrl Pts',(9.20757795275823,-100.256042914059,26.6366177846518));
#5539=CARTESIAN_POINT('Ctrl Pts',(5.27320994117825,-100.166242239222,23.6037749946004));
#5540=CARTESIAN_POINT('Ctrl Pts',(-1.54259565000759,-100.041517941046,22.5321954279642));
#5541=CARTESIAN_POINT('Ctrl Pts',(-8.26884531801635,-99.9118061379589,25.1953939373053));
#5542=CARTESIAN_POINT('Ctrl Pts',(-12.6904333127835,-99.7771035549256,31.2719725989118));
#5543=CARTESIAN_POINT('Ctrl Pts',(-13.1778265447606,-99.642402370334,38.769088625934));
#5544=CARTESIAN_POINT('Ctrl Pts',(-9.58010646897483,-99.5077005823859,45.3658875404494));
#5545=CARTESIAN_POINT('Ctrl Pts',(-3.012391780866,-99.3729984541176,49.0155645697442));
#5546=CARTESIAN_POINT('Ctrl Pts',(4.48909339582814,-99.2382976513874,48.5877245210501));
#5547=CARTESIAN_POINT('Ctrl Pts',(10.5990030769354,-99.1035945804571,44.2142826911352));
#5548=CARTESIAN_POINT('Ctrl Pts',(13.4231086535839,-98.9688945507155,37.2516656068158));
#5549=CARTESIAN_POINT('Ctrl Pts',(12.08597417638,-98.8341910115078,29.8576458533558));
#5550=CARTESIAN_POINT('Ctrl Pts',(7.0021223125795,-98.6994910610591,24.3252859668301));
#5551=CARTESIAN_POINT('Ctrl Pts',(-0.252431325729189,-98.5647878425583,
22.368378708108));
#5552=CARTESIAN_POINT('Ctrl Pts',(-7.42881867209099,-98.4300872522942,24.5957211788577));
#5553=CARTESIAN_POINT('Ctrl Pts',(-12.3019198188672,-98.2953848289177,30.3128468041302));
#5554=CARTESIAN_POINT('Ctrl Pts',(-13.3621020864395,-98.1606834755928,37.7551795578493));
#5555=CARTESIAN_POINT('Ctrl Pts',(-10.2782843092918,-98.0259815832523,44.6000200149));
#5556=CARTESIAN_POINT('Ctrl Pts',(-3.31509026927726,-97.8763135634904,49.2186405935782));
#5557=CARTESIAN_POINT('Ctrl Pts',(6.12342786047854,-97.7116780849617,48.5330902247551));
#5558=CARTESIAN_POINT('Ctrl Pts',(13.1283714762379,-97.5320754234969,40.9138931335014));
#5559=CARTESIAN_POINT('Ctrl Pts',(13.0428407480591,-97.3674394909267,31.453480911902));
#5560=CARTESIAN_POINT('Ctrl Pts',(7.85744198007042,-97.2177718079291,24.8965106034789));
#5561=CARTESIAN_POINT('Ctrl Pts',(0.781934299550014,-97.0830692731345,22.3867034710872));
#5562=CARTESIAN_POINT('Ctrl Pts',(-6.54201823798955,-96.9483683261892,24.063415494386));
#5563=CARTESIAN_POINT('Ctrl Pts',(-12.440786395761,-96.7986986859785,29.9738635245532));
#5564=CARTESIAN_POINT('Ctrl Pts',(-13.630358938331,-96.6340637694054,39.3731050567116));
#5565=CARTESIAN_POINT('Ctrl Pts',(-8.21632119047853,-96.4744174685468,46.793294422734));
#5566=CARTESIAN_POINT('Ctrl Pts',(-0.863102480111011,-96.3347263064893,
49.1728750306065));
#5567=CARTESIAN_POINT('Ctrl Pts',(5.6467901142136,-96.2149923886555,47.956546838034));
#5568=CARTESIAN_POINT('Ctrl Pts',(10.1861980041072,-96.1085609500508,44.2147815065304));
#5569=CARTESIAN_POINT('Ctrl Pts',(13.1238052271746,-95.9888261830081,38.3987557654437));
#5570=CARTESIAN_POINT('Ctrl Pts',(12.8793675878108,-95.8690911396544,31.6271262962413));
#5571=CARTESIAN_POINT('Ctrl Pts',(8.57881717934488,-95.7360529384922,25.6439016236178));
#5572=CARTESIAN_POINT('Ctrl Pts',(2.61418952441467,-95.6163176131413,22.7732944452031));
#5573=CARTESIAN_POINT('Ctrl Pts',(-3.99599752524962,-95.4965827216189,23.1338066708058));
#5574=CARTESIAN_POINT('Ctrl Pts',(-10.5783309853438,-95.3568927793227,27.193350369926));
#5575=CARTESIAN_POINT('Ctrl Pts',(-14.0704243565433,-95.1972459251142,35.679606408297));
#5576=CARTESIAN_POINT('Ctrl Pts',(-10.3877522850083,-95.0176439482803,45.3472554655248));
#5577=CARTESIAN_POINT('Ctrl Pts',(-1.10881390290953,-94.8380416621495,49.8840724018609));
#5578=CARTESIAN_POINT('Ctrl Pts',(8.78024241104184,-94.6584390360388,46.8564279263808));
#5579=CARTESIAN_POINT('Ctrl Pts',(13.0554605644183,-94.5087709507058,39.3861843301533));
#5580=CARTESIAN_POINT('Ctrl Pts',(12.742481489381,-94.3890353473588,32.8595359955205));
#5581=CARTESIAN_POINT('Ctrl Pts',(10.1118429736965,-94.2693001027768,26.8825025701009));
#5582=CARTESIAN_POINT('Ctrl Pts',(2.94558244648111,-94.1196318040254,22.0990380005396));
#5583=CARTESIAN_POINT('Ctrl Pts',(-6.10840482684634,-93.9599855539864,23.6247961895107));
#5584=CARTESIAN_POINT('Ctrl Pts',(-11.5243686981543,-93.8202952187692,29.1437272947952));
#5585=CARTESIAN_POINT('Ctrl Pts',(-13.3428980606746,-93.7005594371571,35.5056106205176));
#5586=CARTESIAN_POINT('Ctrl Pts',(-11.8643611196163,-93.580825050919,41.9676861539907));
#5587=CARTESIAN_POINT('Ctrl Pts',(-7.47305132896189,-93.4610908236184,46.9176779967308));
#5588=CARTESIAN_POINT('Ctrl Pts',(-1.2292974795719,-93.3413550176355,49.1520637761289));
#5589=CARTESIAN_POINT('Ctrl Pts',(4.57278444674724,-93.2349245086759,48.2157143503955));
#5590=CARTESIAN_POINT('Ctrl Pts',(10.0473557786715,-93.1151895249688,44.677546961146));
#5591=CARTESIAN_POINT('Ctrl Pts',(13.2545008750628,-92.9954547781812,38.7109421838812));
#5592=CARTESIAN_POINT('Ctrl Pts',(12.5639344256551,-92.8624157166332,31.3728927213057));
#5593=CARTESIAN_POINT('Ctrl Pts',(8.86664920478393,-92.7426811054216,25.8865036966049));
#5594=CARTESIAN_POINT('Ctrl Pts',(2.97502678565212,-92.622946508657,22.8527323288377));
#5595=CARTESIAN_POINT('Ctrl Pts',(-3.92087788736417,-92.4982219836424,23.0293705741028));
#5596=CARTESIAN_POINT('Ctrl Pts',(-10.0572574963115,-92.3685105113513,26.8615402285699));
#5597=CARTESIAN_POINT('Ctrl Pts',(-13.3099050939726,-92.2338071662142,33.6362530863279));
#5598=CARTESIAN_POINT('Ctrl Pts',(-12.4373302647682,-92.0991070399004,41.0981587209444));
#5599=CARTESIAN_POINT('Ctrl Pts',(-7.70862308558193,-91.9644040207079,46.9379544599936));
#5600=CARTESIAN_POINT('Ctrl Pts',(-0.590464282974728,-91.8297031810338,
49.3431552594275));
#5601=CARTESIAN_POINT('Ctrl Pts',(6.71092134793588,-91.6950010976112,47.5693159226457));
#5602=CARTESIAN_POINT('Ctrl Pts',(11.9317359291128,-91.5602992300517,42.1656416003229));
#5603=CARTESIAN_POINT('Ctrl Pts',(13.4537667134631,-91.4255982043732,34.8077342274817));
#5604=CARTESIAN_POINT('Ctrl Pts',(10.8049109768223,-91.2908952987249,27.7763370192113));
#5605=CARTESIAN_POINT('Ctrl Pts',(4.80658970235334,-91.1561952046526,23.2513323910351));
#5606=CARTESIAN_POINT('Ctrl Pts',(-2.68189946782225,-91.0214915652567,22.635588647312));
#5607=CARTESIAN_POINT('Ctrl Pts',(-9.33898523578947,-90.886791956658,26.119614384848));
#5608=CARTESIAN_POINT('Ctrl Pts',(-13.1007079063027,-90.7520880296692,32.6241825393222));
#5609=CARTESIAN_POINT('Ctrl Pts',(-12.8017694856708,-90.617388777176,40.1311726824505));
#5610=CARTESIAN_POINT('Ctrl Pts',(-8.5327072610881,-90.48268370845,46.3166184889772));
#5611=CARTESIAN_POINT('Ctrl Pts',(-3.9255212938656,-90.3928875764771,48.2756034678645));
#5612=CARTESIAN_POINT('Ctrl Pts',(-1.53622065182841,-90.3479853395993,48.5645442368845));
#5613=CARTESIAN_POINT('Ctrl Pts',(-5.93159223137474,-105.461321110489,47.1712602734359));
#5614=CARTESIAN_POINT('Ctrl Pts',(-3.80441330685709,-105.416420464826,48.2868715180782));
#5615=CARTESIAN_POINT('Ctrl Pts',(1.09156683542804,-105.326619175094,49.2860826603896));
#5616=CARTESIAN_POINT('Ctrl Pts',(8.10291284809516,-105.191916535642,46.6202635560156));
#5617=CARTESIAN_POINT('Ctrl Pts',(12.5998544623396,-105.057215690651,40.6199772740154));
#5618=CARTESIAN_POINT('Ctrl Pts',(13.1920253471767,-104.922513435794,33.1439887872518));
#5619=CARTESIAN_POINT('Ctrl Pts',(9.69389295443895,-104.787811818368,26.5106629386149));
#5620=CARTESIAN_POINT('Ctrl Pts',(3.19099385464851,-104.653110508051,22.7758664299139));
#5621=CARTESIAN_POINT('Ctrl Pts',(-4.30139560762376,-104.51840789605,23.0978361096379));
#5622=CARTESIAN_POINT('Ctrl Pts',(-10.4601255956969,-104.383707527545,27.3763101124586));
#5623=CARTESIAN_POINT('Ctrl Pts',(-13.3763402587153,-104.249004132753,34.2854938545436));
#5624=CARTESIAN_POINT('Ctrl Pts',(-12.1455488560732,-104.114304261804,41.6827196489904));
#5625=CARTESIAN_POINT('Ctrl Pts',(-7.15001079266314,-103.97960076263,47.2759714068849));
#5626=CARTESIAN_POINT('Ctrl Pts',(0.0630032555309467,-103.844900601008,
49.3293613848458));
#5627=CARTESIAN_POINT('Ctrl Pts',(7.25453725057644,-103.710197672556,47.2098461374512));
#5628=CARTESIAN_POINT('Ctrl Pts',(12.201173049575,-103.575496836042,41.567716586274));
#5629=CARTESIAN_POINT('Ctrl Pts',(13.3570468839011,-103.440794452904,34.1655061268259));
#5630=CARTESIAN_POINT('Ctrl Pts',(10.0590267662719,-103.291126868587,26.5048142984811));
#5631=CARTESIAN_POINT('Ctrl Pts',(1.79254418659138,-103.126490894309,21.9326225954056));
#5632=CARTESIAN_POINT('Ctrl Pts',(-8.21247152726842,-102.946889109343,24.4738312404934));
#5633=CARTESIAN_POINT('Ctrl Pts',(-13.777693166279,-102.76728661741,33.154704918288));
#5634=CARTESIAN_POINT('Ctrl Pts',(-11.9737023986451,-102.594336286013,42.9278301302056));
#5635=CARTESIAN_POINT('Ctrl Pts',(-5.80671737886304,-102.454645203696,47.8658988029101));
#5636=CARTESIAN_POINT('Ctrl Pts',(0.591446822492036,-102.334910631699,48.9971153510396));
#5637=CARTESIAN_POINT('Ctrl Pts',(6.29448903598291,-102.228479651182,47.6012804894106));
#5638=CARTESIAN_POINT('Ctrl Pts',(11.1639407620031,-102.108744228324,43.1250934214047));
#5639=CARTESIAN_POINT('Ctrl Pts',(13.2805639978673,-101.989009764743,36.8652602535684));
#5640=CARTESIAN_POINT('Ctrl Pts',(12.1283290823513,-101.869274819185,30.3553390692643));
#5641=CARTESIAN_POINT('Ctrl Pts',(7.98648135953097,-101.749539724563,25.2033230028812));
#5642=CARTESIAN_POINT('Ctrl Pts',(1.88057705186626,-101.62980551115,22.6750353556981));
#5643=CARTESIAN_POINT('Ctrl Pts',(-4.69397544577642,-101.510070085928,23.3959021458271));
#5644=CARTESIAN_POINT('Ctrl Pts',(-8.89844214202154,-101.416943218267,26.3456308934241));
#5645=CARTESIAN_POINT('Ctrl Pts',(-11.8322716910393,-101.32381607129,30.3996284780514));
#5646=CARTESIAN_POINT('Ctrl Pts',(-13.0896597573674,-101.243992537205,34.6135897642059));
#5647=CARTESIAN_POINT('Ctrl Pts',(-12.2396492764866,-101.117606334563,41.4272463105691));
#5648=CARTESIAN_POINT('Ctrl Pts',(-7.04001961415573,-100.971262976224,48.0106811201493));
#5649=CARTESIAN_POINT('Ctrl Pts',(3.17116735361785,-100.791661185108,49.5420192042939));
#5650=CARTESIAN_POINT('Ctrl Pts',(11.6600212858171,-100.612059124672,43.6777581108861));
#5651=CARTESIAN_POINT('Ctrl Pts',(13.4902281600073,-100.462389498387,35.2883510227924));
#5652=CARTESIAN_POINT('Ctrl Pts',(11.5986724101391,-100.362612130604,30.1868954834672));
#5653=CARTESIAN_POINT('Ctrl Pts',(9.18939113424286,-100.282787504771,26.654119291639));
#5654=CARTESIAN_POINT('Ctrl Pts',(5.26252617750289,-100.192986829934,23.627308161154));
#5655=CARTESIAN_POINT('Ctrl Pts',(-1.54012410529516,-100.068262531758,22.5580621868993));
#5656=CARTESIAN_POINT('Ctrl Pts',(-8.25324538889934,-99.9385507286711,25.2163660430253));
#5657=CARTESIAN_POINT('Ctrl Pts',(-12.6660382458048,-99.8038481456379,31.2813479436865));
#5658=CARTESIAN_POINT('Ctrl Pts',(-13.1521981379561,-99.6691469610462,38.7639668289752));
#5659=CARTESIAN_POINT('Ctrl Pts',(-9.5611899877603,-99.5344451730982,45.3478533069994));
#5660=CARTESIAN_POINT('Ctrl Pts',(-3.00605141363833,-99.3997430448298,48.9902102888759));
#5661=CARTESIAN_POINT('Ctrl Pts',(4.48089215734542,-99.2650422420997,48.5629091889058));
#5662=CARTESIAN_POINT('Ctrl Pts',(10.5788025769744,-99.1303391711693,44.1976999436221));
#5663=CARTESIAN_POINT('Ctrl Pts',(13.3971712535624,-98.9956391414277,37.2484555385836));
#5664=CARTESIAN_POINT('Ctrl Pts',(12.0623406005886,-98.86093560222,29.8688043566266));
#5665=CARTESIAN_POINT('Ctrl Pts',(6.98811914702767,-98.7262356517714,24.347352835527));
#5666=CARTESIAN_POINT('Ctrl Pts',(-0.252463114314637,-98.5915324332705,
22.3945146163185));
#5667=CARTESIAN_POINT('Ctrl Pts',(-7.41486885231986,-98.4568318430064,24.6178211003875));
#5668=CARTESIAN_POINT('Ctrl Pts',(-12.2783139230729,-98.32212941963,30.324064819013));
#5669=CARTESIAN_POINT('Ctrl Pts',(-13.3361558087334,-98.1874280663049,37.7520277235614));
#5670=CARTESIAN_POINT('Ctrl Pts',(-10.2580460506962,-98.0527261739646,44.5834960691223));
#5671=CARTESIAN_POINT('Ctrl Pts',(-3.30815411679671,-97.9030581542026,49.1929041788384));
#5672=CARTESIAN_POINT('Ctrl Pts',(6.11205835334592,-97.7384226756739,48.5083193533401));
#5673=CARTESIAN_POINT('Ctrl Pts',(13.1031454377987,-97.5588200142092,40.9036040296448));
#5674=CARTESIAN_POINT('Ctrl Pts',(13.0174162879128,-97.3941840816389,31.4615100184884));
#5675=CARTESIAN_POINT('Ctrl Pts',(7.84180457454657,-97.2445163986414,24.9174395552248));
#5676=CARTESIAN_POINT('Ctrl Pts',(0.779900271369559,-97.1098138638468,22.4127634383736));
#5677=CARTESIAN_POINT('Ctrl Pts',(-6.52980563436545,-96.9751129169016,24.0865121334125));
#5678=CARTESIAN_POINT('Ctrl Pts',(-12.4169259255237,-96.8254432766906,29.9857437155373));
#5679=CARTESIAN_POINT('Ctrl Pts',(-13.6038291559705,-96.6608083601178,39.3668317009427));
#5680=CARTESIAN_POINT('Ctrl Pts',(-8.19999359403549,-96.5011620592591,46.7724417504856));
#5681=CARTESIAN_POINT('Ctrl Pts',(-0.860917809785601,-96.3614708972016,
49.1471340374422));
#5682=CARTESIAN_POINT('Ctrl Pts',(5.63632425331283,-96.2417369793677,47.9329072208629));
#5683=CARTESIAN_POINT('Ctrl Pts',(10.16679627715,-96.135305540763,44.1982156693853));
#5684=CARTESIAN_POINT('Ctrl Pts',(13.0984911458284,-96.0155707737203,38.3933353012276));
#5685=CARTESIAN_POINT('Ctrl Pts',(12.8542671097333,-95.8958357303667,31.6348284325962));
#5686=CARTESIAN_POINT('Ctrl Pts',(8.56181045273966,-95.7627975292044,25.6633539027007));
#5687=CARTESIAN_POINT('Ctrl Pts',(2.60862269784776,-95.6430622038535,22.7985354835892));
#5688=CARTESIAN_POINT('Ctrl Pts',(-3.98875080920017,-95.5233273123312,23.1586047985033));
#5689=CARTESIAN_POINT('Ctrl Pts',(-10.5581840066646,-95.383637370035,27.21054331898));
#5690=CARTESIAN_POINT('Ctrl Pts',(-14.0431863585971,-95.2239905158264,35.6805005484298));
#5691=CARTESIAN_POINT('Ctrl Pts',(-10.3672728520821,-95.0443885389926,45.329288485814));
#5692=CARTESIAN_POINT('Ctrl Pts',(-1.10612592005592,-94.8647862528616,49.856963565712));
#5693=CARTESIAN_POINT('Ctrl Pts',(8.76366566416734,-94.6851836267512,46.834797853048));
#5694=CARTESIAN_POINT('Ctrl Pts',(13.0303169718313,-94.535515541418,39.3788586016204));
#5695=CARTESIAN_POINT('Ctrl Pts',(12.717692546271,-94.4157799380711,32.8648566771447));
#5696=CARTESIAN_POINT('Ctrl Pts',(10.0919153173722,-94.296044693489,26.8994951628614));
#5697=CARTESIAN_POINT('Ctrl Pts',(2.93934855146853,-94.1463763947375,22.1255737561157));
#5698=CARTESIAN_POINT('Ctrl Pts',(-6.09704852855965,-93.9867301446988,23.6487239676618));
#5699=CARTESIAN_POINT('Ctrl Pts',(-11.5023119913124,-93.8470398094814,29.1571775132214));
#5700=CARTESIAN_POINT('Ctrl Pts',(-13.3170772081609,-93.7273040278694,35.5068171472699));
#5701=CARTESIAN_POINT('Ctrl Pts',(-11.841152898387,-93.6075696416312,41.9563166055195));
#5702=CARTESIAN_POINT('Ctrl Pts',(-7.45815332047368,-93.4878354143308,46.8965612685864));
#5703=CARTESIAN_POINT('Ctrl Pts',(-1.22640466025807,-93.3680996083476,49.1263746363514));
#5704=CARTESIAN_POINT('Ctrl Pts',(4.56440527249138,-93.2616690993883,48.1916171746446));
#5705=CARTESIAN_POINT('Ctrl Pts',(10.0282415298035,-93.1419341156809,44.660088799146));
#5706=CARTESIAN_POINT('Ctrl Pts',(13.2289463287705,-93.0221993688936,38.7049107881722));
#5707=CARTESIAN_POINT('Ctrl Pts',(12.5394343906275,-92.8891603073454,31.3811013927018));
#5708=CARTESIAN_POINT('Ctrl Pts',(8.84909425190389,-92.769425696134,25.9054726564759));
#5709=CARTESIAN_POINT('Ctrl Pts',(2.96876536321438,-92.6496910993693,22.8778072214531));
#5710=CARTESIAN_POINT('Ctrl Pts',(-3.91378196109708,-92.5249665743546,23.0543675619672));
#5711=CARTESIAN_POINT('Ctrl Pts',(-10.038130499129,-92.3952551020637,26.8793546037016));
#5712=CARTESIAN_POINT('Ctrl Pts',(-13.2842192904966,-92.2605517569263,33.6410746828547));
#5713=CARTESIAN_POINT('Ctrl Pts',(-12.413045845929,-92.1258516306128,41.0884984578213));
#5714=CARTESIAN_POINT('Ctrl Pts',(-7.6932696827596,-91.9911486114201,46.9168041195203));
#5715=CARTESIAN_POINT('Ctrl Pts',(-0.588800834140907,-91.8564477717462,
49.3170731998381));
#5716=CARTESIAN_POINT('Ctrl Pts',(6.6983787079948,-91.7217456883233,47.5463868265527));
#5717=CARTESIAN_POINT('Ctrl Pts',(11.9088758594214,-91.587043820764,42.1529741981525));
#5718=CARTESIAN_POINT('Ctrl Pts',(13.427675621493,-91.4523427950855,34.8092551345604));
#5719=CARTESIAN_POINT('Ctrl Pts',(10.7836777132487,-91.3176398894371,27.7915749759273));
#5720=CARTESIAN_POINT('Ctrl Pts',(4.79679610227591,-91.1829397953649,23.2755634161622));
#5721=CARTESIAN_POINT('Ctrl Pts',(-2.67721640207183,-91.048236155969,22.6613009457585));
#5722=CARTESIAN_POINT('Ctrl Pts',(-9.32127877589763,-90.9135365473702,26.1388371723907));
#5723=CARTESIAN_POINT('Ctrl Pts',(-13.0754645660044,-90.7788326203815,32.6309562048325));
#5724=CARTESIAN_POINT('Ctrl Pts',(-12.7768197538034,-90.6441333678882,40.1233981012216));
#5725=CARTESIAN_POINT('Ctrl Pts',(-8.51577585634676,-90.5094282991623,46.296704483145));
#5726=CARTESIAN_POINT('Ctrl Pts',(-3.91745212090086,-90.4196321671893,48.2517144598775));
#5727=CARTESIAN_POINT('Ctrl Pts',(-1.53275585050247,-90.3747299303116,48.540004687736));
#5728=CARTESIAN_POINT('Ctrl Pts',(-5.92732545129037,-105.496238253917,47.1645186739778));
#5729=CARTESIAN_POINT('Ctrl Pts',(-3.80141841007828,-105.451337608254,48.2793253826108));
#5730=CARTESIAN_POINT('Ctrl Pts',(1.09157008304179,-105.361536318522,49.2776684085879));
#5731=CARTESIAN_POINT('Ctrl Pts',(8.09841140834298,-105.226833679069,46.6131525793758));
#5732=CARTESIAN_POINT('Ctrl Pts',(12.592250182416,-105.092132834078,40.6163753839501));
#5733=CARTESIAN_POINT('Ctrl Pts',(13.1836724804797,-104.957430579221,33.1450119599375));
#5734=CARTESIAN_POINT('Ctrl Pts',(9.6873825266141,-104.822728961795,26.5159942632371));
#5735=CARTESIAN_POINT('Ctrl Pts',(3.18834331529033,-104.688027651478,22.7838530671513));
#5736=CARTESIAN_POINT('Ctrl Pts',(-4.29936412222376,-104.553325039477,23.1060021368245));
#5737=CARTESIAN_POINT('Ctrl Pts',(-10.4540421323007,-104.418624670973,27.3821240994546));
#5738=CARTESIAN_POINT('Ctrl Pts',(-13.3680905291912,-104.283921276181,34.2871532599564));
#5739=CARTESIAN_POINT('Ctrl Pts',(-12.1376905399148,-104.149221405231,41.6797103143482));
#5740=CARTESIAN_POINT('Ctrl Pts',(-7.14497969495605,-104.014517906058,47.2692258127812));
#5741=CARTESIAN_POINT('Ctrl Pts',(0.0636468360345575,-103.879817744436,
49.320971457859));
#5742=CARTESIAN_POINT('Ctrl Pts',(7.25059509017629,-103.745114815983,47.2024114154663));
#5743=CARTESIAN_POINT('Ctrl Pts',(12.1938645765402,-103.610413979469,41.5635446004561));
#5744=CARTESIAN_POINT('Ctrl Pts',(13.3486432274578,-103.475711596331,34.1658847887728));
#5745=CARTESIAN_POINT('Ctrl Pts',(10.0522888828502,-103.326044012014,26.5101311486451));
#5746=CARTESIAN_POINT('Ctrl Pts',(1.79072162809128,-103.161408037737,21.9412050270106));
#5747=CARTESIAN_POINT('Ctrl Pts',(-8.20793474699636,-102.98180625277,24.4813388623002));
#5748=CARTESIAN_POINT('Ctrl Pts',(-13.76925090875,-102.802203760838,33.1570886193498));
#5749=CARTESIAN_POINT('Ctrl Pts',(-11.9658879407978,-102.62925342944,42.9240370588503));
#5750=CARTESIAN_POINT('Ctrl Pts',(-5.8024913508749,-102.489562347123,47.8587184629818));
#5751=CARTESIAN_POINT('Ctrl Pts',(0.591742364625449,-102.369827775126,48.9889051315545));
#5752=CARTESIAN_POINT('Ctrl Pts',(6.29116635119802,-102.26339679461,47.5936505432324));
#5753=CARTESIAN_POINT('Ctrl Pts',(11.1573554765836,-102.143661371751,43.1200049089404));
#5754=CARTESIAN_POINT('Ctrl Pts',(13.2723458515322,-102.02392690817,36.8639613309146));
#5755=CARTESIAN_POINT('Ctrl Pts',(12.120496729511,-101.904191962612,30.3581531528343));
#5756=CARTESIAN_POINT('Ctrl Pts',(7.98096872286436,-101.78445686799,25.2095544644506));
#5757=CARTESIAN_POINT('Ctrl Pts',(1.87873570763843,-101.664722654577,22.6831520945856));
#5758=CARTESIAN_POINT('Ctrl Pts',(-4.69168285417431,-101.544987229355,23.403901015264));
#5759=CARTESIAN_POINT('Ctrl Pts',(-8.89338492551598,-101.451860361694,26.3520096559048));
#5760=CARTESIAN_POINT('Ctrl Pts',(-11.8251800828681,-101.358733214718,30.4036281594967));
#5761=CARTESIAN_POINT('Ctrl Pts',(-13.0815718387294,-101.278909680632,34.615030445492));
#5762=CARTESIAN_POINT('Ctrl Pts',(-12.2317458460749,-101.152523477991,41.4243992853102));
#5763=CARTESIAN_POINT('Ctrl Pts',(-7.035019271926,-101.006180119651,48.0034732876358));
#5764=CARTESIAN_POINT('Ctrl Pts',(3.16988564570314,-100.826578328536,49.53333879879));
#5765=CARTESIAN_POINT('Ctrl Pts',(11.6531578644981,-100.646976268099,43.6722994302155));
#5766=CARTESIAN_POINT('Ctrl Pts',(13.4817975236319,-100.497306641814,35.2880239585537));
#5767=CARTESIAN_POINT('Ctrl Pts',(11.5911618648311,-100.397529274032,30.1898393557756));
#5768=CARTESIAN_POINT('Ctrl Pts',(9.18320292229287,-100.317704648199,26.6593887510852));
#5769=CARTESIAN_POINT('Ctrl Pts',(5.25862908429146,-100.227903973361,23.6346586001363));
#5770=CARTESIAN_POINT('Ctrl Pts',(-1.53983904979586,-100.103179675185,22.5664250155196));
#5771=CARTESIAN_POINT('Ctrl Pts',(-8.24864586269358,-99.9734678720984,25.2234128241143));
#5772=CARTESIAN_POINT('Ctrl Pts',(-12.6583830433495,-99.8387652890653,31.2848422292592));
#5773=CARTESIAN_POINT('Ctrl Pts',(-13.1438609902684,-99.7040641044736,38.7628259841131));
#5774=CARTESIAN_POINT('Ctrl Pts',(-9.55475514377915,-99.5693623165255,45.3424306670807));
#5775=CARTESIAN_POINT('Ctrl Pts',(-3.00351391041165,-99.4346601882572,48.9821871134078));
#5776=CARTESIAN_POINT('Ctrl Pts',(4.47874580290549,-99.2999593855271,48.5547725583582));
#5777=CARTESIAN_POINT('Ctrl Pts',(10.5726376645543,-99.1652563145966,44.1919724152387));
#5778=CARTESIAN_POINT('Ctrl Pts',(13.3888989981094,-99.0305562848551,37.2469125132059));
#5779=CARTESIAN_POINT('Ctrl Pts',(12.0545254310036,-98.8958527456474,29.8719243974622));
#5780=CARTESIAN_POINT('Ctrl Pts',(6.98318382162049,-98.7611527951988,24.3541684111296));
#5781=CARTESIAN_POINT('Ctrl Pts',(-0.252988623955751,-98.6264495766979,
22.402913319054));
#5782=CARTESIAN_POINT('Ctrl Pts',(-7.41082157066613,-98.4917489864338,24.6251984637099));
#5783=CARTESIAN_POINT('Ctrl Pts',(-12.2709487320152,-98.3570465630574,30.3281353570855));
#5784=CARTESIAN_POINT('Ctrl Pts',(-13.3277554827158,-98.2223452097324,37.751526496395));
#5785=CARTESIAN_POINT('Ctrl Pts',(-10.2512157969555,-98.0876433173919,44.5785845741268));
#5786=CARTESIAN_POINT('Ctrl Pts',(-3.30541894337739,-97.9379752976301,49.1847703239387));
#5787=CARTESIAN_POINT('Ctrl Pts',(6.10889413143953,-97.7733398191013,48.5001333499076));
#5788=CARTESIAN_POINT('Ctrl Pts',(13.0952418323145,-97.5937371576366,40.8997995203472));
#5789=CARTESIAN_POINT('Ctrl Pts',(13.0090869854987,-97.4291012250663,31.4635908188981));
#5790=CARTESIAN_POINT('Ctrl Pts',(7.83636660884214,-97.2794335420688,24.9238564030667));
#5791=CARTESIAN_POINT('Ctrl Pts',(0.778732863217951,-97.1447310072742,22.4210986582595));
#5792=CARTESIAN_POINT('Ctrl Pts',(-6.52633659406076,-97.0100300603289,24.094175385118));
#5793=CARTESIAN_POINT('Ctrl Pts',(-12.4094910815975,-96.8603604201179,29.990031788048));
#5794=CARTESIAN_POINT('Ctrl Pts',(-13.5951809306112,-96.6957255035452,39.3653381194683));
#5795=CARTESIAN_POINT('Ctrl Pts',(-8.19433288289553,-96.5360792026865,46.7660637817583));
#5796=CARTESIAN_POINT('Ctrl Pts',(-0.859708100904883,-96.3963880406289,
49.138904073988));
#5797=CARTESIAN_POINT('Ctrl Pts',(5.63342590830724,-96.2766541227952,47.9251050110163));
#5798=CARTESIAN_POINT('Ctrl Pts',(10.1608881836956,-96.1702226841904,44.1925079413593));
#5799=CARTESIAN_POINT('Ctrl Pts',(13.0904631065002,-96.0504879171478,38.3910948229384));
#5800=CARTESIAN_POINT('Ctrl Pts',(12.8460479104434,-95.9307528737941,31.636808407948));
#5801=CARTESIAN_POINT('Ctrl Pts',(8.55596247413548,-95.7977146726318,25.6692704275816));
#5802=CARTESIAN_POINT('Ctrl Pts',(2.60633605536858,-95.6779793472809,22.8065376438412));
#5803=CARTESIAN_POINT('Ctrl Pts',(-3.98691108508878,-95.5582444557586,23.166717156153));
#5804=CARTESIAN_POINT('Ctrl Pts',(-10.5520473287767,-95.4185545134624,27.2164650215607));
#5805=CARTESIAN_POINT('Ctrl Pts',(-14.034450887969,-95.2589076592539,35.6813252342391));
#5806=CARTESIAN_POINT('Ctrl Pts',(-10.3603369257939,-95.0793056824199,45.3239182666428));
#5807=CARTESIAN_POINT('Ctrl Pts',(-1.10472757386053,-94.8997033962893,49.8483041072181));
#5808=CARTESIAN_POINT('Ctrl Pts',(8.758764677094,-94.7201007701783,46.8275207974395));
#5809=CARTESIAN_POINT('Ctrl Pts',(13.0223813499414,-94.5704326848455,39.3760062848217));
#5810=CARTESIAN_POINT('Ctrl Pts',(12.7096211693187,-94.4506970814984,32.8660777997679));
#5811=CARTESIAN_POINT('Ctrl Pts',(10.0851773098305,-94.3309618369165,26.9045652453329));
#5812=CARTESIAN_POINT('Ctrl Pts',(2.93682161278522,-94.181293538165,22.1339774395729));
#5813=CARTESIAN_POINT('Ctrl Pts',(-6.09387126073768,-94.0216472881261,23.6566384573494));
#5814=CARTESIAN_POINT('Ctrl Pts',(-11.495489777659,-93.8819569529088,29.1619359492722));
#5815=CARTESIAN_POINT('Ctrl Pts',(-13.3088019958406,-93.7622211712969,35.5077117866835));
#5816=CARTESIAN_POINT('Ctrl Pts',(-11.8334702006214,-93.6424867850585,41.9531228263324));
#5817=CARTESIAN_POINT('Ctrl Pts',(-7.45295013066551,-93.5227525577582,46.8900662159201));
#5818=CARTESIAN_POINT('Ctrl Pts',(-1.22496838352152,-93.403016751775,49.1181771442264));
#5819=CARTESIAN_POINT('Ctrl Pts',(4.56218870134046,-93.2965862428156,48.1837071072122));
#5820=CARTESIAN_POINT('Ctrl Pts',(10.0224428119585,-93.1768512591083,44.6541011209271));
#5821=CARTESIAN_POINT('Ctrl Pts',(13.2208526217177,-93.057116512321,38.7024702255053));
#5822=CARTESIAN_POINT('Ctrl Pts',(12.5313985956242,-92.9240774507728,31.3832545045018));
#5823=CARTESIAN_POINT('Ctrl Pts',(8.84307974039088,-92.8043428395613,25.9112248212415));
#5824=CARTESIAN_POINT('Ctrl Pts',(2.9662580794204,-92.6846082427966,22.8857411264348));
#5825=CARTESIAN_POINT('Ctrl Pts',(-3.91199369258686,-92.5598837177821,23.06254121821));
#5826=CARTESIAN_POINT('Ctrl Pts',(-10.0323351591429,-92.4301722454908,26.8854565411448));
#5827=CARTESIAN_POINT('Ctrl Pts',(-13.2760595235943,-92.2954689003539,33.6431307642908));
#5828=CARTESIAN_POINT('Ctrl Pts',(-12.4050511201494,-92.16076877404,41.0858726814723));
#5829=CARTESIAN_POINT('Ctrl Pts',(-7.68791847655935,-92.0260657548476,46.9103097473364));
#5830=CARTESIAN_POINT('Ctrl Pts',(-0.587752011153865,-91.8913649151735,
49.308723946751));
#5831=CARTESIAN_POINT('Ctrl Pts',(6.6947999653017,-91.7566628317507,47.5387707690287));
#5832=CARTESIAN_POINT('Ctrl Pts',(11.9017790222362,-91.6219609641915,42.1484525153608));
#5833=CARTESIAN_POINT('Ctrl Pts',(13.4192607265103,-91.4872599385127,34.8092294843136));
#5834=CARTESIAN_POINT('Ctrl Pts',(10.7765534342044,-91.3525570328646,27.7960533526499));
#5835=CARTESIAN_POINT('Ctrl Pts',(4.79317107889359,-91.2178569387923,23.2831575165549));
#5836=CARTESIAN_POINT('Ctrl Pts',(-2.67621861585225,-91.0831532993963,22.6696564206295));
#5837=CARTESIAN_POINT('Ctrl Pts',(-9.31596692743576,-90.9484536907977,26.1453640853077));
#5838=CARTESIAN_POINT('Ctrl Pts',(-13.0674866511802,-90.8137497638088,32.6336305180027));
#5839=CARTESIAN_POINT('Ctrl Pts',(-12.7686462341931,-90.6790505113156,40.1213920589653));
#5840=CARTESIAN_POINT('Ctrl Pts',(-8.50994638220418,-90.5443454425896,46.2906373415871));
#5841=CARTESIAN_POINT('Ctrl Pts',(-3.91438029978046,-90.4545493106167,48.2441985041637));
#5842=CARTESIAN_POINT('Ctrl Pts',(-1.53115867207538,-90.409647073739,48.53218780878));
#5843=CARTESIAN_POINT('Ctrl Pts',(-5.9270795825929,-105.511196657793,47.1646475985166));
#5844=CARTESIAN_POINT('Ctrl Pts',(-3.80114641232033,-105.46629601213,48.2794090797229));
#5845=CARTESIAN_POINT('Ctrl Pts',(1.09186079726297,-105.376494722399,49.277644530035));
#5846=CARTESIAN_POINT('Ctrl Pts',(8.09864600092025,-105.241792082946,46.612976884889));
#5847=CARTESIAN_POINT('Ctrl Pts',(12.5923536418808,-105.107091237955,40.616101491023));
#5848=CARTESIAN_POINT('Ctrl Pts',(13.183613833015,-104.972388983098,33.1447251831836));
#5849=CARTESIAN_POINT('Ctrl Pts',(9.68717941287554,-104.837687365672,26.5157833067965));
#5850=CARTESIAN_POINT('Ctrl Pts',(3.18805896759508,-104.702986055355,22.7837834254941));
#5851=CARTESIAN_POINT('Ctrl Pts',(-4.2996416834724,-104.568283443354,23.1060953533211));
#5852=CARTESIAN_POINT('Ctrl Pts',(-10.4542268007682,-104.43358307485,27.3823512967779));
#5853=CARTESIAN_POINT('Ctrl Pts',(-13.3681250811909,-104.298879680058,34.2874439990192));
#5854=CARTESIAN_POINT('Ctrl Pts',(-12.1375642602623,-104.164179809108,41.6799744607521));
#5855=CARTESIAN_POINT('Ctrl Pts',(-7.14473171863584,-104.029476309935,47.2693814943682));
#5856=CARTESIAN_POINT('Ctrl Pts',(0.0639396018813208,-103.894776148313,
49.3209703773964));
#5857=CARTESIAN_POINT('Ctrl Pts',(7.25084195446115,-103.76007321986,47.2022539822431));
#5858=CARTESIAN_POINT('Ctrl Pts',(12.1939888721391,-103.625372383346,41.5632794659109));
#5859=CARTESIAN_POINT('Ctrl Pts',(13.3486067009796,-103.490670000208,34.1655944619308));
#5860=CARTESIAN_POINT('Ctrl Pts',(10.0520855495054,-103.341002415891,26.5099120624268));
#5861=CARTESIAN_POINT('Ctrl Pts',(1.79041896607951,-103.176366441614,21.9411658646885));
#5862=CARTESIAN_POINT('Ctrl Pts',(-8.20818251082389,-102.996764656647,24.4815170500072));
#5863=CARTESIAN_POINT('Ctrl Pts',(-13.7693100180102,-102.817162164715,33.1573881591871));
#5864=CARTESIAN_POINT('Ctrl Pts',(-11.9657346023854,-102.644211833317,42.9242973418045));
#5865=CARTESIAN_POINT('Ctrl Pts',(-5.80223124390179,-102.504520751,47.8588446023172));
#5866=CARTESIAN_POINT('Ctrl Pts',(0.592028943558264,-102.384786179003,48.9888927632172));
#5867=CARTESIAN_POINT('Ctrl Pts',(6.29142083437413,-102.278355198486,47.5935140450536));
#5868=CARTESIAN_POINT('Ctrl Pts',(11.1575144129458,-102.158619775628,43.1197620373581));
#5869=CARTESIAN_POINT('Ctrl Pts',(13.2723675198322,-102.038885312047,36.8636728596763));
#5870=CARTESIAN_POINT('Ctrl Pts',(12.1203776763299,-101.919150366489,30.3578892199465));
#5871=CARTESIAN_POINT('Ctrl Pts',(7.98073674090359,-101.799415271867,25.2093808405675));
#5872=CARTESIAN_POINT('Ctrl Pts',(1.87844996948206,-101.679681058454,22.6831105253904));
#5873=CARTESIAN_POINT('Ctrl Pts',(-4.69195469478157,-101.559945633232,23.4040034617418));
#5874=CARTESIAN_POINT('Ctrl Pts',(-8.89359121722041,-101.466818765571,26.3522018638682));
#5875=CARTESIAN_POINT('Ctrl Pts',(-11.825299271117,-101.373691618595,30.4038858338305));
#5876=CARTESIAN_POINT('Ctrl Pts',(-13.081599287518,-101.293868084509,34.6153149017523));
#5877=CARTESIAN_POINT('Ctrl Pts',(-12.2316248769219,-101.167481881868,41.4246662230798));
#5878=CARTESIAN_POINT('Ctrl Pts',(-7.03475555199117,-101.021138523528,48.0036261799396));
#5879=CARTESIAN_POINT('Ctrl Pts',(3.17018337829102,-100.841536732412,49.5332703923373));
#5880=CARTESIAN_POINT('Ctrl Pts',(11.6533274858529,-100.661934671976,43.6720461851199));
#5881=CARTESIAN_POINT('Ctrl Pts',(13.4817858797252,-100.512265045691,35.2877306550644));
#5882=CARTESIAN_POINT('Ctrl Pts',(11.5910388709111,-100.412487677908,30.1895878734225));
#5883=CARTESIAN_POINT('Ctrl Pts',(9.18300255159321,-100.332663052075,26.6591878461502));
#5884=CARTESIAN_POINT('Ctrl Pts',(5.25836316360145,-100.242862377238,23.634544414305));
#5885=CARTESIAN_POINT('Ctrl Pts',(-1.54012847832695,-100.118138079062,22.5664578699143));
#5886=CARTESIAN_POINT('Ctrl Pts',(-8.2488773503589,-99.9884262759753,25.2235921689524));
#5887=CARTESIAN_POINT('Ctrl Pts',(-12.6584829261395,-99.8537236929421,31.2851173776443));
#5888=CARTESIAN_POINT('Ctrl Pts',(-13.1437981586099,-99.7190225083505,38.7631119917418));
#5889=CARTESIAN_POINT('Ctrl Pts',(-9.55454914656835,-99.5843207204022,45.3426386960844));
#5890=CARTESIAN_POINT('Ctrl Pts',(-3.00322857476202,-99.4496185921342,48.9822527582886));
#5891=CARTESIAN_POINT('Ctrl Pts',(4.47902200680385,-99.3149177894038,48.5546754276301));
#5892=CARTESIAN_POINT('Ctrl Pts',(10.5728191155824,-99.1802147184736,44.1917426400021));
#5893=CARTESIAN_POINT('Ctrl Pts',(13.3889294481025,-99.0455146887319,37.2466213151009));
#5894=CARTESIAN_POINT('Ctrl Pts',(12.0543954314748,-98.9108111495242,29.8716620562075));
#5895=CARTESIAN_POINT('Ctrl Pts',(6.98293369001605,-98.7761111990757,24.3540162481705));
#5896=CARTESIAN_POINT('Ctrl Pts',(-0.253281376112875,-98.6414079805747,
22.402918513873));
#5897=CARTESIAN_POINT('Ctrl Pts',(-7.41106612930483,-98.5067073903107,24.6253593932938));
#5898=CARTESIAN_POINT('Ctrl Pts',(-12.2710693985703,-98.3720049669342,30.3284021541984));
#5899=CARTESIAN_POINT('Ctrl Pts',(-13.3277146171362,-98.2373036136093,37.7518164113147));
#5900=CARTESIAN_POINT('Ctrl Pts',(-10.2510265382159,-98.1026017212686,44.5788078095835));
#5901=CARTESIAN_POINT('Ctrl Pts',(-3.30512885446774,-97.9529337015071,49.184842437359));
#5902=CARTESIAN_POINT('Ctrl Pts',(6.10916886697681,-97.7882982229779,48.5000010784992));
#5903=CARTESIAN_POINT('Ctrl Pts',(13.0953516093,-97.6086955615135,40.8995149299057));
#5904=CARTESIAN_POINT('Ctrl Pts',(13.0089917051935,-97.4440596289432,31.4633072804301));
#5905=CARTESIAN_POINT('Ctrl Pts',(7.83612885726581,-97.2943919459456,24.9236859110943));
#5906=CARTESIAN_POINT('Ctrl Pts',(0.778440512019708,-97.1596894111511,22.4210813056609));
#5907=CARTESIAN_POINT('Ctrl Pts',(-6.52659260359003,-97.0249884642057,24.0943171098687));
#5908=CARTESIAN_POINT('Ctrl Pts',(-12.4096193433601,-96.8753188239949,29.9903016691056));
#5909=CARTESIAN_POINT('Ctrl Pts',(-13.5951046565779,-96.7106839074219,39.3656340705236));
#5910=CARTESIAN_POINT('Ctrl Pts',(-8.19409649901615,-96.5510376065634,46.7662418616136));
#5911=CARTESIAN_POINT('Ctrl Pts',(-0.859419333754957,-96.4113464445057,
49.1389232436961));
#5912=CARTESIAN_POINT('Ctrl Pts',(5.63368871302334,-96.291612526672,47.924982421145));
#5913=CARTESIAN_POINT('Ctrl Pts',(10.1610695193608,-96.1851810880672,44.1922874906996));
#5914=CARTESIAN_POINT('Ctrl Pts',(13.0905183521623,-96.0654463210246,38.3908099794592));
#5915=CARTESIAN_POINT('Ctrl Pts',(12.8459565200377,-95.9457112776709,31.6365289864338));
#5916=CARTESIAN_POINT('Ctrl Pts',(8.55574070340088,-95.8126730765087,25.669083973151));
#5917=CARTESIAN_POINT('Ctrl Pts',(2.60605214116971,-95.6929377511577,22.8064806062964));
#5918=CARTESIAN_POINT('Ctrl Pts',(-3.98718724373395,-95.5732028596354,23.1668035681104));
#5919=CARTESIAN_POINT('Ctrl Pts',(-10.5522358751168,-95.4335129173392,27.2166945748735));
#5920=CARTESIAN_POINT('Ctrl Pts',(-14.0344550148748,-95.2738660631308,35.6816304241619));
#5921=CARTESIAN_POINT('Ctrl Pts',(-10.3601313817417,-95.0942640862967,45.3241438204759));
#5922=CARTESIAN_POINT('Ctrl Pts',(-1.10442336010006,-94.9146618001661,49.8483285783088));
#5923=CARTESIAN_POINT('Ctrl Pts',(8.75900345539316,-94.7350591740551,46.827330247327));
#5924=CARTESIAN_POINT('Ctrl Pts',(13.0224580051608,-94.5853910887224,39.3757237164849));
#5925=CARTESIAN_POINT('Ctrl Pts',(12.7095563146826,-94.4656554853753,32.8658012856674));
#5926=CARTESIAN_POINT('Ctrl Pts',(10.0849823944339,-94.3459202407932,26.9043451255974));
#5927=CARTESIAN_POINT('Ctrl Pts',(2.93652318307662,-94.1962519420418,22.1339135720923));
#5928=CARTESIAN_POINT('Ctrl Pts',(-6.09413672757369,-94.0366056920031,23.6567704945766));
#5929=CARTESIAN_POINT('Ctrl Pts',(-11.4956355020667,-93.8969153567855,29.1621855643993));
#5930=CARTESIAN_POINT('Ctrl Pts',(-13.3088102327094,-93.7771795751737,35.5080018542274));
#5931=CARTESIAN_POINT('Ctrl Pts',(-11.8333379865827,-93.6574451889354,41.9533797045877));
#5932=CARTESIAN_POINT('Ctrl Pts',(-7.45271014987663,-93.537710961635,46.8902292408353));
#5933=CARTESIAN_POINT('Ctrl Pts',(-1.22468008124364,-93.4179751556519,49.1182037681056));
#5934=CARTESIAN_POINT('Ctrl Pts',(4.56245653747715,-93.3115446466925,48.183608346853));
#5935=CARTESIAN_POINT('Ctrl Pts',(10.0226343441267,-93.1918096629852,44.6538833859031));
#5936=CARTESIAN_POINT('Ctrl Pts',(13.2209147574492,-93.0720749161978,38.7021822885027));
#5937=CARTESIAN_POINT('Ctrl Pts',(12.5313015715762,-92.9390358546496,31.3829823174831));
#5938=CARTESIAN_POINT('Ctrl Pts',(8.84286320424916,-92.8193012434381,25.9110316556964));
#5939=CARTESIAN_POINT('Ctrl Pts',(2.96597608239487,-92.6995666466736,22.8856765706866));
#5940=CARTESIAN_POINT('Ctrl Pts',(-3.91227236184537,-92.5748421216588,23.0626259028282));
#5941=CARTESIAN_POINT('Ctrl Pts',(-10.0325305508338,-92.4451306493678,26.885674611129));
#5942=CARTESIAN_POINT('Ctrl Pts',(-13.2761081167029,-92.3104273042307,33.6434194577681));
#5943=CARTESIAN_POINT('Ctrl Pts',(-12.404937745298,-92.1757271779169,41.0861426453917));
#5944=CARTESIAN_POINT('Ctrl Pts',(-7.68767833097793,-92.0410241587245,46.9104772195625));
#5945=CARTESIAN_POINT('Ctrl Pts',(-0.587459516852183,-91.9063233190503,
49.3087370462643));
#5946=CARTESIAN_POINT('Ctrl Pts',(6.69505411927585,-91.7716212356276,47.5386254151678));
#5947=CARTESIAN_POINT('Ctrl Pts',(11.9019160585516,-91.6369193680683,42.1481937812409));
#5948=CARTESIAN_POINT('Ctrl Pts',(13.4192381451565,-91.5022183423897,34.808937568438));
#5949=CARTESIAN_POINT('Ctrl Pts',(10.7763782697913,-91.3675154367414,27.7958187642392));
#5950=CARTESIAN_POINT('Ctrl Pts',(4.79289756400769,-91.2328153426692,23.2830529580569));
#5951=CARTESIAN_POINT('Ctrl Pts',(-2.67650554822844,-91.098111703273,22.6697143445036));
#5952=CARTESIAN_POINT('Ctrl Pts',(-9.31617861345444,-90.9634120946745,26.1455664614691));
#5953=CARTESIAN_POINT('Ctrl Pts',(-13.0675568865608,-90.8287081676857,32.6339147517799));
#5954=CARTESIAN_POINT('Ctrl Pts',(-12.7685544219222,-90.6940089151923,40.1216697498623));
#5955=CARTESIAN_POINT('Ctrl Pts',(-8.50971854174133,-90.5593038464665,46.2908229939881));
#5956=CARTESIAN_POINT('Ctrl Pts',(-3.91411306606487,-90.4695077144936,48.2442833611474));
#5957=CARTESIAN_POINT('Ctrl Pts',(-1.53088305621803,-90.4246054776158,48.5322211082135));
#5958=CARTESIAN_POINT('',(-5.95172531637085,-90.4246054776158,47.2081882212086));
#5959=CARTESIAN_POINT('Ctrl Pts',(-5.95177873453186,-90.4246056132587,47.2061150776477));
#5960=CARTESIAN_POINT('Ctrl Pts',(-5.86086156149683,-90.4246056589333,47.2499794476402));
#5961=CARTESIAN_POINT('Ctrl Pts',(-5.7629688723535,-90.4246219908549,47.2963542152049));
#5962=CARTESIAN_POINT('Ctrl Pts',(-5.65809019464668,-90.4246374893063,47.3446215425073));
#5963=CARTESIAN_POINT('Ctrl Pts',(-5.55134007390605,-90.4246532643103,47.3937501464335));
#5964=CARTESIAN_POINT('Ctrl Pts',(-5.43735158674916,-90.42466831823,47.4448392584581));
#5965=CARTESIAN_POINT('Ctrl Pts',(-5.31612197690354,-90.4246753144695,47.4971853738156));
#5966=CARTESIAN_POINT('Ctrl Pts',(-5.19504029119273,-90.4246823021722,47.5494676165446));
#5967=CARTESIAN_POINT('Ctrl Pts',(-5.06673436847135,-90.4246814010949,47.6030034360264));
#5968=CARTESIAN_POINT('Ctrl Pts',(-4.93122182413199,-90.4246736524099,47.6570449190617));
#5969=CARTESIAN_POINT('Ctrl Pts',(-4.79739466084839,-90.4246660000959,47.7104142835696));
#5970=CARTESIAN_POINT('Ctrl Pts',(-4.65653840649126,-90.4246518047332,47.7642763838641));
#5971=CARTESIAN_POINT('Ctrl Pts',(-4.50870014101881,-90.4246380966759,47.8178709979809));
#5972=CARTESIAN_POINT('Ctrl Pts',(-4.38912384286092,-90.4246270091626,47.8612200290103));
#5973=CARTESIAN_POINT('Ctrl Pts',(-4.26498029805917,-90.4246163767513,47.9043932421972));
#5974=CARTESIAN_POINT('Ctrl Pts',(-4.1363130044537,-90.4246119984944,47.9469717571978));
#5975=CARTESIAN_POINT('Ctrl Pts',(-4.02441140529212,-90.4246081907362,47.9840021771668));
#5976=CARTESIAN_POINT('Ctrl Pts',(-3.91216374516553,-90.4246110168974,48.0195635758703));
#5977=CARTESIAN_POINT('Ctrl Pts',(-3.79957661743885,-90.4246163482065,48.0536510571541));
#5978=CARTESIAN_POINT('Ctrl Pts',(-3.55550741267958,-90.4246279055522,48.1275467556871));
#5979=CARTESIAN_POINT('Ctrl Pts',(-3.30984236406614,-90.424648392543,48.1945179902545));
#5980=CARTESIAN_POINT('Ctrl Pts',(-3.06264156212758,-90.4246540039087,48.2544558849331));
#5981=CARTESIAN_POINT('Ctrl Pts',(-2.79721539450375,-90.4246600289835,48.3188128188718));
#5982=CARTESIAN_POINT('Ctrl Pts',(-2.53001879389927,-90.4246502366425,48.3750616522154));
#5983=CARTESIAN_POINT('Ctrl Pts',(-2.26113099053972,-90.4246352822069,48.4230205873794));
#5984=CARTESIAN_POINT('Ctrl Pts',(-2.01906569363615,-90.424621819529,48.4661954496625));
#5985=CARTESIAN_POINT('Ctrl Pts',(-1.77562994874445,-90.4246054776158,48.5026512099895));
#5986=CARTESIAN_POINT('Ctrl Pts',(-1.53088305621873,-90.4246054776158,48.5322211082134));
#5987=CARTESIAN_POINT('Ctrl Pts',(12.7641229855597,-91.5209107220954,35.8612666572099));
#5988=CARTESIAN_POINT('Ctrl Pts',(12.761248907804,-91.5595804066385,37.9280847857969));
#5989=CARTESIAN_POINT('Ctrl Pts',(11.6610624591198,-91.643150266838,42.3975387565185));
#5990=CARTESIAN_POINT('Ctrl Pts',(6.69505411927585,-91.7716212356276,47.5386254151678));
#5991=CARTESIAN_POINT('Ctrl Pts',(-0.587459516852183,-91.9063233190503,
49.3087370462643));
#5992=CARTESIAN_POINT('Ctrl Pts',(-7.68767833097793,-92.0410241587245,46.9104772195625));
#5993=CARTESIAN_POINT('Ctrl Pts',(-12.404937745298,-92.1757271779169,41.0861426453917));
#5994=CARTESIAN_POINT('Ctrl Pts',(-13.2761081167029,-92.3104273042307,33.6434194577681));
#5995=CARTESIAN_POINT('Ctrl Pts',(-10.0325305508338,-92.4451306493678,26.885674611129));
#5996=CARTESIAN_POINT('Ctrl Pts',(-3.91227236184537,-92.5748421216588,23.0626259028282));
#5997=CARTESIAN_POINT('Ctrl Pts',(2.96597608239487,-92.6995666466736,22.8856765706866));
#5998=CARTESIAN_POINT('Ctrl Pts',(8.84286320424916,-92.8193012434381,25.9110316556964));
#5999=CARTESIAN_POINT('Ctrl Pts',(12.1419743527035,-92.9263974590623,30.8053993078729));
#6000=CARTESIAN_POINT('Ctrl Pts',(12.762775940251,-92.9935823946179,34.4025223706896));
#6001=CARTESIAN_POINT('Ctrl Pts',(12.7651005388222,-93.0208556352142,35.8612630970475));
#6002=CARTESIAN_POINT('',(-5.95172531637247,-105.424605477616,47.2081882212077));
#6003=CARTESIAN_POINT('Ctrl Pts',(-5.95172531637259,-105.424605477616,47.2081882212077));
#6004=CARTESIAN_POINT('Ctrl Pts',(-5.85923571069357,-105.424605477616,47.2529585892251));
#6005=CARTESIAN_POINT('Ctrl Pts',(-5.75951047199278,-105.424622363307,47.3002964180521));
#6006=CARTESIAN_POINT('Ctrl Pts',(-5.65253379672051,-105.424638172804,47.3495386931689));
#6007=CARTESIAN_POINT('Ctrl Pts',(-5.54288807536449,-105.424654376744,47.4000095529395));
#6008=CARTESIAN_POINT('Ctrl Pts',(-5.42562356020019,-105.424669596286,47.4524807632687));
#6009=CARTESIAN_POINT('Ctrl Pts',(-5.30073431029946,-105.424676225022,47.5061865842233));
#6010=CARTESIAN_POINT('Ctrl Pts',(-5.17619148281688,-105.42468283537,47.5597434339863));
#6011=CARTESIAN_POINT('Ctrl Pts',(-5.04406525708385,-105.424681071627,47.6145275043926));
#6012=CARTESIAN_POINT('Ctrl Pts',(-4.90437497336787,-105.424672459269,47.6697353514974));
#6013=CARTESIAN_POINT('Ctrl Pts',(-4.76750798522044,-105.424664020977,47.7238273867794));
#6014=CARTESIAN_POINT('Ctrl Pts',(-4.62337895694852,-105.424649162869,47.7783256306178));
#6015=CARTESIAN_POINT('Ctrl Pts',(-4.47204164581679,-105.424635629014,47.8324407653874));
#6016=CARTESIAN_POINT('Ctrl Pts',(-4.36376249971617,-105.424625945781,47.871159178845));
#6017=CARTESIAN_POINT('Ctrl Pts',(-4.25179405000651,-105.424617073761,47.9096807612853));
#6018=CARTESIAN_POINT('Ctrl Pts',(-4.1361701136522,-105.424613270404,47.9477080681317));
#6019=CARTESIAN_POINT('Ctrl Pts',(-4.02421435981868,-105.424609587708,47.9845289543467));
#6020=CARTESIAN_POINT('Ctrl Pts',(-3.91190574350413,-105.424612487576,48.0198742480252));
#6021=CARTESIAN_POINT('Ctrl Pts',(-3.79925395694697,-105.424617851816,48.0537469578348));
#6022=CARTESIAN_POINT('Ctrl Pts',(-3.55419933358472,-105.424629520799,48.1274312232896));
#6023=CARTESIAN_POINT('Ctrl Pts',(-3.30752025058822,-105.424649964936,48.1941492927321));
#6024=CARTESIAN_POINT('Ctrl Pts',(-3.05930863172194,-105.424655310416,48.2538725779266));
#6025=CARTESIAN_POINT('Ctrl Pts',(-2.78778709132548,-105.424661157899,48.3192045654767));
#6026=CARTESIAN_POINT('Ctrl Pts',(-2.51443169534,-105.424650262334,48.3761668381198));
#6027=CARTESIAN_POINT('Ctrl Pts',(-2.23936888594861,-105.424634547117,48.4246733177336));
#6028=CARTESIAN_POINT('Ctrl Pts',(-2.00402592550115,-105.424621101221,48.4661753242697));
#6029=CARTESIAN_POINT('Ctrl Pts',(-1.76743322465116,-105.424605442232,48.5014864008503));
#6030=CARTESIAN_POINT('Ctrl Pts',(-1.52967245239398,-105.424605352931,48.5305244862293));
#6031=CARTESIAN_POINT('Ctrl Pts',(-5.95172531637259,-105.424605477616,47.2081882212077));
#6032=CARTESIAN_POINT('Ctrl Pts',(-3.81760305257303,-105.379704831953,48.3275850568597));
#6033=CARTESIAN_POINT('Ctrl Pts',(1.09444939002516,-105.289903542221,49.3303477303959));
#6034=CARTESIAN_POINT('Ctrl Pts',(8.12902288354919,-105.155200902768,46.6561221202696));
#6035=CARTESIAN_POINT('Ctrl Pts',(12.6410920926609,-105.020500057778,40.6363166478057));
#6036=CARTESIAN_POINT('Ctrl Pts',(13.235609627188,-104.885797802921,33.1357417458533));
#6037=CARTESIAN_POINT('Ctrl Pts',(9.72631078177832,-104.751096185494,26.4803872461248));
#6038=CARTESIAN_POINT('Ctrl Pts',(3.20219653722708,-104.616394875178,22.7329469461473));
#6039=CARTESIAN_POINT('Ctrl Pts',(-4.31488170110756,-104.481692263176,23.0555788740223));
#6040=CARTESIAN_POINT('Ctrl Pts',(-10.4941190923498,-104.346991894672,27.3478143328635));
#6041=CARTESIAN_POINT('Ctrl Pts',(-13.4203035671084,-104.21228849988,34.2795944567002));
#6042=CARTESIAN_POINT('Ctrl Pts',(-12.1858522202058,-104.07758862893,41.7012439901388));
#6043=CARTESIAN_POINT('Ctrl Pts',(-7.17416143239767,-103.942885129757,47.3131791444414));
#6044=CARTESIAN_POINT('Ctrl Pts',(0.0624953176406513,-103.808184968135,
49.3737138971219));
#6045=CARTESIAN_POINT('Ctrl Pts',(7.27782291932372,-103.673482039682,47.2476012677126));
#6046=CARTESIAN_POINT('Ctrl Pts',(12.2410472540569,-103.538781203169,41.5871555294799));
#6047=CARTESIAN_POINT('Ctrl Pts',(13.4011203969722,-103.404078820031,34.1606315919195));
#6048=CARTESIAN_POINT('Ctrl Pts',(10.09264736928,-103.254411235713,26.4745389458352));
#6049=CARTESIAN_POINT('Ctrl Pts',(1.79918664600631,-103.089775261436,21.8868520019933));
#6050=CARTESIAN_POINT('Ctrl Pts',(-8.23890947999272,-102.91017347647,24.4358973576767));
#6051=CARTESIAN_POINT('Ctrl Pts',(-13.8229180639109,-102.730570984537,33.1450605132887));
#6052=CARTESIAN_POINT('Ctrl Pts',(-12.013506010325,-102.55762065314,42.9504637963101));
#6053=CARTESIAN_POINT('Ctrl Pts',(-5.82647522967001,-102.417929570822,47.9051208271265));
#6054=CARTESIAN_POINT('Ctrl Pts',(0.592695540983943,-102.298194998826,49.0404016896013));
#6055=CARTESIAN_POINT('Ctrl Pts',(6.31459349656436,-102.191764018309,47.6402734903517));
#6056=CARTESIAN_POINT('Ctrl Pts',(11.2003158742975,-102.072028595451,43.1496059300721));
#6057=CARTESIAN_POINT('Ctrl Pts',(13.3242427757128,-101.952294131869,36.8692715301096));
#6058=CARTESIAN_POINT('Ctrl Pts',(12.16855859313,-101.832559186311,30.3378530088175));
#6059=CARTESIAN_POINT('Ctrl Pts',(8.01334672158467,-101.712824091689,25.1686513920119));
#6060=CARTESIAN_POINT('Ctrl Pts',(1.88746913393225,-101.593089878277,22.6317147054393));
#6061=CARTESIAN_POINT('Ctrl Pts',(-4.70876931643468,-101.473354453054,23.3546047952894));
#6062=CARTESIAN_POINT('Ctrl Pts',(-8.92723918564949,-101.380227585394,26.3138252581423));
#6063=CARTESIAN_POINT('Ctrl Pts',(-11.8709439213031,-101.287100438417,30.3810146786975));
#6064=CARTESIAN_POINT('Ctrl Pts',(-13.1326964424538,-101.207276904332,34.6087860443971));
#6065=CARTESIAN_POINT('Ctrl Pts',(-12.2802492212059,-101.08089070169,41.4449236044562));
#6066=CARTESIAN_POINT('Ctrl Pts',(-7.06384682996308,-100.934547343351,48.0503144673191));
#6067=CARTESIAN_POINT('Ctrl Pts',(3.18088270456948,-100.754945552235,49.5872368368299));
#6068=CARTESIAN_POINT('Ctrl Pts',(11.6980020137351,-100.575343491798,43.7041163723937));
#6069=CARTESIAN_POINT('Ctrl Pts',(13.534680079496,-100.425673865513,35.2871811128613));
#6070=CARTESIAN_POINT('Ctrl Pts',(11.6371670166666,-100.325896497731,30.1688256007297));
#6071=CARTESIAN_POINT('Ctrl Pts',(9.22014048562534,-100.246071871898,26.6242901638629));
#6072=CARTESIAN_POINT('Ctrl Pts',(5.28050511307828,-100.156271197061,23.5873019241017));
#6073=CARTESIAN_POINT('Ctrl Pts',(-1.54448870323066,-100.031546898885,22.5141745458568));
#6074=CARTESIAN_POINT('Ctrl Pts',(-8.27985720257901,-99.9018350957977,25.180874821775));
#6075=CARTESIAN_POINT('Ctrl Pts',(-12.707502972956,-99.7671325127646,31.2655939985461));
#6076=CARTESIAN_POINT('Ctrl Pts',(-13.1956612871144,-99.6324313281729,38.7728264776864));
#6077=CARTESIAN_POINT('Ctrl Pts',(-9.59317797766164,-99.4977295402247,45.3785838823658));
#6078=CARTESIAN_POINT('Ctrl Pts',(-3.01664745223783,-99.3630274119565,49.0332829661071));
#6079=CARTESIAN_POINT('Ctrl Pts',(4.49497261775242,-99.2283266092264,48.6049725166031));
#6080=CARTESIAN_POINT('Ctrl Pts',(10.6131947455635,-99.0936235382959,44.2257129572729));
#6081=CARTESIAN_POINT('Ctrl Pts',(13.4412131770074,-98.9589235085545,37.2537350644751));
#6082=CARTESIAN_POINT('Ctrl Pts',(12.102379052256,-98.8242199693467,29.8497124863399));
#6083=CARTESIAN_POINT('Ctrl Pts',(7.01174195746338,-98.689520018898,24.3098098192081));
#6084=CARTESIAN_POINT('Ctrl Pts',(-0.25257910879796,-98.5548168003972,22.3501564739348));
#6085=CARTESIAN_POINT('Ctrl Pts',(-7.43868808823511,-98.420116210133,24.5804036491872));
#6086=CARTESIAN_POINT('Ctrl Pts',(-12.318451082873,-98.2854137867567,30.3051791221861));
#6087=CARTESIAN_POINT('Ctrl Pts',(-13.3801709960607,-98.1507124334317,37.7575454571398));
#6088=CARTESIAN_POINT('Ctrl Pts',(-10.2922880065161,-98.0160105410911,44.6116725887846));
#6089=CARTESIAN_POINT('Ctrl Pts',(-3.3197560943854,-97.8663425213296,49.236628382448));
#6090=CARTESIAN_POINT('Ctrl Pts',(6.13151331946434,-97.7017070428003,48.5502892146378));
#6091=CARTESIAN_POINT('Ctrl Pts',(13.1460251325157,-97.522104381336,40.9209038436262));
#6092=CARTESIAN_POINT('Ctrl Pts',(13.0605150439438,-97.3574684487655,31.4477140168787));
#6093=CARTESIAN_POINT('Ctrl Pts',(7.86820823431139,-97.2078007657681,24.8818188939486));
#6094=CARTESIAN_POINT('Ctrl Pts',(0.783182805104261,-97.0730982309734,22.368520338991));
#6095=CARTESIAN_POINT('Ctrl Pts',(-6.55068230552942,-96.9383972840282,24.0473920984634));
#6096=CARTESIAN_POINT('Ctrl Pts',(-12.4575012974058,-96.7887276438173,29.9657365049901));
#6097=CARTESIAN_POINT('Ctrl Pts',(-13.6488118830681,-96.6240927272444,39.3776524263847));
#6098=CARTESIAN_POINT('Ctrl Pts',(-8.22757429718197,-96.4644464263859,46.807936065207));
#6099=CARTESIAN_POINT('Ctrl Pts',(-0.864458439172798,-96.3247552643281,
49.1908372318087));
#6100=CARTESIAN_POINT('Ctrl Pts',(5.65424262653107,-96.2050213464945,47.9729577485869));
#6101=CARTESIAN_POINT('Ctrl Pts',(10.1998318352782,-96.0985899078896,44.2262080965711));
#6102=CARTESIAN_POINT('Ctrl Pts',(13.1414888263274,-95.9788551408471,38.4023691143779));
#6103=CARTESIAN_POINT('Ctrl Pts',(12.8968192712587,-95.8591200974933,31.621593881113));
#6104=CARTESIAN_POINT('Ctrl Pts',(8.59054568003818,-95.7260818963312,25.6302280558209));
#6105=CARTESIAN_POINT('Ctrl Pts',(2.61790653520403,-95.6063465709801,22.7556597707232));
#6106=CARTESIAN_POINT('Ctrl Pts',(-4.00121070105224,-95.4866116794579,23.1165642883738));
#6107=CARTESIAN_POINT('Ctrl Pts',(-10.5924913098177,-95.3469217371616,27.1814962227058));
#6108=CARTESIAN_POINT('Ctrl Pts',(-14.089419749842,-95.1872748829533,35.6791594378985));
#6109=CARTESIAN_POINT('Ctrl Pts',(-10.4019141758407,-95.0076729061191,45.3599151071283));
#6110=CARTESIAN_POINT('Ctrl Pts',(-1.11051172352255,-94.8280706199885,49.9029911845907));
#6111=CARTESIAN_POINT('Ctrl Pts',(8.79194064477096,-94.6484679938777,46.8713984746807));
#6112=CARTESIAN_POINT('Ctrl Pts',(13.0730378000857,-94.4987999085447,39.3911331987049));
#6113=CARTESIAN_POINT('Ctrl Pts',(12.7597298605323,-94.3790643051978,32.8556653256223));
#6114=CARTESIAN_POINT('Ctrl Pts',(10.1256234391909,-94.2593290606157,26.8705215501052));
#6115=CARTESIAN_POINT('Ctrl Pts',(2.94975705851422,-94.1096607618643,22.0804992134759));
#6116=CARTESIAN_POINT('Ctrl Pts',(-6.11647696190777,-93.9500145118254,23.6081856177362));
#6117=CARTESIAN_POINT('Ctrl Pts',(-11.5398321704032,-93.8103241766081,29.1344909059896));
#6118=CARTESIAN_POINT('Ctrl Pts',(-13.3609100101135,-93.6905883949961,35.5049419575573));
#6119=CARTESIAN_POINT('Ctrl Pts',(-11.8804684064762,-93.5708540087578,41.975758749878));
#6120=CARTESIAN_POINT('Ctrl Pts',(-7.48329878942637,-93.4511197814574,46.9325025830549));
#6121=CARTESIAN_POINT('Ctrl Pts',(-1.23114767869277,-93.3313839754744,49.1699905843654));
#6122=CARTESIAN_POINT('Ctrl Pts',(4.57878077058403,-93.2249534665149,48.2324620913032));
#6123=CARTESIAN_POINT('Ctrl Pts',(10.0607961448656,-93.1052184828076,44.6895951050117));
#6124=CARTESIAN_POINT('Ctrl Pts',(13.2723569211037,-92.9854837360202,38.7149778071799));
#6125=CARTESIAN_POINT('Ctrl Pts',(12.5809634224069,-92.852444674472,31.3670141895195));
#6126=CARTESIAN_POINT('Ctrl Pts',(8.87876266894798,-92.7327100632607,25.8731598490894));
#6127=CARTESIAN_POINT('Ctrl Pts',(2.97923069555215,-92.6129754664959,22.8352113473535));
#6128=CARTESIAN_POINT('Ctrl Pts',(-3.92598918303398,-92.4882509414813,23.0119878853649));
#6129=CARTESIAN_POINT('Ctrl Pts',(-10.0707080858389,-92.3585394691902,26.8492447538339));
#6130=CARTESIAN_POINT('Ctrl Pts',(-13.3278449843721,-92.2238361240531,33.6330581972804));
#6131=CARTESIAN_POINT('Ctrl Pts',(-12.4541985080751,-92.0891359977394,41.105051859746));
#6132=CARTESIAN_POINT('Ctrl Pts',(-7.71919013143404,-91.9544329785469,46.95280030747));
#6133=CARTESIAN_POINT('Ctrl Pts',(-0.591454459134353,-91.8197321388727,
49.361350613477));
#6134=CARTESIAN_POINT('Ctrl Pts',(6.71981513840213,-91.6850300554501,47.5852206295683));
#6135=CARTESIAN_POINT('Ctrl Pts',(11.9477564412461,-91.5503281878906,42.1743247772338));
#6136=CARTESIAN_POINT('Ctrl Pts',(13.4719475693335,-91.4156271622122,34.8065042268628));
#6137=CARTESIAN_POINT('Ctrl Pts',(10.819615969894,-91.2809242565637,27.7655750635499));
#6138=CARTESIAN_POINT('Ctrl Pts',(4.81326006598414,-91.1462241624917,23.2343747054519));
#6139=CARTESIAN_POINT('Ctrl Pts',(-2.68533112929269,-91.0115205230955,22.6176924931397));
#6140=CARTESIAN_POINT('Ctrl Pts',(-9.35145627127756,-90.8768209144969,26.1063270421491));
#6141=CARTESIAN_POINT('Ctrl Pts',(-13.1183495317003,-90.742116987508,32.6196244860893));
#6142=CARTESIAN_POINT('Ctrl Pts',(-12.8191184009304,-90.607417735015,40.1367543493217));
#6143=CARTESIAN_POINT('Ctrl Pts',(-9.46016731699433,-90.5015710227763,45.0036815251977));
#6144=CARTESIAN_POINT('Ctrl Pts',(-6.71390847201484,-90.4406293379109,46.8076915856365));
#6145=CARTESIAN_POINT('Ctrl Pts',(-5.95088593757478,-90.4245868418797,47.20658185519));
#6146=CARTESIAN_POINT('Ctrl Pts',(-5.95172531637077,-90.4246054776159,47.2081882212085));
#6147=CARTESIAN_POINT('Ctrl Pts',(-8.13819985660364,-90.4706075836091,46.0613313971707));
#6148=CARTESIAN_POINT('Ctrl Pts',(-11.8267979333421,-90.5626117955956,42.4726224542245));
#6149=CARTESIAN_POINT('Ctrl Pts',(-13.5174476075372,-90.7006181135754,34.9341453124709));
#6150=CARTESIAN_POINT('Ctrl Pts',(-10.8145484712947,-90.8386244315551,27.6995333275694));
#6151=CARTESIAN_POINT('Ctrl Pts',(-4.5975805466666,-90.976630749535,23.116015114506));
#6152=CARTESIAN_POINT('Ctrl Pts',(3.11365720137274,-91.1146370675147,22.6749673125325));
#6153=CARTESIAN_POINT('Ctrl Pts',(9.81295094278273,-91.2526433854945,26.5188113067089));
#6154=CARTESIAN_POINT('Ctrl Pts',(13.3233480737722,-91.3906497034743,33.3988381763485));
#6155=CARTESIAN_POINT('Ctrl Pts',(12.5039930543284,-91.528656021454,41.0790332685839));
#6156=CARTESIAN_POINT('Ctrl Pts',(7.62119922779004,-91.6666623394338,47.0635920479437));
#6157=CARTESIAN_POINT('Ctrl Pts',(0.261699740561801,-91.8046686574136,49.4077613954508));
#6158=CARTESIAN_POINT('Ctrl Pts',(-7.18280663809019,-91.9426749753933,47.3495333139086));
#6159=CARTESIAN_POINT('Ctrl Pts',(-12.2931699418741,-92.0806812933731,41.5582564809636));
#6160=CARTESIAN_POINT('Ctrl Pts',(-13.4084386217098,-92.2186876113528,33.9149433151426));
#6161=CARTESIAN_POINT('Ctrl Pts',(-10.1666292271401,-92.3566939293327,26.9054936341888));
#6162=CARTESIAN_POINT('Ctrl Pts',(-3.62032721061176,-92.4947002473124,22.8036526274183));
#6163=CARTESIAN_POINT('Ctrl Pts',(3.81517000852106,-92.6275952201818,22.945531501793));
#6164=CARTESIAN_POINT('Ctrl Pts',(9.80255723599002,-92.7553788479409,26.7392121223164));
#6165=CARTESIAN_POINT('Ctrl Pts',(13.022906556187,-92.8780511305895,32.7390501061389));
#6166=CARTESIAN_POINT('Ctrl Pts',(12.8734229783488,-93.0007234132382,39.5348972541901));
#6167=CARTESIAN_POINT('Ctrl Pts',(9.02249216193912,-93.1370259495146,46.0572564289908));
#6168=CARTESIAN_POINT('Ctrl Pts',(2.70669649096356,-93.2596982321632,48.9996995125621));
#6169=CARTESIAN_POINT('Ctrl Pts',(-3.9647948053839,-93.3823705148119,48.4622313227584));
#6170=CARTESIAN_POINT('Ctrl Pts',(-9.25160713889723,-93.4914125438329,45.546950985488));
#6171=CARTESIAN_POINT('Ctrl Pts',(-12.8177745154758,-93.6140848264817,39.7369992697543));
#6172=CARTESIAN_POINT('Ctrl Pts',(-13.0658957884369,-93.7367571091303,32.9474912020756));
#6173=CARTESIAN_POINT('Ctrl Pts',(-9.60381693462539,-93.8730596454066,26.2108044152643));
#6174=CARTESIAN_POINT('Ctrl Pts',(-3.46990984694121,-93.9957319280553,22.9020877610377));
#6175=CARTESIAN_POINT('Ctrl Pts',(2.66329362895742,-94.1081815204834,23.0404728669024));
#6176=CARTESIAN_POINT('Ctrl Pts',(7.15210867493209,-94.1967781690628,24.842236511504));
#6177=CARTESIAN_POINT('Ctrl Pts',(10.7707617606952,-94.2887823810494,28.3447469599136));
#6178=CARTESIAN_POINT('Ctrl Pts',(12.8052701384224,-94.3807865930358,32.9407572378786));
#6179=CARTESIAN_POINT('Ctrl Pts',(12.9657011355703,-94.4727908050225,37.9738370043535));
#6180=CARTESIAN_POINT('Ctrl Pts',(11.2170273963286,-94.5647950170089,42.6838466914079));
#6181=CARTESIAN_POINT('Ctrl Pts',(6.70949075916271,-94.6874672996576,47.6624820079543));
#6182=CARTESIAN_POINT('Ctrl Pts',(-1.85462445325608,-94.8408076529685,49.8966213809206));
#6183=CARTESIAN_POINT('Ctrl Pts',(-11.1205673211858,-95.0248160769414,44.6222579606243));
#6184=CARTESIAN_POINT('Ctrl Pts',(-13.5729582251083,-95.1781564302524,36.1186416611605));
#6185=CARTESIAN_POINT('Ctrl Pts',(-11.5934525011861,-95.300828712901,29.699973324499));
#6186=CARTESIAN_POINT('Ctrl Pts',(-8.43747866033461,-95.3928329248875,25.7931192332344));
#6187=CARTESIAN_POINT('Ctrl Pts',(-4.02623795338914,-95.484837136874,23.3574116666728));
#6188=CARTESIAN_POINT('Ctrl Pts',(0.775644997865458,-95.5734337854536,22.7897087369686));
#6189=CARTESIAN_POINT('Ctrl Pts',(6.73300114405575,-95.6858833778816,24.2573996488847));
#6190=CARTESIAN_POINT('Ctrl Pts',(11.7900087537752,-95.8085556605302,29.0526457547172));
#6191=CARTESIAN_POINT('Ctrl Pts',(13.3735385162594,-95.9448581968066,36.4595688465709));
#6192=CARTESIAN_POINT('Ctrl Pts',(11.3614291290084,-96.0675304794552,42.9488464920598));
#6193=CARTESIAN_POINT('Ctrl Pts',(6.40221732287169,-96.190202762104,47.6263078971273));
#6194=CARTESIAN_POINT('Ctrl Pts',(0.537651649709393,-96.2992447911249,49.0603447446773));
#6195=CARTESIAN_POINT('Ctrl Pts',(-6.04279961489592,-96.4219170737738,47.8373960223567));
#6196=CARTESIAN_POINT('Ctrl Pts',(-11.3713885836112,-96.5445893564223,43.3483864422291));
#6197=CARTESIAN_POINT('Ctrl Pts',(-13.3860785060503,-96.6808918926987,36.0464506922014));
#6198=CARTESIAN_POINT('Ctrl Pts',(-11.756123686121,-96.8035641753473,29.4481239471796));
#6199=CARTESIAN_POINT('Ctrl Pts',(-7.08135666764444,-96.926236457996,24.495107238379));
#6200=CARTESIAN_POINT('Ctrl Pts',(-0.581516076419674,-97.0489087406449,
22.4842815041427));
#6201=CARTESIAN_POINT('Ctrl Pts',(6.06830152949399,-97.1715810232933,23.9234733257725));
#6202=CARTESIAN_POINT('Ctrl Pts',(11.155250341571,-97.2942533059421,28.452134642453));
#6203=CARTESIAN_POINT('Ctrl Pts',(13.3516510202719,-97.4169255885908,34.8841244639507));
#6204=CARTESIAN_POINT('Ctrl Pts',(11.9782146867013,-97.5532281248671,42.3333466192402));
#6205=CARTESIAN_POINT('Ctrl Pts',(7.05927761300629,-97.6759004075157,47.2678306985173));
#6206=CARTESIAN_POINT('Ctrl Pts',(0.609777278452488,-97.7985726901645,49.0572089759757));
#6207=CARTESIAN_POINT('Ctrl Pts',(-5.35711110440696,-97.9076147191854,48.1375032915149));
#6208=CARTESIAN_POINT('Ctrl Pts',(-10.7035144208851,-98.0302870018343,43.9080381950063));
#6209=CARTESIAN_POINT('Ctrl Pts',(-13.2711740854831,-98.1529592844828,37.6178553352095));
#6210=CARTESIAN_POINT('Ctrl Pts',(-12.3363632198408,-98.2892618207593,30.1014444774253));
#6211=CARTESIAN_POINT('Ctrl Pts',(-7.71459369914969,-98.4119341034079,24.885471291791));
#6212=CARTESIAN_POINT('Ctrl Pts',(-1.90701259484353,-98.5243836958358,22.9063016732728));
#6213=CARTESIAN_POINT('Ctrl Pts',(2.92587579431554,-98.6129803444155,23.0552608349909));
#6214=CARTESIAN_POINT('Ctrl Pts',(7.53216868432019,-98.7049845564019,25.0987540196827));
#6215=CARTESIAN_POINT('Ctrl Pts',(11.0145814043795,-98.7969887683885,28.7174712968367));
#6216=CARTESIAN_POINT('Ctrl Pts',(13.5453868129664,-98.9196610510371,34.9389341631209));
#6217=CARTESIAN_POINT('Ctrl Pts',(11.8356296837432,-99.073001404348,43.6264178509476));
#6218=CARTESIAN_POINT('Ctrl Pts',(3.07160086625352,-99.257009828321,49.6786019041204));
#6219=CARTESIAN_POINT('Ctrl Pts',(-7.41846876085095,-99.441018252294,47.9129434621701));
#6220=CARTESIAN_POINT('Ctrl Pts',(-13.7202513945791,-99.625026676267,39.3384837062261));
#6221=CARTESIAN_POINT('Ctrl Pts',(-12.2641208405179,-99.8090351002401,28.7973068319246));
#6222=CARTESIAN_POINT('Ctrl Pts',(-3.87676408961096,-99.9930435242131,22.2485988281946));
#6223=CARTESIAN_POINT('Ctrl Pts',(6.7022788553386,-100.177051948186,23.3968791009013));
#6224=CARTESIAN_POINT('Ctrl Pts',(13.4932189428201,-100.361060372159,31.5853589848416));
#6225=CARTESIAN_POINT('Ctrl Pts',(12.6546002344138,-100.545068796132,42.201027200392));
#6226=CARTESIAN_POINT('Ctrl Pts',(5.99835039701795,-100.698409149443,48.0458084165224));
#6227=CARTESIAN_POINT('Ctrl Pts',(-0.649061095606192,-100.821081432092,
48.9698965156919));
#6228=CARTESIAN_POINT('Ctrl Pts',(-7.16812981693251,-100.94375371474,47.3906576139688));
#6229=CARTESIAN_POINT('Ctrl Pts',(-13.2216249635442,-101.097094068051,40.9244517327751));
#6230=CARTESIAN_POINT('Ctrl Pts',(-13.0048296169154,-101.281102492024,30.2682598554561));
#6231=CARTESIAN_POINT('Ctrl Pts',(-6.06895930061894,-101.449776880666,23.4314489094424));
#6232=CARTESIAN_POINT('Ctrl Pts',(2.47751723105459,-101.603117233977,22.5450161565739));
#6233=CARTESIAN_POINT('Ctrl Pts',(9.34919171853469,-101.741123551957,26.0539594005558));
#6234=CARTESIAN_POINT('Ctrl Pts',(13.1898303193528,-101.879129869937,32.7601970247774));
#6235=CARTESIAN_POINT('Ctrl Pts',(12.7408840340632,-102.017136187916,40.4693179975089));
#6236=CARTESIAN_POINT('Ctrl Pts',(8.1525046421552,-102.155142505896,46.6830670054515));
#6237=CARTESIAN_POINT('Ctrl Pts',(0.915488128184962,-102.293148823876,49.3795572587808));
#6238=CARTESIAN_POINT('Ctrl Pts',(-6.62183534981391,-102.431155141856,47.682026121298));
#6239=CARTESIAN_POINT('Ctrl Pts',(-11.8014727987591,-102.564050114725,42.3509746110286));
#6240=CARTESIAN_POINT('Ctrl Pts',(-13.3852904698208,-102.691833742484,35.4329548401841));
#6241=CARTESIAN_POINT('Ctrl Pts',(-11.4451038611601,-102.814506025133,28.9207145365191));
#6242=CARTESIAN_POINT('Ctrl Pts',(-5.74423993099973,-102.957623688223,23.3772225788368));
#6243=CARTESIAN_POINT('Ctrl Pts',(3.62008253027713,-103.121186731754,22.1764527827004));
#6244=CARTESIAN_POINT('Ctrl Pts',(12.1429759300118,-103.305195155728,28.5817338414028));
#6245=CARTESIAN_POINT('Ctrl Pts',(13.4956244197646,-103.458535509038,37.3297634071131));
#6246=CARTESIAN_POINT('Ctrl Pts',(10.7179739444874,-103.581207791687,43.4420901905861));
#6247=CARTESIAN_POINT('Ctrl Pts',(6.48697625614544,-103.688546039005,47.5038150657121));
#6248=CARTESIAN_POINT('Ctrl Pts',(-0.110326400540259,-103.811218321653,
49.411125867226));
#6249=CARTESIAN_POINT('Ctrl Pts',(-7.49510075740193,-103.949224639633,47.1476072797358));
#6250=CARTESIAN_POINT('Ctrl Pts',(-12.4448641157643,-104.087230957613,41.2190474052841));
#6251=CARTESIAN_POINT('Ctrl Pts',(-13.3500418567097,-104.225237275593,33.5480260188838));
#6252=CARTESIAN_POINT('Ctrl Pts',(-9.9169875353098,-104.363243593572,26.6293964562079));
#6253=CARTESIAN_POINT('Ctrl Pts',(-3.26109842872024,-104.501249911552,22.71055584395));
#6254=CARTESIAN_POINT('Ctrl Pts',(4.45451828611562,-104.639256229532,23.0654883022897));
#6255=CARTESIAN_POINT('Ctrl Pts',(10.7225573061822,-104.777262547512,27.5786411006905));
#6256=CARTESIAN_POINT('Ctrl Pts',(13.5060473710132,-104.915268865491,34.783422779912));
#6257=CARTESIAN_POINT('Ctrl Pts',(11.9004419047462,-105.053275183471,42.3385313714408));
#6258=CARTESIAN_POINT('Ctrl Pts',(6.42751737560603,-105.191281501451,47.788558883956));
#6259=CARTESIAN_POINT('Ctrl Pts',(-1.13418218309254,-105.329287819431,49.3628497644394));
#6260=CARTESIAN_POINT('Ctrl Pts',(-8.32728849610134,-105.467294137411,46.548856283725));
#6261=CARTESIAN_POINT('Ctrl Pts',(-12.8142810152743,-105.60530045539,40.2629856125481));
#6262=CARTESIAN_POINT('Ctrl Pts',(-13.1369289845415,-105.74330677337,32.5439939615741));
#6263=CARTESIAN_POINT('Ctrl Pts',(-10.505471559188,-105.835310985357,28.1213228459637));
#6264=CARTESIAN_POINT('Ctrl Pts',(-8.69132294502825,-105.88131309135,26.4465642676393));
#6265=CARTESIAN_POINT('Ctrl Pts',(-6.0742651803466,-90.2723696466461,47.4416658413509));
#6266=CARTESIAN_POINT('Ctrl Pts',(-8.30572926368799,-90.3183717526394,46.2711964226107));
#6267=CARTESIAN_POINT('Ctrl Pts',(-12.0702163979415,-90.4103759646259,42.6086161120263));
#6268=CARTESIAN_POINT('Ctrl Pts',(-13.7956187070895,-90.5483822826057,34.914995626825));
#6269=CARTESIAN_POINT('Ctrl Pts',(-11.0370588257294,-90.6863886005854,27.5315164477859));
#6270=CARTESIAN_POINT('Ctrl Pts',(-4.69212785436815,-90.8243949185652,22.8537062895249));
#6271=CARTESIAN_POINT('Ctrl Pts',(3.17780196949949,-90.9624012365449,22.4036223450016));
#6272=CARTESIAN_POINT('Ctrl Pts',(10.0149406290296,-91.1004075545247,26.326603830154));
#6273=CARTESIAN_POINT('Ctrl Pts',(13.5975424605522,-91.2384138725044,33.3482332617798));
#6274=CARTESIAN_POINT('Ctrl Pts',(12.7612858805702,-91.3764201904844,41.1864750326792));
#6275=CARTESIAN_POINT('Ctrl Pts',(7.77797771079245,-91.5144265084639,47.294164764206));
#6276=CARTESIAN_POINT('Ctrl Pts',(0.267014659794603,-91.6524328264439,49.6865364790086));
#6277=CARTESIAN_POINT('Ctrl Pts',(-7.33068169564468,-91.7904391444235,47.5859132620406));
#6278=CARTESIAN_POINT('Ctrl Pts',(-12.5461811232977,-91.9284454624034,41.6754309451753));
#6279=CARTESIAN_POINT('Ctrl Pts',(-13.684361109968,-92.0664517803831,33.8748200112406));
#6280=CARTESIAN_POINT('Ctrl Pts',(-10.375801894688,-92.2044580983629,26.721139566496));
#6281=CARTESIAN_POINT('Ctrl Pts',(-3.69476196649811,-92.3424644163426,22.5349207797107));
#6282=CARTESIAN_POINT('Ctrl Pts',(3.89374981803152,-92.4753593892121,22.6797581387157));
#6283=CARTESIAN_POINT('Ctrl Pts',(10.0043318811291,-92.6031430169711,26.5515402261243));
#6284=CARTESIAN_POINT('Ctrl Pts',(13.290921587435,-92.7258152996198,32.6748658284779));
#6285=CARTESIAN_POINT('Ctrl Pts',(13.1383263617282,-92.8484875822684,39.6105641256902));
#6286=CARTESIAN_POINT('Ctrl Pts',(9.20811313653727,-92.9847901185448,46.2671270402238));
#6287=CARTESIAN_POINT('Ctrl Pts',(2.76232919352932,-93.1074624011934,49.2700898230461));
#6288=CARTESIAN_POINT('Ctrl Pts',(-4.04645210718287,-93.2301346838421,48.7215262872614));
#6289=CARTESIAN_POINT('Ctrl Pts',(-9.44204670431187,-93.3391767128632,45.7462247585181));
#6290=CARTESIAN_POINT('Ctrl Pts',(-13.0815720563152,-93.4618489955118,39.816691296625));
#6291=CARTESIAN_POINT('Ctrl Pts',(-13.3347640355664,-93.5845212781605,32.8874604595086));
#6292=CARTESIAN_POINT('Ctrl Pts',(-9.80140385145385,-93.7208238144369,26.0121572522313));
#6293=CARTESIAN_POINT('Ctrl Pts',(-3.54124967275599,-93.8434960970855,22.6353823967078));
#6294=CARTESIAN_POINT('Ctrl Pts',(2.71816844745062,-93.9559456895135,22.7766473009893));
#6295=CARTESIAN_POINT('Ctrl Pts',(7.29934955248206,-94.0445423380931,24.6155128865726));
#6296=CARTESIAN_POINT('Ctrl Pts',(10.9924527453756,-94.1365465500796,28.1901204564585));
#6297=CARTESIAN_POINT('Ctrl Pts',(13.0688053725089,-94.2285507620662,32.8807227625589));
#6298=CARTESIAN_POINT('Ctrl Pts',(13.232511650216,-94.3205549740526,38.0173792543197));
#6299=CARTESIAN_POINT('Ctrl Pts',(11.447827355741,-94.4125591860392,42.8243072478249));
#6300=CARTESIAN_POINT('Ctrl Pts',(6.84750404664428,-94.5352314686878,47.905374545501));
#6301=CARTESIAN_POINT('Ctrl Pts',(-1.89286397675416,-94.6885718219986,50.185445697031));
#6302=CARTESIAN_POINT('Ctrl Pts',(-11.3494634507474,-94.8725802459718,44.802492708715));
#6303=CARTESIAN_POINT('Ctrl Pts',(-13.8522778529053,-95.0259205992825,36.1238674695631));
#6304=CARTESIAN_POINT('Ctrl Pts',(-11.8320023701242,-95.1485928819313,29.5731194955099));
#6305=CARTESIAN_POINT('Ctrl Pts',(-8.61106129214829,-95.2405970939177,25.5858825943536));
#6306=CARTESIAN_POINT('Ctrl Pts',(-4.10902884410115,-95.3326013059043,23.1000735260145));
#6307=CARTESIAN_POINT('Ctrl Pts',(0.791675149489115,-95.4211979544838,22.5207128502529));
#6308=CARTESIAN_POINT('Ctrl Pts',(6.87162024432568,-95.5336475469119,24.0186384653493));
#6309=CARTESIAN_POINT('Ctrl Pts',(12.0326711610555,-95.6563198295605,28.9125924328336));
#6310=CARTESIAN_POINT('Ctrl Pts',(13.6487498204593,-95.7926223658369,36.4719510555749));
#6311=CARTESIAN_POINT('Ctrl Pts',(11.5951993544851,-95.9152946484855,43.0947612394128));
#6312=CARTESIAN_POINT('Ctrl Pts',(6.5339074102234,-96.0379669311343,47.868454405012));
#6313=CARTESIAN_POINT('Ctrl Pts',(0.548647201783721,-96.1470089601551,49.3319717695377));
#6314=CARTESIAN_POINT('Ctrl Pts',(-6.16721697889927,-96.269681242804,48.0838216527387));
#6315=CARTESIAN_POINT('Ctrl Pts',(-11.6054397312939,-96.3923535254525,43.5024048454448));
#6316=CARTESIAN_POINT('Ctrl Pts',(-13.6615519546332,-96.5286560617289,36.0501918546741));
#6317=CARTESIAN_POINT('Ctrl Pts',(-11.9980198573232,-96.6513283443776,29.316086454937));
#6318=CARTESIAN_POINT('Ctrl Pts',(-7.2270248615469,-96.7740006270263,24.2611658427828));
#6319=CARTESIAN_POINT('Ctrl Pts',(-0.593413388534632,-96.8966729096751,
22.2089931480661));
#6320=CARTESIAN_POINT('Ctrl Pts',(6.19324349835578,-97.0193451923235,23.6778367985508));
#6321=CARTESIAN_POINT('Ctrl Pts',(11.3848531676722,-97.1420174749724,28.2997200771705));
#6322=CARTESIAN_POINT('Ctrl Pts',(13.6264201126453,-97.2646897576209,34.864085444905));
#6323=CARTESIAN_POINT('Ctrl Pts',(12.2246809674352,-97.4009922938974,42.4665981923286));
#6324=CARTESIAN_POINT('Ctrl Pts',(7.20449123089067,-97.5236645765459,47.5026035188214));
#6325=CARTESIAN_POINT('Ctrl Pts',(0.622257122206263,-97.6463368591947,49.3287718458066));
#6326=CARTESIAN_POINT('Ctrl Pts',(-5.46741922964106,-97.7553788882157,48.3901084116903));
#6327=CARTESIAN_POINT('Ctrl Pts',(-10.9238242844685,-97.8780511708644,44.0735771683567));
#6328=CARTESIAN_POINT('Ctrl Pts',(-13.5442911032967,-98.000723453513,37.6539350766104));
#6329=CARTESIAN_POINT('Ctrl Pts',(-12.5902035617754,-98.1370259897895,29.9828486623274));
#6330=CARTESIAN_POINT('Ctrl Pts',(-7.87329533029924,-98.259698272438,24.6595599083893));
#6331=CARTESIAN_POINT('Ctrl Pts',(-1.94618953645134,-98.3721478648661,22.6396911732744));
#6332=CARTESIAN_POINT('Ctrl Pts',(2.98615422145306,-98.4607445134456,22.7917409597363));
#6333=CARTESIAN_POINT('Ctrl Pts',(7.68722949039819,-98.5527487254322,24.8773112566584));
#6334=CARTESIAN_POINT('Ctrl Pts',(11.2412880175976,-98.6447529374187,28.5705163687632));
#6335=CARTESIAN_POINT('Ctrl Pts',(13.8241425139693,-98.7674252200674,34.9200240841658));
#6336=CARTESIAN_POINT('Ctrl Pts',(12.0791549639919,-98.9207655733781,43.7862788298758));
#6337=CARTESIAN_POINT('Ctrl Pts',(3.13473940757862,-99.1047739973513,49.9629652678294));
#6338=CARTESIAN_POINT('Ctrl Pts',(-7.57119645243029,-99.2887824213242,48.1609166151642));
#6339=CARTESIAN_POINT('Ctrl Pts',(-14.0026189551685,-99.4727908452974,39.4099699662744));
#6340=CARTESIAN_POINT('Ctrl Pts',(-12.5164677070638,-99.6567992692703,28.6518735083208));
#6341=CARTESIAN_POINT('Ctrl Pts',(-3.95647317414948,-99.8408076932434,21.9684431762501));
#6342=CARTESIAN_POINT('Ctrl Pts',(6.84027020594828,-100.024816117216,23.1404090808538));
#6343=CARTESIAN_POINT('Ctrl Pts',(13.7709185591875,-100.208824541189,31.4974353167275));
#6344=CARTESIAN_POINT('Ctrl Pts',(12.9149865619053,-100.392832965162,42.3315592939545));
#6345=CARTESIAN_POINT('Ctrl Pts',(6.12172710913857,-100.546173318473,48.2965857322326));
#6346=CARTESIAN_POINT('Ctrl Pts',(-0.662486466842511,-100.668845601122,
49.2396560185319));
#6347=CARTESIAN_POINT('Ctrl Pts',(-7.31570305415978,-100.791517883771,47.627883936899));
#6348=CARTESIAN_POINT('Ctrl Pts',(-13.4937395432491,-100.944858237081,41.0285782719897));
#6349=CARTESIAN_POINT('Ctrl Pts',(-13.2724272169705,-101.128866661055,30.1530934545151));
#6350=CARTESIAN_POINT('Ctrl Pts',(-6.1937877968661,-101.297541049696,23.1756237362159));
#6351=CARTESIAN_POINT('Ctrl Pts',(2.52857153428655,-101.450881403007,22.2709936048948));
#6352=CARTESIAN_POINT('Ctrl Pts',(9.54164011365898,-101.588887720987,25.8521833064315));
#6353=CARTESIAN_POINT('Ctrl Pts',(13.4612803692588,-101.726894038967,32.6964488001956));
#6354=CARTESIAN_POINT('Ctrl Pts',(13.0030550243503,-101.864900356947,40.5642136487323));
#6355=CARTESIAN_POINT('Ctrl Pts',(8.32021885749335,-102.002906674926,46.9058116555105));
#6356=CARTESIAN_POINT('Ctrl Pts',(0.934257523906154,-102.140912992906,49.65775533629));
#6357=CARTESIAN_POINT('Ctrl Pts',(-6.75816789656637,-102.278919310886,47.925251372109));
#6358=CARTESIAN_POINT('Ctrl Pts',(-12.0443694627652,-102.411814283755,42.4844650065702));
#6359=CARTESIAN_POINT('Ctrl Pts',(-13.6607445037279,-102.539597911514,35.4240708585544));
#6360=CARTESIAN_POINT('Ctrl Pts',(-11.6805967976279,-102.662270194163,28.7778250923485));
#6361=CARTESIAN_POINT('Ctrl Pts',(-5.86238573572539,-102.805387857253,23.120283172927));
#6362=CARTESIAN_POINT('Ctrl Pts',(3.69465163779657,-102.968950900785,21.8948515103101));
#6363=CARTESIAN_POINT('Ctrl Pts',(12.3929045131909,-103.152959324758,28.4319914498535));
#6364=CARTESIAN_POINT('Ctrl Pts',(13.7733435974369,-103.306299678069,37.3600540105828));
#6365=CARTESIAN_POINT('Ctrl Pts',(10.93849991686,-103.428971960717,43.5981520599849));
#6366=CARTESIAN_POINT('Ctrl Pts',(6.62041123843758,-103.536310208035,47.7434412320056));
#6367=CARTESIAN_POINT('Ctrl Pts',(-0.112667435202774,-103.658982490684,
49.6899682492481));
#6368=CARTESIAN_POINT('Ctrl Pts',(-7.64940147187634,-103.796988808663,47.3798301586417));
#6369=CARTESIAN_POINT('Ctrl Pts',(-12.700995247805,-103.934995126643,41.329240485788));
#6370=CARTESIAN_POINT('Ctrl Pts',(-13.6247606838657,-104.073001444623,33.5003522180736));
#6371=CARTESIAN_POINT('Ctrl Pts',(-10.1210213804302,-104.211007762603,26.439361878157));
#6372=CARTESIAN_POINT('Ctrl Pts',(-3.32814012024456,-104.349014080582,22.4399100273127));
#6373=CARTESIAN_POINT('Ctrl Pts',(4.54625463647521,-104.487020398562,22.802186865956));
#6374=CARTESIAN_POINT('Ctrl Pts',(10.9432602831453,-104.625026716542,27.4082486321126));
#6375=CARTESIAN_POINT('Ctrl Pts',(13.7839943149998,-104.763033034522,34.7613122228355));
#6376=CARTESIAN_POINT('Ctrl Pts',(12.1453076702734,-104.901039352501,42.4718892363442));
#6377=CARTESIAN_POINT('Ctrl Pts',(6.55972726775481,-105.039045670481,48.0340444912714));
#6378=CARTESIAN_POINT('Ctrl Pts',(-1.15759292284881,-105.177051988461,49.6406933346846));
#6379=CARTESIAN_POINT('Ctrl Pts',(-8.49871170451795,-105.315058306441,46.7687531116006));
#6380=CARTESIAN_POINT('Ctrl Pts',(-13.07800940476,-105.453064624421,40.3535019452951));
#6381=CARTESIAN_POINT('Ctrl Pts',(-13.4072569228625,-105.5910709424,32.4756592676986));
#6382=CARTESIAN_POINT('Ctrl Pts',(-10.7216236094604,-105.683075154387,27.9619875956308));
#6383=CARTESIAN_POINT('Ctrl Pts',(-8.87013285132143,-105.72907726038,26.2527735692505));
#6384=CARTESIAN_POINT('Ctrl Pts',(-6.19680320364322,-90.1201337722992,47.6751443989875));
#6385=CARTESIAN_POINT('Ctrl Pts',(-8.47325701060645,-90.1661358782925,46.4810627399601));
#6386=CARTESIAN_POINT('Ctrl Pts',(-12.3136337740115,-90.258140090279,42.7446116636617));
#6387=CARTESIAN_POINT('Ctrl Pts',(-14.0737899299044,-90.3961464082588,34.8958481219191));
#6388=CARTESIAN_POINT('Ctrl Pts',(-11.2595704749413,-90.5341527262384,27.3635013271258));
#6389=CARTESIAN_POINT('Ctrl Pts',(-4.7866772077014,-90.6721590442184,22.5913982303085));
#6390=CARTESIAN_POINT('Ctrl Pts',(3.2419446059671,-90.810165362198,22.1322769010605));
#6391=CARTESIAN_POINT('Ctrl Pts',(10.2169287902962,-90.9481716801779,26.1343947898164));
#6392=CARTESIAN_POINT('Ctrl Pts',(13.871736424619,-91.0861779981576,33.2976262042513));
#6393=CARTESIAN_POINT('Ctrl Pts',(13.0185795237333,-91.2241843161374,41.2939147710379));
#6394=CARTESIAN_POINT('Ctrl Pts',(7.93475798486964,-91.3621906341172,47.5247362302649));
#6395=CARTESIAN_POINT('Ctrl Pts',(0.272331762217385,-91.5001969520969,49.9653114941799));
#6396=CARTESIAN_POINT('Ctrl Pts',(-7.47855488739868,-91.6382032700766,47.8222943458224));
#6397=CARTESIAN_POINT('Ctrl Pts',(-12.7991913625884,-91.7762095880564,41.7926073800271));
#6398=CARTESIAN_POINT('Ctrl Pts',(-13.9602838860435,-91.9142159060362,33.834698872545));
#6399=CARTESIAN_POINT('Ctrl Pts',(-10.5849759862367,-92.052222224016,26.5367871549829));
#6400=CARTESIAN_POINT('Ctrl Pts',(-3.76919882028352,-92.1902285419957,22.2661895408595));
#6401=CARTESIAN_POINT('Ctrl Pts',(3.97232753817516,-92.3231235148651,22.4139841855983));
#6402=CARTESIAN_POINT('Ctrl Pts',(10.2061050367868,-92.4509071426243,26.3638667674019));
#6403=CARTESIAN_POINT('Ctrl Pts',(13.558936090295,-92.5735794252728,32.610679457572));
#6404=CARTESIAN_POINT('Ctrl Pts',(13.4032303123276,-92.6962517079217,39.6862289148579));
#6405=CARTESIAN_POINT('Ctrl Pts',(9.39373573733573,-92.8325542441978,46.4769961773521));
#6406=CARTESIAN_POINT('Ctrl Pts',(2.81796400875529,-92.9552265268467,49.5404796717986));
#6407=CARTESIAN_POINT('Ctrl Pts',(-4.12810737001564,-93.0778988094952,48.9808218664647));
#6408=CARTESIAN_POINT('Ctrl Pts',(-9.6324846905085,-93.1869408385163,45.9455000041966));
#6409=CARTESIAN_POINT('Ctrl Pts',(-13.3453689475943,-93.309613121165,39.8963853822059));
#6410=CARTESIAN_POINT('Ctrl Pts',(-13.6036327271737,-93.4322854038136,32.8274318288134));
#6411=CARTESIAN_POINT('Ctrl Pts',(-9.99899230532879,-93.56858794009,25.8135116559878));
#6412=CARTESIAN_POINT('Ctrl Pts',(-3.61259158090046,-93.6912602227386,22.3686776167877));
#6413=CARTESIAN_POINT('Ctrl Pts',(2.77304119408658,-93.8037098151666,22.5128213305672));
#6414=CARTESIAN_POINT('Ctrl Pts',(7.44658863992805,-93.8923064637462,24.3887881300299));
#6415=CARTESIAN_POINT('Ctrl Pts',(11.2141424975624,-93.9843106757326,28.0354922312951));
#6416=CARTESIAN_POINT('Ctrl Pts',(13.3323401110433,-94.0763148877193,32.8206862286786));
#6417=CARTESIAN_POINT('Ctrl Pts',(13.4993224803288,-94.1683190997057,38.0609194101246));
#6418=CARTESIAN_POINT('Ctrl Pts',(11.6786283932623,-94.2603233116924,42.9647659828664));
#6419=CARTESIAN_POINT('Ctrl Pts',(6.9855192234507,-94.3829955943408,48.1482659785727));
#6420=CARTESIAN_POINT('Ctrl Pts',(-1.93110123416075,-94.536335947652,50.474270285001));
#6421=CARTESIAN_POINT('Ctrl Pts',(-11.578358146493,-94.7203443716246,44.9827292324793));
#6422=CARTESIAN_POINT('Ctrl Pts',(-14.1315974130586,-94.8736847249358,36.1290954654265));
#6423=CARTESIAN_POINT('Ctrl Pts',(-12.0705532098345,-94.9963570075843,29.4462675473027));
#6424=CARTESIAN_POINT('Ctrl Pts',(-8.78464553063186,-95.0883612195709,25.3786473350656));
#6425=CARTESIAN_POINT('Ctrl Pts',(-4.19182174264977,-95.1803654315574,22.842736058572));
#6426=CARTESIAN_POINT('Ctrl Pts',(0.807703192486239,-95.2689620801369,22.251716863769));
#6427=CARTESIAN_POINT('Ctrl Pts',(7.01023746100888,-95.381411672565,23.7798762188963));
#6428=CARTESIAN_POINT('Ctrl Pts',(12.2753324480131,-95.5040839552135,28.7725372235867));
#6429=CARTESIAN_POINT('Ctrl Pts',(13.9239611951965,-95.64038649149,36.484331107583));
#6430=CARTESIAN_POINT('Ctrl Pts',(11.8289707005028,-95.7630587741385,43.2406741416143));
#6431=CARTESIAN_POINT('Ctrl Pts',(6.66559938171456,-95.8857310567874,48.1105998580813));
#6432=CARTESIAN_POINT('Ctrl Pts',(0.559644880519829,-95.9947730858083,49.603598682257));
#6433=CARTESIAN_POINT('Ctrl Pts',(-6.2916324006837,-96.1174453684571,48.3302482340541));
#6434=CARTESIAN_POINT('Ctrl Pts',(-11.8394896499937,-96.2401176511057,43.6564250672194));
#6435=CARTESIAN_POINT('Ctrl Pts',(-13.9370253475527,-96.376420187382,36.0539351746408));
#6436=CARTESIAN_POINT('Ctrl Pts',(-12.2399170394814,-96.4990924700308,29.1840508701956));
#6437=CARTESIAN_POINT('Ctrl Pts',(-7.37269487403547,-96.6217647526794,24.0272256106821));
#6438=CARTESIAN_POINT('Ctrl Pts',(-0.60531285585013,-96.7444370353282,21.9337049115993));
#6439=CARTESIAN_POINT('Ctrl Pts',(6.31818353105219,-96.8671093179766,23.4321993162173));
#6440=CARTESIAN_POINT('Ctrl Pts',(11.614454777949,-96.9897816006255,28.147303727968));
#6441=CARTESIAN_POINT('Ctrl Pts',(13.9011890216004,-97.112453883274,34.8440442754568));
#6442=CARTESIAN_POINT('Ctrl Pts',(12.4711482683705,-97.2487564195505,42.5998478220308));
#6443=CARTESIAN_POINT('Ctrl Pts',(7.34970667384001,-97.371428702199,47.7373751791143));
#6444=CARTESIAN_POINT('Ctrl Pts',(0.634739091969602,-97.4941009848478,49.6003345917618));
#6445=CARTESIAN_POINT('Ctrl Pts',(-5.57772536558442,-97.6031430138688,48.6427143717122));
#6446=CARTESIAN_POINT('Ctrl Pts',(-11.1441328302159,-97.7258152965177,44.2391178515321));
#6447=CARTESIAN_POINT('Ctrl Pts',(-13.8174078123205,-97.8484875791661,37.6900169539567));
#6448=CARTESIAN_POINT('Ctrl Pts',(-12.8440448083063,-97.9847901154425,29.8642548469701));
#6449=CARTESIAN_POINT('Ctrl Pts',(-8.03199871584698,-98.1074623980912,24.4336497898118));
#6450=CARTESIAN_POINT('Ctrl Pts',(-1.98536856270066,-98.2199119905192,22.3730810057574));
#6451=CARTESIAN_POINT('Ctrl Pts',(3.04643057860136,-98.3085086390988,22.5282206375953));
#6452=CARTESIAN_POINT('Ctrl Pts',(7.84228854698721,-98.4005128510852,24.6558673002677));
#6453=CARTESIAN_POINT('Ctrl Pts',(11.4679934579398,-98.4925170630718,28.4235596789508));
#6454=CARTESIAN_POINT('Ctrl Pts',(14.1028980399937,-98.6151893457205,34.9011118235023));
#6455=CARTESIAN_POINT('Ctrl Pts',(12.3226814731422,-98.7685296990313,43.9461378858705));
#6456=CARTESIAN_POINT('Ctrl Pts',(3.19788017029369,-98.9525381230044,50.2473281096777));
#6457=CARTESIAN_POINT('Ctrl Pts',(-7.72392218691824,-99.1365465469773,48.4088909407034));
#6458=CARTESIAN_POINT('Ctrl Pts',(-14.284985928701,-99.3205549709504,39.4814584313051));
#6459=CARTESIAN_POINT('Ctrl Pts',(-12.7688156885953,-99.5045633949233,28.5064421753528));
#6460=CARTESIAN_POINT('Ctrl Pts',(-4.03618444555715,-99.6885718188966,21.6882881755736));
#6461=CARTESIAN_POINT('Ctrl Pts',(6.97825953434325,-99.8725802428694,22.8839380044961));
#6462=CARTESIAN_POINT('Ctrl Pts',(14.0486174601656,-100.056588666843,31.4095094817943));
#6463=CARTESIAN_POINT('Ctrl Pts',(13.1753738869546,-100.240597090815,42.4620893353179));
#6464=CARTESIAN_POINT('Ctrl Pts',(6.24510577376566,-100.393937444126,48.5473620574659));
#6465=CARTESIAN_POINT('Ctrl Pts',(-0.67590972368604,-100.516609726775,49.5094156007109));
#6466=CARTESIAN_POINT('Ctrl Pts',(-7.46327441894677,-100.639282009424,47.865111392845));
#6467=CARTESIAN_POINT('Ctrl Pts',(-13.7658532812196,-100.792622362735,41.1327069328315));
#6468=CARTESIAN_POINT('Ctrl Pts',(-13.5400256934482,-100.976630786708,30.0379291607346));
#6469=CARTESIAN_POINT('Ctrl Pts',(-6.31861828508248,-101.14530517535,22.9197995653323));
#6470=CARTESIAN_POINT('Ctrl Pts',(2.57962368615228,-101.298645528661,21.9969706795943));
#6471=CARTESIAN_POINT('Ctrl Pts',(9.73408690976079,-101.43665184664,25.6504057241862));
#6472=CARTESIAN_POINT('Ctrl Pts',(13.7327298937627,-101.57465816462,32.6326984554094));
#6473=CARTESIAN_POINT('Ctrl Pts',(13.2652267328147,-101.7126644826,40.6591072372143));
#6474=CARTESIAN_POINT('Ctrl Pts',(8.48793480153556,-101.850670800579,47.1285549704513));
#6475=CARTESIAN_POINT('Ctrl Pts',(0.95302909701231,-101.988677118559,49.9359532400846));
#6476=CARTESIAN_POINT('Ctrl Pts',(-6.89449852501805,-102.126683436539,48.1684776674819));
#6477=CARTESIAN_POINT('Ctrl Pts',(-12.287265057784,-102.259578409408,42.6179572919907));
#6478=CARTESIAN_POINT('Ctrl Pts',(-13.9361985808621,-102.387362037167,35.4151890354121));
#6479=CARTESIAN_POINT('Ctrl Pts',(-11.9160908307838,-102.510034319816,28.6349375065976));
#6480=CARTESIAN_POINT('Ctrl Pts',(-5.98053354169187,-102.653151982906,22.8633447171341));
#6481=CARTESIAN_POINT('Ctrl Pts',(3.76921853226646,-102.816715026438,21.6132496808555));
#6482=CARTESIAN_POINT('Ctrl Pts',(12.6428318994177,-103.000723450411,28.2822471149375));
#6483=CARTESIAN_POINT('Ctrl Pts',(14.0510629858093,-103.154063803722,37.3903424357303));
#6484=CARTESIAN_POINT('Ctrl Pts',(11.1590270905357,-103.27673608637,43.7542121869878));
#6485=CARTESIAN_POINT('Ctrl Pts',(6.75384808492976,-103.384074333688,47.9830663300291));
#6486=CARTESIAN_POINT('Ctrl Pts',(-0.115006285401944,-103.506746616337,
49.9688106228687));
#6487=CARTESIAN_POINT('Ctrl Pts',(-7.80370035250167,-103.644752934317,47.6120542239193));
#6488=CARTESIAN_POINT('Ctrl Pts',(-12.9571254920986,-103.782759252296,41.439435562047));
#6489=CARTESIAN_POINT('Ctrl Pts',(-13.8994798580972,-103.920765570276,33.4526805737622));
#6490=CARTESIAN_POINT('Ctrl Pts',(-10.3250566945469,-104.058771888256,26.2493289165814));
#6491=CARTESIAN_POINT('Ctrl Pts',(-3.39518392535697,-104.196778206235,22.1692647617984));
#6492=CARTESIAN_POINT('Ctrl Pts',(4.63798891554029,-104.334784524215,22.5388847363026));
#6493=CARTESIAN_POINT('Ctrl Pts',(11.1639619042097,-104.472790842195,27.2378544510767));
#6494=CARTESIAN_POINT('Ctrl Pts',(14.061941059118,-104.610797160175,34.7391994906699));
#6495=CARTESIAN_POINT('Ctrl Pts',(12.3901744569158,-104.748803478155,42.6052451703655));
#6496=CARTESIAN_POINT('Ctrl Pts',(6.69193907015973,-104.886809796134,48.2795290394081));
#6497=CARTESIAN_POINT('Ctrl Pts',(-1.18100148397075,-105.024816114114,49.9185370616348));
#6498=CARTESIAN_POINT('Ctrl Pts',(-8.67013317395814,-105.162822432094,46.9886512611887));
#6499=CARTESIAN_POINT('Ctrl Pts',(-13.3417370599671,-105.300828750074,40.4440203351416));
#6500=CARTESIAN_POINT('Ctrl Pts',(-13.6775853703866,-105.438835068053,32.4073266980177));
#6501=CARTESIAN_POINT('Ctrl Pts',(-10.9377768873318,-105.53083928004,27.8026540535721));
#6502=CARTESIAN_POINT('Ctrl Pts',(-9.04894425849015,-105.576841386033,26.058984290146));
#6503=CARTESIAN_POINT('Ctrl Pts',(-6.3193396911988,-89.9678978638813,47.9086237401894));
#6504=CARTESIAN_POINT('Ctrl Pts',(-8.640783372654,-90.0138999698746,46.6909301365667));
#6505=CARTESIAN_POINT('Ctrl Pts',(-12.5570502426871,-90.1059041818611,42.8806087966137));
#6506=CARTESIAN_POINT('Ctrl Pts',(-14.3519612568975,-90.2439104998408,34.8767024370634));
#6507=CARTESIAN_POINT('Ctrl Pts',(-11.4820832058715,-90.3819168178207,27.1954876739239));
#6508=CARTESIAN_POINT('Ctrl Pts',(-4.88122826885037,-90.5199231358004,22.3290908090072));
#6509=CARTESIAN_POINT('Ctrl Pts',(3.3060854635575,-90.6579294537801,21.8609310582191));
#6510=CARTESIAN_POINT('Ctrl Pts',(10.4189156796905,-90.7959357717599,25.9421844433788));
#6511=CARTESIAN_POINT('Ctrl Pts',(14.1459300371514,-90.9339420897397,33.247017357878));
#6512=CARTESIAN_POINT('Ctrl Pts',(13.2758738499367,-91.0719484077194,41.4013528191292));
#6513=CARTESIAN_POINT('Ctrl Pts',(8.09153975458917,-91.2099547256992,47.7553066539261));
#6514=CARTESIAN_POINT('Ctrl Pts',(0.277650686851601,-91.347961043679,50.2440864535749));
#6515=CARTESIAN_POINT('Ctrl Pts',(-7.62642652256414,-91.4859673616587,48.0586763785716));
#6516=CARTESIAN_POINT('Ctrl Pts',(-13.0522008167153,-91.6239736796386,41.9097854602095));
#6517=CARTESIAN_POINT('Ctrl Pts',(-14.236206903633,-91.7619799976182,33.7945795408386));
#6518=CARTESIAN_POINT('Ctrl Pts',(-10.7941512672962,-91.8999863155982,26.3524361249294));
#6519=CARTESIAN_POINT('Ctrl Pts',(-3.84363742541612,-92.0379926335777,21.9974588089314));
#6520=CARTESIAN_POINT('Ctrl Pts',(4.05090351480916,-92.1708876064473,22.1482097387655));
#6521=CARTESIAN_POINT('Ctrl Pts',(10.4078769501988,-92.2986712342063,26.1761920036462));
#6522=CARTESIAN_POINT('Ctrl Pts',(13.8269501533943,-92.4213435168549,32.546491339252));
#6523=CARTESIAN_POINT('Ctrl Pts',(13.668134737589,-92.5440157995037,39.7618919663717));
#6524=CARTESIAN_POINT('Ctrl Pts',(9.57935969630157,-92.6803183357799,46.6868640851095));
#6525=CARTESIAN_POINT('Ctrl Pts',(2.87360058755981,-92.8029906184286,49.8108691364326));
#6526=CARTESIAN_POINT('Ctrl Pts',(-4.20976093141804,-92.9256629010773,49.2401179599334));
#6527=CARTESIAN_POINT('Ctrl Pts',(-9.82292135951004,-93.0347049300984,46.1447764799438));
#6528=CARTESIAN_POINT('Ctrl Pts',(-13.609165297954,-93.157377212747,39.9760811864487));
#6529=CARTESIAN_POINT('Ctrl Pts',(-13.8725017910192,-93.2800494953958,32.7674049604998));
#6530=CARTESIAN_POINT('Ctrl Pts',(-10.1965820430124,-93.416352031672,25.6148673665275));
#6531=CARTESIAN_POINT('Ctrl Pts',(-3.68393522738302,-93.5390243143208,22.1019733233958));
#6532=CARTESIAN_POINT('Ctrl Pts',(2.82791221171568,-93.6514739067486,22.2489950212922));
#6533=CARTESIAN_POINT('Ctrl Pts',(7.59382623396201,-93.7400705553284,24.1620624279352));
#6534=CARTESIAN_POINT('Ctrl Pts',(11.4358312220914,-93.8320747673147,27.8808625683957));
#6535=CARTESIAN_POINT('Ctrl Pts',(13.5958744371991,-93.9240789793014,32.7606479763526));
#6536=CARTESIAN_POINT('Ctrl Pts',(13.7661335749906,-94.0160831912878,38.1044578182534));
#6537=CARTESIAN_POINT('Ctrl Pts',(11.909430331699,-94.1080874032744,43.1052231983639));
#6538=CARTESIAN_POINT('Ctrl Pts',(7.12353597781389,-94.230759685923,48.3911564909328));
#6539=CARTESIAN_POINT('Ctrl Pts',(-1.969336600366,-94.3841000392339,50.7630951012273));
#6540=CARTESIAN_POINT('Ctrl Pts',(-11.8072516465806,-94.5681084632068,45.1629672391405));
#6541=CARTESIAN_POINT('Ctrl Pts',(-14.4109169180615,-94.7214488165178,36.1343252870653));
#6542=CARTESIAN_POINT('Ctrl Pts',(-12.3091048609081,-94.8441210991664,29.3194171682866));
#6543=CARTESIAN_POINT('Ctrl Pts',(-8.95823111092394,-94.9361253111529,25.1714132262784));
#6544=CARTESIAN_POINT('Ctrl Pts',(-4.27461631741411,-95.0281295231395,22.5853991518231));
#6545=CARTESIAN_POINT('Ctrl Pts',(0.823729475605847,-95.116726171719,21.9827207927572));
#6546=CARTESIAN_POINT('Ctrl Pts',(7.14885310621443,-95.2291757641471,23.5411130841699));
#6547=CARTESIAN_POINT('Ctrl Pts',(12.5179928010346,-95.3518480467957,28.6324804384096));
#6548=CARTESIAN_POINT('Ctrl Pts',(14.1991726300914,-95.4881505830721,36.4967093593243));
#6549=CARTESIAN_POINT('Ctrl Pts',(12.0627429828653,-95.6108228657206,43.386585504453));
#6550=CARTESIAN_POINT('Ctrl Pts',(6.79729292640662,-95.7334951483695,48.3527444318855));
#6551=CARTESIAN_POINT('Ctrl Pts',(0.570644334313273,-95.8425371773903,49.8752255026492));
#6552=CARTESIAN_POINT('Ctrl Pts',(-6.41604620198846,-95.9652094600392,48.5766756102111));
#6553=CARTESIAN_POINT('Ctrl Pts',(-12.0735385440211,-96.0878817426877,43.8104468075621));
#6554=CARTESIAN_POINT('Ctrl Pts',(-14.2124986953026,-96.2241842789642,36.057680295365));
#6555=CARTESIAN_POINT('Ctrl Pts',(-12.4818150665547,-96.3468565616127,29.0520168769223));
#6556=CARTESIAN_POINT('Ctrl Pts',(-7.5183664050785,-96.4695288442615,23.7932863485932));
#6557=CARTESIAN_POINT('Ctrl Pts',(-0.617214122045119,-96.5922011269101,
21.6584167736782));
#6558=CARTESIAN_POINT('Ctrl Pts',(6.44312194832142,-96.7148734095589,23.1865610355582));
#6559=CARTESIAN_POINT('Ctrl Pts',(11.8440553745211,-96.8375456922075,27.9948858891146));
#6560=CARTESIAN_POINT('Ctrl Pts',(14.1759577787474,-96.9602179748562,34.824001311094));
#6561=CARTESIAN_POINT('Ctrl Pts',(12.7176164219644,-97.0965205111326,42.7330958303205));
#6562=CARTESIAN_POINT('Ctrl Pts',(7.49492364074667,-97.2191927937812,47.9721458723075));
#6563=CARTESIAN_POINT('Ctrl Pts',(0.64722283625265,-97.3418650764298,49.8718972355914));
#6564=CARTESIAN_POINT('Ctrl Pts',(-5.68802984169335,-97.4509071054509,48.8953210338877));
#6565=CARTESIAN_POINT('Ctrl Pts',(-11.3644402770687,-97.5735793880997,44.4046599625757));
#6566=CARTESIAN_POINT('Ctrl Pts',(-14.0905242648918,-97.6962516707483,37.7261006142268));
#6567=CARTESIAN_POINT('Ctrl Pts',(-13.0978868110379,-97.8325542070246,29.7456627001296));
#6568=CARTESIAN_POINT('Ctrl Pts',(-8.19070356643484,-97.9552264896733,24.2077407258569));
#6569=CARTESIAN_POINT('Ctrl Pts',(-2.02454932906633,-98.0676760821013,22.1064711144991));
#6570=CARTESIAN_POINT('Ctrl Pts',(3.10670520832687,-98.1562727306808,22.2646999412322));
#6571=CARTESIAN_POINT('Ctrl Pts',(7.99734614409981,-98.2482769426674,24.4344223468066));
#6572=CARTESIAN_POINT('Ctrl Pts',(11.6946979204074,-98.3402811546539,28.2766015180268));
#6573=CARTESIAN_POINT('Ctrl Pts',(14.3816534212722,-98.4629534373026,34.8821977418012));
#6574=CARTESIAN_POINT('Ctrl Pts',(12.5662090091272,-98.6162937906133,44.1059953376464));
#6575=CARTESIAN_POINT('Ctrl Pts',(3.26102278737292,-98.8003022145866,50.5316905172868));
#6576=CARTESIAN_POINT('Ctrl Pts',(-7.87664628864446,-98.9843106385593,48.6568662460587));
#6577=CARTESIAN_POINT('Ctrl Pts',(-14.5673524135691,-99.1683190625326,39.5529487370452));
#6578=CARTESIAN_POINT('Ctrl Pts',(-13.0211646019217,-99.3523274865055,28.3610125031777));
#6579=CARTESIAN_POINT('Ctrl Pts',(-4.11589754259472,-99.5363359104786,21.4081337171656));
#6580=CARTESIAN_POINT('Ctrl Pts',(7.11624717555354,-99.7203443344515,22.6274660452967));
#6581=CARTESIAN_POINT('Ctrl Pts',(14.3263157653448,-99.9043527584247,31.3215818379282));
#6582=CARTESIAN_POINT('Ctrl Pts',(13.435762045828,-100.088361182398,42.5926176644349));
#6583=CARTESIAN_POINT('Ctrl Pts',(6.36848606861568,-100.241701535708,48.7981375571758));
#6584=CARTESIAN_POINT('Ctrl Pts',(-0.689331215826027,-100.364373818357,
49.779175250372));
#6585=CARTESIAN_POINT('Ctrl Pts',(-7.6108442216006,-100.487046101006,48.1023397955579));
#6586=CARTESIAN_POINT('Ctrl Pts',(-14.0379663179134,-100.640386454317,41.2368373649663));
#6587=CARTESIAN_POINT('Ctrl Pts',(-13.8076249026764,-100.82439487829,29.9227666251442));
#6588=CARTESIAN_POINT('Ctrl Pts',(-6.44345043646793,-100.993069266932,22.6639762298526));
#6589=CARTESIAN_POINT('Ctrl Pts',(2.63067404263157,-101.146409620243,21.7229474411727));
#6590=CARTESIAN_POINT('Ctrl Pts',(9.92653237214682,-101.284415938222,25.4486268989468));
#6591=CARTESIAN_POINT('Ctrl Pts',(14.0041789810107,-101.422422256202,32.5689463407093));
#6592=CARTESIAN_POINT('Ctrl Pts',(13.527399041926,-101.560428574182,40.7539991044848));
#6593=CARTESIAN_POINT('Ctrl Pts',(8.65565218921378,-101.698434892161,47.3512971720841));
#6594=CARTESIAN_POINT('Ctrl Pts',(0.971802487547816,-101.836441210141,50.214151000189));
#6595=CARTESIAN_POINT('Ctrl Pts',(-7.03082755300858,-101.974447528121,48.4117048358281));
#6596=CARTESIAN_POINT('Ctrl Pts',(-12.5301597617128,-102.107342500991,42.7514511554119));
#6597=CARTESIAN_POINT('Ctrl Pts',(-14.2116526953644,-102.23512612875,35.4063090137955));
#6598=CARTESIAN_POINT('Ctrl Pts',(-12.1515857803842,-102.357798411398,28.4920514712998));
#6599=CARTESIAN_POINT('Ctrl Pts',(-6.09868301853148,-102.500916074488,22.6064070531504));
#6600=CARTESIAN_POINT('Ctrl Pts',(3.8437835799741,-102.66447911802,21.3316473851359));
#6601=CARTESIAN_POINT('Ctrl Pts',(12.8927582877828,-102.848487541993,28.1325011573025));
#6602=CARTESIAN_POINT('Ctrl Pts',(14.3287825513413,-103.001827895304,37.4206290428961));
#6603=CARTESIAN_POINT('Ctrl Pts',(11.3795552679021,-103.124500177953,43.9102708604394));
#6604=CARTESIAN_POINT('Ctrl Pts',(6.88728648798773,-103.23183842527,48.2226905375449));
#6605=CARTESIAN_POINT('Ctrl Pts',(-0.117343312362241,-103.354510707919,
50.2476529907801));
#6606=CARTESIAN_POINT('Ctrl Pts',(-7.95799770323669,-103.492517025899,47.8442792804795));
#6607=CARTESIAN_POINT('Ctrl Pts',(-13.2132549966358,-103.630523343878,41.5496323045657));
#6608=CARTESIAN_POINT('Ctrl Pts',(-14.1741993232965,-103.768529661858,33.4050107291369));
#6609=CARTESIAN_POINT('Ctrl Pts',(-10.5290932357059,-103.906535979838,26.0592973032996));
#6610=CARTESIAN_POINT('Ctrl Pts',(-3.46222949487635,-104.044542297818,21.8986199550116));
#6611=CARTESIAN_POINT('Ctrl Pts',(4.7297214662402,-104.182548615797,22.2755820267442));
#6612=CARTESIAN_POINT('Ctrl Pts',(11.3846623946122,-104.320554933777,27.0674588399518));
#6613=CARTESIAN_POINT('Ctrl Pts',(14.3398876377158,-104.458561251757,34.7170849429758));
#6614=CARTESIAN_POINT('Ctrl Pts',(12.6350420969697,-104.596567569737,42.7385994934103));
#6615=CARTESIAN_POINT('Ctrl Pts',(6.82415246756646,-104.734573887716,48.5250127046547));
#6616=CARTESIAN_POINT('Ctrl Pts',(-1.20440822681831,-104.872580205696,50.1963809206752));
#6617=CARTESIAN_POINT('Ctrl Pts',(-8.84155319277169,-105.010586523676,47.2085505149645));
#6618=CARTESIAN_POINT('Ctrl Pts',(-13.605464103547,-105.148592841656,40.5345404423553));
#6619=CARTESIAN_POINT('Ctrl Pts',(-13.9479142441727,-105.286599159635,32.3389959009679));
#6620=CARTESIAN_POINT('Ctrl Pts',(-11.1539311908289,-105.378603371622,27.6433219365642));
#6621=CARTESIAN_POINT('Ctrl Pts',(-9.22775691919221,-105.424605477615,25.8651961947346));
#6622=CARTESIAN_POINT('Ctrl Pts',(-5.95187051926773,-105.424605477616,47.2069957745741));
#6623=CARTESIAN_POINT('Ctrl Pts',(-6.2180601637936,-105.424605477637,47.0785922659433));
#6624=CARTESIAN_POINT('Ctrl Pts',(-6.48006785217743,-105.424605477684,46.9409515146223));
#6625=CARTESIAN_POINT('Ctrl Pts',(-6.73734938877792,-105.424605477703,46.794182494015));
#6626=CARTESIAN_POINT('Ctrl Pts',(-6.80267183862446,-105.424605477708,46.7569185997055));
#6627=CARTESIAN_POINT('Ctrl Pts',(-6.86768947747175,-105.424605477711,46.7190660607642));
#6628=CARTESIAN_POINT('Ctrl Pts',(-6.93239307125995,-105.424605477711,46.680626231469));
#6629=CARTESIAN_POINT('Ctrl Pts',(-7.19282987469298,-105.424605477712,46.5259030440846));
#6630=CARTESIAN_POINT('Ctrl Pts',(-7.4472809519189,-105.424605477715,46.3622028866944));
#6631=CARTESIAN_POINT('Ctrl Pts',(-7.69523683535573,-105.42460547772,46.1897813454615));
#6632=CARTESIAN_POINT('Ctrl Pts',(-7.77135339289334,-105.424605477721,46.1368520340773));
#6633=CARTESIAN_POINT('Ctrl Pts',(-7.84685779063995,-105.424605477723,46.0831005077987));
#6634=CARTESIAN_POINT('Ctrl Pts',(-7.92173501216258,-105.424605477725,46.0285332167915));
#6635=CARTESIAN_POINT('Ctrl Pts',(-8.16113799200418,-105.424605477731,45.8540666460056));
#6636=CARTESIAN_POINT('Ctrl Pts',(-8.39413146776953,-105.424605477739,45.6712644110992));
#6637=CARTESIAN_POINT('Ctrl Pts',(-8.62046052429061,-105.424605477747,45.4806258681982));
#6638=CARTESIAN_POINT('Ctrl Pts',(-8.85060485030962,-105.424605477756,45.2867736971886));
#6639=CARTESIAN_POINT('Ctrl Pts',(-9.07385862747627,-105.424605477766,45.0848184592533));
#6640=CARTESIAN_POINT('Ctrl Pts',(-9.28992526829512,-105.424605477776,44.8752396781686));
#6641=CARTESIAN_POINT('Ctrl Pts',(-9.50667862485192,-105.424605477785,44.6649948014444));
#6642=CARTESIAN_POINT('Ctrl Pts',(-9.71619949968831,-105.424605477795,44.4470773927834));
#6643=CARTESIAN_POINT('Ctrl Pts',(-9.9181535261385,-105.424605477803,44.2219322641716));
#6644=CARTESIAN_POINT('Ctrl Pts',(-10.0523654103223,-105.424605477808,44.0723083499723));
#6645=CARTESIAN_POINT('Ctrl Pts',(-10.183234679367,-105.424605477813,43.9194915248625));
#6646=CARTESIAN_POINT('Ctrl Pts',(-10.3106533268862,-105.424605477816,43.763604290788));
#6647=CARTESIAN_POINT('Ctrl Pts',(-10.3740003440933,-105.424605477818,43.6861039288586));
#6648=CARTESIAN_POINT('Ctrl Pts',(-10.4364943606611,-105.42460547782,43.6078445785924));
#6649=CARTESIAN_POINT('Ctrl Pts',(-10.4981213065662,-105.424605477821,43.5288407863995));
#6650=CARTESIAN_POINT('Ctrl Pts',(-10.5275587915026,-105.424605477821,43.4911028633459));
#6651=CARTESIAN_POINT('Ctrl Pts',(-10.5567984281671,-105.424605477822,43.4531950757259));
#6652=CARTESIAN_POINT('Ctrl Pts',(-10.5858386380824,-105.424605477822,43.415118984467));
#6653=CARTESIAN_POINT('Ctrl Pts',(-10.6044266815827,-105.424605477822,43.3907472584118));
#6654=CARTESIAN_POINT('Ctrl Pts',(-10.6229330189953,-105.424605477823,43.3663065777431));
#6655=CARTESIAN_POINT('Ctrl Pts',(-10.6413572299626,-105.424605477823,43.3417973485774));
#6656=CARTESIAN_POINT('Ctrl Pts',(-10.6616705990095,-105.424605477823,43.3147750235518));
#6657=CARTESIAN_POINT('Ctrl Pts',(-10.6818790469112,-105.424605477823,43.2876761147007));
#6658=CARTESIAN_POINT('Ctrl Pts',(-10.7019783612677,-105.424605477823,43.2605064965863));
#6659=CARTESIAN_POINT('Ctrl Pts',(-10.8834310262785,-105.424605477825,43.0152245169759));
#6660=CARTESIAN_POINT('Ctrl Pts',(-11.0560915340034,-105.424605477829,42.7640505811382));
#6661=CARTESIAN_POINT('Ctrl Pts',(-11.2196898825037,-105.424605477835,42.5074990868205));
#6662=CARTESIAN_POINT('Ctrl Pts',(-11.3839290490093,-105.42460547784,42.2499426751652));
#6663=CARTESIAN_POINT('Ctrl Pts',(-11.5390353299213,-105.424605477847,41.9869660226928));
#6664=CARTESIAN_POINT('Ctrl Pts',(-11.6847003157359,-105.424605477855,41.7190502479307));
#6665=CARTESIAN_POINT('Ctrl Pts',(-11.8297331772588,-105.424605477863,41.4522971140629));
#6666=CARTESIAN_POINT('Ctrl Pts',(-11.9654068651495,-105.424605477871,41.1806471236361));
#6667=CARTESIAN_POINT('Ctrl Pts',(-12.091376483832,-105.42460547788,40.9045436467946));
#6668=CARTESIAN_POINT('Ctrl Pts',(-12.2081223592097,-105.424605477888,40.6486570097162));
#6669=CARTESIAN_POINT('Ctrl Pts',(-12.3165330761755,-105.424605477896,40.3889445806516));
#6670=CARTESIAN_POINT('Ctrl Pts',(-12.4162987350577,-105.424605477903,40.1257405971988));
#6671=CARTESIAN_POINT('Ctrl Pts',(-12.5292447135916,-105.424605477911,39.8277640008611));
#6672=CARTESIAN_POINT('Ctrl Pts',(-12.6311116736777,-105.424605477917,39.5253120790783));
#6673=CARTESIAN_POINT('Ctrl Pts',(-12.7218545307298,-105.424605477921,39.2190144772018));
#6674=CARTESIAN_POINT('Ctrl Pts',(-12.7654372292355,-105.424605477923,39.0719034376194));
#6675=CARTESIAN_POINT('Ctrl Pts',(-12.8064529573429,-105.424605477924,38.9239050592081));
#6676=CARTESIAN_POINT('Ctrl Pts',(-12.8448916657895,-105.424605477924,38.7750882185639));
#6677=CARTESIAN_POINT('Ctrl Pts',(-12.852309821003,-105.424605477924,38.7463685641609));
#6678=CARTESIAN_POINT('Ctrl Pts',(-12.8596296147474,-105.424605477924,38.7176276114286));
#6679=CARTESIAN_POINT('Ctrl Pts',(-12.8668510426703,-105.424605477924,38.6888663307561));
#6680=CARTESIAN_POINT('Ctrl Pts',(-12.9407693630936,-105.424605477922,38.3944667212591));
#6681=CARTESIAN_POINT('Ctrl Pts',(-13.0043889425906,-105.424605477912,38.0979250664059));
#6682=CARTESIAN_POINT('Ctrl Pts',(-13.0577947752416,-105.424605477897,37.7998212817593));
#6683=CARTESIAN_POINT('Ctrl Pts',(-13.1118224974555,-105.424605477882,37.4982461977604));
#6684=CARTESIAN_POINT('Ctrl Pts',(-13.1553973570071,-105.424605477861,37.1950718385586));
#6685=CARTESIAN_POINT('Ctrl Pts',(-13.1885588149001,-105.424605477838,36.8908754993114));
#6686=CARTESIAN_POINT('Ctrl Pts',(-13.2219222832663,-105.424605477815,36.584826079701));
#6687=CARTESIAN_POINT('Ctrl Pts',(-13.2447452005256,-105.42460547779,36.2777415889988));
#6688=CARTESIAN_POINT('Ctrl Pts',(-13.2570171017867,-105.424605477767,35.9701954464859));
#6689=CARTESIAN_POINT('Ctrl Pts',(-13.2692466052035,-105.424605477743,35.663711836434));
#6690=CARTESIAN_POINT('Ctrl Pts',(-13.2709979087271,-105.42460547772,35.3567691404792));
#6691=CARTESIAN_POINT('Ctrl Pts',(-13.2622095380842,-105.424605477701,35.0499296904663));
#6692=CARTESIAN_POINT('Ctrl Pts',(-13.2534950636583,-105.424605477682,34.7456702721183));
#6693=CARTESIAN_POINT('Ctrl Pts',(-13.2344174169186,-105.424605477667,34.4415117760194));
#6694=CARTESIAN_POINT('Ctrl Pts',(-13.204866076077,-105.424605477659,34.1380064048252));
#6695=CARTESIAN_POINT('Ctrl Pts',(-13.1921979989968,-105.424605477655,34.0078996371778));
#6696=CARTESIAN_POINT('Ctrl Pts',(-13.1776045686168,-105.424605477653,33.8779129938701));
#6697=CARTESIAN_POINT('Ctrl Pts',(-13.1610741891783,-105.424605477652,33.7480906148479));
#6698=CARTESIAN_POINT('Ctrl Pts',(-13.156864821819,-105.424605477651,33.7150320824169));
#6699=CARTESIAN_POINT('Ctrl Pts',(-13.15252962675,-105.424605477651,33.681982579832));
#6700=CARTESIAN_POINT('Ctrl Pts',(-13.1480690820109,-105.424605477651,33.6489479226405));
#6701=CARTESIAN_POINT('Ctrl Pts',(-13.1064113948269,-105.42460547765,33.3404323721853));
#6702=CARTESIAN_POINT('Ctrl Pts',(-13.0539277406565,-105.42460547765,33.0339650350532));
#6703=CARTESIAN_POINT('Ctrl Pts',(-12.9906439749958,-105.424605477652,32.7301220255004));
#6704=CARTESIAN_POINT('Ctrl Pts',(-12.9808727870309,-105.424605477652,32.6832078267775));
#6705=CARTESIAN_POINT('Ctrl Pts',(-12.9708440221485,-105.424605477653,32.6363561777148));
#6706=CARTESIAN_POINT('Ctrl Pts',(-12.9605576657764,-105.424605477653,32.5895691858624));
#6707=CARTESIAN_POINT('Ctrl Pts',(-12.8952664627227,-105.424605477655,32.2925953231254));
#6708=CARTESIAN_POINT('Ctrl Pts',(-12.8196014420216,-105.424605477658,31.9982262220287));
#6709=CARTESIAN_POINT('Ctrl Pts',(-12.7339251269521,-105.424605477663,31.7068916717983));
#6710=CARTESIAN_POINT('Ctrl Pts',(-12.6467377566035,-105.424605477667,31.4104189149385));
#6711=CARTESIAN_POINT('Ctrl Pts',(-12.5491827254967,-105.424605477672,31.1170881580456));
#6712=CARTESIAN_POINT('Ctrl Pts',(-12.4415887130999,-105.424605477677,30.8273596120093));
#6713=CARTESIAN_POINT('Ctrl Pts',(-12.3335622679134,-105.424605477682,30.5364666134105));
#6714=CARTESIAN_POINT('Ctrl Pts',(-12.21541574243,-105.424605477687,30.2492042900108));
#6715=CARTESIAN_POINT('Ctrl Pts',(-12.0874313698826,-105.424605477691,29.9660538822234));
#6716=CARTESIAN_POINT('Ctrl Pts',(-11.9597502010731,-105.424605477695,29.6835742771312));
#6717=CARTESIAN_POINT('Ctrl Pts',(-11.8222774570541,-105.424605477699,29.4051865902989));
#6718=CARTESIAN_POINT('Ctrl Pts',(-11.6752473161543,-105.4246054777,29.1313921257466));
#6719=CARTESIAN_POINT('Ctrl Pts',(-11.6347950309545,-105.4246054777,29.0560632734553));
#6720=CARTESIAN_POINT('Ctrl Pts',(-11.5936190331012,-105.4246054777,28.9810822735284));
#6721=CARTESIAN_POINT('Ctrl Pts',(-11.551723630229,-105.4246054777,28.9064599632584));
#6722=CARTESIAN_POINT('Ctrl Pts',(-11.5266387423092,-105.4246054777,28.8617798274652));
#6723=CARTESIAN_POINT('Ctrl Pts',(-11.5012959416623,-105.4246054777,28.8172282861762));
#6724=CARTESIAN_POINT('Ctrl Pts',(-11.475696112554,-105.424605477699,28.7728076988311));
#6725=CARTESIAN_POINT('Ctrl Pts',(-11.4618836057601,-105.424605477699,28.7488403644439));
#6726=CARTESIAN_POINT('Ctrl Pts',(-11.4479969652004,-105.424605477699,28.7249123941231));
#6727=CARTESIAN_POINT('Ctrl Pts',(-11.4340411971378,-105.424605477699,28.7010323309272));
#6728=CARTESIAN_POINT('Ctrl Pts',(-11.2758736756319,-105.424605477697,28.4303879355661));
#6729=CARTESIAN_POINT('Ctrl Pts',(-11.1086628436049,-105.424605477694,28.1656032207997));
#6730=CARTESIAN_POINT('Ctrl Pts',(-10.9327738451736,-105.424605477691,27.9071295348613));
#6731=CARTESIAN_POINT('Ctrl Pts',(-10.7561774365592,-105.424605477687,27.6476162903428));
#6732=CARTESIAN_POINT('Ctrl Pts',(-10.5708326488344,-105.424605477683,27.3944643906247));
#6733=CARTESIAN_POINT('Ctrl Pts',(-10.3770589860911,-105.424605477679,27.148147406933));
#6734=CARTESIAN_POINT('Ctrl Pts',(-10.1839938915491,-105.424605477676,26.902731125533));
#6735=CARTESIAN_POINT('Ctrl Pts',(-9.9825611361397,-105.424605477672,26.664099341247));
#6736=CARTESIAN_POINT('Ctrl Pts',(-9.77303159705811,-105.42460547767,26.4327450656138));
#6737=CARTESIAN_POINT('Ctrl Pts',(-9.59694641603841,-105.424605477668,26.2383187346864));
#6738=CARTESIAN_POINT('Ctrl Pts',(-9.41514206262352,-105.424605477667,26.049032363684));
#6739=CARTESIAN_POINT('Ctrl Pts',(-9.22775691913255,-105.424605477666,25.8651961947992));
#6740=CARTESIAN_POINT('Ctrl Pts',(13.6031144104237,-90.9775692138005,35.8606039153393));
#6741=CARTESIAN_POINT('Ctrl Pts',(13.6006899853291,-91.009028945107,37.6536638317082));
#6742=CARTESIAN_POINT('Ctrl Pts',(13.2469027918817,-91.0404886764135,39.447644332179));
#6743=CARTESIAN_POINT('Ctrl Pts',(12.5568275319135,-91.0719484077201,41.1012892147197));
#6744=CARTESIAN_POINT('Ctrl Pts',(11.5477624848199,-91.1179505137133,43.5193374307275));
#6745=CARTESIAN_POINT('Ctrl Pts',(9.8196511197042,-91.1639526197066,45.6373220423263));
#6746=CARTESIAN_POINT('Ctrl Pts',(7.65328059252353,-91.2099547256999,47.1111109814005));
#6747=CARTESIAN_POINT('Ctrl Pts',(5.48691006534286,-91.2559568316931,48.5848999204747));
#6748=CARTESIAN_POINT('Ctrl Pts',(2.88228037609722,-91.3019589376864,49.4144931870242));
#6749=CARTESIAN_POINT('Ctrl Pts',(0.262619329905222,-91.3479610436796,49.4650548077985));
#6750=CARTESIAN_POINT('Ctrl Pts',(-2.35704171628678,-91.3939631496729,49.5156164285727));
#6751=CARTESIAN_POINT('Ctrl Pts',(-4.99173411942514,-91.4399652556661,48.7871464035717));
#6752=CARTESIAN_POINT('Ctrl Pts',(-7.2133760366861,-91.4859673616594,47.3980962380109));
#6753=CARTESIAN_POINT('Ctrl Pts',(-9.43501795394706,-91.5319694676527,46.0090460724501));
#6754=CARTESIAN_POINT('Ctrl Pts',(-11.2436093853306,-91.577971573646,43.9594157663296));
#6755=CARTESIAN_POINT('Ctrl Pts',(-12.345239448842,-91.6239736796392,41.5820662933743));
#6756=CARTESIAN_POINT('Ctrl Pts',(-13.4468695123534,-91.6699757856324,39.204716820419));
#6757=CARTESIAN_POINT('Ctrl Pts',(-13.8415382079926,-91.7159778916256,36.4996481806288));
#6758=CARTESIAN_POINT('Ctrl Pts',(-13.4651966164228,-91.7619799976189,33.906756624749));
#6759=CARTESIAN_POINT('Ctrl Pts',(-13.088855024853,-91.8079821036122,31.3138650688692));
#6760=CARTESIAN_POINT('Ctrl Pts',(-11.9415031460741,-91.8539842096055,28.8331505968997));
#6761=CARTESIAN_POINT('Ctrl Pts',(-10.2094082330381,-91.8999863155988,26.8669638082487));
#6762=CARTESIAN_POINT('Ctrl Pts',(-8.47731332000213,-91.945988421592,24.9007770195976));
#6763=CARTESIAN_POINT('Ctrl Pts',(-6.16047537270897,-91.9919905275852,23.4491179142651));
#6764=CARTESIAN_POINT('Ctrl Pts',(-3.63569354402351,-92.0379926335784,22.7493798686855));
#6765=CARTESIAN_POINT('Ctrl Pts',(-1.11091171533805,-92.0839947395717,22.0496418231059));
#6766=CARTESIAN_POINT('Ctrl Pts',(1.62181399473972,-92.129996845565,22.1018248372792));
#6767=CARTESIAN_POINT('Ctrl Pts',(4.11936691305046,-92.1759989515583,22.8940675814909));
#6768=CARTESIAN_POINT('Ctrl Pts',(6.3394139515489,-92.2168897124412,23.5982833541235));
#6769=CARTESIAN_POINT('Ctrl Pts',(8.37364545087339,-92.257780473324,24.8872376788853));
#6770=CARTESIAN_POINT('Ctrl Pts',(9.96060673440151,-92.2986712342069,26.5934313972003));
#6771=CARTESIAN_POINT('Ctrl Pts',(11.5475680179296,-92.3395619950898,28.2996251155154));
#6772=CARTESIAN_POINT('Ctrl Pts',(12.6872590856614,-92.3804527559727,30.4230582273839));
#6773=CARTESIAN_POINT('Ctrl Pts',(13.2306353835597,-92.4213435168556,32.6873415545046));
#6774=CARTESIAN_POINT('Ctrl Pts',(13.4796868433939,-92.4400854158508,33.7251547058671));
#6775=CARTESIAN_POINT('Ctrl Pts',(13.6034667769869,-92.4588273148461,34.7925571317682));
#6776=CARTESIAN_POINT('Ctrl Pts',(13.6028868003981,-92.4775692138413,35.8602131250312));
#6777=CARTESIAN_POINT('Ctrl Pts',(-9.22757744758603,-90.424605477753,25.8664589220754));
#6778=CARTESIAN_POINT('Ctrl Pts',(-9.45429382914249,-90.4246054776968,26.0882683324502));
#6779=CARTESIAN_POINT('Ctrl Pts',(-9.67338911065496,-90.4246054776161,26.3180111095554));
#6780=CARTESIAN_POINT('Ctrl Pts',(-9.88432324996174,-90.4246054775498,26.5553922720766));
#6781=CARTESIAN_POINT('Ctrl Pts',(-10.0952573892685,-90.4246054774835,26.7927734345978));
#6782=CARTESIAN_POINT('Ctrl Pts',(-10.2980308960413,-90.4246054774316,27.0377933850232));
#6783=CARTESIAN_POINT('Ctrl Pts',(-10.4920509159053,-90.4246054774325,27.2901835772098));
#6784=CARTESIAN_POINT('Ctrl Pts',(-10.5979442476686,-90.424605477433,27.4279345081382));
#6785=CARTESIAN_POINT('Ctrl Pts',(-10.7010301870212,-90.4246054774327,27.5676226226579));
#6786=CARTESIAN_POINT('Ctrl Pts',(-10.8012377792383,-90.4246054774319,27.7091864078913));
#6787=CARTESIAN_POINT('Ctrl Pts',(-10.9784202878143,-90.4246054774303,27.9594930566809));
#6788=CARTESIAN_POINT('Ctrl Pts',(-11.1466064898042,-90.4246054774269,28.2156619018891));
#6789=CARTESIAN_POINT('Ctrl Pts',(-11.3057007900904,-90.4246054774227,28.4771346524176));
#6790=CARTESIAN_POINT('Ctrl Pts',(-11.4673755369863,-90.4246054774185,28.7428483875159));
#6791=CARTESIAN_POINT('Ctrl Pts',(-11.6196613430951,-90.4246054774135,29.0140399879067));
#6792=CARTESIAN_POINT('Ctrl Pts',(-11.7624133693091,-90.4246054774087,29.2901534517139));
#6793=CARTESIAN_POINT('Ctrl Pts',(-11.9054880245782,-90.4246054774039,29.5668909502778));
#6794=CARTESIAN_POINT('Ctrl Pts',(-12.0389859563464,-90.4246054773992,29.8485731749494));
#6795=CARTESIAN_POINT('Ctrl Pts',(-12.1627134604877,-90.4246054773955,30.1346617134336));
#6796=CARTESIAN_POINT('Ctrl Pts',(-12.2859017663374,-90.4246054773917,30.4195034923371));
#6797=CARTESIAN_POINT('Ctrl Pts',(-12.3994047679903,-90.4246054773888,30.70871385809));
#6798=CARTESIAN_POINT('Ctrl Pts',(-12.5029813348423,-90.4246054773873,31.0017736735346));
#6799=CARTESIAN_POINT('Ctrl Pts',(-12.5590741244615,-90.4246054773864,31.1604827625996));
#6800=CARTESIAN_POINT('Ctrl Pts',(-12.612254754336,-90.424605477386,31.3203210000302));
#6801=CARTESIAN_POINT('Ctrl Pts',(-12.6624785226309,-90.4246054773859,31.4812065075762));
#6802=CARTESIAN_POINT('Ctrl Pts',(-12.707933031119,-90.4246054773859,31.6268142928268));
#6803=CARTESIAN_POINT('Ctrl Pts',(-12.7509655321206,-90.4246054773862,31.7732799119606));
#6804=CARTESIAN_POINT('Ctrl Pts',(-12.7915395915142,-90.4246054773869,31.9205426022769));
#6805=CARTESIAN_POINT('Ctrl Pts',(-12.8004951409277,-90.4246054773871,31.9530465794385));
#6806=CARTESIAN_POINT('Ctrl Pts',(-12.8093311940015,-90.4246054773872,31.9855905902667));
#6807=CARTESIAN_POINT('Ctrl Pts',(-12.8180428704099,-90.4246054773875,32.0181568751519));
#6808=CARTESIAN_POINT('Ctrl Pts',(-12.8981046427385,-90.42460547739,32.3174465140038));
#6809=CARTESIAN_POINT('Ctrl Pts',(-12.967757258711,-90.4246054773998,32.6189437873912));
#6810=CARTESIAN_POINT('Ctrl Pts',(-13.0268656706457,-90.4246054774146,32.9221090333605));
#6811=CARTESIAN_POINT('Ctrl Pts',(-13.0859348690436,-90.4246054774294,33.2250731542925));
#6812=CARTESIAN_POINT('Ctrl Pts',(-13.1344740059122,-90.4246054774492,33.5297036302643));
#6813=CARTESIAN_POINT('Ctrl Pts',(-13.1722983838548,-90.4246054774712,33.83547625335));
#6814=CARTESIAN_POINT('Ctrl Pts',(-13.2097984461536,-90.4246054774931,34.1386271057548));
#6815=CARTESIAN_POINT('Ctrl Pts',(-13.2367667953121,-90.4246054775172,34.4429011771278));
#6816=CARTESIAN_POINT('Ctrl Pts',(-13.2529726154169,-90.4246054775408,34.7477930430825));
#6817=CARTESIAN_POINT('Ctrl Pts',(-13.2565885742219,-90.4246054775461,34.8158227028066));
#6818=CARTESIAN_POINT('Ctrl Pts',(-13.2596685074896,-90.4246054775513,34.8838831221131));
#6819=CARTESIAN_POINT('Ctrl Pts',(-13.2622094943971,-90.4246054775565,34.9519686794063));
#6820=CARTESIAN_POINT('Ctrl Pts',(-13.2740252238456,-90.4246054775805,35.2685702809109));
#6821=CARTESIAN_POINT('Ctrl Pts',(-13.2741918515925,-90.4246054776033,35.5857162633685));
#6822=CARTESIAN_POINT('Ctrl Pts',(-13.2628483555419,-90.4246054776214,35.9027996666893));
#6823=CARTESIAN_POINT('Ctrl Pts',(-13.2529227964977,-90.4246054776371,36.180247644595));
#6824=CARTESIAN_POINT('Ctrl Pts',(-13.234183848111,-90.4246054776493,36.4576479131643));
#6825=CARTESIAN_POINT('Ctrl Pts',(-13.2066895673711,-90.4246054776552,36.7345838171923));
#6826=CARTESIAN_POINT('Ctrl Pts',(-13.1972781100455,-90.4246054776573,36.8293806393872));
#6827=CARTESIAN_POINT('Ctrl Pts',(-13.1868404856259,-90.4246054776586,36.9241229430612));
#6828=CARTESIAN_POINT('Ctrl Pts',(-13.1753781738964,-90.4246054776591,37.0187936412755));
#6829=CARTESIAN_POINT('Ctrl Pts',(-13.1698681511581,-90.4246054776593,37.0643025850319));
#6830=CARTESIAN_POINT('Ctrl Pts',(-13.1641204623018,-90.4246054776593,37.1098012091864));
#6831=CARTESIAN_POINT('Ctrl Pts',(-13.1581399382102,-90.4246054776592,37.1552531274996));
#6832=CARTESIAN_POINT('Ctrl Pts',(-13.1183370990161,-90.424605477659,37.4577542742192));
#6833=CARTESIAN_POINT('Ctrl Pts',(-13.0682001099312,-90.4246054776555,37.7584185376444));
#6834=CARTESIAN_POINT('Ctrl Pts',(-13.0079458220639,-90.4246054776503,38.0567204307677));
#6835=CARTESIAN_POINT('Ctrl Pts',(-12.9472906648513,-90.4246054776451,38.3570069143464));
#6836=CARTESIAN_POINT('Ctrl Pts',(-12.8763830069651,-90.4246054776381,38.6549000936176));
#6837=CARTESIAN_POINT('Ctrl Pts',(-12.7953915584351,-90.4246054776305,38.9498583289863));
#6838=CARTESIAN_POINT('Ctrl Pts',(-12.7146344375813,-90.4246054776231,39.2439631794711));
#6839=CARTESIAN_POINT('Ctrl Pts',(-12.6238515875899,-90.4246054776151,39.5351506297864));
#6840=CARTESIAN_POINT('Ctrl Pts',(-12.5231608963348,-90.4246054776076,39.8228692763937));
#6841=CARTESIAN_POINT('Ctrl Pts',(-12.4232718156606,-90.4246054776001,40.108297360601));
#6842=CARTESIAN_POINT('Ctrl Pts',(-12.313631795984,-90.4246054775931,40.3903121951428));
#6843=CARTESIAN_POINT('Ctrl Pts',(-12.1943105321779,-90.4246054775873,40.6683528276747));
#6844=CARTESIAN_POINT('Ctrl Pts',(-12.0790994136477,-90.4246054775817,40.9368160608743));
#6845=CARTESIAN_POINT('Ctrl Pts',(-11.954862163386,-90.4246054775771,41.2015745093516));
#6846=CARTESIAN_POINT('Ctrl Pts',(-11.8216235942173,-90.424605477574,41.462095812078));
#6847=CARTESIAN_POINT('Ctrl Pts',(-11.7550043096329,-90.4246054775725,41.5923564634411));
#6848=CARTESIAN_POINT('Ctrl Pts',(-11.686134125593,-90.4246054775713,41.7215573617271));
#6849=CARTESIAN_POINT('Ctrl Pts',(-11.6150128039441,-90.4246054775705,41.8496288556018));
#6850=CARTESIAN_POINT('Ctrl Pts',(-11.600066179444,-90.4246054775704,41.8765439421573));
#6851=CARTESIAN_POINT('Ctrl Pts',(-11.5850190320768,-90.4246054775702,41.9034110699982));
#6852=CARTESIAN_POINT('Ctrl Pts',(-11.5698748858663,-90.4246054775701,41.9302233228979));
#6853=CARTESIAN_POINT('Ctrl Pts',(-11.5129578323244,-90.4246054775695,42.0309932449963));
#6854=CARTESIAN_POINT('Ctrl Pts',(-11.4547102276524,-90.4246054775685,42.1309186414873));
#6855=CARTESIAN_POINT('Ctrl Pts',(-11.3951409514755,-90.424605477567,42.2299709146371));
#6856=CARTESIAN_POINT('Ctrl Pts',(-11.2412669349181,-90.4246054775632,42.4858338711294));
#6857=CARTESIAN_POINT('Ctrl Pts',(-11.0785775022106,-90.4246054775567,42.7358726983593));
#6858=CARTESIAN_POINT('Ctrl Pts',(-10.9075445278143,-90.4246054775488,42.9797869195854));
#6859=CARTESIAN_POINT('Ctrl Pts',(-10.7258736284817,-90.4246054775405,43.2388721403539));
#6860=CARTESIAN_POINT('Ctrl Pts',(-10.5347889667971,-90.4246054775308,43.4910479654851));
#6861=CARTESIAN_POINT('Ctrl Pts',(-10.3348026012659,-90.424605477521,43.7359208902094));
#6862=CARTESIAN_POINT('Ctrl Pts',(-10.1431033341234,-90.4246054775117,43.9706466930811));
#6863=CARTESIAN_POINT('Ctrl Pts',(-9.94322401980225,-90.4246054775024,44.1986624682867));
#6864=CARTESIAN_POINT('Ctrl Pts',(-9.73557573427523,-90.424605477494,44.4195856888369));
#6865=CARTESIAN_POINT('Ctrl Pts',(-9.52854942066702,-90.4246054774857,44.639847174863));
#6866=CARTESIAN_POINT('Ctrl Pts',(-9.31380012410654,-90.4246054774784,44.8530589172046));
#6867=CARTESIAN_POINT('Ctrl Pts',(-9.09170372362734,-90.4246054774727,45.0588008791696));
#6868=CARTESIAN_POINT('Ctrl Pts',(-8.87214994760769,-90.4246054774671,45.2621874470637));
#6869=CARTESIAN_POINT('Ctrl Pts',(-8.6454158407394,-90.4246054774631,45.4582745974965));
#6870=CARTESIAN_POINT('Ctrl Pts',(-8.41184094138122,-90.4246054774612,45.6466114241341));
#6871=CARTESIAN_POINT('Ctrl Pts',(-8.37698124640854,-90.4246054774609,45.6747195999131));
#6872=CARTESIAN_POINT('Ctrl Pts',(-8.34196914527537,-90.4246054774606,45.702655058569));
#6873=CARTESIAN_POINT('Ctrl Pts',(-8.30680573120999,-90.4246054774604,45.730416207044));
#6874=CARTESIAN_POINT('Ctrl Pts',(-8.07014650567232,-90.4246054774591,45.9172561960711));
#6875=CARTESIAN_POINT('Ctrl Pts',(-7.82730425469766,-90.4246054774703,46.0956762588513));
#6876=CARTESIAN_POINT('Ctrl Pts',(-7.57869394644693,-90.4246054774877,46.2653136616658));
#6877=CARTESIAN_POINT('Ctrl Pts',(-7.31949519203966,-90.4246054775058,46.4421760123051));
#6878=CARTESIAN_POINT('Ctrl Pts',(-7.05402626647441,-90.4246054775306,46.6094924516194));
#6879=CARTESIAN_POINT('Ctrl Pts',(-6.78272384354846,-90.4246054775546,46.7668015451696));
#6880=CARTESIAN_POINT('Ctrl Pts',(-6.52683578588697,-90.4246054775771,46.9151729381226));
#6881=CARTESIAN_POINT('Ctrl Pts',(-6.26575759305508,-90.4246054775989,47.0546417601341));
#6882=CARTESIAN_POINT('Ctrl Pts',(-5.9998345739656,-90.4246054776133,47.1847731717961));
#6883=CARTESIAN_POINT('Ctrl Pts',(-5.98381571561819,-90.4246054776141,47.1926121195378));
#6884=CARTESIAN_POINT('Ctrl Pts',(-5.96777927186794,-90.424605477615,47.2004171696367));
#6885=CARTESIAN_POINT('Ctrl Pts',(-5.95172531637085,-90.4246054776158,47.2081882212086));
#6886=CARTESIAN_POINT('Ctrl Pts',(5.95172531636684,-90.4246054776157,47.2081882212107));
#6887=CARTESIAN_POINT('Ctrl Pts',(3.81760305256669,-90.4695061232786,48.3275850568617));
#6888=CARTESIAN_POINT('Ctrl Pts',(-1.09445708769126,-90.5593073474039,49.3303275723491));
#6889=CARTESIAN_POINT('Ctrl Pts',(-8.12902189334593,-90.6940101052591,46.656130554404));
#6890=CARTESIAN_POINT('Ctrl Pts',(-12.6410933034708,-90.8287108605971,40.6363129771257));
#6891=CARTESIAN_POINT('Ctrl Pts',(-13.2356096475689,-90.96341316979,33.1357441503793));
#6892=CARTESIAN_POINT('Ctrl Pts',(-9.7263136893394,-91.0981147734015,26.4803833872042));
#6893=CARTESIAN_POINT('Ctrl Pts',(-3.2021904225909,-91.2328160554679,22.7329530183465));
#6894=CARTESIAN_POINT('Ctrl Pts',(4.31486727634072,-91.3675187350525,23.0555630609151));
#6895=CARTESIAN_POINT('Ctrl Pts',(10.4941514008071,-91.5022190033488,27.347846724773));
#6896=CARTESIAN_POINT('Ctrl Pts',(13.4202385076899,-91.6369225205095,34.2795244765292));
#6897=CARTESIAN_POINT('Ctrl Pts',(12.1859866742554,-91.7716222621849,41.7013899354161));
#6898=CARTESIAN_POINT('Ctrl Pts',(7.17389223020608,-91.906325878195,47.3128808715365));
#6899=CARTESIAN_POINT('Ctrl Pts',(-0.0619526489914488,-92.0410259569634,
49.3743228480593));
#6900=CARTESIAN_POINT('Ctrl Pts',(-7.27891669970167,-92.175728908245,47.2463697385564));
#6901=CARTESIAN_POINT('Ctrl Pts',(-12.2388430491023,-92.3104298204988,41.5896487903049));
#6902=CARTESIAN_POINT('Ctrl Pts',(-13.4055643365431,-92.4451319615469,34.1555757375858));
#6903=CARTESIAN_POINT('Ctrl Pts',(-10.5254706972522,-92.5748445606646,27.5091874576644));
#6904=CARTESIAN_POINT('Ctrl Pts',(-4.93624474445411,-92.6995685210281,23.4447888199059));
#6905=CARTESIAN_POINT('Ctrl Pts',(1.6376769495185,-92.8193027135487,22.599703737138));
#6906=CARTESIAN_POINT('Ctrl Pts',(7.81845612079522,-92.9390385598898,25.0206657739891));
#6907=CARTESIAN_POINT('Ctrl Pts',(11.5828114851363,-93.0454689761487,29.5474079198479));
#6908=CARTESIAN_POINT('Ctrl Pts',(13.3818296800289,-93.1652038243643,35.8194380705703));
#6909=CARTESIAN_POINT('Ctrl Pts',(11.8800943827404,-93.2849384549023,42.4341650674955));
#6910=CARTESIAN_POINT('Ctrl Pts',(6.52753388743825,-93.4179776118752,47.5177363409201));
#6911=CARTESIAN_POINT('Ctrl Pts',(0.12625560007647,-93.5377123879538,49.2234527448015));
#6912=CARTESIAN_POINT('Ctrl Pts',(-6.31494026434463,-93.6574468023019,47.637658134423));
#6913=CARTESIAN_POINT('Ctrl Pts',(-11.2024174544657,-93.7771824080853,43.1500742325499));
#6914=CARTESIAN_POINT('Ctrl Pts',(-13.3197748865705,-93.8969163903788,36.871297970311));
#6915=CARTESIAN_POINT('Ctrl Pts',(-11.9885096071137,-94.0366085607412,29.2414667882541));
#6916=CARTESIAN_POINT('Ctrl Pts',(-5.39309796872443,-94.196254212948,22.8443529891417));
#6917=CARTESIAN_POINT('Ctrl Pts',(4.96468760458469,-94.3758570454297,22.6778713171615));
#6918=CARTESIAN_POINT('Ctrl Pts',(12.6294028060732,-94.5554589921071,29.6254145572657));
#6919=CARTESIAN_POINT('Ctrl Pts',(13.484635899492,-94.735061322035,39.9405690374638));
#6920=CARTESIAN_POINT('Ctrl Pts',(7.05513990672718,-94.9146632422918,48.051961503079));
#6921=CARTESIAN_POINT('Ctrl Pts',(-3.17545401499646,-95.0942655708088,49.5859670516289));
#6922=CARTESIAN_POINT('Ctrl Pts',(-11.7039167044485,-95.2738671994341,43.7060614436148));
#6923=CARTESIAN_POINT('Ctrl Pts',(-13.6478713360439,-95.4335145037806,34.7258282659594));
#6924=CARTESIAN_POINT('Ctrl Pts',(-10.5260034165202,-95.5732047966658,27.6371662447576));
#6925=CARTESIAN_POINT('Ctrl Pts',(-5.28304152521412,-95.6929397705756,23.5860189443493));
#6926=CARTESIAN_POINT('Ctrl Pts',(1.27066129141783,-95.8126744749306,22.5595747818013));
#6927=CARTESIAN_POINT('Ctrl Pts',(7.51332664735571,-95.9324096389088,24.8077120672383));
#6928=CARTESIAN_POINT('Ctrl Pts',(11.8928807522612,-96.0521441858338,29.7801102464261));
#6929=CARTESIAN_POINT('Ctrl Pts',(13.6171862005066,-96.1918358117019,37.3306648831285));
#6930=CARTESIAN_POINT('Ctrl Pts',(10.0019120584128,-96.3514807579509,45.7804615992861));
#6931=CARTESIAN_POINT('Ctrl Pts',(0.523100322478177,-96.5310845721553,49.9412893535767));
#6932=CARTESIAN_POINT('Ctrl Pts',(-9.24305164709129,-96.7106864685636,46.4933021829827));
#6933=CARTESIAN_POINT('Ctrl Pts',(-13.6030887089165,-96.8753212953793,38.08001918232));
#6934=CARTESIAN_POINT('Ctrl Pts',(-12.0975426659033,-97.0249906785114,29.8491427341409));
#6935=CARTESIAN_POINT('Ctrl Pts',(-7.01240074040446,-97.1596910544897,24.3081387599276));
#6936=CARTESIAN_POINT('Ctrl Pts',(0.249394163646303,-97.2943941252977,22.3549044230602));
#6937=CARTESIAN_POINT('Ctrl Pts',(8.24711577706812,-97.4440614599376,24.8166471806754));
#6938=CARTESIAN_POINT('Ctrl Pts',(13.6993272647912,-97.6086981908413,32.5664900897136));
#6939=CARTESIAN_POINT('Ctrl Pts',(12.2462858659339,-97.7882988432501,42.8268527430438));
#6940=CARTESIAN_POINT('Ctrl Pts',(4.85748523026516,-97.9529359734919,48.7594097693959));
#6941=CARTESIAN_POINT('Ctrl Pts',(-3.50940940821969,-98.1026029102404,48.9063968002074));
#6942=CARTESIAN_POINT('Ctrl Pts',(-9.94097554336919,-98.2373064539998,45.0156534869989));
#6943=CARTESIAN_POINT('Ctrl Pts',(-13.295902079709,-98.3720062221406,38.2766483466882));
#6944=CARTESIAN_POINT('Ctrl Pts',(-12.5265030364131,-98.5067097419065,30.7938543444874));
#6945=CARTESIAN_POINT('Ctrl Pts',(-7.87505884178808,-98.6414099917397,24.8796291790259));
#6946=CARTESIAN_POINT('Ctrl Pts',(-0.781650204871714,-98.7761126915868,
22.370851635877));
#6947=CARTESIAN_POINT('Ctrl Pts',(6.55372864014829,-98.9108139680738,24.0437579867828));
#6948=CARTESIAN_POINT('Ctrl Pts',(11.8575951260378,-99.0455155400657,29.380269610856));
#6949=CARTESIAN_POINT('Ctrl Pts',(13.4854590019718,-99.1802179600751,36.7260362330704));
#6950=CARTESIAN_POINT('Ctrl Pts',(10.9326753746843,-99.3149184382279,43.8034185250441));
#6951=CARTESIAN_POINT('Ctrl Pts',(4.99101213925529,-99.4496218256957,48.4192755253996));
#6952=CARTESIAN_POINT('Ctrl Pts',(-2.49873836930882,-99.5843215864139,49.1409155701419));
#6953=CARTESIAN_POINT('Ctrl Pts',(-9.21194290910094,-99.7190253218026,45.7480732466661));
#6954=CARTESIAN_POINT('Ctrl Pts',(-13.0735072071641,-99.8537251235101,39.2855997129113));
#6955=CARTESIAN_POINT('Ctrl Pts',(-12.8736538090761,-99.9884285387686,31.7710760520937));
#6956=CARTESIAN_POINT('Ctrl Pts',(-8.23617549593003,-100.138095358188,24.8087508128695));
#6957=CARTESIAN_POINT('Ctrl Pts',(0.755367292511517,-100.302732640113,21.7915701141519));
#6958=CARTESIAN_POINT('Ctrl Pts',(8.59183061510163,-100.452399735114,25.3916888602805));
#6959=CARTESIAN_POINT('Ctrl Pts',(12.1314335952124,-100.572135424918,30.8929268458785));
#6960=CARTESIAN_POINT('Ctrl Pts',(13.4640706396571,-100.691869756965,37.2973558651902));
#6961=CARTESIAN_POINT('Ctrl Pts',(10.409051968495,-100.841537985362,45.356971227277));
#6962=CARTESIAN_POINT('Ctrl Pts',(1.10564556582518,-101.021140475121,49.9041825327815));
#6963=CARTESIAN_POINT('Ctrl Pts',(-8.78679064681559,-101.200742715698,46.8713828717965));
#6964=CARTESIAN_POINT('Ctrl Pts',(-13.9384083810964,-101.380345321678,37.8939090608295));
#6965=CARTESIAN_POINT('Ctrl Pts',(-11.5685819504929,-101.559947573358,27.8230513979661));
#6966=CARTESIAN_POINT('Ctrl Pts',(-2.94625076410877,-101.73955047763,22.0831585018702));
#6967=CARTESIAN_POINT('Ctrl Pts',(6.11502165923829,-101.899196239311,23.6069556231095));
#6968=CARTESIAN_POINT('Ctrl Pts',(11.5405335142845,-102.038887182394,29.1352294609547));
#6969=CARTESIAN_POINT('Ctrl Pts',(13.3595090685537,-102.158622171203,35.5054897440384));
#6970=CARTESIAN_POINT('Ctrl Pts',(11.881668220986,-102.278356853274,41.9747367915265));
#6971=CARTESIAN_POINT('Ctrl Pts',(7.48142272575276,-102.398091749017,46.9346278944768));
#6972=CARTESIAN_POINT('Ctrl Pts',(1.2351378875124,-102.517826487617,49.166470919322));
#6973=CARTESIAN_POINT('Ctrl Pts',(-5.31355447148971,-102.6375612921,48.1221632988144));
#6974=CARTESIAN_POINT('Ctrl Pts',(-10.5538198932404,-102.757296223307,44.0570520213643));
#6975=CARTESIAN_POINT('Ctrl Pts',(-13.1954274797875,-102.877030848814,37.9740862048237));
#6976=CARTESIAN_POINT('Ctrl Pts',(-12.5846958500848,-102.996766412296,31.3698852789629));
#6977=CARTESIAN_POINT('Ctrl Pts',(-8.87663279318397,-103.11650081708,25.8715061138464));
#6978=CARTESIAN_POINT('Ctrl Pts',(-2.98026337162836,-103.23623551073,22.8360032242274));
#6979=CARTESIAN_POINT('Ctrl Pts',(3.92652604543647,-103.36096003556,23.0115774985745));
#6980=CARTESIAN_POINT('Ctrl Pts',(10.0704331629862,-103.490671432896,26.8494529763732));
#6981=CARTESIAN_POINT('Ctrl Pts',(13.3279820735444,-103.625374891165,33.6329564374262));
#6982=CARTESIAN_POINT('Ctrl Pts',(12.4541321046546,-103.760074901938,41.1051009463613));
#6983=CARTESIAN_POINT('Ctrl Pts',(7.7192229907567,-103.894778019406,46.9527782066262));
#6984=CARTESIAN_POINT('Ctrl Pts',(0.591439474650272,-104.029478791655,49.3613613466372));
#6985=CARTESIAN_POINT('Ctrl Pts',(-6.71980933010221,-104.164180904299,47.5852175402674));
#6986=CARTESIAN_POINT('Ctrl Pts',(-11.9477586636043,-104.298882783739,42.1743258964014));
#6987=CARTESIAN_POINT('Ctrl Pts',(-13.4719494378222,-104.433583756439,34.8065047366219));
#6988=CARTESIAN_POINT('Ctrl Pts',(-10.8196138079948,-104.56828675219,27.7655736917882));
#6989=CARTESIAN_POINT('Ctrl Pts',(-4.81326409561191,-104.702986727271,23.2343746642275));
#6990=CARTESIAN_POINT('Ctrl Pts',(2.68533533471015,-104.837690503744,22.6176914122039));
#6991=CARTESIAN_POINT('Ctrl Pts',(9.35145318700686,-104.972389969238,26.1063270427974));
#6992=CARTESIAN_POINT('Ctrl Pts',(13.1183527531786,-105.107094034954,32.6196221790883));
#6993=CARTESIAN_POINT('Ctrl Pts',(12.8191185617492,-105.241793155871,40.1367604698767));
#6994=CARTESIAN_POINT('Ctrl Pts',(8.54437097746717,-105.376498359567,46.3305955208411));
#6995=CARTESIAN_POINT('Ctrl Pts',(3.93100788963712,-105.466294420916,48.2923074904374));
#6996=CARTESIAN_POINT('Ctrl Pts',(1.53847657976741,-105.511196657793,48.5816734733535));
#6997=CARTESIAN_POINT('Ctrl Pts',(5.94353851618851,-90.4146344354547,47.1929738774615));
#6998=CARTESIAN_POINT('Ctrl Pts',(3.81228575381991,-90.4595350811175,48.3108269415945));
#6999=CARTESIAN_POINT('Ctrl Pts',(-1.09317829866837,-90.5493363052429,49.312151600397));
#7000=CARTESIAN_POINT('Ctrl Pts',(-8.11821232151576,-90.6840390630979,46.6414576804703));
#7001=CARTESIAN_POINT('Ctrl Pts',(-12.624116980796,-90.8187398184362,40.6296941558921));
#7002=CARTESIAN_POINT('Ctrl Pts',(-13.2177229708531,-90.9534421276288,33.139230227995));
#7003=CARTESIAN_POINT('Ctrl Pts',(-9.71306486672404,-91.0881437312404,26.4928940909571));
#7004=CARTESIAN_POINT('Ctrl Pts',(-3.19768501031573,-91.2228450133068,22.7506098235804));
#7005=CARTESIAN_POINT('Ctrl Pts',(4.30923169203176,-91.3575476928913,23.0728922009602));
#7006=CARTESIAN_POINT('Ctrl Pts',(10.4801223536158,-91.4922479611878,27.3594761944867));
#7007=CARTESIAN_POINT('Ctrl Pts',(13.4021648700735,-91.6269514783484,34.2818488725348));
#7008=CARTESIAN_POINT('Ctrl Pts',(12.1694714431466,-91.7616512200238,41.6936888728403));
#7009=CARTESIAN_POINT('Ctrl Pts',(7.16405532039806,-91.896354836034,47.2975416089256));
#7010=CARTESIAN_POINT('Ctrl Pts',(-0.0620619390485751,-92.0310549148023,
49.3561006034836));
#7011=CARTESIAN_POINT('Ctrl Pts',(-7.26926415730184,-92.165757866084,47.2309139054851));
#7012=CARTESIAN_POINT('Ctrl Pts',(-12.2224215334323,-92.3004587783377,41.58174979069));
#7013=CARTESIAN_POINT('Ctrl Pts',(-13.3874637937743,-92.4351609193859,34.1576844784564));
#7014=CARTESIAN_POINT('Ctrl Pts',(-10.5111581605708,-92.5648735185035,27.5202991573444));
#7015=CARTESIAN_POINT('Ctrl Pts',(-4.92941184760132,-92.6895974788671,23.4614608679458));
#7016=CARTESIAN_POINT('Ctrl Pts',(1.63566016974209,-92.8093316713876,22.6176101008791));
#7017=CARTESIAN_POINT('Ctrl Pts',(7.8080651295182,-92.9290675177288,25.0353925198649));
#7018=CARTESIAN_POINT('Ctrl Pts',(11.5672848922635,-93.0354979339877,29.556091575146));
#7019=CARTESIAN_POINT('Ctrl Pts',(13.3637856576924,-93.1552327822032,35.8196816164583));
#7020=CARTESIAN_POINT('Ctrl Pts',(11.8639811604307,-93.2749674127413,42.4254720268777));
#7021=CARTESIAN_POINT('Ctrl Pts',(6.51856548416127,-93.4080065697141,47.5021118613961));
#7022=CARTESIAN_POINT('Ctrl Pts',(0.125894802001036,-93.5277413457927,49.2054359917908));
#7023=CARTESIAN_POINT('Ctrl Pts',(-6.30659463367583,-93.6474757601408,47.6216888970219));
#7024=CARTESIAN_POINT('Ctrl Pts',(-11.1874144628204,-93.7672113659242,43.140085181452));
#7025=CARTESIAN_POINT('Ctrl Pts',(-13.3018295596841,-93.8869453482177,36.8697467542698));
#7026=CARTESIAN_POINT('Ctrl Pts',(-11.9722494416622,-94.0266375185801,29.2502235441549));
#7027=CARTESIAN_POINT('Ctrl Pts',(-5.38564009370875,-94.186283170787,22.8618276338394));
#7028=CARTESIAN_POINT('Ctrl Pts',(4.95818129375168,-94.3658860032686,22.6957193359957));
#7029=CARTESIAN_POINT('Ctrl Pts',(12.6124619597491,-94.5454879499461,29.6340032416091));
#7030=CARTESIAN_POINT('Ctrl Pts',(13.4663946832219,-94.7250902798738,39.9352608600382));
#7031=CARTESIAN_POINT('Ctrl Pts',(7.04545255077873,-94.9046922001307,48.0356240583228));
#7032=CARTESIAN_POINT('Ctrl Pts',(-3.17136795048143,-95.0842945286477,49.5674147004073));
#7033=CARTESIAN_POINT('Ctrl Pts',(-11.6882469585281,-95.263896157273,43.695316928236));
#7034=CARTESIAN_POINT('Ctrl Pts',(-13.6294516160886,-95.4235434616196,34.7271630847308));
#7035=CARTESIAN_POINT('Ctrl Pts',(-10.5116926985037,-95.5632337545047,27.6481056660319));
#7036=CARTESIAN_POINT('Ctrl Pts',(-5.27574233032623,-95.6829687284146,23.6024962669325));
#7037=CARTESIAN_POINT('Ctrl Pts',(1.26913891872717,-95.8027034327694,22.5775283263661));
#7038=CARTESIAN_POINT('Ctrl Pts',(7.50335226715055,-95.9224385967478,24.8227253241768));
#7039=CARTESIAN_POINT('Ctrl Pts',(11.8769314616145,-96.0421731436726,29.7884789501673));
#7040=CARTESIAN_POINT('Ctrl Pts',(13.5988028150963,-96.1818647695408,37.3288760920703));
#7041=CARTESIAN_POINT('Ctrl Pts',(9.98828288952797,-96.3415097157899,45.7672313011745));
#7042=CARTESIAN_POINT('Ctrl Pts',(0.52219592286634,-96.5211135299943,49.9223090078961));
#7043=CARTESIAN_POINT('Ctrl Pts',(-9.23074086624244,-96.7007154264025,46.478835152008));
#7044=CARTESIAN_POINT('Ctrl Pts',(-13.5847771464148,-96.8653502532182,38.0768316971698));
#7045=CARTESIAN_POINT('Ctrl Pts',(-12.0811445715857,-97.0150196363503,29.8570773975197));
#7046=CARTESIAN_POINT('Ctrl Pts',(-7.00277979257008,-97.1497200123286,24.3236171570816));
#7047=CARTESIAN_POINT('Ctrl Pts',(0.249250080273696,-97.2844230831367,22.3731200451895));
#7048=CARTESIAN_POINT('Ctrl Pts',(8.23615349548466,-97.4340904177764,24.8316582026715));
#7049=CARTESIAN_POINT('Ctrl Pts',(13.6809010597961,-97.5987271486805,32.5711286272016));
#7050=CARTESIAN_POINT('Ctrl Pts',(12.2296746055152,-97.7783278010887,42.817634130104));
#7051=CARTESIAN_POINT('Ctrl Pts',(4.85074993416124,-97.942964931331,48.7420870005554));
#7052=CARTESIAN_POINT('Ctrl Pts',(-3.50486304377082,-98.0926318680793,48.8887563886832));
#7053=CARTESIAN_POINT('Ctrl Pts',(-9.92770170230088,-98.2273354118389,45.0031675664591));
#7054=CARTESIAN_POINT('Ctrl Pts',(-13.2780079306112,-98.3620351799794,38.2732016442858));
#7055=CARTESIAN_POINT('Ctrl Pts',(-12.5095397012881,-98.4967386997455,30.8005085882067));
#7056=CARTESIAN_POINT('Ctrl Pts',(-7.8642831627979,-98.6314389495786,24.8943247111331));
#7057=CARTESIAN_POINT('Ctrl Pts',(-0.780403687220927,-98.7661416494257,
22.3890312984183));
#7058=CARTESIAN_POINT('Ctrl Pts',(6.54506008715284,-98.9008429259127,24.0597865481102));
#7059=CARTESIAN_POINT('Ctrl Pts',(11.8416985319368,-99.0355444979046,29.3891779829973));
#7060=CARTESIAN_POINT('Ctrl Pts',(13.4672625273375,-99.170246917914,36.7250626074312));
#7061=CARTESIAN_POINT('Ctrl Pts',(10.9178201192657,-99.3049473960668,43.7928651655985));
#7062=CARTESIAN_POINT('Ctrl Pts',(4.98410292145356,-99.4396507835346,48.4024131834877));
#7063=CARTESIAN_POINT('Ctrl Pts',(-2.49555855982081,-99.5743505442528,49.1229733498625));
#7064=CARTESIAN_POINT('Ctrl Pts',(-9.19966233172678,-99.7090542796415,45.734610028105));
#7065=CARTESIAN_POINT('Ctrl Pts',(-13.0559275483395,-99.843754081349,39.2807959222614));
#7066=CARTESIAN_POINT('Ctrl Pts',(-12.8562360151602,-99.9784574966076,31.7764071305558));
#7067=CARTESIAN_POINT('Ctrl Pts',(-8.22491290192111,-100.128124316027,24.8235381181301));
#7068=CARTESIAN_POINT('Ctrl Pts',(0.754551444082318,-100.292761597952,21.8105514289908));
#7069=CARTESIAN_POINT('Ctrl Pts',(8.58039356160192,-100.442428692953,25.4059300956281));
#7070=CARTESIAN_POINT('Ctrl Pts',(12.1151476177065,-100.562164382757,30.8998008145786));
#7071=CARTESIAN_POINT('Ctrl Pts',(13.4458935968854,-100.681898714804,37.2956061490354));
#7072=CARTESIAN_POINT('Ctrl Pts',(10.3948813047197,-100.831566943201,45.3443184051155));
#7073=CARTESIAN_POINT('Ctrl Pts',(1.10395390722727,-101.01116943296,49.8852610622687));
#7074=CARTESIAN_POINT('Ctrl Pts',(-8.77509921553296,-101.190771673537,46.8564118941722));
#7075=CARTESIAN_POINT('Ctrl Pts',(-13.9196427000228,-101.370374279517,37.890968819212));
#7076=CARTESIAN_POINT('Ctrl Pts',(-11.5528675525914,-101.549976531197,27.8337255938738));
#7077=CARTESIAN_POINT('Ctrl Pts',(-2.94208189586373,-101.729579435469,22.1016947246166));
#7078=CARTESIAN_POINT('Ctrl Pts',(6.10695211392318,-101.88922519715,23.6235678461548));
#7079=CARTESIAN_POINT('Ctrl Pts',(11.5250679816214,-102.028916140233,29.1444635209695));
#7080=CARTESIAN_POINT('Ctrl Pts',(13.3414992915431,-102.148651129042,35.5061601564968));
#7081=CARTESIAN_POINT('Ctrl Pts',(11.865559929674,-102.268385811113,41.9666642910482));
#7082=CARTESIAN_POINT('Ctrl Pts',(7.47117568822271,-102.388120706856,46.9198016348839));
#7083=CARTESIAN_POINT('Ctrl Pts',(1.23328353834084,-102.507855445456,49.1485485820632));
#7084=CARTESIAN_POINT('Ctrl Pts',(-5.30656402295301,-102.627590249938,48.1055539949181));
#7085=CARTESIAN_POINT('Ctrl Pts',(-10.5397073856884,-102.747325181146,44.0458488234182));
#7086=CARTESIAN_POINT('Ctrl Pts',(-13.1776631734137,-102.867059806653,37.9710513813008));
#7087=CARTESIAN_POINT('Ctrl Pts',(-12.5676623733145,-102.986795370135,31.3757591247045));
#7088=CARTESIAN_POINT('Ctrl Pts',(-8.86452183532134,-103.106529774919,25.8848527762912));
#7089=CARTESIAN_POINT('Ctrl Pts',(-2.9760582112422,-103.226264468569,22.8535229754741));
#7090=CARTESIAN_POINT('Ctrl Pts',(3.9214140643422,-103.350988993399,23.0289609341794));
#7091=CARTESIAN_POINT('Ctrl Pts',(10.0569828447487,-103.480700390735,26.8617481617928));
#7092=CARTESIAN_POINT('Ctrl Pts',(13.310041938083,-103.615403849004,33.6361515050661));
#7093=CARTESIAN_POINT('Ctrl Pts',(12.4372638679449,-103.750103859776,41.0982076943901));
#7094=CARTESIAN_POINT('Ctrl Pts',(7.70865586093886,-103.884806977245,46.9379323293525));
#7095=CARTESIAN_POINT('Ctrl Pts',(0.590449314147336,-104.019507749493,49.3431658945335));
#7096=CARTESIAN_POINT('Ctrl Pts',(-6.71091550484833,-104.154209862138,47.5693127703625));
#7097=CARTESIAN_POINT('Ctrl Pts',(-11.9317380779348,-104.288911741578,42.1656426810836));
#7098=CARTESIAN_POINT('Ctrl Pts',(-13.453768498521,-104.423612714278,34.8077347446808));
#7099=CARTESIAN_POINT('Ctrl Pts',(-10.8049087561853,-104.558315710029,27.7763356983308));
#7100=CARTESIAN_POINT('Ctrl Pts',(-4.80659369667561,-104.69301568511,23.2513324255503));
#7101=CARTESIAN_POINT('Ctrl Pts',(2.68190364545357,-104.827719461583,22.6355876455322));
#7102=CARTESIAN_POINT('Ctrl Pts',(9.33898210715025,-104.962418927077,26.119614443789));
#7103=CARTESIAN_POINT('Ctrl Pts',(13.1007110317956,-105.097122992793,32.62418024956));
#7104=CARTESIAN_POINT('Ctrl Pts',(12.801769592973,-105.23182211371,40.1311787767175));
#7105=CARTESIAN_POINT('Ctrl Pts',(8.53270504598798,-105.366527317406,46.3165992055774));
#7106=CARTESIAN_POINT('Ctrl Pts',(3.92552129385758,-105.456323378754,48.2756034678671));
#7107=CARTESIAN_POINT('Ctrl Pts',(1.53622065182001,-105.501225615632,48.5645442368855));
#7108=CARTESIAN_POINT('Ctrl Pts',(5.93159223276605,-90.3878898432054,47.1712602761646));
#7109=CARTESIAN_POINT('Ctrl Pts',(3.8044133082478,-90.4327904888683,48.2868715208059));
#7110=CARTESIAN_POINT('Ctrl Pts',(-1.09157451904211,-90.5225917129935,49.2860626024151));
#7111=CARTESIAN_POINT('Ctrl Pts',(-8.10291187238364,-90.6572944708488,46.6202719761811));
#7112=CARTESIAN_POINT('Ctrl Pts',(-12.5998556937152,-90.7919952261869,40.6199736259601));
#7113=CARTESIAN_POINT('Ctrl Pts',(-13.1920253891982,-90.9266975353796,33.1439911773219));
#7114=CARTESIAN_POINT('Ctrl Pts',(-9.69389586987095,-91.0613991389911,26.5106590761931));
#7115=CARTESIAN_POINT('Ctrl Pts',(-3.19098776524234,-91.1961004210577,22.7758724591556));
#7116=CARTESIAN_POINT('Ctrl Pts',(4.30138123899487,-91.3308031006421,23.0978203252929));
#7117=CARTESIAN_POINT('Ctrl Pts',(10.4601578145148,-91.4655033689385,27.3763423856439));
#7118=CARTESIAN_POINT('Ctrl Pts',(13.3762754413757,-91.6002068860991,34.2854240970882));
#7119=CARTESIAN_POINT('Ctrl Pts',(12.1456828795125,-91.7349066277745,41.6828651353721));
#7120=CARTESIAN_POINT('Ctrl Pts',(7.14974250770286,-91.8696102437847,47.2756741140351));
#7121=CARTESIAN_POINT('Ctrl Pts',(-0.0624624122195161,-92.0043103225531,
49.3299683995074));
#7122=CARTESIAN_POINT('Ctrl Pts',(-7.25562736563463,-92.1390132738347,47.2086185919387));
#7123=CARTESIAN_POINT('Ctrl Pts',(-12.1989762801052,-92.2737141860884,41.5702018313833));
#7124=CARTESIAN_POINT('Ctrl Pts',(-13.3614758952307,-92.4084163271367,34.1604665428365));
#7125=CARTESIAN_POINT('Ctrl Pts',(-10.4904844594818,-92.5381289262542,27.5360444242019));
#7126=CARTESIAN_POINT('Ctrl Pts',(-4.91938816101606,-92.6628528866178,23.4852804773997));
#7127=CARTESIAN_POINT('Ctrl Pts',(1.6330011789586,-92.7825870791383,22.643315711187));
#7128=CARTESIAN_POINT('Ctrl Pts',(7.79336803838035,-92.9023229254795,25.0566589296694));
#7129=CARTESIAN_POINT('Ctrl Pts',(11.5451282696143,-93.0087533417384,29.5687406788802));
#7130=CARTESIAN_POINT('Ctrl Pts',(13.3379114652061,-93.128488189954,35.8202825003341));
#7131=CARTESIAN_POINT('Ctrl Pts',(11.8407558890567,-93.248222820492,42.4132189624743));
#7132=CARTESIAN_POINT('Ctrl Pts',(6.5054948008793,-93.3812619774649,47.4798230574848));
#7133=CARTESIAN_POINT('Ctrl Pts',(0.125136048925304,-93.5009967535435,49.1796035602991));
#7134=CARTESIAN_POINT('Ctrl Pts',(-6.29483506616948,-93.6207311678915,47.5986734919115));
#7135=CARTESIAN_POINT('Ctrl Pts',(-11.1660350101894,-93.740466773675,43.1255606829143));
#7136=CARTESIAN_POINT('Ctrl Pts',(-13.2761111260507,-93.8602007559684,36.8672798388826));
#7137=CARTESIAN_POINT('Ctrl Pts',(-11.9488128311972,-93.9998929263309,29.262560581286));
#7138=CARTESIAN_POINT('Ctrl Pts',(-5.37471035901246,-94.1595385785377,22.8867913624217));
#7139=CARTESIAN_POINT('Ctrl Pts',(4.94908869394271,-94.3391414110194,22.7214024135584));
#7140=CARTESIAN_POINT('Ctrl Pts',(12.5882809436584,-94.5187433576968,29.646547728079));
#7141=CARTESIAN_POINT('Ctrl Pts',(13.440162725655,-94.6983456876246,39.9278919510085));
#7142=CARTESIAN_POINT('Ctrl Pts',(7.03134094617468,-94.8779476078814,48.0123227161309));
#7143=CARTESIAN_POINT('Ctrl Pts',(-3.1657561423901,-95.0575499363985,49.5407537379006));
#7144=CARTESIAN_POINT('Ctrl Pts',(-11.6659172349869,-95.2371515650237,43.6796962660888));
#7145=CARTESIAN_POINT('Ctrl Pts',(-13.6030178606293,-95.3967988693704,34.7288350492182));
#7146=CARTESIAN_POINT('Ctrl Pts',(-10.4910220020313,-95.5364891622555,27.6636030674843));
#7147=CARTESIAN_POINT('Ctrl Pts',(-5.26505434874874,-95.6562241361653,23.6260286007326));
#7148=CARTESIAN_POINT('Ctrl Pts',(1.26719249144502,-95.7759588405202,22.6032995282556));
#7149=CARTESIAN_POINT('Ctrl Pts',(7.4892507218877,-95.8956940044985,24.8443871060724));
#7150=CARTESIAN_POINT('Ctrl Pts',(11.8541679061533,-96.0154285514235,29.8006970479152));
#7151=CARTESIAN_POINT('Ctrl Pts',(13.5724158848666,-96.1551201772914,37.3265612051959));
#7152=CARTESIAN_POINT('Ctrl Pts',(9.96856155638572,-96.3147651235408,45.7484330521451));
#7153=CARTESIAN_POINT('Ctrl Pts',(0.520639957523162,-96.4943689377448,49.8951054356262));
#7154=CARTESIAN_POINT('Ctrl Pts',(-9.21327583418909,-96.6739708341534,46.4579186765264));
#7155=CARTESIAN_POINT('Ctrl Pts',(-13.5585592421626,-96.8386056609689,38.0720195618376));
#7156=CARTESIAN_POINT('Ctrl Pts',(-12.0575199919495,-96.9882750441011,29.8682366106171));
#7157=CARTESIAN_POINT('Ctrl Pts',(-6.98877578123277,-97.1229754200794,24.3456872220279));
#7158=CARTESIAN_POINT('Ctrl Pts',(0.249288506997492,-97.2576784908873,22.3992468529095));
#7159=CARTESIAN_POINT('Ctrl Pts',(8.22063058068673,-97.4073458255273,24.8533317852071));
#7160=CARTESIAN_POINT('Ctrl Pts',(13.6545387747582,-97.571982556431,32.578026718493));
#7161=CARTESIAN_POINT('Ctrl Pts',(12.2057244287726,-97.7515832088397,42.8046374528123));
#7162=CARTESIAN_POINT('Ctrl Pts',(4.84086216735358,-97.9162203390816,48.7173331007404));
#7163=CARTESIAN_POINT('Ctrl Pts',(-3.49857967358055,-98.0658872758301,48.8633961887428));
#7164=CARTESIAN_POINT('Ctrl Pts',(-9.90883132251528,-98.2005908195895,44.9850833046824));
#7165=CARTESIAN_POINT('Ctrl Pts',(-13.2523911067557,-98.3352905877302,38.2680191864683));
#7166=CARTESIAN_POINT('Ctrl Pts',(-12.4851224026107,-98.4699941074962,30.8098250569429));
#7167=CARTESIAN_POINT('Ctrl Pts',(-7.84863262411324,-98.6046943573293,24.9152564153643));
#7168=CARTESIAN_POINT('Ctrl Pts',(-0.778372853027445,-98.7393970571765,
22.4150872505483));
#7169=CARTESIAN_POINT('Ctrl Pts',(6.53284227385971,-98.8740983336635,24.0828900504104));
#7170=CARTESIAN_POINT('Ctrl Pts',(11.8190193413382,-99.0087999056553,29.4021666061267));
#7171=CARTESIAN_POINT('Ctrl Pts',(13.441152765747,-99.1435023256648,36.7239096069935));
#7172=CARTESIAN_POINT('Ctrl Pts',(10.8963741510781,-99.2782028038175,43.7779285179629));
#7173=CARTESIAN_POINT('Ctrl Pts',(4.97396845062559,-99.4129061912854,48.3783222892304));
#7174=CARTESIAN_POINT('Ctrl Pts',(-2.49123803126039,-99.5476059520035,49.0971985790123));
#7175=CARTESIAN_POINT('Ctrl Pts',(-9.1822301553588,-99.6823096873923,45.7151376850828));
#7176=CARTESIAN_POINT('Ctrl Pts',(-13.0307793457782,-99.8170094890997,39.2736707512779));
#7177=CARTESIAN_POINT('Ctrl Pts',(-12.8311854371166,-99.9517129043583,31.7838212357133));
#7178=CARTESIAN_POINT('Ctrl Pts',(-8.20856005297815,-100.101379723778,24.8445912760958));
#7179=CARTESIAN_POINT('Ctrl Pts',(0.753630079862627,-100.266017005703,21.8377884562061));
#7180=CARTESIAN_POINT('Ctrl Pts',(8.56418413142935,-100.415684100703,25.4265041340564));
#7181=CARTESIAN_POINT('Ctrl Pts',(12.0918788490472,-100.535419790508,30.9098732457358));
#7182=CARTESIAN_POINT('Ctrl Pts',(13.4198047760775,-100.655154122554,37.2933543660516));
#7183=CARTESIAN_POINT('Ctrl Pts',(10.3743871674683,-100.804822350952,45.3263539437868));
#7184=CARTESIAN_POINT('Ctrl Pts',(1.10127576915606,-100.984424840711,49.8581510091393));
#7185=CARTESIAN_POINT('Ctrl Pts',(-8.75853260637639,-101.164027081288,46.834782709898));
#7186=CARTESIAN_POINT('Ctrl Pts',(-13.8927683645071,-101.343629687267,37.8865023020645));
#7187=CARTESIAN_POINT('Ctrl Pts',(-11.5301886264864,-101.523231938948,27.8488230316724));
#7188=CARTESIAN_POINT('Ctrl Pts',(-2.9358536559947,-101.70283484322,22.1282242492382));
#7189=CARTESIAN_POINT('Ctrl Pts',(6.09559791262799,-101.862480604901,23.647497927147));
#7190=CARTESIAN_POINT('Ctrl Pts',(11.5030112801258,-102.002171547983,29.1579140231623));
#7191=CARTESIAN_POINT('Ctrl Pts',(13.3156807635282,-102.121906536792,35.5073624197821));
#7192=CARTESIAN_POINT('Ctrl Pts',(11.8423486787424,-102.241641218863,41.955298399148));
#7193=CARTESIAN_POINT('Ctrl Pts',(7.45628383504021,-102.361376114606,46.8986791952407));
#7194=CARTESIAN_POINT('Ctrl Pts',(1.23038165679162,-102.481110853207,49.1228668222578));
#7195=CARTESIAN_POINT('Ctrl Pts',(-5.29676200592265,-102.600845657689,48.081641572932));
#7196=CARTESIAN_POINT('Ctrl Pts',(-10.5196133151743,-102.720580588897,44.0295960128874));
#7197=CARTESIAN_POINT('Ctrl Pts',(-13.1522306469902,-102.840315214404,37.9664547554201));
#7198=CARTESIAN_POINT('Ctrl Pts',(-12.543154591261,-102.960050777886,31.3839630555154));
#7199=CARTESIAN_POINT('Ctrl Pts',(-8.84697136918352,-103.079785182669,25.9038243172961));
#7200=CARTESIAN_POINT('Ctrl Pts',(-2.96979465885366,-103.19951987632,22.8785964794802));
#7201=CARTESIAN_POINT('Ctrl Pts',(3.91431707560461,-103.324244401149,23.0539584999263));
#7202=CARTESIAN_POINT('Ctrl Pts',(10.0378564946869,-103.453955798486,26.8795621273913));
#7203=CARTESIAN_POINT('Ctrl Pts',(13.2843559539666,-103.588659256754,33.6409732536311));
#7204=CARTESIAN_POINT('Ctrl Pts',(12.4129796818173,-103.723359267527,41.088547392829));
#7205=CARTESIAN_POINT('Ctrl Pts',(7.6933024474191,-103.858062384995,46.9167821109118));
#7206=CARTESIAN_POINT('Ctrl Pts',(0.588785899529158,-103.992763157244,49.3170839214606));
#7207=CARTESIAN_POINT('Ctrl Pts',(-6.6983729310651,-104.127465269888,47.5463837676327));
#7208=CARTESIAN_POINT('Ctrl Pts',(-11.9088780953873,-104.262167149329,42.1529753244287));
#7209=CARTESIAN_POINT('Ctrl Pts',(-13.4276775077263,-104.396868122029,34.8092556402089));
#7210=CARTESIAN_POINT('Ctrl Pts',(-10.7836755766584,-104.531571117779,27.7915735943478));
#7211=CARTESIAN_POINT('Ctrl Pts',(-4.79680012744477,-104.66627109286,23.2755633525346));
#7212=CARTESIAN_POINT('Ctrl Pts',(2.67722060005881,-104.800974869334,22.6612998456326));
#7213=CARTESIAN_POINT('Ctrl Pts',(9.32127571631592,-104.935674334827,26.1388371556869));
#7214=CARTESIAN_POINT('Ctrl Pts',(13.0754678036272,-105.070378400544,32.6309539011997));
#7215=CARTESIAN_POINT('Ctrl Pts',(12.7768199302203,-105.205077521461,40.1234042073578));
#7216=CARTESIAN_POINT('Ctrl Pts',(8.51577377863311,-105.339782725157,46.2966853370805));
#7217=CARTESIAN_POINT('Ctrl Pts',(3.91745212123189,-105.429578786505,48.2517144629241));
#7218=CARTESIAN_POINT('Ctrl Pts',(1.53275585083313,-105.474481023383,48.5400046907811));
#7219=CARTESIAN_POINT('Ctrl Pts',(5.92732545128464,-90.352972701315,47.1645186739809));
#7220=CARTESIAN_POINT('Ctrl Pts',(3.80141841007197,-90.3978733469779,48.2793253826127));
#7221=CARTESIAN_POINT('Ctrl Pts',(-1.09157773854353,-90.4876745711032,49.277648299092));
#7222=CARTESIAN_POINT('Ctrl Pts',(-8.09841041476174,-90.6223773289584,46.613160969973));
#7223=CARTESIAN_POINT('Ctrl Pts',(-12.592251368123,-90.7570780842964,40.6163717179711));
#7224=CARTESIAN_POINT('Ctrl Pts',(-13.1836724835592,-90.8917803934892,33.1450143600561));
#7225=CARTESIAN_POINT('Ctrl Pts',(-9.68738540771109,-91.0264819971007,26.5159904315444));
#7226=CARTESIAN_POINT('Ctrl Pts',(-3.18833722072362,-91.1611832791672,22.7838591351022));
#7227=CARTESIAN_POINT('Ctrl Pts',(4.2993497494559,-91.2958859587516,23.1059864022502));
#7228=CARTESIAN_POINT('Ctrl Pts',(10.4540742970541,-91.4305862270482,27.3821563800643));
#7229=CARTESIAN_POINT('Ctrl Pts',(13.3680257107192,-91.5652897442088,34.2870835497694));
#7230=CARTESIAN_POINT('Ctrl Pts',(12.137824439303,-91.6999894858841,41.6798556934967));
#7231=CARTESIAN_POINT('Ctrl Pts',(7.14471155863839,-91.8346931018944,47.2689286648409));
#7232=CARTESIAN_POINT('Ctrl Pts',(-0.0631063377717494,-91.9693931806626,
49.3215780593649));
#7233=CARTESIAN_POINT('Ctrl Pts',(-7.25168448585121,-92.1040961319443,47.2011845831207));
#7234=CARTESIAN_POINT('Ctrl Pts',(-12.1916691707665,-92.2387970441981,41.5660283099624));
#7235=CARTESIAN_POINT('Ctrl Pts',(-13.3530693725961,-92.3734991852461,34.1608482921812));
#7236=CARTESIAN_POINT('Ctrl Pts',(-10.4835295443462,-92.503211784364,27.5406967001103));
#7237=CARTESIAN_POINT('Ctrl Pts',(-4.91569757812444,-92.6279357447274,23.4927376973525));
#7238=CARTESIAN_POINT('Ctrl Pts',(1.6326555201282,-92.747669937248,22.6516298821498));
#7239=CARTESIAN_POINT('Ctrl Pts',(7.7890612055346,-92.867405783589,25.0637809800158));
#7240=CARTESIAN_POINT('Ctrl Pts',(11.5382589113503,-92.973836199848,29.573246697121));
#7241=CARTESIAN_POINT('Ctrl Pts',(13.3296076825076,-93.0935710480636,35.8209823282889));
#7242=CARTESIAN_POINT('Ctrl Pts',(11.8330503047934,-93.2133056786016,42.4097394965103));
#7243=CARTESIAN_POINT('Ctrl Pts',(6.50085461946479,-93.3463448355745,47.472917939418));
#7244=CARTESIAN_POINT('Ctrl Pts',(0.124382982422533,-93.4660796116531,49.1713160520954));
#7245=CARTESIAN_POINT('Ctrl Pts',(-6.29151098865779,-93.5858140260011,47.591045539554));
#7246=CARTESIAN_POINT('Ctrl Pts',(-11.1594493507062,-93.7055496317846,43.1204706146936));
#7247=CARTESIAN_POINT('Ctrl Pts',(-13.2678953696711,-93.825283614078,36.8659807275403));
#7248=CARTESIAN_POINT('Ctrl Pts',(-11.9410375310147,-93.9649757844405,29.2660646818148));
#7249=CARTESIAN_POINT('Ctrl Pts',(-5.37070571567578,-94.1246214366473,22.8945979236663));
#7250=CARTESIAN_POINT('Ctrl Pts',(4.94667301111608,-94.304224269129,22.7298358843515));
#7251=CARTESIAN_POINT('Ctrl Pts',(12.5807570825041,-94.4838262158063,29.651055858929));
#7252=CARTESIAN_POINT('Ctrl Pts',(13.4315871746747,-94.6634285457342,39.9260409928192));
#7253=CARTESIAN_POINT('Ctrl Pts',(7.02634636860691,-94.8430304659911,48.0051125953529));
#7254=CARTESIAN_POINT('Ctrl Pts',(-3.16447826274828,-95.022632794508,49.532074666607));
#7255=CARTESIAN_POINT('Ctrl Pts',(-11.6590491383842,-95.2022344231334,43.6742364907263));
#7256=CARTESIAN_POINT('Ctrl Pts',(-13.5944894645116,-95.3618817274799,34.7288498641926));
#7257=CARTESIAN_POINT('Ctrl Pts',(-10.4840735683353,-95.5015720203651,27.6681760367945));
#7258=CARTESIAN_POINT('Ctrl Pts',(-5.26115530637123,-95.6213069942749,23.6333809725098));
#7259=CARTESIAN_POINT('Ctrl Pts',(1.26707611924855,-95.7410416986298,22.6116192431468));
#7260=CARTESIAN_POINT('Ctrl Pts',(7.48514511023121,-95.8607768626081,24.8516277441692));
#7261=CARTESIAN_POINT('Ctrl Pts',(11.8470936726674,-95.980511409533,29.805071532742));
#7262=CARTESIAN_POINT('Ctrl Pts',(13.5638895084658,-96.1202030354012,37.3263359718729));
#7263=CARTESIAN_POINT('Ctrl Pts',(9.96185235674105,-96.2798479816502,45.7427826667969));
#7264=CARTESIAN_POINT('Ctrl Pts',(0.519605190328725,-96.4594517958547,49.8863917644743));
#7265=CARTESIAN_POINT('Ctrl Pts',(-9.20807632124868,-96.6390536922627,46.4508535809414));
#7266=CARTESIAN_POINT('Ctrl Pts',(-13.5502279751677,-96.8036885190787,38.0699547446616));
#7267=CARTESIAN_POINT('Ctrl Pts',(-12.0497079218119,-96.9533579022106,29.8713574799808));
#7268=CARTESIAN_POINT('Ctrl Pts',(-6.98383976751017,-97.0880582781891,24.3525038040437));
#7269=CARTESIAN_POINT('Ctrl Pts',(0.249815491437603,-97.2227613489969,22.4076423737376));
#7270=CARTESIAN_POINT('Ctrl Pts',(8.21606990317634,-97.3724286836369,24.8606035937813));
#7271=CARTESIAN_POINT('Ctrl Pts',(13.6462019897939,-97.5370654145406,32.5807636346158));
#7272=CARTESIAN_POINT('Ctrl Pts',(12.1977723860029,-97.7166660669492,42.8009320999315));
#7273=CARTESIAN_POINT('Ctrl Pts',(4.83719528976603,-97.8813031971913,48.7095729066829));
#7274=CARTESIAN_POINT('Ctrl Pts',(-3.4970600541417,-98.0309701339397,48.8551222188797));
#7275=CARTESIAN_POINT('Ctrl Pts',(-9.90312358574403,-98.1656736776992,44.9788993899415));
#7276=CARTESIAN_POINT('Ctrl Pts',(-13.2442606127596,-98.3003734458398,38.2658486034622));
#7277=CARTESIAN_POINT('Ctrl Pts',(-12.4770916480634,-98.4350769656058,30.8123376938627));
#7278=CARTESIAN_POINT('Ctrl Pts',(-7.84319020942436,-98.5697772154389,24.9216747566824));
#7279=CARTESIAN_POINT('Ctrl Pts',(-0.777206460943952,-98.7044799152861,
22.4234209309646));
#7280=CARTESIAN_POINT('Ctrl Pts',(6.52937131382899,-98.8391811917731,24.0905558272528));
#7281=CARTESIAN_POINT('Ctrl Pts',(11.8119869159878,-98.9738827637649,29.4067879875231));
#7282=CARTESIAN_POINT('Ctrl Pts',(13.4327390206595,-99.1085851837744,36.7240538594328));
#7283=CARTESIAN_POINT('Ctrl Pts',(10.88918744881,-99.2432856619271,43.7735511201276));
#7284=CARTESIAN_POINT('Ctrl Pts',(4.97023650269985,-99.377989049395,48.3707798793247));
#7285=CARTESIAN_POINT('Ctrl Pts',(-2.49035774687831,-99.5126888101131,49.0888300890617));
#7286=CARTESIAN_POINT('Ctrl Pts',(-9.17701178075538,-99.6473925455019,45.7085359455012));
#7287=CARTESIAN_POINT('Ctrl Pts',(-13.0228379382952,-99.7820923472095,39.2708852859371));
#7288=CARTESIAN_POINT('Ctrl Pts',(-12.8229884194932,-99.9167957624678,31.7857095558394));
#7289=CARTESIAN_POINT('Ctrl Pts',(-8.20289042527699,-100.066462581888,24.8510360512656));
#7290=CARTESIAN_POINT('Ctrl Pts',(0.753872677188112,-100.231099863813,21.8465585906931));
#7291=CARTESIAN_POINT('Ctrl Pts',(8.5593796023195,-100.380766958813,25.4334367937569));
#7292=CARTESIAN_POINT('Ctrl Pts',(12.0846008031321,-100.500502648617,30.9135702669067));
#7293=CARTESIAN_POINT('Ctrl Pts',(13.4113747928484,-100.620236980664,37.2931402706337));
#7294=CARTESIAN_POINT('Ctrl Pts',(10.3674473790322,-100.769905209061,45.3209872637353));
#7295=CARTESIAN_POINT('Ctrl Pts',(1.0998801857583,-100.94950769882,49.8494900643988));
#7296=CARTESIAN_POINT('Ctrl Pts',(-8.75363474680548,-101.129109939398,46.8275056610846));
#7297=CARTESIAN_POINT('Ctrl Pts',(-13.8842199087262,-101.308712545377,37.8845366020148));
#7298=CARTESIAN_POINT('Ctrl Pts',(-11.5226022316026,-101.488314797057,27.8532281258803));
#7299=CARTESIAN_POINT('Ctrl Pts',(-2.93332950372081,-101.667917701329,22.1366269507759));
#7300=CARTESIAN_POINT('Ctrl Pts',(6.09242191059562,-101.82756346301,23.6554131115452));
#7301=CARTESIAN_POINT('Ctrl Pts',(11.4961880343808,-101.967254406093,29.1626713815676));
#7302=CARTESIAN_POINT('Ctrl Pts',(13.307406553342,-102.086989394902,35.5082578876714));
#7303=CARTESIAN_POINT('Ctrl Pts',(11.8346655715372,-102.206724076973,41.9521046654157));
#7304=CARTESIAN_POINT('Ctrl Pts',(7.45108068227568,-102.326458972716,46.892183345627));
#7305=CARTESIAN_POINT('Ctrl Pts',(1.22894366245063,-102.446193711316,49.1146715396792));
#7306=CARTESIAN_POINT('Ctrl Pts',(-5.29408293460289,-102.565928515799,48.0737629396435));
#7307=CARTESIAN_POINT('Ctrl Pts',(-10.5134774898952,-102.685663447007,44.0239755791892));
#7308=CARTESIAN_POINT('Ctrl Pts',(-13.1441465630652,-102.805398072513,37.9644782472607));
#7309=CARTESIAN_POINT('Ctrl Pts',(-12.5351168808982,-102.925133635995,31.3861138251823));
#7310=CARTESIAN_POINT('Ctrl Pts',(-8.84095792045013,-103.044868040779,25.909577890074));
#7311=CARTESIAN_POINT('Ctrl Pts',(-2.96728683928848,-103.16460273443,22.8865297718247));
#7312=CARTESIAN_POINT('Ctrl Pts',(3.91252851128657,-103.289327259259,23.0621325326624));
#7313=CARTESIAN_POINT('Ctrl Pts',(10.0320612646715,-103.419038656595,26.8856639222558));
#7314=CARTESIAN_POINT('Ctrl Pts',(13.2761960738074,-103.553742114864,33.6430294256121));
#7315=CARTESIAN_POINT('Ctrl Pts',(12.4049849508291,-103.688442125637,41.0859215592657));
#7316=CARTESIAN_POINT('Ctrl Pts',(7.68795119992877,-103.823145243105,46.9102877220847));
#7317=CARTESIAN_POINT('Ctrl Pts',(0.587737082377052,-103.957846015354,49.3087346165899));
#7318=CARTESIAN_POINT('Ctrl Pts',(-6.69479416967569,-104.092548127998,47.5387676760082));
#7319=CARTESIAN_POINT('Ctrl Pts',(-11.9017812194524,-104.227250007438,42.1484536206028));
#7320=CARTESIAN_POINT('Ctrl Pts',(-13.4192625683671,-104.361950980138,34.8092299932411));
#7321=CARTESIAN_POINT('Ctrl Pts',(-10.7765512655146,-104.496653975889,27.796051997717));
#7322=CARTESIAN_POINT('Ctrl Pts',(-4.79317508509495,-104.63135395097,23.2831574929502));
#7323=CARTESIAN_POINT('Ctrl Pts',(2.67622280025423,-104.766057727443,22.6696553630584));
#7324=CARTESIAN_POINT('Ctrl Pts',(9.3159638440391,-104.900757192937,26.1453640999305));
#7325=CARTESIAN_POINT('Ctrl Pts',(13.0674898385262,-105.035461258653,32.6336282243789));
#7326=CARTESIAN_POINT('Ctrl Pts',(12.7686463809062,-105.170160379571,40.1213981517333));
#7327=CARTESIAN_POINT('Ctrl Pts',(8.50994425257001,-105.304865583266,46.2906181672007));
#7328=CARTESIAN_POINT('Ctrl Pts',(3.91438029977246,-105.394661644615,48.2441985041663));
#7329=CARTESIAN_POINT('Ctrl Pts',(1.531158672067,-105.439563881493,48.5321878087811));
#7330=CARTESIAN_POINT('Ctrl Pts',(5.92707958258717,-90.3380142974382,47.1646475985196));
#7331=CARTESIAN_POINT('Ctrl Pts',(3.80114641231402,-90.382914943101,48.2794090797248));
#7332=CARTESIAN_POINT('Ctrl Pts',(-1.09186846236854,-90.4727161672264,49.2776244496983));
#7333=CARTESIAN_POINT('Ctrl Pts',(-8.09864501563522,-90.6074189250815,46.6129852862309));
#7334=CARTESIAN_POINT('Ctrl Pts',(-12.5923548475066,-90.7421196804196,40.6160978345174));
#7335=CARTESIAN_POINT('Ctrl Pts',(-13.1836138536167,-90.8768219896125,33.1447275783228));
#7336=CARTESIAN_POINT('Ctrl Pts',(-9.68718230860702,-91.0115235932238,26.515779462573));
#7337=CARTESIAN_POINT('Ctrl Pts',(-3.18805287758143,-91.1462248752905,22.7837894747589));
#7338=CARTESIAN_POINT('Ctrl Pts',(4.29962731697744,-91.2809275548748,23.1060796001264));
#7339=CARTESIAN_POINT('Ctrl Pts',(10.4542589790867,-91.4156278231713,27.3823835663064));
#7340=CARTESIAN_POINT('Ctrl Pts',(13.3680602844261,-91.5503313403319,34.2873742838351));
#7341=CARTESIAN_POINT('Ctrl Pts',(12.1376981713376,-91.6850310820073,41.6801198532395));
#7342=CARTESIAN_POINT('Ctrl Pts',(7.14446360433811,-91.8197346980175,47.269084351915));
#7343=CARTESIAN_POINT('Ctrl Pts',(-0.0633991272120656,-91.9544347767858,
49.3215770195492));
#7344=CARTESIAN_POINT('Ctrl Pts',(-7.25193131222543,-92.0891377280675,47.2010271227854));
#7345=CARTESIAN_POINT('Ctrl Pts',(-12.1917935811433,-92.2238386403212,41.5657632715456));
#7346=CARTESIAN_POINT('Ctrl Pts',(-13.3530326653072,-92.3585407813694,34.1605577841269));
#7347=CARTESIAN_POINT('Ctrl Pts',(-10.4833489407098,-92.488253380487,27.5404685244073));
#7348=CARTESIAN_POINT('Ctrl Pts',(-4.91542855223722,-92.6129773408506,23.4926305135895));
#7349=CARTESIAN_POINT('Ctrl Pts',(1.63294234850943,-92.7327115333711,22.6516649046657));
#7350=CARTESIAN_POINT('Ctrl Pts',(7.78929701760154,-92.8524473797123,25.0639507315793));
#7351=CARTESIAN_POINT('Ctrl Pts',(11.5383954911724,-92.9588777959712,29.5734964359296));
#7352=CARTESIAN_POINT('Ctrl Pts',(13.3296089665707,-93.0786126441867,35.8212731810699));
#7353=CARTESIAN_POINT('Ctrl Pts',(11.832908151232,-93.1983472747249,42.4099969301037));
#7354=CARTESIAN_POINT('Ctrl Pts',(6.50060224298562,-93.3313864316976,47.4730595683004));
#7355=CARTESIAN_POINT('Ctrl Pts',(0.124093441133109,-93.4511212077763,49.1713192385637));
#7356=CARTESIAN_POINT('Ctrl Pts',(-6.29176592205491,-93.5708556221243,47.5909088528821));
#7357=CARTESIAN_POINT('Ctrl Pts',(-11.1596078496792,-93.6905912279077,43.1202282496058));
#7358=CARTESIAN_POINT('Ctrl Pts',(-13.2679173209201,-93.8103252102012,36.8656919493868));
#7359=CARTESIAN_POINT('Ctrl Pts',(-11.9408943987074,-93.9500173805636,29.2658044155388));
#7360=CARTESIAN_POINT('Ctrl Pts',(-5.37042377657085,-94.1096630327705,22.8944809566172));
#7361=CARTESIAN_POINT('Ctrl Pts',(4.94695874597055,-94.2892658652521,22.7299430787104));
#7362=CARTESIAN_POINT('Ctrl Pts',(12.5808924817479,-94.4688678119296,29.6513293895926));
#7363=CARTESIAN_POINT('Ctrl Pts',(13.4314990824557,-94.6484701418574,39.9263332472065));
#7364=CARTESIAN_POINT('Ctrl Pts',(7.02608240392852,-94.8280720621142,48.0052656999243));
#7365=CARTESIAN_POINT('Ctrl Pts',(-3.16477571689607,-95.0076743906313,49.5320062410282));
#7366=CARTESIAN_POINT('Ctrl Pts',(-11.6592193360145,-95.1872760192565,43.6739829262576));
#7367=CARTESIAN_POINT('Ctrl Pts',(-13.5944652460302,-95.3469233236031,34.7285544864942));
#7368=CARTESIAN_POINT('Ctrl Pts',(-10.483895570033,-95.4866136164883,27.6679477757009));
#7369=CARTESIAN_POINT('Ctrl Pts',(-5.26088951646413,-95.6063485903981,23.6332661248137));
#7370=CARTESIAN_POINT('Ctrl Pts',(1.26736407440277,-95.726083294753,22.611646709244));
#7371=CARTESIAN_POINT('Ctrl Pts',(7.48538499382267,-95.8458184587313,24.8517900083828));
#7372=CARTESIAN_POINT('Ctrl Pts',(11.847225562547,-95.9655530056562,29.8053293221793));
#7373=CARTESIAN_POINT('Ctrl Pts',(13.5638581430764,-96.1052446315242,37.326631457244));
#7374=CARTESIAN_POINT('Ctrl Pts',(9.96163783138885,-96.2648895777736,45.742999050141));
#7375=CARTESIAN_POINT('Ctrl Pts',(0.519299694240084,-96.4444933919776,49.8864038904233));
#7376=CARTESIAN_POINT('Ctrl Pts',(-9.20830664639155,-96.6240952883862,46.4506532111373));
#7377=CARTESIAN_POINT('Ctrl Pts',(-13.5502764526624,-96.7887301152015,38.069660428354));
#7378=CARTESIAN_POINT('Ctrl Pts',(-12.0495778491477,-96.938399498334,29.8710951318467));
#7379=CARTESIAN_POINT('Ctrl Pts',(-6.9835896931168,-97.073099874312,24.3523516283114));
#7380=CARTESIAN_POINT('Ctrl Pts',(0.250108267818142,-97.2078029451202,22.4076475350253));
#7381=CARTESIAN_POINT('Ctrl Pts',(8.21630921150744,-97.35747027976,24.8607819267972));
#7382=CARTESIAN_POINT('Ctrl Pts',(13.6462738470417,-97.5221070106639,32.5810603105708));
#7383=CARTESIAN_POINT('Ctrl Pts',(12.197621419793,-97.7017076630723,42.8011977941331));
#7384=CARTESIAN_POINT('Ctrl Pts',(4.83691623923571,-97.8663447933145,48.7096784067097));
#7385=CARTESIAN_POINT('Ctrl Pts',(-3.49734286300597,-98.0160117300628,48.8550464596115));
#7386=CARTESIAN_POINT('Ctrl Pts',(-9.90332210886105,-98.1507152738223,44.9786842133336));
#7387=CARTESIAN_POINT('Ctrl Pts',(-13.2443132621618,-98.285415041963,38.2655605767922));
#7388=CARTESIAN_POINT('Ctrl Pts',(-12.4769821227138,-98.4201185617289,30.812066176231));
#7389=CARTESIAN_POINT('Ctrl Pts',(-7.84295245495873,-98.5548188115622,24.9215038861964));
#7390=CARTESIAN_POINT('Ctrl Pts',(-0.776914184405441,-98.6895215114091,
22.423403695554));
#7391=CARTESIAN_POINT('Ctrl Pts',(6.52962750315616,-98.8242227878964,24.0906975618144));
#7392=CARTESIAN_POINT('Ctrl Pts',(11.8121276016991,-98.9589243598881,29.4070447563153));
#7393=CARTESIAN_POINT('Ctrl Pts',(13.4327205826317,-99.0936267798975,36.7243460643676));
#7394=CARTESIAN_POINT('Ctrl Pts',(10.889015614246,-99.2283272580503,43.7737881668705));
#7395=CARTESIAN_POINT('Ctrl Pts',(4.96996452097393,-99.3630306455182,48.370888304005));
#7396=CARTESIAN_POINT('Ctrl Pts',(-2.49064552052708,-99.4977304062363,49.0887762302988));
#7397=CARTESIAN_POINT('Ctrl Pts',(-9.1772262123019,-99.632434141625,45.7083366038348));
#7398=CARTESIAN_POINT('Ctrl Pts',(-13.0229123953557,-99.7671339433326,39.270602042884));
#7399=CARTESIAN_POINT('Ctrl Pts',(-12.8229001425354,-99.9018373585911,31.7854306600281));
#7400=CARTESIAN_POINT('Ctrl Pts',(-8.20265090574524,-100.051504178011,24.8508570242222));
#7401=CARTESIAN_POINT('Ctrl Pts',(0.754177090519147,-100.216141459936,21.8465749933654));
#7402=CARTESIAN_POINT('Ctrl Pts',(8.55960687035693,-100.365808554936,25.4336224295471));
#7403=CARTESIAN_POINT('Ctrl Pts',(12.0847083627558,-100.485544244741,30.9138326801431));
#7404=CARTESIAN_POINT('Ctrl Pts',(13.4113443155081,-100.605278576787,37.2934333064768));
#7405=CARTESIAN_POINT('Ctrl Pts',(10.3672416851698,-100.754946805185,45.3212123216179));
#7406=CARTESIAN_POINT('Ctrl Pts',(1.09957604495889,-100.934549294944,49.8495146690081));
#7407=CARTESIAN_POINT('Ctrl Pts',(-8.75387355464425,-101.114151535521,46.8273153487559));
#7408=CARTESIAN_POINT('Ctrl Pts',(-13.8842642040992,-101.2937541415,37.8842347547735));
#7409=CARTESIAN_POINT('Ctrl Pts',(-11.5224284040678,-101.47335639318,27.8529772102518));
#7410=CARTESIAN_POINT('Ctrl Pts',(-2.93303090510273,-101.652959297453,22.1365629200096));
#7411=CARTESIAN_POINT('Ctrl Pts',(6.09268725825738,-101.812605059134,23.6555451184924));
#7412=CARTESIAN_POINT('Ctrl Pts',(11.4963340165061,-101.952296002216,29.1629213245918));
#7413=CARTESIAN_POINT('Ctrl Pts',(13.3074146902365,-102.072030991025,35.5085473278069));
#7414=CARTESIAN_POINT('Ctrl Pts',(11.8345332461952,-102.191765673096,41.9523618845841));
#7415=CARTESIAN_POINT('Ctrl Pts',(7.45084114248363,-102.311500568839,46.89234602331));
#7416=CARTESIAN_POINT('Ctrl Pts',(1.22865515700677,-102.431235307439,49.1146983379557));
#7417=CARTESIAN_POINT('Ctrl Pts',(-5.29434881987267,-102.550970111922,48.0736482235029));
#7418=CARTESIAN_POINT('Ctrl Pts',(-10.5136549166991,-102.67070504313,44.0237473636456));
#7419=CARTESIAN_POINT('Ctrl Pts',(-13.1441929886832,-102.790439668637,37.9641918122731));
#7420=CARTESIAN_POINT('Ctrl Pts',(-12.5350197912228,-102.910175232118,31.3858417354678));
#7421=CARTESIAN_POINT('Ctrl Pts',(-8.84074143424767,-103.029909636902,25.9093846406667));
#7422=CARTESIAN_POINT('Ctrl Pts',(-2.967004827128,-103.149644330553,22.8864652280447));
#7423=CARTESIAN_POINT('Ctrl Pts',(3.91280718027997,-103.274368855382,23.0622171847483));
#7424=CARTESIAN_POINT('Ctrl Pts',(10.0322566749219,-103.404080252718,26.88588198668));
#7425=CARTESIAN_POINT('Ctrl Pts',(13.2762446835639,-103.538783710987,33.6433181121845));
#7426=CARTESIAN_POINT('Ctrl Pts',(12.4048715949008,-103.67348372176,41.0861915321381));
#7427=CARTESIAN_POINT('Ctrl Pts',(7.68771106482004,-103.808186839228,46.9104552090781));
#7428=CARTESIAN_POINT('Ctrl Pts',(0.587444589507846,-103.942887611477,49.3087477356635));
#7429=CARTESIAN_POINT('Ctrl Pts',(-6.69504833325831,-104.077589724121,47.5386223386492));
#7430=CARTESIAN_POINT('Ctrl Pts',(-11.9019182723763,-104.212291603562,42.1481948957631));
#7431=CARTESIAN_POINT('Ctrl Pts',(-13.4192400064167,-104.346992576262,34.8089380759741));
#7432=CARTESIAN_POINT('Ctrl Pts',(-10.776376116158,-104.481695572012,27.7958173981012));
#7433=CARTESIAN_POINT('Ctrl Pts',(-4.79290157790369,-104.616395547093,23.28305291649));
#7434=CARTESIAN_POINT('Ctrl Pts',(2.67650973736825,-104.751099323567,22.6697132683119));
#7435=CARTESIAN_POINT('Ctrl Pts',(9.3161755412208,-104.88579878906,26.1455664617295));
#7436=CARTESIAN_POINT('Ctrl Pts',(13.0675600957547,-105.020502854777,32.6339124541851));
#7437=CARTESIAN_POINT('Ctrl Pts',(12.7685545813487,-105.155201975694,40.1216758465504));
#7438=CARTESIAN_POINT('Ctrl Pts',(8.50971643787466,-105.28990717939,46.2908038374088));
#7439=CARTESIAN_POINT('Ctrl Pts',(3.91411306605687,-105.379703240738,48.24428336115));
#7440=CARTESIAN_POINT('Ctrl Pts',(1.53088305620965,-105.424605477616,48.5322211082145));
#7441=CARTESIAN_POINT('',(5.95172531636683,-90.4246054776158,47.2081882212107));
#7442=CARTESIAN_POINT('Ctrl Pts',(1.52966961124767,-90.4246055799468,48.5305173009581));
#7443=CARTESIAN_POINT('Ctrl Pts',(1.81107328757977,-90.4246054758703,48.4961496231655));
#7444=CARTESIAN_POINT('Ctrl Pts',(2.09084068622625,-90.4245837898626,48.45299591921));
#7445=CARTESIAN_POINT('Ctrl Pts',(2.36883665401193,-90.4245692727944,48.4011883292944));
#7446=CARTESIAN_POINT('Ctrl Pts',(2.62392779865653,-90.424555951826,48.3536493037535));
#7447=CARTESIAN_POINT('Ctrl Pts',(2.87752731779531,-90.4245498384692,48.2988232491256));
#7448=CARTESIAN_POINT('Ctrl Pts',(3.12953426974945,-90.4245574667674,48.2367743510459));
#7449=CARTESIAN_POINT('Ctrl Pts',(3.35406058894864,-90.4245642632216,48.1814917067056));
#7450=CARTESIAN_POINT('Ctrl Pts',(3.57732273123015,-90.4245825383992,48.1204751562497));
#7451=CARTESIAN_POINT('Ctrl Pts',(3.79925258007551,-90.4245931032749,48.0537446455842));
#7452=CARTESIAN_POINT('Ctrl Pts',(3.91187203863841,-90.4245984644761,48.019881900127));
#7453=CARTESIAN_POINT('Ctrl Pts',(4.0241485192951,-90.4246013618385,47.9845474091047));
#7454=CARTESIAN_POINT('Ctrl Pts',(4.13607233596627,-90.4245976810199,47.9477381648687));
#7455=CARTESIAN_POINT('Ctrl Pts',(4.29669389373787,-90.4245923986875,47.8949133209219));
#7456=CARTESIAN_POINT('Ctrl Pts',(4.45025947232204,-90.4245774881661,47.8411354273993));
#7457=CARTESIAN_POINT('Ctrl Pts',(4.59668502177387,-90.4245638187381,47.7871984736726));
#7458=CARTESIAN_POINT('Ctrl Pts',(4.74687470011056,-90.4245497979131,47.7318749747272));
#7459=CARTESIAN_POINT('Ctrl Pts',(4.88955306752049,-90.4245372341374,47.6763847757394));
#7460=CARTESIAN_POINT('Ctrl Pts',(5.02467520449097,-90.4245326387884,47.6215547800445));
#7461=CARTESIAN_POINT('Ctrl Pts',(5.16036205680876,-90.4245280242341,47.5664956335921));
#7462=CARTESIAN_POINT('Ctrl Pts',(5.28843022471864,-90.4245315991779,47.5121027817398));
#7463=CARTESIAN_POINT('Ctrl Pts',(5.40886914914137,-90.4245424778441,47.4591747623909));
#7464=CARTESIAN_POINT('Ctrl Pts',(5.52725094855466,-90.4245531707002,47.4071507659967));
#7465=CARTESIAN_POINT('Ctrl Pts',(5.63826284764128,-90.424571058079,47.3565423672598));
#7466=CARTESIAN_POINT('Ctrl Pts',(5.74191502371362,-90.4245859702831,47.3080637703762));
#7467=CARTESIAN_POINT('Ctrl Pts',(5.81556512225728,-90.4245965661562,47.2736172823908));
#7468=CARTESIAN_POINT('Ctrl Pts',(5.88549988076304,-90.4246054776157,47.240245197801));
#7469=CARTESIAN_POINT('Ctrl Pts',(5.95172531636684,-90.4246054776157,47.2081882212107));
#7470=CARTESIAN_POINT('',(5.95172531636009,-105.424605477616,47.2081882212142));
#7471=CARTESIAN_POINT('Ctrl Pts',(5.95172531636684,-90.4246054776157,47.2081882212107));
#7472=CARTESIAN_POINT('Ctrl Pts',(3.81760305256669,-90.4695061232786,48.3275850568617));
#7473=CARTESIAN_POINT('Ctrl Pts',(-1.09445708769126,-90.5593073474039,49.3303275723491));
#7474=CARTESIAN_POINT('Ctrl Pts',(-8.12902189334593,-90.6940101052591,46.656130554404));
#7475=CARTESIAN_POINT('Ctrl Pts',(-12.6410933034708,-90.8287108605971,40.6363129771257));
#7476=CARTESIAN_POINT('Ctrl Pts',(-13.2356096475689,-90.96341316979,33.1357441503793));
#7477=CARTESIAN_POINT('Ctrl Pts',(-9.7263136893394,-91.0981147734015,26.4803833872042));
#7478=CARTESIAN_POINT('Ctrl Pts',(-3.2021904225909,-91.2328160554679,22.7329530183465));
#7479=CARTESIAN_POINT('Ctrl Pts',(4.31486727634072,-91.3675187350525,23.0555630609151));
#7480=CARTESIAN_POINT('Ctrl Pts',(10.4941514008071,-91.5022190033488,27.347846724773));
#7481=CARTESIAN_POINT('Ctrl Pts',(13.4202385076899,-91.6369225205095,34.2795244765292));
#7482=CARTESIAN_POINT('Ctrl Pts',(12.1859866742554,-91.7716222621849,41.7013899354161));
#7483=CARTESIAN_POINT('Ctrl Pts',(7.17389223020608,-91.906325878195,47.3128808715365));
#7484=CARTESIAN_POINT('Ctrl Pts',(-0.0619526489914488,-92.0410259569634,
49.3743228480593));
#7485=CARTESIAN_POINT('Ctrl Pts',(-7.27891669970167,-92.175728908245,47.2463697385564));
#7486=CARTESIAN_POINT('Ctrl Pts',(-12.2388430491023,-92.3104298204988,41.5896487903049));
#7487=CARTESIAN_POINT('Ctrl Pts',(-13.4055643365431,-92.4451319615469,34.1555757375858));
#7488=CARTESIAN_POINT('Ctrl Pts',(-10.5254706972522,-92.5748445606646,27.5091874576644));
#7489=CARTESIAN_POINT('Ctrl Pts',(-4.93624474445411,-92.6995685210281,23.4447888199059));
#7490=CARTESIAN_POINT('Ctrl Pts',(1.6376769495185,-92.8193027135487,22.599703737138));
#7491=CARTESIAN_POINT('Ctrl Pts',(7.81845612079522,-92.9390385598898,25.0206657739891));
#7492=CARTESIAN_POINT('Ctrl Pts',(11.5828114851363,-93.0454689761487,29.5474079198479));
#7493=CARTESIAN_POINT('Ctrl Pts',(13.3818296800289,-93.1652038243643,35.8194380705703));
#7494=CARTESIAN_POINT('Ctrl Pts',(11.8800943827404,-93.2849384549023,42.4341650674955));
#7495=CARTESIAN_POINT('Ctrl Pts',(6.52753388743825,-93.4179776118752,47.5177363409201));
#7496=CARTESIAN_POINT('Ctrl Pts',(0.12625560007647,-93.5377123879538,49.2234527448015));
#7497=CARTESIAN_POINT('Ctrl Pts',(-6.31494026434463,-93.6574468023019,47.637658134423));
#7498=CARTESIAN_POINT('Ctrl Pts',(-11.2024174544657,-93.7771824080853,43.1500742325499));
#7499=CARTESIAN_POINT('Ctrl Pts',(-13.3197748865705,-93.8969163903788,36.871297970311));
#7500=CARTESIAN_POINT('Ctrl Pts',(-11.9885096071137,-94.0366085607412,29.2414667882541));
#7501=CARTESIAN_POINT('Ctrl Pts',(-5.39309796872443,-94.196254212948,22.8443529891417));
#7502=CARTESIAN_POINT('Ctrl Pts',(4.96468760458469,-94.3758570454297,22.6778713171615));
#7503=CARTESIAN_POINT('Ctrl Pts',(12.6294028060732,-94.5554589921071,29.6254145572657));
#7504=CARTESIAN_POINT('Ctrl Pts',(13.484635899492,-94.735061322035,39.9405690374638));
#7505=CARTESIAN_POINT('Ctrl Pts',(7.05513990672718,-94.9146632422918,48.051961503079));
#7506=CARTESIAN_POINT('Ctrl Pts',(-3.17545401499646,-95.0942655708088,49.5859670516289));
#7507=CARTESIAN_POINT('Ctrl Pts',(-11.7039167044485,-95.2738671994341,43.7060614436148));
#7508=CARTESIAN_POINT('Ctrl Pts',(-13.6478713360439,-95.4335145037806,34.7258282659594));
#7509=CARTESIAN_POINT('Ctrl Pts',(-10.5260034165202,-95.5732047966658,27.6371662447576));
#7510=CARTESIAN_POINT('Ctrl Pts',(-5.28304152521412,-95.6929397705756,23.5860189443493));
#7511=CARTESIAN_POINT('Ctrl Pts',(1.27066129141783,-95.8126744749306,22.5595747818013));
#7512=CARTESIAN_POINT('Ctrl Pts',(7.51332664735571,-95.9324096389088,24.8077120672383));
#7513=CARTESIAN_POINT('Ctrl Pts',(11.8928807522612,-96.0521441858338,29.7801102464261));
#7514=CARTESIAN_POINT('Ctrl Pts',(13.6171862005066,-96.1918358117019,37.3306648831285));
#7515=CARTESIAN_POINT('Ctrl Pts',(10.0019120584128,-96.3514807579509,45.7804615992861));
#7516=CARTESIAN_POINT('Ctrl Pts',(0.523100322478177,-96.5310845721553,49.9412893535767));
#7517=CARTESIAN_POINT('Ctrl Pts',(-9.24305164709129,-96.7106864685636,46.4933021829827));
#7518=CARTESIAN_POINT('Ctrl Pts',(-13.6030887089165,-96.8753212953793,38.08001918232));
#7519=CARTESIAN_POINT('Ctrl Pts',(-12.0975426659033,-97.0249906785114,29.8491427341409));
#7520=CARTESIAN_POINT('Ctrl Pts',(-7.01240074040446,-97.1596910544897,24.3081387599276));
#7521=CARTESIAN_POINT('Ctrl Pts',(0.249394163646303,-97.2943941252977,22.3549044230602));
#7522=CARTESIAN_POINT('Ctrl Pts',(8.24711577706812,-97.4440614599376,24.8166471806754));
#7523=CARTESIAN_POINT('Ctrl Pts',(13.6993272647912,-97.6086981908413,32.5664900897136));
#7524=CARTESIAN_POINT('Ctrl Pts',(12.2462858659339,-97.7882988432501,42.8268527430438));
#7525=CARTESIAN_POINT('Ctrl Pts',(4.85748523026516,-97.9529359734919,48.7594097693959));
#7526=CARTESIAN_POINT('Ctrl Pts',(-3.50940940821969,-98.1026029102404,48.9063968002074));
#7527=CARTESIAN_POINT('Ctrl Pts',(-9.94097554336919,-98.2373064539998,45.0156534869989));
#7528=CARTESIAN_POINT('Ctrl Pts',(-13.295902079709,-98.3720062221406,38.2766483466882));
#7529=CARTESIAN_POINT('Ctrl Pts',(-12.5265030364131,-98.5067097419065,30.7938543444874));
#7530=CARTESIAN_POINT('Ctrl Pts',(-7.87505884178808,-98.6414099917397,24.8796291790259));
#7531=CARTESIAN_POINT('Ctrl Pts',(-0.781650204871714,-98.7761126915868,
22.370851635877));
#7532=CARTESIAN_POINT('Ctrl Pts',(6.55372864014829,-98.9108139680738,24.0437579867828));
#7533=CARTESIAN_POINT('Ctrl Pts',(11.8575951260378,-99.0455155400657,29.380269610856));
#7534=CARTESIAN_POINT('Ctrl Pts',(13.4854590019718,-99.1802179600751,36.7260362330704));
#7535=CARTESIAN_POINT('Ctrl Pts',(10.9326753746843,-99.3149184382279,43.8034185250441));
#7536=CARTESIAN_POINT('Ctrl Pts',(4.99101213925529,-99.4496218256957,48.4192755253996));
#7537=CARTESIAN_POINT('Ctrl Pts',(-2.49873836930882,-99.5843215864139,49.1409155701419));
#7538=CARTESIAN_POINT('Ctrl Pts',(-9.21194290910094,-99.7190253218026,45.7480732466661));
#7539=CARTESIAN_POINT('Ctrl Pts',(-13.0735072071641,-99.8537251235101,39.2855997129113));
#7540=CARTESIAN_POINT('Ctrl Pts',(-12.8736538090761,-99.9884285387686,31.7710760520937));
#7541=CARTESIAN_POINT('Ctrl Pts',(-8.23617549593003,-100.138095358188,24.8087508128695));
#7542=CARTESIAN_POINT('Ctrl Pts',(0.755367292511517,-100.302732640113,21.7915701141519));
#7543=CARTESIAN_POINT('Ctrl Pts',(8.59183061510163,-100.452399735114,25.3916888602805));
#7544=CARTESIAN_POINT('Ctrl Pts',(12.1314335952124,-100.572135424918,30.8929268458785));
#7545=CARTESIAN_POINT('Ctrl Pts',(13.4640706396571,-100.691869756965,37.2973558651902));
#7546=CARTESIAN_POINT('Ctrl Pts',(10.409051968495,-100.841537985362,45.356971227277));
#7547=CARTESIAN_POINT('Ctrl Pts',(1.10564556582518,-101.021140475121,49.9041825327815));
#7548=CARTESIAN_POINT('Ctrl Pts',(-8.78679064681559,-101.200742715698,46.8713828717965));
#7549=CARTESIAN_POINT('Ctrl Pts',(-13.9384083810964,-101.380345321678,37.8939090608295));
#7550=CARTESIAN_POINT('Ctrl Pts',(-11.5685819504929,-101.559947573358,27.8230513979661));
#7551=CARTESIAN_POINT('Ctrl Pts',(-2.94625076410877,-101.73955047763,22.0831585018702));
#7552=CARTESIAN_POINT('Ctrl Pts',(6.11502165923829,-101.899196239311,23.6069556231095));
#7553=CARTESIAN_POINT('Ctrl Pts',(11.5405335142845,-102.038887182394,29.1352294609547));
#7554=CARTESIAN_POINT('Ctrl Pts',(13.3595090685537,-102.158622171203,35.5054897440384));
#7555=CARTESIAN_POINT('Ctrl Pts',(11.881668220986,-102.278356853274,41.9747367915265));
#7556=CARTESIAN_POINT('Ctrl Pts',(7.48142272575276,-102.398091749017,46.9346278944768));
#7557=CARTESIAN_POINT('Ctrl Pts',(1.2351378875124,-102.517826487617,49.166470919322));
#7558=CARTESIAN_POINT('Ctrl Pts',(-5.31355447148971,-102.6375612921,48.1221632988144));
#7559=CARTESIAN_POINT('Ctrl Pts',(-10.5538198932404,-102.757296223307,44.0570520213643));
#7560=CARTESIAN_POINT('Ctrl Pts',(-13.1954274797875,-102.877030848814,37.9740862048237));
#7561=CARTESIAN_POINT('Ctrl Pts',(-12.5846958500848,-102.996766412296,31.3698852789629));
#7562=CARTESIAN_POINT('Ctrl Pts',(-8.87663279318397,-103.11650081708,25.8715061138464));
#7563=CARTESIAN_POINT('Ctrl Pts',(-2.98026337162836,-103.23623551073,22.8360032242274));
#7564=CARTESIAN_POINT('Ctrl Pts',(3.92652604543647,-103.36096003556,23.0115774985745));
#7565=CARTESIAN_POINT('Ctrl Pts',(10.0704331629862,-103.490671432896,26.8494529763732));
#7566=CARTESIAN_POINT('Ctrl Pts',(13.3279820735444,-103.625374891165,33.6329564374262));
#7567=CARTESIAN_POINT('Ctrl Pts',(12.4541321046546,-103.760074901938,41.1051009463613));
#7568=CARTESIAN_POINT('Ctrl Pts',(7.7192229907567,-103.894778019406,46.9527782066262));
#7569=CARTESIAN_POINT('Ctrl Pts',(0.591439474650272,-104.029478791655,49.3613613466372));
#7570=CARTESIAN_POINT('Ctrl Pts',(-6.71980933010221,-104.164180904299,47.5852175402674));
#7571=CARTESIAN_POINT('Ctrl Pts',(-11.9477586636043,-104.298882783739,42.1743258964014));
#7572=CARTESIAN_POINT('Ctrl Pts',(-13.4719494378222,-104.433583756439,34.8065047366219));
#7573=CARTESIAN_POINT('Ctrl Pts',(-10.8196138079948,-104.56828675219,27.7655736917882));
#7574=CARTESIAN_POINT('Ctrl Pts',(-4.81326409561191,-104.702986727271,23.2343746642275));
#7575=CARTESIAN_POINT('Ctrl Pts',(2.68533533471015,-104.837690503744,22.6176914122039));
#7576=CARTESIAN_POINT('Ctrl Pts',(9.35145318700686,-104.972389969238,26.1063270427974));
#7577=CARTESIAN_POINT('Ctrl Pts',(13.1183527531786,-105.107094034954,32.6196221790883));
#7578=CARTESIAN_POINT('Ctrl Pts',(12.8191185617492,-105.241793155871,40.1367604698767));
#7579=CARTESIAN_POINT('Ctrl Pts',(9.46016519132255,-105.347639989877,45.0036684475083));
#7580=CARTESIAN_POINT('Ctrl Pts',(6.71390607200988,-105.408581677548,46.8076838870656));
#7581=CARTESIAN_POINT('Ctrl Pts',(5.95088290732915,-105.42462418421,47.206576062293));
#7582=CARTESIAN_POINT('Ctrl Pts',(1.53088305621063,-105.424605477616,48.5322211082144));
#7583=CARTESIAN_POINT('Ctrl Pts',(1.80474978769788,-105.424605477616,48.499133001177));
#7584=CARTESIAN_POINT('Ctrl Pts',(2.07697481966745,-105.424585160529,48.4574237260055));
#7585=CARTESIAN_POINT('Ctrl Pts',(2.34747510708628,-105.424571006965,48.4073242505043));
#7586=CARTESIAN_POINT('Ctrl Pts',(2.60144845386604,-105.424557718152,48.3602857368437));
#7587=CARTESIAN_POINT('Ctrl Pts',(2.8539012182238,-105.424551024409,48.3058504754511));
#7588=CARTESIAN_POINT('Ctrl Pts',(3.10476659953552,-105.424558036381,48.2441689906099));
#7589=CARTESIAN_POINT('Ctrl Pts',(3.33775575132904,-105.424564548693,48.1868828207951));
#7590=CARTESIAN_POINT('Ctrl Pts',(3.56937561397026,-105.424583726496,48.123345939638));
#7591=CARTESIAN_POINT('Ctrl Pts',(3.79957587111056,-105.424594624187,48.0536488449567));
#7592=CARTESIAN_POINT('Ctrl Pts',(3.9121305833255,-105.424599952532,48.0195709662805));
#7593=CARTESIAN_POINT('Ctrl Pts',(4.02434602070698,-105.424602776324,47.984020008871));
#7594=CARTESIAN_POINT('Ctrl Pts',(4.13621559448115,-105.424598970641,47.9470008672832));
#7595=CARTESIAN_POINT('Ctrl Pts',(4.2945837105129,-105.424593583129,47.8945947347433));
#7596=CARTESIAN_POINT('Ctrl Pts',(4.44609764160553,-105.424578822963,47.8412884530701));
#7597=CARTESIAN_POINT('Ctrl Pts',(4.59068018748604,-105.424565156251,47.7878600004882));
#7598=CARTESIAN_POINT('Ctrl Pts',(4.73760285005174,-105.42455126834,47.733566790597));
#7599=CARTESIAN_POINT('Ctrl Pts',(4.87736845384679,-105.424538639165,47.6791478846076));
#7600=CARTESIAN_POINT('Ctrl Pts',(5.00993508229352,-105.424533499915,47.6253828387448));
#7601=CARTESIAN_POINT('Ctrl Pts',(5.14282562946499,-105.424528348106,47.5714864211688));
#7602=CARTESIAN_POINT('Ctrl Pts',(5.26848269031696,-105.424530857126,47.5182474386684));
#7603=CARTESIAN_POINT('Ctrl Pts',(5.38689357429794,-105.424540598049,47.4664082751468));
#7604=CARTESIAN_POINT('Ctrl Pts',(5.50391410426811,-105.424550224596,47.4151777954429));
#7605=CARTESIAN_POINT('Ctrl Pts',(5.61385842176253,-105.424567044624,47.3653147017572));
#7606=CARTESIAN_POINT('Ctrl Pts',(5.71673172797558,-105.424582166687,47.3174892256625));
#7607=CARTESIAN_POINT('Ctrl Pts',(5.79967462576057,-105.424594359041,47.2789293336821));
#7608=CARTESIAN_POINT('Ctrl Pts',(5.87802144846783,-105.424605328168,47.2416932133328));
#7609=CARTESIAN_POINT('Ctrl Pts',(5.95177794584104,-105.424605365704,47.2061081108473));
#7610=CARTESIAN_POINT('Ctrl Pts',(12.7620123530933,-93.0783116478278,35.8612621527857));
#7611=CARTESIAN_POINT('Ctrl Pts',(12.7633938123648,-93.069542727653,35.392650294287));
#7612=CARTESIAN_POINT('Ctrl Pts',(12.6646957976021,-93.0341660840997,33.5020470856455));
#7613=CARTESIAN_POINT('Ctrl Pts',(11.5383954911724,-92.9588777959712,29.5734964359296));
#7614=CARTESIAN_POINT('Ctrl Pts',(7.78929701760154,-92.8524473797123,25.0639507315793));
#7615=CARTESIAN_POINT('Ctrl Pts',(1.63294234850943,-92.7327115333711,22.6516649046657));
#7616=CARTESIAN_POINT('Ctrl Pts',(-4.91542855223722,-92.6129773408506,23.4926305135895));
#7617=CARTESIAN_POINT('Ctrl Pts',(-10.4833489407098,-92.488253380487,27.5404685244073));
#7618=CARTESIAN_POINT('Ctrl Pts',(-13.3530326653072,-92.3585407813694,34.1605577841269));
#7619=CARTESIAN_POINT('Ctrl Pts',(-12.1917935811433,-92.2238386403212,41.5657632715456));
#7620=CARTESIAN_POINT('Ctrl Pts',(-7.25193131222543,-92.0891377280675,47.2010271227854));
#7621=CARTESIAN_POINT('Ctrl Pts',(-0.0633991272120656,-91.9544347767858,
49.3215770195492));
#7622=CARTESIAN_POINT('Ctrl Pts',(7.14446360433811,-91.8197346980175,47.269084351915));
#7623=CARTESIAN_POINT('Ctrl Pts',(11.7918426569317,-91.6943613042875,42.0672384966257));
#7624=CARTESIAN_POINT('Ctrl Pts',(12.760418724265,-91.6138911899553,37.7627564781776));
#7625=CARTESIAN_POINT('Ctrl Pts',(12.7633717658263,-91.5783208950516,35.8612656059837));
#7626=CARTESIAN_POINT('Origin',(9.13485862305059E-15,-90.4246054776157,
35.861265395317));
#7627=CARTESIAN_POINT('Origin',(1.29459334761862E-14,-105.424605477616,
35.8612653953169));
#7628=CARTESIAN_POINT('Ctrl Pts',(9.22757731721118,-105.424605477479,25.8664602593019));
#7629=CARTESIAN_POINT('Ctrl Pts',(9.45429373975776,-105.424605477535,26.0882698192533));
#7630=CARTESIAN_POINT('Ctrl Pts',(9.67338905425573,-105.424605477615,26.318012724012));
#7631=CARTESIAN_POINT('Ctrl Pts',(9.8843232133643,-105.424605477682,26.5553939782525));
#7632=CARTESIAN_POINT('Ctrl Pts',(10.0952573724729,-105.424605477748,26.7927752324929));
#7633=CARTESIAN_POINT('Ctrl Pts',(10.2980308858677,-105.4246054778,27.0377952387143));
#7634=CARTESIAN_POINT('Ctrl Pts',(10.4920508938417,-105.424605477799,27.2901854363462));
#7635=CARTESIAN_POINT('Ctrl Pts',(10.5979442191159,-105.424605477799,27.427936370247));
#7636=CARTESIAN_POINT('Ctrl Pts',(10.7010301464727,-105.424605477799,27.5676244727226));
#7637=CARTESIAN_POINT('Ctrl Pts',(10.8012377203654,-105.4246054778,27.7091882286728));
#7638=CARTESIAN_POINT('Ctrl Pts',(10.9784202929816,-105.424605477801,27.9594949619275));
#7639=CARTESIAN_POINT('Ctrl Pts',(11.146606529448,-105.424605477805,28.215663844114));
#7640=CARTESIAN_POINT('Ctrl Pts',(11.3057008413532,-105.424605477809,28.4771365998784));
#7641=CARTESIAN_POINT('Ctrl Pts',(11.4673755243405,-105.424605477813,28.7428502158574));
#7642=CARTESIAN_POINT('Ctrl Pts',(11.6196612517215,-105.424605477818,29.0140416592078));
#7643=CARTESIAN_POINT('Ctrl Pts',(11.7624131914411,-105.424605477823,29.2901549451365));
#7644=CARTESIAN_POINT('Ctrl Pts',(11.9054877658978,-105.424605477828,29.5668922767881));
#7645=CARTESIAN_POINT('Ctrl Pts',(12.0389856082594,-105.424605477832,29.8485743140073));
#7646=CARTESIAN_POINT('Ctrl Pts',(12.1627130214445,-105.424605477836,30.1346626615667));
#7647=CARTESIAN_POINT('Ctrl Pts',(12.2859012768601,-105.42460547784,30.4195043431577));
#7648=CARTESIAN_POINT('Ctrl Pts',(12.3994042202302,-105.424605477843,30.7087146109876));
#7649=CARTESIAN_POINT('Ctrl Pts',(12.5029807277063,-105.424605477844,31.0017743443817));
#7650=CARTESIAN_POINT('Ctrl Pts',(12.5590734451426,-105.424605477845,31.1604832757582));
#7651=CARTESIAN_POINT('Ctrl Pts',(12.6122540066694,-105.424605477846,31.3203213585479));
#7652=CARTESIAN_POINT('Ctrl Pts',(12.6624777116281,-105.424605477846,31.481206717333));
#7653=CARTESIAN_POINT('Ctrl Pts',(12.7079323230938,-105.424605477846,31.626814881448));
#7654=CARTESIAN_POINT('Ctrl Pts',(12.750964914097,-105.424605477845,31.7732808903132));
#7655=CARTESIAN_POINT('Ctrl Pts',(12.7915390510131,-105.424605477845,31.9205439827122));
#7656=CARTESIAN_POINT('Ctrl Pts',(12.8004943420951,-105.424605477845,31.953047048909));
#7657=CARTESIAN_POINT('Ctrl Pts',(12.8093301435079,-105.424605477844,31.9855901466458));
#7658=CARTESIAN_POINT('Ctrl Pts',(12.8180415752781,-105.424605477844,32.0181555175599));
#7659=CARTESIAN_POINT('Ctrl Pts',(12.8981033074832,-105.424605477842,32.3174450114192));
#7660=CARTESIAN_POINT('Ctrl Pts',(12.9677558980302,-105.424605477832,32.6189421736191));
#7661=CARTESIAN_POINT('Ctrl Pts',(13.0268643061742,-105.424605477817,32.9221073588859));
#7662=CARTESIAN_POINT('Ctrl Pts',(13.0859335132249,-105.424605477802,33.2250714829655));
#7663=CARTESIAN_POINT('Ctrl Pts',(13.134472675913,-105.424605477782,33.5297020131911));
#7664=CARTESIAN_POINT('Ctrl Pts',(13.1722971036805,-105.42460547776,33.8354747580592));
#7665=CARTESIAN_POINT('Ctrl Pts',(13.2097972372932,-105.424605477739,34.1386259083724));
#7666=CARTESIAN_POINT('Ctrl Pts',(13.2367656690512,-105.424605477714,34.4429003453302));
#7667=CARTESIAN_POINT('Ctrl Pts',(13.2529715893615,-105.424605477691,34.7477926599666));
#7668=CARTESIAN_POINT('Ctrl Pts',(13.2565875529431,-105.424605477686,34.8158220890236));
#7669=CARTESIAN_POINT('Ctrl Pts',(13.2596674970764,-105.42460547768,34.8838822815024));
#7670=CARTESIAN_POINT('Ctrl Pts',(13.2622085010517,-105.424605477675,34.9519676160637));
#7671=CARTESIAN_POINT('Ctrl Pts',(13.2740243569836,-105.424605477651,35.268569444334));
#7672=CARTESIAN_POINT('Ctrl Pts',(13.2741911523838,-105.424605477628,35.5857157464483));
#7673=CARTESIAN_POINT('Ctrl Pts',(13.2628478531941,-105.42460547761,35.9027995358512));
#7674=CARTESIAN_POINT('Ctrl Pts',(13.2529224664031,-105.424605477594,36.1802478515788));
#7675=CARTESIAN_POINT('Ctrl Pts',(13.2341837126378,-105.424605477582,36.4576485088408));
#7676=CARTESIAN_POINT('Ctrl Pts',(13.2066896408499,-105.424605477576,36.734584834656));
#7677=CARTESIAN_POINT('Ctrl Pts',(13.1972782531518,-105.424605477574,36.8293818203489));
#7678=CARTESIAN_POINT('Ctrl Pts',(13.1868406996243,-105.424605477573,36.9241242913756));
#7679=CARTESIAN_POINT('Ctrl Pts',(13.1753784597277,-105.424605477573,37.0187951600683));
#7680=CARTESIAN_POINT('Ctrl Pts',(13.1698684767446,-105.424605477572,37.0643041426228));
#7681=CARTESIAN_POINT('Ctrl Pts',(13.1641208283165,-105.424605477572,37.1098028063292));
#7682=CARTESIAN_POINT('Ctrl Pts',(13.1581403452544,-105.424605477572,37.1552547648675));
#7683=CARTESIAN_POINT('Ctrl Pts',(13.1183377208662,-105.424605477573,37.4577566220963));
#7684=CARTESIAN_POINT('Ctrl Pts',(13.0682009431637,-105.424605477576,37.7584216204731));
#7685=CARTESIAN_POINT('Ctrl Pts',(13.0079468528913,-105.424605477581,38.056724247916));
#7686=CARTESIAN_POINT('Ctrl Pts',(12.947291931233,-105.424605477587,38.3570112892809));
#7687=CARTESIAN_POINT('Ctrl Pts',(12.8763845073211,-105.424605477594,38.6549050286112));
#7688=CARTESIAN_POINT('Ctrl Pts',(12.7953932802728,-105.424605477601,38.9498638019243));
#7689=CARTESIAN_POINT('Ctrl Pts',(12.7146365116116,-105.424605477609,39.2439687104328));
#7690=CARTESIAN_POINT('Ctrl Pts',(12.6238540340023,-105.424605477617,39.5351562062903));
#7691=CARTESIAN_POINT('Ctrl Pts',(12.5231637239059,-105.424605477624,39.8228748644));
#7692=CARTESIAN_POINT('Ctrl Pts',(12.4232751253244,-105.424605477632,40.1083026629321));
#7693=CARTESIAN_POINT('Ctrl Pts',(12.313635616679,-105.424605477639,40.3903171854141));
#7694=CARTESIAN_POINT('Ctrl Pts',(12.1943148816104,-105.424605477644,40.6683574600003));
#7695=CARTESIAN_POINT('Ctrl Pts',(12.0791037827706,-105.42460547765,40.9368214913224));
#7696=CARTESIAN_POINT('Ctrl Pts',(11.9548664918339,-105.424605477655,41.2015806636068));
#7697=CARTESIAN_POINT('Ctrl Pts',(11.8216278118736,-105.424605477658,41.4621025911333));
#7698=CARTESIAN_POINT('Ctrl Pts',(11.7550084718935,-105.424605477659,41.5923635548966));
#7699=CARTESIAN_POINT('Ctrl Pts',(11.68613821492,-105.42460547766,41.7215647408179));
#7700=CARTESIAN_POINT('Ctrl Pts',(11.6150168015247,-105.424605477661,41.8496364943846));
#7701=CARTESIAN_POINT('Ctrl Pts',(11.6000701073797,-105.424605477661,41.8765517262086));
#7702=CARTESIAN_POINT('Ctrl Pts',(11.5850228888796,-105.424605477661,41.9034189977253));
#7703=CARTESIAN_POINT('Ctrl Pts',(11.5698786699845,-105.424605477662,41.9302313927592));
#7704=CARTESIAN_POINT('Ctrl Pts',(11.5129615860836,-105.424605477662,42.0310014191506));
#7705=CARTESIAN_POINT('Ctrl Pts',(11.4547139417574,-105.424605477663,42.1309269030838));
#7706=CARTESIAN_POINT('Ctrl Pts',(11.3951446160688,-105.424605477665,42.2299792454617));
#7707=CARTESIAN_POINT('Ctrl Pts',(11.2412710450419,-105.424605477668,42.485841427282));
#7708=CARTESIAN_POINT('Ctrl Pts',(11.0785820578034,-105.424605477675,42.7358794017697));
#7709=CARTESIAN_POINT('Ctrl Pts',(10.9075495372627,-105.424605477683,42.9797927223721));
#7710=CARTESIAN_POINT('Ctrl Pts',(10.7258784653327,-105.424605477691,43.2388779201565));
#7711=CARTESIAN_POINT('Ctrl Pts',(10.5347935726872,-105.424605477701,43.491053618474));
#7712=CARTESIAN_POINT('Ctrl Pts',(10.3348069336791,-105.424605477711,43.7359263441177));
#7713=CARTESIAN_POINT('Ctrl Pts',(10.1431075011659,-105.42460547772,43.9706518376639));
#7714=CARTESIAN_POINT('Ctrl Pts',(9.94322799064947,-105.424605477729,44.1986672438875));
#7715=CARTESIAN_POINT('Ctrl Pts',(9.7355794912028,-105.424605477738,44.4195900638508));
#7716=CARTESIAN_POINT('Ctrl Pts',(9.52855267628141,-105.424605477746,44.6398514569374));
#7717=CARTESIAN_POINT('Ctrl Pts',(9.31380283929489,-105.424605477753,44.8530630552941));
#7718=CARTESIAN_POINT('Ctrl Pts',(9.09170587382161,-105.424605477759,45.0588048483407));
#7719=CARTESIAN_POINT('Ctrl Pts',(8.8721511515115,-105.424605477765,45.26219160846));
#7720=CARTESIAN_POINT('Ctrl Pts',(8.64541604897301,-105.424605477768,45.4582789009635));
#7721=CARTESIAN_POINT('Ctrl Pts',(8.4118401204462,-105.42460547777,45.6466158424741));
#7722=CARTESIAN_POINT('Ctrl Pts',(8.37698107374908,-105.424605477771,45.6747233888309));
#7723=CARTESIAN_POINT('Ctrl Pts',(8.34196962715696,-105.424605477771,45.7026582254046));
#7724=CARTESIAN_POINT('Ctrl Pts',(8.30680687387548,-105.424605477771,45.730418759324));
#7725=CARTESIAN_POINT('Ctrl Pts',(8.07014724446474,-105.424605477773,45.9172584421277));
#7726=CARTESIAN_POINT('Ctrl Pts',(7.82730459312366,-105.424605477761,46.0956782163569));
#7727=CARTESIAN_POINT('Ctrl Pts',(7.57869390167925,-105.424605477744,46.2653153751887));
#7728=CARTESIAN_POINT('Ctrl Pts',(7.3194950678636,-105.424605477726,46.442177253033));
#7729=CARTESIAN_POINT('Ctrl Pts',(7.05402609702311,-105.424605477701,46.6094932915381));
#7730=CARTESIAN_POINT('Ctrl Pts',(6.78272367686474,-105.424605477677,46.7668020886028));
#7731=CARTESIAN_POINT('Ctrl Pts',(6.52683453013166,-105.424605477654,46.9151738349035));
#7732=CARTESIAN_POINT('Ctrl Pts',(6.26575524668735,-105.424605477633,47.0546430271256));
#7733=CARTESIAN_POINT('Ctrl Pts',(5.99983115179743,-105.424605477618,47.1847748479768));
#7734=CARTESIAN_POINT('Ctrl Pts',(5.98381343147892,-105.424605477617,47.1926132317524));
#7735=CARTESIAN_POINT('Ctrl Pts',(5.96777812845218,-105.424605477617,47.2004177231171));
#7736=CARTESIAN_POINT('Ctrl Pts',(5.95172531636016,-105.424605477616,47.2081882212141));
#7737=CARTESIAN_POINT('Origin',(9.13485862305058E-15,-87.1120857769034,
35.8612653953169));
#7738=CARTESIAN_POINT('Ctrl Pts',(13.6033224094356,-92.1216417413912,35.8605711618759));
#7739=CARTESIAN_POINT('Ctrl Pts',(13.6044561354708,-92.1079882587184,35.0824111437644));
#7740=CARTESIAN_POINT('Ctrl Pts',(13.5393221897707,-92.0943347760456,34.3044371821282));
#7741=CARTESIAN_POINT('Ctrl Pts',(13.4065546470514,-92.0806812933729,33.5381861754052));
#7742=CARTESIAN_POINT('Ctrl Pts',(12.9592265389768,-92.0346791873796,30.9564888258323));
#7743=CARTESIAN_POINT('Ctrl Pts',(11.7441286276887,-91.9886770813864,28.507869283495));
#7744=CARTESIAN_POINT('Ctrl Pts',(9.95878453991735,-91.9426749753931,26.5901252659485));
#7745=CARTESIAN_POINT('Ctrl Pts',(8.17344045214602,-91.8966728693999,24.672381248402));
#7746=CARTESIAN_POINT('Ctrl Pts',(5.8178501878915,-91.8506707634066,23.2855127556463));
#7747=CARTESIAN_POINT('Ctrl Pts',(3.27472234953522,-91.8046686574133,22.6548996213233));
#7748=CARTESIAN_POINT('Ctrl Pts',(0.731594511178978,-91.7586665514201,22.0242864870003));
#7749=CARTESIAN_POINT('Ctrl Pts',(-1.99907090127901,-91.7126644454268,22.1499287111099));
#7750=CARTESIAN_POINT('Ctrl Pts',(-4.47355663626578,-91.6666623394336,23.0113988572833));
#7751=CARTESIAN_POINT('Ctrl Pts',(-6.94804237125259,-91.6206602334404,23.8728690034568));
#7752=CARTESIAN_POINT('Ctrl Pts',(-9.16634842876821,-91.5746581274471,25.4701670716941));
#7753=CARTESIAN_POINT('Ctrl Pts',(-10.7680407975515,-91.5286560214538,27.5437522252035));
#7754=CARTESIAN_POINT('Ctrl Pts',(-12.3697331663347,-91.4826539154606,29.6173373787129));
#7755=CARTESIAN_POINT('Ctrl Pts',(-13.3548118463856,-91.4366518094673,32.1672096174945));
#7756=CARTESIAN_POINT('Ctrl Pts',(-13.5632094249867,-91.3906497034741,34.7790656198605));
#7757=CARTESIAN_POINT('Ctrl Pts',(-13.7716070035878,-91.3446475974808,37.3909216222265));
#7758=CARTESIAN_POINT('Ctrl Pts',(-13.203323480739,-91.2986454914875,40.0647613881769));
#7759=CARTESIAN_POINT('Ctrl Pts',(-11.9507004813477,-91.2526433854943,42.36608280802));
#7760=CARTESIAN_POINT('Ctrl Pts',(-10.6980774819563,-91.206641279501,44.6674042278632));
#7761=CARTESIAN_POINT('Ctrl Pts',(-8.76111500602237,-91.1606391735078,46.596207301599));
#7762=CARTESIAN_POINT('Ctrl Pts',(-6.45454042015306,-91.1146370675145,47.8391708565074));
#7763=CARTESIAN_POINT('Ctrl Pts',(-4.14796583428374,-91.0686349615213,49.0821344114158));
#7764=CARTESIAN_POINT('Ctrl Pts',(-1.47177913847906,-91.022632855528,49.6392584474968));
#7765=CARTESIAN_POINT('Ctrl Pts',(1.13917207206891,-90.9766307495347,49.4198478069601));
#7766=CARTESIAN_POINT('Ctrl Pts',(3.75012328261688,-90.9306286435415,49.2004371664234));
#7767=CARTESIAN_POINT('Ctrl Pts',(6.29583900790818,-90.8846265375482,48.2044918492691));
#7768=CARTESIAN_POINT('Ctrl Pts',(8.36268094983622,-90.838624431555,46.5941857540728));
#7769=CARTESIAN_POINT('Ctrl Pts',(10.4295228917643,-90.7926223255617,44.9838796588764));
#7770=CARTESIAN_POINT('Ctrl Pts',(12.017491050329,-90.7466202195684,42.7592127856381));
#7771=CARTESIAN_POINT('Ctrl Pts',(12.8685528718171,-90.7006181135752,40.2809519997019));
#7772=CARTESIAN_POINT('Ctrl Pts',(13.3555869159027,-90.6742926561846,38.8627267399166));
#7773=CARTESIAN_POINT('Ctrl Pts',(13.6012924042557,-90.647967198794,37.361452319587));
#7774=CARTESIAN_POINT('Ctrl Pts',(13.6021703727835,-90.6216417414034,35.8606401740865));
#7775=CARTESIAN_POINT('Ctrl Pts',(9.22775691919922,-90.4246054776163,25.865196194741));
#7776=CARTESIAN_POINT('Ctrl Pts',(11.1539311908347,-90.4706075836096,27.6433219365719));
#7777=CARTESIAN_POINT('Ctrl Pts',(13.947925662129,-90.5626117955961,32.3389818164978));
#7778=CARTESIAN_POINT('Ctrl Pts',(13.605459208895,-90.7006181135758,40.5345459124001));
#7779=CARTESIAN_POINT('Ctrl Pts',(8.84155473320017,-90.8386244315557,47.2085465321159));
#7780=CARTESIAN_POINT('Ctrl Pts',(1.20440755732569,-90.9766307495353,50.1963824835789));
#7781=CARTESIAN_POINT('Ctrl Pts',(-6.82415253008893,-91.1146370675152,48.525010375336));
#7782=CARTESIAN_POINT('Ctrl Pts',(-12.6350399578913,-91.252643385495,42.7386011541279));
#7783=CARTESIAN_POINT('Ctrl Pts',(-14.3398905264377,-91.3906497034748,34.717081856276));
#7784=CARTESIAN_POINT('Ctrl Pts',(-11.3846544862848,-91.5286560214545,27.0674651399306));
#7785=CARTESIAN_POINT('Ctrl Pts',(-4.72973631373745,-91.6666623394343,22.2755709352184));
#7786=CARTESIAN_POINT('Ctrl Pts',(3.46225992363726,-91.804668657414,21.8986442628894));
#7787=CARTESIAN_POINT('Ctrl Pts',(10.5290307164015,-91.9426749753938,26.059249741157));
#7788=CARTESIAN_POINT('Ctrl Pts',(14.1743244502661,-92.0806812933735,33.4051083681693));
#7789=CARTESIAN_POINT('Ctrl Pts',(13.2129993648494,-92.2186876113533,41.5494338385953));
#7790=CARTESIAN_POINT('Ctrl Pts',(7.95851465003204,-92.3566939293331,47.8446824832855));
#7791=CARTESIAN_POINT('Ctrl Pts',(0.116289638379057,-92.4947002473128,50.2468215712436));
#7792=CARTESIAN_POINT('Ctrl Pts',(-7.46893206605,-92.6275952201823,48.0558186183579));
#7793=CARTESIAN_POINT('Ctrl Pts',(-12.5637634049733,-92.7553788479412,42.5126848151026));
#7794=CARTESIAN_POINT('Ctrl Pts',(-14.2133465554882,-92.8780511305901,35.4821791621231));
#7795=CARTESIAN_POINT('Ctrl Pts',(-12.188996333796,-93.0007234132386,28.5388753258039));
#7796=CARTESIAN_POINT('Ctrl Pts',(-7.5922663827319,-93.1097654422598,24.066822528623));
#7797=CARTESIAN_POINT('Ctrl Pts',(-0.911484441415468,-93.2324377249084,
21.6521383491514));
#7798=CARTESIAN_POINT('Ctrl Pts',(6.38160429601112,-93.355110007557,22.8880224318433));
#7799=CARTESIAN_POINT('Ctrl Pts',(12.1541963568972,-93.4914125438335,28.4925886756275));
#7800=CARTESIAN_POINT('Ctrl Pts',(14.2097815286445,-93.614084826482,35.4058248748694));
#7801=CARTESIAN_POINT('Ctrl Pts',(12.5972296841145,-93.7367571091308,42.4594111287555));
#7802=CARTESIAN_POINT('Ctrl Pts',(8.26771543433713,-93.8457991381519,47.1936217082862));
#7803=CARTESIAN_POINT('Ctrl Pts',(1.74398821196825,-93.9684714208005,49.9895813094727));
#7804=CARTESIAN_POINT('Ctrl Pts',(-6.85027525174121,-94.1115890838907,49.0621483435734));
#7805=CARTESIAN_POINT('Ctrl Pts',(-14.1346184064173,-94.2887823810498,40.9725219953548));
#7806=CARTESIAN_POINT('Ctrl Pts',(-13.6952865114485,-94.472790805023,29.68335212884));
#7807=CARTESIAN_POINT('Ctrl Pts',(-5.52677845899104,-94.6567992289958,21.885636649529));
#7808=CARTESIAN_POINT('Ctrl Pts',(5.78218198198365,-94.840807652969,21.9881830828211));
#7809=CARTESIAN_POINT('Ctrl Pts',(12.4567882940492,-94.9941480062798,28.6081558670922));
#7810=CARTESIAN_POINT('Ctrl Pts',(13.9362704737002,-95.1168202889285,35.5831083884473));
#7811=CARTESIAN_POINT('Ctrl Pts',(13.0288885283912,-95.2088245009149,40.8400215935701));
#7812=CARTESIAN_POINT('Ctrl Pts',(10.1969401813815,-95.3008287129015,45.3735180480987));
#7813=CARTESIAN_POINT('Ctrl Pts',(5.87514759021949,-95.392832924888,48.5091098867435));
#7814=CARTESIAN_POINT('Ctrl Pts',(0.689421541899758,-95.4848371368745,49.788907473769));
#7815=CARTESIAN_POINT('Ctrl Pts',(-5.18558119108113,-95.5870640390818,48.9448945241982));
#7816=CARTESIAN_POINT('Ctrl Pts',(-10.6800033008634,-95.6995136315097,45.2486170567757));
#7817=CARTESIAN_POINT('Ctrl Pts',(-13.9132278173958,-95.8221859141584,38.7844136988173));
#7818=CARTESIAN_POINT('Ctrl Pts',(-13.5831326993385,-95.9346355065863,32.1715038595268));
#7819=CARTESIAN_POINT('Ctrl Pts',(-10.7354095954666,-96.0368624087936,26.9625538851978));
#7820=CARTESIAN_POINT('Ctrl Pts',(-6.60470221241719,-96.1288666207801,23.5780067830229));
#7821=CARTESIAN_POINT('Ctrl Pts',(-1.50257266697909,-96.2208708327666,21.9981397034379));
#7822=CARTESIAN_POINT('Ctrl Pts',(4.41182723718833,-96.3230977349738,22.4963448473216));
#7823=CARTESIAN_POINT('Ctrl Pts',(10.112114141588,-96.4355473274018,25.8668597316353));
#7824=CARTESIAN_POINT('Ctrl Pts',(13.7194291318971,-96.5582196100504,32.1284537698809));
#7825=CARTESIAN_POINT('Ctrl Pts',(13.7810118132552,-96.6808918926992,39.3536915657007));
#7826=CARTESIAN_POINT('Ctrl Pts',(10.2864053183984,-96.8035641753478,45.6773143203761));
#7827=CARTESIAN_POINT('Ctrl Pts',(4.13195450848358,-96.9262364579966,49.4647891517618));
#7828=CARTESIAN_POINT('Ctrl Pts',(-3.08771717841111,-97.0489087406452,49.7394627144618));
#7829=CARTESIAN_POINT('Ctrl Pts',(-9.51069803225223,-97.171581023294,46.4293037630583));
#7830=CARTESIAN_POINT('Ctrl Pts',(-13.4771465233032,-97.2942533059426,40.3897886130553));
#7831=CARTESIAN_POINT('Ctrl Pts',(-13.9616816325315,-97.4169255885913,33.1806569891892));
#7832=CARTESIAN_POINT('Ctrl Pts',(-10.8430665327052,-97.53959787124,26.6632225301695));
#7833=CARTESIAN_POINT('Ctrl Pts',(-4.9199895010969,-97.6622701538886,22.5222037060614));
#7834=CARTESIAN_POINT('Ctrl Pts',(1.67110365151567,-97.7747197463166,21.8865098558742));
#7835=CARTESIAN_POINT('Ctrl Pts',(7.23904824795787,-97.8769466485238,23.9431937896164));
#7836=CARTESIAN_POINT('Ctrl Pts',(11.1897539715079,-97.9689508605102,27.5372537347369));
#7837=CARTESIAN_POINT('Ctrl Pts',(13.4958893502761,-98.0609550724969,32.3541784977339));
#7838=CARTESIAN_POINT('Ctrl Pts',(13.8658811533362,-98.1631819747041,38.2786987528392));
#7839=CARTESIAN_POINT('Ctrl Pts',(11.3620522515969,-98.275631567132,44.4088755306131));
#7840=CARTESIAN_POINT('Ctrl Pts',(5.69135222648008,-98.3983038497807,48.8900709946378));
#7841=CARTESIAN_POINT('Ctrl Pts',(-0.850962309440665,-98.5107534422086,
49.9097415901639));
#7842=CARTESIAN_POINT('Ctrl Pts',(-6.5301617415667,-98.6129803444159,48.1821811600452));
#7843=CARTESIAN_POINT('Ctrl Pts',(-10.6832062671405,-98.7049845564025,44.82542521926));
#7844=CARTESIAN_POINT('Ctrl Pts',(-13.2692341621154,-98.7969887683889,40.1511036890303));
#7845=CARTESIAN_POINT('Ctrl Pts',(-13.9086871215094,-98.8889929803755,34.8487206369032));
#7846=CARTESIAN_POINT('Ctrl Pts',(-12.50785644985,-98.9809971923619,29.6942840255839));
#7847=CARTESIAN_POINT('Ctrl Pts',(-9.27219335811649,-99.0730014043486,25.4447854775637));
#7848=CARTESIAN_POINT('Ctrl Pts',(-4.67636034132305,-99.1650056163349,22.723177054633));
#7849=CARTESIAN_POINT('Ctrl Pts',(0.605453049652055,-99.2570098283216,21.9289168928789));
#7850=CARTESIAN_POINT('Ctrl Pts',(5.79847925884497,-99.349014040308,23.1783833015177));
#7851=CARTESIAN_POINT('Ctrl Pts',(10.1408433804867,-99.4410182522945,26.2884179435277));
#7852=CARTESIAN_POINT('Ctrl Pts',(12.9957457042977,-99.533022464281,30.8025982804377));
#7853=CARTESIAN_POINT('Ctrl Pts',(13.9439761798835,-99.6250266762675,36.0591103175607));
#7854=CARTESIAN_POINT('Ctrl Pts',(12.8473061828829,-99.717030888254,41.2860631778468));
#7855=CARTESIAN_POINT('Ctrl Pts',(9.86478318543492,-99.8090351002406,45.7183569093603));
#7856=CARTESIAN_POINT('Ctrl Pts',(5.43775688413761,-99.9010393122271,48.7023241917258));
#7857=CARTESIAN_POINT('Ctrl Pts',(0.207604516046963,-99.9930435242136,49.8075288181591));
#7858=CARTESIAN_POINT('Ctrl Pts',(-5.04157385028583,-100.0850477362,48.856550575036));
#7859=CARTESIAN_POINT('Ctrl Pts',(-11.0856829870874,-100.207720018849,45.0746971061363));
#7860=CARTESIAN_POINT('Ctrl Pts',(-15.0153810248352,-100.36106037216,36.5333529987699));
#7861=CARTESIAN_POINT('Ctrl Pts',(-11.2300115266819,-100.545068796133,25.8782586633935));
#7862=CARTESIAN_POINT('Ctrl Pts',(-1.10693306222509,-100.729077220106,20.8726270312925));
#7863=CARTESIAN_POINT('Ctrl Pts',(9.64870886392864,-100.913085644079,24.3450736127063));
#7864=CARTESIAN_POINT('Ctrl Pts',(14.950577516821,-101.097094068052,34.3136247794405));
#7865=CARTESIAN_POINT('Ctrl Pts',(11.7943408963067,-101.281102492025,45.1763425197247));
#7866=CARTESIAN_POINT('Ctrl Pts',(3.61986174052023,-101.434442845336,49.8141478201589));
#7867=CARTESIAN_POINT('Ctrl Pts',(-3.49762465584125,-101.557115127984,49.3543525337248));
#7868=CARTESIAN_POINT('Ctrl Pts',(-8.31045777087432,-101.649119339971,47.0619861060662));
#7869=CARTESIAN_POINT('Ctrl Pts',(-11.9181235452867,-101.741123551957,43.1077611526158));
#7870=CARTESIAN_POINT('Ctrl Pts',(-13.5490799265346,-101.822905073723,38.662106176105));
#7871=CARTESIAN_POINT('Ctrl Pts',(-13.7908736995559,-101.935354666151,32.1899688379261));
#7872=CARTESIAN_POINT('Ctrl Pts',(-10.3149894714302,-102.0580269488,25.5402156962928));
#7873=CARTESIAN_POINT('Ctrl Pts',(-2.68418548854415,-102.20114461189,21.9046467898732));
#7874=CARTESIAN_POINT('Ctrl Pts',(4.51278481340472,-102.323816894539,22.3789296024659));
#7875=CARTESIAN_POINT('Ctrl Pts',(10.5598910992892,-102.446489177187,26.3409229305366));
#7876=CARTESIAN_POINT('Ctrl Pts',(13.8774751678973,-102.569161459836,32.7627624977748));
#7877=CARTESIAN_POINT('Ctrl Pts',(13.6313916220274,-102.678203488857,39.1757026144734));
#7878=CARTESIAN_POINT('Ctrl Pts',(10.4548878551341,-102.800875771506,45.5219195547264));
#7879=CARTESIAN_POINT('Ctrl Pts',(3.29416188397662,-102.943993434596,50.365631560954));
#7880=CARTESIAN_POINT('Ctrl Pts',(-7.49113736429048,-103.121186731755,48.8891413256855));
#7881=CARTESIAN_POINT('Ctrl Pts',(-14.4475194914801,-103.305195155728,39.9925644679296));
#7882=CARTESIAN_POINT('Ctrl Pts',(-13.2423994200242,-103.489203579701,28.7505558856166));
#7883=CARTESIAN_POINT('Ctrl Pts',(-5.27339909912191,-103.657877968343,22.1532852524402));
#7884=CARTESIAN_POINT('Ctrl Pts',(3.84687289153198,-103.811218321654,22.0051560764972));
#7885=CARTESIAN_POINT('Ctrl Pts',(10.7925643905648,-103.949224639634,26.3486400799101));
#7886=CARTESIAN_POINT('Ctrl Pts',(14.2369884223366,-104.087230957613,33.7964528215678));
#7887=CARTESIAN_POINT('Ctrl Pts',(13.0518142905264,-104.225237275593,41.9088609679233));
#7888=CARTESIAN_POINT('Ctrl Pts',(7.6266166074163,-104.363243593573,48.0591318327634));
#7889=CARTESIAN_POINT('Ctrl Pts',(-0.277744647060647,-104.501249911553,
50.2438607612845));
#7890=CARTESIAN_POINT('Ctrl Pts',(-8.09149300683549,-104.639256229532,47.7554172075566));
#7891=CARTESIAN_POINT('Ctrl Pts',(-13.2758961349967,-104.777262547512,41.4012976113417));
#7892=CARTESIAN_POINT('Ctrl Pts',(-14.1459180587538,-104.915268865492,33.2470448458189));
#7893=CARTESIAN_POINT('Ctrl Pts',(-10.4189208646177,-105.053275183472,25.9421709288242));
#7894=CARTESIAN_POINT('Ctrl Pts',(-3.30608233702383,-105.191281501452,21.8609394457232));
#7895=CARTESIAN_POINT('Ctrl Pts',(4.88122615462405,-105.329287819431,22.329086084362));
#7896=CARTESIAN_POINT('Ctrl Pts',(11.4820845901502,-105.467294137411,27.1954934300488));
#7897=CARTESIAN_POINT('Ctrl Pts',(14.3519574788558,-105.605300455391,34.8766951215998));
#7898=CARTESIAN_POINT('Ctrl Pts',(12.5570578701246,-105.743306773371,42.8806257720929));
#7899=CARTESIAN_POINT('Ctrl Pts',(8.64078337264392,-105.835310985357,46.6909301365748));
#7900=CARTESIAN_POINT('Ctrl Pts',(6.31933969118752,-105.88131309135,47.9086237401954));
#7901=CARTESIAN_POINT('Ctrl Pts',(9.04894425849702,-90.2723695691984,26.0589842901523));
#7902=CARTESIAN_POINT('Ctrl Pts',(10.9377768873374,-90.3183716751917,27.8026540535797));
#7903=CARTESIAN_POINT('Ctrl Pts',(13.6775965670968,-90.4103758871782,32.4073128865855));
#7904=CARTESIAN_POINT('Ctrl Pts',(13.341732260162,-90.5483822051579,40.4440256991413));
#7905=CARTESIAN_POINT('Ctrl Pts',(8.67013468454827,-90.6863885231378,46.9886473555426));
#7906=CARTESIAN_POINT('Ctrl Pts',(1.18100082744942,-90.8243948411175,49.9185385942427));
#7907=CARTESIAN_POINT('Ctrl Pts',(-6.6919391314586,-90.9624011590972,48.2795267552378));
#7908=CARTESIAN_POINT('Ctrl Pts',(-12.3901723593044,-91.1004074770771,42.6052467989054));
#7909=CARTESIAN_POINT('Ctrl Pts',(-14.0619438918363,-91.2384137950567,34.739196463787));
#7910=CARTESIAN_POINT('Ctrl Pts',(-11.1639541491933,-91.3764201130366,27.2378606289824));
#7911=CARTESIAN_POINT('Ctrl Pts',(-4.63800347521061,-91.5144264310163,22.5388738596935));
#7912=CARTESIAN_POINT('Ctrl Pts',(3.39521376422749,-91.6524327489961,22.1692885986624));
#7913=CARTESIAN_POINT('Ctrl Pts',(10.3249953872233,-91.7904390669759,26.2492822760355));
#7914=CARTESIAN_POINT('Ctrl Pts',(13.8996025593787,-91.9284453849556,33.4527763208551));
#7915=CARTESIAN_POINT('Ctrl Pts',(12.956874815938,-92.0664517029354,41.4392409417163));
#7916=CARTESIAN_POINT('Ctrl Pts',(7.8042072778665,-92.2044580209151,47.6124496139217));
#7917=CARTESIAN_POINT('Ctrl Pts',(0.113973037785037,-92.342464338895,49.967995313682));
#7918=CARTESIAN_POINT('Ctrl Pts',(-7.32421924280567,-92.4753593117642,47.8194262587597));
#7919=CARTESIAN_POINT('Ctrl Pts',(-12.3202763342721,-92.6031429395235,42.383709573563));
#7920=CARTESIAN_POINT('Ctrl Pts',(-13.9378559790704,-92.725815222172,35.4894648899575));
#7921=CARTESIAN_POINT('Ctrl Pts',(-11.9527123180155,-92.8484875048207,28.6807478361427));
#7922=CARTESIAN_POINT('Ctrl Pts',(-7.44505860779074,-92.9575295338419,24.2953942162528));
#7923=CARTESIAN_POINT('Ctrl Pts',(-0.893755816303234,-93.0802018164903,
21.9275415230549));
#7924=CARTESIAN_POINT('Ctrl Pts',(6.25796989659446,-93.2028740991393,23.1395029424588));
#7925=CARTESIAN_POINT('Ctrl Pts',(11.9186508056947,-93.3391766354154,28.6354643100018));
#7926=CARTESIAN_POINT('Ctrl Pts',(13.9343636840402,-93.4618489180642,35.4147142721025));
#7927=CARTESIAN_POINT('Ctrl Pts',(12.3530362747825,-93.5845212007128,42.3315779971713));
#7928=CARTESIAN_POINT('Ctrl Pts',(8.10741783982997,-93.6935632297339,46.9740093126926));
#7929=CARTESIAN_POINT('Ctrl Pts',(1.71012400834879,-93.8162355123826,49.7157480744634));
#7930=CARTESIAN_POINT('Ctrl Pts',(-6.71755787020479,-93.9593531754727,48.8062535808032));
#7931=CARTESIAN_POINT('Ctrl Pts',(-13.8606776732752,-94.1365464726319,40.8733919840866));
#7932=CARTESIAN_POINT('Ctrl Pts',(-13.4298119427101,-94.3205548966049,29.8030353615961));
#7933=CARTESIAN_POINT('Ctrl Pts',(-5.41959532434773,-94.5045633205781,22.1564939707354));
#7934=CARTESIAN_POINT('Ctrl Pts',(5.67016974965229,-94.6885717445509,22.2571020400924));
#7935=CARTESIAN_POINT('Ctrl Pts',(12.2153772784935,-94.8419120978619,28.7487928479554));
#7936=CARTESIAN_POINT('Ctrl Pts',(13.6661531609962,-94.9645843805105,35.5885604129873));
#7937=CARTESIAN_POINT('Ctrl Pts',(12.7763355798078,-95.056588592497,40.7435780149462));
#7938=CARTESIAN_POINT('Ctrl Pts',(9.99925748346208,-95.1485928044835,45.1891920486485));
#7939=CARTESIAN_POINT('Ctrl Pts',(5.76121800235085,-95.24059701647,48.2639897424222));
#7940=CARTESIAN_POINT('Ctrl Pts',(0.675998256616028,-95.3326012284566,49.5189591906146));
#7941=CARTESIAN_POINT('Ctrl Pts',(-5.08512908368638,-95.4348281306638,48.6912796703316));
#7942=CARTESIAN_POINT('Ctrl Pts',(-10.4730399538431,-95.5472777230918,45.0666210526544));
#7943=CARTESIAN_POINT('Ctrl Pts',(-13.6435686418029,-95.6699500057404,38.7276954659185));
#7944=CARTESIAN_POINT('Ctrl Pts',(-13.31984277393,-95.7823995981684,32.2429612007887));
#7945=CARTESIAN_POINT('Ctrl Pts',(-10.5272927330518,-95.8846265003756,27.134985633784));
#7946=CARTESIAN_POINT('Ctrl Pts',(-6.47663368412932,-95.9766307123622,23.8160571978576));
#7947=CARTESIAN_POINT('Ctrl Pts',(-1.47338883318433,-96.0686349243486,22.2668339634393));
#7948=CARTESIAN_POINT('Ctrl Pts',(4.32637357165384,-96.170861826556,22.7554084386034));
#7949=CARTESIAN_POINT('Ctrl Pts',(9.91616049846647,-96.2833114189838,26.0606194336741));
#7950=CARTESIAN_POINT('Ctrl Pts',(13.4535297668766,-96.4059837016326,32.2008643865227));
#7951=CARTESIAN_POINT('Ctrl Pts',(13.5138873727306,-96.5286559842812,39.2860599210487));
#7952=CARTESIAN_POINT('Ctrl Pts',(10.0869872477577,-96.6513282669299,45.4871004061406));
#7953=CARTESIAN_POINT('Ctrl Pts',(4.05180804508569,-96.7740005495786,49.2011380501248));
#7954=CARTESIAN_POINT('Ctrl Pts',(-3.02793019295394,-96.8966728322273,49.4704563462936));
#7955=CARTESIAN_POINT('Ctrl Pts',(-9.32640378064486,-97.0193451148759,46.2244282943179));
#7956=CARTESIAN_POINT('Ctrl Pts',(-13.2159466435963,-97.1420173975247,40.30195624201));
#7957=CARTESIAN_POINT('Ctrl Pts',(-13.6910589094662,-97.2646896801733,33.2325528616684));
#7958=CARTESIAN_POINT('Ctrl Pts',(-10.6328617160855,-97.387361962822,26.841455573406));
#7959=CARTESIAN_POINT('Ctrl Pts',(-4.82457017081685,-97.5100342454706,22.7807254645778));
#7960=CARTESIAN_POINT('Ctrl Pts',(1.63877447219099,-97.6224838378987,22.1573815879363));
#7961=CARTESIAN_POINT('Ctrl Pts',(7.09878992368551,-97.7247107401059,24.1742262680558));
#7962=CARTESIAN_POINT('Ctrl Pts',(10.9729057981415,-97.8167149520924,27.6986418650246));
#7963=CARTESIAN_POINT('Ctrl Pts',(13.2343217425788,-97.9087191640789,32.422213051672));
#7964=CARTESIAN_POINT('Ctrl Pts',(13.5971164202461,-98.0109460662862,38.2319034303171));
#7965=CARTESIAN_POINT('Ctrl Pts',(11.1417910720929,-98.1233956587141,44.2432517013067));
#7966=CARTESIAN_POINT('Ctrl Pts',(5.58098337739432,-98.2460679413628,48.6375661053069));
#7967=CARTESIAN_POINT('Ctrl Pts',(-0.834529767695206,-98.3585175337907,
49.63744454451));
#7968=CARTESIAN_POINT('Ctrl Pts',(-6.40364510076934,-98.460744435998,47.9433436766155));
#7969=CARTESIAN_POINT('Ctrl Pts',(-10.4761789964794,-98.5527486479845,44.6516316793384));
#7970=CARTESIAN_POINT('Ctrl Pts',(-13.0120630861531,-98.644752859971,40.0678985124714));
#7971=CARTESIAN_POINT('Ctrl Pts',(-13.6390988216608,-98.7367570719575,34.8682856446818));
#7972=CARTESIAN_POINT('Ctrl Pts',(-12.2653971863081,-98.828761283944,29.8137605412637));
#7973=CARTESIAN_POINT('Ctrl Pts',(-9.09243054678063,-98.9207654959305,25.6466416074563));
#7974=CARTESIAN_POINT('Ctrl Pts',(-4.58566400647541,-99.012769707917,22.9778045256576));
#7975=CARTESIAN_POINT('Ctrl Pts',(0.593778563741433,-99.1047739199036,22.1989620350807));
#7976=CARTESIAN_POINT('Ctrl Pts',(5.68614596454062,-99.1967781318901,23.4242333797835));
#7977=CARTESIAN_POINT('Ctrl Pts',(9.94433106016356,-99.2887823438766,26.4740069561344));
#7978=CARTESIAN_POINT('Ctrl Pts',(12.7438788411292,-99.380786555863,30.9007040226562));
#7979=CARTESIAN_POINT('Ctrl Pts',(13.6737074397655,-99.4727907678496,36.0553363105672));
#7980=CARTESIAN_POINT('Ctrl Pts',(12.5982707961357,-99.5647949798361,41.1809734473552));
#7981=CARTESIAN_POINT('Ctrl Pts',(9.67353698972595,-99.6567991918226,45.5273456552966));
#7982=CARTESIAN_POINT('Ctrl Pts',(5.33230414158756,-99.7488034038091,48.4534571841558));
#7983=CARTESIAN_POINT('Ctrl Pts',(0.203519925388514,-99.8408076157957,49.537217510863));
#7984=CARTESIAN_POINT('Ctrl Pts',(-4.94391256781885,-99.9328118277822,48.604648666897));
#7985=CARTESIAN_POINT('Ctrl Pts',(-10.870855832316,-100.055484110431,44.8960703237844));
#7986=CARTESIAN_POINT('Ctrl Pts',(-14.7243496627857,-100.208824463742,36.5202609516269));
#7987=CARTESIAN_POINT('Ctrl Pts',(-11.012303365874,-100.392832887715,26.0717045144477));
#7988=CARTESIAN_POINT('Ctrl Pts',(-1.08541277798167,-100.576841311688,21.1631381631129));
#7989=CARTESIAN_POINT('Ctrl Pts',(9.46174375742211,-100.760849735661,24.5683271814758));
#7990=CARTESIAN_POINT('Ctrl Pts',(14.6608060146285,-100.944858159634,34.3436868730239));
#7991=CARTESIAN_POINT('Ctrl Pts',(11.5656975794564,-101.128866583607,44.9958452115698));
#7992=CARTESIAN_POINT('Ctrl Pts',(3.54963934870283,-101.282206936918,49.5437230759024));
#7993=CARTESIAN_POINT('Ctrl Pts',(-3.42989099854263,-101.404879219566,49.0928087448806));
#7994=CARTESIAN_POINT('Ctrl Pts',(-8.14942982382957,-101.496883431553,46.844852953251));
#7995=CARTESIAN_POINT('Ctrl Pts',(-11.6871531224361,-101.588887643539,42.9672547076041));
#7996=CARTESIAN_POINT('Ctrl Pts',(-13.2864782826934,-101.670669165305,38.607760143186));
#7997=CARTESIAN_POINT('Ctrl Pts',(-13.5235573330162,-101.783118757733,32.2610673790284));
#7998=CARTESIAN_POINT('Ctrl Pts',(-10.1150151725841,-101.905791040382,25.7402176186757));
#7999=CARTESIAN_POINT('Ctrl Pts',(-2.63209874224388,-102.048908703472,22.1751480238629));
#8000=CARTESIAN_POINT('Ctrl Pts',(4.42537485778543,-102.171580986121,22.6402694237521));
#8001=CARTESIAN_POINT('Ctrl Pts',(10.3552563952495,-102.294253268769,26.5254960942318));
#8002=CARTESIAN_POINT('Ctrl Pts',(13.6085097282767,-102.416925551418,32.822879369821));
#8003=CARTESIAN_POINT('Ctrl Pts',(13.3671679563845,-102.525967580439,39.1115201735563));
#8004=CARTESIAN_POINT('Ctrl Pts',(10.2522048632613,-102.648639863088,45.3347182991573));
#8005=CARTESIAN_POINT('Ctrl Pts',(3.23024993979574,-102.791757526178,50.0845163140593));
#8006=CARTESIAN_POINT('Ctrl Pts',(-7.34599777662509,-102.968950823337,48.6365970661357));
#8007=CARTESIAN_POINT('Ctrl Pts',(-14.1675097146756,-103.15295924731,39.9124270340941));
#8008=CARTESIAN_POINT('Ctrl Pts',(-12.9856988341611,-103.336967671283,28.8883209302908));
#8009=CARTESIAN_POINT('Ctrl Pts',(-5.17112823262973,-103.505642059925,22.4189560014383));
#8010=CARTESIAN_POINT('Ctrl Pts',(3.77237154176845,-103.658982413236,22.2737376309206));
#8011=CARTESIAN_POINT('Ctrl Pts',(10.5834198835199,-103.796988731216,26.5330646795519));
#8012=CARTESIAN_POINT('Ctrl Pts',(13.9610502488783,-103.934995049195,33.836535847981));
#8013=CARTESIAN_POINT('Ctrl Pts',(12.7988123322328,-104.073001367175,41.7917008049444));
#8014=CARTESIAN_POINT('Ctrl Pts',(7.4787412859677,-104.211007685155,47.8227409730412));
#8015=CARTESIAN_POINT('Ctrl Pts',(-0.272423900267134,-104.349014003135,
49.9650901759408));
#8016=CARTESIAN_POINT('Ctrl Pts',(-7.93471214367976,-104.487020321115,47.5248446413043));
#8017=CARTESIAN_POINT('Ctrl Pts',(-13.0186013766142,-104.625026639094,41.2938606332149));
#8018=CARTESIAN_POINT('Ctrl Pts',(-13.8717246785116,-104.763032957074,33.2976531594636));
#8019=CARTESIAN_POINT('Ctrl Pts',(-10.2169338746694,-104.901039275054,26.1343815371851));
#8020=CARTESIAN_POINT('Ctrl Pts',(-3.24194154007146,-105.039045593034,22.1322851260085));
#8021=CARTESIAN_POINT('Ctrl Pts',(4.78667513447281,-105.177051911013,22.5913935972287));
#8022=CARTESIAN_POINT('Ctrl Pts',(11.2595718323631,-105.315058228993,27.3635069716874));
#8023=CARTESIAN_POINT('Ctrl Pts',(14.0737862251219,-105.453064546973,34.8958409482291));
#8024=CARTESIAN_POINT('Ctrl Pts',(12.3136412535377,-105.591070864953,42.7446283101455));
#8025=CARTESIAN_POINT('Ctrl Pts',(8.47325701059655,-105.683075076939,46.4810627399681));
#8026=CARTESIAN_POINT('Ctrl Pts',(6.19680320363215,-105.729077182932,47.6751443989934));
#8027=CARTESIAN_POINT('Ctrl Pts',(8.87013285132815,-90.1201336948515,26.2527735692567));
#8028=CARTESIAN_POINT('Ctrl Pts',(10.7216236094659,-90.1661358008448,27.9619875956382));
#8029=CARTESIAN_POINT('Ctrl Pts',(13.4072678983282,-90.2581400128312,32.4756457293083));
#8030=CARTESIAN_POINT('Ctrl Pts',(13.0780046998005,-90.3961463308111,40.3535072032501));
#8031=CARTESIAN_POINT('Ctrl Pts',(8.49871318526878,-90.5341526487908,46.7687492831585));
#8032=CARTESIAN_POINT('Ctrl Pts',(1.15759227929694,-90.6721589667706,49.6406948369967));
#8033=CARTESIAN_POINT('Ctrl Pts',(-6.55972732783133,-90.8101652847503,48.0340422522486));
#8034=CARTESIAN_POINT('Ctrl Pts',(-12.1453056141299,-90.9481716027302,42.471890832705));
#8035=CARTESIAN_POINT('Ctrl Pts',(-13.7839970917138,-91.0861779207098,34.7613092557675));
#8036=CARTESIAN_POINT('Ctrl Pts',(-10.9432526814396,-91.2241842386897,27.4082546879451));
#8037=CARTESIAN_POINT('Ctrl Pts',(-4.54626890831559,-91.3621905566695,22.8021762042609));
#8038=CARTESIAN_POINT('Ctrl Pts',(3.32816936922329,-91.5001968746492,22.4399333931677));
#8039=CARTESIAN_POINT('Ctrl Pts',(10.1209612850946,-91.638203192629,26.4393161592001));
#8040=CARTESIAN_POINT('Ctrl Pts',(13.6248809594472,-91.7762095106087,33.500446073247));
#8041=CARTESIAN_POINT('Ctrl Pts',(12.7007495272944,-91.9142158285885,41.3290497110616));
#8042=CARTESIAN_POINT('Ctrl Pts',(7.6498983757587,-92.0522221465683,47.3802177359164));
#8043=CARTESIAN_POINT('Ctrl Pts',(0.111654614054821,-92.190228464548,49.6891690502583));
#8044=CARTESIAN_POINT('Ctrl Pts',(-7.17950795414972,-92.3231234374175,47.5830329352319));
#8045=CARTESIAN_POINT('Ctrl Pts',(-12.076790088501,-92.4509070651765,42.2547327303787));
#8046=CARTESIAN_POINT('Ctrl Pts',(-13.6623653341809,-92.5735793478252,35.4967488172602));
#8047=CARTESIAN_POINT('Ctrl Pts',(-11.7164273569402,-92.6962516304738,28.8226188122692));
#8048=CARTESIAN_POINT('Ctrl Pts',(-7.29784932733406,-92.8052936594949,24.523964958796));
#8049=CARTESIAN_POINT('Ctrl Pts',(-0.876025389285634,-92.9279659421436,
22.2029446016856));
#8050=CARTESIAN_POINT('Ctrl Pts',(6.13433713201878,-93.0506382247923,23.390984280344));
#8051=CARTESIAN_POINT('Ctrl Pts',(11.6831061708613,-93.1869407610686,28.778341495134));
#8052=CARTESIAN_POINT('Ctrl Pts',(13.6589458768036,-93.3096130437172,35.4236054706412));
#8053=CARTESIAN_POINT('Ctrl Pts',(12.1088420112537,-93.4322853263659,42.2037464525112));
#8054=CARTESIAN_POINT('Ctrl Pts',(7.94711879743736,-93.541327355387,46.7543979484983));
#8055=CARTESIAN_POINT('Ctrl Pts',(1.6762580118587,-93.6639996380357,49.4419150403057));
#8056=CARTESIAN_POINT('Ctrl Pts',(-6.58484215168906,-93.8071173011257,48.5503579310867));
#8057=CARTESIAN_POINT('Ctrl Pts',(-13.586737567609,-93.9843105982852,40.7742601743287));
#8058=CARTESIAN_POINT('Ctrl Pts',(-13.16433657148,-94.1683190222579,29.9227168677165));
#8059=CARTESIAN_POINT('Ctrl Pts',(-5.31241041080179,-94.3523274462311,22.4273506115933));
#8060=CARTESIAN_POINT('Ctrl Pts',(5.55815926709918,-94.5363358702041,22.5260217499373));
#8061=CARTESIAN_POINT('Ctrl Pts',(11.9739671641445,-94.689676223515,28.8894314177741));
#8062=CARTESIAN_POINT('Ctrl Pts',(13.3960358635971,-94.8123485061637,35.594014203947));
#8063=CARTESIAN_POINT('Ctrl Pts',(12.5237819816494,-94.9043527181501,40.6471360802346));
#8064=CARTESIAN_POINT('Ctrl Pts',(9.80157356554444,-94.9963569301367,45.0048673277466));
#8065=CARTESIAN_POINT('Ctrl Pts',(5.64728680331072,-95.0883611421231,48.0188703245052));
#8066=CARTESIAN_POINT('Ctrl Pts',(0.662573205431245,-95.1803653541098,49.2490109748748));
#8067=CARTESIAN_POINT('Ctrl Pts',(-4.98467862688614,-95.2825922563169,48.4376641406545));
#8068=CARTESIAN_POINT('Ctrl Pts',(-10.2660777810316,-95.3950418487449,44.884623681678));
#8069=CARTESIAN_POINT('Ctrl Pts',(-13.3739098167303,-95.5177141313935,38.6709754657182));
#8070=CARTESIAN_POINT('Ctrl Pts',(-13.0565523615376,-95.6301637238215,32.3144168260719));
#8071=CARTESIAN_POINT('Ctrl Pts',(-10.3191747275905,-95.7323906260288,27.3074160347048));
#8072=CARTESIAN_POINT('Ctrl Pts',(-6.34856358984323,-95.8243948380152,24.0541067933174));
#8073=CARTESIAN_POINT('Ctrl Pts',(-1.44420324048208,-95.9163990500018,22.5355280528897));
#8074=CARTESIAN_POINT('Ctrl Pts',(4.24092159343265,-96.0186259522089,23.0144726080472));
#8075=CARTESIAN_POINT('Ctrl Pts',(9.72020810733092,-96.131075544637,26.2543804315044));
#8076=CARTESIAN_POINT('Ctrl Pts',(13.1876308553163,-96.2537478272857,32.2732767469967));
#8077=CARTESIAN_POINT('Ctrl Pts',(13.2467624698247,-96.3764201099343,39.2184300177607));
#8078=CARTESIAN_POINT('Ctrl Pts',(9.88756791857787,-96.499092392583,45.2968877813806));
#8079=CARTESIAN_POINT('Ctrl Pts',(3.9716598518728,-96.6217646752317,48.9374874526065));
#8080=CARTESIAN_POINT('Ctrl Pts',(-2.96814496171832,-96.7444369578804,49.2014495669867));
#8081=CARTESIAN_POINT('Ctrl Pts',(-9.14211085462811,-96.867109240529,46.0195516052253));
#8082=CARTESIAN_POINT('Ctrl Pts',(-12.9547473184482,-96.9897815231778,40.214122156664));
#8083=CARTESIAN_POINT('Ctrl Pts',(-13.4204358266827,-97.1124538058264,33.2844469687083));
#8084=CARTESIAN_POINT('Ctrl Pts',(-10.4226557183905,-97.2351260884752,27.0196872558104));
#8085=CARTESIAN_POINT('Ctrl Pts',(-4.72914914311989,-97.3577983711237,23.0392466186677));
#8086=CARTESIAN_POINT('Ctrl Pts',(1.60644706134316,-97.4702479635518,22.4282535518068));
#8087=CARTESIAN_POINT('Ctrl Pts',(6.95853309933658,-97.5724748657589,24.4052596808942));
#8088=CARTESIAN_POINT('Ctrl Pts',(10.7560586635732,-97.6644790777455,27.8600314252132));
#8089=CARTESIAN_POINT('Ctrl Pts',(12.972754559999,-97.7564832897321,32.4902493208472));
#8090=CARTESIAN_POINT('Ctrl Pts',(13.3283513609445,-97.8587101919393,38.1851098614371));
#8091=CARTESIAN_POINT('Ctrl Pts',(10.9215287931543,-97.9711597843672,44.077629299554));
#8092=CARTESIAN_POINT('Ctrl Pts',(5.47061286913932,-98.0938320670159,48.3850619185947));
#8093=CARTESIAN_POINT('Ctrl Pts',(-0.818099004962163,-98.2062816594439,
49.3651473708705));
#8094=CARTESIAN_POINT('Ctrl Pts',(-6.2771300119493,-98.3085085616511,47.7045053480417));
#8095=CARTESIAN_POINT('Ctrl Pts',(-10.2691528464716,-98.4005127736376,44.4778367727892));
#8096=CARTESIAN_POINT('Ctrl Pts',(-12.7548925348082,-98.4925169856241,39.9846916482775));
#8097=CARTESIAN_POINT('Ctrl Pts',(-13.3695103735879,-98.5845211976106,34.8878488913819));
#8098=CARTESIAN_POINT('Ctrl Pts',(-12.0229371233711,-98.6765254095971,29.9332354807608));
#8099=CARTESIAN_POINT('Ctrl Pts',(-8.91266640217964,-98.7685296215837,25.8484965772771));
#8100=CARTESIAN_POINT('Ctrl Pts',(-4.49496600005674,-98.8605338335701,23.2324314228973));
#8101=CARTESIAN_POINT('Ctrl Pts',(0.582105842489705,-98.9525380455567,22.4690072739529));
#8102=CARTESIAN_POINT('Ctrl Pts',(5.57381426912633,-99.0445422575431,23.6700842109983));
#8103=CARTESIAN_POINT('Ctrl Pts',(9.74781993840588,-99.1365464695297,26.6595972675075));
#8104=CARTESIAN_POINT('Ctrl Pts',(12.4920126003959,-99.2285506815162,30.9988114189553));
#8105=CARTESIAN_POINT('Ctrl Pts',(13.4034386546128,-99.3205548935028,36.0515640702898));
#8106=CARTESIAN_POINT('Ctrl Pts',(12.3492347035578,-99.4125591054891,41.0758853371243));
#8107=CARTESIAN_POINT('Ctrl Pts',(9.48228953078953,-99.5045633174759,45.3363356372001));
#8108=CARTESIAN_POINT('Ctrl Pts',(5.22684976401725,-99.5965675294621,48.2045908472791));
#8109=CARTESIAN_POINT('Ctrl Pts',(0.199433567141533,-99.6885717414488,49.2669062099129));
#8110=CARTESIAN_POINT('Ctrl Pts',(-4.84625292491165,-99.7805759534352,48.3527461012705));
#8111=CARTESIAN_POINT('Ctrl Pts',(-10.6560298292662,-99.9032482360841,44.7174421235145));
#8112=CARTESIAN_POINT('Ctrl Pts',(-14.4333183643919,-100.056588589395,36.5071670007165));
#8113=CARTESIAN_POINT('Ctrl Pts',(-10.7945939238939,-100.240597013368,26.2651489567611));
#8114=CARTESIAN_POINT('Ctrl Pts',(-1.06389059280666,-100.424605437341,21.4536491760383));
#8115=CARTESIAN_POINT('Ctrl Pts',(9.27478009643682,-100.608613861314,24.7915819895175));
#8116=CARTESIAN_POINT('Ctrl Pts',(14.3710346871993,-100.792622285287,34.3737508632964));
#8117=CARTESIAN_POINT('Ctrl Pts',(11.3370530652749,-100.97663070926,44.8153493847518));
#8118=CARTESIAN_POINT('Ctrl Pts',(3.47941518358266,-101.129971062571,49.2732987702818));
#8119=CARTESIAN_POINT('Ctrl Pts',(-3.36215904610875,-101.252643345219,48.8312644935078));
#8120=CARTESIAN_POINT('Ctrl Pts',(-7.98840328424297,-101.344647557206,46.62771873128));
#8121=CARTESIAN_POINT('Ctrl Pts',(-11.4561836008321,-101.436651769192,42.8267467419392));
#8122=CARTESIAN_POINT('Ctrl Pts',(-13.0238769743108,-101.518433290958,38.5534123892978));
#8123=CARTESIAN_POINT('Ctrl Pts',(-13.2562404815803,-101.630882883386,32.3321641777659));
#8124=CARTESIAN_POINT('Ctrl Pts',(-9.91503955106514,-101.753555166035,25.9402182487064));
#8125=CARTESIAN_POINT('Ctrl Pts',(-2.58001022350499,-101.896672829125,22.4456489376875));
#8126=CARTESIAN_POINT('Ctrl Pts',(4.33796660421516,-102.019345111774,22.9016098362164));
#8127=CARTESIAN_POINT('Ctrl Pts',(10.1506228825008,-102.142017394422,26.7100706096997));
#8128=CARTESIAN_POINT('Ctrl Pts',(13.3395446614286,-102.264689677071,32.8829980049236));
#8129=CARTESIAN_POINT('Ctrl Pts',(13.1029438511711,-102.373731706092,39.0473394552258));
#8130=CARTESIAN_POINT('Ctrl Pts',(10.0495206322489,-102.496403988741,45.1475183546827));
#8131=CARTESIAN_POINT('Ctrl Pts',(3.16633615290827,-102.639521651831,49.8034014638626));
#8132=CARTESIAN_POINT('Ctrl Pts',(-7.20085982915773,-102.81671494899,48.3840518386322));
#8133=CARTESIAN_POINT('Ctrl Pts',(-13.8875004407019,-103.000723372963,39.8322877635479));
#8134=CARTESIAN_POINT('Ctrl Pts',(-12.7289973282684,-103.184731796936,29.0260843070335));
#8135=CARTESIAN_POINT('Ctrl Pts',(-5.0688556214834,-103.353406185578,22.6846261018443));
#8136=CARTESIAN_POINT('Ctrl Pts',(3.69787194235944,-103.506746538889,22.5423196926526));
#8137=CARTESIAN_POINT('Ctrl Pts',(10.3742765664773,-103.644752856869,26.7174906604656));
#8138=CARTESIAN_POINT('Ctrl Pts',(13.6851123166924,-103.782759174848,33.8766206814783));
#8139=CARTESIAN_POINT('Ctrl Pts',(12.5458095888939,-103.920765492828,41.6745422872514));
#8140=CARTESIAN_POINT('Ctrl Pts',(7.33086440787026,-104.058771810808,47.5863510623101));
#8141=CARTESIAN_POINT('Ctrl Pts',(-0.267104975657605,-104.196778128788,
49.6863195348095));
#8142=CARTESIAN_POINT('Ctrl Pts',(-7.77793277618203,-104.334784446768,47.2942710326588));
#8143=CARTESIAN_POINT('Ctrl Pts',(-12.7613073012655,-104.472790764747,41.1864219648166));
#8144=CARTESIAN_POINT('Ctrl Pts',(-13.5975309467382,-104.610797082727,33.3482596842632));
#8145=CARTESIAN_POINT('Ctrl Pts',(-10.0149456128459,-104.748803400707,26.3265908394443));
#8146=CARTESIAN_POINT('Ctrl Pts',(-3.17779896424128,-104.886809718687,22.4036304073936));
#8147=CARTESIAN_POINT('Ctrl Pts',(4.69212582213945,-105.024816036666,22.8537017480106));
#8148=CARTESIAN_POINT('Ctrl Pts',(11.0370601562947,-105.162822354646,27.531521980786));
#8149=CARTESIAN_POINT('Ctrl Pts',(13.7956150755674,-105.300828672626,34.9149885949093));
#8150=CARTESIAN_POINT('Ctrl Pts',(12.0702237295536,-105.438834990606,42.6086324295185));
#8151=CARTESIAN_POINT('Ctrl Pts',(8.30572926367829,-105.530839202592,46.2711964226185));
#8152=CARTESIAN_POINT('Ctrl Pts',(6.07426518033575,-105.576841308586,47.4416658413566));
#8153=CARTESIAN_POINT('Ctrl Pts',(8.69132294503484,-89.9678978638818,26.4465642676454));
#8154=CARTESIAN_POINT('Ctrl Pts',(10.5054715591934,-90.013899969875,28.121322845971));
#8155=CARTESIAN_POINT('Ctrl Pts',(13.1369397387649,-90.1059041818615,32.5439806962308));
#8156=CARTESIAN_POINT('Ctrl Pts',(12.8142764051591,-90.2439104998413,40.2629907644589));
#8157=CARTESIAN_POINT('Ctrl Pts',(8.32728994701176,-90.3819168178211,46.5488525324888));
#8158=CARTESIAN_POINT('Ctrl Pts',(1.13418155250803,-90.5199231358008,49.3628512364555));
#8159=CARTESIAN_POINT('Ctrl Pts',(-6.4275174344616,-90.6579294537806,47.7885566900799));
#8160=CARTESIAN_POINT('Ctrl Pts',(-11.9004398900717,-90.7959357717604,42.3385329356211));
#8161=CARTESIAN_POINT('Ctrl Pts',(-13.5060500917223,-90.9339420897401,34.7834198726564));
#8162=CARTESIAN_POINT('Ctrl Pts',(-10.722549857787,-91.0719484077199,27.5786470344495));
#8163=CARTESIAN_POINT('Ctrl Pts',(-4.45453227012255,-91.2099547256996,23.0654778555055));
#8164=CARTESIAN_POINT('Ctrl Pts',(3.26112708780542,-91.3479610436794,22.7105787388017));
#8165=CARTESIAN_POINT('Ctrl Pts',(9.91692865197063,-91.4859673616592,26.6293516588306));
#8166=CARTESIAN_POINT('Ctrl Pts',(13.3501597065769,-91.6239736796389,33.5481179821611));
#8167=CARTESIAN_POINT('Ctrl Pts',(12.4446233509327,-91.7619799976188,41.2188604761195));
#8168=CARTESIAN_POINT('Ctrl Pts',(7.49558763973952,-91.8999863155984,47.1479870443733));
#8169=CARTESIAN_POINT('Ctrl Pts',(0.109334005984586,-92.0379926335783,49.4103427782507));
#8170=CARTESIAN_POINT('Ctrl Pts',(-7.03479850329918,-92.1708876064476,47.3466384554818));
#8171=CARTESIAN_POINT('Ctrl Pts',(-11.8333048297267,-92.2986712342068,42.1257539675184));
#8172=CARTESIAN_POINT('Ctrl Pts',(-13.3868746057165,-92.4213435168554,35.5040305873563));
#8173=CARTESIAN_POINT('Ctrl Pts',(-11.4801412619672,-92.5440157995041,28.9644879510304));
#8174=CARTESIAN_POINT('Ctrl Pts',(-7.15063824227391,-92.6530578285252,24.7525345702898));
#8175=CARTESIAN_POINT('Ctrl Pts',(-0.858292803278125,-92.7757301111738,
22.4783475677149));
#8176=CARTESIAN_POINT('Ctrl Pts',(6.01070632547981,-92.8984023938226,23.6424666108006));
#8177=CARTESIAN_POINT('Ctrl Pts',(11.4475626326255,-93.0347049300988,28.9212205390521));
#8178=CARTESIAN_POINT('Ctrl Pts',(13.3835281127968,-93.1573772127475,35.4324988274029));
#8179=CARTESIAN_POINT('Ctrl Pts',(11.8646467229332,-93.2800494953962,42.0759168084527));
#8180=CARTESIAN_POINT('Ctrl Pts',(7.78681801941361,-93.3890915244173,46.5347878188136));
#8181=CARTESIAN_POINT('Ctrl Pts',(1.64238986711371,-93.5117638070659,49.168082245255));
#8182=CARTESIAN_POINT('Ctrl Pts',(-6.45212842492161,-93.6548814701561,48.2944612172725));
#8183=CARTESIAN_POINT('Ctrl Pts',(-13.3127982121978,-93.8320747673153,40.6751262092183));
#8184=CARTESIAN_POINT('Ctrl Pts',(-12.8988602372871,-94.0160831912883,30.0423963057977));
#8185=CARTESIAN_POINT('Ctrl Pts',(-5.20522336532436,-94.2000916152613,22.6982064388312));
#8186=CARTESIAN_POINT('Ctrl Pts',(5.44615088035366,-94.3841000392344,22.794942362958));
#8187=CARTESIAN_POINT('Ctrl Pts',(11.7325581281977,-94.5374403925452,29.0300718921305));
#8188=CARTESIAN_POINT('Ctrl Pts',(13.1259185830227,-94.6601126751939,35.5994701113122));
#8189=CARTESIAN_POINT('Ctrl Pts',(12.271227603812,-94.7521168871803,40.5506961145798));
#8190=CARTESIAN_POINT('Ctrl Pts',(9.60388818482138,-94.8441210991669,44.8205441376619));
#8191=CARTESIAN_POINT('Ctrl Pts',(5.5333536732639,-94.9361253111534,47.7737517755324));
#8192=CARTESIAN_POINT('Ctrl Pts',(0.649146038417328,-95.0281295231399,48.9790628383951));
#8193=CARTESIAN_POINT('Ctrl Pts',(-4.88423014712457,-95.1303564253472,48.1840477998568));
#8194=CARTESIAN_POINT('Ctrl Pts',(-10.0591170139031,-95.242806017775,44.7026246720344));
#8195=CARTESIAN_POINT('Ctrl Pts',(-13.1042514101116,-95.3654783004239,38.6142533477698));
#8196=CARTESIAN_POINT('Ctrl Pts',(-12.7932613642073,-95.4779278928517,32.3858703958138));
#8197=CARTESIAN_POINT('Ctrl Pts',(-10.1110553514639,-95.580154795059,27.4798448219315));
#8198=CARTESIAN_POINT('Ctrl Pts',(-6.22049161859337,-95.6721590070455,24.2921554084042));
#8199=CARTESIAN_POINT('Ctrl Pts',(-1.41501554024236,-95.764163219032,22.8042219395036));
#8200=CARTESIAN_POINT('Ctrl Pts',(4.15547163632889,-95.8663901212392,23.2735374716479));
#8201=CARTESIAN_POINT('Ctrl Pts',(9.52425721512423,-95.9788397136672,26.4481429829241));
#8202=CARTESIAN_POINT('Ctrl Pts',(12.9217324855621,-96.1015119963159,32.3456911971907));
#8203=CARTESIAN_POINT('Ctrl Pts',(12.9796370114416,-96.2241842789645,39.1508022004487));
#8204=CARTESIAN_POINT('Ctrl Pts',(9.68814708040276,-96.3468565616133,45.1066767004954));
#8205=CARTESIAN_POINT('Ctrl Pts',(3.89150958569522,-96.469528844262,48.6738374576055));
#8206=CARTESIAN_POINT('Ctrl Pts',(-2.90836183190898,-96.5922011269107,48.9324422935825));
#8207=CARTESIAN_POINT('Ctrl Pts',(-8.95781951579001,-96.7148734095593,45.8146734528637));
#8208=CARTESIAN_POINT('Ctrl Pts',(-12.6935486562641,-96.837545692208,40.1262860168953));
#8209=CARTESIAN_POINT('Ctrl Pts',(-13.1498123114026,-96.9602179748567,33.3363389608402));
#8210=CARTESIAN_POINT('Ctrl Pts',(-10.2124483044527,-97.0828902575053,27.1979173087764));
#8211=CARTESIAN_POINT('Ctrl Pts',(-4.63372608118872,-97.205562540154,23.2977670500344));
#8212=CARTESIAN_POINT('Ctrl Pts',(1.57412176915518,-97.318012132582,22.6991257949249));
#8213=CARTESIAN_POINT('Ctrl Pts',(6.8182780712835,-97.4202390347892,24.6362942145438));
#8214=CARTESIAN_POINT('Ctrl Pts',(10.5392127723917,-97.5122432467757,28.0214226994913));
#8215=CARTESIAN_POINT('Ctrl Pts',(12.7111878852943,-97.6042474587622,32.5582876454555));
#8216=CARTESIAN_POINT('Ctrl Pts',(13.0595859093005,-97.7064743609695,38.1383183933611));
#8217=CARTESIAN_POINT('Ctrl Pts',(10.7012651957334,-97.8189239533974,43.9120086072494));
#8218=CARTESIAN_POINT('Ctrl Pts',(5.36024037239,-97.9415962360462,48.1325585722849));
#8219=CARTESIAN_POINT('Ctrl Pts',(-0.801670373599892,-98.054045828474,49.0928500423674));
#8220=CARTESIAN_POINT('Ctrl Pts',(-6.15061678186905,-98.1562727306813,47.4656660055505));
#8221=CARTESIAN_POINT('Ctrl Pts',(-10.0621280379773,-98.2482769426679,44.3040402278898));
#8222=CARTESIAN_POINT('Ctrl Pts',(-12.4977226105764,-98.3402811546543,39.9014827616362));
#8223=CARTESIAN_POINT('Ctrl Pts',(-13.0999217464164,-98.4322853666409,34.9074100282163));
#8224=CARTESIAN_POINT('Ctrl Pts',(-11.7804761013093,-98.5242895786273,30.0527085324778));
#8225=CARTESIAN_POINT('Ctrl Pts',(-8.73290065916703,-98.6162937906139,26.0503501583278));
#8226=CARTESIAN_POINT('Ctrl Pts',(-4.40426599039538,-98.7082980026003,23.4870576341016));
#8227=CARTESIAN_POINT('Ctrl Pts',(0.570435235437725,-98.800302214587,22.739052630159));
#8228=CARTESIAN_POINT('Ctrl Pts',(5.46148448873821,-98.8923064265733,23.9159359457086));
#8229=CARTESIAN_POINT('Ctrl Pts',(9.55131025156811,-98.98431063856,26.8451891359916));
#8230=CARTESIAN_POINT('Ctrl Pts',(12.2401471040023,-99.0763148505464,31.0969207975827));
#8231=CARTESIAN_POINT('Ctrl Pts',(13.1331698139908,-99.168319062533,36.0477939467212));
#8232=CARTESIAN_POINT('Ctrl Pts',(12.1001977639194,-99.2603232745195,40.9707991675645));
#8233=CARTESIAN_POINT('Ctrl Pts',(9.29104055729045,-99.3523274865059,45.1453270988659));
#8234=CARTESIAN_POINT('Ctrl Pts',(5.12139342691368,-99.4443316984925,47.9557253125776));
#8235=CARTESIAN_POINT('Ctrl Pts',(0.195345091096663,-99.536335910479,48.9965949150529));
#8236=CARTESIAN_POINT('Ctrl Pts',(-4.74859524583986,-99.6283401224655,48.1008427464885));
#8237=CARTESIAN_POINT('Ctrl Pts',(-10.441205204907,-99.7510124051143,44.5388122234123));
#8238=CARTESIAN_POINT('Ctrl Pts',(-14.1422871406368,-99.904352758425,36.4940707688013));
#8239=CARTESIAN_POINT('Ctrl Pts',(-10.5768829457045,-100.088361182398,26.4585917123208));
#8240=CARTESIAN_POINT('Ctrl Pts',(-1.04236612997418,-100.272369606371,21.7441600481433));
#8241=CARTESIAN_POINT('Ctrl Pts',(9.08781816630697,-100.456378030344,25.0148382835959));
#8242=CARTESIAN_POINT('Ctrl Pts',(14.0812635675328,-100.640386454317,34.403817126193));
#8243=CARTESIAN_POINT('Ctrl Pts',(11.1084071152738,-100.82439487829,44.634855331733));
#8244=CARTESIAN_POINT('Ctrl Pts',(3.40918889344776,-100.977735231601,49.0028749886886));
#8245=CARTESIAN_POINT('Ctrl Pts',(-3.29442913592013,-101.10040751425,48.5697196865082));
#8246=CARTESIAN_POINT('Ctrl Pts',(-7.8273784300531,-101.192411726236,46.4105832271223));
#8247=CARTESIAN_POINT('Ctrl Pts',(-11.2252151577319,-101.284415938223,42.6862369535699));
#8248=CARTESIAN_POINT('Ctrl Pts',(-12.7612760663798,-101.366197459989,38.4990625731858));
#8249=CARTESIAN_POINT('Ctrl Pts',(-12.9889230476832,-101.478647052417,32.403258889348));
#8250=CARTESIAN_POINT('Ctrl Pts',(-9.7150623437125,-101.601319335065,26.1402173314693));
#8251=CARTESIAN_POINT('Ctrl Pts',(-2.52791958088824,-101.744436998155,22.7161494694313));
#8252=CARTESIAN_POINT('Ctrl Pts',(4.25056038940644,-101.867109280804,23.1629509584423));
#8253=CARTESIAN_POINT('Ctrl Pts',(9.94599079591199,-101.989781563453,26.8946467457812));
#8254=CARTESIAN_POINT('Ctrl Pts',(13.0705800396997,-102.112453846101,32.9431187527054));
#8255=CARTESIAN_POINT('Ctrl Pts',(12.8387192178246,-102.221495875122,38.9831608003964));
#8256=CARTESIAN_POINT('Ctrl Pts',(9.84683491546816,-102.344168157771,44.9603199799997));
#8257=CARTESIAN_POINT('Ctrl Pts',(3.10242015788681,-102.487285820861,49.5222870873815));
#8258=CARTESIAN_POINT('Ctrl Pts',(-7.05572384602404,-102.664479118021,48.1315054499957));
#8259=CARTESIAN_POINT('Ctrl Pts',(-13.6074917676109,-102.848487541993,39.7521462919611));
#8260=CARTESIAN_POINT('Ctrl Pts',(-12.4722947186369,-103.032495965967,29.1638456861735));
#8261=CARTESIAN_POINT('Ctrl Pts',(-4.96658091946815,-103.201170354608,22.9502954266472));
#8262=CARTESIAN_POINT('Ctrl Pts',(3.62337443966044,-103.354510707919,22.8109023637027));
#8263=CARTESIAN_POINT('Ctrl Pts',(10.1651346740239,-103.492517025899,26.9019182973344));
#8264=CARTESIAN_POINT('Ctrl Pts',(13.4091746720343,-103.630523343879,33.916707680295));
#8265=CARTESIAN_POINT('Ctrl Pts',(12.2928059035643,-103.768529661859,41.5573857401455));
#8266=CARTESIAN_POINT('Ctrl Pts',(7.18298566390021,-103.906535979838,47.3499622872567));
#8267=CARTESIAN_POINT('Ctrl Pts',(-0.261788234205103,-104.044542297818,
49.4075488252784));
#8268=CARTESIAN_POINT('Ctrl Pts',(-7.6211551997778,-104.182548615798,47.0636961738154));
#8269=CARTESIAN_POINT('Ctrl Pts',(-12.5040140428302,-104.320554933778,41.0789812706767));
#8270=CARTESIAN_POINT('Ctrl Pts',(-13.3233367922555,-104.458561251757,33.3988640661029));
#8271=CARTESIAN_POINT('Ctrl Pts',(-9.81295582603866,-104.596567569737,26.5187985779185));
#8272=CARTESIAN_POINT('Ctrl Pts',(-3.11365425675131,-104.734573887717,22.6749752123685));
#8273=CARTESIAN_POINT('Ctrl Pts',(4.59757855544032,-104.872580205697,23.1160106645575));
#8274=CARTESIAN_POINT('Ctrl Pts',(10.8145497750038,-105.010586523676,27.6995387490101));
#8275=CARTESIAN_POINT('Ctrl Pts',(13.5174440492766,-105.148592841656,34.9341384223304));
#8276=CARTESIAN_POINT('Ctrl Pts',(11.8268051170365,-105.286599159636,42.4726384427291));
#8277=CARTESIAN_POINT('Ctrl Pts',(8.13819985659412,-105.378603371623,46.0613313971783));
#8278=CARTESIAN_POINT('Ctrl Pts',(5.95172531636013,-105.424605477616,47.2081882212141));
#8279=CARTESIAN_POINT('Ctrl Pts',(5.95187089228502,-90.4246054776158,47.206994370883));
#8280=CARTESIAN_POINT('Ctrl Pts',(6.21806064688718,-90.4246054775948,47.0785907515236));
#8281=CARTESIAN_POINT('Ctrl Pts',(6.48006843047058,-90.4246054775472,46.9409498984674));
#8282=CARTESIAN_POINT('Ctrl Pts',(6.73735004352748,-90.4246054775284,46.7941807919458));
#8283=CARTESIAN_POINT('Ctrl Pts',(6.80267238031957,-90.4246054775236,46.75691695139));
#8284=CARTESIAN_POINT('Ctrl Pts',(6.86768990614005,-90.4246054775206,46.7190644696099));
#8285=CARTESIAN_POINT('Ctrl Pts',(6.93239338691963,-90.4246054775205,46.6806247009888));
#8286=CARTESIAN_POINT('Ctrl Pts',(7.19283016104077,-90.4246054775198,46.5259015050029));
#8287=CARTESIAN_POINT('Ctrl Pts',(7.44728119271527,-90.4246054775167,46.3622013648686));
#8288=CARTESIAN_POINT('Ctrl Pts',(7.69523701117151,-90.4246054775117,46.1897798735229));
#8289=CARTESIAN_POINT('Ctrl Pts',(7.77135354333188,-90.4246054775102,46.1368505812285));
#8290=CARTESIAN_POINT('Ctrl Pts',(7.84685791395766,-90.4246054775085,46.083099077232));
#8291=CARTESIAN_POINT('Ctrl Pts',(7.92173510652601,-90.4246054775066,46.028531811894));
#8292=CARTESIAN_POINT('Ctrl Pts',(8.16113818297597,-90.4246054775006,45.8540651853115));
#8293=CARTESIAN_POINT('Ctrl Pts',(8.39413172649568,-90.4246054774929,45.6712629160425));
#8294=CARTESIAN_POINT('Ctrl Pts',(8.62046082972081,-90.4246054774842,45.4806243495172));
#8295=CARTESIAN_POINT('Ctrl Pts',(8.85060507441218,-90.4246054774754,45.28677226299));
#8296=CARTESIAN_POINT('Ctrl Pts',(9.07385875619075,-90.4246054774657,45.0848171297156));
#8297=CARTESIAN_POINT('Ctrl Pts',(9.28992529606067,-90.4246054774561,44.8752384615081));
#8298=CARTESIAN_POINT('Ctrl Pts',(9.50667852533653,-90.4246054774464,44.66499372325));
#8299=CARTESIAN_POINT('Ctrl Pts',(9.71619926902398,-90.4246054774368,44.4470764631742));
#8300=CARTESIAN_POINT('Ctrl Pts',(9.91815316911208,-90.4246054774288,44.2219314810701));
#8301=CARTESIAN_POINT('Ctrl Pts',(10.0523649377736,-90.4246054774234,44.0723076994037));
#8302=CARTESIAN_POINT('Ctrl Pts',(10.1832340949808,-90.4246054774187,43.9194910074108));
#8303=CARTESIAN_POINT('Ctrl Pts',(10.3106526369809,-90.4246054774152,43.763603903352));
#8304=CARTESIAN_POINT('Ctrl Pts',(10.3739997854897,-90.4246054774134,43.6861033812426));
#8305=CARTESIAN_POINT('Ctrl Pts',(10.4364939299726,-90.4246054774119,43.6078438656265));
#8306=CARTESIAN_POINT('Ctrl Pts',(10.49812100061,-90.4246054774108,43.5288399025838));
#8307=CARTESIAN_POINT('Ctrl Pts',(10.5275488599311,-90.4246054774102,43.4911143140367));
#8308=CARTESIAN_POINT('Ctrl Pts',(10.5567790004189,-90.4246054774098,43.4532189714236));
#8309=CARTESIAN_POINT('Ctrl Pts',(10.5858098451805,-90.4246054774094,43.4151554340978));
#8310=CARTESIAN_POINT('Ctrl Pts',(10.6062890209202,-90.4246054774091,43.3883043425579));
#8311=CARTESIAN_POINT('Ctrl Pts',(10.6266690207378,-90.4246054774089,43.3613695521414));
#8312=CARTESIAN_POINT('Ctrl Pts',(10.6469492821557,-90.4246054774087,43.33435160577));
#8313=CARTESIAN_POINT('Ctrl Pts',(10.6647353163611,-90.4246054774086,43.3106565404839));
#8314=CARTESIAN_POINT('Ctrl Pts',(10.6824387157337,-90.4246054774084,43.2869054036718));
#8315=CARTESIAN_POINT('Ctrl Pts',(10.7000592444622,-90.4246054774082,43.2630986939327));
#8316=CARTESIAN_POINT('Ctrl Pts',(10.8815697778305,-90.4246054774062,43.0178637949645));
#8317=CARTESIAN_POINT('Ctrl Pts',(11.0542894541688,-90.4246054774024,42.7667352922631));
#8318=CARTESIAN_POINT('Ctrl Pts',(11.2179484107817,-90.424605477397,42.5102276876103));
#8319=CARTESIAN_POINT('Ctrl Pts',(11.3822511853397,-90.4246054773915,42.2527110077298));
#8320=CARTESIAN_POINT('Ctrl Pts',(11.5374222180538,-90.4246054773846,41.9897723492665));
#8321=CARTESIAN_POINT('Ctrl Pts',(11.6831532478825,-90.4246054773768,41.7218929370615));
#8322=CARTESIAN_POINT('Ctrl Pts',(11.8282548830049,-90.424605477369,41.4551704636646));
#8323=CARTESIAN_POINT('Ctrl Pts',(11.9639982365844,-90.4246054773603,41.1835493128133));
#8324=CARTESIAN_POINT('Ctrl Pts',(12.0900385590484,-90.4246054773517,40.9074729617503));
#8325=CARTESIAN_POINT('Ctrl Pts',(12.2072937475699,-90.4246054773437,40.6506394027955));
#8326=CARTESIAN_POINT('Ctrl Pts',(12.3161512459459,-90.4246054773357,40.389949452991));
#8327=CARTESIAN_POINT('Ctrl Pts',(12.4162976704565,-90.4246054773287,40.125741210334));
#8328=CARTESIAN_POINT('Ctrl Pts',(12.5292438482829,-90.4246054773209,39.8277644098224));
#8329=CARTESIAN_POINT('Ctrl Pts',(12.6311110661007,-90.4246054773143,39.5253122094461));
#8330=CARTESIAN_POINT('Ctrl Pts',(12.7218542217545,-90.4246054773106,39.219014276361));
#8331=CARTESIAN_POINT('Ctrl Pts',(12.7654370407123,-90.4246054773089,39.0719031552124));
#8332=CARTESIAN_POINT('Ctrl Pts',(12.8064529014061,-90.4246054773078,38.92390468403));
#8333=CARTESIAN_POINT('Ctrl Pts',(12.8448917526449,-90.4246054773076,38.7750877417148));
#8334=CARTESIAN_POINT('Ctrl Pts',(12.8523099509261,-90.4246054773076,38.7463680076407));
#8335=CARTESIAN_POINT('Ctrl Pts',(12.8596297877252,-90.4246054773076,38.7176269747169));
#8336=CARTESIAN_POINT('Ctrl Pts',(12.8668512586361,-90.4246054773078,38.6888656135059));
#8337=CARTESIAN_POINT('Ctrl Pts',(12.9407699414486,-90.4246054773091,38.3944654888156));
#8338=CARTESIAN_POINT('Ctrl Pts',(13.0043898993247,-90.4246054773191,38.0979232816894));
#8339=CARTESIAN_POINT('Ctrl Pts',(13.0577961111273,-90.4246054773344,37.7998189276415));
#8340=CARTESIAN_POINT('Ctrl Pts',(13.1118242148939,-90.4246054773498,37.4982432788518));
#8341=CARTESIAN_POINT('Ctrl Pts',(13.1553994575801,-90.4246054773705,37.1950683374323));
#8342=CARTESIAN_POINT('Ctrl Pts',(13.1885612846499,-90.4246054773933,36.8908714186842));
#8343=CARTESIAN_POINT('Ctrl Pts',(13.2219251106803,-90.4246054774162,36.5848215422792));
#8344=CARTESIAN_POINT('Ctrl Pts',(13.2447483801804,-90.4246054774412,36.2777365983685));
#8345=CARTESIAN_POINT('Ctrl Pts',(13.2570206124927,-90.4246054774651,35.9701900258463));
#8346=CARTESIAN_POINT('Ctrl Pts',(13.2692504296767,-90.4246054774889,35.6637063917525));
#8347=CARTESIAN_POINT('Ctrl Pts',(13.271002053583,-90.4246054775116,35.3567636959905));
#8348=CARTESIAN_POINT('Ctrl Pts',(13.2622139945365,-90.4246054775305,35.0499242876647));
#8349=CARTESIAN_POINT('Ctrl Pts',(13.2534998372751,-90.4246054775492,34.7456651965527));
#8350=CARTESIAN_POINT('Ctrl Pts',(13.2344225185407,-90.4246054775641,34.441507068289));
#8351=CARTESIAN_POINT('Ctrl Pts',(13.2048715018691,-90.4246054775726,34.1380021210749));
#8352=CARTESIAN_POINT('Ctrl Pts',(13.1922035173248,-90.4246054775763,34.007895058325));
#8353=CARTESIAN_POINT('Ctrl Pts',(13.1776101646652,-90.4246054775788,33.8779081311167));
#8354=CARTESIAN_POINT('Ctrl Pts',(13.1610798468473,-90.4246054775799,33.7480854811278));
#8355=CARTESIAN_POINT('Ctrl Pts',(13.1568704580233,-90.4246054775802,33.7150265878883));
#8356=CARTESIAN_POINT('Ctrl Pts',(13.1525352382442,-90.4246054775804,33.681976725633));
#8357=CARTESIAN_POINT('Ctrl Pts',(13.1480746654687,-90.4246054775805,33.6489417095853));
#8358=CARTESIAN_POINT('Ctrl Pts',(13.1064171472082,-90.4246054775817,33.3404259979224));
#8359=CARTESIAN_POINT('Ctrl Pts',(13.0539336013794,-90.4246054775813,33.0339585733212));
#8360=CARTESIAN_POINT('Ctrl Pts',(12.9906498679096,-90.4246054775795,32.7301155693471));
#8361=CARTESIAN_POINT('Ctrl Pts',(12.980878634162,-90.4246054775793,32.6832011278053));
#8362=CARTESIAN_POINT('Ctrl Pts',(12.9708498190055,-90.424605477579,32.6363492387917));
#8363=CARTESIAN_POINT('Ctrl Pts',(12.9605634078105,-90.4246054775786,32.5895620099607));
#8364=CARTESIAN_POINT('Ctrl Pts',(12.8952723703636,-90.4246054775765,32.2925889790643));
#8365=CARTESIAN_POINT('Ctrl Pts',(12.8196074952678,-90.4246054775731,31.998220788514));
#8366=CARTESIAN_POINT('Ctrl Pts',(12.7339313213163,-90.4246054775689,31.7068872014982));
#8367=CARTESIAN_POINT('Ctrl Pts',(12.6467439937224,-90.4246054775647,31.4104150819025));
#8368=CARTESIAN_POINT('Ctrl Pts',(12.5491889767366,-90.4246054775596,31.1170850241067));
#8369=CARTESIAN_POINT('Ctrl Pts',(12.441594967403,-90.4246054775546,30.8273572136162));
#8370=CARTESIAN_POINT('Ctrl Pts',(12.3335683914213,-90.4246054775495,30.5364645930347));
#8371=CARTESIAN_POINT('Ctrl Pts',(12.21542169891,-90.4246054775444,30.2492026934119));
#8372=CARTESIAN_POINT('Ctrl Pts',(12.087437141974,-90.4246054775403,29.9660527314242));
#8373=CARTESIAN_POINT('Ctrl Pts',(11.9597555979296,-90.4246054775361,29.6835731478852));
#8374=CARTESIAN_POINT('Ctrl Pts',(11.8222824320547,-90.424605477533,29.4051855167977));
#8375=CARTESIAN_POINT('Ctrl Pts',(11.6752518424767,-90.4246054775321,29.1313911208163));
#8376=CARTESIAN_POINT('Ctrl Pts',(11.6347994505989,-90.4246054775318,29.056062318613));
#8377=CARTESIAN_POINT('Ctrl Pts',(11.5936233446368,-90.4246054775317,28.9810813694561));
#8378=CARTESIAN_POINT('Ctrl Pts',(11.5517278326314,-90.4246054775318,28.9064591101785));
#8379=CARTESIAN_POINT('Ctrl Pts',(11.5266432067711,-90.4246054775319,28.8617795880715));
#8380=CARTESIAN_POINT('Ctrl Pts',(11.5013006745489,-90.424605477532,28.8172286571918));
#8381=CARTESIAN_POINT('Ctrl Pts',(11.4757011202835,-90.4246054775322,28.7728086767873));
#8382=CARTESIAN_POINT('Ctrl Pts',(11.461888692302,-90.4246054775324,28.7488415493165));
#8383=CARTESIAN_POINT('Ctrl Pts',(11.4480021310452,-90.4246054775325,28.7249137842025));
#8384=CARTESIAN_POINT('Ctrl Pts',(11.4340464434478,-90.4246054775326,28.701033925618));
#8385=CARTESIAN_POINT('Ctrl Pts',(11.2758788991357,-90.4246054775343,28.4303902497352));
#8386=CARTESIAN_POINT('Ctrl Pts',(11.1086680741212,-90.4246054775374,28.1656062259401));
#8387=CARTESIAN_POINT('Ctrl Pts',(10.9327791304979,-90.424605477541,27.9071331771419));
#8388=CARTESIAN_POINT('Ctrl Pts',(10.756182578609,-90.4246054775446,27.647620280915));
#8389=CARTESIAN_POINT('Ctrl Pts',(10.5708376761382,-90.4246054775487,27.3944686895288));
#8390=CARTESIAN_POINT('Ctrl Pts',(10.3770639464604,-90.4246054775523,27.1481519502795));
#8391=CARTESIAN_POINT('Ctrl Pts',(10.1839983751601,-90.424605477556,26.9027353911666));
#8392=CARTESIAN_POINT('Ctrl Pts',(9.98256515490906,-90.4246054775594,26.6641032945741));
#8393=CARTESIAN_POINT('Ctrl Pts',(9.77303518370069,-90.4246054775617,26.4327486514152));
#8394=CARTESIAN_POINT('Ctrl Pts',(9.59694883177737,-90.4246054775637,26.2383211197383));
#8395=CARTESIAN_POINT('Ctrl Pts',(9.4151432780961,-90.4246054775651,26.049033556136));
#8396=CARTESIAN_POINT('Ctrl Pts',(9.22775691913954,-90.4246054775655,25.8651961948056));
#8397=CARTESIAN_POINT('Origin',(9.12708245068066E-15,-90.4246054776158,
35.8612653953169));
#8398=CARTESIAN_POINT('Origin',(8.02463559842543E-15,-108.124605835244,
35.861265395317));
#8399=CARTESIAN_POINT('',(14.0000001192093,-108.124605835244,35.861265395317));
#8400=UNCERTAINTY_MEASURE_WITH_UNIT(LENGTH_MEASURE(0.01),#8404,
'DISTANCE_ACCURACY_VALUE',
'Maximum model space distance between geometric entities at asserted c
onnectivities');
#8401=UNCERTAINTY_MEASURE_WITH_UNIT(LENGTH_MEASURE(0.01),#8404,
'DISTANCE_ACCURACY_VALUE',
'Maximum model space distance between geometric entities at asserted c
onnectivities');
#8402=(
GEOMETRIC_REPRESENTATION_CONTEXT(3)
GLOBAL_UNCERTAINTY_ASSIGNED_CONTEXT((#8400))
GLOBAL_UNIT_ASSIGNED_CONTEXT((#8404,#8406,#8407))
REPRESENTATION_CONTEXT('','3D')
);
#8403=(
GEOMETRIC_REPRESENTATION_CONTEXT(3)
GLOBAL_UNCERTAINTY_ASSIGNED_CONTEXT((#8401))
GLOBAL_UNIT_ASSIGNED_CONTEXT((#8404,#8406,#8407))
REPRESENTATION_CONTEXT('','3D')
);
#8404=(
LENGTH_UNIT()
NAMED_UNIT(*)
SI_UNIT(.MILLI.,.METRE.)
);
#8405=(
LENGTH_UNIT()
NAMED_UNIT(*)
SI_UNIT($,.METRE.)
);
#8406=(
NAMED_UNIT(*)
PLANE_ANGLE_UNIT()
SI_UNIT($,.RADIAN.)
);
#8407=(
NAMED_UNIT(*)
SI_UNIT($,.STERADIAN.)
SOLID_ANGLE_UNIT()
);
#8408=SHAPE_DEFINITION_REPRESENTATION(#8409,#8410);
#8409=PRODUCT_DEFINITION_SHAPE('',$,#8412);
#8410=SHAPE_REPRESENTATION('',(#1208),#8402);
#8411=PRODUCT_DEFINITION_CONTEXT('part definition',#8416,'design');
#8412=PRODUCT_DEFINITION('6. Round Suppressor Long',
'6. Round Suppressor Long',#8413,#8411);
#8413=PRODUCT_DEFINITION_FORMATION('',$,#8418);
#8414=PRODUCT_RELATED_PRODUCT_CATEGORY('6. Round Suppressor Long',
'6. Round Suppressor Long',(#8418));
#8415=APPLICATION_PROTOCOL_DEFINITION('international standard',
'automotive_design',2009,#8416);
#8416=APPLICATION_CONTEXT(
'Core Data for Automotive Mechanical Design Process');
#8417=PRODUCT_CONTEXT('part definition',#8416,'mechanical');
#8418=PRODUCT('6. Round Suppressor Long','6. Round Suppressor Long',$,(#8417));
#8419=PRESENTATION_STYLE_ASSIGNMENT((#8421));
#8420=PRESENTATION_STYLE_ASSIGNMENT((#8422));
#8421=SURFACE_STYLE_USAGE(.BOTH.,#8423);
#8422=SURFACE_STYLE_USAGE(.BOTH.,#8424);
#8423=SURFACE_SIDE_STYLE('',(#8425));
#8424=SURFACE_SIDE_STYLE('',(#8426));
#8425=SURFACE_STYLE_FILL_AREA(#8427);
#8426=SURFACE_STYLE_FILL_AREA(#8428);
#8427=FILL_AREA_STYLE('Steel - Satin',(#8429));
#8428=FILL_AREA_STYLE('Plastic - Matte (Black) (1)',(#8430));
#8429=FILL_AREA_STYLE_COLOUR('Steel - Satin',#8431);
#8430=FILL_AREA_STYLE_COLOUR('Plastic - Matte (Black) (1)',#8432);
#8431=COLOUR_RGB('Steel - Satin',0.627450980392157,0.627450980392157,0.627450980392157);
#8432=COLOUR_RGB('Plastic - Matte (Black) (1)',0.0980392156862745,0.0980392156862745,
0.0980392156862745);
ENDSEC;
END-ISO-10303-21;
