ISO-10303-21;
HEADER;
/* Generated by software containing ST-Developer
 * from STEP Tools, Inc. (www.steptools.com) 
 */

FILE_DESCRIPTION(
/* description */ (''),
/* implementation_level */ '2;1');

FILE_NAME(
/* name */ '60. Battery Stock Adaptor.step',
/* time_stamp */ '2025-10-08T23:29:54+01:00',
/* author */ (''),
/* organization */ (''),
/* preprocessor_version */ 'ST-DEVELOPER v20.1',
/* originating_system */ 'Autodesk Translation Framework v14.10.0.0',
/* authorisation */ '');

FILE_SCHEMA (('AUTOMOTIVE_DESIGN { 1 0 10303 214 3 1 1 }'));
ENDSEC;

DATA;
#10=MECHANICAL_DESIGN_GEOMETRIC_PRESENTATION_REPRESENTATION('',(#13),#4799);
#11=SHAPE_REPRESENTATION_RELATIONSHIP('SRR','None',#4806,#12);
#12=ADVANCED_BREP_SHAPE_REPRESENTATION('',(#14),#4798);
#13=STYLED_ITEM('',(#4816),#14);
#14=MANIFOLD_SOLID_BREP('61. Battery Stock Adaptor',#1735);
#15=ELLIPSE('',#1875,17.6776695296637,12.5);
#16=CONICAL_SURFACE('',#1837,19.,0.785398163397449);
#17=CONICAL_SURFACE('',#1838,19.,0.78539816339745);
#18=B_SPLINE_SURFACE_WITH_KNOTS('',3,3,((#3985,#3986,#3987,#3988,#3989,
#3990,#3991,#3992,#3993,#3994,#3995,#3996,#3997,#3998,#3999,#4000,#4001,
#4002,#4003,#4004,#4005,#4006,#4007,#4008,#4009,#4010,#4011,#4012,#4013,
#4014,#4015,#4016,#4017,#4018,#4019,#4020,#4021,#4022,#4023,#4024,#4025,
#4026,#4027,#4028,#4029,#4030,#4031,#4032,#4033,#4034,#4035,#4036,#4037,
#4038,#4039,#4040,#4041,#4042,#4043,#4044,#4045,#4046,#4047,#4048,#4049,
#4050,#4051,#4052,#4053,#4054,#4055,#4056,#4057,#4058),(#4059,#4060,#4061,
#4062,#4063,#4064,#4065,#4066,#4067,#4068,#4069,#4070,#4071,#4072,#4073,
#4074,#4075,#4076,#4077,#4078,#4079,#4080,#4081,#4082,#4083,#4084,#4085,
#4086,#4087,#4088,#4089,#4090,#4091,#4092,#4093,#4094,#4095,#4096,#4097,
#4098,#4099,#4100,#4101,#4102,#4103,#4104,#4105,#4106,#4107,#4108,#4109,
#4110,#4111,#4112,#4113,#4114,#4115,#4116,#4117,#4118,#4119,#4120,#4121,
#4122,#4123,#4124,#4125,#4126,#4127,#4128,#4129,#4130,#4131,#4132),(#4133,
#4134,#4135,#4136,#4137,#4138,#4139,#4140,#4141,#4142,#4143,#4144,#4145,
#4146,#4147,#4148,#4149,#4150,#4151,#4152,#4153,#4154,#4155,#4156,#4157,
#4158,#4159,#4160,#4161,#4162,#4163,#4164,#4165,#4166,#4167,#4168,#4169,
#4170,#4171,#4172,#4173,#4174,#4175,#4176,#4177,#4178,#4179,#4180,#4181,
#4182,#4183,#4184,#4185,#4186,#4187,#4188,#4189,#4190,#4191,#4192,#4193,
#4194,#4195,#4196,#4197,#4198,#4199,#4200,#4201,#4202,#4203,#4204,#4205,
#4206),(#4207,#4208,#4209,#4210,#4211,#4212,#4213,#4214,#4215,#4216,#4217,
#4218,#4219,#4220,#4221,#4222,#4223,#4224,#4225,#4226,#4227,#4228,#4229,
#4230,#4231,#4232,#4233,#4234,#4235,#4236,#4237,#4238,#4239,#4240,#4241,
#4242,#4243,#4244,#4245,#4246,#4247,#4248,#4249,#4250,#4251,#4252,#4253,
#4254,#4255,#4256,#4257,#4258,#4259,#4260,#4261,#4262,#4263,#4264,#4265,
#4266,#4267,#4268,#4269,#4270,#4271,#4272,#4273,#4274,#4275,#4276,#4277,
#4278,#4279,#4280)),.UNSPECIFIED.,.F.,.F.,.F.,(4,4),(4,1,1,1,1,1,1,1,1,
1,1,1,1,1,1,1,1,1,1,1,1,1,1,1,1,1,1,1,1,1,1,1,1,1,1,1,1,1,1,1,1,1,1,1,1,
1,1,1,1,1,1,1,1,1,1,1,1,1,1,1,1,1,1,1,1,1,1,1,1,1,1,4),(-0.00472871281070704,
0.0876473491182028),(8.3591266631713,8.99203827680665,9.624949890442,10.2578615040774,
10.8907731177127,11.5236847313481,12.1565963449834,12.7895079586187,13.4224195722541,
13.844360648011,14.2663017237679,14.6882427995248,15.1101838752817,15.5321249510386,
15.9540660267955,16.3760071025524,16.7979481783093,17.3605362793185,17.9231243803277,
18.4857124813369,19.0483005823461,19.6108886833553,20.1734767843645,20.5954178601214,
21.0173589358783,21.2986529863829,21.8612410873921,22.283182163149,22.7051232389059,
23.1270643146628,23.5490053904197,23.9709464661766,24.3928875419335,24.8148286176904,
25.2367696934473,25.6587107692042,26.0806518449611,26.502592920718,26.9245339964749,
27.4871220974841,28.0497101984933,28.6122982995025,29.1748864005117,29.7374745015209,
30.3000626025301,30.722003678287,31.1439447540439,31.5658858298008,31.9878269055577,
32.4097679813146,32.8317090570715,33.2536501328284,33.6755912085853,34.0975322843422,
34.5194733600991,34.941414435856,35.1523849737344,35.3633555116129,35.9259436126221,
36.4885317136313,37.0511198146405,37.6137079156497,38.1762960166589,38.7388841176681,
39.3717957313034,40.0047073449388,40.6376189585741,41.2705305722095,41.9034421858448,
42.5363537994802,43.1692654131155,43.8021770267509),.UNSPECIFIED.);
#19=B_SPLINE_SURFACE_WITH_KNOTS('',3,3,((#4338,#4339,#4340,#4341,#4342,
#4343,#4344,#4345,#4346,#4347,#4348,#4349,#4350,#4351,#4352,#4353,#4354,
#4355,#4356,#4357,#4358,#4359,#4360,#4361,#4362,#4363,#4364,#4365,#4366,
#4367,#4368,#4369,#4370,#4371,#4372,#4373,#4374,#4375,#4376,#4377,#4378,
#4379,#4380,#4381,#4382,#4383,#4384,#4385,#4386,#4387,#4388,#4389,#4390,
#4391,#4392,#4393,#4394,#4395,#4396,#4397,#4398,#4399,#4400,#4401,#4402,
#4403,#4404,#4405,#4406,#4407,#4408,#4409,#4410,#4411),(#4412,#4413,#4414,
#4415,#4416,#4417,#4418,#4419,#4420,#4421,#4422,#4423,#4424,#4425,#4426,
#4427,#4428,#4429,#4430,#4431,#4432,#4433,#4434,#4435,#4436,#4437,#4438,
#4439,#4440,#4441,#4442,#4443,#4444,#4445,#4446,#4447,#4448,#4449,#4450,
#4451,#4452,#4453,#4454,#4455,#4456,#4457,#4458,#4459,#4460,#4461,#4462,
#4463,#4464,#4465,#4466,#4467,#4468,#4469,#4470,#4471,#4472,#4473,#4474,
#4475,#4476,#4477,#4478,#4479,#4480,#4481,#4482,#4483,#4484,#4485),(#4486,
#4487,#4488,#4489,#4490,#4491,#4492,#4493,#4494,#4495,#4496,#4497,#4498,
#4499,#4500,#4501,#4502,#4503,#4504,#4505,#4506,#4507,#4508,#4509,#4510,
#4511,#4512,#4513,#4514,#4515,#4516,#4517,#4518,#4519,#4520,#4521,#4522,
#4523,#4524,#4525,#4526,#4527,#4528,#4529,#4530,#4531,#4532,#4533,#4534,
#4535,#4536,#4537,#4538,#4539,#4540,#4541,#4542,#4543,#4544,#4545,#4546,
#4547,#4548,#4549,#4550,#4551,#4552,#4553,#4554,#4555,#4556,#4557,#4558,
#4559),(#4560,#4561,#4562,#4563,#4564,#4565,#4566,#4567,#4568,#4569,#4570,
#4571,#4572,#4573,#4574,#4575,#4576,#4577,#4578,#4579,#4580,#4581,#4582,
#4583,#4584,#4585,#4586,#4587,#4588,#4589,#4590,#4591,#4592,#4593,#4594,
#4595,#4596,#4597,#4598,#4599,#4600,#4601,#4602,#4603,#4604,#4605,#4606,
#4607,#4608,#4609,#4610,#4611,#4612,#4613,#4614,#4615,#4616,#4617,#4618,
#4619,#4620,#4621,#4622,#4623,#4624,#4625,#4626,#4627,#4628,#4629,#4630,
#4631,#4632,#4633)),.UNSPECIFIED.,.F.,.F.,.F.,(4,4),(4,1,1,1,1,1,1,1,1,
1,1,1,1,1,1,1,1,1,1,1,1,1,1,1,1,1,1,1,1,1,1,1,1,1,1,1,1,1,1,1,1,1,1,1,1,
1,1,1,1,1,1,1,1,1,1,1,1,1,1,1,1,1,1,1,1,1,1,1,1,1,1,4),(0.0115472006349068,
0.103923262540807),(11.6973010224062,12.3302119913623,12.9631229603184,
13.5960339292745,14.2289448982306,14.8618558671867,15.4947668361428,16.1276778050989,
16.760588774055,17.1825294200258,17.6044700659965,18.0264107119672,18.448351357938,
18.8702920039087,19.2922326498794,19.7141732958502,20.1361139418209,20.6987014697819,
21.2612889977429,21.8238765257038,22.3864640536648,22.9490515816258,23.5116391095868,
23.9335797555575,24.3555204015282,24.6368141655087,25.1994016934697,25.6213423394404,
26.0432829854112,26.4652236313819,26.8871642773526,27.3091049233234,27.7310455692941,
28.1529862152648,28.5749268612356,28.9968675072063,29.418808153177,29.8407487991478,
30.2626894451185,30.8252769730795,31.3878645010404,31.9504520290014,32.5130395569624,
33.0756270849234,33.6382146128843,34.0601552588551,34.4820959048258,34.9040365507965,
35.3259771967673,35.747917842738,36.1698584887087,36.5917991346795,37.0137397806502,
37.4356804266209,37.8576210725917,38.2795617185624,38.4905320415478,38.7015023645331,
39.2640898924941,39.8266774204551,40.3892649484161,40.951852476377,41.514440004338,
42.077027532299,42.7099385012551,43.3428494702112,43.9757604391673,44.6086714081234,
45.2415823770795,45.8744933460356,46.5074043149917,47.1403152839478),
 .UNSPECIFIED.);
#20=(
BOUNDED_CURVE()
B_SPLINE_CURVE(2,(#3305,#3306,#3307),.UNSPECIFIED.,.F.,.F.)
B_SPLINE_CURVE_WITH_KNOTS((3,3),(7.03317037037715,13.6620029987065),
 .UNSPECIFIED.)
CURVE()
GEOMETRIC_REPRESENTATION_ITEM()
RATIONAL_B_SPLINE_CURVE((2.66506184147365,3.04578471142493,2.66506184147365))
REPRESENTATION_ITEM('')
);
#21=(
BOUNDED_CURVE()
B_SPLINE_CURVE(2,(#3342,#3343,#3344),.UNSPECIFIED.,.F.,.F.)
B_SPLINE_CURVE_WITH_KNOTS((3,3),(7.03316674114487,13.6620074937824),
 .UNSPECIFIED.)
CURVE()
GEOMETRIC_REPRESENTATION_ITEM()
RATIONAL_B_SPLINE_CURVE((2.66506215872253,3.04578610563793,2.66506215872253))
REPRESENTATION_ITEM('')
);
#22=FACE_BOUND('',#203,.T.);
#23=FACE_BOUND('',#204,.T.);
#24=FACE_BOUND('',#208,.T.);
#25=FACE_BOUND('',#209,.T.);
#26=FACE_BOUND('',#215,.T.);
#27=FACE_BOUND('',#216,.T.);
#28=FACE_BOUND('',#218,.T.);
#29=FACE_BOUND('',#219,.T.);
#30=FACE_BOUND('',#226,.T.);
#31=FACE_BOUND('',#239,.T.);
#32=FACE_BOUND('',#257,.T.);
#33=FACE_BOUND('',#260,.T.);
#34=FACE_BOUND('',#269,.T.);
#35=FACE_BOUND('',#271,.T.);
#36=FACE_BOUND('',#288,.T.);
#37=FACE_BOUND('',#291,.T.);
#38=PLANE('',#1762);
#39=PLANE('',#1763);
#40=PLANE('',#1764);
#41=PLANE('',#1767);
#42=PLANE('',#1768);
#43=PLANE('',#1769);
#44=PLANE('',#1775);
#45=PLANE('',#1780);
#46=PLANE('',#1781);
#47=PLANE('',#1782);
#48=PLANE('',#1785);
#49=PLANE('',#1786);
#50=PLANE('',#1787);
#51=PLANE('',#1788);
#52=PLANE('',#1789);
#53=PLANE('',#1792);
#54=PLANE('',#1796);
#55=PLANE('',#1804);
#56=PLANE('',#1806);
#57=PLANE('',#1807);
#58=PLANE('',#1810);
#59=PLANE('',#1811);
#60=PLANE('',#1812);
#61=PLANE('',#1813);
#62=PLANE('',#1814);
#63=PLANE('',#1815);
#64=PLANE('',#1820);
#65=PLANE('',#1829);
#66=PLANE('',#1831);
#67=PLANE('',#1833);
#68=PLANE('',#1834);
#69=PLANE('',#1839);
#70=PLANE('',#1842);
#71=PLANE('',#1845);
#72=PLANE('',#1846);
#73=PLANE('',#1847);
#74=PLANE('',#1848);
#75=PLANE('',#1849);
#76=PLANE('',#1850);
#77=PLANE('',#1851);
#78=PLANE('',#1852);
#79=PLANE('',#1853);
#80=PLANE('',#1854);
#81=PLANE('',#1855);
#82=PLANE('',#1856);
#83=PLANE('',#1857);
#84=PLANE('',#1858);
#85=PLANE('',#1862);
#86=PLANE('',#1866);
#87=PLANE('',#1868);
#88=PLANE('',#1870);
#89=PLANE('',#1873);
#90=PLANE('',#1874);
#91=PLANE('',#1877);
#92=PLANE('',#1878);
#93=PLANE('',#1879);
#94=PLANE('',#1880);
#95=PLANE('',#1881);
#96=PLANE('',#1882);
#97=PLANE('',#1883);
#98=FACE_OUTER_BOUND('',#189,.T.);
#99=FACE_OUTER_BOUND('',#190,.T.);
#100=FACE_OUTER_BOUND('',#191,.T.);
#101=FACE_OUTER_BOUND('',#192,.T.);
#102=FACE_OUTER_BOUND('',#193,.T.);
#103=FACE_OUTER_BOUND('',#194,.T.);
#104=FACE_OUTER_BOUND('',#195,.T.);
#105=FACE_OUTER_BOUND('',#196,.T.);
#106=FACE_OUTER_BOUND('',#197,.T.);
#107=FACE_OUTER_BOUND('',#198,.T.);
#108=FACE_OUTER_BOUND('',#199,.T.);
#109=FACE_OUTER_BOUND('',#200,.T.);
#110=FACE_OUTER_BOUND('',#201,.T.);
#111=FACE_OUTER_BOUND('',#202,.T.);
#112=FACE_OUTER_BOUND('',#205,.T.);
#113=FACE_OUTER_BOUND('',#206,.T.);
#114=FACE_OUTER_BOUND('',#207,.T.);
#115=FACE_OUTER_BOUND('',#210,.T.);
#116=FACE_OUTER_BOUND('',#211,.T.);
#117=FACE_OUTER_BOUND('',#212,.T.);
#118=FACE_OUTER_BOUND('',#213,.T.);
#119=FACE_OUTER_BOUND('',#214,.T.);
#120=FACE_OUTER_BOUND('',#217,.T.);
#121=FACE_OUTER_BOUND('',#220,.T.);
#122=FACE_OUTER_BOUND('',#221,.T.);
#123=FACE_OUTER_BOUND('',#222,.T.);
#124=FACE_OUTER_BOUND('',#223,.T.);
#125=FACE_OUTER_BOUND('',#224,.T.);
#126=FACE_OUTER_BOUND('',#225,.T.);
#127=FACE_OUTER_BOUND('',#227,.T.);
#128=FACE_OUTER_BOUND('',#228,.T.);
#129=FACE_OUTER_BOUND('',#229,.T.);
#130=FACE_OUTER_BOUND('',#230,.T.);
#131=FACE_OUTER_BOUND('',#231,.T.);
#132=FACE_OUTER_BOUND('',#232,.T.);
#133=FACE_OUTER_BOUND('',#233,.T.);
#134=FACE_OUTER_BOUND('',#234,.T.);
#135=FACE_OUTER_BOUND('',#235,.T.);
#136=FACE_OUTER_BOUND('',#236,.T.);
#137=FACE_OUTER_BOUND('',#237,.T.);
#138=FACE_OUTER_BOUND('',#238,.T.);
#139=FACE_OUTER_BOUND('',#240,.T.);
#140=FACE_OUTER_BOUND('',#241,.T.);
#141=FACE_OUTER_BOUND('',#242,.T.);
#142=FACE_OUTER_BOUND('',#243,.T.);
#143=FACE_OUTER_BOUND('',#244,.T.);
#144=FACE_OUTER_BOUND('',#245,.T.);
#145=FACE_OUTER_BOUND('',#246,.T.);
#146=FACE_OUTER_BOUND('',#247,.T.);
#147=FACE_OUTER_BOUND('',#248,.T.);
#148=FACE_OUTER_BOUND('',#249,.T.);
#149=FACE_OUTER_BOUND('',#250,.T.);
#150=FACE_OUTER_BOUND('',#251,.T.);
#151=FACE_OUTER_BOUND('',#252,.T.);
#152=FACE_OUTER_BOUND('',#253,.T.);
#153=FACE_OUTER_BOUND('',#254,.T.);
#154=FACE_OUTER_BOUND('',#255,.T.);
#155=FACE_OUTER_BOUND('',#256,.T.);
#156=FACE_OUTER_BOUND('',#258,.T.);
#157=FACE_OUTER_BOUND('',#259,.T.);
#158=FACE_OUTER_BOUND('',#261,.T.);
#159=FACE_OUTER_BOUND('',#262,.T.);
#160=FACE_OUTER_BOUND('',#263,.T.);
#161=FACE_OUTER_BOUND('',#264,.T.);
#162=FACE_OUTER_BOUND('',#265,.T.);
#163=FACE_OUTER_BOUND('',#266,.T.);
#164=FACE_OUTER_BOUND('',#267,.T.);
#165=FACE_OUTER_BOUND('',#268,.T.);
#166=FACE_OUTER_BOUND('',#270,.T.);
#167=FACE_OUTER_BOUND('',#272,.T.);
#168=FACE_OUTER_BOUND('',#273,.T.);
#169=FACE_OUTER_BOUND('',#274,.T.);
#170=FACE_OUTER_BOUND('',#275,.T.);
#171=FACE_OUTER_BOUND('',#276,.T.);
#172=FACE_OUTER_BOUND('',#277,.T.);
#173=FACE_OUTER_BOUND('',#278,.T.);
#174=FACE_OUTER_BOUND('',#279,.T.);
#175=FACE_OUTER_BOUND('',#280,.T.);
#176=FACE_OUTER_BOUND('',#281,.T.);
#177=FACE_OUTER_BOUND('',#282,.T.);
#178=FACE_OUTER_BOUND('',#283,.T.);
#179=FACE_OUTER_BOUND('',#284,.T.);
#180=FACE_OUTER_BOUND('',#285,.T.);
#181=FACE_OUTER_BOUND('',#286,.T.);
#182=FACE_OUTER_BOUND('',#287,.T.);
#183=FACE_OUTER_BOUND('',#289,.T.);
#184=FACE_OUTER_BOUND('',#290,.T.);
#185=FACE_OUTER_BOUND('',#292,.T.);
#186=FACE_OUTER_BOUND('',#293,.T.);
#187=FACE_OUTER_BOUND('',#294,.T.);
#188=FACE_OUTER_BOUND('',#295,.T.);
#189=EDGE_LOOP('',(#1121,#1122,#1123,#1124));
#190=EDGE_LOOP('',(#1125,#1126,#1127,#1128));
#191=EDGE_LOOP('',(#1129,#1130,#1131,#1132));
#192=EDGE_LOOP('',(#1133,#1134,#1135,#1136));
#193=EDGE_LOOP('',(#1137,#1138,#1139,#1140));
#194=EDGE_LOOP('',(#1141,#1142,#1143,#1144));
#195=EDGE_LOOP('',(#1145,#1146,#1147,#1148));
#196=EDGE_LOOP('',(#1149,#1150,#1151,#1152));
#197=EDGE_LOOP('',(#1153,#1154,#1155,#1156));
#198=EDGE_LOOP('',(#1157,#1158,#1159,#1160));
#199=EDGE_LOOP('',(#1161,#1162,#1163,#1164));
#200=EDGE_LOOP('',(#1165,#1166,#1167,#1168));
#201=EDGE_LOOP('',(#1169,#1170,#1171,#1172,#1173,#1174,#1175,#1176,#1177,
#1178));
#202=EDGE_LOOP('',(#1179,#1180,#1181,#1182,#1183,#1184,#1185,#1186));
#203=EDGE_LOOP('',(#1187));
#204=EDGE_LOOP('',(#1188));
#205=EDGE_LOOP('',(#1189,#1190,#1191,#1192));
#206=EDGE_LOOP('',(#1193,#1194,#1195,#1196));
#207=EDGE_LOOP('',(#1197,#1198,#1199,#1200,#1201,#1202,#1203,#1204));
#208=EDGE_LOOP('',(#1205));
#209=EDGE_LOOP('',(#1206));
#210=EDGE_LOOP('',(#1207,#1208,#1209,#1210));
#211=EDGE_LOOP('',(#1211,#1212,#1213,#1214,#1215,#1216));
#212=EDGE_LOOP('',(#1217,#1218,#1219,#1220));
#213=EDGE_LOOP('',(#1221,#1222,#1223,#1224,#1225,#1226));
#214=EDGE_LOOP('',(#1227,#1228,#1229,#1230,#1231,#1232));
#215=EDGE_LOOP('',(#1233,#1234,#1235,#1236,#1237,#1238));
#216=EDGE_LOOP('',(#1239,#1240,#1241,#1242,#1243,#1244));
#217=EDGE_LOOP('',(#1245,#1246,#1247,#1248,#1249,#1250));
#218=EDGE_LOOP('',(#1251));
#219=EDGE_LOOP('',(#1252));
#220=EDGE_LOOP('',(#1253,#1254,#1255,#1256,#1257));
#221=EDGE_LOOP('',(#1258,#1259,#1260,#1261,#1262,#1263,#1264,#1265,#1266,
#1267,#1268,#1269,#1270,#1271,#1272,#1273));
#222=EDGE_LOOP('',(#1274,#1275,#1276,#1277,#1278));
#223=EDGE_LOOP('',(#1279,#1280,#1281,#1282,#1283,#1284));
#224=EDGE_LOOP('',(#1285,#1286,#1287,#1288,#1289,#1290));
#225=EDGE_LOOP('',(#1291,#1292,#1293,#1294,#1295,#1296));
#226=EDGE_LOOP('',(#1297,#1298,#1299,#1300,#1301));
#227=EDGE_LOOP('',(#1302,#1303,#1304,#1305));
#228=EDGE_LOOP('',(#1306,#1307,#1308,#1309,#1310,#1311,#1312,#1313));
#229=EDGE_LOOP('',(#1314,#1315,#1316,#1317));
#230=EDGE_LOOP('',(#1318,#1319,#1320,#1321));
#231=EDGE_LOOP('',(#1322,#1323,#1324,#1325));
#232=EDGE_LOOP('',(#1326,#1327,#1328,#1329,#1330));
#233=EDGE_LOOP('',(#1331,#1332,#1333,#1334));
#234=EDGE_LOOP('',(#1335,#1336,#1337,#1338));
#235=EDGE_LOOP('',(#1339,#1340,#1341,#1342));
#236=EDGE_LOOP('',(#1343,#1344,#1345,#1346));
#237=EDGE_LOOP('',(#1347,#1348,#1349,#1350));
#238=EDGE_LOOP('',(#1351,#1352,#1353,#1354));
#239=EDGE_LOOP('',(#1355,#1356,#1357,#1358,#1359,#1360,#1361,#1362));
#240=EDGE_LOOP('',(#1363,#1364,#1365,#1366,#1367,#1368,#1369,#1370,#1371,
#1372,#1373,#1374,#1375,#1376,#1377));
#241=EDGE_LOOP('',(#1378,#1379,#1380,#1381));
#242=EDGE_LOOP('',(#1382,#1383,#1384,#1385,#1386,#1387,#1388,#1389,#1390,
#1391,#1392,#1393,#1394,#1395,#1396,#1397));
#243=EDGE_LOOP('',(#1398,#1399,#1400,#1401));
#244=EDGE_LOOP('',(#1402,#1403,#1404,#1405));
#245=EDGE_LOOP('',(#1406,#1407,#1408,#1409));
#246=EDGE_LOOP('',(#1410,#1411,#1412,#1413));
#247=EDGE_LOOP('',(#1414,#1415,#1416,#1417));
#248=EDGE_LOOP('',(#1418,#1419,#1420,#1421));
#249=EDGE_LOOP('',(#1422,#1423,#1424,#1425,#1426));
#250=EDGE_LOOP('',(#1427,#1428,#1429,#1430));
#251=EDGE_LOOP('',(#1431,#1432,#1433,#1434,#1435));
#252=EDGE_LOOP('',(#1436,#1437,#1438,#1439,#1440,#1441));
#253=EDGE_LOOP('',(#1442,#1443,#1444,#1445));
#254=EDGE_LOOP('',(#1446,#1447));
#255=EDGE_LOOP('',(#1448,#1449));
#256=EDGE_LOOP('',(#1450));
#257=EDGE_LOOP('',(#1451));
#258=EDGE_LOOP('',(#1452,#1453,#1454,#1455));
#259=EDGE_LOOP('',(#1456));
#260=EDGE_LOOP('',(#1457));
#261=EDGE_LOOP('',(#1458,#1459,#1460,#1461));
#262=EDGE_LOOP('',(#1462,#1463,#1464,#1465));
#263=EDGE_LOOP('',(#1466,#1467,#1468,#1469));
#264=EDGE_LOOP('',(#1470,#1471,#1472,#1473));
#265=EDGE_LOOP('',(#1474,#1475,#1476,#1477));
#266=EDGE_LOOP('',(#1478,#1479,#1480,#1481));
#267=EDGE_LOOP('',(#1482,#1483,#1484,#1485));
#268=EDGE_LOOP('',(#1486,#1487,#1488,#1489,#1490,#1491));
#269=EDGE_LOOP('',(#1492));
#270=EDGE_LOOP('',(#1493,#1494,#1495,#1496,#1497,#1498));
#271=EDGE_LOOP('',(#1499));
#272=EDGE_LOOP('',(#1500,#1501,#1502,#1503));
#273=EDGE_LOOP('',(#1504,#1505,#1506,#1507));
#274=EDGE_LOOP('',(#1508,#1509,#1510,#1511));
#275=EDGE_LOOP('',(#1512,#1513,#1514,#1515));
#276=EDGE_LOOP('',(#1516,#1517,#1518,#1519));
#277=EDGE_LOOP('',(#1520,#1521,#1522,#1523));
#278=EDGE_LOOP('',(#1524,#1525,#1526,#1527));
#279=EDGE_LOOP('',(#1528,#1529,#1530,#1531));
#280=EDGE_LOOP('',(#1532,#1533,#1534,#1535));
#281=EDGE_LOOP('',(#1536,#1537,#1538,#1539));
#282=EDGE_LOOP('',(#1540,#1541));
#283=EDGE_LOOP('',(#1542,#1543,#1544));
#284=EDGE_LOOP('',(#1545,#1546,#1547,#1548));
#285=EDGE_LOOP('',(#1549,#1550,#1551,#1552));
#286=EDGE_LOOP('',(#1553,#1554,#1555,#1556,#1557,#1558,#1559,#1560,#1561,
#1562,#1563,#1564,#1565,#1566,#1567,#1568,#1569,#1570,#1571,#1572,#1573,
#1574,#1575,#1576));
#287=EDGE_LOOP('',(#1577,#1578,#1579,#1580,#1581,#1582,#1583,#1584));
#288=EDGE_LOOP('',(#1585));
#289=EDGE_LOOP('',(#1586,#1587,#1588,#1589,#1590,#1591));
#290=EDGE_LOOP('',(#1592,#1593,#1594,#1595,#1596,#1597,#1598,#1599));
#291=EDGE_LOOP('',(#1600));
#292=EDGE_LOOP('',(#1601,#1602,#1603,#1604));
#293=EDGE_LOOP('',(#1605,#1606,#1607,#1608));
#294=EDGE_LOOP('',(#1609,#1610,#1611,#1612));
#295=EDGE_LOOP('',(#1613,#1614,#1615,#1616));
#296=CIRCLE('',#1750,17.0000000000001);
#297=CIRCLE('',#1756,17.8);
#298=CIRCLE('',#1765,1.64999999999999);
#299=CIRCLE('',#1766,1.65000000000001);
#300=CIRCLE('',#1770,1.64999999999999);
#301=CIRCLE('',#1771,1.65000000000001);
#302=CIRCLE('',#1773,3.);
#303=CIRCLE('',#1774,3.);
#304=CIRCLE('',#1776,20.);
#305=CIRCLE('',#1777,3.);
#306=CIRCLE('',#1779,3.);
#307=CIRCLE('',#1783,2.80000000000001);
#308=CIRCLE('',#1784,2.79999999999999);
#309=CIRCLE('',#1790,1.);
#310=CIRCLE('',#1791,20.);
#311=CIRCLE('',#1793,1.);
#312=CIRCLE('',#1794,1.);
#313=CIRCLE('',#1795,20.);
#314=CIRCLE('',#1797,12.5);
#315=CIRCLE('',#1799,20.);
#316=CIRCLE('',#1800,20.);
#317=CIRCLE('',#1801,20.);
#318=CIRCLE('',#1803,17.8);
#319=CIRCLE('',#1805,12.5);
#320=CIRCLE('',#1808,12.5);
#321=CIRCLE('',#1809,12.5);
#322=CIRCLE('',#1816,17.);
#323=CIRCLE('',#1817,12.5);
#324=CIRCLE('',#1818,12.5);
#325=CIRCLE('',#1822,1.64999999999999);
#326=CIRCLE('',#1824,1.64999999999999);
#327=CIRCLE('',#1826,1.65000000000001);
#328=CIRCLE('',#1828,1.65000000000001);
#329=CIRCLE('',#1830,12.5);
#330=CIRCLE('',#1835,1.);
#331=CIRCLE('',#1840,2.79999999999999);
#332=CIRCLE('',#1843,2.80000000000001);
#333=CIRCLE('',#1860,1.65000000000001);
#334=CIRCLE('',#1861,1.65000000000001);
#335=CIRCLE('',#1864,3.);
#336=CIRCLE('',#1865,3.);
#337=CIRCLE('',#1867,12.5);
#338=CIRCLE('',#1869,12.5);
#339=CIRCLE('',#1871,12.5);
#340=CIRCLE('',#1872,12.5);
#341=B_SPLINE_CURVE_WITH_KNOTS('',3,(#2331,#2332,#2333,#2334,#2335,#2336,
#2337,#2338,#2339,#2340,#2341,#2342,#2343,#2344,#2345,#2346,#2347,#2348,
#2349,#2350,#2351,#2352,#2353,#2354,#2355),.UNSPECIFIED.,.F.,.F.,(4,3,3,
3,3,3,3,3,4),(50.1170339613188,50.3066652250044,51.2661960692292,52.225726913454,
53.3051991132069,54.3846713129599,55.4641435127128,56.5436157124657,57.5617695630752),
 .UNSPECIFIED.);
#342=B_SPLINE_CURVE_WITH_KNOTS('',3,(#2358,#2359,#2360,#2361,#2362,#2363,
#2364,#2365,#2366,#2367,#2368,#2369,#2370,#2371,#2372,#2373),
 .UNSPECIFIED.,.F.,.F.,(4,3,3,3,3,4),(0.415952750480842,1.49532879909064,
2.574704847701,3.65408089631135,4.7334569449217,5.46642725529736),
 .UNSPECIFIED.);
#343=B_SPLINE_CURVE_WITH_KNOTS('',3,(#2378,#2379,#2380,#2381,#2382,#2383,
#2384,#2385,#2386,#2387,#2388,#2389,#2390,#2391,#2392,#2393,#2394,#2395,
#2396,#2397,#2398,#2399,#2400,#2401,#2402,#2403,#2404,#2405,#2406,#2407,
#2408,#2409,#2410,#2411,#2412,#2413,#2414,#2415,#2416,#2417,#2418,#2419,
#2420,#2421,#2422,#2423),.UNSPECIFIED.,.F.,.F.,(4,3,3,3,3,3,3,3,3,3,3,3,
3,3,3,4),(39.400810307717,39.9918704283685,40.7115070632599,41.4311436981512,
42.1507803330426,42.8704169679339,43.5900536028253,44.3096902377167,45.0293268726081,
45.7489635074994,46.1087818249451,46.4686001423908,47.4281156555793,48.3876311687677,
49.3471466819562,50.1170339613188),.UNSPECIFIED.);
#344=B_SPLINE_CURVE_WITH_KNOTS('',3,(#2424,#2425,#2426,#2427,#2428,#2429,
#2430,#2431,#2432,#2433,#2434,#2435,#2436,#2437,#2438,#2439,#2440,#2441,
#2442,#2443,#2444,#2445,#2446,#2447,#2448,#2449,#2450,#2451,#2452,#2453,
#2454,#2455,#2456,#2457,#2458,#2459,#2460,#2461,#2462,#2463),
 .UNSPECIFIED.,.F.,.F.,(4,3,3,3,3,3,3,3,3,3,3,3,3,4),(5.46642725529736,
5.81285716882146,6.89230854594246,7.97175992306348,9.0512113001845,10.0107236354032,
10.9702359706219,11.9297483058405,12.8892606410592,13.8487729762779,14.8082853114966,
15.1681024372036,15.5279195629106,16.182604500896),.UNSPECIFIED.);
#345=B_SPLINE_CURVE_WITH_KNOTS('',3,(#2468,#2469,#2470,#2471,#2472,#2473,
#2474,#2475,#2476,#2477,#2478,#2479,#2480,#2481,#2482,#2483,#2484,#2485,
#2486,#2487,#2488,#2489,#2490,#2491,#2492,#2493,#2494,#2495,#2496,#2497,
#2498,#2499,#2500,#2501,#2502,#2503,#2504,#2505,#2506,#2507,#2508,#2509,
#2510),.UNSPECIFIED.,.F.,.F.,(4,3,3,3,3,3,3,3,3,3,3,3,3,3,4),(28.6846664161075,
29.1973968509089,29.9170281294503,30.6366594079918,31.3562906865332,32.0759219650747,
33.0354303364632,33.9949387078518,34.9544470792404,35.913955450629,36.8734638220176,
37.8329721934061,38.5526034719476,39.272234750489,39.400810307717),
 .UNSPECIFIED.);
#346=B_SPLINE_CURVE_WITH_KNOTS('',3,(#2511,#2512,#2513,#2514,#2515,#2516,
#2517,#2518,#2519,#2520,#2521,#2522,#2523,#2524,#2525,#2526,#2527,#2528,
#2529,#2530,#2531,#2532,#2533,#2534,#2535,#2536,#2537,#2538,#2539,#2540,
#2541,#2542,#2543,#2544,#2545,#2546,#2547,#2548,#2549,#2550,#2551,#2552,
#2553,#2554,#2555,#2556),.UNSPECIFIED.,.F.,.F.,(4,3,3,3,3,3,3,3,3,3,3,3,
3,3,3,4),(16.182604500896,16.2475541781066,16.9671924602018,17.6868307422969,
18.4064690243921,19.1261073064872,19.8457455885824,20.5653838706776,21.2850221527727,
22.0046604348679,22.7242987169631,23.4439369990582,24.4034547085184,25.3629724179786,
26.3224901274389,26.89884176772),.UNSPECIFIED.);
#347=B_SPLINE_CURVE_WITH_KNOTS('',3,(#2561,#2562,#2563,#2564,#2565,#2566,
#2567,#2568,#2569,#2570,#2571,#2572,#2573,#2574,#2575,#2576,#2577,#2578,
#2579,#2580,#2581,#2582,#2583,#2584,#2585,#2586,#2587,#2588,#2589,#2590,
#2591,#2592,#2593,#2594,#2595,#2596,#2597,#2598,#2599,#2600,#2601,#2602,
#2603,#2604,#2605,#2606),.UNSPECIFIED.,.F.,.F.,(4,3,3,3,3,3,3,3,3,3,3,3,
3,3,3,4),(17.9686617038378,18.6429351876852,19.6024310971365,20.5619270065879,
21.2815489386764,22.0011708707649,22.4809188254906,23.440414734942,24.1600366670305,
24.879658599119,25.5992805312076,26.3189024632961,27.0385243953846,27.7581463274731,
28.4777682595617,28.6846664161075),.UNSPECIFIED.);
#348=B_SPLINE_CURVE_WITH_KNOTS('',3,(#2607,#2608,#2609,#2610,#2611,#2612,
#2613,#2614,#2615,#2616,#2617,#2618,#2619,#2620,#2621,#2622,#2623,#2624,
#2625,#2626,#2627,#2628,#2629,#2630,#2631,#2632,#2633,#2634,#2635,#2636,
#2637,#2638,#2639,#2640,#2641,#2642,#2643,#2644,#2645,#2646,#2647,#2648,
#2649,#2650,#2651,#2652),.UNSPECIFIED.,.F.,.F.,(4,3,3,3,3,3,3,3,3,3,3,3,
3,3,3,4),(26.89884176772,27.282007892261,28.2415257403575,29.2010435884541,
29.9206819745265,30.6403203605989,31.3599587466713,32.0795971327437,32.7992355188161,
33.5188739048885,34.2385122909609,34.9581506770333,35.6777890631057,36.3974274491781,
37.1170658352505,37.6150805828773),.UNSPECIFIED.);
#349=B_SPLINE_CURVE_WITH_KNOTS('',3,(#2657,#2658,#2659,#2660,#2661,#2662,
#2663,#2664,#2665,#2666,#2667,#2668,#2669,#2670,#2671,#2672,#2673,#2674,
#2675,#2676,#2677,#2678,#2679,#2680,#2681,#2682,#2683,#2684,#2685,#2686,
#2687,#2688,#2689,#2690,#2691,#2692,#2693,#2694,#2695,#2696,#2697,#2698,
#2699),.UNSPECIFIED.,.F.,.F.,(4,3,3,3,3,3,3,3,3,3,3,3,3,3,4),(7.25277391110399,
7.96865230363141,9.04807342436332,9.76768750485126,10.4873015853392,11.2069156658272,
11.9265297463151,12.646143826803,13.365757907291,14.0853719877789,14.8049860682669,
15.7644715089175,16.7239569495681,17.6834423902187,17.9686617038378),
 .UNSPECIFIED.);
#350=B_SPLINE_CURVE_WITH_KNOTS('',3,(#2700,#2701,#2702,#2703,#2704,#2705,
#2706,#2707,#2708,#2709,#2710,#2711,#2712,#2713,#2714,#2715,#2716,#2717,
#2718,#2719,#2720,#2721,#2722,#2723,#2724,#2725,#2726,#2727,#2728,#2729,
#2730,#2731,#2732,#2733,#2734,#2735,#2736,#2737,#2738,#2739,#2740,#2741,
#2742),.UNSPECIFIED.,.F.,.F.,(4,3,3,3,3,3,3,3,3,3,3,3,3,3,4),(37.6150805828773,
37.8367030443877,38.7962157969524,39.2759721732347,39.9956067376582,40.7152413020817,
41.6747540546463,42.6342668072109,43.5937795597756,44.5532923123402,45.5128050649049,
46.4723178174695,47.191952381893,47.9115869463165,48.3312624895299),
 .UNSPECIFIED.);
#351=B_SPLINE_CURVE_WITH_KNOTS('',3,(#2748,#2749,#2750,#2751,#2752,#2753,
#2754),.UNSPECIFIED.,.F.,.F.,(4,3,4),(-5.72362661587601,-4.95624400468522,
-3.89045240524958),.UNSPECIFIED.);
#352=B_SPLINE_CURVE_WITH_KNOTS('',3,(#2757,#2758,#2759,#2760),
 .UNSPECIFIED.,.F.,.F.,(4,4),(-63.7249022051887,-63.6954724562308),
 .UNSPECIFIED.);
#353=B_SPLINE_CURVE_WITH_KNOTS('',3,(#2765,#2766,#2767,#2768,#2769,#2770,
#2771,#2772,#2773,#2774,#2775,#2776,#2777,#2778,#2779,#2780,#2781,#2782,
#2783,#2784,#2785,#2786,#2787,#2788,#2789,#2790,#2791,#2792,#2793,#2794,
#2795,#2796,#2797,#2798,#2799,#2800,#2801,#2802,#2803,#2804),
 .UNSPECIFIED.,.F.,.F.,(4,3,3,3,3,3,3,3,3,3,3,3,3,4),(-16.9439969222955,
-16.2585036462681,-15.8817572281664,-15.5050108100646,-14.5003536951266,
-13.4956965801886,-12.4910394652506,-11.4863823503126,-10.4817252353746,
-9.47706812043663,-8.34682886613138,-7.21658961182613,-6.08635035752089,
-5.72362661587601),.UNSPECIFIED.);
#354=B_SPLINE_CURVE_WITH_KNOTS('',3,(#2805,#2806,#2807,#2808,#2809,#2810,
#2811,#2812,#2813,#2814,#2815,#2816,#2817,#2818,#2819,#2820,#2821,#2822,
#2823,#2824,#2825,#2826,#2827,#2828,#2829,#2830,#2831,#2832,#2833,#2834,
#2835,#2836,#2837,#2838),.UNSPECIFIED.,.F.,.F.,(4,3,3,3,3,3,3,3,3,3,3,4),
(-63.6954724562308,-62.5946178516448,-61.4643726326758,-60.3341274137068,
-59.2038821947378,-58.0736369757688,-56.9433917567998,-55.8131465378308,
-54.6829013188618,-53.6782389020005,-52.6735764851391,-52.4750315070235),
 .UNSPECIFIED.);
#355=B_SPLINE_CURVE_WITH_KNOTS('',3,(#2843,#2844,#2845,#2846,#2847,#2848,
#2849,#2850,#2851,#2852,#2853,#2854,#2855,#2856,#2857,#2858,#2859,#2860,
#2861,#2862,#2863,#2864,#2865,#2866,#2867,#2868,#2869,#2870,#2871,#2872,
#2873,#2874,#2875,#2876,#2877,#2878,#2879,#2880,#2881,#2882,#2883,#2884,
#2885,#2886,#2887,#2888),.UNSPECIFIED.,.F.,.F.,(4,3,3,3,3,3,3,3,3,3,3,3,
3,3,3,4),(-28.1644301030849,-27.5609556822917,-26.5562929376463,-25.5516301930008,
-24.5469674483554,-23.7934703898713,-23.0399733313873,-22.2864762729032,
-21.5329792144191,-20.7794821559351,-20.025985097451,-19.2724880389669,
-18.5189909804828,-17.7654939219988,-17.0119968635147,-16.9439969222955),
 .UNSPECIFIED.);
#356=B_SPLINE_CURVE_WITH_KNOTS('',3,(#2889,#2890,#2891,#2892,#2893,#2894,
#2895,#2896,#2897,#2898,#2899,#2900,#2901,#2902,#2903,#2904,#2905,#2906,
#2907,#2908,#2909,#2910,#2911,#2912,#2913,#2914,#2915,#2916,#2917,#2918,
#2919,#2920,#2921,#2922,#2923,#2924,#2925,#2926,#2927,#2928,#2929,#2930,
#2931,#2932,#2933,#2934),.UNSPECIFIED.,.F.,.F.,(4,3,3,3,3,3,3,3,3,3,3,3,
3,3,3,4),(-52.4750315070235,-51.6689156396731,-50.6642551812382,-49.6595947228034,
-48.6549342643686,-48.2781865924555,-47.9014389205425,-47.1479435767163,
-46.3944482328902,-45.6409528890641,-44.8874575452379,-44.1339622014118,
-43.3804668575857,-42.6269715137596,-41.8734761699334,-41.254612430359),
 .UNSPECIFIED.);
#357=B_SPLINE_CURVE_WITH_KNOTS('',3,(#2939,#2940,#2941,#2942,#2943,#2944,
#2945,#2946,#2947,#2948,#2949,#2950,#2951,#2952,#2953,#2954,#2955,#2956,
#2957,#2958,#2959,#2960,#2961,#2962,#2963,#2964,#2965,#2966,#2967,#2968,
#2969,#2970,#2971,#2972,#2973,#2974,#2975,#2976,#2977,#2978,#2979,#2980,
#2981,#2982,#2983,#2984),.UNSPECIFIED.,.F.,.F.,(4,3,3,3,3,3,3,3,3,3,3,3,
3,3,3,4),(-39.38486474345,-38.8634129513027,-38.1099157948019,-37.356418638301,
-36.6029214818002,-35.8494243252994,-35.0959271687985,-34.3424300122977,
-33.5889328557969,-32.835435699296,-32.0819385427952,-31.3284413862944,
-30.5749442297936,-29.5702813544591,-28.5656184791247,-28.1644301030849),
 .UNSPECIFIED.);
#358=B_SPLINE_CURVE_WITH_KNOTS('',3,(#2985,#2986,#2987,#2988,#2989,#2990,
#2991,#2992,#2993,#2994,#2995,#2996,#2997,#2998,#2999,#3000,#3001,#3002,
#3003,#3004,#3005,#3006,#3007,#3008,#3009,#3010,#3011,#3012,#3013,#3014,
#3015,#3016,#3017,#3018,#3019,#3020,#3021,#3022,#3023,#3024,#3025,#3026,
#3027),.UNSPECIFIED.,.F.,.F.,(4,3,3,3,3,3,3,3,3,3,3,3,3,3,4),(-41.254612430359,
-41.1199818273612,-40.3664920872724,-39.6130023471835,-38.6083493603984,
-37.6036963736133,-36.5990433868281,-35.594390400043,-34.5897374132579,
-33.5850844264727,-32.8315946863839,-32.078104946295,-31.3246152062062,
-30.5711254661173,-30.034276799583),.UNSPECIFIED.);
#359=B_SPLINE_CURVE_WITH_KNOTS('',3,(#3032,#3033,#3034,#3035,#3036,#3037,
#3038,#3039,#3040,#3041,#3042,#3043,#3044,#3045,#3046,#3047,#3048,#3049,
#3050,#3051,#3052,#3053,#3054,#3055,#3056,#3057,#3058,#3059,#3060,#3061,
#3062,#3063,#3064,#3065,#3066,#3067,#3068,#3069,#3070,#3071,#3072,#3073,
#3074),.UNSPECIFIED.,.F.,.F.,(4,3,3,3,3,3,3,3,3,3,3,3,3,3,4),(-50.6052394437615,
-50.1658127060083,-49.4123195747365,-48.6588264434647,-47.6541689351022,
-46.6495114267398,-45.6448539183773,-44.6401964100149,-43.6355389016524,
-42.63088139329,-41.8773882620182,-41.1238951307463,-40.6215663765651,-39.6169088682026,
-39.38486474345),.UNSPECIFIED.);
#360=B_SPLINE_CURVE_WITH_KNOTS('',3,(#3075,#3076,#3077,#3078,#3079,#3080,
#3081,#3082,#3083,#3084,#3085,#3086,#3087,#3088,#3089,#3090,#3091,#3092,
#3093,#3094,#3095,#3096,#3097,#3098,#3099,#3100,#3101,#3102,#3103,#3104,
#3105,#3106,#3107,#3108,#3109,#3110,#3111,#3112,#3113,#3114,#3115,#3116,
#3117,#3118,#3119,#3120),.UNSPECIFIED.,.F.,.F.,(4,3,3,3,3,3,3,3,3,3,3,3,
3,3,3,4),(-30.034276799583,-29.817638542079,-29.0641585963707,-28.3106786506624,
-27.5571987049542,-26.8037187592459,-26.0502388135376,-25.2967588678294,
-24.5432789221211,-23.5386389945101,-23.0363190307046,-22.2828390849963,
-21.5293591392881,-20.5247192116771,-19.520079284066,-18.8140870183161),
 .UNSPECIFIED.);
#361=B_SPLINE_CURVE_WITH_KNOTS('',3,(#3125,#3126,#3127,#3128,#3129,#3130,
#3131,#3132,#3133,#3134,#3135,#3136,#3137,#3138,#3139,#3140,#3141,#3142,
#3143,#3144,#3145,#3146,#3147,#3148,#3149,#3150,#3151,#3152,#3153,#3154,
#3155,#3156,#3157,#3158,#3159,#3160,#3161,#3162,#3163,#3164),
 .UNSPECIFIED.,.F.,.F.,(4,3,3,3,3,3,3,3,3,3,3,3,3,4),(-61.8254921906223,
-61.4680916060024,-60.3378641936138,-59.2076367812251,-58.0774093688364,
-56.9471819564477,-55.8169545440591,-54.6867271316704,-53.9332421900779,
-53.1797572484855,-52.4262723068931,-51.6727873653006,-50.9193024237082,
-50.6052394437615),.UNSPECIFIED.);
#362=B_SPLINE_CURVE_WITH_KNOTS('',3,(#3165,#3166,#3167,#3168,#3169,#3170,
#3171,#3172,#3173,#3174,#3175,#3176,#3177,#3178,#3179,#3180,#3181,#3182,
#3183,#3184,#3185,#3186,#3187,#3188,#3189,#3190,#3191,#3192,#3193,#3194,
#3195,#3196,#3197,#3198,#3199,#3200,#3201,#3202,#3203,#3204,#3205,#3206,
#3207),.UNSPECIFIED.,.F.,.F.,(4,3,3,3,3,3,3,3,3,3,3,3,3,3,4),(-18.8140870183161,
-18.5154426292667,-17.5108137112759,-16.5061847932851,-15.5015558752943,
-14.7480841868012,-13.994612498308,-13.2411408098149,-12.4876691213218,
-11.7341974328287,-10.9807257443356,-10.2272540558424,-9.47378236734933,
-8.34357483460966,-7.59402019665144),.UNSPECIFIED.);
#363=B_SPLINE_CURVE_WITH_KNOTS('',3,(#3401,#3402,#3403,#3404,#3405,#3406,
#3407,#3408,#3409,#3410,#3411,#3412,#3413,#3414,#3415,#3416,#3417,#3418,
#3419,#3420,#3421,#3422,#3423,#3424,#3425,#3426,#3427,#3428,#3429,#3430,
#3431,#3432,#3433,#3434,#3435,#3436,#3437,#3438,#3439,#3440,#3441,#3442,
#3443,#3444,#3445,#3446,#3447,#3448,#3449,#3450,#3451,#3452,#3453,#3454,
#3455,#3456,#3457,#3458,#3459,#3460,#3461,#3462,#3463,#3464,#3465,#3466,
#3467,#3468,#3469,#3470,#3471,#3472,#3473,#3474,#3475,#3476,#3477,#3478,
#3479,#3480,#3481,#3482,#3483,#3484,#3485,#3486,#3487,#3488,#3489,#3490,
#3491,#3492,#3493,#3494,#3495,#3496,#3497,#3498,#3499,#3500,#3501,#3502,
#3503,#3504,#3505,#3506,#3507,#3508,#3509,#3510,#3511,#3512,#3513,#3514,
#3515),.UNSPECIFIED.,.F.,.F.,(4,3,3,3,3,3,3,3,3,3,3,3,3,3,3,3,3,3,3,3,3,
3,3,3,3,3,3,3,3,3,3,3,3,3,3,3,3,3,4),(0.,0.0612121385659081,0.17026167079701,
0.28092537161148,0.393095872265031,0.505416896167202,0.61722786075469,0.650543514452938,
0.663505571646078,0.674154204538494,0.786499800711234,0.899629648172965,
1.01256546376048,1.12443365615623,1.15027831992666,1.26303403880671,1.32502698502952,
1.3376867598604,1.34713569787555,1.46060888293756,1.57373074662407,1.68756186912176,
1.80145326193695,1.91482024104562,1.99984547537713,2.01808646859727,2.03017016022894,
2.14474823251472,2.25492117837164,2.36824532610056,2.48249088122904,2.59708293668378,
2.65516175095472,2.68913973308367,2.7034716319851,2.71506268860901,2.82938364037175,
2.94554854561152,3.0617134508513),.UNSPECIFIED.);
#364=B_SPLINE_CURVE_WITH_KNOTS('',3,(#3516,#3517,#3518,#3519,#3520,#3521,
#3522,#3523,#3524,#3525),.UNSPECIFIED.,.F.,.F.,(4,3,3,4),(-1.1262104632638,
-1.01241451658122,-0.896935095899012,-0.811706075942934),.UNSPECIFIED.);
#365=B_SPLINE_CURVE_WITH_KNOTS('',3,(#3526,#3527,#3528,#3529,#3530,#3531,
#3532,#3533,#3534,#3535,#3536,#3537,#3538,#3539,#3540,#3541,#3542,#3543,
#3544,#3545,#3546,#3547,#3548,#3549,#3550,#3551,#3552,#3553,#3554,#3555,
#3556,#3557,#3558,#3559,#3560,#3561,#3562,#3563,#3564,#3565,#3566,#3567,
#3568,#3569,#3570,#3571,#3572,#3573,#3574,#3575,#3576,#3577,#3578,#3579,
#3580,#3581,#3582,#3583,#3584,#3585,#3586,#3587,#3588,#3589,#3590,#3591,
#3592,#3593,#3594,#3595,#3596,#3597,#3598,#3599,#3600,#3601,#3602,#3603,
#3604,#3605,#3606,#3607,#3608,#3609,#3610,#3611,#3612,#3613,#3614,#3615,
#3616,#3617,#3618,#3619,#3620,#3621,#3622,#3623,#3624,#3625,#3626,#3627,
#3628,#3629,#3630,#3631,#3632,#3633,#3634,#3635,#3636,#3637,#3638,#3639,
#3640,#3641,#3642,#3643,#3644,#3645,#3646),.UNSPECIFIED.,.F.,.F.,(4,3,3,
3,3,3,3,3,3,3,3,3,3,3,3,3,3,3,3,3,3,3,3,3,3,3,3,3,3,3,3,3,3,3,3,3,3,3,3,
3,4),(0.,0.0640993313990802,0.177175182736543,0.291713762812266,0.407265508282293,
0.522576362124995,0.637005259825994,0.671308314918805,0.688050502570659,
0.699281186657775,0.813683102030918,0.928298110337604,1.04239753607953,
1.15507692403191,1.18585414131097,1.30050260218239,1.36238741443763,1.3774420039924,
1.38829351281926,1.50108927350013,1.61480973642013,1.72884886887237,1.84252948938311,
1.95456201660389,2.03858641201948,2.05703279788086,2.06802607198893,2.18095414962521,
2.29065959826623,2.40290893583652,2.51597795216138,2.62392650241761,2.71838148389181,
2.73056176955158,2.74186567100776,2.85376309361885,2.96618254934227,3.078148806932,
3.1892612451683,3.2983833395057,3.37956635421123),.UNSPECIFIED.);
#366=B_SPLINE_CURVE_WITH_KNOTS('',3,(#3658,#3659,#3660,#3661,#3662,#3663,
#3664,#3665,#3666,#3667,#3668,#3669,#3670),.UNSPECIFIED.,.F.,.F.,(4,3,3,
3,4),(-7.59402019665144,-7.21335501852995,-6.0831110149697,-4.95286701140944,
-3.88688986956396),.UNSPECIFIED.);
#367=B_SPLINE_CURVE_WITH_KNOTS('',3,(#3673,#3674,#3675,#3676,#3677,#3678,
#3679),.UNSPECIFIED.,.F.,.F.,(4,3,4),(-63.7285287130492,-62.5983118232533,
-61.8254921906223),.UNSPECIFIED.);
#368=B_SPLINE_CURVE_WITH_KNOTS('',3,(#3730,#3731,#3732,#3733,#3734,#3735,
#3736,#3737,#3738,#3739,#3740,#3741,#3742,#3743,#3744,#3745,#3746,#3747,
#3748,#3749,#3750,#3751,#3752,#3753,#3754,#3755,#3756,#3757,#3758,#3759,
#3760,#3761,#3762,#3763,#3764,#3765,#3766,#3767,#3768,#3769,#3770,#3771,
#3772,#3773,#3774,#3775,#3776,#3777,#3778,#3779,#3780,#3781,#3782,#3783,
#3784,#3785,#3786,#3787,#3788,#3789,#3790,#3791,#3792,#3793,#3794,#3795,
#3796,#3797,#3798,#3799,#3800,#3801,#3802,#3803,#3804,#3805,#3806,#3807,
#3808,#3809,#3810,#3811,#3812,#3813,#3814,#3815,#3816,#3817,#3818,#3819,
#3820,#3821,#3822,#3823,#3824,#3825,#3826,#3827,#3828,#3829,#3830,#3831,
#3832,#3833,#3834,#3835,#3836,#3837,#3838,#3839,#3840,#3841,#3842,#3843,
#3844,#3845,#3846,#3847),.UNSPECIFIED.,.F.,.F.,(4,3,3,3,3,3,3,3,3,3,3,3,
3,3,3,3,3,3,3,3,3,3,3,3,3,3,3,3,3,3,3,3,3,3,3,3,3,3,3,4),(0.706688724639268,
0.770816990781422,0.8840087807216,0.998637280749042,1.11422398060774,1.22953346403466,
1.31244249642012,1.38498789975739,1.39835310941916,1.51278029200169,1.62743217880799,
1.74157122235249,1.8542643240634,1.89280572311829,2.00748332955285,2.06937994560426,
2.08438708716288,2.19856734956445,2.31229771291583,2.42636876959918,2.54010280070946,
2.65453439712594,2.74035809443831,2.75355058940276,2.76419764555598,2.88101341596569,
2.9978291863754,3.11008060351036,3.22331337165013,3.3363129012666,3.41504671684503,
3.4300603303549,3.44153923504259,3.55359936798081,3.66599374494681,3.77792230367684,
3.88831175059118,3.96618342589408,4.07760529208385,4.08618817629713),
 .UNSPECIFIED.);
#369=B_SPLINE_CURVE_WITH_KNOTS('',3,(#3850,#3851,#3852,#3853,#3854,#3855,
#3856,#3857,#3858,#3859,#3860,#3861,#3862,#3863,#3864,#3865,#3866,#3867,
#3868,#3869,#3870,#3871,#3872,#3873,#3874,#3875,#3876,#3877,#3878,#3879,
#3880,#3881,#3882,#3883,#3884,#3885,#3886,#3887,#3888,#3889,#3890,#3891,
#3892,#3893,#3894,#3895,#3896,#3897,#3898,#3899,#3900,#3901,#3902,#3903,
#3904,#3905,#3906,#3907,#3908,#3909,#3910,#3911,#3912,#3913,#3914,#3915,
#3916,#3917,#3918,#3919,#3920,#3921,#3922,#3923,#3924,#3925,#3926,#3927,
#3928,#3929,#3930,#3931,#3932,#3933,#3934,#3935,#3936,#3937,#3938,#3939,
#3940,#3941,#3942,#3943,#3944,#3945,#3946,#3947,#3948,#3949,#3950,#3951,
#3952,#3953,#3954,#3955,#3956,#3957,#3958,#3959,#3960,#3961,#3962,#3963,
#3964,#3965,#3966,#3967,#3968,#3969,#3970,#3971,#3972,#3973,#3974,#3975,
#3976,#3977,#3978,#3979,#3980,#3981,#3982),.UNSPECIFIED.,.F.,.F.,(4,3,3,
3,3,3,3,3,3,3,3,3,3,3,3,3,3,3,3,3,3,3,3,3,3,3,3,3,3,3,3,3,3,3,3,3,3,3,3,
3,3,3,3,3,4),(0.870411539230135,0.931883707378569,1.04262681373377,1.15432320415518,
1.26257544910009,1.30993580626349,1.32309080404744,1.33376714923839,1.44532901746657,
1.55786048651961,1.67348065581832,1.78570859182113,1.89694975922013,1.95864546146728,
1.97840131830644,1.99118176197817,2.00179042505418,2.02034116371443,2.1301659997549,
2.2417175338459,2.3550228349154,2.46865174568383,2.58193423150996,2.6498502057791,
2.66589447556904,2.67918658507159,2.79329445278321,2.90768620386692,3.0214592832454,
3.12526202566308,3.23917163552454,3.30207707077116,3.33156399354301,3.34790305223326,
3.3624809294708,3.47572741184857,3.59017438469473,3.70528680673301,3.82042580993711,
3.93435420789621,4.01218030578976,4.03869305408084,4.052674189055,4.16810595061763,
4.24565859947042),.UNSPECIFIED.);
#370=B_SPLINE_CURVE_WITH_KNOTS('',3,(#4281,#4282,#4283,#4284,#4285,#4286,
#4287,#4288,#4289,#4290,#4291,#4292,#4293,#4294,#4295,#4296,#4297,#4298,
#4299,#4300,#4301,#4302,#4303,#4304,#4305,#4306,#4307,#4308,#4309,#4310,
#4311,#4312,#4313,#4314),.UNSPECIFIED.,.F.,.F.,(4,3,3,3,3,3,3,3,3,3,3,4),
(48.3312624895299,48.6312180257947,49.3508442294525,50.0704704331104,50.7900966367682,
51.509722840426,52.2293490440839,53.3087883495706,54.3882276550574,55.4676669605441,
56.5471062660309,57.5651708795073),.UNSPECIFIED.);
#371=B_SPLINE_CURVE_WITH_KNOTS('',3,(#4316,#4317,#4318,#4319,#4320,#4321,
#4322,#4323,#4324,#4325,#4326,#4327,#4328,#4329,#4330,#4331,#4332,#4333,
#4334,#4335,#4336,#4337),.UNSPECIFIED.,.F.,.F.,(4,3,3,3,3,3,3,4),(0.412550736191386,
1.49199611561196,2.57144149503254,3.65088687445312,4.7303322538737,5.80977763329427,
6.88922301271485,7.25277391110399),.UNSPECIFIED.);
#372=LINE('',#2329,#541);
#373=LINE('',#2377,#542);
#374=LINE('',#2467,#543);
#375=LINE('',#2560,#544);
#376=LINE('',#2656,#545);
#377=LINE('',#2746,#546);
#378=LINE('',#2764,#547);
#379=LINE('',#2842,#548);
#380=LINE('',#2938,#549);
#381=LINE('',#3031,#550);
#382=LINE('',#3124,#551);
#383=LINE('',#3211,#552);
#384=LINE('',#3213,#553);
#385=LINE('',#3215,#554);
#386=LINE('',#3216,#555);
#387=LINE('',#3219,#556);
#388=LINE('',#3221,#557);
#389=LINE('',#3223,#558);
#390=LINE('',#3225,#559);
#391=LINE('',#3227,#560);
#392=LINE('',#3229,#561);
#393=LINE('',#3231,#562);
#394=LINE('',#3233,#563);
#395=LINE('',#3234,#564);
#396=LINE('',#3237,#565);
#397=LINE('',#3239,#566);
#398=LINE('',#3241,#567);
#399=LINE('',#3243,#568);
#400=LINE('',#3245,#569);
#401=LINE('',#3246,#570);
#402=LINE('',#3253,#571);
#403=LINE('',#3255,#572);
#404=LINE('',#3256,#573);
#405=LINE('',#3259,#574);
#406=LINE('',#3261,#575);
#407=LINE('',#3262,#576);
#408=LINE('',#3265,#577);
#409=LINE('',#3267,#578);
#410=LINE('',#3269,#579);
#411=LINE('',#3271,#580);
#412=LINE('',#3273,#581);
#413=LINE('',#3274,#582);
#414=LINE('',#3284,#583);
#415=LINE('',#3287,#584);
#416=LINE('',#3291,#585);
#417=LINE('',#3296,#586);
#418=LINE('',#3299,#587);
#419=LINE('',#3301,#588);
#420=LINE('',#3302,#589);
#421=LINE('',#3309,#590);
#422=LINE('',#3310,#591);
#423=LINE('',#3313,#592);
#424=LINE('',#3315,#593);
#425=LINE('',#3317,#594);
#426=LINE('',#3319,#595);
#427=LINE('',#3321,#596);
#428=LINE('',#3322,#597);
#429=LINE('',#3325,#598);
#430=LINE('',#3327,#599);
#431=LINE('',#3329,#600);
#432=LINE('',#3331,#601);
#433=LINE('',#3333,#602);
#434=LINE('',#3334,#603);
#435=LINE('',#3337,#604);
#436=LINE('',#3339,#605);
#437=LINE('',#3341,#606);
#438=LINE('',#3351,#607);
#439=LINE('',#3353,#608);
#440=LINE('',#3354,#609);
#441=LINE('',#3357,#610);
#442=LINE('',#3359,#611);
#443=LINE('',#3361,#612);
#444=LINE('',#3363,#613);
#445=LINE('',#3365,#614);
#446=LINE('',#3366,#615);
#447=LINE('',#3368,#616);
#448=LINE('',#3370,#617);
#449=LINE('',#3372,#618);
#450=LINE('',#3374,#619);
#451=LINE('',#3375,#620);
#452=LINE('',#3376,#621);
#453=LINE('',#3378,#622);
#454=LINE('',#3379,#623);
#455=LINE('',#3383,#624);
#456=LINE('',#3392,#625);
#457=LINE('',#3394,#626);
#458=LINE('',#3396,#627);
#459=LINE('',#3651,#628);
#460=LINE('',#3655,#629);
#461=LINE('',#3685,#630);
#462=LINE('',#3687,#631);
#463=LINE('',#3688,#632);
#464=LINE('',#3691,#633);
#465=LINE('',#3693,#634);
#466=LINE('',#3694,#635);
#467=LINE('',#3702,#636);
#468=LINE('',#3704,#637);
#469=LINE('',#3705,#638);
#470=LINE('',#3708,#639);
#471=LINE('',#3710,#640);
#472=LINE('',#3711,#641);
#473=LINE('',#3714,#642);
#474=LINE('',#3715,#643);
#475=LINE('',#3718,#644);
#476=LINE('',#3719,#645);
#477=LINE('',#3722,#646);
#478=LINE('',#3723,#647);
#479=LINE('',#3726,#648);
#480=LINE('',#3727,#649);
#481=LINE('',#4635,#650);
#482=LINE('',#4636,#651);
#483=LINE('',#4639,#652);
#484=LINE('',#4644,#653);
#485=LINE('',#4647,#654);
#486=LINE('',#4652,#655);
#487=LINE('',#4655,#656);
#488=LINE('',#4658,#657);
#489=LINE('',#4662,#658);
#490=LINE('',#4663,#659);
#491=LINE('',#4673,#660);
#492=LINE('',#4678,#661);
#493=LINE('',#4681,#662);
#494=LINE('',#4683,#663);
#495=LINE('',#4684,#664);
#496=LINE('',#4687,#665);
#497=LINE('',#4688,#666);
#498=LINE('',#4691,#667);
#499=LINE('',#4692,#668);
#500=LINE('',#4695,#669);
#501=LINE('',#4696,#670);
#502=LINE('',#4699,#671);
#503=LINE('',#4700,#672);
#504=LINE('',#4702,#673);
#505=LINE('',#4707,#674);
#506=LINE('',#4709,#675);
#507=LINE('',#4711,#676);
#508=LINE('',#4713,#677);
#509=LINE('',#4715,#678);
#510=LINE('',#4716,#679);
#511=LINE('',#4718,#680);
#512=LINE('',#4719,#681);
#513=LINE('',#4721,#682);
#514=LINE('',#4723,#683);
#515=LINE('',#4725,#684);
#516=LINE('',#4727,#685);
#517=LINE('',#4733,#686);
#518=LINE('',#4738,#687);
#519=LINE('',#4740,#688);
#520=LINE('',#4742,#689);
#521=LINE('',#4743,#690);
#522=LINE('',#4749,#691);
#523=LINE('',#4752,#692);
#524=LINE('',#4756,#693);
#525=LINE('',#4766,#694);
#526=LINE('',#4767,#695);
#527=LINE('',#4768,#696);
#528=LINE('',#4771,#697);
#529=LINE('',#4773,#698);
#530=LINE('',#4776,#699);
#531=LINE('',#4777,#700);
#532=LINE('',#4778,#701);
#533=LINE('',#4781,#702);
#534=LINE('',#4782,#703);
#535=LINE('',#4785,#704);
#536=LINE('',#4786,#705);
#537=LINE('',#4787,#706);
#538=LINE('',#4789,#707);
#539=LINE('',#4791,#708);
#540=LINE('',#4792,#709);
#541=VECTOR('',#1888,17.06595);
#542=VECTOR('',#1893,17.06595);
#543=VECTOR('',#1896,17.06595);
#544=VECTOR('',#1899,17.06595);
#545=VECTOR('',#1902,17.06595);
#546=VECTOR('',#1905,17.);
#547=VECTOR('',#1910,17.);
#548=VECTOR('',#1913,17.);
#549=VECTOR('',#1916,17.);
#550=VECTOR('',#1919,17.);
#551=VECTOR('',#1922,17.);
#552=VECTOR('',#1925,10.);
#553=VECTOR('',#1926,10.);
#554=VECTOR('',#1927,10.);
#555=VECTOR('',#1928,10.);
#556=VECTOR('',#1931,10.);
#557=VECTOR('',#1932,10.);
#558=VECTOR('',#1933,10.);
#559=VECTOR('',#1934,10.);
#560=VECTOR('',#1935,10.);
#561=VECTOR('',#1936,10.);
#562=VECTOR('',#1937,10.);
#563=VECTOR('',#1938,10.);
#564=VECTOR('',#1939,10.);
#565=VECTOR('',#1942,10.);
#566=VECTOR('',#1943,10.);
#567=VECTOR('',#1944,10.);
#568=VECTOR('',#1945,10.);
#569=VECTOR('',#1946,10.);
#570=VECTOR('',#1947,10.);
#571=VECTOR('',#1954,10.);
#572=VECTOR('',#1955,10.);
#573=VECTOR('',#1956,10.);
#574=VECTOR('',#1959,10.);
#575=VECTOR('',#1960,10.);
#576=VECTOR('',#1961,10.);
#577=VECTOR('',#1964,10.);
#578=VECTOR('',#1965,10.);
#579=VECTOR('',#1966,10.);
#580=VECTOR('',#1967,10.);
#581=VECTOR('',#1968,10.);
#582=VECTOR('',#1969,10.);
#583=VECTOR('',#1980,10.);
#584=VECTOR('',#1983,10.);
#585=VECTOR('',#1986,10.);
#586=VECTOR('',#1993,10.);
#587=VECTOR('',#1996,10.);
#588=VECTOR('',#1997,10.);
#589=VECTOR('',#1998,10.);
#590=VECTOR('',#2001,10.);
#591=VECTOR('',#2002,10.);
#592=VECTOR('',#2003,10.);
#593=VECTOR('',#2004,10.);
#594=VECTOR('',#2005,10.);
#595=VECTOR('',#2006,10.);
#596=VECTOR('',#2007,10.);
#597=VECTOR('',#2008,10.);
#598=VECTOR('',#2009,10.);
#599=VECTOR('',#2010,10.);
#600=VECTOR('',#2011,10.);
#601=VECTOR('',#2012,10.);
#602=VECTOR('',#2013,10.);
#603=VECTOR('',#2014,10.);
#604=VECTOR('',#2017,10.);
#605=VECTOR('',#2018,10.);
#606=VECTOR('',#2019,10.);
#607=VECTOR('',#2026,10.);
#608=VECTOR('',#2027,10.);
#609=VECTOR('',#2028,10.);
#610=VECTOR('',#2031,10.);
#611=VECTOR('',#2032,10.);
#612=VECTOR('',#2033,10.);
#613=VECTOR('',#2034,10.);
#614=VECTOR('',#2035,10.);
#615=VECTOR('',#2036,10.);
#616=VECTOR('',#2037,10.);
#617=VECTOR('',#2038,10.);
#618=VECTOR('',#2039,10.);
#619=VECTOR('',#2040,10.);
#620=VECTOR('',#2041,10.);
#621=VECTOR('',#2042,10.);
#622=VECTOR('',#2045,10.);
#623=VECTOR('',#2046,10.);
#624=VECTOR('',#2051,10.);
#625=VECTOR('',#2060,10.);
#626=VECTOR('',#2061,10.);
#627=VECTOR('',#2062,10.);
#628=VECTOR('',#2073,10.);
#629=VECTOR('',#2080,10.);
#630=VECTOR('',#2089,10.);
#631=VECTOR('',#2090,10.);
#632=VECTOR('',#2091,10.);
#633=VECTOR('',#2094,10.);
#634=VECTOR('',#2095,10.);
#635=VECTOR('',#2096,10.);
#636=VECTOR('',#2103,10.);
#637=VECTOR('',#2104,10.);
#638=VECTOR('',#2105,10.);
#639=VECTOR('',#2108,10.);
#640=VECTOR('',#2109,10.);
#641=VECTOR('',#2110,10.);
#642=VECTOR('',#2113,10.);
#643=VECTOR('',#2114,10.);
#644=VECTOR('',#2117,10.);
#645=VECTOR('',#2118,10.);
#646=VECTOR('',#2121,10.);
#647=VECTOR('',#2122,10.);
#648=VECTOR('',#2125,10.);
#649=VECTOR('',#2126,10.);
#650=VECTOR('',#2139,10.);
#651=VECTOR('',#2140,10.);
#652=VECTOR('',#2143,1.64999999999999);
#653=VECTOR('',#2150,1.64999999999999);
#654=VECTOR('',#2153,1.65000000000001);
#655=VECTOR('',#2160,1.65000000000001);
#656=VECTOR('',#2163,10.);
#657=VECTOR('',#2168,10.);
#658=VECTOR('',#2173,10.);
#659=VECTOR('',#2174,10.);
#660=VECTOR('',#2191,2.79999999999999);
#661=VECTOR('',#2198,2.80000000000001);
#662=VECTOR('',#2201,10.);
#663=VECTOR('',#2202,10.);
#664=VECTOR('',#2203,10.);
#665=VECTOR('',#2206,10.);
#666=VECTOR('',#2207,10.);
#667=VECTOR('',#2210,10.);
#668=VECTOR('',#2211,10.);
#669=VECTOR('',#2214,10.);
#670=VECTOR('',#2215,10.);
#671=VECTOR('',#2218,10.);
#672=VECTOR('',#2219,10.);
#673=VECTOR('',#2222,10.);
#674=VECTOR('',#2227,10.);
#675=VECTOR('',#2228,10.);
#676=VECTOR('',#2229,10.);
#677=VECTOR('',#2230,10.);
#678=VECTOR('',#2231,10.);
#679=VECTOR('',#2232,10.);
#680=VECTOR('',#2235,10.);
#681=VECTOR('',#2236,10.);
#682=VECTOR('',#2239,10.);
#683=VECTOR('',#2242,10.);
#684=VECTOR('',#2245,10.);
#685=VECTOR('',#2248,10.);
#686=VECTOR('',#2255,1.65000000000001);
#687=VECTOR('',#2260,10.);
#688=VECTOR('',#2261,10.);
#689=VECTOR('',#2262,10.);
#690=VECTOR('',#2263,10.);
#691=VECTOR('',#2268,10.);
#692=VECTOR('',#2271,10.);
#693=VECTOR('',#2276,10.);
#694=VECTOR('',#2289,10.);
#695=VECTOR('',#2290,10.);
#696=VECTOR('',#2291,10.);
#697=VECTOR('',#2294,10.);
#698=VECTOR('',#2295,10.);
#699=VECTOR('',#2300,12.5);
#700=VECTOR('',#2301,10.);
#701=VECTOR('',#2302,10.);
#702=VECTOR('',#2305,10.);
#703=VECTOR('',#2306,10.);
#704=VECTOR('',#2309,10.);
#705=VECTOR('',#2310,10.);
#706=VECTOR('',#2311,10.);
#707=VECTOR('',#2314,10.);
#708=VECTOR('',#2317,10.);
#709=VECTOR('',#2318,10.);
#710=VERTEX_POINT('',#2327);
#711=VERTEX_POINT('',#2328);
#712=VERTEX_POINT('',#2330);
#713=VERTEX_POINT('',#2356);
#714=VERTEX_POINT('',#2375);
#715=VERTEX_POINT('',#2376);
#716=VERTEX_POINT('',#2465);
#717=VERTEX_POINT('',#2466);
#718=VERTEX_POINT('',#2558);
#719=VERTEX_POINT('',#2559);
#720=VERTEX_POINT('',#2654);
#721=VERTEX_POINT('',#2655);
#722=VERTEX_POINT('',#2744);
#723=VERTEX_POINT('',#2745);
#724=VERTEX_POINT('',#2747);
#725=VERTEX_POINT('',#2755);
#726=VERTEX_POINT('',#2762);
#727=VERTEX_POINT('',#2763);
#728=VERTEX_POINT('',#2840);
#729=VERTEX_POINT('',#2841);
#730=VERTEX_POINT('',#2936);
#731=VERTEX_POINT('',#2937);
#732=VERTEX_POINT('',#3029);
#733=VERTEX_POINT('',#3030);
#734=VERTEX_POINT('',#3122);
#735=VERTEX_POINT('',#3123);
#736=VERTEX_POINT('',#3209);
#737=VERTEX_POINT('',#3210);
#738=VERTEX_POINT('',#3212);
#739=VERTEX_POINT('',#3214);
#740=VERTEX_POINT('',#3218);
#741=VERTEX_POINT('',#3220);
#742=VERTEX_POINT('',#3222);
#743=VERTEX_POINT('',#3224);
#744=VERTEX_POINT('',#3226);
#745=VERTEX_POINT('',#3228);
#746=VERTEX_POINT('',#3230);
#747=VERTEX_POINT('',#3232);
#748=VERTEX_POINT('',#3236);
#749=VERTEX_POINT('',#3238);
#750=VERTEX_POINT('',#3240);
#751=VERTEX_POINT('',#3242);
#752=VERTEX_POINT('',#3244);
#753=VERTEX_POINT('',#3247);
#754=VERTEX_POINT('',#3249);
#755=VERTEX_POINT('',#3252);
#756=VERTEX_POINT('',#3254);
#757=VERTEX_POINT('',#3258);
#758=VERTEX_POINT('',#3260);
#759=VERTEX_POINT('',#3264);
#760=VERTEX_POINT('',#3266);
#761=VERTEX_POINT('',#3268);
#762=VERTEX_POINT('',#3270);
#763=VERTEX_POINT('',#3272);
#764=VERTEX_POINT('',#3275);
#765=VERTEX_POINT('',#3277);
#766=VERTEX_POINT('',#3280);
#767=VERTEX_POINT('',#3282);
#768=VERTEX_POINT('',#3286);
#769=VERTEX_POINT('',#3288);
#770=VERTEX_POINT('',#3290);
#771=VERTEX_POINT('',#3294);
#772=VERTEX_POINT('',#3298);
#773=VERTEX_POINT('',#3300);
#774=VERTEX_POINT('',#3304);
#775=VERTEX_POINT('',#3308);
#776=VERTEX_POINT('',#3311);
#777=VERTEX_POINT('',#3312);
#778=VERTEX_POINT('',#3314);
#779=VERTEX_POINT('',#3316);
#780=VERTEX_POINT('',#3318);
#781=VERTEX_POINT('',#3320);
#782=VERTEX_POINT('',#3323);
#783=VERTEX_POINT('',#3324);
#784=VERTEX_POINT('',#3326);
#785=VERTEX_POINT('',#3328);
#786=VERTEX_POINT('',#3330);
#787=VERTEX_POINT('',#3332);
#788=VERTEX_POINT('',#3336);
#789=VERTEX_POINT('',#3338);
#790=VERTEX_POINT('',#3340);
#791=VERTEX_POINT('',#3345);
#792=VERTEX_POINT('',#3347);
#793=VERTEX_POINT('',#3350);
#794=VERTEX_POINT('',#3352);
#795=VERTEX_POINT('',#3356);
#796=VERTEX_POINT('',#3358);
#797=VERTEX_POINT('',#3360);
#798=VERTEX_POINT('',#3362);
#799=VERTEX_POINT('',#3364);
#800=VERTEX_POINT('',#3367);
#801=VERTEX_POINT('',#3369);
#802=VERTEX_POINT('',#3371);
#803=VERTEX_POINT('',#3373);
#804=VERTEX_POINT('',#3382);
#805=VERTEX_POINT('',#3384);
#806=VERTEX_POINT('',#3388);
#807=VERTEX_POINT('',#3389);
#808=VERTEX_POINT('',#3391);
#809=VERTEX_POINT('',#3393);
#810=VERTEX_POINT('',#3395);
#811=VERTEX_POINT('',#3397);
#812=VERTEX_POINT('',#3400);
#813=VERTEX_POINT('',#3650);
#814=VERTEX_POINT('',#3657);
#815=VERTEX_POINT('',#3671);
#816=VERTEX_POINT('',#3681);
#817=VERTEX_POINT('',#3682);
#818=VERTEX_POINT('',#3684);
#819=VERTEX_POINT('',#3686);
#820=VERTEX_POINT('',#3690);
#821=VERTEX_POINT('',#3692);
#822=VERTEX_POINT('',#3696);
#823=VERTEX_POINT('',#3697);
#824=VERTEX_POINT('',#3699);
#825=VERTEX_POINT('',#3701);
#826=VERTEX_POINT('',#3703);
#827=VERTEX_POINT('',#3707);
#828=VERTEX_POINT('',#3709);
#829=VERTEX_POINT('',#3713);
#830=VERTEX_POINT('',#3717);
#831=VERTEX_POINT('',#3721);
#832=VERTEX_POINT('',#3725);
#833=VERTEX_POINT('',#3729);
#834=VERTEX_POINT('',#3848);
#835=VERTEX_POINT('',#4638);
#836=VERTEX_POINT('',#4642);
#837=VERTEX_POINT('',#4646);
#838=VERTEX_POINT('',#4650);
#839=VERTEX_POINT('',#4654);
#840=VERTEX_POINT('',#4661);
#841=VERTEX_POINT('',#4670);
#842=VERTEX_POINT('',#4675);
#843=VERTEX_POINT('',#4680);
#844=VERTEX_POINT('',#4682);
#845=VERTEX_POINT('',#4686);
#846=VERTEX_POINT('',#4690);
#847=VERTEX_POINT('',#4694);
#848=VERTEX_POINT('',#4698);
#849=VERTEX_POINT('',#4705);
#850=VERTEX_POINT('',#4706);
#851=VERTEX_POINT('',#4708);
#852=VERTEX_POINT('',#4710);
#853=VERTEX_POINT('',#4712);
#854=VERTEX_POINT('',#4714);
#855=VERTEX_POINT('',#4730);
#856=VERTEX_POINT('',#4732);
#857=VERTEX_POINT('',#4736);
#858=VERTEX_POINT('',#4737);
#859=VERTEX_POINT('',#4739);
#860=VERTEX_POINT('',#4741);
#861=VERTEX_POINT('',#4745);
#862=VERTEX_POINT('',#4746);
#863=VERTEX_POINT('',#4748);
#864=VERTEX_POINT('',#4750);
#865=VERTEX_POINT('',#4754);
#866=VERTEX_POINT('',#4760);
#867=VERTEX_POINT('',#4764);
#868=VERTEX_POINT('',#4765);
#869=VERTEX_POINT('',#4770);
#870=VERTEX_POINT('',#4772);
#871=VERTEX_POINT('',#4780);
#872=VERTEX_POINT('',#4784);
#873=EDGE_CURVE('',#710,#711,#372,.T.);
#874=EDGE_CURVE('',#710,#712,#341,.T.);
#875=EDGE_CURVE('',#713,#712,#296,.T.);
#876=EDGE_CURVE('',#711,#713,#342,.F.);
#877=EDGE_CURVE('',#714,#715,#373,.T.);
#878=EDGE_CURVE('',#714,#710,#343,.T.);
#879=EDGE_CURVE('',#715,#711,#344,.F.);
#880=EDGE_CURVE('',#716,#717,#374,.T.);
#881=EDGE_CURVE('',#716,#714,#345,.T.);
#882=EDGE_CURVE('',#717,#715,#346,.F.);
#883=EDGE_CURVE('',#718,#719,#375,.T.);
#884=EDGE_CURVE('',#718,#716,#347,.T.);
#885=EDGE_CURVE('',#719,#717,#348,.F.);
#886=EDGE_CURVE('',#720,#721,#376,.T.);
#887=EDGE_CURVE('',#720,#718,#349,.T.);
#888=EDGE_CURVE('',#721,#719,#350,.F.);
#889=EDGE_CURVE('',#722,#723,#377,.T.);
#890=EDGE_CURVE('',#722,#724,#351,.T.);
#891=EDGE_CURVE('',#725,#724,#297,.T.);
#892=EDGE_CURVE('',#725,#723,#352,.T.);
#893=EDGE_CURVE('',#726,#727,#378,.T.);
#894=EDGE_CURVE('',#726,#722,#353,.T.);
#895=EDGE_CURVE('',#723,#727,#354,.T.);
#896=EDGE_CURVE('',#728,#729,#379,.T.);
#897=EDGE_CURVE('',#728,#726,#355,.T.);
#898=EDGE_CURVE('',#727,#729,#356,.T.);
#899=EDGE_CURVE('',#730,#731,#380,.T.);
#900=EDGE_CURVE('',#730,#728,#357,.T.);
#901=EDGE_CURVE('',#729,#731,#358,.T.);
#902=EDGE_CURVE('',#732,#733,#381,.T.);
#903=EDGE_CURVE('',#732,#730,#359,.T.);
#904=EDGE_CURVE('',#731,#733,#360,.T.);
#905=EDGE_CURVE('',#734,#735,#382,.T.);
#906=EDGE_CURVE('',#734,#732,#361,.T.);
#907=EDGE_CURVE('',#733,#735,#362,.T.);
#908=EDGE_CURVE('',#736,#737,#383,.T.);
#909=EDGE_CURVE('',#737,#738,#384,.T.);
#910=EDGE_CURVE('',#738,#739,#385,.T.);
#911=EDGE_CURVE('',#739,#736,#386,.T.);
#912=EDGE_CURVE('',#736,#740,#387,.T.);
#913=EDGE_CURVE('',#740,#741,#388,.T.);
#914=EDGE_CURVE('',#741,#742,#389,.T.);
#915=EDGE_CURVE('',#743,#742,#390,.T.);
#916=EDGE_CURVE('',#743,#744,#391,.T.);
#917=EDGE_CURVE('',#745,#744,#392,.T.);
#918=EDGE_CURVE('',#745,#746,#393,.T.);
#919=EDGE_CURVE('',#747,#746,#394,.T.);
#920=EDGE_CURVE('',#747,#737,#395,.T.);
#921=EDGE_CURVE('',#748,#739,#396,.F.);
#922=EDGE_CURVE('',#749,#748,#397,.F.);
#923=EDGE_CURVE('',#749,#750,#398,.F.);
#924=EDGE_CURVE('',#751,#750,#399,.T.);
#925=EDGE_CURVE('',#751,#752,#400,.F.);
#926=EDGE_CURVE('',#740,#752,#401,.F.);
#927=EDGE_CURVE('',#753,#753,#298,.T.);
#928=EDGE_CURVE('',#754,#754,#299,.T.);
#929=EDGE_CURVE('',#742,#755,#402,.T.);
#930=EDGE_CURVE('',#755,#756,#403,.T.);
#931=EDGE_CURVE('',#756,#743,#404,.T.);
#932=EDGE_CURVE('',#755,#757,#405,.T.);
#933=EDGE_CURVE('',#757,#758,#406,.T.);
#934=EDGE_CURVE('',#758,#756,#407,.T.);
#935=EDGE_CURVE('',#759,#741,#408,.F.);
#936=EDGE_CURVE('',#759,#760,#409,.F.);
#937=EDGE_CURVE('',#761,#760,#410,.T.);
#938=EDGE_CURVE('',#761,#762,#411,.F.);
#939=EDGE_CURVE('',#763,#762,#412,.F.);
#940=EDGE_CURVE('',#755,#763,#413,.F.);
#941=EDGE_CURVE('',#764,#764,#300,.T.);
#942=EDGE_CURVE('',#765,#765,#301,.T.);
#943=EDGE_CURVE('',#766,#745,#302,.T.);
#944=EDGE_CURVE('',#744,#767,#303,.T.);
#945=EDGE_CURVE('',#767,#766,#414,.T.);
#946=EDGE_CURVE('',#766,#768,#415,.T.);
#947=EDGE_CURVE('',#769,#768,#304,.T.);
#948=EDGE_CURVE('',#769,#770,#416,.T.);
#949=EDGE_CURVE('',#746,#770,#305,.T.);
#950=EDGE_CURVE('',#771,#747,#306,.T.);
#951=EDGE_CURVE('',#770,#771,#417,.T.);
#952=EDGE_CURVE('',#772,#771,#418,.T.);
#953=EDGE_CURVE('',#772,#773,#419,.F.);
#954=EDGE_CURVE('',#738,#773,#420,.T.);
#955=EDGE_CURVE('',#774,#769,#20,.F.);
#956=EDGE_CURVE('',#775,#774,#421,.T.);
#957=EDGE_CURVE('',#772,#775,#422,.T.);
#958=EDGE_CURVE('',#776,#777,#423,.T.);
#959=EDGE_CURVE('',#777,#778,#424,.T.);
#960=EDGE_CURVE('',#778,#779,#425,.T.);
#961=EDGE_CURVE('',#779,#780,#426,.T.);
#962=EDGE_CURVE('',#780,#781,#427,.T.);
#963=EDGE_CURVE('',#781,#776,#428,.T.);
#964=EDGE_CURVE('',#782,#783,#429,.T.);
#965=EDGE_CURVE('',#783,#784,#430,.T.);
#966=EDGE_CURVE('',#784,#785,#431,.T.);
#967=EDGE_CURVE('',#785,#786,#432,.T.);
#968=EDGE_CURVE('',#786,#787,#433,.T.);
#969=EDGE_CURVE('',#787,#782,#434,.T.);
#970=EDGE_CURVE('',#767,#788,#435,.T.);
#971=EDGE_CURVE('',#789,#788,#436,.T.);
#972=EDGE_CURVE('',#789,#790,#437,.T.);
#973=EDGE_CURVE('',#768,#790,#21,.F.);
#974=EDGE_CURVE('',#791,#791,#307,.T.);
#975=EDGE_CURVE('',#792,#792,#308,.T.);
#976=EDGE_CURVE('',#793,#775,#438,.T.);
#977=EDGE_CURVE('',#793,#794,#439,.T.);
#978=EDGE_CURVE('',#773,#794,#440,.T.);
#979=EDGE_CURVE('',#795,#793,#441,.T.);
#980=EDGE_CURVE('',#796,#795,#442,.T.);
#981=EDGE_CURVE('',#797,#796,#443,.T.);
#982=EDGE_CURVE('',#798,#797,#444,.T.);
#983=EDGE_CURVE('',#799,#798,#445,.T.);
#984=EDGE_CURVE('',#757,#799,#446,.T.);
#985=EDGE_CURVE('',#800,#763,#447,.F.);
#986=EDGE_CURVE('',#800,#801,#448,.T.);
#987=EDGE_CURVE('',#802,#801,#449,.T.);
#988=EDGE_CURVE('',#802,#803,#450,.T.);
#989=EDGE_CURVE('',#803,#748,#451,.T.);
#990=EDGE_CURVE('',#794,#739,#452,.T.);
#991=EDGE_CURVE('',#799,#789,#453,.T.);
#992=EDGE_CURVE('',#758,#788,#454,.F.);
#993=EDGE_CURVE('',#804,#798,#455,.T.);
#994=EDGE_CURVE('',#804,#805,#309,.T.);
#995=EDGE_CURVE('',#790,#805,#310,.T.);
#996=EDGE_CURVE('',#806,#807,#311,.T.);
#997=EDGE_CURVE('',#806,#808,#456,.T.);
#998=EDGE_CURVE('',#809,#808,#457,.T.);
#999=EDGE_CURVE('',#809,#810,#458,.T.);
#1000=EDGE_CURVE('',#811,#810,#312,.T.);
#1001=EDGE_CURVE('',#807,#811,#313,.T.);
#1002=EDGE_CURVE('',#712,#812,#363,.T.);
#1003=EDGE_CURVE('',#725,#812,#364,.T.);
#1004=EDGE_CURVE('',#724,#713,#365,.T.);
#1005=EDGE_CURVE('',#752,#759,#314,.T.);
#1006=EDGE_CURVE('',#813,#811,#459,.T.);
#1007=EDGE_CURVE('',#813,#774,#315,.T.);
#1008=EDGE_CURVE('',#769,#774,#316,.T.);
#1009=EDGE_CURVE('',#790,#768,#317,.T.);
#1010=EDGE_CURVE('',#807,#805,#460,.T.);
#1011=EDGE_CURVE('',#735,#814,#366,.T.);
#1012=EDGE_CURVE('',#815,#814,#318,.T.);
#1013=EDGE_CURVE('',#815,#734,#367,.T.);
#1014=EDGE_CURVE('',#816,#817,#319,.T.);
#1015=EDGE_CURVE('',#817,#818,#461,.T.);
#1016=EDGE_CURVE('',#818,#819,#462,.T.);
#1017=EDGE_CURVE('',#819,#816,#463,.T.);
#1018=EDGE_CURVE('',#820,#816,#464,.T.);
#1019=EDGE_CURVE('',#819,#821,#465,.T.);
#1020=EDGE_CURVE('',#820,#821,#466,.T.);
#1021=EDGE_CURVE('',#822,#823,#320,.T.);
#1022=EDGE_CURVE('',#823,#824,#321,.T.);
#1023=EDGE_CURVE('',#824,#825,#467,.T.);
#1024=EDGE_CURVE('',#825,#826,#468,.T.);
#1025=EDGE_CURVE('',#826,#822,#469,.T.);
#1026=EDGE_CURVE('',#827,#822,#470,.T.);
#1027=EDGE_CURVE('',#826,#828,#471,.T.);
#1028=EDGE_CURVE('',#828,#827,#472,.T.);
#1029=EDGE_CURVE('',#829,#825,#473,.T.);
#1030=EDGE_CURVE('',#829,#828,#474,.T.);
#1031=EDGE_CURVE('',#830,#818,#475,.T.);
#1032=EDGE_CURVE('',#830,#821,#476,.T.);
#1033=EDGE_CURVE('',#817,#831,#477,.T.);
#1034=EDGE_CURVE('',#830,#831,#478,.T.);
#1035=EDGE_CURVE('',#824,#832,#479,.T.);
#1036=EDGE_CURVE('',#829,#832,#480,.T.);
#1037=EDGE_CURVE('',#814,#833,#368,.T.);
#1038=EDGE_CURVE('',#833,#834,#322,.T.);
#1039=EDGE_CURVE('',#834,#815,#369,.T.);
#1040=EDGE_CURVE('',#831,#827,#323,.T.);
#1041=EDGE_CURVE('',#832,#820,#324,.T.);
#1042=EDGE_CURVE('',#834,#721,#370,.F.);
#1043=EDGE_CURVE('',#833,#720,#371,.T.);
#1044=EDGE_CURVE('',#808,#797,#481,.T.);
#1045=EDGE_CURVE('',#796,#809,#482,.T.);
#1046=EDGE_CURVE('',#764,#835,#483,.T.);
#1047=EDGE_CURVE('',#835,#835,#325,.T.);
#1048=EDGE_CURVE('',#836,#836,#326,.T.);
#1049=EDGE_CURVE('',#836,#753,#484,.T.);
#1050=EDGE_CURVE('',#765,#837,#485,.T.);
#1051=EDGE_CURVE('',#837,#837,#327,.T.);
#1052=EDGE_CURVE('',#838,#838,#328,.T.);
#1053=EDGE_CURVE('',#838,#754,#486,.T.);
#1054=EDGE_CURVE('',#839,#803,#487,.F.);
#1055=EDGE_CURVE('',#839,#749,#329,.T.);
#1056=EDGE_CURVE('',#804,#806,#488,.T.);
#1057=EDGE_CURVE('',#810,#840,#489,.T.);
#1058=EDGE_CURVE('',#795,#840,#490,.T.);
#1059=EDGE_CURVE('',#813,#840,#330,.T.);
#1060=EDGE_CURVE('',#841,#841,#331,.T.);
#1061=EDGE_CURVE('',#792,#841,#491,.T.);
#1062=EDGE_CURVE('',#842,#842,#332,.T.);
#1063=EDGE_CURVE('',#791,#842,#492,.T.);
#1064=EDGE_CURVE('',#777,#843,#493,.T.);
#1065=EDGE_CURVE('',#843,#844,#494,.T.);
#1066=EDGE_CURVE('',#778,#844,#495,.T.);
#1067=EDGE_CURVE('',#844,#845,#496,.T.);
#1068=EDGE_CURVE('',#779,#845,#497,.T.);
#1069=EDGE_CURVE('',#845,#846,#498,.T.);
#1070=EDGE_CURVE('',#780,#846,#499,.F.);
#1071=EDGE_CURVE('',#846,#847,#500,.T.);
#1072=EDGE_CURVE('',#781,#847,#501,.T.);
#1073=EDGE_CURVE('',#847,#848,#502,.T.);
#1074=EDGE_CURVE('',#776,#848,#503,.T.);
#1075=EDGE_CURVE('',#848,#843,#504,.T.);
#1076=EDGE_CURVE('',#849,#850,#505,.T.);
#1077=EDGE_CURVE('',#851,#849,#506,.T.);
#1078=EDGE_CURVE('',#852,#851,#507,.T.);
#1079=EDGE_CURVE('',#853,#852,#508,.T.);
#1080=EDGE_CURVE('',#854,#853,#509,.T.);
#1081=EDGE_CURVE('',#850,#854,#510,.T.);
#1082=EDGE_CURVE('',#783,#849,#511,.T.);
#1083=EDGE_CURVE('',#784,#850,#512,.T.);
#1084=EDGE_CURVE('',#785,#854,#513,.T.);
#1085=EDGE_CURVE('',#786,#853,#514,.F.);
#1086=EDGE_CURVE('',#787,#852,#515,.T.);
#1087=EDGE_CURVE('',#782,#851,#516,.T.);
#1088=EDGE_CURVE('',#855,#855,#333,.F.);
#1089=EDGE_CURVE('',#855,#856,#517,.T.);
#1090=EDGE_CURVE('',#856,#856,#334,.F.);
#1091=EDGE_CURVE('',#857,#858,#518,.T.);
#1092=EDGE_CURVE('',#859,#857,#519,.T.);
#1093=EDGE_CURVE('',#860,#859,#520,.T.);
#1094=EDGE_CURVE('',#858,#860,#521,.T.);
#1095=EDGE_CURVE('',#861,#862,#335,.T.);
#1096=EDGE_CURVE('',#862,#863,#522,.T.);
#1097=EDGE_CURVE('',#863,#864,#336,.T.);
#1098=EDGE_CURVE('',#864,#861,#523,.T.);
#1099=EDGE_CURVE('',#762,#865,#337,.T.);
#1100=EDGE_CURVE('',#800,#865,#524,.F.);
#1101=EDGE_CURVE('',#751,#750,#338,.T.);
#1102=EDGE_CURVE('',#866,#760,#339,.T.);
#1103=EDGE_CURVE('',#761,#866,#340,.T.);
#1104=EDGE_CURVE('',#867,#868,#525,.T.);
#1105=EDGE_CURVE('',#861,#867,#526,.T.);
#1106=EDGE_CURVE('',#868,#864,#527,.T.);
#1107=EDGE_CURVE('',#869,#867,#528,.T.);
#1108=EDGE_CURVE('',#868,#870,#529,.T.);
#1109=EDGE_CURVE('',#869,#870,#15,.T.);
#1110=EDGE_CURVE('',#823,#866,#530,.T.);
#1111=EDGE_CURVE('',#839,#869,#531,.T.);
#1112=EDGE_CURVE('',#865,#870,#532,.F.);
#1113=EDGE_CURVE('',#871,#802,#533,.T.);
#1114=EDGE_CURVE('',#862,#871,#534,.T.);
#1115=EDGE_CURVE('',#872,#857,#535,.T.);
#1116=EDGE_CURVE('',#872,#863,#536,.T.);
#1117=EDGE_CURVE('',#859,#871,#537,.T.);
#1118=EDGE_CURVE('',#801,#872,#538,.T.);
#1119=EDGE_CURVE('',#802,#860,#539,.T.);
#1120=EDGE_CURVE('',#858,#801,#540,.T.);
#1121=ORIENTED_EDGE('',*,*,#873,.F.);
#1122=ORIENTED_EDGE('',*,*,#874,.T.);
#1123=ORIENTED_EDGE('',*,*,#875,.F.);
#1124=ORIENTED_EDGE('',*,*,#876,.F.);
#1125=ORIENTED_EDGE('',*,*,#877,.F.);
#1126=ORIENTED_EDGE('',*,*,#878,.T.);
#1127=ORIENTED_EDGE('',*,*,#873,.T.);
#1128=ORIENTED_EDGE('',*,*,#879,.F.);
#1129=ORIENTED_EDGE('',*,*,#880,.F.);
#1130=ORIENTED_EDGE('',*,*,#881,.T.);
#1131=ORIENTED_EDGE('',*,*,#877,.T.);
#1132=ORIENTED_EDGE('',*,*,#882,.F.);
#1133=ORIENTED_EDGE('',*,*,#883,.F.);
#1134=ORIENTED_EDGE('',*,*,#884,.T.);
#1135=ORIENTED_EDGE('',*,*,#880,.T.);
#1136=ORIENTED_EDGE('',*,*,#885,.F.);
#1137=ORIENTED_EDGE('',*,*,#886,.F.);
#1138=ORIENTED_EDGE('',*,*,#887,.T.);
#1139=ORIENTED_EDGE('',*,*,#883,.T.);
#1140=ORIENTED_EDGE('',*,*,#888,.F.);
#1141=ORIENTED_EDGE('',*,*,#889,.F.);
#1142=ORIENTED_EDGE('',*,*,#890,.T.);
#1143=ORIENTED_EDGE('',*,*,#891,.F.);
#1144=ORIENTED_EDGE('',*,*,#892,.T.);
#1145=ORIENTED_EDGE('',*,*,#893,.F.);
#1146=ORIENTED_EDGE('',*,*,#894,.T.);
#1147=ORIENTED_EDGE('',*,*,#889,.T.);
#1148=ORIENTED_EDGE('',*,*,#895,.T.);
#1149=ORIENTED_EDGE('',*,*,#896,.F.);
#1150=ORIENTED_EDGE('',*,*,#897,.T.);
#1151=ORIENTED_EDGE('',*,*,#893,.T.);
#1152=ORIENTED_EDGE('',*,*,#898,.T.);
#1153=ORIENTED_EDGE('',*,*,#899,.F.);
#1154=ORIENTED_EDGE('',*,*,#900,.T.);
#1155=ORIENTED_EDGE('',*,*,#896,.T.);
#1156=ORIENTED_EDGE('',*,*,#901,.T.);
#1157=ORIENTED_EDGE('',*,*,#902,.F.);
#1158=ORIENTED_EDGE('',*,*,#903,.T.);
#1159=ORIENTED_EDGE('',*,*,#899,.T.);
#1160=ORIENTED_EDGE('',*,*,#904,.T.);
#1161=ORIENTED_EDGE('',*,*,#905,.F.);
#1162=ORIENTED_EDGE('',*,*,#906,.T.);
#1163=ORIENTED_EDGE('',*,*,#902,.T.);
#1164=ORIENTED_EDGE('',*,*,#907,.T.);
#1165=ORIENTED_EDGE('',*,*,#908,.T.);
#1166=ORIENTED_EDGE('',*,*,#909,.T.);
#1167=ORIENTED_EDGE('',*,*,#910,.T.);
#1168=ORIENTED_EDGE('',*,*,#911,.T.);
#1169=ORIENTED_EDGE('',*,*,#908,.F.);
#1170=ORIENTED_EDGE('',*,*,#912,.T.);
#1171=ORIENTED_EDGE('',*,*,#913,.T.);
#1172=ORIENTED_EDGE('',*,*,#914,.T.);
#1173=ORIENTED_EDGE('',*,*,#915,.F.);
#1174=ORIENTED_EDGE('',*,*,#916,.T.);
#1175=ORIENTED_EDGE('',*,*,#917,.F.);
#1176=ORIENTED_EDGE('',*,*,#918,.T.);
#1177=ORIENTED_EDGE('',*,*,#919,.F.);
#1178=ORIENTED_EDGE('',*,*,#920,.T.);
#1179=ORIENTED_EDGE('',*,*,#911,.F.);
#1180=ORIENTED_EDGE('',*,*,#921,.F.);
#1181=ORIENTED_EDGE('',*,*,#922,.F.);
#1182=ORIENTED_EDGE('',*,*,#923,.T.);
#1183=ORIENTED_EDGE('',*,*,#924,.F.);
#1184=ORIENTED_EDGE('',*,*,#925,.T.);
#1185=ORIENTED_EDGE('',*,*,#926,.F.);
#1186=ORIENTED_EDGE('',*,*,#912,.F.);
#1187=ORIENTED_EDGE('',*,*,#927,.T.);
#1188=ORIENTED_EDGE('',*,*,#928,.T.);
#1189=ORIENTED_EDGE('',*,*,#915,.T.);
#1190=ORIENTED_EDGE('',*,*,#929,.T.);
#1191=ORIENTED_EDGE('',*,*,#930,.T.);
#1192=ORIENTED_EDGE('',*,*,#931,.T.);
#1193=ORIENTED_EDGE('',*,*,#930,.F.);
#1194=ORIENTED_EDGE('',*,*,#932,.T.);
#1195=ORIENTED_EDGE('',*,*,#933,.T.);
#1196=ORIENTED_EDGE('',*,*,#934,.T.);
#1197=ORIENTED_EDGE('',*,*,#929,.F.);
#1198=ORIENTED_EDGE('',*,*,#914,.F.);
#1199=ORIENTED_EDGE('',*,*,#935,.F.);
#1200=ORIENTED_EDGE('',*,*,#936,.T.);
#1201=ORIENTED_EDGE('',*,*,#937,.F.);
#1202=ORIENTED_EDGE('',*,*,#938,.T.);
#1203=ORIENTED_EDGE('',*,*,#939,.F.);
#1204=ORIENTED_EDGE('',*,*,#940,.F.);
#1205=ORIENTED_EDGE('',*,*,#941,.T.);
#1206=ORIENTED_EDGE('',*,*,#942,.T.);
#1207=ORIENTED_EDGE('',*,*,#943,.T.);
#1208=ORIENTED_EDGE('',*,*,#917,.T.);
#1209=ORIENTED_EDGE('',*,*,#944,.T.);
#1210=ORIENTED_EDGE('',*,*,#945,.T.);
#1211=ORIENTED_EDGE('',*,*,#943,.F.);
#1212=ORIENTED_EDGE('',*,*,#946,.T.);
#1213=ORIENTED_EDGE('',*,*,#947,.F.);
#1214=ORIENTED_EDGE('',*,*,#948,.T.);
#1215=ORIENTED_EDGE('',*,*,#949,.F.);
#1216=ORIENTED_EDGE('',*,*,#918,.F.);
#1217=ORIENTED_EDGE('',*,*,#950,.T.);
#1218=ORIENTED_EDGE('',*,*,#919,.T.);
#1219=ORIENTED_EDGE('',*,*,#949,.T.);
#1220=ORIENTED_EDGE('',*,*,#951,.T.);
#1221=ORIENTED_EDGE('',*,*,#909,.F.);
#1222=ORIENTED_EDGE('',*,*,#920,.F.);
#1223=ORIENTED_EDGE('',*,*,#950,.F.);
#1224=ORIENTED_EDGE('',*,*,#952,.F.);
#1225=ORIENTED_EDGE('',*,*,#953,.T.);
#1226=ORIENTED_EDGE('',*,*,#954,.F.);
#1227=ORIENTED_EDGE('',*,*,#951,.F.);
#1228=ORIENTED_EDGE('',*,*,#948,.F.);
#1229=ORIENTED_EDGE('',*,*,#955,.F.);
#1230=ORIENTED_EDGE('',*,*,#956,.F.);
#1231=ORIENTED_EDGE('',*,*,#957,.F.);
#1232=ORIENTED_EDGE('',*,*,#952,.T.);
#1233=ORIENTED_EDGE('',*,*,#958,.T.);
#1234=ORIENTED_EDGE('',*,*,#959,.T.);
#1235=ORIENTED_EDGE('',*,*,#960,.T.);
#1236=ORIENTED_EDGE('',*,*,#961,.T.);
#1237=ORIENTED_EDGE('',*,*,#962,.T.);
#1238=ORIENTED_EDGE('',*,*,#963,.T.);
#1239=ORIENTED_EDGE('',*,*,#964,.T.);
#1240=ORIENTED_EDGE('',*,*,#965,.T.);
#1241=ORIENTED_EDGE('',*,*,#966,.T.);
#1242=ORIENTED_EDGE('',*,*,#967,.T.);
#1243=ORIENTED_EDGE('',*,*,#968,.T.);
#1244=ORIENTED_EDGE('',*,*,#969,.T.);
#1245=ORIENTED_EDGE('',*,*,#945,.F.);
#1246=ORIENTED_EDGE('',*,*,#970,.T.);
#1247=ORIENTED_EDGE('',*,*,#971,.F.);
#1248=ORIENTED_EDGE('',*,*,#972,.T.);
#1249=ORIENTED_EDGE('',*,*,#973,.F.);
#1250=ORIENTED_EDGE('',*,*,#946,.F.);
#1251=ORIENTED_EDGE('',*,*,#974,.T.);
#1252=ORIENTED_EDGE('',*,*,#975,.T.);
#1253=ORIENTED_EDGE('',*,*,#957,.T.);
#1254=ORIENTED_EDGE('',*,*,#976,.F.);
#1255=ORIENTED_EDGE('',*,*,#977,.T.);
#1256=ORIENTED_EDGE('',*,*,#978,.F.);
#1257=ORIENTED_EDGE('',*,*,#953,.F.);
#1258=ORIENTED_EDGE('',*,*,#977,.F.);
#1259=ORIENTED_EDGE('',*,*,#979,.F.);
#1260=ORIENTED_EDGE('',*,*,#980,.F.);
#1261=ORIENTED_EDGE('',*,*,#981,.F.);
#1262=ORIENTED_EDGE('',*,*,#982,.F.);
#1263=ORIENTED_EDGE('',*,*,#983,.F.);
#1264=ORIENTED_EDGE('',*,*,#984,.F.);
#1265=ORIENTED_EDGE('',*,*,#932,.F.);
#1266=ORIENTED_EDGE('',*,*,#940,.T.);
#1267=ORIENTED_EDGE('',*,*,#985,.F.);
#1268=ORIENTED_EDGE('',*,*,#986,.T.);
#1269=ORIENTED_EDGE('',*,*,#987,.F.);
#1270=ORIENTED_EDGE('',*,*,#988,.T.);
#1271=ORIENTED_EDGE('',*,*,#989,.T.);
#1272=ORIENTED_EDGE('',*,*,#921,.T.);
#1273=ORIENTED_EDGE('',*,*,#990,.F.);
#1274=ORIENTED_EDGE('',*,*,#991,.T.);
#1275=ORIENTED_EDGE('',*,*,#971,.T.);
#1276=ORIENTED_EDGE('',*,*,#992,.F.);
#1277=ORIENTED_EDGE('',*,*,#933,.F.);
#1278=ORIENTED_EDGE('',*,*,#984,.T.);
#1279=ORIENTED_EDGE('',*,*,#931,.F.);
#1280=ORIENTED_EDGE('',*,*,#934,.F.);
#1281=ORIENTED_EDGE('',*,*,#992,.T.);
#1282=ORIENTED_EDGE('',*,*,#970,.F.);
#1283=ORIENTED_EDGE('',*,*,#944,.F.);
#1284=ORIENTED_EDGE('',*,*,#916,.F.);
#1285=ORIENTED_EDGE('',*,*,#983,.T.);
#1286=ORIENTED_EDGE('',*,*,#993,.F.);
#1287=ORIENTED_EDGE('',*,*,#994,.T.);
#1288=ORIENTED_EDGE('',*,*,#995,.F.);
#1289=ORIENTED_EDGE('',*,*,#972,.F.);
#1290=ORIENTED_EDGE('',*,*,#991,.F.);
#1291=ORIENTED_EDGE('',*,*,#996,.F.);
#1292=ORIENTED_EDGE('',*,*,#997,.T.);
#1293=ORIENTED_EDGE('',*,*,#998,.F.);
#1294=ORIENTED_EDGE('',*,*,#999,.T.);
#1295=ORIENTED_EDGE('',*,*,#1000,.F.);
#1296=ORIENTED_EDGE('',*,*,#1001,.F.);
#1297=ORIENTED_EDGE('',*,*,#875,.T.);
#1298=ORIENTED_EDGE('',*,*,#1002,.T.);
#1299=ORIENTED_EDGE('',*,*,#1003,.F.);
#1300=ORIENTED_EDGE('',*,*,#891,.T.);
#1301=ORIENTED_EDGE('',*,*,#1004,.T.);
#1302=ORIENTED_EDGE('',*,*,#935,.T.);
#1303=ORIENTED_EDGE('',*,*,#913,.F.);
#1304=ORIENTED_EDGE('',*,*,#926,.T.);
#1305=ORIENTED_EDGE('',*,*,#1005,.T.);
#1306=ORIENTED_EDGE('',*,*,#1001,.T.);
#1307=ORIENTED_EDGE('',*,*,#1006,.F.);
#1308=ORIENTED_EDGE('',*,*,#1007,.T.);
#1309=ORIENTED_EDGE('',*,*,#1008,.F.);
#1310=ORIENTED_EDGE('',*,*,#947,.T.);
#1311=ORIENTED_EDGE('',*,*,#1009,.F.);
#1312=ORIENTED_EDGE('',*,*,#995,.T.);
#1313=ORIENTED_EDGE('',*,*,#1010,.F.);
#1314=ORIENTED_EDGE('',*,*,#905,.T.);
#1315=ORIENTED_EDGE('',*,*,#1011,.T.);
#1316=ORIENTED_EDGE('',*,*,#1012,.F.);
#1317=ORIENTED_EDGE('',*,*,#1013,.T.);
#1318=ORIENTED_EDGE('',*,*,#1014,.T.);
#1319=ORIENTED_EDGE('',*,*,#1015,.T.);
#1320=ORIENTED_EDGE('',*,*,#1016,.T.);
#1321=ORIENTED_EDGE('',*,*,#1017,.T.);
#1322=ORIENTED_EDGE('',*,*,#1018,.T.);
#1323=ORIENTED_EDGE('',*,*,#1017,.F.);
#1324=ORIENTED_EDGE('',*,*,#1019,.T.);
#1325=ORIENTED_EDGE('',*,*,#1020,.F.);
#1326=ORIENTED_EDGE('',*,*,#1021,.T.);
#1327=ORIENTED_EDGE('',*,*,#1022,.T.);
#1328=ORIENTED_EDGE('',*,*,#1023,.T.);
#1329=ORIENTED_EDGE('',*,*,#1024,.T.);
#1330=ORIENTED_EDGE('',*,*,#1025,.T.);
#1331=ORIENTED_EDGE('',*,*,#1026,.T.);
#1332=ORIENTED_EDGE('',*,*,#1025,.F.);
#1333=ORIENTED_EDGE('',*,*,#1027,.T.);
#1334=ORIENTED_EDGE('',*,*,#1028,.T.);
#1335=ORIENTED_EDGE('',*,*,#1024,.F.);
#1336=ORIENTED_EDGE('',*,*,#1029,.F.);
#1337=ORIENTED_EDGE('',*,*,#1030,.T.);
#1338=ORIENTED_EDGE('',*,*,#1027,.F.);
#1339=ORIENTED_EDGE('',*,*,#1016,.F.);
#1340=ORIENTED_EDGE('',*,*,#1031,.F.);
#1341=ORIENTED_EDGE('',*,*,#1032,.T.);
#1342=ORIENTED_EDGE('',*,*,#1019,.F.);
#1343=ORIENTED_EDGE('',*,*,#1033,.T.);
#1344=ORIENTED_EDGE('',*,*,#1034,.F.);
#1345=ORIENTED_EDGE('',*,*,#1031,.T.);
#1346=ORIENTED_EDGE('',*,*,#1015,.F.);
#1347=ORIENTED_EDGE('',*,*,#1035,.T.);
#1348=ORIENTED_EDGE('',*,*,#1036,.F.);
#1349=ORIENTED_EDGE('',*,*,#1029,.T.);
#1350=ORIENTED_EDGE('',*,*,#1023,.F.);
#1351=ORIENTED_EDGE('',*,*,#1037,.T.);
#1352=ORIENTED_EDGE('',*,*,#1038,.T.);
#1353=ORIENTED_EDGE('',*,*,#1039,.T.);
#1354=ORIENTED_EDGE('',*,*,#1012,.T.);
#1355=ORIENTED_EDGE('',*,*,#1040,.T.);
#1356=ORIENTED_EDGE('',*,*,#1028,.F.);
#1357=ORIENTED_EDGE('',*,*,#1030,.F.);
#1358=ORIENTED_EDGE('',*,*,#1036,.T.);
#1359=ORIENTED_EDGE('',*,*,#1041,.T.);
#1360=ORIENTED_EDGE('',*,*,#1020,.T.);
#1361=ORIENTED_EDGE('',*,*,#1032,.F.);
#1362=ORIENTED_EDGE('',*,*,#1034,.T.);
#1363=ORIENTED_EDGE('',*,*,#1004,.F.);
#1364=ORIENTED_EDGE('',*,*,#890,.F.);
#1365=ORIENTED_EDGE('',*,*,#894,.F.);
#1366=ORIENTED_EDGE('',*,*,#897,.F.);
#1367=ORIENTED_EDGE('',*,*,#900,.F.);
#1368=ORIENTED_EDGE('',*,*,#903,.F.);
#1369=ORIENTED_EDGE('',*,*,#906,.F.);
#1370=ORIENTED_EDGE('',*,*,#1013,.F.);
#1371=ORIENTED_EDGE('',*,*,#1039,.F.);
#1372=ORIENTED_EDGE('',*,*,#1042,.T.);
#1373=ORIENTED_EDGE('',*,*,#888,.T.);
#1374=ORIENTED_EDGE('',*,*,#885,.T.);
#1375=ORIENTED_EDGE('',*,*,#882,.T.);
#1376=ORIENTED_EDGE('',*,*,#879,.T.);
#1377=ORIENTED_EDGE('',*,*,#876,.T.);
#1378=ORIENTED_EDGE('',*,*,#886,.T.);
#1379=ORIENTED_EDGE('',*,*,#1042,.F.);
#1380=ORIENTED_EDGE('',*,*,#1038,.F.);
#1381=ORIENTED_EDGE('',*,*,#1043,.T.);
#1382=ORIENTED_EDGE('',*,*,#1003,.T.);
#1383=ORIENTED_EDGE('',*,*,#1002,.F.);
#1384=ORIENTED_EDGE('',*,*,#874,.F.);
#1385=ORIENTED_EDGE('',*,*,#878,.F.);
#1386=ORIENTED_EDGE('',*,*,#881,.F.);
#1387=ORIENTED_EDGE('',*,*,#884,.F.);
#1388=ORIENTED_EDGE('',*,*,#887,.F.);
#1389=ORIENTED_EDGE('',*,*,#1043,.F.);
#1390=ORIENTED_EDGE('',*,*,#1037,.F.);
#1391=ORIENTED_EDGE('',*,*,#1011,.F.);
#1392=ORIENTED_EDGE('',*,*,#907,.F.);
#1393=ORIENTED_EDGE('',*,*,#904,.F.);
#1394=ORIENTED_EDGE('',*,*,#901,.F.);
#1395=ORIENTED_EDGE('',*,*,#898,.F.);
#1396=ORIENTED_EDGE('',*,*,#895,.F.);
#1397=ORIENTED_EDGE('',*,*,#892,.F.);
#1398=ORIENTED_EDGE('',*,*,#1044,.T.);
#1399=ORIENTED_EDGE('',*,*,#981,.T.);
#1400=ORIENTED_EDGE('',*,*,#1045,.T.);
#1401=ORIENTED_EDGE('',*,*,#998,.T.);
#1402=ORIENTED_EDGE('',*,*,#941,.F.);
#1403=ORIENTED_EDGE('',*,*,#1046,.T.);
#1404=ORIENTED_EDGE('',*,*,#1047,.T.);
#1405=ORIENTED_EDGE('',*,*,#1046,.F.);
#1406=ORIENTED_EDGE('',*,*,#1048,.T.);
#1407=ORIENTED_EDGE('',*,*,#1049,.T.);
#1408=ORIENTED_EDGE('',*,*,#927,.F.);
#1409=ORIENTED_EDGE('',*,*,#1049,.F.);
#1410=ORIENTED_EDGE('',*,*,#942,.F.);
#1411=ORIENTED_EDGE('',*,*,#1050,.T.);
#1412=ORIENTED_EDGE('',*,*,#1051,.T.);
#1413=ORIENTED_EDGE('',*,*,#1050,.F.);
#1414=ORIENTED_EDGE('',*,*,#1052,.T.);
#1415=ORIENTED_EDGE('',*,*,#1053,.T.);
#1416=ORIENTED_EDGE('',*,*,#928,.F.);
#1417=ORIENTED_EDGE('',*,*,#1053,.F.);
#1418=ORIENTED_EDGE('',*,*,#1054,.F.);
#1419=ORIENTED_EDGE('',*,*,#1055,.T.);
#1420=ORIENTED_EDGE('',*,*,#922,.T.);
#1421=ORIENTED_EDGE('',*,*,#989,.F.);
#1422=ORIENTED_EDGE('',*,*,#1056,.F.);
#1423=ORIENTED_EDGE('',*,*,#993,.T.);
#1424=ORIENTED_EDGE('',*,*,#982,.T.);
#1425=ORIENTED_EDGE('',*,*,#1044,.F.);
#1426=ORIENTED_EDGE('',*,*,#997,.F.);
#1427=ORIENTED_EDGE('',*,*,#994,.F.);
#1428=ORIENTED_EDGE('',*,*,#1056,.T.);
#1429=ORIENTED_EDGE('',*,*,#996,.T.);
#1430=ORIENTED_EDGE('',*,*,#1010,.T.);
#1431=ORIENTED_EDGE('',*,*,#1057,.F.);
#1432=ORIENTED_EDGE('',*,*,#999,.F.);
#1433=ORIENTED_EDGE('',*,*,#1045,.F.);
#1434=ORIENTED_EDGE('',*,*,#980,.T.);
#1435=ORIENTED_EDGE('',*,*,#1058,.T.);
#1436=ORIENTED_EDGE('',*,*,#956,.T.);
#1437=ORIENTED_EDGE('',*,*,#1007,.F.);
#1438=ORIENTED_EDGE('',*,*,#1059,.T.);
#1439=ORIENTED_EDGE('',*,*,#1058,.F.);
#1440=ORIENTED_EDGE('',*,*,#979,.T.);
#1441=ORIENTED_EDGE('',*,*,#976,.T.);
#1442=ORIENTED_EDGE('',*,*,#1059,.F.);
#1443=ORIENTED_EDGE('',*,*,#1006,.T.);
#1444=ORIENTED_EDGE('',*,*,#1000,.T.);
#1445=ORIENTED_EDGE('',*,*,#1057,.T.);
#1446=ORIENTED_EDGE('',*,*,#973,.T.);
#1447=ORIENTED_EDGE('',*,*,#1009,.T.);
#1448=ORIENTED_EDGE('',*,*,#955,.T.);
#1449=ORIENTED_EDGE('',*,*,#1008,.T.);
#1450=ORIENTED_EDGE('',*,*,#1060,.F.);
#1451=ORIENTED_EDGE('',*,*,#1047,.F.);
#1452=ORIENTED_EDGE('',*,*,#975,.F.);
#1453=ORIENTED_EDGE('',*,*,#1061,.T.);
#1454=ORIENTED_EDGE('',*,*,#1060,.T.);
#1455=ORIENTED_EDGE('',*,*,#1061,.F.);
#1456=ORIENTED_EDGE('',*,*,#1062,.F.);
#1457=ORIENTED_EDGE('',*,*,#1051,.F.);
#1458=ORIENTED_EDGE('',*,*,#974,.F.);
#1459=ORIENTED_EDGE('',*,*,#1063,.T.);
#1460=ORIENTED_EDGE('',*,*,#1062,.T.);
#1461=ORIENTED_EDGE('',*,*,#1063,.F.);
#1462=ORIENTED_EDGE('',*,*,#959,.F.);
#1463=ORIENTED_EDGE('',*,*,#1064,.T.);
#1464=ORIENTED_EDGE('',*,*,#1065,.T.);
#1465=ORIENTED_EDGE('',*,*,#1066,.F.);
#1466=ORIENTED_EDGE('',*,*,#960,.F.);
#1467=ORIENTED_EDGE('',*,*,#1066,.T.);
#1468=ORIENTED_EDGE('',*,*,#1067,.T.);
#1469=ORIENTED_EDGE('',*,*,#1068,.F.);
#1470=ORIENTED_EDGE('',*,*,#961,.F.);
#1471=ORIENTED_EDGE('',*,*,#1068,.T.);
#1472=ORIENTED_EDGE('',*,*,#1069,.T.);
#1473=ORIENTED_EDGE('',*,*,#1070,.F.);
#1474=ORIENTED_EDGE('',*,*,#962,.F.);
#1475=ORIENTED_EDGE('',*,*,#1070,.T.);
#1476=ORIENTED_EDGE('',*,*,#1071,.T.);
#1477=ORIENTED_EDGE('',*,*,#1072,.F.);
#1478=ORIENTED_EDGE('',*,*,#963,.F.);
#1479=ORIENTED_EDGE('',*,*,#1072,.T.);
#1480=ORIENTED_EDGE('',*,*,#1073,.T.);
#1481=ORIENTED_EDGE('',*,*,#1074,.F.);
#1482=ORIENTED_EDGE('',*,*,#958,.F.);
#1483=ORIENTED_EDGE('',*,*,#1074,.T.);
#1484=ORIENTED_EDGE('',*,*,#1075,.T.);
#1485=ORIENTED_EDGE('',*,*,#1064,.F.);
#1486=ORIENTED_EDGE('',*,*,#1065,.F.);
#1487=ORIENTED_EDGE('',*,*,#1075,.F.);
#1488=ORIENTED_EDGE('',*,*,#1073,.F.);
#1489=ORIENTED_EDGE('',*,*,#1071,.F.);
#1490=ORIENTED_EDGE('',*,*,#1069,.F.);
#1491=ORIENTED_EDGE('',*,*,#1067,.F.);
#1492=ORIENTED_EDGE('',*,*,#1048,.F.);
#1493=ORIENTED_EDGE('',*,*,#1076,.F.);
#1494=ORIENTED_EDGE('',*,*,#1077,.F.);
#1495=ORIENTED_EDGE('',*,*,#1078,.F.);
#1496=ORIENTED_EDGE('',*,*,#1079,.F.);
#1497=ORIENTED_EDGE('',*,*,#1080,.F.);
#1498=ORIENTED_EDGE('',*,*,#1081,.F.);
#1499=ORIENTED_EDGE('',*,*,#1052,.F.);
#1500=ORIENTED_EDGE('',*,*,#965,.F.);
#1501=ORIENTED_EDGE('',*,*,#1082,.T.);
#1502=ORIENTED_EDGE('',*,*,#1076,.T.);
#1503=ORIENTED_EDGE('',*,*,#1083,.F.);
#1504=ORIENTED_EDGE('',*,*,#966,.F.);
#1505=ORIENTED_EDGE('',*,*,#1083,.T.);
#1506=ORIENTED_EDGE('',*,*,#1081,.T.);
#1507=ORIENTED_EDGE('',*,*,#1084,.F.);
#1508=ORIENTED_EDGE('',*,*,#967,.F.);
#1509=ORIENTED_EDGE('',*,*,#1084,.T.);
#1510=ORIENTED_EDGE('',*,*,#1080,.T.);
#1511=ORIENTED_EDGE('',*,*,#1085,.F.);
#1512=ORIENTED_EDGE('',*,*,#968,.F.);
#1513=ORIENTED_EDGE('',*,*,#1085,.T.);
#1514=ORIENTED_EDGE('',*,*,#1079,.T.);
#1515=ORIENTED_EDGE('',*,*,#1086,.F.);
#1516=ORIENTED_EDGE('',*,*,#969,.F.);
#1517=ORIENTED_EDGE('',*,*,#1086,.T.);
#1518=ORIENTED_EDGE('',*,*,#1078,.T.);
#1519=ORIENTED_EDGE('',*,*,#1087,.F.);
#1520=ORIENTED_EDGE('',*,*,#964,.F.);
#1521=ORIENTED_EDGE('',*,*,#1087,.T.);
#1522=ORIENTED_EDGE('',*,*,#1077,.T.);
#1523=ORIENTED_EDGE('',*,*,#1082,.F.);
#1524=ORIENTED_EDGE('',*,*,#1088,.F.);
#1525=ORIENTED_EDGE('',*,*,#1089,.T.);
#1526=ORIENTED_EDGE('',*,*,#1090,.F.);
#1527=ORIENTED_EDGE('',*,*,#1089,.F.);
#1528=ORIENTED_EDGE('',*,*,#1091,.F.);
#1529=ORIENTED_EDGE('',*,*,#1092,.F.);
#1530=ORIENTED_EDGE('',*,*,#1093,.F.);
#1531=ORIENTED_EDGE('',*,*,#1094,.F.);
#1532=ORIENTED_EDGE('',*,*,#1095,.T.);
#1533=ORIENTED_EDGE('',*,*,#1096,.T.);
#1534=ORIENTED_EDGE('',*,*,#1097,.T.);
#1535=ORIENTED_EDGE('',*,*,#1098,.T.);
#1536=ORIENTED_EDGE('',*,*,#1099,.T.);
#1537=ORIENTED_EDGE('',*,*,#1100,.F.);
#1538=ORIENTED_EDGE('',*,*,#985,.T.);
#1539=ORIENTED_EDGE('',*,*,#939,.T.);
#1540=ORIENTED_EDGE('',*,*,#924,.T.);
#1541=ORIENTED_EDGE('',*,*,#1101,.F.);
#1542=ORIENTED_EDGE('',*,*,#937,.T.);
#1543=ORIENTED_EDGE('',*,*,#1102,.F.);
#1544=ORIENTED_EDGE('',*,*,#1103,.F.);
#1545=ORIENTED_EDGE('',*,*,#1104,.F.);
#1546=ORIENTED_EDGE('',*,*,#1105,.F.);
#1547=ORIENTED_EDGE('',*,*,#1098,.F.);
#1548=ORIENTED_EDGE('',*,*,#1106,.F.);
#1549=ORIENTED_EDGE('',*,*,#1107,.T.);
#1550=ORIENTED_EDGE('',*,*,#1104,.T.);
#1551=ORIENTED_EDGE('',*,*,#1108,.T.);
#1552=ORIENTED_EDGE('',*,*,#1109,.F.);
#1553=ORIENTED_EDGE('',*,*,#1040,.F.);
#1554=ORIENTED_EDGE('',*,*,#1033,.F.);
#1555=ORIENTED_EDGE('',*,*,#1014,.F.);
#1556=ORIENTED_EDGE('',*,*,#1018,.F.);
#1557=ORIENTED_EDGE('',*,*,#1041,.F.);
#1558=ORIENTED_EDGE('',*,*,#1035,.F.);
#1559=ORIENTED_EDGE('',*,*,#1022,.F.);
#1560=ORIENTED_EDGE('',*,*,#1110,.T.);
#1561=ORIENTED_EDGE('',*,*,#1102,.T.);
#1562=ORIENTED_EDGE('',*,*,#936,.F.);
#1563=ORIENTED_EDGE('',*,*,#1005,.F.);
#1564=ORIENTED_EDGE('',*,*,#925,.F.);
#1565=ORIENTED_EDGE('',*,*,#1101,.T.);
#1566=ORIENTED_EDGE('',*,*,#923,.F.);
#1567=ORIENTED_EDGE('',*,*,#1055,.F.);
#1568=ORIENTED_EDGE('',*,*,#1111,.T.);
#1569=ORIENTED_EDGE('',*,*,#1109,.T.);
#1570=ORIENTED_EDGE('',*,*,#1112,.F.);
#1571=ORIENTED_EDGE('',*,*,#1099,.F.);
#1572=ORIENTED_EDGE('',*,*,#938,.F.);
#1573=ORIENTED_EDGE('',*,*,#1103,.T.);
#1574=ORIENTED_EDGE('',*,*,#1110,.F.);
#1575=ORIENTED_EDGE('',*,*,#1021,.F.);
#1576=ORIENTED_EDGE('',*,*,#1026,.F.);
#1577=ORIENTED_EDGE('',*,*,#1113,.F.);
#1578=ORIENTED_EDGE('',*,*,#1114,.F.);
#1579=ORIENTED_EDGE('',*,*,#1095,.F.);
#1580=ORIENTED_EDGE('',*,*,#1105,.T.);
#1581=ORIENTED_EDGE('',*,*,#1107,.F.);
#1582=ORIENTED_EDGE('',*,*,#1111,.F.);
#1583=ORIENTED_EDGE('',*,*,#1054,.T.);
#1584=ORIENTED_EDGE('',*,*,#988,.F.);
#1585=ORIENTED_EDGE('',*,*,#1088,.T.);
#1586=ORIENTED_EDGE('',*,*,#1115,.F.);
#1587=ORIENTED_EDGE('',*,*,#1116,.T.);
#1588=ORIENTED_EDGE('',*,*,#1096,.F.);
#1589=ORIENTED_EDGE('',*,*,#1114,.T.);
#1590=ORIENTED_EDGE('',*,*,#1117,.F.);
#1591=ORIENTED_EDGE('',*,*,#1092,.T.);
#1592=ORIENTED_EDGE('',*,*,#1118,.F.);
#1593=ORIENTED_EDGE('',*,*,#986,.F.);
#1594=ORIENTED_EDGE('',*,*,#1100,.T.);
#1595=ORIENTED_EDGE('',*,*,#1112,.T.);
#1596=ORIENTED_EDGE('',*,*,#1108,.F.);
#1597=ORIENTED_EDGE('',*,*,#1106,.T.);
#1598=ORIENTED_EDGE('',*,*,#1097,.F.);
#1599=ORIENTED_EDGE('',*,*,#1116,.F.);
#1600=ORIENTED_EDGE('',*,*,#1090,.T.);
#1601=ORIENTED_EDGE('',*,*,#1094,.T.);
#1602=ORIENTED_EDGE('',*,*,#1119,.F.);
#1603=ORIENTED_EDGE('',*,*,#987,.T.);
#1604=ORIENTED_EDGE('',*,*,#1120,.F.);
#1605=ORIENTED_EDGE('',*,*,#1093,.T.);
#1606=ORIENTED_EDGE('',*,*,#1117,.T.);
#1607=ORIENTED_EDGE('',*,*,#1113,.T.);
#1608=ORIENTED_EDGE('',*,*,#1119,.T.);
#1609=ORIENTED_EDGE('',*,*,#1118,.T.);
#1610=ORIENTED_EDGE('',*,*,#1115,.T.);
#1611=ORIENTED_EDGE('',*,*,#1091,.T.);
#1612=ORIENTED_EDGE('',*,*,#1120,.T.);
#1613=ORIENTED_EDGE('',*,*,#910,.F.);
#1614=ORIENTED_EDGE('',*,*,#954,.T.);
#1615=ORIENTED_EDGE('',*,*,#978,.T.);
#1616=ORIENTED_EDGE('',*,*,#990,.T.);
#1617=CYLINDRICAL_SURFACE('',#1749,17.);
#1618=CYLINDRICAL_SURFACE('',#1751,17.);
#1619=CYLINDRICAL_SURFACE('',#1752,17.);
#1620=CYLINDRICAL_SURFACE('',#1753,17.);
#1621=CYLINDRICAL_SURFACE('',#1754,17.);
#1622=CYLINDRICAL_SURFACE('',#1755,17.8);
#1623=CYLINDRICAL_SURFACE('',#1757,17.8);
#1624=CYLINDRICAL_SURFACE('',#1758,17.8);
#1625=CYLINDRICAL_SURFACE('',#1759,17.8);
#1626=CYLINDRICAL_SURFACE('',#1760,17.8);
#1627=CYLINDRICAL_SURFACE('',#1761,17.8);
#1628=CYLINDRICAL_SURFACE('',#1772,3.);
#1629=CYLINDRICAL_SURFACE('',#1778,3.);
#1630=CYLINDRICAL_SURFACE('',#1798,20.);
#1631=CYLINDRICAL_SURFACE('',#1802,17.8);
#1632=CYLINDRICAL_SURFACE('',#1819,17.);
#1633=CYLINDRICAL_SURFACE('',#1821,1.64999999999999);
#1634=CYLINDRICAL_SURFACE('',#1823,1.64999999999999);
#1635=CYLINDRICAL_SURFACE('',#1825,1.65000000000001);
#1636=CYLINDRICAL_SURFACE('',#1827,1.65000000000001);
#1637=CYLINDRICAL_SURFACE('',#1832,1.);
#1638=CYLINDRICAL_SURFACE('',#1836,1.);
#1639=CYLINDRICAL_SURFACE('',#1841,2.79999999999999);
#1640=CYLINDRICAL_SURFACE('',#1844,2.80000000000001);
#1641=CYLINDRICAL_SURFACE('',#1859,1.65000000000001);
#1642=CYLINDRICAL_SURFACE('',#1863,3.);
#1643=CYLINDRICAL_SURFACE('',#1876,12.5);
#1644=ADVANCED_FACE('',(#98),#1617,.T.);
#1645=ADVANCED_FACE('',(#99),#1618,.T.);
#1646=ADVANCED_FACE('',(#100),#1619,.T.);
#1647=ADVANCED_FACE('',(#101),#1620,.T.);
#1648=ADVANCED_FACE('',(#102),#1621,.T.);
#1649=ADVANCED_FACE('',(#103),#1622,.T.);
#1650=ADVANCED_FACE('',(#104),#1623,.T.);
#1651=ADVANCED_FACE('',(#105),#1624,.T.);
#1652=ADVANCED_FACE('',(#106),#1625,.T.);
#1653=ADVANCED_FACE('',(#107),#1626,.T.);
#1654=ADVANCED_FACE('',(#108),#1627,.T.);
#1655=ADVANCED_FACE('',(#109),#38,.T.);
#1656=ADVANCED_FACE('',(#110),#39,.T.);
#1657=ADVANCED_FACE('',(#111,#22,#23),#40,.F.);
#1658=ADVANCED_FACE('',(#112),#41,.T.);
#1659=ADVANCED_FACE('',(#113),#42,.T.);
#1660=ADVANCED_FACE('',(#114,#24,#25),#43,.F.);
#1661=ADVANCED_FACE('',(#115),#1628,.T.);
#1662=ADVANCED_FACE('',(#116),#44,.T.);
#1663=ADVANCED_FACE('',(#117),#1629,.T.);
#1664=ADVANCED_FACE('',(#118),#45,.F.);
#1665=ADVANCED_FACE('',(#119,#26,#27),#46,.T.);
#1666=ADVANCED_FACE('',(#120,#28,#29),#47,.T.);
#1667=ADVANCED_FACE('',(#121),#48,.T.);
#1668=ADVANCED_FACE('',(#122),#49,.F.);
#1669=ADVANCED_FACE('',(#123),#50,.T.);
#1670=ADVANCED_FACE('',(#124),#51,.F.);
#1671=ADVANCED_FACE('',(#125),#52,.T.);
#1672=ADVANCED_FACE('',(#126,#30),#53,.T.);
#1673=ADVANCED_FACE('',(#127),#54,.T.);
#1674=ADVANCED_FACE('',(#128),#1630,.T.);
#1675=ADVANCED_FACE('',(#129),#1631,.T.);
#1676=ADVANCED_FACE('',(#130),#55,.T.);
#1677=ADVANCED_FACE('',(#131),#56,.T.);
#1678=ADVANCED_FACE('',(#132),#57,.T.);
#1679=ADVANCED_FACE('',(#133),#58,.T.);
#1680=ADVANCED_FACE('',(#134),#59,.F.);
#1681=ADVANCED_FACE('',(#135),#60,.F.);
#1682=ADVANCED_FACE('',(#136),#61,.T.);
#1683=ADVANCED_FACE('',(#137),#62,.T.);
#1684=ADVANCED_FACE('',(#138,#31),#63,.T.);
#1685=ADVANCED_FACE('',(#139),#18,.F.);
#1686=ADVANCED_FACE('',(#140),#1632,.T.);
#1687=ADVANCED_FACE('',(#141),#19,.F.);
#1688=ADVANCED_FACE('',(#142),#64,.T.);
#1689=ADVANCED_FACE('',(#143),#1633,.F.);
#1690=ADVANCED_FACE('',(#144),#1634,.F.);
#1691=ADVANCED_FACE('',(#145),#1635,.F.);
#1692=ADVANCED_FACE('',(#146),#1636,.F.);
#1693=ADVANCED_FACE('',(#147),#65,.T.);
#1694=ADVANCED_FACE('',(#148),#66,.F.);
#1695=ADVANCED_FACE('',(#149),#1637,.F.);
#1696=ADVANCED_FACE('',(#150),#67,.F.);
#1697=ADVANCED_FACE('',(#151),#68,.T.);
#1698=ADVANCED_FACE('',(#152),#1638,.F.);
#1699=ADVANCED_FACE('',(#153),#16,.T.);
#1700=ADVANCED_FACE('',(#154),#17,.T.);
#1701=ADVANCED_FACE('',(#155,#32),#69,.T.);
#1702=ADVANCED_FACE('',(#156),#1639,.F.);
#1703=ADVANCED_FACE('',(#157,#33),#70,.T.);
#1704=ADVANCED_FACE('',(#158),#1640,.F.);
#1705=ADVANCED_FACE('',(#159),#71,.F.);
#1706=ADVANCED_FACE('',(#160),#72,.F.);
#1707=ADVANCED_FACE('',(#161),#73,.F.);
#1708=ADVANCED_FACE('',(#162),#74,.F.);
#1709=ADVANCED_FACE('',(#163),#75,.F.);
#1710=ADVANCED_FACE('',(#164),#76,.F.);
#1711=ADVANCED_FACE('',(#165,#34),#77,.T.);
#1712=ADVANCED_FACE('',(#166,#35),#78,.T.);
#1713=ADVANCED_FACE('',(#167),#79,.F.);
#1714=ADVANCED_FACE('',(#168),#80,.F.);
#1715=ADVANCED_FACE('',(#169),#81,.F.);
#1716=ADVANCED_FACE('',(#170),#82,.F.);
#1717=ADVANCED_FACE('',(#171),#83,.F.);
#1718=ADVANCED_FACE('',(#172),#84,.F.);
#1719=ADVANCED_FACE('',(#173),#1641,.F.);
#1720=ADVANCED_FACE('',(#174),#85,.T.);
#1721=ADVANCED_FACE('',(#175),#1642,.T.);
#1722=ADVANCED_FACE('',(#176),#86,.T.);
#1723=ADVANCED_FACE('',(#177),#87,.T.);
#1724=ADVANCED_FACE('',(#178),#88,.T.);
#1725=ADVANCED_FACE('',(#179),#89,.T.);
#1726=ADVANCED_FACE('',(#180),#90,.T.);
#1727=ADVANCED_FACE('',(#181),#1643,.F.);
#1728=ADVANCED_FACE('',(#182,#36),#91,.T.);
#1729=ADVANCED_FACE('',(#183),#92,.T.);
#1730=ADVANCED_FACE('',(#184,#37),#93,.F.);
#1731=ADVANCED_FACE('',(#185),#94,.T.);
#1732=ADVANCED_FACE('',(#186),#95,.T.);
#1733=ADVANCED_FACE('',(#187),#96,.T.);
#1734=ADVANCED_FACE('',(#188),#97,.T.);
#1735=CLOSED_SHELL('',(#1644,#1645,#1646,#1647,#1648,#1649,#1650,#1651,
#1652,#1653,#1654,#1655,#1656,#1657,#1658,#1659,#1660,#1661,#1662,#1663,
#1664,#1665,#1666,#1667,#1668,#1669,#1670,#1671,#1672,#1673,#1674,#1675,
#1676,#1677,#1678,#1679,#1680,#1681,#1682,#1683,#1684,#1685,#1686,#1687,
#1688,#1689,#1690,#1691,#1692,#1693,#1694,#1695,#1696,#1697,#1698,#1699,
#1700,#1701,#1702,#1703,#1704,#1705,#1706,#1707,#1708,#1709,#1710,#1711,
#1712,#1713,#1714,#1715,#1716,#1717,#1718,#1719,#1720,#1721,#1722,#1723,
#1724,#1725,#1726,#1727,#1728,#1729,#1730,#1731,#1732,#1733,#1734));
#1736=DERIVED_UNIT_ELEMENT(#1738,1.);
#1737=DERIVED_UNIT_ELEMENT(#4801,-3.);
#1738=(
MASS_UNIT()
NAMED_UNIT(*)
SI_UNIT(.KILO.,.GRAM.)
);
#1739=DERIVED_UNIT((#1736,#1737));
#1740=MEASURE_REPRESENTATION_ITEM('density measure',
POSITIVE_RATIO_MEASURE(7850.),#1739);
#1741=PROPERTY_DEFINITION_REPRESENTATION(#1746,#1743);
#1742=PROPERTY_DEFINITION_REPRESENTATION(#1747,#1744);
#1743=REPRESENTATION('material name',(#1745),#4798);
#1744=REPRESENTATION('density',(#1740),#4798);
#1745=DESCRIPTIVE_REPRESENTATION_ITEM('Steel','Steel');
#1746=PROPERTY_DEFINITION('material property','material name',#4808);
#1747=PROPERTY_DEFINITION('material property','density of part',#4808);
#1748=AXIS2_PLACEMENT_3D('',#2325,#1884,#1885);
#1749=AXIS2_PLACEMENT_3D('',#2326,#1886,#1887);
#1750=AXIS2_PLACEMENT_3D('',#2357,#1889,#1890);
#1751=AXIS2_PLACEMENT_3D('',#2374,#1891,#1892);
#1752=AXIS2_PLACEMENT_3D('',#2464,#1894,#1895);
#1753=AXIS2_PLACEMENT_3D('',#2557,#1897,#1898);
#1754=AXIS2_PLACEMENT_3D('',#2653,#1900,#1901);
#1755=AXIS2_PLACEMENT_3D('',#2743,#1903,#1904);
#1756=AXIS2_PLACEMENT_3D('',#2756,#1906,#1907);
#1757=AXIS2_PLACEMENT_3D('',#2761,#1908,#1909);
#1758=AXIS2_PLACEMENT_3D('',#2839,#1911,#1912);
#1759=AXIS2_PLACEMENT_3D('',#2935,#1914,#1915);
#1760=AXIS2_PLACEMENT_3D('',#3028,#1917,#1918);
#1761=AXIS2_PLACEMENT_3D('',#3121,#1920,#1921);
#1762=AXIS2_PLACEMENT_3D('',#3208,#1923,#1924);
#1763=AXIS2_PLACEMENT_3D('',#3217,#1929,#1930);
#1764=AXIS2_PLACEMENT_3D('',#3235,#1940,#1941);
#1765=AXIS2_PLACEMENT_3D('',#3248,#1948,#1949);
#1766=AXIS2_PLACEMENT_3D('',#3250,#1950,#1951);
#1767=AXIS2_PLACEMENT_3D('',#3251,#1952,#1953);
#1768=AXIS2_PLACEMENT_3D('',#3257,#1957,#1958);
#1769=AXIS2_PLACEMENT_3D('',#3263,#1962,#1963);
#1770=AXIS2_PLACEMENT_3D('',#3276,#1970,#1971);
#1771=AXIS2_PLACEMENT_3D('',#3278,#1972,#1973);
#1772=AXIS2_PLACEMENT_3D('',#3279,#1974,#1975);
#1773=AXIS2_PLACEMENT_3D('',#3281,#1976,#1977);
#1774=AXIS2_PLACEMENT_3D('',#3283,#1978,#1979);
#1775=AXIS2_PLACEMENT_3D('',#3285,#1981,#1982);
#1776=AXIS2_PLACEMENT_3D('',#3289,#1984,#1985);
#1777=AXIS2_PLACEMENT_3D('',#3292,#1987,#1988);
#1778=AXIS2_PLACEMENT_3D('',#3293,#1989,#1990);
#1779=AXIS2_PLACEMENT_3D('',#3295,#1991,#1992);
#1780=AXIS2_PLACEMENT_3D('',#3297,#1994,#1995);
#1781=AXIS2_PLACEMENT_3D('',#3303,#1999,#2000);
#1782=AXIS2_PLACEMENT_3D('',#3335,#2015,#2016);
#1783=AXIS2_PLACEMENT_3D('',#3346,#2020,#2021);
#1784=AXIS2_PLACEMENT_3D('',#3348,#2022,#2023);
#1785=AXIS2_PLACEMENT_3D('',#3349,#2024,#2025);
#1786=AXIS2_PLACEMENT_3D('',#3355,#2029,#2030);
#1787=AXIS2_PLACEMENT_3D('',#3377,#2043,#2044);
#1788=AXIS2_PLACEMENT_3D('',#3380,#2047,#2048);
#1789=AXIS2_PLACEMENT_3D('',#3381,#2049,#2050);
#1790=AXIS2_PLACEMENT_3D('',#3385,#2052,#2053);
#1791=AXIS2_PLACEMENT_3D('',#3386,#2054,#2055);
#1792=AXIS2_PLACEMENT_3D('',#3387,#2056,#2057);
#1793=AXIS2_PLACEMENT_3D('',#3390,#2058,#2059);
#1794=AXIS2_PLACEMENT_3D('',#3398,#2063,#2064);
#1795=AXIS2_PLACEMENT_3D('',#3399,#2065,#2066);
#1796=AXIS2_PLACEMENT_3D('',#3647,#2067,#2068);
#1797=AXIS2_PLACEMENT_3D('',#3648,#2069,#2070);
#1798=AXIS2_PLACEMENT_3D('',#3649,#2071,#2072);
#1799=AXIS2_PLACEMENT_3D('',#3652,#2074,#2075);
#1800=AXIS2_PLACEMENT_3D('',#3653,#2076,#2077);
#1801=AXIS2_PLACEMENT_3D('',#3654,#2078,#2079);
#1802=AXIS2_PLACEMENT_3D('',#3656,#2081,#2082);
#1803=AXIS2_PLACEMENT_3D('',#3672,#2083,#2084);
#1804=AXIS2_PLACEMENT_3D('',#3680,#2085,#2086);
#1805=AXIS2_PLACEMENT_3D('',#3683,#2087,#2088);
#1806=AXIS2_PLACEMENT_3D('',#3689,#2092,#2093);
#1807=AXIS2_PLACEMENT_3D('',#3695,#2097,#2098);
#1808=AXIS2_PLACEMENT_3D('',#3698,#2099,#2100);
#1809=AXIS2_PLACEMENT_3D('',#3700,#2101,#2102);
#1810=AXIS2_PLACEMENT_3D('',#3706,#2106,#2107);
#1811=AXIS2_PLACEMENT_3D('',#3712,#2111,#2112);
#1812=AXIS2_PLACEMENT_3D('',#3716,#2115,#2116);
#1813=AXIS2_PLACEMENT_3D('',#3720,#2119,#2120);
#1814=AXIS2_PLACEMENT_3D('',#3724,#2123,#2124);
#1815=AXIS2_PLACEMENT_3D('',#3728,#2127,#2128);
#1816=AXIS2_PLACEMENT_3D('',#3849,#2129,#2130);
#1817=AXIS2_PLACEMENT_3D('',#3983,#2131,#2132);
#1818=AXIS2_PLACEMENT_3D('',#3984,#2133,#2134);
#1819=AXIS2_PLACEMENT_3D('',#4315,#2135,#2136);
#1820=AXIS2_PLACEMENT_3D('',#4634,#2137,#2138);
#1821=AXIS2_PLACEMENT_3D('',#4637,#2141,#2142);
#1822=AXIS2_PLACEMENT_3D('',#4640,#2144,#2145);
#1823=AXIS2_PLACEMENT_3D('',#4641,#2146,#2147);
#1824=AXIS2_PLACEMENT_3D('',#4643,#2148,#2149);
#1825=AXIS2_PLACEMENT_3D('',#4645,#2151,#2152);
#1826=AXIS2_PLACEMENT_3D('',#4648,#2154,#2155);
#1827=AXIS2_PLACEMENT_3D('',#4649,#2156,#2157);
#1828=AXIS2_PLACEMENT_3D('',#4651,#2158,#2159);
#1829=AXIS2_PLACEMENT_3D('',#4653,#2161,#2162);
#1830=AXIS2_PLACEMENT_3D('',#4656,#2164,#2165);
#1831=AXIS2_PLACEMENT_3D('',#4657,#2166,#2167);
#1832=AXIS2_PLACEMENT_3D('',#4659,#2169,#2170);
#1833=AXIS2_PLACEMENT_3D('',#4660,#2171,#2172);
#1834=AXIS2_PLACEMENT_3D('',#4664,#2175,#2176);
#1835=AXIS2_PLACEMENT_3D('',#4665,#2177,#2178);
#1836=AXIS2_PLACEMENT_3D('',#4666,#2179,#2180);
#1837=AXIS2_PLACEMENT_3D('',#4667,#2181,#2182);
#1838=AXIS2_PLACEMENT_3D('',#4668,#2183,#2184);
#1839=AXIS2_PLACEMENT_3D('',#4669,#2185,#2186);
#1840=AXIS2_PLACEMENT_3D('',#4671,#2187,#2188);
#1841=AXIS2_PLACEMENT_3D('',#4672,#2189,#2190);
#1842=AXIS2_PLACEMENT_3D('',#4674,#2192,#2193);
#1843=AXIS2_PLACEMENT_3D('',#4676,#2194,#2195);
#1844=AXIS2_PLACEMENT_3D('',#4677,#2196,#2197);
#1845=AXIS2_PLACEMENT_3D('',#4679,#2199,#2200);
#1846=AXIS2_PLACEMENT_3D('',#4685,#2204,#2205);
#1847=AXIS2_PLACEMENT_3D('',#4689,#2208,#2209);
#1848=AXIS2_PLACEMENT_3D('',#4693,#2212,#2213);
#1849=AXIS2_PLACEMENT_3D('',#4697,#2216,#2217);
#1850=AXIS2_PLACEMENT_3D('',#4701,#2220,#2221);
#1851=AXIS2_PLACEMENT_3D('',#4703,#2223,#2224);
#1852=AXIS2_PLACEMENT_3D('',#4704,#2225,#2226);
#1853=AXIS2_PLACEMENT_3D('',#4717,#2233,#2234);
#1854=AXIS2_PLACEMENT_3D('',#4720,#2237,#2238);
#1855=AXIS2_PLACEMENT_3D('',#4722,#2240,#2241);
#1856=AXIS2_PLACEMENT_3D('',#4724,#2243,#2244);
#1857=AXIS2_PLACEMENT_3D('',#4726,#2246,#2247);
#1858=AXIS2_PLACEMENT_3D('',#4728,#2249,#2250);
#1859=AXIS2_PLACEMENT_3D('',#4729,#2251,#2252);
#1860=AXIS2_PLACEMENT_3D('',#4731,#2253,#2254);
#1861=AXIS2_PLACEMENT_3D('',#4734,#2256,#2257);
#1862=AXIS2_PLACEMENT_3D('',#4735,#2258,#2259);
#1863=AXIS2_PLACEMENT_3D('',#4744,#2264,#2265);
#1864=AXIS2_PLACEMENT_3D('',#4747,#2266,#2267);
#1865=AXIS2_PLACEMENT_3D('',#4751,#2269,#2270);
#1866=AXIS2_PLACEMENT_3D('',#4753,#2272,#2273);
#1867=AXIS2_PLACEMENT_3D('',#4755,#2274,#2275);
#1868=AXIS2_PLACEMENT_3D('',#4757,#2277,#2278);
#1869=AXIS2_PLACEMENT_3D('',#4758,#2279,#2280);
#1870=AXIS2_PLACEMENT_3D('',#4759,#2281,#2282);
#1871=AXIS2_PLACEMENT_3D('',#4761,#2283,#2284);
#1872=AXIS2_PLACEMENT_3D('',#4762,#2285,#2286);
#1873=AXIS2_PLACEMENT_3D('',#4763,#2287,#2288);
#1874=AXIS2_PLACEMENT_3D('',#4769,#2292,#2293);
#1875=AXIS2_PLACEMENT_3D('',#4774,#2296,#2297);
#1876=AXIS2_PLACEMENT_3D('',#4775,#2298,#2299);
#1877=AXIS2_PLACEMENT_3D('',#4779,#2303,#2304);
#1878=AXIS2_PLACEMENT_3D('',#4783,#2307,#2308);
#1879=AXIS2_PLACEMENT_3D('',#4788,#2312,#2313);
#1880=AXIS2_PLACEMENT_3D('',#4790,#2315,#2316);
#1881=AXIS2_PLACEMENT_3D('',#4793,#2319,#2320);
#1882=AXIS2_PLACEMENT_3D('',#4794,#2321,#2322);
#1883=AXIS2_PLACEMENT_3D('',#4795,#2323,#2324);
#1884=DIRECTION('axis',(0.,0.,1.));
#1885=DIRECTION('refdir',(1.,0.,0.));
#1886=DIRECTION('center_axis',(-3.48345796544601E-10,-1.,4.15559807313424E-18));
#1887=DIRECTION('ref_axis',(-1.,3.48345366928796E-10,1.19295055983374E-8));
#1888=DIRECTION('',(-3.48339142368387E-10,-1.,4.15551869210266E-18));
#1889=DIRECTION('center_axis',(-3.48345631642601E-10,-1.,-4.15559603149592E-18));
#1890=DIRECTION('ref_axis',(-1.,3.48345366928796E-10,1.19295055983374E-8));
#1891=DIRECTION('center_axis',(-3.48345796544601E-10,-1.,4.15559807313424E-18));
#1892=DIRECTION('ref_axis',(-1.,3.48345366928796E-10,1.19295055983374E-8));
#1893=DIRECTION('',(-3.48339142368387E-10,-1.,4.15551869210266E-18));
#1894=DIRECTION('center_axis',(-3.48345796544601E-10,-1.,4.15559807313424E-18));
#1895=DIRECTION('ref_axis',(-1.,3.48345366928796E-10,1.19295055983374E-8));
#1896=DIRECTION('',(-3.48339142368387E-10,-1.,4.15551869210266E-18));
#1897=DIRECTION('center_axis',(-3.48345796544601E-10,-1.,4.15559807313424E-18));
#1898=DIRECTION('ref_axis',(-1.,3.48345366928796E-10,1.19295055983374E-8));
#1899=DIRECTION('',(-3.48339142368387E-10,-1.,4.15551869210266E-18));
#1900=DIRECTION('center_axis',(-3.48345796544601E-10,-1.,4.15559807313424E-18));
#1901=DIRECTION('ref_axis',(-1.,3.48345366928796E-10,1.19295055983374E-8));
#1902=DIRECTION('',(-3.48339142368387E-10,-1.,4.15551869210266E-18));
#1903=DIRECTION('center_axis',(-3.48345796544601E-10,-1.,4.15559807313424E-18));
#1904=DIRECTION('ref_axis',(-1.,3.48345796544601E-10,1.19295188695293E-8));
#1905=DIRECTION('',(-3.48345796544601E-10,-1.,4.15559807313424E-18));
#1906=DIRECTION('center_axis',(-3.48345631642601E-10,-1.,-4.15559603149592E-18));
#1907=DIRECTION('ref_axis',(-1.,3.48345796544601E-10,1.19295188695293E-8));
#1908=DIRECTION('center_axis',(-3.48345796544601E-10,-1.,4.15559807313424E-18));
#1909=DIRECTION('ref_axis',(-1.,3.48345796544601E-10,1.19295188695293E-8));
#1910=DIRECTION('',(-3.48345796544601E-10,-1.,4.15559807313424E-18));
#1911=DIRECTION('center_axis',(-3.48345796544601E-10,-1.,4.15559807313424E-18));
#1912=DIRECTION('ref_axis',(-1.,3.48345796544601E-10,1.19295188695293E-8));
#1913=DIRECTION('',(-3.48345796544601E-10,-1.,4.15559807313424E-18));
#1914=DIRECTION('center_axis',(-3.48345796544601E-10,-1.,4.15559807313424E-18));
#1915=DIRECTION('ref_axis',(-1.,3.48345796544601E-10,1.19295188695293E-8));
#1916=DIRECTION('',(-3.48345796544601E-10,-1.,4.15559807313424E-18));
#1917=DIRECTION('center_axis',(-3.48345796544601E-10,-1.,4.15559807313424E-18));
#1918=DIRECTION('ref_axis',(-1.,3.48345796544601E-10,1.19295188695293E-8));
#1919=DIRECTION('',(-3.48345796544601E-10,-1.,4.15559807313424E-18));
#1920=DIRECTION('center_axis',(-3.48345796544601E-10,-1.,4.15559807313424E-18));
#1921=DIRECTION('ref_axis',(-1.,3.48345796544601E-10,1.19295188695293E-8));
#1922=DIRECTION('',(-3.48345796544601E-10,-1.,4.15559807313424E-18));
#1923=DIRECTION('center_axis',(0.70710676492695,-0.707106797446145,4.98961808010824E-9));
#1924=DIRECTION('ref_axis',(7.05638572220944E-9,0.,-1.));
#1925=DIRECTION('',(-0.707106797446145,-0.707106764926949,2.09890001183004E-8));
#1926=DIRECTION('',(7.05638656037991E-9,8.38170435105677E-16,-1.));
#1927=DIRECTION('',(0.577350280770207,0.57735025014439,-0.57735027665428));
#1928=DIRECTION('',(-7.05638656037991E-9,-8.38170435105677E-16,1.));
#1929=DIRECTION('center_axis',(1.40546622831615E-15,2.968292790503E-8,1.));
#1930=DIRECTION('ref_axis',(1.,-2.16825924104077E-19,-1.40546622830971E-15));
#1931=DIRECTION('',(7.25721440923507E-11,0.999999999999999,-2.968292790503E-8));
#1932=DIRECTION('',(1.,-3.48345631859453E-10,-1.39512631003963E-15));
#1933=DIRECTION('',(-2.46744459420979E-10,-0.999999999999999,2.968292790503E-8));
#1934=DIRECTION('',(-0.707106764865368,0.707106797507726,-2.09889990977638E-8));
#1935=DIRECTION('',(0.999999999999999,-4.59164963356081E-8,-4.25301779347198E-17));
#1936=DIRECTION('',(-2.90251399089791E-16,-1.,2.968292790503E-8));
#1937=DIRECTION('',(-1.,2.16825924104076E-19,1.40546622830971E-15));
#1938=DIRECTION('',(3.42146916625176E-8,0.999999999999999,-2.968292790503E-8));
#1939=DIRECTION('',(0.999999999999999,-4.59164963356081E-8,-4.25301779347198E-17));
#1940=DIRECTION('center_axis',(-1.,7.25719346381372E-11,-7.05638656037991E-9));
#1941=DIRECTION('ref_axis',(-7.05638656054878E-9,-2.32696899515858E-9,1.));
#1942=DIRECTION('',(7.25719346381372E-11,1.,-1.19275578474956E-25));
#1943=DIRECTION('',(-7.05638656037991E-9,-1.69753440936741E-18,1.));
#1944=DIRECTION('',(-7.25719462628263E-11,-1.,-3.3496883768134E-10));
#1945=DIRECTION('',(7.05638656037991E-9,-2.08826364683772E-25,-1.));
#1946=DIRECTION('',(7.25719462628263E-11,1.,-3.34968796239813E-10));
#1947=DIRECTION('',(-7.05638656037991E-9,-1.69753440936741E-18,1.));
#1948=DIRECTION('center_axis',(-1.,7.25719346381372E-11,-7.05638656037991E-9));
#1949=DIRECTION('ref_axis',(-7.25719346381372E-11,-1.,1.21205192811822E-18));
#1950=DIRECTION('center_axis',(-1.,7.25719346381372E-11,-7.05638656037991E-9));
#1951=DIRECTION('ref_axis',(-7.25719346381372E-11,-1.,1.21205193814969E-18));
#1952=DIRECTION('center_axis',(-0.707106797507726,-0.707106764865368,-4.9896195398729E-9));
#1953=DIRECTION('ref_axis',(-7.05638746149712E-9,0.,1.));
#1954=DIRECTION('',(7.05638662332672E-9,8.3817043221538E-16,-1.));
#1955=DIRECTION('',(0.577350257542009,-0.57735028826839,0.577350261758478));
#1956=DIRECTION('',(-7.05638662332672E-9,-8.3817043221538E-16,1.));
#1957=DIRECTION('center_axis',(-3.24678650696024E-8,-0.70710678118654,-0.707106781186554));
#1958=DIRECTION('ref_axis',(-0.999999999999999,0.,4.59164951227309E-8));
#1959=DIRECTION('',(0.999999999999999,-4.59164963356081E-8,1.21287628301703E-15));
#1960=DIRECTION('',(0.577350247408746,-0.577350293335021,0.577350266825109));
#1961=DIRECTION('',(-0.999999999999999,4.59164963356081E-8,-1.21287627926846E-15));
#1962=DIRECTION('center_axis',(1.,-2.46744249966764E-10,7.05638662332672E-9));
#1963=DIRECTION('ref_axis',(7.05638662275256E-9,-2.32696901278248E-9,-1.));
#1964=DIRECTION('',(7.05638662332672E-9,1.69753438744017E-18,-1.));
#1965=DIRECTION('',(-2.46744250536095E-10,-1.,-1.23414690896489E-10));
#1966=DIRECTION('',(-7.05638662332672E-9,2.08826364697421E-25,1.));
#1967=DIRECTION('',(2.46744250536095E-10,1.,-1.23414649454962E-10));
#1968=DIRECTION('',(7.05638662332672E-9,1.69753438744017E-18,-1.));
#1969=DIRECTION('',(-2.46744249966764E-10,-1.,-9.19738919452989E-26));
#1970=DIRECTION('center_axis',(1.,-2.46744249966764E-10,7.05638662332672E-9));
#1971=DIRECTION('ref_axis',(-2.46744249966764E-10,-1.,-8.65740084926146E-19));
#1972=DIRECTION('center_axis',(1.,-2.46744249966764E-10,7.05638662332672E-9));
#1973=DIRECTION('ref_axis',(-2.46744249966764E-10,-1.,-8.65740092091544E-19));
#1974=DIRECTION('center_axis',(2.90251399089791E-16,1.,-2.968292790503E-8));
#1975=DIRECTION('ref_axis',(0.707106777731946,2.09890042589684E-8,0.707106784641149));
#1976=DIRECTION('center_axis',(-2.16825924104076E-19,-1.,2.07296357146982E-25));
#1977=DIRECTION('ref_axis',(0.707106777731946,-1.53317926536704E-19,0.70710678464115));
#1978=DIRECTION('center_axis',(4.59164963356081E-8,0.999999999999999,1.16217498274799E-15));
#1979=DIRECTION('ref_axis',(0.707106777731945,-3.24678665903943E-8,0.70710678464115));
#1980=DIRECTION('',(2.90251399089791E-16,1.,-2.968292790503E-8));
#1981=DIRECTION('center_axis',(2.16825924104076E-19,1.,-2.07296357146982E-25));
#1982=DIRECTION('ref_axis',(1.38050658413677E-30,2.07296357146982E-25,1.));
#1983=DIRECTION('',(9.77109044275036E-9,-9.83106876096458E-26,-1.));
#1984=DIRECTION('center_axis',(2.16825924104076E-19,1.,-2.07296357146982E-25));
#1985=DIRECTION('ref_axis',(-1.,2.16825907137593E-19,1.19295188695293E-8));
#1986=DIRECTION('',(-1.47942179376555E-8,2.10504127122712E-25,1.));
#1987=DIRECTION('center_axis',(-2.16825924104076E-19,-1.,2.07296357146982E-25));
#1988=DIRECTION('ref_axis',(-0.707106786417093,1.53320683805412E-19,0.707106775956002));
#1989=DIRECTION('center_axis',(-3.42146916625176E-8,-0.999999999999999,
2.968292790503E-8));
#1990=DIRECTION('ref_axis',(-0.707106786417093,4.51824463449319E-8,0.707106775956001));
#1991=DIRECTION('center_axis',(4.59164963356081E-8,0.999999999999999,1.16217498274799E-15));
#1992=DIRECTION('ref_axis',(-0.707106775956,3.24678665088492E-8,-0.707106786417094));
#1993=DIRECTION('',(-3.42146916625176E-8,-0.999999999999999,2.968292790503E-8));
#1994=DIRECTION('center_axis',(4.59164963356081E-8,0.999999999999999,1.16217498274799E-15));
#1995=DIRECTION('ref_axis',(1.38025459447212E-30,-1.162174982748E-15,1.));
#1996=DIRECTION('',(-1.47942179376556E-8,-4.82876329025446E-16,1.));
#1997=DIRECTION('',(-0.70710678464115,3.24678652640772E-8,0.707106777731945));
#1998=DIRECTION('',(-0.999999999999999,4.59164963356081E-8,-1.21287628301703E-15));
#1999=DIRECTION('center_axis',(-0.999999999999999,3.42146912233819E-8,-1.47942179376555E-8));
#2000=DIRECTION('ref_axis',(3.42146912233819E-8,0.999999999999999,5.06179601015334E-16));
#2001=DIRECTION('',(-9.77109092773736E-9,6.23780324433392E-25,1.));
#2002=DIRECTION('',(2.16825924104076E-19,1.,-2.07296357146982E-25));
#2003=DIRECTION('',(-2.22336828132614E-8,-0.866025403784438,-0.500000000000001));
#2004=DIRECTION('',(1.47942179376555E-8,-5.06179598835599E-16,-1.));
#2005=DIRECTION('',(3.7027900750917E-8,0.866025403784438,-0.5));
#2006=DIRECTION('',(2.22336828132615E-8,0.866025403784438,0.5));
#2007=DIRECTION('',(-1.47942179376555E-8,5.06179598835599E-16,1.));
#2008=DIRECTION('',(-3.7027900750917E-8,-0.866025403784438,0.499999999999999));
#2009=DIRECTION('',(-2.22336828132615E-8,-0.866025403784438,-0.5));
#2010=DIRECTION('',(1.47942179376555E-8,-5.061795988356E-16,-1.));
#2011=DIRECTION('',(3.7027900750917E-8,0.866025403784438,-0.5));
#2012=DIRECTION('',(2.22336828132615E-8,0.866025403784439,0.5));
#2013=DIRECTION('',(-1.47942179376555E-8,5.061795988356E-16,1.));
#2014=DIRECTION('',(-3.7027900750917E-8,-0.866025403784438,0.5));
#2015=DIRECTION('center_axis',(1.,-2.16825924104074E-19,9.77109044275036E-9));
#2016=DIRECTION('ref_axis',(9.77109044275036E-9,-9.83106876096458E-26,-1.));
#2017=DIRECTION('',(9.77109044275036E-9,7.13520744238553E-16,-1.));
#2018=DIRECTION('',(-2.16825924104076E-19,-1.,2.07296357146982E-25));
#2019=DIRECTION('',(-9.77109044275036E-9,2.09414982861736E-25,1.));
#2020=DIRECTION('center_axis',(-1.,2.16819306659174E-19,-9.77109044275036E-9));
#2021=DIRECTION('ref_axis',(2.16819306659176E-19,1.,-2.07296351023961E-25));
#2022=DIRECTION('center_axis',(-1.,2.16825924104074E-19,-9.77109044275035E-9));
#2023=DIRECTION('ref_axis',(2.16825924104077E-19,1.,-2.07296351023963E-25));
#2024=DIRECTION('center_axis',(-0.707106777731945,1.53318933941324E-19,
-0.70710678464115));
#2025=DIRECTION('ref_axis',(-0.70710678464115,1.53319228600738E-19,0.707106777731945));
#2026=DIRECTION('',(-0.70710678464115,1.53319228600738E-19,0.707106777731945));
#2027=DIRECTION('',(-2.16825924104076E-19,-1.,2.07296357146982E-25));
#2028=DIRECTION('',(0.577350281787135,0.577350249635949,-0.577350276145793));
#2029=DIRECTION('center_axis',(-1.21287628301703E-15,2.07296356810215E-25,
1.));
#2030=DIRECTION('ref_axis',(1.,-2.16825924104081E-19,1.21287628301703E-15));
#2031=DIRECTION('',(-1.,1.74047171971185E-18,-1.06769340040356E-15));
#2032=DIRECTION('',(-3.48345796869251E-10,-1.,-2.15203998501168E-25));
#2033=DIRECTION('',(-1.,3.48345631642601E-10,-9.38110419158125E-16));
#2034=DIRECTION('',(3.48345796869251E-10,1.,2.15203998501168E-25));
#2035=DIRECTION('',(-1.,2.16825924104076E-19,-1.21287628301703E-15));
#2036=DIRECTION('',(2.16825924104076E-19,1.,-2.07296357146982E-25));
#2037=DIRECTION('',(-1.,3.48345631859453E-10,-1.21287628301703E-15));
#2038=DIRECTION('',(-3.48345640991945E-10,-1.,-2.1520380944128E-25));
#2039=DIRECTION('',(1.,-3.48345640991945E-10,1.21287628301703E-15));
#2040=DIRECTION('',(3.48345640991945E-10,1.,2.1520380944128E-25));
#2041=DIRECTION('',(-1.,3.48345631859453E-10,-1.21287628301703E-15));
#2042=DIRECTION('',(0.999999999999999,-4.59164963356081E-8,1.21287628301703E-15));
#2043=DIRECTION('center_axis',(0.707106793076593,-1.53319230429759E-19,
-0.707106769296502));
#2044=DIRECTION('ref_axis',(-0.707106769296502,1.53318932112299E-19,-0.707106793076593));
#2045=DIRECTION('',(0.707106769296502,-1.53318932112299E-19,0.707106793076593));
#2046=DIRECTION('',(-0.707106769296501,3.24678662030683E-8,-0.707106793076593));
#2047=DIRECTION('center_axis',(4.59164963356081E-8,0.999999999999999,1.16217498274799E-15));
#2048=DIRECTION('ref_axis',(1.38025459447212E-30,-1.162174982748E-15,1.));
#2049=DIRECTION('center_axis',(2.16825924104076E-19,1.,-2.07296357146982E-25));
#2050=DIRECTION('ref_axis',(1.38050658413677E-30,2.07296357146982E-25,1.));
#2051=DIRECTION('',(-1.38119319943655E-30,-2.07296357146982E-25,-1.));
#2052=DIRECTION('center_axis',(2.16825924104076E-19,1.,-2.07296357146982E-25));
#2053=DIRECTION('ref_axis',(-0.819407394689981,1.77668895924043E-19,0.573211585304569));
#2054=DIRECTION('center_axis',(2.16825924104076E-19,1.,-2.07296357146982E-25));
#2055=DIRECTION('ref_axis',(-1.,2.16825907137593E-19,1.19295188695293E-8));
#2056=DIRECTION('center_axis',(2.16813572182921E-19,1.,-2.07296079813084E-25));
#2057=DIRECTION('ref_axis',(-1.,2.16813572182921E-19,1.38050658413673E-30));
#2058=DIRECTION('center_axis',(3.48345631642601E-10,1.,4.15559603149592E-18));
#2059=DIRECTION('ref_axis',(-0.819407394689981,2.85419857071125E-10,0.573211585304569));
#2060=DIRECTION('',(1.44620329006952E-27,4.15559603149592E-18,-1.));
#2061=DIRECTION('',(1.,-3.48345631642601E-10,9.38110419158125E-16));
#2062=DIRECTION('',(-1.44620329006952E-27,-4.15559603149592E-18,1.));
#2063=DIRECTION('center_axis',(3.48345631642601E-10,1.,4.15559603149592E-18));
#2064=DIRECTION('ref_axis',(0.819407492390568,-2.85419823039598E-10,0.57321144564131));
#2065=DIRECTION('center_axis',(-3.48345631642601E-10,-1.,-4.15559603149592E-18));
#2066=DIRECTION('ref_axis',(-1.,3.48345785267259E-10,1.19295188695293E-8));
#2067=DIRECTION('center_axis',(-3.48345631859453E-10,-1.,-4.15559584438751E-18));
#2068=DIRECTION('ref_axis',(-1.65436136315662E-23,4.1555958443875E-18,-1.));
#2069=DIRECTION('center_axis',(3.48345631859453E-10,1.,4.15559584438751E-18));
#2070=DIRECTION('ref_axis',(0.27999970052945,-9.75366722298966E-11,-0.960000087345526));
#2071=DIRECTION('center_axis',(-3.48345785267259E-10,-1.,4.15559793860097E-18));
#2072=DIRECTION('ref_axis',(1.70444217309566E-7,-5.52179268746237E-17,0.999999999999985));
#2073=DIRECTION('',(3.48345785267259E-10,1.,-4.15559793860097E-18));
#2074=DIRECTION('center_axis',(2.16825924104076E-19,1.,-2.07296357146982E-25));
#2075=DIRECTION('ref_axis',(-1.,2.16825907137593E-19,1.19295188695293E-8));
#2076=DIRECTION('center_axis',(-3.48345631642613E-10,-1.,-4.15559602927815E-18));
#2077=DIRECTION('ref_axis',(-1.,3.48345785267259E-10,1.19295188695293E-8));
#2078=DIRECTION('center_axis',(-3.48345631642613E-10,-1.,-4.15559603099549E-18));
#2079=DIRECTION('ref_axis',(1.,-3.48345785267259E-10,-1.19295188703966E-8));
#2080=DIRECTION('',(-3.48345785267259E-10,-1.,4.15559793860097E-18));
#2081=DIRECTION('center_axis',(-3.48345796544601E-10,-1.,4.15559807313424E-18));
#2082=DIRECTION('ref_axis',(0.507997857609248,-1.76958921931303E-10,-0.861358332324251));
#2083=DIRECTION('center_axis',(3.48345631534789E-10,1.,-7.37535798355665E-26));
#2084=DIRECTION('ref_axis',(-1.,3.48345796544601E-10,1.19295188695293E-8));
#2085=DIRECTION('center_axis',(3.48345631534789E-10,1.,-7.37535798355665E-26));
#2086=DIRECTION('ref_axis',(-1.,3.48345631534789E-10,1.19295188695293E-8));
#2087=DIRECTION('center_axis',(-3.48345631534789E-10,-1.,7.37535798355665E-26));
#2088=DIRECTION('ref_axis',(-1.,3.4834570499455E-10,1.19295188695293E-8));
#2089=DIRECTION('',(-1.,3.483459112029E-10,6.38979907686429E-9));
#2090=DIRECTION('',(1.19295188695293E-8,-4.15559571075878E-18,1.));
#2091=DIRECTION('',(1.,-3.48345535397295E-10,-1.00285811558992E-8));
#2092=DIRECTION('center_axis',(1.00285811558992E-8,6.6218379165945E-19,
1.));
#2093=DIRECTION('ref_axis',(1.,-3.48345535397295E-10,-1.00285811558992E-8));
#2094=DIRECTION('',(3.4834570499455E-10,1.,-4.15559698098617E-18));
#2095=DIRECTION('',(-3.48345675092232E-10,-1.,4.15559666462839E-18));
#2096=DIRECTION('',(-1.,3.48345631534789E-10,1.00285811558992E-8));
#2097=DIRECTION('center_axis',(3.48345631534789E-10,1.,-7.37535798355665E-26));
#2098=DIRECTION('ref_axis',(-1.,3.48345631534789E-10,1.19295188695293E-8));
#2099=DIRECTION('center_axis',(-3.48345631534789E-10,-1.,7.37535798355665E-26));
#2100=DIRECTION('ref_axis',(-1.,3.48345666154458E-10,1.19295188695293E-8));
#2101=DIRECTION('center_axis',(-3.48345631534789E-10,-1.,7.37535798355665E-26));
#2102=DIRECTION('ref_axis',(-1.,3.48345666154458E-10,1.19295188695293E-8));
#2103=DIRECTION('',(0.999999999999996,-3.48349797313722E-10,-9.42999443377267E-8));
#2104=DIRECTION('',(-1.19295188695293E-8,4.15559571075878E-18,-1.));
#2105=DIRECTION('',(-0.999999999999996,3.48349797325813E-10,9.42999223112637E-8));
#2106=DIRECTION('center_axis',(-9.42999223112637E-8,2.86933752233615E-17,
-0.999999999999996));
#2107=DIRECTION('ref_axis',(-0.999999999999996,3.48349797325813E-10,9.42999223112637E-8));
#2108=DIRECTION('',(3.48345666154458E-10,1.,-4.15559651764257E-18));
#2109=DIRECTION('',(-3.48345675092232E-10,-1.,4.15559487530064E-18));
#2110=DIRECTION('',(-0.999999999999996,3.48345631534787E-10,9.42999223112637E-8));
#2111=DIRECTION('center_axis',(-1.,3.48345675092232E-10,1.19295188695293E-8));
#2112=DIRECTION('ref_axis',(-1.19295188695293E-8,4.15559571075878E-18,-1.));
#2113=DIRECTION('',(3.48345675092232E-10,1.,-4.15559487530017E-18));
#2114=DIRECTION('',(-1.19295188695293E-8,4.15559571075878E-18,-1.));
#2115=DIRECTION('center_axis',(1.,-3.48345675092232E-10,-1.19295188695293E-8));
#2116=DIRECTION('ref_axis',(1.19295188695293E-8,-4.15559571075878E-18,1.));
#2117=DIRECTION('',(3.48345675092232E-10,1.,-4.15559674189041E-18));
#2118=DIRECTION('',(1.19295188695293E-8,-4.15559571075878E-18,1.));
#2119=DIRECTION('center_axis',(-6.38979907686429E-9,-1.9297378687564E-18,
-1.));
#2120=DIRECTION('ref_axis',(-1.,3.483459112029E-10,6.38979907686429E-9));
#2121=DIRECTION('',(-3.4834570499455E-10,-1.,4.15559698098617E-18));
#2122=DIRECTION('',(1.,-3.48345631534789E-10,-6.38979907686429E-9));
#2123=DIRECTION('center_axis',(9.42999443377267E-8,-2.86933828961851E-17,
0.999999999999996));
#2124=DIRECTION('ref_axis',(0.999999999999996,-3.48349797313722E-10,-9.42999443377267E-8));
#2125=DIRECTION('',(-3.48345666154458E-10,-1.,4.15559651764257E-18));
#2126=DIRECTION('',(-0.999999999999996,3.48345631534787E-10,9.42999443377267E-8));
#2127=DIRECTION('center_axis',(3.48345631534789E-10,1.,-7.37535798355665E-26));
#2128=DIRECTION('ref_axis',(-1.,3.48345631534789E-10,1.19295188695293E-8));
#2129=DIRECTION('center_axis',(3.48345631534789E-10,1.,-7.37535798355665E-26));
#2130=DIRECTION('ref_axis',(-1.,3.48345366928796E-10,1.19295055983374E-8));
#2131=DIRECTION('center_axis',(-3.48345631534789E-10,-1.,7.37535798355665E-26));
#2132=DIRECTION('ref_axis',(-1.,3.48345630011147E-10,1.19295188695293E-8));
#2133=DIRECTION('center_axis',(-3.48345631534789E-10,-1.,7.37535798355665E-26));
#2134=DIRECTION('ref_axis',(-1.,3.48345630011147E-10,1.19295188695293E-8));
#2135=DIRECTION('center_axis',(-3.48345796544601E-10,-1.,4.15559807313424E-18));
#2136=DIRECTION('ref_axis',(-1.,3.48345366928796E-10,1.19295055983374E-8));
#2137=DIRECTION('center_axis',(2.46318221783103E-10,0.707106781495639,-0.707106780877456));
#2138=DIRECTION('ref_axis',(-1.,0.,-3.48346570057558E-10));
#2139=DIRECTION('',(-2.46317675056409E-10,-0.707106780877456,-0.707106781495639));
#2140=DIRECTION('',(2.46317675056409E-10,0.707106780877456,0.707106781495639));
#2141=DIRECTION('center_axis',(1.,-1.74173147749287E-10,1.19295193907481E-8));
#2142=DIRECTION('ref_axis',(-1.74173147749287E-10,-1.,-1.71381479554485E-24));
#2143=DIRECTION('',(1.,-1.74173147749287E-10,1.19295193907481E-8));
#2144=DIRECTION('center_axis',(1.,-2.16825928193189E-19,9.77109044275036E-9));
#2145=DIRECTION('ref_axis',(9.77109044275036E-9,-1.70185986554201E-18,-1.));
#2146=DIRECTION('center_axis',(1.,-1.74173147749281E-10,1.19295193907481E-8));
#2147=DIRECTION('ref_axis',(-1.7417314774928E-10,-1.,-1.71381469693724E-24));
#2148=DIRECTION('center_axis',(-0.999999999999999,3.42146912233819E-8,-1.47942179376555E-8));
#2149=DIRECTION('ref_axis',(-3.42146912233819E-8,-0.999999999999999,-4.06087022168186E-16));
#2150=DIRECTION('',(1.,-1.74173147749281E-10,1.19295193907481E-8));
#2151=DIRECTION('center_axis',(1.,-1.74173147749281E-10,1.1929519489483E-8));
#2152=DIRECTION('ref_axis',(-1.7417314774928E-10,-1.,-1.71381481278337E-24));
#2153=DIRECTION('',(1.,-1.7417314774928E-10,1.1929519489483E-8));
#2154=DIRECTION('center_axis',(1.,-2.16819310748289E-19,9.77109044275036E-9));
#2155=DIRECTION('ref_axis',(9.77109044275036E-9,-1.70185986554193E-18,-1.));
#2156=DIRECTION('center_axis',(1.,-1.74173147749281E-10,1.1929519489483E-8));
#2157=DIRECTION('ref_axis',(-1.7417314774928E-10,-1.,-1.71381481278337E-24));
#2158=DIRECTION('center_axis',(-0.999999999999999,3.4214691223382E-8,-1.47942179376555E-8));
#2159=DIRECTION('ref_axis',(-3.4214691223382E-8,-0.999999999999999,-4.06087025529175E-16));
#2160=DIRECTION('',(1.,-1.7417314774928E-10,1.1929519489483E-8));
#2161=DIRECTION('center_axis',(-3.48345631859453E-10,-1.,-4.15559584438751E-18));
#2162=DIRECTION('ref_axis',(-1.65436136315662E-23,4.1555958443875E-18,-1.));
#2163=DIRECTION('',(-1.44618799631878E-27,-4.15559584438751E-18,1.));
#2164=DIRECTION('center_axis',(3.48345631859453E-10,1.,4.15559584438751E-18));
#2165=DIRECTION('ref_axis',(0.27999970052945,-9.75366722298966E-11,-0.960000087345526));
#2166=DIRECTION('center_axis',(-1.,3.48345796869251E-10,1.38112098862183E-30));
#2167=DIRECTION('ref_axis',(1.44620329006962E-27,4.1555960314962E-18,-1.));
#2168=DIRECTION('',(3.48345796869251E-10,1.,-4.15559793860097E-18));
#2169=DIRECTION('center_axis',(-3.48345785267259E-10,-1.,4.15559793860097E-18));
#2170=DIRECTION('ref_axis',(-0.819407394689981,2.85419857071125E-10,0.573211585304569));
#2171=DIRECTION('center_axis',(1.,-3.48345796869251E-10,-1.38112098862183E-30));
#2172=DIRECTION('ref_axis',(-1.44620329006962E-27,-4.1555960314962E-18,
1.));
#2173=DIRECTION('',(-3.48345796869251E-10,-1.,4.15559793860097E-18));
#2174=DIRECTION('',(1.38119319943655E-30,2.07296357146982E-25,1.));
#2175=DIRECTION('center_axis',(2.16825924104076E-19,1.,-2.07296357146982E-25));
#2176=DIRECTION('ref_axis',(1.38050658413677E-30,2.07296357146982E-25,1.));
#2177=DIRECTION('center_axis',(2.16825924104076E-19,1.,-2.07296357146982E-25));
#2178=DIRECTION('ref_axis',(0.819407492390568,-1.77668669741844E-19,0.57321144564131));
#2179=DIRECTION('center_axis',(3.48345785267259E-10,1.,-4.15559793860097E-18));
#2180=DIRECTION('ref_axis',(0.819407492390568,-2.85419823039598E-10,0.57321144564131));
#2181=DIRECTION('center_axis',(3.48345631642481E-10,1.,-5.00430797640468E-28));
#2182=DIRECTION('ref_axis',(1.,-3.4834571249769E-10,-1.19295188703966E-8));
#2183=DIRECTION('center_axis',(3.48345631642481E-10,1.,-2.21777304271225E-27));
#2184=DIRECTION('ref_axis',(-1.,3.4834571249769E-10,1.19295188695293E-8));
#2185=DIRECTION('center_axis',(1.,-2.16825928193189E-19,9.77109044275036E-9));
#2186=DIRECTION('ref_axis',(2.16825928193191E-19,1.,-2.07296350984008E-25));
#2187=DIRECTION('center_axis',(-1.,2.16825928193189E-19,-9.77109044275036E-9));
#2188=DIRECTION('ref_axis',(2.16825928193191E-19,1.,-2.07296350984008E-25));
#2189=DIRECTION('center_axis',(-1.,2.16825924104075E-19,-9.77109060329439E-9));
#2190=DIRECTION('ref_axis',(2.16825924104077E-19,1.,-2.07296351023963E-25));
#2191=DIRECTION('',(-1.,2.16825924104075E-19,-9.77109060329439E-9));
#2192=DIRECTION('center_axis',(1.,-2.16825928193189E-19,9.77109044275036E-9));
#2193=DIRECTION('ref_axis',(2.16825928193191E-19,1.,-2.07296350984008E-25));
#2194=DIRECTION('center_axis',(-1.,2.16819310748289E-19,-9.77109044275036E-9));
#2195=DIRECTION('ref_axis',(2.16819310748291E-19,1.,-2.07296350984005E-25));
#2196=DIRECTION('center_axis',(-1.,2.16819306659174E-19,-9.7710906032944E-9));
#2197=DIRECTION('ref_axis',(2.16819306659176E-19,1.,-2.07296351023961E-25));
#2198=DIRECTION('',(-1.,2.16819306659174E-19,-9.7710906032944E-9));
#2199=DIRECTION('center_axis',(-3.42146933009994E-8,-0.999999999999999,
-3.05294284296238E-23));
#2200=DIRECTION('ref_axis',(1.47942179376555E-8,-5.06179598835599E-16,-1.));
#2201=DIRECTION('',(0.999999999999999,-3.42146933009994E-8,1.47942191830452E-8));
#2202=DIRECTION('',(1.47942179376555E-8,-5.06179598835599E-16,-1.));
#2203=DIRECTION('',(0.999999999999999,-3.42146933009994E-8,1.47942191830452E-8));
#2204=DIRECTION('center_axis',(-4.29517700882744E-9,-0.5,-0.866025403784439));
#2205=DIRECTION('ref_axis',(3.7027900750917E-8,0.866025403784438,-0.5));
#2206=DIRECTION('',(3.7027900750917E-8,0.866025403784438,-0.5));
#2207=DIRECTION('',(0.999999999999999,-3.42146933009994E-8,1.47942191830452E-8));
#2208=DIRECTION('center_axis',(2.99195162921719E-8,0.499999999999999,-0.866025403784439));
#2209=DIRECTION('ref_axis',(2.22336828132615E-8,0.866025403784438,0.5));
#2210=DIRECTION('',(2.22336828132614E-8,0.866025403784438,0.5));
#2211=DIRECTION('',(-0.999999999999999,3.42146933009993E-8,-1.47942191830452E-8));
#2212=DIRECTION('center_axis',(3.42146933009994E-8,0.999999999999999,3.05294284296238E-23));
#2213=DIRECTION('ref_axis',(-1.47942179376555E-8,5.06179598835599E-16,1.));
#2214=DIRECTION('',(-1.47942179376555E-8,5.06179598835599E-16,1.));
#2215=DIRECTION('',(0.999999999999999,-3.42146933009993E-8,1.47942191830452E-8));
#2216=DIRECTION('center_axis',(4.2951770088274E-9,0.499999999999999,0.866025403784439));
#2217=DIRECTION('ref_axis',(-3.7027900750917E-8,-0.866025403784438,0.499999999999999));
#2218=DIRECTION('',(-3.7027900750917E-8,-0.866025403784438,0.499999999999999));
#2219=DIRECTION('',(0.999999999999999,-3.42146933009994E-8,1.47942191830452E-8));
#2220=DIRECTION('center_axis',(-2.99195162921719E-8,-0.500000000000001,
0.866025403784438));
#2221=DIRECTION('ref_axis',(-2.22336828132614E-8,-0.866025403784438,-0.500000000000001));
#2222=DIRECTION('',(-2.22336828132614E-8,-0.866025403784438,-0.500000000000001));
#2223=DIRECTION('center_axis',(-0.999999999999999,3.42146912233819E-8,-1.47942179376555E-8));
#2224=DIRECTION('ref_axis',(-3.42146912233819E-8,-0.999999999999999,2.07296350984056E-25));
#2225=DIRECTION('center_axis',(-0.999999999999999,3.4214691223382E-8,-1.47942179376555E-8));
#2226=DIRECTION('ref_axis',(-3.4214691223382E-8,-0.999999999999999,2.07296357147029E-25));
#2227=DIRECTION('',(1.47942179376555E-8,-5.061795988356E-16,-1.));
#2228=DIRECTION('',(-2.22336828132615E-8,-0.866025403784438,-0.5));
#2229=DIRECTION('',(-3.7027900750917E-8,-0.866025403784438,0.5));
#2230=DIRECTION('',(-1.47942179376555E-8,5.061795988356E-16,1.));
#2231=DIRECTION('',(2.22336828132615E-8,0.866025403784439,0.5));
#2232=DIRECTION('',(3.7027900750917E-8,0.866025403784438,-0.5));
#2233=DIRECTION('center_axis',(-3.42146897482857E-8,-1.,2.20301928792797E-23));
#2234=DIRECTION('ref_axis',(1.47942179376555E-8,-5.061795988356E-16,-1.));
#2235=DIRECTION('',(0.999999999999999,-3.42146897482857E-8,1.47942178507776E-8));
#2236=DIRECTION('',(0.999999999999999,-3.42146897482857E-8,1.47942178507776E-8));
#2237=DIRECTION('center_axis',(-4.2951763862482E-9,-0.5,-0.866025403784439));
#2238=DIRECTION('ref_axis',(3.7027900750917E-8,0.866025403784438,-0.5));
#2239=DIRECTION('',(0.999999999999999,-3.42146897482857E-8,1.47942178507776E-8));
#2240=DIRECTION('center_axis',(2.99195133620374E-8,0.499999999999999,-0.866025403784439));
#2241=DIRECTION('ref_axis',(2.22336828132615E-8,0.866025403784439,0.5));
#2242=DIRECTION('',(-0.999999999999999,3.42146897482857E-8,-1.47942178507776E-8));
#2243=DIRECTION('center_axis',(3.42146897482857E-8,1.,-2.20301928792797E-23));
#2244=DIRECTION('ref_axis',(-1.47942179376555E-8,5.061795988356E-16,1.));
#2245=DIRECTION('',(0.999999999999999,-3.42146897482857E-8,1.47942178507776E-8));
#2246=DIRECTION('center_axis',(4.2951763862482E-9,0.5,0.866025403784439));
#2247=DIRECTION('ref_axis',(-3.7027900750917E-8,-0.866025403784438,0.5));
#2248=DIRECTION('',(0.999999999999999,-3.42146897482857E-8,1.47942178507776E-8));
#2249=DIRECTION('center_axis',(-2.99195133620375E-8,-0.5,0.866025403784438));
#2250=DIRECTION('ref_axis',(-2.22336828132615E-8,-0.866025403784438,-0.5));
#2251=DIRECTION('center_axis',(1.,-2.16825924104077E-19,-1.38050658413673E-30));
#2252=DIRECTION('ref_axis',(-1.38050658413642E-30,1.43107411673872E-24,
-1.));
#2253=DIRECTION('center_axis',(-1.,3.48345640991945E-10,1.39570179784879E-30));
#2254=DIRECTION('ref_axis',(-1.39520328941829E-30,1.43107411673872E-24,
-1.));
#2255=DIRECTION('',(1.,-2.16825924104077E-19,-1.38050658413673E-30));
#2256=DIRECTION('center_axis',(1.,-3.48345640991945E-10,2.37881623987025E-8));
#2257=DIRECTION('ref_axis',(2.37881623987025E-8,1.42591622644388E-24,-1.));
#2258=DIRECTION('center_axis',(-3.48345640991945E-10,-1.,2.07296357146982E-25));
#2259=DIRECTION('ref_axis',(-1.38050658413677E-30,-2.07296357146982E-25,
-1.));
#2260=DIRECTION('',(2.37881622106867E-8,-8.28650282059836E-18,-1.));
#2261=DIRECTION('',(1.,-3.48345640991945E-10,-1.38043437335651E-30));
#2262=DIRECTION('',(1.3957740086312E-30,2.07296357146982E-25,1.));
#2263=DIRECTION('',(-1.,3.48345640991945E-10,-1.21287628301703E-15));
#2264=DIRECTION('center_axis',(-1.,3.48345640991945E-10,1.38043437335651E-30));
#2265=DIRECTION('ref_axis',(-1.33306222466696E-10,-0.38268343236509,0.923879532511287));
#2266=DIRECTION('center_axis',(1.,-3.48345640991945E-10,-1.39570179784879E-30));
#2267=DIRECTION('ref_axis',(-1.33306222466696E-10,-0.38268343236509,0.923879532511287));
#2268=DIRECTION('',(1.,-3.48345640991945E-10,-6.90217186678258E-31));
#2269=DIRECTION('center_axis',(-1.,3.48345640991945E-10,-2.37881623987025E-8));
#2270=DIRECTION('ref_axis',(-2.21107024617601E-8,-0.38268343236509,0.923879532511286));
#2271=DIRECTION('',(-1.,3.48345640991945E-10,1.38043437335651E-30));
#2272=DIRECTION('center_axis',(-3.48345631859453E-10,-1.,-4.15559584438751E-18));
#2273=DIRECTION('ref_axis',(-1.65436136315662E-23,4.1555958443875E-18,-1.));
#2274=DIRECTION('center_axis',(3.48345631859453E-10,1.,4.15559584438751E-18));
#2275=DIRECTION('ref_axis',(0.27999970052945,-9.75366722298966E-11,-0.960000087345526));
#2276=DIRECTION('',(2.37881623987025E-8,-4.1309066171638E-18,-1.));
#2277=DIRECTION('center_axis',(2.16825924104076E-19,1.,-2.07296357146982E-25));
#2278=DIRECTION('ref_axis',(1.38050658413677E-30,2.07296357146982E-25,1.));
#2279=DIRECTION('center_axis',(-2.16825924104076E-19,-1.,2.07296357146982E-25));
#2280=DIRECTION('ref_axis',(-1.,2.16825917477351E-19,1.19295188695293E-8));
#2281=DIRECTION('center_axis',(2.16825924104076E-19,1.,-2.07296357146982E-25));
#2282=DIRECTION('ref_axis',(1.38050658413677E-30,2.07296357146982E-25,1.));
#2283=DIRECTION('center_axis',(-2.16825924104076E-19,-1.,2.07296357146982E-25));
#2284=DIRECTION('ref_axis',(-1.,2.16825917477351E-19,1.19295188695293E-8));
#2285=DIRECTION('center_axis',(-2.16825924104076E-19,-1.,2.07296357146982E-25));
#2286=DIRECTION('ref_axis',(-1.,2.16825917477351E-19,1.19295188695293E-8));
#2287=DIRECTION('center_axis',(1.38050658413892E-30,2.07296357146982E-25,
1.));
#2288=DIRECTION('ref_axis',(-1.,3.48345631642601E-10,1.38043437335845E-30));
#2289=DIRECTION('',(1.,-3.48345631642613E-10,-1.38043437335845E-30));
#2290=DIRECTION('',(2.16825872405288E-19,1.,-2.07296357146982E-25));
#2291=DIRECTION('',(-3.48345640991945E-10,-1.,2.07296357146982E-25));
#2292=DIRECTION('center_axis',(2.46317558331203E-10,0.707106781186548,0.707106781186548));
#2293=DIRECTION('ref_axis',(1.,0.,-3.48345631642613E-10));
#2294=DIRECTION('',(-2.46317564942179E-10,-0.707106781186548,0.707106781186548));
#2295=DIRECTION('',(1.70670883686885E-8,0.707106781186547,-0.707106781186547));
#2296=DIRECTION('center_axis',(-2.46317558331203E-10,-0.707106781186548,
-0.707106781186548));
#2297=DIRECTION('ref_axis',(-8.18912613175944E-9,0.707106781186547,-0.707106781186547));
#2298=DIRECTION('center_axis',(-3.48345630011147E-10,-1.,4.15559608647025E-18));
#2299=DIRECTION('ref_axis',(-1.,3.48345630011147E-10,1.19295188695293E-8));
#2300=DIRECTION('',(-3.48345630011147E-10,-1.,4.15559608647025E-18));
#2301=DIRECTION('',(3.48345630011147E-10,1.,-4.15559608647025E-18));
#2302=DIRECTION('',(-3.48345630011147E-10,-1.,4.15559608647025E-18));
#2303=DIRECTION('center_axis',(-1.,3.48345640991945E-10,1.39570179784879E-30));
#2304=DIRECTION('ref_axis',(5.68845027569117E-25,1.63299423426421E-15,-1.));
#2305=DIRECTION('',(-1.3957740086312E-30,-2.07296357146982E-25,-1.));
#2306=DIRECTION('',(-2.46317564942178E-10,-0.707106781186546,-0.707106781186549));
#2307=DIRECTION('center_axis',(-2.46317564942179E-10,-0.707106781186549,
0.707106781186546));
#2308=DIRECTION('ref_axis',(1.,0.,3.48345640991946E-10));
#2309=DIRECTION('',(-0.577350266095585,-0.577350270636087,-0.577350270837206));
#2310=DIRECTION('',(-1.65744533791473E-8,0.707106781186546,0.707106781186549));
#2311=DIRECTION('',(-0.577350268988517,0.577350269390738,0.577350269189623));
#2312=DIRECTION('center_axis',(-1.,3.48345630532692E-10,-2.37881622106867E-8));
#2313=DIRECTION('ref_axis',(-2.37881622106867E-8,4.13093456255247E-18,1.));
#2314=DIRECTION('',(-2.37881622106867E-8,8.28650282059836E-18,1.));
#2315=DIRECTION('center_axis',(-2.46316707309132E-10,-0.707106781186541,
-0.707106781186554));
#2316=DIRECTION('ref_axis',(-1.,0.,3.48344428115655E-10));
#2317=DIRECTION('',(0.577350268988513,-0.577350269390735,0.577350269189629));
#2318=DIRECTION('',(0.57735027854681,0.577350264410481,-0.577350264611587));
#2319=DIRECTION('center_axis',(-0.707106781432857,-0.707106780940238,1.46581646764107E-25));
#2320=DIRECTION('ref_axis',(2.07297752776574E-25,0.,1.));
#2321=DIRECTION('center_axis',(0.70710677555664,-0.707106786816454,1.68207706830764E-8));
#2322=DIRECTION('ref_axis',(2.37881622189732E-8,0.,-1.));
#2323=DIRECTION('center_axis',(-3.24678650696024E-8,-0.70710678118654,-0.707106781186554));
#2324=DIRECTION('ref_axis',(-0.999999999999999,0.,4.59164951227309E-8));
#2325=CARTESIAN_POINT('',(0.,0.,0.));
#2326=CARTESIAN_POINT('Origin',(2.81738967791845E-6,143.570511245867,35.5749503522051));
#2327=CARTESIAN_POINT('',(17.0010181648113,133.840174279851,35.5760472766489));
#2328=CARTESIAN_POINT('',(16.997944837625,133.505107391868,35.5735592979786));
#2329=CARTESIAN_POINT('',(17.0000028173897,143.570511239945,35.5749501494035));
#2330=CARTESIAN_POINT('',(-5.7881560071979,132.79811643791,19.5906700285625));
#2331=CARTESIAN_POINT('Ctrl Pts',(17.0010181648113,133.840174279851,35.5760472766489));
#2332=CARTESIAN_POINT('Ctrl Pts',(17.0018584472843,133.831326562597,36.2061020630373));
#2333=CARTESIAN_POINT('Ctrl Pts',(16.9676255064903,133.822478845355,36.8360197624135));
#2334=CARTESIAN_POINT('Ctrl Pts',(16.8976593443054,133.813631128126,37.4618871958184));
#2335=CARTESIAN_POINT('Ctrl Pts',(16.5436317996713,133.768861835251,40.6287653522788));
#2336=CARTESIAN_POINT('Ctrl Pts',(15.274711536199,133.724092542695,43.6919428430218));
#2337=CARTESIAN_POINT('Ctrl Pts',(13.286540782148,133.679323250389,46.1826092103506));
#2338=CARTESIAN_POINT('Ctrl Pts',(11.2983700280969,133.634553958083,48.6732755776794));
#2339=CARTESIAN_POINT('Ctrl Pts',(8.59094878346698,133.589784666028,50.591430821594));
#2340=CARTESIAN_POINT('Ctrl Pts',(5.58089103689402,133.545015374078,51.6360583326317));
#2341=CARTESIAN_POINT('Ctrl Pts',(2.19457607199944,133.494649920634,52.8112642825492));
#2342=CARTESIAN_POINT('Ctrl Pts',(-1.57476321566679,133.444284467324,52.8809116955444));
#2343=CARTESIAN_POINT('Ctrl Pts',(-4.99994217780029,133.393919013894,51.8274856182873));
#2344=CARTESIAN_POINT('Ctrl Pts',(-8.42512113993378,133.343553560464,50.7740595410302));
#2345=CARTESIAN_POINT('Ctrl Pts',(-11.5061397765345,133.293188106914,48.5975599735207));
#2346=CARTESIAN_POINT('Ctrl Pts',(-13.6449252503892,133.242822653036,45.7214054336269));
#2347=CARTESIAN_POINT('Ctrl Pts',(-15.7837107242439,133.192457199158,42.8452508937332));
#2348=CARTESIAN_POINT('Ctrl Pts',(-16.9802630353525,133.142091744951,39.269441381455));
#2349=CARTESIAN_POINT('Ctrl Pts',(-17.0035118985596,133.091726290336,35.6856164289034));
#2350=CARTESIAN_POINT('Ctrl Pts',(-17.0267607617667,133.041360835721,32.1017914763518));
#2351=CARTESIAN_POINT('Ctrl Pts',(-15.8767061770723,132.990995380697,28.5099510835266));
#2352=CARTESIAN_POINT('Ctrl Pts',(-13.7756224297678,132.940629925342,25.6064428910442));
#2353=CARTESIAN_POINT('Ctrl Pts',(-11.79388866371,132.893125429794,22.8678656056552));
#2354=CARTESIAN_POINT('Ctrl Pts',(-8.96610159279185,132.845620933951,20.7416415012597));
#2355=CARTESIAN_POINT('Ctrl Pts',(-5.78874718004454,132.798116437986,19.5872282433082));
#2356=CARTESIAN_POINT('',(-16.7248654310725,132.79811644171,38.6210597062997));
#2357=CARTESIAN_POINT('Origin',(2.81363715946765E-6,132.798116435817,35.5749503522051));
#2358=CARTESIAN_POINT('Ctrl Pts',(-16.7248654310725,132.798116441777,38.6210597062996));
#2359=CARTESIAN_POINT('Ctrl Pts',(-16.0822261021854,132.848481947478,42.1495141558304));
#2360=CARTESIAN_POINT('Ctrl Pts',(-14.2885722104754,132.898847452779,45.4635144793307));
#2361=CARTESIAN_POINT('Ctrl Pts',(-11.6862570932984,132.949212957797,47.926247249328));
#2362=CARTESIAN_POINT('Ctrl Pts',(-9.08394197612012,132.999578462816,50.3889800193266));
#2363=CARTESIAN_POINT('Ctrl Pts',(-5.67296563347389,133.049943967553,52.0004452358215));
#2364=CARTESIAN_POINT('Ctrl Pts',(-2.11663088028787,133.100309472239,52.4468199521962));
#2365=CARTESIAN_POINT('Ctrl Pts',(1.4397038728981,133.150674976926,52.8931946685708));
#2366=CARTESIAN_POINT('Ctrl Pts',(5.14139703662385,133.201040481561,52.1744788848253));
#2367=CARTESIAN_POINT('Ctrl Pts',(8.27252589426093,133.251405986396,50.4307492487373));
#2368=CARTESIAN_POINT('Ctrl Pts',(11.403654751898,133.30177149123,48.6870196126493));
#2369=CARTESIAN_POINT('Ctrl Pts',(13.9642193034465,133.352136996263,45.9182761242188));
#2370=CARTESIAN_POINT('Ctrl Pts',(15.4576067009828,133.402502501668,42.660250181833));
#2371=CARTESIAN_POINT('Ctrl Pts',(16.4717190909071,133.43670413156,40.4478272831805));
#2372=CARTESIAN_POINT('Ctrl Pts',(16.9937197330526,133.470905761624,38.0097795736257));
#2373=CARTESIAN_POINT('Ctrl Pts',(16.997944837625,133.505107391868,35.5735592979786));
#2374=CARTESIAN_POINT('Origin',(2.81738967791845E-6,143.570511245867,35.5749503522051));
#2375=CARTESIAN_POINT('',(17.0007518065586,135.340174279821,35.5745012685735));
#2376=CARTESIAN_POINT('',(17.0005595558389,135.005107391861,35.5748352383181));
#2377=CARTESIAN_POINT('',(17.0000028173897,143.570511239945,35.5749501494035));
#2378=CARTESIAN_POINT('Ctrl Pts',(17.0007518065586,135.340174279821,35.5745012685735));
#2379=CARTESIAN_POINT('Ctrl Pts',(16.9994750504692,135.312596462311,37.5381036245703));
#2380=CARTESIAN_POINT('Ctrl Pts',(16.6568903433342,135.28501864492,39.5025067646393));
#2381=CARTESIAN_POINT('Ctrl Pts',(15.9897953574169,135.257440827642,41.349395362555));
#2382=CARTESIAN_POINT('Ctrl Pts',(15.1775835805687,135.223863858176,43.5980476555878));
#2383=CARTESIAN_POINT('Ctrl Pts',(13.8843201970787,135.190286888877,45.6724972715322));
#2384=CARTESIAN_POINT('Ctrl Pts',(12.222784818496,135.156709919707,47.3912576926693));
#2385=CARTESIAN_POINT('Ctrl Pts',(10.5612494399133,135.123132950537,49.1100181138065));
#2386=CARTESIAN_POINT('Ctrl Pts',(8.53144206623778,135.089555981496,50.4730893401365));
#2387=CARTESIAN_POINT('Ctrl Pts',(6.31161308982478,135.05597901252,51.3606771902953));
#2388=CARTESIAN_POINT('Ctrl Pts',(4.0917841134118,135.022402043545,52.2482650404541));
#2389=CARTESIAN_POINT('Ctrl Pts',(1.68193353426133,134.988825074635,52.6603695144417));
#2390=CARTESIAN_POINT('Ctrl Pts',(-0.706657124920457,134.955248105718,52.5609839487226));
#2391=CARTESIAN_POINT('Ctrl Pts',(-3.09524778410224,134.921671136802,52.4615983830036));
#2392=CARTESIAN_POINT('Ctrl Pts',(-5.4625785233153,134.888094167877,51.8507227775778));
#2393=CARTESIAN_POINT('Ctrl Pts',(-7.60100823778473,134.854517198874,50.7818605223718));
#2394=CARTESIAN_POINT('Ctrl Pts',(-9.73943795225418,134.82094022987,49.7129982671658));
#2395=CARTESIAN_POINT('Ctrl Pts',(-11.64896664198,134.787363260786,48.1861493621796));
#2396=CARTESIAN_POINT('Ctrl Pts',(-13.1620859596326,134.753786291564,46.3352805383578));
#2397=CARTESIAN_POINT('Ctrl Pts',(-14.6752052772852,134.720209322343,44.484411714536));
#2398=CARTESIAN_POINT('Ctrl Pts',(-15.7919152228646,134.686632352983,42.3095229718785));
#2399=CARTESIAN_POINT('Ctrl Pts',(-16.414379163371,134.653055383451,40.0012907276055));
#2400=CARTESIAN_POINT('Ctrl Pts',(-17.0368431038775,134.619478413919,37.6930584833326));
#2401=CARTESIAN_POINT('Ctrl Pts',(-17.1650610393109,134.585901444215,35.2514827374441));
#2402=CARTESIAN_POINT('Ctrl Pts',(-16.7875207533212,134.552324474334,32.8908435306705));
#2403=CARTESIAN_POINT('Ctrl Pts',(-16.4099804673316,134.518747504454,30.5302043238968));
#2404=CARTESIAN_POINT('Ctrl Pts',(-15.5266819599189,134.485170534398,28.2505016562379));
#2405=CARTESIAN_POINT('Ctrl Pts',(-14.2157965738635,134.451593564192,26.2512778319045));
#2406=CARTESIAN_POINT('Ctrl Pts',(-13.5603538808358,134.434805079089,25.2516659197378));
#2407=CARTESIAN_POINT('Ctrl Pts',(-12.7980144681474,134.418016593949,24.3221737184025));
#2408=CARTESIAN_POINT('Ctrl Pts',(-11.9476709449649,134.401228108779,23.4816576791509));
#2409=CARTESIAN_POINT('Ctrl Pts',(-11.0973274217823,134.384439623608,22.6411416398992));
#2410=CARTESIAN_POINT('Ctrl Pts',(-10.1589797881056,134.367651138407,21.8896017627312));
#2411=CARTESIAN_POINT('Ctrl Pts',(-9.15130296921237,134.350862653181,21.2467093657162));
#2412=CARTESIAN_POINT('Ctrl Pts',(-6.46416478549716,134.306093359247,19.5323296403427));
#2413=CARTESIAN_POINT('Ctrl Pts',(-3.28401906246494,134.261324065141,18.5905542182789));
#2414=CARTESIAN_POINT('Ctrl Pts',(-0.0981285496110809,134.216554771033,
18.5718187190866));
#2415=CARTESIAN_POINT('Ctrl Pts',(3.08776196324276,134.171785476924,18.5530832198942));
#2416=CARTESIAN_POINT('Ctrl Pts',(6.27939726591823,134.127016182814,19.4573876435732));
#2417=CARTESIAN_POINT('Ctrl Pts',(8.98503557924561,134.082246888873,21.1415664100376));
#2418=CARTESIAN_POINT('Ctrl Pts',(11.690673892573,134.037477594932,22.8257451765021));
#2419=CARTESIAN_POINT('Ctrl Pts',(13.9103152165523,133.992708301161,25.289798285752));
#2420=CARTESIAN_POINT('Ctrl Pts',(15.3005684656439,133.947939007678,28.1571142514659));
#2421=CARTESIAN_POINT('Ctrl Pts',(16.4160671489444,133.912017431544,30.4577650044494));
#2422=CARTESIAN_POINT('Ctrl Pts',(16.9976066328155,133.876095855597,33.0180359744541));
#2423=CARTESIAN_POINT('Ctrl Pts',(17.0010181648113,133.840174279851,35.5760472766489));
#2424=CARTESIAN_POINT('Ctrl Pts',(16.997944837625,133.505107391868,35.5735592979786));
#2425=CARTESIAN_POINT('Ctrl Pts',(16.9999416449278,133.521271267547,34.4221884018569));
#2426=CARTESIAN_POINT('Ctrl Pts',(16.8862902419351,133.537435143266,33.2712256738419));
#2427=CARTESIAN_POINT('Ctrl Pts',(16.654281579578,133.553599019027,32.1446807904843));
#2428=CARTESIAN_POINT('Ctrl Pts',(15.9313588171127,133.603964525204,28.6344457378629));
#2429=CARTESIAN_POINT('Ctrl Pts',(14.059303048658,133.654330031781,25.3612840289612));
#2430=CARTESIAN_POINT('Ctrl Pts',(11.3998490050259,133.704695538633,22.9583694576248));
#2431=CARTESIAN_POINT('Ctrl Pts',(8.74039496139367,133.755061045484,20.5554548862884));
#2432=CARTESIAN_POINT('Ctrl Pts',(5.29354264258392,133.80542655261,19.0227874525175));
#2433=CARTESIAN_POINT('Ctrl Pts',(1.72856146278395,133.855792059777,18.6587911940883));
#2434=CARTESIAN_POINT('Ctrl Pts',(-1.83641971701601,133.906157566944,18.294794935659));
#2435=CARTESIAN_POINT('Ctrl Pts',(-5.5195297578062,133.956523074152,19.0994698525716));
#2436=CARTESIAN_POINT('Ctrl Pts',(-8.61101547892192,134.006888581154,20.9135764547404));
#2437=CARTESIAN_POINT('Ctrl Pts',(-11.3590027865803,134.051657920712,22.5261156566682));
#2438=CARTESIAN_POINT('Ctrl Pts',(-13.6395338416564,134.096427260106,24.936230511144));
#2439=CARTESIAN_POINT('Ctrl Pts',(-15.102825347463,134.141196599216,27.7673154304893));
#2440=CARTESIAN_POINT('Ctrl Pts',(-16.5661168532695,134.185965938326,30.5984003498347));
#2441=CARTESIAN_POINT('Ctrl Pts',(-17.2121688098064,134.230735277151,33.8504553340495));
#2442=CARTESIAN_POINT('Ctrl Pts',(-16.9406957120873,134.275504615657,37.0254787674032));
#2443=CARTESIAN_POINT('Ctrl Pts',(-16.6692226143682,134.320273954163,40.2005022007568));
#2444=CARTESIAN_POINT('Ctrl Pts',(-15.480224462393,134.365043292349,43.2984940832493));
#2445=CARTESIAN_POINT('Ctrl Pts',(-13.5566004640108,134.409812630279,45.8389656637342));
#2446=CARTESIAN_POINT('Ctrl Pts',(-11.6329764656286,134.454581968209,48.379437244219));
#2447=CARTESIAN_POINT('Ctrl Pts',(-8.97472662083938,134.499351305883,50.3623885226962));
#2448=CARTESIAN_POINT('Ctrl Pts',(-5.9921978451605,134.544120643444,51.4855435931514));
#2449=CARTESIAN_POINT('Ctrl Pts',(-3.00966906948158,134.588889981005,52.6086986636066));
#2450=CARTESIAN_POINT('Ctrl Pts',(0.297138637086971,134.633659318453,52.8720575260398));
#2451=CARTESIAN_POINT('Ctrl Pts',(3.41798531210093,134.678428655966,52.2312848390597));
#2452=CARTESIAN_POINT('Ctrl Pts',(6.53883198711485,134.723197993479,51.5905121520796));
#2453=CARTESIAN_POINT('Ctrl Pts',(9.47371763057417,134.767967331057,50.0456079156862));
#2454=CARTESIAN_POINT('Ctrl Pts',(11.7741565285184,134.812736668856,47.8392969400646));
#2455=CARTESIAN_POINT('Ctrl Pts',(12.6368211152476,134.829525170531,47.0119303242065));
#2456=CARTESIAN_POINT('Ctrl Pts',(13.4102666283886,134.846313672236,46.0915533856444));
#2457=CARTESIAN_POINT('Ctrl Pts',(14.0800214955757,134.863102173978,45.1011076324775));
#2458=CARTESIAN_POINT('Ctrl Pts',(14.7497763627626,134.87989067572,44.1106618793107));
#2459=CARTESIAN_POINT('Ctrl Pts',(15.3158405839956,134.896679177498,43.0501473115391));
#2460=CARTESIAN_POINT('Ctrl Pts',(15.763368752334,134.913467679317,41.9417474157014));
#2461=CARTESIAN_POINT('Ctrl Pts',(16.5776433663054,134.944014250025,39.9250209587719));
#2462=CARTESIAN_POINT('Ctrl Pts',(16.9994976485708,134.974560820869,37.7497674051095));
#2463=CARTESIAN_POINT('Ctrl Pts',(17.0005595558389,135.005107391861,35.5748352383181));
#2464=CARTESIAN_POINT('Origin',(2.81738967791845E-6,143.570511245867,35.5749503522051));
#2465=CARTESIAN_POINT('',(16.9997519922487,136.840174279829,35.5747706675524));
#2466=CARTESIAN_POINT('',(16.9973742417521,136.505107391824,35.574694070047));
#2467=CARTESIAN_POINT('',(17.0000028173897,143.570511239945,35.5749501494035));
#2468=CARTESIAN_POINT('Ctrl Pts',(16.9997519922487,136.840174279829,35.5747706675524));
#2469=CARTESIAN_POINT('Ctrl Pts',(16.9987676869325,136.816251008548,37.2784292542222));
#2470=CARTESIAN_POINT('Ctrl Pts',(16.7425734388872,136.792327737357,38.982372640668));
#2471=CARTESIAN_POINT('Ctrl Pts',(16.2381571219925,136.768404466252,40.6092347779006));
#2472=CARTESIAN_POINT('Ctrl Pts',(15.5301949367857,136.73482749675,42.8925805681319));
#2473=CARTESIAN_POINT('Ctrl Pts',(14.3332627006165,136.701250527418,45.0240848136901));
#2474=CARTESIAN_POINT('Ctrl Pts',(12.752296743249,136.66767355822,46.8175706426979));
#2475=CARTESIAN_POINT('Ctrl Pts',(11.1713307858816,136.634096589022,48.6110564717057));
#2476=CARTESIAN_POINT('Ctrl Pts',(9.20633110731579,136.600519619957,50.066523884163));
#2477=CARTESIAN_POINT('Ctrl Pts',(7.02981385985366,136.566942650967,51.0547556915856));
#2478=CARTESIAN_POINT('Ctrl Pts',(4.85329661239154,136.533365681976,52.0429874990082));
#2479=CARTESIAN_POINT('Ctrl Pts',(2.46526179603306,136.499788713059,52.563983701396));
#2480=CARTESIAN_POINT('Ctrl Pts',(0.0741184792223708,136.466211744143,52.5750232613859));
#2481=CARTESIAN_POINT('Ctrl Pts',(-2.31702483758832,136.432634775227,52.5860628213759));
#2482=CARTESIAN_POINT('Ctrl Pts',(-4.71127665485124,136.399057806312,52.0871457389679));
#2483=CARTESIAN_POINT('Ctrl Pts',(-6.89574919999763,136.365480837325,51.116578363658));
#2484=CARTESIAN_POINT('Ctrl Pts',(-9.80837926019284,136.320711545341,49.8224885299114));
#2485=CARTESIAN_POINT('Ctrl Pts',(-12.3480683921809,136.275942253227,47.6899092865612));
#2486=CARTESIAN_POINT('Ctrl Pts',(-14.1224843927584,136.231172960847,45.0434497971571));
#2487=CARTESIAN_POINT('Ctrl Pts',(-15.8969003933359,136.186403668466,42.3969903077531));
#2488=CARTESIAN_POINT('Ctrl Pts',(-16.9060432625029,136.141634375819,39.2366505722951));
#2489=CARTESIAN_POINT('Ctrl Pts',(-16.9951424042575,136.096865082852,36.0511994586734));
#2490=CARTESIAN_POINT('Ctrl Pts',(-17.0842415460122,136.052095789885,32.8657483450516));
#2491=CARTESIAN_POINT('Ctrl Pts',(-16.2532969603544,136.007326496597,29.6551858532662));
#2492=CARTESIAN_POINT('Ctrl Pts',(-14.6301570663946,135.962557203033,26.9130260616298));
#2493=CARTESIAN_POINT('Ctrl Pts',(-13.0070171724349,135.917787909469,24.1708662699934));
#2494=CARTESIAN_POINT('Ctrl Pts',(-10.5916819701731,135.873018615629,21.897109178506));
#2495=CARTESIAN_POINT('Ctrl Pts',(-7.7557891470872,135.828249321643,20.4436337224013));
#2496=CARTESIAN_POINT('Ctrl Pts',(-4.91989632400126,135.783480027657,18.9901582662966));
#2497=CARTESIAN_POINT('Ctrl Pts',(-1.66344588009117,135.738710733524,18.3569644455746));
#2498=CARTESIAN_POINT('Ctrl Pts',(1.51030713684267,135.69394143942,18.6403718052044));
#2499=CARTESIAN_POINT('Ctrl Pts',(4.68406015377645,135.649172145316,18.9237791648341));
#2500=CARTESIAN_POINT('Ctrl Pts',(7.77511574373396,135.604402851241,20.1237877048155));
#2501=CARTESIAN_POINT('Ctrl Pts',(10.3104105817305,135.559633557359,22.0549267873699));
#2502=CARTESIAN_POINT('Ctrl Pts',(12.2118817102279,135.526056586948,23.5032810992857));
#2503=CARTESIAN_POINT('Ctrl Pts',(13.8007374157473,135.492479616646,25.3628963413988));
#2504=CARTESIAN_POINT('Ctrl Pts',(14.9409543274089,135.4589026465,27.46479088675));
#2505=CARTESIAN_POINT('Ctrl Pts',(16.0811712390704,135.425325676354,29.5666854321011));
#2506=CARTESIAN_POINT('Ctrl Pts',(16.7727493568741,135.391748706364,31.9108592806903));
#2507=CARTESIAN_POINT('Ctrl Pts',(16.9529583306728,135.358171736553,34.2943736900456));
#2508=CARTESIAN_POINT('Ctrl Pts',(16.985156026791,135.352172584303,34.7202330189576));
#2509=CARTESIAN_POINT('Ctrl Pts',(17.0010295462364,135.346173432059,35.1473481965494));
#2510=CARTESIAN_POINT('Ctrl Pts',(17.0007518065586,135.340174279821,35.5745012685735));
#2511=CARTESIAN_POINT('Ctrl Pts',(17.0005595558389,135.005107391861,35.5748352383181));
#2512=CARTESIAN_POINT('Ctrl Pts',(17.0006649044485,135.008137824819,35.3590667933902));
#2513=CARTESIAN_POINT('Ctrl Pts',(16.9966288043043,135.011168257779,35.1433015115598));
#2514=CARTESIAN_POINT('Ctrl Pts',(16.9884235530148,135.01419869074,34.9276944920842));
#2515=CARTESIAN_POINT('Ctrl Pts',(16.8975098919204,135.047775694722,32.5387824640827));
#2516=CARTESIAN_POINT('Ctrl Pts',(16.2947704446331,135.081352698882,30.1692995120199));
#2517=CARTESIAN_POINT('Ctrl Pts',(15.2333578938257,135.114929703202,28.0271481673655));
#2518=CARTESIAN_POINT('Ctrl Pts',(14.1719453430182,135.148506707522,25.8849968227111));
#2519=CARTESIAN_POINT('Ctrl Pts',(12.6518596886906,135.182083712002,23.9701770854651));
#2520=CARTESIAN_POINT('Ctrl Pts',(10.8063038309961,135.215660716595,22.4505782125145));
#2521=CARTESIAN_POINT('Ctrl Pts',(8.96074797330154,135.249237721188,20.9309793395638));
#2522=CARTESIAN_POINT('Ctrl Pts',(6.78972191224014,135.282814725894,19.8066013309085));
#2523=CARTESIAN_POINT('Ctrl Pts',(4.48367897919302,135.316391730647,19.1761048733149));
#2524=CARTESIAN_POINT('Ctrl Pts',(2.17763604614587,135.349968735401,18.5456084157212));
#2525=CARTESIAN_POINT('Ctrl Pts',(-0.263423758887,135.383545740201,18.4089935091893));
#2526=CARTESIAN_POINT('Ctrl Pts',(-2.62540710147723,135.417122744974,18.7781671099609));
#2527=CARTESIAN_POINT('Ctrl Pts',(-4.98739044406743,135.450699749747,19.1473407107325));
#2528=CARTESIAN_POINT('Ctrl Pts',(-7.27029732421498,135.484276754492,20.0223028188077));
#2529=CARTESIAN_POINT('Ctrl Pts',(-9.27395129735414,135.51785375914,21.3264636470308));
#2530=CARTESIAN_POINT('Ctrl Pts',(-11.2776052704933,135.551430763788,22.6306244752539));
#2531=CARTESIAN_POINT('Ctrl Pts',(-13.0020063366241,135.585007768339,24.3639840236249));
#2532=CARTESIAN_POINT('Ctrl Pts',(-14.2957417986616,135.61858477274,26.3742321273693));
#2533=CARTESIAN_POINT('Ctrl Pts',(-15.5894772606991,135.652161777141,28.3844802311136));
#2534=CARTESIAN_POINT('Ctrl Pts',(-16.4525471186433,135.685738781392,30.6716168902313));
#2535=CARTESIAN_POINT('Ctrl Pts',(-16.8098005273189,135.719315785466,33.0356192050813));
#2536=CARTESIAN_POINT('Ctrl Pts',(-17.1670539359944,135.752892789541,35.3996215199312));
#2537=CARTESIAN_POINT('Ctrl Pts',(-17.0184908954013,135.786469793439,37.8404894905134));
#2538=CARTESIAN_POINT('Ctrl Pts',(-16.3760975468018,135.820046797165,40.1428705890364));
#2539=CARTESIAN_POINT('Ctrl Pts',(-15.7337041982023,135.853623800892,42.4452516875594));
#2540=CARTESIAN_POINT('Ctrl Pts',(-14.5974805415965,135.887200804446,44.6091459140232));
#2541=CARTESIAN_POINT('Ctrl Pts',(-13.0685954802446,135.920777807864,46.4477798891784));
#2542=CARTESIAN_POINT('Ctrl Pts',(-11.5397104188927,135.954354811281,48.2864138643335));
#2543=CARTESIAN_POINT('Ctrl Pts',(-9.61816395279475,135.987931814562,49.7997875881799));
#2544=CARTESIAN_POINT('Ctrl Pts',(-7.47037195698733,136.021508817764,50.8487511677577));
#2545=CARTESIAN_POINT('Ctrl Pts',(-4.60664929591075,136.066278155366,52.2473692738613));
#2546=CARTESIAN_POINT('Ctrl Pts',(-1.34071235979511,136.111047492829,52.8203693457095));
#2547=CARTESIAN_POINT('Ctrl Pts',(1.82725473095489,136.155816830325,52.4782694804971));
#2548=CARTESIAN_POINT('Ctrl Pts',(4.99522182170488,136.200586167822,52.1361696152847));
#2549=CARTESIAN_POINT('Ctrl Pts',(8.06521906708923,136.245355505353,50.8789698130117));
#2550=CARTESIAN_POINT('Ctrl Pts',(10.5625056698279,136.290124843083,48.8994591879447));
#2551=CARTESIAN_POINT('Ctrl Pts',(13.0597922725666,136.334894180813,46.9199485628777));
#2552=CARTESIAN_POINT('Ctrl Pts',(14.9843682326595,136.379663518743,44.2181271150168));
#2553=CARTESIAN_POINT('Ctrl Pts',(16.0405021227769,136.424432856975,41.2116966656613));
#2554=CARTESIAN_POINT('Ctrl Pts',(16.6748880167779,136.451324368481,39.4058299226159));
#2555=CARTESIAN_POINT('Ctrl Pts',(16.9959381731727,136.478215880097,37.4900596068804));
#2556=CARTESIAN_POINT('Ctrl Pts',(16.9973742417521,136.505107391824,35.574694070047));
#2557=CARTESIAN_POINT('Origin',(2.81738967791845E-6,143.570511245867,35.5749503522051));
#2558=CARTESIAN_POINT('',(16.9990800955965,138.340174279861,35.5743526392543));
#2559=CARTESIAN_POINT('',(17.0021673130705,138.005107391783,35.5732606381636));
#2560=CARTESIAN_POINT('',(17.0000028173897,143.570511239945,35.5749501494035));
#2561=CARTESIAN_POINT('Ctrl Pts',(16.9990800955965,138.340174279861,35.5743526392543));
#2562=CARTESIAN_POINT('Ctrl Pts',(16.9965059508277,138.308713231553,37.8150030099732));
#2563=CARTESIAN_POINT('Ctrl Pts',(16.5543059038666,138.277252183398,40.0567114502885));
#2564=CARTESIAN_POINT('Ctrl Pts',(15.691779672024,138.24579113539,42.1232968818751));
#2565=CARTESIAN_POINT('Ctrl Pts',(14.4643987782576,138.201021842819,45.0640624846168));
#2566=CARTESIAN_POINT('Ctrl Pts',(12.3858787904359,138.156252550545,47.6502129233292));
#2567=CARTESIAN_POINT('Ctrl Pts',(9.77932010208333,138.111483258454,49.4826956564576));
#2568=CARTESIAN_POINT('Ctrl Pts',(7.17276141373075,138.066713966364,51.315178389586));
#2569=CARTESIAN_POINT('Ctrl Pts',(4.03816402484729,138.021944674457,52.3939934171304));
#2570=CARTESIAN_POINT('Ctrl Pts',(0.85472559775558,137.977175382568,52.5561758505371));
#2571=CARTESIAN_POINT('Ctrl Pts',(-1.53285322256321,137.943598413651,52.6778126755921));
#2572=CARTESIAN_POINT('Ctrl Pts',(-3.94790512687415,137.910021444743,52.2838436664447));
#2573=CARTESIAN_POINT('Ctrl Pts',(-6.17475089303859,137.87644447577,51.4144123119678));
#2574=CARTESIAN_POINT('Ctrl Pts',(-8.40159665920303,137.842867506797,50.5449809574909));
#2575=CARTESIAN_POINT('Ctrl Pts',(-10.440236287221,137.809290537758,49.2000872576845));
#2576=CARTESIAN_POINT('Ctrl Pts',(-12.1185998813569,137.775713568594,47.496906038503));
#2577=CARTESIAN_POINT('Ctrl Pts',(-13.2375089441142,137.753328922485,46.361451892382));
#2578=CARTESIAN_POINT('Ctrl Pts',(-14.1962953251461,137.730944276319,45.066758848761));
#2579=CARTESIAN_POINT('Ctrl Pts',(-14.9534681020502,137.708559630084,43.6641982868354));
#2580=CARTESIAN_POINT('Ctrl Pts',(-16.4678136558584,137.663790337613,40.8590771629842));
#2581=CARTESIAN_POINT('Ctrl Pts',(-17.1757047931552,137.619021044861,37.6224859659145));
#2582=CARTESIAN_POINT('Ctrl Pts',(-16.9654835258014,137.57425175179,34.4428373550704));
#2583=CARTESIAN_POINT('Ctrl Pts',(-16.807817575286,137.540674781986,32.0581008969373));
#2584=CARTESIAN_POINT('Ctrl Pts',(-16.1337133971546,137.507097812002,29.7053946435561));
#2585=CARTESIAN_POINT('Ctrl Pts',(-15.0104138126608,137.473520841862,27.5941023324912));
#2586=CARTESIAN_POINT('Ctrl Pts',(-13.887114228167,137.439943871722,25.4828100214262));
#2587=CARTESIAN_POINT('Ctrl Pts',(-12.3146192373107,137.406366901425,23.6129316526775));
#2588=CARTESIAN_POINT('Ctrl Pts',(-10.4268006706283,137.372789931019,22.1469367976067));
#2589=CARTESIAN_POINT('Ctrl Pts',(-8.53898210394582,137.339212960613,20.6809419425358));
#2590=CARTESIAN_POINT('Ctrl Pts',(-6.33583996143721,137.305635990096,19.6188306011428));
#2591=CARTESIAN_POINT('Ctrl Pts',(-4.01248820443023,137.272059019538,19.0544763708704));
#2592=CARTESIAN_POINT('Ctrl Pts',(-1.68913644742331,137.23848204898,18.4901221405981));
#2593=CARTESIAN_POINT('Ctrl Pts',(0.754424924081925,137.20490507838,18.4235250214464));
#2594=CARTESIAN_POINT('Ctrl Pts',(3.10478343806926,137.171328107812,18.8601740787253));
#2595=CARTESIAN_POINT('Ctrl Pts',(5.45514195205662,137.137751137245,19.2968231360042));
#2596=CARTESIAN_POINT('Ctrl Pts',(7.71229760852607,137.10417416671,20.2367183697137));
#2597=CARTESIAN_POINT('Ctrl Pts',(9.67785647182507,137.070597196276,21.5976154271097));
#2598=CARTESIAN_POINT('Ctrl Pts',(11.6434153351241,137.037020225843,22.9585124845057));
#2599=CARTESIAN_POINT('Ctrl Pts',(13.3173774052526,137.003443255511,24.7404113655881));
#2600=CARTESIAN_POINT('Ctrl Pts',(14.5531524570348,136.969866285332,26.7868948179942));
#2601=CARTESIAN_POINT('Ctrl Pts',(15.7889275088169,136.936289315152,28.8333782704004));
#2602=CARTESIAN_POINT('Ctrl Pts',(16.5865155422527,136.902712345126,31.1444462941304));
#2603=CARTESIAN_POINT('Ctrl Pts',(16.8758134918483,136.869135375276,33.5175739734476));
#2604=CARTESIAN_POINT('Ctrl Pts',(16.9589894065819,136.859481676779,34.1998707743158));
#2605=CARTESIAN_POINT('Ctrl Pts',(17.0001491865376,136.849827978297,34.8872975333246));
#2606=CARTESIAN_POINT('Ctrl Pts',(16.9997519922487,136.840174279829,35.5747706675524));
#2607=CARTESIAN_POINT('Ctrl Pts',(16.997374241752,136.505107391824,35.574694070047));
#2608=CARTESIAN_POINT('Ctrl Pts',(16.9983289588278,136.522985218696,34.3013341409741));
#2609=CARTESIAN_POINT('Ctrl Pts',(16.8580218114288,136.540863045618,33.0281531145986));
#2610=CARTESIAN_POINT('Ctrl Pts',(16.5746080217379,136.55874087259,31.7875630726431));
#2611=CARTESIAN_POINT('Ctrl Pts',(15.8648882104396,136.603510211437,28.6808993798303));
#2612=CARTESIAN_POINT('Ctrl Pts',(14.2577567677012,136.648279550597,25.7786114450549));
#2613=CARTESIAN_POINT('Ctrl Pts',(12.000495033346,136.693048889983,23.5298141034201));
#2614=CARTESIAN_POINT('Ctrl Pts',(9.74323329899086,136.73781822937,21.2810167617853));
#2615=CARTESIAN_POINT('Ctrl Pts',(6.83584127301903,136.782587568983,19.6857100132912));
#2616=CARTESIAN_POINT('Ctrl Pts',(3.72650995611266,136.827356908666,18.9855963673993));
#2617=CARTESIAN_POINT('Ctrl Pts',(1.3945114684329,136.860933913429,18.4605111329803));
#2618=CARTESIAN_POINT('Ctrl Pts',(-1.05107787039754,136.894510918231,18.4389720187751));
#2619=CARTESIAN_POINT('Ctrl Pts',(-3.39398814749871,136.928087922997,18.9169564418412));
#2620=CARTESIAN_POINT('Ctrl Pts',(-5.73689842459989,136.961664927763,19.3949408649073));
#2621=CARTESIAN_POINT('Ctrl Pts',(-7.9771296399718,136.995241932494,20.3724488252446));
#2622=CARTESIAN_POINT('Ctrl Pts',(-9.918635227409,137.02881893712,21.7668651771615));
#2623=CARTESIAN_POINT('Ctrl Pts',(-11.8601408148462,137.062395941746,23.1612815290783));
#2624=CARTESIAN_POINT('Ctrl Pts',(-13.5029207743487,137.095972946269,24.9726062725745));
#2625=CARTESIAN_POINT('Ctrl Pts',(-14.7030273404962,137.129549950637,27.0404072320077));
#2626=CARTESIAN_POINT('Ctrl Pts',(-15.9031339066438,137.163126955005,29.1082081914408));
#2627=CARTESIAN_POINT('Ctrl Pts',(-16.6605670794365,137.196703959219,31.4324853668108));
#2628=CARTESIAN_POINT('Ctrl Pts',(-16.9087865008748,137.230280963256,33.8101475184696));
#2629=CARTESIAN_POINT('Ctrl Pts',(-17.1570059223132,137.263857967292,36.1878096701284));
#2630=CARTESIAN_POINT('Ctrl Pts',(-16.8960115923973,137.297434971151,38.6188567980761));
#2631=CARTESIAN_POINT('Ctrl Pts',(-16.1486459712693,137.331011974841,40.8897343157136));
#2632=CARTESIAN_POINT('Ctrl Pts',(-15.4012803501413,137.364588978531,43.160611833351));
#2633=CARTESIAN_POINT('Ctrl Pts',(-14.1675434378013,137.398165982051,45.2713197406781));
#2634=CARTESIAN_POINT('Ctrl Pts',(-12.555755451742,137.43174298544,47.0369317119234));
#2635=CARTESIAN_POINT('Ctrl Pts',(-10.9439674656827,137.465319988829,48.8025436831687));
#2636=CARTESIAN_POINT('Ctrl Pts',(-8.95412840590413,137.498896992085,50.2230597183321));
#2637=CARTESIAN_POINT('Ctrl Pts',(-6.76056351073107,137.532473995271,51.1737159138874));
#2638=CARTESIAN_POINT('Ctrl Pts',(-4.56699861555794,137.566050998457,52.1243721094428));
#2639=CARTESIAN_POINT('Ctrl Pts',(-2.16970788499034,137.599628001573,52.6051684653899));
#2640=CARTESIAN_POINT('Ctrl Pts',(0.220668703449419,137.63320500469,52.5742065499872));
#2641=CARTESIAN_POINT('Ctrl Pts',(2.61104529188911,137.666782007807,52.5432446345844));
#2642=CARTESIAN_POINT('Ctrl Pts',(4.99450773820097,137.700359010927,52.0005244478317));
#2643=CARTESIAN_POINT('Ctrl Pts',(7.16282856935034,137.733936014122,50.9931238335523));
#2644=CARTESIAN_POINT('Ctrl Pts',(9.33114940049975,137.767513017317,49.9857232192729));
#2645=CARTESIAN_POINT('Ctrl Pts',(11.2843286164867,137.801090020587,48.5136421774668));
#2646=CARTESIAN_POINT('Ctrl Pts',(12.8493512710635,137.834667023992,46.7070669524207));
#2647=CARTESIAN_POINT('Ctrl Pts',(14.4143739256404,137.868244027396,44.9004917273746));
#2648=CARTESIAN_POINT('Ctrl Pts',(15.591240018807,137.901821030937,42.7594223190884));
#2649=CARTESIAN_POINT('Ctrl Pts',(16.2804006512597,137.935398034647,40.4693510119522));
#2650=CARTESIAN_POINT('Ctrl Pts',(16.7573237352525,137.958634486943,38.8845421605299));
#2651=CARTESIAN_POINT('Ctrl Pts',(17.0006787967556,137.981870939321,37.2283745041217));
#2652=CARTESIAN_POINT('Ctrl Pts',(17.0021673130705,138.005107391783,35.5732606381636));
#2653=CARTESIAN_POINT('Origin',(2.81738967791845E-6,143.570511245867,35.5749503522051));
#2654=CARTESIAN_POINT('',(16.9978155006625,139.84017427988,35.574052898343));
#2655=CARTESIAN_POINT('',(16.9996381900397,139.505107391776,35.575201487453));
#2656=CARTESIAN_POINT('',(17.0000028173897,143.570511239945,35.5749501494035));
#2657=CARTESIAN_POINT('Ctrl Pts',(16.9978155006625,139.84017427988,35.574052898343));
#2658=CARTESIAN_POINT('Ctrl Pts',(16.9940592819885,139.806771616174,37.9540458270989));
#2659=CARTESIAN_POINT('Ctrl Pts',(16.4969286966678,139.773368952639,40.3355795786032));
#2660=CARTESIAN_POINT('Ctrl Pts',(15.5280478992866,139.739966289269,42.5053906464805));
#2661=CARTESIAN_POINT('Ctrl Pts',(14.067142797133,139.689600835155,45.7770914257087));
#2662=CARTESIAN_POINT('Ctrl Pts',(11.5336929517429,139.639235381414,48.5674314221694));
#2663=CARTESIAN_POINT('Ctrl Pts',(8.42074918553964,139.588869927875,50.3459623708027));
#2664=CARTESIAN_POINT('Ctrl Pts',(6.34545334140415,139.55529295885,51.5316496698915));
#2665=CARTESIAN_POINT('Ctrl Pts',(4.01260464357389,139.521715989913,52.2676440588348));
#2666=CARTESIAN_POINT('Ctrl Pts',(1.63233800804958,139.488139020994,52.4963841657124));
#2667=CARTESIAN_POINT('Ctrl Pts',(-0.747928627474744,139.454562052074,52.72512427259));
#2668=CARTESIAN_POINT('Ctrl Pts',(-3.17561320069315,139.420985083171,52.4466100974018));
#2669=CARTESIAN_POINT('Ctrl Pts',(-5.44025837177671,139.387408114211,51.6819861523354));
#2670=CARTESIAN_POINT('Ctrl Pts',(-7.70490354286028,139.353831145251,50.917362207269));
#2671=CARTESIAN_POINT('Ctrl Pts',(-9.806509311809,139.320254176234,49.6666284923244));
#2672=CARTESIAN_POINT('Ctrl Pts',(-11.5596606339413,139.286677207096,48.0408597507282));
#2673=CARTESIAN_POINT('Ctrl Pts',(-13.3128119560736,139.253100237958,46.415091009132));
#2674=CARTESIAN_POINT('Ctrl Pts',(-14.7175088313896,139.219523268699,44.4142872408842));
#2675=CARTESIAN_POINT('Ctrl Pts',(-15.6509504576704,139.185946299275,42.2136236303449));
#2676=CARTESIAN_POINT('Ctrl Pts',(-16.5843920839513,139.152369329851,40.0129600198056));
#2677=CARTESIAN_POINT('Ctrl Pts',(-17.0465784611971,139.118792360263,37.6124365669749));
#2678=CARTESIAN_POINT('Ctrl Pts',(-16.9970553178903,139.085215390497,35.2219759574663));
#2679=CARTESIAN_POINT('Ctrl Pts',(-16.9475321745834,139.051638420731,32.8315153479578));
#2680=CARTESIAN_POINT('Ctrl Pts',(-16.386299510724,139.018061450787,30.4511175817714));
#2681=CARTESIAN_POINT('Ctrl Pts',(-15.3620851660282,138.984484480681,28.2913030696061));
#2682=CARTESIAN_POINT('Ctrl Pts',(-14.3378708213323,138.950907510576,26.1314885574408));
#2683=CARTESIAN_POINT('Ctrl Pts',(-12.8506747958001,138.917330540309,24.1922572992967));
#2684=CARTESIAN_POINT('Ctrl Pts',(-11.0316897232789,138.883753569926,22.6401633918163));
#2685=CARTESIAN_POINT('Ctrl Pts',(-9.21270465075777,138.850176599544,21.088069484336));
#2686=CARTESIAN_POINT('Ctrl Pts',(-7.06193053124778,138.816599629046,19.9231129275195));
#2687=CARTESIAN_POINT('Ctrl Pts',(-4.76717767442864,138.783022658498,19.2542182410911));
#2688=CARTESIAN_POINT('Ctrl Pts',(-1.70750719866973,138.738253364433,18.3623586591866));
#2689=CARTESIAN_POINT('Ctrl Pts',(1.60812547674991,138.69348407028,18.352386846861));
#2690=CARTESIAN_POINT('Ctrl Pts',(4.67195883157424,138.648714776214,19.2276565626281));
#2691=CARTESIAN_POINT('Ctrl Pts',(7.73579218639854,138.603945482149,20.1029262783953));
#2692=CARTESIAN_POINT('Ctrl Pts',(10.5478262206276,138.559176188171,21.8634375222552));
#2693=CARTESIAN_POINT('Ctrl Pts',(12.672473889468,138.514406894432,24.2383299740979));
#2694=CARTESIAN_POINT('Ctrl Pts',(14.7971215583085,138.469637600694,26.6132224259405));
#2695=CARTESIAN_POINT('Ctrl Pts',(16.2343828617604,138.424868307195,29.6024960857659));
#2696=CARTESIAN_POINT('Ctrl Pts',(16.7648926136309,138.380099014011,32.7448232990641));
#2697=CARTESIAN_POINT('Ctrl Pts',(16.9225934195901,138.366790769267,33.6789202357889));
#2698=CARTESIAN_POINT('Ctrl Pts',(17.0001689769368,138.35348252455,34.6265417747066));
#2699=CARTESIAN_POINT('Ctrl Pts',(16.9990800955965,138.340174279861,35.5743526392543));
#2700=CARTESIAN_POINT('Ctrl Pts',(17.0021673130706,138.005107391783,35.5732606381636));
#2701=CARTESIAN_POINT('Ctrl Pts',(17.0028297239794,138.01544794327,34.8367114520936));
#2702=CARTESIAN_POINT('Ctrl Pts',(16.9555934538152,138.025788494774,34.1003709562028));
#2703=CARTESIAN_POINT('Ctrl Pts',(16.8597271573753,138.036129046295,33.3706208410883));
#2704=CARTESIAN_POINT('Ctrl Pts',(16.444674759941,138.08089838504,30.2111732974331));
#2705=CARTESIAN_POINT('Ctrl Pts',(15.1180766383922,138.125667724102,27.17525917288));
#2706=CARTESIAN_POINT('Ctrl Pts',(13.0848625210616,138.170437063411,24.7200566756441));
#2707=CARTESIAN_POINT('Ctrl Pts',(12.0682554623963,138.192821733065,23.4924554270262));
#2708=CARTESIAN_POINT('Ctrl Pts',(10.8749944047855,138.21520640278,22.4100320852376));
#2709=CARTESIAN_POINT('Ctrl Pts',(9.55580582974587,138.23759107254,21.5150686194451));
#2710=CARTESIAN_POINT('Ctrl Pts',(7.57702296718644,138.27116807718,20.1726234207563));
#2711=CARTESIAN_POINT('Ctrl Pts',(5.31490319041212,138.304745081918,19.2519629430587));
#2712=CARTESIAN_POINT('Ctrl Pts',(2.96110824644995,138.338322086688,18.834350005791));
#2713=CARTESIAN_POINT('Ctrl Pts',(0.607313302487803,138.371899091458,18.4167370685234));
#2714=CARTESIAN_POINT('Ctrl Pts',(-1.83815680866222,138.40547609626,18.5021716716856));
#2715=CARTESIAN_POINT('Ctrl Pts',(-4.15596400936894,138.439053101017,19.0879479269019));
#2716=CARTESIAN_POINT('Ctrl Pts',(-7.24637361031129,138.483822440694,19.868982933857));
#2717=CARTESIAN_POINT('Ctrl Pts',(-10.1098269260212,138.528591780291,21.5395142111305));
#2718=CARTESIAN_POINT('Ctrl Pts',(-12.3081133565756,138.573361119657,23.8459073027991));
#2719=CARTESIAN_POINT('Ctrl Pts',(-14.50639978713,138.618130459023,26.1523003944676));
#2720=CARTESIAN_POINT('Ctrl Pts',(-16.039519332529,138.662899798158,29.0945553005312));
#2721=CARTESIAN_POINT('Ctrl Pts',(-16.6687262377364,138.707669136977,32.2185460796819));
#2722=CARTESIAN_POINT('Ctrl Pts',(-17.2979331429439,138.752438475796,35.3425368588326));
#2723=CARTESIAN_POINT('Ctrl Pts',(-17.0232274079598,138.797207814301,38.6482635110704));
#2724=CARTESIAN_POINT('Ctrl Pts',(-15.8887847697839,138.841977152506,41.626015513769));
#2725=CARTESIAN_POINT('Ctrl Pts',(-14.754342131608,138.886746490711,44.6037675164675));
#2726=CARTESIAN_POINT('Ctrl Pts',(-12.7601625902404,138.931515828616,47.2535448696268));
#2727=CARTESIAN_POINT('Ctrl Pts',(-10.2125169998112,138.976285166329,49.1678485361176));
#2728=CARTESIAN_POINT('Ctrl Pts',(-7.66487140938191,139.021054504042,51.0821522026084));
#2729=CARTESIAN_POINT('Ctrl Pts',(-4.56375976989105,139.065823841561,52.2609821824307));
#2730=CARTESIAN_POINT('Ctrl Pts',(-1.38813792630609,139.110593179055,52.5210412434901));
#2731=CARTESIAN_POINT('Ctrl Pts',(1.78748391727886,139.155362516549,52.7811003045495));
#2732=CARTESIAN_POINT('Ctrl Pts',(5.03761596495793,139.200131854017,52.1223884468461));
#2733=CARTESIAN_POINT('Ctrl Pts',(7.86413059279101,139.244901191633,50.6496468943752));
#2734=CARTESIAN_POINT('Ctrl Pts',(9.98401656366582,139.278478194844,49.5450907300221));
#2735=CARTESIAN_POINT('Ctrl Pts',(11.8656177358773,139.312055198139,47.9826428623624));
#2736=CARTESIAN_POINT('Ctrl Pts',(13.3462686691992,139.345632201573,46.1051376127384));
#2737=CARTESIAN_POINT('Ctrl Pts',(14.8269196025211,139.379209205008,44.2276323631145));
#2738=CARTESIAN_POINT('Ctrl Pts',(15.9066202969534,139.412786208582,42.0350697315262));
#2739=CARTESIAN_POINT('Ctrl Pts',(16.4891233651102,139.446363212329,39.7167331502021));
#2740=CARTESIAN_POINT('Ctrl Pts',(16.8288267418485,139.465944605419,38.3647286576189));
#2741=CARTESIAN_POINT('Ctrl Pts',(16.9994345057985,139.485525998568,36.9699487735627));
#2742=CARTESIAN_POINT('Ctrl Pts',(16.9996381900397,139.505107391776,35.575201487453));
#2743=CARTESIAN_POINT('Origin',(2.81642376016882E-6,140.797640841766,35.5749503522051));
#2744=CARTESIAN_POINT('',(17.7978480929225,133.043227550567,35.5734938131466));
#2745=CARTESIAN_POINT('',(17.7999305738531,132.802054120605,35.5749584614108));
#2746=CARTESIAN_POINT('',(17.8000028164238,140.797640835565,35.5749501398597));
#2747=CARTESIAN_POINT('',(9.21379588613138,132.798116432681,50.8047243891782));
#2748=CARTESIAN_POINT('Ctrl Pts',(17.7978480929225,133.043227550567,35.5734938131466));
#2749=CARTESIAN_POINT('Ctrl Pts',(17.79342403963,133.009025670786,38.124378318262));
#2750=CARTESIAN_POINT('Ctrl Pts',(17.2468504280469,132.974823791195,40.6771763196523));
#2751=CARTESIAN_POINT('Ctrl Pts',(16.1850000907162,132.940621911783,42.9937268088975));
#2752=CARTESIAN_POINT('Ctrl Pts',(14.7102322853461,132.893120085144,46.2111049656359));
#2753=CARTESIAN_POINT('Ctrl Pts',(12.2415221097372,132.845618258852,48.9727737909587));
#2754=CARTESIAN_POINT('Ctrl Pts',(9.21510590662771,132.798116432754,50.808137252185));
#2755=CARTESIAN_POINT('',(17.7975921490311,132.798125048412,35.8678903608654));
#2756=CARTESIAN_POINT('Origin',(2.81363715946765E-6,132.798116435817,35.5749503522051));
#2757=CARTESIAN_POINT('Ctrl Pts',(17.7975921490311,132.798125048497,35.8678903608654));
#2758=CARTESIAN_POINT('Ctrl Pts',(17.7991992236567,132.7994347392,35.7702524371766));
#2759=CARTESIAN_POINT('Ctrl Pts',(17.799977401481,132.800744429902,35.6726042274233));
#2760=CARTESIAN_POINT('Ctrl Pts',(17.7999305738531,132.802054120605,35.5749584614108));
#2761=CARTESIAN_POINT('Origin',(2.81642376016882E-6,140.797640841766,35.5749503522051));
#2762=CARTESIAN_POINT('',(17.8005857829011,134.54322755056,35.5748298302569));
#2763=CARTESIAN_POINT('',(17.801066024231,134.302054120592,35.5760988943973));
#2764=CARTESIAN_POINT('',(17.8000028164238,140.797640835565,35.5749501398597));
#2765=CARTESIAN_POINT('Ctrl Pts',(17.8005857829011,134.54322755056,35.5748298302569));
#2766=CARTESIAN_POINT('Ctrl Pts',(17.799473951861,134.512680730032,37.8521303403432));
#2767=CARTESIAN_POINT('Ctrl Pts',(17.3577603094512,134.482133909657,40.1297673439841));
#2768=CARTESIAN_POINT('Ctrl Pts',(16.5051533035555,134.451587089426,42.2414131518176));
#2769=CARTESIAN_POINT('Ctrl Pts',(16.0365613468536,134.434798587614,43.401971573355));
#2770=CARTESIAN_POINT('Ctrl Pts',(15.4438553272872,134.418010085846,44.5123908504278));
#2771=CARTESIAN_POINT('Ctrl Pts',(14.7425793320183,134.401221584115,45.5494436164617));
#2772=CARTESIAN_POINT('Ctrl Pts',(14.0413033367493,134.384433082384,46.5864963824958));
#2773=CARTESIAN_POINT('Ctrl Pts',(13.2314573657779,134.367644580691,47.550182637491));
#2774=CARTESIAN_POINT('Ctrl Pts',(12.3281940819651,134.350856079031,48.4164813204826));
#2775=CARTESIAN_POINT('Ctrl Pts',(9.9194919917977,134.30608674127,50.7266111417933));
#2776=CARTESIAN_POINT('Ctrl Pts',(6.84648901031417,134.26131740374,52.3442071177443));
#2777=CARTESIAN_POINT('Ctrl Pts',(3.57877685849247,134.216548066278,53.0151235666797));
#2778=CARTESIAN_POINT('Ctrl Pts',(0.311064706670708,134.171778728816,53.6860400156152));
#2779=CARTESIAN_POINT('Ctrl Pts',(-3.15135661548922,134.127009391422,53.4102769375352));
#2780=CARTESIAN_POINT('Ctrl Pts',(-6.2742359987639,134.08224005391,52.2342577181351));
#2781=CARTESIAN_POINT('Ctrl Pts',(-9.39711538203847,134.037470716398,51.058238498735));
#2782=CARTESIAN_POINT('Ctrl Pts',(-12.1804528264278,133.992701378767,48.981963138015));
#2783=CARTESIAN_POINT('Ctrl Pts',(-14.1945919658119,133.947932040869,46.3219336378196));
#2784=CARTESIAN_POINT('Ctrl Pts',(-16.208731105196,133.90316270297,43.6619041376243));
#2785=CARTESIAN_POINT('Ctrl Pts',(-17.4536719395749,133.858393364803,40.4181204979536));
#2786=CARTESIAN_POINT('Ctrl Pts',(-17.7379098171686,133.813624026302,37.0936833058225));
#2787=CARTESIAN_POINT('Ctrl Pts',(-18.0221476947624,133.768854687801,33.7692461136913));
#2788=CARTESIAN_POINT('Ctrl Pts',(-17.345682615571,133.724085348965,30.3641553690996));
#2789=CARTESIAN_POINT('Ctrl Pts',(-15.8135210375771,133.679316009832,27.3998477286547));
#2790=CARTESIAN_POINT('Ctrl Pts',(-14.2813594595832,133.634546670698,24.4355400882098));
#2791=CARTESIAN_POINT('Ctrl Pts',(-11.8935013827868,133.589777331266,21.9120155519118));
#2792=CARTESIAN_POINT('Ctrl Pts',(-9.01619173083466,133.545007991663,20.2236011748661));
#2793=CARTESIAN_POINT('Ctrl Pts',(-5.77921837238852,133.49464248461,18.3241350006897));
#2794=CARTESIAN_POINT('Ctrl Pts',(-1.92278286413595,133.444276977342,17.4816051218171));
#2795=CARTESIAN_POINT('Ctrl Pts',(1.80996094074427,133.393911470117,17.8627423210258));
#2796=CARTESIAN_POINT('Ctrl Pts',(5.54270474562449,133.343545962891,18.2438795202345));
#2797=CARTESIAN_POINT('Ctrl Pts',(9.15175684713235,133.293180455709,19.8486837975246));
#2798=CARTESIAN_POINT('Ctrl Pts',(11.9363537796595,133.242814948814,22.3646854335431));
#2799=CARTESIAN_POINT('Ctrl Pts',(14.7209507121866,133.192449441918,24.8806870695614));
#2800=CARTESIAN_POINT('Ctrl Pts',(16.681092475733,133.14208393531,28.3078860643081));
#2801=CARTESIAN_POINT('Ctrl Pts',(17.4380236075598,133.091718429122,31.98331102241));
#2802=CARTESIAN_POINT('Ctrl Pts',(17.6809428755448,133.075554802894,33.1628523344459));
#2803=CARTESIAN_POINT('Ctrl Pts',(17.7999388769354,133.059391176709,34.3679593881911));
#2804=CARTESIAN_POINT('Ctrl Pts',(17.7978480929225,133.043227550567,35.5734938131466));
#2805=CARTESIAN_POINT('Ctrl Pts',(17.7999305738531,132.802054120605,35.5749584614108));
#2806=CARTESIAN_POINT('Ctrl Pts',(17.7981765986162,132.851109884526,31.9175394726385));
#2807=CARTESIAN_POINT('Ctrl Pts',(16.6389801478317,132.90016564885,28.2635489331081));
#2808=CARTESIAN_POINT('Ctrl Pts',(14.5268274616976,132.949221413506,25.2819245167975));
#2809=CARTESIAN_POINT('Ctrl Pts',(12.3582845266991,132.999586868885,22.2206966968319));
#2810=CARTESIAN_POINT('Ctrl Pts',(9.18522205729856,133.049952324613,19.8682159105607));
#2811=CARTESIAN_POINT('Ctrl Pts',(5.62458052884308,133.100317780477,18.6824149864383));
#2812=CARTESIAN_POINT('Ctrl Pts',(2.06393900038758,133.150683236341,17.4966140623159));
#2813=CARTESIAN_POINT('Ctrl Pts',(-1.88428158712286,133.201048692339,17.4774930003422));
#2814=CARTESIAN_POINT('Ctrl Pts',(-5.45625912063555,133.251414148207,18.6276472640515));
#2815=CARTESIAN_POINT('Ctrl Pts',(-9.02823665414825,133.301779604074,19.7778015277607));
#2816=CARTESIAN_POINT('Ctrl Pts',(-12.2239711336632,133.352145059811,22.0972311171529));
#2817=CARTESIAN_POINT('Ctrl Pts',(-14.4239198770011,133.4025105152,25.1373818878656));
#2818=CARTESIAN_POINT('Ctrl Pts',(-16.6238686203389,133.45287597059,28.1775326585784));
#2819=CARTESIAN_POINT('Ctrl Pts',(-17.8280316274997,133.503241425632,31.9384046106116));
#2820=CARTESIAN_POINT('Ctrl Pts',(-17.8036769331813,133.553606880247,35.690880072813));
#2821=CARTESIAN_POINT('Ctrl Pts',(-17.7793222388628,133.603972334862,39.4433555350144));
#2822=CARTESIAN_POINT('Ctrl Pts',(-16.5264498430651,133.654337789049,43.1874345073839));
#2823=CARTESIAN_POINT('Ctrl Pts',(-14.2870061976111,133.704703242892,46.198930473812));
#2824=CARTESIAN_POINT('Ctrl Pts',(-12.047562552157,133.755068696735,49.21042644024));
#2825=CARTESIAN_POINT('Ctrl Pts',(-8.82154765704658,133.805434150234,51.4893394007267));
#2826=CARTESIAN_POINT('Ctrl Pts',(-5.23518034382651,133.855799603608,52.5923272237787));
#2827=CARTESIAN_POINT('Ctrl Pts',(-1.64881303060641,133.906165056982,53.6953150468307));
#2828=CARTESIAN_POINT('Ctrl Pts',(2.29790670072333,133.956530510231,53.622377732448));
#2829=CARTESIAN_POINT('Ctrl Pts',(5.84357380533198,134.006895963619,52.3918568546623));
#2830=CARTESIAN_POINT('Ctrl Pts',(8.99527789831748,134.051665255519,51.2980605188528));
#2831=CARTESIAN_POINT('Ctrl Pts',(11.8301009035233,134.09643454753,49.2896302564038));
#2832=CARTESIAN_POINT('Ctrl Pts',(13.9118244564885,134.141203839803,46.6817495321712));
#2833=CARTESIAN_POINT('Ctrl Pts',(15.9935480094536,134.185973132077,44.0738688079386));
#2834=CARTESIAN_POINT('Ctrl Pts',(17.3221721101781,134.230742424612,40.8665376219224));
#2835=CARTESIAN_POINT('Ctrl Pts',(17.6928493765792,134.275511717482,37.5506287427769));
#2836=CARTESIAN_POINT('Ctrl Pts',(17.7661039429991,134.284359185172,36.8953269769357));
#2837=CARTESIAN_POINT('Ctrl Pts',(17.801945821804,134.293206652876,36.2357847009019));
#2838=CARTESIAN_POINT('Ctrl Pts',(17.801066024231,134.302054120592,35.5760988943973));
#2839=CARTESIAN_POINT('Origin',(2.81642376016882E-6,140.797640841766,35.5749503522051));
#2840=CARTESIAN_POINT('',(17.7972505867315,136.043227550526,35.5746819883803));
#2841=CARTESIAN_POINT('',(17.8007870156397,135.802054120565,35.5744801268248));
#2842=CARTESIAN_POINT('',(17.8000028164238,140.797640835565,35.5749501398597));
#2843=CARTESIAN_POINT('Ctrl Pts',(17.7972505867315,136.043227550526,35.5746819883803));
#2844=CARTESIAN_POINT('Ctrl Pts',(17.795746846491,136.016335789262,37.580200971323));
#2845=CARTESIAN_POINT('Ctrl Pts',(17.4595820823072,135.989444028114,39.586143811815));
#2846=CARTESIAN_POINT('Ctrl Pts',(16.7953306413601,135.96255226708,41.4770079822942));
#2847=CARTESIAN_POINT('Ctrl Pts',(15.6894864617189,135.917782928865,44.6249140439438));
#2848=CARTESIAN_POINT('Ctrl Pts',(13.6743333501289,135.873013590967,47.4538737114519));
#2849=CARTESIAN_POINT('Ctrl Pts',(11.0595208784316,135.828244253278,49.5265295782156));
#2850=CARTESIAN_POINT('Ctrl Pts',(8.44470840673433,135.783474915588,51.5991854449792));
#2851=CARTESIAN_POINT('Ctrl Pts',(5.23023657492975,135.738705578108,52.9155375109984));
#2852=CARTESIAN_POINT('Ctrl Pts',(1.91318755669171,135.693936240663,53.2737257918422));
#2853=CARTESIAN_POINT('Ctrl Pts',(-1.40386146154635,135.649166903219,53.631914072686));
#2854=CARTESIAN_POINT('Ctrl Pts',(-4.82348766621794,135.60439756581,53.0319385683544));
#2855=CARTESIAN_POINT('Ctrl Pts',(-7.82196915446727,135.559628228254,51.5674937370062));
#2856=CARTESIAN_POINT('Ctrl Pts',(-10.0708302706543,135.526051225087,50.4691601134951));
#2857=CARTESIAN_POINT('Ctrl Pts',(-12.0827974838537,135.492474221838,48.8845624935371));
#2858=CARTESIAN_POINT('Ctrl Pts',(-13.6836240406122,135.458897218446,46.9593995467506));
#2859=CARTESIAN_POINT('Ctrl Pts',(-15.2844505973708,135.425320215053,45.034236599964));
#2860=CARTESIAN_POINT('Ctrl Pts',(-16.4741364976884,135.391743211517,42.7685083263488));
#2861=CARTESIAN_POINT('Ctrl Pts',(-17.146752561983,135.358166207802,40.3577777728209));
#2862=CARTESIAN_POINT('Ctrl Pts',(-17.8193686262776,135.324589204086,37.9470472192929));
#2863=CARTESIAN_POINT('Ctrl Pts',(-17.9749148545493,135.29101220019,35.3913143858522));
#2864=CARTESIAN_POINT('Ctrl Pts',(-17.6008417589074,135.257435196109,32.9160660762457));
#2865=CARTESIAN_POINT('Ctrl Pts',(-17.2267686632656,135.223858192029,30.4408177666393));
#2866=CARTESIAN_POINT('Ctrl Pts',(-16.3230762437104,135.190281187764,28.046053980867));
#2867=CARTESIAN_POINT('Ctrl Pts',(-14.9684525125236,135.156704183342,25.9412102141584));
#2868=CARTESIAN_POINT('Ctrl Pts',(-13.6138287813369,135.12312717892,23.8363664474498));
#2869=CARTESIAN_POINT('Ctrl Pts',(-11.8082737385188,135.089550174341,22.0214426998049));
#2870=CARTESIAN_POINT('Ctrl Pts',(-9.71032588463343,135.05597316966,20.6559161760219));
#2871=CARTESIAN_POINT('Ctrl Pts',(-7.6123780307481,135.022396164979,19.2903896522389));
#2872=CARTESIAN_POINT('Ctrl Pts',(-5.22203736579558,134.988819160196,18.3742603523178));
#2873=CARTESIAN_POINT('Ctrl Pts',(-2.7489006537915,134.955242155385,17.9877216314421));
#2874=CARTESIAN_POINT('Ctrl Pts',(-0.275763941787364,134.921665150573,17.6011829105663));
#2875=CARTESIAN_POINT('Ctrl Pts',(2.28016881726832,134.888088145733,17.7442347687359));
#2876=CARTESIAN_POINT('Ctrl Pts',(4.69472934759942,134.854511140942,18.4044092194124));
#2877=CARTESIAN_POINT('Ctrl Pts',(7.10928987793046,134.82093413615,19.0645836700889));
#2878=CARTESIAN_POINT('Ctrl Pts',(9.3824781795369,134.787357131408,20.2418807132724));
#2879=CARTESIAN_POINT('Ctrl Pts',(11.3148787352643,134.753780126785,21.8329961810238));
#2880=CARTESIAN_POINT('Ctrl Pts',(13.2472792909917,134.720203122162,23.4241116487751));
#2881=CARTESIAN_POINT('Ctrl Pts',(14.8388921008401,134.686626117657,25.4290455410942));
#2882=CARTESIAN_POINT('Ctrl Pts',(15.9502464441245,134.65304911332,27.6720074928307));
#2883=CARTESIAN_POINT('Ctrl Pts',(17.061600787409,134.619472108983,29.9149694445673));
#2884=CARTESIAN_POINT('Ctrl Pts',(17.6926966641296,134.585895104813,32.3959594557212));
#2885=CARTESIAN_POINT('Ctrl Pts',(17.7878807715171,134.55231810083,34.897291171765));
#2886=CARTESIAN_POINT('Ctrl Pts',(17.7964707369782,134.549287917405,35.1230258415233));
#2887=CARTESIAN_POINT('Ctrl Pts',(17.8006960743136,134.546257733982,35.348926180301));
#2888=CARTESIAN_POINT('Ctrl Pts',(17.800585782901,134.54322755056,35.5748298302569));
#2889=CARTESIAN_POINT('Ctrl Pts',(17.801066024231,134.302054120592,35.5760988943973));
#2890=CARTESIAN_POINT('Ctrl Pts',(17.7974939360682,134.337975945876,32.8976920277848));
#2891=CARTESIAN_POINT('Ctrl Pts',(17.1885791358612,134.37389777137,30.2169191165624));
#2892=CARTESIAN_POINT('Ctrl Pts',(16.0205707292529,134.409819597059,27.8079893743156));
#2893=CARTESIAN_POINT('Ctrl Pts',(14.5648843834479,134.454588890565,24.8057454572746));
#2894=CARTESIAN_POINT('Ctrl Pts',(12.2407812597601,134.499358184373,22.2257441954675));
#2895=CARTESIAN_POINT('Ctrl Pts',(9.40781326077165,134.544127478358,20.4623188412135));
#2896=CARTESIAN_POINT('Ctrl Pts',(6.57484526178327,134.588896772344,18.6988934869597));
#2897=CARTESIAN_POINT('Ctrl Pts',(3.23301238749424,134.633666066506,17.752044040259));
#2898=CARTESIAN_POINT('Ctrl Pts',(-0.102802323257076,134.678435360666,17.7716716704037));
#2899=CARTESIAN_POINT('Ctrl Pts',(-3.43861703400844,134.723204654827,17.7912993005485));
#2900=CARTESIAN_POINT('Ctrl Pts',(-6.76841358122211,134.767973948985,18.7774040075387));
#2901=CARTESIAN_POINT('Ctrl Pts',(-9.58199969759751,134.812743242964,20.5724692486845));
#2902=CARTESIAN_POINT('Ctrl Pts',(-10.6370944912383,134.829531728206,21.2456187141142));
#2903=CARTESIAN_POINT('Ctrl Pts',(-11.6195971930424,134.846320213422,22.0325282546595));
#2904=CARTESIAN_POINT('Ctrl Pts',(-12.5099541223071,134.863108698607,22.9126007818493));
#2905=CARTESIAN_POINT('Ctrl Pts',(-13.4003110515717,134.879897183791,23.7926733090392));
#2906=CARTESIAN_POINT('Ctrl Pts',(-14.1985222082969,134.896685668944,24.7659088228735));
#2907=CARTESIAN_POINT('Ctrl Pts',(-14.8848059812679,134.913474154057,25.8125634476571));
#2908=CARTESIAN_POINT('Ctrl Pts',(-16.2573735272098,134.947051124284,27.9058726972245));
#2909=CARTESIAN_POINT('Ctrl Pts',(-17.1822315381347,134.980628094355,30.292858390589));
#2910=CARTESIAN_POINT('Ctrl Pts',(-17.5775306750054,135.014205064242,32.7645877407966));
#2911=CARTESIAN_POINT('Ctrl Pts',(-17.9728298118761,135.047782034128,35.2363170910042));
#2912=CARTESIAN_POINT('Ctrl Pts',(-17.8385700746927,135.08135900383,37.7927900980548));
#2913=CARTESIAN_POINT('Ctrl Pts',(-17.1868061347198,135.114935973352,40.2096429923954));
#2914=CARTESIAN_POINT('Ctrl Pts',(-16.5350421947468,135.148512942874,42.6264958867359));
#2915=CARTESIAN_POINT('Ctrl Pts',(-15.3657740519843,135.182089912215,44.9037286683664));
#2916=CARTESIAN_POINT('Ctrl Pts',(-13.7814430423365,135.215666881412,46.8416922334306));
#2917=CARTESIAN_POINT('Ctrl Pts',(-12.1971120326887,135.249243850609,48.7796557984948));
#2918=CARTESIAN_POINT('Ctrl Pts',(-10.1977181561556,135.282820819662,50.3783501469928));
#2919=CARTESIAN_POINT('Ctrl Pts',(-7.95865294568266,135.31639778863,51.4975047812193));
#2920=CARTESIAN_POINT('Ctrl Pts',(-5.71958773520978,135.349974757599,52.6166594154457));
#2921=CARTESIAN_POINT('Ctrl Pts',(-3.24085119079703,135.383551726485,53.2562743354007));
#2922=CARTESIAN_POINT('Ctrl Pts',(-0.739855938995842,135.417128695362,53.3603290263322));
#2923=CARTESIAN_POINT('Ctrl Pts',(1.76113931280544,135.45070566424,53.4643837172637));
#2924=CARTESIAN_POINT('Ctrl Pts',(4.28439327199515,135.48428263311,53.0328781791717));
#2925=CARTESIAN_POINT('Ctrl Pts',(6.60868187419871,135.517859602049,52.1035142005285));
#2926=CARTESIAN_POINT('Ctrl Pts',(8.93297047640224,135.551436570988,51.1741502218853));
#2927=CARTESIAN_POINT('Ctrl Pts',(11.0582937216197,135.585013539997,49.7469278026909));
#2928=CARTESIAN_POINT('Ctrl Pts',(12.7980133570652,135.618590509139,47.9472790828083));
#2929=CARTESIAN_POINT('Ctrl Pts',(14.5377329925107,135.652167478282,46.1476303629256));
#2930=CARTESIAN_POINT('Ctrl Pts',(15.8918490181844,135.685744447559,43.9755553423548));
#2931=CARTESIAN_POINT('Ctrl Pts',(16.7422751425844,135.719321417012,41.6210814511189));
#2932=CARTESIAN_POINT('Ctrl Pts',(17.4407504495526,135.746898984742,39.6872957562244));
#2933=CARTESIAN_POINT('Ctrl Pts',(17.799450168926,135.774476552591,37.6304687152554));
#2934=CARTESIAN_POINT('Ctrl Pts',(17.8007870156397,135.802054120565,35.5744801268248));
#2935=CARTESIAN_POINT('Origin',(2.81642376016882E-6,140.797640841766,35.5749503522051));
#2936=CARTESIAN_POINT('',(17.8022692273819,137.543227550489,35.5731811135837));
#2937=CARTESIAN_POINT('',(17.7997401561438,137.302054120572,35.5747622155275));
#2938=CARTESIAN_POINT('',(17.8000028164238,140.797640835565,35.5749501398597));
#2939=CARTESIAN_POINT('Ctrl Pts',(17.8022692273819,137.543227550489,35.5731811135837));
#2940=CARTESIAN_POINT('Ctrl Pts',(17.800710651513,137.519990848488,37.306201273204));
#2941=CARTESIAN_POINT('Ctrl Pts',(17.5458980392518,137.496754146575,39.0403248572215));
#2942=CARTESIAN_POINT('Ctrl Pts',(17.0465209497165,137.473517444747,40.6997292031447));
#2943=CARTESIAN_POINT('Ctrl Pts',(16.3249217095701,137.439940441049,43.0975663090239));
#2944=CARTESIAN_POINT('Ctrl Pts',(15.0926666527279,137.406363437528,45.3393880606813));
#2945=CARTESIAN_POINT('Ctrl Pts',(13.4539899416148,137.372786434149,47.2309734519048));
#2946=CARTESIAN_POINT('Ctrl Pts',(11.8153132305016,137.339209430769,49.1225588431284));
#2947=CARTESIAN_POINT('Ctrl Pts',(9.77021486511748,137.305632427532,50.663907873918));
#2948=CARTESIAN_POINT('Ctrl Pts',(7.49985209898005,137.272055424372,51.7187084565609));
#2949=CARTESIAN_POINT('Ctrl Pts',(5.22948933284259,137.238478421213,52.7735090392039));
#2950=CARTESIAN_POINT('Ctrl Pts',(2.7338621659518,137.204901418132,53.3417611737001));
#2951=CARTESIAN_POINT('Ctrl Pts',(0.230997165821804,137.171324415054,53.3741722719664));
#2952=CARTESIAN_POINT('Ctrl Pts',(-2.27186783430817,137.137747411976,53.4065833702326));
#2953=CARTESIAN_POINT('Ctrl Pts',(-4.78197066767738,137.1041704089,52.9031534322687));
#2954=CARTESIAN_POINT('Ctrl Pts',(-7.07875902480129,137.07059340575,51.9077532723273));
#2955=CARTESIAN_POINT('Ctrl Pts',(-9.3755473819252,137.0370164026,50.9123531123858));
#2956=CARTESIAN_POINT('Ctrl Pts',(-11.4590212628039,137.003439399376,49.4249827304668));
#2957=CARTESIAN_POINT('Ctrl Pts',(-13.1466522981303,136.969862396013,47.5762778449859));
#2958=CARTESIAN_POINT('Ctrl Pts',(-14.8342833334566,136.936285392651,45.727572959505));
#2959=CARTESIAN_POINT('Ctrl Pts',(-16.1260715232308,136.902708389151,43.5175335704622));
#2960=CARTESIAN_POINT('Ctrl Pts',(-16.9085998351391,136.869131385474,41.1397887746122));
#2961=CARTESIAN_POINT('Ctrl Pts',(-17.6911281470474,136.835554381796,38.7620439787621));
#2962=CARTESIAN_POINT('Ctrl Pts',(-17.96439658109,136.801977377941,36.2165937761047));
#2963=CARTESIAN_POINT('Ctrl Pts',(-17.7044884389989,136.768400373901,33.7270424558426));
#2964=CARTESIAN_POINT('Ctrl Pts',(-17.4445802969077,136.73482336986,31.2374911355804));
#2965=CARTESIAN_POINT('Ctrl Pts',(-16.6514955786829,136.701246365633,28.8038386977134));
#2966=CARTESIAN_POINT('Ctrl Pts',(-15.3949066201082,136.667669361246,26.6387333982202));
#2967=CARTESIAN_POINT('Ctrl Pts',(-14.1383176615335,136.634092356858,24.4736280987269));
#2968=CARTESIAN_POINT('Ctrl Pts',(-12.4182244626091,136.600515352308,22.5770699376073));
#2969=CARTESIAN_POINT('Ctrl Pts',(-10.385349328,136.56693834765,21.1170403673139));
#2970=CARTESIAN_POINT('Ctrl Pts',(-8.35247419339098,136.533361342992,19.6570107970205));
#2971=CARTESIAN_POINT('Ctrl Pts',(-6.00681712309735,136.499784338225,18.6335098175533));
#2972=CARTESIAN_POINT('Ctrl Pts',(-3.55365067534085,136.46620733342,18.1330397024756));
#2973=CARTESIAN_POINT('Ctrl Pts',(-1.10048422758439,136.432630328615,17.632569587398));
#2974=CARTESIAN_POINT('Ctrl Pts',(1.4601915976349,136.399053323773,17.6551303367098));
#2975=CARTESIAN_POINT('Ctrl Pts',(3.90192946656575,136.365476318973,18.204933121284));
#2976=CARTESIAN_POINT('Ctrl Pts',(7.1575799584736,136.320706979238,18.9380035007163));
#2977=CARTESIAN_POINT('Ctrl Pts',(10.2017851947575,136.275937639578,20.6083930539483));
#2978=CARTESIAN_POINT('Ctrl Pts',(12.5652636271237,136.231168300154,22.9630235642114));
#2979=CARTESIAN_POINT('Ctrl Pts',(14.9287420594898,136.186398960731,25.3176540744745));
#2980=CARTESIAN_POINT('Ctrl Pts',(16.6114936879381,136.141629621545,28.3565255417685));
#2981=CARTESIAN_POINT('Ctrl Pts',(17.3546018783161,136.096860282686,31.609387503311));
#2982=CARTESIAN_POINT('Ctrl Pts',(17.6513445722475,136.078982705247,32.9083410526781));
#2983=CARTESIAN_POINT('Ctrl Pts',(17.7982502695777,136.061105127861,34.2414178573783));
#2984=CARTESIAN_POINT('Ctrl Pts',(17.7972505867315,136.043227550526,35.5746819883803));
#2985=CARTESIAN_POINT('Ctrl Pts',(17.8007870156397,135.802054120565,35.5744801268248));
#2986=CARTESIAN_POINT('Ctrl Pts',(17.801077841885,135.808053522339,35.1272071258668));
#2987=CARTESIAN_POINT('Ctrl Pts',(17.7844559505178,135.81405292412,34.6799738058944));
#2988=CARTESIAN_POINT('Ctrl Pts',(17.7507402680977,135.820052325907,34.2340555963593));
#2989=CARTESIAN_POINT('Ctrl Pts',(17.5620430460845,135.853629295722,31.7383763947362));
#2990=CARTESIAN_POINT('Ctrl Pts',(16.8379123789317,135.887206265723,29.283890753391));
#2991=CARTESIAN_POINT('Ctrl Pts',(15.6440312995832,135.920783235887,27.0830872672979));
#2992=CARTESIAN_POINT('Ctrl Pts',(14.4501502202347,135.954360206052,24.8822837812047));
#2993=CARTESIAN_POINT('Ctrl Pts',(12.7865187286905,135.98793717638,22.9351624503636));
#2994=CARTESIAN_POINT('Ctrl Pts',(10.795561850462,136.021514146823,21.4186565316831));
#2995=CARTESIAN_POINT('Ctrl Pts',(8.1409526794907,136.066283440746,19.3966486401092));
#2996=CARTESIAN_POINT('Ctrl Pts',(4.90443170996961,136.111052734872,18.1401792590429));
#2997=CARTESIAN_POINT('Ctrl Pts',(1.58132467937524,136.155822029028,17.8434455030415));
#2998=CARTESIAN_POINT('Ctrl Pts',(-1.74178235121908,136.200591323184,17.54671174704));
#2999=CARTESIAN_POINT('Ctrl Pts',(-5.15147544288672,136.24536061737,18.2097136161034));
#3000=CARTESIAN_POINT('Ctrl Pts',(-8.12081727359609,136.290129911403,19.7315972284302));
#3001=CARTESIAN_POINT('Ctrl Pts',(-11.0901591043055,136.334899205435,21.2534808407569));
#3002=CARTESIAN_POINT('Ctrl Pts',(-13.6191496740567,136.379668499315,23.6342461963471));
#3003=CARTESIAN_POINT('Ctrl Pts',(-15.3186636183644,136.424437792905,26.5054541310342));
#3004=CARTESIAN_POINT('Ctrl Pts',(-17.0181775626722,136.469207086496,29.3766620657214));
#3005=CARTESIAN_POINT('Ctrl Pts',(-17.8882148815365,136.513976379797,32.7383125795054));
#3006=CARTESIAN_POINT('Ctrl Pts',(-17.7949123800351,136.558745672763,36.0736669823844));
#3007=CARTESIAN_POINT('Ctrl Pts',(-17.7016098785336,136.603514965729,39.4090213852633));
#3008=CARTESIAN_POINT('Ctrl Pts',(-16.6449675566664,136.648284258359,42.718079677237));
#3009=CARTESIAN_POINT('Ctrl Pts',(-14.7870409373998,136.693053550711,45.4890726106835));
#3010=CARTESIAN_POINT('Ctrl Pts',(-12.9291143181333,136.737822843062,48.2600655441299));
#3011=CARTESIAN_POINT('Ctrl Pts',(-10.2699034014675,136.782592135134,50.4929931190491));
#3012=CARTESIAN_POINT('Ctrl Pts',(-7.22020414832554,136.82736142707,51.8479717347147));
#3013=CARTESIAN_POINT('Ctrl Pts',(-4.93292970846902,136.860938396022,52.864205696464));
#3014=CARTESIAN_POINT('Ctrl Pts',(-2.42600557934465,136.894515364898,53.386593368633));
#3015=CARTESIAN_POINT('Ctrl Pts',(0.0776620925857652,136.928092333774,53.3750264489708));
#3016=CARTESIAN_POINT('Ctrl Pts',(2.58132976451618,136.961669302651,53.3634595293087));
#3017=CARTESIAN_POINT('Ctrl Pts',(5.08174097925265,136.995246271529,52.8179380178152));
#3018=CARTESIAN_POINT('Ctrl Pts',(7.36067932304648,137.028823240484,51.7831940378923));
#3019=CARTESIAN_POINT('Ctrl Pts',(9.6396176668403,137.062400209439,50.7484500579693));
#3020=CARTESIAN_POINT('Ctrl Pts',(11.6970831396915,137.095977178471,49.2244836096169));
#3021=CARTESIAN_POINT('Ctrl Pts',(13.3524416063975,137.129554147643,47.3465932566197));
#3022=CARTESIAN_POINT('Ctrl Pts',(15.0078000731034,137.163131116815,45.4687029036225));
#3023=CARTESIAN_POINT('Ctrl Pts',(16.2610515336642,137.196708086127,43.2368886459806));
#3024=CARTESIAN_POINT('Ctrl Pts',(17.0023220893764,137.230285055618,40.8460889646723));
#3025=CARTESIAN_POINT('Ctrl Pts',(17.530464794184,137.254208077178,39.1426847209599));
#3026=CARTESIAN_POINT('Ctrl Pts',(17.7987095604524,137.278131098828,37.3585743738023));
#3027=CARTESIAN_POINT('Ctrl Pts',(17.7997401561438,137.302054120572,35.5747622155275));
#3028=CARTESIAN_POINT('Origin',(2.81642376016882E-6,140.797640841766,35.5749503522051));
#3029=CARTESIAN_POINT('',(17.7996210383409,139.043227550483,35.5752132893744));
#3030=CARTESIAN_POINT('',(17.7990366075452,138.802054120601,35.5743245227269));
#3031=CARTESIAN_POINT('',(17.8000028164238,140.797640835565,35.5749501398597));
#3032=CARTESIAN_POINT('Ctrl Pts',(17.7996210383409,139.043227550483,35.5752132893744));
#3033=CARTESIAN_POINT('Ctrl Pts',(17.7994077343331,139.023645907735,37.0356143510193));
#3034=CARTESIAN_POINT('Ctrl Pts',(17.6207667699649,139.00406426505,38.4960495572092));
#3035=CARTESIAN_POINT('Ctrl Pts',(17.2650683800087,138.984482622426,39.9116947155675));
#3036=CARTESIAN_POINT('Ctrl Pts',(16.655145790849,138.950905618689,42.3391275763789));
#3037=CARTESIAN_POINT('Ctrl Pts',(15.5246284530224,138.917328615132,44.6348660808748));
#3038=CARTESIAN_POINT('Ctrl Pts',(13.9742936642169,138.883751611722,46.6007196572075));
#3039=CARTESIAN_POINT('Ctrl Pts',(12.4239588754114,138.850174608312,48.5665732335401));
#3040=CARTESIAN_POINT('Ctrl Pts',(10.4538066356269,138.816597605049,50.2025418817096));
#3041=CARTESIAN_POINT('Ctrl Pts',(8.23415769831016,138.783020601872,51.3590701993403));
#3042=CARTESIAN_POINT('Ctrl Pts',(5.2746257818879,138.738251264302,52.9011079561812));
#3043=CARTESIAN_POINT('Ctrl Pts',(1.87154418096392,138.693481926888,53.5908073476199));
#3044=CARTESIAN_POINT('Ctrl Pts',(-1.45351783667174,138.648712589446,53.3184997864136));
#3045=CARTESIAN_POINT('Ctrl Pts',(-4.7785798543074,138.603943252004,53.0461922252073));
#3046=CARTESIAN_POINT('Ctrl Pts',(-8.02562228865477,138.559173914535,51.8118777113561));
#3047=CARTESIAN_POINT('Ctrl Pts',(-10.6931507979915,138.514404576864,49.807480801633));
#3048=CARTESIAN_POINT('Ctrl Pts',(-13.3606793073283,138.469635239193,47.8030838919099));
#3049=CARTESIAN_POINT('Ctrl Pts',(-15.4486938916544,138.42486590132,45.028604586315));
#3050=CARTESIAN_POINT('Ctrl Pts',(-16.6365122887278,138.380096563134,41.9107193528471));
#3051=CARTESIAN_POINT('Ctrl Pts',(-17.8243306858011,138.335327224947,38.7928341193792));
#3052=CARTESIAN_POINT('Ctrl Pts',(-18.1119528956217,138.290557886447,35.3315429580385));
#3053=CARTESIAN_POINT('Ctrl Pts',(-17.4531259965375,138.245788547618,32.0605429140285));
#3054=CARTESIAN_POINT('Ctrl Pts',(-16.7942990974534,138.201019208788,28.7895428700185));
#3055=CARTESIAN_POINT('Ctrl Pts',(-15.1890230894645,138.156249869629,25.7088339433392));
#3056=CARTESIAN_POINT('Ctrl Pts',(-12.887280313016,138.111480530227,23.2939119239419));
#3057=CARTESIAN_POINT('Ctrl Pts',(-10.5855375365676,138.066711190825,20.8789899045447));
#3058=CARTESIAN_POINT('Ctrl Pts',(-7.58732799165963,138.02194185118,19.1298547924294));
#3059=CARTESIAN_POINT('Ctrl Pts',(-4.35148478627475,137.977172511453,18.3120753438205));
#3060=CARTESIAN_POINT('Ctrl Pts',(-1.92460238223609,137.943595506657,17.6987407573638));
#3061=CARTESIAN_POINT('Ctrl Pts',(0.635948955820863,137.910018501815,17.6092937316294));
#3062=CARTESIAN_POINT('Ctrl Pts',(3.10050934949322,137.876441497007,18.0465667707524));
#3063=CARTESIAN_POINT('Ctrl Pts',(5.5650697431656,137.842864492198,18.4838398098754));
#3064=CARTESIAN_POINT('Ctrl Pts',(7.93363919245335,137.809287487423,19.4478329138559));
#3065=CARTESIAN_POINT('Ctrl Pts',(10.0055368408143,137.775710482751,20.8534585012828));
#3066=CARTESIAN_POINT('Ctrl Pts',(11.3868019397216,137.75332581297,21.7905422262341));
#3067=CARTESIAN_POINT('Ctrl Pts',(12.6362129048836,137.730941143235,22.9239070549394));
#3068=CARTESIAN_POINT('Ctrl Pts',(13.7006562650686,137.708556473564,24.2092811119537));
#3069=CARTESIAN_POINT('Ctrl Pts',(15.8295429854387,137.663787134222,26.7800292259824));
#3070=CARTESIAN_POINT('Ctrl Pts',(17.2185592859009,137.619017795138,29.9588142532473));
#3071=CARTESIAN_POINT('Ctrl Pts',(17.6531331872795,137.574248456386,33.2669430440569));
#3072=CARTESIAN_POINT('Ctrl Pts',(17.7535060205549,137.563908154403,34.0310162166982));
#3073=CARTESIAN_POINT('Ctrl Pts',(17.8029627916016,137.553567852437,34.8019894129761));
#3074=CARTESIAN_POINT('Ctrl Pts',(17.8022692273819,137.543227550489,35.5731811135837));
#3075=CARTESIAN_POINT('Ctrl Pts',(17.7997401561438,137.302054120572,35.5747622155275));
#3076=CARTESIAN_POINT('Ctrl Pts',(17.800156044961,137.311708068576,34.8549187939484));
#3077=CARTESIAN_POINT('Ctrl Pts',(17.7570571002675,137.321362016596,34.1351239313196));
#3078=CARTESIAN_POINT('Ctrl Pts',(17.669962533385,137.331015964632,33.4207008522779));
#3079=CARTESIAN_POINT('Ctrl Pts',(17.3670427708177,137.364592934486,30.9358975261664));
#3080=CARTESIAN_POINT('Ctrl Pts',(16.5319135948194,137.398169904526,28.516075978918));
#3081=CARTESIAN_POINT('Ctrl Pts',(15.2379777036322,137.431746874725,26.3732914803651));
#3082=CARTESIAN_POINT('Ctrl Pts',(13.944041812445,137.465323844925,24.2305069818121));
#3083=CARTESIAN_POINT('Ctrl Pts',(12.1912992060689,137.498900815284,22.3647595319547));
#3084=CARTESIAN_POINT('Ctrl Pts',(10.1332389867897,137.53247778575,20.9398267137231));
#3085=CARTESIAN_POINT('Ctrl Pts',(8.07517876751059,137.566054756216,19.5148938954914));
#3086=CARTESIAN_POINT('Ctrl Pts',(5.71180093532843,137.599631726788,18.5307757088856));
#3087=CARTESIAN_POINT('Ctrl Pts',(3.25083588113918,137.633208697394,18.0735861777342));
#3088=CARTESIAN_POINT('Ctrl Pts',(0.789870826949918,137.666785668,17.6163966465827));
#3089=CARTESIAN_POINT('Ctrl Pts',(-1.76868144924642,137.70036263864,17.6861357708857));
#3090=CARTESIAN_POINT('Ctrl Pts',(-4.2013655535977,137.733939609236,18.2770554756689));
#3091=CARTESIAN_POINT('Ctrl Pts',(-6.63404965794898,137.767516579833,18.8679751804521));
#3092=CARTESIAN_POINT('Ctrl Pts',(-8.94086559045524,137.801093550385,19.9800754657156));
#3093=CARTESIAN_POINT('Ctrl Pts',(-10.9175178645354,137.834670520822,21.515064512333));
#3094=CARTESIAN_POINT('Ctrl Pts',(-12.8941701386155,137.86824749126,23.0500535589503));
#3095=CARTESIAN_POINT('Ctrl Pts',(-14.5406587542695,137.901824461582,25.0079313669214));
#3096=CARTESIAN_POINT('Ctrl Pts',(-15.7168125635581,137.935401431741,27.2185822984496));
#3097=CARTESIAN_POINT('Ctrl Pts',(-16.8929663728467,137.968978401899,29.4292332299778));
#3098=CARTESIAN_POINT('Ctrl Pts',(-17.5987853757699,138.002555371894,31.8926572850631));
#3099=CARTESIAN_POINT('Ctrl Pts',(-17.763863070496,138.0361323417,34.3896171530043));
#3100=CARTESIAN_POINT('Ctrl Pts',(-17.9839666634641,138.080901634775,37.7188969769259));
#3101=CARTESIAN_POINT('Ctrl Pts',(-17.2427523751931,138.125670927515,41.1077960237024));
#3102=CARTESIAN_POINT('Ctrl Pts',(-15.6571342910122,138.170440219961,44.0449178753546));
#3103=CARTESIAN_POINT('Ctrl Pts',(-14.8643252489217,138.192824866185,45.5134788011806));
#3104=CARTESIAN_POINT('Ctrl Pts',(-13.8604152578538,138.215209512334,46.8690954282256));
#3105=CARTESIAN_POINT('Ctrl Pts',(-12.6888479228765,138.237594158425,48.0579790368556));
#3106=CARTESIAN_POINT('Ctrl Pts',(-10.9314969204104,138.271171127562,49.8413044498007));
#3107=CARTESIAN_POINT('Ctrl Pts',(-8.79691689414819,138.304748096567,51.2494805713122));
#3108=CARTESIAN_POINT('Ctrl Pts',(-6.46527553140882,138.338325065504,52.1598190309459));
#3109=CARTESIAN_POINT('Ctrl Pts',(-4.13363416866946,138.37190203444,53.0701574905795));
#3110=CARTESIAN_POINT('Ctrl Pts',(-1.60493146945294,138.405479003308,53.4826582883352));
#3111=CARTESIAN_POINT('Ctrl Pts',(0.895003601844347,138.439055972186,53.3552895381325));
#3112=CARTESIAN_POINT('Ctrl Pts',(4.22825036357406,138.483825264023,53.1854645378621));
#3113=CARTESIAN_POINT('Ctrl Pts',(7.51035467566962,138.528594555878,52.0558714523323));
#3114=CARTESIAN_POINT('Ctrl Pts',(10.2395689326551,138.573363847926,50.1371456794029));
#3115=CARTESIAN_POINT('Ctrl Pts',(12.9687831896407,138.618133139974,48.2184199064734));
#3116=CARTESIAN_POINT('Ctrl Pts',(15.1451073915162,138.662902432214,45.5105614461442));
#3117=CARTESIAN_POINT('Ctrl Pts',(16.4302377305879,138.707671724765,42.4314028439524));
#3118=CARTESIAN_POINT('Ctrl Pts',(17.3333394836934,138.739132523222,40.2675806640653));
#3119=CARTESIAN_POINT('Ctrl Pts',(17.7963414026819,138.770593321831,37.9203986814893));
#3120=CARTESIAN_POINT('Ctrl Pts',(17.7990366075452,138.802054120601,35.5743245227269));
#3121=CARTESIAN_POINT('Origin',(2.81642376016882E-6,140.797640841766,35.5749503522051));
#3122=CARTESIAN_POINT('',(17.7979655653948,140.543227550509,35.5762006733299));
#3123=CARTESIAN_POINT('',(17.7977124772418,140.302054120618,35.5740107055295));
#3124=CARTESIAN_POINT('',(17.8000028164238,140.797640835565,35.5749501398597));
#3125=CARTESIAN_POINT('Ctrl Pts',(17.7979655653948,140.543227550509,35.5762006733299));
#3126=CARTESIAN_POINT('Ctrl Pts',(17.8001734880442,140.527300967004,36.7641876212055));
#3127=CARTESIAN_POINT('Ctrl Pts',(17.6847547582274,140.51137438354,37.9517780147145));
#3128=CARTESIAN_POINT('Ctrl Pts',(17.4488734718065,140.495447800117,39.1148412108095));
#3129=CARTESIAN_POINT('Ctrl Pts',(16.7029331811212,140.445082294452,42.7928595553093));
#3130=CARTESIAN_POINT('Ctrl Pts',(14.7523086423278,140.394716789206,46.2255939775028));
#3131=CARTESIAN_POINT('Ctrl Pts',(11.975375855271,140.344351284249,48.7495998535126));
#3132=CARTESIAN_POINT('Ctrl Pts',(9.19844306821425,140.293985779291,51.2736057295224));
#3133=CARTESIAN_POINT('Ctrl Pts',(5.5952020328942,140.243620274621,52.8888830593484));
#3134=CARTESIAN_POINT('Ctrl Pts',(1.86313763337348,140.193254769996,53.2815287245752));
#3135=CARTESIAN_POINT('Ctrl Pts',(-1.86892676614727,140.14288926537,53.6741743898019));
#3136=CARTESIAN_POINT('Ctrl Pts',(-5.72981452986868,140.09252376079,52.8441883904294));
#3137=CARTESIAN_POINT('Ctrl Pts',(-8.97116085919572,140.042158255994,50.9535237775728));
#3138=CARTESIAN_POINT('Ctrl Pts',(-12.2125071885227,139.991792751198,49.0628591647162));
#3139=CARTESIAN_POINT('Ctrl Pts',(-14.8343120834553,139.941427246186,46.1115159383756));
#3140=CARTESIAN_POINT('Ctrl Pts',(-16.3297071283552,139.891061740782,42.6691471396651));
#3141=CARTESIAN_POINT('Ctrl Pts',(-17.8251021732551,139.840696235378,39.2267783409547));
#3142=CARTESIAN_POINT('Ctrl Pts',(-18.1940873681222,139.790330729581,35.2933839698743));
#3143=CARTESIAN_POINT('Ctrl Pts',(-17.363221321106,139.739965223366,31.6348731043528));
#3144=CARTESIAN_POINT('Ctrl Pts',(-16.5323552740898,139.689599717152,27.9763622388312));
#3145=CARTESIAN_POINT('Ctrl Pts',(-14.5016379851902,139.639234210519,24.5927348788685));
#3146=CARTESIAN_POINT('Ctrl Pts',(-11.6688585382311,139.588868703607,22.1295684539747));
#3147=CARTESIAN_POINT('Ctrl Pts',(-9.78033890692507,139.555291698999,20.4874575040455));
#3148=CARTESIAN_POINT('Ctrl Pts',(-7.53534720537036,139.521714694267,19.2544403030357));
#3149=CARTESIAN_POINT('Ctrl Pts',(-5.13789139072769,139.488137689482,18.5326097041517));
#3150=CARTESIAN_POINT('Ctrl Pts',(-2.74043557608502,139.454560684697,17.8107791052677));
#3151=CARTESIAN_POINT('Ctrl Pts',(-0.190515648354412,139.420983679858,17.6001351085093));
#3152=CARTESIAN_POINT('Ctrl Pts',(2.29142579843253,139.387406675044,17.922027846573));
#3153=CARTESIAN_POINT('Ctrl Pts',(4.77336724521948,139.353829670229,18.2439205846367));
#3154=CARTESIAN_POINT('Ctrl Pts',(7.18733021106277,139.320252665438,19.0983500575226));
#3155=CARTESIAN_POINT('Ctrl Pts',(9.32019810861697,139.286675660745,20.4091690327553));
#3156=CARTESIAN_POINT('Ctrl Pts',(11.4530660061712,139.253098656052,21.7199880079881));
#3157=CARTESIAN_POINT('Ctrl Pts',(13.3048388354363,139.219521651457,23.4871964855678));
#3158=CARTESIAN_POINT('Ctrl Pts',(14.713564414311,139.185944647016,25.5560678005834));
#3159=CARTESIAN_POINT('Ctrl Pts',(16.1222899931856,139.152367642575,27.624939115599));
#3160=CARTESIAN_POINT('Ctrl Pts',(17.0879683216699,139.118790638288,29.9954732680504));
#3161=CARTESIAN_POINT('Ctrl Pts',(17.5261435656656,139.085213634186,32.4603039528397));
#3162=CARTESIAN_POINT('Ctrl Pts',(17.7087810880258,139.07121827292,33.4876795873054));
#3163=CARTESIAN_POINT('Ctrl Pts',(17.7997734906492,139.057222911685,34.5314377174398));
#3164=CARTESIAN_POINT('Ctrl Pts',(17.7996210383409,139.043227550483,35.5752132893744));
#3165=CARTESIAN_POINT('Ctrl Pts',(17.7990366075452,138.802054120601,35.5743245227269));
#3166=CARTESIAN_POINT('Ctrl Pts',(17.8001767285773,138.815362614828,34.5818921745868));
#3167=CARTESIAN_POINT('Ctrl Pts',(17.7189474954201,138.828671109084,33.5896580654237));
#3168=CARTESIAN_POINT('Ctrl Pts',(17.5538193118966,138.841979603369,32.6115858044728));
#3169=CARTESIAN_POINT('Ctrl Pts',(16.9983340778656,138.886748896561,29.3213861112391));
#3170=CARTESIAN_POINT('Ctrl Pts',(15.4934271335358,138.931518190083,26.1914454688261));
#3171=CARTESIAN_POINT('Ctrl Pts',(13.2687882473858,138.976287483857,23.7048003481707));
#3172=CARTESIAN_POINT('Ctrl Pts',(11.0441493612358,139.02105677763,21.2181552275154));
#3173=CARTESIAN_POINT('Ctrl Pts',(8.09977853326573,139.065826071654,19.3748056286177));
#3174=CARTESIAN_POINT('Ctrl Pts',(4.89176191146907,139.11059536577,18.4583568094057));
#3175=CARTESIAN_POINT('Ctrl Pts',(1.68374528967239,139.155364659886,17.5419079901937));
#3176=CARTESIAN_POINT('Ctrl Pts',(-1.78791712595082,139.200133954094,17.5523599506673));
#3177=CARTESIAN_POINT('Ctrl Pts',(-4.99156916638201,139.244903248208,18.4861994412224));
#3178=CARTESIAN_POINT('Ctrl Pts',(-7.39430819670539,139.278480218794,19.1865790591388));
#3179=CARTESIAN_POINT('Ctrl Pts',(-9.64629139098326,139.312057189327,20.4063641627259));
#3180=CARTESIAN_POINT('Ctrl Pts',(-11.5508706649543,139.34563415974,22.0315037558611));
#3181=CARTESIAN_POINT('Ctrl Pts',(-13.4554499389253,139.379211130152,23.6566433489962));
#3182=CARTESIAN_POINT('Ctrl Pts',(-15.0126252925894,139.412788100443,25.6871374316792));
#3183=CARTESIAN_POINT('Ctrl Pts',(-16.085030867951,139.446365070566,27.9485936366745));
#3184=CARTESIAN_POINT('Ctrl Pts',(-17.1574364433126,139.479942040688,30.2100498416699));
#3185=CARTESIAN_POINT('Ctrl Pts',(-17.7450722403718,139.513519010641,32.7024681689775));
#3186=CARTESIAN_POINT('Ctrl Pts',(-17.796918035815,139.547095980408,35.2054212050526));
#3187=CARTESIAN_POINT('Ctrl Pts',(-17.8487638312583,139.580672950175,37.7083742411277));
#3188=CARTESIAN_POINT('Ctrl Pts',(-17.3648196250857,139.614249919755,40.2218619859702));
#3189=CARTESIAN_POINT('Ctrl Pts',(-16.3874441084893,139.647826889164,42.526083172176));
#3190=CARTESIAN_POINT('Ctrl Pts',(-15.4100685918928,139.681403858572,44.8303043583819));
#3191=CARTESIAN_POINT('Ctrl Pts',(-13.9392617648724,139.714980827809,46.925258985951));
#3192=CARTESIAN_POINT('Ctrl Pts',(-12.1036038660888,139.748557796918,48.6275287356351));
#3193=CARTESIAN_POINT('Ctrl Pts',(-10.2679459673053,139.782134766027,50.3297984853192));
#3194=CARTESIAN_POINT('Ctrl Pts',(-8.06743699675868,139.81571173501,51.6393833571182));
#3195=CARTESIAN_POINT('Ctrl Pts',(-5.69621777769446,139.849288703932,52.439982169849));
#3196=CARTESIAN_POINT('Ctrl Pts',(-3.32499855863025,139.882865672855,53.2405809825799));
#3197=CARTESIAN_POINT('Ctrl Pts',(-0.783069091048467,139.916442641719,53.5321937362425));
#3198=CARTESIAN_POINT('Ctrl Pts',(1.70920934098269,139.950019610599,53.2926815737875));
#3199=CARTESIAN_POINT('Ctrl Pts',(4.20148777301384,139.98359657948,53.0531694113326));
#3200=CARTESIAN_POINT('Ctrl Pts',(6.64411516949435,140.017173548378,52.2825323327601));
#3201=CARTESIAN_POINT('Ctrl Pts',(8.81706810148951,140.05075051737,51.0410411703802));
#3202=CARTESIAN_POINT('Ctrl Pts',(12.0764974994822,140.101115970857,49.1788044268104));
#3203=CARTESIAN_POINT('Ctrl Pts',(14.7291593523829,140.151481424557,46.2571459946742));
#3204=CARTESIAN_POINT('Ctrl Pts',(16.258802187776,140.201846878647,42.8314780291853));
#3205=CARTESIAN_POINT('Ctrl Pts',(17.2732626726651,140.235249292463,40.5595719966598));
#3206=CARTESIAN_POINT('Ctrl Pts',(17.7937796205596,140.268651706451,38.0659847212505));
#3207=CARTESIAN_POINT('Ctrl Pts',(17.7977124772418,140.302054120618,35.5740107055295));
#3208=CARTESIAN_POINT('Origin',(-9.90029829554558,110.147496437495,46.8122836099426));
#3209=CARTESIAN_POINT('',(-9.65029836074141,110.397496426016,56.0541202492416));
#3210=CARTESIAN_POINT('',(-10.1502983607777,109.897496448974,56.0541202640831));
#3211=CARTESIAN_POINT('',(-3.03520494272474,117.012589539811,56.0541200528863));
#3212=CARTESIAN_POINT('',(-10.1502980581657,109.897496448974,13.1692856631063));
#3213=CARTESIAN_POINT('',(-10.1502982955637,109.897496448974,46.8122836081785));
#3214=CARTESIAN_POINT('',(-9.65029805460124,110.397496426016,12.6692856631063));
#3215=CARTESIAN_POINT('',(-13.1311042691297,106.916690396129,16.1500918528201));
#3216=CARTESIAN_POINT('',(-9.65029829552743,110.397496426016,46.8122836117066));
#3217=CARTESIAN_POINT('Origin',(2.67174826750731E-6,127.707568282282,56.054119735428));
#3218=CARTESIAN_POINT('',(-9.6502983600302,120.197496913755,56.0541199583489));
#3219=CARTESIAN_POINT('',(-9.65029836000164,120.590980770342,56.0541199466692));
#3220=CARTESIAN_POINT('',(9.65044292582543,120.197496907031,56.0541199583489));
#3221=CARTESIAN_POINT('',(4.90435401621302,120.197496908685,56.0541199583489));
#3222=CARTESIAN_POINT('',(9.65044292340734,110.397495539794,56.0541202492416));
#3223=CARTESIAN_POINT('',(9.65044292572193,119.778036660303,56.0541199707997));
#3224=CARTESIAN_POINT('',(10.150442923284,109.897495516835,56.0541202640831));
#3225=CARTESIAN_POINT('',(3.0353147339359,117.012624034641,56.0541200528853));
#3226=CARTESIAN_POINT('',(14.4999980088121,109.897495317119,56.0541202640831));
#3227=CARTESIAN_POINT('',(8.74999996438689,109.897495581139,56.0541202640831));
#3228=CARTESIAN_POINT('',(14.4999980088121,124.797969606753,56.0541198217934));
#3229=CARTESIAN_POINT('',(14.4999980088121,123.752534551313,56.054119852825));
#3230=CARTESIAN_POINT('',(-14.4999989094,124.797969606753,56.0541198217934));
#3231=CARTESIAN_POINT('',(1.05524795186092E-6,124.797969606753,56.0541198217934));
#3232=CARTESIAN_POINT('',(-14.4999994192151,109.897496648697,56.0541202640831));
#3233=CARTESIAN_POINT('',(-14.4999992469836,114.931341971966,56.0541201146638));
#3234=CARTESIAN_POINT('',(8.74999996438689,109.897495581139,56.0541202640831));
#3235=CARTESIAN_POINT('Origin',(-9.65029814546117,113.474392353058,25.5771990991034));
#3236=CARTESIAN_POINT('',(-9.65029805389004,120.197496913755,12.6692856631063));
#3237=CARTESIAN_POINT('',(-9.65029805331391,128.136254398553,12.6692856631063));
#3238=CARTESIAN_POINT('',(-9.65029815945886,120.197496913755,27.6300342913911));
#3239=CARTESIAN_POINT('',(-9.65029814497102,120.197496913755,25.5768817275887));
#3240=CARTESIAN_POINT('',(-9.65029815911777,124.89750087971,27.6300342929655));
#3241=CARTESIAN_POINT('',(-9.65029815891384,127.707567819747,27.6300342939068));
#3242=CARTESIAN_POINT('',(-9.65029827124257,124.89750087971,43.5198662752522));
#3243=CARTESIAN_POINT('',(-9.6502981791538,124.89750087971,30.4694513585231));
#3244=CARTESIAN_POINT('',(-9.65029827158366,120.197496913755,43.5198662768265));
#3245=CARTESIAN_POINT('',(-9.65029827103864,127.707567819747,43.5198662743109));
#3246=CARTESIAN_POINT('',(-9.65029814497102,120.197496913755,25.5768817275887));
#3247=CARTESIAN_POINT('',(-9.65029830330792,116.447500725361,47.9771210641917));
#3248=CARTESIAN_POINT('Origin',(-9.65029830342766,114.797500725361,47.9771210641917));
#3249=CARTESIAN_POINT('',(-9.65029811115662,116.44750040051,20.7462862531146));
#3250=CARTESIAN_POINT('Origin',(-9.65029811127636,114.79750040051,20.7462862531146));
#3251=CARTESIAN_POINT('Origin',(9.90044298855962,110.147495528315,46.8122838014132));
#3252=CARTESIAN_POINT('',(9.6504432295475,110.397495539794,12.6692856631063));
#3253=CARTESIAN_POINT('',(9.65044298862131,110.397495539794,46.8122837996491));
#3254=CARTESIAN_POINT('',(10.1504432258959,109.897495516836,13.1692856631063));
#3255=CARTESIAN_POINT('',(14.6671794906006,105.380759011752,17.6860219607974));
#3256=CARTESIAN_POINT('',(10.1504429884979,109.897495516836,46.8122838031773));
#3257=CARTESIAN_POINT('Origin',(4.60786405532648,110.147495771331,12.9192856631063));
#3258=CARTESIAN_POINT('',(14.499998403416,110.397495317119,12.6692865889341));
#3259=CARTESIAN_POINT('',(4.6078640668056,110.397495771331,12.6692856631063));
#3260=CARTESIAN_POINT('',(14.9999974607732,109.897495294161,13.1692856631063));
#3261=CARTESIAN_POINT('',(11.8679746369648,113.029518367111,10.0372627339676));
#3262=CARTESIAN_POINT('',(11.0539310593245,109.897495475351,13.1692856631063));
#3263=CARTESIAN_POINT('Origin',(9.6504431388223,111.84850413606,25.5771993387947));
#3264=CARTESIAN_POINT('',(9.65044301427316,120.197496907031,43.5196972864522));
#3265=CARTESIAN_POINT('',(9.65044314088461,120.197496907031,25.5768819155311));
#3266=CARTESIAN_POINT('',(9.65044301543286,124.89750087971,43.5196972870324));
#3267=CARTESIAN_POINT('',(9.65044301612623,127.707567813024,43.5196972873792));
#3268=CARTESIAN_POINT('',(9.65044312755527,124.89750087971,27.6302035535724));
#3269=CARTESIAN_POINT('',(9.65044310752044,124.89750087971,30.4694515464655));
#3270=CARTESIAN_POINT('',(9.65044312639558,120.197496907031,27.6302035541524));
#3271=CARTESIAN_POINT('',(9.65044312824864,127.707567813024,27.6302035532256));
#3272=CARTESIAN_POINT('',(9.6504432319656,120.197496907031,12.6692856631063));
#3273=CARTESIAN_POINT('',(9.65044314088461,120.197496907031,25.5768819155311));
#3274=CARTESIAN_POINT('',(9.65044323372385,127.323310287792,12.6692856631063));
#3275=CARTESIAN_POINT('',(9.65044298189457,116.447500721999,47.9771212944403));
#3276=CARTESIAN_POINT('Origin',(9.65044298148745,114.797500721999,47.9771212944403));
#3277=CARTESIAN_POINT('',(9.65044317404587,116.447500397148,20.7462864833631));
#3278=CARTESIAN_POINT('Origin',(9.65044317363874,114.797500397148,20.7462864833631));
#3279=CARTESIAN_POINT('Origin',(14.4999980088121,123.752534462264,53.054119852825));
#3280=CARTESIAN_POINT('',(17.4999980088121,124.797969606753,53.0541198511067));
#3281=CARTESIAN_POINT('Origin',(14.4999980088121,124.797969606753,53.0541198217934));
#3282=CARTESIAN_POINT('',(17.4999980088121,109.89749517937,53.0541202933964));
#3283=CARTESIAN_POINT('Origin',(14.4999980088121,109.897495317119,53.0541202640831));
#3284=CARTESIAN_POINT('',(17.4999980088121,123.752534462264,53.0541198821383));
#3285=CARTESIAN_POINT('Origin',(-5.61252392867336E-7,124.797969606753,35.361703686039));
#3286=CARTESIAN_POINT('',(17.4999980846461,124.797973644446,45.2574159265944));
#3287=CARTESIAN_POINT('',(17.4999979599567,124.797969606753,58.0541202417024));
#3288=CARTESIAN_POINT('',(-17.4999989045662,124.797973592283,45.2574047918928));
#3289=CARTESIAN_POINT('Origin',(2.67038950043228E-6,124.797969606753,35.5749492728904));
#3290=CARTESIAN_POINT('',(-17.4999989094,124.797969606753,53.0541197774108));
#3291=CARTESIAN_POINT('',(-17.4999988894339,124.797969606753,51.7045356126178));
#3292=CARTESIAN_POINT('Origin',(-14.4999989094,124.797969606753,53.0541198217934));
#3293=CARTESIAN_POINT('Origin',(-14.4999992469836,114.931341882917,53.0541201146638));
#3294=CARTESIAN_POINT('',(-17.4999994192151,109.897496786447,53.0541202197005));
#3295=CARTESIAN_POINT('Origin',(-14.4999994192151,109.897496648697,53.0541202640831));
#3296=CARTESIAN_POINT('',(-17.4999992469836,114.931341985561,53.0541200702812));
#3297=CARTESIAN_POINT('Origin',(17.4999980748016,109.89749517937,68.0473683158929));
#3298=CARTESIAN_POINT('',(-17.4999990824614,109.897496786447,15.669286242978));
#3299=CARTESIAN_POINT('',(-17.4999996410284,109.897496786447,68.0473677980953));
#3300=CARTESIAN_POINT('',(-14.9999984781619,109.897496671656,13.1692856631063));
#3301=CARTESIAN_POINT('',(-26.7195198057957,109.897497209775,24.8888068762275));
#3302=CARTESIAN_POINT('',(4.60786404384736,109.897495771331,13.1692856631063));
#3303=CARTESIAN_POINT('Origin',(-17.4999999059316,102.155115624175,68.0473677980953));
#3304=CARTESIAN_POINT('',(-17.4999988903097,124.797973592283,25.8924937281211));
#3305=CARTESIAN_POINT('Ctrl Pts',(-17.4999987940535,124.797975050548,45.2574050908237));
#3306=CARTESIAN_POINT('Ctrl Pts',(-17.4999988111904,120.110477416717,35.5749490139917));
#3307=CARTESIAN_POINT('Ctrl Pts',(-17.4999985075648,124.797975050548,25.8924929371597));
#3308=CARTESIAN_POINT('',(-17.4999983563206,124.797969606753,15.6692855168372));
#3309=CARTESIAN_POINT('',(-17.4999990824614,124.797969606753,15.669286242978));
#3310=CARTESIAN_POINT('',(-17.4999990824614,119.79750087971,15.669286242978));
#3311=CARTESIAN_POINT('',(-17.4999994409531,114.797500726728,51.2102824780105));
#3312=CARTESIAN_POINT('',(-17.4999995128382,111.997500726728,49.5937017242795));
#3313=CARTESIAN_POINT('',(-17.4999992579698,113.485435865544,50.4527614772119));
#3314=CARTESIAN_POINT('',(-17.4999994650061,111.997500726728,46.3605402168176));
#3315=CARTESIAN_POINT('',(-17.4999994400708,111.997500726728,59.3205347611874));
#3316=CARTESIAN_POINT('',(-17.4999993452889,114.797500726728,44.7439594630867));
#3317=CARTESIAN_POINT('',(-17.4999995976436,103.827776760997,51.0773325476375));
#3318=CARTESIAN_POINT('',(-17.4999990490335,117.897500726728,46.5337452975745));
#3319=CARTESIAN_POINT('',(-17.499999126363,114.885435865544,44.7947288391535));
#3320=CARTESIAN_POINT('',(-17.4999990917408,117.897500726728,49.4204966435226));
#3321=CARTESIAN_POINT('',(-17.499999214288,117.897500726728,57.7039540074565));
#3322=CARTESIAN_POINT('',(-17.499999513732,108.027776760997,55.1187844319648));
#3323=CARTESIAN_POINT('',(-17.4999991896724,114.797500401877,23.9794476669333));
#3324=CARTESIAN_POINT('',(-17.4999992615575,111.997500401877,22.3628669132023));
#3325=CARTESIAN_POINT('',(-17.4999987185446,119.381084340675,26.6257810878516));
#3326=CARTESIAN_POINT('',(-17.4999992137254,111.997500401877,19.1297054057404));
#3327=CARTESIAN_POINT('',(-17.4999992386413,111.997500401877,45.7051173556488));
#3328=CARTESIAN_POINT('',(-17.4999990940082,114.797500401877,17.5131246520095));
#3329=CARTESIAN_POINT('',(-17.4999994616541,97.9321278798025,27.2503520176126));
#3330=CARTESIAN_POINT('',(-17.4999986609689,117.897500401877,19.3029104864973));
#3331=CARTESIAN_POINT('',(-17.4999985869379,120.781084340675,20.9677484497933));
#3332=CARTESIAN_POINT('',(-17.4999986888819,117.897500401877,22.1896618324455));
#3333=CARTESIAN_POINT('',(-17.4999990128586,117.897500401877,44.0885366019179));
#3334=CARTESIAN_POINT('',(-17.4999993777425,102.132127879803,31.29180390194));
#3335=CARTESIAN_POINT('Origin',(17.4999979599567,119.79750087971,58.0541202417024));
#3336=CARTESIAN_POINT('',(17.4999983741027,109.89749517937,15.6692866605112));
#3337=CARTESIAN_POINT('',(17.4999979111342,109.89749517937,63.0507442787976));
#3338=CARTESIAN_POINT('',(17.4999983741027,124.797969606753,15.6692866605112));
#3339=CARTESIAN_POINT('',(17.4999983741027,119.79750087971,15.6692866605112));
#3340=CARTESIAN_POINT('',(17.4999982738626,124.797973644446,25.8924829611746));
#3341=CARTESIAN_POINT('',(17.4999980708215,124.797969606753,46.7079120493677));
#3342=CARTESIAN_POINT('Ctrl Pts',(17.4999982742109,124.797974990837,25.8924829607998));
#3343=CARTESIAN_POINT('Ctrl Pts',(17.4999981796027,120.110467132578,35.5749494438845));
#3344=CARTESIAN_POINT('Ctrl Pts',(17.4999980849944,124.797974990837,45.2574159269693));
#3345=CARTESIAN_POINT('',(17.4999983147237,111.997500395781,20.7462865770046));
#3346=CARTESIAN_POINT('Origin',(17.4999983147238,114.797500395781,20.7462865770046));
#3347=CARTESIAN_POINT('',(17.4999980584199,111.997500720632,47.9771213880817));
#3348=CARTESIAN_POINT('Origin',(17.4999980584199,114.797500720632,47.9771213880817));
#3349=CARTESIAN_POINT('Origin',(-15.9999990678048,119.79750087971,14.169286242978));
#3350=CARTESIAN_POINT('',(-14.4999984732764,124.797969606753,12.6692856631063));
#3351=CARTESIAN_POINT('',(-17.2981037628476,124.797969606753,15.4673909253369));
#3352=CARTESIAN_POINT('',(-14.4999990531481,110.397496648698,12.669286242978));
#3353=CARTESIAN_POINT('',(-14.4999990531481,119.79750087971,12.669286242978));
#3354=CARTESIAN_POINT('',(-10.3320209221552,114.565473967714,8.50130815271082));
#3355=CARTESIAN_POINT('Origin',(-8.2842684764258,142.798116443949,12.6692856631063));
#3356=CARTESIAN_POINT('',(-6.20000015021411,124.797969606753,12.6692856631063));
#3357=CARTESIAN_POINT('',(-3.49999996196869,124.797969606753,12.669286242978));
#3358=CARTESIAN_POINT('',(-6.20000014850699,129.798116437977,12.669286242978));
#3359=CARTESIAN_POINT('',(-6.20000014572023,137.7981164406,12.6692856631063));
#3360=CARTESIAN_POINT('',(6.19999876794672,129.79811643628,12.669286242978));
#3361=CARTESIAN_POINT('',(-4.14213285722334,129.798116439883,12.669286242978));
#3362=CARTESIAN_POINT('',(6.19999876622227,124.797971328894,12.669285515555));
#3363=CARTESIAN_POINT('',(6.19999877073348,137.79811643628,12.6692856631063));
#3364=CARTESIAN_POINT('',(14.4999974775883,124.797969606753,12.6692856631063));
#3365=CARTESIAN_POINT('',(4.49999915196003,124.797969606753,12.6692856631063));
#3366=CARTESIAN_POINT('',(14.499998403416,119.79750087971,12.6692865889341));
#3367=CARTESIAN_POINT('',(3.34999932532629,120.197496909226,12.6692856631063));
#3368=CARTESIAN_POINT('',(0.762218439497611,120.197496910128,12.6692856631063));
#3369=CARTESIAN_POINT('',(3.3499993219125,110.397495995093,12.6692856631063));
#3370=CARTESIAN_POINT('',(3.34999933006398,133.798045717584,12.6692856631063));
#3371=CARTESIAN_POINT('',(-3.34999996698503,110.397495997427,12.6692856631063));
#3372=CARTESIAN_POINT('',(-4.14213440512434,110.397495997703,12.6692856631063));
#3373=CARTESIAN_POINT('',(-3.34999996357124,120.19749691156,12.6692856631063));
#3374=CARTESIAN_POINT('',(-3.34999995883355,133.798045719918,12.6692856631063));
#3375=CARTESIAN_POINT('',(0.762218439497611,120.197496910128,12.6692856631063));
#3376=CARTESIAN_POINT('',(4.6078640668056,110.397495771331,12.6692856631063));
#3377=CARTESIAN_POINT('Origin',(15.9999983887593,119.79750087971,14.1692866247226));
#3378=CARTESIAN_POINT('',(17.298103051106,124.797969606753,15.4673913307247));
#3379=CARTESIAN_POINT('',(29.8445186068078,109.897494612553,28.0138073083641));
#3380=CARTESIAN_POINT('Origin',(17.4999980748016,109.89749517937,68.0473683158929));
#3381=CARTESIAN_POINT('Origin',(-5.61252392867336E-7,124.797969606753,35.361703686039));
#3382=CARTESIAN_POINT('',(6.1999987662396,124.797969606753,15.8478091806282));
#3383=CARTESIAN_POINT('',(6.1999987662396,124.797969606753,26.0677444303358));
#3384=CARTESIAN_POINT('',(6.85714180926377,124.797969606753,16.787196804058));
#3385=CARTESIAN_POINT('Origin',(7.19999876620494,124.797969606753,15.8478091806282));
#3386=CARTESIAN_POINT('Origin',(2.67038950043228E-6,124.797969606753,35.5749492728904));
#3387=CARTESIAN_POINT('Origin',(-6.86264345877225E-7,132.798116442493,50.6557621457519));
#3388=CARTESIAN_POINT('',(6.19999876899175,132.798116433658,15.8478091806282));
#3389=CARTESIAN_POINT('',(6.85714181204651,132.798116433429,16.7871968040692));
#3390=CARTESIAN_POINT('Origin',(7.19999876899175,132.798116433309,15.8478091806282));
#3391=CARTESIAN_POINT('',(6.19999876899175,132.798116433658,15.669286242978));
#3392=CARTESIAN_POINT('',(6.19999876899175,132.798116433658,24.7215357088053));
#3393=CARTESIAN_POINT('',(-6.20000014746196,132.798116437977,15.669286242978));
#3394=CARTESIAN_POINT('',(-4.1421328561783,132.79811643726,15.669286242978));
#3395=CARTESIAN_POINT('',(-6.20000014746196,132.798116437977,15.8478116350247));
#3396=CARTESIAN_POINT('',(-6.20000014746196,132.798116437977,22.669286242978));
#3397=CARTESIAN_POINT('',(-6.85714287029035,132.798116438206,16.7871991415897));
#3398=CARTESIAN_POINT('Origin',(-7.20000014746196,132.798116438325,15.8478116350247));
#3399=CARTESIAN_POINT('Origin',(2.67314164989296E-6,132.798116435817,35.5749492728905));
#3400=CARTESIAN_POINT('',(17.4999972954663,132.798116429721,32.7474598378959));
#3401=CARTESIAN_POINT('Ctrl Pts',(-5.78874717005026,132.798116437834,19.5872282396829));
#3402=CARTESIAN_POINT('Ctrl Pts',(-5.59884289822688,132.798116437768,19.512951343608));
#3403=CARTESIAN_POINT('Ctrl Pts',(-5.40774592081431,132.798116437701,19.4422429261713));
#3404=CARTESIAN_POINT('Ctrl Pts',(-5.21554096504872,132.798116437634,19.3751539518424));
#3405=CARTESIAN_POINT('Ctrl Pts',(-4.87312749919391,132.798116437515,19.2556348263907));
#3406=CARTESIAN_POINT('Ctrl Pts',(-4.52719911169204,132.798116437395,19.1476000812557));
#3407=CARTESIAN_POINT('Ctrl Pts',(-4.17835494540017,132.798116437274,19.0509253737559));
#3408=CARTESIAN_POINT('Ctrl Pts',(-3.82434713207379,132.798116437152,18.9528196718038));
#3409=CARTESIAN_POINT('Ctrl Pts',(-3.46733610795367,132.798116437028,18.866412674587));
#3410=CARTESIAN_POINT('Ctrl Pts',(-3.10792384795885,132.798116436904,18.7916221606735));
#3411=CARTESIAN_POINT('Ctrl Pts',(-2.74361782124975,132.798116436778,18.7158132971702));
#3412=CARTESIAN_POINT('Ctrl Pts',(-2.37684419433496,132.798116436651,18.6519392765348));
#3413=CARTESIAN_POINT('Ctrl Pts',(-2.00821286177864,132.798116436524,18.599965136959));
#3414=CARTESIAN_POINT('Ctrl Pts',(-1.63908685740222,132.798116436396,18.5479212525189));
#3415=CARTESIAN_POINT('Ctrl Pts',(-1.26809757899488,132.798116436268,18.5078091654349));
#3416=CARTESIAN_POINT('Ctrl Pts',(-0.895848858114685,132.798116436139,18.4796454134933));
#3417=CARTESIAN_POINT('Ctrl Pts',(-0.525290550310037,132.798116436011,18.4516095555427));
#3418=CARTESIAN_POINT('Ctrl Pts',(-0.153483635015916,132.798116435882,18.4354137617834));
#3419=CARTESIAN_POINT('Ctrl Pts',(0.218976025816905,132.798116435753,18.4311257282831));
#3420=CARTESIAN_POINT('Ctrl Pts',(0.32995563432537,132.798116435715,18.4298480482302));
#3421=CARTESIAN_POINT('Ctrl Pts',(0.440993161789069,132.798116435676,18.4296279180619));
#3422=CARTESIAN_POINT('Ctrl Pts',(0.552072724117127,132.798116435637,18.4304680174211));
#3423=CARTESIAN_POINT('Ctrl Pts',(0.595290235408552,132.798116435622,18.4307948732601));
#3424=CARTESIAN_POINT('Ctrl Pts',(0.638514108823962,132.798116435607,18.4312822246373));
#3425=CARTESIAN_POINT('Ctrl Pts',(0.681743405320339,132.798116435592,18.4319302461677));
#3426=CARTESIAN_POINT('Ctrl Pts',(0.717257282610664,132.79811643558,18.4324626109984));
#3427=CARTESIAN_POINT('Ctrl Pts',(0.752774691040844,132.798116435568,18.4331034393051));
#3428=CARTESIAN_POINT('Ctrl Pts',(0.788280937195602,132.798116435555,18.4338524448118));
#3429=CARTESIAN_POINT('Ctrl Pts',(1.16288023387651,132.798116435425,18.4417546301005));
#3430=CARTESIAN_POINT('Ctrl Pts',(1.53663362028787,132.798116435295,18.4616987619824));
#3431=CARTESIAN_POINT('Ctrl Pts',(1.90893022763084,132.798116435166,18.4936009398132));
#3432=CARTESIAN_POINT('Ctrl Pts',(2.28382572717913,132.798116435036,18.5257258172862));
#3433=CARTESIAN_POINT('Ctrl Pts',(2.65724461451454,132.798116434906,18.5699762063898));
#3434=CARTESIAN_POINT('Ctrl Pts',(3.02857234923273,132.798116434778,18.626318198761));
#3435=CARTESIAN_POINT('Ctrl Pts',(3.39926321032353,132.79811643465,18.6825635575504));
#3436=CARTESIAN_POINT('Ctrl Pts',(3.76787067324313,132.798116434522,18.7508590756963));
#3437=CARTESIAN_POINT('Ctrl Pts',(4.13378374063811,132.798116434396,18.8312228400713));
#3438=CARTESIAN_POINT('Ctrl Pts',(4.49623769920311,132.79811643427,18.9108268966584));
#3439=CARTESIAN_POINT('Ctrl Pts',(4.85604851919347,132.798116434146,19.0022721619858));
#3440=CARTESIAN_POINT('Ctrl Pts',(5.21261425201194,132.798116434023,19.1056266100318));
#3441=CARTESIAN_POINT('Ctrl Pts',(5.29499085325487,132.798116433994,19.1295043620695));
#3442=CARTESIAN_POINT('Ctrl Pts',(5.3771941973086,132.798116433966,19.154017965179));
#3443=CARTESIAN_POINT('Ctrl Pts',(5.45921675092876,132.798116433938,19.1791686406437));
#3444=CARTESIAN_POINT('Ctrl Pts',(5.81706671485051,132.798116433814,19.288896610701));
#3445=CARTESIAN_POINT('Ctrl Pts',(6.17147715422274,132.798116433691,19.4107470018856));
#3446=CARTESIAN_POINT('Ctrl Pts',(6.52196470091565,132.79811643357,19.5443723027168));
#3447=CARTESIAN_POINT('Ctrl Pts',(6.71466229399305,132.798116433503,19.6178393177003));
#3448=CARTESIAN_POINT('Ctrl Pts',(6.90617371784962,132.798116433436,19.6948664830894));
#3449=CARTESIAN_POINT('Ctrl Pts',(7.09641547950928,132.79811643337,19.7754019400247));
#3450=CARTESIAN_POINT('Ctrl Pts',(7.1352653489345,132.798116433357,19.7918483393785));
#3451=CARTESIAN_POINT('Ctrl Pts',(7.17406226114079,132.798116433343,19.8084410583534));
#3452=CARTESIAN_POINT('Ctrl Pts',(7.21280549166696,132.79811643333,19.8251796755705));
#3453=CARTESIAN_POINT('Ctrl Pts',(7.24172246599225,132.798116433319,19.8376729591128));
#3454=CARTESIAN_POINT('Ctrl Pts',(7.27060826435497,132.798116433309,19.8502469891433));
#3455=CARTESIAN_POINT('Ctrl Pts',(7.29945378495625,132.798116433299,19.8628976515644));
#3456=CARTESIAN_POINT('Ctrl Pts',(7.64586235406212,132.798116433179,20.0148206460598));
#3457=CARTESIAN_POINT('Ctrl Pts',(7.98681372602545,132.79811643306,20.1779418615621));
#3458=CARTESIAN_POINT('Ctrl Pts',(8.32186306113053,132.798116432944,20.351769686147));
#3459=CARTESIAN_POINT('Ctrl Pts',(8.65587505870775,132.798116432828,20.5250593269274));
#3460=CARTESIAN_POINT('Ctrl Pts',(8.98402197100292,132.798116432714,20.7089897448439));
#3461=CARTESIAN_POINT('Ctrl Pts',(9.30585097086996,132.798116432603,20.9031271324004));
#3462=CARTESIAN_POINT('Ctrl Pts',(9.62969779511163,132.798116432491,21.0984817351636));
#3463=CARTESIAN_POINT('Ctrl Pts',(9.94714773147614,132.798116432381,21.30417198127));
#3464=CARTESIAN_POINT('Ctrl Pts',(10.2577198564183,132.798116432274,21.5198051493524));
#3465=CARTESIAN_POINT('Ctrl Pts',(10.5684564204011,132.798116432166,21.7355524890184));
#3466=CARTESIAN_POINT('Ctrl Pts',(10.8723083780409,132.798116432061,21.9612536058285));
#3467=CARTESIAN_POINT('Ctrl Pts',(11.1687671537967,132.798116431959,22.1965597424439));
#3468=CARTESIAN_POINT('Ctrl Pts',(11.4638608830676,132.798116431857,22.4307824103246));
#3469=CARTESIAN_POINT('Ctrl Pts',(11.7516298204816,132.798116431757,22.6745221963795));
#3470=CARTESIAN_POINT('Ctrl Pts',(12.0315386647527,132.79811643166,22.9274742361191));
#3471=CARTESIAN_POINT('Ctrl Pts',(12.241470297956,132.798116431587,23.1171882659239));
#3472=CARTESIAN_POINT('Ctrl Pts',(12.4469799861016,132.798116431516,23.312085016766));
#3473=CARTESIAN_POINT('Ctrl Pts',(12.6478269644448,132.798116431446,23.512048663415));
#3474=CARTESIAN_POINT('Ctrl Pts',(12.690915917966,132.798116431431,23.5549481102848));
#3475=CARTESIAN_POINT('Ctrl Pts',(12.7337902153332,132.798116431416,23.5980808024151));
#3476=CARTESIAN_POINT('Ctrl Pts',(12.7764473931989,132.798116431401,23.6414456560963));
#3477=CARTESIAN_POINT('Ctrl Pts',(12.8047055136305,132.798116431391,23.6701725742641));
#3478=CARTESIAN_POINT('Ctrl Pts',(12.8328627157231,132.798116431381,23.6989956689399));
#3479=CARTESIAN_POINT('Ctrl Pts',(12.8609128222396,132.798116431372,23.7279086892787));
#3480=CARTESIAN_POINT('Ctrl Pts',(13.1268851120024,132.798116431279,24.0020631641989));
#3481=CARTESIAN_POINT('Ctrl Pts',(13.383389309791,132.79811643119,24.2844601502478));
#3482=CARTESIAN_POINT('Ctrl Pts',(13.6299603391458,132.798116431104,24.5746867891173));
#3483=CARTESIAN_POINT('Ctrl Pts',(13.8670515741879,132.798116431022,24.8537552280648));
#3484=CARTESIAN_POINT('Ctrl Pts',(14.0949589959668,132.798116430943,25.1400633969184));
#3485=CARTESIAN_POINT('Ctrl Pts',(14.3132430342692,132.798116430867,25.4332814567601));
#3486=CARTESIAN_POINT('Ctrl Pts',(14.5377705025242,132.798116430789,25.7348862334305));
#3487=CARTESIAN_POINT('Ctrl Pts',(14.7521169737094,132.798116430715,26.0438018676355));
#3488=CARTESIAN_POINT('Ctrl Pts',(14.9561779232433,132.798116430645,26.3594300317129));
#3489=CARTESIAN_POINT('Ctrl Pts',(15.1618980360944,132.798116430574,26.6776244813677));
#3490=CARTESIAN_POINT('Ctrl Pts',(15.3571649349223,132.798116430507,27.002641538759));
#3491=CARTESIAN_POINT('Ctrl Pts',(15.5418286319798,132.798116430443,27.3338998849495));
#3492=CARTESIAN_POINT('Ctrl Pts',(15.727052403617,132.798116430379,27.6661629190238));
#3493=CARTESIAN_POINT('Ctrl Pts',(15.9016087822111,132.798116430319,28.0047056780322));
#3494=CARTESIAN_POINT('Ctrl Pts',(16.0652999485783,132.798116430262,28.348965754246));
#3495=CARTESIAN_POINT('Ctrl Pts',(16.148263717851,132.798116430233,28.5234474576064));
#3496=CARTESIAN_POINT('Ctrl Pts',(16.2284356971269,132.798116430206,28.6993981485111));
#3497=CARTESIAN_POINT('Ctrl Pts',(16.3057853097108,132.798116430179,28.8767463139457));
#3498=CARTESIAN_POINT('Ctrl Pts',(16.3510373312448,132.798116430163,28.980500718566));
#3499=CARTESIAN_POINT('Ctrl Pts',(16.395323299726,132.798116430148,29.0847334454497));
#3500=CARTESIAN_POINT('Ctrl Pts',(16.4386365580677,132.798116430133,29.1894303076757));
#3501=CARTESIAN_POINT('Ctrl Pts',(16.4569060726401,132.798116430126,29.2335914011458));
#3502=CARTESIAN_POINT('Ctrl Pts',(16.4750025227191,132.79811643012,29.2778350722418));
#3503=CARTESIAN_POINT('Ctrl Pts',(16.4929253872578,132.798116430114,29.3221602605014));
#3504=CARTESIAN_POINT('Ctrl Pts',(16.5074206707621,132.798116430109,29.358008669042));
#3505=CARTESIAN_POINT('Ctrl Pts',(16.5217993105665,132.798116430103,29.3939027577227));
#3506=CARTESIAN_POINT('Ctrl Pts',(16.5360590596973,132.798116430098,29.4298364779801));
#3507=CARTESIAN_POINT('Ctrl Pts',(16.6767009481308,132.798116430048,29.7842456775456));
#3508=CARTESIAN_POINT('Ctrl Pts',(16.805849142656,132.798116429994,30.1426755671946));
#3509=CARTESIAN_POINT('Ctrl Pts',(16.9234172666672,132.798116429939,30.5045124972346));
#3510=CARTESIAN_POINT('Ctrl Pts',(17.0428817198089,132.798116429885,30.8721857193539));
#3511=CARTESIAN_POINT('Ctrl Pts',(17.1503898294549,132.79811642983,31.2433772583278));
#3512=CARTESIAN_POINT('Ctrl Pts',(17.245804865125,132.798116429779,31.6174724489364));
#3513=CARTESIAN_POINT('Ctrl Pts',(17.3412199007951,132.798116429728,31.991567639545));
#3514=CARTESIAN_POINT('Ctrl Pts',(17.4245420565414,132.798116429681,32.3685670483743));
#3515=CARTESIAN_POINT('Ctrl Pts',(17.4955852879336,132.798116429642,32.7478769070191));
#3516=CARTESIAN_POINT('Ctrl Pts',(17.7975921487358,132.798125048327,35.8678903608674));
#3517=CARTESIAN_POINT('Ctrl Pts',(17.7950244050501,132.798125048328,35.4884982350499));
#3518=CARTESIAN_POINT('Ctrl Pts',(17.7799474796935,132.798125048333,35.1097180272677));
#3519=CARTESIAN_POINT('Ctrl Pts',(17.7526574921191,132.798125048343,34.7320995629064));
#3520=CARTESIAN_POINT('Ctrl Pts',(17.7249637820408,132.798125048352,34.348894688088));
#3521=CARTESIAN_POINT('Ctrl Pts',(17.6846929107391,132.798125048366,33.9668856545761));
#3522=CARTESIAN_POINT('Ctrl Pts',(17.6321004648553,132.798125048385,33.5866470960437));
#3523=CARTESIAN_POINT('Ctrl Pts',(17.5932848681603,132.798125048398,33.3060138931598));
#3524=CARTESIAN_POINT('Ctrl Pts',(17.5477564451372,132.798125048414,33.0263450487433));
#3525=CARTESIAN_POINT('Ctrl Pts',(17.495599957195,132.798125048433,32.7478741840398));
#3526=CARTESIAN_POINT('Ctrl Pts',(9.21510589733165,132.798116432607,50.8081372578233));
#3527=CARTESIAN_POINT('Ctrl Pts',(9.03001095926323,132.798116432672,50.9145832023134));
#3528=CARTESIAN_POINT('Ctrl Pts',(8.84312840696285,132.798116432737,51.01751688725));
#3529=CARTESIAN_POINT('Ctrl Pts',(8.65453226936667,132.798116432803,51.1168690539304));
#3530=CARTESIAN_POINT('Ctrl Pts',(8.32183505783301,132.798116432919,51.2921334534864));
#3531=CARTESIAN_POINT('Ctrl Pts',(7.98380684999879,132.798116433036,51.4562550265054));
#3532=CARTESIAN_POINT('Ctrl Pts',(7.6410617894811,132.798116433156,51.6092380248663));
#3533=CARTESIAN_POINT('Ctrl Pts',(7.29388304092139,132.798116433277,51.7641999835934));
#3534=CARTESIAN_POINT('Ctrl Pts',(6.94186411569615,132.798116433399,51.9077335007402));
#3535=CARTESIAN_POINT('Ctrl Pts',(6.58561799831386,132.798116433523,52.0397961135417));
#3536=CARTESIAN_POINT('Ctrl Pts',(6.22622066116136,132.798116433649,52.1730269027696));
#3537=CARTESIAN_POINT('Ctrl Pts',(5.86252046665819,132.798116433775,52.2945831098421));
#3538=CARTESIAN_POINT('Ctrl Pts',(5.49512923491342,132.798116433903,52.404371310003));
#3539=CARTESIAN_POINT('Ctrl Pts',(5.12850390654225,132.798116434031,52.5139306338446));
#3540=CARTESIAN_POINT('Ctrl Pts',(4.75820233646973,132.798116434159,52.6117710378982));
#3541=CARTESIAN_POINT('Ctrl Pts',(4.38482362463038,132.798116434289,52.6977487121284));
#3542=CARTESIAN_POINT('Ctrl Pts',(4.01430070335292,132.798116434418,52.7830687853149));
#3543=CARTESIAN_POINT('Ctrl Pts',(3.64074697338196,132.798116434548,52.8567069298193));
#3544=CARTESIAN_POINT('Ctrl Pts',(3.26474758381702,132.798116434679,52.918471669216));
#3545=CARTESIAN_POINT('Ctrl Pts',(3.15203193213949,132.798116434718,52.9369872653712));
#3546=CARTESIAN_POINT('Ctrl Pts',(3.03909652841379,132.798116434757,52.9544354978388));
#3547=CARTESIAN_POINT('Ctrl Pts',(2.9259572458212,132.798116434796,52.9708102994715));
#3548=CARTESIAN_POINT('Ctrl Pts',(2.87073770065717,132.798116434816,52.9788022990456));
#3549=CARTESIAN_POINT('Ctrl Pts',(2.81546959074333,132.798116434835,52.986538590953));
#3550=CARTESIAN_POINT('Ctrl Pts',(2.76015476859389,132.798116434854,52.9940184330464));
#3551=CARTESIAN_POINT('Ctrl Pts',(2.72304950458579,132.798116434867,52.9990359221177));
#3552=CARTESIAN_POINT('Ctrl Pts',(2.6859226097199,132.79811643488,53.0039380637087));
#3553=CARTESIAN_POINT('Ctrl Pts',(2.64879056411351,132.798116434893,53.0087226660622));
#3554=CARTESIAN_POINT('Ctrl Pts',(2.27054315673007,132.798116435025,53.0574612530703));
#3555=CARTESIAN_POINT('Ctrl Pts',(1.89136782686146,132.798116435157,53.0940617922613));
#3556=CARTESIAN_POINT('Ctrl Pts',(1.51186702279352,132.798116435289,53.118483228663));
#3557=CARTESIAN_POINT('Ctrl Pts',(1.13165933423543,132.798116435421,53.1429501541241));
#3558=CARTESIAN_POINT('Ctrl Pts',(0.75112438510682,132.798116435554,53.1551926463989));
#3559=CARTESIAN_POINT('Ctrl Pts',(0.370858531675754,132.798116435686,53.1551182595158));
#3560=CARTESIAN_POINT('Ctrl Pts',(-0.00769673911085172,132.798116435818,
53.1550442072536));
#3561=CARTESIAN_POINT('Ctrl Pts',(-0.385985891676099,132.79811643595,53.1427638743257));
#3562=CARTESIAN_POINT('Ctrl Pts',(-0.763421455681489,132.798116436081,53.118134596501));
#3563=CARTESIAN_POINT('Ctrl Pts',(-1.13615960109325,132.798116436211,53.0938118452431));
#3564=CARTESIAN_POINT('Ctrl Pts',(-1.50806578857804,132.79811643634,53.0574455898739));
#3565=CARTESIAN_POINT('Ctrl Pts',(-1.87856708391824,132.798116436469,53.0088481670579));
#3566=CARTESIAN_POINT('Ctrl Pts',(-1.97976570663063,132.798116436504,52.9955742802505));
#3567=CARTESIAN_POINT('Ctrl Pts',(-2.0808594508867,132.798116436539,52.9813875922324));
#3568=CARTESIAN_POINT('Ctrl Pts',(-2.18183647008992,132.798116436574,52.9662836187596));
#3569=CARTESIAN_POINT('Ctrl Pts',(-2.55798678056366,132.798116436705,52.9100196850844));
#3570=CARTESIAN_POINT('Ctrl Pts',(-2.93251899324385,132.798116436835,52.841030761381));
#3571=CARTESIAN_POINT('Ctrl Pts',(-3.30486749998459,132.798116436965,52.7595635230155));
#3572=CARTESIAN_POINT('Ctrl Pts',(-3.50585334190541,132.798116437035,52.7155892322759));
#3573=CARTESIAN_POINT('Ctrl Pts',(-3.7062025862031,132.798116437105,52.667978418057));
#3574=CARTESIAN_POINT('Ctrl Pts',(-3.90582331401263,132.798116437174,52.6167642999953));
#3575=CARTESIAN_POINT('Ctrl Pts',(-3.95438463324878,132.798116437191,52.6043055480216));
#3576=CARTESIAN_POINT('Ctrl Pts',(-4.00290282835118,132.798116437208,52.5916335376651));
#3577=CARTESIAN_POINT('Ctrl Pts',(-4.05137655402494,132.798116437225,52.5787487138303));
#3578=CARTESIAN_POINT('Ctrl Pts',(-4.08631693284469,132.798116437237,52.569461195292));
#3579=CARTESIAN_POINT('Ctrl Pts',(-4.12122593262706,132.798116437249,52.5600652972777));
#3580=CARTESIAN_POINT('Ctrl Pts',(-4.15609974271653,132.798116437261,52.5505622709004));
#3581=CARTESIAN_POINT('Ctrl Pts',(-4.51859476526549,132.798116437387,52.4517832802466));
#3582=CARTESIAN_POINT('Ctrl Pts',(-4.87740581805854,132.798116437512,52.341402782582));
#3583=CARTESIAN_POINT('Ctrl Pts',(-5.23202989656587,132.798116437636,52.2197922859721));
#3584=CARTESIAN_POINT('Ctrl Pts',(-5.58956119142129,132.798116437761,52.0971848237153));
#3585=CARTESIAN_POINT('Ctrl Pts',(-5.9428371057254,132.798116437884,51.9631622614177));
#3586=CARTESIAN_POINT('Ctrl Pts',(-6.29133108703833,132.798116438005,51.8180527979367));
#3587=CARTESIAN_POINT('Ctrl Pts',(-6.64080162447105,132.798116438127,51.6725367061001));
#3588=CARTESIAN_POINT('Ctrl Pts',(-6.98546391847304,132.798116438247,51.5158712284035));
#3589=CARTESIAN_POINT('Ctrl Pts',(-7.32476796700489,132.798116438365,51.3483384239372));
#3590=CARTESIAN_POINT('Ctrl Pts',(-7.66300532421265,132.798116438483,51.1813323028092));
#3591=CARTESIAN_POINT('Ctrl Pts',(-7.9959185747648,132.798116438599,51.0035267798316));
#3592=CARTESIAN_POINT('Ctrl Pts',(-8.32293634847086,132.798116438713,50.8151569816482));
#3593=CARTESIAN_POINT('Ctrl Pts',(-8.64521315756814,132.798116438825,50.6295180886887));
#3594=CARTESIAN_POINT('Ctrl Pts',(-8.96176460325205,132.798116438935,50.4336186681015));
#3595=CARTESIAN_POINT('Ctrl Pts',(-9.27201131110789,132.798116439043,50.2276455632977));
#3596=CARTESIAN_POINT('Ctrl Pts',(-9.50469634199978,132.798116439124,50.0731657346949));
#3597=CARTESIAN_POINT('Ctrl Pts',(-9.73383434173039,132.798116439204,49.9130186596997));
#3598=CARTESIAN_POINT('Ctrl Pts',(-9.95916648581367,132.798116439283,49.7472704149189));
#3599=CARTESIAN_POINT('Ctrl Pts',(-10.0086350199956,132.7981164393,49.7108826960433));
#3600=CARTESIAN_POINT('Ctrl Pts',(-10.0579200751386,132.798116439317,49.6742249831348));
#3601=CARTESIAN_POINT('Ctrl Pts',(-10.1070188232809,132.798116439334,49.6372979096077));
#3602=CARTESIAN_POINT('Ctrl Pts',(-10.1362796226997,132.798116439344,49.6152909189516));
#3603=CARTESIAN_POINT('Ctrl Pts',(-10.16546773619,132.798116439355,49.5931931479503));
#3604=CARTESIAN_POINT('Ctrl Pts',(-10.19457898876,132.798116439365,49.5710076803661));
#3605=CARTESIAN_POINT('Ctrl Pts',(-10.4936234552217,132.798116439469,49.3431081318688));
#3606=CARTESIAN_POINT('Ctrl Pts',(-10.7846846783714,132.798116439571,49.1058640710488));
#3607=CARTESIAN_POINT('Ctrl Pts',(-11.0672459795296,132.798116439669,48.8595694768282));
#3608=CARTESIAN_POINT('Ctrl Pts',(-11.3417438277263,132.798116439765,48.6203033924106));
#3609=CARTESIAN_POINT('Ctrl Pts',(-11.6082202774228,132.798116439858,48.372495506096));
#3610=CARTESIAN_POINT('Ctrl Pts',(-11.8661747747691,132.798116439948,48.1163766364165));
#3611=CARTESIAN_POINT('Ctrl Pts',(-12.1301108126696,132.79811644004,47.8543187913697));
#3612=CARTESIAN_POINT('Ctrl Pts',(-12.3851256630807,132.798116440129,47.5835599019088));
#3613=CARTESIAN_POINT('Ctrl Pts',(-12.6309952819532,132.798116440215,47.3046600907612));
#3614=CARTESIAN_POINT('Ctrl Pts',(-12.8786603154565,132.798116440301,47.023723668487));
#3615=CARTESIAN_POINT('Ctrl Pts',(-13.1170463680804,132.798116440385,46.7345265129608));
#3616=CARTESIAN_POINT('Ctrl Pts',(-13.3458825503514,132.798116440464,46.4376091982001));
#3617=CARTESIAN_POINT('Ctrl Pts',(-13.5643556115421,132.79811644054,46.1541381402907));
#3618=CARTESIAN_POINT('Ctrl Pts',(-13.7741240848544,132.798116440614,45.8636297167163));
#3619=CARTESIAN_POINT('Ctrl Pts',(-13.9749132563917,132.798116440684,45.5665336754413));
#3620=CARTESIAN_POINT('Ctrl Pts',(-14.1506037814868,132.798116440745,45.3065746393257));
#3621=CARTESIAN_POINT('Ctrl Pts',(-14.319419047555,132.798116440804,45.0415714870004));
#3622=CARTESIAN_POINT('Ctrl Pts',(-14.4811491734486,132.79811644086,44.7718166368786));
#3623=CARTESIAN_POINT('Ctrl Pts',(-14.5020048139075,132.798116440867,44.737030847063));
#3624=CARTESIAN_POINT('Ctrl Pts',(-14.5227426015224,132.798116440875,44.7021660328872));
#3625=CARTESIAN_POINT('Ctrl Pts',(-14.5433620554708,132.798116440882,44.6672228143729));
#3626=CARTESIAN_POINT('Ctrl Pts',(-14.5624979182924,132.798116440888,44.6347937967225));
#3627=CARTESIAN_POINT('Ctrl Pts',(-14.5815276567573,132.798116440895,44.6023043574092));
#3628=CARTESIAN_POINT('Ctrl Pts',(-14.6004483819823,132.798116440902,44.5697596774901));
#3629=CARTESIAN_POINT('Ctrl Pts',(-14.787744811876,132.798116440967,44.2475995970291));
#3630=CARTESIAN_POINT('Ctrl Pts',(-14.9644468263254,132.798116441029,43.9198861995104));
#3631=CARTESIAN_POINT('Ctrl Pts',(-15.1303525014612,132.798116441087,43.5871846072507));
#3632=CARTESIAN_POINT('Ctrl Pts',(-15.2970321734767,132.798116441145,43.2529308680011));
#3633=CARTESIAN_POINT('Ctrl Pts',(-15.4528148056529,132.7981164412,42.9136417714437));
#3634=CARTESIAN_POINT('Ctrl Pts',(-15.5974514607997,132.79811644125,42.5698619570436));
#3635=CARTESIAN_POINT('Ctrl Pts',(-15.7415050401634,132.798116441301,42.2274680270465));
#3636=CARTESIAN_POINT('Ctrl Pts',(-15.874502535303,132.798116441347,41.8806189796599));
#3637=CARTESIAN_POINT('Ctrl Pts',(-15.996150804815,132.79811644139,41.529832644934));
#3638=CARTESIAN_POINT('Ctrl Pts',(-16.1168714230054,132.798116441432,41.1817212961188));
#3639=CARTESIAN_POINT('Ctrl Pts',(-16.2264154226398,132.79811644147,40.8297319668297));
#3640=CARTESIAN_POINT('Ctrl Pts',(-16.3244469263743,132.798116441504,40.4743585502073));
#3641=CARTESIAN_POINT('Ctrl Pts',(-16.4207224034348,132.798116441538,40.1253508953558));
#3642=CARTESIAN_POINT('Ctrl Pts',(-16.5058942135689,132.798116441567,39.7730788309927));
#3643=CARTESIAN_POINT('Ctrl Pts',(-16.579594645161,132.798116441593,39.4180056808209));
#3644=CARTESIAN_POINT('Ctrl Pts',(-16.6344251839082,132.798116441612,39.1538436983464));
#3645=CARTESIAN_POINT('Ctrl Pts',(-16.6829055080077,132.798116441629,38.8881312320135));
#3646=CARTESIAN_POINT('Ctrl Pts',(-16.724865431301,132.798116441643,38.6210597063356));
#3647=CARTESIAN_POINT('Origin',(9.80870536329383,120.197496906976,25.5765644933842));
#3648=CARTESIAN_POINT('Origin',(2.80924779053762E-6,120.197496910393,35.5749503522051));
#3649=CARTESIAN_POINT('Origin',(2.67314148422177E-6,132.797640841766,35.5749492728905));
#3650=CARTESIAN_POINT('',(-6.8571428730731,124.797969606753,16.7871991416009));
#3651=CARTESIAN_POINT('',(-6.85714287029052,132.797640844155,16.7871991415897));
#3652=CARTESIAN_POINT('Origin',(2.67038950043228E-6,124.797969606753,35.5749492728904));
#3653=CARTESIAN_POINT('Origin',(2.67035483479689E-6,124.797974996439,35.5749492728905));
#3654=CARTESIAN_POINT('Origin',(2.67035483438108E-6,124.797974996439,35.5749492728905));
#3655=CARTESIAN_POINT('',(6.85714181204635,132.797640839377,16.7871968040692));
#3656=CARTESIAN_POINT('Origin',(2.81642376016882E-6,140.797640841766,35.5749503522051));
#3657=CARTESIAN_POINT('',(-8.61582208857486,140.797640844767,19.9949969059269));
#3658=CARTESIAN_POINT('Ctrl Pts',(17.7977124772418,140.302054120618,35.5740107055295));
#3659=CARTESIAN_POINT('Ctrl Pts',(17.7997097342862,140.319017161072,34.3084897217779));
#3660=CARTESIAN_POINT('Ctrl Pts',(17.6684798498869,140.335980201572,33.0433847980258));
#3661=CARTESIAN_POINT('Ctrl Pts',(17.4010575517686,140.352943242119,31.8079411988252));
#3662=CARTESIAN_POINT('Ctrl Pts',(16.6070462624826,140.403308697019,28.1397498327953));
#3663=CARTESIAN_POINT('Ctrl Pts',(14.6123998660251,140.453674152337,24.7330445995771));
#3664=CARTESIAN_POINT('Ctrl Pts',(11.8029196732442,140.504039607938,22.2455294884921));
#3665=CARTESIAN_POINT('Ctrl Pts',(8.99343948046334,140.55440506354,19.758014377407));
#3666=CARTESIAN_POINT('Ctrl Pts',(5.36912549135909,140.604770519426,18.1896893884552));
#3667=CARTESIAN_POINT('Ctrl Pts',(1.63227538563314,140.655135975351,17.8455996729402));
#3668=CARTESIAN_POINT('Ctrl Pts',(-1.89209349635968,140.702637598528,17.5210752602225));
#3669=CARTESIAN_POINT('Ctrl Pts',(-5.51656450070388,140.750139221739,18.2855216846664));
#3670=CARTESIAN_POINT('Ctrl Pts',(-8.61582208857486,140.797640844767,19.9949969059269));
#3671=CARTESIAN_POINT('',(8.61352678013032,140.797640838766,19.9978131015399));
#3672=CARTESIAN_POINT('Origin',(2.81642376016882E-6,140.797640841766,35.5749503522051));
#3673=CARTESIAN_POINT('Ctrl Pts',(8.61352678013598,140.797640838749,19.9978131015292));
#3674=CARTESIAN_POINT('Ctrl Pts',(11.8998438044998,140.747275331679,21.8150128851824));
#3675=CARTESIAN_POINT('Ctrl Pts',(14.5885848260706,140.696909824817,24.702615608941));
#3676=CARTESIAN_POINT('Ctrl Pts',(16.1623273155674,140.646544318344,28.1080681042227));
#3677=CARTESIAN_POINT('Ctrl Pts',(17.2384208543999,140.612105395548,30.436648193679));
#3678=CARTESIAN_POINT('Ctrl Pts',(17.7931912535104,140.577666472934,33.0073515335513));
#3679=CARTESIAN_POINT('Ctrl Pts',(17.7979655653904,140.543227550511,35.5762006733299));
#3680=CARTESIAN_POINT('Origin',(0.013448392916866,145.517640447648,35.1124503520329));
#3681=CARTESIAN_POINT('',(-12.338959818794,145.517640451951,37.5749506137363));
#3682=CARTESIAN_POINT('',(-12.3389599142278,145.517640451951,33.5749506794509));
#3683=CARTESIAN_POINT('Origin',(2.81806795175911E-6,145.517640447653,35.5749503522051));
#3684=CARTESIAN_POINT('',(-16.4999972057911,145.517640453401,33.5749507060391));
#3685=CARTESIAN_POINT('',(-14.8660659334992,145.517640452832,33.5749506955986));
#3686=CARTESIAN_POINT('',(-16.499997158073,145.517640453401,37.5749506554656));
#3687=CARTESIAN_POINT('',(-16.4999971966203,145.517640453401,34.3437006261498));
#3688=CARTESIAN_POINT('',(14.8660716088451,145.517640442475,37.5749503409085));
#3689=CARTESIAN_POINT('Origin',(-17.2964992168239,140.797640847791,37.5749506634534));
#3690=CARTESIAN_POINT('',(-12.3389598204382,140.797640846064,37.5749506137363));
#3691=CARTESIAN_POINT('',(-12.3389598204382,140.797640846064,37.5749506137363));
#3692=CARTESIAN_POINT('',(-16.4999971597172,140.797640847514,37.5749506554656));
#3693=CARTESIAN_POINT('',(-16.4999971588951,143.157640650457,37.5749506554656));
#3694=CARTESIAN_POINT('',(-8.64824987564044,140.797640844779,37.5749505767237));
#3695=CARTESIAN_POINT('Origin',(0.013448392916866,145.517640447648,35.1124503520329));
#3696=CARTESIAN_POINT('',(12.3389655341165,145.517640443355,33.5749505792143));
#3697=CARTESIAN_POINT('',(12.500002818068,145.517640443299,35.5749502030861));
#3698=CARTESIAN_POINT('Origin',(2.81806795157578E-6,145.517640447653,35.5749503522051));
#3699=CARTESIAN_POINT('',(12.3389654605255,145.517640443355,37.5749505792144));
#3700=CARTESIAN_POINT('Origin',(2.81806795157578E-6,145.517640447653,35.5749503522051));
#3701=CARTESIAN_POINT('',(16.500002841927,145.517640441905,37.5749501868288));
#3702=CARTESIAN_POINT('',(16.8819458563671,145.517640441772,37.5749501508116));
#3703=CARTESIAN_POINT('',(16.5000027942089,145.517640441905,33.5749501868288));
#3704=CARTESIAN_POINT('',(16.5000028272388,145.517640441905,36.3437001686571));
#3705=CARTESIAN_POINT('',(14.8660715611324,145.517640442475,33.5749503409084));
#3706=CARTESIAN_POINT('Origin',(16.8819458069333,140.797640835885,33.5749501508116));
#3707=CARTESIAN_POINT('',(12.3389655324723,140.797640837468,33.5749505792143));
#3708=CARTESIAN_POINT('',(12.3389655324723,140.797640837468,33.5749505792143));
#3709=CARTESIAN_POINT('',(16.5000027925647,140.797640836018,33.5749501868288));
#3710=CARTESIAN_POINT('',(16.5000027933868,143.157640638962,33.5749501868288));
#3711=CARTESIAN_POINT('',(8.44097229730781,140.797640838826,33.5749509467948));
#3712=CARTESIAN_POINT('Origin',(16.500002841927,145.517640441905,37.574950181958));
#3713=CARTESIAN_POINT('',(16.5000028402828,140.797640836018,37.5749501868288));
#3714=CARTESIAN_POINT('',(16.5000028411049,143.157640638962,37.5749501868288));
#3715=CARTESIAN_POINT('',(16.5000028615637,140.797640836018,39.3588370541162));
#3716=CARTESIAN_POINT('Origin',(-16.4999972057911,145.517640453401,33.5749507032692));
#3717=CARTESIAN_POINT('',(-16.4999972074353,140.797640847514,33.574950706039));
#3718=CARTESIAN_POINT('',(-16.4999972066132,143.157640650457,33.574950706039));
#3719=CARTESIAN_POINT('',(-16.4999971622953,140.797640847514,37.3588375116089));
#3720=CARTESIAN_POINT('Origin',(-14.8660632012781,140.797640846945,33.5749506955985));
#3721=CARTESIAN_POINT('',(-12.338959915872,140.797640846064,33.5749506794509));
#3722=CARTESIAN_POINT('',(-12.338959915872,140.797640846064,33.5749506794509));
#3723=CARTESIAN_POINT('',(-7.43303187415598,140.797640844355,33.574950648103));
#3724=CARTESIAN_POINT('Origin',(14.8660738626457,140.797640836588,37.5749503409082));
#3725=CARTESIAN_POINT('',(12.3389654588813,140.797640837468,37.5749505792144));
#3726=CARTESIAN_POINT('',(12.3389654588813,140.797640837468,37.5749505792144));
#3727=CARTESIAN_POINT('',(7.43303651376384,140.797640839177,37.5749510418432));
#3728=CARTESIAN_POINT('Origin',(-4.98677313239492E-7,140.797640841766,41.1427241231115));
#3729=CARTESIAN_POINT('',(-10.9745966154071,140.797640845589,48.5579456657243));
#3730=CARTESIAN_POINT('Ctrl Pts',(-8.61582208857487,140.797640844767,19.9949969059269));
#3731=CARTESIAN_POINT('Ctrl Pts',(-8.80034627184211,140.797640844831,20.1024441846582));
#3732=CARTESIAN_POINT('Ctrl Pts',(-8.98271976988796,140.797640844894,20.2131936799797));
#3733=CARTESIAN_POINT('Ctrl Pts',(-9.16284538387267,140.797640844957,20.3272160942983));
#3734=CARTESIAN_POINT('Ctrl Pts',(-9.48078226081563,140.797640845067,20.5284752573234));
#3735=CARTESIAN_POINT('Ctrl Pts',(-9.79171734875505,140.797640845174,20.7399285633781));
#3736=CARTESIAN_POINT('Ctrl Pts',(-10.0953460927359,140.797640845278,20.9610427031429));
#3737=CARTESIAN_POINT('Ctrl Pts',(-10.4028287070328,140.797640845384,21.1849633796291));
#3738=CARTESIAN_POINT('Ctrl Pts',(-10.7028187240409,140.797640845488,21.4187920436032));
#3739=CARTESIAN_POINT('Ctrl Pts',(-10.9949715226168,140.797640845588,21.6620199095977));
#3740=CARTESIAN_POINT('Ctrl Pts',(-11.2895664779184,140.797640845689,21.907280960185));
#3741=CARTESIAN_POINT('Ctrl Pts',(-11.5761930480287,140.797640845788,22.1620994120924));
#3742=CARTESIAN_POINT('Ctrl Pts',(-11.8544632073051,140.797640845884,22.4259933852334));
#3743=CARTESIAN_POINT('Ctrl Pts',(-12.1320659795834,140.79764084598,22.6892544503868));
#3744=CARTESIAN_POINT('Ctrl Pts',(-12.4013527249051,140.797640846073,22.9615480221582));
#3745=CARTESIAN_POINT('Ctrl Pts',(-12.6618982449293,140.797640846163,23.2424284626766));
#3746=CARTESIAN_POINT('Ctrl Pts',(-12.8492338943103,140.797640846227,23.4443851868531));
#3747=CARTESIAN_POINT('Ctrl Pts',(-13.0320496922755,140.797640846291,23.6507818490736));
#3748=CARTESIAN_POINT('Ctrl Pts',(-13.2101732245367,140.797640846353,23.8614612898968));
#3749=CARTESIAN_POINT('Ctrl Pts',(-13.3660313152652,140.797640846407,24.0458058006172));
#3750=CARTESIAN_POINT('Ctrl Pts',(-13.518296738823,140.79764084646,24.233429453161));
#3751=CARTESIAN_POINT('Ctrl Pts',(-13.6668457148833,140.797640846512,24.4242305523386));
#3752=CARTESIAN_POINT('Ctrl Pts',(-13.6942132408567,140.797640846521,24.4593822859688));
#3753=CARTESIAN_POINT('Ctrl Pts',(-13.7214562681614,140.797640846531,24.4946441118958));
#3754=CARTESIAN_POINT('Ctrl Pts',(-13.7485593795219,140.79764084654,24.5299961506298));
#3755=CARTESIAN_POINT('Ctrl Pts',(-13.9806045737752,140.797640846621,24.8326651167931));
#3756=CARTESIAN_POINT('Ctrl Pts',(-14.2026224201142,140.797640846698,25.1422306288531));
#3757=CARTESIAN_POINT('Ctrl Pts',(-14.4142774865866,140.797640846771,25.4581902402622));
#3758=CARTESIAN_POINT('Ctrl Pts',(-14.6263481867078,140.797640846845,25.7747703114049));
#3759=CARTESIAN_POINT('Ctrl Pts',(-14.8280157258562,140.797640846915,26.0977700737242));
#3760=CARTESIAN_POINT('Ctrl Pts',(-15.0189031820269,140.79764084698,26.4267179882808));
#3761=CARTESIAN_POINT('Ctrl Pts',(-15.2089367896621,140.797640847046,26.7541945034024));
#3762=CARTESIAN_POINT('Ctrl Pts',(-15.3882868496345,140.797640847108,27.0875665466855));
#3763=CARTESIAN_POINT('Ctrl Pts',(-15.5565374142348,140.797640847166,27.4263954526917));
#3764=CARTESIAN_POINT('Ctrl Pts',(-15.7226565387746,140.797640847223,27.7609319897204));
#3765=CARTESIAN_POINT('Ctrl Pts',(-15.8779558412402,140.797640847277,28.1007884690403));
#3766=CARTESIAN_POINT('Ctrl Pts',(-16.0219880035905,140.797640847326,28.4455617014435));
#3767=CARTESIAN_POINT('Ctrl Pts',(-16.0712474610161,140.797640847343,28.5634752430158));
#3768=CARTESIAN_POINT('Ctrl Pts',(-16.1191886198779,140.79764084736,28.6819640126521));
#3769=CARTESIAN_POINT('Ctrl Pts',(-16.1657922264232,140.797640847376,28.8010122551667));
#3770=CARTESIAN_POINT('Ctrl Pts',(-16.304458444591,140.797640847424,29.1552331147253));
#3771=CARTESIAN_POINT('Ctrl Pts',(-16.4312867819026,140.797640847468,29.5144067852702));
#3772=CARTESIAN_POINT('Ctrl Pts',(-16.5462065331334,140.797640847508,29.8779202811227));
#3773=CARTESIAN_POINT('Ctrl Pts',(-16.6082338455253,140.797640847529,30.0741247187793));
#3774=CARTESIAN_POINT('Ctrl Pts',(-16.6667910065724,140.79764084755,30.2715935542698));
#3775=CARTESIAN_POINT('Ctrl Pts',(-16.7218605849166,140.797640847569,30.4702305623965));
#3776=CARTESIAN_POINT('Ctrl Pts',(-16.7352124773222,140.797640847574,30.5183910902234));
#3777=CARTESIAN_POINT('Ctrl Pts',(-16.7483606585377,140.797640847578,30.5666254028778));
#3778=CARTESIAN_POINT('Ctrl Pts',(-16.7612968720682,140.797640847583,30.6149018738328));
#3779=CARTESIAN_POINT('Ctrl Pts',(-16.859720695794,140.797640847617,30.9822083392198));
#3780=CARTESIAN_POINT('Ctrl Pts',(-16.9459606058665,140.797640847647,31.3522397778532));
#3781=CARTESIAN_POINT('Ctrl Pts',(-17.0200925588019,140.797640847672,31.7243511669632));
#3782=CARTESIAN_POINT('Ctrl Pts',(-17.0939324131336,140.797640847697,32.0949963432883));
#3783=CARTESIAN_POINT('Ctrl Pts',(-17.1557595079257,140.797640847718,32.4677057197853));
#3784=CARTESIAN_POINT('Ctrl Pts',(-17.2055975874542,140.797640847735,32.8418589234137));
#3785=CARTESIAN_POINT('Ctrl Pts',(-17.2555849630975,140.797640847751,33.217132949115));
#3786=CARTESIAN_POINT('Ctrl Pts',(-17.2935114239722,140.797640847764,33.593860052409));
#3787=CARTESIAN_POINT('Ctrl Pts',(-17.3193490673446,140.797640847772,33.9714225204262));
#3788=CARTESIAN_POINT('Ctrl Pts',(-17.3451103728026,140.79764084778,34.3478694714064));
#3789=CARTESIAN_POINT('Ctrl Pts',(-17.358854183245,140.797640847784,34.7251474415593));
#3790=CARTESIAN_POINT('Ctrl Pts',(-17.3605012033269,140.797640847784,35.1026435900532));
#3791=CARTESIAN_POINT('Ctrl Pts',(-17.3621583250825,140.797640847784,35.4824550369134));
#3792=CARTESIAN_POINT('Ctrl Pts',(-17.3515698982379,140.79764084778,35.8624879501142));
#3793=CARTESIAN_POINT('Ctrl Pts',(-17.328602105348,140.797640847771,36.2421086186498));
#3794=CARTESIAN_POINT('Ctrl Pts',(-17.3113762606805,140.797640847765,36.5268241200515));
#3795=CARTESIAN_POINT('Ctrl Pts',(-17.2871859360192,140.797640847756,36.8113075945532));
#3796=CARTESIAN_POINT('Ctrl Pts',(-17.2559548599771,140.797640847746,37.0952850966938));
#3797=CARTESIAN_POINT('Ctrl Pts',(-17.2511541367932,140.797640847744,37.1389370469631));
#3798=CARTESIAN_POINT('Ctrl Pts',(-17.2461870171142,140.797640847742,37.1825770280507));
#3799=CARTESIAN_POINT('Ctrl Pts',(-17.2410531880684,140.79764084774,37.2262040292872));
#3800=CARTESIAN_POINT('Ctrl Pts',(-17.2369099106764,140.797640847739,37.2614133762085));
#3801=CARTESIAN_POINT('Ctrl Pts',(-17.2326580613029,140.797640847737,37.2966139249778));
#3802=CARTESIAN_POINT('Ctrl Pts',(-17.2282992544327,140.797640847736,37.3317914883239));
#3803=CARTESIAN_POINT('Ctrl Pts',(-17.1804759523595,140.797640847719,37.7177473905251));
#3804=CARTESIAN_POINT('Ctrl Pts',(-17.1197335267166,140.797640847697,38.1013577363016));
#3805=CARTESIAN_POINT('Ctrl Pts',(-17.0460706702549,140.797640847671,38.4819646590952));
#3806=CARTESIAN_POINT('Ctrl Pts',(-16.9724078137931,140.797640847645,38.8625715818888));
#3807=CARTESIAN_POINT('Ctrl Pts',(-16.8858245280133,140.797640847613,39.240175763828));
#3808=CARTESIAN_POINT('Ctrl Pts',(-16.7862601085989,140.797640847578,39.6141143912727));
#3809=CARTESIAN_POINT('Ctrl Pts',(-16.6905859788449,140.797640847544,39.9734420805473));
#3810=CARTESIAN_POINT('Ctrl Pts',(-16.5829249133431,140.797640847505,40.3293855499028));
#3811=CARTESIAN_POINT('Ctrl Pts',(-16.4636480223769,140.797640847463,40.6814708645123));
#3812=CARTESIAN_POINT('Ctrl Pts',(-16.3433283606396,140.79764084742,41.036634262999));
#3813=CARTESIAN_POINT('Ctrl Pts',(-16.2111886267946,140.797640847373,41.3878722611216));
#3814=CARTESIAN_POINT('Ctrl Pts',(-16.0675612239166,140.797640847322,41.7346775638768));
#3815=CARTESIAN_POINT('Ctrl Pts',(-15.9242296668781,140.797640847271,42.0807685119623));
#3816=CARTESIAN_POINT('Ctrl Pts',(-15.7694573806009,140.797640847217,42.4224454823669));
#3817=CARTESIAN_POINT('Ctrl Pts',(-15.6035311962637,140.797640847159,42.7591763257762));
#3818=CARTESIAN_POINT('Ctrl Pts',(-15.4879200814071,140.797640847118,42.9937976929141));
#3819=CARTESIAN_POINT('Ctrl Pts',(-15.3668930890764,140.797640847076,43.2260172506435));
#3820=CARTESIAN_POINT('Ctrl Pts',(-15.2405360110199,140.797640847031,43.4556450660733));
#3821=CARTESIAN_POINT('Ctrl Pts',(-15.216441200928,140.797640847023,43.499432392353));
#3822=CARTESIAN_POINT('Ctrl Pts',(-15.1921525528872,140.797640847014,43.5431254513525));
#3823=CARTESIAN_POINT('Ctrl Pts',(-15.1676706265154,140.797640847006,43.5867228880164));
#3824=CARTESIAN_POINT('Ctrl Pts',(-15.1489525677878,140.797640846999,43.6200560239576));
#3825=CARTESIAN_POINT('Ctrl Pts',(-15.1301256944418,140.797640846993,43.6533258214407));
#3826=CARTESIAN_POINT('Ctrl Pts',(-15.1111923403189,140.797640846986,43.6865283996989));
#3827=CARTESIAN_POINT('Ctrl Pts',(-14.9263598813255,140.797640846922,44.0106608352173));
#3828=CARTESIAN_POINT('Ctrl Pts',(-14.7313251234813,140.797640846853,44.3284930281443));
#3829=CARTESIAN_POINT('Ctrl Pts',(-14.5264634103471,140.797640846781,44.6395553698393));
#3830=CARTESIAN_POINT('Ctrl Pts',(-14.3209906520326,140.797640846709,44.9515455234802));
#3831=CARTESIAN_POINT('Ctrl Pts',(-14.1056319111443,140.797640846633,45.256725865764));
#3832=CARTESIAN_POINT('Ctrl Pts',(-13.8807207194858,140.797640846554,45.5545964688867));
#3833=CARTESIAN_POINT('Ctrl Pts',(-13.6567416717421,140.797640846476,45.851232547982));
#3834=CARTESIAN_POINT('Ctrl Pts',(-13.4232888350554,140.797640846394,46.1406197989785));
#3835=CARTESIAN_POINT('Ctrl Pts',(-13.1806519801361,140.797640846308,46.422231712408));
#3836=CARTESIAN_POINT('Ctrl Pts',(-12.9413515860323,140.797640846225,46.6999712251892));
#3837=CARTESIAN_POINT('Ctrl Pts',(-12.6931176336759,140.797640846138,46.9701481257231));
#3838=CARTESIAN_POINT('Ctrl Pts',(-12.4361949985046,140.797640846048,47.2322194979473));
#3839=CARTESIAN_POINT('Ctrl Pts',(-12.2549548837719,140.797640845984,47.4170916698303));
#3840=CARTESIAN_POINT('Ctrl Pts',(-12.0693903551863,140.79764084592,47.5979295404707));
#3841=CARTESIAN_POINT('Ctrl Pts',(-11.8795787419931,140.797640845853,47.7745294607639));
#3842=CARTESIAN_POINT('Ctrl Pts',(-11.6079855316927,140.797640845759,48.0272186323289));
#3843=CARTESIAN_POINT('Ctrl Pts',(-11.3283929128789,140.797640845688,48.2705866633944));
#3844=CARTESIAN_POINT('Ctrl Pts',(-11.0411196775861,140.797640845606,48.5041467725921));
#3845=CARTESIAN_POINT('Ctrl Pts',(-11.0189908710923,140.797640845599,48.5221380290899));
#3846=CARTESIAN_POINT('Ctrl Pts',(-10.9968164715149,140.797640845593,48.5400710706499));
#3847=CARTESIAN_POINT('Ctrl Pts',(-10.9745966154059,140.797640845586,48.5579456657195));
#3848=CARTESIAN_POINT('',(10.9746025580151,140.797640837943,48.5579454038821));
#3849=CARTESIAN_POINT('Origin',(2.81642376016882E-6,140.797640841766,35.5749503522051));
#3850=CARTESIAN_POINT('Ctrl Pts',(10.97728287314,140.797640838042,48.5601537375309));
#3851=CARTESIAN_POINT('Ctrl Pts',(11.1363701741237,140.797640837981,48.4324599710705));
#3852=CARTESIAN_POINT('Ctrl Pts',(11.2930426740134,140.79764083792,48.3018823795393));
#3853=CARTESIAN_POINT('Ctrl Pts',(11.4472064871189,140.79764083786,48.1684590806807));
#3854=CARTESIAN_POINT('Ctrl Pts',(11.7249350928455,140.797640837751,47.9280948472267));
#3855=CARTESIAN_POINT('Ctrl Pts',(11.99452386156,140.797640837644,47.6784973512785));
#3856=CARTESIAN_POINT('Ctrl Pts',(12.2557275667518,140.797640837539,47.420214871032));
#3857=CARTESIAN_POINT('Ctrl Pts',(12.5191797309078,140.797640837434,47.159709077921));
#3858=CARTESIAN_POINT('Ctrl Pts',(12.7741022090247,140.797640837332,46.8903677173052));
#3859=CARTESIAN_POINT('Ctrl Pts',(13.0202073242887,140.797640837236,46.6127147537338));
#3860=CARTESIAN_POINT('Ctrl Pts',(13.2587238163546,140.797640837142,46.3436231876696));
#3861=CARTESIAN_POINT('Ctrl Pts',(13.4889584186813,140.797640837053,46.0667241125895));
#3862=CARTESIAN_POINT('Ctrl Pts',(13.7106126168752,140.797640836971,45.782466108746));
#3863=CARTESIAN_POINT('Ctrl Pts',(13.807586328585,140.797640836935,45.6581032320644));
#3864=CARTESIAN_POINT('Ctrl Pts',(13.902917207178,140.797640836901,45.5323314872771));
#3865=CARTESIAN_POINT('Ctrl Pts',(13.9965778745768,140.797640836868,45.405187066106));
#3866=CARTESIAN_POINT('Ctrl Pts',(14.0225934273696,140.797640836858,45.3698709350857));
#3867=CARTESIAN_POINT('Ctrl Pts',(14.0484801097367,140.797640836849,45.3344488938497));
#3868=CARTESIAN_POINT('Ctrl Pts',(14.0742373140315,140.79764083684,45.2989217081322));
#3869=CARTESIAN_POINT('Ctrl Pts',(14.095141369564,140.797640836833,45.2700885220981));
#3870=CARTESIAN_POINT('Ctrl Pts',(14.1159540522588,140.797640836826,45.2411944790163));
#3871=CARTESIAN_POINT('Ctrl Pts',(14.1366747907875,140.797640836818,45.2122406609179));
#3872=CARTESIAN_POINT('Ctrl Pts',(14.3531949819186,140.797640836743,44.9096893681658));
#3873=CARTESIAN_POINT('Ctrl Pts',(14.559693574471,140.797640836671,44.6005937238402));
#3874=CARTESIAN_POINT('Ctrl Pts',(14.7559555471661,140.797640836602,44.2855375767498));
#3875=CARTESIAN_POINT('Ctrl Pts',(14.9539232619185,140.797640836532,43.9677432297263));
#3876=CARTESIAN_POINT('Ctrl Pts',(15.1414759946185,140.797640836466,43.6438838827821));
#3877=CARTESIAN_POINT('Ctrl Pts',(15.3183566878598,140.797640836404,43.3145200110114));
#3878=CARTESIAN_POINT('Ctrl Pts',(15.5000923025313,140.797640836339,42.9761159455935));
#3879=CARTESIAN_POINT('Ctrl Pts',(15.6705625334596,140.797640836279,42.6319006481305));
#3880=CARTESIAN_POINT('Ctrl Pts',(15.8294433978777,140.797640836223,42.2824475131032));
#3881=CARTESIAN_POINT('Ctrl Pts',(15.9836627835795,140.797640836168,41.9432471442427));
#3882=CARTESIAN_POINT('Ctrl Pts',(16.1269629691932,140.797640836117,41.5991111521899));
#3883=CARTESIAN_POINT('Ctrl Pts',(16.2590017115953,140.79764083607,41.25053990245));
#3884=CARTESIAN_POINT('Ctrl Pts',(16.3898794980881,140.797640836023,40.9050334793271));
#3885=CARTESIAN_POINT('Ctrl Pts',(16.5096932415976,140.797640835981,40.5551689570994));
#3886=CARTESIAN_POINT('Ctrl Pts',(16.6180611729139,140.797640835942,40.201417754022));
#3887=CARTESIAN_POINT('Ctrl Pts',(16.6781633435397,140.797640835921,40.0052230411747));
#3888=CARTESIAN_POINT('Ctrl Pts',(16.7347439611349,140.797640835901,39.8078325659746));
#3889=CARTESIAN_POINT('Ctrl Pts',(16.7877309624649,140.797640835882,39.6093254585801));
#3890=CARTESIAN_POINT('Ctrl Pts',(16.8046981672213,140.797640835876,39.5457606096132));
#3891=CARTESIAN_POINT('Ctrl Pts',(16.8212968527954,140.797640835871,39.4820812593159));
#3892=CARTESIAN_POINT('Ctrl Pts',(16.8375245401867,140.797640835865,39.4182899941298));
#3893=CARTESIAN_POINT('Ctrl Pts',(16.8480225431999,140.797640835861,39.377022198048));
#3894=CARTESIAN_POINT('Ctrl Pts',(16.8583652806845,140.797640835858,39.3357075649869));
#3895=CARTESIAN_POINT('Ctrl Pts',(16.8685520689778,140.797640835854,39.2943467943547));
#3896=CARTESIAN_POINT('Ctrl Pts',(16.8770078164937,140.797640835851,39.2600144588371));
#3897=CARTESIAN_POINT('Ctrl Pts',(16.8853559952019,140.797640835848,39.2256506879368));
#3898=CARTESIAN_POINT('Ctrl Pts',(16.8935931033039,140.797640835845,39.1912692480201));
#3899=CARTESIAN_POINT('Ctrl Pts',(16.90799684472,140.79764083584,39.1311484672877));
#3900=CARTESIAN_POINT('Ctrl Pts',(16.9220635522266,140.797640835835,39.0709632307397));
#3901=CARTESIAN_POINT('Ctrl Pts',(16.9357921168163,140.797640835831,39.0107159590188));
#3902=CARTESIAN_POINT('Ctrl Pts',(17.017068522179,140.797640835802,38.6540376153789));
#3903=CARTESIAN_POINT('Ctrl Pts',(17.0864971396141,140.797640835778,38.2951868892593));
#3904=CARTESIAN_POINT('Ctrl Pts',(17.1442806009535,140.797640835757,37.9347497288253));
#3905=CARTESIAN_POINT('Ctrl Pts',(17.2029725506971,140.797640835736,37.5686456704045));
#3906=CARTESIAN_POINT('Ctrl Pts',(17.249650366085,140.797640835719,37.2009044286323));
#3907=CARTESIAN_POINT('Ctrl Pts',(17.2844766932472,140.797640835706,36.8321199081747));
#3908=CARTESIAN_POINT('Ctrl Pts',(17.3198505454888,140.797640835693,36.4575375103555));
#3909=CARTESIAN_POINT('Ctrl Pts',(17.3429974200283,140.797640835684,36.0818782428884));
#3910=CARTESIAN_POINT('Ctrl Pts',(17.3540356204259,140.797640835679,35.705751515596));
#3911=CARTESIAN_POINT('Ctrl Pts',(17.3651053468747,140.797640835675,35.3285505379743));
#3912=CARTESIAN_POINT('Ctrl Pts',(17.3639971194697,140.797640835674,34.9508788471131));
#3913=CARTESIAN_POINT('Ctrl Pts',(17.3507778381195,140.797640835678,34.5733465944838));
#3914=CARTESIAN_POINT('Ctrl Pts',(17.3375988589139,140.797640835682,34.1969653393247));
#3915=CARTESIAN_POINT('Ctrl Pts',(17.312382503799,140.79764083569,33.8207220935727));
#3916=CARTESIAN_POINT('Ctrl Pts',(17.2751436407123,140.797640835702,33.4452256710721));
#3917=CARTESIAN_POINT('Ctrl Pts',(17.2528179153473,140.79764083571,33.2201052106344));
#3918=CARTESIAN_POINT('Ctrl Pts',(17.226169917505,140.797640835719,32.9952533041502));
#3919=CARTESIAN_POINT('Ctrl Pts',(17.1951940627087,140.79764083573,32.7708031986929));
#3920=CARTESIAN_POINT('Ctrl Pts',(17.1878764179767,140.797640835732,32.7177797666493));
#3921=CARTESIAN_POINT('Ctrl Pts',(17.1803172155906,140.797640835735,32.6647787673701));
#3922=CARTESIAN_POINT('Ctrl Pts',(17.1725163284273,140.797640835738,32.6118019755359));
#3923=CARTESIAN_POINT('Ctrl Pts',(17.1660535695888,140.79764083574,32.567912579049));
#3924=CARTESIAN_POINT('Ctrl Pts',(17.1594244533782,140.797640835742,32.5240369841046));
#3925=CARTESIAN_POINT('Ctrl Pts',(17.1526327351778,140.797640835744,32.4802002052671));
#3926=CARTESIAN_POINT('Ctrl Pts',(17.0943283342248,140.797640835765,32.1038775937558));
#3927=CARTESIAN_POINT('Ctrl Pts',(17.0239934820913,140.797640835789,31.7300533890826));
#3928=CARTESIAN_POINT('Ctrl Pts',(16.9417800042662,140.797640835818,31.3593389015622));
#3929=CARTESIAN_POINT('Ctrl Pts',(16.8593619915586,140.797640835846,30.9877021316355));
#3930=CARTESIAN_POINT('Ctrl Pts',(16.7650061375753,140.797640835878,30.6191899825344));
#3931=CARTESIAN_POINT('Ctrl Pts',(16.6588128993904,140.797640835915,30.2544161508051));
#3932=CARTESIAN_POINT('Ctrl Pts',(16.5531939924062,140.797640835951,29.891615147067));
#3933=CARTESIAN_POINT('Ctrl Pts',(16.4358653009523,140.797640835991,29.532511560342));
#3934=CARTESIAN_POINT('Ctrl Pts',(16.3068748877873,140.797640836035,29.1777157088086));
#3935=CARTESIAN_POINT('Ctrl Pts',(16.1891883603129,140.797640836076,28.8540118714089));
#3936=CARTESIAN_POINT('Ctrl Pts',(16.0617938582672,140.79764083612,28.5338936003388));
#3937=CARTESIAN_POINT('Ctrl Pts',(15.9246915928079,140.797640836167,28.2178352531483));
#3938=CARTESIAN_POINT('Ctrl Pts',(15.7742402154566,140.797640836218,27.8710035396175));
#3939=CARTESIAN_POINT('Ctrl Pts',(15.6120990157966,140.797640836274,27.5290601334482));
#3940=CARTESIAN_POINT('Ctrl Pts',(15.4386728313296,140.797640836334,27.1924317465253));
#3941=CARTESIAN_POINT('Ctrl Pts',(15.3428999669477,140.797640836367,27.0065321088959));
#3942=CARTESIAN_POINT('Ctrl Pts',(15.2436847125874,140.797640836402,26.8222538209202));
#3943=CARTESIAN_POINT('Ctrl Pts',(15.1410895503713,140.797640836437,26.639672419548));
#3944=CARTESIAN_POINT('Ctrl Pts',(15.0929980680825,140.797640836454,26.5540873876548));
#3945=CARTESIAN_POINT('Ctrl Pts',(15.0441638749359,140.797640836471,26.4688752474157));
#3946=CARTESIAN_POINT('Ctrl Pts',(14.9945931217649,140.797640836488,26.3840440043111));
#3947=CARTESIAN_POINT('Ctrl Pts',(14.9671253710048,140.797640836498,26.3370379918297));
#3948=CARTESIAN_POINT('Ctrl Pts',(14.9394314635993,140.797640836508,26.2901489327015));
#3949=CARTESIAN_POINT('Ctrl Pts',(14.9115124229701,140.797640836517,26.2433782091971));
#3950=CARTESIAN_POINT('Ctrl Pts',(14.8866027660187,140.797640836526,26.20164888571));
#3951=CARTESIAN_POINT('Ctrl Pts',(14.8615114608839,140.797640836535,26.160009845206));
#3952=CARTESIAN_POINT('Ctrl Pts',(14.8362546164474,140.797640836544,26.1184871365432));
#3953=CARTESIAN_POINT('Ctrl Pts',(14.6400498644264,140.797640836612,25.795922978659));
#3954=CARTESIAN_POINT('Ctrl Pts',(14.4337015053193,140.797640836684,25.4801088537154));
#3955=CARTESIAN_POINT('Ctrl Pts',(14.2177180589847,140.797640836759,25.171409408899));
#3956=CARTESIAN_POINT('Ctrl Pts',(13.9994450398245,140.797640836835,24.8594375380141));
#3957=CARTESIAN_POINT('Ctrl Pts',(13.771331289348,140.797640836914,24.5547315428873));
#3958=CARTESIAN_POINT('Ctrl Pts',(13.5338510771386,140.797640836996,24.2576866562366));
#3959=CARTESIAN_POINT('Ctrl Pts',(13.2949900419033,140.797640837079,23.958914609182));
#3960=CARTESIAN_POINT('Ctrl Pts',(13.0466529734274,140.797640837165,23.6678925659868));
#3961=CARTESIAN_POINT('Ctrl Pts',(12.7892762750443,140.797640837254,23.3850484592387));
#3962=CARTESIAN_POINT('Ctrl Pts',(12.5318401445637,140.797640837343,23.1021390395906));
#3963=CARTESIAN_POINT('Ctrl Pts',(12.2653598364136,140.797640837435,22.8274108931184));
#3964=CARTESIAN_POINT('Ctrl Pts',(11.9902313472694,140.79764083753,22.5613246422466));
#3965=CARTESIAN_POINT('Ctrl Pts',(11.7179956397434,140.797640837625,22.298036100248));
#3966=CARTESIAN_POINT('Ctrl Pts',(11.437292237468,140.797640837722,22.0432083168315));
#3967=CARTESIAN_POINT('Ctrl Pts',(11.1484709017106,140.797640837822,21.7973251514166));
#3968=CARTESIAN_POINT('Ctrl Pts',(10.9511729676304,140.797640837891,21.6293588880025));
#3969=CARTESIAN_POINT('Ctrl Pts',(10.750086144035,140.79764083796,21.4655673614227));
#3970=CARTESIAN_POINT('Ctrl Pts',(10.5453141656438,140.797640838032,21.3061164212988));
#3971=CARTESIAN_POINT('Ctrl Pts',(10.4755552021715,140.797640838056,21.251796819588));
#3972=CARTESIAN_POINT('Ctrl Pts',(10.4053685134741,140.79764083808,21.197981045125));
#3973=CARTESIAN_POINT('Ctrl Pts',(10.3347580533237,140.797640838105,21.1446759290695));
#3974=CARTESIAN_POINT('Ctrl Pts',(10.2975225934946,140.797640838118,21.1165662056187));
#3975=CARTESIAN_POINT('Ctrl Pts',(10.2601678922596,140.797640838131,21.088597506922));
#3976=CARTESIAN_POINT('Ctrl Pts',(10.2227117814142,140.797640838144,21.0607835072657));
#3977=CARTESIAN_POINT('Ctrl Pts',(9.91346472356406,140.797640838254,20.8311441409082));
#3978=CARTESIAN_POINT('Ctrl Pts',(9.59704805358622,140.79764083838,20.611849126342));
#3979=CARTESIAN_POINT('Ctrl Pts',(9.27388718315205,140.797640838509,20.4033360202029));
#3980=CARTESIAN_POINT('Ctrl Pts',(9.05677205670441,140.797640838595,20.2632468152675));
#3981=CARTESIAN_POINT('Ctrl Pts',(8.83661190152706,140.797640838684,20.1280250303225));
#3982=CARTESIAN_POINT('Ctrl Pts',(8.61352678011808,140.797640838769,19.9978131015605));
#3983=CARTESIAN_POINT('Origin',(2.81642376016882E-6,140.797640841766,35.5749503522051));
#3984=CARTESIAN_POINT('Origin',(2.81642376016882E-6,140.797640841766,35.5749503522051));
#3985=CARTESIAN_POINT('Ctrl Pts',(8.22635545642592,141.259521428613,20.69788336173));
#3986=CARTESIAN_POINT('Ctrl Pts',(11.3649782814426,141.209155921595,22.4334014029351));
#3987=CARTESIAN_POINT('Ctrl Pts',(16.500793034184,141.108424907955,27.9490309502132));
#3988=CARTESIAN_POINT('Ctrl Pts',(17.8152070377058,140.957328389722,39.189949053551));
#3989=CARTESIAN_POINT('Ctrl Pts',(12.2263698187954,140.806231873893,49.0253292492281));
#3990=CARTESIAN_POINT('Ctrl Pts',(1.90249147749211,140.655135359714,53.6534034103837));
#3991=CARTESIAN_POINT('Ctrl Pts',(-9.15961013388167,140.504038845792,51.2753883252998));
#3992=CARTESIAN_POINT('Ctrl Pts',(-16.6715495514913,140.352942330633,42.8193161203175));
#3993=CARTESIAN_POINT('Ctrl Pts',(-17.7287896630909,140.201845813226,31.5494816308752));
#3994=CARTESIAN_POINT('Ctrl Pts',(-12.5569524293669,140.067537795624,22.9319874926401));
#3995=CARTESIAN_POINT('Ctrl Pts',(-5.05263916054739,139.950018279185,18.8103615191617));
#3996=CARTESIAN_POINT('Ctrl Pts',(2.25330930153167,139.849287264789,18.2068080567618));
#3997=CARTESIAN_POINT('Ctrl Pts',(9.16972772292706,139.74855625053,20.6548708131241));
#3998=CARTESIAN_POINT('Ctrl Pts',(14.4753848528181,139.647825236831,25.7182043080817));
#3999=CARTESIAN_POINT('Ctrl Pts',(17.2422373168541,139.547094224017,32.5101755067892));
#4000=CARTESIAN_POINT('Ctrl Pts',(16.9863209912127,139.446363212256,39.8425070998944));
#4001=CARTESIAN_POINT('Ctrl Pts',(13.7472189079486,139.345632201534,46.4201949945922));
#4002=CARTESIAN_POINT('Ctrl Pts',(7.47521500064103,139.233708857218,51.6283545534048));
#4003=CARTESIAN_POINT('Ctrl Pts',(-1.46264813038525,139.110593179181,53.4398121620709));
#4004=CARTESIAN_POINT('Ctrl Pts',(-10.765983048763,138.976285166622,49.9033222226401));
#4005=CARTESIAN_POINT('Ctrl Pts',(-16.7485216728049,138.841977152905,41.9539901632432));
#4006=CARTESIAN_POINT('Ctrl Pts',(-17.5726388777489,138.707669137392,32.0368102066309));
#4007=CARTESIAN_POINT('Ctrl Pts',(-12.9732802415988,138.573361119989,23.21004548853));
#4008=CARTESIAN_POINT('Ctrl Pts',(-5.09878362347692,138.450245436096,18.6160844760748));
#4009=CARTESIAN_POINT('Ctrl Pts',(3.05278341360665,138.338322086756,18.3313024655368));
#4010=CARTESIAN_POINT('Ctrl Pts',(9.08510281827673,138.248783407454,20.7863970727054));
#4011=CARTESIAN_POINT('Ctrl Pts',(14.4547775774705,138.148052393733,25.6573021107044));
#4012=CARTESIAN_POINT('Ctrl Pts',(17.4396233509248,138.047321380843,32.4881088908795));
#4013=CARTESIAN_POINT('Ctrl Pts',(16.7681061118029,137.935398034577,40.6183529107509));
#4014=CARTESIAN_POINT('Ctrl Pts',(13.2375078323388,137.834667023956,47.0415611355439));
#4015=CARTESIAN_POINT('Ctrl Pts',(7.3779701844376,137.733936014147,51.4578042609172));
#4016=CARTESIAN_POINT('Ctrl Pts',(0.22758284557493,137.633205004788,53.0859648211587));
#4017=CARTESIAN_POINT('Ctrl Pts',(-6.96428934605458,137.532473995442,51.6435757533318));
#4018=CARTESIAN_POINT('Ctrl Pts',(-12.9338065253295,137.431742985672,47.382027647885));
#4019=CARTESIAN_POINT('Ctrl Pts',(-16.6350172623118,137.331011975111,41.049903925968));
#4020=CARTESIAN_POINT('Ctrl Pts',(-17.4180002520517,137.230280963533,33.7567625421994));
#4021=CARTESIAN_POINT('Ctrl Pts',(-15.1457007336969,137.129549950891,26.7839310161604));
#4022=CARTESIAN_POINT('Ctrl Pts',(-10.2173608552396,137.028818937324,21.3499567857269));
#4023=CARTESIAN_POINT('Ctrl Pts',(-3.49666720919235,136.928087923133,18.4174329047448));
#4024=CARTESIAN_POINT('Ctrl Pts',(4.65529725349272,136.816164573793,18.4892299520947));
#4025=CARTESIAN_POINT('Ctrl Pts',(12.6506253248338,136.693048889857,22.8763235104087));
#4026=CARTESIAN_POINT('Ctrl Pts',(17.4720196530001,136.558740872377,31.5831873146465));
#4027=CARTESIAN_POINT('Ctrl Pts',(16.9089441925801,136.424432856773,41.5163056670953));
#4028=CARTESIAN_POINT('Ctrl Pts',(11.1352163123601,136.290124842984,49.6217700105955));
#4029=CARTESIAN_POINT('Ctrl Pts',(1.92522457630088,136.155816830391,53.3933694173761));
#4030=CARTESIAN_POINT('Ctrl Pts',(-7.05610199792553,136.03270115237,51.8176192198097));
#4031=CARTESIAN_POINT('Ctrl Pts',(-13.4612568848535,135.9207778081,46.7730401403729));
#4032=CARTESIAN_POINT('Ctrl Pts',(-16.8699278546362,135.820046797437,40.2813574610476));
#4033=CARTESIAN_POINT('Ctrl Pts',(-17.3156169764111,135.719315785742,32.9587535493757));
#4034=CARTESIAN_POINT('Ctrl Pts',(-14.7264074026047,135.61858477299,26.0973435720925));
#4035=CARTESIAN_POINT('Ctrl Pts',(-9.55320420426519,135.517853759338,20.8972649270325));
#4036=CARTESIAN_POINT('Ctrl Pts',(-2.70448356389227,135.417122745102,18.2723786028336));
#4037=CARTESIAN_POINT('Ctrl Pts',(4.61869585113161,135.3163917307,18.6822233224253));
#4038=CARTESIAN_POINT('Ctrl Pts',(11.1317740342495,135.215660716581,22.0553573483569));
#4039=CARTESIAN_POINT('Ctrl Pts',(15.6920309971859,135.114929703142,27.7998165600363));
#4040=CARTESIAN_POINT('Ctrl Pts',(17.5002493390293,135.014198690662,34.9082654161523));
#4041=CARTESIAN_POINT('Ctrl Pts',(16.4479690262939,134.930256181153,40.9291181759414));
#4042=CARTESIAN_POINT('Ctrl Pts',(14.1837121413851,134.863102174042,45.1711764469845));
#4043=CARTESIAN_POINT('Ctrl Pts',(10.5742997467637,134.784755832749,49.4662688268971));
#4044=CARTESIAN_POINT('Ctrl Pts',(3.60394634361878,134.678428656002,53.1354163882939));
#4045=CARTESIAN_POINT('Ctrl Pts',(-6.31647677598571,134.544120643657,52.3453398010025));
#4046=CARTESIAN_POINT('Ctrl Pts',(-14.2912263102722,134.409812630635,46.3964859656316));
#4047=CARTESIAN_POINT('Ctrl Pts',(-17.8582207661613,134.275504616077,37.1025103182487));
#4048=CARTESIAN_POINT('Ctrl Pts',(-15.9200648965703,134.141196599601,27.3463453657038));
#4049=CARTESIAN_POINT('Ctrl Pts',(-8.79340534953007,134.001292413993,19.8147364455435));
#4050=CARTESIAN_POINT('Ctrl Pts',(1.84669032375534,133.855792059836,17.4901200189308));
#4051=CARTESIAN_POINT('Ctrl Pts',(12.1872472800791,133.704695538459,22.0881223201969));
#4052=CARTESIAN_POINT('Ctrl Pts',(17.8034145853859,133.553599018727,31.907607446802));
#4053=CARTESIAN_POINT('Ctrl Pts',(16.5247838548265,133.402502501396,43.1495326357111));
#4054=CARTESIAN_POINT('Ctrl Pts',(8.84309020025952,133.251405986297,51.4557631009179));
#4055=CARTESIAN_POINT('Ctrl Pts',(-2.26198929080463,133.10030947239,53.6119104521325));
#4056=CARTESIAN_POINT('Ctrl Pts',(-12.494918318639,132.949212958179,48.7775148026972));
#4057=CARTESIAN_POINT('Ctrl Pts',(-16.0822261020233,132.848481947578,42.14951415576));
#4058=CARTESIAN_POINT('Ctrl Pts',(-16.724865430903,132.798116441877,38.6210597062631));
#4059=CARTESIAN_POINT('Ctrl Pts',(8.35541293585347,141.105561225354,20.464526818144));
#4060=CARTESIAN_POINT('Ctrl Pts',(11.5432671164081,141.055195718319,22.2272721851773));
#4061=CARTESIAN_POINT('Ctrl Pts',(16.7596374929921,140.954464704651,27.8294271602315));
#4062=CARTESIAN_POINT('Ctrl Pts',(18.0946571703733,140.803368186411,39.246674859692));
#4063=CARTESIAN_POINT('Ctrl Pts',(12.4181409067172,140.652271670613,49.2363292698678));
#4064=CARTESIAN_POINT('Ctrl Pts',(1.93231419670998,140.50117515649,53.9369891136501));
#4065=CARTESIAN_POINT('Ctrl Pts',(-9.30330791242201,140.350078642628,51.5216594471336));
#4066=CARTESIAN_POINT('Ctrl Pts',(-16.9330722051756,140.19898212751,42.9329345641844));
#4067=CARTESIAN_POINT('Ctrl Pts',(-18.0068838580353,140.047885610109,31.4863171761462));
#4068=CARTESIAN_POINT('Ctrl Pts',(-12.753910119192,139.913577592479,22.7336524513289));
#4069=CARTESIAN_POINT('Ctrl Pts',(-5.13187751975644,139.796058075998,18.5473819237556));
#4070=CARTESIAN_POINT('Ctrl Pts',(2.28867472952756,139.695327061563,17.9343691355588));
#4071=CARTESIAN_POINT('Ctrl Pts',(9.31358324663682,139.594596047266,20.4208406190493));
#4072=CARTESIAN_POINT('Ctrl Pts',(14.7024607008887,139.493865033538,25.5636048919471));
#4073=CARTESIAN_POINT('Ctrl Pts',(17.5127071676548,139.393134020709,32.4621199114499));
#4074=CARTESIAN_POINT('Ctrl Pts',(17.2527682594221,139.292403008949,39.9094681825606));
#4075=CARTESIAN_POINT('Ctrl Pts',(13.9628493684216,139.191671998245,46.5903318674303));
#4076=CARTESIAN_POINT('Ctrl Pts',(7.59245525670871,139.079748653964,51.8801810237867));
#4077=CARTESIAN_POINT('Ctrl Pts',(-1.48561167493447,138.956632975975,53.7200436469952));
#4078=CARTESIAN_POINT('Ctrl Pts',(-10.9348772973533,138.822324963467,50.1280689408437));
#4079=CARTESIAN_POINT('Ctrl Pts',(-17.0112507635193,138.688016949783,42.0540347806227));
#4080=CARTESIAN_POINT('Ctrl Pts',(-17.8482841942124,138.553708934274,31.9812902964382));
#4081=CARTESIAN_POINT('Ctrl Pts',(-13.1767688749733,138.419400916846,23.0160716750983));
#4082=CARTESIAN_POINT('Ctrl Pts',(-5.17874559988606,138.29628523291,18.3500573460218));
#4083=CARTESIAN_POINT('Ctrl Pts',(3.10068947244751,138.184361883525,18.0608172928243));
#4084=CARTESIAN_POINT('Ctrl Pts',(9.22763074526291,138.09482320419,20.5544299408876));
#4085=CARTESIAN_POINT('Ctrl Pts',(14.6815302423777,137.99409219044,25.5017473429197));
#4086=CARTESIAN_POINT('Ctrl Pts',(17.7131894779031,137.893361177534,32.4397073735292));
#4087=CARTESIAN_POINT('Ctrl Pts',(17.0311295329842,137.781437831271,40.6974838793159));
#4088=CARTESIAN_POINT('Ctrl Pts',(13.4451421294254,137.68070682067,47.2214443574457));
#4089=CARTESIAN_POINT('Ctrl Pts',(7.49368522259346,137.579975810893,51.7069553237652));
#4090=CARTESIAN_POINT('Ctrl Pts',(0.23113312387758,137.479244801572,53.360647651935));
#4091=CARTESIAN_POINT('Ctrl Pts',(-7.07355113275668,137.378513792266,51.895624821917));
#4092=CARTESIAN_POINT('Ctrl Pts',(-13.1367030248542,137.277782782528,47.5672222208438));
#4093=CARTESIAN_POINT('Ctrl Pts',(-16.8959648795303,137.177051771987,41.1357669257275));
#4094=CARTESIAN_POINT('Ctrl Pts',(-17.6912217901877,137.076320760414,33.7282224492191));
#4095=CARTESIAN_POINT('Ctrl Pts',(-15.383270551898,136.97558974776,26.6460157192613));
#4096=CARTESIAN_POINT('Ctrl Pts',(-10.3776172987565,136.874858734166,21.1268081960873));
#4097=CARTESIAN_POINT('Ctrl Pts',(-3.55149772566723,136.774127719938,18.1482914653046));
#4098=CARTESIAN_POINT('Ctrl Pts',(4.72834060716369,136.662204370553,18.2212238673478));
#4099=CARTESIAN_POINT('Ctrl Pts',(12.8490806760805,136.539088686574,22.677143529691));
#4100=CARTESIAN_POINT('Ctrl Pts',(17.7460949703788,136.404780669068,31.5205909855118));
#4101=CARTESIAN_POINT('Ctrl Pts',(17.1741758332349,136.270472653466,41.6095223265716));
#4102=CARTESIAN_POINT('Ctrl Pts',(11.3098705993739,136.136164639709,49.8421247429986));
#4103=CARTESIAN_POINT('Ctrl Pts',(1.95540418427987,136.001856627167,53.6728761815581));
#4104=CARTESIAN_POINT('Ctrl Pts',(-7.16680417790519,135.878740949194,52.0723982791661));
#4105=CARTESIAN_POINT('Ctrl Pts',(-13.6724264335958,135.76681760496,46.9486813777422));
#4106=CARTESIAN_POINT('Ctrl Pts',(-17.1345594833926,135.666086594316,40.3551645671647));
#4107=CARTESIAN_POINT('Ctrl Pts',(-17.5872316089943,135.565355582623,32.9176957830689));
#4108=CARTESIAN_POINT('Ctrl Pts',(-14.9573993019416,135.464624569857,25.9486587456417));
#4109=CARTESIAN_POINT('Ctrl Pts',(-9.70304199755725,135.363893556176,20.6670160322928));
#4110=CARTESIAN_POINT('Ctrl Pts',(-2.74688750802238,135.263162541902,18.0009626887146));
#4111=CARTESIAN_POINT('Ctrl Pts',(4.69116484911139,135.162431527461,18.4172445436424));
#4112=CARTESIAN_POINT('Ctrl Pts',(11.3064051866741,135.061700513306,21.8432977668128));
#4113=CARTESIAN_POINT('Ctrl Pts',(15.9381891599461,134.960969499842,27.6778712467377));
#4114=CARTESIAN_POINT('Ctrl Pts',(17.7747637524268,134.860238487353,34.8978272057492));
#4115=CARTESIAN_POINT('Ctrl Pts',(16.7059703414282,134.776295977849,41.0131235352811));
#4116=CARTESIAN_POINT('Ctrl Pts',(14.4061909527961,134.70914197075,45.3217213609642));
#4117=CARTESIAN_POINT('Ctrl Pts',(10.7401555167917,134.630795629477,49.6841836971407));
#4118=CARTESIAN_POINT('Ctrl Pts',(3.66045913049478,134.524468452768,53.4108787098961));
#4119=CARTESIAN_POINT('Ctrl Pts',(-6.41557758267428,134.390160440478,52.6083976581852));
#4120=CARTESIAN_POINT('Ctrl Pts',(-14.5154145654864,134.255852427499,46.5662195417484));
#4121=CARTESIAN_POINT('Ctrl Pts',(-18.1383514697326,134.12154441296,37.1264520497257));
#4122=CARTESIAN_POINT('Ctrl Pts',(-16.1697822330774,133.987236396474,27.2172513876103));
#4123=CARTESIAN_POINT('Ctrl Pts',(-8.93132351763451,133.847332210827,19.5675075627498));
#4124=CARTESIAN_POINT('Ctrl Pts',(1.87567821733538,133.701831856612,17.2064384773598));
#4125=CARTESIAN_POINT('Ctrl Pts',(12.3784348386651,133.550735335178,21.87657788064));
#4126=CARTESIAN_POINT('Ctrl Pts',(18.0826878913751,133.399638815415,31.85010043186));
#4127=CARTESIAN_POINT('Ctrl Pts',(16.7839876225952,133.248542298092,43.2683681112974));
#4128=CARTESIAN_POINT('Ctrl Pts',(8.9817875151508,133.097445783035,51.7048837858439));
#4129=CARTESIAN_POINT('Ctrl Pts',(-2.29749171267538,132.946349269188,53.8948406231371));
#4130=CARTESIAN_POINT('Ctrl Pts',(-12.690931859683,132.795252755033,48.9845998612926));
#4131=CARTESIAN_POINT('Ctrl Pts',(-16.3345037164845,132.694521744452,42.252626562053));
#4132=CARTESIAN_POINT('Ctrl Pts',(-16.987219711908,132.644156238754,38.6688230887958));
#4133=CARTESIAN_POINT('Ctrl Pts',(8.48447002711993,140.95160102912,20.23117005527));
#4134=CARTESIAN_POINT('Ctrl Pts',(11.721555609455,140.901235522067,22.0211426662774));
#4135=CARTESIAN_POINT('Ctrl Pts',(17.0184817557907,140.800504508371,27.7098229357043));
#4136=CARTESIAN_POINT('Ctrl Pts',(18.3741074020967,140.649407990124,39.3034001995368));
#4137=CARTESIAN_POINT('Ctrl Pts',(12.6099123502812,140.498311474356,49.4473289731114));
#4138=CARTESIAN_POINT('Ctrl Pts',(1.96213739045488,140.34721496029,54.2205747713585));
#4139=CARTESIAN_POINT('Ctrl Pts',(-9.44700528144015,140.196118446488,51.7679308129205));
#4140=CARTESIAN_POINT('Ctrl Pts',(-17.1945946728841,140.045021931412,43.0465534469652));
#4141=CARTESIAN_POINT('Ctrl Pts',(-18.2849781627831,139.893925414016,31.4231531853598));
#4142=CARTESIAN_POINT('Ctrl Pts',(-12.9508681435687,139.759617396357,22.5353177362646));
#4143=CARTESIAN_POINT('Ctrl Pts',(-5.21111631979485,139.642097879836,18.2844024568314));
#4144=CARTESIAN_POINT('Ctrl Pts',(2.32403970261628,139.541366865361,17.6619301511074));
#4145=CARTESIAN_POINT('Ctrl Pts',(9.45743838129071,139.440635851026,20.1868101809423));
#4146=CARTESIAN_POINT('Ctrl Pts',(14.9295362939536,139.339904837269,25.4090050938638));
#4147=CARTESIAN_POINT('Ctrl Pts',(17.7831769422121,139.239173824425,32.4140638632284));
#4148=CARTESIAN_POINT('Ctrl Pts',(17.5192156436208,139.138442812666,39.9764288208226));
#4149=CARTESIAN_POINT('Ctrl Pts',(14.1784801165758,139.03771180198,46.7604683823614));
#4150=CARTESIAN_POINT('Ctrl Pts',(7.70969593553749,138.925788457733,52.1320073019937));
#4151=CARTESIAN_POINT('Ctrl Pts',(-1.50857475136288,138.802672779793,54.0002751745556));
#4152=CARTESIAN_POINT('Ctrl Pts',(-11.1037711727825,138.668364767335,50.3528159447893));
#4153=CARTESIAN_POINT('Ctrl Pts',(-17.2739796909628,138.534056753684,42.1540798387312));
#4154=CARTESIAN_POINT('Ctrl Pts',(-18.1239296076746,138.39974873818,31.9257708461985));
#4155=CARTESIAN_POINT('Ctrl Pts',(-13.3802578357048,138.265440720727,22.8220981989104));
#4156=CARTESIAN_POINT('Ctrl Pts',(-5.25870802222143,138.142325036748,18.0840303456149));
#4157=CARTESIAN_POINT('Ctrl Pts',(3.14859507982957,138.030401687319,17.7903320359309));
#4158=CARTESIAN_POINT('Ctrl Pts',(9.37015828663859,137.940863007951,20.3224625672727));
#4159=CARTESIAN_POINT('Ctrl Pts',(14.9082826506577,137.840131994172,25.346192193719));
#4160=CARTESIAN_POINT('Ctrl Pts',(17.9867555281128,137.739400981249,32.3913053981198));
#4161=CARTESIAN_POINT('Ctrl Pts',(17.2941530904352,137.62747763499,40.7766144093765));
#4162=CARTESIAN_POINT('Ctrl Pts',(13.6527767303723,137.526746624408,47.4013272349652));
#4163=CARTESIAN_POINT('Ctrl Pts',(7.60940067901412,137.426015614663,51.9561061969434));
#4164=CARTESIAN_POINT('Ctrl Pts',(0.23468386142809,137.325284605381,53.635330480937));
#4165=CARTESIAN_POINT('Ctrl Pts',(-7.18281249975733,137.224553596115,52.1476740769758));
#4166=CARTESIAN_POINT('Ctrl Pts',(-13.3395992178578,137.123822586409,47.7524171357948));
#4167=CARTESIAN_POINT('Ctrl Pts',(-17.1569123571629,137.023091575889,41.2216303630203));
#4168=CARTESIAN_POINT('Ctrl Pts',(-17.9644433801731,136.92236056432,33.6996828125568));
#4169=CARTESIAN_POINT('Ctrl Pts',(-15.6208406042639,136.821629551653,26.5081008174217));
#4170=CARTESIAN_POINT('Ctrl Pts',(-10.5378741177328,136.720898538032,20.9036598709804));
#4171=CARTESIAN_POINT('Ctrl Pts',(-3.60632869290749,136.620167523767,17.8791501134485));
#4172=CARTESIAN_POINT('Ctrl Pts',(4.80138351391207,136.508244174338,17.9532176564317));
#4173=CARTESIAN_POINT('Ctrl Pts',(13.047535697361,136.385128490315,22.4779632141911));
#4174=CARTESIAN_POINT('Ctrl Pts',(18.0201701872575,136.250820472782,31.4579941972532));
#4175=CARTESIAN_POINT('Ctrl Pts',(17.4394076337388,136.116512457184,41.7027385440609));
#4176=CARTESIAN_POINT('Ctrl Pts',(11.4845252574075,135.982204443458,50.0624791867787));
#4177=CARTESIAN_POINT('Ctrl Pts',(1.98558425997997,135.847896430967,53.9523828995206));
#4178=CARTESIAN_POINT('Ctrl Pts',(-7.27750593364601,135.724780753043,52.3271775274381));
#4179=CARTESIAN_POINT('Ctrl Pts',(-13.8835956919079,135.612857408844,47.1243229707932));
#4180=CARTESIAN_POINT('Ctrl Pts',(-17.3991909927867,135.512126398218,40.4289721167894));
#4181=CARTESIAN_POINT('Ctrl Pts',(-17.8588463143195,135.411395386528,32.8766384702096));
#4182=CARTESIAN_POINT('Ctrl Pts',(-15.1883914533375,135.310664373747,25.7999743030924));
#4183=CARTESIAN_POINT('Ctrl Pts',(-9.85288017803119,135.209933360038,20.4367673845536));
#4184=CARTESIAN_POINT('Ctrl Pts',(-2.78929190652784,135.109202345727,17.7295468413716));
#4185=CARTESIAN_POINT('Ctrl Pts',(4.76363340521795,135.008471331246,18.1522656396977));
#4186=CARTESIAN_POINT('Ctrl Pts',(11.4810359872375,134.907740317056,21.6312378901209));
#4187=CARTESIAN_POINT('Ctrl Pts',(16.1843471225786,134.807009303567,27.555925520084));
#4188=CARTESIAN_POINT('Ctrl Pts',(18.0492781525284,134.706278291067,34.8873885362742));
#4189=CARTESIAN_POINT('Ctrl Pts',(16.9639718009196,134.62233578157,41.0971284645909));
#4190=CARTESIAN_POINT('Ctrl Pts',(14.6286700192463,134.555181774483,45.4722659052989));
#4191=CARTESIAN_POINT('Ctrl Pts',(10.9060116536124,134.476835433229,49.902098293399));
#4192=CARTESIAN_POINT('Ctrl Pts',(3.71697237872358,134.370508256559,53.6863409412187));
#4193=CARTESIAN_POINT('Ctrl Pts',(-6.5146779510992,134.236200244322,52.8714556850174));
#4194=CARTESIAN_POINT('Ctrl Pts',(-14.7396025403494,134.101892231387,46.7359534952142));
#4195=CARTESIAN_POINT('Ctrl Pts',(-18.4184821375274,133.967584216868,37.1503942498683));
#4196=CARTESIAN_POINT('Ctrl Pts',(-16.4194997891696,133.833276200371,27.0881578250234));
#4197=CARTESIAN_POINT('Ctrl Pts',(-9.06924210112519,133.693372014685,19.3202789067751));
#4198=CARTESIAN_POINT('Ctrl Pts',(1.90466563711693,133.547871660412,16.9227568830311));
#4199=CARTESIAN_POINT('Ctrl Pts',(12.5696220465026,133.396775138921,21.6650331182663));
#4200=CARTESIAN_POINT('Ctrl Pts',(18.3619611054598,133.245678619128,31.7925929491782));
#4201=CARTESIAN_POINT('Ctrl Pts',(17.043191592948,133.094582101812,43.3872031553673));
#4202=CARTESIAN_POINT('Ctrl Pts',(9.12048524860902,132.943485586796,51.9540042426781));
#4203=CARTESIAN_POINT('Ctrl Pts',(-2.3329936621126,132.792389073011,54.1777708577812));
#4204=CARTESIAN_POINT('Ctrl Pts',(-12.8869450574858,132.641292558912,49.1916852506982));
#4205=CARTESIAN_POINT('Ctrl Pts',(-16.5867811624294,132.54056154835,42.3557393916624));
#4206=CARTESIAN_POINT('Ctrl Pts',(-17.2495739170382,132.490196042656,38.7165869106453));
#4207=CARTESIAN_POINT('Ctrl Pts',(8.61352678015302,140.797640838728,19.9978131014973));
#4208=CARTESIAN_POINT('Ctrl Pts',(11.8998438045237,140.747275331658,21.8150128851542));
#4209=CARTESIAN_POINT('Ctrl Pts',(17.2773258476765,140.646544317934,27.5902183326833));
#4210=CARTESIAN_POINT('Ctrl Pts',(18.6535577199479,140.495447799679,39.3601251331224));
#4211=CARTESIAN_POINT('Ctrl Pts',(12.8016841035571,140.344351283942,49.6583283997215));
#4212=CARTESIAN_POINT('Ctrl Pts',(1.99196099757768,140.193254769932,54.5041603892081));
#4213=CARTESIAN_POINT('Ctrl Pts',(-9.59070229360713,140.042158256192,52.0142023910861));
#4214=CARTESIAN_POINT('Ctrl Pts',(-17.4561169784191,139.891061741156,43.1601727120485));
#4215=CARTESIAN_POINT('Ctrl Pts',(-18.5630725630224,139.739965223766,31.3599895987864));
#4216=CARTESIAN_POINT('Ctrl Pts',(-13.1478264592805,139.605657206079,22.3369833055365));
#4217=CARTESIAN_POINT('Ctrl Pts',(-5.2903555038251,139.488137689517,18.0214231019948));
#4218=CARTESIAN_POINT('Ctrl Pts',(2.35940427938042,139.387406675002,17.3894911117185));
#4219=CARTESIAN_POINT('Ctrl Pts',(9.60129317692309,139.286675660629,19.9527795303806));
#4220=CARTESIAN_POINT('Ctrl Pts',(15.1566116647284,139.185944646843,25.2544049631291));
#4221=CARTESIAN_POINT('Ctrl Pts',(18.0536466501863,139.085213633984,32.3660074204962));
#4222=CARTESIAN_POINT('Ctrl Pts',(17.7856631287072,138.984482622227,40.0433890718911));
#4223=CARTESIAN_POINT('Ctrl Pts',(14.3941111152215,138.883751611558,46.9306045853909));
#4224=CARTESIAN_POINT('Ctrl Pts',(7.82693698259478,138.771828267345,52.3838334126321));
#4225=CARTESIAN_POINT('Ctrl Pts',(-1.53153741996275,138.648712589455,54.2805067390918));
#4226=CARTESIAN_POINT('Ctrl Pts',(-11.2726647230221,138.514404577048,50.5775631975317));
#4227=CARTESIAN_POINT('Ctrl Pts',(-17.5367084760118,138.380096563429,42.2541252807318));
#4228=CARTESIAN_POINT('Ctrl Pts',(-18.399575105475,138.245788547929,31.8702517966911));
#4229=CARTESIAN_POINT('Ctrl Pts',(-13.5837470814998,138.111480530451,22.6281250166369));
#4230=CARTESIAN_POINT('Ctrl Pts',(-5.33867083298819,137.988364846429,17.8180034583114));
#4231=CARTESIAN_POINT('Ctrl Pts',(3.19650029388349,137.876441496955,17.5198467058629));
#4232=CARTESIAN_POINT('Ctrl Pts',(9.51268549199549,137.786902817555,20.0904949831486));
#4233=CARTESIAN_POINT('Ctrl Pts',(15.1350348352345,137.686171803746,25.1906367123315));
#4234=CARTESIAN_POINT('Ctrl Pts',(18.2603215112801,137.585440790807,32.3429030236902));
#4235=CARTESIAN_POINT('Ctrl Pts',(17.5571767664435,137.473517444551,40.8557445573759));
#4236=CARTESIAN_POINT('Ctrl Pts',(13.8604115959103,137.372786433989,47.5812098123601));
#4237=CARTESIAN_POINT('Ctrl Pts',(7.72511649974712,137.272055424275,52.2052569047372));
#4238=CARTESIAN_POINT('Ctrl Pts',(0.238234999061408,137.171324415033,53.910013308229));
#4239=CARTESIAN_POINT('Ctrl Pts',(-7.29207350105949,137.070593405806,52.3997234943348));
#4240=CARTESIAN_POINT('Ctrl Pts',(-13.5424951437066,136.969862396133,47.9376123485698));
#4241=CARTESIAN_POINT('Ctrl Pts',(-17.4178597130359,136.869131385633,41.3074941814296));
#4242=CARTESIAN_POINT('Ctrl Pts',(-18.237665015165,136.768400374068,33.671143573444));
#4243=CARTESIAN_POINT('Ctrl Pts',(-15.8584108604863,136.667669361389,26.3701862598301));
#4244=CARTESIAN_POINT('Ctrl Pts',(-10.6981312637037,136.566938347741,20.6805117764612));
#4245=CARTESIAN_POINT('Ctrl Pts',(-3.66116005281028,136.466207333439,17.6100088380542));
#4246=CARTESIAN_POINT('Ctrl Pts',(4.87442603126935,136.354283983966,17.6852113357604));
#4247=CARTESIAN_POINT('Ctrl Pts',(13.2459904310649,136.231168299899,22.2787826071567));
#4248=CARTESIAN_POINT('Ctrl Pts',(18.2942453164191,136.09686028234,31.3953970090551));
#4249=CARTESIAN_POINT('Ctrl Pts',(17.7046395733405,135.962552266745,41.7959543764467));
#4250=CARTESIAN_POINT('Ctrl Pts',(11.6591802385596,135.82824425305,50.2828333789863));
#4251=CARTESIAN_POINT('Ctrl Pts',(2.01576474312881,135.693936240609,54.2318895770508));
#4252=CARTESIAN_POINT('Ctrl Pts',(-7.38820731973479,135.570820562735,52.5819569401361));
#4253=CARTESIAN_POINT('Ctrl Pts',(-14.0947646970783,135.45889721857,47.2999648736));
#4254=CARTESIAN_POINT('Ctrl Pts',(-17.6638223980374,135.358166207963,40.5027800527424));
#4255=CARTESIAN_POINT('Ctrl Pts',(-18.1304610828532,135.257435196276,32.8355815524066));
#4256=CARTESIAN_POINT('Ctrl Pts',(-15.4193838241826,135.156704183481,25.6512901950771));
#4257=CARTESIAN_POINT('Ctrl Pts',(-10.0027186957184,135.055973169744,20.2065189521325));
#4258=CARTESIAN_POINT('Ctrl Pts',(-2.83169670084808,134.955242155395,17.4581310523645));
#4259=CARTESIAN_POINT('Ctrl Pts',(4.83610157633261,134.854511140874,17.8872866268739));
#4260=CARTESIAN_POINT('Ctrl Pts',(11.6556664811641,134.753780126648,21.4191777564307));
#4261=CARTESIAN_POINT('Ctrl Pts',(16.4305049107178,134.653049113134,27.4339794333989));
#4262=CARTESIAN_POINT('Ctrl Pts',(18.3237925408828,134.552318100625,34.8769494668738));
#4263=CARTESIAN_POINT('Ctrl Pts',(17.2219733860173,134.468375591133,41.1811330192194));
#4264=CARTESIAN_POINT('Ctrl Pts',(14.8511493077472,134.401221584059,45.6228101275184));
#4265=CARTESIAN_POINT('Ctrl Pts',(11.0718681098738,134.322875242825,50.1200126508376));
#4266=CARTESIAN_POINT('Ctrl Pts',(3.77348602883729,134.216548066192,53.961803093728));
#4267=CARTESIAN_POINT('Ctrl Pts',(-6.61377793766074,134.08224005401,53.1345138594865));
#4268=CARTESIAN_POINT('Ctrl Pts',(-14.9637902708438,133.947932041118,46.9056877773151));
#4269=CARTESIAN_POINT('Ctrl Pts',(-18.6986127739871,133.813624026619,37.1743368582858));
#4270=CARTESIAN_POINT('Ctrl Pts',(-16.6692175364093,133.679316010111,26.9590646244925));
#4271=CARTESIAN_POINT('Ctrl Pts',(-9.20716104640716,133.539411824386,19.0730504485471));
#4272=CARTESIAN_POINT('Ctrl Pts',(1.93365264412006,133.393911470055,16.6390752429107));
#4273=CARTESIAN_POINT('Ctrl Pts',(12.7608089486629,133.242814948508,21.4534880747896));
#4274=CARTESIAN_POINT('Ctrl Pts',(18.6412342393126,133.091718428684,31.735085059048));
#4275=CARTESIAN_POINT('Ctrl Pts',(17.302395739632,132.940621911375,43.5060378234403));
#4276=CARTESIAN_POINT('Ctrl Pts',(9.25918334662916,132.789525396401,52.2031245006554));
#4277=CARTESIAN_POINT('Ctrl Pts',(-2.36849519995687,132.638428882676,54.4607011476974));
#4278=CARTESIAN_POINT('Ctrl Pts',(-13.0829579561481,132.487332368633,49.398770928173));
#4279=CARTESIAN_POINT('Ctrl Pts',(-16.8390584614174,132.386601358091,42.458852589993));
#4280=CARTESIAN_POINT('Ctrl Pts',(-17.5119280559114,132.3362358524,38.764351115188));
#4281=CARTESIAN_POINT('Ctrl Pts',(16.9996381900397,139.505107391776,35.575201487453));
#4282=CARTESIAN_POINT('Ctrl Pts',(16.9997837713742,139.519103002518,34.5783194018935));
#4283=CARTESIAN_POINT('Ctrl Pts',(16.9128778001218,139.53309861329,33.5814539691152));
#4284=CARTESIAN_POINT('Ctrl Pts',(16.7384425187451,139.547094224092,32.6002355724919));
#4285=CARTESIAN_POINT('Ctrl Pts',(16.3199531623417,139.580671228188,30.2461851071658));
#4286=CARTESIAN_POINT('Ctrl Pts',(15.3976690076537,139.61424823246,27.9821947075736));
#4287=CARTESIAN_POINT('Ctrl Pts',(14.0522507419855,139.647825236879,26.0063105919425));
#4288=CARTESIAN_POINT('Ctrl Pts',(12.7068324763173,139.681402241297,24.0304264763115));
#4289=CARTESIAN_POINT('Ctrl Pts',(10.9382800996689,139.714979245863,22.3426486446418));
#4290=CARTESIAN_POINT('Ctrl Pts',(8.90126750776707,139.748556250523,21.090749269409));
#4291=CARTESIAN_POINT('Ctrl Pts',(6.86425491586524,139.782133255183,19.8388498941763));
#4292=CARTESIAN_POINT('Ctrl Pts',(4.55878210870997,139.815710259936,19.0228289753806));
#4293=CARTESIAN_POINT('Ctrl Pts',(2.18838762810674,139.849287264712,18.715410759717));
#4294=CARTESIAN_POINT('Ctrl Pts',(-0.182006852496495,139.882864269488,18.4079925440535));
#4295=CARTESIAN_POINT('Ctrl Pts',(-2.6173230065477,139.916441274286,18.6091770315222));
#4296=CARTESIAN_POINT('Ctrl Pts',(-4.90702583627271,139.950018279034,19.2985729857594));
#4297=CARTESIAN_POINT('Ctrl Pts',(-7.19672866599771,139.983595283782,19.9879689399967));
#4298=CARTESIAN_POINT('Ctrl Pts',(-9.34081817139656,140.017172288479,21.1655763610025));
#4299=CARTESIAN_POINT('Ctrl Pts',(-11.1444555980135,140.050749293057,22.7338902274383));
#4300=CARTESIAN_POINT('Ctrl Pts',(-13.849911737939,140.101114799925,25.086361027092));
#4301=CARTESIAN_POINT('Ctrl Pts',(-15.7893507006053,140.151480306525,28.3179213289631));
#4302=CARTESIAN_POINT('Ctrl Pts',(-16.5828634966701,140.201845812727,31.8120072281581));
#4303=CARTESIAN_POINT('Ctrl Pts',(-17.3763762927348,140.252211318929,35.3060931273532));
#4304=CARTESIAN_POINT('Ctrl Pts',(-17.023962922198,140.302576824731,39.0627046238723));
#4305=CARTESIAN_POINT('Ctrl Pts',(-15.5957663339819,140.352942330159,42.3503557396432));
#4306=CARTESIAN_POINT('Ctrl Pts',(-14.1675697457658,140.403307835586,45.6380068554142));
#4307=CARTESIAN_POINT('Ctrl Pts',(-11.6635899398704,140.453673340639,48.456697590437));
#4308=CARTESIAN_POINT('Ctrl Pts',(-8.56791643500829,140.504038845486,50.2623788054664));
#4309=CARTESIAN_POINT('Ctrl Pts',(-5.47224293014617,140.554404350333,52.0680600204958));
#4310=CARTESIAN_POINT('Ctrl Pts',(-1.78487572631734,140.604769854973,52.8607317155319));
#4311=CARTESIAN_POINT('Ctrl Pts',(1.77945426583183,140.655135359657,52.4857218695162));
#4312=CARTESIAN_POINT('Ctrl Pts',(5.14112380789419,140.702637185649,52.1320343096939));
#4313=CARTESIAN_POINT('Ctrl Pts',(8.39334966456019,140.750139011679,50.7396742257029));
#4314=CARTESIAN_POINT('Ctrl Pts',(10.9772828732517,140.797640837942,48.5601537376634));
#4315=CARTESIAN_POINT('Origin',(2.81738967791845E-6,143.570511245867,35.5749503522051));
#4316=CARTESIAN_POINT('Ctrl Pts',(-10.9745966154003,140.797640845587,48.5579456657251));
#4317=CARTESIAN_POINT('Ctrl Pts',(-13.7136233300286,140.747275391918,46.2426308789582));
#4318=CARTESIAN_POINT('Ctrl Pts',(-15.6931904213931,140.696909937984,43.0362343360368));
#4319=CARTESIAN_POINT('Ctrl Pts',(-16.5317662661927,140.646544483653,39.5528584912791));
#4320=CARTESIAN_POINT('Ctrl Pts',(-17.3703421109924,140.596179029322,36.0694826465215));
#4321=CARTESIAN_POINT('Ctrl Pts',(-17.0679267092272,140.545813574593,32.3091274999277));
#4322=CARTESIAN_POINT('Ctrl Pts',(-15.6829168421469,140.495448119488,29.0033123614513));
#4323=CARTESIAN_POINT('Ctrl Pts',(-14.2979069750667,140.445082664382,25.697497222975));
#4324=CARTESIAN_POINT('Ctrl Pts',(-11.8303026426714,140.394717208899,22.8462220926162));
#4325=CARTESIAN_POINT('Ctrl Pts',(-8.75830910853324,140.344351753206,21.0002960645126));
#4326=CARTESIAN_POINT('Ctrl Pts',(-5.68631557439507,140.293986297513,19.154370036409));
#4327=CARTESIAN_POINT('Ctrl Pts',(-2.00993283851404,140.243620841609,18.3137931105606));
#4328=CARTESIAN_POINT('Ctrl Pts',(1.55896791733654,140.193255385742,18.6424293110719));
#4329=CARTESIAN_POINT('Ctrl Pts',(5.12786867318709,140.142889929876,18.9710655115833));
#4330=CARTESIAN_POINT('Ctrl Pts',(8.58928744900719,140.092524474047,20.4689148384543));
#4331=CARTESIAN_POINT('Ctrl Pts',(11.2724914193244,140.042159018489,22.8446399315459));
#4332=CARTESIAN_POINT('Ctrl Pts',(13.9556953896417,139.991793562931,25.2203650246375));
#4333=CARTESIAN_POINT('Ctrl Pts',(15.8606845544561,139.941428107644,28.4739658839495));
#4334=CARTESIAN_POINT('Ctrl Pts',(16.6189989574048,139.891062652757,31.977297094603));
#4335=CARTESIAN_POINT('Ctrl Pts',(16.8743948187511,139.874099861752,33.1571985822275));
#4336=CARTESIAN_POINT('Ctrl Pts',(16.999723011765,139.857137070793,34.3654270598505));
#4337=CARTESIAN_POINT('Ctrl Pts',(16.9978155006588,139.840174279878,35.574052898343));
#4338=CARTESIAN_POINT('Ctrl Pts',(-11.4910057254008,141.259521435401,49.1689461844843));
#4339=CARTESIAN_POINT('Ctrl Pts',(-14.358935416816,141.209155981777,46.744684400954));
#4340=CARTESIAN_POINT('Ctrl Pts',(-18.5044028518197,141.108425073975,40.0301258162193));
#4341=CARTESIAN_POINT('Ctrl Pts',(-17.5544997471702,140.957328709774,28.2181837299294));
#4342=CARTESIAN_POINT('Ctrl Pts',(-9.80334716478819,140.806232343204,19.2618010732688));
#4343=CARTESIAN_POINT('Ctrl Pts',(1.74481150225489,140.655135975312,16.6213643995032));
#4344=CARTESIAN_POINT('Ctrl Pts',(12.6177534695677,140.504039607655,21.3263393663588));
#4345=CARTESIAN_POINT('Ctrl Pts',(18.6016926589402,140.352943241701,31.5464550660135));
#4346=CARTESIAN_POINT('Ctrl Pts',(17.3818212052838,140.201846878256,43.335487562538));
#4347=CARTESIAN_POINT('Ctrl Pts',(10.3080562642152,140.067539001725,51.1265767149014));
#4348=CARTESIAN_POINT('Ctrl Pts',(1.75886037653334,139.950019610582,53.8238064899053));
#4349=CARTESIAN_POINT('Ctrl Pts',(-5.86692802621212,139.849288703992,52.9489682289174));
#4350=CARTESIAN_POINT('Ctrl Pts',(-12.4684549378521,139.748557797045,49.0202136135203));
#4351=CARTESIAN_POINT('Ctrl Pts',(-16.8808754189133,139.647826889336,42.7353497308128));
#4352=CARTESIAN_POINT('Ctrl Pts',(-18.3327080374311,139.547095980595,35.1948864962852));
#4353=CARTESIAN_POINT('Ctrl Pts',(-16.5698006462537,139.446365070734,27.7176315143621));
#4354=CARTESIAN_POINT('Ctrl Pts',(-11.8982745852612,139.345634159861,21.626149266313));
#4355=CARTESIAN_POINT('Ctrl Pts',(-4.39166393766826,139.23371092475,17.5601989210223));
#4356=CARTESIAN_POINT('Ctrl Pts',(5.15540770529563,139.110595365678,17.5314560297199));
#4357=CARTESIAN_POINT('Ctrl Pts',(13.9885201892061,138.976287483606,23.0615048264129));
#4358=CARTESIAN_POINT('Ctrl Pts',(18.5032410221956,138.841979603038,32.4513267536521));
#4359=CARTESIAN_POINT('Ctrl Pts',(17.3214315933918,138.707671724455,42.8027029858151));
#4360=CARTESIAN_POINT('Ctrl Pts',(10.7924589877653,138.573363847734,50.9262783668027));
#4361=CARTESIAN_POINT('Ctrl Pts',(1.76667212950241,138.450248295132,54.0326593520097));
#4362=CARTESIAN_POINT('Ctrl Pts',(-6.66233686788603,138.338325065572,52.6576566928239));
#4363=CARTESIAN_POINT('Ctrl Pts',(-12.354550271252,138.248786481558,48.9025203687931));
#4364=CARTESIAN_POINT('Ctrl Pts',(-16.8721452310578,138.148055573886,42.8022455470907));
#4365=CARTESIAN_POINT('Ctrl Pts',(-18.5398773796676,138.04732466522,35.1772226918434));
#4366=CARTESIAN_POINT('Ctrl Pts',(-16.1871473699237,137.935401431904,26.9658091748925));
#4367=CARTESIAN_POINT('Ctrl Pts',(-11.2476815229615,137.834670520937,21.092175750979));
#4368=CARTESIAN_POINT('Ctrl Pts',(-4.32723372544282,137.73393960928,17.7558748951885));
#4369=CARTESIAN_POINT('Ctrl Pts',(3.34842310314631,137.63320869736,17.5466575222796));
#4370=CARTESIAN_POINT('Ctrl Pts',(10.4385565996928,137.532477785644,20.4990120820972));
#4371=CARTESIAN_POINT('Ctrl Pts',(15.6967844188212,137.431746874566,26.0962544316695));
#4372=CARTESIAN_POINT('Ctrl Pts',(18.2021719468162,137.331015964446,33.3557190734148));
#4373=CARTESIAN_POINT('Ctrl Pts',(17.5143029942251,137.23028505544,41.0050743883387));
#4374=CARTESIAN_POINT('Ctrl Pts',(13.7545486125428,137.129554147503,47.7005171612645));
#4375=CARTESIAN_POINT('Ctrl Pts',(7.58215219398913,137.028823240407,52.272416506322));
#4376=CARTESIAN_POINT('Ctrl Pts',(0.0809185497797186,136.928092333773,53.9089810408022));
#4377=CARTESIAN_POINT('Ctrl Pts',(-8.27549521396817,136.816169104188,52.1676888002387));
#4378=CARTESIAN_POINT('Ctrl Pts',(-15.5883252347993,136.69305355099,46.0271379692107));
#4379=CARTESIAN_POINT('Ctrl Pts',(-18.758252200401,136.558745673099,36.0999630932895));
#4380=CARTESIAN_POINT('Ctrl Pts',(-16.148140243808,136.424437793194,26.0150115519371));
#4381=CARTESIAN_POINT('Ctrl Pts',(-8.56116853455445,136.290129911556,18.8727154851667));
#4382=CARTESIAN_POINT('Ctrl Pts',(1.66791074044859,136.155822028998,16.8837098779765));
#4383=CARTESIAN_POINT('Ctrl Pts',(10.5683434066316,136.032706470152,20.3390006759087));
#4384=CARTESIAN_POINT('Ctrl Pts',(16.1137817117791,135.920783235724,26.8294051120457));
#4385=CARTESIAN_POINT('Ctrl Pts',(18.2861737132375,135.82005232572,34.1928620360814));
#4386=CARTESIAN_POINT('Ctrl Pts',(17.2459650438582,135.719321416836,41.803480321784));
#4387=CARTESIAN_POINT('Ctrl Pts',(13.1836169668371,135.618590509005,48.3197053834966));
#4388=CARTESIAN_POINT('Ctrl Pts',(6.80764723118498,135.51785960198,52.6013726410799));
#4389=CARTESIAN_POINT('Ctrl Pts',(-0.762114646384164,135.41712869537,53.8958892553558));
#4390=CARTESIAN_POINT('Ctrl Pts',(-8.19832427962265,135.316397788714,51.9770444954909));
#4391=CARTESIAN_POINT('Ctrl Pts',(-14.1965059092219,135.215666881557,47.1809614499969));
#4392=CARTESIAN_POINT('Ctrl Pts',(-17.7043103375095,135.114935973533,40.3492631051055));
#4393=CARTESIAN_POINT('Ctrl Pts',(-18.1070895490597,135.014205064426,32.6798440839535));
#4394=CARTESIAN_POINT('Ctrl Pts',(-15.7949445217475,134.930262639249,26.7123798505421));
#4395=CARTESIAN_POINT('Ctrl Pts',(-12.6020998948467,134.863108698639,22.8194377952047));
#4396=CARTESIAN_POINT('Ctrl Pts',(-8.01708728642732,134.784762434295,19.1471932726599));
#4397=CARTESIAN_POINT('Ctrl Pts',(-0.108820486794814,134.678435360669,16.8051945935581));
#4398=CARTESIAN_POINT('Ctrl Pts',(9.91667813607241,134.544127478181,19.6457429336602));
#4399=CARTESIAN_POINT('Ctrl Pts',(16.8889875071358,134.409819596757,27.3857467190817));
#4400=CARTESIAN_POINT('Ctrl Pts',(18.6507962109028,134.275511717148,37.6592064359062));
#4401=CARTESIAN_POINT('Ctrl Pts',(14.6649239087293,134.141203839541,47.2811999939549));
#4402=CARTESIAN_POINT('Ctrl Pts',(5.80610201746096,134.001299802007,53.557544564108));
#4403=CARTESIAN_POINT('Ctrl Pts',(-5.59553276193622,133.855799603734,53.7682523612135));
#4404=CARTESIAN_POINT('Ctrl Pts',(-15.2735774472676,133.704703243236,46.9315134797535));
#4405=CARTESIAN_POINT('Ctrl Pts',(-19.0321946346606,133.553606880675,35.6992765626449));
#4406=CARTESIAN_POINT('Ctrl Pts',(-15.4197056131783,133.402510515547,24.416660706545));
#4407=CARTESIAN_POINT('Ctrl Pts',(-5.83250217463335,133.251414148338,17.4583719383684));
#4408=CARTESIAN_POINT('Ctrl Pts',(6.01215958789807,133.100317780342,17.5157351242894));
#4409=CARTESIAN_POINT('Ctrl Pts',(15.5313469960999,132.949221413157,24.5731774831031));
#4410=CARTESIAN_POINT('Ctrl Pts',(17.8593937972925,132.848490503099,32.1131271904232));
#4411=CARTESIAN_POINT('Ctrl Pts',(17.7975921490311,132.798125048497,35.8678903608722));
#4412=CARTESIAN_POINT('Ctrl Pts',(-11.3188690418446,141.105561245033,48.9652796052138));
#4413=CARTESIAN_POINT('Ctrl Pts',(-14.143831129225,141.055195791394,46.5773335533922));
#4414=CARTESIAN_POINT('Ctrl Pts',(-18.227187633062,140.95446488357,39.9633635645931));
#4415=CARTESIAN_POINT('Ctrl Pts',(-17.2915037654515,140.803368519374,28.3283803411046));
#4416=CARTESIAN_POINT('Ctrl Pts',(-9.65646458476434,140.652272152845,19.5061832640148));
#4417=CARTESIAN_POINT('Ctrl Pts',(1.71869053302365,140.501175785013,16.9053149584754));
#4418=CARTESIAN_POINT('Ctrl Pts',(12.428737392555,140.350079417412,21.5398140133751));
#4419=CARTESIAN_POINT('Ctrl Pts',(18.3230195830474,140.198983051489,31.6068252000551));
#4420=CARTESIAN_POINT('Ctrl Pts',(17.1214118584975,140.047886688038,43.2192417852627));
#4421=CARTESIAN_POINT('Ctrl Pts',(10.1536133261373,139.91357881147,50.8936035996202));
#4422=CARTESIAN_POINT('Ctrl Pts',(1.73249265036175,139.796059420283,53.5504170985553));
#4423=CARTESIAN_POINT('Ctrl Pts',(-5.77905087649926,139.695328513653,52.6886775908025));
#4424=CARTESIAN_POINT('Ctrl Pts',(-12.281674675143,139.594597606672,48.8187742841911));
#4425=CARTESIAN_POINT('Ctrl Pts',(-16.6279853474892,139.493866698939,42.6280613630955));
#4426=CARTESIAN_POINT('Ctrl Pts',(-18.0580603094086,139.393135790191,35.2005624553547));
#4427=CARTESIAN_POINT('Ctrl Pts',(-16.3215562229837,139.29240488034,27.835327995699));
#4428=CARTESIAN_POINT('Ctrl Pts',(-11.7200096305148,139.19167396949,21.8351084664985));
#4429=CARTESIAN_POINT('Ctrl Pts',(-4.32585360505083,139.079750734418,17.830078557686));
#4430=CARTESIAN_POINT('Ctrl Pts',(5.07819077345417,138.956635175397,17.8017755836286));
#4431=CARTESIAN_POINT('Ctrl Pts',(13.7789665884337,138.822327293371,23.2489858219546));
#4432=CARTESIAN_POINT('Ctrl Pts',(18.2260419945969,138.688019412826,32.4981406613176));
#4433=CARTESIAN_POINT('Ctrl Pts',(17.0619274795785,138.553711534237,42.694438941172));
#4434=CARTESIAN_POINT('Ctrl Pts',(10.6307592753082,138.419403657482,50.6963064483469));
#4435=CARTESIAN_POINT('Ctrl Pts',(1.7401871695932,138.296288104833,53.7561410864058));
#4436=CARTESIAN_POINT('Ctrl Pts',(-6.56254319653984,138.184364875229,52.4017294967026));
#4437=CARTESIAN_POINT('Ctrl Pts',(-12.1694763307477,138.094826291185,48.7028443452788));
#4438=CARTESIAN_POINT('Ctrl Pts',(-16.6193860142051,137.994095383489,42.6939550033584));
#4439=CARTESIAN_POINT('Ctrl Pts',(-18.2621259738282,137.893364474815,35.1831630751241));
#4440=CARTESIAN_POINT('Ctrl Pts',(-15.9446348467635,137.781441241512,27.0947692856516));
#4441=CARTESIAN_POINT('Ctrl Pts',(-11.0791627600708,137.68071033057,21.309135189071));
#4442=CARTESIAN_POINT('Ctrl Pts',(-4.26238883033568,137.579979418949,18.0228231193948));
#4443=CARTESIAN_POINT('Ctrl Pts',(3.29827708721341,137.479248507069,17.8167475759559));
#4444=CARTESIAN_POINT('Ctrl Pts',(10.2821884741972,137.37851759539,20.7248790199586));
#4445=CARTESIAN_POINT('Ctrl Pts',(15.4616358841507,137.277786684339,26.2382726792391));
#4446=CARTESIAN_POINT('Ctrl Pts',(17.9294824352705,137.177055774233,33.3889837386338));
#4447=CARTESIAN_POINT('Ctrl Pts',(17.2519111745586,137.076324865223,40.9237412976823));
#4448=CARTESIAN_POINT('Ctrl Pts',(13.5484761713237,136.975593957266,47.518874143242));
#4449=CARTESIAN_POINT('Ctrl Pts',(7.46854565295924,136.874863050138,52.0222745927708));
#4450=CARTESIAN_POINT('Ctrl Pts',(0.0796884461313101,136.774132143465,53.6343139895541));
#4451=CARTESIAN_POINT('Ctrl Pts',(-8.15153389816699,136.662208913836,51.91910037372));
#4452=CARTESIAN_POINT('Ctrl Pts',(-15.3548024221363,136.5390933606,45.8705356819629));
#4453=CARTESIAN_POINT('Ctrl Pts',(-18.4772301616532,136.404785482692,36.0920794371419));
#4454=CARTESIAN_POINT('Ctrl Pts',(-15.9062111696853,136.270477602802,26.1582158600877));
#4455=CARTESIAN_POINT('Ctrl Pts',(-8.4328949929754,136.136169721203,19.1229278851608));
#4456=CARTESIAN_POINT('Ctrl Pts',(1.6429415866509,136.001861838698,17.1637300925479));
#4457=CARTESIAN_POINT('Ctrl Pts',(10.4100310655387,135.878746279898,20.5672649150277));
#4458=CARTESIAN_POINT('Ctrl Pts',(15.8723853114471,135.766823045499,26.9604402354037));
#4459=CARTESIAN_POINT('Ctrl Pts',(18.0122249317083,135.666092135507,34.2135853154618));
#4460=CARTESIAN_POINT('Ctrl Pts',(16.9875924896741,135.565361226618,41.7101858316438));
#4461=CARTESIAN_POINT('Ctrl Pts',(12.9860972048497,135.464630318765,48.1287855804146));
#4462=CARTESIAN_POINT('Ctrl Pts',(6.70564344005737,135.363899411707,52.3463017902311));
#4463=CARTESIAN_POINT('Ctrl Pts',(-0.750715026298028,135.263168505058,53.6214175134401));
#4464=CARTESIAN_POINT('Ctrl Pts',(-8.07551889675634,135.162437598363,51.7313122387352));
#4465=CARTESIAN_POINT('Ctrl Pts',(-13.9838354481281,135.061706691174,47.0070747750483));
#4466=CARTESIAN_POINT('Ctrl Pts',(-17.4390818349256,134.960975783132,40.2777205508223));
#4467=CARTESIAN_POINT('Ctrl Pts',(-17.8358194202188,134.860244874023,32.7231988016145));
#4468=CARTESIAN_POINT('Ctrl Pts',(-15.5583074496036,134.776302448858,26.8451370378949));
#4469=CARTESIAN_POINT('Ctrl Pts',(-12.4132919045108,134.709148508265,23.0105193269263));
#4470=CARTESIAN_POINT('Ctrl Pts',(-7.89696504261624,134.630802243944,19.393294176544));
#4471=CARTESIAN_POINT('Ctrl Pts',(-0.107171867356074,134.52447517036,17.0863893340613));
#4472=CARTESIAN_POINT('Ctrl Pts',(9.76812924688299,134.390167287924,19.8843924210681));
#4473=CARTESIAN_POINT('Ctrl Pts',(16.6359769940234,134.255859406537,27.5084478927381));
#4474=CARTESIAN_POINT('Ctrl Pts',(18.3713815389146,134.121551526937,37.6279998170411));
#4475=CARTESIAN_POINT('Ctrl Pts',(14.4452132950754,133.987243649309,47.1058397691094));
#4476=CARTESIAN_POINT('Ctrl Pts',(5.71910171656648,133.847339611729,53.2881480631598));
#4477=CARTESIAN_POINT('Ctrl Pts',(-5.51172225808786,133.701839413396,53.4956880680629));
#4478=CARTESIAN_POINT('Ctrl Pts',(-15.044770839461,133.550743052847,46.761362802533));
#4479=CARTESIAN_POINT('Ctrl Pts',(-18.7470681985495,133.399646690267,35.6973954338467));
#4480=CARTESIAN_POINT('Ctrl Pts',(-15.188687858564,133.248550325158,24.583811056543));
#4481=CARTESIAN_POINT('Ctrl Pts',(-5.74510615087448,133.097453957999,17.7297756675479));
#4482=CARTESIAN_POINT('Ctrl Pts',(5.92210743700187,132.946357590065,17.786291033052));
#4483=CARTESIAN_POINT('Ctrl Pts',(15.298678410276,132.795261222929,24.7380132018101));
#4484=CARTESIAN_POINT('Ctrl Pts',(17.5918407510188,132.694530312884,32.1650071302793));
#4485=CARTESIAN_POINT('Ctrl Pts',(17.5309613077623,132.644164858282,35.8635191060393));
#4486=CARTESIAN_POINT('Ctrl Pts',(-11.1467326570768,140.951601048821,48.7616127778112));
#4487=CARTESIAN_POINT('Ctrl Pts',(-13.9287270880978,140.901235595167,46.4099823946918));
#4488=CARTESIAN_POINT('Ctrl Pts',(-17.949972515013,140.800504687322,39.8966009100692));
#4489=CARTESIAN_POINT('Ctrl Pts',(-17.0285076265684,140.649408323131,28.4385765678795));
#4490=CARTESIAN_POINT('Ctrl Pts',(-9.50958165067875,140.498311956642,19.7505652377636));
#4491=CARTESIAN_POINT('Ctrl Pts',(1.69256997765488,140.34721558887,17.189265551912));
#4492=CARTESIAN_POINT('Ctrl Pts',(12.2397216288224,140.196119221326,21.753288932977));
#4493=CARTESIAN_POINT('Ctrl Pts',(18.0443465985863,140.045022855435,31.6671957391842));
#4494=CARTESIAN_POINT('Ctrl Pts',(16.861002345699,139.893926491977,43.1029963887056));
#4495=CARTESIAN_POINT('Ctrl Pts',(9.99917005070771,139.759618615372,50.6606307121923));
#4496=CARTESIAN_POINT('Ctrl Pts',(1.70612452636839,139.64209922414,53.2770277490524));
#4497=CARTESIAN_POINT('Ctrl Pts',(-5.69117410697162,139.541368317471,52.4283868279867));
#4498=CARTESIAN_POINT('Ctrl Pts',(-12.0948947081574,139.440637410455,48.6173346853801));
#4499=CARTESIAN_POINT('Ctrl Pts',(-16.3750954355013,139.3399065027,42.5207726284323));
#4500=CARTESIAN_POINT('Ctrl Pts',(-17.7834125765846,139.239175593944,35.2062380143622));
#4501=CARTESIAN_POINT('Ctrl Pts',(-16.073311631424,139.138444684102,27.9530241140278));
#4502=CARTESIAN_POINT('Ctrl Pts',(-11.541744373698,139.037713773277,22.0440674044216));
#4503=CARTESIAN_POINT('Ctrl Pts',(-4.26004288022353,138.925790538244,18.0999580951108));
#4504=CARTESIAN_POINT('Ctrl Pts',(5.00097423627368,138.802674979272,18.0720952465888));
#4505=CARTESIAN_POINT('Ctrl Pts',(13.5694132633455,138.668367097292,23.4364671203066));
#4506=CARTESIAN_POINT('Ctrl Pts',(17.9488430386709,138.534059216771,32.5449549721045));
#4507=CARTESIAN_POINT('Ctrl Pts',(16.8024232113575,138.399751338176,42.5861752758138));
#4508=CARTESIAN_POINT('Ctrl Pts',(10.4690592299618,138.265443461386,50.466334768288));
#4509=CARTESIAN_POINT('Ctrl Pts',(1.71370180731471,138.142327908691,53.4796228628605));
#4510=CARTESIAN_POINT('Ctrl Pts',(-6.46274989918148,138.030404679043,52.1458021584715));
#4511=CARTESIAN_POINT('Ctrl Pts',(-11.9844026833603,137.940866094969,48.5031680547342));
#4512=CARTESIAN_POINT('Ctrl Pts',(-16.3666269582648,137.84013518725,42.5856640928864));
#4513=CARTESIAN_POINT('Ctrl Pts',(-17.9843745628368,137.739404278567,35.1891030538244));
#4514=CARTESIAN_POINT('Ctrl Pts',(-15.7021221388466,137.627481045276,27.2237290415988));
#4515=CARTESIAN_POINT('Ctrl Pts',(-10.9106436833323,137.52675013436,21.5260943790043));
#4516=CARTESIAN_POINT('Ctrl Pts',(-4.19754354727214,137.426019222775,18.289771245799));
#4517=CARTESIAN_POINT('Ctrl Pts',(3.24813146526177,137.325288310935,18.0868376992592));
#4518=CARTESIAN_POINT('Ctrl Pts',(10.1258206796165,137.224557399293,20.9507461827023));
#4519=CARTESIAN_POINT('Ctrl Pts',(15.2264875592741,137.123826488269,26.3802912674805));
#4520=CARTESIAN_POINT('Ctrl Pts',(17.6567929756064,137.023095578176,33.4222488005685));
#4521=CARTESIAN_POINT('Ctrl Pts',(16.989519239749,136.922364669163,40.8424085901879));
#4522=CARTESIAN_POINT('Ctrl Pts',(13.3424034681552,136.821633761186,47.3372314276211));
#4523=CARTESIAN_POINT('Ctrl Pts',(7.35493874907215,136.720902854026,51.7721328478334));
#4524=CARTESIAN_POINT('Ctrl Pts',(0.0784579424795518,136.620171947314,53.3596469435576));
#4525=CARTESIAN_POINT('Ctrl Pts',(-8.02757294596001,136.508248717642,51.6705117698009));
#4526=CARTESIAN_POINT('Ctrl Pts',(-15.121279840484,136.385133164367,45.7139330565928));
#4527=CARTESIAN_POINT('Ctrl Pts',(-18.1962081379358,136.250825286443,36.0841953718246));
#4528=CARTESIAN_POINT('Ctrl Pts',(-15.6642818900544,136.116517406566,26.3014198140925));
#4529=CARTESIAN_POINT('Ctrl Pts',(-8.30462108861312,135.982209525007,19.3731400952005));
#4530=CARTESIAN_POINT('Ctrl Pts',(1.61797284098424,135.847901642555,17.4437503399541));
#4531=CARTESIAN_POINT('Ctrl Pts',(10.2517190588736,135.724786083802,20.795529381823));
#4532=CARTESIAN_POINT('Ctrl Pts',(15.630989104996,135.612862849432,27.0914757086755));
#4533=CARTESIAN_POINT('Ctrl Pts',(17.7382761837998,135.512131939451,34.2343089935464));
#4534=CARTESIAN_POINT('Ctrl Pts',(16.7292198028832,135.411401030557,41.616891718969));
#4535=CARTESIAN_POINT('Ctrl Pts',(12.7885771673032,135.310670122683,47.9378660673984));
#4536=CARTESIAN_POINT('Ctrl Pts',(6.60363927873985,135.209939215591,52.0912310911521));
#4537=CARTESIAN_POINT('Ctrl Pts',(-0.739315806086413,135.109208308902,53.3469457583811));
#4538=CARTESIAN_POINT('Ctrl Pts',(-7.95271387331265,135.008477402169,51.4855798062275));
#4539=CARTESIAN_POINT('Ctrl Pts',(-13.7711652429576,134.907746494949,46.8331877925651));
#4540=CARTESIAN_POINT('Ctrl Pts',(-17.1738534398741,134.807015586888,40.2061776111728));
#4541=CARTESIAN_POINT('Ctrl Pts',(-17.5645492316601,134.706284677777,32.7665531236594));
#4542=CARTESIAN_POINT('Ctrl Pts',(-15.3216701870866,134.622342252624,26.9778938789513));
#4543=CARTESIAN_POINT('Ctrl Pts',(-12.2244836382703,134.555188312048,23.2016005812649));
#4544=CARTESIAN_POINT('Ctrl Pts',(-7.77684244191546,134.476842047751,19.6393949023645));
#4545=CARTESIAN_POINT('Ctrl Pts',(-0.105522838419986,134.370514974207,17.367584068639));
#4546=CARTESIAN_POINT('Ctrl Pts',(9.61958070713072,134.236207091825,20.1230421218062));
#4547=CARTESIAN_POINT('Ctrl Pts',(16.3829666627968,134.101899210473,27.6311494333206));
#4548=CARTESIAN_POINT('Ctrl Pts',(18.0919668249958,133.967591330883,37.5967936054991));
#4549=CARTESIAN_POINT('Ctrl Pts',(14.225502428808,133.833283453234,46.9304798664566));
#4550=CARTESIAN_POINT('Ctrl Pts',(5.6321010244302,133.693379415608,53.0187516923133));
#4551=CARTESIAN_POINT('Ctrl Pts',(-5.42791215224841,133.547879217216,53.2231236562879));
#4552=CARTESIAN_POINT('Ctrl Pts',(-14.8159644823395,133.396782856616,46.5912117942317));
#4553=CARTESIAN_POINT('Ctrl Pts',(-18.4619417687703,133.245686494017,35.6955138898242));
#4554=CARTESIAN_POINT('Ctrl Pts',(-14.9576698634317,133.094590128926,24.7509610679891));
#4555=CARTESIAN_POINT('Ctrl Pts',(-5.65770973295009,132.943493761817,18.0011792660257));
#4556=CARTESIAN_POINT('Ctrl Pts',(5.83205568125887,132.792397393945,18.0568470695552));
#4557=CARTESIAN_POINT('Ctrl Pts',(15.0660100674648,132.641301026859,24.9028492572863));
#4558=CARTESIAN_POINT('Ctrl Pts',(17.3242877836372,132.540570116826,32.2168874591445));
#4559=CARTESIAN_POINT('Ctrl Pts',(17.2643304634876,132.490204662223,35.8591482395812));
#4560=CARTESIAN_POINT('Ctrl Pts',(-10.9745966153991,140.797640845586,48.5579456657237));
#4561=CARTESIAN_POINT('Ctrl Pts',(-13.7136233300272,140.747275391917,46.242630878957));
#4562=CARTESIAN_POINT('Ctrl Pts',(-17.6727575127557,140.646544484049,39.8298377931149));
#4563=CARTESIAN_POINT('Ctrl Pts',(-16.7655113074602,140.495448119864,28.5487723533345));
#4564=CARTESIAN_POINT('Ctrl Pts',(-9.36269831027514,140.344351753415,19.9949469622591));
#4565=CARTESIAN_POINT('Ctrl Pts',(1.66644989736684,140.193255385704,17.4732161847141));
#4566=CARTESIAN_POINT('Ctrl Pts',(12.050706224826,140.042159018217,21.9667641653269));
#4567=CARTESIAN_POINT('Ctrl Pts',(17.7656737192686,139.891062652356,31.7275667432619));
#4568=CARTESIAN_POINT('Ctrl Pts',(16.6005926425177,139.739966288893,42.9867514292457));
#4569=CARTESIAN_POINT('Ctrl Pts',(9.84472638814629,139.605658412251,50.4276580864717));
#4570=CARTESIAN_POINT('Ctrl Pts',(1.67975594574312,139.488139020974,53.0036384477725));
#4571=CARTESIAN_POINT('Ctrl Pts',(-5.60329777390976,139.387408114264,52.1680959222082));
#4572=CARTESIAN_POINT('Ctrl Pts',(-11.9081150807538,139.286677207214,48.4158947773757));
#4573=CARTESIAN_POINT('Ctrl Pts',(-16.1222057067002,139.185946299436,42.4134834726342));
#4574=CARTESIAN_POINT('Ctrl Pts',(-17.5087648384372,139.085215390672,35.2119131141442));
#4575=CARTESIAN_POINT('Ctrl Pts',(-15.8250668468595,138.984484480839,28.0707198155875));
#4576=CARTESIAN_POINT('Ctrl Pts',(-11.3634787702641,138.883753570039,22.2530260411568));
#4577=CARTESIAN_POINT('Ctrl Pts',(-4.19423170523302,138.771830335045,18.3698375184364));
#4578=CARTESIAN_POINT('Ctrl Pts',(4.92375815216791,138.648714776124,18.3424150345409));
#4579=CARTESIAN_POINT('Ctrl Pts',(13.3598602548523,138.514406894189,23.6239487661191));
#4580=CARTESIAN_POINT('Ctrl Pts',(17.6716441652066,138.380099013692,32.5917697455922));
#4581=CARTESIAN_POINT('Ctrl Pts',(16.542918766074,138.24579113509,42.4779120459022));
#4582=CARTESIAN_POINT('Ctrl Pts',(10.3073588026109,138.111483258267,50.2363633620368));
#4583=CARTESIAN_POINT('Ctrl Pts',(1.68721598318415,137.988367705524,53.203104687783));
#4584=CARTESIAN_POINT('Ctrl Pts',(-6.36295703118303,137.876444475833,51.889874657292));
#4585=CARTESIAN_POINT('Ctrl Pts',(-11.7993293725624,137.786905891729,48.3034914578094));
#4586=CARTESIAN_POINT('Ctrl Pts',(-16.1138680872048,137.686174983986,42.4773727615168));
#4587=CARTESIAN_POINT('Ctrl Pts',(-17.7066231461221,137.585444075294,35.1950425681123));
#4588=CARTESIAN_POINT('Ctrl Pts',(-15.4596092190182,137.473520842015,27.3526883901776));
#4589=CARTESIAN_POINT('Ctrl Pts',(-10.742124246451,137.372789931126,21.7430532839333));
#4590=CARTESIAN_POINT('Ctrl Pts',(-4.13269781892727,137.272059019577,18.5567192597553));
#4591=CARTESIAN_POINT('Ctrl Pts',(3.19798629558613,137.171328107777,18.3569279023002));
#4592=CARTESIAN_POINT('Ctrl Pts',(9.96945326499229,137.070597196172,21.176613603428));
#4593=CARTESIAN_POINT('Ctrl Pts',(14.9913394753763,136.969866285176,26.5223102466734));
#4594=CARTESIAN_POINT('Ctrl Pts',(17.3841035756829,136.869135375096,33.4555143178611));
#4595=CARTESIAN_POINT('Ctrl Pts',(16.7271271729494,136.768404466078,40.761076322572));
#4596=CARTESIAN_POINT('Ctrl Pts',(13.1363304644431,136.667673558083,47.1555890592446));
#4597=CARTESIAN_POINT('Ctrl Pts',(7.24133142874768,136.56694265089,51.5219912966152));
#4598=CARTESIAN_POINT('Ctrl Pts',(0.0772269796745664,136.466211744139,53.0849799037781));
#4599=CARTESIAN_POINT('Ctrl Pts',(-7.90361241119923,136.354288514423,51.4219229624188));
#4600=CARTESIAN_POINT('Ctrl Pts',(-14.887757524164,136.23117296111,45.5573300432079));
#4601=CARTESIAN_POINT('Ctrl Pts',(-17.9151861316641,136.096865083169,36.0763108368369));
#4602=CARTESIAN_POINT('Ctrl Pts',(-15.4223523746916,135.962557203306,26.4446233614838));
#4603=CARTESIAN_POINT('Ctrl Pts',(-8.17634676790874,135.828249321786,19.6233520870238));
#4604=CARTESIAN_POINT('Ctrl Pts',(1.59300456381834,135.693941439388,17.7237706248584));
#4605=CARTESIAN_POINT('Ctrl Pts',(10.0934074361988,135.570825880681,21.0237941098063));
#4606=CARTESIAN_POINT('Ctrl Pts',(15.3895931212617,135.45890264634,27.2225115835147));
#4607=CARTESIAN_POINT('Ctrl Pts',(17.4643274746722,135.358171736371,34.2550331292799));
#4608=CARTESIAN_POINT('Ctrl Pts',(16.4708469640533,135.257440827471,41.5235980396417));
#4609=CARTESIAN_POINT('Ctrl Pts',(12.5910568135847,135.156709919576,47.7469468874725));
#4610=CARTESIAN_POINT('Ctrl Pts',(6.50163469256023,135.055979012451,51.8361605664612));
#4611=CARTESIAN_POINT('Ctrl Pts',(-0.727917044888927,134.955248105723,53.0724739884237));
#4612=CARTESIAN_POINT('Ctrl Pts',(-7.82990926252588,134.85451719895,51.2398471721469));
#4613=CARTESIAN_POINT('Ctrl Pts',(-13.5584953317014,134.753786291699,46.6593004571898));
#4614=CARTESIAN_POINT('Ctrl Pts',(-16.9086251684386,134.65305538362,40.1346342292196));
#4615=CARTESIAN_POINT('Ctrl Pts',(-17.2932789747387,134.552324474507,32.8099069915565));
#4616=CARTESIAN_POINT('Ctrl Pts',(-15.0850327062077,134.468382049366,27.1106503224113));
#4617=CARTESIAN_POINT('Ctrl Pts',(-12.0356750554552,134.401228108806,23.3926815170711));
#4618=CARTESIAN_POINT('Ctrl Pts',(-7.65671943163175,134.322881844534,19.8854954236217));
#4619=CARTESIAN_POINT('Ctrl Pts',(-0.103873339432748,134.216554771031,17.648778796221));
#4620=CARTESIAN_POINT('Ctrl Pts',(9.47103256859069,134.082246888701,20.3616920672572));
#4621=CARTESIAN_POINT('Ctrl Pts',(16.1299565405264,133.947939007386,27.7538513950044));
#4622=CARTESIAN_POINT('Ctrl Pts',(17.8125520631378,133.813631127805,37.565587861535));
#4623=CARTESIAN_POINT('Ctrl Pts',(14.0057912727223,133.679323250135,46.7551203337612));
#4624=CARTESIAN_POINT('Ctrl Pts',(5.54509988325655,133.539419212462,52.7493554709923));
#4625=CARTESIAN_POINT('Ctrl Pts',(-5.3441025033313,133.393919014011,52.950559108534));
#4626=CARTESIAN_POINT('Ctrl Pts',(-14.5871584131305,133.242822653361,46.4210604060077));
#4627=CARTESIAN_POINT('Ctrl Pts',(-18.1768153464552,133.091726290742,35.6936318691769));
#4628=CARTESIAN_POINT('Ctrl Pts',(-14.726651592373,132.94062992567,24.9181106907049));
#4629=CARTESIAN_POINT('Ctrl Pts',(-5.57031286263273,132.789533558611,18.272582714288));
#4630=CARTESIAN_POINT('Ctrl Pts',(5.74200437916487,132.638437190801,18.3274032525031));
#4631=CARTESIAN_POINT('Ctrl Pts',(14.833342003761,132.487340823764,25.0676856992188));
#4632=CARTESIAN_POINT('Ctrl Pts',(17.0567349069987,132.386609913743,32.2687682345077));
#4633=CARTESIAN_POINT('Ctrl Pts',(16.9976996159456,132.33624445914,35.8547778189321));
#4634=CARTESIAN_POINT('Origin',(-4.14213285670082,131.298116438572,14.169286242978));
#4635=CARTESIAN_POINT('',(6.19999876882668,132.324241167227,15.195410976133));
#4636=CARTESIAN_POINT('',(-6.20000014798448,131.298116438633,14.1692862423223));
#4637=CARTESIAN_POINT('Origin',(-17.4999994691659,114.797500726728,47.9771209705486));
#4638=CARTESIAN_POINT('',(14.4999980624191,116.447500721155,47.9771213522932));
#4639=CARTESIAN_POINT('',(-17.4999994688785,116.447500726728,47.9771209705486));
#4640=CARTESIAN_POINT('Origin',(14.4999980584198,114.797500721155,47.9771213522932));
#4641=CARTESIAN_POINT('Origin',(-17.4999994641428,114.797500726728,47.9771209705486));
#4642=CARTESIAN_POINT('',(-12.499999234807,116.447500725857,47.9771210301962));
#4643=CARTESIAN_POINT('Origin',(-12.4999991764526,114.797500725857,47.9771210301962));
#4644=CARTESIAN_POINT('',(-17.4999994638554,116.447500726728,47.9771209705486));
#4645=CARTESIAN_POINT('Origin',(-17.4999991540862,114.797500401877,20.7462861594714));
#4646=CARTESIAN_POINT('',(14.499998318723,116.447500396304,20.746286541216));
#4647=CARTESIAN_POINT('',(-17.4999991537989,116.447500401877,20.7462861594714));
#4648=CARTESIAN_POINT('Origin',(14.4999983147237,114.797500396304,20.746286541216));
#4649=CARTESIAN_POINT('Origin',(-17.4999991540862,114.797500401877,20.7462861594714));
#4650=CARTESIAN_POINT('',(-12.4999991418403,116.447500230804,20.7462862334425));
#4651=CARTESIAN_POINT('Origin',(-12.499998788388,114.797500401006,20.746286219119));
#4652=CARTESIAN_POINT('',(-17.4999991537989,116.447500401877,20.7462861594714));
#4653=CARTESIAN_POINT('Origin',(9.80870536329383,120.197496906976,25.5765644933842));
#4654=CARTESIAN_POINT('',(-3.34999996357125,120.19749691156,23.5322147235323));
#4655=CARTESIAN_POINT('',(-3.34999996357124,120.19749691156,24.1229253890578));
#4656=CARTESIAN_POINT('Origin',(2.80924779053762E-6,120.197496910393,35.5749503522051));
#4657=CARTESIAN_POINT('Origin',(6.19999876899175,132.798116433657,16.7737851746326));
#4658=CARTESIAN_POINT('',(6.19999876899159,132.797640839606,15.8478091806282));
#4659=CARTESIAN_POINT('Origin',(7.19999876899159,132.797640839258,15.8478091806282));
#4660=CARTESIAN_POINT('Origin',(-6.20000014746196,132.798116437977,12.669286242978));
#4661=CARTESIAN_POINT('',(-6.20000015021411,124.797969606753,15.8478116350247));
#4662=CARTESIAN_POINT('',(-6.20000014746212,132.797640843926,15.8478116350247));
#4663=CARTESIAN_POINT('',(-6.20000015021411,124.797969606753,24.0154949645085));
#4664=CARTESIAN_POINT('Origin',(-5.61252392867336E-7,124.797969606753,35.361703686039));
#4665=CARTESIAN_POINT('Origin',(-7.20000015024877,124.797969606753,15.8478116350247));
#4666=CARTESIAN_POINT('Origin',(-7.20000014746212,132.797640844274,15.8478116350247));
#4667=CARTESIAN_POINT('Origin',(2.67000648874944E-6,123.797974996439,35.5749492728905));
#4668=CARTESIAN_POINT('Origin',(2.67000648916525E-6,123.797974996439,35.5749492728905));
#4669=CARTESIAN_POINT('Origin',(14.4999981532441,117.347742777145,38.2725518211612));
#4670=CARTESIAN_POINT('',(14.4999980584199,111.997500720632,47.9771213587685));
#4671=CARTESIAN_POINT('Origin',(14.4999980584199,114.797500720632,47.9771213587685));
#4672=CARTESIAN_POINT('Origin',(17.4999980584199,114.797500720632,47.9771213880817));
#4673=CARTESIAN_POINT('',(17.4999980584199,111.997500720632,47.9771213880817));
#4674=CARTESIAN_POINT('Origin',(14.4999981532441,117.347742777145,38.2725518211612));
#4675=CARTESIAN_POINT('',(14.4999983147237,111.997500395781,20.7462865476913));
#4676=CARTESIAN_POINT('Origin',(14.4999983147237,114.797500395781,20.7462865476913));
#4677=CARTESIAN_POINT('Origin',(17.4999983147237,114.797500395781,20.7462865770046));
#4678=CARTESIAN_POINT('',(17.4999983147237,111.997500395781,20.7462865770046));
#4679=CARTESIAN_POINT('Origin',(-17.4999995276324,111.997500726728,50.5937017242795));
#4680=CARTESIAN_POINT('',(-12.4999995128382,111.997500555655,49.5937017982506));
#4681=CARTESIAN_POINT('',(-17.4999995128382,111.997500726728,49.5937017242795));
#4682=CARTESIAN_POINT('',(-12.4999994650061,111.997500555655,46.3605402907887));
#4683=CARTESIAN_POINT('',(-12.4999994798003,111.997500555655,47.3605402907887));
#4684=CARTESIAN_POINT('',(-17.4999994650061,111.997500726728,46.3605402168176));
#4685=CARTESIAN_POINT('Origin',(-17.4999994650061,111.997500726728,46.3605402168176));
#4686=CARTESIAN_POINT('',(-12.4999993452889,114.797500555655,44.7439595370578));
#4687=CARTESIAN_POINT('',(-12.4999993452889,114.797500555655,44.7439595370578));
#4688=CARTESIAN_POINT('',(-17.4999993452889,114.797500726728,44.7439594630867));
#4689=CARTESIAN_POINT('Origin',(-17.4999993452889,114.797500726728,44.7439594630867));
#4690=CARTESIAN_POINT('',(-12.4999992657019,117.897500555655,46.5337453715456));
#4691=CARTESIAN_POINT('',(-12.4999992734039,117.597500555655,46.3605402907887));
#4692=CARTESIAN_POINT('',(-17.4999992657019,117.897500726728,46.5337452975745));
#4693=CARTESIAN_POINT('Origin',(-17.4999992779337,117.897500726728,47.3605402168176));
#4694=CARTESIAN_POINT('',(-12.4999993084091,117.897500555655,49.4204967174937));
#4695=CARTESIAN_POINT('',(-12.4999993257658,117.897500555655,50.5937017982506));
#4696=CARTESIAN_POINT('',(-17.4999993084091,117.897500726728,49.4204966435226));
#4697=CARTESIAN_POINT('Origin',(-17.4999993212359,117.597500726728,49.5937017242795));
#4698=CARTESIAN_POINT('',(-12.4999994409531,114.797500555655,51.2102825519816));
#4699=CARTESIAN_POINT('',(-12.4999994409531,114.797500555655,51.2102825519816));
#4700=CARTESIAN_POINT('',(-17.4999994409531,114.797500726728,51.2102824780105));
#4701=CARTESIAN_POINT('Origin',(-17.4999994409531,114.797500726728,51.2102824780105));
#4702=CARTESIAN_POINT('',(-12.4999995128382,111.997500555655,49.5937017982506));
#4703=CARTESIAN_POINT('Origin',(-12.4999989456254,117.347743543625,38.2725541211374));
#4704=CARTESIAN_POINT('Origin',(-12.4999989456254,117.347743543625,38.2725541211373));
#4705=CARTESIAN_POINT('',(-12.4999992615575,111.997500230804,22.3628669871734));
#4706=CARTESIAN_POINT('',(-12.4999992137254,111.997500230804,19.1297054797115));
#4707=CARTESIAN_POINT('',(-12.4999992137254,111.997500230804,20.1297054797115));
#4708=CARTESIAN_POINT('',(-12.4999991896724,114.797500230804,23.9794477409044));
#4709=CARTESIAN_POINT('',(-12.4999992615575,111.997500230804,22.3628669871734));
#4710=CARTESIAN_POINT('',(-12.4999990423341,117.897500230804,22.1896619064166));
#4711=CARTESIAN_POINT('',(-12.4999991896724,114.797500230804,23.9794477409044));
#4712=CARTESIAN_POINT('',(-12.4999990144211,117.897500230804,19.3029105604684));
#4713=CARTESIAN_POINT('',(-12.4999990596908,117.897500230804,23.3628669871734));
#4714=CARTESIAN_POINT('',(-12.4999990940082,114.797500230804,17.5131247259806));
#4715=CARTESIAN_POINT('',(-12.4999990221231,117.597500230804,19.1297054797115));
#4716=CARTESIAN_POINT('',(-12.4999990940082,114.797500230804,17.5131247259806));
#4717=CARTESIAN_POINT('Origin',(-17.4999992615575,111.997500401877,23.3628669132023));
#4718=CARTESIAN_POINT('',(-17.4999992615575,111.997500401877,22.3628669132023));
#4719=CARTESIAN_POINT('',(-17.4999992137254,111.997500401877,19.1297054057404));
#4720=CARTESIAN_POINT('Origin',(-17.4999992137254,111.997500401877,19.1297054057404));
#4721=CARTESIAN_POINT('',(-17.4999990940082,114.797500401877,17.5131246520095));
#4722=CARTESIAN_POINT('Origin',(-17.4999990940082,114.797500401877,17.5131246520095));
#4723=CARTESIAN_POINT('',(-17.499999007024,117.897500401877,19.3029104864973));
#4724=CARTESIAN_POINT('Origin',(-17.4999990118587,117.897500401877,20.1297054057404));
#4725=CARTESIAN_POINT('',(-17.4999990497312,117.897500401877,22.1896618324454));
#4726=CARTESIAN_POINT('Origin',(-17.4999990699552,117.597500401877,22.3628669132023));
#4727=CARTESIAN_POINT('',(-17.4999991896724,114.797500401877,23.9794476669333));
#4728=CARTESIAN_POINT('Origin',(-17.4999991896724,114.797500401877,23.9794476669333));
#4729=CARTESIAN_POINT('Origin',(-3.49999995222242,114.797500399439,20.7462863264846));
#4730=CARTESIAN_POINT('',(-3.34999996545231,114.797500399439,22.3962863264846));
#4731=CARTESIAN_POINT('Origin',(-3.34999996545231,114.797500399439,20.7462863264846));
#4732=CARTESIAN_POINT('',(3.34999909205775,114.797500399439,22.3962863264846));
#4733=CARTESIAN_POINT('',(-3.49999995222242,114.797500399439,22.3962863264846));
#4734=CARTESIAN_POINT('Origin',(3.34999913130822,114.797500399439,20.7462863264846));
#4735=CARTESIAN_POINT('Origin',(-3.22710445007027E-7,109.89749599626,18.1221187019612));
#4736=CARTESIAN_POINT('',(2.84999913143301,109.897495995267,20.6692862847313));
#4737=CARTESIAN_POINT('',(2.84999930984425,109.897495995267,13.1692856631063));
#4738=CARTESIAN_POINT('',(2.84999912716904,109.897495995267,20.8485340073406));
#4739=CARTESIAN_POINT('',(-2.8499999671592,109.897495997253,20.6692862847313));
#4740=CARTESIAN_POINT('',(1.74999943465751,109.89749599565,20.6692862847313));
#4741=CARTESIAN_POINT('',(-2.8499999671592,109.897495997253,13.1692856631063));
#4742=CARTESIAN_POINT('',(-2.8499999671592,109.897495997253,20.3957024933463));
#4743=CARTESIAN_POINT('',(-4.14213440529851,109.897495997703,13.1692856631063));
#4744=CARTESIAN_POINT('Origin',(2.62499931516774,115.140136682465,21.6692862847313));
#4745=CARTESIAN_POINT('',(-3.34999996533295,115.140136684546,24.6692862847313));
#4746=CARTESIAN_POINT('',(-3.3499999660719,113.018816340986,23.790606628291));
#4747=CARTESIAN_POINT('Origin',(-3.34999996533295,115.140136684546,21.6692862847313));
#4748=CARTESIAN_POINT('',(3.34999905826984,113.018816338653,23.790606628291));
#4749=CARTESIAN_POINT('',(2.62499931442879,113.018816338905,23.790606628291));
#4750=CARTESIAN_POINT('',(3.34999903810661,115.140136682212,24.6692862847313));
#4751=CARTESIAN_POINT('Origin',(3.3499991094711,115.140136682212,21.6692862847313));
#4752=CARTESIAN_POINT('',(2.62499931516774,115.140136682465,24.6692862847313));
#4753=CARTESIAN_POINT('Origin',(9.80870536329383,120.197496906976,25.5765644933842));
#4754=CARTESIAN_POINT('',(3.34999907453077,120.197496909226,23.5322129132924));
#4755=CARTESIAN_POINT('Origin',(2.80924779053762E-6,120.197496910393,35.5749503522051));
#4756=CARTESIAN_POINT('',(3.34999917180606,120.197496909226,19.12292533133));
#4757=CARTESIAN_POINT('Origin',(-5.61252389536646E-7,124.89750087971,35.361703686039));
#4758=CARTESIAN_POINT('Origin',(2.81088501589647E-6,124.89750087971,35.5749503522051));
#4759=CARTESIAN_POINT('Origin',(-5.61252389536646E-7,124.89750087971,35.361703686039));
#4760=CARTESIAN_POINT('',(12.500002810885,124.89750087971,35.5749502030861));
#4761=CARTESIAN_POINT('Origin',(2.81088501589647E-6,124.89750087971,35.5749503522051));
#4762=CARTESIAN_POINT('Origin',(2.81088501589647E-6,124.89750087971,35.5749503522051));
#4763=CARTESIAN_POINT('Origin',(3.49999919721599,124.79797499522,24.6692862847313));
#4764=CARTESIAN_POINT('',(-3.34999996193404,123.797974997606,24.6692862847313));
#4765=CARTESIAN_POINT('',(3.34999909669544,123.797974995272,24.6692862811631));
#4766=CARTESIAN_POINT('',(1.65437068616705,123.797974995863,24.6692862847313));
#4767=CARTESIAN_POINT('',(-3.34999996193404,122.297737937412,24.6692862847313));
#4768=CARTESIAN_POINT('',(3.34999904147088,124.797974995272,24.6692862847313));
#4769=CARTESIAN_POINT('Origin',(1.65437068634122,124.297974995863,24.1692862847313));
#4770=CARTESIAN_POINT('',(-3.34999996192094,124.935046578787,23.5322147035504));
#4771=CARTESIAN_POINT('',(-3.34999996196869,124.797974997606,23.6692862847314));
#4772=CARTESIAN_POINT('',(3.34999907618107,124.935048366711,23.5322129132924));
#4773=CARTESIAN_POINT('',(3.34999903783761,123.346439718986,25.1208215610174));
#4774=CARTESIAN_POINT('Origin',(2.80670306043968E-6,112.892310928965,35.5749503522051));
#4775=CARTESIAN_POINT('Origin',(2.81642376016882E-6,140.797640841766,35.5749503522051));
#4776=CARTESIAN_POINT('',(12.5000028164238,140.797640837412,35.5749502030861));
#4777=CARTESIAN_POINT('',(-3.34999995639528,140.797640842933,23.5322147235324));
#4778=CARTESIAN_POINT('',(3.34999908170674,140.797640840599,23.5322129132924));
#4779=CARTESIAN_POINT('Origin',(-3.34999996196869,124.797974997606,22.6692862847314));
#4780=CARTESIAN_POINT('',(-3.34999996698503,110.397495997427,21.1692862847314));
#4781=CARTESIAN_POINT('',(-3.34999996698503,110.397495997427,20.3957024933463));
#4782=CARTESIAN_POINT('',(-3.34999996533905,115.122615747472,25.8944060347761));
#4783=CARTESIAN_POINT('Origin',(1.7499994353542,111.89749599565,22.6692862847313));
#4784=CARTESIAN_POINT('',(3.34999911971311,110.397495995093,21.1692862847313));
#4785=CARTESIAN_POINT('',(3.44654046970521,110.494037338231,21.2658276279028));
#4786=CARTESIAN_POINT('',(3.34999906755671,112.622615764199,23.3944060538376));
#4787=CARTESIAN_POINT('',(-2.78773610164724,109.835232131697,20.6070224191977));
#4788=CARTESIAN_POINT('Origin',(3.34999907340964,119.89749690255,23.5749492568178));
#4789=CARTESIAN_POINT('',(3.34999913495677,110.397495995093,20.8485340192347));
#4790=CARTESIAN_POINT('Origin',(-4.14213440521142,110.147495997703,12.9192856631063));
#4791=CARTESIAN_POINT('',(-3.34999996698503,110.397495997427,12.6692856631063));
#4792=CARTESIAN_POINT('',(2.84999930984425,109.897495995267,13.1692856631063));
#4793=CARTESIAN_POINT('Origin',(-3.09999996707212,110.14749599734,20.3957024933463));
#4794=CARTESIAN_POINT('Origin',(3.0999991310629,110.14749599518,20.8485340132876));
#4795=CARTESIAN_POINT('Origin',(4.60786405532648,110.147495771331,12.9192856631063));
#4796=UNCERTAINTY_MEASURE_WITH_UNIT(LENGTH_MEASURE(0.01),#4800,
'DISTANCE_ACCURACY_VALUE',
'Maximum model space distance between geometric entities at asserted c
onnectivities');
#4797=UNCERTAINTY_MEASURE_WITH_UNIT(LENGTH_MEASURE(0.01),#4800,
'DISTANCE_ACCURACY_VALUE',
'Maximum model space distance between geometric entities at asserted c
onnectivities');
#4798=(
GEOMETRIC_REPRESENTATION_CONTEXT(3)
GLOBAL_UNCERTAINTY_ASSIGNED_CONTEXT((#4796))
GLOBAL_UNIT_ASSIGNED_CONTEXT((#4800,#4802,#4803))
REPRESENTATION_CONTEXT('','3D')
);
#4799=(
GEOMETRIC_REPRESENTATION_CONTEXT(3)
GLOBAL_UNCERTAINTY_ASSIGNED_CONTEXT((#4797))
GLOBAL_UNIT_ASSIGNED_CONTEXT((#4800,#4802,#4803))
REPRESENTATION_CONTEXT('','3D')
);
#4800=(
LENGTH_UNIT()
NAMED_UNIT(*)
SI_UNIT(.MILLI.,.METRE.)
);
#4801=(
LENGTH_UNIT()
NAMED_UNIT(*)
SI_UNIT($,.METRE.)
);
#4802=(
NAMED_UNIT(*)
PLANE_ANGLE_UNIT()
SI_UNIT($,.RADIAN.)
);
#4803=(
NAMED_UNIT(*)
SI_UNIT($,.STERADIAN.)
SOLID_ANGLE_UNIT()
);
#4804=SHAPE_DEFINITION_REPRESENTATION(#4805,#4806);
#4805=PRODUCT_DEFINITION_SHAPE('',$,#4808);
#4806=SHAPE_REPRESENTATION('',(#1748),#4798);
#4807=PRODUCT_DEFINITION_CONTEXT('part definition',#4812,'design');
#4808=PRODUCT_DEFINITION('60. Battery Stock Adaptor',
'60. Battery Stock Adaptor',#4809,#4807);
#4809=PRODUCT_DEFINITION_FORMATION('',$,#4814);
#4810=PRODUCT_RELATED_PRODUCT_CATEGORY('60. Battery Stock Adaptor',
'60. Battery Stock Adaptor',(#4814));
#4811=APPLICATION_PROTOCOL_DEFINITION('international standard',
'automotive_design',2009,#4812);
#4812=APPLICATION_CONTEXT(
'Core Data for Automotive Mechanical Design Process');
#4813=PRODUCT_CONTEXT('part definition',#4812,'mechanical');
#4814=PRODUCT('60. Battery Stock Adaptor','60. Battery Stock Adaptor',$,
(#4813));
#4815=PRESENTATION_STYLE_ASSIGNMENT((#4817));
#4816=PRESENTATION_STYLE_ASSIGNMENT((#4818));
#4817=SURFACE_STYLE_USAGE(.BOTH.,#4819);
#4818=SURFACE_STYLE_USAGE(.BOTH.,#4820);
#4819=SURFACE_SIDE_STYLE('',(#4821));
#4820=SURFACE_SIDE_STYLE('',(#4822));
#4821=SURFACE_STYLE_FILL_AREA(#4823);
#4822=SURFACE_STYLE_FILL_AREA(#4824);
#4823=FILL_AREA_STYLE('Steel - Satin',(#4825));
#4824=FILL_AREA_STYLE('Plastic - Matte (Black) (1)',(#4826));
#4825=FILL_AREA_STYLE_COLOUR('Steel - Satin',#4827);
#4826=FILL_AREA_STYLE_COLOUR('Plastic - Matte (Black) (1)',#4828);
#4827=COLOUR_RGB('Steel - Satin',0.627450980392157,0.627450980392157,0.627450980392157);
#4828=COLOUR_RGB('Plastic - Matte (Black) (1)',0.0980392156862745,0.0980392156862745,
0.0980392156862745);
ENDSEC;
END-ISO-10303-21;
