ISO-10303-21;
HEADER;
/* Generated by software containing ST-Developer
 * from STEP Tools, Inc. (www.steptools.com) 
 */

FILE_DESCRIPTION(
/* description */ (''),
/* implementation_level */ '2;1');

FILE_NAME(
/* name */ '7. Suppressor End Cap.step',
/* time_stamp */ '2025-10-08T23:21:52+01:00',
/* author */ (''),
/* organization */ (''),
/* preprocessor_version */ 'ST-DEVELOPER v20.1',
/* originating_system */ 'Autodesk Translation Framework v14.10.0.0',
/* authorisation */ '');

FILE_SCHEMA (('AUTOMOTIVE_DESIGN { 1 0 10303 214 3 1 1 }'));
ENDSEC;

DATA;
#10=MECHANICAL_DESIGN_GEOMETRIC_PRESENTATION_REPRESENTATION('',(#13),#3078);
#11=SHAPE_REPRESENTATION_RELATIONSHIP('SRR','None',#3085,#12);
#12=ADVANCED_BREP_SHAPE_REPRESENTATION('',(#14),#3077);
#13=STYLED_ITEM('',(#3095),#14);
#14=MANIFOLD_SOLID_BREP('7. Suppressor End Cap',#742);
#15=(
BOUNDED_CURVE()
B_SPLINE_CURVE(2,(#2954,#2955,#2956),.UNSPECIFIED.,.F.,.F.)
B_SPLINE_CURVE_WITH_KNOTS((3,3),(5.28477361140475,9.23161641455479),
 .UNSPECIFIED.)
CURVE()
GEOMETRIC_REPRESENTATION_ITEM()
RATIONAL_B_SPLINE_CURVE((2.31046037327713,2.5196737348754,2.31046037327714))
REPRESENTATION_ITEM('')
);
#16=(
BOUNDED_CURVE()
B_SPLINE_CURVE(2,(#2965,#2966,#2967),.UNSPECIFIED.,.F.,.F.)
B_SPLINE_CURVE_WITH_KNOTS((3,3),(7.25819501297983,9.23161641455508),
 .UNSPECIFIED.)
CURVE()
GEOMETRIC_REPRESENTATION_ITEM()
RATIONAL_B_SPLINE_CURVE((2.41506705407628,2.41506705407628,2.31046037327712))
REPRESENTATION_ITEM('')
);
#17=(
BOUNDED_CURVE()
B_SPLINE_CURVE(2,(#2974,#2975,#2976),.UNSPECIFIED.,.F.,.F.)
B_SPLINE_CURVE_WITH_KNOTS((3,3),(5.28477361140469,7.25819501297983),
 .UNSPECIFIED.)
CURVE()
GEOMETRIC_REPRESENTATION_ITEM()
RATIONAL_B_SPLINE_CURVE((2.31046037327713,2.41506705407628,2.41506705407628))
REPRESENTATION_ITEM('')
);
#18=(
BOUNDED_CURVE()
B_SPLINE_CURVE(2,(#2985,#2986,#2987),.UNSPECIFIED.,.F.,.F.)
B_SPLINE_CURVE_WITH_KNOTS((3,3),(5.28477361140472,9.23161641455495),
 .UNSPECIFIED.)
CURVE()
GEOMETRIC_REPRESENTATION_ITEM()
RATIONAL_B_SPLINE_CURVE((2.31046037327714,2.51967373487542,2.31046037327714))
REPRESENTATION_ITEM('')
);
#19=(
BOUNDED_CURVE()
B_SPLINE_CURVE(2,(#3008,#3009,#3010),.UNSPECIFIED.,.F.,.F.)
B_SPLINE_CURVE_WITH_KNOTS((3,3),(5.28477361140472,9.23161641455508),
 .UNSPECIFIED.)
CURVE()
GEOMETRIC_REPRESENTATION_ITEM()
RATIONAL_B_SPLINE_CURVE((2.31046037327713,2.51967373487542,2.31046037327712))
REPRESENTATION_ITEM('')
);
#20=(
BOUNDED_CURVE()
B_SPLINE_CURVE(2,(#3022,#3023,#3024),.UNSPECIFIED.,.F.,.F.)
B_SPLINE_CURVE_WITH_KNOTS((3,3),(5.28477361140473,9.23161641455485),
 .UNSPECIFIED.)
CURVE()
GEOMETRIC_REPRESENTATION_ITEM()
RATIONAL_B_SPLINE_CURVE((2.31046037327715,2.51967373487542,2.31046037327716))
REPRESENTATION_ITEM('')
);
#21=(
BOUNDED_CURVE()
B_SPLINE_CURVE(2,(#3033,#3034,#3035),.UNSPECIFIED.,.F.,.F.)
B_SPLINE_CURVE_WITH_KNOTS((3,3),(5.28477361140475,9.23161641455491),
 .UNSPECIFIED.)
CURVE()
GEOMETRIC_REPRESENTATION_ITEM()
RATIONAL_B_SPLINE_CURVE((2.31046037327713,2.5196737348754,2.31046037327713))
REPRESENTATION_ITEM('')
);
#22=B_SPLINE_SURFACE_WITH_KNOTS('',3,1,((#1469,#1470),(#1471,#1472),(#1473,
#1474),(#1475,#1476)),.UNSPECIFIED.,.F.,.F.,.F.,(4,4),(2,2),(0.808642804154376,
0.809622879235633),(0.,0.5),.UNSPECIFIED.);
#23=B_SPLINE_SURFACE_WITH_KNOTS('',3,1,((#1481,#1482),(#1483,#1484),(#1485,
#1486),(#1487,#1488)),.UNSPECIFIED.,.F.,.F.,.F.,(4,4),(2,2),(1.93833295056812,
1.93931507516816),(0.,0.5),.UNSPECIFIED.);
#24=B_SPLINE_SURFACE_WITH_KNOTS('',3,3,((#1493,#1494,#1495,#1496,#1497,
#1498,#1499,#1500,#1501,#1502,#1503,#1504,#1505,#1506,#1507,#1508,#1509,
#1510,#1511,#1512,#1513,#1514,#1515,#1516,#1517,#1518,#1519,#1520,#1521,
#1522,#1523,#1524,#1525,#1526,#1527,#1528,#1529,#1530,#1531,#1532,#1533,
#1534,#1535,#1536,#1537,#1538,#1539,#1540,#1541,#1542,#1543,#1544,#1545,
#1546,#1547,#1548,#1549,#1550,#1551,#1552,#1553,#1554,#1555,#1556,#1557,
#1558,#1559,#1560,#1561,#1562,#1563,#1564,#1565,#1566),(#1567,#1568,#1569,
#1570,#1571,#1572,#1573,#1574,#1575,#1576,#1577,#1578,#1579,#1580,#1581,
#1582,#1583,#1584,#1585,#1586,#1587,#1588,#1589,#1590,#1591,#1592,#1593,
#1594,#1595,#1596,#1597,#1598,#1599,#1600,#1601,#1602,#1603,#1604,#1605,
#1606,#1607,#1608,#1609,#1610,#1611,#1612,#1613,#1614,#1615,#1616,#1617,
#1618,#1619,#1620,#1621,#1622,#1623,#1624,#1625,#1626,#1627,#1628,#1629,
#1630,#1631,#1632,#1633,#1634,#1635,#1636,#1637,#1638,#1639,#1640),(#1641,
#1642,#1643,#1644,#1645,#1646,#1647,#1648,#1649,#1650,#1651,#1652,#1653,
#1654,#1655,#1656,#1657,#1658,#1659,#1660,#1661,#1662,#1663,#1664,#1665,
#1666,#1667,#1668,#1669,#1670,#1671,#1672,#1673,#1674,#1675,#1676,#1677,
#1678,#1679,#1680,#1681,#1682,#1683,#1684,#1685,#1686,#1687,#1688,#1689,
#1690,#1691,#1692,#1693,#1694,#1695,#1696,#1697,#1698,#1699,#1700,#1701,
#1702,#1703,#1704,#1705,#1706,#1707,#1708,#1709,#1710,#1711,#1712,#1713,
#1714),(#1715,#1716,#1717,#1718,#1719,#1720,#1721,#1722,#1723,#1724,#1725,
#1726,#1727,#1728,#1729,#1730,#1731,#1732,#1733,#1734,#1735,#1736,#1737,
#1738,#1739,#1740,#1741,#1742,#1743,#1744,#1745,#1746,#1747,#1748,#1749,
#1750,#1751,#1752,#1753,#1754,#1755,#1756,#1757,#1758,#1759,#1760,#1761,
#1762,#1763,#1764,#1765,#1766,#1767,#1768,#1769,#1770,#1771,#1772,#1773,
#1774,#1775,#1776,#1777,#1778,#1779,#1780,#1781,#1782,#1783,#1784,#1785,
#1786,#1787,#1788),(#1789,#1790,#1791,#1792,#1793,#1794,#1795,#1796,#1797,
#1798,#1799,#1800,#1801,#1802,#1803,#1804,#1805,#1806,#1807,#1808,#1809,
#1810,#1811,#1812,#1813,#1814,#1815,#1816,#1817,#1818,#1819,#1820,#1821,
#1822,#1823,#1824,#1825,#1826,#1827,#1828,#1829,#1830,#1831,#1832,#1833,
#1834,#1835,#1836,#1837,#1838,#1839,#1840,#1841,#1842,#1843,#1844,#1845,
#1846,#1847,#1848,#1849,#1850,#1851,#1852,#1853,#1854,#1855,#1856,#1857,
#1858,#1859,#1860,#1861,#1862),(#1863,#1864,#1865,#1866,#1867,#1868,#1869,
#1870,#1871,#1872,#1873,#1874,#1875,#1876,#1877,#1878,#1879,#1880,#1881,
#1882,#1883,#1884,#1885,#1886,#1887,#1888,#1889,#1890,#1891,#1892,#1893,
#1894,#1895,#1896,#1897,#1898,#1899,#1900,#1901,#1902,#1903,#1904,#1905,
#1906,#1907,#1908,#1909,#1910,#1911,#1912,#1913,#1914,#1915,#1916,#1917,
#1918,#1919,#1920,#1921,#1922,#1923,#1924,#1925,#1926,#1927,#1928,#1929,
#1930,#1931,#1932,#1933,#1934,#1935,#1936),(#1937,#1938,#1939,#1940,#1941,
#1942,#1943,#1944,#1945,#1946,#1947,#1948,#1949,#1950,#1951,#1952,#1953,
#1954,#1955,#1956,#1957,#1958,#1959,#1960,#1961,#1962,#1963,#1964,#1965,
#1966,#1967,#1968,#1969,#1970,#1971,#1972,#1973,#1974,#1975,#1976,#1977,
#1978,#1979,#1980,#1981,#1982,#1983,#1984,#1985,#1986,#1987,#1988,#1989,
#1990,#1991,#1992,#1993,#1994,#1995,#1996,#1997,#1998,#1999,#2000,#2001,
#2002,#2003,#2004,#2005,#2006,#2007,#2008,#2009,#2010)),.UNSPECIFIED.,.F.,
 .F.,.F.,(4,1,1,1,4),(4,1,1,1,1,1,1,1,1,1,1,1,1,1,1,1,1,1,1,1,1,1,1,1,1,
1,1,1,1,1,1,1,1,1,1,1,1,1,1,1,1,1,1,1,1,1,1,1,1,1,1,1,1,1,1,1,1,1,1,1,1,
1,1,1,1,1,1,1,1,1,1,4),(0.,0.285714285714286,0.5,0.785714285714286,1.),
(-0.315786731612199,0.347325522411209,1.01043777643462,1.67355003045803,
2.33666228448144,2.99977453850484,3.66288679252825,4.32599904655166,4.98911130057507,
5.43118613659068,5.87326097260628,6.31533580862189,6.75741064463749,7.1994854806531,
7.6415603166687,8.30467257069211,8.96778482471552,9.63089707873893,10.2940093327623,
10.7360841687779,11.1781590047935,11.6202338408092,11.841271258817,12.0623086768248,
12.6517417915122,13.2411749061997,13.8306080208872,14.2726828569028,14.7147576929184,
15.156832528934,15.5989073649496,16.0409822009652,16.4830570369808,16.9251318729964,
17.367206709012,17.9566398236995,18.546072938387,19.1355060530745,19.4302226104182,
20.0196557251057,20.4617305611213,20.9038053971369,21.3458802331525,21.7879550691681,
22.0826716265118,22.6721047411993,23.2615378558868,23.8509709705742,24.4404040852617,
24.8824789212773,25.3245537572929,25.7666285933085,26.2087034293241,26.6507782653397,
27.0928531013554,27.534927937371,27.9770027733866,28.4190776094022,28.8611524454178,
29.3032272814334,29.745302117449,30.3347352321365,30.9241683468239,31.5136014615114,
32.1767137155348,32.8398259695582,33.5029382235816,34.166050477605,34.8291627316285,
35.4922749856519,36.1553872396753,36.8184994936987),.UNSPECIFIED.);
#25=B_SPLINE_SURFACE_WITH_KNOTS('',3,3,((#2204,#2205,#2206,#2207,#2208,
#2209,#2210,#2211,#2212,#2213,#2214,#2215,#2216,#2217,#2218,#2219,#2220,
#2221,#2222,#2223,#2224,#2225,#2226,#2227,#2228,#2229,#2230,#2231,#2232,
#2233,#2234,#2235,#2236,#2237,#2238,#2239,#2240,#2241,#2242,#2243,#2244,
#2245,#2246,#2247,#2248,#2249,#2250,#2251,#2252,#2253,#2254,#2255,#2256,
#2257,#2258,#2259,#2260,#2261,#2262,#2263,#2264,#2265,#2266,#2267,#2268,
#2269,#2270),(#2271,#2272,#2273,#2274,#2275,#2276,#2277,#2278,#2279,#2280,
#2281,#2282,#2283,#2284,#2285,#2286,#2287,#2288,#2289,#2290,#2291,#2292,
#2293,#2294,#2295,#2296,#2297,#2298,#2299,#2300,#2301,#2302,#2303,#2304,
#2305,#2306,#2307,#2308,#2309,#2310,#2311,#2312,#2313,#2314,#2315,#2316,
#2317,#2318,#2319,#2320,#2321,#2322,#2323,#2324,#2325,#2326,#2327,#2328,
#2329,#2330,#2331,#2332,#2333,#2334,#2335,#2336,#2337),(#2338,#2339,#2340,
#2341,#2342,#2343,#2344,#2345,#2346,#2347,#2348,#2349,#2350,#2351,#2352,
#2353,#2354,#2355,#2356,#2357,#2358,#2359,#2360,#2361,#2362,#2363,#2364,
#2365,#2366,#2367,#2368,#2369,#2370,#2371,#2372,#2373,#2374,#2375,#2376,
#2377,#2378,#2379,#2380,#2381,#2382,#2383,#2384,#2385,#2386,#2387,#2388,
#2389,#2390,#2391,#2392,#2393,#2394,#2395,#2396,#2397,#2398,#2399,#2400,
#2401,#2402,#2403,#2404),(#2405,#2406,#2407,#2408,#2409,#2410,#2411,#2412,
#2413,#2414,#2415,#2416,#2417,#2418,#2419,#2420,#2421,#2422,#2423,#2424,
#2425,#2426,#2427,#2428,#2429,#2430,#2431,#2432,#2433,#2434,#2435,#2436,
#2437,#2438,#2439,#2440,#2441,#2442,#2443,#2444,#2445,#2446,#2447,#2448,
#2449,#2450,#2451,#2452,#2453,#2454,#2455,#2456,#2457,#2458,#2459,#2460,
#2461,#2462,#2463,#2464,#2465,#2466,#2467,#2468,#2469,#2470,#2471)),
 .UNSPECIFIED.,.F.,.F.,.F.,(4,4),(4,1,1,1,1,1,1,1,1,1,1,1,1,1,1,1,1,1,1,
1,1,1,1,1,1,1,1,1,1,1,1,1,1,1,1,1,1,1,1,1,1,1,1,1,1,1,1,1,1,1,1,1,1,1,1,
1,1,1,1,1,1,1,1,1,4),(0.00577158503175757,0.0857802683640568),(8.21718023232102,
8.9951019600104,9.77302368769978,10.5509454153892,11.3288671430785,12.1067888707679,
12.8847105984573,13.6626323261467,14.440554053836,14.9591685389623,15.4777830240885,
15.9963975092148,16.515011994341,17.0336264794673,17.5522409645935,18.3301626922829,
19.1080844199723,19.8860061476617,20.663927875351,21.4418496030404,22.2197713307298,
22.9976930584192,23.7756147861086,24.2942292712348,24.8128437563611,25.3314582414873,
25.8500727266136,26.3686872117398,26.8873016968661,27.4059161819923,27.9245306671186,
28.4431451522448,28.9617596373711,29.3075026274552,29.9989886076236,30.7769103353129,
31.5548320630023,32.3327537906917,33.1106755183811,33.8885972460704,34.6665189737598,
35.4444407014492,36.2223624291386,37.000284156828,37.7782058845173,38.5561276122067,
39.3340493398961,40.1119710675855,40.8898927952748,41.6678145229642,42.4457362506536,
43.1372222308219,43.4829652209061,44.0015797060324,44.5201941911586,45.0388086762849,
45.5574231614111,46.3353448891005,47.1132666167899,47.8911883444792,48.6691100721686,
49.447031799858,50.2249535275474,51.0028752552367,51.7807969829261),
 .UNSPECIFIED.);
#26=B_SPLINE_SURFACE_WITH_KNOTS('',3,3,((#2593,#2594,#2595,#2596,#2597,
#2598,#2599,#2600,#2601,#2602,#2603,#2604,#2605,#2606,#2607,#2608,#2609,
#2610,#2611,#2612,#2613,#2614,#2615,#2616,#2617,#2618,#2619,#2620,#2621,
#2622,#2623,#2624,#2625,#2626,#2627,#2628,#2629,#2630,#2631,#2632,#2633,
#2634,#2635,#2636,#2637,#2638,#2639,#2640,#2641,#2642,#2643,#2644,#2645,
#2646,#2647,#2648,#2649,#2650,#2651,#2652,#2653,#2654,#2655,#2656,#2657,
#2658,#2659,#2660,#2661,#2662,#2663),(#2664,#2665,#2666,#2667,#2668,#2669,
#2670,#2671,#2672,#2673,#2674,#2675,#2676,#2677,#2678,#2679,#2680,#2681,
#2682,#2683,#2684,#2685,#2686,#2687,#2688,#2689,#2690,#2691,#2692,#2693,
#2694,#2695,#2696,#2697,#2698,#2699,#2700,#2701,#2702,#2703,#2704,#2705,
#2706,#2707,#2708,#2709,#2710,#2711,#2712,#2713,#2714,#2715,#2716,#2717,
#2718,#2719,#2720,#2721,#2722,#2723,#2724,#2725,#2726,#2727,#2728,#2729,
#2730,#2731,#2732,#2733,#2734),(#2735,#2736,#2737,#2738,#2739,#2740,#2741,
#2742,#2743,#2744,#2745,#2746,#2747,#2748,#2749,#2750,#2751,#2752,#2753,
#2754,#2755,#2756,#2757,#2758,#2759,#2760,#2761,#2762,#2763,#2764,#2765,
#2766,#2767,#2768,#2769,#2770,#2771,#2772,#2773,#2774,#2775,#2776,#2777,
#2778,#2779,#2780,#2781,#2782,#2783,#2784,#2785,#2786,#2787,#2788,#2789,
#2790,#2791,#2792,#2793,#2794,#2795,#2796,#2797,#2798,#2799,#2800,#2801,
#2802,#2803,#2804,#2805),(#2806,#2807,#2808,#2809,#2810,#2811,#2812,#2813,
#2814,#2815,#2816,#2817,#2818,#2819,#2820,#2821,#2822,#2823,#2824,#2825,
#2826,#2827,#2828,#2829,#2830,#2831,#2832,#2833,#2834,#2835,#2836,#2837,
#2838,#2839,#2840,#2841,#2842,#2843,#2844,#2845,#2846,#2847,#2848,#2849,
#2850,#2851,#2852,#2853,#2854,#2855,#2856,#2857,#2858,#2859,#2860,#2861,
#2862,#2863,#2864,#2865,#2866,#2867,#2868,#2869,#2870,#2871,#2872,#2873,
#2874,#2875,#2876)),.UNSPECIFIED.,.F.,.F.,.F.,(4,4),(4,1,1,1,1,1,1,1,1,
1,1,1,1,1,1,1,1,1,1,1,1,1,1,1,1,1,1,1,1,1,1,1,1,1,1,1,1,1,1,1,1,1,1,1,1,
1,1,1,1,1,1,1,1,1,1,1,1,1,1,1,1,1,1,1,1,1,1,1,4),(0.013119832748128,0.0931285160804105),
(12.0982526413813,12.8761743690706,13.65409609676,14.4320178244494,15.2099395521387,
15.9878612798281,16.7657830075175,17.5437047352068,17.9326655990515,18.3216264628962,
18.8402409480224,19.3588554331487,19.8774699182749,20.3960844034012,20.7418273934853,
21.4333133736536,22.211235101343,22.6001959651877,22.9891568290324,23.7670785567217,
24.5450002844111,25.3229220121005,26.1008437397898,26.8787654674792,27.6566871951686,
28.4346089228579,29.2125306505473,29.9904523782367,30.768374105926,31.5462958336154,
32.3242175613047,33.1021392889941,33.8800610166835,34.5715469968518,34.917289986936,
35.4359044720622,35.9545189571884,36.4731334423147,36.9917479274409,37.3374909175251,
37.6832339076093,38.3747198877776,39.0662058679459,39.7576918481142,40.4491778282826,
41.1406638084509,41.6592782935771,42.1778927787034,42.6965072638296,43.2151217489559,
43.7337362340821,44.2523507192083,44.7709652043346,45.2895796894608,45.9810656696291,
46.6725516497975,47.3640376299658,48.0555236101341,48.7470095903024,49.4384955704708,
50.2164172981601,50.9943390258495,51.7722607535389,52.5501824812282,52.9391433450729,
53.3281042089176,54.106025936607,54.8839476642963,55.6618693919857),
 .UNSPECIFIED.);
#27=FACE_BOUND('',#104,.T.);
#28=FACE_BOUND('',#128,.T.);
#29=FACE_BOUND('',#129,.T.);
#30=FACE_BOUND('',#130,.T.);
#31=FACE_BOUND('',#131,.T.);
#32=FACE_BOUND('',#132,.T.);
#33=FACE_BOUND('',#133,.T.);
#34=FACE_BOUND('',#134,.T.);
#35=FACE_BOUND('',#138,.T.);
#36=FACE_BOUND('',#139,.T.);
#37=FACE_BOUND('',#140,.T.);
#38=FACE_BOUND('',#141,.T.);
#39=FACE_BOUND('',#142,.T.);
#40=FACE_BOUND('',#143,.T.);
#41=FACE_BOUND('',#144,.T.);
#42=PLANE('',#768);
#43=PLANE('',#777);
#44=PLANE('',#782);
#45=PLANE('',#783);
#46=PLANE('',#787);
#47=PLANE('',#794);
#48=PLANE('',#798);
#49=PLANE('',#802);
#50=PLANE('',#803);
#51=PLANE('',#814);
#52=CONICAL_SURFACE('',#765,5.2,0.785398163397453);
#53=CONICAL_SURFACE('',#780,4.98076118445749,0.785398163397453);
#54=CONICAL_SURFACE('',#810,16.,0.785398163397451);
#55=FACE_OUTER_BOUND('',#95,.T.);
#56=FACE_OUTER_BOUND('',#96,.T.);
#57=FACE_OUTER_BOUND('',#97,.T.);
#58=FACE_OUTER_BOUND('',#98,.T.);
#59=FACE_OUTER_BOUND('',#99,.T.);
#60=FACE_OUTER_BOUND('',#100,.T.);
#61=FACE_OUTER_BOUND('',#101,.T.);
#62=FACE_OUTER_BOUND('',#102,.T.);
#63=FACE_OUTER_BOUND('',#103,.T.);
#64=FACE_OUTER_BOUND('',#105,.T.);
#65=FACE_OUTER_BOUND('',#106,.T.);
#66=FACE_OUTER_BOUND('',#107,.T.);
#67=FACE_OUTER_BOUND('',#108,.T.);
#68=FACE_OUTER_BOUND('',#109,.T.);
#69=FACE_OUTER_BOUND('',#110,.T.);
#70=FACE_OUTER_BOUND('',#111,.T.);
#71=FACE_OUTER_BOUND('',#112,.T.);
#72=FACE_OUTER_BOUND('',#113,.T.);
#73=FACE_OUTER_BOUND('',#114,.T.);
#74=FACE_OUTER_BOUND('',#115,.T.);
#75=FACE_OUTER_BOUND('',#116,.T.);
#76=FACE_OUTER_BOUND('',#117,.T.);
#77=FACE_OUTER_BOUND('',#118,.T.);
#78=FACE_OUTER_BOUND('',#119,.T.);
#79=FACE_OUTER_BOUND('',#120,.T.);
#80=FACE_OUTER_BOUND('',#121,.T.);
#81=FACE_OUTER_BOUND('',#122,.T.);
#82=FACE_OUTER_BOUND('',#123,.T.);
#83=FACE_OUTER_BOUND('',#124,.T.);
#84=FACE_OUTER_BOUND('',#125,.T.);
#85=FACE_OUTER_BOUND('',#126,.T.);
#86=FACE_OUTER_BOUND('',#127,.T.);
#87=FACE_OUTER_BOUND('',#135,.T.);
#88=FACE_OUTER_BOUND('',#136,.T.);
#89=FACE_OUTER_BOUND('',#137,.T.);
#90=FACE_OUTER_BOUND('',#145,.T.);
#91=FACE_OUTER_BOUND('',#146,.T.);
#92=FACE_OUTER_BOUND('',#147,.T.);
#93=FACE_OUTER_BOUND('',#148,.T.);
#94=FACE_OUTER_BOUND('',#149,.T.);
#95=EDGE_LOOP('',(#466,#467,#468,#469));
#96=EDGE_LOOP('',(#470,#471,#472,#473,#474,#475));
#97=EDGE_LOOP('',(#476,#477,#478,#479));
#98=EDGE_LOOP('',(#480,#481,#482,#483));
#99=EDGE_LOOP('',(#484,#485,#486,#487));
#100=EDGE_LOOP('',(#488,#489,#490,#491));
#101=EDGE_LOOP('',(#492,#493,#494,#495));
#102=EDGE_LOOP('',(#496,#497,#498,#499));
#103=EDGE_LOOP('',(#500,#501,#502,#503,#504));
#104=EDGE_LOOP('',(#505));
#105=EDGE_LOOP('',(#506,#507,#508,#509));
#106=EDGE_LOOP('',(#510,#511,#512,#513));
#107=EDGE_LOOP('',(#514,#515,#516,#517));
#108=EDGE_LOOP('',(#518,#519,#520,#521));
#109=EDGE_LOOP('',(#522,#523,#524,#525));
#110=EDGE_LOOP('',(#526,#527,#528,#529));
#111=EDGE_LOOP('',(#530,#531,#532,#533));
#112=EDGE_LOOP('',(#534,#535,#536,#537,#538,#539,#540,#541,#542,#543,#544));
#113=EDGE_LOOP('',(#545,#546,#547,#548));
#114=EDGE_LOOP('',(#549,#550,#551,#552,#553,#554,#555,#556,#557,#558,#559,
#560));
#115=EDGE_LOOP('',(#561,#562,#563,#564));
#116=EDGE_LOOP('',(#565,#566,#567,#568));
#117=EDGE_LOOP('',(#569,#570,#571,#572,#573));
#118=EDGE_LOOP('',(#574,#575,#576,#577));
#119=EDGE_LOOP('',(#578,#579,#580,#581));
#120=EDGE_LOOP('',(#582,#583,#584,#585));
#121=EDGE_LOOP('',(#586,#587,#588,#589));
#122=EDGE_LOOP('',(#590,#591,#592,#593));
#123=EDGE_LOOP('',(#594,#595,#596,#597));
#124=EDGE_LOOP('',(#598,#599,#600,#601));
#125=EDGE_LOOP('',(#602,#603,#604,#605));
#126=EDGE_LOOP('',(#606,#607,#608,#609));
#127=EDGE_LOOP('',(#610));
#128=EDGE_LOOP('',(#611));
#129=EDGE_LOOP('',(#612));
#130=EDGE_LOOP('',(#613));
#131=EDGE_LOOP('',(#614));
#132=EDGE_LOOP('',(#615));
#133=EDGE_LOOP('',(#616));
#134=EDGE_LOOP('',(#617));
#135=EDGE_LOOP('',(#618,#619,#620,#621,#622,#623,#624,#625,#626,#627,#628,
#629,#630,#631,#632,#633));
#136=EDGE_LOOP('',(#634,#635,#636,#637));
#137=EDGE_LOOP('',(#638,#639,#640,#641,#642,#643,#644,#645,#646,#647,#648,
#649));
#138=EDGE_LOOP('',(#650));
#139=EDGE_LOOP('',(#651));
#140=EDGE_LOOP('',(#652));
#141=EDGE_LOOP('',(#653));
#142=EDGE_LOOP('',(#654));
#143=EDGE_LOOP('',(#655));
#144=EDGE_LOOP('',(#656,#657,#658,#659));
#145=EDGE_LOOP('',(#660,#661,#662,#663));
#146=EDGE_LOOP('',(#664,#665,#666,#667));
#147=EDGE_LOOP('',(#668,#669,#670,#671));
#148=EDGE_LOOP('',(#672,#673,#674,#675));
#149=EDGE_LOOP('',(#676,#677,#678,#679));
#150=CIRCLE('',#757,8.06850000000008);
#151=CIRCLE('',#759,8.06850000000008);
#152=CIRCLE('',#766,5.95);
#153=CIRCLE('',#767,4.45);
#154=CIRCLE('',#769,8.069);
#155=CIRCLE('',#771,4.45);
#156=CIRCLE('',#773,2.);
#157=CIRCLE('',#774,2.);
#158=CIRCLE('',#776,8.069);
#159=CIRCLE('',#779,8.0685);
#160=CIRCLE('',#781,5.56152236891504);
#161=CIRCLE('',#785,17.);
#162=CIRCLE('',#786,17.);
#163=CIRCLE('',#789,17.);
#164=CIRCLE('',#790,17.);
#165=CIRCLE('',#792,17.);
#166=CIRCLE('',#793,17.);
#167=CIRCLE('',#796,17.);
#168=CIRCLE('',#797,17.);
#169=CIRCLE('',#800,17.);
#170=CIRCLE('',#801,17.);
#171=CIRCLE('',#804,15.);
#172=CIRCLE('',#805,2.);
#173=CIRCLE('',#806,2.);
#174=CIRCLE('',#807,2.);
#175=CIRCLE('',#808,2.);
#176=CIRCLE('',#809,2.);
#177=CIRCLE('',#811,17.);
#178=CIRCLE('',#813,17.);
#179=CIRCLE('',#815,2.);
#180=CIRCLE('',#816,2.);
#181=CIRCLE('',#817,2.);
#182=CIRCLE('',#818,2.);
#183=CIRCLE('',#819,2.);
#184=B_SPLINE_CURVE_WITH_KNOTS('',3,(#1010,#1011,#1012,#1013),
 .UNSPECIFIED.,.F.,.F.,(4,4),(33.8408770129199,34.3102220265436),
 .UNSPECIFIED.);
#185=B_SPLINE_CURVE_WITH_KNOTS('',3,(#1021,#1022,#1023,#1024,#1025,#1026,
#1027,#1028,#1029,#1030,#1031,#1032,#1033,#1034,#1035,#1036,#1037,#1038,
#1039,#1040,#1041,#1042,#1043,#1044,#1045,#1046,#1047,#1048,#1049,#1050,
#1051,#1052,#1053,#1054),.UNSPECIFIED.,.F.,.F.,(4,3,3,3,3,3,3,3,3,3,3,4),
(28.7530893602641,28.9478037296875,29.5077321194596,30.0676605092316,30.6275888990036,
31.2575083374971,31.8874277759907,32.5173472144842,33.1472666529777,33.4622263722245,
33.7771860914713,33.8408770129199),.UNSPECIFIED.);
#186=B_SPLINE_CURVE_WITH_KNOTS('',3,(#1059,#1060,#1061,#1062,#1063,#1064,
#1065,#1066,#1067,#1068,#1069,#1070,#1071,#1072,#1073,#1074,#1075,#1076,
#1077),.UNSPECIFIED.,.F.,.F.,(4,3,3,3,3,3,4),(0.391437095973957,1.02135663810282,
1.65127618023169,2.28119572236056,2.91111526448943,3.5410348066183,4.16209676363318),
 .UNSPECIFIED.);
#187=B_SPLINE_CURVE_WITH_KNOTS('',3,(#1082,#1083,#1084,#1085,#1086,#1087,
#1088,#1089,#1090,#1091,#1092,#1093,#1094,#1095,#1096,#1097,#1098,#1099,
#1100,#1101,#1102,#1103,#1104,#1105,#1106,#1107,#1108,#1109,#1110,#1111,
#1112,#1113,#1114,#1115,#1116,#1117,#1118),.UNSPECIFIED.,.F.,.F.,(4,3,3,
3,3,3,3,3,3,3,3,3,4),(23.6653706131239,23.9085138343783,24.3284544392304,
24.7483950440826,25.1683356489347,25.5882762537868,26.008216858639,26.4281574634911,
26.8480980683432,27.2680386731954,27.8279594796649,28.3878802861344,28.7530893602641),
 .UNSPECIFIED.);
#188=B_SPLINE_CURVE_WITH_KNOTS('',3,(#1119,#1120,#1121,#1122,#1123,#1124,
#1125,#1126,#1127,#1128,#1129,#1130,#1131,#1132,#1133,#1134,#1135,#1136,
#1137,#1138,#1139,#1140,#1141,#1142,#1143,#1144,#1145,#1146,#1147,#1148,
#1149,#1150,#1151,#1152,#1153,#1154,#1155),.UNSPECIFIED.,.F.,.F.,(4,3,3,
3,3,3,3,3,3,3,3,3,4),(4.16209676363318,4.17095438185317,4.80087627836178,
5.43079817487038,5.85074610587611,6.27069403688185,6.69064196788758,7.11058989889331,
7.39055518623048,7.95048576090479,8.58040765741339,9.210329553922,9.24990426919729),
 .UNSPECIFIED.);
#189=B_SPLINE_CURVE_WITH_KNOTS('',3,(#1160,#1161,#1162,#1163,#1164,#1165,
#1166,#1167,#1168,#1169,#1170,#1171,#1172,#1173,#1174,#1175,#1176,#1177,
#1178,#1179,#1180,#1181,#1182,#1183,#1184,#1185,#1186,#1187,#1188,#1189,
#1190,#1191,#1192,#1193,#1194,#1195,#1196,#1197,#1198,#1199),
 .UNSPECIFIED.,.F.,.F.,(4,3,3,3,3,3,3,3,3,3,3,3,3,4),(18.57767239665,18.5892866566058,
18.8692459301117,19.2891848403706,19.7091237506295,20.1290626608884,20.5490015711473,
20.8289608446532,21.1089201181591,21.668838665171,22.2287572121829,22.7886757591947,
23.3485943062066,23.6653706131239),.UNSPECIFIED.);
#190=B_SPLINE_CURVE_WITH_KNOTS('',3,(#1200,#1201,#1202,#1203,#1204,#1205,
#1206,#1207,#1208,#1209,#1210,#1211,#1212,#1213,#1214,#1215,#1216,#1217,
#1218,#1219,#1220,#1221,#1222,#1223,#1224,#1225,#1226,#1227),
 .UNSPECIFIED.,.F.,.F.,(4,3,3,3,3,3,3,3,3,4),(9.24990426919729,9.84025543021408,
10.4701815732963,11.1001077163785,11.7300338594607,12.3599600025429,12.9898861456251,
13.6198122887073,14.2497384317895,14.3377460733354),.UNSPECIFIED.);
#191=B_SPLINE_CURVE_WITH_KNOTS('',3,(#1232,#1233,#1234,#1235,#1236,#1237,
#1238,#1239,#1240,#1241,#1242,#1243,#1244,#1245,#1246,#1247,#1248,#1249,
#1250,#1251,#1252,#1253,#1254,#1255,#1256,#1257,#1258,#1259),
 .UNSPECIFIED.,.F.,.F.,(4,3,3,3,3,3,3,3,3,4),(13.4899003075514,13.6199375674202,
14.2498550789752,14.8797725905302,15.5096901020852,16.1396076136402,16.7695251251952,
17.3994426367502,18.0293601483052,18.57767239665),.UNSPECIFIED.);
#192=B_SPLINE_CURVE_WITH_KNOTS('',3,(#1260,#1261,#1262,#1263,#1264,#1265,
#1266,#1267,#1268,#1269,#1270,#1271,#1272,#1273,#1274,#1275,#1276,#1277,
#1278,#1279,#1280,#1281,#1282,#1283,#1284,#1285,#1286,#1287,#1288,#1289,
#1290),.UNSPECIFIED.,.F.,.F.,(4,3,3,3,3,3,3,3,3,3,4),(14.3377460733354,
14.8796656119015,15.5095929604272,16.1395203089529,16.7694476574786,17.3993750060043,
18.02930235453,18.5892377754418,18.8692054858977,19.2891570515815,19.4255976135162),
 .UNSPECIFIED.);
#193=B_SPLINE_CURVE_WITH_KNOTS('',3,(#1295,#1296,#1297,#1298,#1299,#1300,
#1301,#1302,#1303,#1304,#1305,#1306,#1307,#1308,#1309,#1310,#1311,#1312,
#1313,#1314,#1315,#1316,#1317,#1318,#1319,#1320,#1321,#1322,#1323,#1324,
#1325),.UNSPECIFIED.,.F.,.F.,(4,3,3,3,3,3,3,3,3,3,4),(8.40207787256452,
8.58054889464232,8.89551076711546,9.21047263958861,9.8403963845349,10.4703201294812,
11.1002438744275,11.7301676193738,12.3600913643201,12.9900151092664,13.4899003075514),
 .UNSPECIFIED.);
#194=B_SPLINE_CURVE_WITH_KNOTS('',3,(#1326,#1327,#1328,#1329,#1330,#1331,
#1332,#1333,#1334,#1335,#1336,#1337,#1338,#1339,#1340,#1341,#1342,#1343,
#1344,#1345,#1346,#1347,#1348,#1349,#1350,#1351,#1352,#1353,#1354,#1355,
#1356,#1357,#1358,#1359,#1360,#1361,#1362),.UNSPECIFIED.,.F.,.F.,(4,3,3,
3,3,3,3,3,3,3,3,3,4),(19.4255976135162,19.7091077962428,20.1290581457844,
20.5490084953261,20.9689588448677,21.3889091944094,21.8088595439511,22.2288098934927,
22.6487602430344,23.068710592576,23.6986361168885,24.328561641201,24.5134344200109),
 .UNSPECIFIED.);
#195=B_SPLINE_CURVE_WITH_KNOTS('',3,(#1367,#1368,#1369,#1370,#1371,#1372,
#1373,#1374,#1375,#1376,#1377,#1378,#1379,#1380,#1381,#1382,#1383,#1384,
#1385,#1386,#1387,#1388,#1389,#1390,#1391,#1392,#1393,#1394,#1395,#1396,
#1397,#1398,#1399,#1400,#1401,#1402,#1403),.UNSPECIFIED.,.F.,.F.,(4,3,3,
3,3,3,3,3,3,3,3,3,4),(3.31422983578841,3.54113447463713,4.17106138939739,
4.80098830415764,5.11595176153777,5.4309152189179,5.85086649542474,6.27081777193157,
6.69076904843841,7.11072032494525,7.39068784261647,7.95062287795892,8.40207787256452),
 .UNSPECIFIED.);
#196=B_SPLINE_CURVE_WITH_KNOTS('',3,(#1404,#1405,#1406,#1407,#1408,#1409,
#1410,#1411,#1412,#1413,#1414,#1415,#1416,#1417,#1418,#1419,#1420,#1421,
#1422,#1423,#1424,#1425,#1426,#1427,#1428,#1429,#1430,#1431,#1432,#1433,
#1434),.UNSPECIFIED.,.F.,.F.,(4,3,3,3,3,3,3,3,3,3,4),(24.5134344200109,
24.9584837239424,25.5884043770717,26.218325030201,26.8482456833302,27.4781663364595,
28.1080869895888,28.528034091675,28.9479811937612,29.3679282958473,29.6012318830518),
 .UNSPECIFIED.);
#197=B_SPLINE_CURVE_WITH_KNOTS('',3,(#1443,#1444,#1445,#1446),
 .UNSPECIFIED.,.F.,.F.,(4,4),(1.93833295056812,1.93931507516816),
 .UNSPECIFIED.);
#198=B_SPLINE_CURVE_WITH_KNOTS('',3,(#1448,#1449,#1450,#1451),
 .UNSPECIFIED.,.F.,.F.,(4,4),(0.808642804154376,0.809622879235633),
 .UNSPECIFIED.);
#199=B_SPLINE_CURVE_WITH_KNOTS('',3,(#1477,#1478,#1479,#1480),
 .UNSPECIFIED.,.F.,.F.,(4,4),(0.808642804154376,0.809622879235633),
 .UNSPECIFIED.);
#200=B_SPLINE_CURVE_WITH_KNOTS('',3,(#1489,#1490,#1491,#1492),
 .UNSPECIFIED.,.F.,.F.,(4,4),(1.93833295056812,1.93931507516816),
 .UNSPECIFIED.);
#201=B_SPLINE_CURVE_WITH_KNOTS('',3,(#2013,#2014,#2015,#2016,#2017,#2018,
#2019,#2020),.UNSPECIFIED.,.F.,.F.,(4,2,2,4),(0.,0.215037248749404,0.32210997251987,
0.421037599039168),.UNSPECIFIED.);
#202=B_SPLINE_CURVE_WITH_KNOTS('',3,(#2022,#2023,#2024,#2025,#2026,#2027,
#2028,#2029,#2030,#2031,#2032,#2033,#2034,#2035,#2036,#2037,#2038,#2039,
#2040,#2041,#2042,#2043,#2044,#2045,#2046,#2047,#2048,#2049,#2050,#2051,
#2052,#2053,#2054,#2055,#2056,#2057,#2058,#2059,#2060,#2061,#2062,#2063,
#2064,#2065,#2066,#2067,#2068,#2069,#2070,#2071,#2072,#2073,#2074,#2075,
#2076,#2077,#2078,#2079,#2080,#2081,#2082,#2083,#2084,#2085,#2086,#2087,
#2088,#2089,#2090,#2091,#2092,#2093,#2094,#2095),.UNSPECIFIED.,.F.,.F.,
(4,1,1,1,1,1,1,1,1,1,1,1,1,1,1,1,1,1,1,1,1,1,1,1,1,1,1,1,1,1,1,1,1,1,1,
1,1,1,1,1,1,1,1,1,1,1,1,1,1,1,1,1,1,1,1,1,1,1,1,1,1,1,1,1,1,1,1,1,1,1,1,
4),(-36.1865440624013,-36.1553872396753,-35.4922749856519,-34.8291627316285,
-34.166050477605,-33.5029382235816,-32.8398259695582,-32.1767137155348,
-31.5136014615114,-30.9241683468239,-30.3347352321365,-29.745302117449,
-29.3032272814334,-28.8611524454178,-28.4190776094022,-27.9770027733866,
-27.534927937371,-27.0928531013554,-26.6507782653397,-26.2087034293241,
-25.7666285933085,-25.3245537572929,-24.8824789212773,-24.4404040852617,
-23.8509709705742,-23.2615378558868,-22.6721047411993,-22.0826716265118,
-21.7879550691681,-21.3458802331525,-20.9038053971369,-20.4617305611213,
-20.0196557251057,-19.4302226104182,-19.1355060530745,-18.546072938387,
-17.9566398236995,-17.367206709012,-16.9251318729964,-16.4830570369808,
-16.0409822009652,-15.5989073649496,-15.156832528934,-14.7147576929184,
-14.2726828569028,-13.8306080208872,-13.2411749061997,-12.6517417915122,
-12.0623086768248,-11.841271258817,-11.6202338408092,-11.1781590047935,
-10.7360841687779,-10.2940093327623,-9.63089707873893,-8.96778482471552,
-8.30467257069211,-7.6415603166687,-7.1994854806531,-6.75741064463749,-6.31533580862189,
-5.87326097260628,-5.43118613659068,-4.98911130057507,-4.32599904655166,
-3.66288679252825,-2.99977453850484,-2.33666228448144,-1.67355003045803,
-1.01043777643462,-0.347325522411209,0.315786731612199),.UNSPECIFIED.);
#203=B_SPLINE_CURVE_WITH_KNOTS('',3,(#2097,#2098,#2099,#2100,#2101,#2102,
#2103,#2104),.UNSPECIFIED.,.F.,.F.,(4,2,2,4),(0.,0.215037248760014,0.322109971879739,
0.421037594650961),.UNSPECIFIED.);
#204=B_SPLINE_CURVE_WITH_KNOTS('',3,(#2105,#2106,#2107,#2108,#2109,#2110,
#2111,#2112,#2113,#2114,#2115,#2116,#2117,#2118,#2119,#2120,#2121,#2122,
#2123,#2124,#2125,#2126,#2127,#2128,#2129,#2130,#2131,#2132,#2133,#2134,
#2135,#2136,#2137,#2138,#2139,#2140,#2141,#2142,#2143,#2144,#2145,#2146,
#2147,#2148,#2149,#2150,#2151,#2152,#2153,#2154,#2155,#2156,#2157,#2158,
#2159,#2160,#2161,#2162,#2163,#2164,#2165,#2166,#2167,#2168,#2169,#2170,
#2171,#2172,#2173,#2174,#2175,#2176,#2177,#2178),.UNSPECIFIED.,.F.,.F.,
(4,1,1,1,1,1,1,1,1,1,1,1,1,1,1,1,1,1,1,1,1,1,1,1,1,1,1,1,1,1,1,1,1,1,1,
1,1,1,1,1,1,1,1,1,1,1,1,1,1,1,1,1,1,1,1,1,1,1,1,1,1,1,1,1,1,1,1,1,1,1,1,
4),(0.316175959362791,0.347325522411209,1.01043777643462,1.67355003045803,
2.33666228448144,2.99977453850484,3.66288679252825,4.32599904655166,4.98911130057507,
5.43118613659068,5.87326097260628,6.31533580862189,6.75741064463749,7.1994854806531,
7.6415603166687,8.30467257069211,8.96778482471552,9.63089707873893,10.2940093327623,
10.7360841687779,11.1781590047935,11.6202338408092,11.841271258817,12.0623086768248,
12.6517417915122,13.2411749061997,13.8306080208872,14.2726828569028,14.7147576929184,
15.156832528934,15.5989073649496,16.0409822009652,16.4830570369808,16.9251318729964,
17.367206709012,17.9566398236995,18.546072938387,19.1355060530745,19.4302226104182,
20.0196557251057,20.4617305611213,20.9038053971369,21.3458802331525,21.7879550691681,
22.0826716265118,22.6721047411993,23.2615378558868,23.8509709705742,24.4404040852617,
24.8824789212773,25.3245537572929,25.7666285933085,26.2087034293241,26.6507782653397,
27.0928531013554,27.534927937371,27.9770027733866,28.4190776094022,28.8611524454178,
29.3032272814334,29.745302117449,30.3347352321365,30.9241683468239,31.5136014615114,
32.1767137155348,32.8398259695582,33.5029382235816,34.166050477605,34.8291627316285,
35.4922749856519,36.1553872396753,36.8184994936987),.UNSPECIFIED.);
#205=B_SPLINE_CURVE_WITH_KNOTS('',3,(#2180,#2181,#2182,#2183,#2184,#2185,
#2186,#2187,#2188,#2189,#2190,#2191),.UNSPECIFIED.,.F.,.F.,(4,2,2,2,2,4),
(0.809622879235636,0.922242171036721,1.24194069444414,1.56777761563785,
1.89975068486577,2.22198496026216),.UNSPECIFIED.);
#206=B_SPLINE_CURVE_WITH_KNOTS('',3,(#2192,#2193,#2194,#2195,#2196,#2197,
#2198,#2199,#2200,#2201,#2202,#2203),.UNSPECIFIED.,.F.,.F.,(4,2,2,2,2,4),
(0.520902087596012,0.690396027451011,1.02636434447582,1.35617663555608,
1.67983069116135,1.93833295056812),.UNSPECIFIED.);
#207=B_SPLINE_CURVE_WITH_KNOTS('',3,(#2473,#2474,#2475,#2476,#2477,#2478,
#2479,#2480,#2481,#2482,#2483,#2484,#2485,#2486,#2487,#2488,#2489,#2490,
#2491,#2492,#2493,#2494,#2495,#2496,#2497,#2498,#2499,#2500,#2501,#2502,
#2503,#2504,#2505,#2506,#2507,#2508,#2509,#2510,#2511,#2512,#2513,#2514,
#2515,#2516,#2517,#2518,#2519,#2520,#2521,#2522,#2523,#2524,#2525,#2526,
#2527,#2528,#2529,#2530,#2531,#2532,#2533,#2534,#2535,#2536,#2537,#2538,
#2539,#2540,#2541,#2542,#2543,#2544,#2545),.UNSPECIFIED.,.F.,.F.,(4,3,3,
3,3,3,3,3,3,3,3,3,3,3,3,3,3,3,3,3,3,3,3,3,4),(0.808642804154109,0.871046634223917,
0.905950008155622,0.922242171036727,0.984016722022799,1.0484977151281,1.11278387004692,
1.17745417835827,1.24194069444399,1.30690461113191,1.37256841758008,1.4380372527362,
1.50238342478881,1.55172434380314,1.56777761563776,1.63141405272184,1.69849821075781,
1.76462888025014,1.83218978255792,1.89975068486571,1.96655572223622,2.0340415733637,
2.1013341846308,2.16750949243941,2.22198496026208),.UNSPECIFIED.);
#208=B_SPLINE_CURVE_WITH_KNOTS('',3,(#2546,#2547,#2548,#2549,#2550,#2551,
#2552,#2553,#2554,#2555,#2556,#2557,#2558,#2559,#2560,#2561,#2562,#2563,
#2564,#2565,#2566,#2567,#2568,#2569,#2570,#2571,#2572,#2573),
 .UNSPECIFIED.,.F.,.F.,(4,3,3,3,3,3,3,3,3,4),(29.6012318830518,29.7878751930583,
30.207821834176,30.6277684752937,31.2576884369703,31.8876083986469,32.5175283603235,
33.1474483220001,33.7773682836767,34.3102220265439),.UNSPECIFIED.);
#209=B_SPLINE_CURVE_WITH_KNOTS('',3,(#2577,#2578,#2579,#2580,#2581,#2582,
#2583,#2584,#2585,#2586,#2587,#2588,#2589,#2590,#2591,#2592),
 .UNSPECIFIED.,.F.,.F.,(4,3,3,3,3,4),(0.391437095974042,1.02137754687131,
1.65131799776857,2.28125844866583,2.91119889956309,3.31422983578841),
 .UNSPECIFIED.);
#210=B_SPLINE_CURVE_WITH_KNOTS('',3,(#2877,#2878,#2879,#2880,#2881,#2882,
#2883,#2884,#2885,#2886,#2887,#2888,#2889,#2890,#2891,#2892,#2893,#2894,
#2895,#2896,#2897,#2898,#2899,#2900,#2901,#2902,#2903,#2904,#2905,#2906,
#2907,#2908,#2909,#2910,#2911,#2912,#2913,#2914,#2915,#2916,#2917,#2918,
#2919,#2920,#2921,#2922,#2923,#2924,#2925,#2926,#2927,#2928,#2929,#2930,
#2931,#2932,#2933,#2934,#2935,#2936,#2937,#2938,#2939,#2940,#2941,#2942,
#2943,#2944,#2945,#2946),.UNSPECIFIED.,.F.,.F.,(4,3,3,3,3,3,3,3,3,3,3,3,
3,3,3,3,3,3,3,3,3,3,3,4),(0.520902087602501,0.586951085840104,0.626252736960101,
0.690396027451317,0.756177047360525,0.823723871639494,0.890967956082888,
0.958666150279644,1.0263643444764,1.09354185827178,1.15941382268368,1.2272441111708,
1.29113373960743,1.29507439965793,1.35617663555676,1.42017800738812,1.48541555164879,
1.55079951194203,1.61552213618742,1.67983069116214,1.74470178716523,1.80873222851791,
1.87402365184619,1.93931507517447),.UNSPECIFIED.);
#211=LINE('',#1008,#250);
#212=LINE('',#1015,#251);
#213=LINE('',#1020,#252);
#214=LINE('',#1058,#253);
#215=LINE('',#1081,#254);
#216=LINE('',#1159,#255);
#217=LINE('',#1231,#256);
#218=LINE('',#1294,#257);
#219=LINE('',#1366,#258);
#220=LINE('',#1439,#259);
#221=LINE('',#1456,#260);
#222=LINE('',#1461,#261);
#223=LINE('',#1467,#262);
#224=LINE('',#1468,#263);
#225=LINE('',#2949,#264);
#226=LINE('',#2958,#265);
#227=LINE('',#2960,#266);
#228=LINE('',#2961,#267);
#229=LINE('',#2969,#268);
#230=LINE('',#2971,#269);
#231=LINE('',#2973,#270);
#232=LINE('',#2981,#271);
#233=LINE('',#2989,#272);
#234=LINE('',#2990,#273);
#235=LINE('',#2995,#274);
#236=LINE('',#3000,#275);
#237=LINE('',#3004,#276);
#238=LINE('',#3012,#277);
#239=LINE('',#3013,#278);
#240=LINE('',#3018,#279);
#241=LINE('',#3026,#280);
#242=LINE('',#3027,#281);
#243=LINE('',#3032,#282);
#244=LINE('',#3051,#283);
#245=LINE('',#3066,#284);
#246=LINE('',#3068,#285);
#247=LINE('',#3070,#286);
#248=LINE('',#3072,#287);
#249=LINE('',#3074,#288);
#250=VECTOR('',#829,8.0685);
#251=VECTOR('',#830,10.);
#252=VECTOR('',#835,8.0685);
#253=VECTOR('',#838,10.);
#254=VECTOR('',#841,8.0685);
#255=VECTOR('',#844,8.0685);
#256=VECTOR('',#847,8.0685);
#257=VECTOR('',#850,8.0685);
#258=VECTOR('',#853,8.0685);
#259=VECTOR('',#858,5.2);
#260=VECTOR('',#869,4.5);
#261=VECTOR('',#874,2.);
#262=VECTOR('',#881,10.);
#263=VECTOR('',#882,10.);
#264=VECTOR('',#891,5.9);
#265=VECTOR('',#896,10.);
#266=VECTOR('',#897,10.);
#267=VECTOR('',#898,10.);
#268=VECTOR('',#901,10.);
#269=VECTOR('',#902,10.);
#270=VECTOR('',#903,10.);
#271=VECTOR('',#908,10.);
#272=VECTOR('',#913,10.);
#273=VECTOR('',#914,10.);
#274=VECTOR('',#919,10.);
#275=VECTOR('',#924,10.);
#276=VECTOR('',#927,10.);
#277=VECTOR('',#932,10.);
#278=VECTOR('',#933,10.);
#279=VECTOR('',#938,10.);
#280=VECTOR('',#943,10.);
#281=VECTOR('',#944,10.);
#282=VECTOR('',#953,10.);
#283=VECTOR('',#972,16.);
#284=VECTOR('',#991,2.);
#285=VECTOR('',#994,2.);
#286=VECTOR('',#997,2.);
#287=VECTOR('',#1000,2.);
#288=VECTOR('',#1003,2.);
#289=VERTEX_POINT('',#1006);
#290=VERTEX_POINT('',#1007);
#291=VERTEX_POINT('',#1009);
#292=VERTEX_POINT('',#1014);
#293=VERTEX_POINT('',#1018);
#294=VERTEX_POINT('',#1019);
#295=VERTEX_POINT('',#1055);
#296=VERTEX_POINT('',#1057);
#297=VERTEX_POINT('',#1079);
#298=VERTEX_POINT('',#1080);
#299=VERTEX_POINT('',#1157);
#300=VERTEX_POINT('',#1158);
#301=VERTEX_POINT('',#1229);
#302=VERTEX_POINT('',#1230);
#303=VERTEX_POINT('',#1292);
#304=VERTEX_POINT('',#1293);
#305=VERTEX_POINT('',#1364);
#306=VERTEX_POINT('',#1365);
#307=VERTEX_POINT('',#1436);
#308=VERTEX_POINT('',#1438);
#309=VERTEX_POINT('',#1442);
#310=VERTEX_POINT('',#1447);
#311=VERTEX_POINT('',#1454);
#312=VERTEX_POINT('',#1458);
#313=VERTEX_POINT('',#1460);
#314=VERTEX_POINT('',#1464);
#315=VERTEX_POINT('',#1465);
#316=VERTEX_POINT('',#2011);
#317=VERTEX_POINT('',#2012);
#318=VERTEX_POINT('',#2021);
#319=VERTEX_POINT('',#2096);
#320=VERTEX_POINT('',#2472);
#321=VERTEX_POINT('',#2575);
#322=VERTEX_POINT('',#2948);
#323=VERTEX_POINT('',#2952);
#324=VERTEX_POINT('',#2953);
#325=VERTEX_POINT('',#2957);
#326=VERTEX_POINT('',#2959);
#327=VERTEX_POINT('',#2963);
#328=VERTEX_POINT('',#2964);
#329=VERTEX_POINT('',#2968);
#330=VERTEX_POINT('',#2970);
#331=VERTEX_POINT('',#2972);
#332=VERTEX_POINT('',#2978);
#333=VERTEX_POINT('',#2980);
#334=VERTEX_POINT('',#2984);
#335=VERTEX_POINT('',#2988);
#336=VERTEX_POINT('',#2992);
#337=VERTEX_POINT('',#2994);
#338=VERTEX_POINT('',#2998);
#339=VERTEX_POINT('',#2999);
#340=VERTEX_POINT('',#3001);
#341=VERTEX_POINT('',#3003);
#342=VERTEX_POINT('',#3007);
#343=VERTEX_POINT('',#3011);
#344=VERTEX_POINT('',#3015);
#345=VERTEX_POINT('',#3017);
#346=VERTEX_POINT('',#3021);
#347=VERTEX_POINT('',#3025);
#348=VERTEX_POINT('',#3037);
#349=VERTEX_POINT('',#3039);
#350=VERTEX_POINT('',#3041);
#351=VERTEX_POINT('',#3043);
#352=VERTEX_POINT('',#3045);
#353=VERTEX_POINT('',#3047);
#354=VERTEX_POINT('',#3055);
#355=VERTEX_POINT('',#3057);
#356=VERTEX_POINT('',#3059);
#357=VERTEX_POINT('',#3061);
#358=VERTEX_POINT('',#3063);
#359=EDGE_CURVE('',#289,#290,#211,.T.);
#360=EDGE_CURVE('',#289,#291,#184,.T.);
#361=EDGE_CURVE('',#291,#292,#212,.T.);
#362=EDGE_CURVE('',#290,#292,#150,.T.);
#363=EDGE_CURVE('',#293,#294,#213,.T.);
#364=EDGE_CURVE('',#293,#289,#185,.T.);
#365=EDGE_CURVE('',#295,#290,#151,.T.);
#366=EDGE_CURVE('',#296,#295,#214,.T.);
#367=EDGE_CURVE('',#294,#296,#186,.F.);
#368=EDGE_CURVE('',#297,#298,#215,.T.);
#369=EDGE_CURVE('',#297,#293,#187,.T.);
#370=EDGE_CURVE('',#298,#294,#188,.F.);
#371=EDGE_CURVE('',#299,#300,#216,.T.);
#372=EDGE_CURVE('',#299,#297,#189,.T.);
#373=EDGE_CURVE('',#300,#298,#190,.F.);
#374=EDGE_CURVE('',#301,#302,#217,.T.);
#375=EDGE_CURVE('',#301,#299,#191,.T.);
#376=EDGE_CURVE('',#302,#300,#192,.F.);
#377=EDGE_CURVE('',#303,#304,#218,.T.);
#378=EDGE_CURVE('',#303,#301,#193,.T.);
#379=EDGE_CURVE('',#304,#302,#194,.F.);
#380=EDGE_CURVE('',#305,#306,#219,.T.);
#381=EDGE_CURVE('',#305,#303,#195,.T.);
#382=EDGE_CURVE('',#306,#304,#196,.F.);
#383=EDGE_CURVE('',#307,#307,#152,.T.);
#384=EDGE_CURVE('',#307,#308,#220,.T.);
#385=EDGE_CURVE('',#308,#308,#153,.T.);
#386=EDGE_CURVE('',#309,#295,#197,.T.);
#387=EDGE_CURVE('',#292,#310,#198,.T.);
#388=EDGE_CURVE('',#310,#309,#154,.T.);
#389=EDGE_CURVE('',#311,#311,#155,.T.);
#390=EDGE_CURVE('',#311,#308,#221,.T.);
#391=EDGE_CURVE('',#312,#312,#156,.T.);
#392=EDGE_CURVE('',#312,#313,#222,.T.);
#393=EDGE_CURVE('',#313,#313,#157,.T.);
#394=EDGE_CURVE('',#314,#315,#158,.T.);
#395=EDGE_CURVE('',#314,#309,#223,.T.);
#396=EDGE_CURVE('',#315,#310,#224,.T.);
#397=EDGE_CURVE('',#291,#315,#199,.T.);
#398=EDGE_CURVE('',#314,#296,#200,.T.);
#399=EDGE_CURVE('',#316,#317,#201,.T.);
#400=EDGE_CURVE('',#317,#318,#202,.T.);
#401=EDGE_CURVE('',#318,#319,#203,.F.);
#402=EDGE_CURVE('',#319,#316,#204,.T.);
#403=EDGE_CURVE('',#315,#317,#205,.T.);
#404=EDGE_CURVE('',#316,#314,#206,.T.);
#405=EDGE_CURVE('',#320,#319,#207,.T.);
#406=EDGE_CURVE('',#320,#306,#208,.F.);
#407=EDGE_CURVE('',#321,#320,#159,.T.);
#408=EDGE_CURVE('',#321,#305,#209,.T.);
#409=EDGE_CURVE('',#318,#321,#210,.T.);
#410=EDGE_CURVE('',#311,#322,#225,.T.);
#411=EDGE_CURVE('',#322,#322,#160,.T.);
#412=EDGE_CURVE('',#323,#324,#15,.F.);
#413=EDGE_CURVE('',#325,#323,#226,.T.);
#414=EDGE_CURVE('',#326,#325,#227,.T.);
#415=EDGE_CURVE('',#324,#326,#228,.T.);
#416=EDGE_CURVE('',#327,#328,#16,.F.);
#417=EDGE_CURVE('',#329,#327,#229,.T.);
#418=EDGE_CURVE('',#330,#329,#230,.T.);
#419=EDGE_CURVE('',#331,#330,#231,.T.);
#420=EDGE_CURVE('',#328,#331,#17,.F.);
#421=EDGE_CURVE('',#330,#332,#161,.T.);
#422=EDGE_CURVE('',#332,#333,#232,.T.);
#423=EDGE_CURVE('',#331,#333,#162,.T.);
#424=EDGE_CURVE('',#333,#334,#18,.F.);
#425=EDGE_CURVE('',#335,#332,#233,.T.);
#426=EDGE_CURVE('',#334,#335,#234,.T.);
#427=EDGE_CURVE('',#335,#336,#163,.T.);
#428=EDGE_CURVE('',#336,#337,#235,.T.);
#429=EDGE_CURVE('',#334,#337,#164,.T.);
#430=EDGE_CURVE('',#338,#339,#236,.T.);
#431=EDGE_CURVE('',#340,#339,#165,.T.);
#432=EDGE_CURVE('',#340,#341,#237,.T.);
#433=EDGE_CURVE('',#341,#338,#166,.T.);
#434=EDGE_CURVE('',#339,#342,#19,.F.);
#435=EDGE_CURVE('',#343,#338,#238,.T.);
#436=EDGE_CURVE('',#342,#343,#239,.T.);
#437=EDGE_CURVE('',#343,#344,#167,.T.);
#438=EDGE_CURVE('',#344,#345,#240,.T.);
#439=EDGE_CURVE('',#342,#345,#168,.T.);
#440=EDGE_CURVE('',#345,#346,#20,.F.);
#441=EDGE_CURVE('',#347,#344,#241,.T.);
#442=EDGE_CURVE('',#346,#347,#242,.T.);
#443=EDGE_CURVE('',#346,#323,#169,.T.);
#444=EDGE_CURVE('',#347,#325,#170,.T.);
#445=EDGE_CURVE('',#341,#336,#243,.T.);
#446=EDGE_CURVE('',#337,#340,#21,.F.);
#447=EDGE_CURVE('',#348,#348,#171,.T.);
#448=EDGE_CURVE('',#349,#349,#172,.T.);
#449=EDGE_CURVE('',#350,#350,#173,.T.);
#450=EDGE_CURVE('',#351,#351,#174,.T.);
#451=EDGE_CURVE('',#352,#352,#175,.T.);
#452=EDGE_CURVE('',#353,#353,#176,.T.);
#453=EDGE_CURVE('',#324,#327,#177,.T.);
#454=EDGE_CURVE('',#328,#348,#244,.T.);
#455=EDGE_CURVE('',#326,#329,#178,.T.);
#456=EDGE_CURVE('',#354,#354,#179,.T.);
#457=EDGE_CURVE('',#355,#355,#180,.T.);
#458=EDGE_CURVE('',#356,#356,#181,.T.);
#459=EDGE_CURVE('',#357,#357,#182,.T.);
#460=EDGE_CURVE('',#358,#358,#183,.T.);
#461=EDGE_CURVE('',#353,#358,#245,.T.);
#462=EDGE_CURVE('',#352,#357,#246,.T.);
#463=EDGE_CURVE('',#351,#356,#247,.T.);
#464=EDGE_CURVE('',#350,#355,#248,.T.);
#465=EDGE_CURVE('',#349,#354,#249,.T.);
#466=ORIENTED_EDGE('',*,*,#359,.F.);
#467=ORIENTED_EDGE('',*,*,#360,.T.);
#468=ORIENTED_EDGE('',*,*,#361,.T.);
#469=ORIENTED_EDGE('',*,*,#362,.F.);
#470=ORIENTED_EDGE('',*,*,#363,.F.);
#471=ORIENTED_EDGE('',*,*,#364,.T.);
#472=ORIENTED_EDGE('',*,*,#359,.T.);
#473=ORIENTED_EDGE('',*,*,#365,.F.);
#474=ORIENTED_EDGE('',*,*,#366,.F.);
#475=ORIENTED_EDGE('',*,*,#367,.F.);
#476=ORIENTED_EDGE('',*,*,#368,.F.);
#477=ORIENTED_EDGE('',*,*,#369,.T.);
#478=ORIENTED_EDGE('',*,*,#363,.T.);
#479=ORIENTED_EDGE('',*,*,#370,.F.);
#480=ORIENTED_EDGE('',*,*,#371,.F.);
#481=ORIENTED_EDGE('',*,*,#372,.T.);
#482=ORIENTED_EDGE('',*,*,#368,.T.);
#483=ORIENTED_EDGE('',*,*,#373,.F.);
#484=ORIENTED_EDGE('',*,*,#374,.F.);
#485=ORIENTED_EDGE('',*,*,#375,.T.);
#486=ORIENTED_EDGE('',*,*,#371,.T.);
#487=ORIENTED_EDGE('',*,*,#376,.F.);
#488=ORIENTED_EDGE('',*,*,#377,.F.);
#489=ORIENTED_EDGE('',*,*,#378,.T.);
#490=ORIENTED_EDGE('',*,*,#374,.T.);
#491=ORIENTED_EDGE('',*,*,#379,.F.);
#492=ORIENTED_EDGE('',*,*,#380,.F.);
#493=ORIENTED_EDGE('',*,*,#381,.T.);
#494=ORIENTED_EDGE('',*,*,#377,.T.);
#495=ORIENTED_EDGE('',*,*,#382,.F.);
#496=ORIENTED_EDGE('',*,*,#383,.T.);
#497=ORIENTED_EDGE('',*,*,#384,.T.);
#498=ORIENTED_EDGE('',*,*,#385,.T.);
#499=ORIENTED_EDGE('',*,*,#384,.F.);
#500=ORIENTED_EDGE('',*,*,#386,.T.);
#501=ORIENTED_EDGE('',*,*,#365,.T.);
#502=ORIENTED_EDGE('',*,*,#362,.T.);
#503=ORIENTED_EDGE('',*,*,#387,.T.);
#504=ORIENTED_EDGE('',*,*,#388,.T.);
#505=ORIENTED_EDGE('',*,*,#383,.F.);
#506=ORIENTED_EDGE('',*,*,#389,.F.);
#507=ORIENTED_EDGE('',*,*,#390,.T.);
#508=ORIENTED_EDGE('',*,*,#385,.F.);
#509=ORIENTED_EDGE('',*,*,#390,.F.);
#510=ORIENTED_EDGE('',*,*,#391,.F.);
#511=ORIENTED_EDGE('',*,*,#392,.T.);
#512=ORIENTED_EDGE('',*,*,#393,.F.);
#513=ORIENTED_EDGE('',*,*,#392,.F.);
#514=ORIENTED_EDGE('',*,*,#394,.F.);
#515=ORIENTED_EDGE('',*,*,#395,.T.);
#516=ORIENTED_EDGE('',*,*,#388,.F.);
#517=ORIENTED_EDGE('',*,*,#396,.F.);
#518=ORIENTED_EDGE('',*,*,#397,.T.);
#519=ORIENTED_EDGE('',*,*,#396,.T.);
#520=ORIENTED_EDGE('',*,*,#387,.F.);
#521=ORIENTED_EDGE('',*,*,#361,.F.);
#522=ORIENTED_EDGE('',*,*,#398,.T.);
#523=ORIENTED_EDGE('',*,*,#366,.T.);
#524=ORIENTED_EDGE('',*,*,#386,.F.);
#525=ORIENTED_EDGE('',*,*,#395,.F.);
#526=ORIENTED_EDGE('',*,*,#399,.T.);
#527=ORIENTED_EDGE('',*,*,#400,.T.);
#528=ORIENTED_EDGE('',*,*,#401,.T.);
#529=ORIENTED_EDGE('',*,*,#402,.T.);
#530=ORIENTED_EDGE('',*,*,#394,.T.);
#531=ORIENTED_EDGE('',*,*,#403,.T.);
#532=ORIENTED_EDGE('',*,*,#399,.F.);
#533=ORIENTED_EDGE('',*,*,#404,.T.);
#534=ORIENTED_EDGE('',*,*,#402,.F.);
#535=ORIENTED_EDGE('',*,*,#405,.F.);
#536=ORIENTED_EDGE('',*,*,#406,.T.);
#537=ORIENTED_EDGE('',*,*,#382,.T.);
#538=ORIENTED_EDGE('',*,*,#379,.T.);
#539=ORIENTED_EDGE('',*,*,#376,.T.);
#540=ORIENTED_EDGE('',*,*,#373,.T.);
#541=ORIENTED_EDGE('',*,*,#370,.T.);
#542=ORIENTED_EDGE('',*,*,#367,.T.);
#543=ORIENTED_EDGE('',*,*,#398,.F.);
#544=ORIENTED_EDGE('',*,*,#404,.F.);
#545=ORIENTED_EDGE('',*,*,#380,.T.);
#546=ORIENTED_EDGE('',*,*,#406,.F.);
#547=ORIENTED_EDGE('',*,*,#407,.F.);
#548=ORIENTED_EDGE('',*,*,#408,.T.);
#549=ORIENTED_EDGE('',*,*,#400,.F.);
#550=ORIENTED_EDGE('',*,*,#403,.F.);
#551=ORIENTED_EDGE('',*,*,#397,.F.);
#552=ORIENTED_EDGE('',*,*,#360,.F.);
#553=ORIENTED_EDGE('',*,*,#364,.F.);
#554=ORIENTED_EDGE('',*,*,#369,.F.);
#555=ORIENTED_EDGE('',*,*,#372,.F.);
#556=ORIENTED_EDGE('',*,*,#375,.F.);
#557=ORIENTED_EDGE('',*,*,#378,.F.);
#558=ORIENTED_EDGE('',*,*,#381,.F.);
#559=ORIENTED_EDGE('',*,*,#408,.F.);
#560=ORIENTED_EDGE('',*,*,#409,.F.);
#561=ORIENTED_EDGE('',*,*,#389,.T.);
#562=ORIENTED_EDGE('',*,*,#410,.T.);
#563=ORIENTED_EDGE('',*,*,#411,.T.);
#564=ORIENTED_EDGE('',*,*,#410,.F.);
#565=ORIENTED_EDGE('',*,*,#412,.F.);
#566=ORIENTED_EDGE('',*,*,#413,.F.);
#567=ORIENTED_EDGE('',*,*,#414,.F.);
#568=ORIENTED_EDGE('',*,*,#415,.F.);
#569=ORIENTED_EDGE('',*,*,#416,.F.);
#570=ORIENTED_EDGE('',*,*,#417,.F.);
#571=ORIENTED_EDGE('',*,*,#418,.F.);
#572=ORIENTED_EDGE('',*,*,#419,.F.);
#573=ORIENTED_EDGE('',*,*,#420,.F.);
#574=ORIENTED_EDGE('',*,*,#419,.T.);
#575=ORIENTED_EDGE('',*,*,#421,.T.);
#576=ORIENTED_EDGE('',*,*,#422,.T.);
#577=ORIENTED_EDGE('',*,*,#423,.F.);
#578=ORIENTED_EDGE('',*,*,#424,.F.);
#579=ORIENTED_EDGE('',*,*,#422,.F.);
#580=ORIENTED_EDGE('',*,*,#425,.F.);
#581=ORIENTED_EDGE('',*,*,#426,.F.);
#582=ORIENTED_EDGE('',*,*,#426,.T.);
#583=ORIENTED_EDGE('',*,*,#427,.T.);
#584=ORIENTED_EDGE('',*,*,#428,.T.);
#585=ORIENTED_EDGE('',*,*,#429,.F.);
#586=ORIENTED_EDGE('',*,*,#430,.T.);
#587=ORIENTED_EDGE('',*,*,#431,.F.);
#588=ORIENTED_EDGE('',*,*,#432,.T.);
#589=ORIENTED_EDGE('',*,*,#433,.T.);
#590=ORIENTED_EDGE('',*,*,#434,.F.);
#591=ORIENTED_EDGE('',*,*,#430,.F.);
#592=ORIENTED_EDGE('',*,*,#435,.F.);
#593=ORIENTED_EDGE('',*,*,#436,.F.);
#594=ORIENTED_EDGE('',*,*,#436,.T.);
#595=ORIENTED_EDGE('',*,*,#437,.T.);
#596=ORIENTED_EDGE('',*,*,#438,.T.);
#597=ORIENTED_EDGE('',*,*,#439,.F.);
#598=ORIENTED_EDGE('',*,*,#440,.F.);
#599=ORIENTED_EDGE('',*,*,#438,.F.);
#600=ORIENTED_EDGE('',*,*,#441,.F.);
#601=ORIENTED_EDGE('',*,*,#442,.F.);
#602=ORIENTED_EDGE('',*,*,#413,.T.);
#603=ORIENTED_EDGE('',*,*,#443,.F.);
#604=ORIENTED_EDGE('',*,*,#442,.T.);
#605=ORIENTED_EDGE('',*,*,#444,.T.);
#606=ORIENTED_EDGE('',*,*,#445,.F.);
#607=ORIENTED_EDGE('',*,*,#432,.F.);
#608=ORIENTED_EDGE('',*,*,#446,.F.);
#609=ORIENTED_EDGE('',*,*,#428,.F.);
#610=ORIENTED_EDGE('',*,*,#447,.F.);
#611=ORIENTED_EDGE('',*,*,#448,.T.);
#612=ORIENTED_EDGE('',*,*,#449,.T.);
#613=ORIENTED_EDGE('',*,*,#450,.T.);
#614=ORIENTED_EDGE('',*,*,#451,.T.);
#615=ORIENTED_EDGE('',*,*,#452,.T.);
#616=ORIENTED_EDGE('',*,*,#391,.T.);
#617=ORIENTED_EDGE('',*,*,#411,.F.);
#618=ORIENTED_EDGE('',*,*,#453,.T.);
#619=ORIENTED_EDGE('',*,*,#416,.T.);
#620=ORIENTED_EDGE('',*,*,#454,.T.);
#621=ORIENTED_EDGE('',*,*,#447,.T.);
#622=ORIENTED_EDGE('',*,*,#454,.F.);
#623=ORIENTED_EDGE('',*,*,#420,.T.);
#624=ORIENTED_EDGE('',*,*,#423,.T.);
#625=ORIENTED_EDGE('',*,*,#424,.T.);
#626=ORIENTED_EDGE('',*,*,#429,.T.);
#627=ORIENTED_EDGE('',*,*,#446,.T.);
#628=ORIENTED_EDGE('',*,*,#431,.T.);
#629=ORIENTED_EDGE('',*,*,#434,.T.);
#630=ORIENTED_EDGE('',*,*,#439,.T.);
#631=ORIENTED_EDGE('',*,*,#440,.T.);
#632=ORIENTED_EDGE('',*,*,#443,.T.);
#633=ORIENTED_EDGE('',*,*,#412,.T.);
#634=ORIENTED_EDGE('',*,*,#453,.F.);
#635=ORIENTED_EDGE('',*,*,#415,.T.);
#636=ORIENTED_EDGE('',*,*,#455,.T.);
#637=ORIENTED_EDGE('',*,*,#417,.T.);
#638=ORIENTED_EDGE('',*,*,#445,.T.);
#639=ORIENTED_EDGE('',*,*,#427,.F.);
#640=ORIENTED_EDGE('',*,*,#425,.T.);
#641=ORIENTED_EDGE('',*,*,#421,.F.);
#642=ORIENTED_EDGE('',*,*,#418,.T.);
#643=ORIENTED_EDGE('',*,*,#455,.F.);
#644=ORIENTED_EDGE('',*,*,#414,.T.);
#645=ORIENTED_EDGE('',*,*,#444,.F.);
#646=ORIENTED_EDGE('',*,*,#441,.T.);
#647=ORIENTED_EDGE('',*,*,#437,.F.);
#648=ORIENTED_EDGE('',*,*,#435,.T.);
#649=ORIENTED_EDGE('',*,*,#433,.F.);
#650=ORIENTED_EDGE('',*,*,#456,.T.);
#651=ORIENTED_EDGE('',*,*,#457,.T.);
#652=ORIENTED_EDGE('',*,*,#458,.T.);
#653=ORIENTED_EDGE('',*,*,#459,.T.);
#654=ORIENTED_EDGE('',*,*,#460,.T.);
#655=ORIENTED_EDGE('',*,*,#393,.T.);
#656=ORIENTED_EDGE('',*,*,#409,.T.);
#657=ORIENTED_EDGE('',*,*,#407,.T.);
#658=ORIENTED_EDGE('',*,*,#405,.T.);
#659=ORIENTED_EDGE('',*,*,#401,.F.);
#660=ORIENTED_EDGE('',*,*,#452,.F.);
#661=ORIENTED_EDGE('',*,*,#461,.T.);
#662=ORIENTED_EDGE('',*,*,#460,.F.);
#663=ORIENTED_EDGE('',*,*,#461,.F.);
#664=ORIENTED_EDGE('',*,*,#451,.F.);
#665=ORIENTED_EDGE('',*,*,#462,.T.);
#666=ORIENTED_EDGE('',*,*,#459,.F.);
#667=ORIENTED_EDGE('',*,*,#462,.F.);
#668=ORIENTED_EDGE('',*,*,#450,.F.);
#669=ORIENTED_EDGE('',*,*,#463,.T.);
#670=ORIENTED_EDGE('',*,*,#458,.F.);
#671=ORIENTED_EDGE('',*,*,#463,.F.);
#672=ORIENTED_EDGE('',*,*,#449,.F.);
#673=ORIENTED_EDGE('',*,*,#464,.T.);
#674=ORIENTED_EDGE('',*,*,#457,.F.);
#675=ORIENTED_EDGE('',*,*,#464,.F.);
#676=ORIENTED_EDGE('',*,*,#448,.F.);
#677=ORIENTED_EDGE('',*,*,#465,.T.);
#678=ORIENTED_EDGE('',*,*,#456,.F.);
#679=ORIENTED_EDGE('',*,*,#465,.F.);
#680=CYLINDRICAL_SURFACE('',#756,8.0685);
#681=CYLINDRICAL_SURFACE('',#758,8.0685);
#682=CYLINDRICAL_SURFACE('',#760,8.0685);
#683=CYLINDRICAL_SURFACE('',#761,8.0685);
#684=CYLINDRICAL_SURFACE('',#762,8.0685);
#685=CYLINDRICAL_SURFACE('',#763,8.0685);
#686=CYLINDRICAL_SURFACE('',#764,8.0685);
#687=CYLINDRICAL_SURFACE('',#770,4.45);
#688=CYLINDRICAL_SURFACE('',#772,2.);
#689=CYLINDRICAL_SURFACE('',#775,8.069);
#690=CYLINDRICAL_SURFACE('',#778,8.0685);
#691=CYLINDRICAL_SURFACE('',#784,17.);
#692=CYLINDRICAL_SURFACE('',#788,17.);
#693=CYLINDRICAL_SURFACE('',#791,17.);
#694=CYLINDRICAL_SURFACE('',#795,17.);
#695=CYLINDRICAL_SURFACE('',#799,17.);
#696=CYLINDRICAL_SURFACE('',#812,17.);
#697=CYLINDRICAL_SURFACE('',#820,2.);
#698=CYLINDRICAL_SURFACE('',#821,2.);
#699=CYLINDRICAL_SURFACE('',#822,2.);
#700=CYLINDRICAL_SURFACE('',#823,2.);
#701=CYLINDRICAL_SURFACE('',#824,2.);
#702=ADVANCED_FACE('',(#55),#680,.T.);
#703=ADVANCED_FACE('',(#56),#681,.T.);
#704=ADVANCED_FACE('',(#57),#682,.T.);
#705=ADVANCED_FACE('',(#58),#683,.T.);
#706=ADVANCED_FACE('',(#59),#684,.T.);
#707=ADVANCED_FACE('',(#60),#685,.T.);
#708=ADVANCED_FACE('',(#61),#686,.T.);
#709=ADVANCED_FACE('',(#62),#52,.F.);
#710=ADVANCED_FACE('',(#63,#27),#42,.T.);
#711=ADVANCED_FACE('',(#64),#687,.F.);
#712=ADVANCED_FACE('',(#65),#688,.F.);
#713=ADVANCED_FACE('',(#66),#689,.T.);
#714=ADVANCED_FACE('',(#67),#22,.T.);
#715=ADVANCED_FACE('',(#68),#23,.T.);
#716=ADVANCED_FACE('',(#69),#24,.F.);
#717=ADVANCED_FACE('',(#70),#43,.T.);
#718=ADVANCED_FACE('',(#71),#25,.F.);
#719=ADVANCED_FACE('',(#72),#690,.T.);
#720=ADVANCED_FACE('',(#73),#26,.F.);
#721=ADVANCED_FACE('',(#74),#53,.F.);
#722=ADVANCED_FACE('',(#75),#44,.F.);
#723=ADVANCED_FACE('',(#76),#45,.F.);
#724=ADVANCED_FACE('',(#77),#691,.T.);
#725=ADVANCED_FACE('',(#78),#46,.F.);
#726=ADVANCED_FACE('',(#79),#692,.T.);
#727=ADVANCED_FACE('',(#80),#693,.T.);
#728=ADVANCED_FACE('',(#81),#47,.F.);
#729=ADVANCED_FACE('',(#82),#694,.T.);
#730=ADVANCED_FACE('',(#83),#48,.F.);
#731=ADVANCED_FACE('',(#84),#695,.T.);
#732=ADVANCED_FACE('',(#85),#49,.F.);
#733=ADVANCED_FACE('',(#86,#28,#29,#30,#31,#32,#33,#34),#50,.T.);
#734=ADVANCED_FACE('',(#87),#54,.T.);
#735=ADVANCED_FACE('',(#88),#696,.T.);
#736=ADVANCED_FACE('',(#89,#35,#36,#37,#38,#39,#40,#41),#51,.F.);
#737=ADVANCED_FACE('',(#90),#697,.F.);
#738=ADVANCED_FACE('',(#91),#698,.F.);
#739=ADVANCED_FACE('',(#92),#699,.F.);
#740=ADVANCED_FACE('',(#93),#700,.F.);
#741=ADVANCED_FACE('',(#94),#701,.F.);
#742=CLOSED_SHELL('',(#702,#703,#704,#705,#706,#707,#708,#709,#710,#711,
#712,#713,#714,#715,#716,#717,#718,#719,#720,#721,#722,#723,#724,#725,#726,
#727,#728,#729,#730,#731,#732,#733,#734,#735,#736,#737,#738,#739,#740,#741));
#743=DERIVED_UNIT_ELEMENT(#745,1.);
#744=DERIVED_UNIT_ELEMENT(#3080,-3.);
#745=(
MASS_UNIT()
NAMED_UNIT(*)
SI_UNIT(.KILO.,.GRAM.)
);
#746=DERIVED_UNIT((#743,#744));
#747=MEASURE_REPRESENTATION_ITEM('density measure',
POSITIVE_RATIO_MEASURE(7850.),#746);
#748=PROPERTY_DEFINITION_REPRESENTATION(#753,#750);
#749=PROPERTY_DEFINITION_REPRESENTATION(#754,#751);
#750=REPRESENTATION('material name',(#752),#3077);
#751=REPRESENTATION('density',(#747),#3077);
#752=DESCRIPTIVE_REPRESENTATION_ITEM('Steel','Steel');
#753=PROPERTY_DEFINITION('material property','material name',#3087);
#754=PROPERTY_DEFINITION('material property','density of part',#3087);
#755=AXIS2_PLACEMENT_3D('',#1004,#825,#826);
#756=AXIS2_PLACEMENT_3D('',#1005,#827,#828);
#757=AXIS2_PLACEMENT_3D('',#1016,#831,#832);
#758=AXIS2_PLACEMENT_3D('',#1017,#833,#834);
#759=AXIS2_PLACEMENT_3D('',#1056,#836,#837);
#760=AXIS2_PLACEMENT_3D('',#1078,#839,#840);
#761=AXIS2_PLACEMENT_3D('',#1156,#842,#843);
#762=AXIS2_PLACEMENT_3D('',#1228,#845,#846);
#763=AXIS2_PLACEMENT_3D('',#1291,#848,#849);
#764=AXIS2_PLACEMENT_3D('',#1363,#851,#852);
#765=AXIS2_PLACEMENT_3D('',#1435,#854,#855);
#766=AXIS2_PLACEMENT_3D('',#1437,#856,#857);
#767=AXIS2_PLACEMENT_3D('',#1440,#859,#860);
#768=AXIS2_PLACEMENT_3D('',#1441,#861,#862);
#769=AXIS2_PLACEMENT_3D('',#1452,#863,#864);
#770=AXIS2_PLACEMENT_3D('',#1453,#865,#866);
#771=AXIS2_PLACEMENT_3D('',#1455,#867,#868);
#772=AXIS2_PLACEMENT_3D('',#1457,#870,#871);
#773=AXIS2_PLACEMENT_3D('',#1459,#872,#873);
#774=AXIS2_PLACEMENT_3D('',#1462,#875,#876);
#775=AXIS2_PLACEMENT_3D('',#1463,#877,#878);
#776=AXIS2_PLACEMENT_3D('',#1466,#879,#880);
#777=AXIS2_PLACEMENT_3D('',#2179,#883,#884);
#778=AXIS2_PLACEMENT_3D('',#2574,#885,#886);
#779=AXIS2_PLACEMENT_3D('',#2576,#887,#888);
#780=AXIS2_PLACEMENT_3D('',#2947,#889,#890);
#781=AXIS2_PLACEMENT_3D('',#2950,#892,#893);
#782=AXIS2_PLACEMENT_3D('',#2951,#894,#895);
#783=AXIS2_PLACEMENT_3D('',#2962,#899,#900);
#784=AXIS2_PLACEMENT_3D('',#2977,#904,#905);
#785=AXIS2_PLACEMENT_3D('',#2979,#906,#907);
#786=AXIS2_PLACEMENT_3D('',#2982,#909,#910);
#787=AXIS2_PLACEMENT_3D('',#2983,#911,#912);
#788=AXIS2_PLACEMENT_3D('',#2991,#915,#916);
#789=AXIS2_PLACEMENT_3D('',#2993,#917,#918);
#790=AXIS2_PLACEMENT_3D('',#2996,#920,#921);
#791=AXIS2_PLACEMENT_3D('',#2997,#922,#923);
#792=AXIS2_PLACEMENT_3D('',#3002,#925,#926);
#793=AXIS2_PLACEMENT_3D('',#3005,#928,#929);
#794=AXIS2_PLACEMENT_3D('',#3006,#930,#931);
#795=AXIS2_PLACEMENT_3D('',#3014,#934,#935);
#796=AXIS2_PLACEMENT_3D('',#3016,#936,#937);
#797=AXIS2_PLACEMENT_3D('',#3019,#939,#940);
#798=AXIS2_PLACEMENT_3D('',#3020,#941,#942);
#799=AXIS2_PLACEMENT_3D('',#3028,#945,#946);
#800=AXIS2_PLACEMENT_3D('',#3029,#947,#948);
#801=AXIS2_PLACEMENT_3D('',#3030,#949,#950);
#802=AXIS2_PLACEMENT_3D('',#3031,#951,#952);
#803=AXIS2_PLACEMENT_3D('',#3036,#954,#955);
#804=AXIS2_PLACEMENT_3D('',#3038,#956,#957);
#805=AXIS2_PLACEMENT_3D('',#3040,#958,#959);
#806=AXIS2_PLACEMENT_3D('',#3042,#960,#961);
#807=AXIS2_PLACEMENT_3D('',#3044,#962,#963);
#808=AXIS2_PLACEMENT_3D('',#3046,#964,#965);
#809=AXIS2_PLACEMENT_3D('',#3048,#966,#967);
#810=AXIS2_PLACEMENT_3D('',#3049,#968,#969);
#811=AXIS2_PLACEMENT_3D('',#3050,#970,#971);
#812=AXIS2_PLACEMENT_3D('',#3052,#973,#974);
#813=AXIS2_PLACEMENT_3D('',#3053,#975,#976);
#814=AXIS2_PLACEMENT_3D('',#3054,#977,#978);
#815=AXIS2_PLACEMENT_3D('',#3056,#979,#980);
#816=AXIS2_PLACEMENT_3D('',#3058,#981,#982);
#817=AXIS2_PLACEMENT_3D('',#3060,#983,#984);
#818=AXIS2_PLACEMENT_3D('',#3062,#985,#986);
#819=AXIS2_PLACEMENT_3D('',#3064,#987,#988);
#820=AXIS2_PLACEMENT_3D('',#3065,#989,#990);
#821=AXIS2_PLACEMENT_3D('',#3067,#992,#993);
#822=AXIS2_PLACEMENT_3D('',#3069,#995,#996);
#823=AXIS2_PLACEMENT_3D('',#3071,#998,#999);
#824=AXIS2_PLACEMENT_3D('',#3073,#1001,#1002);
#825=DIRECTION('axis',(0.,0.,1.));
#826=DIRECTION('refdir',(1.,0.,0.));
#827=DIRECTION('center_axis',(5.97021790437718E-31,1.,-2.08483391994936E-22));
#828=DIRECTION('ref_axis',(0.958322158798165,-5.95615711554991E-23,-0.28568976172839));
#829=DIRECTION('',(5.97021790437718E-31,1.,-2.08483391994936E-22));
#830=DIRECTION('',(5.97021790437718E-31,1.,-2.08483391994936E-22));
#831=DIRECTION('center_axis',(5.97021766973999E-31,1.,1.57771729654372E-30));
#832=DIRECTION('ref_axis',(-0.0557683779501263,-1.54196702884575E-30,0.99844373302696));
#833=DIRECTION('center_axis',(5.97021790437718E-31,1.,-2.08483391994936E-22));
#834=DIRECTION('ref_axis',(-1.,5.97024303297199E-31,1.20530439230276E-14));
#835=DIRECTION('',(5.97021790437718E-31,1.,-2.08483391994936E-22));
#836=DIRECTION('center_axis',(5.97021766973999E-31,1.,1.57771729654372E-30));
#837=DIRECTION('ref_axis',(-0.0557683779501263,-1.54196702884575E-30,0.99844373302696));
#838=DIRECTION('',(5.97021790437718E-31,1.,-2.08483391994936E-22));
#839=DIRECTION('center_axis',(5.97021790437718E-31,1.,-2.08483391994936E-22));
#840=DIRECTION('ref_axis',(-1.,5.97024303297199E-31,1.20530439230276E-14));
#841=DIRECTION('',(5.97021790437718E-31,1.,-2.08483391994936E-22));
#842=DIRECTION('center_axis',(5.97021790437718E-31,1.,-2.08483391994936E-22));
#843=DIRECTION('ref_axis',(-1.,5.97024303297199E-31,1.20530439230276E-14));
#844=DIRECTION('',(5.97021790437718E-31,1.,-2.08483391994936E-22));
#845=DIRECTION('center_axis',(5.97021790437718E-31,1.,-2.08483391994936E-22));
#846=DIRECTION('ref_axis',(-1.,5.97024303297199E-31,1.20530439230276E-14));
#847=DIRECTION('',(5.97021790437718E-31,1.,-2.08483391994936E-22));
#848=DIRECTION('center_axis',(5.97021790437718E-31,1.,-2.08483391994936E-22));
#849=DIRECTION('ref_axis',(-1.,5.97024303297199E-31,1.20530439230276E-14));
#850=DIRECTION('',(5.97021790437718E-31,1.,-2.08483391994936E-22));
#851=DIRECTION('center_axis',(5.97021790437718E-31,1.,-2.08483391994936E-22));
#852=DIRECTION('ref_axis',(-1.,5.97024303297199E-31,1.20530439230276E-14));
#853=DIRECTION('',(5.97021790437718E-31,1.,-2.08483391994936E-22));
#854=DIRECTION('center_axis',(5.97021778819358E-31,1.,1.06492322734726E-47));
#855=DIRECTION('ref_axis',(1.,-5.97021767012686E-31,5.55111479225354E-17));
#856=DIRECTION('center_axis',(5.97021766973999E-31,1.,1.57771729654372E-30));
#857=DIRECTION('ref_axis',(1.,-5.97021766973999E-31,5.55111479225354E-17));
#858=DIRECTION('',(0.707106781186551,-0.707106781186544,-4.73432964960753E-17));
#859=DIRECTION('center_axis',(-5.97021766973999E-31,-1.,-1.57771729654372E-30));
#860=DIRECTION('ref_axis',(1.,-5.97021767064414E-31,5.55111479225354E-17));
#861=DIRECTION('center_axis',(5.97021766973999E-31,1.,1.57771729654372E-30));
#862=DIRECTION('ref_axis',(-1.,5.97021766973999E-31,-5.57279883570325E-17));
#863=DIRECTION('center_axis',(5.97021766973999E-31,1.,1.57771729654372E-30));
#864=DIRECTION('ref_axis',(-1.,5.97021766973999E-31,-5.57279883570325E-17));
#865=DIRECTION('center_axis',(5.97021767064414E-31,1.,-4.70197740222423E-38));
#866=DIRECTION('ref_axis',(1.,-5.97021767064414E-31,5.55111479225354E-17));
#867=DIRECTION('center_axis',(5.97021767064414E-31,1.,-4.70197740222423E-38));
#868=DIRECTION('ref_axis',(1.,-5.97021767064414E-31,5.55111479225354E-17));
#869=DIRECTION('',(5.97021767064414E-31,1.,-4.70197740222423E-38));
#870=DIRECTION('center_axis',(5.97021790437718E-31,1.,-2.08483391994936E-22));
#871=DIRECTION('ref_axis',(1.,-5.97021778819358E-31,5.57279883570325E-17));
#872=DIRECTION('center_axis',(5.97021767064414E-31,1.,-4.70197740222423E-38));
#873=DIRECTION('ref_axis',(1.,-5.97021778819358E-31,5.57279883570325E-17));
#874=DIRECTION('',(5.97021790437718E-31,1.,-2.08483391994936E-22));
#875=DIRECTION('center_axis',(-5.97021767064414E-31,-1.,4.23177966285374E-37));
#876=DIRECTION('ref_axis',(1.,-5.97021778819358E-31,5.57279883570325E-17));
#877=DIRECTION('center_axis',(5.97021790437718E-31,1.,-2.08483391994936E-22));
#878=DIRECTION('ref_axis',(-1.,5.97021778819358E-31,-5.57279883570325E-17));
#879=DIRECTION('center_axis',(-5.97021767019207E-31,-1.,-7.88858436682875E-31));
#880=DIRECTION('ref_axis',(-1.,5.97021778819358E-31,-5.57279883570325E-17));
#881=DIRECTION('',(5.97021790437718E-31,1.,-2.08483391994936E-22));
#882=DIRECTION('',(5.97021790437718E-31,1.,-2.08483391994936E-22));
#883=DIRECTION('center_axis',(5.97021767019207E-31,1.,7.88858436682875E-31));
#884=DIRECTION('ref_axis',(-1.,5.97021767019207E-31,-5.57279883570325E-17));
#885=DIRECTION('center_axis',(5.97021790437718E-31,1.,-2.08483391994936E-22));
#886=DIRECTION('ref_axis',(-1.,5.97024303297199E-31,1.20530439230276E-14));
#887=DIRECTION('center_axis',(-5.97021790437718E-31,-1.,2.08483391994936E-22));
#888=DIRECTION('ref_axis',(-1.,5.97024303297199E-31,1.20530439230276E-14));
#889=DIRECTION('center_axis',(-5.97021767064414E-31,-1.,4.70197740222423E-38));
#890=DIRECTION('ref_axis',(1.,-5.97021767064414E-31,5.55111479225354E-17));
#891=DIRECTION('',(-0.707106781186551,-0.707106781186544,4.73432964960753E-17));
#892=DIRECTION('center_axis',(-5.97021767064414E-31,-1.,4.70197740222423E-38));
#893=DIRECTION('ref_axis',(1.,-5.97021767064414E-31,5.55111479225354E-17));
#894=DIRECTION('center_axis',(0.866025403784439,1.04241695480432E-22,0.5));
#895=DIRECTION('ref_axis',(0.5,3.84660872041048E-31,-0.866025403784439));
#896=DIRECTION('',(-5.97021767064414E-31,-1.,4.70197740222423E-38));
#897=DIRECTION('',(-0.5,2.98511250015076E-31,0.866025403784439));
#898=DIRECTION('',(5.97021767064414E-31,1.,-4.70197740222423E-38));
#899=DIRECTION('center_axis',(6.84420694726405E-16,2.08483391994936E-22,
1.));
#900=DIRECTION('ref_axis',(1.,-5.97021767019206E-31,-6.84420694726405E-16));
#901=DIRECTION('',(-5.97021767064414E-31,-1.,4.70197740222423E-38));
#902=DIRECTION('',(-1.,5.97021767064414E-31,6.84420694726405E-16));
#903=DIRECTION('',(5.97021767064414E-31,1.,-4.70197740222423E-38));
#904=DIRECTION('center_axis',(-5.97021767064414E-31,-1.,4.70197740222423E-38));
#905=DIRECTION('ref_axis',(-3.33066904078825E-16,4.70197742210905E-38,1.));
#906=DIRECTION('center_axis',(-5.97021767064414E-31,-1.,4.23177966285374E-37));
#907=DIRECTION('ref_axis',(-3.33066904078825E-16,4.70197742210905E-38,1.));
#908=DIRECTION('',(-5.97021767064414E-31,-1.,4.70197740222423E-38));
#909=DIRECTION('center_axis',(-5.97021767064414E-31,-1.,4.70197740222423E-38));
#910=DIRECTION('ref_axis',(-3.33066904078825E-16,4.70197742210905E-38,1.));
#911=DIRECTION('center_axis',(-0.866025403784438,1.04241696514504E-22,0.5));
#912=DIRECTION('ref_axis',(0.5,-9.81682650860406E-31,0.866025403784438));
#913=DIRECTION('',(-0.5,2.98510517049338E-31,-0.866025403784438));
#914=DIRECTION('',(5.97021767064414E-31,1.,-4.70197740222423E-38));
#915=DIRECTION('center_axis',(-5.97021767064414E-31,-1.,4.70197740222423E-38));
#916=DIRECTION('ref_axis',(-3.33066904078825E-16,4.70197742210905E-38,1.));
#917=DIRECTION('center_axis',(-5.97021767064414E-31,-1.,4.23177966285374E-37));
#918=DIRECTION('ref_axis',(-3.33066904078825E-16,4.70197742210905E-38,1.));
#919=DIRECTION('',(-5.97021767064414E-31,-1.,4.70197740222423E-38));
#920=DIRECTION('center_axis',(-5.97021767064414E-31,-1.,4.70197740222423E-38));
#921=DIRECTION('ref_axis',(-3.33066904078825E-16,4.70197742210905E-38,1.));
#922=DIRECTION('center_axis',(-5.97021767064414E-31,-1.,4.70197740222423E-38));
#923=DIRECTION('ref_axis',(-3.33066904078825E-16,4.70197742210905E-38,1.));
#924=DIRECTION('',(-5.97021767064414E-31,-1.,4.70197740222423E-38));
#925=DIRECTION('center_axis',(-5.97021767064414E-31,-1.,4.70197740222423E-38));
#926=DIRECTION('ref_axis',(-3.33066904078825E-16,4.70197742210905E-38,1.));
#927=DIRECTION('',(5.97021767064414E-31,1.,-4.70197740222423E-38));
#928=DIRECTION('center_axis',(-5.97021767064414E-31,-1.,4.23177966285374E-37));
#929=DIRECTION('ref_axis',(-3.33066904078825E-16,4.70197742210905E-38,1.));
#930=DIRECTION('center_axis',(-4.37704467031926E-16,-2.08483391994936E-22,
-1.));
#931=DIRECTION('ref_axis',(-1.,5.97021767019206E-31,4.37704467031926E-16));
#932=DIRECTION('',(1.,-5.97021767064414E-31,-4.37704467031926E-16));
#933=DIRECTION('',(5.97021767064414E-31,1.,-4.70197740222423E-38));
#934=DIRECTION('center_axis',(-5.97021767064414E-31,-1.,4.70197740222423E-38));
#935=DIRECTION('ref_axis',(-3.33066904078825E-16,4.70197742210905E-38,1.));
#936=DIRECTION('center_axis',(-5.97021767064414E-31,-1.,4.23177966285374E-37));
#937=DIRECTION('ref_axis',(-3.33066904078825E-16,4.70197742210905E-38,1.));
#938=DIRECTION('',(-5.97021767064414E-31,-1.,4.70197740222423E-38));
#939=DIRECTION('center_axis',(-5.97021767064414E-31,-1.,4.70197740222423E-38));
#940=DIRECTION('ref_axis',(-3.33066904078825E-16,4.70197742210905E-38,1.));
#941=DIRECTION('center_axis',(0.866025403784438,-1.04241696514504E-22,-0.5));
#942=DIRECTION('ref_axis',(-0.5,9.81682650860406E-31,-0.866025403784438));
#943=DIRECTION('',(0.5,-2.98510517049338E-31,0.866025403784438));
#944=DIRECTION('',(5.97021767064414E-31,1.,-4.70197740222423E-38));
#945=DIRECTION('center_axis',(-5.97021767064414E-31,-1.,4.70197740222423E-38));
#946=DIRECTION('ref_axis',(-3.33066904078825E-16,4.70197742210905E-38,1.));
#947=DIRECTION('center_axis',(-5.97021767064414E-31,-1.,4.70197740222423E-38));
#948=DIRECTION('ref_axis',(-3.33066904078825E-16,4.70197742210905E-38,1.));
#949=DIRECTION('center_axis',(-5.97021767064414E-31,-1.,4.23177966285374E-37));
#950=DIRECTION('ref_axis',(-3.33066904078825E-16,4.70197742210905E-38,1.));
#951=DIRECTION('center_axis',(-0.866025403784439,-1.04241695480432E-22,
-0.5));
#952=DIRECTION('ref_axis',(-0.5,-3.84660872041048E-31,0.866025403784439));
#953=DIRECTION('',(0.5,-2.98511250015076E-31,-0.866025403784439));
#954=DIRECTION('center_axis',(-5.97021767064414E-31,-1.,4.70197740222423E-38));
#955=DIRECTION('ref_axis',(1.,-5.97021767064414E-31,5.57279883570325E-17));
#956=DIRECTION('center_axis',(5.97021767064414E-31,1.,-4.70197740222423E-38));
#957=DIRECTION('ref_axis',(-3.33066904078825E-16,4.70197742210905E-38,1.));
#958=DIRECTION('center_axis',(5.97021767064414E-31,1.,-4.70197740222423E-38));
#959=DIRECTION('ref_axis',(0.499999999999999,-2.98510936007469E-31,-0.866025403784439));
#960=DIRECTION('center_axis',(5.97021767064414E-31,1.,-4.70197740222423E-38));
#961=DIRECTION('ref_axis',(-0.5,2.98510831056945E-31,-0.866025403784438));
#962=DIRECTION('center_axis',(5.97021767064414E-31,1.,-4.70197740222423E-38));
#963=DIRECTION('ref_axis',(-1.,5.97021755309471E-31,6.67366915577028E-17));
#964=DIRECTION('center_axis',(5.97021767064414E-31,1.,-4.70197740222423E-38));
#965=DIRECTION('ref_axis',(-0.5,2.98510912497582E-31,0.866025403784439));
#966=DIRECTION('center_axis',(5.97021767064414E-31,1.,-4.70197740222423E-38));
#967=DIRECTION('ref_axis',(0.5,-2.98510854566832E-31,0.866025403784439));
#968=DIRECTION('center_axis',(5.97021778819358E-31,1.,1.06492322734726E-47));
#969=DIRECTION('ref_axis',(-3.33066904078825E-16,4.70197742210905E-38,1.));
#970=DIRECTION('center_axis',(-5.97021767064414E-31,-1.,4.70197740222423E-38));
#971=DIRECTION('ref_axis',(-3.33066904078825E-16,4.70197742210905E-38,1.));
#972=DIRECTION('',(-1.48918260839398E-16,-0.707106781186546,0.707106781186549));
#973=DIRECTION('center_axis',(-5.97021767064414E-31,-1.,4.70197740222423E-38));
#974=DIRECTION('ref_axis',(-3.33066904078825E-16,4.70197742210905E-38,1.));
#975=DIRECTION('center_axis',(-5.97021767064414E-31,-1.,4.23177966285374E-37));
#976=DIRECTION('ref_axis',(-3.33066904078825E-16,4.70197742210905E-38,1.));
#977=DIRECTION('center_axis',(-5.97021767064414E-31,-1.,4.23177966285374E-37));
#978=DIRECTION('ref_axis',(5.57279883578403E-17,-4.23177966318645E-37,-1.));
#979=DIRECTION('center_axis',(-5.97021441301864E-31,-1.,2.35098870153808E-37));
#980=DIRECTION('ref_axis',(0.499999999999999,-2.98510936007469E-31,-0.866025403784439));
#981=DIRECTION('center_axis',(-5.97021441301864E-31,-1.,-1.41059322109324E-37));
#982=DIRECTION('ref_axis',(-0.5,2.98510831056945E-31,-0.866025403784438));
#983=DIRECTION('center_axis',(-5.97021767064414E-31,-1.,-3.2913841824089E-37));
#984=DIRECTION('ref_axis',(-1.,5.97021755309471E-31,6.67366915577028E-17));
#985=DIRECTION('center_axis',(-5.97022092826965E-31,-1.,-1.41059322109324E-37));
#986=DIRECTION('ref_axis',(-0.5,2.98510912497582E-31,0.866025403784439));
#987=DIRECTION('center_axis',(-5.97022092826965E-31,-1.,2.35098870153808E-37));
#988=DIRECTION('ref_axis',(0.5,-2.98510854566832E-31,0.866025403784439));
#989=DIRECTION('center_axis',(1.80551914331786E-22,1.,-1.04241695997468E-22));
#990=DIRECTION('ref_axis',(0.5,-2.98510854566832E-31,0.866025403784439));
#991=DIRECTION('',(1.80551914331786E-22,1.,-1.04241695997468E-22));
#992=DIRECTION('center_axis',(1.80551914331786E-22,1.,1.04241695997468E-22));
#993=DIRECTION('ref_axis',(-0.5,2.98510912497582E-31,0.866025403784439));
#994=DIRECTION('',(1.80551914331786E-22,1.,1.04241695997468E-22));
#995=DIRECTION('center_axis',(5.97021769222962E-31,1.,2.08483391994936E-22));
#996=DIRECTION('ref_axis',(-1.,5.97021755309471E-31,6.67366915577028E-17));
#997=DIRECTION('',(5.97021769222963E-31,1.,2.08483391994936E-22));
#998=DIRECTION('center_axis',(-1.80551913137742E-22,1.,1.04241695997468E-22));
#999=DIRECTION('ref_axis',(-0.5,2.98510831056945E-31,-0.866025403784438));
#1000=DIRECTION('',(-1.80551913137742E-22,1.,1.04241695997468E-22));
#1001=DIRECTION('center_axis',(-1.80551913137742E-22,1.,-1.04241695997468E-22));
#1002=DIRECTION('ref_axis',(0.499999999999999,-2.98510936007469E-31,-0.866025403784439));
#1003=DIRECTION('',(-1.80551913137742E-22,1.,-1.04241695997468E-22));
#1004=CARTESIAN_POINT('',(0.,0.,0.));
#1005=CARTESIAN_POINT('Origin',(1.13219945060799E-14,-298.474011027243,
35.8612653953169));
#1006=CARTESIAN_POINT('',(8.06947185312981,-285.839518749937,35.8623648069206));
#1007=CARTESIAN_POINT('',(8.06850000000001,-280.701198596588,35.8612653953168));
#1008=CARTESIAN_POINT('',(8.06850000000001,-298.474011027243,35.8612653953168));
#1009=CARTESIAN_POINT('',(6.7527997510106,-285.701198596588,31.4410148811855));
#1010=CARTESIAN_POINT('Ctrl Pts',(8.06947185312981,-285.839518749937,35.8623648069206));
#1011=CARTESIAN_POINT('Ctrl Pts',(8.06348017790824,-285.793412032154,34.3053279557587));
#1012=CARTESIAN_POINT('Ctrl Pts',(7.5989238310863,-285.747305314371,32.7467989285696));
#1013=CARTESIAN_POINT('Ctrl Pts',(6.7527997510106,-285.701198596588,31.4410148811855));
#1014=CARTESIAN_POINT('',(6.75167675948055,-280.701198596588,31.4436242616924));
#1015=CARTESIAN_POINT('',(6.75167675948055,-285.701198596588,31.4436242616924));
#1016=CARTESIAN_POINT('Origin',(1.13219945060799E-14,-280.701198596588,
35.8612653953169));
#1017=CARTESIAN_POINT('Origin',(1.13219945060799E-14,-298.474011027243,
35.8612653953169));
#1018=CARTESIAN_POINT('',(8.06808167992693,-287.33951875002,35.8596894006271));
#1019=CARTESIAN_POINT('',(8.07325613027711,-286.812877966368,35.8609584857859));
#1020=CARTESIAN_POINT('',(8.06850000000001,-298.474011027243,35.8612653953168));
#1021=CARTESIAN_POINT('Ctrl Pts',(8.06808167992693,-287.33951875002,35.8596894006271));
#1022=CARTESIAN_POINT('Ctrl Pts',(8.06987987681636,-287.320383284595,35.2127309132939));
#1023=CARTESIAN_POINT('Ctrl Pts',(7.99498097774953,-287.30124781917,34.5660696363632));
#1024=CARTESIAN_POINT('Ctrl Pts',(7.84118467099983,-287.282112353745,33.9385851263399));
#1025=CARTESIAN_POINT('Ctrl Pts',(7.39892189067066,-287.227085647834,32.1341656972827));
#1026=CARTESIAN_POINT('Ctrl Pts',(6.30423244227566,-287.172058941923,30.488324788168));
#1027=CARTESIAN_POINT('Ctrl Pts',(4.81234573686885,-287.117032236012,29.3810219741302));
#1028=CARTESIAN_POINT('Ctrl Pts',(3.32045903146203,-287.0620055301,28.2737191600925));
#1029=CARTESIAN_POINT('Ctrl Pts',(1.4313750690434,-287.006978824189,27.7049544411317));
#1030=CARTESIAN_POINT('Ctrl Pts',(-0.424357038867592,-286.951952118278,
27.8025850790948));
#1031=CARTESIAN_POINT('Ctrl Pts',(-2.28008914677859,-286.896925412366,27.9002157170579));
#1032=CARTESIAN_POINT('Ctrl Pts',(-4.10246940018196,-286.841898706455,28.664241711945));
#1033=CARTESIAN_POINT('Ctrl Pts',(-5.46779238741319,-286.786872000544,29.9231494193201));
#1034=CARTESIAN_POINT('Ctrl Pts',(-7.00378074804832,-286.724966956394,31.3394205901171));
#1035=CARTESIAN_POINT('Ctrl Pts',(-7.96130600618436,-286.663061912244,33.3820264282818));
#1036=CARTESIAN_POINT('Ctrl Pts',(-8.06354529823716,-286.601156868093,35.4676206499966));
#1037=CARTESIAN_POINT('Ctrl Pts',(-8.16578459028997,-286.539251823943,37.5532148717114));
#1038=CARTESIAN_POINT('Ctrl Pts',(-7.41273791625954,-286.477346779793,39.6817974769764));
#1039=CARTESIAN_POINT('Ctrl Pts',(-6.02057051751352,-286.415441735643,41.2399795925688));
#1040=CARTESIAN_POINT('Ctrl Pts',(-4.62840311876749,-286.353536691493,42.7981617081611));
#1041=CARTESIAN_POINT('Ctrl Pts',(-2.59711499530585,-286.291631647343,43.7859433340808));
#1042=CARTESIAN_POINT('Ctrl Pts',(-0.513547727403968,-286.229726603192,
43.9180225296592));
#1043=CARTESIAN_POINT('Ctrl Pts',(1.57001954049793,-286.167821559042,44.0501017252378));
#1044=CARTESIAN_POINT('Ctrl Pts',(3.70586595284007,-286.105916514892,43.3264784904751));
#1045=CARTESIAN_POINT('Ctrl Pts',(5.28724445844429,-286.044011470742,41.9600119894933));
#1046=CARTESIAN_POINT('Ctrl Pts',(6.0779337112464,-286.013058948667,41.2767787390025));
#1047=CARTESIAN_POINT('Ctrl Pts',(6.73000598736402,-285.982106426592,40.4328346719568));
#1048=CARTESIAN_POINT('Ctrl Pts',(7.20198588720633,-285.951153904517,39.4980471565703));
#1049=CARTESIAN_POINT('Ctrl Pts',(7.67396578704865,-285.920201382442,38.5632596411838));
#1050=CARTESIAN_POINT('Ctrl Pts',(7.96585331061566,-285.889248860366,37.5376286774564));
#1051=CARTESIAN_POINT('Ctrl Pts',(8.04636633899832,-285.858296338291,36.4957706915799));
#1052=CARTESIAN_POINT('Ctrl Pts',(8.06264762404194,-285.852037142173,36.2850869403441));
#1053=CARTESIAN_POINT('Ctrl Pts',(8.07028525022444,-285.845777946055,36.0737396235079));
#1054=CARTESIAN_POINT('Ctrl Pts',(8.06947185312978,-285.839518749937,35.8623648069206));
#1055=CARTESIAN_POINT('',(-0.449967157490587,-280.701198596588,43.917208655245));
#1056=CARTESIAN_POINT('Origin',(1.13219945060799E-14,-280.701198596588,
35.8612653953169));
#1057=CARTESIAN_POINT('',(-0.449967157490562,-285.701198596588,43.9172086552449));
#1058=CARTESIAN_POINT('',(-0.449967157490587,-285.701198596588,43.917208655245));
#1059=CARTESIAN_POINT('Ctrl Pts',(-0.4499671574873,-285.701198596589,43.9172086552422));
#1060=CARTESIAN_POINT('Ctrl Pts',(-2.53893159046352,-285.76310364074,43.8005289123902));
#1061=CARTESIAN_POINT('Ctrl Pts',(-4.57397270886788,-285.82500868489,42.832090496118));
#1062=CARTESIAN_POINT('Ctrl Pts',(-5.97714331154436,-285.88691372904,41.286563228576));
#1063=CARTESIAN_POINT('Ctrl Pts',(-7.38031391422083,-285.94881877319,39.7410359610339));
#1064=CARTESIAN_POINT('Ctrl Pts',(-8.15161400116941,-286.01072381734,37.618419842222));
#1065=CARTESIAN_POINT('Ctrl Pts',(-8.06665791047349,-286.072628861491,35.5312620373112));
#1066=CARTESIAN_POINT('Ctrl Pts',(-7.98170181977756,-286.134533905641,33.4441042324004));
#1067=CARTESIAN_POINT('Ctrl Pts',(-7.04048955143712,-286.196438949791,31.3924047413906));
#1068=CARTESIAN_POINT('Ctrl Pts',(-5.51482651648151,-286.258343993941,29.965516685313));
#1069=CARTESIAN_POINT('Ctrl Pts',(-3.98916348152588,-286.320249038091,28.5386286292354));
#1070=CARTESIAN_POINT('Ctrl Pts',(-1.87904967995505,-286.382154082241,27.73655200809));
#1071=CARTESIAN_POINT('Ctrl Pts',(0.208978829075609,-286.444059126391,27.7907077844402));
#1072=CARTESIAN_POINT('Ctrl Pts',(2.29700733810627,-286.505964170542,27.8448635607904));
#1073=CARTESIAN_POINT('Ctrl Pts',(4.36295055459675,-286.567869214692,28.7552517346361));
#1074=CARTESIAN_POINT('Ctrl Pts',(5.81266278296231,-286.629774258842,30.2590041699869));
#1075=CARTESIAN_POINT('Ctrl Pts',(7.24198994848294,-286.690808828018,31.7416116585695));
#1076=CARTESIAN_POINT('Ctrl Pts',(8.07229449017292,-286.751843397193,33.8010136019321));
#1077=CARTESIAN_POINT('Ctrl Pts',(8.07325613027711,-286.812877966368,35.8609584857859));
#1078=CARTESIAN_POINT('Origin',(1.13219945060799E-14,-298.474011027243,
35.8612653953169));
#1079=CARTESIAN_POINT('',(8.0660839276851,-288.839518750146,35.8619708434602));
#1080=CARTESIAN_POINT('',(8.07235524736797,-288.312877966392,35.860434010139));
#1081=CARTESIAN_POINT('',(8.06850000000001,-298.474011027243,35.8612653953168));
#1082=CARTESIAN_POINT('Ctrl Pts',(8.0660839276851,-288.839518750146,35.8619708434602));
#1083=CARTESIAN_POINT('Ctrl Pts',(8.06691318765919,-288.81562363788,35.0536486292998));
#1084=CARTESIAN_POINT('Ctrl Pts',(7.94906729794706,-288.791728525615,34.2453179114756));
#1085=CARTESIAN_POINT('Ctrl Pts',(7.71110798770281,-288.76783341335,33.4739716983559));
#1086=CARTESIAN_POINT('Ctrl Pts',(7.30012068499856,-288.726563383916,32.1417544413138));
#1087=CARTESIAN_POINT('Ctrl Pts',(6.53083657240412,-288.685293354483,30.9198614926818));
#1088=CARTESIAN_POINT('Ctrl Pts',(5.51134962269701,-288.644023325049,29.9676488234756));
#1089=CARTESIAN_POINT('Ctrl Pts',(4.49186267298994,-288.602753295616,29.0154361542694));
#1090=CARTESIAN_POINT('Ctrl Pts',(3.22217288617019,-288.561483266182,28.3329037644889));
#1091=CARTESIAN_POINT('Ctrl Pts',(1.86592249690109,-288.520213236749,28.010452068589));
#1092=CARTESIAN_POINT('Ctrl Pts',(0.509672107631954,-288.478943207315,27.6880003726891));
#1093=CARTESIAN_POINT('Ctrl Pts',(-0.933138884086539,-288.437673177882,
27.7256293706696));
#1094=CARTESIAN_POINT('Ctrl Pts',(-2.27135321742783,-288.396403148448,28.1181671284055));
#1095=CARTESIAN_POINT('Ctrl Pts',(-3.60956755076912,-288.355133119015,28.5107048861414));
#1096=CARTESIAN_POINT('Ctrl Pts',(-4.84318522573318,-288.313863089582,29.2581514036326));
#1097=CARTESIAN_POINT('Ctrl Pts',(-5.81061572380304,-288.272593060148,30.2621615618891));
#1098=CARTESIAN_POINT('Ctrl Pts',(-6.77804622187289,-288.231323030715,31.2661717201455));
#1099=CARTESIAN_POINT('Ctrl Pts',(-7.47928954304855,-288.190053001281,32.5267455191673));
#1100=CARTESIAN_POINT('Ctrl Pts',(-7.82197435793693,-288.148782971848,33.8785152509775));
#1101=CARTESIAN_POINT('Ctrl Pts',(-8.1646591728253,-288.107512942414,35.2302849827878));
#1102=CARTESIAN_POINT('Ctrl Pts',(-8.14878548142642,-288.066242912981,36.6732506473867));
#1103=CARTESIAN_POINT('Ctrl Pts',(-7.77626086654883,-288.024972883547,38.0167136842909));
#1104=CARTESIAN_POINT('Ctrl Pts',(-7.40373625167123,-287.983702854114,39.3601767211952));
#1105=CARTESIAN_POINT('Ctrl Pts',(-6.6745607133149,-287.942432824681,40.6041371304049));
#1106=CARTESIAN_POINT('Ctrl Pts',(-5.68525281464309,-287.901162795247,41.5872011007458));
#1107=CARTESIAN_POINT('Ctrl Pts',(-4.6959449159713,-287.859892765814,42.5702650710866));
#1108=CARTESIAN_POINT('Ctrl Pts',(-3.44650465698404,-287.81862273638,43.2924326025587));
#1109=CARTESIAN_POINT('Ctrl Pts',(-2.09989878787099,-287.777352706947,43.6537249253244));
#1110=CARTESIAN_POINT('Ctrl Pts',(-0.30442429572027,-287.722326001035,44.1354480223453));
#1111=CARTESIAN_POINT('Ctrl Pts',(1.66378905887629,-287.667299295124,43.9756151927772));
#1112=CARTESIAN_POINT('Ctrl Pts',(3.35308194657171,-287.612272589213,43.2045684596911));
#1113=CARTESIAN_POINT('Ctrl Pts',(5.04237483426713,-287.557245883302,42.433521726605));
#1114=CARTESIAN_POINT('Ctrl Pts',(6.45274725506141,-287.50221917739,41.0512610900008));
#1115=CARTESIAN_POINT('Ctrl Pts',(7.26301540932688,-287.447192471479,39.3786317971989));
#1116=CARTESIAN_POINT('Ctrl Pts',(7.79151386660321,-287.411301230993,38.2876571659148));
#1117=CARTESIAN_POINT('Ctrl Pts',(8.06470891027819,-287.375409990507,37.0731504865102));
#1118=CARTESIAN_POINT('Ctrl Pts',(8.06808167992694,-287.33951875002,35.8596894006271));
#1119=CARTESIAN_POINT('Ctrl Pts',(8.07325613028003,-286.812877966367,35.8609584857859));
#1120=CARTESIAN_POINT('Ctrl Pts',(8.0732698451904,-286.813748441341,35.8903374180048));
#1121=CARTESIAN_POINT('Ctrl Pts',(8.0731148679228,-286.814618916316,35.9197164606603));
#1122=CARTESIAN_POINT('Ctrl Pts',(8.07279053032813,-286.815489391291,35.9490939420718));
#1123=CARTESIAN_POINT('Ctrl Pts',(8.04972480908483,-286.877394435441,38.0383145819511));
#1124=CARTESIAN_POINT('Ctrl Pts',(7.17011212635729,-286.939299479591,40.1196391648531));
#1125=CARTESIAN_POINT('Ctrl Pts',(5.68841721810912,-287.001204523742,41.590227686491));
#1126=CARTESIAN_POINT('Ctrl Pts',(4.20672230986096,-287.063109567892,43.0608162081288));
#1127=CARTESIAN_POINT('Ctrl Pts',(2.12294517609219,-287.125014612042,43.9206686685024));
#1128=CARTESIAN_POINT('Ctrl Pts',(0.0324359678630732,-287.186919656192,
43.9327807835137));
#1129=CARTESIAN_POINT('Ctrl Pts',(-1.361236837623,-287.228189685625,43.9408555268545));
#1130=CARTESIAN_POINT('Ctrl Pts',(-2.75790167620256,-287.269459715059,43.5721567833677));
#1131=CARTESIAN_POINT('Ctrl Pts',(-3.9717326945634,-287.310729744492,42.8847846761448));
#1132=CARTESIAN_POINT('Ctrl Pts',(-5.18556371292426,-287.351999773926,42.1974125689218));
#1133=CARTESIAN_POINT('Ctrl Pts',(-6.21656091106641,-287.393269803359,41.1913670979628));
#1134=CARTESIAN_POINT('Ctrl Pts',(-6.9305198874142,-287.434539832793,39.9940282114906));
#1135=CARTESIAN_POINT('Ctrl Pts',(-7.64447886376199,-287.475809862226,38.7966893250184));
#1136=CARTESIAN_POINT('Ctrl Pts',(-8.04139961831545,-287.51707989166,37.4080570230329));
#1137=CARTESIAN_POINT('Ctrl Pts',(-8.0676125498295,-287.558349921093,36.0140606323686));
#1138=CARTESIAN_POINT('Ctrl Pts',(-8.09382548134356,-287.599619950527,34.6200642417042));
#1139=CARTESIAN_POINT('Ctrl Pts',(-7.74933058981822,-287.64088997996,33.2207037623609));
#1140=CARTESIAN_POINT('Ctrl Pts',(-7.08271757293295,-287.682160009393,31.995522732343));
#1141=CARTESIAN_POINT('Ctrl Pts',(-6.63830889500942,-287.709673362349,31.1787353789977));
#1142=CARTESIAN_POINT('Ctrl Pts',(-6.05073660581479,-287.737186715305,30.4393611142415));
#1143=CARTESIAN_POINT('Ctrl Pts',(-5.35402672198477,-287.76470006826,29.8235291509142));
#1144=CARTESIAN_POINT('Ctrl Pts',(-3.96060695432475,-287.819726774172,28.5918652242596));
#1145=CARTESIAN_POINT('Ctrl Pts',(-2.13063680812317,-287.874753480083,27.8543705033205));
#1146=CARTESIAN_POINT('Ctrl Pts',(-0.27553000955053,-287.929780185994,27.7921212504243));
#1147=CARTESIAN_POINT('Ctrl Pts',(1.81146513884367,-287.991685230144,27.722090840916));
#1148=CARTESIAN_POINT('Ctrl Pts',(3.93027386289499,-288.053590274294,28.5066679768994));
#1149=CARTESIAN_POINT('Ctrl Pts',(5.46774727922536,-288.115495318445,29.9212567647538));
#1150=CARTESIAN_POINT('Ctrl Pts',(7.00522069555574,-288.177400362595,31.3358455526082));
#1151=CARTESIAN_POINT('Ctrl Pts',(7.96135880416516,-288.239305406745,33.3804459923336));
#1152=CARTESIAN_POINT('Ctrl Pts',(8.06321919578618,-288.301210450895,35.466855919348));
#1153=CARTESIAN_POINT('Ctrl Pts',(8.06961855421232,-288.305099622727,35.5979341994757));
#1154=CARTESIAN_POINT('Ctrl Pts',(8.0726461168309,-288.308988794559,35.7291774997733));
#1155=CARTESIAN_POINT('Ctrl Pts',(8.07235524736797,-288.312877966392,35.860434010139));
#1156=CARTESIAN_POINT('Origin',(1.13219945060799E-14,-298.474011027243,
35.8612653953169));
#1157=CARTESIAN_POINT('',(8.06920849504462,-290.339518750238,35.8610522665509));
#1158=CARTESIAN_POINT('',(8.07112214847607,-289.812877966264,35.8596346342748));
#1159=CARTESIAN_POINT('',(8.06850000000001,-298.474011027243,35.8612653953168));
#1160=CARTESIAN_POINT('Ctrl Pts',(8.06920849504462,-290.339518750238,35.8610522665509));
#1161=CARTESIAN_POINT('Ctrl Pts',(8.06927598003423,-290.338377344099,35.8224805135403));
#1162=CARTESIAN_POINT('Ctrl Pts',(8.06906076496783,-290.33723593796,35.7839086307868));
#1163=CARTESIAN_POINT('Ctrl Pts',(8.06856167236874,-290.336094531821,35.7453404595897));
#1164=CARTESIAN_POINT('Ctrl Pts',(8.05653115109723,-290.308581178865,34.8156628710179));
#1165=CARTESIAN_POINT('Ctrl Pts',(7.87955620044842,-290.281067825909,33.8881418482078));
#1166=CARTESIAN_POINT('Ctrl Pts',(7.55067416971937,-290.253554472954,33.0183492589909));
#1167=CARTESIAN_POINT('Ctrl Pts',(7.05735112362578,-290.21228444352,31.7136603751654));
#1168=CARTESIAN_POINT('Ctrl Pts',(6.22223714735163,-290.171014414087,30.5388604669242));
#1169=CARTESIAN_POINT('Ctrl Pts',(5.14951337363727,-290.129744384653,29.6487959471636));
#1170=CARTESIAN_POINT('Ctrl Pts',(4.07678959992293,-290.08847435522,28.7587314274031));
#1171=CARTESIAN_POINT('Ctrl Pts',(2.76645602876839,-290.047204325787,28.1534022961232));
#1172=CARTESIAN_POINT('Ctrl Pts',(1.39279959436421,-290.005934296353,27.9126362144477));
#1173=CARTESIAN_POINT('Ctrl Pts',(0.0191431599600364,-289.96466426692,27.6718701327722));
#1174=CARTESIAN_POINT('Ctrl Pts',(-1.4178361376938,-289.923394237486,27.7956671007011));
#1175=CARTESIAN_POINT('Ctrl Pts',(-2.72994644742161,-289.882124208053,28.267681576306));
#1176=CARTESIAN_POINT('Ctrl Pts',(-4.04205675714943,-289.840854178619,28.739696051911));
#1177=CARTESIAN_POINT('Ctrl Pts',(-5.22929807895123,-289.799584149186,29.5599280351918));
#1178=CARTESIAN_POINT('Ctrl Pts',(-6.13526147698825,-289.758314119752,30.6196209259082));
#1179=CARTESIAN_POINT('Ctrl Pts',(-6.73923707567959,-289.730800766797,31.3260828530524));
#1180=CARTESIAN_POINT('Ctrl Pts',(-7.21820026380881,-289.703287413841,32.138971850168));
#1181=CARTESIAN_POINT('Ctrl Pts',(-7.54766469442353,-289.675774060885,33.0090179192866));
#1182=CARTESIAN_POINT('Ctrl Pts',(-7.87712912503826,-289.64826070793,33.8790639884052));
#1183=CARTESIAN_POINT('Ctrl Pts',(-8.0570947981385,-289.620747354974,34.8062671295269));
#1184=CARTESIAN_POINT('Ctrl Pts',(-8.07044966542816,-289.593234002019,35.7355255967177));
#1185=CARTESIAN_POINT('Ctrl Pts',(-8.09715940000749,-289.538207296107,37.5940425310992));
#1186=CARTESIAN_POINT('Ctrl Pts',(-7.45742591134445,-289.483180590196,39.4607807697568));
#1187=CARTESIAN_POINT('Ctrl Pts',(-6.29567459847794,-289.428153884285,40.910181769483));
#1188=CARTESIAN_POINT('Ctrl Pts',(-5.13392328561144,-289.373127178374,42.3595827692091));
#1189=CARTESIAN_POINT('Ctrl Pts',(-3.45015414854148,-289.318100472462,43.391646530004));
#1190=CARTESIAN_POINT('Ctrl Pts',(-1.63092211097342,-289.263073766551,43.7668217733192));
#1191=CARTESIAN_POINT('Ctrl Pts',(0.188309926594663,-289.20804706064,44.1419970166343));
#1192=CARTESIAN_POINT('Ctrl Pts',(2.14300486466084,-289.153020354728,43.8602837424699));
#1193=CARTESIAN_POINT('Ctrl Pts',(3.78425453083559,-289.097993648817,42.9888495163707));
#1194=CARTESIAN_POINT('Ctrl Pts',(5.42550419701031,-289.042966942906,42.1174152902717));
#1195=CARTESIAN_POINT('Ctrl Pts',(6.75330859129362,-288.987940236995,40.6562601122379));
#1196=CARTESIAN_POINT('Ctrl Pts',(7.46170530653483,-288.932913531083,38.939471633273));
#1197=CARTESIAN_POINT('Ctrl Pts',(7.86248377062401,-288.901781937437,37.9681912264585));
#1198=CARTESIAN_POINT('Ctrl Pts',(8.06500353165043,-288.870650343792,36.9150882520247));
#1199=CARTESIAN_POINT('Ctrl Pts',(8.06608392768512,-288.839518750146,35.8619708434602));
#1200=CARTESIAN_POINT('Ctrl Pts',(8.07235524736798,-288.312877966392,35.860434010139));
#1201=CARTESIAN_POINT('Ctrl Pts',(8.06801626561281,-288.37089383871,37.8184243677172));
#1202=CARTESIAN_POINT('Ctrl Pts',(7.32524219837185,-288.428909711028,39.7793542996383));
#1203=CARTESIAN_POINT('Ctrl Pts',(6.02117247075338,-288.486925583346,41.2392943367442));
#1204=CARTESIAN_POINT('Ctrl Pts',(4.62968267946693,-288.548830627496,42.7971034128227));
#1205=CARTESIAN_POINT('Ctrl Pts',(2.59912042226141,-288.610735671646,43.7845021506764));
#1206=CARTESIAN_POINT('Ctrl Pts',(0.514662401380132,-288.672640715796,43.9178457282048));
#1207=CARTESIAN_POINT('Ctrl Pts',(-1.56979561950114,-288.734545759946,44.0511893057332));
#1208=CARTESIAN_POINT('Ctrl Pts',(-3.70814940405816,-288.796450804097,43.3304777229364));
#1209=CARTESIAN_POINT('Ctrl Pts',(-5.28720819754495,-288.858355848247,41.9621176248168));
#1210=CARTESIAN_POINT('Ctrl Pts',(-6.86626699103175,-288.920260892397,40.5937575266973));
#1211=CARTESIAN_POINT('Ctrl Pts',(-7.88603079344831,-288.982165936547,38.5777489132551));
#1212=CARTESIAN_POINT('Ctrl Pts',(-8.05027984641483,-289.044070980697,36.4956037876587));
#1213=CARTESIAN_POINT('Ctrl Pts',(-8.21452889938135,-289.105976024848,34.4134586620623));
#1214=CARTESIAN_POINT('Ctrl Pts',(-7.52326320289781,-289.167881068998,32.2651770243117));
#1215=CARTESIAN_POINT('Ctrl Pts',(-6.17822275876757,-289.229786113148,30.6667500121246));
#1216=CARTESIAN_POINT('Ctrl Pts',(-4.83318231463732,-289.291691157298,29.0683229999374));
#1217=CARTESIAN_POINT('Ctrl Pts',(-2.83436712286034,-289.353596201448,28.0197506133138));
#1218=CARTESIAN_POINT('Ctrl Pts',(-0.755077142191005,-289.415501245598,
27.8239165252625));
#1219=CARTESIAN_POINT('Ctrl Pts',(1.32421283847833,-289.477406289749,27.6280824372112));
#1220=CARTESIAN_POINT('Ctrl Pts',(3.48397760804003,-289.539311333899,28.2849866477322));
#1221=CARTESIAN_POINT('Ctrl Pts',(5.10266366896806,-289.601216378049,29.6052332379195));
#1222=CARTESIAN_POINT('Ctrl Pts',(6.72134972989608,-289.663121422199,30.9254798281068));
#1223=CARTESIAN_POINT('Ctrl Pts',(7.79895708219042,-289.725026466349,32.9090687979602));
#1224=CARTESIAN_POINT('Ctrl Pts',(8.02551132322132,-289.7869315105,34.985566776111));
#1225=CARTESIAN_POINT('Ctrl Pts',(8.05716345364061,-289.795580329088,35.2756764845885));
#1226=CARTESIAN_POINT('Ctrl Pts',(8.07220372782672,-289.804229147676,35.5675997004348));
#1227=CARTESIAN_POINT('Ctrl Pts',(8.07112214847607,-289.812877966264,35.8596346342748));
#1228=CARTESIAN_POINT('Origin',(1.13219945060799E-14,-298.474011027243,
35.8612653953169));
#1229=CARTESIAN_POINT('',(8.06932608538126,-291.839518750353,35.8591862296177));
#1230=CARTESIAN_POINT('',(8.06835843234861,-291.312877966081,35.8606998833499));
#1231=CARTESIAN_POINT('',(8.06850000000001,-298.474011027243,35.8612653953168));
#1232=CARTESIAN_POINT('Ctrl Pts',(8.06932608538126,-291.839518750353,35.8591862296177));
#1233=CARTESIAN_POINT('Ctrl Pts',(8.07110401004193,-291.826739359138,35.4274232057372));
#1234=CARTESIAN_POINT('Ctrl Pts',(8.0381622177858,-291.813959967923,34.9959268040878));
#1235=CARTESIAN_POINT('Ctrl Pts',(7.96920929601302,-291.801180576708,34.5702659868002));
#1236=CARTESIAN_POINT('Ctrl Pts',(7.63519231548465,-291.739275532558,32.5083092594527));
#1237=CARTESIAN_POINT('Ctrl Pts',(6.45615241606694,-291.677370488408,30.5832880461242));
#1238=CARTESIAN_POINT('Ctrl Pts',(4.77113081376355,-291.615465444258,29.3488384084873));
#1239=CARTESIAN_POINT('Ctrl Pts',(3.08610921146017,-291.553560400107,28.1143887708504));
#1240=CARTESIAN_POINT('Ctrl Pts',(0.895105906271125,-291.491655355957,27.5705107089051));
#1241=CARTESIAN_POINT('Ctrl Pts',(-1.17161224253663,-291.429750311807,27.87362493311));
#1242=CARTESIAN_POINT('Ctrl Pts',(-3.23833039134438,-291.367845267657,28.1767391573149));
#1243=CARTESIAN_POINT('Ctrl Pts',(-5.18076338377085,-291.305940223507,29.3268456676699));
#1244=CARTESIAN_POINT('Ctrl Pts',(-6.44032639390837,-291.244035179357,30.9932694605469));
#1245=CARTESIAN_POINT('Ctrl Pts',(-7.69988940404588,-291.182130135206,32.659693253424));
#1246=CARTESIAN_POINT('Ctrl Pts',(-8.27658243189445,-291.120225091056,34.842434328823));
#1247=CARTESIAN_POINT('Ctrl Pts',(-8.00432116881034,-291.058320046906,36.9133716498717));
#1248=CARTESIAN_POINT('Ctrl Pts',(-7.73205990572623,-290.996415002756,38.9843089709204));
#1249=CARTESIAN_POINT('Ctrl Pts',(-6.61084435170943,-290.934509958606,40.9434425376187));
#1250=CARTESIAN_POINT('Ctrl Pts',(-4.96359585899889,-290.872604914456,42.2279434903596));
#1251=CARTESIAN_POINT('Ctrl Pts',(-3.31634736628836,-290.810699870305,43.5124444431005));
#1252=CARTESIAN_POINT('Ctrl Pts',(-1.14306593488411,-290.748794826155,44.122312781884));
#1253=CARTESIAN_POINT('Ctrl Pts',(0.932105233833314,-290.686889782005,43.8806657145114));
#1254=CARTESIAN_POINT('Ctrl Pts',(3.00727640255076,-290.624984737855,43.6390186471388));
#1255=CARTESIAN_POINT('Ctrl Pts',(4.98433730858137,-290.563079693704,42.5458561736102));
#1256=CARTESIAN_POINT('Ctrl Pts',(6.29334428400947,-290.501174649554,40.9188790047768));
#1257=CARTESIAN_POINT('Ctrl Pts',(7.43277054956003,-290.447289349782,39.5026753065395));
#1258=CARTESIAN_POINT('Ctrl Pts',(8.06602255730463,-290.39340405001,37.6820083683986));
#1259=CARTESIAN_POINT('Ctrl Pts',(8.0692084950446,-290.339518750238,35.8610522665509));
#1260=CARTESIAN_POINT('Ctrl Pts',(8.07112214847606,-289.812877966264,35.8596346342748));
#1261=CARTESIAN_POINT('Ctrl Pts',(8.06446218292421,-289.866134191826,37.6578777295662));
#1262=CARTESIAN_POINT('Ctrl Pts',(7.44651943615625,-289.919390417388,39.4603567699178));
#1263=CARTESIAN_POINT('Ctrl Pts',(6.3316973938293,-289.97264664295,40.8697461124062));
#1264=CARTESIAN_POINT('Ctrl Pts',(5.03582809363893,-290.0345516871,42.5080204841025));
#1265=CARTESIAN_POINT('Ctrl Pts',(3.06858836349074,-290.09645673125,43.6151622410468));
#1266=CARTESIAN_POINT('Ctrl Pts',(0.995638978730765,-290.1583617754,43.8727622423863));
#1267=CARTESIAN_POINT('Ctrl Pts',(-1.07731040602921,-290.220266819551,44.1303622437259));
#1268=CARTESIAN_POINT('Ctrl Pts',(-3.25596944540097,-290.282171863701,43.5384204894606));
#1269=CARTESIAN_POINT('Ctrl Pts',(-4.9133240990037,-290.344076907851,42.2671622880719));
#1270=CARTESIAN_POINT('Ctrl Pts',(-6.57067875260643,-290.405981952001,40.9959040866832));
#1271=CARTESIAN_POINT('Ctrl Pts',(-7.70672902044014,-290.467886996151,39.0453294381711));
#1272=CARTESIAN_POINT('Ctrl Pts',(-7.99551337116539,-290.529792040302,36.9765166394795));
#1273=CARTESIAN_POINT('Ctrl Pts',(-8.28429772189065,-290.591697084452,34.9077038407879));
#1274=CARTESIAN_POINT('Ctrl Pts',(-7.72581615550742,-290.653602128602,32.7206528919169));
#1275=CARTESIAN_POINT('Ctrl Pts',(-6.47894641919667,-290.715507172752,31.0443171871025));
#1276=CARTESIAN_POINT('Ctrl Pts',(-5.23207668288592,-290.777412216902,29.367981482288));
#1277=CARTESIAN_POINT('Ctrl Pts',(-3.29681877664767,-290.839317261052,28.20236102153));
#1278=CARTESIAN_POINT('Ctrl Pts',(-1.2333205766923,-290.901222305203,27.8822284404329));
#1279=CARTESIAN_POINT('Ctrl Pts',(0.60090004549027,-290.956249011114,27.5976661461244));
#1280=CARTESIAN_POINT('Ctrl Pts',(2.5364463318444,-291.011275717025,27.9811436579676));
#1281=CARTESIAN_POINT('Ctrl Pts',(4.13466958401,-291.066302422936,28.9316656244042));
#1282=CARTESIAN_POINT('Ctrl Pts',(4.93378121009279,-291.093815775892,29.4069266076225));
#1283=CARTESIAN_POINT('Ctrl Pts',(5.64856207762844,-291.121329128848,30.0239487044891));
#1284=CARTESIAN_POINT('Ctrl Pts',(6.23738046163257,-291.148842481803,30.7436612491842));
#1285=CARTESIAN_POINT('Ctrl Pts',(7.12060803763876,-291.190112511237,31.823230066227));
#1286=CARTESIAN_POINT('Ctrl Pts',(7.720420025699,-291.23138254067,33.133852390884));
#1287=CARTESIAN_POINT('Ctrl Pts',(7.95489668262706,-291.272652570104,34.5078975869436));
#1288=CARTESIAN_POINT('Ctrl Pts',(8.03107719830093,-291.286061035429,34.9543193031452));
#1289=CARTESIAN_POINT('Ctrl Pts',(8.06869387474869,-291.299469500755,35.4074357712845));
#1290=CARTESIAN_POINT('Ctrl Pts',(8.06835843234861,-291.312877966081,35.8606998833499));
#1291=CARTESIAN_POINT('Origin',(1.13219945060799E-14,-298.474011027243,
35.8612653953169));
#1292=CARTESIAN_POINT('',(8.06440601563032,-293.33951875032,35.860496979407));
#1293=CARTESIAN_POINT('',(8.06732710367059,-292.81287796598,35.8599370830738));
#1294=CARTESIAN_POINT('',(8.06850000000001,-298.474011027243,35.8612653953168));
#1295=CARTESIAN_POINT('Ctrl Pts',(8.06440601563032,-293.33951875032,35.860496979407));
#1296=CARTESIAN_POINT('Ctrl Pts',(8.06677917755384,-293.321979712317,35.2671967922126));
#1297=CARTESIAN_POINT('Ctrl Pts',(8.00488355505149,-293.304440674315,34.6742431697801));
#1298=CARTESIAN_POINT('Ctrl Pts',(7.87637958617406,-293.286901636312,34.0961718456118));
#1299=CARTESIAN_POINT('Ctrl Pts',(7.64959850885034,-293.255949114237,33.0760038398292));
#1300=CARTESIAN_POINT('Ctrl Pts',(7.21536945750531,-293.224996592162,32.1021859206606));
#1301=CARTESIAN_POINT('Ctrl Pts',(6.61593472217345,-293.194044070087,31.2435825998453));
#1302=CARTESIAN_POINT('Ctrl Pts',(6.0164999868416,-293.163091548012,30.3849792790299));
#1303=CARTESIAN_POINT('Ctrl Pts',(5.25185956752292,-293.132139025937,29.6415905565677));
#1304=CARTESIAN_POINT('Ctrl Pts',(4.37264622819856,-293.101186503862,29.0768299701047));
#1305=CARTESIAN_POINT('Ctrl Pts',(2.61421954954981,-293.039281459712,27.9473087971785));
#1306=CARTESIAN_POINT('Ctrl Pts',(0.397501190878307,-292.977376415561,27.5323001682487));
#1307=CARTESIAN_POINT('Ctrl Pts',(-1.64658550909121,-292.915471371411,27.9576628713368));
#1308=CARTESIAN_POINT('Ctrl Pts',(-3.6906722090607,-292.853566327261,28.3830255744249));
#1309=CARTESIAN_POINT('Ctrl Pts',(-5.56212725032823,-292.791661283111,29.6487596095309));
#1310=CARTESIAN_POINT('Ctrl Pts',(-6.72011355179898,-292.729756238961,31.387511016138));
#1311=CARTESIAN_POINT('Ctrl Pts',(-7.87809985326974,-292.667851194811,33.126262422745));
#1312=CARTESIAN_POINT('Ctrl Pts',(-8.32261741494374,-292.60594615066,35.3380312008532));
#1313=CARTESIAN_POINT('Ctrl Pts',(-7.92697376924758,-292.54404110651,37.389564362137));
#1314=CARTESIAN_POINT('Ctrl Pts',(-7.53133012355142,-292.48213606236,39.4410975234209));
#1315=CARTESIAN_POINT('Ctrl Pts',(-6.29552527048509,-292.42023101821,41.3323950678805));
#1316=CARTESIAN_POINT('Ctrl Pts',(-4.57453079842113,-292.35832597406,42.5157847527201));
#1317=CARTESIAN_POINT('Ctrl Pts',(-2.85353632635718,-292.29642092991,43.6991744375597));
#1318=CARTESIAN_POINT('Ctrl Pts',(-0.647352235295579,-292.234515885759,
44.1746562627793));
#1319=CARTESIAN_POINT('Ctrl Pts',(1.40947023424411,-292.172610841609,43.8090420268694));
#1320=CARTESIAN_POINT('Ctrl Pts',(3.4662927037838,-292.110705797459,43.4434277909595));
#1321=CARTESIAN_POINT('Ctrl Pts',(5.37375355180158,-292.048800753309,42.23671749392));
#1322=CARTESIAN_POINT('Ctrl Pts',(6.58298694499098,-291.986895709159,40.5339162247171));
#1323=CARTESIAN_POINT('Ctrl Pts',(7.54259178506392,-291.937770056223,39.1826333798895));
#1324=CARTESIAN_POINT('Ctrl Pts',(8.06249151021603,-291.888644403288,37.518939820734));
#1325=CARTESIAN_POINT('Ctrl Pts',(8.06932608538126,-291.839518750353,35.8591862296177));
#1326=CARTESIAN_POINT('Ctrl Pts',(8.06835843234859,-291.312877966081,35.8606998833499));
#1327=CARTESIAN_POINT('Ctrl Pts',(8.0676614137333,-291.340739530189,36.8025412357519));
#1328=CARTESIAN_POINT('Ctrl Pts',(7.90309838942504,-291.368601094296,37.7450200708867));
#1329=CARTESIAN_POINT('Ctrl Pts',(7.58015758822988,-291.396462658404,38.6293970888016));
#1330=CARTESIAN_POINT('Ctrl Pts',(7.10180051110876,-291.437732687837,39.9393833271376));
#1331=CARTESIAN_POINT('Ctrl Pts',(6.27594503107061,-291.479002717271,41.1218877363474));
#1332=CARTESIAN_POINT('Ctrl Pts',(5.21123079947228,-291.520272746704,42.0222514774076));
#1333=CARTESIAN_POINT('Ctrl Pts',(4.14651656787393,-291.561542776138,42.9226152184678));
#1334=CARTESIAN_POINT('Ctrl Pts',(2.8429435847154,-291.602812805571,43.5408382913783));
#1335=CARTESIAN_POINT('Ctrl Pts',(1.4719901576511,-291.644082835005,43.7952616015863));
#1336=CARTESIAN_POINT('Ctrl Pts',(0.101036730586797,-291.685352864438,44.0496849117943));
#1337=CARTESIAN_POINT('Ctrl Pts',(-1.33729714038325,-291.726622893872,43.9403084592997));
#1338=CARTESIAN_POINT('Ctrl Pts',(-2.65424284274489,-291.767892923305,43.4816326418026));
#1339=CARTESIAN_POINT('Ctrl Pts',(-3.97118854510652,-291.809162952739,43.0229568243054));
#1340=CARTESIAN_POINT('Ctrl Pts',(-5.16674607885974,-291.850432982172,42.2149816418056));
#1341=CARTESIAN_POINT('Ctrl Pts',(-6.0829636061511,-291.891703011605,41.1640321515004));
#1342=CARTESIAN_POINT('Ctrl Pts',(-6.99918113344247,-291.932973041039,40.1130826611951));
#1343=CARTESIAN_POINT('Ctrl Pts',(-7.63605865427198,-291.974243070472,38.8191588630844));
#1344=CARTESIAN_POINT('Ctrl Pts',(-7.91070475799469,-292.015513099906,37.4518047644921));
#1345=CARTESIAN_POINT('Ctrl Pts',(-8.1853508617174,-292.056783129339,36.0844506658998));
#1346=CARTESIAN_POINT('Ctrl Pts',(-8.09776554833329,-292.098053158773,34.6436662668258));
#1347=CARTESIAN_POINT('Ctrl Pts',(-7.65888698270889,-292.139323188206,33.3206719369718));
#1348=CARTESIAN_POINT('Ctrl Pts',(-7.22000841708449,-292.18059321764,31.9976776071178));
#1349=CARTESIAN_POINT('Ctrl Pts',(-6.42983659921981,-292.221863247073,30.7924733464838));
#1350=CARTESIAN_POINT('Ctrl Pts',(-5.39279170606886,-292.263133276506,29.8594685110258));
#1351=CARTESIAN_POINT('Ctrl Pts',(-4.3557468129179,-292.30440330594,28.9264636755678));
#1352=CARTESIAN_POINT('Ctrl Pts',(-3.0718288444807,-292.345673335373,28.2656582652858));
#1353=CARTESIAN_POINT('Ctrl Pts',(-1.709329317319,-292.386943364807,27.9731039058282));
#1354=CARTESIAN_POINT('Ctrl Pts',(0.334419973423546,-292.448848408957,27.5342723666417));
#1355=CARTESIAN_POINT('Ctrl Pts',(2.55497777129618,-292.510753453107,27.92400569181));
#1356=CARTESIAN_POINT('Ctrl Pts',(4.31907688723823,-292.572658497257,29.0403051596315));
#1357=CARTESIAN_POINT('Ctrl Pts',(6.08317600318029,-292.634563541408,30.1566046274529));
#1358=CARTESIAN_POINT('Ctrl Pts',(7.39081643719178,-292.696468585558,31.9994702379276));
#1359=CARTESIAN_POINT('Ctrl Pts',(7.86385122335409,-292.758373629708,34.0345849356487));
#1360=CARTESIAN_POINT('Ctrl Pts',(8.00267915144455,-292.776541741798,34.6318576208209));
#1361=CARTESIAN_POINT('Ctrl Pts',(8.06962033025205,-292.794709853889,35.2456892185412));
#1362=CARTESIAN_POINT('Ctrl Pts',(8.06732710367059,-292.81287796598,35.8599370830738));
#1363=CARTESIAN_POINT('Origin',(1.13219945060799E-14,-298.474011027243,
35.8612653953169));
#1364=CARTESIAN_POINT('',(8.06591455663736,-294.839518750157,35.8602663869546));
#1365=CARTESIAN_POINT('',(8.06811773254509,-294.312877966037,35.8618250853333));
#1366=CARTESIAN_POINT('',(8.06850000000001,-298.474011027243,35.8612653953168));
#1367=CARTESIAN_POINT('Ctrl Pts',(8.06591455663736,-294.839518750157,35.8602663869546));
#1368=CARTESIAN_POINT('Ctrl Pts',(8.06808003934856,-294.81722006541,35.1059761316818));
#1369=CARTESIAN_POINT('Ctrl Pts',(7.96673672469273,-294.794921380663,34.3521654106732));
#1370=CARTESIAN_POINT('Ctrl Pts',(7.7585263295568,-294.772622695917,33.6289359073361));
#1371=CARTESIAN_POINT('Ctrl Pts',(7.18049790098671,-294.710717651766,31.6211244671988));
#1372=CARTESIAN_POINT('Ctrl Pts',(5.77882929195855,-294.648812607616,29.8490069332533));
#1373=CARTESIAN_POINT('Ctrl Pts',(3.9593427820069,-294.586907563466,28.8256742520215));
#1374=CARTESIAN_POINT('Ctrl Pts',(2.13985627205527,-294.525002519316,27.8023415707898));
#1375=CARTESIAN_POINT('Ctrl Pts',(-0.0974481388198462,-294.463097475166,
27.5277937422718));
#1376=CARTESIAN_POINT('Ctrl Pts',(-2.11605966904934,-294.401192431016,28.0722501898223));
#1377=CARTESIAN_POINT('Ctrl Pts',(-3.1253654341641,-294.37023990894,28.3444784135976));
#1378=CARTESIAN_POINT('Ctrl Pts',(-4.07999797911745,-294.339287386865,28.8214577063899));
#1379=CARTESIAN_POINT('Ctrl Pts',(-4.91006912312784,-294.30833486479,29.4590295382015));
#1380=CARTESIAN_POINT('Ctrl Pts',(-5.74014026713823,-294.277382342715,30.0966013700131));
#1381=CARTESIAN_POINT('Ctrl Pts',(-6.44565001020567,-294.24642982064,30.8947657408439));
#1382=CARTESIAN_POINT('Ctrl Pts',(-6.97186007911238,-294.215477298565,31.7981955758233));
#1383=CARTESIAN_POINT('Ctrl Pts',(-7.67347350432132,-294.174207269132,33.0027686891291));
#1384=CARTESIAN_POINT('Ctrl Pts',(-8.05633195324452,-294.132937239698,34.3944804053657));
#1385=CARTESIAN_POINT('Ctrl Pts',(-8.0690312761953,-294.091667210265,35.7887557105909));
#1386=CARTESIAN_POINT('Ctrl Pts',(-8.08173059914607,-294.050397180831,37.183031015816));
#1387=CARTESIAN_POINT('Ctrl Pts',(-7.72427079612443,-294.009127151398,38.5798699100298));
#1388=CARTESIAN_POINT('Ctrl Pts',(-7.04389625134663,-293.967857121964,39.7971209502098));
#1389=CARTESIAN_POINT('Ctrl Pts',(-6.36352170656882,-293.926587092531,41.0143719903898));
#1390=CARTESIAN_POINT('Ctrl Pts',(-5.36023242003485,-293.885317063097,42.0520351765359));
#1391=CARTESIAN_POINT('Ctrl Pts',(-4.16628038503241,-293.844047033664,42.7715839855416));
#1392=CARTESIAN_POINT('Ctrl Pts',(-2.97232835002997,-293.80277700423,43.4911327945472));
#1393=CARTESIAN_POINT('Ctrl Pts',(-1.58771356655908,-293.761506974797,43.8925672264123));
#1394=CARTESIAN_POINT('Ctrl Pts',(-0.193423819799145,-293.720236945364,
43.9279498522786));
#1395=CARTESIAN_POINT('Ctrl Pts',(0.736102678040814,-293.692723592408,43.9515382695229));
#1396=CARTESIAN_POINT('Ctrl Pts',(1.66992915956479,-293.665210239452,43.8124369952121));
#1397=CARTESIAN_POINT('Ctrl Pts',(2.55163592121171,-293.637696886497,43.5169372305509));
#1398=CARTESIAN_POINT('Ctrl Pts',(4.31504944450555,-293.582670180585,42.9259377012284));
#1399=CARTESIAN_POINT('Ctrl Pts',(5.86998408829118,-293.527643474674,41.7093442105038));
#1400=CARTESIAN_POINT('Ctrl Pts',(6.85056192880528,-293.472616768763,40.1342383303598));
#1401=CARTESIAN_POINT('Ctrl Pts',(7.64116572345607,-293.428250762615,38.8642884759294));
#1402=CARTESIAN_POINT('Ctrl Pts',(8.05840296594918,-293.383884756467,37.3612839523788));
#1403=CARTESIAN_POINT('Ctrl Pts',(8.06440601563034,-293.33951875032,35.860496979407));
#1404=CARTESIAN_POINT('Ctrl Pts',(8.0673271036706,-292.81287796598,35.8599370830738));
#1405=CARTESIAN_POINT('Ctrl Pts',(8.06180651382116,-292.856614898039,37.3386442258403));
#1406=CARTESIAN_POINT('Ctrl Pts',(7.65505075059518,-292.900351830099,38.8197637658207));
#1407=CARTESIAN_POINT('Ctrl Pts',(6.88406353336728,-292.944088762158,40.0780843591503));
#1408=CARTESIAN_POINT('Ctrl Pts',(5.79281191890504,-293.005993806309,41.8591052999633));
#1409=CARTESIAN_POINT('Ctrl Pts',(3.97187955166743,-293.067898850459,43.1937833966218));
#1410=CARTESIAN_POINT('Ctrl Pts',(1.94460104696657,-293.129803894609,43.6969072737579));
#1411=CARTESIAN_POINT('Ctrl Pts',(-0.0826774577343009,-293.191708938759,
44.2000311508941));
#1412=CARTESIAN_POINT('Ctrl Pts',(-2.31630209989842,-293.253613982909,43.8716008085079));
#1413=CARTESIAN_POINT('Ctrl Pts',(-4.11366968068481,-293.315519027059,42.807450484928));
#1414=CARTESIAN_POINT('Ctrl Pts',(-5.91103726147121,-293.37742407121,41.7433001613481));
#1415=CARTESIAN_POINT('Ctrl Pts',(-7.27214778087987,-293.43932911536,39.9434298565745));
#1416=CARTESIAN_POINT('Ctrl Pts',(-7.80549002922761,-293.50123415951,37.9233017817734));
#1417=CARTESIAN_POINT('Ctrl Pts',(-8.33883227757537,-293.56313920366,35.9031737069724));
#1418=CARTESIAN_POINT('Ctrl Pts',(-8.04440625486221,-293.62504424781,33.662787862144));
#1419=CARTESIAN_POINT('Ctrl Pts',(-7.00707063596283,-293.686949291961,31.8511862607707));
#1420=CARTESIAN_POINT('Ctrl Pts',(-5.96973501706346,-293.748854336111,30.0395846593974));
#1421=CARTESIAN_POINT('Ctrl Pts',(-4.18948980197786,-293.810759380261,28.6567673014792));
#1422=CARTESIAN_POINT('Ctrl Pts',(-2.17764456268559,-293.872664424411,28.0892097938246));
#1423=CARTESIAN_POINT('Ctrl Pts',(-0.836414403157402,-293.913934453844,
27.7108381220549));
#1424=CARTESIAN_POINT('Ctrl Pts',(0.607749100462621,-293.955204483278,27.6948041615134));
#1425=CARTESIAN_POINT('Ctrl Pts',(1.96090510414527,-293.996474512711,28.0345672352198));
#1426=CARTESIAN_POINT('Ctrl Pts',(3.31406110782792,-294.037744542145,28.3743303089263));
#1427=CARTESIAN_POINT('Ctrl Pts',(4.57620961157318,-294.079014571578,29.0698904168806));
#1428=CARTESIAN_POINT('Ctrl Pts',(5.58269264482722,-294.120284601012,30.0340522816406));
#1429=CARTESIAN_POINT('Ctrl Pts',(6.58917567808124,-294.161554630445,30.9982141464006));
#1430=CARTESIAN_POINT('Ctrl Pts',(7.33999324084407,-294.202824659879,32.2309777679664));
#1431=CARTESIAN_POINT('Ctrl Pts',(7.73648306069375,-294.244094689312,33.5684155605397));
#1432=CARTESIAN_POINT('Ctrl Pts',(7.95675484445282,-294.26702244822,34.311435414993));
#1433=CARTESIAN_POINT('Ctrl Pts',(8.06766654972883,-294.289950207129,35.0867620130911));
#1434=CARTESIAN_POINT('Ctrl Pts',(8.06811773254509,-294.312877966037,35.8618250853333));
#1435=CARTESIAN_POINT('Origin',(1.13219945060799E-14,-281.451198596588,
35.861265395317));
#1436=CARTESIAN_POINT('',(-5.94999999999999,-280.701198596588,35.861265395317));
#1437=CARTESIAN_POINT('Origin',(1.13219945060799E-14,-280.701198596588,
35.861265395317));
#1438=CARTESIAN_POINT('',(-4.44999999999999,-282.201198596588,35.861265395317));
#1439=CARTESIAN_POINT('',(-5.19999999999999,-281.451198596588,35.861265395317));
#1440=CARTESIAN_POINT('Origin',(1.13219945060799E-14,-282.201198596588,
35.861265395317));
#1441=CARTESIAN_POINT('Origin',(-0.326537176880643,-280.701198596588,35.6154036731344));
#1442=CARTESIAN_POINT('',(-0.45973639091798,-280.701198596588,43.9171578629995));
#1443=CARTESIAN_POINT('Ctrl Pts',(-0.45973639091798,-280.701198596588,43.9171578629995));
#1444=CARTESIAN_POINT('Ctrl Pts',(-0.456480049023978,-280.701198596588,
43.9171767671808));
#1445=CARTESIAN_POINT('Ctrl Pts',(-0.453223637301789,-280.701198596588,
43.9171936980406));
#1446=CARTESIAN_POINT('Ctrl Pts',(-0.449967157490587,-280.701198596588,
43.917208655245));
#1447=CARTESIAN_POINT('',(6.74674816460482,-280.701198596588,31.4351892320091));
#1448=CARTESIAN_POINT('Ctrl Pts',(6.75167675948055,-280.701198596588,31.4436242616924));
#1449=CARTESIAN_POINT('Ctrl Pts',(6.75003561436618,-280.701198596588,31.4408116155975));
#1450=CARTESIAN_POINT('Ctrl Pts',(6.74839274909834,-280.701198596588,31.4379999385182));
#1451=CARTESIAN_POINT('Ctrl Pts',(6.74674816460485,-280.701198596588,31.4351892320091));
#1452=CARTESIAN_POINT('Origin',(1.13219945060799E-14,-280.701198596588,
35.8612653953169));
#1453=CARTESIAN_POINT('Origin',(1.13219945060799E-14,-319.701191210239,
35.861265395317));
#1454=CARTESIAN_POINT('',(-4.44999999999999,-300.589675989254,35.861265395317));
#1455=CARTESIAN_POINT('Origin',(1.13219945060799E-14,-300.589675989254,
35.861265395317));
#1456=CARTESIAN_POINT('',(-4.44999999999999,-319.701191210239,35.861265395317));
#1457=CARTESIAN_POINT('Origin',(5.43076118445753,-301.701198358169,45.2676196905703));
#1458=CARTESIAN_POINT('',(3.43076118445753,-301.701198358169,45.2676196905703));
#1459=CARTESIAN_POINT('Origin',(5.43076118445753,-301.701198358169,45.2676196905703));
#1460=CARTESIAN_POINT('',(3.43076118445753,-295.701198358169,45.2676196905703));
#1461=CARTESIAN_POINT('',(3.43076118445753,-301.701198358169,45.2676196905703));
#1462=CARTESIAN_POINT('Origin',(5.43076118445753,-295.701198358169,45.2676196905703));
#1463=CARTESIAN_POINT('Origin',(1.13219945060799E-14,-285.701198596588,
35.8612653953169));
#1464=CARTESIAN_POINT('',(-0.45973639091798,-285.701198596588,43.9171578629995));
#1465=CARTESIAN_POINT('',(6.74674816460482,-285.701198596588,31.4351892320091));
#1466=CARTESIAN_POINT('Origin',(1.13219945060799E-14,-285.701198596588,
35.8612653953169));
#1467=CARTESIAN_POINT('',(-0.45973639091798,-285.701198596588,43.9171578629995));
#1468=CARTESIAN_POINT('',(6.74674816460482,-285.701198596588,31.4351892320091));
#1469=CARTESIAN_POINT('Ctrl Pts',(6.75167675948055,-285.701198596588,31.4436242616924));
#1470=CARTESIAN_POINT('Ctrl Pts',(6.75167675948055,-280.701198596588,31.4436242616924));
#1471=CARTESIAN_POINT('Ctrl Pts',(6.75003561436618,-285.701198596588,31.4408116155975));
#1472=CARTESIAN_POINT('Ctrl Pts',(6.75003561436618,-280.701198596588,31.4408116155975));
#1473=CARTESIAN_POINT('Ctrl Pts',(6.74839274909834,-285.701198596588,31.4379999385182));
#1474=CARTESIAN_POINT('Ctrl Pts',(6.74839274909834,-280.701198596588,31.4379999385182));
#1475=CARTESIAN_POINT('Ctrl Pts',(6.74674816460485,-285.701198596588,31.4351892320091));
#1476=CARTESIAN_POINT('Ctrl Pts',(6.74674816460485,-280.701198596588,31.4351892320091));
#1477=CARTESIAN_POINT('Ctrl Pts',(6.75167675948055,-285.701198596588,31.4436242616924));
#1478=CARTESIAN_POINT('Ctrl Pts',(6.75003561436618,-285.701198596588,31.4408116155975));
#1479=CARTESIAN_POINT('Ctrl Pts',(6.74839274909834,-285.701198596588,31.4379999385182));
#1480=CARTESIAN_POINT('Ctrl Pts',(6.74674816460485,-285.701198596588,31.4351892320091));
#1481=CARTESIAN_POINT('Ctrl Pts',(-0.45973639091798,-285.701198596588,43.9171578629995));
#1482=CARTESIAN_POINT('Ctrl Pts',(-0.45973639091798,-280.701198596588,43.9171578629995));
#1483=CARTESIAN_POINT('Ctrl Pts',(-0.456480049023978,-285.701198596588,
43.9171767671808));
#1484=CARTESIAN_POINT('Ctrl Pts',(-0.456480049023978,-280.701198596588,
43.9171767671808));
#1485=CARTESIAN_POINT('Ctrl Pts',(-0.453223637301789,-285.701198596588,
43.9171936980406));
#1486=CARTESIAN_POINT('Ctrl Pts',(-0.453223637301789,-280.701198596588,
43.9171936980406));
#1487=CARTESIAN_POINT('Ctrl Pts',(-0.449967157490587,-285.701198596588,
43.917208655245));
#1488=CARTESIAN_POINT('Ctrl Pts',(-0.449967157490587,-280.701198596588,
43.917208655245));
#1489=CARTESIAN_POINT('Ctrl Pts',(-0.45973639091798,-285.701198596588,43.9171578629995));
#1490=CARTESIAN_POINT('Ctrl Pts',(-0.456480049023978,-285.701198596588,
43.9171767671808));
#1491=CARTESIAN_POINT('Ctrl Pts',(-0.453223637301789,-285.701198596588,
43.9171936980406));
#1492=CARTESIAN_POINT('Ctrl Pts',(-0.449967157490587,-285.701198596588,
43.917208655245));
#1493=CARTESIAN_POINT('Ctrl Pts',(-3.10599542685046,-295.874355779628,44.0536276608959));
#1494=CARTESIAN_POINT('Ctrl Pts',(-1.02807449830108,-295.813803393806,44.8414361942842));
#1495=CARTESIAN_POINT('Ctrl Pts',(3.7437909462806,-295.692696464417,44.7578963704295));
#1496=CARTESIAN_POINT('Ctrl Pts',(8.84990077935531,-295.511029474684,39.7203572271852));
#1497=CARTESIAN_POINT('Ctrl Pts',(9.06875676418234,-295.329366909537,32.5543952395538));
#1498=CARTESIAN_POINT('Ctrl Pts',(4.28769647509588,-295.147702719411,27.2114951247619));
#1499=CARTESIAN_POINT('Ctrl Pts',(-2.86025678514628,-294.966039568926,26.6419702809354));
#1500=CARTESIAN_POINT('Ctrl Pts',(-8.42880996403316,-294.784375484246,31.1543738827976));
#1501=CARTESIAN_POINT('Ctrl Pts',(-9.35003886422098,-294.602712690139,38.2711985530823));
#1502=CARTESIAN_POINT('Ctrl Pts',(-5.57946758701608,-294.441231659995,43.3995375681443));
#1503=CARTESIAN_POINT('Ctrl Pts',(-0.461083004196145,-294.29994037599,44.9928663170162));
#1504=CARTESIAN_POINT('Ctrl Pts',(4.03279290721468,-294.178829415285,44.0719176284882));
#1505=CARTESIAN_POINT('Ctrl Pts',(7.51246781106677,-294.057722131443,41.0771044658962));
#1506=CARTESIAN_POINT('Ctrl Pts',(9.10137730352449,-293.936612349484,36.7689032890773));
#1507=CARTESIAN_POINT('Ctrl Pts',(8.39441018499578,-293.815503589216,32.2375516291305));
#1508=CARTESIAN_POINT('Ctrl Pts',(5.11278847453719,-293.674208779963,27.999343464495));
#1509=CARTESIAN_POINT('Ctrl Pts',(-1.01041879078375,-293.512730625736,26.2593829167772));
#1510=CARTESIAN_POINT('Ctrl Pts',(-7.35509573884329,-293.331067789069,29.6075268749775));
#1511=CARTESIAN_POINT('Ctrl Pts',(-9.63905193169948,-293.149402969665,36.4074859548825));
#1512=CARTESIAN_POINT('Ctrl Pts',(-6.9385547826424,-292.987928391535,42.1718110353248));
#1513=CARTESIAN_POINT('Ctrl Pts',(-2.22656153843462,-292.84663058981,44.7287969732352));
#1514=CARTESIAN_POINT('Ctrl Pts',(2.35987573788546,-292.725523915232,44.6999338380052));
#1515=CARTESIAN_POINT('Ctrl Pts',(5.69048220284003,-292.624597132556,42.8133280390566));
#1516=CARTESIAN_POINT('Ctrl Pts',(7.5538002458569,-292.543858379241,40.4805426700172));
#1517=CARTESIAN_POINT('Ctrl Pts',(8.99201032579734,-292.449662662534,37.3033270742795));
#1518=CARTESIAN_POINT('Ctrl Pts',(8.77659056506107,-292.321826522037,32.3454515350697));
#1519=CARTESIAN_POINT('Ctrl Pts',(4.64461110960611,-292.1603481006,27.6167597430284));
#1520=CARTESIAN_POINT('Ctrl Pts',(-1.02105875940677,-292.012321958569,26.6249880337118));
#1521=CARTESIAN_POINT('Ctrl Pts',(-5.6832925794657,-291.87775956984,28.6972419431644));
#1522=CARTESIAN_POINT('Ctrl Pts',(-8.44927036159971,-291.756649662315,32.3582132987171));
#1523=CARTESIAN_POINT('Ctrl Pts',(-9.08644396377385,-291.635540743819,36.9053091160477));
#1524=CARTESIAN_POINT('Ctrl Pts',(-7.43493825430608,-291.514432061858,41.1877030573323));
#1525=CARTESIAN_POINT('Ctrl Pts',(-3.91126418862735,-291.393322902967,44.1291075116829));
#1526=CARTESIAN_POINT('Ctrl Pts',(0.599077542873401,-291.272213888162,44.9880846422656));
#1527=CARTESIAN_POINT('Ctrl Pts',(4.95526524167198,-291.151104357875,43.5473203964701));
#1528=CARTESIAN_POINT('Ctrl Pts',(8.41685742228895,-291.016540886513,39.7979699367488));
#1529=CARTESIAN_POINT('Ctrl Pts',(9.30075873142217,-290.868516808451,34.1183103337333));
#1530=CARTESIAN_POINT('Ctrl Pts',(6.15122858802359,-290.707038048703,28.6783776001774));
#1531=CARTESIAN_POINT('Ctrl Pts',(1.28541985020634,-290.572471948647,26.7927393023858));
#1532=CARTESIAN_POINT('Ctrl Pts',(-3.68771994574136,-290.437907660229,27.47805124665));
#1533=CARTESIAN_POINT('Ctrl Pts',(-7.44397785314739,-290.316797618997,30.2917583295211));
#1534=CARTESIAN_POINT('Ctrl Pts',(-9.11387377015747,-290.182232737239,35.1243646735708));
#1535=CARTESIAN_POINT('Ctrl Pts',(-8.32956143957598,-290.061123309377,39.6383108177044));
#1536=CARTESIAN_POINT('Ctrl Pts',(-5.44209659106921,-289.940014297389,43.2146831393856));
#1537=CARTESIAN_POINT('Ctrl Pts',(-1.66090850103329,-289.832362825554,44.7340473324867));
#1538=CARTESIAN_POINT('Ctrl Pts',(2.84844486864597,-289.711253218994,44.5647073650167));
#1539=CARTESIAN_POINT('Ctrl Pts',(7.31635367704305,-289.576686817012,41.8614245731604));
#1540=CARTESIAN_POINT('Ctrl Pts',(9.46064751713533,-289.415206761847,35.9524355802602));
#1541=CARTESIAN_POINT('Ctrl Pts',(7.43121679818429,-289.253732125884,30.0156302039739));
#1542=CARTESIAN_POINT('Ctrl Pts',(2.58026912518301,-289.105706475602,26.9295452904846));
#1543=CARTESIAN_POINT('Ctrl Pts',(-2.52354759162069,-288.971142335717,27.0725337212525));
#1544=CARTESIAN_POINT('Ctrl Pts',(-6.47503486530878,-288.850032709069,29.4007874630863));
#1545=CARTESIAN_POINT('Ctrl Pts',(-8.79829669344524,-288.728924191122,33.3623872810548));
#1546=CARTESIAN_POINT('Ctrl Pts',(-8.90417480953923,-288.607815176461,37.9504676463301));
#1547=CARTESIAN_POINT('Ctrl Pts',(-6.76783258089119,-288.486705905863,42.0136993389987));
#1548=CARTESIAN_POINT('Ctrl Pts',(-2.92647267324935,-288.365596797234,44.526474947735));
#1549=CARTESIAN_POINT('Ctrl Pts',(1.65169366003529,-288.24448822337,44.8571709373162));
#1550=CARTESIAN_POINT('Ctrl Pts',(5.81413508884142,-288.123378962364,42.9212785893347));
#1551=CARTESIAN_POINT('Ctrl Pts',(8.51110423975851,-288.002269973623,39.208022429868));
#1552=CARTESIAN_POINT('Ctrl Pts',(9.06726047350763,-287.881160314561,34.6501289385212));
#1553=CARTESIAN_POINT('Ctrl Pts',(7.33490917067906,-287.760052064954,30.4015943208654));
#1554=CARTESIAN_POINT('Ctrl Pts',(3.36407963543025,-287.625485743707,27.1948301504129));
#1555=CARTESIAN_POINT('Ctrl Pts',(-2.36801134428173,-287.477463609267,26.7028267574132));
#1556=CARTESIAN_POINT('Ctrl Pts',(-7.57505417505854,-287.315987807124,30.2029592557424));
#1557=CARTESIAN_POINT('Ctrl Pts',(-9.53525903782359,-287.147777989853,36.4422415922505));
#1558=CARTESIAN_POINT('Ctrl Pts',(-6.7565335923458,-286.972843336267,42.7580990920673));
#1559=CARTESIAN_POINT('Ctrl Pts',(-0.1338411230876,-286.791179354873,45.5140089825607));
#1560=CARTESIAN_POINT('Ctrl Pts',(6.5582043635524,-286.609515978632,42.9445870651895));
#1561=CARTESIAN_POINT('Ctrl Pts',(9.63484143990935,-286.427852233683,36.4676592849474));
#1562=CARTESIAN_POINT('Ctrl Pts',(7.39493312125548,-286.24618885685,29.657025752193));
#1563=CARTESIAN_POINT('Ctrl Pts',(1.07765391928404,-286.064524878209,26.2669892894902));
#1564=CARTESIAN_POINT('Ctrl Pts',(-5.83680662534884,-285.882861913751,28.1738495712221));
#1565=CARTESIAN_POINT('Ctrl Pts',(-8.29303774797408,-285.761751053091,32.265998897216));
#1566=CARTESIAN_POINT('Ctrl Pts',(-8.64855056345161,-285.701198596588,34.4596305521713));
#1567=CARTESIAN_POINT('Ctrl Pts',(-3.11238072993024,-295.864387557593,44.0696857421333));
#1568=CARTESIAN_POINT('Ctrl Pts',(-1.03036918575964,-295.803835171771,44.8591201195107));
#1569=CARTESIAN_POINT('Ctrl Pts',(3.75089057289607,-295.682728242382,44.7755717629673));
#1570=CARTESIAN_POINT('Ctrl Pts',(8.86724808884185,-295.501061252649,39.7282532086108));
#1571=CARTESIAN_POINT('Ctrl Pts',(9.08675725046318,-295.319398687502,32.5481564771962));
#1572=CARTESIAN_POINT('Ctrl Pts',(4.29643304133565,-295.137734497376,27.1945603796914));
#1573=CARTESIAN_POINT('Ctrl Pts',(-2.86560939967901,-294.956071346891,26.6236853147624));
#1574=CARTESIAN_POINT('Ctrl Pts',(-8.44529615126105,-294.774407262211,31.144817356809));
#1575=CARTESIAN_POINT('Ctrl Pts',(-9.36856623782834,-294.592744468103,38.275658637324));
#1576=CARTESIAN_POINT('Ctrl Pts',(-5.59072482956911,-294.43126343796,43.4142351363954));
#1577=CARTESIAN_POINT('Ctrl Pts',(-0.46228189474904,-294.289972153955,45.0108714729856));
#1578=CARTESIAN_POINT('Ctrl Pts',(4.04048529414705,-294.16886119325,44.0882537370881));
#1579=CARTESIAN_POINT('Ctrl Pts',(7.52712941764761,-294.047753909408,41.0876309135716));
#1580=CARTESIAN_POINT('Ctrl Pts',(9.11931066036559,-293.926644127449,36.7709826082106));
#1581=CARTESIAN_POINT('Ctrl Pts',(8.41109078958576,-293.805535367181,32.23067057136));
#1582=CARTESIAN_POINT('Ctrl Pts',(5.12311762721185,-293.664240557928,27.9839796296898));
#1583=CARTESIAN_POINT('Ctrl Pts',(-1.01210572186283,-293.502762403701,26.240404800351));
#1584=CARTESIAN_POINT('Ctrl Pts',(-7.36941560948249,-293.321099567034,29.594949489049));
#1585=CARTESIAN_POINT('Ctrl Pts',(-9.65809007003088,-293.13943474763,36.4082601850011));
#1586=CARTESIAN_POINT('Ctrl Pts',(-6.95245480027002,-292.9779601695,42.1840405887203));
#1587=CARTESIAN_POINT('Ctrl Pts',(-2.23123679342942,-292.836662367775,44.746226259016));
#1588=CARTESIAN_POINT('Ctrl Pts',(2.36424595053328,-292.715555693197,44.7174541869959));
#1589=CARTESIAN_POINT('Ctrl Pts',(5.70148671566039,-292.614628910521,42.8272304624717));
#1590=CARTESIAN_POINT('Ctrl Pts',(7.56856074265383,-292.533890157206,40.4898942694434));
#1591=CARTESIAN_POINT('Ctrl Pts',(9.00971318056921,-292.439694440499,37.3064523659018));
#1592=CARTESIAN_POINT('Ctrl Pts',(8.79401891701965,-292.311858300002,32.3387941441122));
#1593=CARTESIAN_POINT('Ctrl Pts',(4.65403327603607,-292.150379878565,27.6006266282947));
#1594=CARTESIAN_POINT('Ctrl Pts',(-1.02277557628031,-292.002353736533,26.6067290644064));
#1595=CARTESIAN_POINT('Ctrl Pts',(-5.69428189365873,-291.867791347805,28.6829222918802));
#1596=CARTESIAN_POINT('Ctrl Pts',(-8.46583345541844,-291.746681440279,32.3510325538684));
#1597=CARTESIAN_POINT('Ctrl Pts',(-9.1044094362085,-291.625572521784,36.9070814729087));
#1598=CARTESIAN_POINT('Ctrl Pts',(-7.44977992521042,-291.504463839823,41.1979792534069));
#1599=CARTESIAN_POINT('Ctrl Pts',(-3.91924501329508,-291.383354680932,44.1453004900442));
#1600=CARTESIAN_POINT('Ctrl Pts',(0.599970648051563,-291.262245666126,45.0061148154596));
#1601=CARTESIAN_POINT('Ctrl Pts',(4.96480195187759,-291.14113613584,43.5626465775142));
#1602=CARTESIAN_POINT('Ctrl Pts',(8.43334436950222,-291.006572664477,39.8060000802286));
#1603=CARTESIAN_POINT('Ctrl Pts',(9.31917567942157,-290.858548586416,34.1151734738729));
#1604=CARTESIAN_POINT('Ctrl Pts',(6.16359564001366,-290.697069826668,28.6644016722253));
#1605=CARTESIAN_POINT('Ctrl Pts',(1.28824299395495,-290.562503726611,26.774881818498));
#1606=CARTESIAN_POINT('Ctrl Pts',(-3.69473043861713,-290.427939438193,27.4613908740331));
#1607=CARTESIAN_POINT('Ctrl Pts',(-7.45849667382618,-290.306829396962,30.2805362248776));
#1608=CARTESIAN_POINT('Ctrl Pts',(-9.13183646724988,-290.172264515204,35.1226224175452));
#1609=CARTESIAN_POINT('Ctrl Pts',(-8.34612214613456,-290.051155087341,39.6455012745739));
#1610=CARTESIAN_POINT('Ctrl Pts',(-5.45306766384325,-289.930046075353,43.2290222634857));
#1611=CARTESIAN_POINT('Ctrl Pts',(-1.66447841932253,-289.822394603519,44.7515033928212));
#1612=CARTESIAN_POINT('Ctrl Pts',(2.853798932918,-289.701284996959,44.5819688598041));
#1613=CARTESIAN_POINT('Ctrl Pts',(7.33060569145557,-289.566718594977,41.8734924142056));
#1614=CARTESIAN_POINT('Ctrl Pts',(9.47931920065553,-289.405238539812,35.952923394464));
#1615=CARTESIAN_POINT('Ctrl Pts',(7.4460646462168,-289.243763903849,30.004331456204));
#1616=CARTESIAN_POINT('Ctrl Pts',(2.58564175619137,-289.095738253567,26.9119965828793));
#1617=CARTESIAN_POINT('Ctrl Pts',(-2.52824826241426,-288.961174113682,27.0551100462476));
#1618=CARTESIAN_POINT('Ctrl Pts',(-6.48760930571398,-288.840064487034,29.3878318039875));
#1619=CARTESIAN_POINT('Ctrl Pts',(-8.81558090899547,-288.718955969087,33.3571771589786));
#1620=CARTESIAN_POINT('Ctrl Pts',(-8.92181366486148,-288.597846954426,37.9543084848419));
#1621=CARTESIAN_POINT('Ctrl Pts',(-6.78138401801963,-288.476737683828,42.0256269416078));
#1622=CARTESIAN_POINT('Ctrl Pts',(-2.93252263534798,-288.355628575198,44.5434832511581));
#1623=CARTESIAN_POINT('Ctrl Pts',(1.65466772349112,-288.234520001335,44.8749772266406));
#1624=CARTESIAN_POINT('Ctrl Pts',(5.82538566490361,-288.113410740328,42.9353967851604));
#1625=CARTESIAN_POINT('Ctrl Pts',(8.5277908976047,-287.992301751588,39.2149009762155));
#1626=CARTESIAN_POINT('Ctrl Pts',(9.08519416939835,-287.871192092526,34.6480187728683));
#1627=CARTESIAN_POINT('Ctrl Pts',(7.34955600610534,-287.750083842918,30.3910529029284));
#1628=CARTESIAN_POINT('Ctrl Pts',(3.37099605824872,-287.615517521672,27.1778324912998));
#1629=CARTESIAN_POINT('Ctrl Pts',(-2.37239360106545,-287.467495387232,26.6846772603351));
#1630=CARTESIAN_POINT('Ctrl Pts',(-7.58982652110224,-287.306019585088,30.1915578682063));
#1631=CARTESIAN_POINT('Ctrl Pts',(-9.55409652872698,-287.137809767817,36.4430888765294));
#1632=CARTESIAN_POINT('Ctrl Pts',(-6.77008614876399,-286.962875114232,42.7714960062111));
#1633=CARTESIAN_POINT('Ctrl Pts',(-0.134411159381112,-286.781211132838,
45.5330547362069));
#1634=CARTESIAN_POINT('Ctrl Pts',(6.57092253446916,-286.599547756597,42.9587741974423));
#1635=CARTESIAN_POINT('Ctrl Pts',(9.65383719240646,-286.417884011647,36.4691606044125));
#1636=CARTESIAN_POINT('Ctrl Pts',(7.40972290983864,-286.236220634815,29.6450173956085));
#1637=CARTESIAN_POINT('Ctrl Pts',(1.08008698014502,-286.054556656173,26.2480854383924));
#1638=CARTESIAN_POINT('Ctrl Pts',(-5.84808450907668,-285.872893691716,28.1584999444561));
#1639=CARTESIAN_POINT('Ctrl Pts',(-8.30927625042401,-285.751782831056,32.2586269620518));
#1640=CARTESIAN_POINT('Ctrl Pts',(-8.66556236850155,-285.691230374553,34.456592039807));
#1641=CARTESIAN_POINT('Ctrl Pts',(-3.12183835379885,-295.837627233288,44.0925435994759));
#1642=CARTESIAN_POINT('Ctrl Pts',(-1.03404154210281,-295.777074847466,44.8843724742999));
#1643=CARTESIAN_POINT('Ctrl Pts',(3.76070575369783,-295.655967918077,44.8009879093128));
#1644=CARTESIAN_POINT('Ctrl Pts',(8.89188649560899,-295.474300928344,39.7398885562221));
#1645=CARTESIAN_POINT('Ctrl Pts',(9.11262263995571,-295.292638363197,32.5395933089534));
#1646=CARTESIAN_POINT('Ctrl Pts',(4.30925989522223,-295.110974173071,27.1705199685122));
#1647=CARTESIAN_POINT('Ctrl Pts',(-2.8728998396649,-294.929311022586,26.5974340454372));
#1648=CARTESIAN_POINT('Ctrl Pts',(-8.46867721195733,-294.747646937906,31.1308263032409));
#1649=CARTESIAN_POINT('Ctrl Pts',(-9.39514926405425,-294.565984143799,38.2816673448737));
#1650=CARTESIAN_POINT('Ctrl Pts',(-5.60709749429073,-294.404503113655,43.4350325041035));
#1651=CARTESIAN_POINT('Ctrl Pts',(-0.464354531132874,-294.26321182965,45.0365957735914));
#1652=CARTESIAN_POINT('Ctrl Pts',(4.05117327420314,-294.142100868945,44.1117552516584));
#1653=CARTESIAN_POINT('Ctrl Pts',(7.54788233300942,-294.020993585103,41.1029842324135));
#1654=CARTESIAN_POINT('Ctrl Pts',(9.14491055761059,-293.899883803144,36.7743124495397));
#1655=CARTESIAN_POINT('Ctrl Pts',(8.43507982006091,-293.778775042876,32.221153474189));
#1656=CARTESIAN_POINT('Ctrl Pts',(5.13821329585238,-293.637480233623,27.9622386590228));
#1657=CARTESIAN_POINT('Ctrl Pts',(-1.01414709727446,-293.476002079396,26.2132281724043));
#1658=CARTESIAN_POINT('Ctrl Pts',(-7.38963560777439,-293.294339242729,29.5766866902043));
#1659=CARTESIAN_POINT('Ctrl Pts',(-9.68533138834115,-293.112674423325,36.4089855924055));
#1660=CARTESIAN_POINT('Ctrl Pts',(-6.97255834518106,-292.951199845195,42.2012608730148));
#1661=CARTESIAN_POINT('Ctrl Pts',(-2.23826752849558,-292.80990204347,44.7710555393578));
#1662=CARTESIAN_POINT('Ctrl Pts',(2.37016175635001,-292.688795368892,44.7425876291148));
#1663=CARTESIAN_POINT('Ctrl Pts',(5.71695718730343,-292.587868586216,42.8473229633435));
#1664=CARTESIAN_POINT('Ctrl Pts',(7.58948177949546,-292.507129832902,40.5035672295521));
#1665=CARTESIAN_POINT('Ctrl Pts',(9.03495779898551,-292.412934116194,37.3112843944523));
#1666=CARTESIAN_POINT('Ctrl Pts',(8.81907920864166,-292.285097975697,32.3296147094597));
#1667=CARTESIAN_POINT('Ctrl Pts',(4.66783703116158,-292.12361955426,27.5777663556018));
#1668=CARTESIAN_POINT('Ctrl Pts',(-1.02487975044998,-291.975593412229,26.5805844332794));
#1669=CARTESIAN_POINT('Ctrl Pts',(-5.70971015972945,-291.8410310235,28.6622317920575));
#1670=CARTESIAN_POINT('Ctrl Pts',(-8.48937509417902,-291.719921115974,32.3404356118933));
#1671=CARTESIAN_POINT('Ctrl Pts',(-9.13013228150573,-291.598812197479,36.9092593239274));
#1672=CARTESIAN_POINT('Ctrl Pts',(-7.47120551394122,-291.477703515518,41.2123780664193));
#1673=CARTESIAN_POINT('Ctrl Pts',(-3.93097812839405,-291.356594356627,44.1682951780386));
#1674=CARTESIAN_POINT('Ctrl Pts',(0.600889625836446,-291.235485341822,45.0319145927778));
#1675=CARTESIAN_POINT('Ctrl Pts',(4.97813169710575,-291.114375811535,43.5847487768059));
#1676=CARTESIAN_POINT('Ctrl Pts',(8.45675684558603,-290.979812340173,39.817821509376));
#1677=CARTESIAN_POINT('Ctrl Pts',(9.34555768554459,-290.831788262111,34.1110363369205));
#1678=CARTESIAN_POINT('Ctrl Pts',(6.18155647026097,-290.670309502363,28.6446536741958));
#1679=CARTESIAN_POINT('Ctrl Pts',(1.29263635200067,-290.535743402307,26.7494071726349));
#1680=CARTESIAN_POINT('Ctrl Pts',(-3.70442711223809,-290.401179113888,27.4374278958338));
#1681=CARTESIAN_POINT('Ctrl Pts',(-7.47902395907985,-290.280069072657,30.264190808831));
#1682=CARTESIAN_POINT('Ctrl Pts',(-9.15748656237344,-290.145504190899,35.1197728514386));
#1683=CARTESIAN_POINT('Ctrl Pts',(-8.36993892891685,-290.024394763037,39.6554530817612));
#1684=CARTESIAN_POINT('Ctrl Pts',(-5.46904364681039,-289.903285751049,43.2493083404314));
#1685=CARTESIAN_POINT('Ctrl Pts',(-1.66990615106577,-289.795634279214,44.7763963013503));
#1686=CARTESIAN_POINT('Ctrl Pts',(2.86109373003183,-289.674524672654,44.6067673903003));
#1687=CARTESIAN_POINT('Ctrl Pts',(7.35073744597605,-289.539958270672,41.8910420843461));
#1688=CARTESIAN_POINT('Ctrl Pts',(9.50599921232893,-289.378478215507,35.9539742509982));
#1689=CARTESIAN_POINT('Ctrl Pts',(7.4675256577404,-289.217003579544,29.9884659981914));
#1690=CARTESIAN_POINT('Ctrl Pts',(2.5936777157924,-289.068977929262,26.8870188705343));
#1691=CARTESIAN_POINT('Ctrl Pts',(-2.53462592260899,-288.934413789377,27.0301013062868));
#1692=CARTESIAN_POINT('Ctrl Pts',(-6.50533046302187,-288.813304162729,29.3690588176288));
#1693=CARTESIAN_POINT('Ctrl Pts',(-8.84019171932853,-288.692195644782,33.3493837580282));
#1694=CARTESIAN_POINT('Ctrl Pts',(-8.94711061480723,-288.571086630121,37.9594502958078));
#1695=CARTESIAN_POINT('Ctrl Pts',(-6.80099725738576,-288.449977359523,42.0424123185121));
#1696=CARTESIAN_POINT('Ctrl Pts',(-2.94151098990732,-288.328868250894,44.56768226477));
#1697=CARTESIAN_POINT('Ctrl Pts',(1.65856778925793,-288.20775967703,44.9004958140708));
#1698=CARTESIAN_POINT('Ctrl Pts',(5.84119203248412,-288.086650416023,42.9558051407896));
#1699=CARTESIAN_POINT('Ctrl Pts',(8.55152257826698,-287.965541427283,39.2250591676313));
#1700=CARTESIAN_POINT('Ctrl Pts',(9.11087648517574,-287.844431768221,34.6453731378787));
#1701=CARTESIAN_POINT('Ctrl Pts',(7.37071180594352,-287.723323518614,30.3762691296006));
#1702=CARTESIAN_POINT('Ctrl Pts',(3.38121713005729,-287.588757197367,27.1536675693488));
#1703=CARTESIAN_POINT('Ctrl Pts',(-2.37830104134409,-287.440735062927,26.6586394349455));
#1704=CARTESIAN_POINT('Ctrl Pts',(-7.61071774592272,-287.279259260783,30.1749507832579));
#1705=CARTESIAN_POINT('Ctrl Pts',(-9.58104579312276,-287.111049443513,36.44392026822));
#1706=CARTESIAN_POINT('Ctrl Pts',(-6.78973052543812,-286.936114789927,42.7903825364609));
#1707=CARTESIAN_POINT('Ctrl Pts',(-0.135604300819817,-286.754450808533,
45.5602757071724));
#1708=CARTESIAN_POINT('Ctrl Pts',(6.58882617816308,-286.572787432292,42.9793116287402));
#1709=CARTESIAN_POINT('Ctrl Pts',(9.6809675208766,-286.391123687343,36.4716859243191));
#1710=CARTESIAN_POINT('Ctrl Pts',(7.43111032214401,-286.20946031051,29.6281377088631));
#1711=CARTESIAN_POINT('Ctrl Pts',(1.0839363033313,-286.027796331868,26.2211115547467));
#1712=CARTESIAN_POINT('Ctrl Pts',(-5.86390013439849,-285.846133367411,28.1363143693253));
#1713=CARTESIAN_POINT('Ctrl Pts',(-8.33237867127081,-285.725022506751,32.2477930763785));
#1714=CARTESIAN_POINT('Ctrl Pts',(-8.68985162805254,-285.664470050248,34.4519058727165));
#1715=CARTESIAN_POINT('Ctrl Pts',(-3.12771315152545,-295.782751957167,44.1037873081618));
#1716=CARTESIAN_POINT('Ctrl Pts',(-1.03706845945569,-295.722199571345,44.897104619247));
#1717=CARTESIAN_POINT('Ctrl Pts',(3.76455812915729,-295.601092641956,44.8144199681029));
#1718=CARTESIAN_POINT('Ctrl Pts',(8.90394226783835,-295.419425652223,39.7469579316024));
#1719=CARTESIAN_POINT('Ctrl Pts',(9.12622703938647,-295.237763087076,32.5364001504828));
#1720=CARTESIAN_POINT('Ctrl Pts',(4.31691070915726,-295.05609889695,27.1588246476921));
#1721=CARTESIAN_POINT('Ctrl Pts',(-2.8754251666857,-294.874435746465,26.5836904497469));
#1722=CARTESIAN_POINT('Ctrl Pts',(-8.47998263305248,-294.692771661785,31.1226108948394));
#1723=CARTESIAN_POINT('Ctrl Pts',(-9.4090036280112,-294.511108867678,38.2835228060736));
#1724=CARTESIAN_POINT('Ctrl Pts',(-5.61641237835628,-294.349627837534,43.444908673596));
#1725=CARTESIAN_POINT('Ctrl Pts',(-0.466588233420432,-294.208336553529,
45.0496423162138));
#1726=CARTESIAN_POINT('Ctrl Pts',(4.05555896476732,-294.087225592824,44.1242497785268));
#1727=CARTESIAN_POINT('Ctrl Pts',(7.55778302393123,-293.966118308982,41.1117748144606));
#1728=CARTESIAN_POINT('Ctrl Pts',(9.15783638099229,-293.845008527023,36.7771827701051));
#1729=CARTESIAN_POINT('Ctrl Pts',(8.44776927934703,-293.723899766755,32.2173878733828));
#1730=CARTESIAN_POINT('Ctrl Pts',(5.14691691068669,-293.582604957502,27.951820151398));
#1731=CARTESIAN_POINT('Ctrl Pts',(-1.01394833135704,-293.421126803275,26.1992520809128));
#1732=CARTESIAN_POINT('Ctrl Pts',(-7.39913124702654,-293.239463966608,29.5664331089241));
#1733=CARTESIAN_POINT('Ctrl Pts',(-9.69928068179391,-293.057799147204,36.4081121682993));
#1734=CARTESIAN_POINT('Ctrl Pts',(-6.98361568480471,-292.896324569074,42.2091390084651));
#1735=CARTESIAN_POINT('Ctrl Pts',(-2.24299331516568,-292.755026767349,44.7834185402266));
#1736=CARTESIAN_POINT('Ctrl Pts',(2.37203495797986,-292.633920092771,44.7556975733955));
#1737=CARTESIAN_POINT('Ctrl Pts',(5.72394189233673,-292.532993310095,42.8582941261079));
#1738=CARTESIAN_POINT('Ctrl Pts',(7.59954488129311,-292.45225455678,40.5115071912009));
#1739=CARTESIAN_POINT('Ctrl Pts',(9.0476339028089,-292.358058840073,37.3149052511034));
#1740=CARTESIAN_POINT('Ctrl Pts',(8.83230013343918,-292.230222699576,32.3260703003944));
#1741=CARTESIAN_POINT('Ctrl Pts',(4.67593240438069,-292.068744278139,27.5667172025074));
#1742=CARTESIAN_POINT('Ctrl Pts',(-1.02475981647192,-291.920718136108,26.5671324604693));
#1743=CARTESIAN_POINT('Ctrl Pts',(-5.71664674301608,-291.786155747379,28.650957071286));
#1744=CARTESIAN_POINT('Ctrl Pts',(-8.50091737730866,-291.665045839853,32.3339468822761));
#1745=CARTESIAN_POINT('Ctrl Pts',(-9.14337243776035,-291.543936921358,36.9091969682056));
#1746=CARTESIAN_POINT('Ctrl Pts',(-7.48280856196148,-291.422828239397,41.218755160968));
#1747=CARTESIAN_POINT('Ctrl Pts',(-3.93802234035567,-291.301719080506,44.1795062616502));
#1748=CARTESIAN_POINT('Ctrl Pts',(0.600180692300429,-291.180610065701,45.0451364400949));
#1749=CARTESIAN_POINT('Ctrl Pts',(4.98393186246729,-291.059500535414,43.5966487522758));
#1750=CARTESIAN_POINT('Ctrl Pts',(8.46817751705805,-290.924937064051,39.8249292074565));
#1751=CARTESIAN_POINT('Ctrl Pts',(9.35922474588672,-290.77691298599,34.1101290404735));
#1752=CARTESIAN_POINT('Ctrl Pts',(6.19163376343105,-290.615434226242,28.6353862672779));
#1753=CARTESIAN_POINT('Ctrl Pts',(1.29604418288381,-290.480868126186,26.7365937782629));
#1754=CARTESIAN_POINT('Ctrl Pts',(-3.70828600074085,-290.346303837767,27.4247435138832));
#1755=CARTESIAN_POINT('Ctrl Pts',(-7.48876453722911,-290.225193796536,30.2549036664717));
#1756=CARTESIAN_POINT('Ctrl Pts',(-9.17045988109996,-290.090628914778,35.117145668349));
#1757=CARTESIAN_POINT('Ctrl Pts',(-8.38256075348184,-289.969519486916,39.6594491778243));
#1758=CARTESIAN_POINT('Ctrl Pts',(-5.47813137733638,-289.848410474927,43.2589418620191));
#1759=CARTESIAN_POINT('Ctrl Pts',(-1.6738173111042,-289.740759003093,44.7888646311273));
#1760=CARTESIAN_POINT('Ctrl Pts',(2.86368881733485,-289.619649396533,44.6197685462738));
#1761=CARTESIAN_POINT('Ctrl Pts',(7.36022079542174,-289.485082994551,41.9009263219499));
#1762=CARTESIAN_POINT('Ctrl Pts',(9.51958120070375,-289.323602939386,35.9557308247928));
#1763=CARTESIAN_POINT('Ctrl Pts',(7.47921337205808,-289.162128303423,29.9813415093699));
#1764=CARTESIAN_POINT('Ctrl Pts',(2.59892352985572,-289.014102653141,26.8746253959354));
#1765=CARTESIAN_POINT('Ctrl Pts',(-2.5367415798572,-288.879538513256,27.0170342915043));
#1766=CARTESIAN_POINT('Ctrl Pts',(-6.51352601870015,-288.758428886608,29.3586590157002));
#1767=CARTESIAN_POINT('Ctrl Pts',(-8.85240831024663,-288.637320368661,33.3442783807013));
#1768=CARTESIAN_POINT('Ctrl Pts',(-8.96026857807439,-288.516211354,37.9609215586453));
#1769=CARTESIAN_POINT('Ctrl Pts',(-6.81178348374966,-288.395102083402,42.0500913999329));
#1770=CARTESIAN_POINT('Ctrl Pts',(-2.94720803743073,-288.273992974773,44.5796339404874));
#1771=CARTESIAN_POINT('Ctrl Pts',(1.65939451443728,-288.152884400909,44.9137103112119));
#1772=CARTESIAN_POINT('Ctrl Pts',(5.84833463155078,-288.031775139902,42.9669529484643));
#1773=CARTESIAN_POINT('Ctrl Pts',(8.56318146502869,-287.910666151162,39.2313329312461));
#1774=CARTESIAN_POINT('Ctrl Pts',(9.12411754112627,-287.7895564921,34.6451937251702));
#1775=CARTESIAN_POINT('Ctrl Pts',(7.38219438470093,-287.668448242493,30.3696831373841));
#1776=CARTESIAN_POINT('Ctrl Pts',(3.38754273747641,-287.533881921246,27.1417895618818));
#1777=CARTESIAN_POINT('Ctrl Pts',(-2.38012949229822,-287.385859786806,26.6450680329088));
#1778=CARTESIAN_POINT('Ctrl Pts',(-7.62063199240301,-287.224383984662,30.1655134007895));
#1779=CARTESIAN_POINT('Ctrl Pts',(-9.5948511505933,-287.056174167392,36.4431144216141));
#1780=CARTESIAN_POINT('Ctrl Pts',(-6.80062860509354,-286.881239513806,42.7991335682932));
#1781=CARTESIAN_POINT('Ctrl Pts',(-0.137457159014055,-286.699575532412,
45.5741272211068));
#1782=CARTESIAN_POINT('Ctrl Pts',(6.5970342863479,-286.517912156171,42.990621084752));
#1783=CARTESIAN_POINT('Ctrl Pts',(9.69471193451293,-286.336248411222,36.4742151034735));
#1784=CARTESIAN_POINT('Ctrl Pts',(7.44280705905291,-286.154585034389,29.6204916771473));
#1785=CARTESIAN_POINT('Ctrl Pts',(1.08713515430698,-285.972921055747,26.2075071919893));
#1786=CARTESIAN_POINT('Ctrl Pts',(-5.87096674078664,-285.79125809129,28.1242591571071));
#1787=CARTESIAN_POINT('Ctrl Pts',(-8.3436837712829,-285.67014723063,32.2412017797584));
#1788=CARTESIAN_POINT('Ctrl Pts',(-8.70204439755911,-285.609594774127,34.4484029303672));
#1789=CARTESIAN_POINT('Ctrl Pts',(-3.12355381019315,-295.732995103447,44.0889820002903));
#1790=CARTESIAN_POINT('Ctrl Pts',(-1.03666057704778,-295.672442717625,44.8812460177889));
#1791=CARTESIAN_POINT('Ctrl Pts',(3.75663161456137,-295.551335788235,44.799448574623));
#1792=CARTESIAN_POINT('Ctrl Pts',(8.88787400545741,-295.369668798503,39.7415852115581));
#1793=CARTESIAN_POINT('Ctrl Pts',(9.11088690798017,-295.188006233356,32.5435880764479));
#1794=CARTESIAN_POINT('Ctrl Pts',(4.31075786360087,-295.00634204323,27.1746104810247));
#1795=CARTESIAN_POINT('Ctrl Pts',(-2.86899457488098,-294.824678892744,26.5993626984815));
#1796=CARTESIAN_POINT('Ctrl Pts',(-8.46451818725651,-294.643014808065,31.1295308737728));
#1797=CARTESIAN_POINT('Ctrl Pts',(-9.39303265693388,-294.461352013957,38.2778592248454));
#1798=CARTESIAN_POINT('Ctrl Pts',(-5.6078303336203,-294.299870983814,43.4308646694203));
#1799=CARTESIAN_POINT('Ctrl Pts',(-0.467199124068125,-294.158579699808,
45.033607642732));
#1800=CARTESIAN_POINT('Ctrl Pts',(4.04723375593263,-294.037468739103,44.1105235692167));
#1801=CARTESIAN_POINT('Ctrl Pts',(7.54384152736123,-293.916361455262,41.10382175381));
#1802=CARTESIAN_POINT('Ctrl Pts',(9.1417856841984,-293.795251673302,36.7770084138175));
#1803=CARTESIAN_POINT('Ctrl Pts',(8.43365725313007,-293.674142913035,32.2250260032028));
#1804=CARTESIAN_POINT('Ctrl Pts',(5.13919727767978,-293.532848103781,27.9663543917642));
#1805=CARTESIAN_POINT('Ctrl Pts',(-1.01069146004926,-293.371369949555,26.2158809491403));
#1806=CARTESIAN_POINT('Ctrl Pts',(-7.38530404016973,-293.189707112887,29.5762232139182));
#1807=CARTESIAN_POINT('Ctrl Pts',(-9.68251518785898,-293.008042293484,36.4056619712751));
#1808=CARTESIAN_POINT('Ctrl Pts',(-6.97246718405928,-292.846567715354,42.1970298350261));
#1809=CARTESIAN_POINT('Ctrl Pts',(-2.24047716675026,-292.705269913629,44.7675717777947));
#1810=CARTESIAN_POINT('Ctrl Pts',(2.36653656279281,-292.58416323905,44.7406134544144));
#1811=CARTESIAN_POINT('Ctrl Pts',(5.71291442352675,-292.483236456375,42.8470247615683));
#1812=CARTESIAN_POINT('Ctrl Pts',(7.58562333606611,-292.40249770306,40.5046036126351));
#1813=CARTESIAN_POINT('Ctrl Pts',(9.03169204910551,-292.308301986352,37.3137785876773));
#1814=CARTESIAN_POINT('Ctrl Pts',(8.81750262767313,-292.180465845855,32.3335787596296));
#1815=CARTESIAN_POINT('Ctrl Pts',(4.66909161027889,-292.018987424419,27.5818477935722));
#1816=CARTESIAN_POINT('Ctrl Pts',(-1.02154044929003,-291.870961282387,26.5831201663054));
#1817=CARTESIAN_POINT('Ctrl Pts',(-5.70560022373302,-291.736398893659,28.6625981654286));
#1818=CARTESIAN_POINT('Ctrl Pts',(-8.48560362818482,-291.615288986133,32.3387594448288));
#1819=CARTESIAN_POINT('Ctrl Pts',(-9.12765063844681,-291.494180067638,36.9059618443207));
#1820=CARTESIAN_POINT('Ctrl Pts',(-7.47063821338935,-291.373071385677,41.2082903754806));
#1821=CARTESIAN_POINT('Ctrl Pts',(-3.93246809894405,-291.251962226786,44.1644465067635));
#1822=CARTESIAN_POINT('Ctrl Pts',(0.597717194004837,-291.13085321198,45.0292748214907));
#1823=CARTESIAN_POINT('Ctrl Pts',(4.97407715427387,-291.009743681694,43.5839820024607));
#1824=CARTESIAN_POINT('Ctrl Pts',(8.45285357292858,-290.875180210331,39.8193523930256));
#1825=CARTESIAN_POINT('Ctrl Pts',(9.34323802954358,-290.727156132269,34.1146210533955));
#1826=CARTESIAN_POINT('Ctrl Pts',(6.18199543722275,-290.565677372522,28.648898106496));
#1827=CARTESIAN_POINT('Ctrl Pts',(1.29520419855206,-290.431111272465,26.7526454547008));
#1828=CARTESIAN_POINT('Ctrl Pts',(-3.70053833242365,-290.296546984047,27.4388260246864));
#1829=CARTESIAN_POINT('Ctrl Pts',(-7.4748886786437,-290.175436942816,30.2634855649123));
#1830=CARTESIAN_POINT('Ctrl Pts',(-9.15441368144881,-290.040872061057,35.1170197473866));
#1831=CARTESIAN_POINT('Ctrl Pts',(-8.36858667457043,-289.919762633195,39.6515540647253));
#1832=CARTESIAN_POINT('Ctrl Pts',(-5.46975878734693,-289.798653621207,43.2452429191422));
#1833=CARTESIAN_POINT('Ctrl Pts',(-1.67229314504163,-289.691002149373,44.7730959470087));
#1834=CARTESIAN_POINT('Ctrl Pts',(2.85736086552701,-289.569892542813,44.6049952491697));
#1835=CARTESIAN_POINT('Ctrl Pts',(7.34650092384618,-289.435326140831,41.8915717557953));
#1836=CARTESIAN_POINT('Ctrl Pts',(9.50302977857626,-289.273846085665,35.9570413876466));
#1837=CARTESIAN_POINT('Ctrl Pts',(7.46712941237666,-289.112371449703,29.9927137535965));
#1838=CARTESIAN_POINT('Ctrl Pts',(2.59579850429996,-288.96434579942,26.890638334272));
#1839=CARTESIAN_POINT('Ctrl Pts',(-2.5309661729448,-288.829781659536,27.0320063469645));
#1840=CARTESIAN_POINT('Ctrl Pts',(-6.50120472485591,-288.708672032888,29.3689475260734));
#1841=CARTESIAN_POINT('Ctrl Pts',(-8.8366403677422,-288.58756351494,33.3472813803509));
#1842=CARTESIAN_POINT('Ctrl Pts',(-8.9450275812268,-288.46645450028,37.955887712579));
#1843=CARTESIAN_POINT('Ctrl Pts',(-6.80090749895226,-288.345345229682,42.0382862567883));
#1844=CARTESIAN_POINT('Ctrl Pts',(-2.9434369630356,-288.224236121052,44.5640323518512));
#1845=CARTESIAN_POINT('Ctrl Pts',(1.65511113311716,-288.103127547189,44.8982411209427));
#1846=CARTESIAN_POINT('Ctrl Pts',(5.83707547888043,-287.982018286182,42.9555138981512));
#1847=CARTESIAN_POINT('Ctrl Pts',(8.54778305069784,-287.860909297442,39.2268040678657));
#1848=CARTESIAN_POINT('Ctrl Pts',(9.10845550756957,-287.73979963838,34.6487163367843));
#1849=CARTESIAN_POINT('Ctrl Pts',(7.3702191911667,-287.618691388772,30.3803654702685));
#1850=CARTESIAN_POINT('Ctrl Pts',(3.38300751156292,-287.484125067526,27.1574610712409));
#1851=CARTESIAN_POINT('Ctrl Pts',(-2.37456864162995,-287.336102933086,26.6607102487848));
#1852=CARTESIAN_POINT('Ctrl Pts',(-7.60651270772253,-287.174627130942,30.1742302533869));
#1853=CARTESIAN_POINT('Ctrl Pts',(-9.57827318963282,-287.006417313671,36.4406197808148));
#1854=CARTESIAN_POINT('Ctrl Pts',(-6.78988784637089,-286.831482660086,42.7860288813087));
#1855=CARTESIAN_POINT('Ctrl Pts',(-0.138721094009576,-286.649818678692,
45.557232705597));
#1856=CARTESIAN_POINT('Ctrl Pts',(6.58447081246233,-286.46815530245,42.9792566093231));
#1857=CARTESIAN_POINT('Ctrl Pts',(9.67777546333297,-286.286491557501,36.4746500419384));
#1858=CARTESIAN_POINT('Ctrl Pts',(7.43084266807163,-286.104828180668,29.632485033591));
#1859=CARTESIAN_POINT('Ctrl Pts',(1.08674070934595,-285.923164202027,26.2244452515313));
#1860=CARTESIAN_POINT('Ctrl Pts',(-5.85957126611105,-285.74150123757,28.136793046321));
#1861=CARTESIAN_POINT('Ctrl Pts',(-8.32862563308976,-285.62039037691,32.2461968940929));
#1862=CARTESIAN_POINT('Ctrl Pts',(-8.68670594657232,-285.559837920406,34.4495116155407));
#1863=CARTESIAN_POINT('Ctrl Pts',(-3.11483794804113,-295.708674524696,44.0641331336528));
#1864=CARTESIAN_POINT('Ctrl Pts',(-1.03426844539751,-295.648122138874,44.8541783460077));
#1865=CARTESIAN_POINT('Ctrl Pts',(3.74471554247787,-295.527015209484,44.7729857452431));
#1866=CARTESIAN_POINT('Ctrl Pts',(8.86097324890333,-295.345348219752,39.7306499895508));
#1867=CARTESIAN_POINT('Ctrl Pts',(9.08387443590099,-295.163685654605,32.5542118789804));
#1868=CARTESIAN_POINT('Ctrl Pts',(4.29851791363616,-294.982021464479,27.2009369604093));
#1869=CARTESIAN_POINT('Ctrl Pts',(-2.85970211541362,-294.800358313994,26.6268631963064));
#1870=CARTESIAN_POINT('Ctrl Pts',(-8.43882346789421,-294.618694229313,31.1430473017708));
#1871=CARTESIAN_POINT('Ctrl Pts',(-9.36510683379851,-294.437031435206,38.2699102848619));
#1872=CARTESIAN_POINT('Ctrl Pts',(-5.59161548880485,-294.275550405063,43.4077859094469));
#1873=CARTESIAN_POINT('Ctrl Pts',(-0.466500656902492,-294.134259121057,
45.0061226516423));
#1874=CARTESIAN_POINT('Ctrl Pts',(4.03449983556046,-294.013148160352,44.0861382707644));
#1875=CARTESIAN_POINT('Ctrl Pts',(7.52086317181607,-293.892040876511,41.0887129079999));
#1876=CARTESIAN_POINT('Ctrl Pts',(9.11435554880045,-293.770931094551,36.7749650139251));
#1877=CARTESIAN_POINT('Ctrl Pts',(8.40869493942873,-293.649822334284,32.2365462945598));
#1878=CARTESIAN_POINT('Ctrl Pts',(5.12443025316783,-293.508527525031,27.9903869230358));
#1879=CARTESIAN_POINT('Ctrl Pts',(-1.00693471491011,-293.347049370804,26.2446667724182));
#1880=CARTESIAN_POINT('Ctrl Pts',(-7.36271884798879,-293.165386534137,29.594473349721));
#1881=CARTESIAN_POINT('Ctrl Pts',(-9.65358089122411,-292.983721714733,36.4032924686152));
#1882=CARTESIAN_POINT('Ctrl Pts',(-6.95207481969308,-292.822247136603,42.1775421117789));
#1883=CARTESIAN_POINT('Ctrl Pts',(-2.23445061697007,-292.680949334878,44.740746357254));
#1884=CARTESIAN_POINT('Ctrl Pts',(2.35878548387712,-292.5598426603,44.7142168904799));
#1885=CARTESIAN_POINT('Ctrl Pts',(5.6952907204767,-292.458915877624,42.8265507053765));
#1886=CARTESIAN_POINT('Ctrl Pts',(7.56256755680111,-292.378177124309,40.4912899570467));
#1887=CARTESIAN_POINT('Ctrl Pts',(9.00454758924922,-292.283981407601,37.3101265875496));
#1888=CARTESIAN_POINT('Ctrl Pts',(8.79138690921071,-292.156145267105,32.34480519643));
#1889=CARTESIAN_POINT('Ctrl Pts',(4.65575502977538,-291.994666845668,27.6069943887315));
#1890=CARTESIAN_POINT('Ctrl Pts',(-1.01778254137189,-291.846640703636,26.610808452151));
#1891=CARTESIAN_POINT('Ctrl Pts',(-5.68797528438139,-291.712078314908,28.6837091296874));
#1892=CARTESIAN_POINT('Ctrl Pts',(-8.45993991423904,-291.590968407382,32.348654434341));
#1893=CARTESIAN_POINT('Ctrl Pts',(-9.1004125789406,-291.469859488887,36.9021396156134));
#1894=CARTESIAN_POINT('Ctrl Pts',(-7.44868755705402,-291.348750806926,41.1917181477733));
#1895=CARTESIAN_POINT('Ctrl Pts',(-3.92133196811165,-291.227641648035,44.139296458604));
#1896=CARTESIAN_POINT('Ctrl Pts',(0.595229383606311,-291.106532633229,45.0018829554478));
#1897=CARTESIAN_POINT('Ctrl Pts',(4.95860071504141,-290.985423102943,43.5612476273215));
#1898=CARTESIAN_POINT('Ctrl Pts',(8.42725261960082,-290.85085963158,39.8081577302923));
#1899=CARTESIAN_POINT('Ctrl Pts',(9.31540084132305,-290.702835553518,34.1205506766768));
#1900=CARTESIAN_POINT('Ctrl Pts',(6.16404384600549,-290.541356793771,28.6709491228077));
#1901=CARTESIAN_POINT('Ctrl Pts',(1.29202341192523,-290.406790693714,26.7800063992884));
#1902=CARTESIAN_POINT('Ctrl Pts',(-3.68882312905838,-290.272226405296,27.4637497520452));
#1903=CARTESIAN_POINT('Ctrl Pts',(-7.45208528584656,-290.151116364065,30.279662732697));
#1904=CARTESIAN_POINT('Ctrl Pts',(-9.1269596913197,-290.016551482306,35.118548289061));
#1905=CARTESIAN_POINT('Ctrl Pts',(-8.34382682088621,-289.895442054444,39.6395720834764));
#1906=CARTESIAN_POINT('Ctrl Pts',(-5.45395403843713,-289.774333042456,43.2227275036923));
#1907=CARTESIAN_POINT('Ctrl Pts',(-1.66795451605759,-289.666681570622,44.7462994658198));
#1908=CARTESIAN_POINT('Ctrl Pts',(2.84813243750084,-289.545571964062,44.5790504870037));
#1909=CARTESIAN_POINT('Ctrl Pts',(7.32405035286459,-289.411005562079,41.8740905044263));
#1910=CARTESIAN_POINT('Ctrl Pts',(9.4745771439043,-289.249525506914,35.9574693033443));
#1911=CARTESIAN_POINT('Ctrl Pts',(7.44523261119952,-289.088050870952,30.0108439862295));
#1912=CARTESIAN_POINT('Ctrl Pts',(2.5887165734395,-288.940025220669,26.917688185641));
#1913=CARTESIAN_POINT('Ctrl Pts',(-2.52271963633113,-288.805461080785,27.0582366685905));
#1914=CARTESIAN_POINT('Ctrl Pts',(-6.48125212043723,-288.684351454137,29.3878831158832));
#1915=CARTESIAN_POINT('Ctrl Pts',(-8.81000235001651,-288.56324293619,33.3541313735743));
#1916=CARTESIAN_POINT('Ctrl Pts',(-8.91841614688595,-288.442133921529,37.9489370698817));
#1917=CARTESIAN_POINT('Ctrl Pts',(-6.78102433764362,-288.321024650931,42.0192808682459));
#1918=CARTESIAN_POINT('Ctrl Pts',(-2.93529124305799,-288.199915542301,44.5377619175411));
#1919=CARTESIAN_POINT('Ctrl Pts',(1.64946940000044,-288.078806968438,44.8713206906906));
#1920=CARTESIAN_POINT('Ctrl Pts',(5.81906531108659,-287.957697707431,42.9347258761705));
#1921=CARTESIAN_POINT('Ctrl Pts',(8.52194945996611,-287.836588718691,39.217378534772));
#1922=CARTESIAN_POINT('Ctrl Pts',(9.0812865100796,-287.715479059629,34.6530483888957));
#1923=CARTESIAN_POINT('Ctrl Pts',(7.34858128957025,-287.594370810021,30.3973296931948));
#1924=CARTESIAN_POINT('Ctrl Pts',(3.37354291706747,-287.459804488775,27.1837689988326));
#1925=CARTESIAN_POINT('Ctrl Pts',(-2.36676160123789,-287.311782354335,26.6880650856056));
#1926=CARTESIAN_POINT('Ctrl Pts',(-7.5833113977314,-287.150306552191,30.190664299135));
#1927=CARTESIAN_POINT('Ctrl Pts',(-9.54964978249043,-286.98209673492,36.4381522850215));
#1928=CARTESIAN_POINT('Ctrl Pts',(-6.77009487569323,-286.807162081335,42.7647866173567));
#1929=CARTESIAN_POINT('Ctrl Pts',(-0.139045027973974,-286.625498099941,
45.5282035468073));
#1930=CARTESIAN_POINT('Ctrl Pts',(6.56422210518178,-286.4438347237,42.9584552792596));
#1931=CARTESIAN_POINT('Ctrl Pts',(9.64876417725931,-286.26217097875,36.4735528820048));
#1932=CARTESIAN_POINT('Ctrl Pts',(7.40907927586252,-286.080507601917,29.6516914353766));
#1933=CARTESIAN_POINT('Ctrl Pts',(1.08422005890064,-285.898843623276,26.2533736733927));
#1934=CARTESIAN_POINT('Ctrl Pts',(-5.84144255045692,-285.717180658819,28.1594565844767));
#1935=CARTESIAN_POINT('Ctrl Pts',(-8.30344117570459,-285.596069798159,32.2563974941454));
#1936=CARTESIAN_POINT('Ctrl Pts',(-8.66061466445419,-285.535517341655,34.4530721525302));
#1937=CARTESIAN_POINT('Ctrl Pts',(-3.11043208064742,-295.701198358169,44.0519442044132));
#1938=CARTESIAN_POINT('Ctrl Pts',(-1.03293814608884,-295.640645972347,44.8408780561746));
#1939=CARTESIAN_POINT('Ctrl Pts',(3.73897184503913,-295.519539042958,44.7599227602675));
#1940=CARTESIAN_POINT('Ctrl Pts',(8.84780933783681,-295.337872053226,39.7251499034918));
#1941=CARTESIAN_POINT('Ctrl Pts',(9.07054648575606,-295.156209488078,32.5593075026844));
#1942=CARTESIAN_POINT('Ctrl Pts',(4.29238069477683,-294.974545297953,27.2138186757914));
#1943=CARTESIAN_POINT('Ctrl Pts',(-2.85526305363702,-294.792882147467,26.6404224741101));
#1944=CARTESIAN_POINT('Ctrl Pts',(-8.42625940293521,-294.611218062787,31.1498094001009));
#1945=CARTESIAN_POINT('Ctrl Pts',(-9.35134274966908,-294.42955526868,38.2661340747985));
#1946=CARTESIAN_POINT('Ctrl Pts',(-5.58354961276874,-294.268074238537,43.3965145370465));
#1947=CARTESIAN_POINT('Ctrl Pts',(-0.466028752029388,-294.126782954531,
44.9926152480068));
#1948=CARTESIAN_POINT('Ctrl Pts',(4.02834530021814,-294.005671993826,44.0741006468468));
#1949=CARTESIAN_POINT('Ctrl Pts',(7.50964173054926,-293.884564709984,41.0811725689445));
#1950=CARTESIAN_POINT('Ctrl Pts',(9.10088437795392,-293.763454928025,36.7738326018364));
#1951=CARTESIAN_POINT('Ctrl Pts',(8.39637161284938,-293.642346167757,32.242098702258));
#1952=CARTESIAN_POINT('Ctrl Pts',(5.11704586242457,-293.501051358504,28.0021137824809));
#1953=CARTESIAN_POINT('Ctrl Pts',(-1.00521811539802,-293.339573204277,26.2588370667672));
#1954=CARTESIAN_POINT('Ctrl Pts',(-7.35170753910794,-293.15791036761,29.6035441592957));
#1955=CARTESIAN_POINT('Ctrl Pts',(-9.63934635935832,-292.976245548207,36.4022652160351));
#1956=CARTESIAN_POINT('Ctrl Pts',(-6.94197165348577,-292.814770970076,42.1680520817804));
#1957=CARTESIAN_POINT('Ctrl Pts',(-2.23136400330196,-292.673473168351,44.7275897326386));
#1958=CARTESIAN_POINT('Ctrl Pts',(2.35508823302661,-292.552366493773,44.7012106865896));
#1959=CARTESIAN_POINT('Ctrl Pts',(5.68671602417725,-292.451439711097,42.8164090720274));
#1960=CARTESIAN_POINT('Ctrl Pts',(7.55129726631809,-292.370700957783,40.4846332468476));
#1961=CARTESIAN_POINT('Ctrl Pts',(8.99122796412893,-292.276505241075,37.308197073816));
#1962=CARTESIAN_POINT('Ctrl Pts',(8.7784934966108,-292.148669100578,32.3502055871412));
#1963=CARTESIAN_POINT('Ctrl Pts',(4.64907577938873,-291.987190679141,27.6192765450699));
#1964=CARTESIAN_POINT('Ctrl Pts',(-1.01605609981313,-291.83916453711,26.6244363673066));
#1965=CARTESIAN_POINT('Ctrl Pts',(-5.67941160062461,-291.704602148381,28.6941648352933));
#1966=CARTESIAN_POINT('Ctrl Pts',(-8.44737181543802,-291.583492240856,32.353637557783));
#1967=CARTESIAN_POINT('Ctrl Pts',(-9.08700810116406,-291.46238332236,36.9003876051548));
#1968=CARTESIAN_POINT('Ctrl Pts',(-7.43782204433108,-291.341274640399,41.1836753992101));
#1969=CARTESIAN_POINT('Ctrl Pts',(-3.91574160536035,-291.220165481509,44.1269878981865));
#1970=CARTESIAN_POINT('Ctrl Pts',(0.594134229371144,-291.099056466703,44.9884077732103));
#1971=CARTESIAN_POINT('Ctrl Pts',(4.95110162929988,-290.977946936416,43.5500031169731));
#1972=CARTESIAN_POINT('Ctrl Pts',(8.41472400804964,-290.843383465054,39.8025280587312));
#1973=CARTESIAN_POINT('Ctrl Pts',(9.30170137850636,-290.695359386992,34.1233480233114));
#1974=CARTESIAN_POINT('Ctrl Pts',(6.15511804827084,-290.533880627244,28.6817102536989));
#1975=CARTESIAN_POINT('Ctrl Pts',(1.29033131483406,-290.399314527188,26.7934368356541));
#1976=CARTESIAN_POINT('Ctrl Pts',(-3.68317892717126,-290.26475023877,27.4760551504232));
#1977=CARTESIAN_POINT('Ctrl Pts',(-7.44096023065153,-290.143640197538,30.2877273735609));
#1978=CARTESIAN_POINT('Ctrl Pts',(-9.11347331663153,-290.00907531578,35.1194285674906));
#1979=CARTESIAN_POINT('Ctrl Pts',(-8.33160592372371,-289.887965887918,39.6337988451648));
#1980=CARTESIAN_POINT('Ctrl Pts',(-5.44607851696974,-289.76685687593,43.2117345376446));
#1981=CARTESIAN_POINT('Ctrl Pts',(-1.6657138925423,-289.659205404095,44.7331464575022));
#1982=CARTESIAN_POINT('Ctrl Pts',(2.84373053286386,-289.538095797535,44.5662488499885));
#1983=CARTESIAN_POINT('Ctrl Pts',(7.31310282546092,-289.403529395553,41.8653863427393));
#1984=CARTESIAN_POINT('Ctrl Pts',(9.46059675033398,-289.242049340388,35.9575595990452));
#1985=CARTESIAN_POINT('Ctrl Pts',(7.43438179411992,-289.080574704425,30.0196559226508));
#1986=CARTESIAN_POINT('Ctrl Pts',(2.58510630366387,-288.932549054143,26.9309441139634));
#1987=CARTESIAN_POINT('Ctrl Pts',(-2.51878710927718,-288.797984914258,27.0711682181512));
#1988=CARTESIAN_POINT('Ctrl Pts',(-6.47153482141093,-288.67687528761,29.3972814322282));
#1989=CARTESIAN_POINT('Ctrl Pts',(-8.79694197215909,-288.555766769663,33.3576223548071));
#1990=CARTESIAN_POINT('Ctrl Pts',(-8.90530504759331,-288.434657755002,37.9456447019164));
#1991=CARTESIAN_POINT('Ctrl Pts',(-6.77116384104923,-288.313548484404,42.0100328744145));
#1992=CARTESIAN_POINT('Ctrl Pts',(-2.93116545473837,-288.192439375775,44.5248886541816));
#1993=CARTESIAN_POINT('Ctrl Pts',(1.64682109701748,-288.071330801911,44.858064200536));
#1994=CARTESIAN_POINT('Ctrl Pts',(5.81031042436421,-287.950221540905,42.9244265787763));
#1995=CARTESIAN_POINT('Ctrl Pts',(8.50929033633614,-287.829112552164,39.2126316839056));
#1996=CARTESIAN_POINT('Ctrl Pts',(9.06791511370653,-287.708002893102,34.6550400838489));
#1997=CARTESIAN_POINT('Ctrl Pts',(7.33786513664038,-287.586894643495,30.4055678212398));
#1998=CARTESIAN_POINT('Ctrl Pts',(3.36877301658777,-287.452328322249,27.1966534588052));
#1999=CARTESIAN_POINT('Ctrl Pts',(-2.36305064577525,-287.304306187808,26.7015455493611));
#2000=CARTESIAN_POINT('Ctrl Pts',(-7.57198843839356,-287.142830385665,30.1988573198553));
#2001=CARTESIAN_POINT('Ctrl Pts',(-9.53557230489371,-286.974620568394,36.4370770641325));
#2002=CARTESIAN_POINT('Ctrl Pts',(-6.76026803251287,-286.799685914808,42.7544386380051));
#2003=CARTESIAN_POINT('Ctrl Pts',(-0.139069177799074,-286.618021933415,
45.5139350763477));
#2004=CARTESIAN_POINT('Ctrl Pts',(6.55436696571094,-286.436358557173,42.9481380505719));
#2005=CARTESIAN_POINT('Ctrl Pts',(9.63451159447808,-286.254694812224,36.4728775742696));
#2006=CARTESIAN_POINT('Ctrl Pts',(7.39829234819777,-286.073031435391,29.6610318716704));
#2007=CARTESIAN_POINT('Ctrl Pts',(1.08285016867617,-285.89136745675,26.2675743706496));
#2008=CARTESIAN_POINT('Ctrl Pts',(-5.83264214663524,-285.709704492292,28.1706893945512));
#2009=CARTESIAN_POINT('Ctrl Pts',(-8.2910892799899,-285.588593631633,32.261507787793));
#2010=CARTESIAN_POINT('Ctrl Pts',(-8.64779014795555,-285.528041175129,34.4549465697934));
#2011=CARTESIAN_POINT('',(-8.64855056345149,-285.701198596588,34.4596305521704));
#2012=CARTESIAN_POINT('',(-5.53811310246241,-285.701198596588,29.0722072613462));
#2013=CARTESIAN_POINT('Ctrl Pts',(-8.64855056345155,-285.701198596588,34.4596305521713));
#2014=CARTESIAN_POINT('Ctrl Pts',(-8.56736366835813,-285.701198596588,33.7474523575882));
#2015=CARTESIAN_POINT('Ctrl Pts',(-8.32169151169037,-285.701198596572,32.6954579597248));
#2016=CARTESIAN_POINT('Ctrl Pts',(-7.38501207807834,-285.701198596572,31.0112399841298));
#2017=CARTESIAN_POINT('Ctrl Pts',(-7.00859169262961,-285.701198596966,30.4874520853116));
#2018=CARTESIAN_POINT('Ctrl Pts',(-6.17771457050814,-285.701198596966,29.5804055160592));
#2019=CARTESIAN_POINT('Ctrl Pts',(-5.80574223999815,-285.701198596588,29.2702670918169));
#2020=CARTESIAN_POINT('Ctrl Pts',(-5.53811310246179,-285.701198596588,29.0722072613457));
#2021=CARTESIAN_POINT('',(-3.11043208064742,-295.701198358169,44.0519442044132));
#2022=CARTESIAN_POINT('Ctrl Pts',(-5.54017296063332,-285.701168286841,29.0696902126589));
#2023=CARTESIAN_POINT('Ctrl Pts',(-5.45955005685122,-285.70401350483,29.0036771996611));
#2024=CARTESIAN_POINT('Ctrl Pts',(-3.63578789245253,-285.76741362392,27.5661241451328));
#2025=CARTESIAN_POINT('Ctrl Pts',(1.08285016867617,-285.89136745675,26.2675743706496));
#2026=CARTESIAN_POINT('Ctrl Pts',(7.39829234819777,-286.073031435391,29.6610318716704));
#2027=CARTESIAN_POINT('Ctrl Pts',(9.63451159447808,-286.254694812224,36.4728775742696));
#2028=CARTESIAN_POINT('Ctrl Pts',(6.55436696571094,-286.436358557173,42.9481380505719));
#2029=CARTESIAN_POINT('Ctrl Pts',(-0.139069177799074,-286.618021933415,
45.5139350763477));
#2030=CARTESIAN_POINT('Ctrl Pts',(-6.76026803251287,-286.799685914808,42.7544386380051));
#2031=CARTESIAN_POINT('Ctrl Pts',(-9.53557230489371,-286.974620568394,36.4370770641325));
#2032=CARTESIAN_POINT('Ctrl Pts',(-7.57198843839356,-287.142830385665,30.1988573198553));
#2033=CARTESIAN_POINT('Ctrl Pts',(-2.36305064577525,-287.304306187808,26.7015455493611));
#2034=CARTESIAN_POINT('Ctrl Pts',(3.36877301658777,-287.452328322249,27.1966534588052));
#2035=CARTESIAN_POINT('Ctrl Pts',(7.33786513664038,-287.586894643495,30.4055678212398));
#2036=CARTESIAN_POINT('Ctrl Pts',(9.06791511370653,-287.708002893102,34.6550400838489));
#2037=CARTESIAN_POINT('Ctrl Pts',(8.50929033633614,-287.829112552164,39.2126316839056));
#2038=CARTESIAN_POINT('Ctrl Pts',(5.81031042436421,-287.950221540905,42.9244265787763));
#2039=CARTESIAN_POINT('Ctrl Pts',(1.64682109701748,-288.071330801911,44.858064200536));
#2040=CARTESIAN_POINT('Ctrl Pts',(-2.93116545473837,-288.192439375775,44.5248886541816));
#2041=CARTESIAN_POINT('Ctrl Pts',(-6.77116384104923,-288.313548484404,42.0100328744145));
#2042=CARTESIAN_POINT('Ctrl Pts',(-8.90530504759331,-288.434657755002,37.9456447019164));
#2043=CARTESIAN_POINT('Ctrl Pts',(-8.79694197215909,-288.555766769663,33.3576223548071));
#2044=CARTESIAN_POINT('Ctrl Pts',(-6.47153482141093,-288.67687528761,29.3972814322282));
#2045=CARTESIAN_POINT('Ctrl Pts',(-2.51878710927718,-288.797984914258,27.0711682181512));
#2046=CARTESIAN_POINT('Ctrl Pts',(2.58510630366387,-288.932549054143,26.9309441139634));
#2047=CARTESIAN_POINT('Ctrl Pts',(7.43438179411992,-289.080574704425,30.0196559226508));
#2048=CARTESIAN_POINT('Ctrl Pts',(9.46059675033398,-289.242049340388,35.9575595990452));
#2049=CARTESIAN_POINT('Ctrl Pts',(7.31310282546092,-289.403529395553,41.8653863427393));
#2050=CARTESIAN_POINT('Ctrl Pts',(2.84373053286386,-289.538095797535,44.5662488499885));
#2051=CARTESIAN_POINT('Ctrl Pts',(-1.6657138925423,-289.659205404095,44.7331464575022));
#2052=CARTESIAN_POINT('Ctrl Pts',(-5.44607851696974,-289.76685687593,43.2117345376446));
#2053=CARTESIAN_POINT('Ctrl Pts',(-8.33160592372371,-289.887965887918,39.6337988451648));
#2054=CARTESIAN_POINT('Ctrl Pts',(-9.11347331663153,-290.00907531578,35.1194285674906));
#2055=CARTESIAN_POINT('Ctrl Pts',(-7.44096023065153,-290.143640197538,30.2877273735609));
#2056=CARTESIAN_POINT('Ctrl Pts',(-3.68317892717126,-290.26475023877,27.4760551504232));
#2057=CARTESIAN_POINT('Ctrl Pts',(1.29033131483406,-290.399314527188,26.7934368356541));
#2058=CARTESIAN_POINT('Ctrl Pts',(6.15511804827084,-290.533880627244,28.6817102536989));
#2059=CARTESIAN_POINT('Ctrl Pts',(9.30170137850636,-290.695359386992,34.1233480233114));
#2060=CARTESIAN_POINT('Ctrl Pts',(8.41472400804964,-290.843383465054,39.8025280587312));
#2061=CARTESIAN_POINT('Ctrl Pts',(4.95110162929988,-290.977946936416,43.5500031169731));
#2062=CARTESIAN_POINT('Ctrl Pts',(0.594134229371144,-291.099056466703,44.9884077732103));
#2063=CARTESIAN_POINT('Ctrl Pts',(-3.91574160536035,-291.220165481509,44.1269878981865));
#2064=CARTESIAN_POINT('Ctrl Pts',(-7.43782204433108,-291.341274640399,41.1836753992101));
#2065=CARTESIAN_POINT('Ctrl Pts',(-9.08700810116406,-291.46238332236,36.9003876051548));
#2066=CARTESIAN_POINT('Ctrl Pts',(-8.44737181543802,-291.583492240856,32.353637557783));
#2067=CARTESIAN_POINT('Ctrl Pts',(-5.67941160062461,-291.704602148381,28.6941648352933));
#2068=CARTESIAN_POINT('Ctrl Pts',(-1.01605609981313,-291.83916453711,26.6244363673066));
#2069=CARTESIAN_POINT('Ctrl Pts',(4.64907577938873,-291.987190679141,27.6192765450699));
#2070=CARTESIAN_POINT('Ctrl Pts',(8.7784934966108,-292.148669100578,32.3502055871412));
#2071=CARTESIAN_POINT('Ctrl Pts',(8.99122796412893,-292.276505241075,37.308197073816));
#2072=CARTESIAN_POINT('Ctrl Pts',(7.55129726631809,-292.370700957783,40.4846332468476));
#2073=CARTESIAN_POINT('Ctrl Pts',(5.68671602417725,-292.451439711097,42.8164090720274));
#2074=CARTESIAN_POINT('Ctrl Pts',(2.35508823302661,-292.552366493773,44.7012106865896));
#2075=CARTESIAN_POINT('Ctrl Pts',(-2.23136400330196,-292.673473168351,44.7275897326386));
#2076=CARTESIAN_POINT('Ctrl Pts',(-6.94197165348577,-292.814770970076,42.1680520817804));
#2077=CARTESIAN_POINT('Ctrl Pts',(-9.63934635935832,-292.976245548207,36.4022652160351));
#2078=CARTESIAN_POINT('Ctrl Pts',(-7.35170753910794,-293.15791036761,29.6035441592957));
#2079=CARTESIAN_POINT('Ctrl Pts',(-1.00521811539802,-293.339573204277,26.2588370667672));
#2080=CARTESIAN_POINT('Ctrl Pts',(5.11704586242457,-293.501051358504,28.0021137824809));
#2081=CARTESIAN_POINT('Ctrl Pts',(8.39637161284938,-293.642346167757,32.242098702258));
#2082=CARTESIAN_POINT('Ctrl Pts',(9.10088437795392,-293.763454928025,36.7738326018364));
#2083=CARTESIAN_POINT('Ctrl Pts',(7.50964173054926,-293.884564709984,41.0811725689445));
#2084=CARTESIAN_POINT('Ctrl Pts',(4.02834530021814,-294.005671993826,44.0741006468468));
#2085=CARTESIAN_POINT('Ctrl Pts',(-0.466028752029388,-294.126782954531,
44.9926152480068));
#2086=CARTESIAN_POINT('Ctrl Pts',(-5.58354961276874,-294.268074238537,43.3965145370465));
#2087=CARTESIAN_POINT('Ctrl Pts',(-9.35134274966908,-294.42955526868,38.2661340747985));
#2088=CARTESIAN_POINT('Ctrl Pts',(-8.42625940293521,-294.611218062787,31.1498094001009));
#2089=CARTESIAN_POINT('Ctrl Pts',(-2.85526305363702,-294.792882147467,26.6404224741101));
#2090=CARTESIAN_POINT('Ctrl Pts',(4.29238069477683,-294.974545297953,27.2138186757914));
#2091=CARTESIAN_POINT('Ctrl Pts',(9.07054648575606,-295.156209488078,32.5593075026844));
#2092=CARTESIAN_POINT('Ctrl Pts',(8.84780933783681,-295.337872053226,39.7251499034918));
#2093=CARTESIAN_POINT('Ctrl Pts',(3.73897184503913,-295.519539042958,44.7599227602675));
#2094=CARTESIAN_POINT('Ctrl Pts',(-1.03293814608884,-295.640645972347,44.8408780561746));
#2095=CARTESIAN_POINT('Ctrl Pts',(-3.11043208064742,-295.701198358169,44.0519442044132));
#2096=CARTESIAN_POINT('',(3.11043208064424,-295.701198358169,44.0519442044144));
#2097=CARTESIAN_POINT('Ctrl Pts',(3.11043208064526,-295.701198358169,44.051944204414));
#2098=CARTESIAN_POINT('Ctrl Pts',(2.45307450993959,-295.701198358169,44.3377240446079));
#2099=CARTESIAN_POINT('Ctrl Pts',(1.41918487104088,-295.70119835818,44.650963947428));
#2100=CARTESIAN_POINT('Ctrl Pts',(-0.5077303635115,-295.70119835818,44.6818866747684));
#2101=CARTESIAN_POINT('Ctrl Pts',(-1.14955424156639,-295.701198358169,44.6177916496475));
#2102=CARTESIAN_POINT('Ctrl Pts',(-2.35051841243639,-295.701198358169,44.3517554464737));
#2103=CARTESIAN_POINT('Ctrl Pts',(-2.80509250510077,-295.701198358169,44.1846876289864));
#2104=CARTESIAN_POINT('Ctrl Pts',(-3.11043208064701,-295.701198358169,44.0519442044133));
#2105=CARTESIAN_POINT('Ctrl Pts',(3.1115993128967,-295.701228972787,44.0550324892153));
#2106=CARTESIAN_POINT('Ctrl Pts',(3.20905681063983,-295.69838443933,44.018226147291));
#2107=CARTESIAN_POINT('Ctrl Pts',(5.36587473422894,-295.634985391118,43.1575957810292));
#2108=CARTESIAN_POINT('Ctrl Pts',(8.84990077935531,-295.511029474684,39.7203572271852));
#2109=CARTESIAN_POINT('Ctrl Pts',(9.06875676418234,-295.329366909537,32.5543952395538));
#2110=CARTESIAN_POINT('Ctrl Pts',(4.28769647509588,-295.147702719411,27.2114951247619));
#2111=CARTESIAN_POINT('Ctrl Pts',(-2.86025678514628,-294.966039568926,26.6419702809354));
#2112=CARTESIAN_POINT('Ctrl Pts',(-8.42880996403316,-294.784375484246,31.1543738827976));
#2113=CARTESIAN_POINT('Ctrl Pts',(-9.35003886422098,-294.602712690139,38.2711985530823));
#2114=CARTESIAN_POINT('Ctrl Pts',(-5.57946758701608,-294.441231659995,43.3995375681443));
#2115=CARTESIAN_POINT('Ctrl Pts',(-0.461083004196145,-294.29994037599,44.9928663170162));
#2116=CARTESIAN_POINT('Ctrl Pts',(4.03279290721468,-294.178829415285,44.0719176284882));
#2117=CARTESIAN_POINT('Ctrl Pts',(7.51246781106677,-294.057722131443,41.0771044658962));
#2118=CARTESIAN_POINT('Ctrl Pts',(9.10137730352449,-293.936612349484,36.7689032890773));
#2119=CARTESIAN_POINT('Ctrl Pts',(8.39441018499578,-293.815503589216,32.2375516291305));
#2120=CARTESIAN_POINT('Ctrl Pts',(5.11278847453719,-293.674208779963,27.999343464495));
#2121=CARTESIAN_POINT('Ctrl Pts',(-1.01041879078375,-293.512730625736,26.2593829167772));
#2122=CARTESIAN_POINT('Ctrl Pts',(-7.35509573884329,-293.331067789069,29.6075268749775));
#2123=CARTESIAN_POINT('Ctrl Pts',(-9.63905193169948,-293.149402969665,36.4074859548825));
#2124=CARTESIAN_POINT('Ctrl Pts',(-6.9385547826424,-292.987928391535,42.1718110353248));
#2125=CARTESIAN_POINT('Ctrl Pts',(-2.22656153843462,-292.84663058981,44.7287969732352));
#2126=CARTESIAN_POINT('Ctrl Pts',(2.35987573788546,-292.725523915232,44.6999338380052));
#2127=CARTESIAN_POINT('Ctrl Pts',(5.69048220284003,-292.624597132556,42.8133280390566));
#2128=CARTESIAN_POINT('Ctrl Pts',(7.5538002458569,-292.543858379241,40.4805426700172));
#2129=CARTESIAN_POINT('Ctrl Pts',(8.99201032579734,-292.449662662534,37.3033270742795));
#2130=CARTESIAN_POINT('Ctrl Pts',(8.77659056506107,-292.321826522037,32.3454515350697));
#2131=CARTESIAN_POINT('Ctrl Pts',(4.64461110960611,-292.1603481006,27.6167597430284));
#2132=CARTESIAN_POINT('Ctrl Pts',(-1.02105875940677,-292.012321958569,26.6249880337118));
#2133=CARTESIAN_POINT('Ctrl Pts',(-5.6832925794657,-291.87775956984,28.6972419431644));
#2134=CARTESIAN_POINT('Ctrl Pts',(-8.44927036159971,-291.756649662315,32.3582132987171));
#2135=CARTESIAN_POINT('Ctrl Pts',(-9.08644396377385,-291.635540743819,36.9053091160477));
#2136=CARTESIAN_POINT('Ctrl Pts',(-7.43493825430608,-291.514432061858,41.1877030573323));
#2137=CARTESIAN_POINT('Ctrl Pts',(-3.91126418862735,-291.393322902967,44.1291075116829));
#2138=CARTESIAN_POINT('Ctrl Pts',(0.599077542873401,-291.272213888162,44.9880846422656));
#2139=CARTESIAN_POINT('Ctrl Pts',(4.95526524167198,-291.151104357875,43.5473203964701));
#2140=CARTESIAN_POINT('Ctrl Pts',(8.41685742228895,-291.016540886513,39.7979699367488));
#2141=CARTESIAN_POINT('Ctrl Pts',(9.30075873142217,-290.868516808451,34.1183103337333));
#2142=CARTESIAN_POINT('Ctrl Pts',(6.15122858802359,-290.707038048703,28.6783776001774));
#2143=CARTESIAN_POINT('Ctrl Pts',(1.28541985020634,-290.572471948647,26.7927393023858));
#2144=CARTESIAN_POINT('Ctrl Pts',(-3.68771994574136,-290.437907660229,27.47805124665));
#2145=CARTESIAN_POINT('Ctrl Pts',(-7.44397785314739,-290.316797618997,30.2917583295211));
#2146=CARTESIAN_POINT('Ctrl Pts',(-9.11387377015747,-290.182232737239,35.1243646735708));
#2147=CARTESIAN_POINT('Ctrl Pts',(-8.32956143957598,-290.061123309377,39.6383108177044));
#2148=CARTESIAN_POINT('Ctrl Pts',(-5.44209659106921,-289.940014297389,43.2146831393856));
#2149=CARTESIAN_POINT('Ctrl Pts',(-1.66090850103329,-289.832362825554,44.7340473324867));
#2150=CARTESIAN_POINT('Ctrl Pts',(2.84844486864597,-289.711253218994,44.5647073650167));
#2151=CARTESIAN_POINT('Ctrl Pts',(7.31635367704305,-289.576686817012,41.8614245731604));
#2152=CARTESIAN_POINT('Ctrl Pts',(9.46064751713533,-289.415206761847,35.9524355802602));
#2153=CARTESIAN_POINT('Ctrl Pts',(7.43121679818429,-289.253732125884,30.0156302039739));
#2154=CARTESIAN_POINT('Ctrl Pts',(2.58026912518301,-289.105706475602,26.9295452904846));
#2155=CARTESIAN_POINT('Ctrl Pts',(-2.52354759162069,-288.971142335717,27.0725337212525));
#2156=CARTESIAN_POINT('Ctrl Pts',(-6.47503486530878,-288.850032709069,29.4007874630863));
#2157=CARTESIAN_POINT('Ctrl Pts',(-8.79829669344524,-288.728924191122,33.3623872810548));
#2158=CARTESIAN_POINT('Ctrl Pts',(-8.90417480953923,-288.607815176461,37.9504676463301));
#2159=CARTESIAN_POINT('Ctrl Pts',(-6.76783258089119,-288.486705905863,42.0136993389987));
#2160=CARTESIAN_POINT('Ctrl Pts',(-2.92647267324935,-288.365596797234,44.526474947735));
#2161=CARTESIAN_POINT('Ctrl Pts',(1.65169366003529,-288.24448822337,44.8571709373162));
#2162=CARTESIAN_POINT('Ctrl Pts',(5.81413508884142,-288.123378962364,42.9212785893347));
#2163=CARTESIAN_POINT('Ctrl Pts',(8.51110423975851,-288.002269973623,39.208022429868));
#2164=CARTESIAN_POINT('Ctrl Pts',(9.06726047350763,-287.881160314561,34.6501289385212));
#2165=CARTESIAN_POINT('Ctrl Pts',(7.33490917067906,-287.760052064954,30.4015943208654));
#2166=CARTESIAN_POINT('Ctrl Pts',(3.36407963543025,-287.625485743707,27.1948301504129));
#2167=CARTESIAN_POINT('Ctrl Pts',(-2.36801134428173,-287.477463609267,26.7028267574132));
#2168=CARTESIAN_POINT('Ctrl Pts',(-7.57505417505854,-287.315987807124,30.2029592557424));
#2169=CARTESIAN_POINT('Ctrl Pts',(-9.53525903782359,-287.147777989853,36.4422415922505));
#2170=CARTESIAN_POINT('Ctrl Pts',(-6.7565335923458,-286.972843336267,42.7580990920673));
#2171=CARTESIAN_POINT('Ctrl Pts',(-0.1338411230876,-286.791179354873,45.5140089825607));
#2172=CARTESIAN_POINT('Ctrl Pts',(6.5582043635524,-286.609515978632,42.9445870651895));
#2173=CARTESIAN_POINT('Ctrl Pts',(9.63484143990935,-286.427852233683,36.4676592849474));
#2174=CARTESIAN_POINT('Ctrl Pts',(7.39493312125548,-286.24618885685,29.657025752193));
#2175=CARTESIAN_POINT('Ctrl Pts',(1.07765391928404,-286.064524878209,26.2669892894902));
#2176=CARTESIAN_POINT('Ctrl Pts',(-5.83680662534884,-285.882861913751,28.1738495712221));
#2177=CARTESIAN_POINT('Ctrl Pts',(-8.29303774797408,-285.761751053091,32.265998897216));
#2178=CARTESIAN_POINT('Ctrl Pts',(-8.64855056345161,-285.701198596588,34.4596305521713));
#2179=CARTESIAN_POINT('Origin',(9.070443767263E-15,-285.701198596588,35.8612653953169));
#2180=CARTESIAN_POINT('Ctrl Pts',(6.74674816481166,-285.701198596588,31.435189231888));
#2181=CARTESIAN_POINT('Ctrl Pts',(6.55777088224009,-285.701198596588,31.1122141949931));
#2182=CARTESIAN_POINT('Ctrl Pts',(6.34609284070501,-285.701198596588,30.802054625091));
#2183=CARTESIAN_POINT('Ctrl Pts',(5.45177434559516,-285.701198596588,29.6696776986082));
#2184=CARTESIAN_POINT('Ctrl Pts',(4.63187494861353,-285.701198596588,28.9708810872842));
#2185=CARTESIAN_POINT('Ctrl Pts',(2.75376152978385,-285.701198596588,27.9131188699694));
#2186=CARTESIAN_POINT('Ctrl Pts',(1.70987635751474,-285.701198596588,27.5712827015254));
#2187=CARTESIAN_POINT('Ctrl Pts',(-0.470765442013827,-285.701198596588,
27.3005419509519));
#2188=CARTESIAN_POINT('Ctrl Pts',(-1.58736291143358,-285.701198596588,27.3820947854748));
#2189=CARTESIAN_POINT('Ctrl Pts',(-3.6967739231239,-285.701198596588,27.9565385893694));
#2190=CARTESIAN_POINT('Ctrl Pts',(-4.67292311879745,-285.701198596588,28.431920545679));
#2191=CARTESIAN_POINT('Ctrl Pts',(-5.53811310246244,-285.701198596588,29.0722072613462));
#2192=CARTESIAN_POINT('Ctrl Pts',(-8.6485505634515,-285.701198596588,34.4596305521704));
#2193=CARTESIAN_POINT('Ctrl Pts',(-8.71220118363073,-285.701198596588,35.0179790850352));
#2194=CARTESIAN_POINT('Ctrl Pts',(-8.7220743537613,-285.701198596588,35.5823808552112));
#2195=CARTESIAN_POINT('Ctrl Pts',(-8.58703713902965,-285.701198596588,37.2605229289125));
#2196=CARTESIAN_POINT('Ctrl Pts',(-8.28223115608172,-285.701198596588,38.3479128228591));
#2197=CARTESIAN_POINT('Ctrl Pts',(-7.27886932452418,-285.701198596588,40.3244887409686));
#2198=CARTESIAN_POINT('Ctrl Pts',(-6.59707681737804,-285.701198596588,41.1980914193674));
#2199=CARTESIAN_POINT('Ctrl Pts',(-4.95012243961178,-285.701198596588,42.6183723085447));
#2200=CARTESIAN_POINT('Ctrl Pts',(-4.0060797712493,-285.701198596588,43.1572613800039));
#2201=CARTESIAN_POINT('Ctrl Pts',(-2.16908405227543,-285.701198596588,43.770498608397));
#2202=CARTESIAN_POINT('Ctrl Pts',(-1.31682900065385,-285.701198596588,43.9121820640746));
#2203=CARTESIAN_POINT('Ctrl Pts',(-0.459736390915227,-285.701198596588,
43.9171578625268));
#2204=CARTESIAN_POINT('Ctrl Pts',(2.86408371363086,-296.101246013972,43.4043229137907));
#2205=CARTESIAN_POINT('Ctrl Pts',(4.82005315924134,-296.039340969821,42.6616452635391));
#2206=CARTESIAN_POINT('Ctrl Pts',(8.1142460411295,-295.915530881521,39.5850687218745));
#2207=CARTESIAN_POINT('Ctrl Pts',(8.39501831498321,-295.729815749071,32.815658667025));
#2208=CARTESIAN_POINT('Ctrl Pts',(3.84288864320816,-295.54410061662,27.8020563045239));
#2209=CARTESIAN_POINT('Ctrl Pts',(-2.91864647894011,-295.358385484169,27.4219057208771));
#2210=CARTESIAN_POINT('Ctrl Pts',(-8.00100083339677,-295.172670351719,31.8988710563129));
#2211=CARTESIAN_POINT('Ctrl Pts',(-8.4825998401394,-294.986955219269,38.6515779862505));
#2212=CARTESIAN_POINT('Ctrl Pts',(-4.07999228237542,-294.801240086818,43.8061203787751));
#2213=CARTESIAN_POINT('Ctrl Pts',(1.91038960439428,-294.636159969084,44.3113911638224));
#2214=CARTESIAN_POINT('Ctrl Pts',(6.17930989444856,-294.491714866067,41.6047540741059));
#2215=CARTESIAN_POINT('Ctrl Pts',(8.21729703414443,-294.367904777767,37.7900772802115));
#2216=CARTESIAN_POINT('Ctrl Pts',(8.09081080333907,-294.244094689466,33.4637413896116));
#2217=CARTESIAN_POINT('Ctrl Pts',(5.83835811512525,-294.120284601166,29.7654505250369));
#2218=CARTESIAN_POINT('Ctrl Pts',(2.05191260401492,-293.996474512865,27.6787702012429));
#2219=CARTESIAN_POINT('Ctrl Pts',(-3.00265965848789,-293.852029409849,27.7348890631361));
#2220=CARTESIAN_POINT('Ctrl Pts',(-7.74998023189238,-293.686949292115,31.4224020174624));
#2221=CARTESIAN_POINT('Ctrl Pts',(-8.63325830000274,-293.501234159664,38.1435595517251));
#2222=CARTESIAN_POINT('Ctrl Pts',(-4.54992674191208,-293.315519027213,43.5431704658673));
#2223=CARTESIAN_POINT('Ctrl Pts',(2.15094718435844,-293.129803894763,44.5284614929933));
#2224=CARTESIAN_POINT('Ctrl Pts',(7.61374428589048,-292.944088762313,40.5244272031506));
#2225=CARTESIAN_POINT('Ctrl Pts',(8.69845687091535,-292.758373629862,33.8423358484693));
#2226=CARTESIAN_POINT('Ctrl Pts',(4.77553556901087,-292.572658497412,28.3137390172283));
#2227=CARTESIAN_POINT('Ctrl Pts',(-1.14595189178675,-292.407578379678,27.2744501501472));
#2228=CARTESIAN_POINT('Ctrl Pts',(-5.63966478116829,-292.263133276661,29.5872690860574));
#2229=CARTESIAN_POINT('Ctrl Pts',(-8.01018023468394,-292.13932318836,33.2028818678397));
#2230=CARTESIAN_POINT('Ctrl Pts',(-8.27293617482764,-292.01551310006,37.5252350649185));
#2231=CARTESIAN_POINT('Ctrl Pts',(-6.36230361240243,-291.89170301176,41.4070064591221));
#2232=CARTESIAN_POINT('Ctrl Pts',(-2.77563101126158,-291.767892923459,43.8309320065413));
#2233=CARTESIAN_POINT('Ctrl Pts',(1.53937060150571,-291.644082835159,44.1590613640141));
#2234=CARTESIAN_POINT('Ctrl Pts',(5.45008955085191,-291.520272746858,42.304392145344));
#2235=CARTESIAN_POINT('Ctrl Pts',(7.92765599088439,-291.396462658558,38.7568789178321));
#2236=CARTESIAN_POINT('Ctrl Pts',(8.32023201348379,-291.272652570258,34.4444747155881));
#2237=CARTESIAN_POINT('Ctrl Pts',(6.72073337870953,-291.162599158435,30.9494818499517));
#2238=CARTESIAN_POINT('Ctrl Pts',(3.50421947490556,-291.038789070135,28.1728824141439));
#2239=CARTESIAN_POINT('Ctrl Pts',(-1.57658952660573,-290.894343967118,27.1662539455886));
#2240=CARTESIAN_POINT('Ctrl Pts',(-7.16733458888678,-290.715507172906,30.5336019432222));
#2241=CARTESIAN_POINT('Ctrl Pts',(-8.84277928798112,-290.529792040456,37.0947547896178));
#2242=CARTESIAN_POINT('Ctrl Pts',(-5.43462848459294,-290.344076908005,42.9464787349607));
#2243=CARTESIAN_POINT('Ctrl Pts',(1.1013486333059,-290.158361775555,44.7223039976977));
#2244=CARTESIAN_POINT('Ctrl Pts',(7.00306782355515,-289.972646643104,41.4008787269749));
#2245=CARTESIAN_POINT('Ctrl Pts',(8.87656443419089,-289.786931510654,34.8926577678459));
#2246=CARTESIAN_POINT('Ctrl Pts',(5.643742377415,-289.601216378203,28.9418908584825));
#2247=CARTESIAN_POINT('Ctrl Pts',(-0.83555193105552,-289.415501245753,26.9711782269844));
#2248=CARTESIAN_POINT('Ctrl Pts',(-6.83199750618794,-289.229786113302,30.1168953867512));
#2249=CARTESIAN_POINT('Ctrl Pts',(-8.90579459557003,-289.044070980852,36.5617402997895));
#2250=CARTESIAN_POINT('Ctrl Pts',(-5.84650318842175,-288.858355848401,42.609766139916));
#2251=CARTESIAN_POINT('Ctrl Pts',(0.56855816503687,-288.672640715951,44.771900888235));
#2252=CARTESIAN_POINT('Ctrl Pts',(6.66024493645183,-288.4869255835,41.8097046747722));
#2253=CARTESIAN_POINT('Ctrl Pts',(8.91749691247935,-288.301210451049,35.4250464320736));
#2254=CARTESIAN_POINT('Ctrl Pts',(6.04908258674619,-288.115495318599,29.2912451131004));
#2255=CARTESIAN_POINT('Ctrl Pts',(-0.0719203936438333,-287.936658524387,
27.0246889425566));
#2256=CARTESIAN_POINT('Ctrl Pts',(-4.87559202726398,-287.79221342137,28.9606125849575));
#2257=CARTESIAN_POINT('Ctrl Pts',(-7.51966732855228,-287.66840333307,32.2877967762501));
#2258=CARTESIAN_POINT('Ctrl Pts',(-8.43832037258952,-287.558349921247,36.0194247210421));
#2259=CARTESIAN_POINT('Ctrl Pts',(-7.24755810896867,-287.434539832947,40.1853216268605));
#2260=CARTESIAN_POINT('Ctrl Pts',(-4.15456651464474,-287.310729744647,43.2034580396377));
#2261=CARTESIAN_POINT('Ctrl Pts',(0.733760420221861,-287.166284641629,44.493903641799));
#2262=CARTESIAN_POINT('Ctrl Pts',(6.29049944342134,-287.001204523896,42.2009637475455));
#2263=CARTESIAN_POINT('Ctrl Pts',(8.92933749151674,-286.815489391445,35.956989999046));
#2264=CARTESIAN_POINT('Ctrl Pts',(6.42889377087681,-286.629774258995,29.6656399086849));
#2265=CARTESIAN_POINT('Ctrl Pts',(0.231064121608399,-286.444059126544,26.9344753872369));
#2266=CARTESIAN_POINT('Ctrl Pts',(-6.09927728289682,-286.258343994094,29.3407052505943));
#2267=CARTESIAN_POINT('Ctrl Pts',(-8.92291408782578,-286.072628861643,35.4958037234219));
#2268=CARTESIAN_POINT('Ctrl Pts',(-6.60901382705595,-285.886913729193,41.8636520796492));
#2269=CARTESIAN_POINT('Ctrl Pts',(-2.53893159038054,-285.763103640892,43.8005289121301));
#2270=CARTESIAN_POINT('Ctrl Pts',(-0.449967157472731,-285.701198596742,
43.9172086549784));
#2271=CARTESIAN_POINT('Ctrl Pts',(2.94620511412215,-295.967896612119,43.6201945581381));
#2272=CARTESIAN_POINT('Ctrl Pts',(4.95815164138141,-295.905991567969,42.8562222359072));
#2273=CARTESIAN_POINT('Ctrl Pts',(8.34658679660588,-295.782181479669,39.6915180865376));
#2274=CARTESIAN_POINT('Ctrl Pts',(8.63527442973941,-295.596466347218,32.72832575771));
#2275=CARTESIAN_POINT('Ctrl Pts',(3.95274786664956,-295.410751214768,27.5712888605501));
#2276=CARTESIAN_POINT('Ctrl Pts',(-3.00234589604085,-295.225036082317,27.1803780307775));
#2277=CARTESIAN_POINT('Ctrl Pts',(-8.23010419269747,-295.039320949867,31.7855898838633));
#2278=CARTESIAN_POINT('Ctrl Pts',(-8.72536760867646,-294.853605817416,38.7316045700397));
#2279=CARTESIAN_POINT('Ctrl Pts',(-4.1966407562498,-294.667890684966,44.0336186565972));
#2280=CARTESIAN_POINT('Ctrl Pts',(1.96522743628229,-294.502810567232,44.5532451884232));
#2281=CARTESIAN_POINT('Ctrl Pts',(6.3562986460013,-294.358365464215,41.769052618738));
#2282=CARTESIAN_POINT('Ctrl Pts',(8.45255535297459,-294.234555375914,37.8451424027034));
#2283=CARTESIAN_POINT('Ctrl Pts',(8.32237051697309,-294.110745287614,33.3949655973948));
#2284=CARTESIAN_POINT('Ctrl Pts',(6.00537384032591,-293.986935199314,29.5908501466807));
#2285=CARTESIAN_POINT('Ctrl Pts',(2.11050216290288,-293.863125111013,27.4445058820736));
#2286=CARTESIAN_POINT('Ctrl Pts',(-3.08875835405799,-293.718680007996,27.50232216492));
#2287=CARTESIAN_POINT('Ctrl Pts',(-7.97190659812857,-293.553599890262,31.2954771987336));
#2288=CARTESIAN_POINT('Ctrl Pts',(-8.88034787611499,-293.367884757812,38.2090466056055));
#2289=CARTESIAN_POINT('Ctrl Pts',(-4.68003202193885,-293.182169625361,43.7631501513317));
#2290=CARTESIAN_POINT('Ctrl Pts',(2.21267498679129,-292.996454492911,44.7765249174797));
#2291=CARTESIAN_POINT('Ctrl Pts',(7.83177487857356,-292.81073936046,40.6577751117056));
#2292=CARTESIAN_POINT('Ctrl Pts',(8.94741752496692,-292.62502422801,33.7843865441248));
#2293=CARTESIAN_POINT('Ctrl Pts',(4.912101415879,-292.439309095559,28.0976019166522));
#2294=CARTESIAN_POINT('Ctrl Pts',(-1.17890983204688,-292.274228977825,27.0286695705242));
#2295=CARTESIAN_POINT('Ctrl Pts',(-5.80121551433429,-292.129783874808,29.4077748213403));
#2296=CARTESIAN_POINT('Ctrl Pts',(-8.23952288271964,-292.005973786508,33.1269287205199));
#2297=CARTESIAN_POINT('Ctrl Pts',(-8.50972250879874,-291.882163698207,37.5730158328451));
#2298=CARTESIAN_POINT('Ctrl Pts',(-6.54432740245328,-291.758353609907,41.5658701759118));
#2299=CARTESIAN_POINT('Ctrl Pts',(-2.85494114635263,-291.634543521607,44.0591170457184));
#2300=CARTESIAN_POINT('Ctrl Pts',(1.58358511563508,-291.510733433307,44.3965615638509));
#2301=CARTESIAN_POINT('Ctrl Pts',(5.60621665759736,-291.386923345006,42.4887312529392));
#2302=CARTESIAN_POINT('Ctrl Pts',(8.1546406173258,-291.263113256706,38.8396243595963));
#2303=CARTESIAN_POINT('Ctrl Pts',(8.55837666189328,-291.139303168405,34.4037686986614));
#2304=CARTESIAN_POINT('Ctrl Pts',(6.91302878333078,-291.029249756583,30.8087589832329));
#2305=CARTESIAN_POINT('Ctrl Pts',(3.60439082653778,-290.905439668282,27.952736120004));
#2306=CARTESIAN_POINT('Ctrl Pts',(-1.62187659936464,-290.760994565266,26.9173839542376));
#2307=CARTESIAN_POINT('Ctrl Pts',(-7.37259847828957,-290.582157771054,30.381224358133));
#2308=CARTESIAN_POINT('Ctrl Pts',(-9.09588537192421,-290.396442638604,37.1302231363441));
#2309=CARTESIAN_POINT('Ctrl Pts',(-5.59006946740065,-290.210727506153,43.1493937946355));
#2310=CARTESIAN_POINT('Ctrl Pts',(1.13303472378761,-290.025012373702,44.9759351410582));
#2311=CARTESIAN_POINT('Ctrl Pts',(7.20363332310294,-289.839297241252,41.5593264241965));
#2312=CARTESIAN_POINT('Ctrl Pts',(9.13064240074339,-289.653582108801,34.8647711651545));
#2313=CARTESIAN_POINT('Ctrl Pts',(5.80517231919495,-289.467866976351,28.7437192400817));
#2314=CARTESIAN_POINT('Ctrl Pts',(-0.859630001623875,-289.2821518439,26.7167107710547));
#2315=CARTESIAN_POINT('Ctrl Pts',(-7.02766973143157,-289.09643671145,29.9525833642425));
#2316=CARTESIAN_POINT('Ctrl Pts',(-9.16071411581833,-288.910721578999,36.5819520159426));
#2317=CARTESIAN_POINT('Ctrl Pts',(-6.01374031985384,-288.725006446548,42.8030500743011));
#2318=CARTESIAN_POINT('Ctrl Pts',(0.584993796176104,-288.539291314098,45.0269613550662));
#2319=CARTESIAN_POINT('Ctrl Pts',(6.85100434608501,-288.353576181648,41.979861358962));
#2320=CARTESIAN_POINT('Ctrl Pts',(9.17275617286095,-288.167861049197,35.4123989428704));
#2321=CARTESIAN_POINT('Ctrl Pts',(6.22212185228317,-287.982145916747,29.1030666103545));
#2322=CARTESIAN_POINT('Ctrl Pts',(-0.0741382254230663,-287.803309122535,
26.7717395070997));
#2323=CARTESIAN_POINT('Ctrl Pts',(-5.01528213593912,-287.658864019518,28.7631662592803));
#2324=CARTESIAN_POINT('Ctrl Pts',(-7.73498531187323,-287.535053931217,32.1856401012408));
#2325=CARTESIAN_POINT('Ctrl Pts',(-8.67986800849719,-287.425000519395,36.0241040098741));
#2326=CARTESIAN_POINT('Ctrl Pts',(-7.45494467564364,-287.301190431094,40.309230035959));
#2327=CARTESIAN_POINT('Ctrl Pts',(-4.27336055694631,-287.177380342794,43.4137061961393));
#2328=CARTESIAN_POINT('Ctrl Pts',(0.754920031128857,-287.032935239777,44.7410033468405));
#2329=CARTESIAN_POINT('Ctrl Pts',(6.47068177583306,-286.867855122043,42.382327044087));
#2330=CARTESIAN_POINT('Ctrl Pts',(9.18494526976731,-286.682139989593,35.9595694058153));
#2331=CARTESIAN_POINT('Ctrl Pts',(6.61281203200542,-286.496424857142,29.4881717775886));
#2332=CARTESIAN_POINT('Ctrl Pts',(0.237517725024722,-286.310709724692,26.6789380952621));
#2333=CARTESIAN_POINT('Ctrl Pts',(-6.27398905629263,-286.124994592241,29.1541612664687));
#2334=CARTESIAN_POINT('Ctrl Pts',(-9.1783428491646,-285.939279459791,35.4855028632429));
#2335=CARTESIAN_POINT('Ctrl Pts',(-6.79809157982406,-285.75356432734,42.0355919118452));
#2336=CARTESIAN_POINT('Ctrl Pts',(-2.61146665084883,-285.62975423904,44.0278393870551));
#2337=CARTESIAN_POINT('Ctrl Pts',(-0.462702628767047,-285.56784919489,44.147821531945));
#2338=CARTESIAN_POINT('Ctrl Pts',(3.02832082281389,-295.83454741246,43.8360684905885));
#2339=CARTESIAN_POINT('Ctrl Pts',(5.09624502418705,-295.77264236831,43.0508029702448));
#2340=CARTESIAN_POINT('Ctrl Pts',(8.57892484183563,-295.648832280009,39.7979736733508));
#2341=CARTESIAN_POINT('Ctrl Pts',(8.87553298217805,-295.463117147559,32.6409991833786));
#2342=CARTESIAN_POINT('Ctrl Pts',(4.06261327161518,-295.277402015108,27.3405242187711));
#2343=CARTESIAN_POINT('Ctrl Pts',(-3.08603894231613,-295.091686882658,26.9388479984151));
#2344=CARTESIAN_POINT('Ctrl Pts',(-8.45920465827026,-294.905971750207,31.6723025725031));
#2345=CARTESIAN_POINT('Ctrl Pts',(-8.96813762246391,-294.720256617757,38.8116247482828));
#2346=CARTESIAN_POINT('Ctrl Pts',(-4.31329532821193,-294.534541485306,44.2611139503679));
#2347=CARTESIAN_POINT('Ctrl Pts',(2.02005887475196,-294.369461367573,44.7951007898663));
#2348=CARTESIAN_POINT('Ctrl Pts',(6.53328312324196,-294.225016264556,41.9333559441618));
#2349=CARTESIAN_POINT('Ctrl Pts',(8.68781232773718,-294.101206176255,37.9002137984984));
#2350=CARTESIAN_POINT('Ctrl Pts',(8.553932171077,-293.977396087955,33.3261959194581));
#2351=CARTESIAN_POINT('Ctrl Pts',(6.17239428448413,-293.853585999654,29.4162541151425));
#2352=CARTESIAN_POINT('Ctrl Pts',(2.1690979706391,-293.729775911354,27.2102430027166));
#2353=CARTESIAN_POINT('Ctrl Pts',(-3.17485091765892,-293.585330808337,27.2697528661011));
#2354=CARTESIAN_POINT('Ctrl Pts',(-8.19382970486273,-293.420250690603,31.1685464247685));
#2355=CARTESIAN_POINT('Ctrl Pts',(-9.12743931365089,-293.234535558153,38.2745271319784));
#2356=CARTESIAN_POINT('Ctrl Pts',(-4.81014320699706,-293.048820425702,43.9831264918461));
#2357=CARTESIAN_POINT('Ctrl Pts',(2.27439623388037,-292.863105293252,45.0245901040516));
#2358=CARTESIAN_POINT('Ctrl Pts',(8.04980203931535,-292.677390160801,40.7911288752597));
#2359=CARTESIAN_POINT('Ctrl Pts',(9.19637984114023,-292.491675028351,33.7264438205471));
#2360=CARTESIAN_POINT('Ctrl Pts',(5.04867306920642,-292.3059598959,27.8814683348672));
#2361=CARTESIAN_POINT('Ctrl Pts',(-1.21186126395125,-292.140879778166,26.7828879922188));
#2362=CARTESIAN_POINT('Ctrl Pts',(-5.96276156174954,-291.996434675149,29.2282761784269));
#2363=CARTESIAN_POINT('Ctrl Pts',(-8.46886362822593,-291.872624586849,33.0509694465424));
#2364=CARTESIAN_POINT('Ctrl Pts',(-8.74651022961775,-291.748814498548,37.6207903378087));
#2365=CARTESIAN_POINT('Ctrl Pts',(-6.7263554999358,-291.625004410248,41.7247291385346));
#2366=CARTESIAN_POINT('Ctrl Pts',(-2.93425737934541,-291.501194321948,44.2873000927009));
#2367=CARTESIAN_POINT('Ctrl Pts',(1.62779334651791,-291.377384233647,44.634063055489));
#2368=CARTESIAN_POINT('Ctrl Pts',(5.76233894748244,-291.253574145347,42.6730745973688));
#2369=CARTESIAN_POINT('Ctrl Pts',(8.38162316081254,-291.129764057047,38.9223758687323));
#2370=CARTESIAN_POINT('Ctrl Pts',(8.79652250866597,-291.005953968746,34.3630689847875));
#2371=CARTESIAN_POINT('Ctrl Pts',(7.1053280205742,-290.895900556924,30.6680411511974));
#2372=CARTESIAN_POINT('Ctrl Pts',(3.70456807258278,-290.772090468624,27.7325923771721));
#2373=CARTESIAN_POINT('Ctrl Pts',(-1.66715708721503,-290.627645365607,26.6685126377355));
#2374=CARTESIAN_POINT('Ctrl Pts',(-7.57785842413656,-290.448808571395,30.228841247509));
#2375=CARTESIAN_POINT('Ctrl Pts',(-9.34899252330884,-290.263093438944,37.1656847809306));
#2376=CARTESIAN_POINT('Ctrl Pts',(-5.74551591477503,-290.077378306494,43.3523048281941));
#2377=CARTESIAN_POINT('Ctrl Pts',(1.16471409619858,-289.891663174043,45.229567251736));
#2378=CARTESIAN_POINT('Ctrl Pts',(7.40419471558705,-289.705948041593,41.7177795250726));
#2379=CARTESIAN_POINT('Ctrl Pts',(9.38472123392715,-289.520232909142,34.8368912943173));
#2380=CARTESIAN_POINT('Ctrl Pts',(5.96660760257691,-289.334517776692,28.5455518090371));
#2381=CARTESIAN_POINT('Ctrl Pts',(-0.88370132820088,-289.148802644241,26.462242549487));
#2382=CARTESIAN_POINT('Ctrl Pts',(-7.22333769190042,-288.963087511791,29.7882660643182));
#2383=CARTESIAN_POINT('Ctrl Pts',(-9.41563429836745,-288.77737237934,36.6021569744819));
#2384=CARTESIAN_POINT('Ctrl Pts',(-6.18098266633692,-288.59165724689,42.9963296644965));
#2385=CARTESIAN_POINT('Ctrl Pts',(0.601422663882484,-288.405942114439,45.2820223850556));
#2386=CARTESIAN_POINT('Ctrl Pts',(7.04175933286146,-288.220226981989,42.1500231923135));
#2387=CARTESIAN_POINT('Ctrl Pts',(9.4280158958396,-288.034511849538,35.3997582243196));
#2388=CARTESIAN_POINT('Ctrl Pts',(6.3951661999752,-287.848796717087,28.9148926083788));
#2389=CARTESIAN_POINT('Ctrl Pts',(-0.0763493430318304,-287.669959922876,
26.5187898861451));
#2390=CARTESIAN_POINT('Ctrl Pts',(-5.15496707219788,-287.525514819859,28.5657161256694));
#2391=CARTESIAN_POINT('Ctrl Pts',(-7.95030068952381,-287.401704731558,32.0834776591163));
#2392=CARTESIAN_POINT('Ctrl Pts',(-8.92141588812635,-287.291651319736,36.0287768875919));
#2393=CARTESIAN_POINT('Ctrl Pts',(-7.66233463474924,-287.167841231435,40.4331330006502));
#2394=CARTESIAN_POINT('Ctrl Pts',(-4.39216024029685,-287.044031143135,43.6239513030422));
#2395=CARTESIAN_POINT('Ctrl Pts',(0.776073092171346,-286.899586040118,44.988103735661));
#2396=CARTESIAN_POINT('Ctrl Pts',(6.65085938265572,-286.734505922384,42.5636952146613));
#2397=CARTESIAN_POINT('Ctrl Pts',(9.44055310654538,-286.548790789934,35.9621556000744));
#2398=CARTESIAN_POINT('Ctrl Pts',(6.79673509626121,-286.363075657483,29.3107084412683));
#2399=CARTESIAN_POINT('Ctrl Pts',(0.243978116030488,-286.177360525033,26.4234008477189));
#2400=CARTESIAN_POINT('Ctrl Pts',(-6.44869596374889,-285.991645392582,28.9676125509231));
#2401=CARTESIAN_POINT('Ctrl Pts',(-9.43377146416774,-285.805930260132,35.4751952168451));
#2402=CARTESIAN_POINT('Ctrl Pts',(-6.98717399128066,-285.620215127681,42.2075268087147));
#2403=CARTESIAN_POINT('Ctrl Pts',(-2.68400778381815,-285.496405039381,44.2551480509874));
#2404=CARTESIAN_POINT('Ctrl Pts',(-0.475444230478818,-285.434499995231,
44.3784341853518));
#2405=CARTESIAN_POINT('Ctrl Pts',(3.11043208064424,-295.701198358169,44.0519442044144));
#2406=CARTESIAN_POINT('Ctrl Pts',(5.23433441735155,-295.639293314019,43.2453866384027));
#2407=CARTESIAN_POINT('Ctrl Pts',(8.81126076164856,-295.515483225719,39.9044341195129));
#2408=CARTESIAN_POINT('Ctrl Pts',(9.11579343208318,-295.329768093268,32.5536775626603));
#2409=CARTESIAN_POINT('Ctrl Pts',(4.17248350404847,-295.144052960818,27.109761774244));
#2410=CARTESIAN_POINT('Ctrl Pts',(-3.16972700707042,-294.958337828367,26.6973161431808));
#2411=CARTESIAN_POINT('Ctrl Pts',(-8.68830285511578,-294.772622695917,31.5590104670918));
#2412=CARTESIAN_POINT('Ctrl Pts',(-9.21090938326287,-294.586907563466,38.8916399179875));
#2413=CARTESIAN_POINT('Ctrl Pts',(-4.42995466221984,-294.401192431015,44.4886069048678));
#2414=CARTESIAN_POINT('Ctrl Pts',(2.07488531497332,-294.236112313282,45.0369576160148));
#2415=CARTESIAN_POINT('Ctrl Pts',(6.71026425445169,-294.091667210265,42.0976630006431));
#2416=CARTESIAN_POINT('Ctrl Pts',(8.92306824469769,-293.967857121964,37.9552900952117));
#2417=CARTESIAN_POINT('Ctrl Pts',(8.7854953343352,-293.844047033664,33.2574310221056));
#2418=CARTESIAN_POINT('Ctrl Pts',(6.33941841130045,-293.720236945364,29.2416614861894));
#2419=CARTESIAN_POINT('Ctrl Pts',(2.22769866007644,-293.596426857063,26.9759812560267));
#2420=CARTESIAN_POINT('Ctrl Pts',(-3.26093868632281,-293.451981754046,27.0371816985719));
#2421=CARTESIAN_POINT('Ctrl Pts',(-8.41575025724069,-293.286901636312,31.0416110007235));
#2422=CARTESIAN_POINT('Ctrl Pts',(-9.37453219809833,-293.101186503862,38.3400025549585));
#2423=CARTESIAN_POINT('Ctrl Pts',(-4.94025900279448,-292.915471371411,44.2031002112856));
#2424=CARTESIAN_POINT('Ctrl Pts',(2.33611235593665,-292.729756238961,45.2726566598694));
#2425=CARTESIAN_POINT('Ctrl Pts',(8.26782651106191,-292.54404110651,40.9244872103543));
#2426=CARTESIAN_POINT('Ctrl Pts',(9.44534344840474,-292.35832597406,33.6685062417394));
#2427=CARTESIAN_POINT('Ctrl Pts',(5.18524925604299,-292.172610841609,27.6653375099116));
#2428=CARTESIAN_POINT('Ctrl Pts',(-1.24480760848108,-292.007530723875,26.5371056411375));
#2429=CARTESIAN_POINT('Ctrl Pts',(-6.12430394206429,-291.863085620858,29.0487741195813));
#2430=CARTESIAN_POINT('Ctrl Pts',(-8.69820287963246,-291.739275532558,32.9750053869118));
#2431=CARTESIAN_POINT('Ctrl Pts',(-8.98329902681409,-291.615465444258,37.668559946675));
#2432=CARTESIAN_POINT('Ctrl Pts',(-6.90838695793872,-291.491655355957,41.8835843806778));
#2433=CARTESIAN_POINT('Ctrl Pts',(-3.01357837542508,-291.367845267657,44.515481575547));
#2434=CARTESIAN_POINT('Ctrl Pts',(1.67199666558375,-291.244035179357,44.8715655491722));
#2435=CARTESIAN_POINT('Ctrl Pts',(5.91845746798357,-291.120225091056,42.8574212471112));
#2436=CARTESIAN_POINT('Ctrl Pts',(8.60860406931499,-290.996415002756,39.0051321169726));
#2437=CARTESIAN_POINT('Ctrl Pts',(9.03466928441371,-290.872604914456,34.3223741981378));
#2438=CARTESIAN_POINT('Ctrl Pts',(7.29763024701742,-290.762551502633,30.5273272582458));
#2439=CARTESIAN_POINT('Ctrl Pts',(3.80474992200671,-290.638741414333,27.5124506352288));
#2440=CARTESIAN_POINT('Ctrl Pts',(-1.71243242744894,-290.494296311316,26.4196402935176));
#2441=CARTESIAN_POINT('Ctrl Pts',(-7.78311528155744,-290.315459517104,30.0764538234253));
#2442=CARTESIAN_POINT('Ctrl Pts',(-9.60210050090879,-290.129744384654,37.2011411865975));
#2443=CARTESIAN_POINT('Ctrl Pts',(-5.90096662785921,-289.944029252203,43.5552127088764));
#2444=CARTESIAN_POINT('Ctrl Pts',(1.19638821735446,-289.758314119752,45.4832001103656));
#2445=CARTESIAN_POINT('Ctrl Pts',(7.60475289200975,-289.572598987302,41.876236843959));
#2446=CARTESIAN_POINT('Ctrl Pts',(9.63880073635969,-289.386883854851,34.8090166853885));
#2447=CARTESIAN_POINT('Ctrl Pts',(6.12804705538091,-289.201168722401,28.3473876567246));
#2448=CARTESIAN_POINT('Ctrl Pts',(-0.907767383508891,-289.01545358995,26.2077737376133));
#2449=CARTESIAN_POINT('Ctrl Pts',(-7.41900231322623,-288.8297384575,29.6239446451939));
#2450=CARTESIAN_POINT('Ctrl Pts',(-9.67055499041112,-288.644023325049,36.6223566512419));
#2451=CARTESIAN_POINT('Ctrl Pts',(-6.34822908317087,-288.458308192599,43.1896058535373));
#2452=CARTESIAN_POINT('Ctrl Pts',(0.617846245371818,-288.272593060148,45.5370838470976));
#2453=CARTESIAN_POINT('Ctrl Pts',(7.23251085708837,-288.086877927698,42.3201890444174));
#2454=CARTESIAN_POINT('Ctrl Pts',(9.68327597227102,-287.901162795247,35.3871227975107));
#2455=CARTESIAN_POINT('Ctrl Pts',(6.56821451396513,-287.715447662797,28.7267221297657));
#2456=CARTESIAN_POINT('Ctrl Pts',(-0.0785552133831965,-287.536610868585,
26.2658401281809));
#2457=CARTESIAN_POINT('Ctrl Pts',(-5.29464796174552,-287.392165765568,28.3682630223089));
#2458=CARTESIAN_POINT('Ctrl Pts',(-8.16561402398508,-287.268355677267,31.9813107131634));
#2459=CARTESIAN_POINT('Ctrl Pts',(-9.16296395056601,-287.158302265445,36.0334447547811));
#2460=CARTESIAN_POINT('Ctrl Pts',(-7.86972723850825,-287.034492177145,40.5570317065564));
#2461=CARTESIAN_POINT('Ctrl Pts',(-4.51096432843892,-286.910682088844,43.8341940199933));
#2462=CARTESIAN_POINT('Ctrl Pts',(0.797221033748834,-286.766236985827,45.235204651017));
#2463=CARTESIAN_POINT('Ctrl Pts',(6.83103329067651,-286.601156868093,42.745067188622));
#2464=CARTESIAN_POINT('Ctrl Pts',(9.69616098098105,-286.415441735643,35.9647470987533));
#2465=CARTESIAN_POINT('Ctrl Pts',(6.98066190840416,-286.229726603192,29.1332488577346));
#2466=CARTESIAN_POINT('Ctrl Pts',(0.250443811413244,-286.044011470742,26.1678636429825));
#2467=CARTESIAN_POINT('Ctrl Pts',(-6.62339906288692,-285.858296338291,28.7810601436066));
#2468=CARTESIAN_POINT('Ctrl Pts',(-9.68919995674107,-285.672581205841,35.4648822672797));
#2469=CARTESIAN_POINT('Ctrl Pts',(-7.17626003757027,-285.48686607339,42.3794578430962));
#2470=CARTESIAN_POINT('Ctrl Pts',(-2.75655366028921,-285.36305598509,44.4824552924951));
#2471=CARTESIAN_POINT('Ctrl Pts',(-0.48819062284177,-285.30115094094,44.6090466567494));
#2472=CARTESIAN_POINT('',(7.20163145977864,-295.701198358169,32.2229695624404));
#2473=CARTESIAN_POINT('Ctrl Pts',(7.2046637470467,-295.701198358324,32.2230541017847));
#2474=CARTESIAN_POINT('Ctrl Pts',(7.30813865512334,-295.701198358296,32.402581067435));
#2475=CARTESIAN_POINT('Ctrl Pts',(7.40461222244178,-295.701198358249,32.5861707276673));
#2476=CARTESIAN_POINT('Ctrl Pts',(7.49369238179442,-295.701198358207,32.7735176218887));
#2477=CARTESIAN_POINT('Ctrl Pts',(7.54351621645814,-295.701198358184,32.8783034771261));
#2478=CARTESIAN_POINT('Ctrl Pts',(7.59102636732259,-295.701198358163,32.9842651652197));
#2479=CARTESIAN_POINT('Ctrl Pts',(7.63614768253876,-295.701198358149,33.091352135839));
#2480=CARTESIAN_POINT('Ctrl Pts',(7.65720936609835,-295.701198358142,33.1413380876609));
#2481=CARTESIAN_POINT('Ctrl Pts',(7.67775049032818,-295.701198358137,33.1915692460048));
#2482=CARTESIAN_POINT('Ctrl Pts',(7.69777107128927,-295.701198358134,33.2420376237347));
#2483=CARTESIAN_POINT('Ctrl Pts',(7.77367745841166,-295.701198358122,33.4333843296496));
#2484=CARTESIAN_POINT('Ctrl Pts',(7.84182118856322,-295.701198358114,33.627424592709));
#2485=CARTESIAN_POINT('Ctrl Pts',(7.90234043559955,-295.701198358105,33.8236571061426));
#2486=CARTESIAN_POINT('Ctrl Pts',(7.9655111278765,-295.701198358095,34.0284868806009));
#2487=CARTESIAN_POINT('Ctrl Pts',(8.02037498374742,-295.701198358084,34.2357056345294));
#2488=CARTESIAN_POINT('Ctrl Pts',(8.06704054325292,-295.701198358069,34.4447759581419));
#2489=CARTESIAN_POINT('Ctrl Pts',(8.1135650963541,-295.701198358055,34.6532145470255));
#2490=CARTESIAN_POINT('Ctrl Pts',(8.15194083236142,-295.701198358037,34.8634942347786));
#2491=CARTESIAN_POINT('Ctrl Pts',(8.18222575281038,-295.701198358017,35.0751052980164));
#2492=CARTESIAN_POINT('Ctrl Pts',(8.21269164620675,-295.701198357997,35.2879808809308));
#2493=CARTESIAN_POINT('Ctrl Pts',(8.23496983599724,-295.701198357973,35.5022044909263));
#2494=CARTESIAN_POINT('Ctrl Pts',(8.24906823120514,-295.701198357951,35.7172699169498));
#2495=CARTESIAN_POINT('Ctrl Pts',(8.26312655894621,-295.701198357929,35.9317241296617));
#2496=CARTESIAN_POINT('Ctrl Pts',(8.26905155384142,-295.701198357908,36.1470160960641));
#2497=CARTESIAN_POINT('Ctrl Pts',(8.26679949077794,-295.701198357894,36.3626459185731));
#2498=CARTESIAN_POINT('Ctrl Pts',(8.26453075544982,-295.701198357879,36.5798720718092));
#2499=CARTESIAN_POINT('Ctrl Pts',(8.25397188435764,-295.701198357872,36.7966034261686));
#2500=CARTESIAN_POINT('Ctrl Pts',(8.23521861102198,-295.701198357866,37.0123182394019));
#2501=CARTESIAN_POINT('Ctrl Pts',(8.21626329900626,-295.70119835786,37.2303570595088));
#2502=CARTESIAN_POINT('Ctrl Pts',(8.18893618025984,-295.701198357856,37.447358016863));
#2503=CARTESIAN_POINT('Ctrl Pts',(8.1532846915254,-295.701198357851,37.6627951303579));
#2504=CARTESIAN_POINT('Ctrl Pts',(8.11773906044981,-295.701198357846,37.8775925603704));
#2505=CARTESIAN_POINT('Ctrl Pts',(8.07391842567456,-295.70119835784,38.0908361478605));
#2506=CARTESIAN_POINT('Ctrl Pts',(8.02181825280576,-295.701198357834,38.3020064715991));
#2507=CARTESIAN_POINT('Ctrl Pts',(7.97061149650115,-295.701198357828,38.509555635278));
#2508=CARTESIAN_POINT('Ctrl Pts',(7.91140662114035,-295.701198357821,38.7151026950528));
#2509=CARTESIAN_POINT('Ctrl Pts',(7.84415035273366,-295.701198357817,38.9181460401879));
#2510=CARTESIAN_POINT('Ctrl Pts',(7.79257795943034,-295.701198357813,39.0738405427377));
#2511=CARTESIAN_POINT('Ctrl Pts',(7.73627046488698,-295.701198357811,39.2280628055322));
#2512=CARTESIAN_POINT('Ctrl Pts',(7.67518426715603,-295.701198357812,39.3805795426368));
#2513=CARTESIAN_POINT('Ctrl Pts',(7.65530962036979,-295.701198357812,39.4302014931189));
#2514=CARTESIAN_POINT('Ctrl Pts',(7.63492898526864,-295.701198357813,39.4796428412968));
#2515=CARTESIAN_POINT('Ctrl Pts',(7.61404719626226,-295.701198357814,39.5288986528868));
#2516=CARTESIAN_POINT('Ctrl Pts',(7.53127013586003,-295.701198357819,39.724152579162));
#2517=CARTESIAN_POINT('Ctrl Pts',(7.44092827613586,-295.70119835783,39.9157693614345));
#2518=CARTESIAN_POINT('Ctrl Pts',(7.3434688261397,-295.701198357843,40.1034928020186));
#2519=CARTESIAN_POINT('Ctrl Pts',(7.24072917814523,-295.701198357856,40.3013868000525));
#2520=CARTESIAN_POINT('Ctrl Pts',(7.13007986599018,-295.701198357872,40.494954751094));
#2521=CARTESIAN_POINT('Ctrl Pts',(7.01198521713811,-295.701198357886,40.6838847081765));
#2522=CARTESIAN_POINT('Ctrl Pts',(6.89556908521226,-295.701198357901,40.8701293434946));
#2523=CARTESIAN_POINT('Ctrl Pts',(6.77191717956576,-295.701198357914,41.0518673550538));
#2524=CARTESIAN_POINT('Ctrl Pts',(6.64142291134658,-295.701198357926,41.2287809134633));
#2525=CARTESIAN_POINT('Ctrl Pts',(6.50810639459933,-295.701198357938,41.4095206478162));
#2526=CARTESIAN_POINT('Ctrl Pts',(6.36764804481786,-295.701198357949,41.5852256414369));
#2527=CARTESIAN_POINT('Ctrl Pts',(6.22041958202474,-295.701198357961,41.7555284324098));
#2528=CARTESIAN_POINT('Ctrl Pts',(6.07319111923162,-295.701198357972,41.9258312233827));
#2529=CARTESIAN_POINT('Ctrl Pts',(5.91919205601371,-295.701198357984,42.09073239537));
#2530=CARTESIAN_POINT('Ctrl Pts',(5.75875310224076,-295.701198358002,42.2498270529132));
#2531=CARTESIAN_POINT('Ctrl Pts',(5.60010923070463,-295.701198358019,42.4071416689701));
#2532=CARTESIAN_POINT('Ctrl Pts',(5.43577426484999,-295.70119835804,42.5581778991314));
#2533=CARTESIAN_POINT('Ctrl Pts',(5.26617668836005,-295.701198358061,42.7026361476263));
#2534=CARTESIAN_POINT('Ctrl Pts',(5.09485073377516,-295.701198358082,42.8485665779618));
#2535=CARTESIAN_POINT('Ctrl Pts',(4.91815395673526,-295.701198358103,42.9877848291027));
#2536=CARTESIAN_POINT('Ctrl Pts',(4.73648261644146,-295.701198358119,43.1199548772982));
#2537=CARTESIAN_POINT('Ctrl Pts',(4.555331476217,-295.701198358136,43.2517464680655));
#2538=CARTESIAN_POINT('Ctrl Pts',(4.36923372855682,-295.701198358149,43.3765306687914));
#2539=CARTESIAN_POINT('Ctrl Pts',(4.17854413368858,-295.701198358157,43.4939395353659));
#2540=CARTESIAN_POINT('Ctrl Pts',(3.99102068351036,-295.701198358166,43.609398985352));
#2541=CARTESIAN_POINT('Ctrl Pts',(3.79905607885925,-295.70119835817,43.7177263740021));
#2542=CARTESIAN_POINT('Ctrl Pts',(3.60295843363723,-295.701198358171,43.8185315781959));
#2543=CARTESIAN_POINT('Ctrl Pts',(3.44153098711463,-295.701198358172,43.9015143528783));
#2544=CARTESIAN_POINT('Ctrl Pts',(3.27730211825177,-295.701198358171,43.9793990709776));
#2545=CARTESIAN_POINT('Ctrl Pts',(3.11043208064423,-295.701198358169,44.0519442044144));
#2546=CARTESIAN_POINT('Ctrl Pts',(8.06811773254508,-294.312877966037,35.8618250853333));
#2547=CARTESIAN_POINT('Ctrl Pts',(8.06847868004567,-294.331220236562,36.4818776862885));
#2548=CARTESIAN_POINT('Ctrl Pts',(7.99814440446825,-294.349562507087,37.1017616295301));
#2549=CARTESIAN_POINT('Ctrl Pts',(7.85655147265437,-294.367904777612,37.7048007641548));
#2550=CARTESIAN_POINT('Ctrl Pts',(7.53796798782876,-294.409174807046,39.0616362116154));
#2551=CARTESIAN_POINT('Ctrl Pts',(6.85863894124101,-294.450444836479,40.3331951429556));
#2552=CARTESIAN_POINT('Ctrl Pts',(5.90912866220491,-294.491714865913,41.3556370500267));
#2553=CARTESIAN_POINT('Ctrl Pts',(4.95961838316881,-294.532984895346,42.3780789570977));
#2554=CARTESIAN_POINT('Ctrl Pts',(3.73992687168436,-294.57425492478,43.1514038398994));
#2555=CARTESIAN_POINT('Ctrl Pts',(2.40907377609689,-294.615524954213,43.5648716910741));
#2556=CARTESIAN_POINT('Ctrl Pts',(0.412794132715689,-294.677429998363,44.1850734678361));
#2557=CARTESIAN_POINT('Ctrl Pts',(-1.83359907489732,-294.739335042513,43.9955969234372));
#2558=CARTESIAN_POINT('Ctrl Pts',(-3.69056360502212,-294.801240086664,43.0417682524552));
#2559=CARTESIAN_POINT('Ctrl Pts',(-5.54752813514693,-294.863145130814,42.0879395814732));
#2560=CARTESIAN_POINT('Ctrl Pts',(-7.01506398778354,-294.925050174964,40.3697587839081));
#2561=CARTESIAN_POINT('Ctrl Pts',(-7.66856541297545,-294.986955219114,38.3852172300987));
#2562=CARTESIAN_POINT('Ctrl Pts',(-8.32206683816736,-295.048860263264,36.4006756762893));
#2563=CARTESIAN_POINT('Ctrl Pts',(-8.16153383591455,-295.110765307415,34.1497733662356));
#2564=CARTESIAN_POINT('Ctrl Pts',(-7.23420827568401,-295.172670351565,32.2781613219448));
#2565=CARTESIAN_POINT('Ctrl Pts',(-6.30688271545347,-295.234575395715,30.4065492776539));
#2566=CARTESIAN_POINT('Ctrl Pts',(-4.61276459724519,-295.296480439865,28.9142274991259));
#2567=CARTESIAN_POINT('Ctrl Pts',(-2.63878301774569,-295.358385484015,28.2314250404717));
#2568=CARTESIAN_POINT('Ctrl Pts',(-0.664801438246196,-295.420290528165,
27.5486225818175));
#2569=CARTESIAN_POINT('Ctrl Pts',(1.58904360254453,-295.482195572315,27.6753394430373));
#2570=CARTESIAN_POINT('Ctrl Pts',(3.4746544015942,-295.544100616466,28.574298267425));
#2571=CARTESIAN_POINT('Ctrl Pts',(5.06970588907234,-295.596466530367,29.3347338836952));
#2572=CARTESIAN_POINT('Ctrl Pts',(6.40126414124251,-295.648832444268,30.6477539971422));
#2573=CARTESIAN_POINT('Ctrl Pts',(7.20466374727068,-295.701198358169,32.2230541016357));
#2574=CARTESIAN_POINT('Origin',(1.13219945060799E-14,-298.474011027243,
35.8612653953169));
#2575=CARTESIAN_POINT('',(-7.20163145977957,-295.701198358169,32.2229695624422));
#2576=CARTESIAN_POINT('Origin',(1.13219945060799E-14,-295.701198358169,
35.8612653953169));
#2577=CARTESIAN_POINT('Ctrl Pts',(-7.20163145977693,-295.701198358167,32.2229695624435));
#2578=CARTESIAN_POINT('Ctrl Pts',(-8.14506791982823,-295.639293314017,34.0904047582341));
#2579=CARTESIAN_POINT('Ctrl Pts',(-8.32388444129619,-295.577388269867,36.3370386711427));
#2580=CARTESIAN_POINT('Ctrl Pts',(-7.6870401529054,-295.515483225717,38.3249556759621));
#2581=CARTESIAN_POINT('Ctrl Pts',(-7.05019586451461,-295.453578181567,40.3128726807816));
#2582=CARTESIAN_POINT('Ctrl Pts',(-5.59769076626507,-295.391673137416,42.0420727775119));
#2583=CARTESIAN_POINT('Ctrl Pts',(-3.74760967363324,-295.329768093266,43.0121331088774));
#2584=CARTESIAN_POINT('Ctrl Pts',(-1.89752858100141,-295.267863049116,43.982193440243));
#2585=CARTESIAN_POINT('Ctrl Pts',(0.350128506012715,-295.205958004966,44.1931140062437));
#2586=CARTESIAN_POINT('Ctrl Pts',(2.34854799307331,-295.144052960816,43.585194867225));
#2587=CARTESIAN_POINT('Ctrl Pts',(4.34696748013391,-295.082147916666,42.9772757282063));
#2588=CARTESIAN_POINT('Ctrl Pts',(6.09614936724098,-295.020242872515,41.5505168841682));
#2589=CARTESIAN_POINT('Ctrl Pts',(7.09354618673846,-294.958337828365,39.715384788985));
#2590=CARTESIAN_POINT('Ctrl Pts',(7.7316728118467,-294.918731468962,38.5412817362832));
#2591=CARTESIAN_POINT('Ctrl Pts',(8.06206828105742,-294.879125109559,37.2000176451053));
#2592=CARTESIAN_POINT('Ctrl Pts',(8.06591455663443,-294.839518750155,35.8602663869546));
#2593=CARTESIAN_POINT('Ctrl Pts',(-7.81989216465737,-296.101246013817,31.9101524362597));
#2594=CARTESIAN_POINT('Ctrl Pts',(-8.84444437112592,-296.039340969667,33.9379071106179));
#2595=CARTESIAN_POINT('Ctrl Pts',(-9.23302279076082,-295.915530881367,38.8170216217448));
#2596=CARTESIAN_POINT('Ctrl Pts',(-4.50156938115143,-295.729815748916,44.4503399907815));
#2597=CARTESIAN_POINT('Ctrl Pts',(2.82043050910857,-295.544100616466,45.1377908434079));
#2598=CARTESIAN_POINT('Ctrl Pts',(8.51883812812971,-295.358385484015,40.4902122868551));
#2599=CARTESIAN_POINT('Ctrl Pts',(9.31929934478855,-295.172670351565,33.1817426278715));
#2600=CARTESIAN_POINT('Ctrl Pts',(4.75345903403078,-294.986955219114,27.4086230885061));
#2601=CARTESIAN_POINT('Ctrl Pts',(-1.32009497224461,-294.832192608739,26.6630203790706));
#2602=CARTESIAN_POINT('Ctrl Pts',(-5.46664542820523,-294.708382520438,28.7345842722907));
#2603=CARTESIAN_POINT('Ctrl Pts',(-8.0204378732597,-294.605207446855,31.623488163542));
#2604=CARTESIAN_POINT('Ctrl Pts',(-9.16391300640374,-294.491714865913,35.7793071659735));
#2605=CARTESIAN_POINT('Ctrl Pts',(-7.99965907581558,-294.367904777612,40.3297455925424));
#2606=CARTESIAN_POINT('Ctrl Pts',(-4.73147642623461,-294.244094689312,43.7102233888219));
#2607=CARTESIAN_POINT('Ctrl Pts',(-0.722144279935304,-294.134041277489,
44.8728366975758));
#2608=CARTESIAN_POINT('Ctrl Pts',(3.84097843042686,-294.010231189189,44.1933442651723));
#2609=CARTESIAN_POINT('Ctrl Pts',(8.27336921057078,-293.865786086172,40.7257472088094));
#2610=CARTESIAN_POINT('Ctrl Pts',(9.24959931778959,-293.717901814035,34.9521495083321));
#2611=CARTESIAN_POINT('Ctrl Pts',(7.36372530407215,-293.594091725735,30.7222761530787));
#2612=CARTESIAN_POINT('Ctrl Pts',(4.04265995584566,-293.470281637435,27.4932046328016));
#2613=CARTESIAN_POINT('Ctrl Pts',(-1.9749910620582,-293.315519027059,26.3662969562437));
#2614=CARTESIAN_POINT('Ctrl Pts',(-8.07169417559945,-293.129803894609,30.4892974029566));
#2615=CARTESIAN_POINT('Ctrl Pts',(-9.52011176958903,-292.944088762158,37.6943501336849));
#2616=CARTESIAN_POINT('Ctrl Pts',(-5.49461258090754,-292.758373629708,43.8556881000479));
#2617=CARTESIAN_POINT('Ctrl Pts',(1.69224249125106,-292.572658497257,45.4049749049889));
#2618=CARTESIAN_POINT('Ctrl Pts',(7.90622997324525,-292.386943364807,41.4742574997221));
#2619=CARTESIAN_POINT('Ctrl Pts',(9.57124002127438,-292.201228232356,34.3111620984279));
#2620=CARTESIAN_POINT('Ctrl Pts',(5.73066523731205,-292.015513099906,28.0399737703218));
#2621=CARTESIAN_POINT('Ctrl Pts',(-1.40672581978972,-291.829797967455,26.2678797700334));
#2622=CARTESIAN_POINT('Ctrl Pts',(-7.73463075864056,-291.644082835005,30.0141975983808));
#2623=CARTESIAN_POINT('Ctrl Pts',(-9.6136224545589,-291.458367702554,37.124668268121));
#2624=CARTESIAN_POINT('Ctrl Pts',(-5.96142324103533,-291.272652570104,43.5069729829138));
#2625=CARTESIAN_POINT('Ctrl Pts',(1.11822625410307,-291.086937437653,45.4940360584433));
#2626=CARTESIAN_POINT('Ctrl Pts',(7.32038274037524,-290.908100643441,42.0651080101394));
#2627=CARTESIAN_POINT('Ctrl Pts',(9.13270009478919,-290.763655540424,36.7406530432642));
#2628=CARTESIAN_POINT('Ctrl Pts',(8.26813861496746,-290.639845452124,32.2083327555723));
#2629=CARTESIAN_POINT('Ctrl Pts',(5.85008657420364,-290.529792040302,28.8063841632631));
#2630=CARTESIAN_POINT('Ctrl Pts',(1.58160027749885,-290.405981952001,26.8342424858432));
#2631=CARTESIAN_POINT('Ctrl Pts',(-3.09956431130061,-290.282171863701,27.2373033584549));
#2632=CARTESIAN_POINT('Ctrl Pts',(-6.53753707406861,-290.172118451878,29.6122603346527));
#2633=CARTESIAN_POINT('Ctrl Pts',(-8.358016438776,-290.075821716533,32.7016124974));
#2634=CARTESIAN_POINT('Ctrl Pts',(-9.13989074398421,-289.965768304711,36.72888682947));
#2635=CARTESIAN_POINT('Ctrl Pts',(-7.40345432927295,-289.828201539933,41.7965868833382));
#2636=CARTESIAN_POINT('Ctrl Pts',(-1.91851996809512,-289.663121422199,45.1589297673614));
#2637=CARTESIAN_POINT('Ctrl Pts',(4.44919464725638,-289.498041304465,44.2415167672054));
#2638=CARTESIAN_POINT('Ctrl Pts',(8.77491611470659,-289.332961186731,39.4818221179077));
#2639=CARTESIAN_POINT('Ctrl Pts',(9.04093308033373,-289.181637745475,33.591868105952));
#2640=CARTESIAN_POINT('Ctrl Pts',(6.25665313953419,-289.044070980697,29.1689863635565));
#2641=CARTESIAN_POINT('Ctrl Pts',(2.120581229125,-288.920260892397,26.9453514460675));
#2642=CARTESIAN_POINT('Ctrl Pts',(-2.57956744020124,-288.796450804097,27.0677081400043));
#2643=CARTESIAN_POINT('Ctrl Pts',(-6.59835241622742,-288.672640715796,29.5024194800795));
#2644=CARTESIAN_POINT('Ctrl Pts',(-8.88293918574518,-288.548830627496,33.6087919720789));
#2645=CARTESIAN_POINT('Ctrl Pts',(-8.8314532317492,-288.425020539196,38.309441121368));
#2646=CARTESIAN_POINT('Ctrl Pts',(-6.45626357184735,-288.301210450895,42.3619160431318));
#2647=CARTESIAN_POINT('Ctrl Pts',(-1.93392991349915,-288.163643686117,44.9760808751388));
#2648=CARTESIAN_POINT('Ctrl Pts',(3.94349257656571,-288.012320244861,44.4990753767328));
#2649=CARTESIAN_POINT('Ctrl Pts',(8.5381777525881,-287.847240127127,39.9964027214066));
#2650=CARTESIAN_POINT('Ctrl Pts',(9.22311931223557,-287.682160009393,33.6017165533897));
#2651=CARTESIAN_POINT('Ctrl Pts',(5.65728353381815,-287.51707989166,28.2400071896456));
#2652=CARTESIAN_POINT('Ctrl Pts',(-0.49656246670577,-287.351999773926,26.3868886988344));
#2653=CARTESIAN_POINT('Ctrl Pts',(-6.680684924057,-287.180041317953,28.9792110592808));
#2654=CARTESIAN_POINT('Ctrl Pts',(-9.68472489150635,-287.001204523741,35.3866729956408));
#2655=CARTESIAN_POINT('Ctrl Pts',(-7.23190964846074,-286.815489391291,42.3209224819048));
#2656=CARTESIAN_POINT('Ctrl Pts',(-0.614880493445398,-286.62977425884,45.539064704825));
#2657=CARTESIAN_POINT('Ctrl Pts',(5.18337591788249,-286.475011648465,43.5749284835284));
#2658=CARTESIAN_POINT('Ctrl Pts',(8.01583043772333,-286.351201560165,39.9093883720509));
#2659=CARTESIAN_POINT('Ctrl Pts',(9.2838583163624,-286.227391471864,35.4546155103027));
#2660=CARTESIAN_POINT('Ctrl Pts',(7.42600745463406,-286.072628861489,29.6216768151799));
#2661=CARTESIAN_POINT('Ctrl Pts',(0.901978602057305,-285.886913729038,26.2082374390176));
#2662=CARTESIAN_POINT('Ctrl Pts',(-3.77766115814178,-285.763103640738,27.636134423744));
#2663=CARTESIAN_POINT('Ctrl Pts',(-5.53811310246245,-285.701198596588,29.0722072613462));
#2664=CARTESIAN_POINT('Ctrl Pts',(-7.61380281394668,-295.967896959526,32.0144201781839));
#2665=CARTESIAN_POINT('Ctrl Pts',(-8.61131763804087,-295.905991915376,33.9887343922283));
#2666=CARTESIAN_POINT('Ctrl Pts',(-8.98958384807354,-295.782181827076,38.7392330555958));
#2667=CARTESIAN_POINT('Ctrl Pts',(-4.3827798960075,-295.596466694625,44.2239814991901));
#2668=CARTESIAN_POINT('Ctrl Pts',(2.74620995898254,-295.410751562175,44.8932070041146));
#2669=CARTESIAN_POINT('Ctrl Pts',(8.29433297544439,-295.225036429724,40.3680659143119));
#2670=CARTESIAN_POINT('Ctrl Pts',(9.07358989955384,-295.039321297274,33.2522480207111));
#2671=CARTESIAN_POINT('Ctrl Pts',(4.62803125239203,-294.853606164823,27.6313814609678));
#2672=CARTESIAN_POINT('Ctrl Pts',(-1.28542458187815,-294.698843554448,26.9055195060641));
#2673=CARTESIAN_POINT('Ctrl Pts',(-5.32263613862833,-294.575033466148,28.9225319906298));
#2674=CARTESIAN_POINT('Ctrl Pts',(-7.8090658488439,-294.471858392564,31.73531566061));
#2675=CARTESIAN_POINT('Ctrl Pts',(-8.92233865531154,-294.358365811622,35.781596672469));
#2676=CARTESIAN_POINT('Ctrl Pts',(-7.78871229887086,-294.234555723321,40.2120618309311));
#2677=CARTESIAN_POINT('Ctrl Pts',(-4.60663663714318,-294.110745635021,43.5033787981649));
#2678=CARTESIAN_POINT('Ctrl Pts',(-0.702980581878805,-294.000692223199,
44.6352873283));
#2679=CARTESIAN_POINT('Ctrl Pts',(3.73984130284654,-293.876882134898,43.9736431967322));
#2680=CARTESIAN_POINT('Ctrl Pts',(8.05533832747798,-293.732437031881,40.5973952098529));
#2681=CARTESIAN_POINT('Ctrl Pts',(9.0057521920739,-293.584552759745,34.9759851057275));
#2682=CARTESIAN_POINT('Ctrl Pts',(7.16953333008473,-293.460742671444,30.857644562305));
#2683=CARTESIAN_POINT('Ctrl Pts',(3.93597117223963,-293.336932583144,27.7137433027));
#2684=CARTESIAN_POINT('Ctrl Pts',(-1.92306073127713,-293.182169972768,26.6166274070397));
#2685=CARTESIAN_POINT('Ctrl Pts',(-7.85898691346019,-292.996454840318,30.6310247164407));
#2686=CARTESIAN_POINT('Ctrl Pts',(-9.26912049663537,-292.810739707867,37.6461610356788));
#2687=CARTESIAN_POINT('Ctrl Pts',(-5.34965324642271,-292.625024575417,43.6450195650233));
#2688=CARTESIAN_POINT('Ctrl Pts',(1.64776655380516,-292.439309442966,45.1533635389637));
#2689=CARTESIAN_POINT('Ctrl Pts',(7.6978880056507,-292.253594310516,41.3261787312624));
#2690=CARTESIAN_POINT('Ctrl Pts',(9.31890490742202,-292.067879178065,34.3518906300022));
#2691=CARTESIAN_POINT('Ctrl Pts',(5.57948561085306,-291.882164045615,28.2460749704606));
#2692=CARTESIAN_POINT('Ctrl Pts',(-1.36977726102495,-291.696448913164,26.5207966599817));
#2693=CARTESIAN_POINT('Ctrl Pts',(-7.53081571652069,-291.510733780714,30.1684445643045));
#2694=CARTESIAN_POINT('Ctrl Pts',(-9.3601741060819,-291.325018648263,37.0914982177818));
#2695=CARTESIAN_POINT('Ctrl Pts',(-5.80416293271683,-291.139303515813,43.3055037080796));
#2696=CARTESIAN_POINT('Ctrl Pts',(1.08888356260438,-290.953588383362,45.2400849751871));
#2697=CARTESIAN_POINT('Ctrl Pts',(7.12749296434816,-290.774751589151,41.901461715185));
#2698=CARTESIAN_POINT('Ctrl Pts',(8.89195978873046,-290.630306486133,36.7173424526527));
#2699=CARTESIAN_POINT('Ctrl Pts',(8.05012576049597,-290.506496397833,32.3045135928095));
#2700=CARTESIAN_POINT('Ctrl Pts',(5.69576959477772,-290.396442986011,28.9922798704182));
#2701=CARTESIAN_POINT('Ctrl Pts',(1.53977971722521,-290.27263289771,27.0721870912));
#2702=CARTESIAN_POINT('Ctrl Pts',(-3.01797616161803,-290.14882280941,27.4646885030954));
#2703=CARTESIAN_POINT('Ctrl Pts',(-6.36528500598417,-290.038769397587,29.7770861681735));
#2704=CARTESIAN_POINT('Ctrl Pts',(-8.13773012846701,-289.942472662243,32.7850236509496));
#2705=CARTESIAN_POINT('Ctrl Pts',(-8.898936295586,-289.83241925042,36.7061435490707));
#2706=CARTESIAN_POINT('Ctrl Pts',(-7.20820382870416,-289.694852485642,41.6402264328362));
#2707=CARTESIAN_POINT('Ctrl Pts',(-1.86781385347347,-289.529772367908,44.9138553580808));
#2708=CARTESIAN_POINT('Ctrl Pts',(4.33202463906296,-289.364692250174,44.0205372366506));
#2709=CARTESIAN_POINT('Ctrl Pts',(8.54364614367959,-289.199612132441,39.3862549302393));
#2710=CARTESIAN_POINT('Ctrl Pts',(8.80256758919315,-289.048288691185,33.6515658481558));
#2711=CARTESIAN_POINT('Ctrl Pts',(6.09162351264651,-288.910721926406,29.3453175717316));
#2712=CARTESIAN_POINT('Ctrl Pts',(2.06455382708272,-288.786911838106,27.1803594549829));
#2713=CARTESIAN_POINT('Ctrl Pts',(-2.51168963223646,-288.663101749806,27.2995567704369));
#2714=CARTESIAN_POINT('Ctrl Pts',(-6.42449870292884,-288.539291661505,29.6701417515117));
#2715=CARTESIAN_POINT('Ctrl Pts',(-8.64880230068971,-288.415481573205,33.6682958006792));
#2716=CARTESIAN_POINT('Ctrl Pts',(-8.59860745133223,-288.291671484905,38.2450275438223));
#2717=CARTESIAN_POINT('Ctrl Pts',(-6.28597458885827,-288.167861396604,42.1906392766848));
#2718=CARTESIAN_POINT('Ctrl Pts',(-1.88282014190153,-288.030294631826,44.7358268744161));
#2719=CARTESIAN_POINT('Ctrl Pts',(3.83965731467489,-287.87897119057,44.2713133025612));
#2720=CARTESIAN_POINT('Ctrl Pts',(8.31315582683014,-287.713891072836,39.8872736923343));
#2721=CARTESIAN_POINT('Ctrl Pts',(8.97995123743501,-287.548810955103,33.6611521105225));
#2722=CARTESIAN_POINT('Ctrl Pts',(5.50804118230849,-287.383730837369,28.440836219291));
#2723=CARTESIAN_POINT('Ctrl Pts',(-0.483605604867814,-287.218650719635,
26.6366555143769));
#2724=CARTESIAN_POINT('Ctrl Pts',(-6.50466815574451,-287.046692263662,29.1607271061796));
#2725=CARTESIAN_POINT('Ctrl Pts',(-9.4294266255837,-286.867855469451,35.3993203000528));
#2726=CARTESIAN_POINT('Ctrl Pts',(-7.04117396264584,-286.682140337,42.1507372868659));
#2727=CARTESIAN_POINT('Ctrl Pts',(-0.598535066485844,-286.49642520455,45.2839509822358));
#2728=CARTESIAN_POINT('Ctrl Pts',(5.04684232950372,-286.341662594174,43.3715109622282));
#2729=CARTESIAN_POINT('Ctrl Pts',(7.80457720416431,-286.217852505874,39.8025605317195));
#2730=CARTESIAN_POINT('Ctrl Pts',(9.03911513688414,-286.094042417574,35.4652048127325));
#2731=CARTESIAN_POINT('Ctrl Pts',(7.23015813517695,-285.939279807198,29.7860579183381));
#2732=CARTESIAN_POINT('Ctrl Pts',(0.878065155144833,-285.753564674748,26.4626941092508));
#2733=CARTESIAN_POINT('Ctrl Pts',(-3.67819167153351,-285.629754586447,27.8530152796354));
#2734=CARTESIAN_POINT('Ctrl Pts',(-5.39221505795732,-285.567849542297,29.2512556991833));
#2735=CARTESIAN_POINT('Ctrl Pts',(-7.40771570094114,-295.834547759867,32.1186921599362));
#2736=CARTESIAN_POINT('Ctrl Pts',(-8.37819204485581,-295.772642715717,34.0395664930427));
#2737=CARTESIAN_POINT('Ctrl Pts',(-8.74614337771353,-295.648832627417,38.6614495686282));
#2738=CARTESIAN_POINT('Ctrl Pts',(-4.2639857570154,-295.463117494966,43.9976255533031));
#2739=CARTESIAN_POINT('Ctrl Pts',(2.67199451050789,-295.277402362516,44.6486217123578));
#2740=CARTESIAN_POINT('Ctrl Pts',(8.06983043740941,-295.091687230065,40.2459149270832));
#2741=CARTESIAN_POINT('Ctrl Pts',(8.82787907935516,-294.905972097615,33.3227482902257));
#2742=CARTESIAN_POINT('Ctrl Pts',(4.50259889350377,-294.720256965164,27.8541371509647));
#2743=CARTESIAN_POINT('Ctrl Pts',(-1.25075923536071,-294.565494354789,27.1480192667139));
#2744=CARTESIAN_POINT('Ctrl Pts',(-5.17863080036421,-294.441684266489,29.1104826299949));
#2745=CARTESIAN_POINT('Ctrl Pts',(-7.59769622073161,-294.338509192905,31.8471475033246));
#2746=CARTESIAN_POINT('Ctrl Pts',(-8.68076443807314,-294.225016611963,35.7838911906712));
#2747=CARTESIAN_POINT('Ctrl Pts',(-7.57776315556208,-294.101206523662,40.0943824880756));
#2748=CARTESIAN_POINT('Ctrl Pts',(-4.48179260033328,-293.977396435362,43.2965368716412));
#2749=CARTESIAN_POINT('Ctrl Pts',(-0.683811961738508,-293.867343023539,
44.3977384411993));
#2750=CARTESIAN_POINT('Ctrl Pts',(3.63870877061151,-293.743532935239,43.753940109014));
#2751=CARTESIAN_POINT('Ctrl Pts',(7.83731018627877,-293.599087832222,40.4690387335411));
#2752=CARTESIAN_POINT('Ctrl Pts',(8.76190465797597,-293.451203560086,34.9998156349706));
#2753=CARTESIAN_POINT('Ctrl Pts',(6.97533861670243,-293.327393471785,30.9930088936671));
#2754=CARTESIAN_POINT('Ctrl Pts',(3.82927785128466,-293.203583383485,27.9342796790852));
#2755=CARTESIAN_POINT('Ctrl Pts',(-1.87113561335231,-293.048820773109,26.8669588461134));
#2756=CARTESIAN_POINT('Ctrl Pts',(-7.64628266804502,-292.863105640659,30.7727563924197));
#2757=CARTESIAN_POINT('Ctrl Pts',(-9.01812831363781,-292.677390508208,37.5979771631492));
#2758=CARTESIAN_POINT('Ctrl Pts',(-5.20468959244574,-292.491675375758,43.4343541122755));
#2759=CARTESIAN_POINT('Ctrl Pts',(1.60329585333439,-292.305960243307,44.9017513407115));
#2760=CARTESIAN_POINT('Ctrl Pts',(7.4895491850186,-292.120245110857,41.1780956928446));
#2761=CARTESIAN_POINT('Ctrl Pts',(9.06656903880214,-291.934529978406,34.3926139112922));
#2762=CARTESIAN_POINT('Ctrl Pts',(5.42830176201718,-291.748814845956,28.4521729600054));
#2763=CARTESIAN_POINT('Ctrl Pts',(-1.33283396328096,-291.563099713505,26.7737142261185));
#2764=CARTESIAN_POINT('Ctrl Pts',(-7.32700394782909,-291.377384581055,30.3226957040354));
#2765=CARTESIAN_POINT('Ctrl Pts',(-9.10672515998553,-291.191669448604,37.0583334381768));
#2766=CARTESIAN_POINT('Ctrl Pts',(-5.6468985004039,-291.005954316154,43.1040377682924));
#2767=CARTESIAN_POINT('Ctrl Pts',(1.05954615097483,-290.820239183703,44.9861333740059));
#2768=CARTESIAN_POINT('Ctrl Pts',(6.93460665226611,-290.641402389491,41.7378114761255));
#2769=CARTESIAN_POINT('Ctrl Pts',(8.65122005155845,-290.496957286474,36.6940268748675));
#2770=CARTESIAN_POINT('Ctrl Pts',(7.83211098928234,-290.373147198174,32.4006898717319));
#2771=CARTESIAN_POINT('Ctrl Pts',(5.54144881262143,-290.263093786352,29.1781723093725));
#2772=CARTESIAN_POINT('Ctrl Pts',(1.49795423534015,-290.139283698051,27.3101307430129));
#2773=CARTESIAN_POINT('Ctrl Pts',(-2.93639275942279,-290.015473609751,27.6920752594497));
#2774=CARTESIAN_POINT('Ctrl Pts',(-6.19303641898666,-289.905420197928,29.9419155171072));
#2775=CARTESIAN_POINT('Ctrl Pts',(-7.91744562782581,-289.809123462584,32.8684393455569));
#2776=CARTESIAN_POINT('Ctrl Pts',(-8.6579814616287,-289.699070050761,36.6834052761999));
#2777=CARTESIAN_POINT('Ctrl Pts',(-7.01295015300799,-289.561503285983,41.4838700896041));
#2778=CARTESIAN_POINT('Ctrl Pts',(-1.81710267269372,-289.396423168249,44.6687820895427));
#2779=CARTESIAN_POINT('Ctrl Pts',(4.21485925805659,-289.231343050515,43.7995553532011));
#2780=CARTESIAN_POINT('Ctrl Pts',(8.31237823826616,-289.066262932782,39.2906829783299));
#2781=CARTESIAN_POINT('Ctrl Pts',(8.56420094494783,-288.914939491526,33.7112586230636));
#2782=CARTESIAN_POINT('Ctrl Pts',(5.92659028591485,-288.777372726747,29.5216452926534));
#2783=CARTESIAN_POINT('Ctrl Pts',(2.00852156892304,-288.653562638447,27.4153662172938));
#2784=CARTESIAN_POINT('Ctrl Pts',(-2.44381665925847,-288.529752550147,27.5314067263474));
#2785=CARTESIAN_POINT('Ctrl Pts',(-6.25064853190279,-288.405942461846,29.8378675702777));
#2786=CARTESIAN_POINT('Ctrl Pts',(-8.41466673407047,-288.282132373546,33.727804466129));
#2787=CARTESIAN_POINT('Ctrl Pts',(-8.36576041765245,-288.158322285245,38.1806188207485));
#2788=CARTESIAN_POINT('Ctrl Pts',(-6.11568211303234,-288.034512196945,42.0193661048234));
#2789=CARTESIAN_POINT('Ctrl Pts',(-1.83170540344151,-287.896945432167,44.4955740206695));
#2790=CARTESIAN_POINT('Ctrl Pts',(3.73582681505798,-287.745621990911,44.043549154787));
#2791=CARTESIAN_POINT('Ctrl Pts',(8.08813624625785,-287.580541873177,39.7781400329731));
#2792=CARTESIAN_POINT('Ctrl Pts',(8.73678201648387,-287.415461755444,33.7205826011682));
#2793=CARTESIAN_POINT('Ctrl Pts',(5.35879471695669,-287.25038163771,28.6416620804817));
#2794=CARTESIAN_POINT('Ctrl Pts',(-0.47065393018891,-287.085301519976,26.8864225089281));
#2795=CARTESIAN_POINT('Ctrl Pts',(-6.32865521684476,-286.913343064003,29.3422467400584));
#2796=CARTESIAN_POINT('Ctrl Pts',(-9.17412871335194,-286.734506269791,35.4119728972636));
#2797=CARTESIAN_POINT('Ctrl Pts',(-6.85043481396274,-286.548791137341,41.980556110147));
#2798=CARTESIAN_POINT('Ctrl Pts',(-0.582184351816233,-286.363076004891,
45.028837690295));
#2799=CARTESIAN_POINT('Ctrl Pts',(4.91031301014383,-286.208313394515,43.1680906798784));
#2800=CARTESIAN_POINT('Ctrl Pts',(7.59332626287277,-286.084503306215,39.6957283461225));
#2801=CARTESIAN_POINT('Ctrl Pts',(8.79437182619956,-285.960693217914,35.4757890330447));
#2802=CARTESIAN_POINT('Ctrl Pts',(7.03430547485379,-285.805930607539,29.9504348994137));
#2803=CARTESIAN_POINT('Ctrl Pts',(0.854146436909377,-285.620215475088,26.7171501915883));
#2804=CARTESIAN_POINT('Ctrl Pts',(-3.5787267205107,-285.496405386788,28.0698981237427));
#2805=CARTESIAN_POINT('Ctrl Pts',(-5.24632078160237,-285.434500342638,29.4303071008879));
#2806=CARTESIAN_POINT('Ctrl Pts',(-7.20163145954128,-295.701198358015,32.2229695625628));
#2807=CARTESIAN_POINT('Ctrl Pts',(-8.14506791956166,-295.639293313865,34.0904047582922));
#2808=CARTESIAN_POINT('Ctrl Pts',(-8.50270096248578,-295.515483225564,38.5836725839623));
#2809=CARTESIAN_POINT('Ctrl Pts',(-4.14518566787969,-295.329768093114,43.7712728739834));
#2810=CARTESIAN_POINT('Ctrl Pts',(2.59778559294198,-295.144052960663,44.4040345719647));
#2811=CARTESIAN_POINT('Ctrl Pts',(7.84533125409134,-294.958337828213,40.1237580399904));
#2812=CARTESIAN_POINT('Ctrl Pts',(8.58216650973079,-294.772622695762,33.3932420012259));
#2813=CARTESIAN_POINT('Ctrl Pts',(4.37716068278535,-294.586907563312,28.0768893995652));
#2814=CARTESIAN_POINT('Ctrl Pts',(-1.21610034421733,-294.432144952936,27.3905198282932));
#2815=CARTESIAN_POINT('Ctrl Pts',(-5.0346305239043,-294.308334864636,29.2984369993996));
#2816=CARTESIAN_POINT('Ctrl Pts',(-7.38632966738455,-294.205159791052,31.958984902081));
#2817=CARTESIAN_POINT('Ctrl Pts',(-8.43919040188841,-294.09166721011,35.7861921216049));
#2818=CARTESIAN_POINT('Ctrl Pts',(-7.3668109928589,-293.96785712181,39.9767088041075));
#2819=CARTESIAN_POINT('Ctrl Pts',(-4.35694313335652,-293.84404703351,43.089698362443));
#2820=CARTESIAN_POINT('Ctrl Pts',(-0.66463704422298,-293.733993621687,44.1601901807143));
#2821=CARTESIAN_POINT('Ctrl Pts',(3.53758212249582,-293.610183533387,43.5342344463367));
#2822=CARTESIAN_POINT('Ctrl Pts',(7.61928556229793,-293.46573843037,40.3406765332902));
#2823=CARTESIAN_POINT('Ctrl Pts',(8.51805661125849,-293.317854158233,35.023639678194));
#2824=CARTESIAN_POINT('Ctrl Pts',(6.78114040593578,-293.194044069933,31.1283680016485));
#2825=CARTESIAN_POINT('Ctrl Pts',(3.72257872876217,-293.070233981633,28.1548131118984));
#2826=CARTESIAN_POINT('Ctrl Pts',(-1.81921716773316,-292.915471371257,27.1172915396083));
#2827=CARTESIAN_POINT('Ctrl Pts',(-7.43358229134984,-292.729756238807,30.9144936448008));
#2828=CARTESIAN_POINT('Ctrl Pts',(-8.76713497632757,-292.544041106356,37.5497999789056));
#2829=CARTESIAN_POINT('Ctrl Pts',(-5.05972041725118,-292.358325973906,43.2236926120965));
#2830=CARTESIAN_POINT('Ctrl Pts',(1.55883185571461,-292.172610841455,44.650138087708));
#2831=CARTESIAN_POINT('Ctrl Pts',(7.28121439957855,-291.986895709005,41.0300071967094));
#2832=CARTESIAN_POINT('Ctrl Pts',(8.81423221461065,-291.801180576554,34.4333304728282));
#2833=CARTESIAN_POINT('Ctrl Pts',(5.27711251647442,-291.615465444103,28.6582668330339));
#2834=CARTESIAN_POINT('Ctrl Pts',(-1.29589739887521,-291.429750311653,27.0266326472522));
#2835=CARTESIAN_POINT('Ctrl Pts',(-7.1231963759617,-291.244035179202,30.4769521782033));
#2836=CARTESIAN_POINT('Ctrl Pts',(-8.85327545945001,-291.058320046752,37.0251754041837));
#2837=CARTESIAN_POINT('Ctrl Pts',(-5.4896287975108,-290.872604914301,42.9025761040841));
#2838=CARTESIAN_POINT('Ctrl Pts',(1.03021549648625,-290.686889781851,44.7321811203739));
#2839=CARTESIAN_POINT('Ctrl Pts',(6.74172478038559,-290.508052987639,41.5741561969511));
#2840=CARTESIAN_POINT('Ctrl Pts',(8.41048105211653,-290.363607884622,36.670704916611));
#2841=CARTESIAN_POINT('Ctrl Pts',(7.61409377422313,-290.239797796322,32.496860314104));
#2842=CARTESIAN_POINT('Ctrl Pts',(5.38712317089903,-290.129744384499,29.3640605588979));
#2843=CARTESIAN_POINT('Ctrl Pts',(1.45612245756549,-290.005934296199,27.5480731651183));
#2844=CARTESIAN_POINT('Ctrl Pts',(-2.8548154352533,-289.882124207899,27.919464068893));
#2845=CARTESIAN_POINT('Ctrl Pts',(-6.02079229328663,-289.772070796076,30.1067493575697));
#2846=CARTESIAN_POINT('Ctrl Pts',(-7.69716345168334,-289.675774060731,32.95186084738));
#2847=CARTESIAN_POINT('Ctrl Pts',(-8.41702614406041,-289.565720648909,36.6606734117442));
#2848=CARTESIAN_POINT('Ctrl Pts',(-6.81769242245565,-289.428153884131,41.3275190082335));
#2849=CARTESIAN_POINT('Ctrl Pts',(-1.76638501141288,-289.263073766397,44.4237102905155));
#2850=CARTESIAN_POINT('Ctrl Pts',(4.09769980259153,-289.097993648663,43.5785704680499));
#2851=CARTESIAN_POINT('Ctrl Pts',(8.08111298530954,-288.932913530929,39.1951049340937));
#2852=CARTESIAN_POINT('Ctrl Pts',(8.3258328348489,-288.781590089673,33.7709450395588));
#2853=CARTESIAN_POINT('Ctrl Pts',(5.76155245961891,-288.644023324895,29.6979685442536));
#2854=CARTESIAN_POINT('Ctrl Pts',(1.95248309928569,-288.520213236595,27.6503713749802));
#2855=CARTESIAN_POINT('Ctrl Pts',(-2.3759498757266,-288.396403148294,27.7632583689183));
#2856=CARTESIAN_POINT('Ctrl Pts',(-6.07680290049626,-288.272593059994,30.0055979213177));
#2857=CARTESIAN_POINT('Ctrl Pts',(-8.18053286395352,-288.148782971694,33.7873193182578));
#2858=CARTESIAN_POINT('Ctrl Pts',(-8.13291178975834,-288.024972883393,38.1162163119111));
#2859=CARTESIAN_POINT('Ctrl Pts',(-5.94538517476168,-287.901162795093,41.8480975394166));
#2860=CARTESIAN_POINT('Ctrl Pts',(-1.78058431160859,-287.763596030315,44.2553226442436));
#2861=CARTESIAN_POINT('Ctrl Pts',(3.63200241335283,-287.612272589059,43.8157823629458));
#2862=CARTESIAN_POINT('Ctrl Pts',(7.86311967559555,-287.447192471325,39.6690004532706));
#2863=CARTESIAN_POINT('Ctrl Pts',(8.49361133878455,-287.282112353591,33.7800066064661));
#2864=CARTESIAN_POINT('Ctrl Pts',(5.20954299370812,-287.117032235857,28.8424838792855));
#2865=CARTESIAN_POINT('Ctrl Pts',(-0.457708893360256,-286.951952118124,
27.1361897224596));
#2866=CARTESIAN_POINT('Ctrl Pts',(-6.15264718505726,-286.779993662151,29.5237709564028));
#2867=CARTESIAN_POINT('Ctrl Pts',(-8.91883126402526,-286.601156867939,35.4246322664611));
#2868=CARTESIAN_POINT('Ctrl Pts',(-6.65969124200861,-286.415441735489,41.8103800820447));
#2869=CARTESIAN_POINT('Ctrl Pts',(-0.565826871825339,-286.229726603038,
44.7737249597055));
#2870=CARTESIAN_POINT('Ctrl Pts',(4.7737891588533,-286.074963992663,42.9646668728586));
#2871=CARTESIAN_POINT('Ctrl Pts',(7.38207826323742,-285.951153904363,39.5888906047877));
#2872=CARTESIAN_POINT('Ctrl Pts',(8.54962835746675,-285.827343816062,35.4863667500138));
#2873=CARTESIAN_POINT('Ctrl Pts',(6.83844854759312,-285.672581205687,30.1148065993185));
#2874=CARTESIAN_POINT('Ctrl Pts',(0.830220974624876,-285.486866073236,26.9716055114219));
#2875=CARTESIAN_POINT('Ctrl Pts',(-3.47926757711883,-285.363055984936,28.2867835030126));
#2876=CARTESIAN_POINT('Ctrl Pts',(-5.10043133270624,-285.301150940786,29.6093622877792));
#2877=CARTESIAN_POINT('Ctrl Pts',(-3.11294965593841,-295.701198358169,44.0540654705404));
#2878=CARTESIAN_POINT('Ctrl Pts',(-3.31389648766549,-295.701198358166,43.9675956412454));
#2879=CARTESIAN_POINT('Ctrl Pts',(-3.51147618002723,-295.701198358168,43.8735158540702));
#2880=CARTESIAN_POINT('Ctrl Pts',(-3.70518786084822,-295.701198358175,43.7718032813719));
#2881=CARTESIAN_POINT('Ctrl Pts',(-3.82045363475302,-295.701198358179,43.7112804550858));
#2882=CARTESIAN_POINT('Ctrl Pts',(-3.93434933163889,-295.701198358184,43.6480542972735));
#2883=CARTESIAN_POINT('Ctrl Pts',(-4.0467638270395,-295.701198358191,43.582113186692));
#2884=CARTESIAN_POINT('Ctrl Pts',(-4.23023285260001,-295.701198358201,43.4744922677023));
#2885=CARTESIAN_POINT('Ctrl Pts',(-4.40975815395376,-295.701198358215,43.3596405396714));
#2886=CARTESIAN_POINT('Ctrl Pts',(-4.58503642694877,-295.701198358227,43.2378818017572));
#2887=CARTESIAN_POINT('Ctrl Pts',(-4.76480015426862,-295.701198358241,43.1130071998614));
#2888=CARTESIAN_POINT('Ctrl Pts',(-4.93942933039114,-295.701198358251,42.9813324257807));
#2889=CARTESIAN_POINT('Ctrl Pts',(-5.10868614925892,-295.701198358262,42.8433178470388));
#2890=CARTESIAN_POINT('Ctrl Pts',(-5.28248644329295,-295.701198358274,42.7015984496946));
#2891=CARTESIAN_POINT('Ctrl Pts',(-5.45062262698182,-295.701198358286,42.5531938926452));
#2892=CARTESIAN_POINT('Ctrl Pts',(-5.61280426682219,-295.7011983583,42.3985577996595));
#2893=CARTESIAN_POINT('Ctrl Pts',(-5.77425902063197,-295.701198358315,42.2446147741252));
#2894=CARTESIAN_POINT('Ctrl Pts',(-5.92981287023903,-295.701198358332,42.0844953091504));
#2895=CARTESIAN_POINT('Ctrl Pts',(-6.07914027153168,-295.701198358351,41.9186114548924));
#2896=CARTESIAN_POINT('Ctrl Pts',(-6.22947610397382,-295.70119835837,41.7516073611848));
#2897=CARTESIAN_POINT('Ctrl Pts',(-6.3735015845471,-295.701198358391,41.5787601822406));
#2898=CARTESIAN_POINT('Ctrl Pts',(-6.51083833595275,-295.701198358411,41.40046334275));
#2899=CARTESIAN_POINT('Ctrl Pts',(-6.6481750873584,-295.701198358431,41.2221665032594));
#2900=CARTESIAN_POINT('Ctrl Pts',(-6.77882354825953,-295.70119835845,41.0384193959349));
#2901=CARTESIAN_POINT('Ctrl Pts',(-6.90235249889195,-295.701198358463,40.8495974581821));
#2902=CARTESIAN_POINT('Ctrl Pts',(-7.02493136356771,-295.701198358476,40.6622277878568));
#2903=CARTESIAN_POINT('Ctrl Pts',(-7.14002601370115,-295.701198358482,40.4705855402308));
#2904=CARTESIAN_POINT('Ctrl Pts',(-7.24734376806005,-295.701198358487,40.2751056232547));
#2905=CARTESIAN_POINT('Ctrl Pts',(-7.35257587470554,-295.701198358491,40.0834247257819));
#2906=CARTESIAN_POINT('Ctrl Pts',(-7.45033066292759,-295.701198358494,39.888053190703));
#2907=CARTESIAN_POINT('Ctrl Pts',(-7.54028751444521,-295.701198358497,39.6893752163386));
#2908=CARTESIAN_POINT('Ctrl Pts',(-7.63291871565972,-295.7011983585,39.4847906948735));
#2909=CARTESIAN_POINT('Ctrl Pts',(-7.7172821193084,-295.701198358504,39.2766996778329));
#2910=CARTESIAN_POINT('Ctrl Pts',(-7.79297230716643,-295.701198358509,39.0655029745494));
#2911=CARTESIAN_POINT('Ctrl Pts',(-7.86426520723226,-295.701198358513,38.8665759288184));
#2912=CARTESIAN_POINT('Ctrl Pts',(-7.92786321434342,-295.701198358517,38.6648929660063));
#2913=CARTESIAN_POINT('Ctrl Pts',(-7.98337675041951,-295.70119835852,38.4607813520143));
#2914=CARTESIAN_POINT('Ctrl Pts',(-7.98680077994088,-295.70119835852,38.4481919145299));
#2915=CARTESIAN_POINT('Ctrl Pts',(-7.99019403700172,-295.70119835852,38.4355932367249));
#2916=CARTESIAN_POINT('Ctrl Pts',(-7.99355642359227,-295.701198358521,38.4229853951235));
#2917=CARTESIAN_POINT('Ctrl Pts',(-8.0456921917139,-295.701198358523,38.2274934466086));
#2918=CARTESIAN_POINT('Ctrl Pts',(-8.09040909018892,-295.701198358523,38.0297978539457));
#2919=CARTESIAN_POINT('Ctrl Pts',(-8.12771512039206,-295.701198358517,37.8303016224765));
#2920=CARTESIAN_POINT('Ctrl Pts',(-8.1667912208892,-295.701198358511,37.6213398340674));
#2921=CARTESIAN_POINT('Ctrl Pts',(-8.1975910640478,-295.701198358497,37.4111867532383));
#2922=CARTESIAN_POINT('Ctrl Pts',(-8.22026438064749,-295.701198358482,37.2003207088189));
#2923=CARTESIAN_POINT('Ctrl Pts',(-8.24337562737368,-295.701198358466,36.9853818331003));
#2924=CARTESIAN_POINT('Ctrl Pts',(-8.25804341814739,-295.701198358448,36.7697015141245));
#2925=CARTESIAN_POINT('Ctrl Pts',(-8.26437269872926,-295.701198358432,36.5537782844937));
#2926=CARTESIAN_POINT('Ctrl Pts',(-8.27071618444656,-295.701198358416,36.3373704470656));
#2927=CARTESIAN_POINT('Ctrl Pts',(-8.26868357439058,-295.701198358401,36.120717895859));
#2928=CARTESIAN_POINT('Ctrl Pts',(-8.25832805783512,-295.701198358388,35.9043250296468));
#2929=CARTESIAN_POINT('Ctrl Pts',(-8.24807728373271,-295.701198358374,35.6901209021141));
#2930=CARTESIAN_POINT('Ctrl Pts',(-8.22967091734828,-295.701198358363,35.4761705716487));
#2931=CARTESIAN_POINT('Ctrl Pts',(-8.20311171021245,-295.701198358351,35.2629759397808));
#2932=CARTESIAN_POINT('Ctrl Pts',(-8.17672241818214,-295.70119835834,35.0511452412632));
#2933=CARTESIAN_POINT('Ctrl Pts',(-8.1422841162061,-295.701198358328,34.8400599677818));
#2934=CARTESIAN_POINT('Ctrl Pts',(-8.09975361726162,-295.70119835831,34.6302346382954));
#2935=CARTESIAN_POINT('Ctrl Pts',(-8.05685039468155,-295.701198358292,34.4185704669994));
#2936=CARTESIAN_POINT('Ctrl Pts',(-8.00587918392381,-295.701198358267,34.2090091907332));
#2937=CARTESIAN_POINT('Ctrl Pts',(-7.9469312469629,-295.701198358243,34.002038261071));
#2938=CARTESIAN_POINT('Ctrl Pts',(-7.88874720733672,-295.701198358218,33.7977494361556));
#2939=CARTESIAN_POINT('Ctrl Pts',(-7.822791585128,-295.701198358194,33.5959836022681));
#2940=CARTESIAN_POINT('Ctrl Pts',(-7.74910233640779,-295.701198358174,33.3972225360248));
#2941=CARTESIAN_POINT('Ctrl Pts',(-7.67396189021855,-295.701198358155,33.1945471734455));
#2942=CARTESIAN_POINT('Ctrl Pts',(-7.59078023799459,-295.70119835814,32.9949953038853));
#2943=CARTESIAN_POINT('Ctrl Pts',(-7.49954686378078,-295.701198358131,32.7991023896951));
#2944=CARTESIAN_POINT('Ctrl Pts',(-7.40831348956697,-295.701198358123,32.6032094755049));
#2945=CARTESIAN_POINT('Ctrl Pts',(-7.30902826210949,-295.701198358121,32.4109747871923));
#2946=CARTESIAN_POINT('Ctrl Pts',(-7.20163145971513,-295.701198358124,32.2229695624851));
#2947=CARTESIAN_POINT('Origin',(1.11138276889627E-14,-301.120437173712,
35.8612653953169));
#2948=CARTESIAN_POINT('',(-5.56152236891503,-301.701198358169,35.8612653953169));
#2949=CARTESIAN_POINT('',(-4.98076118445748,-301.120437173712,35.8612653953169));
#2950=CARTESIAN_POINT('Origin',(1.11138276889627E-14,-301.701198358169,
35.8612653953169));
#2951=CARTESIAN_POINT('Origin',(-16.8911649915626,-300.701198358169,33.9407068234924));
#2952=CARTESIAN_POINT('',(-16.8911649915626,-299.701198358169,33.9407068234924));
#2953=CARTESIAN_POINT('',(-10.1088350084374,-299.701198358169,22.1933666990216));
#2954=CARTESIAN_POINT('Ctrl Pts',(-10.1088350084384,-299.70119835817,22.1933666990234));
#2955=CARTESIAN_POINT('Ctrl Pts',(-13.4999999999999,-302.40708071111,28.0670367612568));
#2956=CARTESIAN_POINT('Ctrl Pts',(-16.8911649915614,-299.70119835817,33.9407068234902));
#2957=CARTESIAN_POINT('',(-16.8911649915626,-295.701198358169,33.9407068234924));
#2958=CARTESIAN_POINT('',(-16.8911649915626,-118.701330961407,33.9407068234924));
#2959=CARTESIAN_POINT('',(-10.1088350084374,-295.701198358169,22.1933666990216));
#2960=CARTESIAN_POINT('',(-15.1955824957813,-295.701198358169,31.0038717923747));
#2961=CARTESIAN_POINT('',(-10.1088350084374,-118.701330961407,22.1933666990217));
#2962=CARTESIAN_POINT('Origin',(-6.78232998312527,-300.701198358169,20.2728081271971));
#2963=CARTESIAN_POINT('',(-6.78232998312527,-299.701198358169,20.2728081271971));
#2964=CARTESIAN_POINT('',(1.4128693922975E-14,-301.112741090049,20.272808127197));
#2965=CARTESIAN_POINT('Ctrl Pts',(1.37912074459953E-14,-301.112741090049,
20.272808127197));
#2966=CARTESIAN_POINT('Ctrl Pts',(-3.2442794161859,-301.112741090049,20.2728081271971));
#2967=CARTESIAN_POINT('Ctrl Pts',(-6.78232998312378,-299.70119835817,20.2728081271971));
#2968=CARTESIAN_POINT('',(-6.78232998312527,-295.701198358169,20.2728081271971));
#2969=CARTESIAN_POINT('',(-6.78232998312523,-118.701330961407,20.2728081271971));
#2970=CARTESIAN_POINT('',(6.78232998312526,-295.701198358169,20.272808127197));
#2971=CARTESIAN_POINT('',(-3.39116499156263,-295.701198358169,20.2728081271971));
#2972=CARTESIAN_POINT('',(6.78232998312526,-299.701198358169,20.272808127197));
#2973=CARTESIAN_POINT('',(6.78232998312523,-118.701330961407,20.272808127197));
#2974=CARTESIAN_POINT('Ctrl Pts',(6.7823299831234,-299.70119835817,20.272808127197));
#2975=CARTESIAN_POINT('Ctrl Pts',(3.24427941618574,-301.112741090049,20.272808127197));
#2976=CARTESIAN_POINT('Ctrl Pts',(1.37912074459953E-14,-301.112741090049,
20.272808127197));
#2977=CARTESIAN_POINT('Origin',(1.132199450608E-14,-118.701330961407,35.861265395317));
#2978=CARTESIAN_POINT('',(10.1088350084374,-295.701198358169,22.1933666990216));
#2979=CARTESIAN_POINT('Origin',(1.13219945060799E-14,-295.701198358169,
35.861265395317));
#2980=CARTESIAN_POINT('',(10.1088350084374,-299.701198358169,22.1933666990216));
#2981=CARTESIAN_POINT('',(10.1088350084374,-118.701330961407,22.1933666990216));
#2982=CARTESIAN_POINT('Origin',(1.11832166280018E-14,-299.701198358169,
35.861265395317));
#2983=CARTESIAN_POINT('Origin',(10.1088350084374,-300.701198358169,22.1933666990216));
#2984=CARTESIAN_POINT('',(16.8911649915627,-299.701198358169,33.9407068234924));
#2985=CARTESIAN_POINT('Ctrl Pts',(16.8911649915617,-299.70119835817,33.9407068234906));
#2986=CARTESIAN_POINT('Ctrl Pts',(13.5,-302.40708071111,28.067036761257));
#2987=CARTESIAN_POINT('Ctrl Pts',(10.1088350084384,-299.70119835817,22.1933666990233));
#2988=CARTESIAN_POINT('',(16.8911649915627,-295.701198358169,33.9407068234924));
#2989=CARTESIAN_POINT('',(11.8044175042187,-295.701198358169,25.1302017301393));
#2990=CARTESIAN_POINT('',(16.8911649915626,-118.701330961407,33.9407068234924));
#2991=CARTESIAN_POINT('Origin',(1.132199450608E-14,-118.701330961407,35.861265395317));
#2992=CARTESIAN_POINT('',(16.8911649915627,-295.701198358169,37.7818239671415));
#2993=CARTESIAN_POINT('Origin',(1.13219945060799E-14,-295.701198358169,
35.861265395317));
#2994=CARTESIAN_POINT('',(16.8911649915627,-299.701198358169,37.7818239671415));
#2995=CARTESIAN_POINT('',(16.8911649915626,-118.701330961407,37.7818239671415));
#2996=CARTESIAN_POINT('Origin',(1.11832166280018E-14,-299.701198358169,
35.861265395317));
#2997=CARTESIAN_POINT('Origin',(1.132199450608E-14,-118.701330961407,35.861265395317));
#2998=CARTESIAN_POINT('',(6.78232998312528,-295.701198358169,51.4497226634368));
#2999=CARTESIAN_POINT('',(6.78232998312528,-299.701198358169,51.4497226634368));
#3000=CARTESIAN_POINT('',(6.78232998312535,-118.701330961407,51.4497226634368));
#3001=CARTESIAN_POINT('',(10.1088350084374,-299.701198358169,49.5291640916123));
#3002=CARTESIAN_POINT('Origin',(1.11832166280018E-14,-299.701198358169,
35.861265395317));
#3003=CARTESIAN_POINT('',(10.1088350084374,-295.701198358169,49.5291640916123));
#3004=CARTESIAN_POINT('',(10.1088350084374,-118.701330961407,49.5291640916123));
#3005=CARTESIAN_POINT('Origin',(1.13219945060799E-14,-295.701198358169,
35.861265395317));
#3006=CARTESIAN_POINT('Origin',(6.78232998312528,-300.701198358169,51.4497226634368));
#3007=CARTESIAN_POINT('',(-6.78232998312525,-299.701198358169,51.4497226634368));
#3008=CARTESIAN_POINT('Ctrl Pts',(-6.78232998312331,-299.70119835817,51.4497226634368));
#3009=CARTESIAN_POINT('Ctrl Pts',(1.76966786525362E-13,-302.40708071111,
51.4497226634368));
#3010=CARTESIAN_POINT('Ctrl Pts',(6.78232998312378,-299.70119835817,51.4497226634368));
#3011=CARTESIAN_POINT('',(-6.78232998312526,-295.701198358169,51.4497226634368));
#3012=CARTESIAN_POINT('',(3.39116499156265,-295.701198358169,51.4497226634368));
#3013=CARTESIAN_POINT('',(-6.78232998312531,-118.701330961407,51.4497226634368));
#3014=CARTESIAN_POINT('Origin',(1.132199450608E-14,-118.701330961407,35.861265395317));
#3015=CARTESIAN_POINT('',(-10.1088350084373,-295.701198358169,49.5291640916123));
#3016=CARTESIAN_POINT('Origin',(1.13219945060799E-14,-295.701198358169,
35.861265395317));
#3017=CARTESIAN_POINT('',(-10.1088350084373,-299.701198358169,49.5291640916123));
#3018=CARTESIAN_POINT('',(-10.1088350084373,-118.701330961407,49.5291640916123));
#3019=CARTESIAN_POINT('Origin',(1.11832166280018E-14,-299.701198358169,
35.861265395317));
#3020=CARTESIAN_POINT('Origin',(-10.1088350084373,-300.701198358169,49.5291640916123));
#3021=CARTESIAN_POINT('',(-16.8911649915626,-299.701198358169,37.7818239671415));
#3022=CARTESIAN_POINT('Ctrl Pts',(-16.8911649915616,-299.70119835817,37.7818239671433));
#3023=CARTESIAN_POINT('Ctrl Pts',(-13.5,-302.40708071111,43.6554940293768));
#3024=CARTESIAN_POINT('Ctrl Pts',(-10.1088350084385,-299.70119835817,49.5291640916102));
#3025=CARTESIAN_POINT('',(-16.8911649915626,-295.701198358169,37.7818239671415));
#3026=CARTESIAN_POINT('',(-11.8044175042187,-295.701198358169,46.5923290604945));
#3027=CARTESIAN_POINT('',(-16.8911649915626,-118.701330961407,37.7818239671415));
#3028=CARTESIAN_POINT('Origin',(1.132199450608E-14,-118.701330961407,35.861265395317));
#3029=CARTESIAN_POINT('Origin',(1.11832166280018E-14,-299.701198358169,
35.861265395317));
#3030=CARTESIAN_POINT('Origin',(1.13219945060799E-14,-295.701198358169,
35.861265395317));
#3031=CARTESIAN_POINT('Origin',(16.8911649915627,-300.701198358169,37.7818239671415));
#3032=CARTESIAN_POINT('',(15.1955824957813,-295.701198358169,40.7186589982592));
#3033=CARTESIAN_POINT('Ctrl Pts',(10.1088350084384,-299.70119835817,49.5291640916105));
#3034=CARTESIAN_POINT('Ctrl Pts',(13.5,-302.40708071111,43.6554940293769));
#3035=CARTESIAN_POINT('Ctrl Pts',(16.8911649915616,-299.70119835817,37.7818239671434));
#3036=CARTESIAN_POINT('Origin',(1.55469436150934E-14,-301.701198358169,
35.8612653953169));
#3037=CARTESIAN_POINT('',(1.43422499904631E-14,-301.701198358169,20.861265395317));
#3038=CARTESIAN_POINT('Origin',(1.11832166280018E-14,-301.701198358169,
35.861265395317));
#3039=CARTESIAN_POINT('',(9.86152236891506,-301.701198358169,37.5933162028858));
#3040=CARTESIAN_POINT('Origin',(10.8615223689151,-301.701198358169,35.8612653953169));
#3041=CARTESIAN_POINT('',(6.43076118445753,-301.701198358169,28.1869619076324));
#3042=CARTESIAN_POINT('Origin',(5.43076118445753,-301.701198358169,26.4549111000636));
#3043=CARTESIAN_POINT('',(-3.43076118445751,-301.701198358169,26.4549111000636));
#3044=CARTESIAN_POINT('Origin',(-5.43076118445751,-301.701198358169,26.4549111000636));
#3045=CARTESIAN_POINT('',(-9.86152236891503,-301.701198358169,34.1292145877481));
#3046=CARTESIAN_POINT('Origin',(-10.861522368915,-301.701198358169,35.8612653953169));
#3047=CARTESIAN_POINT('',(-6.4307611844575,-301.701198358169,43.5355688830014));
#3048=CARTESIAN_POINT('Origin',(-5.4307611844575,-301.701198358169,45.2676196905703));
#3049=CARTESIAN_POINT('Origin',(1.11832166280018E-14,-300.701198358169,
35.861265395317));
#3050=CARTESIAN_POINT('Origin',(1.11832166280018E-14,-299.701198358169,
35.861265395317));
#3051=CARTESIAN_POINT('',(1.45528522146272E-14,-300.701198358169,19.861265395317));
#3052=CARTESIAN_POINT('Origin',(1.132199450608E-14,-118.701330961407,35.861265395317));
#3053=CARTESIAN_POINT('Origin',(1.13219945060799E-14,-295.701198358169,
35.861265395317));
#3054=CARTESIAN_POINT('Origin',(1.12908898164843E-14,-295.701198358169,
35.8612653953169));
#3055=CARTESIAN_POINT('',(9.86152236891506,-295.701198358169,37.5933162028858));
#3056=CARTESIAN_POINT('Origin',(10.8615223689151,-295.701198358169,35.8612653953169));
#3057=CARTESIAN_POINT('',(6.43076118445753,-295.701198358169,28.1869619076324));
#3058=CARTESIAN_POINT('Origin',(5.43076118445753,-295.701198358169,26.4549111000636));
#3059=CARTESIAN_POINT('',(-3.43076118445751,-295.701198358169,26.4549111000636));
#3060=CARTESIAN_POINT('Origin',(-5.43076118445751,-295.701198358169,26.4549111000636));
#3061=CARTESIAN_POINT('',(-9.86152236891503,-295.701198358169,34.1292145877481));
#3062=CARTESIAN_POINT('Origin',(-10.861522368915,-295.701198358169,35.8612653953169));
#3063=CARTESIAN_POINT('',(-6.4307611844575,-295.701198358169,43.5355688830014));
#3064=CARTESIAN_POINT('Origin',(-5.4307611844575,-295.701198358169,45.2676196905703));
#3065=CARTESIAN_POINT('Origin',(-5.4307611844575,-301.701198358169,45.2676196905703));
#3066=CARTESIAN_POINT('',(-6.4307611844575,-301.701198358169,43.5355688830014));
#3067=CARTESIAN_POINT('Origin',(-10.861522368915,-301.701198358169,35.8612653953169));
#3068=CARTESIAN_POINT('',(-9.86152236891503,-301.701198358169,34.1292145877481));
#3069=CARTESIAN_POINT('Origin',(-5.43076118445751,-301.701198358169,26.4549111000636));
#3070=CARTESIAN_POINT('',(-3.43076118445751,-301.701198358169,26.4549111000636));
#3071=CARTESIAN_POINT('Origin',(5.43076118445753,-301.701198358169,26.4549111000636));
#3072=CARTESIAN_POINT('',(6.43076118445753,-301.701198358169,28.1869619076324));
#3073=CARTESIAN_POINT('Origin',(10.8615223689151,-301.701198358169,35.8612653953169));
#3074=CARTESIAN_POINT('',(9.86152236891506,-301.701198358169,37.5933162028858));
#3075=UNCERTAINTY_MEASURE_WITH_UNIT(LENGTH_MEASURE(0.01),#3079,
'DISTANCE_ACCURACY_VALUE',
'Maximum model space distance between geometric entities at asserted c
onnectivities');
#3076=UNCERTAINTY_MEASURE_WITH_UNIT(LENGTH_MEASURE(0.01),#3079,
'DISTANCE_ACCURACY_VALUE',
'Maximum model space distance between geometric entities at asserted c
onnectivities');
#3077=(
GEOMETRIC_REPRESENTATION_CONTEXT(3)
GLOBAL_UNCERTAINTY_ASSIGNED_CONTEXT((#3075))
GLOBAL_UNIT_ASSIGNED_CONTEXT((#3079,#3081,#3082))
REPRESENTATION_CONTEXT('','3D')
);
#3078=(
GEOMETRIC_REPRESENTATION_CONTEXT(3)
GLOBAL_UNCERTAINTY_ASSIGNED_CONTEXT((#3076))
GLOBAL_UNIT_ASSIGNED_CONTEXT((#3079,#3081,#3082))
REPRESENTATION_CONTEXT('','3D')
);
#3079=(
LENGTH_UNIT()
NAMED_UNIT(*)
SI_UNIT(.MILLI.,.METRE.)
);
#3080=(
LENGTH_UNIT()
NAMED_UNIT(*)
SI_UNIT($,.METRE.)
);
#3081=(
NAMED_UNIT(*)
PLANE_ANGLE_UNIT()
SI_UNIT($,.RADIAN.)
);
#3082=(
NAMED_UNIT(*)
SI_UNIT($,.STERADIAN.)
SOLID_ANGLE_UNIT()
);
#3083=SHAPE_DEFINITION_REPRESENTATION(#3084,#3085);
#3084=PRODUCT_DEFINITION_SHAPE('',$,#3087);
#3085=SHAPE_REPRESENTATION('',(#755),#3077);
#3086=PRODUCT_DEFINITION_CONTEXT('part definition',#3091,'design');
#3087=PRODUCT_DEFINITION('7. Suppressor End Cap',
'7. Suppressor End Cap',#3088,#3086);
#3088=PRODUCT_DEFINITION_FORMATION('',$,#3093);
#3089=PRODUCT_RELATED_PRODUCT_CATEGORY('7. Suppressor End Cap',
'7. Suppressor End Cap',(#3093));
#3090=APPLICATION_PROTOCOL_DEFINITION('international standard',
'automotive_design',2009,#3091);
#3091=APPLICATION_CONTEXT(
'Core Data for Automotive Mechanical Design Process');
#3092=PRODUCT_CONTEXT('part definition',#3091,'mechanical');
#3093=PRODUCT('7. Suppressor End Cap','7. Suppressor End Cap',$,(#3092));
#3094=PRESENTATION_STYLE_ASSIGNMENT((#3096));
#3095=PRESENTATION_STYLE_ASSIGNMENT((#3097));
#3096=SURFACE_STYLE_USAGE(.BOTH.,#3098);
#3097=SURFACE_STYLE_USAGE(.BOTH.,#3099);
#3098=SURFACE_SIDE_STYLE('',(#3100));
#3099=SURFACE_SIDE_STYLE('',(#3101));
#3100=SURFACE_STYLE_FILL_AREA(#3102);
#3101=SURFACE_STYLE_FILL_AREA(#3103);
#3102=FILL_AREA_STYLE('Steel - Satin',(#3104));
#3103=FILL_AREA_STYLE('Plastic - Matte (Black) (1)',(#3105));
#3104=FILL_AREA_STYLE_COLOUR('Steel - Satin',#3106);
#3105=FILL_AREA_STYLE_COLOUR('Plastic - Matte (Black) (1)',#3107);
#3106=COLOUR_RGB('Steel - Satin',0.627450980392157,0.627450980392157,0.627450980392157);
#3107=COLOUR_RGB('Plastic - Matte (Black) (1)',0.0980392156862745,0.0980392156862745,
0.0980392156862745);
ENDSEC;
END-ISO-10303-21;
